geoid,tract_name,borough,B01001_E001,B01001_M001,B01001_E002,B01001_M002,B01001_E003,B01001_M003,B01001_E004,B01001_M004,B01001_E005,B01001_M005,B01001_E006,B01001_M006,B01001_E007,B01001_M007,B01001_E008,B01001_M008,B01001_E009,B01001_M009,B01001_E010,B01001_M010,B01001_E011,B01001_M011,B01001_E012,B01001_M012,B01001_E013,B01001_M013,B01001_E014,B01001_M014,B01001_E015,B01001_M015,B01001_E016,B01001_M016,B01001_E017,B01001_M017,B01001_E018,B01001_M018,B01001_E019,B01001_M019,B01001_E020,B01001_M020,B01001_E021,B01001_M021,B01001_E022,B01001_M022,B01001_E023,B01001_M023,B01001_E024,B01001_M024,B01001_E025,B01001_M025,B01001_E026,B01001_M026,B01001_E027,B01001_M027,B01001_E028,B01001_M028,B01001_E029,B01001_M029,B01001_E030,B01001_M030,B01001_E031,B01001_M031,B01001_E032,B01001_M032,B01001_E033,B01001_M033,B01001_E034,B01001_M034,B01001_E035,B01001_M035,B01001_E036,B01001_M036,B01001_E037,B01001_M037,B01001_E038,B01001_M038,B01001_E039,B01001_M039,B01001_E040,B01001_M040,B01001_E041,B01001_M041,B01001_E042,B01001_M042,B01001_E043,B01001_M043,B01001_E044,B01001_M044,B01001_E045,B01001_M045,B01001_E046,B01001_M046,B01001_E047,B01001_M047,B01001_E048,B01001_M048,B01001_E049,B01001_M049
1400000US36005000100,"Census Tract 1, Bronx County, New York",Bronx,2950,1354,2506,1115,0,14,0,14,0,14,0,14,47,50,19,38,40,70,147,87,462,259,493,224,369,161,286,146,208,102,192,219,88,70,35,26,29,31,11,21,35,32,5,26,9,19,31,153,0,14,444,440,0,14,0,14,0,14,0,14,0,14,0,14,12,78,35,75,30,33,144,117,64,149,77,85,43,43,0,14,27,35,0,14,12,77,0,14,0,14,0,14,0,14,0,14,0,14
1400000US36005000200,"Census Tract 2, Bronx County, New York",Bronx,5061,683,2478,480,61,57,97,92,157,110,128,72,52,58,0,19,156,136,155,98,201,116,239,226,127,119,211,139,178,130,90,83,93,86,25,39,291,122,25,37,124,87,20,31,48,54,0,19,0,19,2583,366,214,146,18,29,193,136,32,50,153,141,7,14,37,57,92,75,184,128,165,120,140,75,256,123,83,47,190,122,32,41,82,79,169,83,65,19,165,82,56,64,38,61,85,76,127,131
1400000US36005000400,"Census Tract 4, Bronx County, New York",Bronx,6649,974,3296,611,113,130,32,54,297,278,79,67,37,61,45,81,19,29,97,158,478,219,372,199,186,139,153,111,141,164,322,163,174,109,105,113,138,114,32,52,321,307,81,88,39,49,0,19,35,40,3353,630,196,214,254,155,262,106,173,192,34,32,12,23,0,19,195,107,266,194,381,156,124,89,160,152,177,90,165,106,269,145,37,51,221,139,48,69,205,158,33,39,67,82,0,19,74,77
1400000US36005001600,"Census Tract 16, Bronx County, New York",Bronx,5611,602,2500,358,181,122,111,98,125,90,142,110,44,42,75,106,80,94,115,94,265,213,28,44,27,42,86,77,182,147,202,147,75,68,131,88,209,135,7,15,128,160,160,134,41,53,12,20,74,115,3111,463,48,74,51,50,286,175,113,108,55,57,78,110,78,74,149,121,112,104,115,101,70,55,288,118,191,137,261,129,276,163,98,91,49,51,63,52,215,138,170,109,222,132,96,98,27,25
1400000US36005001901,"Census Tract 19.01, Bronx County, New York",Bronx,2260,308,1222,181,59,44,21,28,76,44,77,56,14,22,0,14,51,46,0,14,197,132,183,88,74,62,151,102,96,72,84,68,70,69,16,24,17,25,0,14,33,49,0,14,0,14,3,5,0,14,1038,279,110,99,43,41,79,63,18,25,0,14,1,3,0,14,56,85,23,32,108,63,187,86,53,62,146,109,121,105,20,31,21,26,15,26,0,14,0,14,37,40,0,14,0,14,0,14
1400000US36005001902,"Census Tract 19.02, Bronx County, New York",Bronx,2079,359,1168,232,82,45,27,42,23,34,0,14,0,14,0,14,118,28,29,37,49,46,122,82,82,72,162,55,96,65,54,44,240,99,45,60,5,12,13,20,5,12,11,17,0,14,0,14,5,12,911,251,39,41,56,90,11,17,0,14,22,29,8,16,0,14,114,79,148,106,79,75,53,42,32,28,65,68,155,69,41,31,11,17,45,48,0,14,22,30,0,14,0,14,0,14,10,15
1400000US36005001903,"Census Tract 19.03, Bronx County, New York",Bronx,0,14,0,14,0,14,0,14,0,14,0,14,0,14,0,14,0,14,0,14,0,14,0,14,0,14,0,14,0,14,0,14,0,14,0,14,0,14,0,14,0,14,0,14,0,14,0,14,0,14,0,14,0,14,0,14,0,14,0,14,0,14,0,14,0,14,0,14,0,14,0,14,0,14,0,14,0,14,0,14,0,14,0,14,0,14,0,14,0,14,0,14,0,14,0,14,0,14
1400000US36005001904,"Census Tract 19.04, Bronx County, New York",Bronx,0,14,0,14,0,14,0,14,0,14,0,14,0,14,0,14,0,14,0,14,0,14,0,14,0,14,0,14,0,14,0,14,0,14,0,14,0,14,0,14,0,14,0,14,0,14,0,14,0,14,0,14,0,14,0,14,0,14,0,14,0,14,0,14,0,14,0,14,0,14,0,14,0,14,0,14,0,14,0,14,0,14,0,14,0,14,0,14,0,14,0,14,0,14,0,14,0,14
1400000US36005002001,"Census Tract 20.01, Bronx County, New York",Bronx,4199,805,1516,435,181,163,134,80,116,99,68,67,56,60,0,14,0,14,95,100,40,53,153,138,74,79,51,62,102,87,19,36,129,103,12,22,109,124,27,41,0,14,14,23,80,74,44,58,12,18,2683,615,25,50,402,287,22,36,230,124,143,104,26,38,0,14,233,189,130,142,135,95,146,74,134,142,103,108,124,81,233,98,3,15,123,82,0,14,91,65,48,46,193,153,76,90,63,59
1400000US36005002002,"Census Tract 20.02, Bronx County, New York",Bronx,3609,807,1979,648,104,143,22,37,39,64,70,92,0,14,0,14,0,14,146,216,88,136,299,300,68,85,172,251,148,198,139,161,31,61,19,31,51,63,215,312,0,14,20,35,19,31,287,187,42,51,1630,408,135,129,0,14,63,76,49,63,0,14,0,14,0,14,0,14,37,44,240,251,0,14,150,117,54,74,216,165,106,177,0,14,0,14,23,39,16,27,147,170,248,156,146,155,0,14
1400000US36005002300,"Census Tract 23, Bronx County, New York",Bronx,4567,632,2490,470,317,142,338,126,241,134,111,66,101,57,44,44,0,14,329,219,63,94,293,175,0,14,40,64,57,62,133,130,177,177,89,87,17,29,21,36,37,42,22,35,37,41,1,3,22,34,2077,416,73,123,46,63,175,132,91,87,82,99,0,14,32,40,0,14,124,95,123,82,178,90,128,103,162,124,183,124,101,83,15,20,143,85,52,55,19,31,150,140,87,72,72,72,41,49
1400000US36005002400,"Census Tract 24, Bronx County, New York",Bronx,105,9,28,18,0,14,0,14,0,14,0,14,14,31,0,14,0,14,0,14,0,14,0,14,0,14,0,14,14,28,0,14,0,14,0,14,0,14,0,14,0,14,0,14,0,14,0,14,0,14,77,20,0,14,0,14,0,14,10,26,0,14,0,14,0,14,14,27,0,14,13,31,11,26,15,28,0,14,0,14,0,14,14,31,0,14,0,14,0,14,0,14,0,14,0,14,0,14
1400000US36005002500,"Census Tract 25, Bronx County, New York",Bronx,5117,609,2219,505,77,64,84,67,172,109,97,91,73,73,64,68,98,65,290,286,129,106,105,79,159,129,199,131,322,147,147,118,36,55,0,19,10,18,0,19,65,58,34,37,58,52,0,19,0,19,2898,339,75,76,253,134,501,151,33,41,39,45,78,91,55,78,223,117,55,87,233,162,112,91,217,130,210,125,166,104,115,80,53,71,114,80,75,67,21,24,80,65,146,93,0,19,44,70
1400000US36005002701,"Census Tract 27.01, Bronx County, New York",Bronx,3111,536,1513,389,106,107,126,99,187,78,163,98,50,57,0,14,32,40,10,23,37,50,213,168,136,123,81,67,0,14,17,27,74,68,0,14,52,56,67,89,58,48,0,14,25,35,25,29,54,80,1598,355,151,131,291,188,60,60,72,76,55,82,11,23,0,14,16,25,0,14,115,94,0,14,51,55,151,109,66,54,31,34,35,38,94,78,101,83,26,30,128,90,39,38,1,2,104,98
1400000US36005002702,"Census Tract 27.02, Bronx County, New York",Bronx,4798,604,2318,444,142,100,213,162,171,134,63,51,34,38,27,34,59,71,88,89,175,126,395,206,115,97,89,84,184,160,140,146,151,115,0,14,79,67,120,94,72,82,1,10,0,14,0,14,0,14,2480,352,124,128,170,116,151,110,106,94,0,14,17,27,0,14,146,117,350,167,250,105,112,90,180,102,33,28,208,100,192,119,45,62,165,117,0,14,71,76,50,48,77,54,33,54,0,14
1400000US36005002800,"Census Tract 28, Bronx County, New York",Bronx,5462,809,1963,514,99,112,168,204,230,116,0,19,0,19,27,46,152,155,28,36,235,165,32,62,123,104,83,132,41,67,163,141,87,97,231,145,0,19,43,66,0,19,95,115,29,46,48,62,49,92,3499,610,318,306,30,50,94,113,109,113,100,150,0,19,0,19,105,107,378,311,493,285,50,60,328,177,177,126,95,91,270,120,97,84,266,256,24,39,114,93,204,130,188,123,0,19,59,72
1400000US36005003100,"Census Tract 31, Bronx County, New York",Bronx,2788,466,1408,257,143,105,57,79,221,92,181,136,31,30,55,50,0,14,32,33,78,55,153,86,43,39,55,64,22,31,143,76,15,26,0,14,45,52,39,54,39,47,56,36,0,14,0,14,0,14,1380,371,41,55,41,45,92,77,115,58,4,7,3,5,0,14,21,36,282,109,221,247,61,51,149,60,22,29,109,64,63,59,18,29,35,42,31,49,11,18,56,62,5,8,0,14,0,14
1400000US36005003300,"Census Tract 33, Bronx County, New York",Bronx,3577,759,1465,392,0,14,113,104,233,183,0,14,67,81,82,108,0,14,32,58,33,40,101,104,162,100,100,94,128,96,103,87,42,68,0,14,32,50,80,85,21,32,24,38,27,45,85,92,0,14,2112,549,322,203,191,193,55,84,156,123,64,82,0,14,97,107,3,20,12,28,144,112,221,149,70,50,59,69,124,103,207,122,5,24,84,89,1,38,118,131,119,63,60,68,0,14,0,14
1400000US36005003500,"Census Tract 35, Bronx County, New York",Bronx,3481,794,1578,550,137,84,192,272,268,246,29,48,58,58,0,14,39,47,54,74,152,139,151,103,57,54,0,14,131,85,79,69,0,14,59,82,27,43,29,42,0,14,106,103,0,14,0,14,10,15,1903,348,111,87,115,89,98,78,57,49,57,57,0,14,16,29,17,29,133,89,290,293,262,142,101,62,119,118,0,14,114,88,30,41,55,64,10,16,128,98,83,86,107,71,0,14,0,14
1400000US36005003700,"Census Tract 37, Bronx County, New York",Bronx,418,222,175,117,31,49,0,14,27,30,0,14,8,12,0,14,0,14,0,14,10,16,44,54,0,14,28,40,21,23,0,14,6,15,0,14,0,14,0,14,0,14,0,14,0,14,0,14,0,14,243,140,46,51,0,14,27,38,0,14,0,14,0,14,0,14,0,14,48,50,22,34,10,14,22,31,9,20,25,23,0,14,0,14,0,14,34,38,0,14,0,14,0,14,0,14,0,14
1400000US36005003800,"Census Tract 38, Bronx County, New York",Bronx,1250,322,518,159,45,48,22,36,35,46,0,14,75,92,0,14,8,12,15,23,23,27,38,41,34,41,36,47,98,58,0,14,11,18,0,14,0,14,0,14,0,14,12,19,35,55,31,33,0,14,732,199,58,65,0,14,88,91,43,39,0,14,0,14,0,14,39,51,74,53,37,30,38,36,63,52,32,48,38,40,79,75,24,32,0,14,27,39,12,19,56,39,13,20,11,18,0,14
1400000US36005003900,"Census Tract 39, Bronx County, New York",Bronx,5581,930,2529,671,27,38,70,106,241,251,135,117,276,116,0,19,5,11,94,128,172,141,90,107,246,141,305,184,122,96,105,150,228,128,0,19,71,117,188,156,22,34,19,33,0,19,113,130,0,19,3052,568,63,100,293,163,562,271,143,188,9,11,101,154,33,59,173,165,145,156,122,144,296,193,121,103,167,121,96,112,130,154,34,57,30,30,42,77,82,99,101,107,69,71,83,108,157,232
1400000US36005004001,"Census Tract 40.01, Bronx County, New York",Bronx,1294,243,661,136,12,14,24,29,41,37,55,46,28,22,17,16,0,14,15,14,83,64,33,36,6,9,59,49,22,24,56,36,38,37,13,21,6,8,0,14,0,14,97,58,14,17,16,20,26,31,633,166,6,10,59,66,70,41,5,7,8,13,0,14,0,14,0,14,45,46,16,16,39,27,32,24,62,44,15,15,33,20,20,33,3,4,69,43,18,16,71,45,40,25,22,25,0,14
1400000US36005004100,"Census Tract 41, Bronx County, New York",Bronx,6162,1109,2812,587,136,147,454,277,119,162,23,40,194,113,0,19,16,40,156,96,0,19,288,247,551,418,220,193,118,158,1,2,148,175,0,19,173,196,36,58,50,90,102,116,0,19,0,19,27,47,3350,850,185,221,309,285,321,370,229,196,19,40,38,60,27,42,118,144,264,188,104,169,210,141,290,119,276,263,83,83,274,183,0,19,70,108,173,153,0,19,114,164,168,132,35,51,43,71
1400000US36005004200,"Census Tract 42, Bronx County, New York",Bronx,7755,881,3416,643,448,337,263,231,309,221,300,190,140,127,39,74,60,74,164,128,94,81,146,207,58,64,99,83,138,136,188,168,174,143,332,203,98,97,40,48,55,73,33,56,136,89,102,82,0,19,4339,739,137,215,0,19,522,379,27,44,103,119,0,19,301,215,96,93,171,122,212,148,307,185,452,318,352,190,282,185,252,132,70,86,148,147,0,19,94,116,300,154,339,195,78,91,96,99
1400000US36005004300,"Census Tract 43, Bronx County, New York",Bronx,5400,659,2353,565,445,296,234,120,287,171,90,94,148,124,23,44,30,65,66,84,39,50,58,53,70,80,143,118,132,111,0,19,191,147,90,111,27,43,40,66,75,82,165,118,0,19,0,19,0,19,3047,412,190,211,97,103,238,217,31,54,0,19,0,19,0,19,216,159,339,193,246,176,153,100,208,144,106,102,221,191,237,128,109,107,140,129,163,128,72,78,197,138,84,116,0,19,0,19
1400000US36005004400,"Census Tract 44, Bronx County, New York",Bronx,4303,572,1785,410,215,139,168,92,27,44,111,86,40,53,24,37,32,43,88,69,230,176,113,89,56,57,140,107,101,72,32,53,101,58,81,75,110,98,29,35,12,7,39,40,10,15,5,11,21,23,2518,423,48,58,155,135,138,132,159,150,111,98,18,22,59,65,147,112,87,75,177,124,109,90,82,80,81,73,184,116,259,94,98,82,124,67,33,41,28,28,78,53,142,105,79,56,122,54
1400000US36005004600,"Census Tract 46, Bronx County, New York",Bronx,1478,314,723,201,120,95,55,40,53,61,41,45,11,17,19,22,0,14,0,14,28,34,74,63,18,27,81,66,58,51,17,38,31,29,15,18,7,11,12,17,30,27,3,4,30,40,9,14,11,16,755,201,0,14,26,35,15,18,101,72,0,14,33,48,0,14,10,14,13,21,56,55,59,64,67,68,27,35,32,43,96,52,0,14,17,19,33,25,7,13,42,39,41,31,44,33,36,29
1400000US36005004800,"Census Tract 48, Bronx County, New York",Bronx,4204,644,2014,392,186,92,198,114,103,95,75,59,41,51,28,43,0,14,77,63,327,150,144,158,156,110,248,94,82,56,141,112,85,57,24,27,9,14,36,46,32,50,0,14,12,20,10,22,0,14,2190,415,253,121,218,119,158,152,12,20,0,14,0,14,0,14,31,46,402,169,111,90,269,103,126,97,29,34,109,80,89,60,38,44,11,22,82,69,77,68,96,72,0,14,53,59,26,30
1400000US36005005001,"Census Tract 50.01, Bronx County, New York",Bronx,4878,681,2146,373,144,107,191,121,141,104,135,78,72,63,0,14,30,43,202,101,245,98,119,79,213,113,112,72,87,91,21,32,118,67,57,60,87,77,22,27,67,63,48,68,0,14,20,23,15,32,2732,472,359,168,187,129,331,133,45,48,66,56,53,68,45,54,126,67,201,77,162,91,267,122,185,98,168,97,70,58,161,114,30,30,66,47,37,43,44,44,45,31,40,36,18,23,26,23
1400000US36005005002,"Census Tract 50.02, Bronx County, New York",Bronx,6275,1225,3176,626,229,152,297,135,238,128,114,61,13,25,42,60,62,54,241,125,221,139,414,230,312,154,188,108,239,134,135,80,91,144,0,19,120,87,24,19,0,19,114,103,82,57,0,19,0,19,3099,696,504,306,179,103,246,132,131,82,163,77,43,57,47,74,247,136,266,147,252,104,259,129,96,76,120,87,144,114,59,51,28,37,61,52,38,43,41,48,121,80,17,24,11,17,26,41
1400000US36005005100,"Census Tract 51, Bronx County, New York",Bronx,7261,953,2766,491,495,449,549,304,330,210,15,39,234,253,0,19,17,41,191,153,175,152,28,51,166,144,118,190,106,102,54,91,77,84,0,19,28,43,8,12,5,15,35,58,0,19,96,138,39,60,4495,810,322,234,214,174,352,270,35,58,129,143,76,122,56,71,41,66,249,136,485,214,384,314,249,151,198,146,239,155,289,177,75,74,45,54,128,128,96,91,306,248,328,247,145,134,54,65
1400000US36005005200,"Census Tract 52, Bronx County, New York",Bronx,1837,289,635,209,30,42,91,65,68,65,38,34,0,14,0,14,27,39,27,29,15,26,40,37,56,42,9,13,0,14,56,53,81,70,7,11,8,11,0,14,21,29,26,24,8,13,27,31,0,14,1202,196,27,41,91,49,107,64,39,35,46,49,0,14,34,54,67,57,115,69,117,69,15,24,99,62,70,69,51,34,103,55,9,17,5,11,13,18,96,78,23,27,25,23,42,34,8,14
1400000US36005005300,"Census Tract 53, Bronx County, New York",Bronx,4065,858,1877,763,25,42,105,87,437,275,126,134,0,14,50,69,51,69,0,14,197,127,6,10,442,471,71,91,0,14,17,30,118,93,0,14,51,50,26,46,50,78,105,128,0,14,0,14,0,14,2188,487,131,127,69,62,216,132,55,57,97,99,16,26,0,14,163,85,278,138,195,141,50,84,182,143,242,132,169,103,89,78,0,14,58,67,60,73,14,23,20,32,84,112,0,14,0,14
1400000US36005005400,"Census Tract 54, Bronx County, New York",Bronx,5482,911,2908,567,398,245,182,112,283,161,200,135,55,66,18,30,0,19,217,113,199,135,166,103,336,160,247,121,60,63,91,92,186,146,24,33,24,38,41,65,63,46,57,57,22,37,32,48,7,16,2574,488,245,148,194,120,154,120,63,59,95,87,93,108,81,77,30,40,132,96,203,133,284,193,171,85,162,95,261,99,50,45,57,52,37,59,40,41,44,46,51,47,50,57,31,42,46,48
1400000US36005005600,"Census Tract 56, Bronx County, New York",Bronx,2501,490,1208,278,30,42,70,68,75,72,70,50,21,32,30,36,31,32,56,57,176,95,81,70,158,87,43,73,5,15,107,68,46,33,7,14,21,24,30,47,9,16,100,79,5,7,37,35,0,14,1293,288,76,72,155,93,33,39,43,48,40,40,5,14,32,53,48,51,60,47,114,64,21,29,58,60,57,46,133,127,45,49,74,62,14,16,70,57,0,14,70,73,24,33,63,55,58,50
1400000US36005005902,"Census Tract 59.02, Bronx County, New York",Bronx,3019,478,1398,298,102,73,37,28,97,62,21,31,0,14,58,46,16,29,188,118,64,73,158,99,172,88,76,92,25,36,72,57,52,51,17,29,90,73,34,42,0,14,119,162,0,14,0,14,0,14,1621,346,67,80,0,14,100,64,21,34,18,37,0,14,22,34,204,201,96,81,92,54,119,74,242,170,87,66,45,49,118,59,34,56,23,28,18,28,73,44,101,62,44,44,45,55,52,56
1400000US36005006000,"Census Tract 60, Bronx County, New York",Bronx,1280,344,559,148,57,50,22,17,80,62,33,34,10,16,5,8,0,14,30,51,43,47,42,40,59,36,25,35,12,14,54,54,14,16,2,3,11,12,8,15,0,14,35,28,6,9,11,13,0,14,721,234,25,33,59,47,46,45,30,34,31,45,5,9,11,13,5,8,87,58,44,34,37,26,89,42,43,53,49,43,12,12,0,14,5,7,19,22,5,9,80,111,39,29,0,14,0,14
1400000US36005006100,"Census Tract 61, Bronx County, New York",Bronx,3369,677,1363,374,48,48,101,122,15,27,17,27,78,78,32,40,0,14,95,102,61,64,170,158,44,41,73,79,84,105,120,119,98,58,16,25,16,25,42,65,103,115,0,14,40,43,87,95,23,34,2006,583,77,66,76,116,41,59,72,66,0,14,80,126,14,25,17,25,207,215,109,71,80,55,27,31,124,77,299,306,133,91,0,14,28,31,21,26,84,57,182,125,49,44,101,67,185,129
1400000US36005006200,"Census Tract 62, Bronx County, New York",Bronx,6363,1077,3270,677,107,100,281,180,577,267,178,142,237,181,0,19,58,80,221,198,101,126,268,170,217,221,319,190,0,19,24,39,16,26,62,75,112,113,0,19,121,114,115,117,16,27,225,162,15,25,3093,700,289,355,230,152,79,106,272,185,0,19,36,59,85,118,166,157,158,156,328,187,165,157,197,140,88,108,345,249,89,64,26,32,54,51,59,99,96,92,31,33,72,108,73,62,155,203
1400000US36005006301,"Census Tract 63.01, Bronx County, New York",Bronx,7053,1061,3671,1075,181,160,120,136,102,151,0,19,0,19,0,19,0,19,54,71,368,315,877,772,145,134,669,487,492,295,116,168,68,75,65,75,75,88,0,19,12,20,180,154,0,19,105,108,42,67,3382,672,75,81,299,374,292,216,86,138,0,19,99,156,0,19,228,252,195,160,443,264,403,275,67,75,81,94,191,197,179,153,28,49,166,136,4,7,150,147,139,110,12,20,110,97,135,124
1400000US36005006302,"Census Tract 63.02, Bronx County, New York",Bronx,0,14,0,14,0,14,0,14,0,14,0,14,0,14,0,14,0,14,0,14,0,14,0,14,0,14,0,14,0,14,0,14,0,14,0,14,0,14,0,14,0,14,0,14,0,14,0,14,0,14,0,14,0,14,0,14,0,14,0,14,0,14,0,14,0,14,0,14,0,14,0,14,0,14,0,14,0,14,0,14,0,14,0,14,0,14,0,14,0,14,0,14,0,14,0,14,0,14
1400000US36005006400,"Census Tract 64, Bronx County, New York",Bronx,4194,609,2021,478,178,147,200,111,296,204,31,41,101,83,16,22,39,46,76,70,141,123,216,143,144,108,145,101,57,75,44,36,77,90,13,20,76,82,52,55,27,33,44,54,0,14,36,56,12,19,2173,424,122,114,127,104,161,118,33,41,23,38,76,87,48,46,287,159,84,60,105,74,242,107,127,86,265,151,55,46,83,77,0,14,65,63,91,116,74,54,31,49,0,14,26,30,48,61
1400000US36005006500,"Census Tract 65, Bronx County, New York",Bronx,5024,1013,2502,570,419,295,120,133,15,23,33,53,84,86,91,90,16,36,75,81,71,75,262,197,183,155,78,120,105,102,367,189,165,184,70,98,58,61,64,74,0,19,148,141,62,61,16,36,0,19,2522,673,274,266,135,168,253,200,141,145,21,38,61,73,0,19,13,22,238,180,286,285,169,115,250,178,49,57,174,90,185,155,12,21,38,51,0,19,100,89,81,64,42,51,0,19,0,19
1400000US36005006700,"Census Tract 67, Bronx County, New York",Bronx,7664,2163,3751,1016,150,179,389,334,443,391,230,268,201,292,0,19,0,19,208,202,494,299,0,19,295,294,294,229,50,75,210,210,268,265,0,19,218,165,31,55,85,97,69,137,116,131,0,19,0,19,3913,1474,475,399,51,87,736,572,102,156,0,19,7,14,58,84,0,19,226,219,393,373,8,18,679,475,8,18,311,250,51,86,52,103,276,228,23,38,60,76,6,106,50,82,203,171,138,169
1400000US36005006800,"Census Tract 68, Bronx County, New York",Bronx,2542,572,1342,443,134,105,132,64,181,139,94,122,0,14,17,28,56,73,94,78,160,132,49,46,74,96,0,14,46,53,26,32,83,61,0,14,8,20,23,41,67,60,17,23,52,93,29,40,0,14,1200,287,49,50,44,41,31,40,63,42,0,14,31,43,15,24,30,41,74,63,60,65,87,66,77,47,31,38,103,78,77,70,8,12,67,68,22,34,107,109,136,130,14,22,0,14,74,70
1400000US36005006900,"Census Tract 69, Bronx County, New York",Bronx,6077,958,3085,644,191,167,229,158,0,19,128,139,219,155,28,46,34,54,58,68,168,136,471,299,144,164,170,132,285,244,285,233,237,173,21,35,0,19,61,79,30,48,213,171,24,36,89,109,0,19,2992,704,201,231,148,135,184,188,105,92,46,72,0,19,66,106,336,348,219,176,188,204,148,95,206,126,121,107,113,110,238,178,30,47,66,110,0,19,155,158,166,146,79,97,55,88,122,121
1400000US36005007000,"Census Tract 70, Bronx County, New York",Bronx,4408,599,2187,405,139,115,107,84,178,129,39,60,43,62,12,23,12,21,56,56,274,256,137,68,240,114,133,78,143,84,56,44,216,102,49,48,44,40,40,44,87,65,21,22,110,60,9,15,42,61,2221,355,228,116,219,130,68,64,37,46,13,21,27,38,9,16,99,71,270,142,196,107,113,77,70,53,32,36,152,95,263,115,25,25,0,14,58,53,91,69,29,33,149,76,60,62,13,23
1400000US36005007100,"Census Tract 71, Bronx County, New York",Bronx,2805,430,1220,273,43,52,32,48,53,80,0,14,13,19,0,14,70,78,13,20,223,210,99,67,186,187,54,59,26,31,107,91,62,55,37,40,0,14,12,32,112,122,23,36,55,64,0,14,0,14,1585,348,140,145,72,67,43,45,35,54,14,21,0,14,16,40,51,55,153,98,205,147,33,38,100,83,63,58,158,98,105,52,43,66,25,38,120,129,81,90,44,51,40,49,19,28,25,39
1400000US36005007200,"Census Tract 72, Bronx County, New York",Bronx,4845,740,2373,490,79,80,54,60,172,107,139,75,81,61,18,27,0,14,164,95,100,94,158,116,176,118,159,103,163,107,250,172,202,92,52,73,49,36,12,19,140,95,87,56,91,67,27,30,0,14,2472,490,116,77,52,44,218,90,50,46,67,60,51,42,61,68,167,114,35,33,249,118,62,55,178,93,185,115,224,121,86,70,24,22,93,66,8,11,21,22,252,189,99,66,60,46,114,74
1400000US36005007300,"Census Tract 73, Bronx County, New York",Bronx,4325,703,1783,369,261,165,59,79,71,88,0,14,51,67,16,26,0,14,116,105,267,167,41,54,0,14,73,80,205,158,164,163,77,69,38,60,15,23,19,46,102,106,172,136,31,52,0,14,5,15,2542,550,77,117,382,118,359,290,186,141,73,120,48,75,90,90,40,53,160,152,68,70,112,90,116,93,198,131,222,250,122,92,18,41,78,79,47,64,0,14,16,28,77,86,0,14,53,83
1400000US36005007400,"Census Tract 74, Bronx County, New York",Bronx,3280,500,1397,249,30,48,32,40,190,77,109,72,0,14,0,14,27,42,58,84,218,85,229,187,0,14,32,37,118,115,42,55,56,50,68,40,27,48,0,14,38,42,19,31,104,89,0,14,0,14,1883,444,41,72,166,202,77,57,95,78,13,26,13,19,0,14,28,54,59,35,344,200,22,29,81,64,59,55,96,58,110,69,89,85,59,50,133,129,54,46,119,80,190,104,35,49,0,14
1400000US36005007500,"Census Tract 75, Bronx County, New York",Bronx,6353,1041,2843,556,339,195,300,257,245,202,32,47,239,221,30,42,41,67,37,66,221,210,277,209,95,108,193,104,154,174,105,85,102,122,0,19,107,104,0,19,33,40,69,81,0,19,74,86,150,160,3510,778,264,232,294,97,390,258,182,141,145,105,0,19,45,60,175,128,63,79,229,97,391,191,236,193,256,145,52,66,109,90,114,135,40,39,85,75,15,27,144,127,104,94,50,66,127,121
1400000US36005007600,"Census Tract 76, Bronx County, New York",Bronx,5252,908,2957,599,190,143,228,125,191,87,153,95,63,61,0,19,96,57,216,101,290,140,132,110,114,60,153,117,164,94,172,86,331,211,37,36,45,42,79,55,6,11,113,73,21,26,118,98,45,42,2295,436,78,83,55,59,206,110,99,73,23,25,0,19,43,56,76,43,168,109,85,63,244,103,119,60,212,120,240,156,137,79,39,46,103,54,30,50,94,117,87,48,29,32,80,99,48,48
1400000US36005007700,"Census Tract 77, Bronx County, New York",Bronx,1966,478,944,188,69,60,79,48,64,58,16,24,48,51,0,14,0,14,36,33,109,79,89,80,30,41,57,51,47,35,116,69,58,52,19,22,21,31,18,24,0,14,29,29,39,38,0,14,0,14,1022,335,48,49,50,48,0,14,58,49,0,14,0,14,59,66,83,91,154,114,32,32,37,43,117,73,70,57,50,42,41,33,45,46,49,37,20,25,56,55,0,14,53,31,0,14,0,14
1400000US36005007800,"Census Tract 78, Bronx County, New York",Bronx,5633,749,3020,568,327,180,307,190,352,134,23,41,139,114,0,19,0,19,45,84,132,165,125,129,154,145,438,192,158,126,241,143,105,89,51,64,192,129,72,72,109,145,12,21,36,54,2,27,0,19,2613,580,153,140,95,85,372,217,22,42,265,293,0,19,0,19,45,48,174,134,226,139,156,120,340,116,129,93,16,27,106,101,60,63,170,113,21,41,56,55,23,33,56,63,63,71,65,58
1400000US36005007900,"Census Tract 79, Bronx County, New York",Bronx,6829,1128,3258,780,100,115,628,395,336,237,115,129,136,196,10,22,0,19,190,194,174,197,287,297,62,101,313,251,42,63,90,100,283,241,48,77,0,19,121,136,8,18,85,90,187,193,39,71,4,7,3571,608,146,140,354,195,78,90,299,260,18,38,38,65,0,19,139,138,92,86,697,329,181,148,195,144,87,118,350,233,397,192,111,170,0,19,70,73,59,66,117,141,47,75,44,68,52,73
1400000US36005008300,"Census Tract 83, Bronx County, New York",Bronx,6287,1112,3025,801,346,225,186,285,266,179,202,148,262,231,0,19,0,19,195,164,195,134,189,136,308,199,133,109,210,247,142,130,115,126,0,19,117,111,57,64,40,62,62,76,0,19,0,19,0,19,3262,522,0,19,60,74,346,174,81,91,205,157,15,19,13,20,257,221,107,123,303,162,166,115,308,235,343,185,199,156,255,167,19,31,171,145,58,55,122,128,36,47,139,148,59,66,0,19
1400000US36005008400,"Census Tract 84, Bronx County, New York",Bronx,3108,714,1540,327,128,88,198,93,64,57,46,52,91,64,28,37,0,14,130,139,63,58,192,139,115,113,58,39,0,14,124,69,91,41,48,54,39,32,8,13,63,37,20,25,0,14,10,19,24,28,1568,494,58,68,102,102,96,38,12,17,0,14,3,12,6,16,52,56,156,128,127,60,39,35,70,53,35,49,88,46,97,58,98,58,131,131,33,31,39,31,179,292,44,34,81,79,22,28
1400000US36005008500,"Census Tract 85, Bronx County, New York",Bronx,5866,643,2469,482,248,190,142,122,333,240,31,36,103,70,19,33,25,38,52,61,155,120,99,62,202,146,65,58,145,99,284,214,78,67,167,115,47,56,0,19,0,19,83,74,58,67,78,91,55,81,3397,472,60,84,165,111,307,163,225,106,75,79,131,116,17,19,181,109,236,109,319,157,246,109,232,119,151,100,141,94,272,214,142,145,116,100,6,10,75,64,58,52,74,62,40,44,128,130
1400000US36005008600,"Census Tract 86, Bronx County, New York",Bronx,3849,929,1494,464,41,46,25,36,190,140,21,32,0,14,0,14,228,339,146,131,0,14,252,201,41,54,36,43,80,86,0,14,57,53,17,27,84,102,0,14,50,54,74,90,16,27,136,109,0,14,2355,600,35,40,81,73,190,132,151,135,23,36,218,238,47,53,180,141,71,62,78,72,85,74,105,90,93,83,74,79,208,124,166,234,69,110,22,31,98,102,134,91,120,109,107,143,0,14
1400000US36005008700,"Census Tract 87, Bronx County, New York",Bronx,5914,849,3074,647,338,242,201,116,523,231,68,76,130,129,72,87,0,19,114,114,59,42,169,98,124,142,140,97,281,190,303,164,160,108,110,93,95,106,33,38,34,38,54,56,37,56,29,17,0,19,2840,456,128,162,175,111,163,109,206,139,76,81,49,68,55,63,50,64,299,144,125,78,255,138,177,116,97,98,127,80,147,89,56,61,145,103,0,19,143,124,48,52,142,115,100,87,77,78
1400000US36005008900,"Census Tract 89, Bronx County, New York",Bronx,2949,501,1351,251,75,67,114,108,82,84,0,14,104,95,65,109,40,65,25,38,33,69,88,90,40,55,14,29,68,46,82,79,84,59,63,83,65,69,91,112,16,26,58,69,0,14,122,121,22,37,1598,375,94,131,3,6,48,70,0,14,0,14,24,33,77,35,61,90,1,2,83,81,114,71,96,82,173,112,65,82,83,98,66,63,70,68,59,92,181,189,103,67,133,95,48,44,16,25
1400000US36005009000,"Census Tract 90, Bronx County, New York",Bronx,3861,608,1325,337,59,51,24,47,35,55,107,116,72,63,0,14,0,14,108,111,65,82,88,72,111,149,166,144,29,51,75,104,81,59,107,120,58,54,42,59,21,30,16,27,0,14,29,40,32,37,2536,414,302,228,226,147,136,116,196,145,93,89,13,22,77,106,90,80,89,91,115,95,131,122,104,115,190,109,167,116,21,24,104,63,8,26,98,67,72,71,126,108,114,98,28,32,36,56
1400000US36005009200,"Census Tract 92, Bronx County, New York",Bronx,5888,776,2879,399,135,127,246,100,107,70,92,75,40,62,20,32,122,153,49,63,189,135,216,177,146,124,332,128,180,140,253,135,183,152,33,39,125,120,160,116,49,71,156,112,31,41,0,19,15,24,3009,587,212,144,151,147,380,193,48,90,170,124,55,103,37,56,50,69,296,169,150,104,273,97,330,270,38,42,252,117,191,100,45,49,117,93,41,43,0,19,108,83,13,23,16,29,36,59
1400000US36005009301,"Census Tract 93.01, Bronx County, New York",Bronx,5754,1102,2978,687,239,159,356,200,253,172,124,93,25,36,49,76,65,66,260,189,23,41,418,189,307,189,268,256,55,72,90,84,148,118,53,88,81,89,48,61,0,19,0,19,88,80,28,36,0,19,2776,622,159,122,231,236,358,222,16,28,0,19,49,58,0,19,133,100,317,184,140,95,267,162,347,268,94,70,100,98,177,148,14,23,36,57,56,93,55,87,108,83,86,72,33,52,0,19
1400000US36005009302,"Census Tract 93.02, Bronx County, New York",Bronx,319,306,319,306,0,14,0,14,0,14,0,14,12,22,0,14,27,27,18,10,38,21,14,36,37,43,37,50,22,28,25,53,22,28,14,49,0,14,0,14,11,14,28,99,14,50,0,14,0,14,0,14,0,14,0,14,0,14,0,14,0,14,0,14,0,14,0,14,0,14,0,14,0,14,0,14,0,14,0,14,0,14,0,14,0,14,0,14,0,14,0,14,0,14,0,14,0,14
1400000US36005009600,"Census Tract 96, Bronx County, New York",Bronx,1978,353,952,224,26,22,21,26,99,59,78,64,16,16,8,15,25,31,12,18,51,45,82,53,60,34,80,74,0,14,75,49,11,15,141,128,11,17,14,20,40,33,50,36,30,27,13,14,9,13,1026,189,27,25,42,42,17,18,57,41,34,45,0,14,7,10,37,45,72,55,48,35,78,59,64,34,62,48,85,51,54,37,21,25,49,35,8,17,18,17,76,42,50,31,54,32,66,43
1400000US36005009800,"Census Tract 98, Bronx County, New York",Bronx,4080,782,2052,441,0,14,75,93,11,16,141,107,44,58,48,65,88,74,103,112,142,85,86,76,52,75,8,13,100,84,267,186,33,47,126,95,240,117,76,74,75,71,128,102,103,109,106,104,0,14,2028,600,53,63,35,48,33,64,0,14,109,118,77,76,0,14,0,14,191,144,18,21,9,23,114,84,161,89,156,133,223,125,96,83,0,14,21,35,52,68,86,87,133,111,95,81,366,368
1400000US36005011000,"Census Tract 110, Bronx County, New York",Bronx,0,14,0,14,0,14,0,14,0,14,0,14,0,14,0,14,0,14,0,14,0,14,0,14,0,14,0,14,0,14,0,14,0,14,0,14,0,14,0,14,0,14,0,14,0,14,0,14,0,14,0,14,0,14,0,14,0,14,0,14,0,14,0,14,0,14,0,14,0,14,0,14,0,14,0,14,0,14,0,14,0,14,0,14,0,14,0,14,0,14,0,14,0,14,0,14,0,14
1400000US36005011502,"Census Tract 115.02, Bronx County, New York",Bronx,3935,838,1797,675,64,67,184,220,118,146,127,126,40,54,0,14,73,121,46,58,85,78,130,130,39,58,248,213,125,109,70,72,181,143,41,48,39,48,54,62,9,13,82,95,31,50,11,26,0,14,2138,447,69,94,219,134,159,165,36,44,26,42,77,80,10,18,115,123,68,62,194,123,201,150,173,138,141,93,121,89,94,86,28,39,72,68,77,72,57,68,89,72,62,55,50,47,0,14
1400000US36005011701,"Census Tract 117.01, Bronx County, New York",Bronx,1262,286,493,168,99,87,41,52,19,37,0,14,58,72,0,14,0,14,68,70,33,45,18,28,49,41,10,17,13,28,0,14,17,20,0,14,9,12,26,39,4,14,29,33,0,14,0,14,0,14,769,168,104,94,56,51,50,64,0,14,0,14,0,14,11,17,4,14,140,56,61,44,8,12,60,55,41,43,104,78,37,32,22,38,10,15,0,14,11,16,30,24,20,27,0,14,0,14
1400000US36005011702,"Census Tract 117.02, Bronx County, New York",Bronx,0,14,0,14,0,14,0,14,0,14,0,14,0,14,0,14,0,14,0,14,0,14,0,14,0,14,0,14,0,14,0,14,0,14,0,14,0,14,0,14,0,14,0,14,0,14,0,14,0,14,0,14,0,14,0,14,0,14,0,14,0,14,0,14,0,14,0,14,0,14,0,14,0,14,0,14,0,14,0,14,0,14,0,14,0,14,0,14,0,14,0,14,0,14,0,14,0,14
1400000US36005011800,"Census Tract 118, Bronx County, New York",Bronx,5057,645,2769,445,76,67,134,87,230,150,37,35,375,88,168,90,194,67,147,100,201,121,82,54,129,80,234,154,112,111,113,68,173,86,15,17,25,28,31,29,71,64,67,63,93,80,41,40,21,21,2288,398,147,81,54,66,177,106,108,121,173,117,57,36,33,35,127,60,153,102,140,81,109,74,67,60,194,122,136,83,211,102,3,6,44,35,14,18,19,21,133,78,40,29,57,52,92,57
1400000US36005011900,"Census Tract 119, Bronx County, New York",Bronx,5879,1062,2682,708,325,166,128,121,315,184,182,123,255,182,41,39,5,9,332,291,116,98,88,85,120,100,21,32,36,42,157,106,65,53,34,55,50,48,57,69,141,130,118,103,73,84,0,19,23,31,3197,556,224,150,297,169,455,217,82,70,52,48,20,22,70,75,47,55,227,120,215,159,179,98,115,83,139,87,188,174,118,68,108,63,117,81,62,58,99,71,210,106,135,94,34,35,4,7
1400000US36005012101,"Census Tract 121.01, Bronx County, New York",Bronx,3293,527,1713,309,75,59,193,152,58,51,19,28,83,87,9,15,62,73,82,68,71,56,203,119,74,55,218,135,119,65,88,58,75,66,6,13,87,64,59,43,41,42,78,50,6,13,7,13,0,14,1580,345,147,91,86,56,166,118,16,25,22,41,9,24,31,34,118,72,84,74,48,41,91,71,148,73,128,73,25,37,150,89,50,41,23,26,13,17,109,61,38,41,19,31,19,20,40,40
1400000US36005012102,"Census Tract 121.02, Bronx County, New York",Bronx,1429,258,431,108,14,21,16,31,6,10,15,16,20,20,0,14,7,13,11,17,13,19,32,30,55,49,65,41,53,40,11,15,35,31,18,24,19,26,6,13,0,14,35,61,0,14,0,14,0,14,998,189,82,40,73,36,86,42,28,21,18,21,18,24,18,16,81,70,21,23,40,23,23,31,51,43,79,41,58,46,50,41,6,11,14,20,40,42,9,12,103,120,24,28,16,25,60,58
1400000US36005012300,"Census Tract 123, Bronx County, New York",Bronx,4712,913,2060,520,68,109,118,107,122,89,210,177,0,14,113,100,0,14,223,170,55,54,171,120,92,86,50,74,104,149,107,80,180,131,127,126,104,112,0,14,36,44,57,87,18,29,0,14,105,95,2652,659,206,177,223,112,177,135,133,104,67,67,0,14,15,19,132,112,192,131,342,157,137,93,255,169,140,108,146,118,185,101,50,76,65,57,20,31,53,70,0,14,34,33,80,92,0,14
1400000US36005012500,"Census Tract 125, Bronx County, New York",Bronx,4001,604,1934,401,134,122,184,129,100,97,94,74,58,69,17,27,39,42,202,138,57,54,151,82,129,112,110,83,14,22,79,67,217,174,99,111,66,81,22,34,16,25,75,65,71,74,0,14,0,14,2067,420,334,298,171,129,182,107,131,100,0,14,17,26,0,14,34,44,293,180,217,114,219,110,67,53,116,94,80,70,48,44,31,40,52,45,20,31,15,23,26,29,14,22,0,14,0,14
1400000US36005012701,"Census Tract 127.01, Bronx County, New York",Bronx,2129,578,1057,312,27,30,147,123,54,52,69,64,33,29,0,14,24,37,93,56,96,166,48,50,89,100,46,35,34,43,40,40,86,51,13,20,30,25,23,28,22,27,5,8,16,21,53,43,9,16,1072,323,127,138,70,38,35,39,46,70,40,62,52,84,0,14,54,94,26,32,79,58,39,30,83,68,122,74,40,28,91,55,48,49,32,30,0,14,8,16,11,18,35,47,30,26,4,7
1400000US36005012901,"Census Tract 129.01, Bronx County, New York",Bronx,4944,1045,2434,724,268,285,211,133,327,144,108,136,19,38,0,14,15,23,139,84,204,191,42,51,163,135,187,163,76,64,223,203,109,92,14,24,58,73,94,96,22,25,27,32,22,31,33,41,73,68,2510,522,215,156,53,61,320,216,143,92,54,56,0,14,0,14,105,79,113,88,258,166,171,132,306,176,183,110,51,53,148,117,137,103,58,45,0,14,22,25,44,58,64,61,37,41,28,46
1400000US36005013000,"Census Tract 130, Bronx County, New York",Bronx,1388,429,589,144,17,20,0,14,15,19,0,14,7,10,45,67,0,14,38,48,40,51,14,14,8,12,54,48,8,13,25,37,68,52,68,53,52,38,20,28,25,42,21,23,0,14,36,39,28,34,799,325,0,14,0,14,8,11,0,14,218,314,0,14,10,19,122,73,64,51,12,17,6,10,9,16,44,43,33,32,68,57,39,35,18,16,6,11,28,38,27,32,21,22,42,38,24,39
1400000US36005013100,"Census Tract 131, Bronx County, New York",Bronx,5288,703,2209,355,179,166,140,113,173,122,226,114,0,19,0,19,38,61,1,19,108,94,141,118,267,153,137,116,133,122,2,5,291,149,28,44,29,46,48,53,17,28,188,170,22,38,41,51,0,19,3079,521,64,72,151,183,379,120,71,77,47,54,0,19,44,54,88,73,280,208,280,193,144,93,287,147,103,105,395,183,164,112,57,39,199,158,26,32,54,52,26,42,146,121,37,50,37,46
1400000US36005013200,"Census Tract 132, Bronx County, New York",Bronx,7083,1032,3601,652,300,114,224,169,132,108,79,78,87,99,107,176,106,103,142,167,265,153,102,91,411,133,249,199,177,138,147,102,320,316,142,84,45,48,125,104,49,47,53,62,133,100,206,161,0,19,3482,609,52,54,245,222,355,269,85,87,29,84,0,19,0,19,148,128,61,76,321,137,278,150,158,100,306,176,112,78,490,318,178,137,96,87,84,78,103,77,127,103,19,32,58,65,177,125
1400000US36005013300,"Census Tract 133, Bronx County, New York",Bronx,6087,958,2653,652,282,171,300,176,20,33,101,114,98,119,47,70,0,19,54,102,277,195,422,410,401,502,74,123,72,101,113,102,136,155,0,19,158,144,0,19,98,82,0,19,0,19,0,19,0,19,3434,511,385,321,79,139,346,270,34,60,263,161,38,45,37,59,269,178,204,164,137,138,273,309,315,199,114,106,321,165,145,157,80,113,0,19,41,65,90,86,30,49,95,89,0,19,138,120
1400000US36005013500,"Census Tract 135, Bronx County, New York",Bronx,4075,1056,2370,809,477,517,266,162,303,143,0,14,246,140,25,41,0,14,249,152,137,184,146,231,32,59,0,14,47,69,237,167,38,67,13,21,60,93,0,14,41,69,0,14,41,56,0,14,12,24,1705,501,99,107,44,59,73,117,0,14,0,14,59,70,0,14,181,157,39,51,209,196,171,164,164,78,224,144,36,47,143,168,38,56,83,136,0,14,0,14,65,55,11,21,38,84,28,50
1400000US36005013800,"Census Tract 138, Bronx County, New York",Bronx,3062,475,1508,308,229,157,98,78,62,57,18,22,6,19,0,14,0,14,186,148,89,57,147,75,66,68,87,70,140,84,80,67,59,48,47,39,7,12,20,25,15,19,91,60,17,21,44,39,0,14,1554,340,121,77,102,82,0,14,49,31,37,46,0,14,36,46,4,6,223,139,79,50,76,64,87,62,94,86,58,39,218,198,20,29,42,36,34,40,44,46,61,53,101,63,68,54,0,14
1400000US36005014100,"Census Tract 141, Bronx County, New York",Bronx,7856,860,3662,516,322,205,274,181,298,185,125,130,264,188,27,46,104,100,339,203,203,131,402,273,220,129,99,91,143,99,146,123,450,291,61,72,57,74,0,19,0,19,39,63,44,72,0,19,45,73,4194,677,166,149,211,149,364,214,251,151,69,79,90,106,55,74,86,101,424,202,288,158,315,173,341,200,432,156,463,213,216,149,57,70,77,74,97,99,51,79,101,113,40,65,0,19,0,19
1400000US36005014300,"Census Tract 143, Bronx County, New York",Bronx,1647,238,880,194,47,45,56,38,33,41,58,47,43,41,21,24,0,14,4,7,45,40,21,28,28,29,50,38,111,80,130,86,42,34,32,48,12,18,11,16,80,65,22,31,0,14,0,14,34,31,767,176,65,52,80,42,38,40,0,14,18,24,4,6,14,23,91,53,73,76,56,52,53,37,86,69,7,17,62,61,18,18,0,14,52,45,14,15,26,30,9,14,1,2,0,14,0,14
1400000US36005014400,"Census Tract 144, Bronx County, New York",Bronx,6128,937,2772,542,362,215,238,188,111,123,118,92,205,193,84,135,23,40,31,48,347,188,209,237,66,62,174,155,96,124,149,165,50,50,25,54,66,61,24,39,121,144,40,59,99,95,79,83,55,72,3356,584,188,165,208,192,226,148,169,152,47,75,0,19,0,19,0,19,495,210,180,121,118,125,169,137,100,119,366,150,221,166,57,65,33,42,62,72,54,55,297,135,249,231,23,37,94,106
1400000US36005014500,"Census Tract 145, Bronx County, New York",Bronx,6899,1481,3181,825,126,160,615,462,326,347,191,193,61,71,46,69,193,123,0,19,305,262,67,98,276,208,89,96,62,60,22,71,224,122,0,19,190,140,86,137,143,163,35,44,67,63,43,54,14,22,3718,858,198,180,182,149,440,206,227,105,49,78,8,23,1,4,215,185,97,110,503,447,222,184,312,307,262,126,233,198,116,108,33,57,39,69,19,44,121,99,144,137,111,154,164,171,22,34
1400000US36005014701,"Census Tract 147.01, Bronx County, New York",Bronx,6094,1538,2842,999,488,611,0,19,847,307,225,263,117,175,20,130,0,19,387,339,80,112,324,440,12,19,13,22,101,117,113,223,9,21,0,19,23,44,0,19,0,19,62,79,0,19,21,34,0,19,3252,1195,125,198,80,171,190,220,87,162,265,293,0,19,85,148,74,58,251,224,237,314,75,112,276,151,398,202,277,413,148,125,58,64,20,44,0,19,312,283,111,118,64,122,119,107,0,19
1400000US36005014702,"Census Tract 147.02, Bronx County, New York",Bronx,4950,958,2053,652,188,114,71,60,172,134,174,76,62,95,44,57,30,48,390,460,104,99,89,77,63,65,0,14,117,116,112,94,119,89,83,104,76,107,0,14,71,87,68,107,0,14,0,14,20,27,2897,529,177,108,284,134,222,163,124,90,100,87,46,70,72,56,140,92,282,247,225,108,65,60,111,68,45,42,193,94,89,59,29,47,22,36,17,26,407,380,83,74,38,43,106,92,20,31
1400000US36005014900,"Census Tract 149, Bronx County, New York",Bronx,4714,1212,2998,944,368,385,413,267,243,159,290,176,11,29,0,14,0,14,160,159,256,186,440,220,85,84,85,82,136,102,169,110,130,108,32,36,74,71,24,38,15,26,52,53,4,35,0,14,11,30,1716,333,0,14,172,130,104,97,29,47,0,14,6,17,20,33,103,117,87,77,184,135,107,75,83,82,193,160,236,102,108,79,63,67,8,22,16,26,37,41,122,82,22,35,16,25,0,14
1400000US36005015100,"Census Tract 151, Bronx County, New York",Bronx,5216,1010,2812,643,90,136,254,152,108,106,107,84,15,26,2,5,77,76,82,91,170,144,40,45,150,137,319,133,216,192,204,274,450,316,98,137,281,322,0,19,35,53,89,81,4,7,0,19,21,21,2404,535,95,92,113,100,260,128,108,87,97,125,18,33,0,19,58,63,58,96,147,113,61,53,178,137,67,82,231,158,162,123,140,198,124,133,28,49,194,145,65,61,60,70,79,78,61,65
1400000US36005015200,"Census Tract 152, Bronx County, New York",Bronx,2562,467,1397,323,80,61,85,62,182,140,58,45,0,14,15,17,35,49,121,107,22,24,136,80,50,44,27,32,89,81,81,58,59,35,34,34,130,82,26,31,62,41,18,27,51,32,23,38,13,20,1165,209,67,67,43,50,36,29,84,65,9,14,11,17,16,24,49,42,33,29,107,67,117,95,30,29,87,52,72,47,89,57,37,32,63,54,18,17,61,60,48,35,30,21,23,28,35,38
1400000US36005015300,"Census Tract 153, Bronx County, New York",Bronx,3603,710,1683,429,49,78,163,127,100,74,142,143,11,27,0,14,0,14,0,14,256,298,95,91,71,107,112,110,155,117,93,96,37,44,118,89,115,107,0,14,0,14,39,70,72,75,55,54,0,14,1920,501,126,142,65,75,349,199,160,199,0,14,0,14,12,27,16,26,17,32,224,146,137,138,161,113,102,75,136,116,111,87,114,97,0,14,66,87,29,45,73,88,22,38,0,14,0,14
1400000US36005015500,"Census Tract 155, Bronx County, New York",Bronx,3016,639,1491,456,167,213,35,56,124,118,16,26,29,50,18,26,59,50,94,67,100,78,43,64,40,72,69,77,93,72,202,170,52,45,78,77,55,39,0,14,37,56,64,64,58,84,15,23,43,40,1525,285,72,76,79,59,92,76,64,37,32,16,0,14,0,14,0,14,122,104,148,111,32,57,157,155,92,80,119,60,163,102,7,18,88,81,0,14,26,26,48,45,66,71,80,79,38,38
1400000US36005015700,"Census Tract 157, Bronx County, New York",Bronx,6152,968,3156,698,64,89,242,153,252,167,358,225,77,66,53,80,74,108,98,84,158,135,73,75,261,219,257,163,43,56,295,161,244,167,98,106,97,85,48,54,296,377,48,53,11,31,0,19,9,21,2996,583,163,122,270,169,300,216,165,118,55,86,15,30,70,120,89,118,175,197,322,166,336,148,231,158,172,117,184,146,46,57,12,11,177,123,101,99,46,43,17,26,25,40,25,40,0,19
1400000US36005015800,"Census Tract 158, Bronx County, New York",Bronx,1490,289,770,141,0,14,6,9,44,35,14,16,15,17,13,14,26,36,36,36,88,62,61,43,0,14,71,48,0,14,138,74,12,18,0,14,36,35,0,14,22,20,48,38,72,53,46,40,22,25,720,195,54,59,49,56,53,46,0,14,5,7,0,14,15,16,9,16,40,27,37,36,0,14,67,33,70,49,49,36,67,37,6,11,34,37,0,14,27,22,21,28,54,29,47,37,16,26
1400000US36005015900,"Census Tract 159, Bronx County, New York",Bronx,2407,489,865,198,0,14,12,30,15,26,0,14,69,86,18,20,0,14,29,40,119,68,174,72,22,26,32,45,35,54,112,63,91,83,26,30,11,40,8,13,20,31,26,37,0,14,46,67,0,14,1542,386,81,56,279,112,86,97,23,25,0,14,0,14,0,14,15,23,270,255,129,77,19,22,33,31,27,43,152,131,61,71,11,19,0,14,12,19,69,90,129,78,71,59,41,69,34,44
1400000US36005016000,"Census Tract 160, Bronx County, New York",Bronx,3848,562,1739,354,97,91,82,71,64,75,54,49,43,55,37,51,38,59,16,28,215,116,158,104,98,71,78,58,172,118,125,93,61,62,74,53,46,34,53,51,7,11,149,89,51,43,21,31,0,14,2109,309,74,67,68,70,209,121,0,14,42,41,86,80,0,14,78,85,114,62,94,62,44,44,204,82,142,101,99,70,247,145,16,18,107,81,82,56,107,62,123,74,11,15,66,51,96,74
1400000US36005016100,"Census Tract 161, Bronx County, New York",Bronx,4703,695,2011,465,187,126,113,73,167,104,167,110,0,14,78,89,0,14,11,22,354,264,41,49,74,107,62,94,0,14,161,158,102,93,107,116,34,43,50,77,147,185,54,83,30,44,72,110,0,14,2692,417,106,105,188,153,117,134,15,36,14,25,5,14,93,92,0,14,42,57,232,83,86,67,272,139,33,52,195,103,295,190,74,86,53,66,342,299,144,113,205,162,18,30,53,65,110,134
1400000US36005016200,"Census Tract 162, Bronx County, New York",Bronx,1885,403,1015,280,132,155,22,25,151,112,21,21,33,29,12,18,9,14,38,48,40,33,48,49,142,97,54,32,31,24,22,14,53,38,32,32,36,31,16,12,27,21,13,20,45,28,18,17,20,14,870,155,0,14,36,39,28,29,77,64,24,23,13,16,15,21,10,17,57,60,78,59,64,44,24,27,83,40,34,19,63,41,28,25,67,49,13,17,23,25,19,17,23,24,11,14,80,54
1400000US36005016300,"Census Tract 163, Bronx County, New York",Bronx,0,14,0,14,0,14,0,14,0,14,0,14,0,14,0,14,0,14,0,14,0,14,0,14,0,14,0,14,0,14,0,14,0,14,0,14,0,14,0,14,0,14,0,14,0,14,0,14,0,14,0,14,0,14,0,14,0,14,0,14,0,14,0,14,0,14,0,14,0,14,0,14,0,14,0,14,0,14,0,14,0,14,0,14,0,14,0,14,0,14,0,14,0,14,0,14,0,14
1400000US36005016400,"Census Tract 164, Bronx County, New York",Bronx,1132,310,571,177,77,102,48,64,0,14,17,24,16,20,0,14,0,14,15,12,35,34,35,41,41,33,25,28,32,31,46,28,43,38,9,13,13,13,0,14,44,40,1,2,41,41,18,18,15,21,561,148,51,41,27,38,11,18,50,45,0,14,0,14,14,23,33,30,9,16,69,34,25,21,60,48,55,45,4,9,22,25,20,15,18,26,0,14,4,18,3,5,38,30,12,19,36,43
1400000US36005016500,"Census Tract 165, Bronx County, New York",Bronx,1311,285,642,193,66,57,76,62,29,31,13,18,0,14,0,14,0,14,0,14,50,39,202,114,97,69,0,14,0,14,27,31,64,53,5,7,13,20,0,14,0,14,0,14,0,14,0,14,0,14,669,180,79,84,51,47,14,21,31,37,0,14,0,14,0,14,11,25,122,98,61,57,82,49,34,29,25,28,20,27,50,38,7,11,20,32,0,14,35,39,1,2,26,42,0,14,0,14
1400000US36005016600,"Census Tract 166, Bronx County, New York",Bronx,2395,399,830,162,61,38,15,18,57,57,73,48,17,23,5,9,4,11,48,44,50,51,82,43,25,31,53,46,62,49,61,44,37,24,35,36,38,36,35,41,21,31,24,23,19,19,3,5,5,13,1565,364,44,32,82,83,334,189,61,51,0,14,14,23,15,23,31,33,101,55,39,24,132,99,146,88,72,48,182,103,74,32,30,33,84,44,2,4,10,11,92,48,4,8,11,12,5,12
1400000US36005016700,"Census Tract 167, Bronx County, New York",Bronx,3015,400,1387,270,186,115,61,63,106,57,65,65,29,42,0,14,23,34,136,145,154,95,81,86,97,67,141,111,58,53,1,3,104,81,54,53,74,56,17,18,0,14,0,14,0,14,0,14,0,14,1628,268,15,23,114,52,241,120,52,53,56,54,0,14,0,14,30,41,127,92,170,89,138,84,130,73,121,126,126,89,99,62,13,24,11,15,54,49,0,14,53,39,58,70,0,14,20,28
1400000US36005016900,"Census Tract 169, Bronx County, New York",Bronx,1944,312,990,252,123,80,27,34,120,72,55,83,56,25,0,14,0,14,8,15,43,56,83,97,24,46,38,50,54,62,111,54,43,49,31,25,0,14,26,26,77,62,20,24,51,62,0,14,0,14,954,296,66,74,83,112,38,30,30,34,0,14,17,40,6,11,33,53,101,80,270,187,32,59,118,73,42,36,5,10,32,28,22,27,2,5,0,14,57,48,0,14,0,14,0,14,0,14
1400000US36005017100,"Census Tract 171, Bronx County, New York",Bronx,0,14,0,14,0,14,0,14,0,14,0,14,0,14,0,14,0,14,0,14,0,14,0,14,0,14,0,14,0,14,0,14,0,14,0,14,0,14,0,14,0,14,0,14,0,14,0,14,0,14,0,14,0,14,0,14,0,14,0,14,0,14,0,14,0,14,0,14,0,14,0,14,0,14,0,14,0,14,0,14,0,14,0,14,0,14,0,14,0,14,0,14,0,14,0,14,0,14
1400000US36005017300,"Census Tract 173, Bronx County, New York",Bronx,5266,984,2291,738,38,68,55,70,138,124,245,261,108,94,114,98,0,19,0,19,134,127,135,202,125,135,295,247,333,222,270,258,6,55,55,99,14,27,68,112,0,19,102,121,23,39,33,52,0,19,2975,662,68,86,0,19,179,138,0,19,151,142,86,140,0,19,268,254,233,225,313,243,150,123,296,196,161,162,137,131,38,49,244,215,70,104,23,37,41,69,172,144,92,103,43,52,210,145
1400000US36005017500,"Census Tract 175, Bronx County, New York",Bronx,6264,976,2319,614,52,88,211,171,358,184,0,19,0,19,0,19,112,124,212,173,204,170,133,141,127,181,153,174,162,180,40,59,71,92,22,51,145,136,58,102,3,8,246,239,0,19,0,19,10,19,3945,787,507,437,171,175,392,173,341,207,40,60,155,166,93,143,162,120,71,111,349,209,124,111,65,86,175,129,171,138,295,310,16,33,113,105,0,19,0,19,223,173,462,242,0,19,20,42
1400000US36005017701,"Census Tract 177.01, Bronx County, New York",Bronx,5395,828,2476,566,135,120,20,66,86,101,154,142,118,123,0,19,0,19,332,146,243,176,71,77,110,85,131,126,218,228,62,72,197,82,101,60,69,64,149,82,8,17,26,24,87,84,103,96,56,49,2919,494,299,227,0,19,319,169,111,89,57,66,0,19,0,19,185,124,305,186,162,148,103,135,362,191,302,119,273,113,141,72,35,45,46,61,36,53,44,43,16,29,41,29,0,19,82,77
1400000US36005017702,"Census Tract 177.02, Bronx County, New York",Bronx,5232,1071,2687,719,188,148,125,125,320,230,71,76,220,209,255,227,16,27,47,72,141,109,57,70,263,186,0,19,66,76,144,113,330,212,148,173,127,107,10,19,0,19,99,120,60,74,0,19,0,19,2545,532,149,152,85,89,173,144,149,124,39,61,0,19,9,24,58,59,140,111,125,118,91,98,245,157,129,99,85,95,344,187,39,43,182,108,143,144,63,64,57,65,73,66,60,75,107,133
1400000US36005017901,"Census Tract 179.01, Bronx County, New York",Bronx,4968,876,2531,487,188,134,233,104,167,120,58,49,51,50,32,42,73,74,70,57,241,146,161,130,162,116,90,85,371,326,97,81,242,125,14,27,56,52,47,54,131,95,23,38,0,14,0,14,24,38,2437,510,171,106,80,69,210,118,103,87,25,46,0,14,87,98,121,111,210,117,183,121,132,76,134,79,343,273,149,93,97,68,25,32,148,79,1,3,19,30,66,62,54,58,41,47,38,39
1400000US36005017902,"Census Tract 179.02, Bronx County, New York",Bronx,3030,729,1219,409,0,14,67,103,138,161,139,81,0,14,0,14,0,14,59,89,129,126,47,65,136,113,74,106,0,14,142,177,140,113,0,14,0,14,27,47,17,28,12,11,19,31,73,109,0,14,1811,471,258,226,189,241,131,130,100,119,0,14,84,109,22,37,0,14,0,14,113,104,78,59,130,144,210,180,43,55,118,96,76,86,34,38,59,100,101,111,0,14,65,99,0,14,0,14
1400000US36005018101,"Census Tract 181.01, Bronx County, New York",Bronx,2881,709,1703,596,24,40,159,214,319,239,18,29,111,79,1,3,18,28,74,57,151,126,233,159,181,153,50,75,53,43,29,45,166,137,0,14,43,43,0,14,0,14,0,14,56,65,0,14,17,26,1178,275,73,67,78,72,35,38,28,32,0,14,0,14,0,14,100,78,107,74,37,43,124,127,25,32,0,14,78,58,182,95,102,108,22,30,0,14,15,25,17,28,44,68,35,41,76,76
1400000US36005018102,"Census Tract 181.02, Bronx County, New York",Bronx,5324,919,2348,520,151,105,241,139,254,197,145,111,11,20,72,80,14,27,51,60,39,54,249,166,134,97,147,84,167,112,59,58,249,124,16,20,132,105,37,59,64,68,32,36,47,44,37,41,0,19,2976,649,72,59,144,120,176,100,209,125,68,70,29,42,26,42,41,53,23,37,175,134,172,119,126,109,232,159,160,85,275,175,85,59,39,47,41,38,445,526,121,69,57,46,76,70,184,180
1400000US36005018301,"Census Tract 183.01, Bronx County, New York",Bronx,3933,561,1761,314,108,60,94,66,112,104,72,81,45,50,9,16,0,14,17,24,41,64,123,89,191,154,98,76,155,102,77,60,138,88,48,42,29,32,43,65,76,59,71,72,104,87,61,49,49,37,2172,422,139,118,75,101,90,108,48,46,0,14,46,51,0,14,23,27,136,89,128,107,173,104,114,70,85,61,200,97,137,62,104,74,108,85,46,58,65,48,119,78,49,33,88,89,199,152
1400000US36005018302,"Census Tract 183.02, Bronx County, New York",Bronx,3295,589,1461,368,224,168,68,96,114,76,157,113,9,19,0,14,61,81,12,26,37,56,155,190,95,88,134,72,71,70,101,101,0,14,2,24,146,83,35,37,0,14,20,31,0,14,20,31,0,14,1834,430,71,71,112,83,240,164,0,14,37,47,0,14,29,41,34,54,128,127,135,92,330,354,112,76,12,25,36,40,176,110,94,90,38,45,31,38,0,14,55,59,37,39,60,94,67,51
1400000US36005018400,"Census Tract 184, Bronx County, New York",Bronx,3886,669,1937,379,217,179,119,82,169,83,50,39,26,41,0,14,42,49,63,42,117,86,205,130,32,37,58,86,234,115,115,96,78,46,93,78,16,30,19,29,83,40,134,100,30,34,31,37,6,11,1949,428,100,117,116,70,198,133,41,40,43,53,10,15,0,14,86,54,205,157,63,55,203,84,124,92,169,108,47,46,130,74,61,61,45,48,17,19,108,89,93,63,0,14,47,36,43,50
1400000US36005018501,"Census Tract 185.01, Bronx County, New York",Bronx,3775,706,1886,477,176,187,120,97,153,174,82,71,0,14,95,107,0,14,35,57,39,49,56,67,102,102,139,84,223,267,201,137,171,115,18,33,41,47,111,122,66,78,58,65,0,14,0,14,0,14,1889,366,233,167,201,116,130,90,150,115,0,14,56,65,69,102,58,93,142,140,135,97,219,108,23,38,229,193,49,58,45,62,0,14,0,14,59,56,50,41,33,49,8,22,0,14,0,14
1400000US36005018502,"Census Tract 185.02, Bronx County, New York",Bronx,5525,1011,2449,613,63,103,217,255,91,130,60,81,49,80,17,41,0,19,160,232,436,238,343,162,198,156,52,61,108,125,82,62,281,166,35,48,124,153,51,86,22,28,44,44,16,26,0,19,0,19,3076,849,225,228,259,303,119,122,54,107,253,154,0,19,111,181,220,227,85,75,266,226,184,143,136,119,210,102,95,110,240,208,142,137,118,144,0,19,119,159,67,92,172,152,1,4,0,19
1400000US36005018900,"Census Tract 189, Bronx County, New York",Bronx,8244,1042,3797,695,346,220,115,129,624,326,113,131,122,109,0,19,0,19,51,65,411,219,291,192,223,219,455,244,165,122,99,99,294,189,68,80,170,124,8,16,87,74,44,73,82,87,7,14,22,37,4447,872,160,128,266,268,515,292,189,164,124,117,114,105,98,126,170,150,398,232,295,205,466,253,425,216,180,119,174,138,367,184,167,147,36,56,151,118,36,56,19,23,37,61,44,73,16,14
1400000US36005019300,"Census Tract 193, Bronx County, New York",Bronx,5949,987,3153,859,0,19,377,257,490,257,82,190,0,19,11,56,155,178,28,50,202,203,331,341,354,385,210,159,307,262,128,106,83,121,38,59,0,19,0,19,74,110,119,128,58,97,106,124,0,19,2796,582,75,114,117,156,125,143,138,182,342,210,0,19,0,19,153,183,272,288,165,160,58,57,260,126,191,173,185,197,199,187,119,158,141,130,0,19,75,82,109,124,29,66,8,46,35,62
1400000US36005019400,"Census Tract 194, Bronx County, New York",Bronx,2117,350,1087,190,54,45,85,55,86,53,56,37,17,19,0,14,0,14,39,37,86,72,72,42,6,13,45,34,124,81,93,57,37,31,37,30,50,45,20,26,7,12,16,18,18,22,116,117,23,22,1030,241,23,35,28,36,127,81,77,58,0,14,0,14,58,58,3,5,115,65,57,54,27,29,71,34,37,30,76,62,191,65,24,24,3,8,4,6,37,23,22,23,18,22,11,12,21,29
1400000US36005019500,"Census Tract 195, Bronx County, New York",Bronx,7738,1832,4241,1131,367,266,398,398,203,199,144,127,0,19,0,19,40,54,81,85,633,331,366,216,365,302,398,250,141,196,257,185,242,144,148,156,150,204,140,175,108,97,34,58,26,40,0,19,0,19,3497,897,504,501,230,221,137,121,91,101,25,42,56,78,56,78,85,86,187,148,440,341,166,124,143,109,7,17,415,146,284,196,6,13,160,126,30,50,109,98,153,143,73,79,0,19,140,127
1400000US36005019700,"Census Tract 197, Bronx County, New York",Bronx,7628,1188,3808,821,250,184,135,108,667,381,173,166,156,172,0,19,0,19,243,147,247,176,353,243,159,157,361,236,299,158,141,122,149,122,117,124,68,71,69,83,0,19,49,61,79,77,70,80,23,37,3820,886,430,302,424,332,320,201,145,135,0,19,65,71,0,19,97,99,157,139,254,186,271,174,275,177,235,160,256,153,514,472,135,110,0,19,14,26,12,19,181,143,35,56,0,19,0,19
1400000US36005019900,"Census Tract 199, Bronx County, New York",Bronx,6852,1230,3134,941,274,193,491,336,200,172,40,65,50,59,0,19,52,65,161,146,30,46,66,63,528,243,198,140,374,374,66,66,230,216,23,36,32,49,136,181,79,91,104,162,0,19,0,19,0,19,3718,508,49,87,87,80,212,186,86,130,38,63,29,45,0,19,42,67,435,187,474,260,364,228,164,141,158,123,354,212,443,211,44,61,156,141,0,19,192,157,205,170,30,47,90,142,66,75
1400000US36005020000,"Census Tract 200, Bronx County, New York",Bronx,4419,571,2160,375,266,126,191,88,179,107,83,63,39,32,40,32,6,9,78,67,156,86,161,130,177,102,142,76,43,39,229,119,105,62,46,44,76,45,35,45,29,29,45,47,15,23,0,14,19,30,2259,362,121,91,233,150,169,90,51,48,41,33,0,14,6,10,213,109,166,139,151,77,120,75,147,73,198,86,174,82,55,49,101,70,8,12,32,61,19,29,50,47,108,68,67,42,29,34
1400000US36005020100,"Census Tract 201, Bronx County, New York",Bronx,3845,662,1578,376,193,157,40,49,52,69,179,100,26,39,54,70,0,14,86,86,167,123,102,94,173,110,65,53,38,41,78,100,142,115,17,27,0,14,0,14,18,29,55,66,86,73,7,12,0,14,2267,511,123,116,99,95,160,108,106,63,197,185,0,14,0,14,144,131,108,89,174,109,156,100,251,199,28,34,97,94,162,125,15,26,102,82,80,87,117,93,42,52,102,88,4,6,0,14
1400000US36005020200,"Census Tract 202, Bronx County, New York",Bronx,2602,354,1414,222,157,80,101,59,31,24,55,46,24,28,13,21,31,37,33,29,215,74,35,31,110,64,78,50,74,59,62,43,87,46,34,28,21,22,20,23,12,19,104,53,32,40,0,14,85,139,1188,177,154,64,71,41,27,29,14,14,32,45,32,31,5,8,53,35,97,61,99,35,57,56,109,70,21,24,35,27,81,42,0,14,27,23,21,19,26,24,93,50,46,40,60,76,28,23
1400000US36005020400,"Census Tract 204, Bronx County, New York",Bronx,2829,520,1550,379,158,140,158,126,88,78,71,58,24,18,0,14,51,57,31,32,172,107,135,90,113,96,128,113,43,44,97,89,103,63,13,21,41,35,11,18,69,48,18,30,2,4,0,14,24,25,1279,283,143,119,36,56,97,80,11,18,37,37,47,63,11,20,50,64,79,72,141,79,63,70,90,61,71,55,72,57,174,72,10,12,12,18,12,20,23,25,0,14,52,45,24,27,24,39
1400000US36005020501,"Census Tract 205.01, Bronx County, New York",Bronx,8397,1216,3400,838,667,406,438,252,251,201,30,61,110,99,109,119,0,19,0,19,111,134,205,139,42,67,23,44,356,241,392,247,121,127,134,133,201,155,28,41,11,25,83,110,9,24,0,19,79,115,4997,812,186,201,414,181,560,257,234,166,111,129,0,19,141,182,120,163,484,282,262,148,352,156,255,171,485,234,278,194,239,156,54,66,82,62,153,129,236,148,94,76,52,67,162,95,43,51
1400000US36005020502,"Census Tract 205.02, Bronx County, New York",Bronx,2331,375,1216,272,93,47,44,72,81,41,26,33,58,33,40,22,104,193,7,11,50,66,107,74,4,7,153,66,69,40,17,21,178,100,1,3,14,18,0,14,74,47,43,37,41,39,0,14,12,18,1115,233,0,14,55,55,29,38,117,95,58,30,18,29,0,14,74,84,47,43,60,65,96,51,42,22,41,33,77,74,68,60,39,71,97,74,13,16,27,39,72,41,15,23,16,24,54,41
1400000US36005020601,"Census Tract 206.01, Bronx County, New York",Bronx,2852,638,1298,331,95,78,30,40,116,70,111,70,33,26,0,14,29,40,137,106,30,28,151,93,59,57,85,81,166,109,4,9,87,57,0,14,18,24,29,32,46,48,40,29,0,14,32,47,0,14,1554,357,83,83,28,46,75,73,166,92,54,59,19,19,36,40,25,23,167,73,103,79,133,54,211,142,72,54,26,28,54,51,22,38,26,34,23,32,26,23,77,46,43,40,39,46,46,52
1400000US36005020900,"Census Tract 209, Bronx County, New York",Bronx,4809,787,2180,513,195,176,175,130,383,236,48,53,38,59,0,14,70,79,45,70,120,107,154,130,234,175,133,83,103,86,127,103,103,100,41,44,99,102,0,14,37,49,40,43,14,21,21,33,0,14,2629,375,121,113,301,206,206,166,152,147,18,29,19,29,0,14,42,46,126,113,282,145,277,131,220,96,171,109,214,156,117,69,65,85,48,45,62,48,94,91,32,35,15,24,14,21,33,37
1400000US36005021001,"Census Tract 210.01, Bronx County, New York",Bronx,7347,1080,3416,600,304,176,227,201,119,109,42,64,86,82,70,91,0,19,125,145,254,225,290,231,370,245,213,122,200,140,123,109,300,179,117,124,164,137,0,19,54,70,278,249,36,54,21,36,23,39,3931,755,147,124,82,94,441,308,47,69,69,67,49,75,17,34,198,157,360,228,284,194,314,163,230,158,141,97,342,144,286,168,32,37,163,119,48,55,59,48,315,197,142,95,76,66,89,100
1400000US36005021002,"Census Tract 210.02, Bronx County, New York",Bronx,7434,1507,3404,802,294,243,154,115,410,383,118,77,25,38,21,36,0,19,49,76,66,70,412,322,404,321,176,95,72,69,339,199,193,110,40,46,149,88,140,114,130,123,47,40,72,53,42,56,51,79,4030,837,82,89,373,355,415,307,33,39,98,80,18,27,53,51,194,102,201,107,425,297,345,151,137,103,191,102,408,155,215,107,40,44,172,114,17,28,115,54,216,80,123,95,76,68,83,59
1400000US36005021100,"Census Tract 211, Bronx County, New York",Bronx,5922,1104,2758,510,50,44,91,79,464,204,113,108,89,90,0,19,56,58,35,39,238,134,372,177,163,200,99,72,242,145,97,89,165,110,103,168,64,86,46,61,83,85,56,65,132,118,0,19,0,19,3164,846,350,271,323,264,266,188,62,71,157,127,30,48,0,19,300,305,238,143,100,98,151,91,253,136,170,99,125,89,99,73,0,19,66,72,92,86,91,72,146,190,116,102,29,40,0,19
1400000US36005021200,"Census Tract 212, Bronx County, New York",Bronx,5322,749,2763,501,378,176,116,78,191,117,0,19,23,35,0,19,34,47,90,104,148,189,205,155,93,67,335,251,78,68,122,94,222,134,152,121,105,88,43,43,47,51,118,75,129,114,57,77,77,93,2559,403,217,158,80,63,115,63,97,75,17,22,96,88,0,19,25,41,238,193,193,86,63,57,214,116,201,136,51,55,82,65,113,85,265,107,0,19,78,62,190,122,58,53,65,78,101,77
1400000US36005021301,"Census Tract 213.01, Bronx County, New York",Bronx,1289,589,662,460,83,98,36,58,57,59,33,58,92,100,9,13,0,14,25,45,24,39,4,6,49,69,14,26,58,30,76,87,19,24,32,35,0,14,16,25,0,14,18,30,0,14,17,24,0,14,627,180,40,73,30,45,38,26,31,21,22,32,48,49,0,14,17,26,55,44,20,28,0,14,67,57,69,54,34,41,75,53,25,26,8,13,0,14,0,14,33,34,0,14,15,21,0,14
1400000US36005021302,"Census Tract 213.02, Bronx County, New York",Bronx,5898,980,3122,576,217,249,136,112,185,147,48,44,93,76,113,94,24,42,251,170,185,154,24,39,224,207,403,188,214,136,142,140,266,160,0,19,28,47,0,19,61,68,110,108,131,147,62,69,205,295,2776,629,175,172,83,115,113,101,155,108,106,94,100,97,55,66,145,140,0,19,40,59,232,134,133,91,83,74,206,110,292,124,0,19,45,79,49,53,158,124,215,247,300,288,0,19,91,99
1400000US36005021501,"Census Tract 215.01, Bronx County, New York",Bronx,4346,897,2007,569,319,182,62,57,225,224,109,82,64,46,30,19,10,16,25,36,100,86,111,150,180,143,96,98,147,114,50,51,93,85,102,163,131,101,1,2,103,76,1,3,3,5,0,14,45,51,2339,479,108,108,349,274,176,132,98,99,3,5,112,107,8,19,10,26,196,154,377,210,191,126,92,78,156,101,91,75,126,87,81,68,65,81,17,28,0,14,64,56,19,31,0,14,0,14
1400000US36005021502,"Census Tract 215.02, Bronx County, New York",Bronx,6235,1008,3144,677,128,128,186,146,515,428,321,278,85,96,140,189,0,19,36,57,197,146,32,56,136,144,128,104,163,186,292,247,426,262,0,19,114,170,166,164,0,19,19,41,48,82,12,27,0,19,3091,544,134,125,142,136,225,169,95,87,93,112,15,38,12,27,208,191,144,113,244,129,375,315,373,270,229,156,131,123,83,70,82,76,297,179,0,19,118,159,0,19,49,78,40,71,2,3
1400000US36005021601,"Census Tract 216.01, Bronx County, New York",Bronx,4118,761,2200,504,164,130,167,121,120,110,199,93,62,67,0,14,0,14,120,194,330,216,204,120,110,75,251,145,26,39,137,98,64,74,67,79,73,78,10,21,53,52,31,44,12,19,0,14,0,14,1918,425,122,107,128,112,135,113,64,99,79,75,0,14,0,14,141,111,83,69,203,107,165,95,162,84,79,65,71,70,91,80,32,34,58,49,97,72,123,116,41,50,36,34,8,12,0,14
1400000US36005021602,"Census Tract 216.02, Bronx County, New York",Bronx,6027,1028,3054,660,220,149,233,115,259,187,70,68,160,147,0,19,15,22,121,132,85,89,134,124,186,161,298,193,254,153,164,99,249,152,0,19,86,75,161,138,75,63,84,70,133,109,28,40,39,46,2973,611,248,145,282,207,114,84,44,48,39,47,20,34,0,19,129,120,210,176,269,172,447,301,105,92,129,80,101,74,145,106,73,80,158,120,47,53,57,41,178,128,136,90,23,34,19,31
1400000US36005021700,"Census Tract 217, Bronx County, New York",Bronx,5006,849,2510,533,236,273,258,208,84,96,134,100,40,51,54,74,0,19,30,36,206,102,107,104,202,121,211,141,154,131,160,146,359,152,44,36,27,42,30,43,30,39,66,90,64,88,14,24,0,19,2496,494,225,173,74,81,186,124,46,49,65,43,2,4,0,19,78,79,373,167,267,131,72,53,157,116,75,65,118,79,269,173,166,96,86,87,40,38,62,58,100,87,15,27,20,33,0,19
1400000US36005021800,"Census Tract 218, Bronx County, New York",Bronx,6050,997,3347,732,257,153,136,100,225,122,111,94,83,88,78,77,0,19,172,137,205,116,49,73,457,319,350,292,253,168,69,64,488,250,162,154,76,72,10,25,39,47,72,91,23,44,32,37,0,19,2703,532,58,96,176,160,82,71,164,168,189,284,102,168,0,19,68,81,195,143,142,92,78,77,254,125,173,169,285,97,118,117,44,62,120,98,173,94,50,48,24,34,116,105,77,53,15,25
1400000US36005021900,"Census Tract 219, Bronx County, New York",Bronx,1488,153,970,123,20,23,87,30,105,67,7,10,0,14,0,14,45,14,104,110,101,24,61,53,0,14,129,49,49,36,72,62,96,72,9,11,23,28,0,14,8,12,28,21,11,15,0,14,15,18,518,108,32,43,11,24,0,14,0,14,52,24,0,14,0,14,36,43,20,20,35,32,131,50,51,40,30,24,25,21,20,18,0,14,0,14,7,11,32,52,29,11,7,11,0,14,0,14
1400000US36005022000,"Census Tract 220, Bronx County, New York",Bronx,1872,349,896,220,90,105,123,51,91,56,27,35,27,25,6,9,21,28,36,38,73,56,18,27,81,61,28,30,42,44,32,34,52,39,0,14,60,38,0,14,18,35,5,7,0,14,0,14,66,50,976,207,106,80,59,58,51,46,65,41,38,44,6,10,0,14,29,34,116,106,50,41,109,50,34,30,57,45,74,49,66,41,3,9,0,14,58,54,0,14,1,2,8,12,0,14,46,53
1400000US36005022101,"Census Tract 221.01, Bronx County, New York",Bronx,3752,746,1985,537,20,31,511,350,71,54,105,84,138,105,80,90,0,14,123,100,190,148,91,79,145,100,154,142,62,46,65,43,24,39,27,41,12,28,11,17,0,14,118,187,31,38,7,18,0,14,1767,344,174,152,107,84,38,50,94,98,73,78,0,14,69,43,53,59,185,143,143,95,62,33,163,104,224,126,20,25,146,74,51,57,59,62,0,14,68,107,9,15,21,34,8,19,0,14
1400000US36005022102,"Census Tract 221.02, Bronx County, New York",Bronx,5144,915,2310,583,101,97,256,177,190,120,93,93,38,46,18,38,81,80,109,96,75,67,189,142,101,90,216,166,75,59,290,157,85,73,18,27,40,36,88,92,81,80,55,48,58,53,16,25,37,42,2834,576,196,179,243,192,270,127,95,92,54,64,109,147,52,80,62,72,183,148,264,131,300,154,213,227,104,65,107,72,87,71,84,75,110,89,8,12,67,53,40,40,170,100,16,24,0,19
1400000US36005022200,"Census Tract 222, Bronx County, New York",Bronx,3330,482,1704,302,34,40,116,61,179,73,120,73,0,14,0,14,20,23,36,31,72,67,198,94,105,61,123,78,38,48,151,121,127,71,156,99,97,70,0,14,35,31,70,37,25,39,2,11,0,14,1626,253,85,64,166,86,156,75,78,50,44,53,10,16,0,14,105,70,46,46,85,62,189,77,91,46,104,69,57,48,107,68,31,32,71,53,10,14,41,35,58,54,23,33,45,57,24,22
1400000US36005022300,"Census Tract 223, Bronx County, New York",Bronx,4867,893,2338,583,140,133,184,166,304,166,180,110,44,45,71,82,41,55,29,45,246,193,110,81,97,88,127,89,197,149,155,115,212,274,47,72,24,39,60,68,26,39,18,30,26,40,0,14,0,14,2529,591,47,70,54,66,155,143,155,136,86,80,19,30,108,105,60,57,358,296,71,57,162,143,142,124,190,113,286,187,281,138,18,30,36,41,63,65,0,14,54,45,38,42,29,44,117,143
1400000US36005022401,"Census Tract 224.01, Bronx County, New York",Bronx,2433,391,1134,241,51,43,105,79,61,70,38,34,11,18,0,14,10,16,39,47,28,31,153,88,72,53,32,34,33,30,194,117,54,55,0,14,41,37,0,14,89,78,66,62,44,69,2,4,11,20,1299,268,137,100,104,84,80,72,60,59,10,15,43,54,0,14,24,37,32,44,111,74,115,61,72,54,14,22,101,68,83,57,42,36,53,54,20,28,53,43,24,25,53,61,9,15,59,55
1400000US36005022403,"Census Tract 224.03, Bronx County, New York",Bronx,2782,512,1193,267,97,89,72,65,30,29,0,14,35,50,16,2,0,14,50,61,94,68,168,94,147,83,61,60,80,85,84,48,162,106,23,26,50,45,0,14,8,14,9,15,0,14,7,11,0,14,1589,332,163,108,90,82,63,49,17,29,60,57,32,50,0,14,18,22,85,46,183,123,140,76,95,68,153,102,59,42,178,87,52,58,7,13,49,40,22,25,31,32,68,79,0,14,24,29
1400000US36005022404,"Census Tract 224.04, Bronx County, New York",Bronx,4292,593,1911,314,20,32,110,84,173,90,23,32,4,7,22,28,32,45,60,43,160,105,133,87,131,72,148,95,249,132,122,134,167,86,117,84,53,50,26,29,35,31,73,47,21,32,32,34,0,14,2381,429,105,109,156,93,157,114,197,189,32,25,0,14,30,32,119,73,112,80,185,98,174,102,122,78,106,59,111,63,286,152,44,50,40,49,153,173,56,48,85,64,48,63,23,23,40,40
1400000US36005022500,"Census Tract 225, Bronx County, New York",Bronx,8040,1518,4310,911,149,149,279,167,283,229,334,143,22,45,6,9,9,14,163,115,558,342,491,282,361,168,282,183,182,128,231,155,425,264,10,24,161,143,97,50,38,52,120,127,0,19,0,19,109,147,3730,776,305,253,202,116,337,235,173,165,104,99,81,65,59,83,89,74,320,198,337,137,274,179,226,115,263,132,46,53,179,147,148,122,96,80,108,113,71,66,175,148,59,68,32,51,46,72
1400000US36005022701,"Census Tract 227.01, Bronx County, New York",Bronx,4942,666,2110,412,166,121,235,100,91,93,51,56,167,154,0,14,23,37,40,58,221,195,188,182,190,113,45,57,144,127,133,107,269,156,25,34,0,14,8,13,25,35,47,64,26,37,16,26,0,14,2832,589,175,132,166,127,185,159,68,72,78,119,83,119,0,14,43,58,294,141,142,82,533,234,142,118,401,325,98,67,88,79,64,72,75,82,7,25,107,98,67,45,0,14,16,29,0,14
1400000US36005022702,"Census Tract 227.02, Bronx County, New York",Bronx,1071,208,453,136,7,14,23,37,23,37,0,14,8,12,11,18,0,14,19,30,141,97,0,14,29,39,50,63,0,14,0,14,38,42,14,21,7,16,0,14,15,22,59,67,9,14,0,14,0,14,618,115,0,14,35,42,0,14,17,25,22,35,0,14,14,22,33,39,0,14,95,65,29,34,17,25,41,46,118,71,5,12,73,64,25,35,9,14,26,24,46,33,0,14,0,14,13,19
1400000US36005022703,"Census Tract 227.03, Bronx County, New York",Bronx,1685,637,667,260,54,87,35,36,66,88,31,45,7,11,0,14,13,19,22,24,32,28,18,15,102,91,15,24,32,30,23,33,48,54,25,31,23,26,0,14,45,47,6,9,61,39,9,15,0,14,1018,402,64,104,38,37,99,99,61,74,14,20,63,71,7,13,9,14,88,88,113,64,107,123,41,51,53,48,28,23,12,17,40,46,7,11,35,44,48,44,28,39,20,19,43,46,0,14
1400000US36005022800,"Census Tract 228, Bronx County, New York",Bronx,5744,842,2834,546,235,186,274,175,183,173,81,131,47,80,39,55,180,142,167,123,195,130,174,115,179,129,132,100,28,45,211,179,248,171,77,74,16,29,112,130,112,87,60,96,35,43,49,56,0,19,2910,492,192,161,151,156,166,135,73,120,23,43,63,101,49,79,125,146,284,183,241,123,120,109,141,99,237,206,400,227,183,94,43,49,95,90,42,67,43,37,153,124,50,61,0,19,36,46
1400000US36005022901,"Census Tract 229.01, Bronx County, New York",Bronx,5927,794,2979,554,52,77,157,141,362,251,134,95,68,75,0,19,62,84,307,178,395,245,172,119,233,181,97,98,388,239,132,80,259,181,85,93,37,43,15,29,0,19,24,44,0,19,0,19,0,19,2948,481,273,194,137,117,292,172,196,165,129,132,9,19,55,89,60,52,240,110,214,133,171,102,166,120,239,130,185,135,266,110,51,80,61,64,0,19,48,54,83,84,12,18,61,70,0,19
1400000US36005022902,"Census Tract 229.02, Bronx County, New York",Bronx,3378,677,1436,495,146,128,136,121,147,116,35,49,0,14,0,14,0,14,12,20,79,97,439,421,102,94,22,34,39,64,95,99,10,21,17,26,46,73,57,88,35,57,19,31,0,14,0,14,0,14,1942,436,112,132,101,114,67,79,186,127,0,14,10,16,20,32,147,130,164,124,244,190,134,96,209,123,166,116,0,14,74,82,9,15,38,60,141,113,18,28,66,66,36,39,0,14,0,14
1400000US36005023000,"Census Tract 230, Bronx County, New York",Bronx,2889,618,1523,408,329,169,114,90,108,116,46,54,17,22,12,20,17,27,9,15,83,65,286,147,128,90,56,60,46,44,138,87,34,54,0,14,27,27,0,14,19,18,17,20,37,49,0,14,0,14,1366,351,19,34,146,75,116,79,103,99,41,41,0,14,16,29,28,48,165,120,30,27,157,121,112,61,55,46,89,47,53,39,24,25,114,119,8,13,7,13,32,42,27,38,0,14,24,24
1400000US36005023100,"Census Tract 231, Bronx County, New York",Bronx,1420,312,756,252,15,24,10,19,95,61,67,95,21,38,4,8,0,14,34,36,23,29,109,98,25,34,21,32,41,46,90,71,37,38,9,19,60,51,34,40,23,32,30,39,0,14,4,9,4,9,664,181,24,38,55,42,104,82,59,54,19,29,0,14,0,14,13,29,24,43,62,55,20,22,53,58,37,39,39,58,12,13,37,38,18,18,5,8,28,31,16,19,19,20,0,14,20,24
1400000US36005023200,"Census Tract 232, Bronx County, New York",Bronx,2626,397,1410,217,153,96,122,80,166,136,44,38,85,47,13,13,31,34,47,34,139,74,124,63,62,36,111,72,19,25,63,36,49,31,14,19,51,41,0,14,39,24,38,38,14,13,22,25,4,8,1216,223,155,82,82,84,59,43,40,37,7,12,30,31,12,20,36,35,115,63,84,47,107,56,52,36,34,29,110,69,74,43,53,38,9,14,40,38,13,15,28,21,12,15,6,9,58,40
1400000US36005023301,"Census Tract 233.01, Bronx County, New York",Bronx,3841,512,1556,367,52,53,46,51,97,110,61,90,34,61,12,19,43,55,130,117,144,107,218,151,155,111,7,17,65,71,143,111,35,42,63,75,114,95,65,93,21,34,38,40,0,14,13,21,0,14,2285,411,192,146,192,87,191,174,53,60,17,27,6,13,75,121,26,45,202,161,218,92,68,70,90,76,152,124,110,94,201,129,131,82,83,74,18,30,92,102,47,79,59,55,43,56,19,33
1400000US36005023302,"Census Tract 233.02, Bronx County, New York",Bronx,3955,658,2095,452,203,162,209,222,158,82,143,95,41,53,63,73,38,47,162,145,39,55,264,203,30,51,246,123,88,83,21,49,160,69,13,29,35,46,0,14,75,65,73,73,34,36,0,14,0,14,1860,341,46,59,21,26,140,117,194,122,59,78,86,83,112,67,104,98,154,81,130,146,70,64,227,81,175,105,89,73,68,47,41,50,75,65,0,14,7,19,58,61,1,2,0,14,3,6
1400000US36005023501,"Census Tract 235.01, Bronx County, New York",Bronx,2963,588,1286,382,0,14,127,130,86,135,19,34,35,46,0,14,0,14,229,203,52,53,121,104,148,188,0,14,99,91,41,47,40,45,25,29,133,147,21,34,89,74,15,24,6,11,0,14,0,14,1677,329,177,173,173,190,20,34,20,34,10,17,0,14,23,38,137,113,162,102,439,135,85,74,0,14,4,9,83,78,93,75,0,14,26,36,19,34,16,25,25,26,6,10,159,183,0,14
1400000US36005023502,"Census Tract 235.02, Bronx County, New York",Bronx,4490,988,1684,291,5,8,76,78,52,61,0,14,17,25,0,14,35,52,64,66,162,107,153,156,278,216,136,76,112,123,80,66,17,27,52,68,71,89,8,8,198,162,86,85,35,36,47,77,0,14,2806,846,455,359,142,128,91,73,255,146,56,55,0,14,20,33,148,102,155,95,204,138,77,88,186,177,241,120,105,83,221,114,29,31,103,70,0,14,91,86,110,117,3,5,46,57,68,73
1400000US36005023600,"Census Tract 236, Bronx County, New York",Bronx,1782,373,1025,282,110,95,56,52,140,93,27,18,23,23,0,14,0,14,41,37,108,86,103,60,82,55,91,43,24,27,80,66,45,36,10,17,5,9,14,16,7,15,14,23,15,20,15,18,15,19,757,204,20,29,77,63,61,51,31,28,8,12,0,14,31,22,46,48,36,30,76,42,70,38,30,23,40,33,48,29,39,37,33,32,0,14,16,25,22,21,0,14,39,30,34,40,0,14
1400000US36005023702,"Census Tract 237.02, Bronx County, New York",Bronx,1021,476,576,360,17,17,35,55,107,119,0,14,0,14,0,14,7,10,36,41,38,40,16,16,39,31,55,77,7,9,80,78,68,66,20,35,0,14,19,28,0,14,0,14,23,37,0,14,9,14,445,158,79,111,8,11,38,59,0,14,0,14,0,14,0,14,0,14,29,26,46,46,33,42,16,27,50,47,10,25,52,39,24,32,18,31,0,14,18,15,0,14,0,14,0,14,24,23
1400000US36005023703,"Census Tract 237.03, Bronx County, New York",Bronx,4959,865,2245,466,174,170,285,156,255,180,92,102,37,46,0,14,37,46,19,23,193,217,201,180,193,117,167,107,99,93,105,88,119,78,16,24,93,93,35,50,47,75,55,77,23,37,0,14,0,14,2714,578,173,139,94,72,235,150,118,79,153,117,0,14,33,62,163,113,216,142,108,101,256,116,80,71,492,422,143,93,157,85,0,14,15,25,69,79,97,78,30,47,46,55,27,34,9,20
1400000US36005023704,"Census Tract 237.04, Bronx County, New York",Bronx,3358,585,1651,358,112,104,218,156,258,161,6,15,199,148,0,14,13,23,37,45,34,56,37,54,55,76,97,110,117,114,50,63,142,99,86,68,57,57,0,14,89,104,36,58,8,17,0,14,0,14,1707,363,17,29,68,68,36,52,24,37,29,51,82,128,0,14,0,14,82,83,243,207,273,133,90,67,313,150,45,44,204,129,27,46,12,18,16,28,79,84,30,54,37,57,0,14,0,14
1400000US36005023800,"Census Tract 238, Bronx County, New York",Bronx,2552,381,1266,232,95,66,129,87,95,62,54,34,47,37,24,23,33,29,52,41,131,54,130,84,86,76,77,43,69,46,42,26,85,59,7,11,31,25,0,14,1,2,25,23,29,35,0,14,24,30,1286,204,104,66,71,55,90,53,56,37,35,24,42,42,8,12,30,30,110,63,113,53,48,40,95,55,140,57,67,40,55,38,72,48,57,37,5,7,13,20,21,21,31,38,7,11,16,26
1400000US36005023900,"Census Tract 239, Bronx County, New York",Bronx,8591,1670,4297,1099,474,449,0,19,348,213,319,209,250,175,9,19,0,19,339,273,188,209,265,169,396,334,173,166,356,262,163,166,210,199,370,305,221,147,63,98,63,103,0,19,90,120,0,19,0,19,4294,771,463,279,266,238,137,154,228,168,149,191,0,19,5,12,136,144,251,199,587,371,337,190,398,163,116,145,200,207,463,255,177,164,121,133,104,93,0,19,68,99,88,95,0,19,0,19
1400000US36005024000,"Census Tract 240, Bronx County, New York",Bronx,3855,712,1833,459,51,58,0,14,156,171,68,45,12,18,0,14,43,54,129,138,65,74,248,161,144,91,179,194,51,54,171,149,62,57,164,100,61,50,54,89,53,52,75,71,0,14,16,28,31,35,2022,422,108,87,75,73,88,83,70,62,168,145,0,14,47,53,30,44,111,81,152,85,105,94,181,120,99,70,164,129,216,122,67,58,51,57,79,74,15,19,45,47,44,49,17,27,90,78
1400000US36005024100,"Census Tract 241, Bronx County, New York",Bronx,6078,1029,2356,709,88,136,165,162,50,71,295,219,0,19,53,91,49,81,0,19,88,77,379,348,18,11,78,93,166,157,74,91,221,110,40,62,57,72,82,78,349,242,96,111,8,13,0,19,0,19,3722,699,214,283,488,139,42,60,206,238,5,10,99,102,0,19,88,122,260,203,134,140,589,451,182,119,445,290,112,100,94,105,13,68,228,178,218,166,99,93,45,77,161,243,0,19,0,19
1400000US36005024300,"Census Tract 243, Bronx County, New York",Bronx,4134,773,1569,411,26,43,87,107,166,119,49,55,45,64,0,14,70,50,112,69,26,42,121,88,221,176,23,38,131,120,112,119,156,116,72,90,39,61,6,9,45,62,29,49,33,54,0,14,0,14,2565,571,237,186,0,14,103,116,179,161,24,40,78,92,29,50,184,190,73,71,53,54,174,88,158,125,113,99,355,150,320,128,137,129,37,44,31,49,50,56,110,85,55,60,65,48,0,14
1400000US36005024400,"Census Tract 244, Bronx County, New York",Bronx,2252,305,1061,160,72,51,52,41,39,37,48,36,36,31,44,41,0,14,81,62,135,96,84,41,42,28,114,81,74,50,85,64,27,29,23,19,13,12,0,14,48,28,20,21,17,18,7,12,0,14,1191,204,102,102,35,31,58,40,97,53,16,25,36,39,0,14,89,50,97,59,40,28,139,80,149,119,66,49,39,28,32,28,6,11,53,42,13,13,33,23,41,30,0,14,0,14,50,46
1400000US36005024501,"Census Tract 245.01, Bronx County, New York",Bronx,4856,699,2442,389,214,143,184,131,97,83,71,73,22,39,113,90,0,14,0,14,157,101,251,106,286,164,173,135,46,40,264,158,125,91,12,32,94,105,174,174,81,75,13,28,0,14,65,66,0,14,2414,430,77,98,149,112,179,166,69,75,13,20,17,34,67,65,0,14,185,110,132,100,102,76,202,109,139,100,189,94,107,67,130,99,92,71,60,72,234,120,131,89,0,14,38,40,102,116
1400000US36005024502,"Census Tract 245.02, Bronx County, New York",Bronx,4226,821,2021,466,87,92,112,99,122,101,21,38,111,114,98,132,102,105,71,97,189,165,202,137,146,178,154,97,146,125,121,124,90,110,5,7,19,32,0,14,105,131,58,75,34,43,28,50,0,14,2205,531,202,162,258,150,166,146,52,60,77,104,0,14,21,37,110,141,264,202,113,103,41,41,164,93,232,118,44,47,143,125,61,85,55,76,41,46,35,58,47,48,33,41,25,45,21,40
1400000US36005024600,"Census Tract 246, Bronx County, New York",Bronx,2037,348,1120,222,65,43,64,53,59,34,35,35,0,14,0,14,4,6,37,52,98,53,58,48,101,62,120,77,104,49,47,40,9,9,62,53,16,18,26,20,59,67,55,27,60,32,7,12,34,28,917,185,71,58,63,76,20,21,11,20,20,22,37,32,5,10,43,30,52,44,71,37,59,41,40,27,24,20,69,44,68,41,0,14,55,36,34,29,28,26,56,24,70,79,6,12,15,26
1400000US36005024700,"Census Tract 247, Bronx County, New York",Bronx,1756,265,824,195,12,18,44,49,65,68,28,27,23,19,0,14,29,42,80,108,15,22,148,79,91,62,16,19,0,14,68,63,16,16,37,48,20,22,35,55,47,38,19,15,1,3,30,47,0,14,932,166,32,43,16,20,60,48,30,24,13,21,10,14,0,14,28,31,87,54,90,43,44,32,8,13,175,135,95,59,34,30,27,21,63,50,6,8,17,17,15,17,39,44,43,50,0,14
1400000US36005024800,"Census Tract 248, Bronx County, New York",Bronx,3699,588,1775,324,72,52,127,87,25,33,76,84,14,23,9,14,52,74,23,27,156,146,143,64,268,165,103,72,104,102,73,42,91,78,60,48,79,52,18,23,48,40,93,57,68,50,36,34,37,28,1924,324,31,43,208,165,79,64,58,51,8,14,58,79,58,62,38,55,193,101,168,147,114,74,115,82,89,61,60,42,43,33,28,46,29,36,81,70,0,14,105,79,163,98,52,38,146,107
1400000US36005024900,"Census Tract 249, Bronx County, New York",Bronx,0,14,0,14,0,14,0,14,0,14,0,14,0,14,0,14,0,14,0,14,0,14,0,14,0,14,0,14,0,14,0,14,0,14,0,14,0,14,0,14,0,14,0,14,0,14,0,14,0,14,0,14,0,14,0,14,0,14,0,14,0,14,0,14,0,14,0,14,0,14,0,14,0,14,0,14,0,14,0,14,0,14,0,14,0,14,0,14,0,14,0,14,0,14,0,14,0,14
1400000US36005025000,"Census Tract 250, Bronx County, New York",Bronx,2763,663,1276,392,49,47,94,54,78,75,153,164,24,25,31,48,2,5,10,15,66,65,56,59,100,52,167,127,134,76,59,67,46,36,22,25,22,25,66,84,0,14,7,11,24,26,16,19,50,63,1487,315,70,47,151,89,136,85,32,40,0,14,29,43,16,27,31,38,16,26,135,100,157,68,90,61,20,21,124,97,90,57,53,85,60,47,47,51,44,31,25,20,74,63,10,11,77,70
1400000US36005025100,"Census Tract 251, Bronx County, New York",Bronx,6983,1493,3819,1087,365,214,281,263,609,556,141,162,131,121,45,22,55,89,29,53,11,18,456,336,249,211,477,239,157,129,139,134,168,201,36,55,48,65,29,64,30,47,94,94,75,90,98,165,96,157,3164,702,190,147,367,215,152,170,72,96,0,19,0,19,82,110,30,49,151,146,142,101,256,166,202,168,71,51,107,152,381,189,178,205,420,247,114,132,0,19,35,63,125,155,22,26,67,109
1400000US36005025200,"Census Tract 252, Bronx County, New York",Bronx,2582,409,1403,227,91,84,37,32,119,74,5,8,50,59,15,24,27,21,262,208,95,70,68,74,35,53,94,62,45,56,139,96,53,45,37,30,84,55,0,14,33,35,51,40,0,14,26,33,37,31,1179,290,190,139,40,35,37,41,9,19,41,55,8,12,13,20,19,22,173,106,64,39,52,49,58,46,80,58,74,71,129,74,26,20,28,26,22,26,33,38,37,38,9,17,5,7,32,29
1400000US36005025300,"Census Tract 253, Bronx County, New York",Bronx,5503,955,2560,676,326,257,187,104,66,69,100,82,129,103,25,40,20,30,150,111,323,198,248,150,67,69,242,208,172,127,108,75,208,110,38,46,11,19,39,40,25,38,0,19,39,43,15,24,22,32,2943,368,93,80,169,112,203,167,96,81,37,54,15,19,22,37,124,94,393,176,290,144,147,86,291,173,199,111,126,77,138,89,91,81,139,115,69,64,84,72,100,61,100,77,17,26,0,19
1400000US36005025400,"Census Tract 254, Bronx County, New York",Bronx,2582,540,1305,338,34,41,226,181,58,51,13,20,23,36,0,14,0,14,46,53,104,77,160,72,85,62,109,70,109,72,62,52,71,37,7,11,21,19,43,33,23,24,16,15,67,73,21,17,7,10,1277,271,123,84,138,117,8,12,50,59,31,54,0,14,0,14,64,59,64,52,58,38,59,40,149,76,54,41,51,34,116,77,16,19,60,44,23,23,36,27,60,50,48,50,32,20,37,32
1400000US36005025500,"Census Tract 255, Bronx County, New York",Bronx,6139,1032,2482,753,189,209,243,178,280,244,161,224,121,133,42,76,110,129,0,19,131,137,143,119,126,168,206,176,44,58,57,100,109,106,59,74,109,135,159,130,101,107,3,8,57,76,0,19,32,51,3657,687,77,98,196,160,88,109,97,94,262,233,0,19,35,57,89,102,326,231,412,248,400,269,141,110,176,147,258,145,245,158,0,19,74,73,377,370,0,19,119,131,178,151,107,122,0,19
1400000US36005025600,"Census Tract 256, Bronx County, New York",Bronx,1582,344,835,219,125,93,41,49,15,16,35,33,18,25,0,14,17,19,54,33,37,27,88,67,38,35,49,38,65,40,63,36,66,33,14,22,4,6,53,38,19,15,14,14,9,10,8,11,3,13,747,168,40,67,0,14,24,30,13,19,60,56,0,14,0,14,20,22,92,58,33,28,59,44,49,33,43,26,55,35,56,38,16,17,19,15,27,17,22,19,24,27,24,33,7,15,64,87
1400000US36005025700,"Census Tract 257, Bronx County, New York",Bronx,1685,353,829,254,100,87,17,19,37,43,66,52,19,27,0,14,54,58,105,56,22,33,86,57,34,30,58,71,63,47,96,63,16,18,9,13,0,14,0,14,7,14,14,21,0,14,26,37,0,14,856,234,11,17,58,78,0,14,0,14,62,71,0,14,0,14,85,91,104,95,59,50,29,29,0,14,110,54,76,64,88,59,22,31,27,26,8,12,37,53,37,34,31,42,12,18,0,14
1400000US36005026100,"Census Tract 261, Bronx County, New York",Bronx,2047,294,1075,281,25,36,112,85,24,39,19,19,0,14,0,14,0,14,0,14,45,57,115,81,62,53,61,56,64,48,89,45,142,208,60,43,61,60,16,24,29,32,22,27,74,61,11,21,44,54,972,186,80,48,28,43,17,21,0,14,0,14,0,14,38,59,25,32,71,62,21,24,76,46,37,34,57,40,49,39,21,26,49,40,133,103,51,34,80,64,21,24,49,40,56,45,13,20
1400000US36005026300,"Census Tract 263, Bronx County, New York",Bronx,6381,1100,3195,647,376,218,42,47,294,122,74,94,98,130,0,19,81,86,119,132,147,139,219,170,198,149,174,121,140,126,189,149,136,121,142,93,51,52,116,109,246,274,179,132,33,38,52,60,89,99,3186,632,127,132,297,260,197,126,109,63,151,130,0,19,31,52,124,120,261,91,75,85,363,191,161,110,141,96,200,146,103,89,77,93,125,113,67,61,103,93,110,75,109,81,127,76,128,142
1400000US36005026400,"Census Tract 264, Bronx County, New York",Bronx,5870,860,2080,394,161,121,264,162,14,18,108,89,1,3,0,19,17,29,27,33,79,82,35,59,180,123,270,208,293,198,224,145,188,158,44,64,15,22,55,76,27,42,0,19,59,64,19,31,0,19,3790,699,160,143,216,211,458,305,311,150,14,21,0,19,232,241,85,91,437,149,139,138,303,188,250,169,413,186,62,52,245,185,82,69,63,57,82,109,66,51,97,92,57,65,0,19,18,30
1400000US36005026500,"Census Tract 265, Bronx County, New York",Bronx,6906,1217,3419,804,257,155,179,130,164,147,419,255,74,80,2,14,55,61,173,131,266,195,363,195,424,308,240,200,211,186,95,88,103,98,178,155,35,54,0,19,76,82,81,72,1,3,12,23,11,18,3487,643,263,200,173,154,335,206,38,65,88,107,39,51,83,121,74,76,230,184,338,196,257,156,95,117,371,239,220,159,248,156,59,73,131,124,57,68,154,134,87,77,0,19,131,149,16,24
1400000US36005026601,"Census Tract 266.01, Bronx County, New York",Bronx,3214,461,1509,320,134,123,68,71,145,96,48,79,21,28,0,14,1,2,38,53,132,98,150,93,210,110,50,42,89,76,44,60,223,107,23,33,63,55,0,14,8,15,23,26,39,43,0,14,0,14,1705,240,21,28,92,55,131,83,37,47,58,57,0,14,50,83,46,64,129,97,228,64,81,62,101,66,104,78,100,75,122,78,11,18,80,49,25,34,55,46,60,38,39,42,20,23,115,85
1400000US36005026602,"Census Tract 266.02, Bronx County, New York",Bronx,5900,1092,2843,778,451,301,200,158,17,30,86,104,0,19,0,19,61,89,0,19,134,74,233,183,223,171,78,88,191,108,111,86,258,233,195,126,126,72,35,47,61,59,99,88,147,101,73,117,64,86,3057,463,44,71,274,154,130,107,37,65,34,40,46,73,0,19,108,105,215,127,279,219,198,99,169,131,331,276,197,113,149,85,16,26,165,103,138,86,126,68,136,101,70,66,75,75,120,80
1400000US36005026701,"Census Tract 267.01, Bronx County, New York",Bronx,3591,795,1982,627,303,224,71,80,272,187,102,64,31,32,18,26,0,14,53,43,137,109,178,113,210,208,105,74,64,45,45,46,90,54,33,49,61,49,24,28,56,60,73,54,24,37,16,27,16,23,1609,299,33,55,120,104,140,83,58,56,75,61,35,51,3,5,87,81,59,54,76,61,169,141,118,79,146,78,69,59,153,82,73,108,10,22,0,14,24,36,40,39,19,28,59,53,43,60
1400000US36005026702,"Census Tract 267.02, Bronx County, New York",Bronx,6841,1075,3359,759,167,121,270,234,265,155,187,139,0,19,35,56,29,32,227,212,288,156,223,166,237,136,147,104,196,140,257,178,108,108,77,76,126,94,37,61,116,105,143,115,63,85,0,19,161,239,3482,657,273,147,287,182,65,62,61,61,56,77,37,62,82,97,95,99,386,202,170,89,208,129,262,131,152,116,241,120,223,117,122,95,73,62,92,92,102,88,2,5,70,64,404,474,19,30
1400000US36005026900,"Census Tract 269, Bronx County, New York",Bronx,4040,574,1777,320,21,17,30,43,240,136,0,14,0,14,0,14,0,14,89,95,218,108,124,90,163,118,187,150,52,78,230,154,96,68,67,58,46,45,44,59,15,18,38,45,80,59,28,39,9,16,2263,542,249,194,160,121,93,91,110,83,115,114,24,47,0,14,67,99,112,71,87,76,64,69,179,140,73,60,165,97,117,94,68,65,308,421,46,50,0,14,103,69,65,72,50,58,8,13
1400000US36005027300,"Census Tract 273, Bronx County, New York",Bronx,6431,1160,2935,705,237,227,113,113,186,189,68,75,31,50,0,19,14,50,184,189,453,349,172,121,254,222,219,108,155,145,122,77,14,28,139,148,85,107,36,42,99,113,122,77,162,170,46,43,24,14,3496,808,192,165,32,70,288,191,86,110,165,218,0,19,142,191,47,62,399,303,82,86,79,75,414,267,265,188,335,347,245,145,0,19,91,58,48,54,68,80,284,159,138,91,51,55,45,38
1400000US36005027401,"Census Tract 274.01, Bronx County, New York",Bronx,4973,632,2490,400,113,88,243,143,208,170,63,62,51,57,0,14,0,14,0,14,88,60,225,156,177,97,288,169,115,73,209,160,213,127,58,67,80,62,41,33,68,34,96,75,50,37,81,80,23,25,2483,378,319,236,98,81,136,100,37,51,12,20,0,14,0,14,56,80,135,89,184,82,97,74,184,114,250,158,200,121,158,107,26,28,125,80,35,27,108,65,48,35,116,55,52,42,107,92
1400000US36005027402,"Census Tract 274.02, Bronx County, New York",Bronx,3492,556,1623,265,96,72,64,55,175,106,44,52,54,68,0,14,7,13,12,18,48,40,93,67,251,233,144,105,89,72,76,73,81,67,44,34,63,56,16,25,29,31,69,58,68,63,49,39,51,43,1869,398,175,97,49,69,66,65,34,42,0,14,10,18,0,14,26,28,103,80,347,301,151,85,166,111,18,22,34,41,36,28,68,47,73,53,9,14,90,61,202,85,25,31,83,51,104,62
1400000US36005027600,"Census Tract 276, Bronx County, New York",Bronx,154,232,86,122,0,14,0,14,0,14,0,14,0,14,0,14,0,14,24,41,41,52,0,14,0,14,0,14,0,14,0,14,20,35,0,14,0,14,0,14,0,14,1,2,0,14,0,14,0,14,68,112,0,14,0,14,0,14,0,14,0,14,0,14,0,14,0,14,43,74,0,14,0,14,0,14,0,14,0,14,22,38,3,5,0,14,0,14,0,14,0,14,0,14,0,14,0,14
1400000US36005027700,"Census Tract 277, Bronx County, New York",Bronx,4474,596,2127,457,137,163,171,108,229,171,83,57,59,68,0,14,63,67,5,11,193,114,202,144,155,231,227,186,123,116,121,92,228,143,0,14,65,61,17,28,0,14,0,14,28,33,21,35,0,14,2347,339,145,94,43,64,0,14,225,117,0,14,28,47,24,37,191,99,221,132,167,105,239,145,143,112,297,158,163,99,110,81,129,107,39,42,82,105,44,59,23,26,14,23,20,30,0,14
1400000US36005027900,"Census Tract 279, Bronx County, New York",Bronx,8359,1243,4028,830,522,406,205,195,364,199,414,242,14,21,7,13,0,19,115,101,179,135,579,464,212,133,298,180,161,137,224,127,96,91,7,14,91,82,160,105,49,69,100,79,127,81,22,19,82,84,4331,783,281,224,196,225,251,169,173,156,5,8,134,128,33,56,389,419,322,138,320,170,262,196,270,170,303,183,415,238,177,118,66,76,241,139,66,53,156,89,79,78,46,54,54,56,92,58
1400000US36005028100,"Census Tract 281, Bronx County, New York",Bronx,3565,490,1347,263,94,68,0,14,109,72,0,14,22,31,0,14,16,25,0,14,82,75,164,104,93,76,90,54,16,28,7,13,62,44,29,31,63,45,27,25,124,60,151,102,124,82,74,69,0,14,2218,360,96,80,58,37,0,14,70,50,0,14,0,14,8,16,9,15,151,116,205,107,115,76,50,40,68,71,57,56,130,65,35,37,149,96,127,66,136,79,259,203,190,95,27,36,278,124
1400000US36005028300,"Census Tract 283, Bronx County, New York",Bronx,2325,965,1028,425,52,46,13,22,8,15,192,193,0,14,0,14,0,14,13,21,122,130,41,38,74,68,14,23,25,26,196,130,49,64,86,89,94,152,18,26,31,42,0,14,0,14,0,14,0,14,1297,610,19,27,304,312,73,60,22,24,23,24,0,14,0,14,10,16,111,72,58,43,54,45,116,79,276,303,50,40,36,34,37,57,6,10,0,14,29,29,41,38,15,22,1,3,16,24
1400000US36005028400,"Census Tract 284, Bronx County, New York",Bronx,374,48,192,71,0,14,0,14,0,14,0,14,2,13,0,14,11,21,0,14,53,64,9,22,22,31,0,14,10,22,10,20,20,40,2,16,11,25,5,11,19,29,8,2,0,14,10,19,0,14,182,64,0,14,0,14,0,14,0,14,0,14,0,14,0,14,0,14,0,14,10,24,0,14,0,14,64,78,10,23,0,14,5,11,17,27,0,14,0,14,34,43,0,14,16,2,26,45
1400000US36005028500,"Census Tract 285, Bronx County, New York",Bronx,3422,568,1807,395,68,52,71,53,49,41,10,18,0,14,45,53,136,167,55,40,210,86,157,62,107,51,62,45,124,67,355,313,102,65,32,36,53,41,0,14,25,28,27,25,43,39,20,23,56,46,1615,307,193,108,50,58,45,50,0,14,12,17,0,14,9,16,22,26,202,83,122,64,138,72,63,44,24,34,37,34,268,203,66,51,28,24,42,36,47,36,107,92,25,29,27,22,88,65
1400000US36005028600,"Census Tract 286, Bronx County, New York",Bronx,1248,321,690,232,50,78,86,80,33,32,18,22,0,14,7,11,0,14,3,4,72,90,94,64,6,11,103,78,27,26,0,14,27,27,9,10,11,13,4,5,68,94,4,7,0,14,68,55,0,14,558,170,0,14,6,9,77,84,3,5,11,20,0,14,11,18,7,8,75,78,16,14,63,53,37,25,3,4,2,4,26,20,3,4,0,14,0,14,66,51,29,19,33,26,72,63,18,13
1400000US36005028700,"Census Tract 287, Bronx County, New York",Bronx,3543,517,1416,280,70,83,69,59,64,54,15,23,20,32,0,14,14,22,175,117,23,25,116,73,86,66,60,50,140,98,95,96,263,136,21,24,34,33,13,20,25,28,8,13,20,20,42,43,43,39,2127,335,43,58,148,129,132,110,111,72,58,88,109,104,0,14,67,78,236,121,170,129,124,53,80,56,76,67,118,70,279,153,78,56,70,76,53,48,42,33,32,31,43,39,28,34,30,33
1400000US36005028800,"Census Tract 288, Bronx County, New York",Bronx,2589,694,1134,248,32,36,10,13,116,138,30,30,6,12,0,14,10,16,45,39,163,104,33,34,18,22,104,76,123,103,105,85,102,72,21,26,60,62,58,53,9,15,26,25,51,42,12,20,0,14,1455,500,13,21,7,13,242,295,28,30,4,7,0,14,59,56,38,38,98,79,41,33,61,60,65,59,117,121,181,75,97,67,91,63,47,36,107,82,34,31,27,27,54,40,21,30,23,32
1400000US36005028900,"Census Tract 289, Bronx County, New York",Bronx,4461,810,2062,451,112,107,18,31,188,163,67,74,18,28,0,14,8,15,134,167,374,177,164,96,120,68,79,71,161,147,151,89,60,56,146,143,42,42,40,51,30,19,69,41,20,24,29,43,32,31,2399,462,332,241,36,44,84,76,46,51,17,27,0,14,169,194,54,50,148,111,127,69,149,80,187,94,245,151,87,53,33,36,60,56,153,113,75,59,30,41,128,73,108,75,16,16,115,92
1400000US36005029301,"Census Tract 293.01, Bronx County, New York",Bronx,1874,169,681,121,52,43,18,14,0,14,4,8,0,14,0,14,0,14,12,22,13,18,10,11,31,22,54,29,50,37,49,34,48,32,4,7,55,39,18,20,55,32,78,34,48,34,52,33,30,24,1193,143,35,30,11,14,46,30,59,48,8,11,7,11,17,17,40,30,89,86,22,18,27,19,66,32,26,20,102,65,101,44,19,17,33,23,89,54,91,46,124,55,87,44,53,33,41,38
1400000US36005029302,"Census Tract 293.02, Bronx County, New York",Bronx,5439,817,2354,480,45,92,142,169,95,118,79,58,23,41,0,19,55,61,48,54,76,67,38,52,385,166,69,55,42,60,258,177,85,75,122,111,88,69,32,43,84,70,121,100,117,78,157,115,193,125,3085,441,214,103,114,111,94,75,86,91,63,73,54,63,50,71,88,78,62,71,203,134,139,134,97,102,228,137,215,127,151,97,113,83,80,64,122,109,218,130,113,81,235,141,280,156,66,74
1400000US36005029500,"Census Tract 295, Bronx County, New York",Bronx,4582,796,2337,541,59,58,137,86,334,227,127,92,0,14,17,31,0,14,55,60,90,101,179,89,208,148,93,68,252,189,90,77,129,108,24,32,119,114,59,54,120,88,148,165,23,37,46,48,28,44,2245,388,169,114,17,26,64,68,138,145,76,108,22,35,0,14,3,12,67,77,225,114,183,135,201,164,155,82,128,92,266,169,23,39,97,87,30,34,43,48,149,176,72,63,17,27,100,76
1400000US36005029600,"Census Tract 296, Bronx County, New York",Bronx,2367,282,1110,209,98,69,13,22,0,14,19,29,88,35,26,30,38,28,34,32,185,90,107,67,130,96,82,53,15,13,67,76,24,42,22,23,0,14,47,32,29,25,21,23,24,26,19,24,22,35,1257,172,36,45,9,14,36,41,0,14,83,41,32,35,27,28,88,106,248,100,163,88,171,106,18,18,59,41,96,71,7,11,44,60,17,24,5,8,0,14,24,23,0,14,43,41,51,39
1400000US36005029700,"Census Tract 297, Bronx County, New York",Bronx,4157,366,1989,258,75,58,182,83,163,103,41,40,65,69,0,14,0,14,45,42,0,14,89,58,127,70,142,64,49,40,196,93,70,57,120,99,21,25,16,26,77,56,201,112,93,59,102,81,115,91,2168,328,82,55,167,105,43,45,25,34,33,33,24,40,0,14,21,25,17,27,50,40,165,65,96,53,77,58,144,105,161,90,63,44,171,215,45,35,51,39,201,71,95,68,154,81,283,172
1400000US36005030000,"Census Tract 300, Bronx County, New York",Bronx,6944,1018,3669,719,230,236,247,148,17,31,267,151,116,136,22,47,43,66,156,121,428,268,328,175,256,168,210,133,361,205,122,135,196,135,157,114,105,87,27,34,66,63,50,45,154,181,2,5,109,106,3275,610,263,185,215,140,84,98,74,107,41,62,45,72,142,155,20,37,272,171,196,142,400,205,203,135,135,105,415,226,186,140,121,95,80,64,12,31,20,34,112,113,145,133,53,66,41,50
1400000US36005030100,"Census Tract 301, Bronx County, New York",Bronx,1570,189,598,114,23,19,27,20,16,17,14,17,2,4,0,14,7,11,1,2,10,12,40,35,46,33,43,30,15,15,49,34,47,47,29,28,13,18,24,22,18,19,68,56,50,59,26,35,30,34,972,175,64,54,19,20,18,32,10,22,0,14,11,15,0,14,0,14,37,36,16,18,110,85,16,18,13,19,75,49,36,27,21,25,15,19,47,56,58,36,111,52,77,37,76,33,142,48
1400000US36005030201,"Census Tract 302.01, Bronx County, New York",Bronx,3681,628,1728,390,138,125,93,86,117,125,58,84,45,70,40,49,7,13,113,109,130,144,44,48,178,123,51,59,134,85,100,75,70,71,106,103,30,36,25,26,28,27,73,42,42,48,91,94,15,24,1953,500,52,56,72,81,0,14,43,51,0,14,7,12,0,14,67,64,170,251,91,65,182,125,236,179,128,85,94,68,137,68,25,27,137,85,41,39,143,91,159,94,32,32,108,76,29,28
1400000US36005030202,"Census Tract 302.02, Bronx County, New York",Bronx,6165,1157,2639,568,298,212,103,117,188,142,53,60,43,58,12,21,35,57,275,220,121,116,87,107,116,83,151,97,144,181,303,202,139,107,77,66,80,89,10,19,147,125,68,55,138,88,15,24,36,56,3526,820,227,240,330,227,103,142,134,102,66,66,0,19,94,137,99,80,280,207,51,62,197,178,178,105,289,150,164,113,253,205,11,20,250,153,91,61,100,75,140,79,151,102,101,90,217,216
1400000US36005030701,"Census Tract 307.01, Bronx County, New York",Bronx,5743,941,2656,493,276,143,193,122,106,100,317,305,42,64,0,19,0,19,0,19,174,118,167,97,68,83,156,98,182,116,41,57,165,119,80,81,146,90,61,68,100,95,161,121,136,85,0,19,85,68,3087,616,100,80,438,203,48,61,205,285,18,25,0,19,0,19,0,19,134,116,166,116,127,80,435,327,74,71,133,82,123,90,86,65,75,56,210,135,67,54,228,130,282,118,42,46,96,76
1400000US36005030900,"Census Tract 309, Bronx County, New York",Bronx,3812,425,1532,284,68,54,27,30,237,157,0,14,37,43,21,10,7,11,0,14,23,28,47,43,40,41,88,70,60,42,114,99,84,49,53,53,22,26,11,18,45,40,84,51,125,56,119,79,220,85,2280,255,85,54,127,129,104,106,84,62,66,37,18,20,6,15,52,51,36,40,29,26,62,38,27,24,45,34,190,106,138,82,36,36,47,36,13,17,116,95,293,90,127,59,155,157,424,94
1400000US36005031000,"Census Tract 310, Bronx County, New York",Bronx,4618,525,2421,392,52,57,165,84,37,35,30,45,41,34,17,23,0,14,179,127,150,91,233,122,216,126,97,72,151,86,120,73,34,30,150,96,93,80,55,45,197,132,142,62,114,56,50,52,98,50,2197,282,40,35,125,85,49,63,31,27,0,14,0,14,15,22,0,14,96,59,95,52,117,71,106,62,137,84,98,68,190,123,74,70,207,130,45,36,103,58,147,121,142,64,149,63,231,90
1400000US36005031200,"Census Tract 312, Bronx County, New York",Bronx,1489,374,671,212,11,11,92,119,48,47,20,24,26,29,3,6,0,14,24,24,19,19,89,73,19,30,30,22,75,48,15,15,51,27,14,14,21,29,4,8,11,13,28,25,31,20,16,18,24,32,818,182,89,82,64,42,31,36,6,9,9,13,0,14,0,14,15,14,50,29,116,64,24,24,9,13,51,35,57,54,70,42,1,3,32,28,25,19,42,51,45,24,20,17,25,22,37,27
1400000US36005031400,"Census Tract 314, Bronx County, New York",Bronx,2232,343,1093,179,66,46,83,57,86,64,39,34,17,25,0,14,0,14,55,32,42,38,96,103,108,50,37,24,102,69,74,52,43,32,15,24,4,7,24,22,24,25,76,41,48,28,17,8,37,44,1139,239,45,30,88,75,46,37,47,43,0,14,0,14,12,17,165,120,90,61,52,30,58,38,122,64,62,42,26,18,8,10,66,62,12,14,8,9,32,30,72,41,20,22,56,40,52,40
1400000US36005031600,"Census Tract 316, Bronx County, New York",Bronx,1697,318,789,187,55,58,5,9,3,10,48,52,0,14,19,33,1,6,12,20,105,79,76,49,33,49,81,63,8,11,28,24,20,20,37,41,14,20,11,13,34,51,55,46,42,50,13,20,89,64,908,175,81,93,0,14,24,28,3,18,0,14,0,14,8,12,33,45,63,45,54,50,61,45,55,41,38,33,77,45,83,61,0,14,27,25,12,14,76,92,57,45,57,50,82,73,17,16
1400000US36005031800,"Census Tract 318, Bronx County, New York",Bronx,1820,348,923,220,8,12,133,94,17,23,41,39,0,14,21,33,0,14,21,26,88,68,116,89,41,34,38,32,55,49,44,29,85,46,28,36,27,34,11,12,12,18,39,23,37,20,25,19,36,35,897,224,26,34,0,14,40,44,21,31,9,16,2,3,10,15,63,61,71,51,96,54,37,37,51,43,6,9,119,61,112,55,18,21,52,45,4,7,39,29,12,20,15,13,44,42,50,34
1400000US36005031900,"Census Tract 319, Bronx County, New York",Bronx,693,36,328,55,0,14,0,14,0,14,0,14,176,124,57,18,32,31,36,34,21,32,0,14,0,14,0,14,0,14,0,14,0,14,0,14,0,14,0,14,0,14,0,14,6,10,0,14,0,14,365,55,0,14,0,14,8,4,6,14,158,32,46,63,32,31,35,49,1,4,0,14,0,14,0,14,0,14,0,14,14,40,0,14,0,14,0,14,0,14,24,45,3,9,14,19,24,39
1400000US36005032300,"Census Tract 323, Bronx County, New York",Bronx,4981,510,2427,295,120,103,33,46,127,105,35,48,15,24,0,14,0,14,0,14,96,68,40,48,283,171,187,121,54,53,132,84,174,96,33,41,121,75,56,51,99,69,278,154,66,57,230,128,248,224,2554,393,223,154,82,77,42,71,51,53,0,14,51,56,0,14,51,55,123,128,107,86,145,84,155,94,32,41,204,90,114,71,61,63,83,50,12,22,384,229,126,75,143,104,271,184,94,76
1400000US36005032400,"Census Tract 324, Bronx County, New York",Bronx,2961,518,1240,375,98,84,79,91,105,100,129,107,40,46,0,14,7,11,70,49,107,90,13,21,21,36,24,30,76,83,160,169,23,38,39,23,57,58,63,66,41,53,68,55,20,42,0,14,0,14,1721,289,50,40,104,103,44,44,112,55,58,82,48,74,27,33,89,67,129,98,127,114,47,47,184,113,134,71,81,58,47,37,97,79,88,70,33,51,61,52,16,32,81,58,5,10,59,56
1400000US36005032600,"Census Tract 326, Bronx County, New York",Bronx,3542,654,1799,386,59,64,157,138,56,49,165,123,91,68,52,46,0,14,114,76,24,23,65,55,83,66,67,102,111,81,83,70,217,89,67,69,42,38,25,21,54,41,73,43,94,69,36,29,64,62,1743,396,17,27,44,60,99,74,100,99,37,57,0,14,64,68,14,22,93,72,215,243,48,41,56,46,124,74,129,69,186,78,86,132,67,63,4,7,61,51,71,42,105,59,63,52,60,42
1400000US36005032800,"Census Tract 328, Bronx County, New York",Bronx,4132,583,1960,363,88,99,142,110,206,116,181,118,159,87,135,135,45,51,84,55,126,83,54,50,130,86,120,83,76,63,122,77,78,68,11,17,44,47,41,51,42,45,9,14,34,37,14,23,19,31,2172,323,21,36,203,152,232,131,124,84,20,31,39,45,0,14,141,99,58,64,148,93,129,87,118,66,302,188,207,101,125,79,12,19,47,55,57,71,54,39,19,21,58,54,38,62,20,24
1400000US36005033000,"Census Tract 330, Bronx County, New York",Bronx,5197,773,2428,529,120,107,406,216,165,135,61,56,106,123,0,19,58,74,41,40,44,60,49,54,146,92,307,220,142,103,143,101,122,83,0,19,26,30,68,106,100,109,208,186,46,72,70,87,0,19,2769,477,57,80,303,199,226,147,48,45,75,65,155,115,0,19,134,116,146,97,152,95,142,102,116,93,342,207,76,55,191,133,17,24,113,101,19,32,146,113,170,124,86,120,0,19,55,66
1400000US36005033201,"Census Tract 332.01, Bronx County, New York",Bronx,4050,661,1882,386,155,104,82,65,27,35,71,107,3,16,7,15,13,21,20,28,84,83,183,74,102,93,99,59,141,83,112,85,226,178,57,50,156,117,10,16,36,32,103,82,170,221,11,17,14,22,2168,491,140,68,64,54,126,108,37,34,17,26,0,14,0,14,64,70,69,70,189,110,66,64,94,57,128,89,93,62,367,349,27,41,62,87,57,35,114,65,135,75,163,74,26,29,130,121
1400000US36005033202,"Census Tract 332.02, Bronx County, New York",Bronx,3628,553,1460,278,49,40,51,48,72,74,19,25,37,32,13,20,0,14,22,27,43,37,118,105,89,62,137,99,81,76,94,68,110,65,8,16,83,69,114,116,26,25,115,70,76,53,38,32,65,74,2168,427,86,68,270,161,65,51,92,55,14,21,10,15,35,49,38,52,109,82,149,111,59,60,78,61,110,62,110,60,176,131,31,34,71,47,208,217,103,76,104,83,97,69,47,39,106,67
1400000US36005033400,"Census Tract 334, Bronx County, New York",Bronx,32,35,20,27,0,14,0,14,0,14,4,6,0,14,0,14,0,14,1,3,0,14,10,15,0,14,4,6,1,2,0,14,0,14,0,14,0,14,0,14,0,14,0,14,0,14,0,14,0,14,12,13,0,14,0,14,0,14,0,14,0,14,0,14,0,14,0,14,0,14,0,14,0,14,4,6,0,14,0,14,8,8,0,14,0,14,0,14,0,14,0,14,0,14,0,14,0,14
1400000US36005033500,"Census Tract 335, Bronx County, New York",Bronx,2236,271,990,178,41,43,65,46,73,48,54,69,50,44,58,23,26,21,45,46,25,24,26,20,56,44,73,33,113,69,72,57,21,17,27,23,17,18,10,11,23,19,12,11,38,25,32,24,33,26,1246,225,68,45,39,32,45,40,25,24,94,70,102,72,51,24,31,18,26,27,47,28,42,32,120,104,110,40,52,27,46,32,34,25,42,30,7,7,8,9,11,12,112,77,51,43,83,44
1400000US36005033601,"Census Tract 336.01, Bronx County, New York",Bronx,4414,704,2081,601,382,288,47,44,34,41,47,61,29,32,0,14,14,21,62,63,31,42,301,257,223,201,209,148,88,86,238,192,58,55,16,25,48,54,14,23,127,102,52,45,0,14,0,14,61,56,2333,419,139,108,141,85,108,96,22,29,19,30,10,22,52,82,243,259,162,110,132,78,166,93,49,45,65,57,186,146,156,96,45,53,216,164,20,30,40,40,87,69,101,70,145,215,29,32
1400000US36005033602,"Census Tract 336.02, Bronx County, New York",Bronx,1234,272,591,219,26,42,127,83,28,29,24,35,18,19,0,14,0,14,20,23,9,15,29,45,59,73,19,30,2,4,0,14,118,95,16,17,0,14,33,39,32,31,6,9,10,17,8,15,7,12,643,126,0,14,47,65,28,29,31,35,0,14,0,14,26,29,34,33,24,38,0,14,63,50,73,37,29,28,40,42,1,4,9,13,41,34,6,9,8,13,65,68,34,55,58,53,26,23
1400000US36005033700,"Census Tract 337, Bronx County, New York",Bronx,3198,513,1406,338,69,77,112,100,192,221,104,90,62,61,44,40,0,14,0,14,30,31,81,66,85,80,34,47,45,44,28,44,84,51,19,23,111,80,35,37,30,32,31,28,76,85,55,46,79,94,1792,306,66,58,135,110,265,165,48,70,26,29,1,2,6,9,67,65,53,56,46,37,119,88,117,79,82,67,45,36,85,69,0,14,88,67,140,103,67,52,97,70,25,32,58,47,156,101
1400000US36005033801,"Census Tract 338.01, Bronx County, New York",Bronx,2011,384,912,200,63,55,89,86,115,70,20,25,45,43,9,21,3,13,40,39,45,45,141,85,42,47,35,38,29,38,53,43,18,19,30,45,70,52,22,33,0,14,0,14,0,14,33,26,10,11,1099,298,113,76,25,32,29,27,0,14,60,46,9,14,0,14,53,38,300,287,92,64,42,34,29,27,25,25,122,75,56,44,25,31,11,13,7,11,8,13,30,24,9,10,22,26,32,45
1400000US36005033802,"Census Tract 338.02, Bronx County, New York",Bronx,1579,511,662,228,38,40,0,14,65,45,46,32,17,28,3,8,0,14,48,63,28,30,71,65,47,77,43,46,68,54,1,2,28,25,55,46,0,14,1,2,50,47,45,48,8,12,0,14,0,14,917,342,64,40,82,106,86,93,21,23,44,70,0,14,0,14,82,61,157,74,37,29,90,70,85,76,61,48,19,16,40,39,0,14,22,26,7,11,1,2,0,14,12,19,0,14,7,11
1400000US36005034000,"Census Tract 340, Bronx County, New York",Bronx,5049,859,2543,471,108,66,355,126,208,130,191,129,68,54,1,3,36,37,65,42,251,166,199,135,150,93,139,79,136,97,160,82,198,137,18,23,23,26,37,54,122,109,26,26,1,3,29,32,22,26,2506,491,128,121,295,118,208,130,15,23,46,43,85,80,4,7,172,134,89,53,138,85,153,68,203,118,336,118,152,103,90,51,7,10,99,72,0,19,53,55,160,115,30,30,32,41,11,13
1400000US36005034200,"Census Tract 342, Bronx County, New York",Bronx,1625,440,764,203,37,37,25,19,50,41,13,18,17,25,0,14,0,14,0,14,96,59,130,157,99,48,44,47,32,28,22,31,34,47,32,28,27,41,0,14,25,34,17,16,38,36,26,27,0,14,861,280,152,170,54,36,0,14,40,28,53,26,0,14,14,20,0,14,12,29,117,109,24,22,79,44,51,24,12,19,56,46,12,16,70,45,8,13,22,30,56,39,0,14,9,13,20,31
1400000US36005034300,"Census Tract 343, Bronx County, New York",Bronx,1647,298,830,166,52,59,34,32,61,64,11,18,21,24,1,2,0,14,8,13,96,83,38,35,46,40,0,14,66,56,56,54,34,30,18,19,72,59,18,23,51,34,40,29,70,45,28,29,9,15,817,196,30,42,27,34,16,24,43,40,0,14,0,14,23,37,76,80,24,39,0,14,50,35,45,34,23,36,86,73,59,47,23,31,51,39,1,2,20,17,80,50,80,46,28,26,32,38
1400000US36005034400,"Census Tract 344, Bronx County, New York",Bronx,1717,637,760,264,94,126,32,40,68,74,45,66,7,11,7,11,14,21,50,39,17,19,39,44,0,14,21,26,65,68,127,112,31,23,38,37,5,8,28,38,42,58,16,14,14,22,0,14,0,14,957,406,132,172,118,135,33,43,29,37,2,6,0,14,0,14,77,63,60,40,26,24,35,37,142,138,77,63,37,34,34,24,55,48,26,30,16,22,17,27,16,16,16,24,0,14,9,14
1400000US36005034500,"Census Tract 345, Bronx County, New York",Bronx,4037,567,2133,411,129,87,71,63,168,132,207,146,4,9,15,25,9,15,15,30,169,115,137,74,47,38,90,79,148,88,170,75,206,153,106,73,118,86,35,24,50,33,118,70,75,52,36,34,10,16,1904,323,111,70,84,74,100,109,47,47,43,52,0,14,16,26,97,53,12,19,131,79,114,104,55,48,189,97,188,98,266,168,33,36,40,37,14,21,119,69,60,38,71,90,65,66,49,45
1400000US36005034800,"Census Tract 348, Bronx County, New York",Bronx,6051,1331,2700,694,78,128,274,269,490,251,1,3,71,60,0,19,0,19,31,53,160,140,103,118,128,107,324,311,89,78,100,93,234,160,166,123,100,85,80,83,108,89,51,66,45,59,30,53,37,48,3351,1102,338,359,178,160,139,128,169,134,129,127,82,69,92,78,75,90,258,236,115,123,82,78,420,232,294,201,264,123,105,95,16,24,104,77,43,58,20,29,40,44,208,129,134,141,46,53
1400000US36005035000,"Census Tract 350, Bronx County, New York",Bronx,1887,402,837,190,44,43,29,25,78,59,46,43,19,26,29,32,32,47,11,19,57,47,50,53,108,79,41,40,26,26,99,120,13,14,40,41,10,20,4,8,23,24,61,34,9,13,0,14,8,11,1050,267,34,38,8,14,89,57,137,164,5,12,0,14,39,59,50,58,52,29,56,60,58,47,96,52,13,16,75,47,104,102,67,46,23,25,21,27,30,22,61,41,0,14,32,40,0,14
1400000US36005035100,"Census Tract 351, Bronx County, New York",Bronx,3461,427,1567,267,106,62,91,62,12,19,35,52,181,50,69,49,46,30,115,93,136,126,37,36,138,106,62,53,75,55,61,50,74,47,50,55,17,20,91,87,28,41,15,17,51,63,0,14,77,63,1894,282,110,109,113,59,113,83,26,20,305,92,82,69,40,46,118,165,34,32,147,83,160,102,78,56,40,36,78,51,168,75,56,70,46,36,0,14,17,16,58,48,13,19,32,30,60,55
1400000US36005035600,"Census Tract 356, Bronx County, New York",Bronx,2207,351,960,209,101,60,58,49,9,13,62,47,31,47,6,7,20,33,62,46,44,36,92,70,59,48,71,47,48,41,76,46,67,55,42,48,9,17,34,29,11,13,15,17,28,30,0,14,15,18,1247,205,32,43,62,58,61,41,22,25,38,38,24,30,31,28,102,67,96,60,88,51,58,39,88,51,19,19,59,42,189,69,24,32,26,27,56,36,37,28,41,29,62,39,6,12,26,23
1400000US36005035800,"Census Tract 358, Bronx County, New York",Bronx,6673,1012,3208,619,316,195,68,90,227,145,199,160,90,90,15,34,0,19,176,118,306,158,266,282,0,19,399,225,84,104,281,177,177,129,215,260,41,60,21,33,51,58,73,72,4,19,62,75,137,127,3465,696,144,163,112,126,70,47,103,115,7,25,111,83,30,54,54,82,254,128,174,117,172,123,116,105,125,120,380,199,197,171,283,245,133,90,140,94,58,61,96,99,214,160,215,132,277,359
1400000US36005035900,"Census Tract 359, Bronx County, New York",Bronx,3873,504,1946,382,181,121,362,136,347,197,71,52,83,81,42,57,29,45,7,16,66,93,74,67,128,124,107,79,32,43,87,85,51,57,8,13,5,7,56,75,101,157,75,89,25,40,0,14,9,15,1927,270,75,68,51,50,119,91,36,37,0,14,0,14,0,14,73,73,259,158,411,124,119,110,126,91,27,32,155,93,99,74,17,31,0,14,0,14,134,86,199,137,0,14,7,12,20,35
1400000US36005036000,"Census Tract 360, Bronx County, New York",Bronx,2779,468,1224,217,6,10,84,69,33,33,30,29,20,25,8,8,13,21,74,66,44,44,78,57,62,45,50,38,59,67,97,52,90,54,32,27,59,44,18,20,155,105,103,53,44,49,23,27,42,53,1555,372,61,48,130,84,26,31,147,154,25,27,0,14,8,14,90,61,58,62,75,42,112,74,93,68,51,31,162,71,98,51,51,37,110,58,0,14,45,23,103,68,19,16,56,45,35,24
1400000US36005036100,"Census Tract 361, Bronx County, New York",Bronx,4690,946,2168,644,169,141,359,246,278,179,78,95,49,56,66,98,87,61,98,120,116,107,228,161,68,74,11,28,108,64,20,31,93,82,0,14,52,80,48,72,30,47,91,68,96,100,23,41,0,14,2522,470,52,80,104,112,150,134,123,74,0,14,0,14,51,83,150,103,218,127,122,64,57,75,233,160,143,103,328,185,151,113,57,76,59,57,83,91,166,107,94,83,25,32,95,97,61,61
1400000US36005036300,"Census Tract 363, Bronx County, New York",Bronx,6727,1063,2988,555,84,128,177,162,269,181,353,193,44,48,92,104,53,81,132,160,175,168,131,131,251,179,161,167,259,184,279,160,78,89,125,101,67,100,55,84,0,19,69,63,76,67,0,19,58,95,3739,832,433,360,369,187,244,190,29,34,96,106,39,53,21,29,114,107,285,149,168,134,420,233,229,148,184,117,158,113,249,127,152,131,183,160,28,43,89,142,40,44,20,36,58,69,131,133
1400000US36005036400,"Census Tract 364, Bronx County, New York",Bronx,2304,415,1144,250,84,79,114,48,62,46,25,30,6,13,12,14,2,3,72,75,53,51,143,57,25,26,79,65,45,39,85,47,50,46,75,41,47,49,11,16,27,24,34,35,55,48,30,32,8,12,1160,221,0,14,50,41,22,24,0,14,21,31,8,13,40,45,39,43,147,136,38,27,76,48,84,52,103,61,34,27,153,83,42,40,38,22,34,31,20,24,44,40,69,45,42,32,56,40
1400000US36005036501,"Census Tract 365.01, Bronx County, New York",Bronx,4287,751,2167,592,26,42,118,113,235,184,151,136,9,17,29,41,82,92,49,67,237,133,211,110,80,77,131,116,75,82,221,140,205,108,25,30,32,39,0,14,101,90,120,107,13,28,17,24,0,14,2120,310,124,90,143,80,67,73,130,94,115,74,0,14,60,52,109,78,131,98,162,92,162,105,108,109,79,72,248,110,28,32,119,102,61,60,45,46,56,55,46,48,53,48,67,68,7,16
1400000US36005036502,"Census Tract 365.02, Bronx County, New York",Bronx,2287,535,1059,280,145,102,55,50,97,78,0,14,0,14,0,14,0,14,22,29,111,93,126,83,55,37,83,70,81,73,54,61,110,66,17,21,38,53,44,67,0,14,4,12,8,13,9,14,0,14,1228,405,108,86,86,92,117,66,23,47,48,53,0,14,0,14,23,34,158,195,112,52,134,106,36,25,76,71,6,9,122,79,19,18,30,28,23,36,34,32,32,37,41,46,0,14,0,14
1400000US36005036700,"Census Tract 367, Bronx County, New York",Bronx,2718,480,1378,404,40,38,148,108,127,111,14,22,0,14,25,39,0,14,32,38,271,188,95,47,32,30,89,52,87,72,53,40,181,150,48,46,20,21,82,68,18,19,16,17,0,14,0,14,0,14,1340,246,136,110,73,51,179,87,22,24,16,19,13,25,14,25,47,73,99,54,126,83,138,75,63,41,115,70,84,71,89,53,37,34,36,47,0,14,7,10,10,15,24,37,12,13,0,14
1400000US36005036800,"Census Tract 368, Bronx County, New York",Bronx,1958,371,784,184,59,50,42,39,55,41,47,32,21,26,2,9,20,32,73,48,42,40,34,44,40,38,23,28,41,41,31,41,69,63,2,3,53,50,0,14,55,40,68,62,7,10,0,14,0,14,1174,286,163,94,78,43,29,46,49,41,6,15,0,14,0,14,29,36,83,56,103,55,101,64,31,31,71,43,47,31,60,31,28,29,54,65,21,15,143,136,40,28,18,25,0,14,20,18
1400000US36005036901,"Census Tract 369.01, Bronx County, New York",Bronx,1808,378,829,199,17,18,138,87,74,79,48,48,20,27,22,22,11,13,16,17,30,28,28,25,14,19,35,31,49,46,95,67,61,35,69,61,4,6,0,14,10,12,28,40,44,50,10,16,6,12,979,216,24,27,76,77,110,52,57,42,5,7,0,14,0,14,51,54,36,35,96,95,22,21,84,53,18,25,96,56,41,26,32,45,60,55,13,19,29,36,9,13,53,48,31,37,36,47
1400000US36005036902,"Census Tract 369.02, Bronx County, New York",Bronx,2504,279,1017,232,168,67,97,80,67,54,52,42,0,14,0,14,9,15,14,20,114,69,15,23,111,71,61,46,92,53,96,64,10,18,11,23,36,36,0,14,10,18,7,17,25,39,10,16,12,17,1487,234,80,65,262,173,75,58,19,25,28,39,16,22,21,27,33,30,251,127,132,74,73,51,118,57,68,46,27,34,87,53,34,36,53,35,10,13,0,14,29,48,22,22,11,16,38,31
1400000US36005037000,"Census Tract 370, Bronx County, New York",Bronx,2362,498,1069,250,24,25,111,90,102,59,85,54,0,14,13,20,0,14,17,15,120,120,83,91,67,52,31,32,24,27,120,76,69,69,16,24,77,62,25,25,10,15,28,28,36,36,11,17,0,14,1293,305,100,84,84,65,62,53,54,52,48,32,15,21,0,14,125,92,129,73,82,55,69,58,39,39,75,46,22,19,67,52,75,52,50,34,19,30,3,9,71,44,37,34,53,46,14,19
1400000US36005037100,"Census Tract 371, Bronx County, New York",Bronx,4218,655,1878,337,124,121,242,128,84,86,89,68,45,46,0,14,0,14,30,34,211,138,65,83,125,95,52,65,15,24,136,107,137,97,15,25,60,47,147,82,129,100,28,33,34,31,74,63,36,39,2340,421,125,127,96,97,138,114,76,78,49,67,0,14,15,24,74,71,367,215,83,58,255,105,100,90,65,55,209,123,129,95,73,71,31,50,27,31,72,65,75,60,211,187,56,50,14,21
1400000US36005037200,"Census Tract 372, Bronx County, New York",Bronx,2017,346,985,219,36,29,58,50,110,118,16,19,51,67,7,11,8,12,26,42,79,65,81,56,34,31,94,62,24,33,121,55,11,15,9,16,50,35,38,24,89,60,26,35,17,24,0,14,0,14,1032,188,37,39,18,17,85,58,18,24,4,8,32,36,7,11,35,46,85,58,94,55,121,50,27,22,44,45,134,80,43,27,41,38,59,38,4,7,30,25,7,11,39,29,68,60,0,14
1400000US36005037300,"Census Tract 373, Bronx County, New York",Bronx,6202,1216,2388,612,100,122,351,231,287,165,1,3,3,3,0,19,0,19,209,223,203,177,217,163,189,87,154,90,81,128,132,156,138,138,57,92,0,19,88,112,41,74,134,172,3,7,0,19,0,19,3814,950,211,159,246,170,375,408,260,173,14,29,103,131,42,67,242,199,375,339,145,123,135,162,269,123,143,107,200,182,243,170,93,106,99,121,36,65,141,151,83,92,238,159,92,87,29,59
1400000US36005037400,"Census Tract 374, Bronx County, New York",Bronx,3633,731,1739,368,133,123,75,61,160,89,95,75,112,85,0,14,0,14,69,70,100,79,240,236,119,69,119,82,51,43,45,42,168,93,58,57,22,34,34,40,65,42,6,11,33,27,26,40,9,14,1894,471,72,81,141,75,49,47,27,43,93,75,0,14,75,82,321,276,96,73,74,54,119,76,0,14,128,87,212,104,133,153,19,30,92,69,29,33,60,51,62,49,38,39,35,35,19,30
1400000US36005037504,"Census Tract 375.04, Bronx County, New York",Bronx,4015,519,1911,449,311,189,115,93,217,152,15,25,56,74,12,19,24,29,156,122,108,92,113,79,187,119,58,59,116,113,148,100,92,69,39,48,41,46,0,14,31,16,38,41,19,12,5,13,10,11,2104,323,159,109,179,108,170,116,60,68,89,67,8,14,19,31,129,114,112,69,264,163,147,85,145,109,72,60,100,75,41,40,44,33,70,61,49,55,115,92,38,36,19,22,60,57,15,21
1400000US36005037600,"Census Tract 376, Bronx County, New York",Bronx,2115,292,1164,201,81,51,111,53,86,68,50,42,43,43,14,18,0,14,69,52,4,12,59,47,88,66,71,37,85,89,57,37,107,55,53,53,63,57,0,14,34,36,55,30,13,16,21,26,0,14,951,158,32,40,12,16,23,28,41,32,8,18,12,21,26,20,0,14,72,45,75,79,108,39,60,42,16,17,100,56,63,48,0,14,12,17,54,49,54,34,83,38,58,37,15,24,27,29
1400000US36005037800,"Census Tract 378, Bronx County, New York",Bronx,3505,635,1644,430,125,75,139,99,77,62,47,52,48,52,31,45,16,27,177,90,178,122,69,59,52,48,114,95,125,86,82,70,101,89,48,69,29,25,23,37,34,39,25,40,69,72,11,17,24,24,1861,401,0,14,125,120,199,113,97,71,39,60,0,14,60,79,34,47,225,125,174,103,145,82,72,50,185,99,105,69,133,78,28,27,0,14,26,35,11,18,64,54,22,25,59,53,58,53
1400000US36005037900,"Census Tract 379, Bronx County, New York",Bronx,6961,1217,2881,822,257,271,120,144,217,283,147,148,64,66,0,19,9,13,97,68,95,88,631,267,83,71,164,103,184,143,26,43,453,273,70,113,7,18,200,177,15,24,28,40,8,26,6,14,0,19,4080,586,254,234,527,413,478,300,287,209,103,93,129,117,0,19,120,86,412,213,524,210,260,127,95,63,150,92,250,146,61,76,89,63,229,127,12,16,35,48,0,19,28,37,16,26,21,34
1400000US36005038000,"Census Tract 380, Bronx County, New York",Bronx,5023,940,2044,432,102,111,130,134,140,137,197,128,67,80,73,86,32,32,60,65,71,72,252,195,126,89,126,90,94,105,76,55,118,81,74,81,86,68,22,24,12,14,87,68,36,26,34,39,29,35,2979,666,187,201,195,160,225,185,226,153,148,112,38,56,49,77,118,106,198,129,34,40,215,151,282,170,114,104,112,62,135,91,157,117,99,100,117,83,46,44,53,48,111,86,0,19,120,102
1400000US36005038100,"Census Tract 381, Bronx County, New York",Bronx,6543,1120,3435,717,151,133,191,167,134,118,141,139,87,107,6,44,0,19,162,179,226,149,159,138,396,282,214,173,197,169,274,173,234,155,89,93,183,185,465,418,0,19,79,66,41,68,6,10,0,19,3108,889,272,253,318,204,429,283,218,235,42,71,87,107,0,19,20,42,197,155,218,133,217,180,202,75,113,117,287,141,91,85,142,125,18,25,164,141,3,9,63,90,7,11,0,19,0,19
1400000US36005038200,"Census Tract 382, Bronx County, New York",Bronx,2964,450,1237,233,43,46,102,54,112,66,52,41,27,23,17,25,17,26,28,38,102,58,41,38,52,48,131,72,45,36,115,83,58,42,33,30,53,46,20,26,61,84,84,42,25,24,3,7,16,19,1727,312,208,97,86,56,85,58,42,38,42,42,22,38,2,6,80,63,193,119,157,75,45,37,82,52,36,30,128,53,128,58,0,14,73,69,71,57,16,18,57,35,57,58,55,41,62,53
1400000US36005038301,"Census Tract 383.01, Bronx County, New York",Bronx,4553,544,1880,318,114,97,81,86,234,119,165,99,6,9,23,32,14,23,117,78,224,153,87,71,278,101,157,104,67,58,128,89,34,33,28,36,22,28,33,53,11,18,16,24,41,65,0,14,0,14,2673,398,149,120,235,157,313,148,48,57,59,64,10,16,0,14,134,114,302,217,163,101,156,98,230,128,247,137,185,90,170,85,39,38,50,63,0,14,17,19,69,54,55,55,30,34,12,18
1400000US36005038303,"Census Tract 383.03, Bronx County, New York",Bronx,3662,700,1582,347,72,83,93,99,230,150,209,108,85,76,39,66,21,33,99,100,57,67,93,100,21,33,51,55,112,100,80,93,154,113,33,44,0,14,11,17,37,46,49,43,0,14,0,14,36,48,2080,535,71,82,110,151,92,97,116,74,26,42,17,27,0,14,376,272,156,112,202,90,44,50,115,58,301,171,146,118,52,50,0,14,64,70,48,62,50,53,50,63,10,16,30,36,4,12
1400000US36005038304,"Census Tract 383.04, Bronx County, New York",Bronx,2231,365,1089,293,57,75,147,105,0,14,56,49,85,91,41,43,6,9,61,53,119,87,14,23,73,58,39,51,149,244,41,69,79,66,25,30,13,15,0,14,28,63,31,34,25,38,0,14,0,14,1142,271,53,67,55,51,261,188,0,14,36,47,8,13,5,13,15,19,97,63,50,44,91,67,76,79,53,33,107,57,87,51,7,11,51,48,69,47,15,16,0,14,0,14,6,15,0,14
1400000US36005038500,"Census Tract 385, Bronx County, New York",Bronx,5218,990,2299,467,280,227,493,268,42,42,20,33,76,110,0,19,28,49,80,110,178,137,195,150,122,123,31,51,218,173,64,65,67,71,62,63,139,137,172,248,5,9,27,44,0,19,0,19,0,19,2919,669,173,178,224,173,388,232,56,57,154,143,115,101,55,73,92,106,183,118,169,138,226,172,187,135,41,70,112,114,224,169,16,29,167,120,85,134,0,19,49,49,109,160,20,35,74,94
1400000US36005038600,"Census Tract 386, Bronx County, New York",Bronx,8012,1540,3738,692,228,168,278,156,198,158,373,193,232,129,12,24,161,159,130,111,145,113,334,228,56,58,109,86,269,213,514,233,148,119,0,19,12,19,95,99,20,34,135,105,47,46,216,205,26,31,4274,1219,179,134,359,230,391,332,118,181,196,167,45,52,0,19,164,130,324,174,242,249,295,229,248,134,313,172,221,167,204,134,20,32,62,74,62,70,194,158,235,254,296,299,32,28,74,110
1400000US36005038700,"Census Tract 387, Bronx County, New York",Bronx,3610,764,2168,714,99,85,113,71,54,64,99,64,145,168,22,36,135,103,342,212,262,288,281,179,21,32,35,42,71,78,105,98,36,53,6,10,52,73,77,110,45,45,133,123,31,49,4,25,0,14,1442,233,51,73,38,64,129,59,77,55,31,46,44,56,22,45,95,80,0,14,99,58,166,123,189,121,76,73,129,118,66,65,0,14,52,56,0,14,53,57,49,66,43,65,23,31,10,24
1400000US36005038800,"Census Tract 388, Bronx County, New York",Bronx,2752,445,1394,238,191,103,159,95,46,41,97,65,27,32,0,14,41,44,37,28,66,59,108,99,35,48,120,81,89,66,114,121,57,49,40,48,54,40,1,4,13,20,33,33,44,51,18,23,4,7,1358,271,156,106,132,98,71,83,41,43,8,13,17,20,28,25,6,10,96,79,103,70,53,47,180,124,117,70,23,27,63,35,46,33,6,10,10,16,21,21,82,65,12,19,54,45,33,33
1400000US36005038900,"Census Tract 389, Bronx County, New York",Bronx,5412,824,2759,512,128,117,246,126,158,101,6,13,175,120,112,94,239,182,285,143,157,103,359,166,219,134,124,117,56,72,123,124,100,80,47,52,58,57,35,41,36,59,90,36,0,19,0,19,6,25,2653,529,165,129,61,51,270,139,28,36,120,92,217,164,101,94,148,71,319,151,161,118,268,184,83,72,180,109,109,97,123,84,168,223,0,19,10,15,36,37,30,31,51,49,5,23,0,19
1400000US36005039000,"Census Tract 390, Bronx County, New York",Bronx,3054,672,1555,332,94,92,50,57,175,134,91,66,32,43,0,14,25,42,106,59,82,60,48,54,43,50,175,208,64,51,198,129,66,64,39,53,57,49,75,65,41,39,47,46,12,20,0,14,35,52,1499,462,18,29,43,64,54,49,141,130,63,72,44,67,24,29,55,71,48,57,155,151,88,59,84,65,209,166,92,64,139,120,70,60,0,14,5,10,50,45,23,25,55,40,39,44,0,14
1400000US36005039100,"Census Tract 391, Bronx County, New York",Bronx,6071,1238,3565,880,38,65,251,258,132,193,53,146,8,15,32,51,240,207,306,162,488,326,209,180,214,240,259,189,132,212,0,19,232,247,121,161,158,205,339,232,42,58,145,107,59,68,86,118,21,74,2506,624,36,126,58,84,27,97,247,223,41,55,7,14,0,19,233,228,254,237,123,147,88,114,69,156,176,199,138,146,48,76,127,190,208,180,96,85,172,238,164,147,69,89,64,83,61,101
1400000US36005039200,"Census Tract 392, Bronx County, New York",Bronx,1590,282,811,208,52,50,23,27,13,18,46,33,6,10,0,14,34,32,40,42,16,25,145,78,156,132,26,40,41,43,8,13,68,50,12,21,19,25,6,11,27,39,21,22,18,25,18,19,16,26,779,139,49,46,48,34,30,30,22,25,0,14,8,12,30,37,51,50,27,25,79,52,62,48,22,26,10,23,66,37,25,20,10,16,55,45,7,11,57,44,23,29,13,17,29,42,56,48
1400000US36005039300,"Census Tract 393, Bronx County, New York",Bronx,8847,1413,3275,662,123,156,355,257,292,191,53,85,24,40,0,19,18,38,70,106,467,244,495,293,161,186,35,46,232,165,275,206,250,198,117,115,29,46,0,19,0,19,57,59,125,163,0,19,97,82,5572,1083,405,234,421,288,675,352,210,139,89,105,137,111,45,61,164,149,437,221,475,293,237,183,187,132,539,403,200,152,265,164,276,235,153,113,160,99,37,49,72,88,105,116,236,212,47,54
1400000US36005039400,"Census Tract 394, Bronx County, New York",Bronx,4323,640,2104,469,331,260,72,57,133,83,26,26,61,50,35,39,7,12,197,160,183,154,25,32,74,69,105,67,196,102,116,109,120,65,34,33,179,90,3,6,24,25,92,59,14,13,77,53,0,14,2219,343,173,134,135,122,132,94,27,39,27,32,25,28,0,14,38,60,128,79,183,155,169,82,91,70,54,54,216,128,152,76,25,37,79,57,62,70,196,87,25,27,168,72,64,50,50,38
1400000US36005039500,"Census Tract 395, Bronx County, New York",Bronx,4389,958,2165,500,68,81,135,119,94,80,438,345,105,92,0,14,13,26,49,54,197,122,218,150,191,120,0,14,103,89,105,89,97,65,0,14,36,49,31,44,34,37,83,82,37,61,122,129,9,14,2224,574,57,81,62,70,151,127,25,40,67,68,56,60,49,52,202,125,162,72,198,117,52,43,82,69,114,88,450,364,118,95,48,38,105,72,56,57,61,60,66,70,23,37,12,19,8,13
1400000US36005039600,"Census Tract 396, Bronx County, New York",Bronx,3763,680,1836,433,152,119,57,63,254,179,14,21,21,31,0,14,0,14,35,55,177,118,285,172,41,49,285,124,55,48,120,97,90,75,64,71,7,13,2,9,13,23,0,14,14,32,100,84,50,36,1927,444,87,65,130,82,130,126,54,57,33,42,0,14,0,14,76,108,111,63,243,145,168,88,59,52,116,66,209,141,117,77,13,17,45,35,65,53,60,57,27,22,115,96,41,47,28,31
1400000US36005039700,"Census Tract 397, Bronx County, New York",Bronx,4219,173,1884,274,14,20,17,22,20,30,32,44,702,220,438,181,134,74,147,80,11,21,8,15,80,54,32,27,48,30,34,37,15,21,20,24,18,27,9,13,77,67,0,14,21,19,0,14,7,10,2335,263,37,57,5,10,29,23,39,37,1120,213,435,147,224,105,109,77,11,22,65,46,0,14,11,15,10,14,6,9,32,36,0,14,15,23,38,36,31,28,51,39,33,36,6,9,28,31
1400000US36005039800,"Census Tract 398, Bronx County, New York",Bronx,3540,773,1867,435,163,98,153,149,266,134,44,40,0,14,37,50,37,50,59,53,175,141,110,90,9,16,108,76,88,91,196,204,66,52,65,71,18,27,27,34,36,45,127,102,54,56,29,49,0,14,1673,451,47,49,175,214,156,88,83,84,32,48,38,47,0,14,31,34,70,60,124,177,137,69,86,104,70,72,66,58,118,85,22,24,104,68,6,10,11,17,59,46,91,83,103,73,44,52
1400000US36005039901,"Census Tract 399.01, Bronx County, New York",Bronx,4855,718,2408,483,164,117,170,144,267,175,0,14,62,62,62,69,33,46,104,74,265,130,124,87,317,173,129,77,165,104,28,35,192,92,37,42,22,35,58,58,60,49,66,55,59,62,15,26,9,13,2447,419,192,113,121,114,122,84,88,71,0,14,105,118,0,14,151,143,272,164,221,104,160,82,118,71,169,101,118,82,162,93,11,18,73,64,67,57,76,79,105,62,68,94,38,38,10,17
1400000US36005039902,"Census Tract 399.02, Bronx County, New York",Bronx,4719,694,2424,512,323,184,150,124,202,111,141,96,41,50,9,15,63,76,100,86,147,113,358,244,159,117,36,38,283,192,120,119,14,21,67,58,22,28,24,41,45,58,19,42,58,65,43,59,0,14,2295,319,193,111,207,116,174,111,26,43,76,77,36,60,0,14,49,59,110,99,329,169,173,95,192,103,182,114,86,78,112,72,121,66,14,22,33,30,36,43,27,40,39,39,42,45,38,39
1400000US36005040100,"Census Tract 401, Bronx County, New York",Bronx,4749,647,2540,507,124,115,190,114,104,111,121,83,62,70,37,51,62,62,50,40,278,177,292,121,114,80,150,84,80,73,113,85,409,398,42,42,179,165,18,30,16,17,32,47,22,37,45,49,0,14,2209,436,150,117,134,105,143,127,42,53,118,91,38,54,62,67,137,97,169,79,287,129,133,99,138,70,88,74,71,54,104,82,65,66,0,14,29,33,34,40,12,26,212,248,42,47,1,16
1400000US36005040302,"Census Tract 403.02, Bronx County, New York",Bronx,4008,1374,1744,723,193,197,170,130,92,53,26,25,13,22,0,14,55,53,53,57,107,100,100,85,46,39,230,186,153,88,88,71,62,52,8,12,36,45,22,21,32,39,27,26,222,300,0,14,9,15,2264,759,355,226,25,38,112,105,26,28,55,79,37,48,64,64,114,172,148,103,150,104,113,69,125,80,53,54,98,73,188,122,37,41,151,109,6,9,79,60,176,226,67,53,36,45,49,48
1400000US36005040303,"Census Tract 403.03, Bronx County, New York",Bronx,3999,380,1838,237,127,90,56,39,106,76,198,94,32,36,10,17,22,35,57,50,209,91,226,129,40,37,184,98,80,60,135,92,65,50,29,29,76,72,34,45,51,49,51,49,0,14,10,16,40,43,2161,257,108,67,114,80,96,66,88,62,32,36,30,34,95,73,79,63,148,95,232,130,169,91,126,88,185,83,198,84,95,55,40,41,27,29,18,18,88,81,80,60,47,46,0,14,66,55
1400000US36005040304,"Census Tract 403.04, Bronx County, New York",Bronx,3502,550,1627,339,149,113,94,75,175,147,159,104,0,14,45,42,20,30,91,54,108,82,163,116,39,44,120,102,113,66,45,64,163,90,39,37,35,56,66,22,0,14,3,7,0,14,0,14,0,14,1875,358,79,81,134,100,125,93,120,100,7,11,10,17,35,36,11,19,292,171,122,75,153,128,133,75,44,40,66,68,130,104,124,104,101,61,74,59,28,45,0,14,0,14,45,43,42,50
1400000US36005040400,"Census Tract 404, Bronx County, New York",Bronx,3408,757,1577,481,134,112,300,205,136,119,40,52,35,54,41,60,4,29,27,46,176,133,20,37,139,89,72,78,102,94,54,44,64,51,19,33,18,29,61,65,0,14,66,72,48,51,0,14,21,32,1831,386,59,100,63,72,21,51,106,78,42,56,0,14,43,69,65,46,116,111,242,163,92,68,104,73,38,31,141,92,202,188,16,25,69,69,90,84,0,14,75,75,94,83,89,88,64,56
1400000US36005040501,"Census Tract 405.01, Bronx County, New York",Bronx,3327,648,1460,341,65,75,175,105,78,78,36,53,54,62,18,30,32,37,81,76,144,92,105,76,117,82,72,57,86,75,50,47,98,71,26,31,23,26,43,47,30,32,66,66,25,33,36,40,0,14,1867,418,141,143,143,142,134,83,37,48,73,70,45,44,70,71,60,71,159,100,103,80,35,41,91,63,54,43,73,47,139,65,38,45,82,75,92,79,28,37,98,66,57,51,19,21,96,90
1400000US36005040502,"Census Tract 405.02, Bronx County, New York",Bronx,5615,1145,2324,584,9,22,347,257,123,116,73,93,71,86,0,19,78,91,77,73,219,166,221,185,79,79,179,130,132,116,288,148,62,68,44,52,124,114,0,19,38,60,122,73,0,19,14,24,24,46,3291,807,345,270,98,94,121,88,277,244,33,48,0,19,0,19,153,137,103,134,575,330,158,117,164,101,290,164,205,106,72,74,34,55,250,135,114,155,123,61,130,137,26,33,20,31,0,19
1400000US36005040600,"Census Tract 406, Bronx County, New York",Bronx,3451,664,1634,310,89,66,193,144,207,127,176,126,0,14,24,44,0,14,161,96,129,118,5,6,49,47,158,138,19,33,9,29,121,102,86,64,103,72,5,15,27,42,39,48,11,27,2,4,21,34,1817,511,34,80,211,140,115,96,0,14,39,56,18,31,0,14,55,66,294,177,14,27,151,92,169,121,149,80,80,66,225,173,37,39,79,78,36,44,10,20,82,49,19,29,0,14,0,14
1400000US36005040701,"Census Tract 407.01, Bronx County, New York",Bronx,2839,690,1536,580,113,84,93,57,164,114,108,73,48,54,26,43,0,14,136,164,106,87,35,41,226,113,197,257,98,60,34,38,23,27,40,47,7,11,4,10,0,14,55,43,23,23,0,14,0,14,1303,244,72,51,88,85,60,57,75,66,39,47,0,14,24,34,0,14,146,89,110,58,117,64,50,37,113,79,62,55,142,61,16,27,71,58,12,14,10,15,45,40,7,14,44,44,0,14
1400000US36005040702,"Census Tract 407.02, Bronx County, New York",Bronx,6233,870,2633,518,160,128,201,159,236,149,0,19,52,63,51,53,48,73,30,60,44,47,135,127,306,228,119,94,516,316,130,108,71,63,103,113,26,43,59,98,67,95,32,40,130,118,47,55,70,88,3600,624,505,296,108,106,240,164,116,72,1,4,51,78,103,119,142,124,227,182,192,140,380,188,149,102,323,179,130,117,173,120,84,98,154,110,73,92,20,32,80,61,84,68,128,103,137,136
1400000US36005040800,"Census Tract 408, Bronx County, New York",Bronx,4381,903,1963,520,110,66,33,44,209,179,146,83,58,67,66,63,18,28,81,70,311,262,77,79,49,56,123,78,39,45,157,154,174,91,2,4,0,14,0,14,52,49,190,110,0,14,48,56,20,32,2418,569,230,131,138,100,146,87,41,57,42,53,0,14,12,20,268,208,200,211,88,63,162,75,96,71,99,104,120,58,364,169,42,38,75,63,155,155,34,34,30,32,34,56,0,14,42,50
1400000US36005040900,"Census Tract 409, Bronx County, New York",Bronx,3323,562,1506,321,45,67,10,17,162,109,82,96,0,14,0,14,0,14,33,41,159,69,31,35,64,63,115,84,165,153,0,14,131,71,60,82,60,44,40,46,55,49,158,113,61,62,0,14,75,77,1817,330,77,72,162,148,87,76,100,90,32,50,8,13,0,14,145,94,44,47,61,59,0,14,54,45,143,147,62,59,206,106,150,69,95,82,0,14,127,90,52,46,23,28,55,49,134,89
1400000US36005041100,"Census Tract 411, Bronx County, New York",Bronx,3418,576,1774,317,168,127,102,73,145,80,33,41,32,41,0,14,83,88,12,18,110,83,110,93,69,78,292,142,103,93,89,86,113,88,0,14,80,67,37,50,59,63,37,58,18,31,24,41,58,53,1644,409,24,40,59,77,91,88,8,13,10,21,0,14,0,14,83,77,72,71,112,89,65,53,198,132,106,75,86,50,200,84,149,188,33,36,18,28,173,139,77,86,51,47,29,34,0,14
1400000US36005041300,"Census Tract 413, Bronx County, New York",Bronx,7329,1057,3663,567,286,191,162,141,336,288,161,103,105,77,8,16,98,92,173,158,318,197,367,210,364,193,268,150,241,145,91,94,191,114,165,154,97,95,42,70,65,73,55,56,70,86,0,19,0,19,3666,639,299,179,161,112,173,155,153,178,81,62,0,19,43,67,85,90,769,294,245,147,247,140,187,112,163,84,220,126,248,197,64,81,51,73,113,91,108,99,86,87,78,84,64,84,28,54
1400000US36005041400,"Census Tract 414, Bronx County, New York",Bronx,5483,969,2625,611,79,78,33,53,103,100,21,36,15,23,1,2,0,19,186,138,308,166,211,143,265,163,182,182,88,84,128,110,109,122,79,109,285,224,72,113,41,48,223,205,156,117,40,51,0,19,2858,587,54,58,105,96,208,135,142,115,31,47,30,44,18,27,157,168,106,90,328,198,91,82,203,134,62,69,412,230,91,80,172,142,110,75,0,19,111,85,169,87,73,71,156,121,29,45
1400000US36005041500,"Census Tract 415, Bronx County, New York",Bronx,5555,981,2411,553,164,144,35,58,145,119,192,99,59,63,38,46,5,16,0,19,96,101,174,113,263,311,218,134,140,82,281,167,241,159,40,63,90,113,0,19,30,21,161,120,18,29,20,37,1,3,3144,602,225,228,395,197,134,111,0,19,61,75,0,19,0,19,143,150,270,170,265,181,143,104,417,264,167,98,219,106,169,121,46,49,145,101,43,48,28,32,217,105,57,61,0,19,0,19
1400000US36005041800,"Census Tract 418, Bronx County, New York",Bronx,3396,751,1591,352,185,89,96,79,183,113,23,38,20,36,13,20,0,14,70,88,75,89,143,97,28,29,62,69,155,80,126,160,129,122,23,35,49,44,30,41,73,60,37,34,28,36,0,14,43,50,1805,468,25,45,65,45,193,175,61,43,35,38,14,22,0,14,17,28,19,32,231,153,148,82,218,120,39,42,190,178,72,47,140,115,84,64,56,76,0,14,80,99,4,8,93,65,21,32
1400000US36005041900,"Census Tract 419, Bronx County, New York",Bronx,6215,873,3243,751,235,176,210,214,304,172,17,28,52,79,24,40,33,53,237,162,296,181,173,125,279,189,178,161,263,145,101,96,425,263,32,43,285,213,59,69,0,19,1,3,2,4,37,57,0,19,2972,409,147,151,170,131,35,54,107,128,47,34,0,19,53,79,79,97,344,217,158,133,305,171,264,158,160,100,128,97,431,170,15,28,173,130,18,29,23,32,74,81,190,120,32,51,19,31
1400000US36005042000,"Census Tract 420, Bronx County, New York",Bronx,4660,790,2581,579,272,186,209,115,165,115,18,22,132,139,2,5,0,14,40,67,302,151,229,150,85,80,267,118,228,337,220,127,109,75,35,40,78,84,45,68,0,14,125,101,1,2,5,9,14,23,2079,394,187,162,150,109,141,144,54,70,25,40,0,14,14,24,44,50,123,86,150,106,234,118,129,86,55,51,234,156,56,68,138,97,71,62,122,67,30,42,4,7,60,65,43,50,15,25
1400000US36005042100,"Census Tract 421, Bronx County, New York",Bronx,5780,977,2789,743,83,82,245,157,104,87,119,106,250,184,96,131,55,90,113,112,335,213,188,143,173,147,129,108,153,146,326,202,221,135,46,75,0,19,0,19,105,83,13,22,0,19,22,38,13,22,2991,465,282,256,12,22,188,130,159,116,39,63,88,100,0,19,121,110,433,185,207,156,198,162,174,93,413,214,67,61,160,107,38,52,75,57,90,88,28,33,106,110,59,69,0,19,54,70
1400000US36005042200,"Census Tract 422, Bronx County, New York",Bronx,3209,756,1360,408,0,14,0,14,42,64,32,51,4,23,40,58,49,71,10,21,16,25,131,157,65,79,200,155,72,82,292,195,10,20,75,88,77,75,53,91,42,46,97,59,38,41,15,23,0,14,1849,442,356,259,160,137,48,76,70,82,77,90,0,14,0,14,97,105,179,189,115,147,56,63,87,80,0,14,166,112,102,61,118,74,21,35,83,110,21,32,29,36,32,45,17,28,15,22
1400000US36005042300,"Census Tract 423, Bronx County, New York",Bronx,4189,495,2210,367,238,108,173,105,183,107,84,62,0,14,35,45,11,21,181,148,162,106,186,159,247,132,217,115,92,68,93,59,81,76,108,73,4,12,18,20,0,14,58,68,30,33,9,15,0,14,1979,315,189,186,163,104,70,64,230,151,25,39,0,14,0,14,104,95,89,69,82,78,188,89,168,91,99,78,186,89,106,81,41,35,22,23,56,49,87,64,14,21,13,17,9,17,38,48
1400000US36005042400,"Census Tract 424, Bronx County, New York",Bronx,2479,647,1051,419,0,14,104,72,73,110,61,54,100,88,27,39,0,14,27,39,175,151,11,17,12,15,134,105,13,17,49,49,39,40,5,11,55,55,46,53,26,36,42,33,11,15,28,25,13,18,1428,280,107,160,40,44,236,127,3,5,13,21,0,14,0,14,28,42,47,43,37,43,112,77,244,104,61,61,67,51,98,67,24,20,24,41,59,47,49,35,40,23,51,51,41,31,47,35
1400000US36005042500,"Census Tract 425, Bronx County, New York",Bronx,6810,1171,3073,581,153,137,191,148,204,183,140,129,142,102,35,38,0,19,122,113,244,163,168,128,286,184,246,160,204,129,122,90,318,203,11,18,141,126,106,92,62,86,134,101,44,56,0,19,0,19,3737,722,389,223,305,196,259,147,283,152,126,114,78,62,149,138,43,51,115,94,299,149,224,137,243,142,306,159,222,121,245,153,130,103,64,58,58,82,58,65,78,72,22,38,0,19,41,46
1400000US36005042600,"Census Tract 426, Bronx County, New York",Bronx,6669,1373,3052,805,225,237,202,191,248,181,298,207,84,83,143,151,1,2,106,96,300,239,0,19,190,171,42,66,282,247,88,111,105,145,48,57,44,82,0,19,92,85,0,19,0,19,271,228,283,223,3617,691,0,19,218,148,149,122,3,6,46,71,67,103,0,19,245,162,348,329,60,101,338,223,183,161,215,120,472,327,185,137,134,111,148,106,125,140,45,52,163,132,179,153,212,157,82,75
1400000US36005042800,"Census Tract 428, Bronx County, New York",Bronx,2381,587,1000,280,0,14,26,44,16,23,40,31,52,57,12,17,0,14,10,14,82,76,100,80,0,14,119,91,55,47,69,44,42,27,0,14,47,53,54,41,136,183,61,43,65,39,11,16,3,5,1381,388,126,92,39,38,93,123,19,22,41,33,16,25,76,119,50,51,129,69,9,16,32,24,90,73,47,33,62,49,167,105,67,53,18,18,186,219,7,11,45,37,38,33,12,17,12,18
1400000US36005042901,"Census Tract 429.01, Bronx County, New York",Bronx,3397,524,1549,381,164,120,211,144,8,15,41,42,71,58,22,34,44,48,14,22,180,179,69,61,78,69,224,112,39,49,103,69,31,32,66,59,13,23,41,48,42,45,34,42,54,62,0,14,0,14,1848,300,110,91,207,95,121,83,91,79,23,30,35,40,0,14,54,58,154,85,138,104,261,123,95,81,101,69,134,63,58,45,52,49,74,49,0,14,26,39,76,58,30,29,8,14,0,14
1400000US36005042902,"Census Tract 429.02, Bronx County, New York",Bronx,3656,368,1767,254,126,95,108,87,135,75,49,34,29,32,0,14,79,88,70,57,178,102,68,60,60,44,89,70,207,131,171,105,126,77,14,22,55,50,87,74,36,31,31,26,16,23,19,15,14,23,1889,276,206,103,111,75,134,70,0,14,20,23,0,14,7,14,26,34,114,74,127,62,140,70,165,88,137,92,158,98,189,80,90,77,50,47,43,36,56,43,55,44,53,35,1,2,7,17
1400000US36005043000,"Census Tract 430, Bronx County, New York",Bronx,3004,812,1080,222,0,14,0,14,74,90,12,21,0,14,19,29,67,72,59,68,0,14,134,142,79,81,87,80,62,66,85,88,88,74,13,23,0,14,29,40,15,27,180,117,58,57,0,14,19,35,1924,814,0,14,188,254,52,62,68,73,38,56,15,23,0,14,20,29,0,14,173,177,161,100,67,83,97,86,52,53,206,260,232,237,41,53,37,33,65,69,213,186,50,55,149,174,0,14
1400000US36005043101,"Census Tract 431.01, Bronx County, New York",Bronx,5051,1105,2536,848,262,120,145,112,80,91,103,97,0,19,0,19,0,19,19,27,348,304,165,76,178,102,57,63,85,85,191,112,128,92,31,35,152,130,424,534,120,85,21,33,27,26,0,19,0,19,2515,397,48,65,262,171,270,141,31,37,44,47,1,3,18,39,92,83,178,99,183,99,130,95,141,109,210,120,136,115,371,271,35,49,152,82,39,43,45,54,80,67,27,46,22,34,0,19
1400000US36005043102,"Census Tract 431.02, Bronx County, New York",Bronx,4458,693,2338,479,251,273,188,184,74,101,110,78,31,56,13,38,57,55,154,112,199,136,65,78,145,98,75,79,265,140,101,79,217,156,16,28,100,100,102,146,24,23,36,29,51,31,26,24,38,44,2120,421,110,139,86,84,79,83,138,84,74,85,45,73,0,14,71,92,119,76,44,48,233,126,142,116,129,105,157,96,54,53,241,153,56,54,12,19,14,18,104,69,71,54,50,53,91,46
1400000US36005043400,"Census Tract 434, Bronx County, New York",Bronx,3921,650,2094,517,117,108,28,34,28,81,44,62,37,60,20,32,0,14,185,156,193,129,307,167,246,163,11,34,89,90,285,156,55,81,66,80,96,104,78,65,186,149,11,39,0,14,0,14,12,21,1827,357,70,61,30,92,119,128,24,30,0,14,25,48,69,94,68,91,79,59,0,14,247,128,184,147,19,53,279,149,187,104,55,67,195,109,15,23,38,55,57,85,49,78,3,68,15,18
1400000US36005043501,"Census Tract 435.01, Bronx County, New York",Bronx,1011,138,434,111,37,37,21,27,74,55,12,18,23,23,7,13,0,14,32,40,62,56,35,53,12,18,24,25,0,14,10,13,5,8,6,11,15,16,18,25,0,14,41,47,0,14,0,14,0,14,577,124,72,58,93,79,10,15,19,23,0,14,0,14,0,14,22,25,27,31,55,34,63,29,13,17,40,34,11,13,51,28,25,37,26,26,7,12,17,16,6,9,4,8,9,14,7,9
1400000US36005043502,"Census Tract 435.02, Bronx County, New York",Bronx,0,14,0,14,0,14,0,14,0,14,0,14,0,14,0,14,0,14,0,14,0,14,0,14,0,14,0,14,0,14,0,14,0,14,0,14,0,14,0,14,0,14,0,14,0,14,0,14,0,14,0,14,0,14,0,14,0,14,0,14,0,14,0,14,0,14,0,14,0,14,0,14,0,14,0,14,0,14,0,14,0,14,0,14,0,14,0,14,0,14,0,14,0,14,0,14,0,14
1400000US36005043503,"Census Tract 435.03, Bronx County, New York",Bronx,0,14,0,14,0,14,0,14,0,14,0,14,0,14,0,14,0,14,0,14,0,14,0,14,0,14,0,14,0,14,0,14,0,14,0,14,0,14,0,14,0,14,0,14,0,14,0,14,0,14,0,14,0,14,0,14,0,14,0,14,0,14,0,14,0,14,0,14,0,14,0,14,0,14,0,14,0,14,0,14,0,14,0,14,0,14,0,14,0,14,0,14,0,14,0,14,0,14
1400000US36005043600,"Census Tract 436, Bronx County, New York",Bronx,2362,354,1219,214,22,35,0,14,185,118,31,33,85,69,0,14,14,23,7,13,138,79,53,45,65,55,47,31,90,48,113,78,120,52,25,24,41,50,46,36,35,31,43,40,41,53,7,12,11,12,1143,166,117,79,56,48,77,92,104,67,49,41,0,14,0,14,39,34,72,61,11,16,85,63,88,55,79,55,53,43,67,41,79,66,27,20,0,14,15,20,19,25,59,44,28,24,19,29
1400000US36005044200,"Census Tract 442, Bronx County, New York",Bronx,4007,1283,1598,562,272,171,159,85,40,65,15,22,1,2,0,14,0,14,0,14,41,60,191,171,120,84,66,72,37,52,321,291,117,84,1,3,13,24,0,14,34,50,28,45,0,14,12,24,130,107,2409,868,74,114,64,47,412,386,82,58,0,14,0,14,28,56,191,126,84,76,88,93,100,86,141,83,51,56,93,103,405,483,45,50,23,40,50,69,141,116,94,69,40,48,99,91,104,80
1400000US36005044400,"Census Tract 444, Bronx County, New York",Bronx,4293,906,2192,521,47,80,102,97,142,173,136,121,0,14,0,14,19,30,243,308,342,256,316,226,0,14,196,170,86,84,0,14,83,85,39,64,0,14,9,25,19,35,178,176,65,88,75,66,95,95,2101,535,36,59,42,69,42,69,123,104,20,32,0,14,0,14,22,35,188,182,321,173,28,47,0,14,59,70,151,127,279,187,39,59,36,58,84,56,156,99,177,165,100,115,22,35,176,191
1400000US36005044800,"Census Tract 448, Bronx County, New York",Bronx,2374,404,1084,222,0,14,109,85,39,44,53,56,35,42,0,14,0,14,121,75,143,90,0,14,34,31,80,103,161,91,94,80,14,22,0,14,25,31,7,11,54,40,64,62,12,19,1,11,38,49,1290,267,43,60,94,106,137,65,63,62,18,27,16,28,0,14,27,36,0,14,133,132,103,68,162,83,70,83,32,28,34,38,0,14,79,57,83,64,61,27,104,81,31,33,0,14,0,14
1400000US36005044901,"Census Tract 449.01, Bronx County, New York",Bronx,2045,298,1180,220,49,38,76,43,35,33,63,64,61,86,0,14,0,14,60,72,162,103,102,67,27,20,112,68,51,54,61,64,74,42,41,34,81,64,7,11,25,30,25,41,44,43,24,27,0,14,865,143,86,53,0,14,50,52,0,14,17,24,0,14,0,14,0,14,102,43,76,52,68,31,57,53,47,33,42,27,130,70,10,15,12,17,0,14,33,54,15,17,65,45,17,22,38,31
1400000US36005044902,"Census Tract 449.02, Bronx County, New York",Bronx,2175,377,936,237,136,97,12,19,59,45,20,19,0,14,0,14,8,11,21,23,128,123,96,64,25,31,116,59,60,41,39,45,55,42,9,13,6,9,24,32,15,13,22,20,50,58,21,22,14,22,1239,211,0,14,35,31,25,28,34,37,18,19,0,14,0,14,29,32,303,170,139,71,82,44,49,30,40,35,27,28,101,61,104,70,12,17,41,38,25,22,51,34,44,52,48,36,32,26
1400000US36005045101,"Census Tract 451.01, Bronx County, New York",Bronx,1695,302,885,294,59,56,0,14,53,42,10,15,0,14,2,4,0,14,29,26,48,44,66,48,57,44,39,43,49,36,29,27,235,284,10,17,81,62,23,23,0,14,0,14,39,35,26,33,30,30,810,124,103,72,22,31,0,14,24,29,2,4,0,14,0,14,0,14,49,47,118,90,80,48,65,41,22,17,22,21,86,52,74,78,0,14,5,8,37,26,11,15,32,35,25,27,33,35
1400000US36005045102,"Census Tract 451.02, Bronx County, New York",Bronx,2068,428,875,214,73,61,50,33,19,21,5,15,0,14,27,30,0,14,1,2,133,80,88,66,61,49,96,97,39,31,44,37,61,37,50,35,24,21,18,24,41,53,32,31,0,14,1,2,12,18,1193,346,186,168,27,26,24,24,35,43,0,14,0,14,28,32,0,14,150,100,157,94,114,111,33,27,37,28,22,24,44,30,42,33,39,35,50,43,36,26,0,14,67,62,11,17,91,69
1400000US36005045600,"Census Tract 456, Bronx County, New York",Bronx,3552,725,1958,495,25,40,254,226,0,14,95,121,46,73,0,14,0,14,102,139,173,150,308,160,20,34,184,163,61,78,133,94,104,83,103,116,148,137,47,63,0,14,59,69,25,28,36,46,35,47,1594,495,69,98,98,113,126,103,21,33,21,26,0,14,1,2,75,113,150,117,81,73,132,137,20,35,140,111,209,103,74,58,65,78,117,71,63,72,0,14,78,66,6,10,0,14,48,61
1400000US36005045800,"Census Tract 458, Bronx County, New York",Bronx,5523,945,1340,507,0,19,58,77,46,80,60,82,25,50,100,128,0,19,134,134,251,252,0,19,137,149,39,61,66,100,33,53,105,74,16,36,49,76,57,86,0,19,75,82,65,79,24,49,0,19,4183,782,148,148,368,285,573,295,259,175,200,126,19,63,40,68,273,194,379,167,227,189,105,101,259,150,214,164,76,74,106,95,43,52,394,216,69,66,0,19,257,178,137,136,0,19,37,56
1400000US36005046000,"Census Tract 460, Bronx County, New York",Bronx,2800,602,1467,443,65,77,114,82,230,137,28,39,71,37,0,14,0,14,56,55,202,242,90,86,99,92,52,55,96,123,101,73,64,46,65,43,20,29,16,14,19,26,43,45,0,14,17,26,19,24,1333,273,0,14,0,14,50,56,64,63,5,14,4,29,0,14,124,62,89,72,78,86,115,83,42,53,205,123,110,89,85,66,56,55,0,14,11,15,89,34,30,29,26,30,71,63,79,81
1400000US36005046203,"Census Tract 462.03, Bronx County, New York",Bronx,6756,1629,2954,718,21,34,119,152,0,19,487,543,112,102,30,48,77,88,24,41,101,111,194,196,19,31,147,114,131,104,49,50,40,44,74,71,200,125,107,104,178,90,272,219,347,387,74,55,151,151,3802,1048,104,118,38,48,380,471,14,41,0,19,0,19,0,19,240,130,70,36,172,116,74,60,80,92,242,179,153,98,158,89,58,61,145,99,125,89,179,181,733,559,113,84,554,381,170,113
1400000US36005046204,"Census Tract 462.04, Bronx County, New York",Bronx,5259,1082,2138,521,103,170,235,198,31,47,46,57,0,19,226,216,103,94,19,51,43,63,135,152,114,117,0,19,102,102,271,202,69,63,30,47,88,115,37,58,238,218,89,77,114,83,14,22,31,47,3121,809,414,331,20,50,114,94,13,31,34,55,0,19,140,198,50,71,203,240,51,50,378,225,180,96,101,88,268,187,143,94,267,145,123,110,25,37,165,94,94,81,217,130,52,55,69,56
1400000US36005046205,"Census Tract 462.05, Bronx County, New York",Bronx,3633,360,1469,269,0,14,133,86,26,44,26,40,0,14,0,14,0,14,24,32,143,148,167,128,42,54,103,96,210,169,80,63,101,80,2,7,34,41,93,69,15,25,55,65,185,184,16,26,14,24,2164,313,109,135,0,14,158,103,122,70,16,26,0,14,22,40,101,65,124,109,172,130,64,72,70,86,135,184,18,29,252,146,66,62,146,122,173,150,58,52,187,151,101,95,43,59,27,35
1400000US36005046206,"Census Tract 462.06, Bronx County, New York",Bronx,3971,503,1809,349,27,46,67,83,19,31,55,93,4,55,0,14,0,14,60,88,121,146,509,283,0,14,68,76,24,79,115,136,134,128,5,54,167,87,85,81,58,64,224,266,15,24,52,70,0,14,2162,314,204,214,0,14,0,14,117,119,0,14,60,61,27,59,0,14,139,152,245,209,19,27,60,74,73,70,103,100,240,132,41,64,75,85,35,39,132,81,173,91,33,54,257,124,129,98
1400000US36005046207,"Census Tract 462.07, Bronx County, New York",Bronx,6535,1418,3088,1027,580,465,99,153,164,187,11,18,47,75,0,19,52,90,270,305,36,66,471,352,206,229,97,94,105,162,239,221,173,165,69,67,76,63,14,23,37,42,149,90,108,109,61,78,24,30,3447,591,66,80,122,199,43,54,166,137,0,19,0,19,101,166,0,19,191,132,353,250,184,208,173,67,290,184,139,106,322,184,32,37,155,129,146,114,102,88,291,118,194,131,347,189,30,36
1400000US36005046208,"Census Tract 462.08, Bronx County, New York",Bronx,5145,982,1937,456,123,140,145,128,27,37,168,70,47,57,0,19,0,19,55,63,71,82,235,236,211,188,156,110,47,50,111,72,58,58,64,63,92,80,9,19,35,35,89,63,84,61,69,43,41,29,3208,663,271,219,194,162,117,84,151,129,123,88,21,28,62,53,122,95,148,111,333,267,153,106,54,54,146,86,280,218,160,94,30,29,94,81,80,74,41,35,160,96,121,70,145,74,202,82
1400000US36005046209,"Census Tract 462.09, Bronx County, New York",Bronx,4436,1594,1978,805,294,362,207,265,66,50,180,107,38,44,0,14,41,64,89,71,306,220,70,54,67,64,23,27,78,53,94,85,220,229,22,34,56,49,31,48,46,38,20,32,17,29,0,14,13,22,2458,852,350,367,142,154,306,126,116,85,34,39,0,14,0,14,90,86,362,381,95,55,107,73,174,145,94,78,140,91,100,58,31,38,128,75,45,42,33,32,25,28,59,66,0,14,27,34
1400000US36005048401,"Census Tract 484.01, Bronx County, New York",Bronx,3892,812,1999,529,226,200,186,108,219,105,114,108,90,82,0,14,37,45,35,26,69,40,35,48,64,54,271,201,152,124,158,109,164,131,82,77,0,14,36,43,8,15,0,14,37,44,16,32,0,14,1893,420,7,17,179,84,157,94,90,97,27,28,15,34,73,77,75,73,78,46,82,92,188,112,208,145,151,82,55,58,131,90,118,105,20,31,52,47,5,15,104,82,78,54,0,14,0,14
1400000US36005048402,"Census Tract 484.02, Bronx County, New York",Bronx,0,14,0,14,0,14,0,14,0,14,0,14,0,14,0,14,0,14,0,14,0,14,0,14,0,14,0,14,0,14,0,14,0,14,0,14,0,14,0,14,0,14,0,14,0,14,0,14,0,14,0,14,0,14,0,14,0,14,0,14,0,14,0,14,0,14,0,14,0,14,0,14,0,14,0,14,0,14,0,14,0,14,0,14,0,14,0,14,0,14,0,14,0,14,0,14,0,14
1400000US36005050400,"Census Tract 504, Bronx County, New York",Bronx,0,14,0,14,0,14,0,14,0,14,0,14,0,14,0,14,0,14,0,14,0,14,0,14,0,14,0,14,0,14,0,14,0,14,0,14,0,14,0,14,0,14,0,14,0,14,0,14,0,14,0,14,0,14,0,14,0,14,0,14,0,14,0,14,0,14,0,14,0,14,0,14,0,14,0,14,0,14,0,14,0,14,0,14,0,14,0,14,0,14,0,14,0,14,0,14,0,14
1400000US36005051601,"Census Tract 516.01, Bronx County, New York",Bronx,3828,753,1780,418,62,67,25,49,25,51,52,73,64,77,17,36,0,14,39,51,63,90,26,37,44,53,54,52,27,41,201,205,151,72,154,162,43,50,0,14,196,158,133,95,101,85,263,150,40,62,2048,473,0,14,53,66,0,14,139,85,11,19,0,14,0,14,0,14,177,203,24,27,41,45,13,20,148,80,248,201,131,99,43,49,68,65,48,45,57,49,155,80,358,196,283,191,51,57
1400000US36005051602,"Census Tract 516.02, Bronx County, New York",Bronx,0,14,0,14,0,14,0,14,0,14,0,14,0,14,0,14,0,14,0,14,0,14,0,14,0,14,0,14,0,14,0,14,0,14,0,14,0,14,0,14,0,14,0,14,0,14,0,14,0,14,0,14,0,14,0,14,0,14,0,14,0,14,0,14,0,14,0,14,0,14,0,14,0,14,0,14,0,14,0,14,0,14,0,14,0,14,0,14,0,14,0,14,0,14,0,14,0,14
1400000US36047000100,"Census Tract 1, Kings County, New York",Brooklyn,4815,646,2172,441,108,88,85,79,30,42,47,42,16,2,0,14,0,14,0,14,277,199,109,62,290,249,127,96,62,66,157,97,189,94,59,76,11,23,12,19,31,38,216,153,191,84,57,45,98,106,2643,363,21,35,61,46,122,103,158,155,33,39,0,14,0,14,111,101,130,85,201,96,258,266,209,155,186,103,119,100,212,98,21,35,35,42,55,62,234,142,136,89,177,106,147,109,17,28
1400000US36047000200,"Census Tract 2, Kings County, New York",Brooklyn,1288,294,664,196,117,112,15,17,51,58,38,34,0,14,36,40,3,8,20,20,54,43,44,31,89,65,21,26,28,31,22,23,78,54,0,14,0,14,21,22,22,22,0,14,5,9,0,14,0,14,624,178,49,36,49,47,29,22,15,21,4,6,10,13,0,14,23,20,18,20,69,37,99,62,40,30,0,14,48,43,34,27,52,36,14,16,0,14,0,14,44,57,0,14,5,8,22,24
1400000US36047000301,"Census Tract 3.01, Kings County, New York",Brooklyn,4501,701,2224,470,246,233,153,75,178,89,39,49,31,36,6,14,0,14,15,25,166,113,144,74,250,182,195,72,102,109,164,97,79,62,20,39,40,47,51,58,79,69,115,76,9,17,103,77,39,46,2277,348,117,78,38,62,22,36,76,98,42,39,19,27,0,14,86,87,112,86,140,81,301,204,129,57,76,66,241,101,78,68,31,37,104,74,73,65,45,51,178,132,151,133,194,192,24,37
1400000US36047000501,"Census Tract 5.01, Kings County, New York",Brooklyn,4541,466,1849,333,53,53,35,45,34,30,39,32,223,158,92,79,55,58,100,88,83,65,157,87,184,105,127,78,38,35,137,68,25,25,38,42,32,28,32,26,32,31,77,57,55,52,46,47,155,215,2692,312,75,74,173,104,17,19,21,21,395,116,67,77,147,117,103,86,75,52,202,90,201,100,173,91,138,70,117,113,165,148,0,14,35,28,31,28,47,51,187,90,61,42,159,130,103,98
1400000US36047000502,"Census Tract 5.02, Kings County, New York",Brooklyn,2704,292,1313,173,87,54,47,63,39,36,0,14,19,11,32,39,0,14,27,42,158,93,221,88,74,48,113,55,34,30,143,69,59,45,1,7,11,18,0,14,25,29,80,67,108,85,21,24,14,22,1391,201,117,72,100,48,23,34,0,14,0,14,0,14,0,14,23,24,213,115,136,69,121,64,105,55,36,28,110,78,24,23,42,40,13,14,54,40,43,34,117,76,82,48,11,17,21,24
1400000US36047000700,"Census Tract 7, Kings County, New York",Brooklyn,4243,580,1889,365,168,115,73,95,130,93,0,14,27,29,11,21,0,14,95,109,225,115,250,94,141,84,85,62,82,52,307,125,173,175,47,62,23,27,0,14,11,16,41,53,0,14,0,14,0,14,2354,350,290,162,55,63,149,102,20,33,11,18,0,14,0,14,39,42,259,162,321,117,216,97,191,145,179,114,133,93,116,82,59,50,0,14,57,64,119,106,104,65,18,29,0,14,18,28
1400000US36047000900,"Census Tract 9, Kings County, New York",Brooklyn,5227,910,2193,419,213,136,16,25,0,19,33,56,66,62,15,25,9,17,169,175,259,151,434,177,90,83,341,225,63,58,122,93,49,41,84,78,50,56,0,19,27,39,86,79,17,27,12,28,38,52,3034,715,196,94,181,189,232,326,0,19,55,95,47,74,9,17,165,96,270,128,387,170,731,474,217,155,94,68,42,54,198,135,19,30,28,44,48,63,0,19,24,33,91,56,0,19,0,19
1400000US36047001100,"Census Tract 11, Kings County, New York",Brooklyn,1580,260,932,201,90,78,14,13,10,15,19,22,0,14,11,16,14,16,40,28,148,86,234,63,86,36,120,93,30,22,40,33,34,37,10,14,18,22,0,14,4,7,10,14,0,14,0,14,0,14,648,116,3,6,2,7,12,15,0,14,0,14,0,14,0,14,43,29,167,61,198,65,71,33,89,64,24,22,14,17,7,10,0,14,0,14,3,5,0,14,15,15,0,14,0,14,0,14
1400000US36047001300,"Census Tract 13, Kings County, New York",Brooklyn,2518,303,1325,285,28,27,11,17,0,14,10,18,81,33,43,54,31,36,135,153,138,104,194,110,113,81,72,42,118,110,69,61,52,40,34,30,41,37,1,2,24,28,30,27,67,39,27,30,6,11,1193,211,24,30,0,14,22,20,21,23,117,109,0,14,0,14,10,22,228,108,95,61,139,91,44,54,58,45,108,58,50,35,37,60,6,9,30,30,82,69,8,13,71,44,31,33,12,19
1400000US36047001501,"Census Tract 15.01, Kings County, New York",Brooklyn,4565,581,1937,387,117,101,198,185,72,88,46,63,42,62,0,14,72,114,132,122,157,112,289,163,204,122,17,28,131,98,203,131,16,23,17,23,0,14,40,67,0,14,27,35,85,88,24,31,48,78,2628,374,269,193,79,56,124,101,0,14,50,67,0,14,0,14,340,305,280,174,502,223,223,123,283,178,40,60,113,82,79,89,62,74,0,14,5,9,84,86,25,32,41,47,4,9,25,33
1400000US36047001502,"Census Tract 15.02, Kings County, New York",Brooklyn,5238,769,2643,543,79,80,257,388,99,123,15,24,26,39,48,55,0,19,287,199,452,181,684,309,154,106,72,52,156,110,78,58,73,72,20,31,7,15,0,19,30,40,0,19,106,110,0,19,0,19,2595,359,123,168,65,53,39,53,0,19,0,19,0,19,46,45,173,128,460,155,619,217,390,186,97,72,189,136,144,84,75,76,17,35,14,31,0,19,47,44,66,65,31,36,0,19,0,19
1400000US36047001801,"Census Tract 18.01, Kings County, New York",Brooklyn,1588,100,1546,106,0,14,0,14,0,14,0,14,10,19,9,18,21,26,151,59,239,57,285,51,230,62,207,102,177,86,94,47,103,50,11,19,0,14,0,14,0,14,0,14,0,14,9,17,0,14,42,37,0,14,0,14,0,14,0,14,0,14,0,14,0,14,0,14,22,28,11,19,0,14,0,14,9,16,0,14,0,14,0,14,0,14,0,14,0,14,0,14,0,14,0,14,0,14
1400000US36047001802,"Census Tract 18.02, Kings County, New York",Brooklyn,0,14,0,14,0,14,0,14,0,14,0,14,0,14,0,14,0,14,0,14,0,14,0,14,0,14,0,14,0,14,0,14,0,14,0,14,0,14,0,14,0,14,0,14,0,14,0,14,0,14,0,14,0,14,0,14,0,14,0,14,0,14,0,14,0,14,0,14,0,14,0,14,0,14,0,14,0,14,0,14,0,14,0,14,0,14,0,14,0,14,0,14,0,14,0,14,0,14
1400000US36047001803,"Census Tract 18.03, Kings County, New York",Brooklyn,11,2,9,6,0,14,0,14,0,14,0,14,0,14,0,14,0,14,0,14,0,14,0,14,0,14,0,14,0,14,1,5,2,4,4,7,0,14,0,14,2,4,0,14,0,14,0,14,0,14,2,5,0,14,0,14,0,14,0,14,0,14,0,14,0,14,0,14,0,14,1,3,0,14,0,14,0,14,0,14,0,14,0,14,0,14,0,14,0,14,0,14,0,14,0,14,1,5
1400000US36047001804,"Census Tract 18.04, Kings County, New York",Brooklyn,0,14,0,14,0,14,0,14,0,14,0,14,0,14,0,14,0,14,0,14,0,14,0,14,0,14,0,14,0,14,0,14,0,14,0,14,0,14,0,14,0,14,0,14,0,14,0,14,0,14,0,14,0,14,0,14,0,14,0,14,0,14,0,14,0,14,0,14,0,14,0,14,0,14,0,14,0,14,0,14,0,14,0,14,0,14,0,14,0,14,0,14,0,14,0,14,0,14
1400000US36047002000,"Census Tract 20, Kings County, New York",Brooklyn,1733,560,849,352,17,26,48,58,176,127,49,50,0,14,0,14,29,32,69,34,67,39,13,15,77,106,35,51,50,36,36,34,26,27,10,14,5,30,13,15,53,53,51,38,11,11,14,21,0,14,884,284,36,42,30,33,59,56,45,43,49,51,18,25,17,23,46,33,19,52,60,50,115,100,62,55,50,40,44,37,19,23,19,28,39,30,24,29,51,57,22,21,22,20,16,18,22,21
1400000US36047002100,"Census Tract 21, Kings County, New York",Brooklyn,6452,1005,2803,459,239,146,58,71,176,161,36,44,0,19,0,19,0,19,0,19,265,211,424,159,302,149,351,234,264,115,184,135,181,149,53,63,106,88,0,19,86,85,66,64,0,19,12,18,0,19,3649,665,385,212,140,104,159,149,79,112,18,32,0,19,0,19,59,89,622,311,619,227,469,195,229,250,172,111,306,148,66,65,142,104,32,52,24,38,0,19,0,19,80,72,24,38,24,43
1400000US36047002200,"Census Tract 22, Kings County, New York",Brooklyn,4650,931,2346,562,350,316,128,90,166,100,72,61,43,50,11,17,11,13,74,59,72,71,98,62,223,101,235,151,47,33,142,99,75,56,40,32,71,51,59,47,136,75,108,78,74,60,66,92,45,43,2304,441,103,86,107,81,189,120,96,80,66,54,11,18,0,14,68,50,168,161,176,88,199,112,116,82,161,102,47,48,58,40,59,36,144,79,35,35,150,112,128,76,93,69,101,80,29,29
1400000US36047002300,"Census Tract 23, Kings County, New York",Brooklyn,3385,701,1058,287,0,14,99,79,105,81,171,118,51,49,46,71,13,22,72,68,107,109,65,51,23,28,0,14,11,17,49,55,94,82,2,3,0,14,0,14,29,54,26,31,81,79,0,14,14,23,2327,501,66,53,111,109,37,43,192,131,0,14,0,14,18,29,50,41,216,169,155,118,53,37,16,26,29,41,280,238,359,113,38,49,40,49,16,22,41,51,53,49,344,174,153,142,60,69
1400000US36047002901,"Census Tract 29.01, Kings County, New York",Brooklyn,3177,570,1133,266,0,14,55,66,137,86,97,73,141,121,16,28,0,14,167,160,11,18,43,34,56,52,2,5,21,29,34,35,72,66,11,24,84,97,20,31,111,97,22,30,1,3,15,21,17,24,2044,453,57,82,332,251,3,5,36,57,41,67,0,14,0,14,78,66,135,151,139,84,163,135,8,14,188,138,95,70,117,85,64,57,60,59,13,22,70,80,110,73,69,83,152,110,114,91
1400000US36047003000,"Census Tract 30, Kings County, New York",Brooklyn,1844,314,1030,219,111,87,60,41,24,23,49,45,0,14,11,16,8,11,71,48,34,31,64,56,85,47,75,47,60,30,169,136,27,32,36,47,18,23,33,53,25,28,36,22,13,15,5,8,16,26,814,150,41,41,47,40,11,20,8,13,0,14,3,8,7,12,15,20,91,64,57,31,116,45,43,33,111,30,20,17,21,23,13,20,63,53,9,10,39,27,40,25,32,35,7,10,20,19
1400000US36047003101,"Census Tract 31.01, Kings County, New York",Brooklyn,4074,391,1927,294,38,37,64,41,21,22,14,22,55,58,16,22,10,21,169,79,282,175,257,106,297,127,110,70,47,44,83,68,88,78,75,77,22,37,9,15,13,29,68,48,105,97,35,29,49,42,2147,352,132,105,63,67,14,22,20,22,128,134,111,115,81,98,125,112,175,74,254,93,235,146,97,54,193,131,90,53,105,78,0,14,27,31,13,18,30,27,40,31,70,53,57,46,87,41
1400000US36047003102,"Census Tract 31.02, Kings County, New York",Brooklyn,0,14,0,14,0,14,0,14,0,14,0,14,0,14,0,14,0,14,0,14,0,14,0,14,0,14,0,14,0,14,0,14,0,14,0,14,0,14,0,14,0,14,0,14,0,14,0,14,0,14,0,14,0,14,0,14,0,14,0,14,0,14,0,14,0,14,0,14,0,14,0,14,0,14,0,14,0,14,0,14,0,14,0,14,0,14,0,14,0,14,0,14,0,14,0,14,0,14
1400000US36047003300,"Census Tract 33, Kings County, New York",Brooklyn,4125,580,1759,373,212,138,98,87,15,27,51,44,0,14,0,14,0,14,48,66,261,166,290,91,206,99,238,131,40,31,131,66,118,121,18,28,11,17,0,14,0,14,3,5,0,14,0,14,19,29,2366,398,99,79,3,5,114,73,45,44,21,33,0,14,0,14,10,16,569,347,303,115,297,141,183,93,248,144,174,80,87,110,0,14,3,5,14,28,0,14,103,102,75,81,18,31,0,14
1400000US36047003400,"Census Tract 34, Kings County, New York",Brooklyn,3351,515,1752,325,78,82,68,63,116,59,43,51,62,75,0,14,14,19,54,70,177,134,45,50,148,68,102,66,22,26,220,88,142,99,0,14,107,58,40,39,28,27,143,168,117,77,26,29,0,14,1599,288,140,106,67,70,42,56,78,63,0,14,0,14,0,14,2,10,102,70,61,41,171,77,98,68,121,83,191,204,75,47,40,40,95,60,0,14,38,29,54,37,85,61,93,67,46,39
1400000US36047003500,"Census Tract 35, Kings County, New York",Brooklyn,2178,262,1076,203,81,60,19,23,45,38,34,33,10,19,0,14,14,21,30,25,148,106,122,58,123,77,44,34,202,102,38,33,26,28,18,31,18,21,4,7,29,30,42,34,15,24,0,14,14,22,1102,150,54,43,39,34,26,26,7,10,0,14,16,23,0,14,35,33,192,80,133,69,138,58,85,44,46,31,77,43,27,25,8,13,9,12,26,28,30,43,75,74,28,29,51,40,0,14
1400000US36047003600,"Census Tract 36, Kings County, New York",Brooklyn,3843,396,1798,252,115,93,113,93,51,46,46,34,40,44,1,3,10,16,32,29,158,82,39,28,179,107,172,69,78,59,193,98,124,81,67,77,59,48,21,25,48,45,197,93,34,37,19,20,2,33,2045,257,94,114,12,19,143,97,83,62,13,21,0,14,49,60,0,14,66,32,297,184,187,108,106,65,83,64,155,66,215,79,42,45,17,19,0,14,80,50,143,66,145,134,84,76,31,30
1400000US36047003700,"Census Tract 37, Kings County, New York",Brooklyn,4385,472,1833,279,185,84,65,63,21,33,4,8,47,50,29,40,25,24,60,62,203,108,273,125,477,151,115,82,111,89,126,93,50,56,0,14,0,14,19,29,0,14,0,14,0,14,0,14,23,39,2552,357,61,63,24,38,137,113,57,51,11,16,11,18,11,18,182,124,353,129,603,185,366,152,81,56,248,207,168,90,137,161,0,14,21,33,0,14,0,14,43,51,14,22,0,14,24,38
1400000US36047003800,"Census Tract 38, Kings County, New York",Brooklyn,1539,364,838,253,60,41,71,47,45,55,41,50,36,46,0,14,13,14,13,15,23,19,53,43,51,51,31,30,25,23,50,49,43,27,108,143,27,22,36,35,19,24,40,29,30,19,11,18,12,15,701,131,12,14,25,21,27,33,0,14,0,14,4,7,0,14,0,14,89,92,37,40,76,50,25,34,43,29,72,52,58,33,32,22,54,40,7,10,32,24,9,11,14,14,36,36,49,37
1400000US36047003900,"Census Tract 39, Kings County, New York",Brooklyn,2986,504,1232,227,99,67,47,36,94,66,43,37,0,14,0,14,7,10,38,35,69,56,139,65,188,83,163,83,88,63,103,80,49,33,50,76,0,14,0,14,6,9,13,21,13,20,0,14,23,32,1754,366,253,154,81,107,84,74,0,14,0,14,0,14,0,14,19,20,200,93,195,88,205,99,93,57,246,143,50,42,55,34,36,42,43,37,0,14,73,77,40,37,30,50,40,38,11,18
1400000US36047004100,"Census Tract 41, Kings County, New York",Brooklyn,3314,485,1665,261,52,45,59,66,51,46,15,17,10,16,9,14,0,14,25,25,132,57,337,156,180,89,128,85,106,82,77,49,96,70,47,35,60,45,9,15,59,58,114,88,22,17,14,20,63,51,1649,291,162,143,61,45,55,56,36,48,7,11,0,14,0,14,94,61,237,96,270,122,214,116,69,43,72,46,68,34,102,63,19,19,36,50,14,22,42,28,32,32,20,34,10,14,29,19
1400000US36047004300,"Census Tract 43, Kings County, New York",Brooklyn,3769,429,1587,236,27,33,27,28,70,51,12,20,35,37,0,14,14,19,8,24,214,103,221,138,196,91,273,149,86,57,96,85,81,82,23,22,91,52,8,12,0,14,33,35,57,82,15,22,0,14,2182,308,133,73,210,111,14,22,24,38,0,14,0,14,0,14,52,46,471,181,250,115,276,118,142,81,114,94,46,41,183,98,0,14,0,14,0,14,85,76,108,83,49,47,0,14,25,38
1400000US36047004400,"Census Tract 44, Kings County, New York",Brooklyn,2255,267,1075,165,26,23,31,31,71,51,42,39,38,40,8,13,29,23,36,37,27,25,26,29,25,17,47,23,30,24,47,32,159,60,27,29,45,36,40,35,65,42,41,29,76,44,15,17,124,91,1180,144,28,23,85,36,54,59,21,22,12,17,16,20,2,3,18,18,29,24,0,14,124,49,66,43,75,44,76,47,129,42,20,21,80,49,14,14,40,28,66,38,153,52,6,10,66,60
1400000US36047004500,"Census Tract 45, Kings County, New York",Brooklyn,3898,612,1977,326,102,59,149,91,65,74,18,35,0,14,0,14,0,14,30,31,249,141,233,87,260,138,260,156,158,84,94,54,57,45,46,42,38,36,47,33,59,45,38,34,36,30,15,22,23,27,1921,363,174,137,71,50,112,85,0,14,7,11,0,14,0,14,49,40,209,100,240,92,345,208,102,55,86,56,72,52,92,61,24,28,108,57,24,27,42,35,61,41,42,35,55,49,6,10
1400000US36047004600,"Census Tract 46, Kings County, New York",Brooklyn,1143,223,488,103,23,26,9,17,46,35,7,11,22,33,0,14,3,5,27,18,24,18,0,14,61,40,6,11,33,30,53,41,5,8,0,14,59,32,9,14,20,19,16,14,22,22,11,16,32,21,655,166,29,28,43,35,49,44,10,17,0,14,0,14,0,14,18,23,4,6,53,34,34,28,21,23,15,19,55,37,39,25,82,123,32,23,19,19,13,15,60,66,54,44,25,19,0,14
1400000US36047004700,"Census Tract 47, Kings County, New York",Brooklyn,1999,292,1034,173,60,43,86,57,102,72,33,32,20,31,24,36,0,14,52,46,47,37,124,45,98,54,100,63,112,56,74,37,23,27,19,28,5,10,0,14,6,9,24,22,21,22,4,8,0,14,965,165,62,55,84,58,60,42,32,25,1,3,23,35,0,14,6,9,43,28,47,34,100,48,203,81,42,32,75,47,48,38,10,11,11,9,6,8,51,41,21,22,5,7,3,5,32,41
1400000US36047004900,"Census Tract 49, Kings County, New York",Brooklyn,2795,419,1384,216,110,82,76,52,86,60,50,43,0,14,0,14,8,13,19,22,71,57,136,59,113,71,167,91,119,66,90,48,33,30,25,50,107,57,16,22,7,14,41,18,54,65,5,13,51,67,1411,278,107,48,123,121,94,67,39,31,0,14,0,14,8,12,0,14,124,85,159,64,76,48,95,71,236,92,46,40,44,29,8,13,25,26,20,23,28,31,63,52,32,26,41,38,43,15
1400000US36047005000,"Census Tract 50, Kings County, New York",Brooklyn,2564,450,1238,204,39,46,92,69,87,68,73,62,9,14,5,13,0,14,15,28,62,39,0,14,196,101,28,33,79,54,107,53,47,40,48,42,106,96,18,25,51,38,57,45,45,38,47,47,27,30,1326,318,17,27,110,92,128,81,116,97,13,15,12,18,0,14,31,50,63,70,55,47,136,70,103,75,45,40,126,100,48,38,57,52,16,24,0,14,35,33,62,40,88,50,30,33,35,34
1400000US36047005100,"Census Tract 51, Kings County, New York",Brooklyn,2439,548,1293,276,161,95,88,90,39,33,10,20,0,14,13,19,0,14,12,17,25,33,78,48,232,131,130,66,66,43,200,93,54,77,34,44,20,39,38,50,38,26,36,46,9,17,0,14,10,15,1146,296,92,87,42,38,67,90,16,21,27,34,0,14,0,14,0,14,66,50,125,72,181,139,76,45,75,47,161,103,59,53,30,41,8,13,64,61,12,18,22,21,10,15,0,14,13,16
1400000US36047005201,"Census Tract 52.01, Kings County, New York",Brooklyn,1751,214,784,147,39,54,72,53,0,14,0,14,0,14,0,14,22,7,31,16,19,6,41,24,89,88,15,22,54,44,87,68,49,45,14,22,14,20,63,39,11,19,21,21,26,28,52,40,65,54,967,132,0,14,0,14,45,39,0,14,0,14,0,14,0,14,9,14,49,33,53,56,13,24,68,71,82,31,27,14,23,23,13,20,45,38,0,14,114,67,64,49,61,37,149,64,152,94
1400000US36047005202,"Census Tract 52.02, Kings County, New York",Brooklyn,2681,369,1407,243,142,83,54,44,52,44,29,28,25,32,0,14,0,14,0,14,56,43,90,50,119,82,116,58,72,54,159,112,134,74,30,27,29,46,72,57,12,20,46,35,74,52,62,60,34,54,1274,190,25,30,42,56,39,41,46,38,0,14,0,14,0,14,24,25,14,21,132,77,104,57,93,49,96,60,147,71,23,32,41,48,49,34,47,38,101,92,128,59,35,40,67,47,21,25
1400000US36047005301,"Census Tract 53.01, Kings County, New York",Brooklyn,2095,402,1160,176,40,36,46,44,117,43,61,48,0,14,0,14,0,14,0,14,91,57,60,65,73,46,89,42,183,56,115,58,78,50,39,37,0,14,16,17,129,143,12,16,11,17,0,14,0,14,935,250,59,51,13,15,37,31,59,72,0,14,0,14,30,36,0,14,44,40,107,120,78,43,79,49,102,74,131,59,63,44,0,14,70,94,6,9,19,17,25,25,11,16,0,14,2,5
1400000US36047005302,"Census Tract 53.02, Kings County, New York",Brooklyn,123,113,59,84,0,14,19,28,20,28,0,14,0,14,0,14,0,14,0,14,0,14,0,14,0,14,20,28,0,14,0,14,0,14,0,14,0,14,0,14,0,14,0,14,0,14,0,14,0,14,64,46,19,27,0,14,0,14,0,14,0,14,0,14,0,14,0,14,0,14,0,14,22,23,16,23,0,14,7,9,0,14,0,14,0,14,0,14,0,14,0,14,0,14,0,14,0,14
1400000US36047005303,"Census Tract 53.03, Kings County, New York",Brooklyn,136,70,102,65,0,14,16,15,8,11,0,14,0,14,0,14,0,14,0,14,0,14,0,14,23,31,8,11,23,33,0,14,24,34,0,14,0,14,0,14,0,14,0,14,0,14,0,14,0,14,34,31,0,14,0,14,7,10,0,14,0,14,0,14,0,14,0,14,0,14,0,14,7,10,13,13,7,10,0,14,0,14,0,14,0,14,0,14,0,14,0,14,0,14,0,14,0,14
1400000US36047005400,"Census Tract 54, Kings County, New York",Brooklyn,3425,503,1578,305,0,14,64,49,69,94,64,44,0,14,0,14,14,22,74,75,214,233,90,71,190,100,58,51,149,64,115,83,115,76,6,9,56,37,119,78,41,58,63,43,22,20,17,19,38,31,1847,252,25,30,64,52,49,47,18,28,39,38,4,6,15,23,11,16,176,167,170,71,66,51,198,121,112,63,159,121,123,70,12,13,85,53,113,73,25,23,131,91,123,69,55,45,74,72
1400000US36047005601,"Census Tract 56.01, Kings County, New York",Brooklyn,2577,461,1515,354,28,32,99,39,59,46,37,37,15,23,32,28,0,14,47,70,36,28,66,44,326,270,132,84,45,36,184,66,60,38,60,48,21,27,12,18,21,23,154,109,40,39,15,24,26,42,1062,172,66,52,40,38,11,19,6,15,33,45,30,27,0,14,0,14,23,29,75,43,96,52,95,53,47,45,89,62,78,66,36,31,34,35,10,16,95,52,47,37,80,72,45,36,26,29
1400000US36047005602,"Census Tract 56.02, Kings County, New York",Brooklyn,1791,273,869,148,38,32,62,42,10,14,7,11,0,14,5,10,10,15,10,14,83,81,147,66,59,32,36,28,58,32,45,27,36,31,7,11,40,48,21,22,31,36,82,60,29,30,7,11,46,77,922,159,54,45,24,27,25,23,22,27,8,13,0,14,0,14,21,30,98,105,63,33,105,56,25,19,65,36,66,36,65,37,52,40,41,30,12,15,24,24,50,52,59,42,25,43,18,20
1400000US36047005800,"Census Tract 58, Kings County, New York",Brooklyn,3115,469,1600,290,157,72,69,55,29,33,85,73,0,14,49,46,6,10,86,93,130,71,90,59,126,69,96,58,99,62,108,57,106,75,85,75,15,21,15,24,42,32,119,84,47,55,32,30,9,15,1515,257,25,26,70,48,49,59,10,15,13,20,0,14,54,66,65,57,60,32,140,98,75,41,123,78,169,95,111,53,105,72,0,14,19,21,46,34,142,85,80,49,137,90,12,18,10,15
1400000US36047005900,"Census Tract 59, Kings County, New York",Brooklyn,1518,181,822,122,18,27,27,29,53,41,83,60,0,14,0,14,0,14,1,2,63,54,72,46,55,36,89,54,62,42,16,24,39,36,36,35,21,24,81,67,74,76,0,14,32,43,0,14,0,14,696,151,20,21,2,10,52,63,2,4,9,13,0,14,0,14,0,14,34,37,105,73,148,70,112,60,6,15,50,45,39,34,0,14,0,14,39,33,0,14,28,42,16,32,34,47,0,14
1400000US36047006000,"Census Tract 60, Kings County, New York",Brooklyn,2793,597,1300,351,48,56,130,110,137,108,44,50,0,14,12,18,21,23,8,13,67,50,121,102,172,124,47,38,133,56,54,34,78,59,22,34,56,36,0,14,67,61,31,27,38,34,14,18,0,14,1493,344,128,129,121,94,91,40,73,67,34,28,0,14,24,31,62,42,40,40,49,52,110,91,195,80,81,42,102,64,18,19,25,25,68,46,0,14,74,46,110,100,49,48,15,24,24,34
1400000US36047006200,"Census Tract 62, Kings County, New York",Brooklyn,2653,609,1254,445,50,47,1,3,69,85,77,91,132,149,2,4,21,24,23,27,132,82,89,63,85,56,99,56,96,89,18,20,128,60,11,16,13,21,0,14,23,33,96,62,36,49,13,23,40,36,1399,234,46,66,64,50,42,31,35,43,37,34,0,14,0,14,14,17,91,59,115,62,167,107,97,62,106,78,87,50,94,50,20,26,30,34,62,96,64,67,102,57,80,65,0,14,46,51
1400000US36047006300,"Census Tract 63, Kings County, New York",Brooklyn,1904,333,1036,215,80,57,115,87,31,24,27,33,0,14,0,14,0,14,4,7,15,13,76,48,217,76,152,93,113,66,61,27,24,18,7,11,50,42,33,35,7,11,18,18,0,14,6,9,0,14,868,149,46,28,44,30,59,28,15,14,0,14,0,14,1,3,0,14,46,27,117,43,153,65,78,45,144,71,39,26,34,25,21,22,5,9,37,34,0,14,4,6,17,19,8,12,0,14
1400000US36047006400,"Census Tract 64, Kings County, New York",Brooklyn,3463,400,1692,282,76,61,86,70,209,91,147,116,0,14,13,25,35,36,39,41,217,128,95,44,106,55,90,62,120,93,40,50,48,41,13,21,23,28,74,63,34,25,50,39,125,74,38,47,14,22,1771,308,77,65,13,23,52,75,24,33,153,105,0,14,57,71,19,21,180,112,94,54,132,69,110,39,140,113,122,83,145,97,8,14,46,44,108,103,68,44,126,90,58,59,15,23,24,26
1400000US36047006500,"Census Tract 65, Kings County, New York",Brooklyn,6089,1389,2954,568,158,114,201,144,118,109,78,73,18,31,9,22,17,28,9,22,215,152,351,161,224,137,395,315,160,95,148,84,223,133,135,123,16,28,0,19,113,67,98,70,242,183,26,42,0,19,3135,906,70,63,463,555,108,75,83,66,13,22,0,19,0,19,137,117,285,147,247,125,231,115,317,334,230,109,147,97,343,202,0,19,94,58,60,50,51,37,51,53,165,124,0,19,40,47
1400000US36047006600,"Census Tract 66, Kings County, New York",Brooklyn,4104,499,2265,414,28,33,237,97,178,106,88,65,0,14,54,67,27,44,84,68,141,101,257,229,155,82,130,73,198,88,34,24,177,83,30,30,23,30,31,28,210,106,57,43,35,43,24,31,67,58,1839,220,25,28,57,50,74,61,69,71,8,15,13,19,23,36,63,48,215,164,131,84,173,71,160,83,128,81,64,54,201,104,18,27,39,33,98,73,116,93,56,43,9,16,40,37,59,61
1400000US36047006700,"Census Tract 67, Kings County, New York",Brooklyn,4032,611,1906,281,204,100,74,49,195,88,40,27,0,14,0,14,0,14,10,18,95,68,251,101,232,115,194,69,126,69,68,39,212,172,11,17,59,33,10,16,9,15,27,23,29,27,30,33,30,23,2126,456,293,223,162,110,173,86,48,32,0,14,0,14,0,14,20,22,143,66,139,70,176,93,302,192,211,82,104,58,64,47,75,35,10,16,18,22,0,14,62,40,55,38,38,62,33,25
1400000US36047006800,"Census Tract 68, Kings County, New York",Brooklyn,4117,589,1830,343,0,14,107,91,224,120,127,66,9,15,9,15,16,22,87,72,144,64,168,108,40,40,142,77,32,38,171,120,150,78,54,48,72,47,26,24,10,16,71,55,76,70,11,19,84,80,2287,422,84,75,115,92,95,58,53,47,59,50,25,35,10,14,77,57,152,89,178,87,214,94,106,83,83,56,59,41,237,100,81,50,128,97,91,108,17,22,221,192,173,169,0,14,29,27
1400000US36047006901,"Census Tract 69.01, Kings County, New York",Brooklyn,1785,256,954,152,98,45,0,14,35,19,49,29,0,14,0,14,0,14,58,44,66,47,88,55,92,54,81,37,112,99,83,43,58,43,0,14,17,18,0,14,24,26,69,55,24,22,0,14,0,14,831,152,28,23,37,27,72,42,12,16,2,6,0,14,0,14,10,14,90,35,124,69,45,33,77,34,79,37,33,30,53,39,20,18,14,15,5,8,39,35,73,51,10,18,8,12,0,14
1400000US36047006902,"Census Tract 69.02, Kings County, New York",Brooklyn,1906,305,921,171,58,44,35,29,29,26,69,80,0,14,0,14,0,14,51,72,106,55,136,46,108,40,76,39,153,95,22,19,20,19,0,14,8,12,7,10,4,8,35,21,0,14,0,14,4,8,985,187,50,32,56,31,69,46,99,143,0,14,0,14,0,14,19,28,106,47,174,92,151,68,84,40,65,25,25,22,16,18,0,14,9,14,0,14,9,13,31,18,22,19,0,14,0,14
1400000US36047007000,"Census Tract 70, Kings County, New York",Brooklyn,2591,350,1292,223,11,24,47,57,35,42,8,13,0,14,28,37,10,16,42,39,31,46,77,71,189,117,42,46,56,55,69,64,104,63,22,25,106,70,58,55,77,50,125,122,132,87,0,14,23,28,1299,213,87,78,157,83,8,13,0,14,14,20,0,14,0,14,41,39,45,63,72,88,121,64,72,64,58,46,46,33,156,82,20,25,77,77,0,14,87,69,63,48,85,64,90,79,0,14
1400000US36047007100,"Census Tract 71, Kings County, New York",Brooklyn,4050,721,1650,434,70,71,194,197,135,76,185,136,22,26,52,52,8,14,97,75,97,108,82,39,107,72,56,36,73,45,129,75,0,14,19,30,27,30,98,126,72,52,38,32,18,24,24,34,47,37,2400,456,204,127,69,89,122,153,163,101,53,60,19,32,31,47,140,107,117,72,171,142,186,67,95,63,107,75,122,107,158,90,61,51,73,48,23,23,106,77,171,127,91,58,68,71,50,58
1400000US36047007200,"Census Tract 72, Kings County, New York",Brooklyn,1759,353,908,224,10,16,62,53,88,75,39,34,17,26,0,14,0,14,82,74,111,49,100,83,33,40,85,61,73,42,60,50,8,16,0,14,34,30,22,43,8,14,42,32,4,6,0,14,30,49,851,222,47,53,9,15,40,30,128,95,27,44,6,10,21,27,24,37,45,45,91,55,71,49,90,68,49,33,16,22,14,24,30,27,31,29,22,21,0,14,16,17,9,14,15,21,50,28
1400000US36047007400,"Census Tract 74, Kings County, New York",Brooklyn,5478,1143,2848,696,114,99,105,96,341,263,180,110,82,88,37,49,50,50,138,178,103,63,161,89,239,166,245,94,166,95,383,242,160,89,50,40,34,31,52,45,36,44,62,50,90,49,8,16,12,18,2630,606,24,31,263,207,505,237,55,44,133,78,0,19,16,28,80,60,168,107,141,81,109,86,131,78,261,124,231,233,74,48,123,71,84,70,0,19,27,31,97,48,77,66,0,19,31,36
1400000US36047007500,"Census Tract 75, Kings County, New York",Brooklyn,4766,774,2398,425,70,67,171,167,64,67,69,67,16,25,0,14,9,23,135,147,213,127,329,208,126,81,281,221,112,75,37,40,225,81,85,75,17,25,39,45,245,159,2,5,99,82,19,32,35,49,2368,490,187,152,116,76,137,94,0,14,0,14,16,25,0,14,37,43,223,185,294,190,140,81,217,146,66,66,264,135,137,70,17,27,99,97,101,71,110,142,19,28,78,67,71,75,39,54
1400000US36047007600,"Census Tract 76, Kings County, New York",Brooklyn,4096,885,1865,416,186,161,152,135,98,54,29,45,65,78,24,37,0,14,0,14,173,108,147,87,331,148,75,85,69,73,12,19,24,28,50,59,143,103,0,14,41,49,81,63,75,57,89,112,1,2,2231,625,260,188,124,189,318,213,25,26,73,86,0,14,38,58,40,55,81,88,317,173,105,73,179,112,118,83,11,17,161,161,77,51,36,41,0,14,43,52,78,87,91,103,29,45,27,42
1400000US36047007700,"Census Tract 77, Kings County, New York",Brooklyn,5974,732,2916,550,149,101,155,149,149,111,54,64,16,25,0,19,0,19,55,54,207,156,431,181,462,204,412,284,115,79,279,177,236,103,0,19,115,164,15,25,32,61,15,24,19,30,0,19,0,19,3058,427,306,210,199,121,75,63,81,70,30,36,0,19,20,30,42,62,161,83,488,189,304,161,355,165,205,117,266,135,83,75,34,39,31,49,45,53,32,37,185,124,12,21,39,69,65,78
1400000US36047007800,"Census Tract 78, Kings County, New York",Brooklyn,4713,877,2465,494,241,162,262,141,132,71,128,78,20,24,0,14,39,50,74,71,217,154,362,186,213,126,176,88,65,47,216,100,52,57,60,48,20,24,34,38,0,14,58,49,51,50,21,37,24,37,2248,462,70,47,233,128,138,103,101,61,28,32,11,17,10,16,31,36,273,193,181,96,173,101,142,75,213,88,258,141,59,44,21,28,46,38,30,35,0,14,102,68,35,44,62,57,31,34
1400000US36047008000,"Census Tract 80, Kings County, New York",Brooklyn,3296,452,1769,334,116,132,97,94,104,83,53,52,30,47,29,44,9,16,38,37,126,74,68,47,233,151,145,80,91,69,78,58,113,80,33,60,131,116,14,24,47,50,65,39,48,41,63,57,38,43,1527,220,57,49,33,40,81,69,42,45,0,14,0,14,55,54,24,26,84,52,50,39,158,90,92,68,130,115,16,27,85,57,95,82,22,28,48,47,132,91,93,75,72,42,74,56,84,62
1400000US36047008200,"Census Tract 82, Kings County, New York",Brooklyn,3985,676,1824,370,86,80,102,53,145,83,46,45,68,67,1,6,107,82,39,47,210,231,119,82,182,112,189,97,126,114,62,58,116,89,5,8,12,20,9,14,13,22,59,63,27,44,38,42,63,86,2161,407,79,79,120,82,284,181,0,14,10,17,0,14,0,14,58,54,173,94,93,60,136,54,116,59,72,67,238,124,162,106,58,58,53,51,42,38,190,209,118,89,30,37,75,47,54,61
1400000US36047008400,"Census Tract 84, Kings County, New York",Brooklyn,2994,875,1614,522,42,44,54,78,157,166,0,14,11,17,0,14,35,56,39,62,98,88,279,196,108,89,53,67,341,234,0,14,168,152,45,75,62,79,37,34,24,31,32,45,29,33,0,14,0,14,1380,424,14,22,205,214,0,14,0,14,15,23,0,14,63,97,16,26,70,82,230,125,135,94,12,20,171,139,17,28,199,188,83,96,83,99,0,14,17,33,17,30,0,14,33,44,0,14
1400000US36047008500,"Census Tract 85, Kings County, New York",Brooklyn,6401,1256,2359,640,78,122,101,103,176,166,172,118,60,73,205,232,0,19,165,190,26,46,214,143,35,53,77,95,0,19,202,239,443,215,77,85,55,69,26,44,34,56,59,64,117,119,0,19,37,55,4042,855,276,193,294,255,303,267,0,19,63,64,0,19,92,126,180,138,98,85,181,143,319,176,272,205,554,627,242,127,306,145,81,76,91,88,106,121,23,40,140,126,290,225,69,85,62,103
1400000US36047008600,"Census Tract 86, Kings County, New York",Brooklyn,0,14,0,14,0,14,0,14,0,14,0,14,0,14,0,14,0,14,0,14,0,14,0,14,0,14,0,14,0,14,0,14,0,14,0,14,0,14,0,14,0,14,0,14,0,14,0,14,0,14,0,14,0,14,0,14,0,14,0,14,0,14,0,14,0,14,0,14,0,14,0,14,0,14,0,14,0,14,0,14,0,14,0,14,0,14,0,14,0,14,0,14,0,14,0,14,0,14
1400000US36047008800,"Census Tract 88, Kings County, New York",Brooklyn,3221,527,1715,332,75,94,113,121,160,101,0,14,68,81,0,14,0,14,0,14,51,63,174,90,200,104,144,104,96,76,257,200,67,62,92,72,63,57,25,29,26,32,13,22,21,26,70,62,0,14,1506,271,0,14,46,65,132,66,92,86,89,72,46,70,0,14,0,14,102,79,153,89,28,30,205,85,18,35,215,99,128,71,12,20,71,75,36,37,78,120,42,36,0,14,13,23,0,14
1400000US36047009001,"Census Tract 90.01, Kings County, New York",Brooklyn,1305,289,725,172,0,14,13,20,151,119,36,37,18,20,13,19,9,13,86,59,0,14,11,16,131,87,47,47,26,24,32,27,55,56,3,9,0,14,14,17,11,17,53,40,3,6,0,14,13,17,580,155,10,15,54,62,60,79,43,48,0,14,10,16,0,14,10,14,0,14,56,56,17,28,76,73,25,24,77,49,19,22,0,14,30,26,0,14,1,3,33,41,36,53,13,18,10,16
1400000US36047009002,"Census Tract 90.02, Kings County, New York",Brooklyn,1549,620,859,377,134,178,50,31,49,80,44,67,25,39,43,55,0,14,20,20,103,61,61,42,51,65,62,47,44,59,49,35,23,20,8,13,15,15,0,14,25,23,38,49,0,14,0,14,15,17,690,277,57,60,104,76,112,68,53,57,15,24,18,28,0,14,2,4,37,42,59,49,51,62,23,17,23,29,61,49,14,15,0,14,0,14,8,13,30,31,6,12,0,14,0,14,17,18
1400000US36047009201,"Census Tract 92.01, Kings County, New York",Brooklyn,1986,336,953,222,100,117,35,45,30,51,61,56,30,50,4,7,0,14,33,39,86,84,60,35,38,49,117,74,66,38,76,56,43,44,19,13,0,14,0,14,35,37,66,50,31,39,0,14,23,18,1033,216,30,32,21,24,55,48,40,50,17,20,9,15,0,14,12,14,26,25,196,157,73,57,171,90,46,38,58,41,91,58,0,14,7,11,0,14,47,41,101,61,6,10,0,14,27,22
1400000US36047009202,"Census Tract 92.02, Kings County, New York",Brooklyn,2648,666,1427,354,28,47,54,88,3,37,46,20,137,183,16,25,1,18,24,38,97,58,126,69,150,113,129,77,288,182,51,48,40,48,52,36,50,50,0,14,11,16,76,57,48,44,0,14,0,14,1221,374,67,51,102,122,37,37,80,59,0,14,0,14,12,20,42,26,69,48,129,76,119,54,231,180,39,49,126,76,76,53,5,11,0,14,0,14,50,49,24,25,13,19,0,14,0,14
1400000US36047009401,"Census Tract 94.01, Kings County, New York",Brooklyn,1946,336,951,198,47,34,96,49,69,34,76,44,0,14,14,22,0,14,37,24,19,21,31,33,112,45,92,74,95,46,58,39,36,33,40,31,34,28,6,9,36,35,28,30,9,15,16,25,0,14,995,171,49,31,131,76,73,58,35,27,11,11,0,14,9,12,25,26,30,36,53,46,97,37,45,31,59,37,70,36,52,36,42,21,49,33,42,32,57,39,16,25,25,29,5,9,20,20
1400000US36047009402,"Census Tract 94.02, Kings County, New York",Brooklyn,3280,665,1697,437,150,95,55,70,117,85,123,77,20,32,0,14,5,9,140,71,112,69,90,57,160,87,113,49,202,134,126,138,37,33,31,31,7,10,124,107,40,38,12,18,16,23,10,16,7,10,1583,303,65,51,178,122,107,55,100,82,0,14,39,38,35,59,18,29,109,52,148,93,63,49,218,93,101,53,38,36,78,44,26,27,75,42,102,67,20,30,15,19,47,37,1,3,0,14
1400000US36047009600,"Census Tract 96, Kings County, New York",Brooklyn,6040,740,2874,424,76,58,173,106,297,121,107,71,78,70,10,15,72,47,27,28,269,215,225,110,260,100,274,111,193,93,227,117,68,73,23,28,102,66,52,52,15,18,180,98,95,69,51,64,0,19,3166,499,79,55,180,107,347,137,60,57,67,59,37,44,6,12,24,30,228,168,330,210,288,106,191,90,305,158,185,108,235,94,46,39,180,78,35,26,90,70,113,85,73,49,48,75,19,22
1400000US36047009800,"Census Tract 98, Kings County, New York",Brooklyn,6713,901,3725,584,152,132,292,126,396,118,284,121,79,60,30,45,25,41,193,118,147,132,308,173,114,88,199,93,254,140,270,124,365,207,91,61,59,56,106,64,133,133,50,49,69,55,80,64,29,36,2988,410,98,83,276,154,223,106,77,70,117,71,52,57,38,44,98,67,227,117,142,120,168,77,216,84,307,137,189,119,217,104,94,58,98,71,50,41,27,31,46,44,134,83,94,79,0,19
1400000US36047010000,"Census Tract 100, Kings County, New York",Brooklyn,5489,1131,2349,448,20,29,197,140,125,73,86,87,38,63,63,74,11,18,37,48,32,39,106,93,126,91,371,162,133,89,322,200,122,95,46,41,104,85,109,93,109,105,34,55,67,74,73,70,18,27,3140,853,314,285,171,167,442,155,60,59,0,19,9,18,0,19,318,266,317,198,140,97,198,100,106,81,263,168,179,85,85,90,38,45,101,93,100,152,216,124,61,50,19,29,0,19,3,5
1400000US36047010100,"Census Tract 101, Kings County, New York",Brooklyn,4606,722,2460,496,124,97,64,54,124,87,211,131,0,14,27,44,25,37,33,49,149,113,549,325,146,81,305,145,102,65,129,84,181,121,0,14,44,46,84,70,13,26,68,61,26,32,44,47,12,25,2146,308,102,84,76,57,33,49,13,24,137,108,50,64,36,50,110,74,330,240,214,70,122,63,170,95,151,98,216,113,56,73,78,79,26,33,73,72,18,25,54,61,49,52,0,14,32,39
1400000US36047010200,"Census Tract 102, Kings County, New York",Brooklyn,5201,809,2705,329,85,79,212,90,329,119,68,44,78,53,67,64,29,32,123,88,97,68,215,140,255,105,127,55,228,96,283,128,79,58,25,38,32,30,22,39,99,75,82,53,54,43,92,67,24,39,2496,645,148,153,172,87,221,135,39,49,104,72,0,19,0,19,59,48,85,64,64,63,249,155,221,89,282,120,90,64,41,37,34,48,51,49,251,289,80,79,72,49,117,76,42,46,74,58
1400000US36047010401,"Census Tract 104.01, Kings County, New York",Brooklyn,2060,422,975,195,69,71,72,71,43,30,28,30,8,11,11,17,0,14,48,38,100,51,24,24,31,37,87,55,93,45,62,41,50,32,39,47,11,17,38,40,34,27,63,75,53,44,5,9,6,11,1085,276,33,29,50,31,55,45,59,42,9,14,16,26,8,11,4,7,85,53,59,46,81,57,140,61,81,94,67,41,84,52,0,14,40,26,42,42,48,67,64,40,35,31,25,24,0,14
1400000US36047010402,"Census Tract 104.02, Kings County, New York",Brooklyn,2174,675,1009,326,63,45,130,70,104,75,0,14,20,22,4,6,6,11,8,15,76,43,26,26,69,38,66,49,33,36,99,62,61,39,16,21,36,30,27,32,22,25,107,167,36,37,0,14,0,14,1165,377,36,34,111,57,16,11,54,44,56,72,0,14,0,14,0,14,16,20,131,62,98,116,65,39,92,73,110,51,64,43,30,27,20,24,162,187,23,27,30,30,15,24,30,26,6,11
1400000US36047010601,"Census Tract 106.01, Kings County, New York",Brooklyn,2138,457,1209,277,59,69,211,119,144,71,40,39,2,5,33,38,10,18,65,92,64,40,50,63,114,73,40,43,140,98,49,50,56,58,8,15,42,36,7,15,1,3,32,42,37,24,5,8,0,14,929,288,92,83,201,209,52,52,39,35,3,5,0,14,0,14,67,58,10,19,61,57,121,47,80,50,23,27,34,34,3,13,8,11,0,14,9,15,53,42,41,24,16,24,6,8,10,11
1400000US36047010602,"Census Tract 106.02, Kings County, New York",Brooklyn,2088,717,1002,361,69,75,174,158,21,26,6,9,2,8,8,11,0,14,0,14,51,44,100,73,38,35,25,23,41,42,74,37,99,103,30,43,45,46,106,148,4,13,55,45,9,13,45,36,0,14,1086,412,0,14,58,68,0,14,49,48,10,11,7,10,12,13,28,35,71,49,298,377,44,62,18,21,61,42,97,58,86,59,34,34,44,63,12,16,39,25,40,44,40,44,19,23,19,24
1400000US36047010801,"Census Tract 108.01, Kings County, New York",Brooklyn,1878,346,1034,213,0,14,90,68,148,91,52,44,27,44,0,14,10,15,9,15,61,33,77,86,93,49,95,53,100,46,30,30,81,99,0,14,33,27,12,19,29,30,60,50,16,17,11,16,0,14,844,228,25,31,72,68,25,29,11,16,6,11,31,28,0,14,25,21,63,84,102,47,74,40,59,84,21,22,19,20,123,165,17,20,25,30,22,23,57,44,48,35,8,12,11,18,0,14
1400000US36047010802,"Census Tract 108.02, Kings County, New York",Brooklyn,2419,737,1186,356,33,45,66,47,67,51,22,23,0,14,0,14,7,11,39,25,42,35,70,56,59,51,268,320,140,120,73,39,22,28,101,119,27,36,20,30,54,67,44,35,24,24,0,14,8,10,1233,408,33,28,62,57,157,152,25,29,34,25,18,27,17,27,57,48,47,36,96,74,46,43,256,226,68,39,43,26,48,38,48,45,94,86,0,14,22,30,47,37,0,14,7,12,8,10
1400000US36047011000,"Census Tract 110, Kings County, New York",Brooklyn,2535,722,1141,283,0,14,53,47,33,33,49,56,51,33,24,40,28,30,18,18,110,85,38,26,176,186,53,52,119,112,117,78,86,45,11,19,35,32,31,33,27,22,23,22,45,58,0,14,14,19,1394,479,21,20,50,34,74,52,44,26,22,30,0,14,8,10,89,61,89,59,77,55,312,387,28,20,92,68,72,54,74,62,15,14,68,54,25,21,48,75,20,24,28,17,69,61,69,59
1400000US36047011200,"Census Tract 112, Kings County, New York",Brooklyn,6611,1138,3332,738,352,222,123,109,165,110,195,119,219,184,9,19,27,37,150,104,278,200,269,126,302,208,202,160,95,79,119,83,149,101,37,58,184,123,23,36,61,84,63,62,110,109,55,61,145,207,3279,662,123,99,351,189,367,206,198,133,78,52,72,74,0,19,42,50,221,200,160,96,58,52,403,196,185,100,130,62,91,79,0,19,92,75,174,111,224,305,197,165,47,57,66,67,0,19
1400000US36047011400,"Census Tract 114, Kings County, New York",Brooklyn,3683,1021,1693,552,43,56,163,145,276,178,66,62,37,45,37,48,0,14,98,72,0,14,119,110,96,67,176,170,37,58,44,47,173,124,15,23,52,68,25,26,1,2,98,98,36,33,24,54,77,64,1990,575,138,81,102,129,266,217,154,127,0,14,0,14,41,63,9,15,118,132,181,143,133,89,119,79,26,46,143,143,119,80,11,17,22,20,34,35,80,75,105,106,33,88,51,94,105,106
1400000US36047011600,"Census Tract 116, Kings County, New York",Brooklyn,3233,754,1667,506,182,148,118,77,164,121,23,26,21,33,66,71,5,8,21,26,64,70,209,212,108,77,127,104,68,61,67,65,121,100,18,24,98,121,62,60,0,14,36,36,78,59,6,10,5,21,1566,339,60,51,94,88,72,72,50,43,36,41,23,39,2,24,59,56,132,126,173,128,81,60,129,93,119,85,72,59,123,93,62,79,8,11,30,48,32,34,33,35,1,3,66,55,109,65
1400000US36047011700,"Census Tract 117, Kings County, New York",Brooklyn,2792,450,1538,286,6,16,36,62,39,65,78,64,60,56,0,14,1,3,55,74,171,130,231,90,232,98,117,84,26,28,113,106,105,95,0,14,13,20,130,158,50,39,38,41,0,14,23,35,14,23,1254,249,131,114,63,59,91,67,31,38,26,46,0,14,0,14,23,34,85,38,190,97,122,73,47,44,119,71,124,60,46,48,42,39,22,30,9,16,22,34,17,26,15,23,24,38,5,16
1400000US36047011800,"Census Tract 118, Kings County, New York",Brooklyn,1867,364,898,222,17,16,131,58,34,31,36,27,17,19,30,50,0,14,22,24,50,32,69,43,87,65,59,46,69,42,26,30,59,50,30,34,0,14,14,17,76,101,19,22,51,40,1,2,1,3,969,197,30,25,14,18,55,47,22,29,8,14,5,10,0,14,36,36,56,33,65,43,69,44,102,60,90,53,126,82,71,59,10,14,8,13,92,105,32,27,15,22,32,34,17,15,14,19
1400000US36047011901,"Census Tract 119.01, Kings County, New York",Brooklyn,1378,187,763,138,140,95,30,21,19,22,0,14,0,14,0,14,0,14,35,22,41,24,94,32,80,35,56,36,12,18,27,22,57,34,40,49,14,16,60,79,9,9,22,47,12,14,5,8,10,15,615,110,39,31,0,14,2,7,11,14,0,14,0,14,16,24,48,37,84,32,77,33,110,54,45,22,12,13,29,25,63,59,0,14,21,45,0,14,17,19,13,17,9,10,19,19,0,14
1400000US36047011902,"Census Tract 119.02, Kings County, New York",Brooklyn,0,14,0,14,0,14,0,14,0,14,0,14,0,14,0,14,0,14,0,14,0,14,0,14,0,14,0,14,0,14,0,14,0,14,0,14,0,14,0,14,0,14,0,14,0,14,0,14,0,14,0,14,0,14,0,14,0,14,0,14,0,14,0,14,0,14,0,14,0,14,0,14,0,14,0,14,0,14,0,14,0,14,0,14,0,14,0,14,0,14,0,14,0,14,0,14,0,14
1400000US36047012000,"Census Tract 120, Kings County, New York",Brooklyn,1225,416,607,179,19,23,29,42,87,65,33,24,11,12,1,3,27,53,30,26,52,46,23,23,43,38,42,32,65,60,45,37,26,22,5,10,17,14,0,14,8,9,15,16,29,25,0,14,0,14,618,281,64,53,36,50,65,56,9,12,27,32,21,19,0,14,32,49,17,26,28,24,29,26,105,111,14,11,53,43,43,32,0,14,23,29,0,14,13,16,23,19,6,11,0,14,10,14
1400000US36047012100,"Census Tract 121, Kings County, New York",Brooklyn,2157,482,1130,312,73,68,91,70,37,28,38,44,2,6,8,17,37,60,0,14,131,60,175,94,136,70,103,40,56,32,34,26,62,60,27,28,29,23,37,33,22,20,23,20,0,14,9,13,0,14,1027,189,32,27,11,11,64,60,3,7,0,14,0,14,0,14,53,48,135,29,150,71,175,58,51,32,131,69,21,20,78,40,14,15,7,11,14,16,13,16,19,17,3,4,27,32,26,38
1400000US36047012200,"Census Tract 122, Kings County, New York",Brooklyn,4655,984,2217,581,155,201,121,112,215,121,46,36,41,47,8,13,0,14,111,107,221,120,235,122,192,144,239,170,79,58,121,160,144,87,25,39,103,85,9,17,41,49,93,55,12,22,0,14,6,14,2438,564,191,148,191,129,261,185,34,56,0,14,0,14,27,31,180,102,245,103,250,132,119,84,323,197,68,52,111,80,57,55,33,42,108,99,61,60,52,61,55,43,27,33,45,50,0,14
1400000US36047012600,"Census Tract 126, Kings County, New York",Brooklyn,3020,477,1502,350,117,71,135,102,121,74,43,33,11,15,3,5,30,32,95,59,88,60,127,55,134,69,103,55,65,30,30,24,93,55,21,22,56,38,30,29,41,24,73,92,67,48,2,5,17,23,1518,254,86,56,94,45,96,52,46,38,51,41,3,6,0,14,99,74,96,52,216,179,157,56,110,43,97,63,62,40,43,28,23,21,32,24,30,21,30,26,52,46,68,44,13,14,14,23
1400000US36047012700,"Census Tract 127, Kings County, New York",Brooklyn,4286,464,1708,293,0,14,208,105,69,91,96,61,0,14,0,14,49,70,54,79,92,49,337,112,238,107,88,63,31,31,113,107,151,125,12,18,36,57,38,59,71,84,1,2,0,14,24,25,0,14,2578,426,41,44,224,105,0,14,143,129,0,14,69,85,29,38,54,65,268,100,214,105,274,101,113,72,185,147,186,145,69,70,22,27,73,79,47,53,44,62,98,97,57,44,136,91,232,198
1400000US36047012801,"Census Tract 128.01, Kings County, New York",Brooklyn,1987,289,1016,191,105,84,23,20,63,35,13,14,85,116,20,23,28,28,64,47,67,46,31,22,92,59,8,11,154,112,21,19,54,46,25,20,50,40,9,10,28,25,33,21,27,25,12,14,4,6,971,174,105,81,47,40,45,29,18,21,4,7,0,14,0,14,39,36,86,62,98,59,51,34,112,64,51,55,47,34,73,38,4,6,38,25,31,31,15,14,37,30,33,26,14,16,23,25
1400000US36047012901,"Census Tract 129.01, Kings County, New York",Brooklyn,2539,404,1156,182,115,57,18,23,53,47,0,14,0,14,0,14,39,44,0,14,79,58,104,61,271,114,137,72,108,77,72,50,21,26,45,41,17,27,0,14,16,23,11,17,40,40,10,16,0,14,1383,276,64,30,47,36,35,56,48,64,8,12,0,14,0,14,36,37,101,61,234,100,233,104,53,42,117,92,117,80,81,56,21,24,27,44,39,46,14,23,81,75,27,35,0,14,0,14
1400000US36047012902,"Census Tract 129.02, Kings County, New York",Brooklyn,3822,462,1942,249,274,120,85,74,11,16,0,14,0,14,0,14,0,14,16,23,361,148,446,172,229,105,292,113,65,69,38,64,22,35,0,14,0,14,10,16,29,38,35,53,11,15,18,24,0,14,1880,354,93,129,131,111,30,49,0,14,0,14,0,14,18,29,50,42,305,99,346,154,421,138,145,83,62,47,3,5,96,72,0,14,21,19,21,34,0,14,90,52,37,54,0,14,11,16
1400000US36047013000,"Census Tract 130, Kings County, New York",Brooklyn,5598,856,2518,471,120,93,223,174,269,163,119,84,50,55,9,16,76,68,55,53,86,57,175,102,269,127,228,128,224,108,213,128,139,62,22,30,46,52,8,27,39,43,52,39,33,29,26,27,37,55,3080,575,214,101,274,213,311,173,207,129,45,45,11,18,59,61,155,123,136,68,303,113,313,107,204,121,171,107,101,56,160,80,62,53,40,38,16,19,0,19,78,41,128,82,32,29,60,45
1400000US36047013100,"Census Tract 131, Kings County, New York",Brooklyn,3533,548,1817,280,132,75,63,37,61,52,15,19,0,14,0,14,0,14,51,62,181,64,235,89,192,80,184,97,115,71,45,38,183,83,28,28,9,15,20,35,44,39,121,100,138,100,0,14,0,14,1716,354,148,98,87,61,40,44,28,32,0,14,0,14,0,14,25,32,216,78,285,79,193,80,93,60,35,28,68,44,120,60,76,81,8,13,26,52,18,30,189,243,60,51,1,2,0,14
1400000US36047013200,"Census Tract 132, Kings County, New York",Brooklyn,2088,566,1041,250,2,8,87,71,70,60,46,54,31,20,4,9,19,28,7,20,70,39,104,101,77,88,0,14,41,46,39,35,39,35,67,42,70,49,18,28,92,75,55,53,28,28,25,28,50,52,1047,363,185,131,0,14,72,54,4,7,26,42,0,14,0,14,20,29,60,41,35,43,64,94,50,45,16,26,110,54,128,109,23,27,10,16,43,43,74,48,19,20,27,31,18,23,63,78
1400000US36047013300,"Census Tract 133, Kings County, New York",Brooklyn,4264,560,2301,379,207,122,129,112,151,105,50,43,6,11,0,14,1,12,124,67,162,119,201,85,308,122,199,88,121,87,117,59,178,88,37,38,2,21,60,71,114,128,65,45,54,45,12,18,3,14,1963,299,227,129,88,69,96,79,46,40,14,24,0,14,0,14,22,24,142,73,338,126,215,105,122,57,127,93,129,53,178,75,20,20,23,27,34,36,50,30,61,45,31,36,0,14,0,14
1400000US36047013400,"Census Tract 134, Kings County, New York",Brooklyn,4209,628,1983,332,90,62,88,41,173,97,105,85,51,41,7,11,24,36,48,57,217,130,144,74,133,65,233,107,89,58,133,83,151,84,38,33,28,33,11,18,51,44,88,62,32,38,49,43,0,14,2226,378,200,150,159,102,147,84,130,83,57,62,21,25,0,14,8,14,129,95,220,108,164,75,197,84,82,50,77,55,171,60,26,28,52,34,64,67,49,44,177,87,16,26,57,72,23,34
1400000US36047013500,"Census Tract 135, Kings County, New York",Brooklyn,4294,526,2243,272,256,108,174,97,192,119,27,27,12,16,0,14,11,17,26,18,101,65,171,126,303,107,383,145,118,64,107,57,91,55,19,21,10,16,9,15,28,26,127,96,29,24,49,47,0,14,2051,357,171,127,318,134,84,59,35,32,0,14,0,14,6,9,20,22,24,28,196,78,268,85,333,133,219,77,79,48,53,35,0,14,29,25,10,16,40,29,111,87,46,49,9,15,0,14
1400000US36047013600,"Census Tract 136, Kings County, New York",Brooklyn,4090,534,2066,380,131,94,74,58,108,77,70,57,38,41,0,14,0,14,124,136,165,82,114,77,187,171,225,86,92,55,162,151,108,62,39,34,66,63,23,36,62,48,119,128,92,72,27,34,40,42,2024,299,225,95,62,48,164,72,0,14,13,21,0,14,31,49,28,32,188,85,152,77,156,62,255,176,102,58,79,46,107,62,40,35,125,67,27,31,5,9,100,47,44,36,37,35,84,88
1400000US36047013700,"Census Tract 137, Kings County, New York",Brooklyn,3101,448,1601,296,148,90,35,33,54,70,22,26,28,25,1,3,1,2,22,30,179,71,245,102,248,87,75,48,165,80,94,87,44,37,50,42,10,17,75,66,53,35,42,29,10,16,0,14,0,14,1500,284,110,115,62,45,83,62,34,43,0,14,8,13,0,14,48,57,152,81,321,101,163,73,70,45,53,41,184,106,49,42,37,36,29,25,30,22,13,19,31,30,12,20,11,17,0,14
1400000US36047013800,"Census Tract 138, Kings County, New York",Brooklyn,3800,600,1968,418,152,87,134,80,261,196,63,68,8,14,12,23,102,82,52,37,143,95,134,60,73,43,85,56,202,106,102,81,195,108,27,33,41,38,27,34,52,45,34,37,29,27,40,44,0,14,1832,268,148,92,66,65,137,59,35,39,106,81,8,16,47,48,69,44,77,54,170,69,64,39,166,93,206,118,173,82,80,74,9,15,79,55,24,27,73,50,29,26,35,33,0,14,31,32
1400000US36047013900,"Census Tract 139, Kings County, New York",Brooklyn,3574,500,1566,271,130,154,34,52,49,46,43,43,17,23,0,14,0,14,16,19,155,91,155,79,313,111,125,63,87,53,90,69,91,54,17,26,80,66,7,13,36,33,22,27,87,35,0,14,12,18,2008,344,35,43,95,61,158,75,50,42,0,14,19,28,0,14,171,86,219,126,318,118,169,77,152,79,90,56,165,103,56,45,47,52,46,40,0,14,35,31,80,43,94,84,0,14,9,13
1400000US36047014000,"Census Tract 140, Kings County, New York",Brooklyn,1791,459,992,362,38,35,25,25,42,42,43,35,13,19,2,6,4,6,22,21,141,98,154,120,21,21,26,25,23,26,54,36,144,116,8,10,24,19,0,14,19,30,99,119,68,37,7,10,15,23,799,164,44,38,30,26,27,25,14,22,9,15,16,19,14,20,17,19,88,52,58,37,29,32,40,33,52,32,44,23,40,32,7,9,84,109,44,39,8,11,32,32,59,35,20,25,23,22
1400000US36047014101,"Census Tract 141.01, Kings County, New York",Brooklyn,1483,181,787,115,52,33,70,49,34,44,11,13,8,13,4,7,0,14,0,14,45,44,110,65,100,41,117,58,46,27,0,14,37,24,71,77,28,34,0,14,24,33,13,17,8,12,0,14,9,13,696,131,27,21,45,39,52,35,7,10,0,14,0,14,0,14,4,8,78,46,103,56,86,49,76,49,39,35,46,30,46,37,7,13,9,13,0,14,28,35,28,26,15,17,0,14,0,14
1400000US36047014102,"Census Tract 141.02, Kings County, New York",Brooklyn,2032,396,877,154,63,39,49,37,42,28,27,20,6,10,0,14,0,14,22,22,46,30,83,54,133,61,81,53,66,34,53,32,60,46,64,99,1,3,7,11,0,14,17,13,22,19,7,10,28,46,1155,296,134,103,56,41,17,19,31,28,0,14,0,14,3,6,32,41,58,38,76,37,52,35,101,48,122,55,55,37,32,31,9,14,7,11,15,16,0,14,64,47,17,19,154,194,120,177
1400000US36047014200,"Census Tract 142, Kings County, New York",Brooklyn,3534,687,1494,251,112,69,156,61,64,74,25,30,0,14,0,14,0,14,54,76,94,84,154,90,140,62,140,74,91,58,29,27,28,26,11,16,53,54,30,40,88,81,126,74,62,31,12,20,25,22,2040,563,306,293,176,168,78,66,50,76,28,43,0,14,22,26,16,19,191,159,258,105,90,52,30,26,171,121,110,69,50,38,17,21,73,79,51,68,109,58,129,67,52,42,24,28,9,16
1400000US36047014300,"Census Tract 143, Kings County, New York",Brooklyn,3675,642,1873,381,78,65,61,60,181,155,55,48,59,71,37,36,106,111,73,59,160,76,126,65,276,126,66,53,240,197,136,58,88,95,51,47,29,33,0,14,0,14,22,19,13,23,10,16,6,9,1802,379,80,60,201,179,105,93,56,42,2,9,55,42,79,108,69,50,99,71,323,123,100,56,125,81,47,41,152,79,30,26,23,28,45,68,83,81,33,35,23,19,67,84,5,7,0,14
1400000US36047014500,"Census Tract 145, Kings County, New York",Brooklyn,4681,693,2413,449,273,128,121,73,104,59,103,67,12,18,32,48,0,14,11,16,85,50,413,142,379,221,187,84,151,82,177,79,83,47,23,31,87,68,62,53,13,21,11,23,0,14,19,24,67,58,2268,379,82,51,135,99,103,64,63,52,5,9,0,14,2,7,93,63,274,142,506,286,165,87,216,87,249,100,69,55,67,39,41,49,38,43,11,16,13,21,67,48,22,28,47,39,0,14
1400000US36047014700,"Census Tract 147, Kings County, New York",Brooklyn,2373,400,1152,226,160,133,122,59,102,49,19,18,20,24,7,11,0,14,0,14,58,35,21,21,114,44,137,53,181,76,73,38,6,9,12,17,10,17,16,18,38,30,15,13,0,14,6,11,35,33,1221,245,98,79,119,62,90,48,57,40,0,14,0,14,0,14,12,17,109,81,104,62,173,65,124,63,137,42,40,35,76,45,7,9,13,14,0,14,41,21,0,14,15,16,0,14,6,9
1400000US36047014800,"Census Tract 148, Kings County, New York",Brooklyn,1233,323,671,225,33,37,41,45,40,44,38,32,39,44,0,14,0,14,38,37,20,27,49,40,49,48,45,30,12,19,23,29,34,35,28,23,44,36,17,25,3,7,28,30,68,52,20,23,2,7,562,124,39,43,0,14,16,17,22,17,8,11,0,14,0,14,5,9,34,31,57,41,20,23,22,25,53,37,57,39,23,24,0,14,16,17,27,27,20,19,68,37,52,32,14,16,9,14
1400000US36047014901,"Census Tract 149.01, Kings County, New York",Brooklyn,1540,217,696,140,61,37,15,17,90,71,11,16,0,14,0,14,0,14,13,19,36,36,72,41,64,30,70,58,101,51,19,20,19,19,29,35,8,13,8,10,12,15,6,11,36,57,26,17,0,14,844,103,45,31,0,14,26,23,6,9,22,31,0,14,2,10,33,32,123,66,127,47,58,46,80,40,75,65,64,35,19,20,8,11,7,11,0,14,70,72,4,8,43,20,9,25,23,61
1400000US36047014902,"Census Tract 149.02, Kings County, New York",Brooklyn,4054,738,2177,476,128,72,50,58,67,62,69,91,31,34,0,14,0,14,38,45,100,55,427,293,170,77,106,70,251,276,190,104,230,110,41,39,19,32,34,31,14,17,146,87,35,33,24,26,7,12,1877,379,80,86,74,61,19,35,11,17,12,20,21,24,24,37,92,74,190,142,203,75,469,340,127,67,89,76,113,89,126,80,22,24,47,42,0,14,0,14,94,54,26,31,38,35,0,14
1400000US36047015000,"Census Tract 150, Kings County, New York",Brooklyn,1437,280,641,129,12,15,40,30,55,35,10,9,0,14,4,7,14,16,19,22,37,28,0,14,54,44,26,25,14,16,96,54,77,43,18,18,0,14,15,16,39,31,13,19,46,31,17,19,35,44,796,176,9,12,44,27,41,53,69,35,6,9,0,14,12,20,20,24,73,68,16,26,36,38,60,42,68,58,52,37,76,40,0,14,17,19,3,5,23,15,41,34,53,34,37,50,40,43
1400000US36047015100,"Census Tract 151, Kings County, New York",Brooklyn,4060,408,1924,241,57,56,59,40,99,85,131,73,10,17,0,14,0,14,43,31,136,64,164,95,211,81,97,54,95,58,177,84,183,122,71,58,27,26,71,42,56,40,131,86,41,34,36,34,29,30,2136,250,68,53,77,64,224,116,97,68,20,24,0,14,14,19,15,17,70,42,226,112,212,97,182,89,160,72,186,106,175,59,37,39,16,25,26,27,99,105,78,45,80,45,13,20,61,49
1400000US36047015200,"Census Tract 152, Kings County, New York",Brooklyn,2294,411,996,211,33,27,32,27,29,22,56,48,7,10,0,14,28,37,0,14,20,16,112,44,60,35,69,34,119,97,50,52,27,27,74,61,20,17,58,39,39,26,56,35,46,25,39,31,22,26,1298,295,76,55,30,24,40,33,6,11,13,15,26,41,58,69,46,41,129,95,56,37,57,32,136,108,37,28,76,47,60,38,64,63,67,50,48,35,45,28,43,30,67,34,60,40,58,39
1400000US36047015300,"Census Tract 153, Kings County, New York",Brooklyn,2638,351,1210,158,27,25,36,30,171,68,37,30,0,14,0,14,0,14,0,14,108,57,75,52,155,79,63,37,118,85,56,36,130,88,16,21,71,55,11,18,12,18,42,46,58,42,8,15,16,16,1428,283,83,82,89,79,80,43,44,31,16,19,0,14,0,14,32,40,114,70,65,45,159,80,110,48,105,65,129,58,40,32,11,18,73,65,65,61,26,25,33,27,138,169,8,12,8,13
1400000US36047015400,"Census Tract 154, Kings County, New York",Brooklyn,0,14,0,14,0,14,0,14,0,14,0,14,0,14,0,14,0,14,0,14,0,14,0,14,0,14,0,14,0,14,0,14,0,14,0,14,0,14,0,14,0,14,0,14,0,14,0,14,0,14,0,14,0,14,0,14,0,14,0,14,0,14,0,14,0,14,0,14,0,14,0,14,0,14,0,14,0,14,0,14,0,14,0,14,0,14,0,14,0,14,0,14,0,14,0,14,0,14
1400000US36047015500,"Census Tract 155, Kings County, New York",Brooklyn,3443,504,1614,290,129,70,153,99,131,73,10,16,12,18,0,14,0,14,0,14,59,48,189,84,107,87,286,181,130,64,67,46,68,47,54,43,18,23,12,20,15,20,122,84,23,27,15,22,14,20,1829,272,33,35,205,107,80,45,99,58,14,22,11,16,0,14,25,28,78,65,135,58,261,180,222,96,45,40,190,88,154,98,46,58,37,30,8,13,82,73,25,28,52,42,11,17,16,24
1400000US36047015700,"Census Tract 157, Kings County, New York",Brooklyn,5071,800,2610,638,179,104,175,135,140,122,24,38,0,19,0,19,0,19,1,8,346,206,511,399,224,158,229,124,126,90,54,53,147,94,0,19,53,56,30,35,52,52,127,77,157,84,35,49,0,19,2461,358,220,135,205,158,45,63,85,80,23,32,21,33,0,19,42,49,231,112,207,114,328,152,233,123,97,80,52,59,162,75,22,25,42,49,54,60,138,99,95,69,40,42,71,71,48,57
1400000US36047015900,"Census Tract 159, Kings County, New York",Brooklyn,5377,747,2517,407,149,119,89,101,269,190,97,95,0,19,20,33,0,19,0,19,78,53,160,86,355,149,218,125,290,228,136,101,190,130,0,19,156,131,18,28,42,49,175,125,35,41,40,42,0,19,2860,499,256,203,18,30,0,19,88,111,0,19,0,19,5,9,32,39,458,176,365,191,377,176,178,91,171,129,169,149,216,126,33,38,36,42,65,56,54,51,154,135,103,79,82,66,0,19
1400000US36047016000,"Census Tract 160, Kings County, New York",Brooklyn,4426,556,2133,379,234,201,45,39,47,48,76,61,96,58,12,15,15,22,88,97,223,133,176,73,131,107,169,113,101,66,120,87,167,91,66,51,87,59,70,55,60,44,48,40,63,59,22,28,17,19,2293,304,53,43,118,85,80,64,73,52,35,33,13,19,14,22,120,62,131,94,253,146,178,110,310,162,106,57,77,58,195,99,35,31,111,81,42,33,65,45,79,61,179,120,10,17,16,25
1400000US36047016100,"Census Tract 161, Kings County, New York",Brooklyn,3468,371,1640,249,99,94,104,57,55,63,21,28,9,14,0,14,0,14,54,54,78,71,281,92,179,66,122,59,162,74,136,75,12,15,20,30,61,79,33,49,24,29,109,86,29,33,32,45,20,29,1828,247,111,78,45,43,106,50,17,20,0,14,0,14,56,66,26,22,186,79,190,76,197,71,147,74,106,59,109,85,17,20,87,81,53,50,89,81,29,28,150,111,20,29,54,45,33,52
1400000US36047016200,"Census Tract 162, Kings County, New York",Brooklyn,2267,408,1209,287,77,60,20,25,46,52,62,83,0,14,0,14,0,14,160,100,82,63,75,46,31,39,44,35,109,106,60,41,76,65,13,24,50,61,51,35,109,151,62,75,12,21,38,45,32,27,1058,206,42,55,107,87,32,40,14,23,0,14,0,14,0,14,34,53,30,34,29,26,17,20,162,110,83,42,18,22,123,93,76,66,51,64,29,24,9,15,121,74,20,23,10,16,51,57
1400000US36047016300,"Census Tract 163, Kings County, New York",Brooklyn,4370,586,1859,267,101,67,69,57,42,51,47,51,17,27,0,14,0,14,54,52,95,50,420,183,203,88,253,110,39,34,101,57,215,102,18,20,55,53,33,30,12,18,45,34,8,15,32,38,0,14,2511,427,457,278,89,69,44,33,27,33,3,6,0,14,0,14,0,14,223,172,603,177,248,113,153,85,153,87,130,90,28,32,39,32,29,27,93,54,68,74,36,40,10,21,31,38,47,50
1400000US36047016400,"Census Tract 164, Kings County, New York",Brooklyn,980,289,583,162,99,67,37,31,50,42,0,14,14,15,16,22,23,33,58,57,51,32,59,83,45,44,64,65,33,30,30,25,0,14,0,14,0,14,4,6,0,14,0,14,0,14,0,14,0,14,397,151,53,40,29,30,24,36,37,40,28,29,8,11,0,14,8,11,22,26,16,18,63,37,39,28,22,23,31,34,0,14,0,14,7,12,0,14,0,14,0,14,10,14,0,14,0,14
1400000US36047016500,"Census Tract 165, Kings County, New York",Brooklyn,5742,818,2557,401,110,89,136,95,72,67,96,75,0,19,0,19,0,19,19,30,289,244,427,180,276,123,211,116,99,75,189,97,78,74,47,55,26,41,166,133,161,84,113,78,0,19,42,67,0,19,3185,494,257,140,266,152,213,133,88,100,0,19,0,19,27,42,0,19,172,90,257,170,401,154,255,124,178,115,194,94,269,185,117,172,191,115,35,55,117,84,98,75,0,19,29,48,21,35
1400000US36047016600,"Census Tract 166, Kings County, New York",Brooklyn,2201,279,1065,167,79,65,43,30,41,47,57,27,10,20,31,35,0,14,20,21,42,36,64,44,36,31,107,62,32,27,91,50,20,18,28,22,108,66,31,27,35,25,76,54,50,35,44,39,20,18,1136,184,67,67,90,48,42,32,20,32,60,51,10,17,0,14,50,41,53,37,60,40,101,74,41,28,52,37,70,36,111,57,24,24,94,55,7,14,28,19,50,27,62,43,14,14,30,20
1400000US36047016700,"Census Tract 167, Kings County, New York",Brooklyn,4800,809,2393,536,234,144,46,44,138,90,88,114,14,22,0,14,15,26,30,50,149,115,203,87,174,109,235,142,130,88,393,460,93,91,1,2,42,51,80,89,42,69,153,131,78,52,29,34,26,46,2407,471,131,132,15,56,92,93,37,41,0,14,0,14,7,13,166,170,215,121,338,136,293,166,260,180,143,92,150,121,94,80,18,30,123,107,0,14,97,68,98,91,73,68,37,41,20,35
1400000US36047016800,"Census Tract 168, Kings County, New York",Brooklyn,1763,407,904,278,63,53,47,37,50,39,38,55,0,14,0,14,0,14,23,26,16,12,106,135,79,76,83,56,24,19,59,47,53,37,7,12,87,92,0,14,18,17,78,49,36,36,29,31,8,12,859,174,18,17,24,22,52,40,28,36,0,14,0,14,17,26,96,114,30,27,11,11,93,53,42,34,31,31,90,56,78,47,24,17,75,48,3,5,60,45,39,28,13,16,15,17,20,16
1400000US36047016900,"Census Tract 169, Kings County, New York",Brooklyn,4714,933,2295,590,161,94,249,210,88,69,48,56,17,39,0,14,0,14,0,14,218,150,231,129,151,95,114,65,188,129,186,200,202,127,149,197,172,144,22,33,47,56,14,27,38,48,0,14,0,14,2419,433,172,117,119,84,64,68,14,30,0,14,0,14,0,14,29,40,91,73,214,92,363,236,164,100,160,90,264,209,78,81,216,166,68,62,32,53,91,74,67,75,180,131,4,7,29,51
1400000US36047017000,"Census Tract 170, Kings County, New York",Brooklyn,3503,625,1595,294,32,42,104,65,76,66,52,51,20,24,32,46,10,15,46,39,59,47,148,108,120,68,160,98,116,75,121,62,35,38,68,57,108,65,29,32,36,59,74,47,110,90,0,14,39,42,1908,509,49,49,69,60,100,81,94,93,19,27,32,38,14,22,89,59,76,51,187,174,46,41,168,91,128,83,85,45,46,44,45,32,57,44,114,151,99,61,107,69,87,54,57,59,140,145
1400000US36047017100,"Census Tract 171, Kings County, New York",Brooklyn,4139,683,1939,343,86,51,99,63,371,221,80,69,52,49,10,15,0,14,4,7,25,23,130,65,221,85,105,42,107,71,149,61,132,99,23,31,59,48,30,28,42,36,108,55,93,53,13,17,0,14,2200,444,133,77,139,83,157,176,43,47,54,37,2,7,0,14,59,68,44,34,149,62,235,107,358,234,166,85,153,71,137,73,21,22,130,70,27,32,25,28,84,41,38,34,6,11,40,37
1400000US36047017200,"Census Tract 172, Kings County, New York",Brooklyn,2746,584,1172,231,3,4,110,79,80,59,18,20,0,14,0,14,0,14,22,34,57,77,7,13,73,60,90,55,92,87,185,110,50,46,0,14,8,13,43,34,64,36,189,120,81,84,0,14,0,14,1574,407,131,79,67,67,83,68,22,27,57,72,0,14,0,14,68,102,113,91,44,31,108,72,114,103,114,85,55,44,69,50,33,27,28,26,10,15,33,50,260,152,0,14,81,79,84,84
1400000US36047017400,"Census Tract 174, Kings County, New York",Brooklyn,1925,297,916,174,7,11,19,20,131,104,16,15,4,6,0,14,28,28,20,30,24,30,42,34,44,32,98,43,37,29,63,36,108,54,48,38,22,20,23,28,18,18,74,44,42,51,10,10,38,36,1009,162,47,28,74,48,30,20,45,24,0,14,20,31,0,14,17,26,24,20,65,41,114,59,51,35,113,57,21,15,80,40,42,34,32,29,5,7,73,62,44,37,35,28,53,31,24,24
1400000US36047017500,"Census Tract 175, Kings County, New York",Brooklyn,0,14,0,14,0,14,0,14,0,14,0,14,0,14,0,14,0,14,0,14,0,14,0,14,0,14,0,14,0,14,0,14,0,14,0,14,0,14,0,14,0,14,0,14,0,14,0,14,0,14,0,14,0,14,0,14,0,14,0,14,0,14,0,14,0,14,0,14,0,14,0,14,0,14,0,14,0,14,0,14,0,14,0,14,0,14,0,14,0,14,0,14,0,14,0,14,0,14
1400000US36047017600,"Census Tract 176, Kings County, New York",Brooklyn,2228,404,1119,239,32,34,52,35,0,14,20,18,19,15,2,5,23,36,62,40,80,48,89,42,38,41,113,69,45,35,126,70,98,49,129,121,73,45,16,15,17,24,17,15,25,19,16,18,27,31,1109,226,20,30,54,47,10,11,46,35,15,13,20,18,11,16,29,34,75,48,123,57,32,32,76,44,61,39,86,55,124,70,53,45,43,31,28,28,46,47,26,19,56,39,59,47,16,16
1400000US36047017700,"Census Tract 177, Kings County, New York",Brooklyn,0,14,0,14,0,14,0,14,0,14,0,14,0,14,0,14,0,14,0,14,0,14,0,14,0,14,0,14,0,14,0,14,0,14,0,14,0,14,0,14,0,14,0,14,0,14,0,14,0,14,0,14,0,14,0,14,0,14,0,14,0,14,0,14,0,14,0,14,0,14,0,14,0,14,0,14,0,14,0,14,0,14,0,14,0,14,0,14,0,14,0,14,0,14,0,14,0,14
1400000US36047017800,"Census Tract 178, Kings County, New York",Brooklyn,2517,477,1294,330,104,78,161,178,47,41,55,38,34,49,18,20,3,7,11,18,67,45,152,120,68,45,50,35,116,65,79,41,72,46,21,18,49,42,31,31,15,16,37,24,6,12,76,42,22,22,1223,261,61,74,24,20,6,9,72,62,0,14,0,14,1,3,72,41,91,51,106,80,47,30,60,36,92,87,80,46,141,87,17,17,61,44,40,27,5,7,58,41,87,46,18,20,84,30
1400000US36047017900,"Census Tract 179, Kings County, New York",Brooklyn,4183,605,1919,336,94,76,105,87,130,91,76,75,0,14,17,30,0,14,123,107,51,48,102,83,207,93,119,66,103,57,83,70,148,81,61,92,30,32,53,57,84,53,99,62,90,65,55,39,89,51,2264,475,288,144,103,73,90,74,20,21,11,18,16,24,21,32,50,48,220,102,164,59,134,63,401,394,86,74,173,102,67,57,9,12,31,27,0,14,23,30,97,58,42,38,117,78,101,64
1400000US36047018000,"Census Tract 180, Kings County, New York",Brooklyn,2948,883,1543,508,13,19,106,171,57,38,133,165,39,69,68,76,58,71,94,73,134,85,77,54,36,26,64,35,98,85,104,88,70,51,50,39,97,64,38,30,130,113,22,26,31,25,10,16,14,19,1405,405,0,14,51,30,57,49,133,177,37,35,7,12,11,18,47,41,141,125,50,33,49,32,117,158,119,87,78,48,186,96,6,10,10,16,45,30,92,89,59,66,90,68,9,14,11,17
1400000US36047018100,"Census Tract 181, Kings County, New York",Brooklyn,3905,544,2053,329,137,124,136,109,8,31,25,36,14,22,13,20,0,14,69,87,231,147,416,215,55,50,186,120,210,97,0,14,120,96,0,14,82,93,16,25,118,114,0,14,0,14,79,90,138,153,1852,341,100,79,48,73,8,28,0,14,0,14,12,22,11,18,67,75,353,184,315,160,160,107,191,113,128,85,153,99,54,49,104,108,54,66,0,14,0,14,0,14,52,76,32,65,10,18
1400000US36047018200,"Census Tract 182, Kings County, New York",Brooklyn,3708,541,1767,342,174,104,0,14,68,42,85,45,54,38,31,49,84,70,36,36,124,94,159,95,235,148,40,28,148,72,32,37,57,56,42,67,107,85,54,40,22,26,83,47,17,21,30,28,85,79,1941,265,104,90,242,129,77,60,77,60,65,44,0,14,9,15,71,67,83,62,158,98,139,69,88,50,113,75,115,83,123,66,78,69,44,37,64,61,70,39,63,37,13,18,63,44,82,64
1400000US36047018300,"Census Tract 183, Kings County, New York",Brooklyn,2821,462,1236,299,29,31,49,45,49,27,16,26,54,81,0,14,0,14,21,23,99,81,306,179,151,71,57,42,44,40,79,59,104,76,12,23,32,44,10,16,27,38,38,52,31,45,0,14,28,44,1585,291,91,112,42,43,42,39,24,28,0,14,41,30,0,14,31,29,201,129,289,132,220,113,57,41,83,35,85,53,95,75,19,25,78,62,0,14,92,78,95,87,0,14,0,14,0,14
1400000US36047018400,"Census Tract 184, Kings County, New York",Brooklyn,2108,386,956,155,13,20,26,23,65,27,41,34,20,19,14,12,4,6,32,18,35,21,86,45,18,16,71,28,89,50,33,27,171,58,35,21,16,18,10,11,34,25,68,38,5,8,51,40,19,17,1152,298,33,27,74,27,36,32,18,21,11,13,0,14,9,11,46,27,132,70,94,101,63,37,58,27,42,41,42,25,146,55,11,15,17,16,33,33,149,139,49,36,43,37,34,29,12,13
1400000US36047018501,"Census Tract 185.01, Kings County, New York",Brooklyn,4583,787,1818,395,0,14,41,56,66,71,67,69,118,101,0,14,12,20,81,107,303,177,92,86,268,185,227,147,0,14,57,52,107,113,50,45,0,14,108,111,129,82,31,52,19,29,42,41,0,14,2765,575,246,224,76,77,72,73,238,195,105,84,49,57,0,14,0,14,192,151,86,76,370,197,191,127,37,38,138,109,142,99,171,239,110,83,165,74,6,9,149,160,105,84,117,105,0,14
1400000US36047018600,"Census Tract 186, Kings County, New York",Brooklyn,1907,427,831,189,9,13,32,32,62,47,11,16,25,22,45,47,12,19,6,10,30,23,43,27,51,57,12,13,92,38,57,40,68,42,14,16,23,19,96,94,50,27,49,28,5,9,21,22,18,16,1076,310,10,11,14,11,73,48,49,46,51,69,13,21,8,11,6,9,90,45,151,191,103,70,33,30,59,31,65,43,131,71,23,14,44,35,26,20,27,22,30,24,10,14,19,18,41,34
1400000US36047018700,"Census Tract 187, Kings County, New York",Brooklyn,1356,218,563,120,19,31,9,14,25,25,0,14,0,14,0,14,0,14,35,31,16,18,136,56,49,27,95,52,42,34,29,23,64,47,5,6,0,14,0,14,4,7,7,11,0,14,21,22,7,11,793,166,58,46,20,22,17,19,7,13,0,14,0,14,0,14,42,54,85,43,103,46,34,24,98,46,42,31,44,41,71,63,0,14,17,24,0,14,0,14,44,24,60,55,35,24,16,22
1400000US36047018800,"Census Tract 188, Kings County, New York",Brooklyn,2865,450,1541,369,76,74,92,72,108,89,22,27,20,28,23,28,0,14,136,152,113,91,51,37,70,46,64,44,57,38,195,153,250,267,37,33,33,35,47,50,62,65,0,14,16,21,36,43,33,34,1324,200,40,36,41,30,125,56,118,57,14,17,0,14,6,11,38,32,115,80,69,44,139,99,157,71,42,45,56,46,97,62,89,88,48,33,13,17,0,14,24,42,3,5,65,48,25,26
1400000US36047019000,"Census Tract 190, Kings County, New York",Brooklyn,4171,775,2458,579,27,41,130,116,65,84,32,49,101,84,73,120,37,60,262,126,212,93,251,211,123,84,126,97,134,87,352,273,61,48,46,40,56,61,205,265,63,58,34,48,28,32,0,14,40,49,1713,346,32,40,76,85,55,72,33,42,32,50,9,16,0,14,112,77,249,156,21,23,125,95,70,52,90,70,162,128,204,101,67,57,42,40,101,97,13,19,0,14,75,51,68,74,77,44
1400000US36047019100,"Census Tract 191, Kings County, New York",Brooklyn,3029,506,1527,330,148,145,113,76,45,46,25,28,11,22,0,14,43,53,31,34,82,64,291,125,199,104,107,74,182,102,145,110,41,36,13,20,0,14,0,14,14,23,37,47,0,14,0,14,0,14,1502,326,97,82,101,76,60,32,83,36,12,24,0,14,56,64,59,48,111,76,407,138,73,49,57,49,164,61,81,69,34,30,29,39,0,14,0,14,27,29,0,14,0,14,0,14,51,46
1400000US36047019200,"Census Tract 192, Kings County, New York",Brooklyn,3118,714,1674,389,95,85,219,109,132,95,110,84,57,50,13,15,14,23,32,30,97,61,88,68,126,81,83,52,101,70,83,57,146,84,25,22,31,26,15,16,24,34,120,107,44,52,0,14,19,20,1444,422,97,79,100,74,224,131,121,74,37,50,0,14,26,29,48,35,31,29,114,67,87,56,35,31,188,80,67,43,32,31,33,33,15,22,8,12,49,52,107,109,0,14,6,9,19,20
1400000US36047019300,"Census Tract 193, Kings County, New York",Brooklyn,6619,772,2316,482,137,135,98,135,0,19,0,19,420,127,109,71,102,75,96,65,229,173,192,128,460,247,108,118,42,58,83,99,21,33,0,19,45,51,0,19,21,33,42,46,90,89,21,33,0,19,4303,494,0,19,74,121,0,19,16,26,872,219,272,125,154,113,433,193,182,101,373,218,349,241,153,91,133,132,107,84,126,98,42,49,178,146,102,107,143,117,205,125,50,53,78,65,261,269
1400000US36047019400,"Census Tract 194, Kings County, New York",Brooklyn,3293,877,1889,685,9,14,185,159,112,142,57,56,28,36,0,14,32,38,66,63,166,110,314,304,100,72,149,107,107,75,128,93,153,80,77,63,10,16,6,10,18,21,24,28,120,178,0,14,28,36,1404,387,101,103,67,67,36,34,29,26,15,19,49,67,28,44,0,14,57,48,80,70,81,54,23,19,136,92,320,305,180,95,42,35,20,37,13,17,23,27,24,25,32,31,24,25,24,27
1400000US36047019500,"Census Tract 195, Kings County, New York",Brooklyn,4104,495,2000,295,111,68,130,95,64,50,48,44,11,17,29,43,12,19,42,47,165,99,128,65,230,74,142,91,131,82,178,77,64,51,103,79,49,47,115,138,41,40,15,25,178,118,0,14,14,23,2104,308,137,109,95,63,119,82,12,19,39,41,14,24,12,18,16,24,111,83,205,80,186,67,227,103,245,92,129,90,39,34,80,62,23,26,75,68,46,42,122,58,68,51,104,140,0,14
1400000US36047019600,"Census Tract 196, Kings County, New York",Brooklyn,3872,724,2023,475,105,105,172,120,231,215,19,22,31,46,0,14,99,77,11,33,44,43,99,63,21,24,88,90,163,114,155,90,156,107,24,28,35,50,78,60,184,241,115,61,57,66,56,59,80,68,1849,356,75,67,151,133,24,29,61,47,8,12,0,14,8,18,67,47,97,51,94,71,55,47,163,119,163,88,56,44,155,101,52,44,48,39,33,30,62,44,101,87,111,97,103,63,162,65
1400000US36047019700,"Census Tract 197, Kings County, New York",Brooklyn,3619,526,1790,325,134,81,52,34,187,171,65,76,9,13,1,2,0,14,57,66,71,66,217,109,153,109,210,122,160,86,141,101,87,57,45,36,28,34,12,18,47,37,58,49,30,30,26,32,0,14,1829,337,161,125,68,49,58,45,38,47,0,14,0,14,0,14,0,14,10,16,256,134,130,59,180,95,235,122,65,46,183,136,20,22,46,49,0,14,96,68,188,99,44,56,25,29,26,30
1400000US36047019800,"Census Tract 198, Kings County, New York",Brooklyn,1823,369,937,245,57,50,54,42,122,72,92,59,12,18,0,14,1,3,19,30,60,50,18,18,70,60,48,41,53,39,103,94,36,39,42,53,45,38,28,41,7,12,20,31,34,27,16,20,0,14,886,172,14,17,59,41,91,68,13,15,34,36,21,32,0,14,16,22,26,24,2,13,90,42,80,48,68,61,61,46,29,29,59,75,73,52,5,12,15,17,13,14,27,27,20,22,70,61
1400000US36047019900,"Census Tract 199, Kings County, New York",Brooklyn,4311,612,1626,339,171,114,49,69,52,67,15,22,4,9,55,62,15,22,32,51,178,110,277,151,228,116,96,73,74,56,83,90,107,85,48,47,84,78,0,14,0,14,20,32,38,45,0,14,0,14,2685,545,115,94,138,111,14,21,99,92,3,8,23,37,0,14,128,109,487,220,753,289,169,94,206,87,123,99,134,94,93,71,0,14,2,13,0,14,136,50,58,51,0,14,0,14,4,9
1400000US36047020000,"Census Tract 200, Kings County, New York",Brooklyn,2337,464,1145,320,19,21,127,88,119,78,22,19,0,14,50,47,19,28,13,11,80,81,44,39,168,83,104,103,36,23,45,35,59,39,7,11,54,37,14,15,43,28,79,44,17,15,5,8,21,28,1192,276,99,70,29,28,62,33,37,22,0,14,28,36,52,46,1,3,16,14,103,59,59,43,89,48,68,45,65,42,63,42,11,13,70,92,43,43,49,33,119,56,100,108,21,20,8,12
1400000US36047020100,"Census Tract 201, Kings County, New York",Brooklyn,3993,601,1887,371,124,80,123,119,40,52,73,97,27,30,0,14,45,67,13,20,122,81,193,94,316,148,109,65,115,82,198,106,107,69,30,31,45,53,11,18,0,14,50,56,76,69,0,14,70,86,2106,359,190,109,12,18,68,61,29,33,33,35,37,39,0,14,132,95,244,133,162,68,259,124,233,117,122,101,177,97,136,91,41,43,0,14,40,35,40,37,83,69,55,51,0,14,13,20
1400000US36047020200,"Census Tract 202, Kings County, New York",Brooklyn,1717,342,736,174,45,43,73,62,56,49,18,17,15,18,1,2,0,14,4,7,22,21,5,7,11,14,117,64,71,51,34,33,69,43,37,34,39,29,0,14,83,52,3,8,0,14,19,31,14,20,981,203,102,85,21,26,66,57,28,34,28,20,0,14,37,19,12,12,24,20,35,25,100,58,69,55,81,61,83,34,27,19,23,22,33,29,73,36,12,15,40,35,31,40,12,13,44,29
1400000US36047020300,"Census Tract 203, Kings County, New York",Brooklyn,2074,302,1002,213,71,52,60,62,67,45,41,35,0,14,0,14,0,14,34,38,112,97,93,45,74,42,175,136,133,74,38,49,42,38,0,14,0,14,0,14,0,14,16,18,3,7,0,14,43,66,1072,198,61,40,60,43,77,115,9,14,39,56,0,14,0,14,28,31,138,64,111,56,195,73,108,41,39,30,52,38,59,32,12,18,13,27,0,14,11,16,30,30,15,19,0,14,15,25
1400000US36047020400,"Census Tract 204, Kings County, New York",Brooklyn,2037,278,1000,191,22,26,46,29,85,46,95,60,80,80,10,16,0,14,46,49,44,48,20,16,25,22,87,47,40,36,67,39,157,75,37,46,25,23,16,19,10,11,36,32,38,32,14,16,0,14,1037,171,3,7,22,20,87,41,10,12,25,31,0,14,9,14,55,45,8,17,60,46,14,14,71,32,89,58,150,69,67,40,36,26,31,30,21,22,38,27,92,52,36,28,21,20,92,81
1400000US36047020500,"Census Tract 205, Kings County, New York",Brooklyn,3834,594,1981,353,317,212,138,79,173,132,6,18,62,74,0,14,0,14,51,76,107,67,270,97,165,77,110,56,144,76,76,80,107,60,25,29,12,18,0,14,81,78,46,54,12,19,67,76,12,19,1853,347,41,35,76,57,171,131,20,21,0,14,0,14,10,16,9,14,236,107,369,161,131,74,184,94,239,151,55,38,32,28,27,29,55,68,16,26,53,56,91,80,26,28,12,18,0,14
1400000US36047020600,"Census Tract 206, Kings County, New York",Brooklyn,2590,466,1360,247,217,102,71,53,44,27,69,38,31,34,32,45,21,23,26,25,23,20,102,58,35,45,148,78,19,18,77,46,75,52,32,34,63,58,54,46,44,25,102,56,16,16,39,29,20,23,1230,257,130,101,64,44,0,14,23,19,23,20,0,14,49,61,34,28,21,27,37,34,189,79,37,37,69,42,76,72,140,90,15,17,55,46,26,30,45,24,97,48,19,17,50,31,31,24
1400000US36047020700,"Census Tract 207, Kings County, New York",Brooklyn,4628,654,1937,396,145,90,96,70,127,103,47,57,20,35,0,14,0,14,39,45,54,58,408,206,168,109,64,65,170,105,157,106,146,137,31,52,47,45,89,102,32,35,34,49,49,42,14,25,0,14,2691,448,60,52,184,165,25,39,155,187,0,14,0,14,18,28,20,32,397,196,507,173,401,148,188,105,25,40,154,71,151,151,35,40,34,46,147,142,91,77,78,75,0,14,21,34,0,14
1400000US36047020800,"Census Tract 208, Kings County, New York",Brooklyn,2573,490,1458,393,31,47,23,29,11,16,66,56,24,22,0,14,24,35,9,13,63,56,193,106,65,58,57,52,111,78,321,360,157,111,22,34,32,48,64,58,16,23,10,18,121,89,38,32,0,14,1115,218,83,58,51,57,62,59,0,14,0,14,0,14,0,14,11,21,78,69,60,38,128,69,53,37,18,21,66,58,88,57,78,79,10,17,26,29,29,32,119,78,73,58,23,26,59,58
1400000US36047021000,"Census Tract 210, Kings County, New York",Brooklyn,3794,706,2093,490,116,97,242,252,104,71,185,99,15,17,46,48,65,76,73,79,53,47,200,160,63,49,44,53,123,88,92,60,106,137,212,127,113,70,75,64,25,31,77,61,51,82,13,20,0,14,1701,273,80,104,60,49,49,38,102,73,42,39,26,29,0,14,116,69,66,68,120,85,118,104,130,72,205,94,89,69,85,49,44,33,87,56,30,27,111,116,89,61,24,30,20,25,8,13
1400000US36047021100,"Census Tract 211, Kings County, New York",Brooklyn,2778,439,1346,231,119,45,30,30,128,65,24,25,37,50,0,14,22,29,121,85,173,105,79,56,198,93,71,45,96,64,61,36,45,39,67,53,23,21,12,17,24,25,0,14,16,23,0,14,0,14,1432,306,40,34,31,29,40,36,92,100,0,14,28,43,27,28,171,160,95,47,168,100,123,53,110,52,111,87,82,50,116,85,55,75,30,25,6,12,12,16,18,27,50,36,0,14,27,23
1400000US36047021200,"Census Tract 212, Kings County, New York",Brooklyn,3150,536,1748,412,36,24,145,132,78,68,118,64,30,25,0,14,0,14,0,14,60,54,241,135,289,235,29,33,181,100,17,24,46,39,62,59,30,47,149,89,69,48,131,85,0,14,18,25,19,32,1402,256,15,23,52,53,76,50,21,31,34,42,0,14,15,24,37,46,144,101,38,34,175,83,51,51,205,101,14,21,76,54,40,50,110,77,100,94,28,36,54,48,0,14,21,37,96,65
1400000US36047021300,"Census Tract 213, Kings County, New York",Brooklyn,4523,803,2117,325,144,104,91,63,45,53,30,34,32,29,22,34,0,14,132,102,332,151,184,91,163,80,148,79,70,47,287,207,74,50,32,48,10,17,92,112,63,50,11,27,36,42,76,85,43,53,2406,658,59,49,156,213,124,81,164,194,16,26,0,14,0,14,152,120,88,73,164,69,303,100,260,225,144,88,231,148,98,68,0,14,45,40,35,37,51,43,90,60,70,54,81,59,75,84
1400000US36047021400,"Census Tract 214, Kings County, New York",Brooklyn,2580,626,1338,395,196,121,174,82,111,75,73,69,57,45,17,29,8,14,34,34,81,42,86,59,112,70,197,198,50,39,5,8,13,13,42,29,25,25,18,19,17,19,0,14,18,16,0,14,4,7,1242,298,153,92,178,105,179,106,54,44,22,20,0,14,11,13,59,42,89,52,133,74,83,63,71,45,24,23,17,28,11,11,47,41,75,55,11,16,6,9,11,13,4,7,4,7,0,14
1400000US36047021500,"Census Tract 215, Kings County, New York",Brooklyn,5595,962,2557,590,149,154,0,19,86,97,56,79,0,19,0,19,0,19,26,44,270,127,509,251,310,175,199,150,181,162,257,94,145,114,0,19,0,19,65,59,69,82,91,93,0,19,38,46,106,160,3038,539,180,178,121,106,59,65,55,70,0,19,0,19,0,19,16,26,430,158,352,184,406,208,264,162,231,221,215,88,236,131,28,35,0,19,60,69,96,112,193,98,22,37,74,70,0,19
1400000US36047021600,"Census Tract 216, Kings County, New York",Brooklyn,3885,708,1840,384,358,172,200,121,122,89,111,86,88,58,24,37,49,55,20,33,90,63,40,33,30,37,152,62,127,91,104,67,55,70,11,18,58,53,40,49,23,35,93,54,45,66,0,14,0,14,2045,401,260,111,285,118,283,141,97,86,52,29,0,14,92,88,52,49,116,73,38,30,70,57,113,71,106,55,41,49,94,92,29,44,59,62,14,17,45,38,176,94,0,14,0,14,23,27
1400000US36047021700,"Census Tract 217, Kings County, New York",Brooklyn,4210,488,1985,279,151,95,77,62,114,67,31,36,32,31,0,14,0,14,118,70,259,106,294,124,183,86,98,79,126,130,170,87,97,71,28,44,21,25,25,38,41,32,31,32,12,19,8,15,69,80,2225,334,142,104,76,64,33,49,86,74,26,31,34,50,0,14,131,76,358,138,297,101,134,74,142,54,83,68,208,72,64,46,20,29,16,19,86,51,57,50,91,63,34,28,89,69,18,25
1400000US36047021800,"Census Tract 218, Kings County, New York",Brooklyn,2760,777,1297,425,63,62,207,123,123,119,129,86,88,70,25,30,9,16,28,34,66,59,100,83,56,75,67,66,83,63,99,96,28,35,10,18,60,59,0,14,56,60,0,14,0,14,0,14,0,14,1463,396,135,103,120,97,183,99,94,89,42,45,17,28,26,43,24,30,128,96,42,41,90,77,44,56,111,78,154,115,19,24,55,67,15,24,40,65,32,24,39,42,27,42,0,14,26,29
1400000US36047021900,"Census Tract 219, Kings County, New York",Brooklyn,4258,656,1713,409,35,33,35,38,0,14,54,91,0,14,0,14,0,14,77,43,272,105,295,104,113,65,384,167,80,78,60,53,183,177,33,49,17,26,46,40,0,14,22,31,0,14,1,3,6,13,2545,360,115,71,14,25,124,79,12,21,9,16,0,14,0,14,64,47,665,226,320,118,265,120,137,86,69,75,90,73,91,65,44,38,100,68,122,179,24,29,183,149,1,2,86,77,10,15
1400000US36047022000,"Census Tract 220, Kings County, New York",Brooklyn,5854,1131,3193,651,414,142,337,195,307,182,250,120,187,98,74,63,82,94,87,67,236,126,212,299,72,76,188,79,225,104,59,51,76,114,36,60,120,176,24,27,15,25,78,62,44,37,40,54,30,50,2661,652,433,270,469,164,395,186,267,117,98,77,0,19,25,27,87,46,113,71,21,33,145,103,235,115,131,76,46,35,12,15,25,28,10,16,0,19,60,57,31,29,46,60,0,19,12,21
1400000US36047022100,"Census Tract 221, Kings County, New York",Brooklyn,3724,512,1950,321,119,87,64,67,33,49,31,29,0,14,8,13,5,12,121,82,246,100,332,146,210,80,97,44,204,100,102,74,31,46,0,14,71,70,9,16,66,59,172,217,29,66,0,14,0,14,1774,290,29,34,119,102,24,34,0,14,20,27,0,14,0,14,44,50,404,160,363,110,89,52,85,53,43,34,97,58,36,40,31,48,21,33,40,50,10,18,201,199,55,66,63,67,0,14
1400000US36047022200,"Census Tract 222, Kings County, New York",Brooklyn,4050,833,2038,432,224,131,114,122,348,189,73,54,43,45,26,27,42,49,189,108,90,76,105,74,77,62,82,62,74,71,163,91,30,31,50,51,13,21,0,14,113,128,73,64,9,26,100,70,0,14,2012,475,181,124,221,146,218,114,133,79,106,65,153,88,13,21,47,45,119,79,54,60,119,83,139,98,23,36,99,78,13,20,0,14,51,56,14,22,30,31,160,100,52,47,67,63,0,14
1400000US36047022400,"Census Tract 224, Kings County, New York",Brooklyn,5786,1207,2999,669,417,179,371,153,543,232,252,116,118,100,22,32,15,19,122,99,162,81,116,84,105,72,226,146,60,55,257,217,71,68,16,24,0,19,0,19,73,56,45,40,8,20,0,19,0,19,2787,628,388,193,283,164,400,178,169,148,99,34,12,18,22,35,144,112,153,103,145,130,156,76,161,87,41,64,109,82,210,184,12,22,49,55,63,66,79,57,43,38,0,19,0,19,49,40
1400000US36047022600,"Census Tract 226, Kings County, New York",Brooklyn,2844,773,1442,476,220,190,249,196,229,131,56,38,19,17,0,14,0,14,72,55,86,54,21,20,145,90,114,95,60,54,47,28,45,48,15,32,29,32,4,8,0,14,16,17,7,12,0,14,8,12,1402,351,255,140,236,137,171,70,74,60,12,13,23,32,33,47,40,53,61,51,55,42,108,85,88,55,55,36,7,10,57,46,0,14,23,35,19,29,6,11,17,18,37,38,16,17,9,14
1400000US36047022700,"Census Tract 227, Kings County, New York",Brooklyn,4833,811,2129,436,17,26,15,28,160,97,7,12,28,72,0,14,1,2,58,55,325,231,431,193,298,150,177,146,179,133,33,53,109,85,110,123,16,26,29,68,28,49,33,44,75,79,0,14,0,14,2704,587,177,169,285,249,14,25,96,90,13,20,0,14,119,112,143,113,467,232,436,219,305,193,204,130,146,74,102,79,48,56,0,14,33,41,11,22,0,14,47,62,0,14,58,55,0,14
1400000US36047022800,"Census Tract 228, Kings County, New York",Brooklyn,3496,763,1613,418,130,107,77,64,70,60,113,84,149,85,12,14,94,58,113,117,187,112,45,42,30,38,188,102,105,90,28,28,33,36,0,14,74,57,20,24,93,93,50,56,2,5,0,14,0,14,1883,507,260,105,247,167,328,170,69,63,38,42,121,69,11,19,66,59,77,53,111,54,50,40,116,80,88,43,12,20,36,36,5,12,77,77,11,17,33,53,112,77,15,22,0,14,0,14
1400000US36047022900,"Census Tract 229, Kings County, New York",Brooklyn,3650,543,1785,341,139,90,113,87,23,31,13,22,2,4,0,14,0,14,0,14,307,159,420,189,225,118,163,108,159,82,71,49,67,50,21,25,37,37,25,39,0,14,0,14,0,14,0,14,0,14,1865,383,152,96,50,46,0,14,13,20,18,27,13,21,34,37,69,49,466,293,397,150,179,67,229,99,41,36,48,32,41,32,1,2,15,24,40,46,36,38,2,4,0,14,19,25,2,4
1400000US36047023000,"Census Tract 230, Kings County, New York",Brooklyn,4202,1347,2422,949,465,351,288,195,417,287,127,79,82,75,9,14,0,14,102,78,88,73,38,45,191,171,31,36,33,53,215,93,57,62,0,14,40,42,39,52,27,32,83,81,24,26,56,86,10,17,1780,472,269,182,164,146,132,94,109,83,24,40,24,38,11,18,43,37,120,105,113,128,108,98,74,56,182,118,107,102,20,25,20,33,55,59,55,53,0,14,58,65,71,88,0,14,21,24
1400000US36047023100,"Census Tract 231, Kings County, New York",Brooklyn,3530,434,1446,231,81,53,33,35,33,31,46,44,0,14,0,14,0,14,12,19,102,56,307,118,288,134,183,102,98,90,61,69,54,42,48,37,5,14,55,59,17,19,9,14,0,14,0,14,14,23,2084,313,108,95,93,56,23,29,77,78,0,14,0,14,32,35,75,100,270,123,388,203,204,87,164,98,86,50,47,38,152,61,54,65,19,23,25,34,9,14,70,61,33,38,99,91,56,53
1400000US36047023200,"Census Tract 232, Kings County, New York",Brooklyn,6611,1427,3381,674,471,158,564,221,464,216,350,171,23,27,13,23,31,48,103,94,298,119,73,61,185,97,155,111,83,76,133,54,72,76,14,21,9,17,110,92,140,90,49,69,13,19,13,19,15,24,3230,821,407,256,408,177,551,273,246,99,198,115,34,58,0,19,30,46,195,122,139,59,58,56,145,92,184,108,122,65,20,25,0,19,149,109,51,58,42,40,130,98,31,49,48,42,42,36
1400000US36047023300,"Census Tract 233, Kings County, New York",Brooklyn,5988,1169,2008,347,105,90,145,139,344,191,8,13,54,59,0,19,0,19,54,68,102,73,324,179,172,143,206,171,122,112,184,181,79,79,35,51,0,19,0,19,0,19,44,70,30,44,0,19,0,19,3980,975,676,425,198,190,214,267,198,210,47,59,0,19,34,57,70,90,277,150,460,261,529,217,183,181,253,183,188,145,191,145,218,141,59,70,73,87,0,19,30,52,67,106,0,19,15,24
1400000US36047023400,"Census Tract 234, Kings County, New York",Brooklyn,5663,1011,2912,569,687,248,209,154,362,171,227,119,42,56,72,79,143,106,278,158,101,77,109,104,92,64,10,15,97,104,123,80,90,89,0,19,57,61,12,19,11,17,92,59,47,40,13,20,38,49,2751,526,479,218,373,213,122,82,92,102,151,86,52,59,158,105,187,122,135,98,148,107,93,70,153,115,39,59,85,60,65,87,38,57,26,30,35,49,51,39,133,147,30,36,39,51,67,54
1400000US36047023500,"Census Tract 235, Kings County, New York",Brooklyn,5527,1088,2996,666,475,191,597,262,380,208,202,136,78,92,0,19,0,19,187,146,101,67,105,79,328,137,123,100,217,176,43,39,100,58,60,52,0,19,0,19,0,19,0,19,0,19,0,19,0,19,2531,585,437,306,136,115,202,125,126,113,7,11,10,15,112,151,274,147,145,113,305,141,220,95,187,118,155,118,50,36,96,54,0,19,14,21,9,18,0,19,22,27,0,19,19,30,5,21
1400000US36047023600,"Census Tract 236, Kings County, New York",Brooklyn,6444,1010,3151,582,893,239,329,154,336,193,148,96,98,74,43,39,53,52,169,79,360,121,275,117,19,24,65,57,0,19,137,31,4,16,0,19,0,19,17,34,15,25,101,70,42,43,0,19,47,34,3293,585,740,208,609,205,238,144,50,65,54,57,185,102,124,71,301,132,301,96,197,105,18,29,70,64,24,24,129,94,16,25,11,19,22,41,9,19,37,36,39,40,23,35,27,40,69,79
1400000US36047023800,"Census Tract 238, Kings County, New York",Brooklyn,5584,1046,2685,527,645,238,472,191,297,139,105,66,81,97,0,19,22,26,93,71,310,136,111,68,152,84,31,41,114,93,8,15,35,39,0,19,0,19,8,12,48,48,80,49,0,19,41,53,32,56,2899,693,752,279,492,167,331,157,75,98,11,18,35,59,25,41,42,38,251,158,134,68,187,83,42,39,107,88,45,42,18,28,0,19,75,64,20,25,11,17,72,33,60,55,11,18,103,86
1400000US36047024000,"Census Tract 240, Kings County, New York",Brooklyn,5598,1115,2928,642,653,247,449,270,137,106,105,88,76,63,38,46,100,147,163,110,293,139,158,87,30,49,90,80,100,83,63,75,79,66,106,83,31,52,60,67,72,63,94,84,23,27,0,19,8,15,2670,618,455,200,316,194,272,165,160,136,63,54,0,19,20,25,264,152,258,128,86,69,48,48,110,99,62,59,133,102,65,60,75,72,0,19,36,45,33,43,81,44,53,70,24,23,56,42
1400000US36047024100,"Census Tract 241, Kings County, New York",Brooklyn,3154,743,1797,508,133,53,93,38,193,113,75,31,0,14,11,17,0,14,64,75,232,135,353,235,61,39,172,127,44,51,110,48,116,77,0,14,17,40,0,14,0,14,54,17,12,18,15,25,42,67,1357,289,49,56,13,19,76,78,33,44,19,29,0,14,0,14,84,98,378,121,274,193,112,63,135,59,36,48,17,34,65,49,0,14,0,14,0,14,0,14,51,49,0,14,15,18,0,14
1400000US36047024200,"Census Tract 242, Kings County, New York",Brooklyn,3402,597,2015,467,375,185,293,131,235,120,204,95,47,40,34,32,35,35,44,41,84,53,64,47,39,27,144,78,58,38,49,41,13,15,4,7,87,71,23,26,43,33,66,46,11,13,14,22,49,71,1387,237,158,83,90,60,193,117,98,72,35,32,5,7,4,6,62,44,78,51,12,21,47,36,155,91,103,58,58,41,33,33,5,7,34,30,34,49,6,8,54,38,26,26,43,69,54,51
1400000US36047024300,"Census Tract 243, Kings County, New York",Brooklyn,4419,868,2092,577,76,70,147,102,66,46,0,14,0,14,0,14,0,14,13,19,197,154,291,171,362,220,193,99,85,59,137,58,108,125,24,38,0,14,0,14,66,82,22,35,111,100,194,259,0,14,2327,500,126,80,80,67,108,61,0,14,0,14,0,14,0,14,57,70,255,75,331,128,136,113,372,180,80,76,122,93,8,19,49,63,52,57,0,14,139,93,174,130,99,66,59,95,80,102
1400000US36047024400,"Census Tract 244, Kings County, New York",Brooklyn,3556,795,1696,434,173,121,159,121,293,241,82,72,9,16,14,23,41,48,56,53,90,92,128,96,47,39,25,26,174,139,50,58,114,93,1,3,108,82,10,14,16,18,33,46,39,46,0,14,34,54,1860,423,128,126,118,63,207,137,175,192,76,79,4,8,1,3,76,81,62,64,137,96,57,47,7,49,281,161,39,33,183,192,57,65,10,15,64,61,3,5,98,76,0,14,20,24,57,63
1400000US36047024500,"Census Tract 245, Kings County, New York",Brooklyn,4383,539,1824,342,39,36,43,49,116,99,0,14,0,14,0,14,27,42,0,14,212,120,328,126,356,191,190,88,64,56,132,113,38,41,44,58,127,106,16,22,13,36,48,55,31,25,0,14,0,14,2559,342,29,35,129,94,188,117,212,132,9,16,0,14,0,14,90,81,226,147,433,121,234,109,133,78,218,117,129,109,206,135,60,73,30,45,35,49,22,36,75,73,80,62,0,14,21,32
1400000US36047024600,"Census Tract 246, Kings County, New York",Brooklyn,3298,651,1755,378,167,94,286,150,135,75,95,64,36,35,11,17,0,14,6,9,76,59,185,131,138,83,84,60,105,53,109,85,103,72,81,69,9,14,0,14,37,25,42,35,18,23,4,6,28,34,1543,379,187,87,162,95,116,86,40,36,27,27,25,27,7,11,15,23,76,38,92,68,206,122,15,13,116,73,128,72,55,37,76,63,17,20,17,25,26,26,7,10,102,88,12,14,19,29
1400000US36047024700,"Census Tract 247, Kings County, New York",Brooklyn,2547,405,1241,306,39,61,0,14,20,29,12,25,14,35,0,14,25,39,64,67,136,107,167,89,156,121,80,102,229,227,29,41,28,60,22,34,12,19,73,106,60,67,57,51,0,14,18,26,0,14,1306,230,0,14,111,97,39,77,134,153,0,14,0,14,0,14,68,61,156,108,183,106,190,155,32,39,37,48,138,108,47,44,0,14,32,62,0,14,60,77,62,67,17,29,0,14,0,14
1400000US36047024800,"Census Tract 248, Kings County, New York",Brooklyn,2543,478,1225,278,133,92,37,54,120,71,44,41,13,20,10,14,38,64,38,35,97,67,88,62,109,72,90,49,75,67,23,21,105,63,10,16,71,42,40,47,20,20,36,38,8,12,9,14,11,17,1318,354,100,93,99,59,125,91,101,84,51,49,0,14,0,14,45,41,52,45,78,71,119,70,88,51,39,43,49,55,112,59,14,17,28,25,48,37,24,22,17,18,28,26,33,48,68,48
1400000US36047024900,"Census Tract 249, Kings County, New York",Brooklyn,4147,610,1947,354,108,80,242,125,16,25,91,79,55,81,0,14,26,41,72,73,197,123,334,129,122,51,110,74,134,102,236,182,84,73,16,25,0,14,12,19,14,41,23,37,10,17,37,51,8,25,2200,396,23,38,79,104,46,52,9,26,0,14,0,14,0,14,293,279,432,127,544,196,161,64,161,96,86,97,20,31,87,68,52,70,41,57,25,41,12,19,0,14,63,53,66,65,0,14
1400000US36047025000,"Census Tract 250, Kings County, New York",Brooklyn,1433,449,728,258,1,3,43,40,2,4,8,9,11,12,63,101,5,7,15,18,83,73,88,66,18,15,55,40,5,7,57,41,34,22,15,24,38,50,0,14,68,38,37,25,25,25,0,14,57,41,705,207,0,14,5,7,32,25,6,9,8,8,12,18,4,5,104,115,38,38,79,53,30,22,18,13,33,22,32,29,65,55,19,16,45,27,9,12,52,28,12,13,18,20,16,24,68,52
1400000US36047025100,"Census Tract 251, Kings County, New York",Brooklyn,3990,648,1734,413,116,75,30,48,144,175,114,103,46,44,3,13,51,60,121,75,92,67,193,119,171,111,79,70,59,55,188,189,90,77,15,24,50,59,41,44,76,69,43,51,0,14,0,14,12,30,2256,453,28,43,30,18,30,18,0,14,89,48,0,14,40,54,114,74,489,262,276,110,95,66,111,73,80,79,275,177,213,127,54,55,0,14,55,51,39,42,35,48,89,82,29,36,85,47
1400000US36047025200,"Census Tract 252, Kings County, New York",Brooklyn,4460,658,2266,382,110,72,52,36,190,114,73,52,42,48,76,81,29,35,70,43,236,203,137,102,99,65,116,76,87,70,253,133,268,139,35,27,66,46,23,23,47,40,82,48,87,61,37,31,51,48,2194,387,102,93,169,106,103,91,34,28,71,82,36,35,34,45,131,135,60,46,93,56,48,37,156,76,327,169,110,65,243,106,56,38,98,93,34,43,25,23,123,78,37,51,27,24,77,61
1400000US36047025300,"Census Tract 253, Kings County, New York",Brooklyn,3904,605,2069,433,199,145,160,140,115,104,26,25,95,116,19,21,0,14,77,68,391,164,239,100,231,111,101,76,18,28,87,82,121,111,109,170,15,23,45,41,0,14,21,27,0,14,0,14,0,14,1835,331,141,100,167,171,101,87,39,43,14,23,0,14,0,14,61,67,414,154,214,108,199,83,94,79,83,65,39,59,74,52,20,39,58,53,22,28,13,21,43,57,20,28,0,14,19,28
1400000US36047025400,"Census Tract 254, Kings County, New York",Brooklyn,3437,910,1771,470,89,65,157,137,145,76,195,147,62,59,32,36,0,14,29,29,79,50,81,71,196,120,88,71,130,80,30,38,217,215,30,33,19,29,24,28,16,18,61,42,72,52,19,29,0,14,1666,565,172,236,70,63,184,107,22,20,141,174,0,14,17,19,21,23,81,62,101,77,200,222,139,74,63,38,68,58,47,43,65,50,89,70,12,18,41,31,77,77,14,17,12,17,30,25
1400000US36047025500,"Census Tract 255, Kings County, New York",Brooklyn,4940,658,1882,487,0,14,127,116,309,157,128,110,67,66,37,58,0,14,56,67,93,91,390,282,40,62,32,45,90,76,77,75,164,111,44,51,49,45,61,82,17,30,26,41,9,15,31,36,35,51,3058,505,29,47,92,117,216,137,61,67,93,108,128,96,24,38,73,67,89,73,204,115,160,107,207,124,45,63,295,158,662,392,58,55,150,106,51,56,133,130,9,14,125,99,102,78,52,45
1400000US36047025600,"Census Tract 256, Kings County, New York",Brooklyn,2815,745,1479,391,65,91,106,96,76,73,38,30,38,31,39,39,0,14,87,114,36,33,170,116,99,64,47,39,53,40,29,30,158,86,83,67,84,60,12,18,33,39,66,46,96,65,52,33,12,18,1336,392,9,15,32,31,49,47,60,41,0,14,16,23,5,16,18,26,37,25,96,52,3,4,41,36,79,53,88,50,390,374,67,57,15,21,29,28,75,63,130,70,52,35,18,24,27,29
1400000US36047025700,"Census Tract 257, Kings County, New York",Brooklyn,3370,494,1773,469,171,132,146,127,187,85,51,86,0,14,0,14,0,14,215,141,170,97,382,255,50,52,128,98,17,27,50,64,87,77,0,14,21,36,13,22,31,26,18,27,28,42,0,14,8,18,1597,322,45,50,185,40,73,33,138,73,0,14,0,14,0,14,149,110,290,161,137,71,115,75,0,14,98,60,147,115,13,31,96,98,19,27,0,14,54,37,7,17,31,47,0,14,0,14
1400000US36047025800,"Census Tract 258, Kings County, New York",Brooklyn,4068,835,1924,450,205,160,144,152,126,106,21,24,32,34,0,14,21,25,40,39,28,27,151,104,207,123,100,86,102,73,58,41,151,67,102,71,124,70,89,140,75,64,56,55,17,19,46,33,29,32,2144,538,131,114,181,199,140,101,39,37,33,28,25,33,10,15,31,27,224,107,221,116,103,70,104,71,121,91,166,108,95,56,76,61,125,77,28,46,51,46,116,76,40,35,84,85,0,14
1400000US36047025901,"Census Tract 259.01, Kings County, New York",Brooklyn,2217,326,1206,250,45,29,97,55,84,90,32,32,43,42,29,40,0,14,119,112,176,100,180,91,79,57,152,91,27,25,44,54,34,19,20,24,11,16,5,9,4,7,3,13,22,26,0,14,0,14,1011,161,98,49,29,30,50,39,37,43,0,14,28,46,22,32,147,84,50,37,97,34,138,79,68,48,75,73,17,17,53,32,13,19,13,26,17,18,7,10,7,11,30,43,0,14,15,19
1400000US36047025902,"Census Tract 259.02, Kings County, New York",Brooklyn,3796,749,1270,352,150,108,278,199,88,81,55,46,141,117,16,31,1,2,90,144,88,70,54,42,54,61,16,39,107,92,0,14,29,41,11,24,0,14,0,14,0,14,31,32,0,14,20,38,41,44,2526,521,40,63,200,127,451,218,73,78,0,14,38,108,50,63,49,59,147,95,127,114,84,47,359,358,183,150,192,94,111,68,91,77,68,68,0,14,50,30,43,68,55,48,96,91,19,28
1400000US36047026000,"Census Tract 260, Kings County, New York",Brooklyn,2909,599,1315,232,45,53,105,74,34,36,17,21,29,30,23,25,62,86,74,61,31,28,162,100,25,27,80,80,69,44,191,89,95,61,72,65,24,28,24,24,13,21,76,52,38,40,0,14,26,29,1594,450,68,75,102,98,108,76,69,103,15,12,44,37,0,14,32,30,107,57,102,59,47,33,62,58,215,134,143,84,111,59,0,14,70,48,49,37,19,27,37,33,31,29,92,115,71,60
1400000US36047026100,"Census Tract 261, Kings County, New York",Brooklyn,5743,706,2353,506,199,212,4,10,115,123,27,40,7,15,4,10,27,44,32,45,272,172,540,216,599,279,116,81,150,135,108,121,101,142,0,19,52,82,0,19,0,19,0,19,0,19,0,19,0,19,3390,503,199,202,1,2,62,102,122,132,201,202,0,19,45,50,84,91,937,332,397,187,359,164,65,75,186,143,130,102,72,90,309,164,104,96,5,11,11,22,35,63,5,11,50,81,11,28
1400000US36047026200,"Census Tract 262, Kings County, New York",Brooklyn,2645,512,1250,210,73,54,77,51,75,47,53,30,15,18,31,30,6,10,49,60,101,63,49,38,98,53,101,73,85,46,69,64,49,29,77,51,76,44,8,13,49,34,42,27,54,56,4,8,9,11,1395,389,178,180,47,50,100,50,16,18,25,30,4,7,13,15,92,48,58,30,49,33,51,38,57,39,80,44,237,177,163,65,29,27,62,60,18,24,12,13,52,35,1,3,29,29,22,20
1400000US36047026300,"Census Tract 263, Kings County, New York",Brooklyn,2216,342,1021,210,35,32,71,45,67,100,10,16,0,14,29,36,31,27,64,58,127,58,30,25,116,76,107,69,145,129,78,36,25,22,36,55,6,9,10,16,0,14,11,13,9,13,0,14,14,16,1195,227,66,47,16,21,34,30,53,52,4,12,69,65,35,53,113,109,164,86,39,30,80,47,108,50,74,61,75,62,46,33,46,48,38,29,3,13,29,26,44,39,18,20,26,26,15,16
1400000US36047026400,"Census Tract 264, Kings County, New York",Brooklyn,4554,755,2012,423,82,71,217,153,70,66,71,60,45,51,39,49,20,31,181,141,154,102,35,36,267,130,190,100,168,88,78,56,105,80,94,72,55,35,33,30,24,25,32,34,13,20,30,28,9,15,2542,550,258,219,289,124,245,140,67,51,46,50,33,48,8,15,44,35,121,87,157,91,206,132,369,269,187,81,147,72,107,56,19,22,53,38,45,43,50,57,42,34,14,22,23,27,12,20
1400000US36047026500,"Census Tract 265, Kings County, New York",Brooklyn,4101,504,1735,291,0,14,0,14,159,102,111,74,0,14,0,14,0,14,136,109,321,119,281,155,161,100,80,109,74,60,140,95,169,164,19,36,21,31,0,14,18,22,8,16,37,53,0,14,0,14,2366,343,127,139,164,97,78,104,0,14,31,47,24,43,116,85,88,64,227,129,314,177,202,129,142,90,188,128,121,84,214,225,25,30,37,43,59,82,132,99,36,52,0,14,9,18,32,48
1400000US36047026600,"Census Tract 266, Kings County, New York",Brooklyn,3431,469,1689,279,184,108,126,98,75,65,54,60,24,31,5,10,8,14,174,123,65,65,66,35,126,92,124,69,28,18,106,74,92,70,26,30,114,65,30,31,35,35,105,71,43,54,36,23,43,61,1742,288,173,146,182,115,126,69,0,14,0,14,0,14,45,53,101,84,103,48,70,48,124,93,115,75,107,63,50,44,178,66,10,16,46,42,95,50,66,65,22,24,69,60,11,17,49,50
1400000US36047026700,"Census Tract 267, Kings County, New York",Brooklyn,4057,571,2247,420,102,103,88,81,141,130,0,14,11,15,0,14,0,14,176,171,193,124,414,205,208,113,81,55,184,108,114,97,63,51,185,230,34,40,6,9,12,17,35,44,129,119,33,29,38,39,1810,316,39,68,18,30,38,59,81,63,4,6,29,32,0,14,62,80,298,145,151,98,135,76,258,137,129,87,159,125,52,79,13,20,70,81,6,8,17,26,98,81,32,49,30,45,91,69
1400000US36047026800,"Census Tract 268, Kings County, New York",Brooklyn,4416,692,2030,299,27,27,106,71,126,88,118,88,50,42,25,27,33,36,81,62,89,58,119,83,281,127,145,94,98,66,194,84,52,44,58,45,75,75,14,22,78,66,46,45,21,25,65,50,129,153,2386,539,140,80,127,85,228,158,123,76,24,26,0,14,0,14,50,38,111,65,130,79,151,94,148,80,137,75,290,225,234,209,24,27,30,28,53,58,11,16,158,81,113,67,83,92,21,24
1400000US36047026900,"Census Tract 269, Kings County, New York",Brooklyn,3444,672,1798,315,80,76,155,93,100,109,78,60,74,42,0,14,0,14,59,78,315,204,318,124,56,51,52,38,45,68,126,109,148,108,87,80,8,13,0,14,28,52,57,44,12,33,0,14,0,14,1646,473,124,160,74,89,93,94,13,27,0,14,0,14,29,43,55,59,188,147,246,130,142,90,110,87,131,102,84,70,0,14,44,38,39,33,30,53,101,70,101,85,12,33,0,14,30,45
1400000US36047027000,"Census Tract 270, Kings County, New York",Brooklyn,2582,497,1176,253,36,33,30,27,48,42,120,114,27,22,0,14,15,21,59,46,49,35,49,38,78,49,94,40,33,23,130,51,58,34,82,98,41,33,5,8,44,31,74,45,48,28,37,31,19,24,1406,278,69,49,143,83,132,112,70,43,17,14,9,15,6,9,55,26,63,37,50,31,84,39,147,154,118,50,71,29,48,44,61,40,52,39,27,24,33,28,46,33,45,37,15,24,45,38
1400000US36047027100,"Census Tract 271, Kings County, New York",Brooklyn,3652,545,1867,379,148,129,94,97,94,96,17,26,1,3,24,38,0,14,146,112,184,145,344,171,211,106,98,70,151,168,124,64,81,57,4,15,0,14,0,14,29,31,111,71,6,3,0,14,0,14,1785,311,136,126,33,39,180,100,0,14,0,14,26,41,0,14,195,191,263,105,259,144,100,66,155,115,25,39,143,84,18,35,15,21,27,32,0,14,86,67,55,46,37,47,18,25,14,21
1400000US36047027200,"Census Tract 272, Kings County, New York",Brooklyn,3750,533,2133,409,146,100,116,97,78,75,6,13,49,75,0,14,8,18,47,65,209,115,246,194,88,63,101,86,118,69,257,90,248,127,14,22,126,92,0,14,30,40,56,39,159,151,1,3,30,49,1617,273,30,36,148,107,129,81,50,39,0,14,13,21,23,27,15,23,137,93,172,98,94,58,34,44,96,87,152,109,148,95,49,54,11,28,0,14,26,32,103,71,64,43,38,36,85,77
1400000US36047027300,"Census Tract 273, Kings County, New York",Brooklyn,4176,894,1898,564,16,28,273,214,157,124,50,58,40,62,1,3,23,47,62,74,225,126,261,150,117,72,55,48,131,104,123,58,127,100,0,14,19,26,109,92,23,34,0,14,0,14,70,72,16,28,2278,472,200,166,94,113,56,55,129,85,0,14,0,14,58,90,0,14,274,200,293,133,114,95,124,80,107,82,146,107,146,98,0,14,0,14,164,90,155,100,112,81,0,14,62,64,44,71
1400000US36047027400,"Census Tract 274, Kings County, New York",Brooklyn,2943,569,1307,304,62,88,0,14,64,61,87,93,0,14,55,72,0,14,79,74,165,106,40,39,0,14,114,116,71,55,27,24,84,74,58,73,113,69,0,14,94,73,117,103,12,18,5,8,60,81,1636,391,59,85,128,96,21,34,9,13,39,40,39,61,0,14,8,11,101,76,20,26,97,81,14,25,96,88,87,72,202,120,80,60,77,56,78,74,92,90,11,18,5,9,240,257,133,97
1400000US36047027500,"Census Tract 275, Kings County, New York",Brooklyn,5272,1064,2733,641,166,120,76,61,80,50,136,101,90,122,0,19,0,19,20,25,128,93,587,417,217,102,142,87,84,81,214,110,281,186,43,70,203,110,66,87,79,82,98,70,0,19,23,36,0,19,2539,558,125,105,114,133,160,129,24,29,29,32,0,19,39,47,14,21,235,118,205,98,331,114,221,140,136,116,119,95,145,84,177,127,40,43,0,19,72,69,226,112,97,96,15,24,15,22
1400000US36047027600,"Census Tract 276, Kings County, New York",Brooklyn,3680,704,1543,262,197,134,113,77,74,54,6,10,33,52,17,27,22,24,48,34,79,85,78,50,205,103,83,68,61,44,75,62,81,53,97,69,29,33,1,13,49,43,73,70,60,47,62,48,0,14,2137,554,153,105,148,106,171,143,32,29,19,31,31,39,46,55,47,34,97,69,105,71,195,125,168,86,232,246,120,100,159,79,30,37,11,20,29,37,33,40,130,65,86,89,43,34,52,43
1400000US36047027700,"Census Tract 277, Kings County, New York",Brooklyn,4303,785,1909,385,81,82,184,121,295,256,20,33,38,45,74,85,14,21,77,63,280,152,246,128,88,78,85,80,19,28,66,78,116,104,24,29,59,72,73,90,36,37,15,23,19,24,0,14,0,14,2394,491,172,178,110,90,135,137,31,38,16,27,86,84,0,14,20,26,144,85,197,140,213,119,267,155,162,96,142,116,125,81,31,50,158,124,53,64,56,46,104,75,107,101,17,28,48,45
1400000US36047027800,"Census Tract 278, Kings County, New York",Brooklyn,3134,500,1525,299,6,15,103,75,146,82,0,14,0,14,0,14,5,11,49,58,119,92,199,204,69,52,109,62,93,69,121,85,78,72,79,81,42,51,132,96,41,67,43,38,67,67,0,14,24,35,1609,344,84,108,47,52,225,121,79,63,38,54,6,13,5,8,71,59,84,59,104,79,44,39,136,73,66,74,57,44,64,70,32,38,54,52,54,70,125,67,50,47,61,62,29,33,94,82
1400000US36047027900,"Census Tract 279, Kings County, New York",Brooklyn,4266,629,2031,331,152,143,82,92,196,162,101,81,5,14,0,14,0,14,91,73,89,71,300,138,101,72,110,96,201,120,146,121,150,110,87,76,64,67,38,40,0,14,65,63,27,33,26,39,0,14,2235,431,60,68,108,80,25,43,99,84,19,36,97,165,0,14,163,160,267,131,332,141,69,66,172,108,291,157,69,81,127,99,46,43,55,48,58,94,64,51,30,34,56,48,20,32,8,12
1400000US36047028000,"Census Tract 280, Kings County, New York",Brooklyn,1708,376,852,255,16,24,49,31,15,17,44,33,7,12,0,14,4,7,25,24,22,18,30,23,155,144,22,18,54,41,69,46,104,62,75,69,26,23,13,13,39,30,52,35,23,21,4,7,4,7,856,184,54,52,26,23,58,28,92,58,16,24,5,7,8,10,16,24,57,37,26,18,34,30,38,22,47,32,79,50,77,34,6,9,23,15,64,39,57,36,25,19,10,13,11,12,27,21
1400000US36047028100,"Census Tract 281, Kings County, New York",Brooklyn,5240,960,2043,445,118,90,133,117,128,96,56,52,80,81,50,48,108,102,86,72,192,100,319,141,106,88,149,97,88,62,156,132,78,87,95,72,6,9,36,58,11,17,48,41,0,19,0,19,0,19,3197,816,438,416,186,108,122,102,34,49,88,80,0,19,33,45,380,275,391,207,125,64,206,103,78,56,157,97,257,128,228,130,59,60,79,54,56,67,110,91,38,60,4,7,128,122,0,19
1400000US36047028200,"Census Tract 282, Kings County, New York",Brooklyn,3239,531,1742,327,199,179,53,38,99,63,45,30,43,35,0,14,0,14,51,57,71,65,158,100,48,56,246,100,155,90,72,51,68,36,38,38,52,40,15,18,138,173,65,49,20,20,89,83,17,17,1497,301,118,95,101,68,73,74,43,44,16,21,5,8,5,8,43,56,134,104,105,63,54,48,138,73,83,44,121,72,32,37,0,14,49,32,14,16,73,73,59,37,63,48,33,50,135,166
1400000US36047028300,"Census Tract 283, Kings County, New York",Brooklyn,3976,635,1722,421,12,37,111,111,128,83,192,97,65,37,4,15,0,14,112,77,112,100,131,89,157,122,188,110,44,64,52,51,144,126,27,43,91,82,34,40,15,26,30,33,73,78,0,14,0,14,2254,421,23,35,102,73,142,189,8,13,8,13,0,14,24,35,112,94,347,157,334,131,166,118,75,88,64,52,137,110,222,88,93,75,40,42,96,73,12,21,186,187,20,32,43,45,0,14
1400000US36047028400,"Census Tract 284, Kings County, New York",Brooklyn,3675,573,1749,309,122,75,0,14,151,94,46,43,85,66,17,27,38,47,56,85,163,105,98,58,107,91,233,144,198,127,63,44,98,61,64,73,55,46,23,25,40,36,6,10,40,49,17,21,29,47,1926,405,71,54,81,75,245,185,75,66,35,40,11,18,11,17,21,35,16,16,211,155,84,56,158,87,148,109,125,84,85,62,48,37,53,43,28,44,83,73,13,20,118,112,59,58,147,138
1400000US36047028501,"Census Tract 285.01, Kings County, New York",Brooklyn,589,151,321,101,0,14,0,14,8,11,0,14,0,14,0,14,0,14,51,51,11,15,103,74,23,18,17,17,10,14,15,16,7,10,0,14,39,51,0,14,13,26,16,22,0,14,8,15,0,14,268,116,0,14,0,14,0,14,14,22,0,14,0,14,0,14,101,104,31,23,29,22,36,35,6,9,43,36,0,14,0,14,0,14,8,14,0,14,0,14,0,14,0,14,0,14,0,14
1400000US36047028502,"Census Tract 285.02, Kings County, New York",Brooklyn,3144,684,1504,434,200,216,148,109,97,106,25,43,66,64,0,14,0,14,28,49,114,134,106,90,104,81,78,70,24,42,51,55,98,116,41,40,0,14,124,111,23,39,76,116,8,15,15,25,78,81,1640,332,237,127,147,120,0,14,24,52,55,65,0,14,0,14,26,42,128,105,45,40,24,44,94,59,31,49,48,64,244,81,54,58,109,110,15,25,119,168,16,26,57,67,36,37,131,95
1400000US36047028600,"Census Tract 286, Kings County, New York",Brooklyn,5092,1063,2288,635,135,117,396,189,518,456,46,62,14,23,15,26,1,12,16,29,34,39,76,77,220,156,94,91,57,58,239,134,100,84,13,23,53,50,43,71,17,28,16,29,8,13,68,80,109,78,2804,593,306,202,377,257,209,155,48,69,0,19,0,19,0,19,127,109,157,87,199,128,221,128,337,162,192,203,77,75,64,68,45,38,16,26,0,19,86,83,141,189,74,79,53,85,75,67
1400000US36047028700,"Census Tract 287, Kings County, New York",Brooklyn,3398,681,1711,445,154,156,0,14,174,167,67,67,0,14,79,79,24,43,129,98,243,156,265,166,50,48,100,73,135,78,120,93,76,54,17,33,23,36,0,14,0,14,4,10,8,20,26,35,17,27,1687,404,230,190,0,14,23,41,17,27,18,31,0,14,0,14,86,81,258,132,333,192,34,36,149,118,185,85,132,142,120,93,0,14,0,14,0,14,46,72,19,37,24,29,0,14,13,17
1400000US36047028800,"Census Tract 288, Kings County, New York",Brooklyn,3578,1057,1871,501,71,72,263,201,112,88,32,37,14,27,33,43,18,21,10,22,47,47,184,92,276,162,84,61,58,40,131,92,35,42,114,140,164,94,22,25,64,51,75,47,19,24,27,37,18,27,1707,632,208,146,36,57,59,78,0,14,0,14,11,24,14,21,12,20,247,192,100,62,108,91,70,36,60,46,71,46,35,44,182,139,64,44,207,195,29,26,54,46,78,56,28,38,34,45
1400000US36047028900,"Census Tract 289, Kings County, New York",Brooklyn,4147,787,1739,362,129,119,48,75,61,58,20,28,45,70,60,59,55,55,162,141,141,92,208,114,336,232,67,70,42,56,43,66,95,81,35,45,19,30,50,54,13,23,52,40,5,22,14,21,39,54,2408,587,88,108,231,252,20,36,86,90,35,44,0,14,17,33,205,137,311,111,296,141,413,227,61,52,129,110,35,40,81,59,7,24,89,57,0,14,41,41,47,49,146,172,30,47,40,52
1400000US36047029000,"Census Tract 290, Kings County, New York",Brooklyn,3710,509,1704,305,95,40,185,82,149,93,38,22,157,90,23,10,0,14,86,44,32,40,75,70,136,62,114,78,81,55,142,58,62,61,8,14,40,40,14,21,54,55,65,36,15,19,96,120,37,44,2006,307,65,91,74,68,156,86,27,29,100,66,0,14,0,14,34,35,80,80,30,26,181,81,98,56,185,146,159,72,53,45,119,85,47,34,15,18,46,44,231,130,46,40,130,102,130,81
1400000US36047029100,"Census Tract 291, Kings County, New York",Brooklyn,3461,501,1625,373,180,179,34,55,51,72,136,118,0,14,0,14,4,8,11,16,194,111,296,167,186,111,79,76,86,78,111,105,0,14,0,14,101,103,0,14,65,75,57,68,0,14,34,55,0,14,1836,363,140,96,7,13,43,72,0,14,0,14,98,125,18,30,3,16,135,103,441,228,173,153,48,59,222,158,146,135,48,71,9,15,61,48,0,14,170,117,26,30,0,14,7,12,41,64
1400000US36047029200,"Census Tract 292, Kings County, New York",Brooklyn,2501,310,1256,199,26,18,17,35,173,95,69,25,15,11,18,22,4,19,66,40,98,56,94,72,50,33,33,47,36,44,69,50,222,88,55,65,41,49,48,46,0,14,62,36,9,13,14,19,37,54,1245,188,21,33,0,14,19,22,72,53,17,22,0,14,23,14,64,41,30,36,107,48,42,39,78,53,52,43,109,47,193,119,58,51,76,55,33,36,71,77,42,32,17,18,40,36,81,66
1400000US36047029300,"Census Tract 293, Kings County, New York",Brooklyn,3181,500,1496,365,37,59,0,14,43,40,326,185,0,14,0,14,67,63,45,46,142,92,77,64,191,150,119,98,130,119,34,37,40,49,15,24,0,14,46,71,39,42,45,54,21,41,79,69,0,14,1685,272,0,14,86,68,50,44,161,174,112,47,0,14,0,14,0,14,74,73,182,169,18,24,222,108,226,85,22,27,95,74,18,27,61,45,0,14,86,81,70,79,84,53,97,67,21,33
1400000US36047029400,"Census Tract 294, Kings County, New York",Brooklyn,2072,387,1110,277,71,94,54,68,25,25,8,14,0,14,6,12,0,14,23,30,64,47,34,28,64,40,144,103,55,39,52,38,108,99,43,36,39,55,40,42,61,45,79,48,63,44,23,26,54,41,962,175,18,27,43,45,44,40,35,35,0,14,0,14,0,14,2,7,102,63,55,34,25,24,78,59,74,30,34,36,25,25,38,34,71,32,17,6,11,17,64,39,50,31,26,33,150,60
1400000US36047029500,"Census Tract 295, Kings County, New York",Brooklyn,4043,821,1728,305,104,63,86,130,137,220,37,51,0,14,0,14,10,16,40,51,71,82,221,78,205,91,96,77,90,72,219,109,77,52,0,14,78,79,25,40,13,30,108,90,111,92,0,14,0,14,2315,592,105,65,199,247,76,49,0,14,0,14,0,14,20,29,124,104,272,201,361,176,232,227,150,100,115,71,232,141,89,78,39,54,25,21,37,40,11,17,88,83,76,113,24,26,40,47
1400000US36047029600,"Census Tract 296, Kings County, New York",Brooklyn,6463,1069,2775,640,244,236,127,120,256,158,183,152,103,69,0,19,24,37,77,93,89,73,161,154,296,174,125,70,238,173,62,50,213,163,92,64,94,73,79,76,85,77,172,135,55,60,0,19,0,19,3688,575,184,144,277,154,206,159,300,192,119,89,0,19,88,113,52,46,65,50,197,130,353,175,195,143,253,187,244,171,173,107,261,212,134,102,37,42,295,193,60,52,86,103,0,19,109,116
1400000US36047029700,"Census Tract 297, Kings County, New York",Brooklyn,4004,594,1849,363,142,125,120,84,169,125,43,53,0,14,0,14,0,14,48,44,139,106,223,106,44,37,158,84,164,83,182,114,135,106,16,25,55,56,0,14,62,58,70,63,0,14,22,32,57,75,2155,374,108,87,15,23,266,145,148,104,19,36,0,14,0,14,75,64,192,87,109,67,243,142,133,55,137,85,30,38,183,108,56,39,69,90,0,14,36,35,134,97,76,71,19,32,107,125
1400000US36047029800,"Census Tract 298, Kings County, New York",Brooklyn,3877,759,1844,466,113,87,188,126,124,75,126,181,26,31,0,14,60,102,111,88,123,93,43,52,129,67,50,48,187,94,100,60,146,70,25,23,79,65,28,27,46,37,56,48,20,25,48,39,16,26,2033,422,114,89,91,62,121,75,132,106,60,58,0,14,180,225,52,56,151,91,81,62,211,92,151,80,76,50,84,45,132,84,30,25,24,20,54,31,13,18,111,68,120,71,45,37,0,14
1400000US36047029900,"Census Tract 299, Kings County, New York",Brooklyn,3328,614,1465,247,73,58,158,135,165,79,103,53,6,13,12,28,60,66,51,49,172,135,37,36,56,41,120,91,102,81,39,39,90,102,13,16,56,54,2,5,0,14,61,51,54,49,12,13,23,32,1863,446,69,63,87,67,33,39,51,47,52,59,76,77,0,14,109,66,293,222,64,62,132,72,188,66,164,85,180,177,24,24,24,32,63,48,17,16,40,43,86,52,55,50,13,23,43,23
1400000US36047030000,"Census Tract 300, Kings County, New York",Brooklyn,4165,775,1904,405,21,27,83,70,120,91,96,70,87,81,0,14,74,69,155,127,185,102,79,62,122,93,132,78,188,102,66,42,140,110,16,18,80,55,9,14,127,94,32,32,92,76,0,14,0,14,2261,438,134,122,157,97,205,141,57,48,25,23,37,48,0,14,119,100,288,182,62,58,153,118,219,126,98,73,232,112,108,62,0,14,43,46,21,25,100,73,92,62,70,44,0,14,41,41
1400000US36047030100,"Census Tract 301, Kings County, New York",Brooklyn,3171,792,1547,502,61,63,36,56,33,37,93,101,101,66,0,14,0,14,50,68,384,340,160,97,43,65,47,40,106,77,90,100,68,86,20,23,103,133,0,14,78,66,58,62,16,22,0,14,0,14,1624,448,197,140,72,80,151,144,100,98,22,35,0,14,0,14,0,14,138,119,298,173,131,83,43,39,152,70,111,91,47,43,26,43,0,14,14,22,0,14,58,48,38,46,0,14,26,43
1400000US36047030200,"Census Tract 302, Kings County, New York",Brooklyn,3850,680,1974,366,45,42,110,54,140,74,94,53,60,51,15,19,0,14,16,17,156,82,188,184,115,55,88,56,184,82,66,37,219,103,46,48,52,25,100,63,102,59,32,33,58,47,56,47,32,43,1876,375,49,33,56,57,78,74,54,45,23,30,11,19,15,17,74,42,130,71,27,22,131,51,94,86,174,78,191,60,122,54,144,192,127,50,13,17,51,46,158,168,60,51,33,36,61,60
1400000US36047030300,"Census Tract 303, Kings County, New York",Brooklyn,5477,535,2265,453,128,110,73,81,146,109,1,8,110,94,0,19,0,19,202,153,158,114,209,137,144,143,18,26,20,29,166,108,269,133,32,48,158,112,148,183,94,112,134,108,55,58,0,19,0,19,3212,401,194,184,263,110,138,86,82,89,54,46,0,19,73,54,76,74,395,308,307,155,220,114,156,96,94,74,163,106,138,89,47,53,136,112,94,93,171,142,187,168,86,69,77,87,61,73
1400000US36047030400,"Census Tract 304, Kings County, New York",Brooklyn,4525,541,2493,377,153,89,205,121,326,76,13,15,137,99,37,50,6,11,25,28,112,79,177,139,109,81,196,129,99,79,231,131,47,39,68,62,38,32,13,19,77,94,111,73,68,57,197,122,48,40,2032,278,123,116,46,34,26,24,0,14,27,40,21,26,1,3,77,80,148,72,216,103,19,21,97,136,288,147,118,74,79,49,41,51,12,15,129,138,28,24,140,71,40,44,251,129,105,86
1400000US36047030500,"Census Tract 305, Kings County, New York",Brooklyn,6968,669,3329,409,307,175,70,67,147,122,62,84,8,12,0,19,0,19,0,19,276,123,709,302,433,171,334,136,271,183,118,88,118,106,54,65,76,116,77,76,31,32,129,119,75,68,20,18,14,23,3639,448,271,196,168,103,165,140,95,81,0,19,0,19,0,19,134,144,542,135,528,159,376,170,155,91,358,273,190,128,267,193,74,96,7,15,18,30,52,63,75,72,96,115,22,24,46,54
1400000US36047030600,"Census Tract 306, Kings County, New York",Brooklyn,1903,346,967,183,16,19,31,38,76,62,17,21,0,14,19,23,18,16,46,44,40,35,73,47,47,26,46,39,30,25,108,69,136,84,4,6,54,52,57,51,17,17,37,28,26,29,60,44,9,10,936,205,12,13,27,24,28,29,31,26,17,15,1,6,22,34,90,66,82,63,29,19,18,12,47,36,87,50,56,36,109,51,34,43,39,36,28,18,66,49,51,34,30,34,24,25,8,12
1400000US36047030700,"Census Tract 307, Kings County, New York",Brooklyn,6299,1115,2335,497,253,227,169,164,45,53,165,106,17,30,0,19,0,19,78,99,164,85,87,129,65,71,104,95,238,217,180,269,129,119,62,99,109,113,181,165,93,111,99,120,76,71,6,22,15,24,3964,890,315,296,176,164,153,112,526,314,0,19,37,16,73,116,105,93,218,184,56,62,244,70,423,315,127,124,369,169,561,465,48,57,151,145,43,49,0,19,151,155,46,51,115,98,27,44
1400000US36047030800,"Census Tract 308, Kings County, New York",Brooklyn,1792,343,749,166,12,21,33,28,48,30,11,13,25,26,5,8,8,10,18,15,28,25,43,30,40,33,65,41,4,6,16,14,120,100,21,23,36,37,69,61,16,15,42,28,25,24,28,32,36,21,1043,210,41,37,40,34,33,28,21,24,18,19,12,19,21,21,61,86,29,21,53,40,43,33,56,27,24,27,94,89,87,65,30,34,71,53,22,18,52,42,65,30,58,38,103,64,9,13
1400000US36047030900,"Census Tract 309, Kings County, New York",Brooklyn,2279,515,1096,292,125,123,32,36,74,59,58,72,0,14,0,14,0,14,42,40,246,126,135,101,118,107,87,74,10,16,31,31,22,22,81,69,0,14,8,12,7,13,0,14,10,16,10,14,0,14,1183,279,48,38,96,97,130,96,35,37,25,25,4,7,0,14,51,53,71,59,176,121,68,47,40,32,97,60,53,40,104,75,18,31,20,32,0,14,24,26,30,26,22,24,15,19,56,36
1400000US36047031100,"Census Tract 311, Kings County, New York",Brooklyn,3534,730,1617,494,240,180,180,131,48,24,48,58,43,54,0,14,0,14,95,142,91,67,224,132,126,92,111,85,52,21,177,89,83,77,0,14,35,53,18,25,20,24,4,9,2,8,18,29,2,5,1917,368,0,14,91,101,179,82,28,17,59,64,20,27,31,34,84,75,167,102,217,121,236,121,267,142,117,87,153,83,124,85,0,14,31,32,30,34,26,31,20,27,37,41,0,14,0,14
1400000US36047031300,"Census Tract 313, Kings County, New York",Brooklyn,4415,808,2286,612,67,71,80,69,106,118,0,14,24,39,27,47,17,27,20,47,160,98,285,152,604,505,219,125,174,93,46,47,141,132,27,36,0,14,18,28,62,60,43,52,75,83,67,104,24,40,2129,548,26,42,33,48,31,51,25,40,34,50,0,14,0,14,0,14,244,161,204,117,116,86,156,111,108,100,160,140,388,218,0,14,21,28,0,14,30,39,356,304,57,57,84,69,56,65
1400000US36047031401,"Census Tract 314.01, Kings County, New York",Brooklyn,4912,991,2344,503,66,49,76,72,47,66,112,124,24,40,29,34,34,48,1,2,324,225,225,125,182,153,86,74,189,118,145,79,145,137,89,84,55,54,113,81,8,10,172,117,189,158,33,51,0,14,2568,657,103,93,130,111,107,142,55,55,40,60,40,48,0,14,101,148,106,110,263,116,123,77,112,97,231,176,117,81,162,93,81,67,168,164,50,50,12,19,237,165,107,77,76,79,147,105
1400000US36047031402,"Census Tract 314.02, Kings County, New York",Brooklyn,0,14,0,14,0,14,0,14,0,14,0,14,0,14,0,14,0,14,0,14,0,14,0,14,0,14,0,14,0,14,0,14,0,14,0,14,0,14,0,14,0,14,0,14,0,14,0,14,0,14,0,14,0,14,0,14,0,14,0,14,0,14,0,14,0,14,0,14,0,14,0,14,0,14,0,14,0,14,0,14,0,14,0,14,0,14,0,14,0,14,0,14,0,14,0,14,0,14
1400000US36047031500,"Census Tract 315, Kings County, New York",Brooklyn,5179,816,2256,495,63,102,79,77,119,118,21,31,0,19,20,35,0,19,67,110,369,166,443,175,516,180,76,77,58,75,124,117,63,69,42,53,13,29,0,19,68,72,0,19,33,57,0,19,82,89,2923,618,190,119,59,68,134,164,63,82,18,28,0,19,0,19,0,19,933,410,666,251,288,137,21,47,104,92,56,55,135,89,25,41,42,45,0,19,0,19,53,77,88,69,23,37,25,35
1400000US36047031701,"Census Tract 317.01, Kings County, New York",Brooklyn,4300,808,2056,492,52,42,85,58,127,192,7,13,106,148,0,14,36,64,0,14,333,191,326,206,202,132,262,212,56,62,54,60,127,129,47,69,27,30,8,13,44,53,61,58,96,102,0,14,0,14,2244,415,38,58,23,25,0,14,14,21,10,16,0,14,0,14,131,88,426,181,389,171,185,121,209,221,68,62,105,88,138,98,133,118,69,54,25,28,49,39,63,63,70,88,0,14,99,112
1400000US36047031702,"Census Tract 317.02, Kings County, New York",Brooklyn,3622,723,1507,455,0,14,218,232,125,116,87,85,0,14,0,14,0,14,24,31,96,66,373,132,127,61,36,32,74,75,70,55,72,67,0,14,33,33,52,55,0,14,42,42,0,14,26,40,52,80,2115,556,114,136,67,29,10,21,18,30,12,20,0,14,0,14,33,33,302,123,329,102,246,80,151,78,90,90,44,51,74,56,0,14,412,408,25,28,15,24,58,43,14,22,0,14,101,85
1400000US36047031900,"Census Tract 319, Kings County, New York",Brooklyn,3412,646,1559,294,82,109,113,120,101,75,53,55,0,14,39,45,29,46,41,43,227,141,41,47,210,139,76,80,72,62,89,107,45,46,0,14,111,110,6,10,164,114,34,36,0,14,26,33,0,14,1853,446,223,100,143,149,112,122,5,9,0,14,19,28,0,14,117,117,78,66,83,91,215,169,91,100,59,76,91,69,81,87,83,93,21,32,65,90,40,41,126,82,48,49,134,114,19,30
1400000US36047032100,"Census Tract 321, Kings County, New York",Brooklyn,4995,752,2447,480,89,115,12,21,32,49,31,48,34,53,0,14,0,14,114,114,413,257,609,297,238,171,236,131,293,185,44,65,58,62,0,14,178,140,0,14,0,14,66,61,0,14,0,14,0,14,2548,456,155,193,83,94,24,36,1,3,1,3,21,31,0,14,70,108,377,181,402,177,242,148,203,139,10,24,46,59,256,169,106,106,89,57,111,123,56,70,178,229,29,47,88,84,0,14
1400000US36047032300,"Census Tract 323, Kings County, New York",Brooklyn,3589,840,1731,553,45,41,104,163,152,181,74,53,32,37,9,16,0,14,82,68,143,96,121,100,198,137,159,96,161,159,102,65,0,14,16,23,25,29,64,64,48,49,14,23,81,70,63,70,38,43,1858,377,28,44,116,63,0,14,43,65,0,14,0,14,48,76,67,78,278,157,160,116,104,52,248,198,37,48,93,56,64,49,67,54,111,72,74,66,60,54,50,34,90,75,65,63,55,48
1400000US36047032500,"Census Tract 325, Kings County, New York",Brooklyn,7964,985,3754,826,357,153,136,151,444,383,0,19,32,53,282,222,0,19,0,19,501,234,324,197,136,122,406,289,235,132,72,83,208,180,230,184,0,19,17,33,97,95,35,58,66,81,96,96,80,129,4210,964,273,156,297,290,205,232,91,102,0,19,162,201,0,19,478,390,655,374,172,117,74,75,128,75,190,249,453,283,304,176,46,49,0,19,0,19,127,93,91,84,159,177,305,249,0,19
1400000US36047032600,"Census Tract 326, Kings County, New York",Brooklyn,10531,2308,4494,1136,243,222,483,291,506,303,366,219,233,187,132,156,124,155,301,169,153,147,226,176,110,112,94,83,212,175,278,185,190,164,130,132,367,501,118,101,124,148,46,53,30,49,0,21,28,44,6037,1613,522,387,506,404,805,374,676,332,96,111,0,21,280,225,0,21,411,223,478,250,226,171,180,173,388,204,367,203,415,281,16,27,259,189,227,188,71,68,57,58,29,47,5,8,23,37
1400000US36047032700,"Census Tract 327, Kings County, New York",Brooklyn,2980,608,1329,345,106,144,125,141,14,22,15,24,0,14,0,14,0,14,0,14,21,32,257,102,181,149,200,141,48,58,84,132,53,51,4,9,28,39,65,69,33,38,95,91,0,14,0,14,0,14,1651,343,209,108,61,78,32,58,44,70,39,45,30,47,0,14,32,50,130,115,292,99,120,89,78,91,145,139,29,45,0,14,0,14,133,88,50,54,0,14,42,67,71,65,53,63,61,66
1400000US36047032800,"Census Tract 328, Kings County, New York",Brooklyn,2921,433,1351,258,142,128,81,59,103,72,0,14,21,25,63,68,9,16,59,45,89,68,61,48,39,38,68,71,48,59,54,41,65,50,55,38,53,41,20,26,156,150,75,46,44,39,18,25,28,33,1570,302,42,39,99,110,17,25,27,34,40,48,13,17,15,19,13,16,95,100,96,107,79,55,121,62,113,75,145,70,86,80,18,23,69,51,111,88,185,175,67,48,31,33,12,14,76,75
1400000US36047032900,"Census Tract 329, Kings County, New York",Brooklyn,5411,1531,2262,610,272,158,0,19,292,238,173,176,83,87,0,19,0,19,103,130,89,71,150,82,191,136,168,112,99,95,212,191,91,95,12,26,235,242,0,19,39,50,0,19,25,41,28,47,0,19,3149,1116,278,149,171,103,0,19,0,19,38,41,0,19,159,233,227,262,434,322,255,149,318,185,118,102,0,19,68,63,435,254,82,79,26,41,0,19,207,110,117,111,75,77,82,102,59,72
1400000US36047033000,"Census Tract 330, Kings County, New York",Brooklyn,4721,658,2270,542,37,46,69,56,382,238,168,105,139,105,55,69,96,85,115,73,112,115,73,114,151,186,92,92,76,86,76,76,193,123,22,25,62,52,102,155,160,145,36,37,0,14,54,67,0,14,2451,358,85,84,85,92,266,146,144,100,73,50,0,14,33,53,41,34,103,67,38,35,78,76,130,97,285,134,150,84,167,103,34,32,115,107,194,142,14,22,125,66,143,104,94,85,54,57
1400000US36047033100,"Census Tract 331, Kings County, New York",Brooklyn,3822,665,1966,518,168,115,238,132,96,71,43,61,186,220,0,14,0,14,150,84,101,64,99,70,81,67,30,31,120,96,154,242,66,92,29,38,57,50,155,121,90,60,54,48,0,14,18,29,31,37,1856,317,54,43,62,66,51,45,90,99,48,56,67,64,23,37,171,87,170,105,158,105,130,109,63,55,20,34,46,46,102,72,96,101,107,88,48,53,135,94,110,87,17,28,72,79,16,25
1400000US36047033300,"Census Tract 333, Kings County, New York",Brooklyn,4519,1039,2445,648,344,291,242,215,165,125,220,162,87,67,0,14,47,54,121,82,180,96,247,141,39,52,129,133,76,85,76,65,132,94,0,14,0,14,0,14,69,78,189,110,8,13,61,67,13,21,2074,454,173,95,137,92,148,113,155,165,86,73,2,21,79,99,35,41,243,159,81,70,120,99,35,30,98,83,270,156,42,52,55,67,54,57,15,23,43,41,132,75,62,68,0,14,9,15
1400000US36047033500,"Census Tract 335, Kings County, New York",Brooklyn,3743,556,1641,305,77,53,110,74,108,36,57,45,125,111,120,102,65,54,70,52,163,78,101,130,164,99,67,34,76,39,36,44,127,56,11,14,0,14,29,36,15,19,40,34,39,40,10,14,31,30,2102,412,154,75,123,69,149,84,69,48,236,224,91,107,77,65,118,66,167,81,115,61,63,33,43,37,5,7,154,68,73,60,83,57,15,20,0,14,33,28,93,77,48,47,18,25,175,122
1400000US36047033600,"Census Tract 336, Kings County, New York",Brooklyn,4762,724,2267,422,122,98,160,168,137,118,86,52,35,34,32,38,0,14,86,125,63,76,60,80,61,56,118,83,204,113,159,120,63,53,166,128,237,118,52,65,34,33,143,99,128,82,33,41,88,100,2495,431,25,38,369,161,222,120,132,156,0,14,45,59,0,14,59,55,73,69,210,147,94,67,181,95,41,68,202,122,123,74,0,14,106,81,41,40,152,113,151,74,110,104,66,65,93,96
1400000US36047033701,"Census Tract 337.01, Kings County, New York",Brooklyn,2742,664,1158,310,85,67,22,37,169,123,31,40,105,84,33,45,8,14,36,33,155,73,35,35,10,16,65,63,42,37,44,46,64,54,0,14,17,24,29,26,38,44,28,41,0,14,62,53,80,91,1584,409,135,82,22,33,72,77,92,106,25,25,33,42,67,74,70,47,147,110,158,112,45,38,108,68,118,90,50,46,96,63,82,107,10,17,20,28,26,40,25,29,117,92,0,14,66,59
1400000US36047033702,"Census Tract 337.02, Kings County, New York",Brooklyn,1993,285,962,147,18,21,15,18,124,40,72,21,78,60,29,35,0,14,97,58,114,71,31,30,86,59,90,46,0,14,4,7,36,51,70,61,7,11,0,14,22,23,30,39,8,12,4,8,27,25,1031,198,122,105,85,70,98,29,9,13,32,25,0,14,7,11,62,50,30,37,39,33,71,69,67,47,46,43,77,50,30,31,50,39,34,48,25,28,18,23,7,12,23,22,37,47,62,56
1400000US36047033900,"Census Tract 339, Kings County, New York",Brooklyn,5012,720,1829,445,243,314,235,165,128,105,16,26,32,39,0,19,0,19,143,161,149,101,70,82,78,63,111,95,158,106,73,43,99,80,40,53,63,68,0,19,46,57,34,39,111,64,0,19,0,19,3183,536,175,132,162,144,139,114,120,125,54,77,0,19,0,19,191,115,212,162,158,87,301,196,163,81,157,117,139,90,311,211,0,19,76,53,61,72,112,100,314,168,113,78,158,109,67,68
1400000US36047034000,"Census Tract 340, Kings County, New York",Brooklyn,2172,219,1033,189,142,133,117,64,95,111,0,14,41,54,0,14,0,14,0,14,36,39,57,49,28,25,58,59,87,100,18,19,30,38,15,20,21,15,44,43,30,31,39,31,65,61,58,45,52,32,1139,151,0,14,69,68,0,14,0,14,0,14,0,14,0,14,0,14,27,42,66,59,82,86,18,30,27,38,36,39,93,81,41,39,98,59,22,19,63,57,201,116,76,44,83,35,137,58
1400000US36047034100,"Census Tract 341, Kings County, New York",Brooklyn,2564,584,1278,387,92,95,0,14,26,39,57,91,16,23,0,14,0,14,97,91,176,118,86,60,144,84,110,119,0,14,141,99,92,119,18,26,16,27,8,13,45,43,100,53,12,19,28,22,14,13,1286,276,22,41,63,100,0,14,72,70,0,14,0,14,17,28,87,126,97,68,126,76,117,85,22,28,23,34,197,148,39,32,0,14,78,75,29,39,23,36,162,87,25,25,54,45,33,40
1400000US36047034200,"Census Tract 342, Kings County, New York",Brooklyn,6667,1341,2632,840,0,19,339,243,38,69,165,134,29,44,0,19,0,19,190,303,303,269,155,170,0,19,222,141,121,191,36,33,126,117,24,31,49,58,0,19,119,160,77,83,162,134,277,187,200,196,4035,728,415,334,177,170,105,132,63,73,95,166,4,16,18,28,241,178,338,266,192,309,198,148,121,82,99,117,228,169,215,166,57,70,72,63,71,69,136,105,239,145,381,201,294,194,276,148
1400000US36047034300,"Census Tract 343, Kings County, New York",Brooklyn,4548,763,2207,570,0,14,228,113,113,122,50,72,26,44,0,14,56,62,102,110,138,126,427,224,105,96,316,211,49,68,0,14,0,14,0,14,150,174,0,14,64,72,135,118,6,1,178,272,64,102,2341,408,238,154,161,145,205,113,14,23,0,14,19,29,31,57,106,113,23,49,159,109,165,116,106,110,202,121,286,119,94,102,0,14,127,110,25,41,26,42,303,238,51,58,0,14,0,14
1400000US36047034500,"Census Tract 345, Kings County, New York",Brooklyn,2703,656,985,322,47,69,13,21,20,32,10,14,1,2,0,14,1,2,14,22,66,64,212,167,49,59,167,110,0,14,120,109,22,27,51,57,73,80,9,18,42,52,20,36,48,65,0,14,0,14,1718,427,191,169,110,128,52,70,0,14,0,14,0,14,120,104,95,118,212,119,166,127,121,89,193,146,133,106,48,44,33,42,34,53,59,39,11,18,28,40,54,64,21,35,37,32,0,14
1400000US36047034700,"Census Tract 347, Kings County, New York",Brooklyn,3728,445,1607,307,79,79,28,30,95,94,15,20,66,72,0,14,0,14,99,108,224,132,23,88,133,80,170,148,17,26,220,147,62,53,158,178,23,14,0,14,38,40,68,57,40,47,39,33,10,16,2121,407,199,155,43,51,229,153,67,66,0,14,21,30,18,29,78,83,230,154,116,89,103,100,159,94,118,108,68,80,131,76,58,46,92,79,123,65,110,142,33,40,68,95,40,37,17,21
1400000US36047034800,"Census Tract 348, Kings County, New York",Brooklyn,3011,536,1702,361,283,138,152,81,243,126,40,29,60,43,13,14,9,13,44,37,76,68,119,64,81,65,221,117,53,44,108,68,39,31,5,7,86,60,11,29,14,28,29,28,4,10,12,20,0,14,1309,250,25,40,22,20,204,126,55,35,37,39,28,34,2,6,41,33,78,101,124,57,222,90,113,59,60,39,53,38,24,30,29,38,53,29,12,21,35,36,64,58,15,22,13,19,0,14
1400000US36047034901,"Census Tract 349.01, Kings County, New York",Brooklyn,2324,418,1048,214,52,80,72,74,186,102,26,39,27,33,26,38,0,14,56,78,177,174,100,95,49,72,28,43,27,40,38,40,142,128,0,14,21,31,0,14,21,32,0,14,0,14,0,14,0,14,1276,280,139,106,65,79,0,14,99,59,0,14,0,14,0,14,0,14,121,116,73,86,21,33,127,79,363,210,24,35,58,70,0,14,0,14,17,26,0,14,21,31,131,121,17,27,0,14
1400000US36047034902,"Census Tract 349.02, Kings County, New York",Brooklyn,3396,774,1348,549,304,278,83,93,93,102,35,54,12,20,0,14,22,38,88,104,47,52,189,105,139,158,72,106,76,96,45,58,11,20,47,83,0,14,8,22,12,18,23,31,34,52,8,22,0,14,2048,589,47,72,138,127,206,167,17,40,18,38,0,14,0,14,77,89,162,116,360,149,25,32,142,144,62,67,130,112,138,101,31,37,239,281,28,29,2,14,0,14,131,78,0,14,95,90
1400000US36047035000,"Census Tract 350, Kings County, New York",Brooklyn,3169,400,1664,277,102,118,75,74,75,74,24,30,0,14,0,14,22,31,70,72,42,49,48,52,131,66,56,50,66,77,107,140,72,62,69,55,81,69,71,39,170,107,180,97,151,110,16,24,36,34,1505,214,8,15,17,37,23,27,11,19,3,7,0,14,11,19,5,10,66,55,32,33,102,76,7,13,29,34,21,28,108,76,129,93,72,51,85,53,226,131,325,146,74,76,125,93,26,32
1400000US36047035101,"Census Tract 351.01, Kings County, New York",Brooklyn,1735,482,717,218,101,93,60,42,142,123,46,33,0,14,21,3,22,30,12,18,91,105,44,32,30,31,12,18,36,33,33,44,27,40,0,14,0,14,9,17,0,14,12,18,10,17,9,15,0,14,1018,341,0,14,20,24,97,77,111,112,0,14,0,14,0,14,63,95,142,87,48,32,124,75,118,124,72,66,0,14,37,35,31,21,17,18,15,8,24,26,68,52,0,14,31,46,0,14
1400000US36047035102,"Census Tract 351.02, Kings County, New York",Brooklyn,3400,844,1495,370,191,85,107,46,183,65,52,68,51,51,0,14,9,16,35,31,68,101,120,109,180,124,66,63,171,107,47,43,12,18,8,15,25,35,0,14,120,122,0,14,21,25,27,32,2,4,1905,534,48,76,34,43,247,94,46,45,99,144,36,48,0,14,104,98,74,69,183,106,87,88,160,152,180,107,14,25,75,56,40,43,162,88,117,75,41,37,49,43,23,35,56,77,30,31
1400000US36047035200,"Census Tract 352, Kings County, New York",Brooklyn,1529,198,553,132,0,14,5,8,5,8,0,14,0,14,0,14,5,8,0,14,0,14,0,14,96,93,0,14,0,14,35,42,12,15,21,23,71,51,6,11,44,41,106,72,19,14,59,40,69,42,976,200,0,14,116,7,6,9,0,14,0,14,0,14,14,32,0,14,57,66,114,8,23,38,0,14,20,29,58,31,44,51,15,28,26,32,12,24,20,17,62,45,80,44,196,163,113,48
1400000US36047035301,"Census Tract 353.01, Kings County, New York",Brooklyn,2483,599,1269,355,89,112,36,53,11,19,22,28,0,14,0,14,0,14,66,64,365,217,176,126,60,65,140,112,4,8,16,26,115,74,30,48,77,86,12,25,6,13,44,64,0,14,0,14,0,14,1214,359,0,14,43,64,0,14,0,14,3,4,34,57,71,109,84,92,130,95,271,121,59,60,129,188,42,42,93,68,37,48,123,82,17,28,0,14,50,59,19,36,9,14,0,14,0,14
1400000US36047035302,"Census Tract 353.02, Kings County, New York",Brooklyn,3064,511,1627,359,130,70,195,150,23,23,142,56,27,37,41,41,24,32,90,64,70,63,300,180,68,49,8,12,31,40,66,73,66,47,45,53,71,42,51,45,58,62,61,40,11,18,20,23,29,26,1437,239,57,63,23,25,121,86,40,39,1,2,0,14,0,14,108,65,76,48,179,122,115,77,98,53,93,64,13,15,49,51,77,56,43,35,56,34,100,95,59,39,44,40,45,35,40,35
1400000US36047035400,"Census Tract 354, Kings County, New York",Brooklyn,6075,805,3001,492,238,174,225,137,113,105,0,19,40,49,0,19,27,41,29,47,88,142,74,83,235,72,27,34,147,96,355,138,198,190,85,82,62,61,48,57,233,134,161,110,259,162,82,64,275,225,3074,504,191,163,38,61,115,114,87,79,51,63,0,19,59,72,0,19,25,38,111,73,179,144,107,105,170,129,94,93,246,175,275,148,140,106,148,150,61,56,416,164,221,139,150,103,190,119
1400000US36047035500,"Census Tract 355, Kings County, New York",Brooklyn,5046,711,2123,455,118,100,142,158,137,160,74,63,0,19,0,19,0,19,48,59,179,101,80,79,134,86,99,86,61,89,158,146,242,173,103,115,107,116,66,69,143,144,73,89,138,126,21,34,0,19,2923,490,191,136,142,105,35,39,172,125,79,82,0,19,70,110,57,61,38,50,190,125,132,107,154,95,249,188,286,154,279,190,128,98,78,77,121,103,237,162,142,123,81,71,16,26,46,67
1400000US36047035601,"Census Tract 356.01, Kings County, New York",Brooklyn,2326,299,952,170,38,38,8,31,61,67,0,14,5,9,0,14,0,14,0,14,12,20,45,40,78,72,25,23,74,65,34,35,55,42,13,21,28,29,99,87,29,27,59,41,197,92,59,51,33,37,1374,257,29,33,24,28,15,24,0,14,43,48,0,14,0,14,49,53,33,31,42,32,37,35,0,14,85,69,49,61,96,79,24,29,41,39,35,29,105,84,343,124,118,103,87,68,119,93
1400000US36047035602,"Census Tract 356.02, Kings County, New York",Brooklyn,6581,830,3242,605,223,149,174,119,133,82,79,84,49,71,0,19,11,20,51,48,249,142,170,128,167,149,254,168,374,193,136,114,202,188,29,53,44,41,93,106,13,20,193,96,307,144,158,140,133,97,3339,446,37,66,105,113,73,92,82,65,0,19,0,19,26,40,78,74,147,110,48,61,266,155,144,104,242,131,203,104,128,100,95,69,105,72,113,91,236,197,306,131,393,169,337,231,175,106
1400000US36047035701,"Census Tract 357.01, Kings County, New York",Brooklyn,2398,427,956,279,48,70,85,59,185,174,19,22,23,31,17,20,30,34,35,29,112,79,42,44,86,68,58,51,58,59,16,21,44,34,0,14,11,18,33,31,54,69,0,14,0,14,0,14,0,14,1442,256,78,80,61,56,73,58,40,58,60,63,38,32,0,14,16,18,92,60,109,81,13,19,177,80,122,80,168,155,110,63,45,40,64,80,48,56,59,40,0,14,15,24,15,22,39,63
1400000US36047035702,"Census Tract 357.02, Kings County, New York",Brooklyn,0,14,0,14,0,14,0,14,0,14,0,14,0,14,0,14,0,14,0,14,0,14,0,14,0,14,0,14,0,14,0,14,0,14,0,14,0,14,0,14,0,14,0,14,0,14,0,14,0,14,0,14,0,14,0,14,0,14,0,14,0,14,0,14,0,14,0,14,0,14,0,14,0,14,0,14,0,14,0,14,0,14,0,14,0,14,0,14,0,14,0,14,0,14,0,14,0,14
1400000US36047035900,"Census Tract 359, Kings County, New York",Brooklyn,6794,1151,2914,513,208,188,184,169,466,239,51,62,40,55,0,19,112,172,159,169,273,190,168,162,180,172,248,208,141,115,25,43,148,118,89,86,210,179,72,99,20,45,102,94,11,26,0,19,7,14,3880,789,150,128,244,178,152,173,151,161,13,26,0,19,0,19,295,205,560,399,467,288,226,168,287,187,279,196,73,77,195,145,115,154,185,148,78,88,166,172,71,92,0,19,1,2,172,150
1400000US36047036001,"Census Tract 360.01, Kings County, New York",Brooklyn,2844,262,1159,161,91,94,102,82,51,50,0,14,24,38,0,14,5,8,20,30,63,46,71,77,74,50,39,33,72,60,13,20,43,50,59,46,17,20,68,45,101,61,101,57,19,22,40,30,86,56,1685,217,33,27,49,46,64,47,33,52,0,14,12,21,0,14,0,14,110,105,74,50,104,47,100,69,34,41,121,81,124,73,42,41,56,47,28,32,24,21,149,78,158,97,66,50,304,145
1400000US36047036002,"Census Tract 360.02, Kings County, New York",Brooklyn,3731,546,1203,257,18,29,0,14,20,31,18,29,16,27,0,14,1,3,22,40,22,45,45,75,82,77,92,103,55,54,64,78,82,84,29,47,81,73,97,103,17,29,200,157,0,14,17,30,225,157,2528,438,70,69,113,126,50,60,2,5,55,60,20,34,73,91,16,25,85,77,58,86,283,173,20,37,56,58,94,104,202,153,76,91,34,57,52,55,88,100,358,183,121,122,283,154,319,219
1400000US36047036100,"Census Tract 361, Kings County, New York",Brooklyn,3358,578,1298,359,33,51,0,14,195,136,95,130,0,14,28,48,14,24,121,117,131,93,21,27,85,87,141,125,93,81,100,88,47,42,7,18,27,42,51,54,50,69,59,69,0,14,0,14,0,14,2060,386,0,14,27,42,16,26,159,122,89,107,98,126,0,14,91,97,194,99,38,50,142,110,170,147,233,199,165,93,40,47,38,44,70,80,67,64,111,56,148,121,77,52,13,21,74,86
1400000US36047036200,"Census Tract 362, Kings County, New York",Brooklyn,3090,545,1508,289,43,56,85,17,66,55,37,50,16,34,1,3,12,14,66,61,112,82,74,50,96,69,226,103,134,95,150,109,64,61,86,58,57,41,69,54,39,37,39,37,26,40,10,15,0,14,1582,411,155,142,162,120,204,53,0,14,0,14,0,14,0,14,6,10,91,81,96,58,158,52,101,74,173,207,35,33,86,48,70,55,56,48,59,58,0,14,76,57,47,48,0,14,7,12
1400000US36047036300,"Census Tract 363, Kings County, New York",Brooklyn,5430,1053,2355,650,241,246,115,93,227,153,57,88,120,141,0,19,19,30,64,70,210,212,309,233,93,120,36,58,13,25,158,112,117,108,79,116,96,127,23,39,22,34,293,224,0,19,57,49,6,27,3075,654,197,158,90,87,261,181,75,87,35,60,33,56,0,19,72,114,253,211,271,191,326,178,208,159,218,136,384,203,243,186,85,114,90,73,46,66,50,54,81,85,26,43,0,19,31,33
1400000US36047036400,"Census Tract 364, Kings County, New York",Brooklyn,2288,448,1187,255,57,54,94,68,42,41,27,31,24,39,42,36,9,15,51,46,173,133,89,54,161,113,46,47,93,73,84,66,61,42,8,15,22,23,12,19,6,9,62,55,23,34,1,3,0,14,1101,332,41,39,17,16,63,55,32,39,3,5,21,26,0,14,33,35,17,18,51,39,22,21,74,39,124,78,162,127,59,40,4,6,38,45,53,31,48,49,77,58,0,14,142,148,20,25
1400000US36047036501,"Census Tract 365.01, Kings County, New York",Brooklyn,3139,657,1456,363,0,14,64,109,88,95,14,21,0,14,0,14,82,133,31,51,78,78,130,117,67,64,153,111,79,69,126,93,57,48,156,161,15,24,10,19,16,26,139,128,89,71,35,53,27,41,1683,387,0,14,163,147,65,74,173,160,14,21,0,14,27,43,30,49,17,30,181,143,87,78,30,50,48,48,148,125,311,134,19,25,15,23,15,24,59,65,98,68,78,100,65,62,40,49
1400000US36047036502,"Census Tract 365.02, Kings County, New York",Brooklyn,2389,512,1434,292,147,172,137,146,186,167,21,29,9,23,0,14,0,14,52,82,46,52,90,55,170,86,136,112,58,39,54,60,126,75,9,21,41,54,14,30,33,49,90,77,8,15,7,14,0,14,955,320,39,64,153,168,60,47,0,14,0,14,0,14,12,30,78,89,102,98,59,53,216,62,27,45,70,113,19,37,17,37,16,31,0,14,56,34,0,14,15,25,0,14,11,18,5,12
1400000US36047036600,"Census Tract 366, Kings County, New York",Brooklyn,4362,780,2291,549,100,69,47,40,212,113,32,24,48,49,33,36,64,63,344,436,82,38,72,43,182,99,165,100,152,90,158,92,83,54,64,50,72,61,46,49,61,51,130,69,47,32,36,47,61,44,2071,326,142,126,264,126,134,93,86,59,10,15,25,24,0,14,45,41,139,74,72,38,144,77,200,88,200,104,58,32,72,43,47,30,80,46,49,36,33,24,63,51,66,61,81,52,61,75
1400000US36047036700,"Census Tract 367, Kings County, New York",Brooklyn,2091,696,944,372,121,158,97,120,0,14,16,22,0,14,0,14,0,14,49,55,135,118,97,80,61,66,44,40,64,53,10,15,57,47,17,36,47,67,0,14,32,44,51,57,12,18,34,39,0,14,1147,502,0,14,17,27,67,101,57,67,13,21,0,14,0,14,101,106,259,362,134,115,68,55,32,35,64,69,102,66,30,40,49,45,53,47,56,57,0,14,9,14,36,42,0,14,0,14
1400000US36047036900,"Census Tract 369, Kings County, New York",Brooklyn,5626,1029,3167,699,311,224,123,115,0,19,20,55,0,19,0,19,0,19,643,584,356,230,168,125,395,248,138,130,63,84,236,230,352,227,0,19,95,93,41,62,162,111,27,48,0,19,37,55,0,19,2459,622,119,184,33,52,379,227,0,19,28,51,0,19,0,19,101,162,279,153,235,218,130,103,138,158,277,234,158,140,21,59,111,90,0,19,122,146,62,70,44,67,155,152,0,19,67,92
1400000US36047037000,"Census Tract 370, Kings County, New York",Brooklyn,4171,487,1933,351,95,76,132,121,35,31,38,37,45,51,23,33,27,41,94,70,173,93,95,61,102,76,75,55,85,78,155,73,194,174,25,28,97,65,54,51,91,60,130,72,98,64,52,57,18,21,2238,301,61,57,48,57,157,92,62,55,19,30,33,33,91,114,172,78,42,36,51,50,180,92,132,87,50,44,141,69,256,112,9,20,63,51,37,41,225,85,153,75,136,68,41,33,79,51
1400000US36047037100,"Census Tract 371, Kings County, New York",Brooklyn,4309,649,2072,347,68,84,210,136,12,19,111,86,96,54,0,14,62,66,117,64,178,133,191,120,203,129,164,115,65,66,221,102,267,139,0,14,67,75,0,14,40,65,0,14,0,14,0,14,0,14,2237,390,245,158,75,64,77,78,50,57,18,29,18,28,0,14,226,91,240,156,211,115,112,89,223,111,48,45,249,117,146,113,79,77,59,69,69,59,0,14,19,31,73,65,0,14,0,14
1400000US36047037300,"Census Tract 373, Kings County, New York",Brooklyn,4952,827,2127,391,87,102,170,125,69,83,29,47,3,6,16,23,0,14,124,104,319,133,240,128,190,186,152,121,67,73,69,67,98,66,35,41,31,35,0,14,108,89,103,68,92,77,125,96,0,14,2825,648,142,136,213,198,79,92,4,8,13,21,21,32,0,14,191,133,436,253,237,117,319,175,115,80,89,89,203,164,105,65,70,72,109,77,68,83,185,103,96,133,103,100,12,21,15,26
1400000US36047037401,"Census Tract 374.01, Kings County, New York",Brooklyn,4758,778,2336,420,407,224,124,72,45,46,100,79,24,28,39,35,7,11,58,62,115,67,206,93,212,158,144,76,97,55,94,73,227,95,44,43,105,84,81,45,7,11,99,63,36,35,18,21,47,46,2422,444,138,157,187,84,112,86,78,57,39,50,0,14,27,31,38,43,175,109,249,172,178,69,88,68,98,78,172,88,91,79,74,57,91,62,40,37,127,107,91,61,80,56,121,75,128,71
1400000US36047037402,"Census Tract 374.02, Kings County, New York",Brooklyn,5843,809,2733,425,134,117,146,117,232,182,190,145,16,26,7,13,0,19,102,80,72,62,186,118,212,126,120,78,80,81,156,111,216,168,0,19,232,161,60,70,70,51,164,104,104,81,17,26,217,175,3110,505,310,204,235,170,110,130,150,124,0,19,0,19,17,28,0,19,333,152,146,94,253,141,77,79,104,68,140,125,88,77,161,125,247,158,29,33,122,105,121,111,66,50,214,154,187,117
1400000US36047037500,"Census Tract 375, Kings County, New York",Brooklyn,3748,619,2122,372,21,32,429,206,46,72,2,2,16,25,0,14,0,14,134,127,405,222,263,170,131,118,247,172,14,25,184,129,33,41,80,86,0,14,17,27,0,14,76,63,12,24,12,26,0,14,1626,372,0,14,145,120,58,65,0,14,21,32,0,14,128,204,36,55,223,129,260,151,179,117,108,87,59,55,17,27,62,47,60,48,24,36,57,63,44,43,51,55,64,80,0,14,30,46
1400000US36047037700,"Census Tract 377, Kings County, New York",Brooklyn,5090,650,2350,419,62,69,102,91,260,172,153,154,0,19,72,90,0,19,70,57,229,144,431,185,64,61,245,121,220,121,77,75,69,54,27,38,108,73,20,33,54,71,54,86,16,24,0,19,17,26,2740,509,293,174,152,92,66,76,90,99,37,42,17,28,0,19,64,71,172,121,242,125,170,123,195,112,294,167,143,88,62,80,50,75,70,63,68,62,20,34,262,294,130,72,15,25,128,173
1400000US36047037900,"Census Tract 379, Kings County, New York",Brooklyn,4012,921,1832,438,204,143,71,83,0,14,103,80,91,86,15,23,21,34,53,61,105,66,250,162,97,90,79,65,23,36,246,186,123,99,73,38,44,50,22,28,62,49,25,30,69,84,20,30,36,56,2180,654,0,14,69,80,116,92,231,270,0,14,32,37,18,26,62,75,217,116,171,97,194,109,132,118,114,72,90,90,108,82,24,31,157,112,54,54,68,68,283,226,40,44,0,14,0,14
1400000US36047038100,"Census Tract 381, Kings County, New York",Brooklyn,5138,639,2344,403,30,50,33,39,73,89,65,71,78,68,59,67,0,19,45,57,278,179,241,281,265,182,117,87,239,218,214,167,172,157,82,104,137,117,120,122,75,101,0,19,0,19,0,19,21,33,2794,443,134,102,54,71,186,221,55,64,0,19,37,43,30,33,147,104,400,221,223,208,212,197,175,134,150,115,160,111,196,97,137,131,50,46,33,36,103,136,61,50,121,121,15,25,115,132
1400000US36047038200,"Census Tract 382, Kings County, New York",Brooklyn,5225,880,2476,708,249,213,295,229,285,102,220,235,22,41,19,33,124,163,86,90,92,92,95,96,145,82,45,44,62,93,41,43,35,47,11,16,91,82,79,75,143,127,105,131,124,160,50,81,58,59,2749,565,14,23,115,124,265,216,271,181,16,30,0,19,20,31,58,96,53,45,182,211,428,133,100,109,195,189,85,65,158,105,123,105,40,36,108,107,84,86,137,97,98,94,105,101,94,112
1400000US36047038300,"Census Tract 383, Kings County, New York",Brooklyn,5466,684,2834,425,298,161,17,28,82,106,191,152,117,127,50,79,0,19,0,19,324,150,253,181,237,114,133,129,87,60,231,155,272,191,96,113,33,50,0,19,78,97,162,148,67,80,106,97,0,19,2632,480,151,135,44,48,81,81,25,38,86,97,0,19,0,19,199,133,455,197,420,196,165,73,209,143,122,127,177,115,119,93,0,19,43,49,67,87,14,22,11,18,207,144,37,42,0,19
1400000US36047038500,"Census Tract 385, Kings County, New York",Brooklyn,3823,961,1793,656,121,119,57,55,0,14,47,55,17,27,0,14,0,14,85,72,408,447,133,89,272,117,151,109,72,76,48,48,21,29,0,14,112,116,57,62,141,112,33,53,16,25,0,14,2,4,2030,416,0,14,39,63,97,78,36,43,0,14,0,14,20,31,237,186,322,146,147,95,275,130,107,74,77,75,99,80,91,66,28,26,81,78,0,14,55,87,175,210,17,30,62,52,65,56
1400000US36047038600,"Census Tract 386, Kings County, New York",Brooklyn,3042,711,1480,376,39,41,130,89,90,70,12,21,34,44,23,30,0,14,38,37,213,196,102,103,46,43,60,56,125,75,128,124,98,49,22,21,29,24,29,46,88,74,100,74,0,14,29,29,45,55,1562,550,55,53,70,68,30,35,17,20,25,28,30,40,30,35,121,147,283,236,91,60,23,23,54,48,125,85,48,35,139,157,72,52,50,37,20,21,72,56,96,66,0,14,82,63,29,25
1400000US36047038700,"Census Tract 387, Kings County, New York",Brooklyn,5312,947,3059,575,67,92,16,26,281,50,0,19,59,76,1,1,229,16,198,132,224,132,557,220,306,147,118,83,627,392,53,75,29,33,10,16,42,62,4,7,9,14,65,76,39,34,82,151,43,37,2253,494,261,188,122,107,143,116,89,93,50,59,0,19,4,6,217,125,150,109,153,103,229,125,115,119,59,82,254,58,170,51,14,23,0,19,34,49,10,20,9,15,70,82,85,103,15,25
1400000US36047038800,"Census Tract 388, Kings County, New York",Brooklyn,5353,1019,2639,539,235,131,196,124,313,148,79,75,59,52,61,59,0,19,67,60,109,78,134,111,243,168,217,97,207,133,133,72,238,271,52,69,59,60,9,14,98,79,34,27,22,22,31,49,43,30,2714,563,235,164,251,139,316,180,89,83,167,107,58,52,27,43,69,52,105,70,171,87,326,182,163,109,168,88,93,58,197,221,18,19,102,66,53,48,8,13,19,25,31,40,21,25,27,28
1400000US36047038900,"Census Tract 389, Kings County, New York",Brooklyn,3277,664,1758,456,35,63,0,14,110,168,0,14,0,14,0,14,17,26,264,198,302,145,233,132,281,142,32,37,40,49,176,132,107,132,26,44,31,37,0,14,18,27,15,27,0,14,0,14,71,108,1519,303,11,26,18,40,43,70,10,16,0,14,16,26,99,142,77,55,367,209,155,83,189,132,39,43,172,161,157,95,16,25,24,43,45,51,0,14,16,25,24,41,6,10,35,39,0,14
1400000US36047039000,"Census Tract 390, Kings County, New York",Brooklyn,2681,536,1241,282,202,90,107,92,65,52,49,52,40,36,21,33,10,13,35,34,15,23,97,79,76,48,44,38,56,51,109,60,55,44,46,44,13,15,15,16,0,14,83,53,35,24,37,29,31,22,1440,302,102,89,182,82,112,74,81,69,133,86,47,33,11,17,27,38,111,90,68,45,63,39,63,47,71,50,68,43,49,39,49,39,0,14,6,9,20,22,76,45,54,32,29,26,18,13
1400000US36047039100,"Census Tract 391, Kings County, New York",Brooklyn,5428,630,2759,414,0,19,222,94,301,129,0,19,49,57,38,56,0,19,160,105,546,272,630,236,331,236,104,96,54,86,78,74,0,19,52,69,179,56,15,33,0,19,0,19,0,19,0,19,0,19,2669,414,194,18,71,86,30,48,39,59,62,14,0,19,37,56,133,85,312,129,769,277,349,132,25,41,126,85,38,51,255,106,0,19,5,7,29,46,37,60,0,19,0,19,120,116,38,42
1400000US36047039200,"Census Tract 392, Kings County, New York",Brooklyn,3091,879,1698,545,248,162,226,160,138,149,83,131,36,23,0,14,7,11,21,29,201,139,264,150,27,31,41,58,70,63,40,33,57,52,0,14,66,56,24,27,20,22,22,23,69,53,25,27,13,22,1393,405,234,193,16,26,109,92,14,30,44,53,0,14,39,60,118,86,50,49,150,115,21,30,46,59,88,77,183,168,41,36,84,72,0,14,26,31,20,26,32,25,26,25,29,21,23,23
1400000US36047039300,"Census Tract 393, Kings County, New York",Brooklyn,3798,743,1921,454,19,40,58,64,32,42,24,40,0,14,34,33,28,38,205,202,345,170,317,128,219,101,90,60,157,93,128,110,96,112,0,14,72,75,2,3,0,14,81,86,0,14,0,14,14,30,1877,372,23,36,91,87,122,85,79,77,65,84,0,14,0,14,56,45,439,192,208,102,212,117,45,50,147,73,111,104,118,184,0,14,49,70,11,25,0,14,69,81,0,14,18,33,14,30
1400000US36047039400,"Census Tract 394, Kings County, New York",Brooklyn,2259,432,1220,262,77,49,107,57,120,67,136,84,43,33,18,29,33,34,35,28,58,32,43,39,73,48,46,33,128,75,34,38,59,49,22,30,38,26,28,28,0,14,43,39,10,16,51,46,18,20,1039,248,101,75,123,55,111,80,56,46,27,33,0,14,14,20,64,40,33,27,83,46,32,25,64,40,101,71,48,42,39,25,0,14,38,36,10,13,0,14,46,39,30,39,0,14,19,18
1400000US36047039500,"Census Tract 395, Kings County, New York",Brooklyn,4083,530,1623,391,20,37,99,67,100,57,0,14,33,54,0,14,0,14,115,118,283,140,370,225,134,66,128,69,105,76,30,27,110,92,14,20,10,18,28,46,9,18,0,14,14,21,12,21,9,13,2460,446,0,14,78,68,0,14,61,58,0,14,70,84,0,14,150,103,562,205,661,406,265,126,106,80,64,56,0,14,80,126,61,75,23,37,11,17,4,14,35,51,29,34,92,65,108,78
1400000US36047039600,"Census Tract 396, Kings County, New York",Brooklyn,1708,464,767,240,36,38,52,55,26,35,64,48,30,30,0,14,12,21,32,37,34,34,0,14,72,61,53,34,14,23,46,40,48,50,8,13,100,71,0,14,17,21,33,46,47,37,14,19,29,30,941,273,55,45,87,78,27,39,14,25,0,14,19,28,16,21,88,52,99,131,23,34,45,37,33,32,26,30,19,29,174,70,77,90,10,19,5,7,0,14,19,22,49,37,15,18,41,38
1400000US36047039700,"Census Tract 397, Kings County, New York",Brooklyn,3356,510,1504,389,54,46,124,165,17,97,6,36,27,44,52,80,0,14,134,137,403,213,240,97,87,74,164,90,43,34,16,24,45,49,20,26,15,23,0,14,30,50,27,30,0,14,0,14,0,14,1852,325,0,14,13,19,7,43,5,27,44,68,0,14,166,96,141,130,318,160,228,99,221,116,321,117,94,92,0,14,125,116,13,19,19,25,0,14,44,43,52,38,17,30,0,14,24,40
1400000US36047039800,"Census Tract 398, Kings County, New York",Brooklyn,2586,509,1199,249,132,88,106,102,83,54,26,32,10,12,15,22,0,14,38,41,47,36,101,65,71,34,78,60,69,42,127,64,25,17,20,18,54,56,10,9,73,50,45,34,21,16,45,35,3,6,1387,322,84,61,60,47,159,98,35,31,23,20,1,3,1,3,56,38,38,31,92,39,84,106,90,46,204,162,82,52,95,55,27,23,16,15,46,43,44,31,79,34,44,38,3,6,24,22
1400000US36047039900,"Census Tract 399, Kings County, New York",Brooklyn,3745,675,1730,426,16,40,181,157,32,38,133,150,0,14,0,14,0,14,107,96,289,111,247,149,56,43,60,47,84,64,35,41,203,124,26,40,50,52,18,29,16,26,46,46,0,14,131,198,0,14,2015,469,82,125,0,14,177,204,91,94,42,58,6,19,22,36,43,56,318,163,271,158,117,78,54,55,176,126,49,47,75,72,0,14,108,81,99,71,15,30,133,71,36,40,11,22,90,103
1400000US36047040000,"Census Tract 400, Kings County, New York",Brooklyn,2570,622,1095,222,41,58,5,7,20,24,46,43,61,69,0,14,37,50,24,26,115,63,91,72,19,25,42,40,142,126,152,92,38,32,100,66,18,30,43,43,39,34,0,14,39,36,0,14,23,28,1475,434,95,62,116,85,80,38,76,70,0,14,0,14,0,14,20,29,125,77,91,68,16,14,28,25,185,218,207,146,72,70,64,49,19,21,24,29,39,41,130,110,27,35,32,31,29,28
1400000US36047040100,"Census Tract 401, Kings County, New York",Brooklyn,3354,615,1625,419,64,101,130,114,15,23,25,45,23,38,60,40,9,18,112,92,357,205,113,74,105,82,182,149,157,99,80,93,23,55,23,38,0,14,31,49,0,14,0,14,71,106,39,44,6,16,1729,465,29,49,31,53,1,2,0,14,8,18,1,2,49,48,320,178,149,94,230,162,73,75,108,79,68,68,36,60,90,84,22,37,141,123,139,195,16,31,37,42,40,62,0,14,141,157
1400000US36047040200,"Census Tract 402, Kings County, New York",Brooklyn,2414,428,1331,304,26,20,40,35,32,35,57,26,6,9,7,11,85,56,91,80,92,99,57,40,105,66,75,62,71,45,62,52,126,57,54,50,33,25,49,53,196,231,17,19,21,28,8,12,21,31,1083,243,8,13,142,101,70,56,25,28,20,25,0,14,11,16,65,42,37,37,27,28,98,61,96,59,127,59,61,41,108,48,27,35,27,18,5,16,0,14,60,49,4,11,32,37,33,46
1400000US36047040300,"Census Tract 403, Kings County, New York",Brooklyn,3982,577,1930,417,59,91,10,15,134,92,98,67,0,14,0,14,0,14,71,61,400,183,426,198,171,99,113,115,75,55,128,104,131,95,31,37,0,14,0,14,19,30,0,14,0,14,47,64,17,25,2052,367,21,32,96,89,0,14,117,124,1,3,0,14,17,27,228,167,380,183,239,123,163,81,161,77,65,71,207,95,138,110,34,35,0,14,73,75,28,31,0,14,15,25,69,62,0,14
1400000US36047040400,"Census Tract 404, Kings County, New York",Brooklyn,2604,359,1289,183,82,47,130,61,50,53,53,33,11,13,21,34,28,36,80,41,64,39,84,41,103,59,31,21,68,40,84,48,93,41,36,34,54,44,40,36,33,23,109,56,0,14,32,23,3,4,1315,222,82,63,98,63,21,29,40,52,54,40,7,11,0,14,65,41,126,64,77,39,84,62,57,26,121,100,142,94,89,47,42,26,55,42,21,19,27,21,38,26,22,17,34,30,13,13
1400000US36047040500,"Census Tract 405, Kings County, New York",Brooklyn,1653,356,1002,284,47,56,0,14,61,71,0,14,0,14,0,14,0,14,145,104,189,135,128,70,209,202,28,30,13,20,11,17,63,44,11,10,0,14,14,21,16,18,36,57,7,13,16,19,8,13,651,187,20,31,16,24,17,20,19,25,0,14,0,14,20,25,29,28,43,39,36,45,150,66,22,23,64,51,32,24,61,45,18,24,0,14,0,14,35,39,16,21,30,29,0,14,23,24
1400000US36047040600,"Census Tract 406, Kings County, New York",Brooklyn,3726,548,1456,261,90,67,25,29,74,53,19,21,31,36,69,47,0,14,30,26,120,104,136,79,119,87,166,134,83,58,18,22,98,62,29,26,72,45,0,14,73,71,74,46,20,23,54,61,56,73,2270,363,179,113,170,125,68,55,150,76,26,30,19,23,12,17,227,189,110,81,118,71,110,75,221,112,125,61,56,39,275,161,15,17,108,66,18,20,8,11,89,66,7,11,102,76,57,69
1400000US36047040700,"Census Tract 407, Kings County, New York",Brooklyn,0,14,0,14,0,14,0,14,0,14,0,14,0,14,0,14,0,14,0,14,0,14,0,14,0,14,0,14,0,14,0,14,0,14,0,14,0,14,0,14,0,14,0,14,0,14,0,14,0,14,0,14,0,14,0,14,0,14,0,14,0,14,0,14,0,14,0,14,0,14,0,14,0,14,0,14,0,14,0,14,0,14,0,14,0,14,0,14,0,14,0,14,0,14,0,14,0,14
1400000US36047040800,"Census Tract 408, Kings County, New York",Brooklyn,3676,627,1736,272,208,122,25,30,160,90,6,10,51,49,26,28,19,30,76,60,70,59,104,62,119,78,92,59,129,95,159,90,57,41,178,205,70,44,11,16,34,38,92,50,11,19,0,14,39,47,1940,454,169,81,116,84,168,125,58,52,26,41,0,14,15,24,21,21,139,74,76,56,116,55,158,85,59,57,77,44,336,308,31,29,43,33,10,15,61,47,88,59,29,31,34,31,110,156
1400000US36047040900,"Census Tract 409, Kings County, New York",Brooklyn,3891,756,1831,458,120,92,182,163,159,146,33,33,0,14,18,30,0,14,57,60,118,88,168,114,199,82,165,78,57,54,64,94,67,51,24,36,123,89,31,38,60,67,24,28,162,241,0,14,0,14,2060,399,75,82,254,145,38,42,0,14,23,35,27,41,11,17,154,126,228,128,175,87,224,133,79,62,129,68,63,57,152,95,15,26,17,28,109,93,0,14,57,48,141,224,43,50,46,47
1400000US36047041000,"Census Tract 410, Kings County, New York",Brooklyn,1899,490,857,301,36,35,105,152,17,26,73,86,7,10,0,14,0,14,16,20,52,41,43,53,43,61,158,92,36,28,44,28,14,17,11,15,40,42,15,21,38,42,70,48,33,33,0,14,6,12,1042,232,63,56,0,14,108,102,42,42,43,60,31,36,5,7,24,28,49,42,2,5,82,63,87,63,19,21,32,23,60,63,33,33,91,58,17,20,28,34,81,43,40,35,70,47,35,29
1400000US36047041100,"Census Tract 411, Kings County, New York",Brooklyn,2631,727,1257,413,80,86,59,63,59,63,55,61,0,14,0,14,0,14,51,48,106,73,132,91,183,157,126,96,57,53,58,40,0,14,64,96,64,99,0,14,0,14,163,147,0,14,0,14,0,14,1374,547,111,126,41,53,152,127,0,14,0,14,45,46,87,82,39,52,89,64,149,137,113,71,34,35,144,120,29,49,88,80,25,39,41,35,14,22,0,14,60,74,113,179,0,14,0,14
1400000US36047041200,"Census Tract 412, Kings County, New York",Brooklyn,2789,848,1388,446,41,33,110,106,73,62,101,122,26,41,0,14,0,14,0,14,90,84,108,62,99,96,83,78,37,44,47,37,32,36,52,39,149,129,136,85,65,76,60,79,12,17,42,52,25,31,1401,477,29,44,78,59,70,65,84,50,15,19,0,14,122,186,6,11,78,51,26,24,113,99,204,195,30,43,51,41,60,50,0,14,86,76,52,60,36,38,114,68,73,78,43,29,31,38
1400000US36047041300,"Census Tract 413, Kings County, New York",Brooklyn,3851,887,2056,712,138,214,24,35,89,82,25,36,0,14,37,61,0,14,164,143,808,527,56,55,61,63,196,168,0,14,247,192,27,44,0,14,0,14,13,26,0,14,74,79,37,57,30,46,30,42,1795,414,0,14,0,14,86,92,0,14,0,14,75,119,0,14,106,92,423,193,28,42,200,127,18,26,157,132,206,123,14,26,60,69,112,92,0,14,39,61,136,137,102,92,0,14,33,59
1400000US36047041401,"Census Tract 414.01, Kings County, New York",Brooklyn,1237,222,661,96,0,14,141,36,77,27,14,19,0,14,0,14,5,7,0,14,17,21,35,33,100,55,22,22,30,31,52,47,23,23,0,14,13,14,3,5,55,46,45,39,19,32,0,14,10,12,576,150,38,58,0,14,50,11,8,11,30,30,15,20,22,22,0,14,9,10,62,26,19,25,39,30,44,34,0,14,33,27,0,14,94,66,55,53,5,15,11,19,32,33,5,9,5,9
1400000US36047041402,"Census Tract 414.02, Kings County, New York",Brooklyn,2062,360,946,188,114,44,78,49,54,40,11,16,66,51,0,14,0,14,11,23,81,44,45,41,97,60,65,34,59,50,17,22,33,36,0,14,15,18,8,10,39,34,4,6,63,42,18,19,68,49,1116,252,46,39,45,34,162,60,80,81,15,29,0,14,17,34,8,13,29,47,142,65,13,17,57,35,50,38,8,24,110,83,10,14,28,25,9,11,65,50,58,66,81,107,34,23,49,36
1400000US36047041500,"Census Tract 415, Kings County, New York",Brooklyn,4300,836,2017,500,165,156,139,111,108,143,26,42,40,43,0,14,25,39,43,49,211,133,298,191,116,82,130,72,115,79,201,197,104,91,23,36,47,74,99,93,29,46,60,60,0,14,21,35,17,29,2283,476,92,86,70,84,103,128,2,24,11,20,16,40,15,25,106,114,279,134,322,199,244,139,222,147,191,191,102,91,68,72,73,41,0,14,70,66,19,31,180,85,54,61,44,70,0,14
1400000US36047041600,"Census Tract 416, Kings County, New York",Brooklyn,1784,438,786,242,99,111,22,32,5,7,15,16,25,20,8,11,16,29,0,14,111,93,47,36,34,34,47,41,34,34,53,40,7,11,18,23,44,36,35,51,45,34,49,49,32,34,34,37,6,9,998,231,209,134,70,53,27,33,25,28,0,14,6,12,0,14,37,40,97,99,29,27,14,22,60,41,14,16,35,37,53,41,5,10,22,22,61,35,32,31,87,67,71,55,15,25,29,22
1400000US36047041700,"Census Tract 417, Kings County, New York",Brooklyn,3402,668,1482,457,126,132,59,54,66,59,158,146,102,97,38,42,8,13,28,35,59,118,216,143,56,81,17,24,20,30,134,84,60,82,0,14,6,9,48,83,0,14,86,105,149,126,30,61,16,27,1920,300,29,44,111,110,98,77,49,84,0,14,111,96,87,83,17,39,192,130,23,34,148,94,141,103,153,77,96,76,105,83,7,12,47,40,82,100,89,116,25,38,188,122,18,29,104,83
1400000US36047041800,"Census Tract 418, Kings County, New York",Brooklyn,2350,484,1224,321,128,116,96,76,127,69,58,40,76,27,18,19,75,81,47,43,51,43,47,46,63,47,41,42,60,46,27,26,47,51,7,11,39,38,28,41,13,16,76,53,30,28,28,22,42,36,1126,205,99,76,119,74,63,58,6,9,38,25,5,9,0,14,30,42,45,53,43,46,103,62,38,38,70,39,9,10,40,35,22,27,52,34,7,12,107,55,71,44,68,37,54,39,37,32
1400000US36047041900,"Census Tract 419, Kings County, New York",Brooklyn,3479,890,1386,574,88,99,178,277,175,277,0,14,18,27,32,53,31,50,92,67,181,219,69,51,157,94,12,18,0,14,103,85,82,71,0,14,32,35,40,55,0,14,7,14,73,83,16,26,0,14,2093,670,21,33,164,178,33,39,40,59,69,68,125,124,133,202,186,227,259,172,159,85,46,33,94,123,69,70,140,82,124,110,0,14,40,67,32,29,23,28,32,46,96,78,34,53,174,145
1400000US36047042000,"Census Tract 420, Kings County, New York",Brooklyn,1662,286,827,199,128,88,86,32,74,29,34,30,41,37,6,10,0,14,62,39,54,41,27,18,58,28,14,28,20,27,31,25,23,23,27,31,30,18,4,6,21,24,40,25,40,30,7,10,0,14,835,129,35,35,72,30,46,48,66,19,47,25,8,13,13,21,1,3,76,40,45,26,64,31,41,27,37,35,46,42,36,19,0,14,17,19,12,18,29,19,44,30,12,14,35,33,53,46
1400000US36047042100,"Census Tract 421, Kings County, New York",Brooklyn,4712,592,2497,429,52,56,164,135,110,87,88,36,32,41,0,14,74,78,55,65,451,164,532,228,121,86,201,101,66,61,98,63,27,24,197,181,101,83,11,18,0,14,40,36,57,88,11,20,9,21,2215,376,64,66,84,67,136,120,20,34,25,32,11,19,57,87,280,170,277,165,445,172,152,105,135,82,49,35,42,31,52,42,91,81,49,67,54,62,3,5,164,151,5,13,14,22,6,9
1400000US36047042200,"Census Tract 422, Kings County, New York",Brooklyn,3163,837,1793,542,271,177,71,73,198,160,114,68,20,23,63,49,45,50,56,47,97,73,99,70,78,71,218,219,100,82,64,54,65,53,30,34,8,13,30,44,38,48,10,16,51,48,50,55,17,27,1370,358,105,107,44,38,101,64,74,60,29,33,28,41,68,61,88,67,82,68,27,25,101,60,174,204,26,38,106,79,88,59,41,45,22,28,9,15,9,15,35,30,31,36,9,14,73,71
1400000US36047042300,"Census Tract 423, Kings County, New York",Brooklyn,4523,828,2288,467,105,152,109,47,65,75,88,56,58,97,51,75,0,14,253,230,515,242,266,151,155,110,144,103,120,56,44,64,120,138,77,60,11,19,6,11,40,43,23,26,11,13,21,34,6,14,2235,510,38,38,0,14,170,139,29,49,0,14,0,14,52,64,162,124,475,226,434,276,115,89,132,68,131,148,111,76,90,119,35,40,26,38,75,70,41,34,62,48,6,11,11,28,40,29
1400000US36047042400,"Census Tract 424, Kings County, New York",Brooklyn,3723,701,1788,236,144,81,65,54,127,80,27,33,20,31,7,11,10,14,75,43,73,44,226,128,99,61,140,92,87,59,152,80,113,81,53,74,32,31,111,57,30,40,132,70,34,34,31,44,0,14,1935,567,76,65,126,70,131,94,109,92,43,33,0,14,0,14,69,49,58,55,68,40,137,76,166,111,87,62,142,136,48,35,20,27,50,40,112,77,74,71,105,57,48,31,39,48,227,303
1400000US36047042500,"Census Tract 425, Kings County, New York",Brooklyn,2709,579,1462,415,41,46,67,67,96,78,93,69,47,59,0,14,52,80,168,153,166,130,183,84,137,87,56,58,37,43,61,68,60,48,17,27,0,14,13,22,123,105,45,58,0,14,0,14,0,14,1247,399,16,28,56,67,20,26,25,31,29,38,0,14,16,23,432,353,57,46,140,72,114,74,38,52,0,14,73,60,32,41,58,50,0,14,0,14,24,32,27,43,69,104,21,32,0,14
1400000US36047042600,"Census Tract 426, Kings County, New York",Brooklyn,4528,931,2265,489,203,177,194,104,204,215,77,76,31,31,0,14,0,14,42,44,127,72,223,134,166,175,105,66,96,76,172,86,84,60,82,66,129,96,67,54,92,49,57,38,46,48,32,41,36,56,2263,585,34,39,253,218,192,168,57,76,32,40,12,19,0,14,95,111,83,71,164,90,153,77,191,170,31,31,147,98,153,86,85,57,111,76,35,40,142,68,128,70,73,65,27,27,65,48
1400000US36047042700,"Census Tract 427, Kings County, New York",Brooklyn,4098,499,2196,359,85,98,16,30,56,70,19,31,0,14,13,23,0,14,74,67,516,270,284,119,378,160,125,96,141,140,222,143,40,63,44,51,0,14,59,98,63,96,26,37,0,14,35,56,0,14,1902,343,22,40,33,44,17,32,24,39,42,49,24,37,18,26,249,154,316,140,312,173,97,95,204,133,155,179,147,86,110,70,21,33,33,38,21,34,35,32,22,34,0,14,0,14,0,14
1400000US36047042800,"Census Tract 428, Kings County, New York",Brooklyn,3636,591,1845,380,164,137,98,98,172,128,0,14,57,54,0,14,0,14,119,101,82,83,74,52,132,92,207,139,148,79,99,79,111,73,22,32,76,58,63,66,15,18,60,51,0,14,86,72,60,47,1791,322,33,38,153,117,19,31,80,99,27,31,16,27,0,14,20,29,57,55,145,77,136,99,64,66,259,125,136,99,179,131,10,15,44,35,64,50,80,57,83,61,50,62,41,32,95,64
1400000US36047042900,"Census Tract 429, Kings County, New York",Brooklyn,4630,828,2087,363,29,58,57,63,112,144,55,63,0,14,0,14,14,20,48,54,521,274,148,88,170,123,132,87,258,178,215,175,11,34,0,14,46,73,140,114,71,106,0,14,60,82,0,14,0,14,2543,621,149,201,137,143,146,136,54,71,14,22,0,14,39,62,363,267,372,159,334,191,117,68,216,142,166,74,40,50,50,78,0,14,81,65,79,114,35,61,8,22,82,114,61,91,0,14
1400000US36047043000,"Census Tract 430, Kings County, New York",Brooklyn,3666,445,1861,298,135,91,78,59,124,54,18,25,54,51,39,27,33,39,36,37,187,149,191,122,180,108,78,57,60,56,76,54,111,72,6,10,197,98,45,35,45,36,42,31,48,56,60,58,18,23,1805,262,176,127,40,53,112,71,80,84,37,27,0,14,24,31,46,27,148,69,171,123,63,38,161,70,59,46,124,60,110,60,106,82,57,44,9,16,38,28,32,30,93,64,70,65,49,57
1400000US36047043100,"Census Tract 431, Kings County, New York",Brooklyn,3864,686,1604,449,50,80,0,14,0,14,0,14,0,14,0,14,40,62,96,87,434,302,256,246,258,131,211,134,93,69,96,113,32,50,0,14,0,14,0,14,0,14,38,52,0,14,0,14,0,14,2260,442,244,118,0,14,19,46,165,98,29,48,58,69,0,14,121,94,500,198,497,234,315,157,46,50,72,75,0,14,0,14,102,132,0,14,0,14,28,43,36,50,0,14,28,45,0,14
1400000US36047043200,"Census Tract 432, Kings County, New York",Brooklyn,3874,630,1702,328,65,64,95,86,40,51,35,30,0,14,0,14,32,60,63,54,194,149,91,53,73,55,88,118,210,119,144,113,113,97,79,56,46,53,73,58,78,47,80,67,34,44,54,47,15,23,2172,376,60,70,76,56,213,112,61,72,24,28,4,7,140,112,109,69,130,71,77,59,229,135,101,64,141,65,193,88,122,99,19,23,103,72,93,69,92,68,70,80,51,48,41,37,23,34
1400000US36047043300,"Census Tract 433, Kings County, New York",Brooklyn,4029,686,2094,508,207,188,71,92,169,115,19,32,17,29,0,14,2,4,213,188,172,102,249,115,264,173,206,194,37,44,1,5,85,71,60,47,29,36,83,97,50,83,75,64,52,68,33,43,0,14,1935,327,132,173,34,57,42,44,51,84,74,85,0,14,0,14,66,58,306,137,293,133,170,131,81,82,61,89,45,47,97,76,15,27,99,95,56,62,100,110,68,69,56,74,83,62,6,10
1400000US36047043400,"Census Tract 434, Kings County, New York",Brooklyn,4095,782,2067,473,293,239,274,138,167,102,99,88,2,4,7,12,33,46,0,14,95,54,130,69,186,176,71,65,111,67,37,43,168,124,69,58,61,82,36,34,42,43,128,77,11,12,6,10,41,52,2028,422,226,188,65,64,170,155,83,104,0,14,18,22,13,20,47,46,161,82,170,91,185,126,128,84,84,67,40,41,161,118,69,52,25,28,104,56,60,45,92,82,28,33,58,56,41,38
1400000US36047043500,"Census Tract 435, Kings County, New York",Brooklyn,4897,670,2076,415,72,72,167,106,207,120,74,60,0,14,0,14,44,69,123,93,406,262,118,65,67,68,212,124,97,59,155,76,85,74,29,33,44,89,12,19,88,100,0,14,0,14,44,53,32,51,2821,546,123,97,29,36,88,79,189,144,68,62,151,119,47,45,191,104,397,189,355,165,222,155,182,89,146,118,193,89,101,76,12,17,13,19,125,148,64,67,58,64,48,75,19,33,0,14
1400000US36047043600,"Census Tract 436, Kings County, New York",Brooklyn,4341,933,1951,401,99,89,128,97,234,128,8,13,21,24,10,17,43,48,10,20,205,174,126,57,127,89,138,86,75,60,276,225,71,64,12,19,139,85,7,12,41,52,68,51,34,38,10,16,69,66,2390,673,211,142,85,112,108,114,113,72,20,34,23,31,94,115,19,23,142,97,149,58,19,30,620,478,65,62,110,55,180,92,16,23,91,68,26,39,14,23,29,28,99,54,85,69,72,72
1400000US36047043700,"Census Tract 437, Kings County, New York",Brooklyn,5034,1236,2797,764,197,269,14,37,48,74,41,62,165,231,13,36,166,214,200,153,337,157,272,136,290,164,258,133,166,126,162,207,212,277,17,41,70,73,0,19,47,39,59,63,28,41,0,19,35,56,2237,709,208,280,0,19,77,90,0,19,46,54,0,19,0,19,161,155,430,166,383,272,228,118,211,151,104,105,31,58,39,57,0,19,84,93,0,19,41,55,102,87,54,62,0,19,38,54
1400000US36047043800,"Census Tract 438, Kings County, New York",Brooklyn,2530,522,1214,337,233,208,142,89,61,64,33,36,14,23,9,13,0,14,25,26,51,42,52,35,129,69,81,68,38,42,13,21,74,61,17,20,19,23,34,33,13,17,28,27,51,38,31,46,66,54,1316,275,59,47,104,90,164,104,49,50,0,14,19,27,12,17,21,26,69,44,142,82,69,64,70,55,54,44,32,26,100,61,7,12,10,11,18,28,32,44,70,47,14,15,64,45,137,113
1400000US36047043900,"Census Tract 439, Kings County, New York",Brooklyn,4172,928,1925,535,86,83,34,41,35,56,66,65,40,46,51,68,65,39,116,97,177,115,136,145,292,155,124,99,109,58,125,97,109,109,0,14,31,41,118,86,12,23,18,28,114,75,48,48,19,28,2247,492,61,96,187,158,198,112,90,128,59,36,0,14,8,12,138,146,201,139,31,42,158,92,261,148,257,161,0,14,157,155,92,108,119,82,35,37,19,24,110,62,0,14,29,34,37,44
1400000US36047044000,"Census Tract 440, Kings County, New York",Brooklyn,2586,430,1280,273,195,141,162,78,82,56,64,43,0,14,6,9,49,39,47,47,58,40,81,56,116,51,34,30,77,54,70,50,52,26,38,30,19,19,15,18,17,16,51,42,22,25,18,23,7,11,1306,224,101,73,93,51,179,95,172,72,25,18,29,34,0,14,22,35,56,39,101,49,77,40,51,38,107,48,34,24,76,50,14,17,27,29,14,14,8,10,46,28,37,26,7,11,30,30
1400000US36047044100,"Census Tract 441, Kings County, New York",Brooklyn,4638,1011,2813,772,106,151,0,14,255,150,122,104,22,39,0,14,0,14,105,88,456,455,423,280,241,162,481,203,122,105,39,51,37,59,106,78,189,202,0,14,0,14,109,121,0,14,0,14,0,14,1825,463,30,52,25,58,82,83,167,127,26,41,0,14,27,43,172,150,246,146,199,109,200,120,233,191,123,98,0,14,102,100,0,14,0,14,0,14,0,14,147,196,31,61,0,14,15,27
1400000US36047044200,"Census Tract 442, Kings County, New York",Brooklyn,2268,535,1128,311,53,42,43,48,170,135,42,42,63,88,11,17,0,14,92,71,41,32,22,17,85,62,19,17,58,43,45,35,34,47,15,16,78,50,8,13,83,72,79,49,64,53,0,14,23,21,1140,290,54,65,57,60,84,52,55,54,7,11,26,41,7,10,62,46,97,61,96,69,27,26,21,19,53,39,87,67,8,12,30,31,52,50,39,37,81,61,38,30,45,40,5,8,109,159
1400000US36047044300,"Census Tract 443, Kings County, New York",Brooklyn,4740,581,2345,345,54,67,27,51,39,61,129,98,0,14,0,14,123,74,80,80,433,169,437,196,238,134,130,85,108,97,66,67,233,123,82,88,37,57,0,14,70,103,11,23,27,39,0,14,21,31,2395,439,102,102,211,75,24,47,0,14,127,85,61,72,140,133,250,140,341,151,209,82,175,109,142,116,106,107,82,68,211,103,0,14,0,14,35,42,10,21,84,107,44,49,41,44,0,14
1400000US36047044400,"Census Tract 444, Kings County, New York",Brooklyn,2677,691,1301,324,141,108,146,112,114,156,9,13,49,42,0,14,10,17,78,87,91,96,98,82,46,36,117,83,74,53,53,57,33,35,0,14,59,58,0,14,27,29,114,79,15,24,15,23,12,19,1376,460,96,82,39,30,111,80,38,35,68,76,17,25,8,12,12,21,177,97,44,38,65,39,160,178,85,83,66,50,40,39,47,57,17,21,131,159,34,37,63,51,21,32,13,20,24,31
1400000US36047044500,"Census Tract 445, Kings County, New York",Brooklyn,3944,586,2013,356,33,30,183,138,75,56,72,57,0,14,21,37,60,52,83,72,226,121,313,131,169,78,170,90,142,79,112,110,38,52,0,14,85,69,79,69,96,71,29,28,8,16,19,32,0,14,1931,347,41,51,49,54,72,84,18,30,18,30,40,46,14,21,148,109,366,162,311,137,81,48,211,133,94,71,84,60,95,74,0,14,35,53,43,50,90,80,24,28,49,71,9,18,39,59
1400000US36047044600,"Census Tract 446, Kings County, New York",Brooklyn,2123,464,1054,255,50,37,107,84,95,62,54,43,11,17,4,7,58,82,9,11,43,32,139,84,65,40,38,30,76,59,67,51,9,16,42,42,62,41,0,14,0,14,36,30,63,61,26,22,0,14,1069,304,80,62,84,65,96,94,56,55,40,39,0,14,12,17,9,9,65,47,66,42,120,103,47,41,63,47,80,76,64,42,7,10,41,32,8,12,30,21,38,40,17,17,39,33,7,12
1400000US36047044700,"Census Tract 447, Kings County, New York",Brooklyn,2337,287,1132,218,34,42,14,28,7,12,16,26,0,14,0,14,0,14,87,53,123,72,224,152,120,77,81,53,132,82,127,88,22,22,8,13,35,41,0,14,26,32,65,48,11,23,0,14,0,14,1205,177,9,14,26,27,0,14,0,14,22,36,15,21,22,33,89,72,254,83,129,62,242,77,61,49,103,41,101,76,39,33,8,24,23,23,0,14,13,19,35,47,0,14,0,14,14,18
1400000US36047044800,"Census Tract 448, Kings County, New York",Brooklyn,1914,236,1047,157,95,53,98,68,88,28,58,18,22,27,17,18,6,8,6,10,79,73,69,39,63,46,59,36,47,38,29,34,20,27,31,41,65,39,0,14,39,25,46,36,86,58,7,12,17,20,867,139,37,40,79,62,74,62,29,23,5,12,12,17,0,14,4,12,23,21,38,24,74,36,54,40,79,71,69,39,4,13,0,14,43,33,44,30,23,26,70,49,81,45,0,14,25,25
1400000US36047044901,"Census Tract 449.01, Kings County, New York",Brooklyn,2715,632,1454,324,13,19,165,144,44,69,30,45,24,37,0,14,23,36,131,105,370,215,223,160,167,125,6,24,11,29,7,12,11,38,23,37,123,77,35,45,15,46,7,31,26,38,0,14,0,14,1261,434,55,129,0,14,181,131,0,14,13,23,89,89,94,152,31,49,54,63,194,121,23,26,66,59,2,4,49,71,8,18,38,38,79,47,0,14,39,51,90,89,12,36,97,73,47,58
1400000US36047044902,"Census Tract 449.02, Kings County, New York",Brooklyn,0,14,0,14,0,14,0,14,0,14,0,14,0,14,0,14,0,14,0,14,0,14,0,14,0,14,0,14,0,14,0,14,0,14,0,14,0,14,0,14,0,14,0,14,0,14,0,14,0,14,0,14,0,14,0,14,0,14,0,14,0,14,0,14,0,14,0,14,0,14,0,14,0,14,0,14,0,14,0,14,0,14,0,14,0,14,0,14,0,14,0,14,0,14,0,14,0,14
1400000US36047045000,"Census Tract 450, Kings County, New York",Brooklyn,1147,432,532,196,89,79,75,53,40,36,23,28,4,7,0,14,0,14,0,14,64,87,26,29,4,6,22,23,0,14,37,33,43,35,0,14,23,27,0,14,0,14,33,31,28,28,21,24,0,14,615,252,96,106,62,48,64,52,27,33,31,23,0,14,0,14,30,42,65,87,42,34,40,36,0,14,19,26,19,17,44,37,0,14,0,14,0,14,13,20,17,25,0,14,23,25,23,25
1400000US36047045200,"Census Tract 452, Kings County, New York",Brooklyn,2543,584,1315,310,134,70,140,91,89,66,87,62,48,31,4,9,15,17,93,63,112,65,74,70,15,14,53,37,57,31,19,17,53,46,32,44,16,16,8,13,15,18,151,90,63,45,22,20,15,16,1228,339,179,130,99,88,76,50,46,48,12,14,17,26,6,8,81,56,95,75,42,33,16,18,67,45,30,22,60,53,33,39,59,45,34,31,32,25,51,32,63,39,27,23,7,11,96,67
1400000US36047045300,"Census Tract 453, Kings County, New York",Brooklyn,1823,200,1103,175,0,14,11,16,0,14,0,14,0,14,20,28,0,14,57,43,111,97,172,62,125,83,99,55,75,58,95,72,89,76,46,55,10,18,26,8,48,59,41,55,78,86,0,14,0,14,720,155,0,14,9,14,21,28,0,14,0,14,2,7,0,14,118,67,189,90,143,64,16,27,23,30,67,49,47,40,9,15,0,14,0,14,21,31,0,14,0,14,0,14,33,39,22,26
1400000US36047045400,"Census Tract 454, Kings County, New York",Brooklyn,2075,613,1173,426,111,77,40,31,149,100,24,28,25,29,5,9,54,80,6,9,193,143,114,96,89,80,40,44,120,88,29,37,17,29,0,14,0,14,35,41,8,12,62,46,12,15,31,36,9,15,902,254,78,79,124,69,67,43,74,77,14,21,0,14,7,11,0,14,87,66,54,42,28,34,13,18,105,104,21,19,12,23,21,28,68,44,36,50,26,30,31,31,15,16,0,14,21,28
1400000US36047045600,"Census Tract 456, Kings County, New York",Brooklyn,2362,426,1052,228,8,14,132,76,36,33,61,34,99,98,12,18,0,14,67,35,29,25,51,38,36,41,133,74,14,16,6,12,74,44,54,38,20,25,31,38,50,42,52,42,0,14,46,38,41,34,1310,272,92,78,100,56,99,46,5,7,3,8,7,11,35,20,13,16,66,68,104,65,52,47,72,33,57,41,65,33,130,78,64,58,57,55,54,45,91,102,43,36,25,25,30,30,46,38
1400000US36047045800,"Census Tract 458, Kings County, New York",Brooklyn,1373,283,747,204,33,35,23,29,168,53,24,27,22,26,7,10,0,14,65,59,10,15,63,51,11,17,5,7,19,23,67,42,66,57,3,7,13,20,37,53,48,49,14,18,11,13,24,20,14,15,626,121,45,40,82,55,44,36,39,36,13,16,0,14,0,14,0,14,0,14,51,27,24,27,9,16,46,30,50,33,52,54,7,10,16,22,33,32,6,9,63,48,36,23,0,14,10,15
1400000US36047046000,"Census Tract 460, Kings County, New York",Brooklyn,2997,525,1527,327,125,91,77,68,105,96,107,44,44,23,14,23,0,14,35,30,78,60,120,67,138,112,49,41,83,81,154,84,43,32,55,44,33,31,43,27,45,55,112,70,24,30,8,14,35,41,1470,280,62,70,71,87,117,82,73,51,17,21,0,14,11,19,0,14,119,63,158,102,99,69,78,47,120,82,85,47,49,34,40,37,94,49,8,14,36,31,10,14,57,56,43,41,123,91
1400000US36047046201,"Census Tract 462.01, Kings County, New York",Brooklyn,2311,467,1100,237,57,82,39,37,29,34,71,77,14,22,0,14,0,14,27,41,12,21,40,38,129,121,54,50,114,78,79,58,79,67,48,74,1,2,0,14,56,55,82,63,19,22,30,27,120,97,1211,306,128,105,123,72,169,68,0,14,8,12,0,14,0,14,0,14,73,77,59,44,108,70,60,77,42,49,36,36,78,64,53,81,42,47,10,14,0,14,50,42,22,25,71,58,79,63
1400000US36047046202,"Census Tract 462.02, Kings County, New York",Brooklyn,1914,380,946,256,117,63,76,49,205,143,66,58,28,30,0,14,0,14,0,14,34,25,53,33,117,63,47,26,40,35,10,13,45,31,13,20,7,9,10,16,7,12,46,22,19,20,6,9,0,14,968,173,57,56,76,45,96,51,116,57,19,21,31,25,9,13,30,28,102,51,56,32,80,57,22,19,35,34,33,32,51,45,15,16,25,25,38,35,6,9,25,19,40,31,0,14,6,10
1400000US36047046400,"Census Tract 464, Kings County, New York",Brooklyn,3327,669,1922,562,150,79,356,140,431,163,141,86,77,75,17,19,9,11,52,68,96,123,149,56,122,70,36,28,96,69,31,42,26,25,12,18,0,14,38,26,23,18,11,17,27,21,22,18,0,14,1405,256,301,120,214,102,126,61,90,73,56,49,11,16,10,12,27,26,47,40,117,63,84,50,45,31,78,58,41,55,19,17,8,12,24,20,19,14,13,18,0,14,32,31,43,38,0,14
1400000US36047046800,"Census Tract 468, Kings County, New York",Brooklyn,1826,504,1003,300,92,72,113,101,161,53,65,45,27,49,0,14,20,28,24,36,48,50,47,42,61,45,54,27,77,56,48,35,10,13,20,29,7,11,0,14,111,161,18,25,0,14,0,14,0,14,823,249,81,99,121,61,81,50,70,51,0,14,11,19,0,14,33,47,20,31,49,39,64,30,34,31,52,56,26,29,0,14,0,14,23,28,0,14,112,165,18,24,0,14,0,14,28,39
1400000US36047047000,"Census Tract 470, Kings County, New York",Brooklyn,2629,431,1338,259,184,108,150,79,150,76,111,64,64,45,15,17,21,25,19,29,82,51,38,40,72,41,54,47,44,40,39,45,113,62,0,14,14,16,7,12,64,53,78,40,9,12,3,7,7,10,1291,233,186,100,185,92,82,56,137,85,36,33,20,21,11,12,26,30,72,65,50,43,91,54,7,10,46,38,44,45,105,51,4,7,0,14,60,52,14,16,87,50,6,9,7,11,15,23
1400000US36047047200,"Census Tract 472, Kings County, New York",Brooklyn,2840,665,1331,342,182,125,210,123,109,63,109,58,6,9,15,22,25,32,24,23,62,50,62,39,25,22,53,51,52,43,61,42,39,24,6,10,26,26,22,26,90,96,41,38,34,36,46,36,32,39,1509,347,200,100,141,84,199,100,139,83,58,35,5,7,0,14,53,51,38,30,56,39,42,43,35,35,62,42,47,28,20,16,6,10,36,31,28,34,98,108,75,42,108,61,41,37,22,29
1400000US36047047400,"Census Tract 474, Kings County, New York",Brooklyn,3211,662,1742,370,165,97,342,148,181,108,178,74,29,30,11,13,85,48,66,51,28,29,63,43,68,68,85,53,64,53,38,34,39,37,53,47,34,34,18,17,61,47,38,28,58,56,14,25,24,24,1469,346,200,110,159,79,241,127,85,62,78,53,0,14,6,9,49,39,30,25,59,49,77,46,40,44,21,31,94,53,70,46,10,15,33,31,47,31,24,33,27,29,56,48,13,15,50,29
1400000US36047047600,"Census Tract 476, Kings County, New York",Brooklyn,3865,847,1603,314,161,103,191,103,279,136,93,77,47,74,0,14,46,50,23,24,164,97,7,13,119,81,32,40,148,104,27,46,15,22,10,17,88,93,32,29,11,17,70,61,0,14,12,23,28,47,2262,591,266,163,460,236,414,200,149,113,89,39,14,21,0,14,45,49,128,96,61,85,83,36,101,81,99,69,0,14,35,50,22,27,69,74,0,14,58,41,58,53,0,14,24,21,87,77
1400000US36047047700,"Census Tract 477, Kings County, New York",Brooklyn,3918,522,2179,411,119,78,108,89,0,14,0,14,0,14,0,14,29,47,128,157,195,106,651,315,284,117,182,114,68,64,122,126,147,131,0,14,90,93,24,28,0,14,10,25,0,14,0,14,22,37,1739,349,94,88,67,78,0,14,0,14,0,14,0,14,0,14,145,110,292,265,496,172,196,100,160,95,127,102,24,24,0,14,0,14,20,31,0,14,81,84,0,14,11,20,26,32,0,14
1400000US36047047800,"Census Tract 478, Kings County, New York",Brooklyn,5251,1102,2542,572,175,89,246,154,320,215,192,109,151,120,67,59,23,31,60,67,181,135,209,142,195,125,79,61,160,124,125,105,24,37,13,22,90,86,25,29,52,37,35,40,14,27,40,50,66,52,2709,705,296,160,522,284,144,113,310,172,128,71,69,80,68,63,79,67,159,96,238,161,73,59,134,91,79,80,91,100,73,53,40,33,59,52,0,19,29,43,27,43,57,41,0,19,34,54
1400000US36047048000,"Census Tract 480, Kings County, New York",Brooklyn,3863,733,2083,422,491,207,65,62,296,245,40,45,94,81,42,59,0,14,50,54,33,37,179,98,130,102,27,30,229,121,30,46,79,58,61,71,56,30,44,27,20,31,43,33,30,43,44,67,0,14,1780,404,179,104,233,147,78,70,70,65,72,69,0,14,1,3,27,42,93,55,106,83,238,103,108,87,88,89,128,93,83,74,0,14,46,25,81,81,8,22,67,97,1,8,73,83,0,14
1400000US36047048100,"Census Tract 481, Kings County, New York",Brooklyn,3010,824,1457,325,37,36,152,174,13,21,19,25,0,14,15,22,0,14,23,45,314,125,315,113,126,109,105,91,27,28,118,70,21,22,16,25,33,32,0,14,0,14,38,57,54,58,18,24,13,19,1553,548,117,178,37,28,133,142,67,106,0,14,0,14,0,14,22,23,268,114,147,85,223,89,152,146,1,11,86,58,11,16,44,33,8,13,42,28,38,43,22,22,46,36,14,21,75,63
1400000US36047048200,"Census Tract 482, Kings County, New York",Brooklyn,5580,1078,2655,583,61,66,225,125,183,163,72,57,129,86,0,19,0,19,97,58,191,87,211,268,170,106,296,170,95,78,179,174,74,63,73,97,257,180,14,23,16,28,156,130,97,60,59,63,0,19,2925,685,126,113,167,173,93,87,163,146,29,40,70,81,90,105,76,57,73,70,135,108,350,210,136,95,92,72,120,77,202,157,98,107,284,296,26,43,312,219,98,70,67,89,118,82,0,19
1400000US36047048400,"Census Tract 484, Kings County, New York",Brooklyn,4912,1239,2424,676,131,104,49,44,119,81,243,121,135,102,16,18,28,31,76,64,387,306,247,161,96,72,146,78,67,61,110,96,160,110,105,77,69,69,12,21,60,58,77,68,56,48,19,23,16,22,2488,671,213,163,144,107,131,99,53,55,60,51,37,32,0,14,111,121,318,343,276,170,105,85,194,101,27,30,158,112,125,92,59,64,70,61,46,49,117,99,86,56,64,46,28,40,66,79
1400000US36047048500,"Census Tract 485, Kings County, New York",Brooklyn,2369,308,1105,170,99,86,52,41,12,20,0,14,0,14,0,14,35,60,91,62,153,73,216,117,194,87,77,62,47,39,75,41,28,34,0,14,0,14,26,18,0,14,0,14,0,14,0,14,0,14,1264,219,19,26,18,33,22,33,12,19,9,16,34,57,50,50,290,118,156,88,141,83,117,82,71,58,18,27,144,49,0,14,0,14,48,74,26,18,64,61,0,14,14,32,0,14,11,21
1400000US36047048600,"Census Tract 486, Kings County, New York",Brooklyn,3189,1057,1435,485,0,14,188,99,145,103,108,107,59,48,44,30,40,36,45,40,189,113,22,20,44,39,27,30,112,67,120,67,142,131,27,27,13,19,17,20,26,32,33,34,34,33,0,14,0,14,1754,604,159,88,211,129,289,236,144,116,44,26,0,14,0,14,92,68,123,65,86,48,28,27,129,84,105,56,29,45,121,63,17,19,31,29,6,11,17,18,69,50,21,22,13,20,20,22
1400000US36047048800,"Census Tract 488, Kings County, New York",Brooklyn,4933,831,2529,506,153,89,360,159,169,97,131,82,114,86,53,60,15,24,99,66,113,92,153,91,145,84,153,58,100,84,144,82,155,102,89,81,70,58,119,121,35,31,94,61,49,42,0,14,16,30,2404,462,67,63,236,111,267,185,87,60,45,35,9,14,33,37,39,42,143,81,208,82,184,104,117,55,95,59,242,151,63,64,163,199,134,85,9,14,56,52,96,56,57,61,33,37,21,25
1400000US36047048900,"Census Tract 489, Kings County, New York",Brooklyn,3597,961,1334,530,243,182,301,349,218,202,136,122,0,14,87,99,0,14,12,22,84,117,0,14,0,14,0,14,82,85,0,14,117,122,0,14,40,42,14,21,0,14,0,14,0,14,0,14,0,14,2263,597,0,14,43,58,363,381,42,70,0,14,0,14,134,161,41,50,147,154,268,166,60,70,97,106,166,137,32,48,252,191,80,83,0,14,29,40,47,58,148,144,255,176,0,14,59,85
1400000US36047049000,"Census Tract 490, Kings County, New York",Brooklyn,5371,876,2647,647,307,210,187,174,277,156,84,79,34,43,1,2,44,71,30,34,105,89,138,70,393,220,303,223,152,108,224,151,145,101,17,28,23,38,0,19,30,48,23,39,106,105,0,19,24,39,2724,625,75,70,148,95,276,251,67,60,97,70,27,46,0,19,25,41,284,169,180,119,279,171,223,135,159,101,125,91,201,154,0,19,104,68,50,60,44,51,111,100,196,210,41,48,12,21
1400000US36047049100,"Census Tract 491, Kings County, New York",Brooklyn,6213,1122,2590,614,73,114,308,262,129,88,76,68,55,85,2,10,30,33,130,160,284,160,90,65,120,88,227,235,46,72,100,78,225,176,0,19,151,110,147,105,64,70,165,117,99,88,61,71,8,16,3623,723,102,153,91,104,217,226,60,78,132,170,0,19,0,19,103,84,238,121,219,165,195,154,203,238,16,24,187,115,304,149,135,86,275,149,62,69,106,77,143,100,277,145,98,90,460,296
1400000US36047049200,"Census Tract 492, Kings County, New York",Brooklyn,3115,568,1469,373,179,116,76,84,16,27,11,19,73,81,12,20,0,14,29,47,54,58,95,93,116,93,136,77,28,32,250,182,99,113,36,46,90,98,0,14,0,14,76,63,39,47,13,21,41,70,1646,339,107,79,141,113,97,87,81,81,0,14,0,14,0,14,61,43,94,44,210,142,172,110,101,98,139,98,53,52,92,71,0,14,12,18,21,28,75,67,109,87,44,36,37,42,0,14
1400000US36047049301,"Census Tract 493.01, Kings County, New York",Brooklyn,1941,525,690,205,130,178,13,22,37,41,21,30,29,43,2,8,0,14,9,17,83,77,133,122,15,24,0,14,10,17,39,61,28,25,46,46,0,14,20,23,0,14,16,27,15,15,29,29,15,26,1251,368,10,17,208,236,28,34,67,82,0,14,15,24,0,14,66,60,184,123,31,33,71,73,60,49,24,27,31,35,118,77,10,16,46,47,52,53,50,53,45,34,54,45,63,47,18,21
1400000US36047049302,"Census Tract 493.02, Kings County, New York",Brooklyn,4714,615,2320,401,109,107,0,14,56,92,25,38,0,14,11,16,67,103,19,30,634,304,259,117,305,146,205,69,118,123,64,102,165,170,27,48,22,35,82,100,59,69,80,95,0,14,0,14,13,22,2394,503,18,29,73,77,96,118,59,92,23,37,0,14,59,90,245,214,499,224,244,100,115,98,84,81,0,14,113,145,85,76,85,132,259,188,0,14,29,46,279,209,0,14,0,14,29,48
1400000US36047049400,"Census Tract 494, Kings County, New York",Brooklyn,5710,854,3279,910,135,117,147,123,117,119,182,165,0,19,115,165,0,19,126,126,160,201,365,321,475,355,306,256,251,147,306,233,85,93,2,4,131,89,18,30,254,183,50,35,22,26,19,37,13,13,2431,399,78,64,47,44,83,95,26,28,40,60,1,3,0,19,32,50,164,104,212,148,271,185,34,41,394,160,66,63,145,83,24,29,239,158,56,61,34,36,239,122,112,69,87,82,47,35
1400000US36047049500,"Census Tract 495, Kings County, New York",Brooklyn,3284,481,1441,231,53,41,54,77,56,88,64,80,0,14,0,14,0,14,42,50,173,101,240,91,105,61,305,113,68,32,106,73,72,76,33,36,14,22,0,14,0,14,56,52,0,14,0,14,0,14,1843,348,79,88,39,33,68,19,0,14,0,14,0,14,0,14,117,90,393,171,377,152,258,136,205,95,79,80,85,78,34,34,0,14,80,71,0,14,29,31,0,14,0,14,0,14,0,14
1400000US36047049600,"Census Tract 496, Kings County, New York",Brooklyn,4225,562,2556,440,140,79,107,79,187,135,153,95,213,177,6,11,14,24,202,115,135,137,163,120,204,97,89,64,182,76,211,105,72,50,55,61,10,13,31,30,101,72,100,89,38,32,70,82,73,107,1669,240,101,119,54,60,51,54,135,78,10,17,9,13,45,31,51,63,34,44,107,97,245,137,105,60,167,96,111,59,32,28,39,29,20,22,16,28,48,34,64,55,134,67,91,99,0,14
1400000US36047049700,"Census Tract 497, Kings County, New York",Brooklyn,3361,428,1629,279,143,74,44,46,20,31,22,30,25,39,0,14,1,14,29,42,287,123,310,103,188,81,139,61,90,56,160,67,43,47,16,25,20,29,11,17,12,19,0,14,0,14,47,45,22,31,1732,333,168,85,19,28,13,21,0,14,15,22,0,14,0,14,87,97,314,262,379,107,210,148,116,62,131,63,53,51,58,71,0,14,41,51,0,14,16,21,50,48,0,14,62,48,0,14
1400000US36047049800,"Census Tract 498, Kings County, New York",Brooklyn,3950,612,2275,461,190,133,285,132,44,50,72,50,35,40,49,45,39,60,59,48,346,340,178,92,132,79,161,100,125,64,70,65,170,67,69,85,101,68,0,14,53,42,43,43,41,38,9,15,4,13,1675,253,70,51,55,46,40,39,16,19,0,14,28,30,11,18,15,24,138,116,152,91,206,118,144,68,163,81,81,55,125,60,20,28,67,48,142,144,58,43,43,37,15,18,82,49,4,10
1400000US36047049900,"Census Tract 499, Kings County, New York",Brooklyn,2480,409,1105,209,74,49,17,25,60,66,0,14,0,14,0,14,0,14,86,73,232,118,152,95,133,79,125,77,42,33,89,63,50,51,0,14,14,24,12,20,1,3,2,4,16,25,0,14,0,14,1375,353,67,66,118,119,116,117,44,50,13,20,0,14,0,14,34,38,179,75,186,101,183,98,152,91,99,67,14,15,13,20,0,14,26,22,30,31,23,25,13,20,46,52,0,14,19,29
1400000US36047050001,"Census Tract 500.01, Kings County, New York",Brooklyn,2282,399,1172,253,42,32,58,34,79,31,8,14,8,13,0,14,0,14,0,14,30,29,25,19,39,28,97,26,159,94,123,68,160,135,0,14,24,30,6,9,17,18,83,62,75,61,122,160,17,16,1110,210,31,25,58,33,130,115,19,21,31,28,8,11,0,14,13,28,17,16,34,20,48,30,171,58,80,27,79,59,89,50,10,14,46,31,22,21,40,30,50,40,30,28,78,109,26,22
1400000US36047050002,"Census Tract 500.02, Kings County, New York",Brooklyn,1548,355,793,260,124,173,8,15,57,44,58,62,0,14,0,14,0,14,9,16,17,19,80,37,58,40,81,91,44,35,81,52,108,72,17,21,14,16,0,14,30,23,0,14,7,11,0,14,0,14,755,127,8,14,40,48,21,24,73,45,0,14,0,14,0,14,17,20,30,20,74,40,100,85,35,30,67,39,111,64,23,23,15,15,6,9,9,17,0,14,28,30,17,17,41,57,40,38
1400000US36047050100,"Census Tract 501, Kings County, New York",Brooklyn,3089,513,1520,276,105,103,8,14,132,145,0,14,0,14,0,14,0,14,15,23,300,111,201,102,191,73,138,109,84,53,70,51,28,30,0,14,63,68,0,14,15,23,67,58,46,59,30,33,27,24,1569,356,110,80,0,14,9,15,19,26,0,14,0,14,0,14,44,38,311,133,399,290,216,118,124,78,45,38,54,42,27,33,0,14,22,36,25,29,10,16,47,35,78,97,15,23,14,22
1400000US36047050202,"Census Tract 502.02, Kings County, New York",Brooklyn,2413,390,1041,290,59,48,56,40,70,48,12,19,0,14,8,14,0,14,17,29,46,56,85,53,90,65,81,44,20,23,86,54,109,74,0,14,30,35,14,22,12,19,182,202,50,44,0,14,14,22,1372,194,118,86,35,32,92,66,51,50,7,13,0,14,9,16,13,19,93,74,162,103,108,58,140,60,53,42,107,69,25,35,27,32,49,42,12,18,36,33,59,39,27,30,84,84,65,71
1400000US36047050300,"Census Tract 503, Kings County, New York",Brooklyn,2803,582,1552,529,34,53,36,58,11,18,0,14,0,14,52,58,0,14,231,231,292,223,283,147,263,114,116,67,55,60,38,33,83,83,0,14,45,37,0,14,0,14,0,14,0,14,0,14,13,21,1251,209,43,47,13,21,29,32,0,14,0,14,0,14,0,14,156,99,287,225,224,118,93,76,74,54,44,51,136,103,30,34,26,27,14,24,0,14,11,20,13,20,16,24,42,44,0,14
1400000US36047050401,"Census Tract 504.01, Kings County, New York",Brooklyn,2518,381,1149,241,108,63,62,48,26,37,49,59,0,14,0,14,0,14,1,3,63,58,91,81,133,60,165,92,72,51,37,43,77,75,81,81,43,57,73,77,1,3,14,23,12,18,0,14,41,48,1369,177,109,76,53,39,88,56,36,42,0,14,0,14,18,29,19,37,57,46,126,80,215,71,59,43,99,73,37,49,42,46,29,50,13,22,75,64,68,66,16,22,85,67,13,20,112,90
1400000US36047050402,"Census Tract 504.02, Kings County, New York",Brooklyn,1950,704,999,387,41,51,64,38,48,40,77,50,0,14,0,14,4,8,20,25,37,34,61,37,39,37,38,40,308,380,49,34,38,34,25,23,0,14,69,59,9,15,38,43,23,26,6,11,5,9,951,337,6,10,43,45,48,39,62,46,0,14,0,14,10,16,12,14,37,34,35,30,44,36,286,336,119,52,87,50,5,8,13,15,33,31,0,14,0,14,57,52,34,37,10,15,10,13
1400000US36047050500,"Census Tract 505, Kings County, New York",Brooklyn,4121,849,1847,654,211,300,0,14,75,89,25,41,96,106,0,14,0,14,0,14,147,162,460,363,121,91,204,126,67,83,45,86,101,99,48,62,0,14,0,14,74,76,125,140,0,14,0,14,48,72,2274,409,76,77,0,14,57,76,124,147,0,14,0,14,0,14,103,105,280,131,436,215,203,145,55,64,122,91,82,86,145,92,40,64,112,129,0,14,14,26,75,86,199,163,151,177,0,14
1400000US36047050600,"Census Tract 506, Kings County, New York",Brooklyn,5233,1153,2550,855,74,73,68,84,200,196,90,64,68,69,0,19,0,19,273,276,93,65,181,80,330,110,124,74,90,61,425,380,161,115,38,37,25,24,0,19,125,75,100,47,66,64,0,19,19,28,2683,412,0,19,120,78,60,45,33,31,123,72,0,19,48,43,130,86,184,80,280,113,214,93,146,71,129,78,280,73,25,27,39,36,61,48,308,297,236,125,114,68,68,68,31,33,54,51
1400000US36047050700,"Census Tract 507, Kings County, New York",Brooklyn,4369,738,2346,549,296,118,559,184,468,250,122,80,63,56,32,31,0,14,93,60,120,78,179,131,148,58,78,54,31,30,58,49,9,14,0,14,66,49,0,14,0,14,4,10,10,15,0,14,10,12,2023,311,583,157,252,124,117,67,199,81,40,41,75,55,0,14,68,62,179,107,64,45,233,87,55,38,42,33,27,38,9,13,0,14,27,32,9,14,0,14,32,25,12,14,0,14,0,14
1400000US36047050801,"Census Tract 508.01, Kings County, New York",Brooklyn,3910,665,1733,419,158,131,98,90,116,103,26,41,16,21,0,14,47,67,64,88,119,82,344,144,191,109,71,83,68,50,96,81,97,95,25,29,24,38,0,14,70,45,44,64,0,14,0,14,59,53,2177,331,120,90,271,115,15,23,150,215,14,23,0,14,0,14,101,84,229,111,257,120,83,53,109,81,141,73,155,89,104,83,82,80,41,42,67,49,48,61,51,62,56,55,20,29,63,75
1400000US36047050803,"Census Tract 508.03, Kings County, New York",Brooklyn,2282,470,1291,425,55,74,13,41,82,80,9,12,13,20,32,26,0,14,59,57,253,150,260,165,126,75,112,88,85,82,39,47,57,50,16,42,1,5,2,3,32,38,23,30,0,14,0,14,22,35,991,215,10,16,0,14,8,13,9,14,0,14,31,41,12,19,57,61,105,82,177,100,93,69,31,45,82,66,90,50,68,80,9,14,61,50,0,14,16,17,44,54,41,50,38,61,9,14
1400000US36047050804,"Census Tract 508.04, Kings County, New York",Brooklyn,6637,1019,3416,571,259,197,137,82,177,149,215,133,56,63,130,77,0,19,57,62,142,92,592,230,205,108,278,163,132,88,338,231,229,123,24,41,67,76,41,57,127,80,29,41,181,77,0,19,0,19,3221,726,274,262,103,85,79,63,152,148,37,63,0,19,0,19,0,19,311,180,520,216,264,128,388,235,28,41,243,233,221,120,38,52,151,167,104,98,119,133,119,80,13,31,57,68,0,19
1400000US36047050900,"Census Tract 509, Kings County, New York",Brooklyn,5206,1250,2602,681,453,205,533,329,238,123,165,127,15,30,0,19,0,19,81,78,242,130,221,146,148,116,86,67,132,101,13,20,130,84,37,61,17,26,0,19,0,19,91,108,0,19,0,19,0,19,2604,667,678,359,315,141,192,135,234,160,119,84,0,19,0,19,77,77,418,220,61,54,0,19,51,62,104,83,117,76,69,67,68,107,91,76,10,14,0,19,0,19,0,19,0,19,0,19
1400000US36047051001,"Census Tract 510.01, Kings County, New York",Brooklyn,4488,1017,2131,586,357,330,92,100,112,103,46,46,0,14,24,38,35,42,104,54,378,267,42,58,176,100,18,37,311,206,166,116,39,46,0,14,54,58,19,31,56,62,12,19,52,47,0,14,38,59,2357,590,117,76,174,166,363,220,0,14,22,34,0,14,13,20,95,89,176,112,126,74,155,68,239,253,162,114,140,85,207,123,142,124,0,14,0,14,46,53,49,42,38,48,74,64,19,31
1400000US36047051002,"Census Tract 510.02, Kings County, New York",Brooklyn,3675,470,1869,316,16,26,69,51,136,76,63,60,68,65,0,14,24,38,23,28,259,162,159,83,193,81,172,85,69,71,121,80,136,102,119,109,22,25,22,19,68,64,75,68,55,53,0,14,0,14,1806,305,119,80,83,73,76,59,0,14,0,14,28,44,23,37,59,34,246,103,207,74,119,58,46,37,145,84,141,82,77,87,37,45,87,60,0,14,97,66,144,85,26,40,30,38,16,26
1400000US36047051100,"Census Tract 511, Kings County, New York",Brooklyn,3817,578,1778,284,0,14,49,55,53,59,44,53,6,10,12,21,0,14,103,121,368,169,277,119,239,140,194,96,25,33,66,55,28,29,9,15,43,46,85,66,51,33,70,52,26,39,30,48,0,14,2039,461,135,110,0,14,22,34,0,14,0,14,20,32,0,14,107,88,545,340,227,120,41,49,36,42,120,73,39,40,48,47,77,65,95,83,89,73,136,72,186,98,96,88,7,11,13,20
1400000US36047051200,"Census Tract 512, Kings County, New York",Brooklyn,6227,1128,3027,659,103,122,0,19,339,206,165,115,128,174,44,66,128,198,75,76,291,236,203,128,257,179,235,155,243,122,206,122,392,224,18,29,33,55,57,71,36,43,0,19,0,19,21,37,53,89,3200,753,148,130,32,49,84,80,234,142,0,19,27,43,0,19,33,43,658,414,221,141,287,184,270,155,216,152,233,149,196,114,43,44,59,58,22,36,159,249,131,96,127,119,20,37,0,19
1400000US36047051300,"Census Tract 513, Kings County, New York",Brooklyn,5970,803,2738,527,160,115,98,95,0,19,104,132,23,36,26,41,0,19,23,37,531,248,787,315,385,134,168,122,166,121,21,33,62,55,34,56,52,72,0,19,27,45,71,64,0,19,0,19,0,19,3232,541,238,182,132,118,141,145,36,55,36,58,0,19,0,19,71,55,465,207,766,256,459,236,84,69,137,92,41,58,77,74,49,57,301,200,0,19,111,158,12,20,11,23,43,48,22,38
1400000US36047051400,"Census Tract 514, Kings County, New York",Brooklyn,7213,888,3478,585,107,89,190,166,345,205,117,112,62,93,55,91,61,96,142,123,198,163,235,162,285,164,461,344,83,61,92,86,536,190,62,70,130,100,53,60,78,79,60,68,22,35,64,75,40,58,3735,467,111,99,167,117,244,168,126,116,0,19,92,94,25,41,169,135,209,181,307,148,514,195,213,165,397,228,281,136,178,120,211,168,125,137,38,46,94,92,115,84,79,97,0,19,40,46
1400000US36047051500,"Census Tract 515, Kings County, New York",Brooklyn,2891,411,1611,214,115,44,13,17,126,122,0,14,0,14,0,14,0,14,30,46,251,114,382,130,322,142,171,74,75,50,35,27,34,51,56,74,0,14,0,14,0,14,0,14,0,14,0,14,1,5,1280,233,163,46,94,97,11,16,0,14,0,14,0,14,11,18,29,45,176,73,276,102,211,76,138,96,117,118,19,20,11,17,1,3,3,3,6,9,14,21,0,14,0,14,0,14,0,14
1400000US36047051601,"Census Tract 516.01, Kings County, New York",Brooklyn,4936,693,2243,526,175,138,59,70,165,110,53,53,35,57,80,97,33,51,68,63,193,128,236,165,147,96,63,56,97,81,181,94,275,118,82,71,52,61,55,59,7,11,75,72,69,64,43,50,0,14,2693,409,182,150,116,85,83,79,59,48,39,46,45,61,58,50,221,141,248,131,215,112,171,89,216,113,108,69,186,96,201,97,75,55,101,83,53,51,67,63,115,76,121,99,7,11,6,10
1400000US36047051602,"Census Tract 516.02, Kings County, New York",Brooklyn,3477,671,1714,475,41,54,22,38,103,91,220,171,28,41,21,42,27,42,25,33,68,59,194,144,102,102,182,154,256,203,69,73,32,43,59,67,81,78,35,44,88,87,41,49,0,14,20,26,0,14,1763,299,118,188,24,34,90,76,0,14,39,46,40,62,0,14,130,111,154,82,181,128,121,105,48,45,198,168,19,31,122,94,49,57,50,58,18,21,81,66,170,136,62,60,18,14,31,33
1400000US36047051700,"Census Tract 517, Kings County, New York",Brooklyn,3087,499,1378,302,48,56,15,24,70,98,51,47,0,14,0,14,0,14,118,178,135,67,195,78,226,105,150,71,108,65,100,77,95,93,0,14,0,14,34,50,0,14,11,18,0,14,22,26,0,14,1709,313,216,90,58,52,20,32,63,58,0,14,0,14,0,14,126,159,205,113,348,124,206,90,114,75,90,59,113,84,54,85,15,23,21,29,0,14,21,26,0,14,18,28,0,14,21,27
1400000US36047051800,"Census Tract 518, Kings County, New York",Brooklyn,3391,486,1750,383,91,85,79,62,83,65,36,30,0,14,13,24,19,31,61,78,200,235,289,242,158,64,150,85,106,52,127,68,55,44,7,14,80,70,23,36,45,39,24,25,51,40,34,31,19,31,1641,247,125,81,24,31,42,46,53,51,11,18,39,40,0,14,24,28,125,76,176,87,196,89,129,62,175,127,97,54,71,58,17,30,13,16,31,32,39,36,106,70,23,26,45,37,80,54
1400000US36047051900,"Census Tract 519, Kings County, New York",Brooklyn,6051,798,3336,648,230,235,21,36,0,19,32,45,0,19,0,19,0,19,20,33,520,218,858,231,885,552,291,175,112,65,74,78,188,199,17,26,6,11,0,19,0,19,7,7,75,66,0,19,0,19,2715,304,82,70,0,19,30,44,112,120,0,19,0,19,0,19,36,46,996,199,654,150,289,147,35,44,106,126,136,122,99,84,0,19,12,20,0,19,16,26,0,19,106,65,6,30,0,19
1400000US36047052000,"Census Tract 520, Kings County, New York",Brooklyn,3511,735,1694,424,112,54,150,83,54,53,84,82,0,14,1,7,0,14,19,17,97,70,139,72,243,214,188,108,83,56,12,17,138,73,56,58,44,44,56,53,59,33,112,116,47,34,0,14,0,14,1817,359,213,101,63,54,52,55,25,24,28,35,4,6,11,14,9,14,92,83,112,58,213,83,129,72,95,65,78,53,162,79,9,12,112,68,87,57,31,27,87,67,188,220,17,18,0,14
1400000US36047052300,"Census Tract 523, Kings County, New York",Brooklyn,5077,686,2174,496,0,19,47,71,28,49,0,19,0,19,0,19,0,19,450,222,570,200,201,124,445,233,70,79,92,79,10,16,90,59,0,19,28,47,0,19,12,33,101,123,30,47,0,19,0,19,2903,371,143,95,63,72,168,114,57,81,53,70,0,19,0,19,450,282,294,176,153,105,192,116,168,102,184,118,168,131,98,86,0,19,149,73,0,19,90,84,154,109,133,91,55,62,131,77
1400000US36047052500,"Census Tract 525, Kings County, New York",Brooklyn,3321,734,1619,328,103,89,89,86,142,144,69,60,0,14,23,47,0,14,21,33,253,138,141,103,145,93,200,131,25,39,64,79,127,67,17,28,46,44,0,14,27,37,28,35,43,46,0,14,56,50,1702,480,297,126,75,81,157,209,50,72,0,14,25,38,38,65,60,59,184,97,123,86,128,82,36,53,32,42,70,50,38,37,49,80,66,56,26,36,26,36,48,54,85,65,25,40,64,58
1400000US36047052600,"Census Tract 526, Kings County, New York",Brooklyn,3938,544,1953,386,167,170,116,79,225,183,63,45,12,13,0,14,0,14,0,14,227,99,233,146,272,104,100,56,129,123,51,41,120,67,17,27,59,50,14,20,9,13,89,61,13,22,0,14,37,30,1985,293,166,93,70,64,58,81,0,14,22,24,0,14,32,40,7,14,158,75,155,65,216,87,209,97,142,88,196,112,177,89,0,14,126,89,11,17,27,30,98,61,83,63,13,20,19,22
1400000US36047052700,"Census Tract 527, Kings County, New York",Brooklyn,5553,841,2707,602,280,199,63,94,178,115,105,115,48,73,30,49,116,147,101,148,483,197,248,128,180,131,94,88,128,106,188,150,58,77,0,19,107,118,0,19,53,62,51,77,196,195,0,19,0,19,2846,448,30,48,160,141,113,91,1,2,28,46,0,19,17,37,106,103,411,204,344,161,267,179,177,115,372,196,66,60,179,152,17,29,25,49,40,48,0,19,279,198,149,143,65,106,0,19
1400000US36047052800,"Census Tract 528, Kings County, New York",Brooklyn,1764,249,881,163,87,45,46,29,58,46,21,22,0,14,9,13,0,14,16,16,75,49,43,27,19,17,122,110,68,43,32,23,33,27,21,23,49,37,33,23,39,46,59,47,29,20,22,21,0,14,883,142,58,40,33,16,33,18,40,33,29,25,0,14,9,13,45,35,94,38,59,41,60,40,48,25,90,51,52,32,48,28,22,18,24,33,0,14,39,21,23,20,37,23,15,15,25,27
1400000US36047052900,"Census Tract 529, Kings County, New York",Brooklyn,3723,1268,1961,925,310,310,186,270,195,204,156,249,27,43,106,98,0,14,30,50,277,202,71,76,45,43,49,51,141,227,38,51,9,31,12,20,49,94,0,14,151,174,74,78,35,60,0,14,0,14,1762,448,119,108,120,155,150,245,51,99,18,30,20,35,0,14,77,84,172,145,395,317,0,14,23,37,151,245,69,102,0,14,46,87,57,77,0,14,169,175,105,124,0,14,0,14,20,34
1400000US36047053000,"Census Tract 530, Kings County, New York",Brooklyn,3329,736,1740,703,86,53,68,51,59,45,53,35,21,19,28,23,0,14,66,44,211,261,219,227,61,33,241,204,64,43,27,27,96,59,2,4,15,18,86,78,211,123,71,46,7,12,5,10,43,43,1589,256,67,47,113,67,60,58,64,44,28,22,3,9,14,15,37,33,128,55,142,88,112,74,115,68,83,48,62,35,93,48,27,28,55,38,91,77,106,88,105,73,37,48,45,45,2,3
1400000US36047053101,"Census Tract 531.01, Kings County, New York",Brooklyn,3020,621,1483,341,145,104,239,103,170,78,253,133,57,57,136,82,0,14,108,92,0,14,12,19,94,62,0,14,130,64,56,77,0,14,0,14,17,26,0,14,53,30,13,21,0,14,0,14,0,14,1537,334,175,84,216,99,386,253,36,47,86,73,20,32,150,77,14,22,40,44,10,17,94,60,95,54,130,80,0,14,0,14,0,14,18,30,0,14,67,35,0,14,0,14,0,14,0,14
1400000US36047053102,"Census Tract 531.02, Kings County, New York",Brooklyn,7846,1697,3996,939,454,217,744,368,716,253,391,248,331,169,108,97,0,19,120,103,104,95,70,83,122,93,231,171,345,218,146,127,0,19,56,67,58,72,0,19,0,19,0,19,0,19,0,19,0,19,3850,955,461,321,575,279,620,293,553,290,137,118,0,19,38,61,255,211,144,95,92,86,139,103,335,234,305,138,79,74,69,94,32,48,9,15,0,19,0,19,0,19,0,19,0,19,7,24
1400000US36047053200,"Census Tract 532, Kings County, New York",Brooklyn,2280,343,1019,217,93,70,38,26,14,18,9,14,32,40,0,14,4,7,51,24,63,41,94,52,50,34,6,10,79,47,24,18,94,56,31,22,17,18,66,47,166,147,30,35,42,37,7,10,9,13,1261,187,99,78,67,34,56,28,44,34,43,26,0,14,31,38,68,55,84,49,99,64,60,30,36,23,70,26,65,53,49,28,55,44,89,55,49,40,21,18,57,31,50,47,34,24,35,35
1400000US36047053300,"Census Tract 533, Kings County, New York",Brooklyn,6551,1223,3020,590,486,208,370,198,296,174,110,105,101,102,93,84,18,28,139,118,149,93,103,111,0,19,145,113,248,174,86,88,66,73,65,95,57,83,27,43,47,76,110,124,59,94,60,94,185,182,3531,757,433,201,453,219,454,250,295,198,133,93,51,64,45,50,155,120,169,109,131,116,24,39,197,134,162,187,129,78,26,29,73,90,48,77,26,42,54,74,158,144,125,135,108,105,82,108
1400000US36047053400,"Census Tract 534, Kings County, New York",Brooklyn,4620,711,2213,402,132,110,174,102,270,160,118,79,84,95,9,12,4,17,111,69,235,112,184,140,137,87,79,59,73,75,25,20,85,55,34,43,31,36,180,174,35,31,65,39,29,33,38,40,81,59,2407,412,312,163,71,57,227,169,153,130,63,56,28,38,4,8,83,66,219,111,101,81,111,77,261,214,107,54,105,85,142,83,31,43,62,62,78,34,101,64,22,22,66,56,15,22,45,61
1400000US36047053500,"Census Tract 535, Kings County, New York",Brooklyn,4611,1305,2600,972,401,356,442,350,482,309,174,152,38,50,0,14,0,14,111,113,189,110,47,59,91,108,37,48,28,44,37,43,73,105,0,14,86,100,71,80,29,44,206,175,36,45,0,14,22,35,2011,442,378,269,220,142,87,93,81,71,75,73,105,104,10,18,25,38,124,113,88,67,63,98,36,47,70,101,57,65,89,84,0,14,198,146,0,14,28,42,238,179,25,40,14,22,0,14
1400000US36047053700,"Census Tract 537, Kings County, New York",Brooklyn,4803,824,2603,580,593,276,680,216,174,91,218,123,49,50,0,14,0,14,52,49,150,94,173,84,57,61,87,50,35,33,26,27,44,45,39,53,54,46,6,12,25,23,81,47,47,50,6,10,7,15,2200,358,498,206,298,96,255,103,126,63,78,57,25,26,0,14,51,48,206,124,72,49,109,85,92,55,32,34,41,37,12,20,40,39,56,53,0,14,38,34,70,45,60,57,12,29,29,38
1400000US36047053800,"Census Tract 538, Kings County, New York",Brooklyn,5186,988,2330,627,102,147,276,264,223,148,4,2,20,34,0,19,0,19,120,72,97,96,278,173,158,95,168,114,106,95,61,72,146,87,34,61,110,90,23,39,114,126,135,108,142,119,0,19,13,23,2856,521,136,108,254,168,169,96,9,14,0,19,0,19,0,19,10,21,70,68,461,201,132,83,66,67,134,118,208,130,155,117,122,106,138,103,136,168,0,19,335,181,87,92,70,69,164,114
1400000US36047053900,"Census Tract 539, Kings County, New York",Brooklyn,2470,335,1060,243,129,113,27,25,91,60,37,31,42,44,16,21,0,14,47,55,66,61,22,25,12,18,44,33,66,50,9,11,50,43,0,14,62,63,66,71,12,25,101,68,35,31,0,14,126,124,1410,159,52,29,162,61,148,65,124,72,73,52,0,14,0,14,27,43,37,35,11,19,47,55,45,37,128,77,68,49,88,63,0,14,108,65,80,67,27,25,116,66,0,14,55,51,14,22
1400000US36047054200,"Census Tract 542, Kings County, New York",Brooklyn,4061,706,2265,479,186,164,138,134,296,137,165,107,9,14,12,21,29,38,65,63,215,126,67,52,20,27,197,84,113,91,105,81,124,94,0,14,30,37,87,79,122,112,54,48,73,56,69,48,89,80,1796,310,70,57,71,75,8,14,90,54,30,26,11,19,8,12,47,34,79,70,97,71,175,90,141,87,273,143,69,49,24,31,24,31,110,81,52,49,20,31,168,85,81,99,25,28,123,96
1400000US36047054300,"Census Tract 543, Kings County, New York",Brooklyn,0,14,0,14,0,14,0,14,0,14,0,14,0,14,0,14,0,14,0,14,0,14,0,14,0,14,0,14,0,14,0,14,0,14,0,14,0,14,0,14,0,14,0,14,0,14,0,14,0,14,0,14,0,14,0,14,0,14,0,14,0,14,0,14,0,14,0,14,0,14,0,14,0,14,0,14,0,14,0,14,0,14,0,14,0,14,0,14,0,14,0,14,0,14,0,14,0,14
1400000US36047054400,"Census Tract 544, Kings County, New York",Brooklyn,3544,527,1602,303,200,134,52,50,70,59,41,40,16,25,0,14,38,50,48,43,24,18,130,88,167,98,53,52,16,25,47,45,113,66,50,40,56,41,140,100,55,52,214,141,29,43,23,37,20,31,1942,297,120,89,280,124,114,36,38,39,45,52,0,14,30,28,58,44,82,56,116,91,160,80,52,37,28,33,122,67,139,73,153,114,72,45,40,33,111,67,117,94,13,28,25,33,27,45
1400000US36047054500,"Census Tract 545, Kings County, New York",Brooklyn,8349,1896,3191,935,347,293,64,72,707,362,94,146,205,193,0,19,88,118,149,149,100,129,224,179,185,262,93,117,148,172,75,89,135,142,0,19,241,247,26,42,101,121,110,107,33,59,0,19,66,101,5158,1225,326,437,760,511,360,391,683,409,353,201,0,19,0,19,192,260,358,327,102,131,341,215,37,62,363,265,193,183,194,177,0,19,228,259,0,19,122,125,192,131,117,175,0,19,237,253
1400000US36047054600,"Census Tract 546, Kings County, New York",Brooklyn,5373,739,2953,579,351,243,144,99,360,182,125,116,0,19,2,7,115,115,88,72,108,105,269,185,89,96,252,156,249,194,58,64,332,332,124,134,23,36,43,68,93,93,40,35,20,33,54,66,14,25,2420,284,90,82,175,145,61,90,43,76,0,19,10,17,28,60,12,23,385,182,107,79,172,141,421,193,173,121,158,106,105,107,77,79,99,105,69,78,104,87,68,68,38,46,6,19,19,30
1400000US36047054700,"Census Tract 547, Kings County, New York",Brooklyn,9666,1443,4724,681,1070,369,357,178,431,251,160,122,137,162,0,19,0,19,333,204,421,216,519,215,459,220,345,216,158,95,103,84,85,107,31,48,5,7,0,19,18,27,53,61,39,61,0,19,0,19,4942,1015,928,521,804,371,567,341,86,103,42,69,0,19,67,74,247,201,537,209,498,206,371,177,194,182,119,95,35,38,117,121,30,47,26,41,33,36,48,54,92,92,40,58,26,45,35,47
1400000US36047054800,"Census Tract 548, Kings County, New York",Brooklyn,2304,419,1119,342,158,140,65,79,152,243,34,48,14,24,30,39,7,11,0,14,197,94,77,94,66,66,31,35,51,61,38,39,59,53,0,14,0,14,48,59,20,23,13,11,32,31,7,9,20,21,1185,242,213,137,20,33,23,34,15,21,0,14,0,14,8,12,122,83,44,67,198,159,44,40,72,77,5,6,70,48,37,36,23,24,67,72,23,21,52,45,24,26,13,13,13,19,99,59
1400000US36047054900,"Census Tract 549, Kings County, New York",Brooklyn,4530,858,2192,465,73,84,313,128,192,87,72,83,53,80,29,32,0,14,77,72,292,98,294,129,417,183,111,86,99,70,22,25,46,53,47,71,31,51,23,33,0,14,1,4,0,14,0,14,0,14,2338,483,210,158,78,87,183,114,111,105,27,33,5,8,0,14,80,100,360,152,371,120,312,154,169,123,105,67,69,53,127,100,23,32,11,17,0,14,59,54,0,14,38,59,0,14,0,14
1400000US36047055000,"Census Tract 550, Kings County, New York",Brooklyn,3408,528,1779,333,129,84,142,104,84,63,125,85,0,14,25,42,8,13,35,30,56,48,135,58,149,77,54,45,66,51,134,78,172,87,57,59,65,45,82,58,23,29,113,92,40,39,30,23,55,58,1629,254,34,36,39,61,97,69,69,50,43,33,0,14,0,14,59,52,30,32,144,59,201,94,94,57,53,46,100,62,101,73,28,28,97,56,26,23,93,89,74,51,94,76,102,64,51,44
1400000US36047055100,"Census Tract 551, Kings County, New York",Brooklyn,6185,673,2932,539,93,94,106,99,21,38,0,19,0,19,0,19,0,19,42,48,793,326,476,181,344,166,330,154,234,156,103,95,23,26,92,112,0,19,0,19,0,19,21,32,76,141,0,19,178,263,3253,468,317,174,157,139,69,70,42,53,0,19,0,19,0,19,40,49,325,154,454,161,582,210,342,159,224,147,43,48,35,40,134,156,6,16,9,19,24,37,179,217,249,242,22,36,0,19
1400000US36047055200,"Census Tract 552, Kings County, New York",Brooklyn,3359,522,1759,407,230,75,104,102,0,14,0,14,11,17,0,14,0,14,63,57,65,47,45,40,142,88,76,53,220,159,91,100,203,200,16,25,17,25,209,135,113,76,35,29,29,28,73,95,17,22,1600,263,159,85,38,49,8,14,14,22,0,14,2,6,9,16,49,53,105,57,37,33,174,81,100,94,56,66,52,38,115,110,149,112,94,65,75,78,81,53,39,38,64,48,63,58,117,165
1400000US36047055300,"Census Tract 553, Kings County, New York",Brooklyn,3605,676,1930,376,69,56,17,29,27,29,1,2,152,189,12,18,0,14,218,175,376,148,126,67,189,84,174,138,125,90,122,107,59,56,0,14,70,66,0,14,124,115,0,14,57,50,12,18,0,14,1675,385,100,56,0,14,23,37,91,100,95,136,0,14,17,35,30,28,360,125,213,95,122,68,198,210,36,39,89,82,91,64,0,14,34,35,5,12,0,14,99,85,38,52,34,41,0,14
1400000US36047055400,"Census Tract 554, Kings County, New York",Brooklyn,3989,619,1766,384,141,98,152,123,65,48,38,30,8,14,58,89,19,29,74,60,188,217,142,77,175,85,82,57,38,32,104,69,114,75,32,36,48,44,61,70,63,61,64,54,0,14,84,73,16,26,2223,360,174,96,116,71,54,52,0,14,21,19,0,14,33,36,108,121,113,72,167,100,179,75,172,123,151,129,118,70,236,86,83,60,101,62,28,27,73,76,128,67,65,59,48,43,55,63
1400000US36047055500,"Census Tract 555, Kings County, New York",Brooklyn,8974,1157,4362,737,357,226,10,22,141,193,7,15,0,19,24,43,17,26,123,140,867,301,1229,376,493,273,262,126,354,246,103,112,161,100,28,32,74,83,0,19,9,16,43,67,60,77,0,19,0,19,4612,690,544,272,155,150,98,94,135,91,0,19,50,73,0,19,41,47,1052,413,998,311,410,286,414,174,218,117,85,79,214,229,40,52,67,78,0,19,0,19,91,82,0,19,0,19,0,19
1400000US36047055600,"Census Tract 556, Kings County, New York",Brooklyn,3353,570,1636,413,103,81,95,63,92,97,141,110,11,17,1,2,63,88,17,20,97,100,193,109,92,63,34,36,147,79,42,62,21,24,15,14,52,47,72,65,126,82,56,57,73,91,7,11,86,81,1717,267,289,163,43,49,24,27,88,90,75,89,0,14,0,14,22,21,110,54,102,61,55,50,54,39,87,84,82,82,52,50,139,125,119,75,16,18,30,27,119,75,59,49,103,76,49,57
1400000US36047055700,"Census Tract 557, Kings County, New York",Brooklyn,1702,375,739,228,34,37,0,14,19,30,0,14,0,14,0,14,0,14,0,14,149,100,192,80,198,186,40,37,0,14,0,14,91,66,0,14,0,14,0,14,0,14,16,26,0,14,0,14,0,14,963,206,104,102,0,14,16,25,19,31,0,14,0,14,0,14,47,52,223,133,229,93,177,101,0,14,54,57,16,24,34,39,14,21,0,14,14,22,0,14,16,24,0,14,0,14,0,14
1400000US36047055800,"Census Tract 558, Kings County, New York",Brooklyn,2145,304,1029,154,130,59,65,43,42,37,41,45,39,43,3,4,0,14,35,27,61,44,76,45,47,39,103,57,85,41,66,59,57,31,8,12,77,56,0,14,16,17,21,19,18,21,21,22,18,18,1116,209,90,50,48,42,74,73,7,10,2,5,0,14,0,14,25,20,37,27,85,50,49,32,92,50,114,52,93,66,52,31,17,21,27,24,32,45,28,31,40,36,23,31,51,46,130,105
1400000US36047056000,"Census Tract 560, Kings County, New York",Brooklyn,3477,559,1561,356,74,59,154,107,92,81,35,37,16,22,16,24,8,12,20,24,154,91,106,72,68,47,181,135,170,89,68,58,50,42,17,26,38,38,66,55,53,47,15,22,21,33,124,88,15,18,1916,295,128,101,178,92,101,46,68,93,1,2,21,25,0,14,48,43,30,25,158,94,284,116,80,71,71,71,52,46,112,63,34,42,15,17,53,47,94,66,151,95,27,44,127,107,83,59
1400000US36047056100,"Census Tract 561, Kings County, New York",Brooklyn,3698,554,1943,376,63,44,86,56,6,12,40,44,53,47,0,14,11,16,185,256,247,121,230,69,258,108,142,66,171,91,170,87,50,44,61,50,77,60,0,14,0,14,29,29,21,25,43,71,0,14,1755,305,57,54,9,13,43,48,0,14,9,15,0,14,0,14,233,169,283,113,206,79,157,76,93,60,254,100,43,40,89,92,25,28,9,14,43,43,37,41,136,80,20,24,0,14,9,15
1400000US36047056200,"Census Tract 562, Kings County, New York",Brooklyn,1779,379,966,222,137,55,174,60,92,54,0,14,5,8,0,14,4,6,0,14,93,83,56,35,74,39,4,7,34,24,0,14,36,24,32,27,25,41,52,75,13,12,55,36,42,30,26,20,12,12,813,194,124,55,84,40,91,78,15,16,0,14,0,14,0,14,5,7,24,22,97,49,82,72,5,8,15,17,28,23,78,79,0,14,20,26,19,17,29,28,19,17,55,31,10,12,13,14
1400000US36047056301,"Census Tract 563.01, Kings County, New York",Brooklyn,4688,690,2593,630,214,138,86,74,50,35,17,27,1,2,1,2,0,14,71,54,260,171,684,466,390,155,167,100,101,72,67,73,229,133,0,14,8,20,19,33,19,29,22,36,35,57,49,78,103,98,2095,256,67,58,42,30,0,14,52,57,0,14,0,14,17,40,70,85,294,104,451,161,192,121,385,138,79,79,75,65,125,103,0,14,55,45,18,33,0,14,62,69,0,14,31,50,80,100
1400000US36047056302,"Census Tract 563.02, Kings County, New York",Brooklyn,2449,371,1050,226,59,76,101,83,85,69,11,13,0,14,0,14,3,8,3,5,103,80,279,141,202,90,66,52,75,70,0,14,0,14,0,14,16,23,27,29,0,14,0,14,20,32,0,14,0,14,1399,274,46,53,73,59,55,50,6,10,2,7,0,14,0,14,6,11,92,91,473,218,216,84,94,70,94,88,123,100,43,43,0,14,9,14,52,47,0,14,7,15,8,13,0,14,0,14
1400000US36047056400,"Census Tract 564, Kings County, New York",Brooklyn,2631,409,1181,194,114,71,102,96,21,30,20,25,0,14,0,14,0,14,22,21,102,68,47,39,89,68,106,91,53,36,44,33,99,47,0,14,117,89,19,22,38,36,58,30,34,35,81,74,15,18,1450,265,92,77,136,84,0,14,0,14,0,14,14,19,0,14,12,17,72,42,98,40,79,62,85,71,22,17,150,82,46,31,49,40,79,70,56,38,79,64,93,49,169,107,85,74,34,39
1400000US36047056500,"Census Tract 565, Kings County, New York",Brooklyn,3332,336,1692,185,105,47,40,45,0,14,0,14,0,14,0,14,0,14,13,28,149,85,459,138,214,91,170,70,225,127,106,92,13,20,21,35,20,23,7,13,18,23,20,22,75,42,24,27,13,20,1640,271,114,90,0,14,5,16,0,14,0,14,0,14,0,14,55,71,148,98,402,122,290,179,102,71,193,127,5,16,13,33,10,16,43,35,0,14,37,34,66,55,77,54,0,14,80,88
1400000US36047056600,"Census Tract 566, Kings County, New York",Brooklyn,2287,462,993,145,94,68,25,19,66,24,20,24,0,14,0,14,6,10,19,25,42,39,59,42,36,23,59,34,72,44,96,52,87,44,11,12,105,59,35,25,15,17,101,60,22,17,14,15,9,11,1294,438,12,12,67,55,18,19,32,22,28,29,0,14,6,9,17,15,15,14,77,42,108,55,64,49,47,34,74,52,75,40,317,433,56,41,42,34,28,21,84,41,44,31,22,16,61,43
1400000US36047056800,"Census Tract 568, Kings County, New York",Brooklyn,1319,303,642,145,23,23,19,15,125,85,6,9,0,14,7,10,0,14,7,8,12,11,33,20,59,35,16,13,16,25,33,25,63,47,46,42,25,16,30,30,38,31,64,45,11,9,6,9,3,6,677,188,28,27,40,54,73,77,0,14,5,7,7,8,0,14,0,14,13,17,15,17,57,26,32,48,46,43,37,41,60,31,30,21,48,41,43,42,25,22,78,44,3,6,14,10,23,18
1400000US36047056900,"Census Tract 569, Kings County, New York",Brooklyn,1662,206,739,161,30,33,19,21,0,14,6,10,9,13,0,14,0,14,34,22,106,43,120,47,85,37,119,92,30,32,41,38,9,13,0,14,11,17,9,12,0,14,13,21,33,54,35,58,30,18,923,122,14,14,10,15,51,58,0,14,0,14,0,14,0,14,42,24,126,55,223,80,120,50,50,35,50,30,30,23,45,25,0,14,8,11,11,20,0,14,22,33,82,66,31,18,8,13
1400000US36047057000,"Census Tract 570, Kings County, New York",Brooklyn,3480,429,1522,304,36,43,48,39,29,33,33,34,4,7,39,40,0,14,35,27,54,38,169,142,70,44,39,33,27,25,22,31,144,64,58,35,81,47,65,41,48,28,372,280,68,47,31,25,50,38,1958,266,195,138,52,46,44,45,37,43,0,14,0,14,0,14,0,14,76,35,130,133,103,45,33,25,72,53,43,39,155,60,93,45,81,42,147,137,102,74,176,66,99,45,137,74,183,100
1400000US36047057100,"Census Tract 571, Kings County, New York",Brooklyn,3923,542,1634,306,57,90,23,39,0,14,62,58,38,59,0,14,0,14,16,28,136,89,357,146,251,107,226,133,84,68,59,56,126,106,27,45,0,14,0,14,0,14,66,75,0,14,43,54,63,71,2289,378,155,135,127,116,162,81,0,14,27,47,0,14,0,14,94,107,259,121,338,182,188,137,287,123,18,28,128,87,169,91,1,4,47,66,19,32,15,25,32,40,43,49,106,88,74,88
1400000US36047057200,"Census Tract 572, Kings County, New York",Brooklyn,5501,930,2261,455,40,53,199,154,368,217,8,14,170,117,0,19,158,130,32,40,283,243,46,59,116,119,44,56,272,178,136,109,20,33,0,19,66,76,18,28,71,80,77,58,3,17,118,147,16,25,3240,633,457,265,173,145,349,249,102,78,16,27,3,4,24,28,31,33,360,160,273,195,189,110,44,47,167,120,254,147,139,125,67,58,79,61,0,19,142,109,71,52,12,20,218,175,70,81
1400000US36047057300,"Census Tract 573, Kings County, New York",Brooklyn,2720,448,1393,304,52,44,37,49,0,14,22,27,0,14,0,14,0,14,116,171,147,118,239,112,191,93,112,64,0,14,86,28,34,32,0,14,198,165,45,43,11,19,29,33,30,31,20,23,24,42,1327,234,109,63,16,24,21,26,16,24,0,14,0,14,16,23,99,112,228,105,240,125,141,79,122,57,14,18,38,35,0,14,34,32,84,38,34,30,10,16,22,26,29,31,16,25,38,56
1400000US36047057400,"Census Tract 574, Kings County, New York",Brooklyn,2647,374,1286,194,62,24,43,16,40,27,11,17,21,19,0,14,10,11,69,53,94,43,74,41,70,43,50,35,44,28,104,46,88,56,32,23,127,102,61,44,60,37,179,119,24,19,18,23,5,7,1361,205,44,36,58,30,31,26,33,27,42,41,0,14,5,8,37,17,115,49,121,57,37,28,45,40,124,48,104,39,43,26,40,27,137,115,50,32,136,94,87,31,39,29,22,19,11,13
1400000US36047057500,"Census Tract 575, Kings County, New York",Brooklyn,4596,661,2201,398,152,85,67,45,2,4,48,75,0,14,1,3,0,14,26,42,240,131,337,195,500,250,199,123,81,62,113,89,217,149,0,14,11,15,49,76,25,41,36,57,59,64,38,63,0,14,2395,561,193,101,0,14,46,73,0,14,11,16,28,37,0,14,296,249,272,129,634,323,348,202,165,105,111,101,76,63,79,92,0,14,84,95,0,14,1,2,25,40,20,32,2,4,4,11
1400000US36047057600,"Census Tract 576, Kings County, New York",Brooklyn,2649,525,1169,263,57,70,85,65,83,74,9,13,40,48,0,14,1,2,46,35,26,23,100,85,45,41,60,46,91,73,60,73,158,59,34,33,67,36,4,10,16,26,24,27,51,49,58,43,54,62,1480,327,49,45,147,104,22,71,15,20,5,9,12,15,18,29,47,42,34,31,122,66,53,46,89,77,77,60,86,49,328,221,34,31,29,26,13,21,12,18,119,71,75,70,66,68,28,33
1400000US36047057800,"Census Tract 578, Kings County, New York",Brooklyn,2923,357,1580,279,164,115,40,39,95,57,34,37,43,40,0,14,42,49,10,16,116,85,124,88,261,153,33,32,120,54,41,29,63,47,10,17,41,47,131,111,0,14,42,40,9,15,96,74,65,53,1343,167,123,71,70,66,34,40,69,43,69,54,0,14,13,18,77,57,21,26,94,54,166,80,77,42,51,48,42,39,36,40,20,23,40,34,14,24,47,45,54,45,19,30,180,94,27,31
1400000US36047057901,"Census Tract 579.01, Kings County, New York",Brooklyn,1512,230,707,142,15,19,0,14,8,12,25,27,0,14,0,14,3,5,37,28,93,49,150,78,96,51,81,60,62,41,74,44,22,21,11,11,5,9,0,14,3,6,2,7,5,12,2,7,13,14,805,219,22,23,24,33,20,23,12,18,6,9,0,14,5,16,31,25,154,112,213,101,77,33,35,30,42,30,49,35,47,25,8,13,0,14,18,29,0,14,0,14,22,30,20,27,0,14
1400000US36047057902,"Census Tract 579.02, Kings County, New York",Brooklyn,0,14,0,14,0,14,0,14,0,14,0,14,0,14,0,14,0,14,0,14,0,14,0,14,0,14,0,14,0,14,0,14,0,14,0,14,0,14,0,14,0,14,0,14,0,14,0,14,0,14,0,14,0,14,0,14,0,14,0,14,0,14,0,14,0,14,0,14,0,14,0,14,0,14,0,14,0,14,0,14,0,14,0,14,0,14,0,14,0,14,0,14,0,14,0,14,0,14
1400000US36047058000,"Census Tract 580, Kings County, New York",Brooklyn,3008,650,1411,398,83,81,72,67,39,42,7,12,60,42,26,40,27,32,112,138,186,116,60,47,88,76,58,51,83,64,58,44,70,58,19,28,89,82,141,123,0,14,48,54,10,16,37,29,38,39,1597,395,112,61,141,108,56,54,45,41,33,50,0,14,0,14,30,31,107,65,274,296,166,82,34,35,110,104,92,64,97,61,28,31,1,3,26,23,15,21,126,82,76,49,12,13,16,19
1400000US36047058200,"Census Tract 582, Kings County, New York",Brooklyn,2585,878,1268,521,0,14,161,143,188,170,27,35,5,9,0,14,0,14,20,25,85,76,160,119,63,44,92,79,169,159,20,19,81,65,24,40,43,47,0,14,13,22,47,48,43,39,9,18,18,24,1317,441,123,152,95,82,151,138,72,79,57,52,31,31,22,26,14,23,50,60,84,74,108,72,34,36,59,68,124,85,82,66,47,39,10,13,6,12,11,18,30,34,36,35,48,57,23,30
1400000US36047058400,"Census Tract 584, Kings County, New York",Brooklyn,3588,565,1683,287,83,63,96,57,109,80,26,30,23,28,32,49,84,118,34,52,111,116,67,48,94,51,80,81,166,114,85,77,224,97,98,75,33,46,36,47,46,25,71,64,32,41,21,26,32,43,1905,353,87,42,182,134,147,109,114,106,22,25,8,14,0,14,0,14,122,114,85,50,86,56,234,148,128,81,75,64,197,90,59,58,105,85,11,17,72,51,83,62,56,39,20,23,12,21
1400000US36047058600,"Census Tract 586, Kings County, New York",Brooklyn,2264,427,1246,277,63,56,76,54,98,99,108,88,25,32,23,29,8,13,17,17,118,127,81,56,63,48,98,55,33,22,51,51,124,55,49,36,28,20,57,40,44,30,20,21,12,12,21,20,29,33,1018,198,62,42,89,48,69,55,41,33,21,20,3,6,1,3,48,40,76,70,28,22,93,50,65,42,25,22,102,66,48,28,51,34,34,25,10,12,19,16,19,17,4,8,40,29,70,79
1400000US36047058800,"Census Tract 588, Kings County, New York",Brooklyn,3539,602,1714,362,10,16,78,49,24,32,31,38,5,8,14,23,0,14,90,56,64,74,132,87,234,167,121,102,41,33,91,71,194,132,157,136,157,94,9,15,28,34,136,87,49,53,32,32,17,29,1825,370,59,88,68,86,36,19,8,15,11,20,1,3,0,14,9,14,56,46,111,82,160,99,69,49,68,51,93,80,298,148,14,17,99,91,27,28,216,154,96,77,173,123,117,116,36,39
1400000US36047058901,"Census Tract 589.01, Kings County, New York",Brooklyn,2103,258,970,146,42,33,17,18,63,50,60,73,7,10,7,10,14,21,27,31,78,54,99,67,136,60,87,41,79,48,20,22,106,66,26,24,19,30,5,7,15,23,32,24,0,14,5,8,26,30,1133,167,88,56,73,47,128,71,16,25,6,11,7,11,9,13,14,16,95,68,102,48,97,43,85,41,121,74,50,35,78,78,0,14,43,35,24,27,3,4,40,50,0,14,15,16,39,29
1400000US36047058902,"Census Tract 589.02, Kings County, New York",Brooklyn,0,14,0,14,0,14,0,14,0,14,0,14,0,14,0,14,0,14,0,14,0,14,0,14,0,14,0,14,0,14,0,14,0,14,0,14,0,14,0,14,0,14,0,14,0,14,0,14,0,14,0,14,0,14,0,14,0,14,0,14,0,14,0,14,0,14,0,14,0,14,0,14,0,14,0,14,0,14,0,14,0,14,0,14,0,14,0,14,0,14,0,14,0,14,0,14,0,14
1400000US36047059000,"Census Tract 590, Kings County, New York",Brooklyn,1903,348,911,170,11,18,79,41,31,24,21,22,15,22,0,14,12,16,33,36,42,46,51,30,43,21,42,32,54,36,142,136,83,44,17,18,44,31,29,22,37,25,70,22,29,28,6,9,20,18,992,237,23,16,51,33,51,38,30,32,4,7,0,14,9,12,27,27,81,54,43,20,24,21,48,28,49,33,203,158,95,98,45,31,19,17,41,27,36,31,34,20,40,30,0,14,39,28
1400000US36047059100,"Census Tract 591, Kings County, New York",Brooklyn,3952,482,1644,260,43,41,28,30,6,10,30,48,0,14,0,14,0,14,64,56,167,109,359,121,298,182,142,74,159,84,118,81,58,41,17,20,20,23,18,26,36,61,52,33,15,23,0,14,14,21,2308,330,78,62,172,92,40,44,76,66,0,14,0,14,0,14,61,68,273,115,189,94,333,180,254,101,133,97,271,150,126,106,0,14,6,10,31,34,72,55,43,43,120,95,15,23,15,23
1400000US36047059200,"Census Tract 592, Kings County, New York",Brooklyn,3747,633,1806,276,68,71,43,36,67,55,24,27,11,18,18,21,19,21,40,30,85,58,72,42,121,57,107,66,46,37,224,236,138,57,33,32,170,115,60,57,59,51,170,75,50,45,72,44,109,69,1941,427,92,93,67,54,58,36,163,233,0,14,0,14,0,14,43,29,91,65,96,59,98,69,133,73,37,27,95,53,208,196,80,45,85,48,63,51,92,66,109,57,207,113,30,26,94,63
1400000US36047059300,"Census Tract 593, Kings County, New York",Brooklyn,2669,337,1342,227,136,116,117,63,54,46,32,36,47,42,0,14,5,8,32,29,22,25,198,106,84,50,225,100,131,73,22,33,92,80,35,34,13,21,9,13,29,32,27,29,32,51,0,14,0,14,1327,186,76,56,127,87,97,58,24,28,0,14,6,10,0,14,39,30,38,35,242,109,192,87,189,86,71,52,46,32,41,34,0,14,69,77,17,18,19,21,9,9,0,14,25,39,0,14
1400000US36047059402,"Census Tract 594.02, Kings County, New York",Brooklyn,5713,728,3049,512,124,95,177,128,58,55,219,141,0,19,102,112,18,32,27,34,73,61,88,71,258,141,215,126,233,278,227,145,212,140,45,43,48,48,179,151,203,167,339,160,189,131,2,4,13,21,2664,363,183,95,232,114,118,113,86,64,33,41,18,29,0,19,53,46,80,56,138,89,219,124,90,64,88,81,353,169,215,114,26,38,157,124,48,58,201,114,182,93,103,98,10,16,31,30
1400000US36047059403,"Census Tract 594.03, Kings County, New York",Brooklyn,3062,560,1740,450,46,43,66,68,334,303,139,132,16,19,13,22,8,14,98,117,82,84,101,69,131,105,75,68,43,41,110,82,31,28,49,56,77,69,44,40,35,36,99,63,90,63,53,46,0,14,1322,264,19,22,120,100,30,34,32,34,15,18,0,14,0,14,31,28,102,68,36,32,75,53,40,43,87,70,114,91,104,67,32,25,65,43,39,44,59,53,117,69,93,74,82,67,30,28
1400000US36047059404,"Census Tract 594.04, Kings County, New York",Brooklyn,3934,610,2181,433,87,109,162,142,241,168,74,70,37,42,47,40,0,14,84,75,105,106,288,125,168,102,139,133,109,144,130,75,79,54,17,20,225,203,19,31,18,26,92,62,11,19,31,35,18,20,1753,310,67,85,72,64,127,66,86,88,0,14,41,37,59,66,37,48,113,83,220,132,157,70,51,43,72,53,77,49,71,87,118,126,79,84,23,28,82,75,131,88,50,34,19,30,1,2
1400000US36047059600,"Census Tract 596, Kings County, New York",Brooklyn,2261,411,1136,284,40,36,51,41,60,40,4,11,1,3,14,16,15,25,0,14,91,122,36,28,27,23,10,16,214,168,58,42,161,83,77,63,50,50,14,22,19,21,144,74,50,44,0,14,0,14,1125,204,10,17,22,26,39,43,23,30,7,11,11,15,0,14,0,14,81,59,132,129,57,39,46,44,16,17,61,53,71,64,94,65,56,48,79,58,52,37,120,71,95,73,41,64,12,18
1400000US36047059800,"Census Tract 598, Kings County, New York",Brooklyn,3212,1045,1720,690,316,342,44,69,25,30,91,75,128,102,0,14,16,30,45,48,128,67,160,246,33,34,103,52,97,68,55,62,137,97,9,14,100,74,8,20,9,14,105,70,98,76,0,14,13,16,1492,429,12,24,22,37,125,122,52,67,32,35,1,5,0,14,4,15,289,304,31,29,60,54,85,52,68,42,95,66,170,104,22,29,55,53,24,30,63,41,108,75,73,75,10,15,91,53
1400000US36047060000,"Census Tract 600, Kings County, New York",Brooklyn,6451,894,2919,551,75,76,200,137,127,117,137,122,131,118,0,19,68,78,13,24,69,66,81,73,142,102,279,132,254,162,354,225,217,102,86,72,80,102,80,97,140,124,263,168,60,58,13,21,50,49,3532,633,5,8,449,256,191,163,62,89,160,177,51,78,0,19,30,27,345,200,72,72,115,72,241,141,336,183,260,171,187,120,34,34,57,45,111,84,264,157,236,128,84,62,47,43,195,114
1400000US36047060600,"Census Tract 606, Kings County, New York",Brooklyn,2792,402,1281,208,46,55,107,78,55,34,47,45,3,7,0,14,12,20,0,14,44,35,93,61,113,68,81,51,92,50,52,77,95,62,87,77,64,45,20,24,76,83,82,55,53,43,49,50,10,16,1511,299,85,67,69,69,33,32,19,21,4,7,15,23,0,14,52,80,83,54,138,101,109,65,95,89,112,69,112,85,102,96,48,45,111,89,50,44,22,33,154,141,44,33,11,17,43,47
1400000US36047060800,"Census Tract 608, Kings County, New York",Brooklyn,3549,472,1639,325,120,71,60,58,31,34,0,14,14,21,33,39,8,18,29,40,146,81,259,169,188,95,73,76,55,40,68,63,64,56,6,9,108,60,37,43,61,36,88,97,78,79,56,57,57,61,1910,321,44,53,111,103,29,37,54,51,32,39,0,14,25,34,0,14,149,98,238,204,103,62,57,41,43,37,94,61,199,84,8,14,152,86,55,39,150,73,163,89,52,56,54,43,98,48
1400000US36047061002,"Census Tract 610.02, Kings County, New York",Brooklyn,4696,955,2096,345,33,38,34,44,101,96,56,59,0,14,20,36,0,14,148,234,91,98,13,22,29,35,85,80,65,61,272,145,222,160,79,82,81,68,17,28,147,76,325,173,170,94,47,47,61,85,2600,701,32,48,0,14,184,247,0,14,0,14,39,61,0,14,35,39,144,202,39,47,135,84,204,129,289,230,232,123,150,87,68,72,201,98,226,223,32,38,300,140,151,102,57,52,82,102
1400000US36047061003,"Census Tract 610.03, Kings County, New York",Brooklyn,2038,334,994,198,101,60,171,94,49,51,41,35,39,40,0,14,0,14,64,45,26,25,99,46,109,62,40,32,37,31,47,30,36,40,9,15,5,8,16,16,25,25,30,38,13,17,5,8,32,46,1044,176,78,40,130,76,85,47,20,19,45,48,5,7,25,26,32,38,107,55,59,26,110,48,65,31,26,28,93,41,31,27,8,11,13,18,8,13,31,17,31,35,28,30,10,14,4,7
1400000US36047061004,"Census Tract 610.04, Kings County, New York",Brooklyn,5278,725,2277,479,54,69,0,19,87,70,27,32,27,35,14,22,18,29,54,85,117,98,133,96,104,117,155,128,138,112,170,109,352,259,32,38,122,96,80,84,156,90,131,102,0,19,114,86,192,217,3001,374,52,62,93,72,57,75,83,81,66,71,14,21,17,31,41,48,130,96,223,179,203,122,116,90,278,175,385,178,117,107,92,136,192,115,29,44,106,82,192,122,189,153,145,130,181,125
1400000US36047061200,"Census Tract 612, Kings County, New York",Brooklyn,1118,150,580,98,21,21,29,29,8,11,6,9,5,8,17,20,0,14,6,8,10,16,34,30,40,30,65,56,58,39,62,37,28,31,13,22,13,19,3,7,20,24,35,21,64,43,39,43,4,6,538,83,17,23,13,21,21,15,12,13,0,14,0,14,10,14,0,14,14,17,22,21,20,21,62,36,73,42,31,22,60,37,5,8,12,11,10,16,54,34,41,34,42,39,13,14,6,9
1400000US36047061600,"Census Tract 616, Kings County, New York",Brooklyn,1626,185,770,108,20,27,3,8,6,14,44,30,32,31,5,10,0,14,0,14,16,18,25,19,10,14,37,40,99,66,22,20,79,33,19,21,23,18,14,22,91,52,44,32,88,42,47,31,46,40,856,118,0,14,33,32,36,34,41,40,0,14,15,19,0,14,8,12,20,31,11,15,3,6,44,18,49,42,31,26,59,32,17,19,23,16,18,15,30,28,111,60,107,40,53,28,147,60
1400000US36047062000,"Census Tract 620, Kings County, New York",Brooklyn,1516,307,772,260,10,16,63,46,50,48,3,5,27,46,0,14,0,14,59,57,54,53,27,39,8,10,144,80,9,41,0,14,67,45,55,67,12,15,0,14,39,25,50,31,50,31,15,20,30,32,744,171,11,12,36,35,0,14,0,14,0,14,0,14,0,14,8,12,51,44,24,23,14,21,145,92,0,14,85,89,87,53,53,42,28,33,33,22,0,14,46,29,30,28,64,66,29,19
1400000US36047062200,"Census Tract 622, Kings County, New York",Brooklyn,2822,476,1359,299,162,129,41,59,35,55,86,74,3,9,0,14,0,14,0,14,16,15,162,82,131,90,34,32,52,49,72,58,89,71,10,15,125,87,43,42,33,44,123,112,47,51,51,52,44,45,1463,271,165,134,81,88,0,14,27,30,0,14,0,14,28,34,9,15,100,91,205,93,141,95,7,15,114,87,60,48,121,84,20,27,72,77,0,14,109,86,54,63,8,11,78,61,64,19
1400000US36047062600,"Census Tract 626, Kings County, New York",Brooklyn,3046,455,1513,263,112,116,61,69,29,34,67,76,28,23,11,15,56,58,7,13,108,32,148,90,60,32,108,70,85,63,106,67,95,86,98,68,71,96,32,38,68,65,106,51,23,24,14,17,20,31,1533,251,21,30,76,64,57,46,76,43,9,12,32,30,8,13,88,52,88,68,54,56,82,71,43,44,132,76,108,108,131,95,46,35,57,49,56,46,115,77,104,63,27,34,79,77,44,37
1400000US36047062800,"Census Tract 628, Kings County, New York",Brooklyn,4838,592,2521,396,166,96,191,121,230,115,108,78,67,68,14,21,14,25,75,50,108,100,108,67,137,55,135,80,95,80,155,72,286,115,44,43,198,98,27,28,36,29,112,68,155,85,27,25,33,31,2317,327,136,80,124,77,187,143,61,48,20,23,0,14,14,23,41,38,52,48,120,59,128,55,242,111,102,66,158,76,237,116,72,58,57,43,75,53,27,27,138,75,242,119,10,16,74,73
1400000US36047063200,"Census Tract 632, Kings County, New York",Brooklyn,1409,250,760,160,29,35,6,13,63,58,11,14,5,9,0,14,0,14,70,59,43,51,44,33,38,33,38,45,23,21,7,11,14,25,67,52,65,41,92,54,50,45,39,37,41,39,7,12,8,10,649,137,6,9,31,47,0,14,0,14,0,14,0,14,0,14,18,22,4,8,21,19,38,35,0,14,41,51,31,25,77,43,65,39,48,30,34,44,78,51,51,37,55,43,3,5,48,34
1400000US36047063600,"Census Tract 636, Kings County, New York",Brooklyn,1093,245,572,167,16,19,36,27,93,63,5,10,56,33,0,14,25,24,5,8,4,7,5,8,36,25,50,55,41,29,46,33,39,33,0,14,11,17,4,9,6,9,42,29,31,20,0,14,21,18,521,130,75,47,28,22,26,26,7,11,22,22,0,14,0,14,16,23,4,7,10,12,55,26,26,21,57,56,55,41,17,18,7,11,9,12,6,10,12,13,41,30,12,13,16,15,20,15
1400000US36047063800,"Census Tract 638, Kings County, New York",Brooklyn,1882,316,948,218,91,74,60,56,103,71,120,74,0,14,4,9,6,9,5,8,96,57,39,40,19,18,60,30,121,93,38,27,40,38,8,13,15,15,19,24,57,49,23,19,14,13,10,14,0,14,934,194,10,14,12,14,127,92,13,16,5,9,16,25,0,14,58,40,61,45,91,66,21,18,73,44,105,73,44,34,40,37,17,16,23,19,55,48,8,12,44,43,81,80,16,18,14,18
1400000US36047064000,"Census Tract 640, Kings County, New York",Brooklyn,1327,380,671,242,27,21,49,37,151,163,21,19,6,8,2,10,0,14,12,12,21,23,10,15,63,24,36,28,8,10,43,51,19,16,38,35,62,38,33,43,32,36,15,20,7,11,12,13,4,6,656,168,38,34,22,18,66,45,7,11,4,6,0,14,3,5,61,77,21,18,41,38,41,23,65,81,23,25,36,28,42,25,27,32,25,20,41,48,26,23,15,13,6,10,20,22,26,23
1400000US36047064200,"Census Tract 642, Kings County, New York",Brooklyn,2379,408,1160,270,115,75,56,45,72,65,47,53,20,24,0,14,17,25,59,45,54,53,64,28,65,50,43,37,90,62,49,47,43,37,36,39,29,32,14,22,118,88,79,44,19,19,71,67,0,14,1219,188,88,70,40,37,85,52,45,41,37,37,0,14,0,14,36,36,50,53,51,43,91,52,69,43,87,54,55,52,90,66,19,19,34,40,43,39,96,48,70,74,36,33,23,28,74,69
1400000US36047064400,"Census Tract 644, Kings County, New York",Brooklyn,2182,574,1102,313,103,130,77,77,109,55,44,30,35,24,39,45,0,14,23,23,70,56,65,46,14,18,38,27,51,32,72,44,74,67,14,14,27,20,29,37,58,51,89,67,36,24,11,16,24,31,1080,282,19,20,98,121,29,23,50,38,30,27,86,104,12,18,70,50,36,27,42,30,57,52,122,75,59,43,71,67,52,35,43,42,57,52,0,14,26,23,49,24,54,39,0,14,18,19
1400000US36047064600,"Census Tract 646, Kings County, New York",Brooklyn,2154,403,1120,322,112,95,109,66,56,41,57,34,18,20,0,14,0,14,13,19,13,18,82,63,88,46,87,40,114,63,42,39,71,49,20,22,18,23,6,11,27,42,171,229,15,16,1,3,0,14,1034,138,87,53,145,74,90,59,8,12,55,46,21,23,13,18,17,20,41,40,87,60,66,46,69,38,84,51,16,16,16,18,13,21,18,17,13,19,52,48,52,38,13,13,20,20,38,37
1400000US36047064800,"Census Tract 648, Kings County, New York",Brooklyn,1828,274,913,189,63,67,16,19,56,43,37,33,20,21,8,10,14,15,97,64,30,32,19,31,106,83,70,33,52,47,18,18,13,17,0,14,34,25,55,45,55,56,74,64,41,41,28,44,7,10,915,131,32,36,49,34,62,31,50,43,14,22,21,20,0,14,19,19,21,17,35,28,31,43,53,34,15,15,43,34,73,58,31,30,55,55,52,51,15,15,119,72,56,50,0,14,69,60
1400000US36047065000,"Census Tract 650, Kings County, New York",Brooklyn,1286,318,654,182,47,80,25,36,8,11,34,34,6,9,16,26,7,14,19,28,21,26,85,72,53,50,28,31,12,13,35,38,103,83,5,8,39,26,0,14,71,42,29,27,7,11,0,14,4,7,632,185,55,60,31,42,0,14,11,13,4,6,0,14,0,14,29,36,23,18,5,9,72,41,27,29,28,22,5,9,79,53,24,19,56,62,8,9,18,19,73,43,7,10,0,14,77,96
1400000US36047065200,"Census Tract 652, Kings County, New York",Brooklyn,1121,140,463,82,13,23,35,50,0,14,11,12,3,5,0,14,4,7,12,15,17,21,11,12,50,55,55,44,0,14,18,19,27,22,2,9,15,17,14,17,51,39,40,24,50,45,0,14,35,31,658,95,29,46,31,36,104,75,12,14,0,14,0,14,0,14,6,10,18,16,35,33,43,49,41,40,20,24,26,22,12,12,12,13,31,23,9,14,17,19,77,49,41,32,52,72,42,32
1400000US36047065400,"Census Tract 654, Kings County, New York",Brooklyn,1654,300,984,263,93,48,60,33,71,48,44,35,22,25,13,21,37,32,27,21,9,11,17,17,95,40,45,22,48,26,62,34,8,11,1,3,32,31,18,27,22,24,32,21,221,237,7,8,0,14,670,102,43,33,30,24,58,27,60,39,8,11,0,14,25,23,10,11,24,26,46,29,47,31,39,26,64,39,26,25,34,29,10,9,40,32,8,12,48,29,33,26,14,13,3,5,0,14
1400000US36047065600,"Census Tract 656, Kings County, New York",Brooklyn,1675,313,813,187,72,43,15,18,76,63,25,20,9,11,4,9,6,9,41,44,31,21,53,26,73,55,42,31,61,28,20,18,74,49,5,8,0,14,31,25,71,55,35,26,34,38,17,19,18,19,862,152,87,45,64,47,42,25,16,17,24,26,0,14,0,14,13,14,24,22,102,41,44,22,39,24,18,17,54,37,120,69,16,18,94,58,13,14,8,12,54,35,16,17,6,10,8,13
1400000US36047065800,"Census Tract 658, Kings County, New York",Brooklyn,1756,303,800,153,38,21,51,47,167,77,11,13,11,15,0,14,0,14,0,14,9,11,48,62,44,52,57,30,56,37,63,47,44,39,0,14,21,20,40,38,54,38,11,11,38,29,26,27,11,11,956,198,0,14,34,25,80,58,80,40,0,14,0,14,8,11,0,14,86,59,27,24,94,48,73,32,67,50,75,55,50,31,12,13,38,35,25,32,37,29,45,52,64,39,46,31,15,17
1400000US36047066000,"Census Tract 660, Kings County, New York",Brooklyn,1893,288,873,148,17,18,69,72,76,36,14,13,7,9,17,16,15,14,62,41,0,14,52,50,48,36,88,67,17,14,101,46,82,43,24,19,27,18,20,19,90,71,16,14,26,25,4,7,1,3,1020,207,64,41,65,50,53,33,58,40,0,14,0,14,9,11,18,29,191,170,46,31,77,66,22,18,65,28,62,29,89,42,48,36,34,22,11,11,27,22,40,26,11,13,9,10,21,27
1400000US36047066200,"Census Tract 662, Kings County, New York",Brooklyn,1159,340,611,180,12,20,60,78,17,30,0,14,0,14,0,14,0,14,18,21,7,10,25,27,58,30,6,8,65,60,7,11,85,50,16,16,35,29,7,11,43,36,87,114,6,10,15,17,42,34,548,171,0,14,0,14,34,60,0,14,0,14,35,38,22,26,0,14,8,15,23,26,0,14,62,54,8,12,23,24,34,31,10,16,28,19,37,27,65,39,19,20,63,75,20,24,57,43
1400000US36047066600,"Census Tract 666, Kings County, New York",Brooklyn,0,14,0,14,0,14,0,14,0,14,0,14,0,14,0,14,0,14,0,14,0,14,0,14,0,14,0,14,0,14,0,14,0,14,0,14,0,14,0,14,0,14,0,14,0,14,0,14,0,14,0,14,0,14,0,14,0,14,0,14,0,14,0,14,0,14,0,14,0,14,0,14,0,14,0,14,0,14,0,14,0,14,0,14,0,14,0,14,0,14,0,14,0,14,0,14,0,14
1400000US36047067000,"Census Tract 670, Kings County, New York",Brooklyn,2486,430,1208,306,66,64,34,49,41,44,37,40,50,33,20,29,60,47,85,62,107,67,66,82,100,104,21,17,41,52,119,123,143,85,29,28,66,78,18,29,9,13,82,73,11,16,3,5,0,14,1278,260,103,90,57,66,70,51,71,72,14,15,14,16,0,14,27,31,76,57,52,62,93,79,53,58,102,60,113,58,53,39,0,14,171,118,13,21,50,56,70,45,19,28,41,29,16,19
1400000US36047067200,"Census Tract 672, Kings County, New York",Brooklyn,1389,444,581,223,43,55,30,34,67,77,13,26,0,14,0,14,0,14,18,35,42,55,7,13,68,84,13,22,16,24,72,58,28,33,5,7,86,80,8,12,11,14,29,36,5,11,4,8,16,25,808,279,0,14,62,57,17,34,32,38,9,18,16,31,75,76,48,63,89,75,11,12,36,41,0,14,7,11,58,67,105,69,101,144,35,34,53,87,0,14,25,34,8,14,21,25,0,14
1400000US36047067400,"Census Tract 674, Kings County, New York",Brooklyn,1909,310,862,192,0,14,33,30,32,36,51,50,0,14,10,11,31,38,68,38,68,61,36,33,29,25,89,70,21,26,58,36,39,27,22,22,77,48,13,19,93,75,51,52,20,21,21,34,0,14,1047,176,54,34,105,62,62,55,0,14,17,18,10,16,19,19,24,23,34,25,20,17,45,26,82,73,87,42,25,36,91,51,50,32,90,69,23,24,74,43,31,24,39,29,36,35,29,26
1400000US36047067600,"Census Tract 676, Kings County, New York",Brooklyn,1510,414,680,227,0,14,99,99,12,20,0,14,36,59,2,3,16,23,101,134,50,57,19,26,15,19,4,7,46,34,34,44,58,52,25,39,10,17,0,14,12,18,76,69,29,28,24,21,12,14,830,265,0,14,55,60,32,41,97,117,0,14,0,14,0,14,10,19,64,90,26,36,62,59,83,69,13,20,118,75,31,31,5,12,13,16,67,69,3,6,68,62,40,42,29,27,14,17
1400000US36047067800,"Census Tract 678, Kings County, New York",Brooklyn,2569,614,1144,288,8,12,21,38,0,14,48,56,49,68,22,35,97,81,64,63,0,14,184,84,50,46,148,78,80,51,2,5,98,88,34,41,41,40,55,53,57,41,72,51,14,20,0,14,0,14,1425,430,171,187,0,14,14,34,68,67,43,59,0,14,31,36,82,63,59,56,105,68,99,93,38,45,38,36,118,78,79,70,93,69,81,53,70,53,42,30,84,66,65,46,0,14,45,37
1400000US36047068000,"Census Tract 680, Kings County, New York",Brooklyn,1759,499,943,230,53,37,58,38,34,26,103,144,36,25,39,32,21,23,3,13,16,20,102,70,58,34,94,54,83,45,44,50,38,30,37,36,4,6,13,16,8,14,58,55,24,30,8,13,9,13,816,312,44,32,33,41,140,181,9,15,16,19,23,29,0,14,17,28,41,28,15,15,19,16,92,47,102,120,3,12,36,31,24,24,71,49,5,8,24,35,13,16,48,52,0,14,41,42
1400000US36047068200,"Census Tract 682, Kings County, New York",Brooklyn,2907,437,1545,258,144,66,87,60,80,74,62,64,38,54,8,14,10,15,42,30,87,60,167,104,146,58,6,12,72,70,35,34,32,21,44,27,66,54,51,60,79,57,225,165,24,26,0,14,40,56,1362,281,68,70,27,33,61,68,41,61,20,33,13,19,0,14,62,72,85,84,90,63,110,53,79,66,32,38,39,39,120,83,67,59,93,63,43,38,66,44,119,75,83,115,0,14,44,53
1400000US36047068600,"Census Tract 686, Kings County, New York",Brooklyn,1649,344,674,124,65,59,29,25,0,14,24,37,14,21,0,14,0,14,0,14,43,29,100,41,46,41,62,49,74,99,50,38,36,34,25,25,33,37,16,23,17,17,17,18,8,9,7,8,8,11,975,252,136,110,63,72,22,28,0,14,20,25,7,10,0,14,77,45,45,43,54,54,30,34,100,76,36,27,46,39,67,42,18,24,48,39,4,8,42,41,87,60,43,36,11,11,19,26
1400000US36047068800,"Census Tract 688, Kings County, New York",Brooklyn,1584,343,717,178,0,14,16,19,60,45,0,14,15,25,0,14,8,11,6,9,92,60,94,65,70,52,69,93,26,20,60,59,25,22,8,13,67,54,21,20,29,23,33,34,12,17,6,10,0,14,867,235,36,44,76,59,58,49,51,63,5,7,5,9,0,14,38,60,15,15,6,8,56,38,57,43,27,31,106,91,78,57,18,28,75,52,29,37,29,23,66,84,16,14,13,18,7,10
1400000US36047069000,"Census Tract 690, Kings County, New York",Brooklyn,1668,529,756,239,0,14,52,40,23,26,22,23,9,13,16,16,0,14,30,53,132,89,22,22,48,43,54,62,75,69,26,24,17,18,52,46,18,20,37,29,63,46,10,16,22,31,28,24,0,14,912,315,40,33,16,22,80,69,0,14,14,22,40,54,28,47,11,17,63,51,71,64,15,17,90,59,0,14,97,107,16,17,41,38,31,23,78,56,92,64,12,14,31,32,18,18,28,24
1400000US36047069200,"Census Tract 692, Kings County, New York",Brooklyn,2301,417,1090,252,30,35,111,87,36,32,6,10,20,19,15,16,14,19,49,38,131,76,70,63,63,55,63,41,59,51,92,58,110,56,41,27,10,13,37,33,48,36,22,27,23,21,5,9,35,31,1211,210,52,46,73,58,33,24,68,54,30,28,5,9,0,14,79,46,107,63,56,38,44,26,67,46,57,34,62,37,134,73,36,33,78,42,35,26,45,35,63,39,35,29,22,21,30,30
1400000US36047069601,"Census Tract 696.01, Kings County, New York",Brooklyn,3434,499,1488,271,38,45,83,76,31,37,69,56,55,61,60,55,0,14,45,36,132,96,33,51,181,74,83,97,136,103,142,104,95,80,0,14,69,65,107,75,29,32,36,53,44,54,10,16,10,17,1946,351,82,76,103,69,162,136,66,91,23,32,0,14,35,53,50,67,178,98,157,97,119,77,111,80,63,58,219,113,138,72,29,31,33,41,50,37,80,76,60,44,78,52,10,17,100,69
1400000US36047069602,"Census Tract 696.02, Kings County, New York",Brooklyn,5847,1142,2958,604,0,19,0,19,486,266,74,85,1,3,0,19,20,43,61,82,159,171,396,281,76,82,109,105,406,192,262,279,27,60,47,73,54,70,55,67,113,92,246,159,193,170,0,19,173,100,2889,701,71,99,91,107,310,258,0,19,62,74,42,63,19,41,58,67,222,170,128,112,159,122,180,141,192,115,130,120,41,66,221,207,65,71,69,116,147,106,177,162,252,245,221,121,32,50
1400000US36047069800,"Census Tract 698, Kings County, New York",Brooklyn,1397,274,621,134,32,44,44,47,39,36,16,21,0,14,0,14,0,14,22,29,51,18,4,7,21,19,94,42,17,20,32,35,48,34,6,12,19,24,26,22,28,28,33,28,33,26,0,14,56,36,776,185,78,19,121,69,43,37,33,40,0,14,0,14,7,11,0,14,44,36,93,87,49,36,20,21,5,9,34,34,17,17,22,23,55,41,50,36,8,12,8,11,10,12,36,25,43,22
1400000US36047070000,"Census Tract 700, Kings County, New York",Brooklyn,1214,278,581,163,19,30,35,42,0,14,28,31,0,14,0,14,15,21,49,67,34,27,34,25,17,18,59,39,85,107,18,20,61,55,27,26,21,22,21,31,8,13,26,21,17,18,0,14,7,12,633,152,61,53,0,14,26,27,15,18,0,14,0,14,3,10,0,14,35,23,23,24,57,37,23,25,61,69,18,20,63,38,24,24,28,25,30,30,47,55,74,42,19,29,0,14,26,24
1400000US36047070201,"Census Tract 702.01, Kings County, New York",Brooklyn,6531,879,3209,544,278,261,428,230,158,155,88,99,0,19,28,46,0,19,121,114,38,50,86,76,272,171,184,158,197,144,83,95,213,146,92,100,252,155,88,103,95,84,121,124,150,107,203,171,34,63,3322,521,264,159,218,211,392,229,223,114,138,111,59,86,0,19,34,57,72,71,35,60,269,159,162,130,116,114,167,92,102,111,178,154,141,98,96,81,84,85,168,113,250,213,38,54,116,94
1400000US36047070202,"Census Tract 702.02, Kings County, New York",Brooklyn,14,18,14,18,0,14,0,14,0,14,0,14,0,14,0,14,0,14,0,14,0,14,0,14,0,14,9,12,5,6,0,14,0,14,0,14,0,14,0,14,0,14,0,14,0,14,0,14,0,14,0,14,0,14,0,14,0,14,0,14,0,14,0,14,0,14,0,14,0,14,0,14,0,14,0,14,0,14,0,14,0,14,0,14,0,14,0,14,0,14,0,14,0,14,0,14,0,14
1400000US36047070203,"Census Tract 702.03, Kings County, New York",Brooklyn,0,14,0,14,0,14,0,14,0,14,0,14,0,14,0,14,0,14,0,14,0,14,0,14,0,14,0,14,0,14,0,14,0,14,0,14,0,14,0,14,0,14,0,14,0,14,0,14,0,14,0,14,0,14,0,14,0,14,0,14,0,14,0,14,0,14,0,14,0,14,0,14,0,14,0,14,0,14,0,14,0,14,0,14,0,14,0,14,0,14,0,14,0,14,0,14,0,14
1400000US36047070601,"Census Tract 706.01, Kings County, New York",Brooklyn,2437,593,1090,255,0,14,117,89,18,30,29,28,38,42,0,14,15,24,0,14,54,38,85,74,99,83,43,39,38,44,133,101,109,88,26,33,0,14,50,41,10,16,43,30,100,66,79,95,4,8,1347,383,72,68,44,50,183,214,48,52,0,14,32,37,0,14,73,55,102,62,57,62,85,73,71,93,45,54,37,36,141,56,6,9,23,21,42,39,21,29,127,75,89,71,41,52,8,14
1400000US36047070602,"Census Tract 706.02, Kings County, New York",Brooklyn,0,14,0,14,0,14,0,14,0,14,0,14,0,14,0,14,0,14,0,14,0,14,0,14,0,14,0,14,0,14,0,14,0,14,0,14,0,14,0,14,0,14,0,14,0,14,0,14,0,14,0,14,0,14,0,14,0,14,0,14,0,14,0,14,0,14,0,14,0,14,0,14,0,14,0,14,0,14,0,14,0,14,0,14,0,14,0,14,0,14,0,14,0,14,0,14,0,14
1400000US36047072000,"Census Tract 720, Kings County, New York",Brooklyn,1678,429,784,262,53,49,59,60,33,29,60,56,9,15,24,26,17,20,31,38,22,38,11,12,118,81,19,22,59,42,5,6,36,57,29,37,20,22,63,64,28,30,30,26,7,11,0,14,51,78,894,252,18,29,40,32,85,72,13,19,11,12,0,14,0,14,19,20,44,41,74,72,46,43,48,37,102,78,101,52,50,47,38,31,31,29,21,33,16,24,56,45,11,19,16,19,54,83
1400000US36047072200,"Census Tract 722, Kings County, New York",Brooklyn,2242,607,1075,425,65,69,25,34,0,14,23,28,40,38,0,14,19,29,33,51,22,30,77,59,111,84,35,40,56,57,29,46,42,49,241,312,51,62,21,27,47,38,51,42,27,28,33,34,27,31,1167,305,49,55,41,44,64,52,49,45,0,14,7,11,47,54,76,53,122,90,41,51,9,14,77,55,46,36,67,51,40,35,46,51,107,64,6,10,45,37,99,59,80,59,12,18,37,33
1400000US36047072400,"Census Tract 724, Kings County, New York",Brooklyn,1586,406,661,200,18,26,54,66,19,26,51,44,33,38,0,14,0,14,11,17,32,39,67,57,27,26,56,60,8,10,67,49,50,45,2,5,16,26,6,8,32,31,47,48,22,33,18,25,25,37,925,237,32,43,51,45,124,82,0,14,5,7,0,14,0,14,34,27,0,14,63,64,77,63,55,43,42,38,39,38,69,37,44,41,53,32,36,27,23,30,84,49,11,17,61,46,22,20
1400000US36047072600,"Census Tract 726, Kings County, New York",Brooklyn,2672,644,922,245,13,19,65,46,73,60,86,73,25,24,0,14,0,14,21,32,68,58,38,45,90,112,38,43,82,56,26,24,73,61,0,14,25,36,15,19,48,52,20,18,111,68,5,7,0,14,1750,491,101,95,0,14,56,48,45,50,82,113,14,23,23,26,74,46,164,86,58,48,182,128,80,49,174,131,187,147,157,115,52,44,56,44,3,7,41,39,76,45,51,33,71,58,3,7
1400000US36047072800,"Census Tract 728, Kings County, New York",Brooklyn,3153,686,1098,278,30,44,65,76,47,44,12,18,24,29,13,21,0,14,58,95,57,58,47,46,36,34,72,104,77,84,175,120,26,42,24,26,74,62,22,25,44,38,68,55,18,20,72,65,37,44,2055,472,108,159,63,76,177,127,147,108,97,81,14,22,0,14,34,40,21,34,69,79,92,91,110,103,188,119,128,87,103,65,59,76,11,17,11,17,199,111,175,82,73,58,33,28,143,84
1400000US36047073000,"Census Tract 730, Kings County, New York",Brooklyn,2109,475,948,195,48,58,21,26,42,30,39,64,0,14,9,13,11,15,87,51,27,28,180,129,56,55,86,65,12,12,38,25,40,32,12,17,125,72,10,13,47,36,40,29,0,14,18,19,0,14,1161,342,35,41,28,34,32,31,11,12,61,59,0,14,13,18,51,62,1,3,153,130,14,15,70,53,48,35,112,76,159,115,104,67,47,30,11,17,50,33,79,56,60,57,8,12,14,15
1400000US36047073200,"Census Tract 732, Kings County, New York",Brooklyn,1877,409,996,261,85,90,58,39,31,40,107,88,0,14,32,36,6,9,34,31,45,49,78,48,33,28,60,44,100,64,30,43,86,67,11,16,31,24,7,13,35,42,19,17,94,105,14,11,0,14,881,200,14,21,47,77,115,62,23,24,29,33,0,14,33,36,29,43,86,73,27,34,88,48,71,79,45,41,19,22,91,50,6,10,21,18,32,32,20,21,29,38,28,32,16,22,12,20
1400000US36047073400,"Census Tract 734, Kings County, New York",Brooklyn,1142,411,486,187,0,14,9,14,18,26,9,14,3,6,0,14,0,14,34,31,39,45,14,16,21,20,27,36,81,107,18,19,6,13,13,19,75,62,24,21,27,28,9,13,37,31,0,14,22,24,656,242,0,14,18,20,9,14,20,28,9,11,0,14,0,14,45,39,30,29,71,99,5,9,31,30,133,96,28,30,14,15,20,23,15,19,0,14,43,32,64,63,31,25,33,32,37,29
1400000US36047073600,"Census Tract 736, Kings County, New York",Brooklyn,2918,631,1312,380,101,109,55,59,32,41,21,26,17,21,0,14,0,14,128,117,31,42,27,36,100,80,110,94,138,86,104,58,34,48,71,69,129,97,137,114,32,51,0,14,33,36,12,18,0,14,1606,352,0,14,60,56,92,66,16,25,50,58,66,57,0,14,141,116,135,101,33,38,78,56,49,58,119,77,116,79,60,60,120,110,160,109,121,104,52,49,58,46,46,36,16,19,18,29
1400000US36047073800,"Census Tract 738, Kings County, New York",Brooklyn,3517,594,1723,368,290,186,61,60,149,103,15,23,35,35,0,14,13,20,51,45,68,66,31,33,249,192,133,98,78,48,139,108,103,66,0,14,23,34,0,14,22,34,143,66,100,99,0,14,20,34,1794,291,28,42,110,90,70,55,69,63,39,35,12,22,25,33,99,76,155,133,214,166,75,64,194,97,137,93,53,39,48,46,51,43,85,71,103,134,53,45,103,70,44,55,27,41,0,14
1400000US36047074000,"Census Tract 740, Kings County, New York",Brooklyn,3287,810,1780,507,168,109,233,166,126,124,63,57,0,14,0,14,20,15,74,66,154,76,37,24,116,100,138,93,48,52,209,172,3,17,82,65,83,64,65,53,50,57,25,38,35,38,17,24,34,51,1507,371,177,154,60,52,55,61,37,64,20,32,0,14,0,14,49,45,30,37,64,40,137,87,214,225,55,42,195,118,19,29,21,16,51,38,79,53,10,21,109,71,64,71,7,20,54,60
1400000US36047074200,"Census Tract 742, Kings County, New York",Brooklyn,2516,445,1337,263,48,36,43,28,72,54,146,159,45,27,8,13,40,52,20,25,53,46,110,90,137,78,94,66,44,27,49,58,24,22,90,41,39,32,58,53,47,36,101,70,41,43,7,11,21,24,1179,218,51,39,7,11,26,27,38,25,18,19,9,15,34,28,92,94,32,25,65,40,95,67,102,43,10,16,79,79,109,52,21,18,67,81,36,41,50,45,104,39,84,57,25,26,25,28
1400000US36047074400,"Census Tract 744, Kings County, New York",Brooklyn,2648,584,1670,429,210,92,155,121,200,82,153,134,125,78,9,15,31,36,123,107,106,63,7,11,14,15,85,49,73,55,61,46,33,34,99,71,37,31,10,13,13,17,94,50,8,12,17,19,7,11,978,205,109,54,130,87,58,34,51,33,7,10,45,38,14,16,0,14,42,33,24,22,63,37,42,45,49,50,56,50,113,62,18,22,47,35,7,10,15,17,46,39,16,18,11,22,15,16
1400000US36047074600,"Census Tract 746, Kings County, New York",Brooklyn,2385,720,1010,381,76,76,44,51,129,93,57,64,74,70,25,35,0,14,10,15,38,30,7,9,117,64,57,53,76,73,109,64,78,39,0,14,37,46,12,21,39,32,11,16,4,7,0,14,10,11,1375,404,144,118,246,126,85,78,56,57,19,16,0,14,37,33,54,42,12,14,71,39,78,70,98,81,48,46,114,48,53,22,12,20,13,12,0,14,96,101,60,36,26,14,49,56,4,8
1400000US36047074800,"Census Tract 748, Kings County, New York",Brooklyn,1504,432,827,272,117,159,37,25,71,58,50,34,35,26,10,16,23,25,13,15,65,57,15,22,16,25,30,26,95,100,23,20,34,31,0,14,13,17,10,15,84,84,52,30,34,35,0,14,0,14,677,200,28,34,61,51,18,20,54,52,14,18,0,14,0,14,14,12,75,75,41,67,12,20,67,51,17,18,68,37,43,37,10,15,22,27,29,23,26,19,51,36,17,18,10,16,0,14
1400000US36047075000,"Census Tract 750, Kings County, New York",Brooklyn,2804,476,1349,257,42,41,131,103,72,57,77,51,21,23,10,15,0,14,80,52,98,123,117,65,113,96,25,26,109,77,55,38,87,65,9,13,61,53,39,30,60,39,86,55,16,19,17,21,24,21,1455,296,83,69,72,59,127,90,59,54,39,36,97,61,1,3,74,61,40,38,93,94,42,38,84,60,114,68,99,93,37,23,114,74,45,32,74,40,71,49,36,30,10,15,18,19,26,23
1400000US36047075200,"Census Tract 752, Kings County, New York",Brooklyn,1146,340,578,184,95,59,106,74,63,53,36,31,0,14,0,14,0,14,9,12,27,29,19,20,25,22,26,22,26,23,52,45,11,15,9,13,33,35,0,14,9,13,18,21,14,21,0,14,0,14,568,205,50,40,39,36,122,88,46,43,13,19,0,14,0,14,9,14,16,16,30,33,24,22,29,28,30,24,32,39,9,14,30,33,9,13,7,11,9,13,46,33,0,14,18,19,0,14
1400000US36047075400,"Census Tract 754, Kings County, New York",Brooklyn,1000,431,538,224,0,14,32,48,69,80,22,32,0,14,13,25,0,14,0,14,6,9,1,3,0,14,0,14,32,56,23,30,35,44,0,14,80,94,42,40,17,22,83,81,21,25,14,17,48,67,462,231,0,14,0,14,39,60,0,14,4,6,5,7,11,22,33,49,4,6,0,14,10,19,0,14,34,60,64,60,38,36,0,14,85,88,0,14,24,22,19,22,13,25,10,16,69,83
1400000US36047075600,"Census Tract 756, Kings County, New York",Brooklyn,1720,364,970,231,21,23,23,22,47,32,63,35,23,21,3,7,0,14,49,40,36,24,30,32,52,48,83,44,50,46,156,145,33,25,49,61,11,15,25,35,42,46,118,114,33,41,0,14,23,26,750,224,7,11,78,70,101,66,37,31,0,14,10,14,23,19,3,7,24,23,0,14,19,18,46,29,79,53,64,52,63,43,1,2,13,14,14,21,68,49,89,98,0,14,11,18,0,14
1400000US36047075800,"Census Tract 758, Kings County, New York",Brooklyn,1400,273,522,136,78,58,26,23,29,33,0,14,12,18,0,14,0,14,4,6,12,13,20,20,15,18,15,19,4,7,15,16,19,22,0,14,21,22,11,17,58,47,81,48,16,19,29,24,57,48,878,223,22,17,12,11,12,18,21,18,9,14,9,14,0,14,7,11,26,24,46,32,16,18,14,14,27,39,0,14,12,13,37,45,53,47,53,48,107,100,81,45,111,66,52,47,151,118
1400000US36047076000,"Census Tract 760, Kings County, New York",Brooklyn,3205,661,1661,423,91,103,46,55,203,123,84,81,0,14,65,62,0,14,22,30,101,84,123,99,133,155,202,104,30,31,73,46,86,80,26,36,160,108,3,6,14,24,19,21,37,49,57,60,86,63,1544,307,79,65,75,64,207,127,55,72,0,14,40,47,0,14,18,27,41,37,59,51,105,78,104,91,99,59,76,76,77,51,169,91,51,55,0,14,22,24,153,84,20,25,59,45,35,43
1400000US36047076200,"Census Tract 762, Kings County, New York",Brooklyn,4224,893,2102,574,414,344,73,63,117,109,44,48,19,21,10,24,0,14,57,64,191,118,280,212,136,62,78,55,109,70,96,65,71,60,7,11,136,79,10,20,62,56,57,40,80,83,21,24,34,41,2122,395,155,116,108,106,141,110,39,30,22,29,8,13,62,65,78,72,140,67,197,223,233,101,102,72,60,49,149,93,120,93,38,37,171,96,42,49,93,69,69,62,51,44,13,16,31,36
1400000US36047076400,"Census Tract 764, Kings County, New York",Brooklyn,4302,451,2177,275,0,14,224,264,330,194,144,158,77,52,11,19,30,44,94,92,105,57,134,81,416,177,102,88,172,148,25,29,54,50,53,40,67,69,0,14,53,74,61,64,0,14,8,14,17,26,2125,263,14,25,110,79,204,161,0,14,43,39,0,14,43,44,0,14,215,124,251,138,168,84,270,125,56,73,93,66,134,93,75,72,71,69,24,29,186,159,81,58,18,27,55,33,14,22
1400000US36047076600,"Census Tract 766, Kings County, New York",Brooklyn,2126,426,989,226,0,14,26,25,43,34,35,35,21,27,16,22,0,14,40,36,63,47,154,86,132,63,95,70,31,21,74,52,71,49,40,41,20,20,29,24,20,29,62,77,8,11,4,14,5,9,1137,241,62,57,70,68,60,48,30,32,31,43,0,14,0,14,114,82,94,47,81,52,80,37,59,44,66,55,48,39,180,77,29,39,40,27,33,34,3,7,16,16,30,23,5,14,6,9
1400000US36047076800,"Census Tract 768, Kings County, New York",Brooklyn,3895,698,2172,407,179,131,150,95,191,132,46,49,111,76,34,22,76,55,57,55,231,90,205,82,98,70,137,156,51,38,36,41,45,53,106,73,57,49,45,63,28,34,122,70,26,28,48,76,93,65,1723,394,90,61,235,190,12,18,1,2,0,14,19,31,0,14,89,80,38,34,406,201,37,39,53,40,83,58,85,63,94,53,38,29,45,59,68,72,39,37,147,110,48,78,0,14,96,88
1400000US36047077000,"Census Tract 770, Kings County, New York",Brooklyn,2780,470,1241,224,20,31,134,117,92,83,35,24,62,54,22,24,46,82,63,75,184,156,28,42,77,37,88,86,56,62,70,63,52,44,20,31,77,42,13,21,0,14,29,32,73,35,0,14,0,14,1539,327,28,46,67,90,72,65,60,69,10,11,11,12,42,66,110,76,143,156,129,143,56,40,271,128,45,51,89,49,67,106,85,81,53,43,0,14,15,25,69,47,102,89,15,25,0,14
1400000US36047077200,"Census Tract 772, Kings County, New York",Brooklyn,3068,864,1176,282,28,33,36,38,59,48,12,18,1,2,41,57,1,4,22,26,1,2,163,128,57,43,87,64,141,113,57,50,39,46,65,57,58,40,23,37,85,92,88,73,19,29,12,22,81,86,1892,660,106,81,66,66,104,135,125,138,16,27,10,16,13,21,68,76,189,178,52,47,134,71,51,51,162,80,59,49,316,297,27,29,73,71,117,91,51,47,16,20,15,24,54,65,68,58
1400000US36047077400,"Census Tract 774, Kings County, New York",Brooklyn,2906,609,1517,439,28,36,91,81,191,102,16,25,0,14,44,62,101,99,106,129,220,177,124,89,98,48,157,200,53,57,45,43,56,49,15,26,0,14,0,14,104,79,58,41,10,17,0,14,0,14,1389,299,82,81,35,42,74,60,0,14,83,90,15,27,37,53,56,51,40,47,163,193,126,77,125,98,102,61,86,52,110,69,32,37,21,24,55,41,36,41,76,70,20,33,0,14,15,23
1400000US36047077600,"Census Tract 776, Kings County, New York",Brooklyn,3448,518,1738,334,64,52,64,63,90,58,66,49,13,21,48,38,17,23,28,36,30,38,88,74,111,63,102,85,73,58,31,33,151,85,96,73,50,44,118,135,43,36,156,85,48,36,94,63,157,179,1710,262,92,68,38,40,76,63,71,66,0,14,0,14,0,14,29,29,40,39,88,81,81,57,193,92,92,68,115,69,156,76,65,52,76,65,49,39,54,37,61,46,147,74,26,32,161,146
1400000US36047078000,"Census Tract 780, Kings County, New York",Brooklyn,2170,530,1236,325,65,56,28,31,54,65,71,71,61,85,2,5,18,27,45,54,131,96,129,102,65,56,104,90,52,54,106,51,64,40,22,21,6,10,14,16,33,25,25,23,6,10,125,89,10,15,934,246,27,31,30,41,105,75,44,42,7,10,14,15,0,14,0,14,46,43,19,26,80,42,39,29,90,67,40,33,39,33,17,24,31,24,57,36,0,14,115,86,71,46,63,43,0,14
1400000US36047078200,"Census Tract 782, Kings County, New York",Brooklyn,4086,680,1707,449,75,82,240,160,66,92,60,86,10,16,0,14,0,14,70,54,50,51,77,55,99,64,127,77,174,99,92,70,51,43,41,66,87,74,77,53,35,40,128,117,48,42,28,33,72,76,2379,388,42,53,18,32,78,73,59,97,73,73,26,38,33,44,95,92,183,80,247,114,120,100,152,154,96,60,159,118,208,102,46,45,142,86,75,63,183,94,159,91,80,60,16,21,89,67
1400000US36047078400,"Census Tract 784, Kings County, New York",Brooklyn,2463,359,1364,262,58,54,144,109,48,47,0,14,20,23,4,8,0,14,15,18,222,107,156,58,112,69,90,67,56,39,7,11,110,47,41,33,49,38,28,34,49,41,58,34,76,48,6,10,15,12,1099,151,21,34,9,12,0,14,0,14,6,8,0,14,0,14,151,60,82,61,54,40,77,65,47,45,15,16,108,61,168,68,13,15,46,36,2,8,72,51,66,38,49,37,63,61,50,38
1400000US36047078601,"Census Tract 786.01, Kings County, New York",Brooklyn,2220,702,1086,377,142,136,16,28,26,23,29,28,0,14,5,10,13,18,0,14,89,98,59,39,37,37,192,187,168,122,6,12,71,57,0,14,39,42,18,20,71,53,21,22,84,105,0,14,0,14,1134,414,0,14,18,17,55,42,7,10,18,22,0,14,21,30,13,22,168,202,57,50,128,93,76,65,47,35,146,147,30,30,109,161,66,52,30,31,49,46,33,29,14,21,49,40,0,14
1400000US36047078602,"Census Tract 786.02, Kings County, New York",Brooklyn,2104,304,967,198,72,57,81,47,76,45,25,28,36,42,19,29,0,14,36,26,58,40,100,80,57,35,35,25,35,26,82,57,48,56,49,43,0,14,58,63,8,12,36,26,27,32,29,25,0,14,1137,162,90,68,54,36,21,22,60,56,24,23,10,16,0,14,75,77,85,42,82,48,119,81,46,39,40,28,19,19,65,48,63,58,96,64,38,49,15,17,47,29,46,30,29,37,13,18
1400000US36047078801,"Census Tract 788.01, Kings County, New York",Brooklyn,1695,419,825,200,40,36,63,45,64,42,42,38,25,30,13,20,0,14,26,38,6,11,63,47,69,54,36,35,58,53,45,39,90,80,69,92,0,14,43,43,36,28,0,14,5,9,0,14,32,41,870,274,48,35,0,14,81,61,9,15,0,14,0,14,29,44,77,44,111,121,94,56,53,39,56,47,11,16,118,83,55,33,0,14,0,14,33,27,28,36,52,41,15,17,0,14,0,14
1400000US36047078802,"Census Tract 788.02, Kings County, New York",Brooklyn,1790,539,989,416,53,44,9,14,70,57,17,27,82,86,38,45,124,180,20,23,78,63,66,52,44,41,23,27,52,48,60,48,86,135,10,18,56,51,0,14,16,14,36,44,49,53,0,14,0,14,801,212,71,54,31,29,50,55,0,14,66,58,9,18,0,14,30,30,39,38,90,54,18,21,55,45,30,32,113,109,9,14,75,68,48,51,18,27,0,14,17,19,32,36,0,14,0,14
1400000US36047079001,"Census Tract 790.01, Kings County, New York",Brooklyn,1664,1088,654,371,0,14,42,68,0,14,61,81,8,12,0,14,0,14,69,91,126,125,69,64,9,15,17,26,0,14,0,14,26,33,0,14,123,93,29,31,13,19,35,46,14,20,0,14,13,20,1010,727,111,175,125,179,23,36,54,85,4,7,35,56,0,14,25,24,233,179,26,41,19,22,17,18,32,22,55,62,85,57,19,27,25,31,18,20,9,14,25,38,70,59,0,14,0,14
1400000US36047079002,"Census Tract 790.02, Kings County, New York",Brooklyn,2768,542,1248,328,12,24,81,76,168,131,42,40,29,40,0,14,31,47,101,101,131,103,154,103,102,88,4,22,28,44,48,63,38,38,37,44,0,14,13,19,83,69,98,79,26,42,22,35,0,14,1520,308,69,81,5,15,116,76,22,33,12,19,11,29,18,31,79,66,79,68,107,84,145,97,115,84,91,67,95,63,103,58,69,66,74,61,33,37,0,14,132,81,42,45,49,56,54,60
1400000US36047079201,"Census Tract 792.01, Kings County, New York",Brooklyn,1382,437,531,221,115,104,42,37,44,53,15,18,0,14,11,19,6,9,0,14,0,14,63,62,51,45,37,33,26,38,0,14,40,46,0,14,12,18,0,14,1,4,3,5,28,30,37,50,0,14,851,336,37,51,28,29,0,14,0,14,6,11,0,14,0,14,0,14,31,29,85,78,137,71,20,22,192,216,80,74,38,44,31,46,27,43,12,19,91,96,19,22,0,14,1,2,16,25
1400000US36047079202,"Census Tract 792.02, Kings County, New York",Brooklyn,1942,394,703,155,0,14,73,41,17,22,29,35,22,23,0,14,11,16,0,14,123,65,77,62,21,29,43,35,44,44,51,32,46,46,41,49,37,36,10,17,37,42,9,16,12,20,0,14,0,14,1239,342,40,48,0,14,93,98,136,120,63,98,5,12,17,30,45,39,131,74,106,65,184,96,80,45,93,69,13,16,57,31,25,19,17,27,7,12,7,11,36,24,12,19,0,14,72,48
1400000US36047079400,"Census Tract 794, Kings County, New York",Brooklyn,2366,422,874,192,34,39,28,45,23,26,52,36,37,42,0,14,4,13,36,33,125,123,44,36,66,52,123,80,102,77,0,14,100,62,0,14,4,6,15,22,4,12,47,44,21,26,9,27,0,14,1492,352,83,80,15,22,131,113,41,50,0,14,28,31,25,36,82,64,124,98,163,83,120,62,158,111,53,45,60,51,146,77,23,51,9,14,0,14,35,38,107,75,56,40,33,31,0,14
1400000US36047079601,"Census Tract 796.01, Kings County, New York",Brooklyn,3232,335,1379,256,41,49,53,70,84,68,19,26,0,14,30,46,49,75,62,48,136,87,184,71,71,58,139,83,114,76,79,60,90,79,44,45,43,54,0,14,52,60,71,77,18,22,0,14,0,14,1853,260,38,47,22,26,33,48,37,41,37,53,0,14,0,14,117,76,204,90,344,181,142,82,75,51,65,55,78,42,126,88,30,37,22,32,33,35,85,65,110,67,158,109,26,26,71,59
1400000US36047079602,"Census Tract 796.02, Kings County, New York",Brooklyn,5073,854,2324,535,93,97,97,81,117,105,155,130,98,138,41,62,21,33,37,59,195,165,484,242,190,145,208,214,102,91,78,69,71,79,10,21,0,19,12,20,0,19,298,190,12,21,5,8,0,19,2749,482,9,15,79,80,87,82,137,102,70,79,44,50,29,37,152,136,337,172,180,94,136,104,345,209,188,135,196,146,264,155,35,44,67,70,67,58,79,78,84,111,76,67,60,55,28,42
1400000US36047079801,"Census Tract 798.01, Kings County, New York",Brooklyn,3316,887,1406,277,87,84,50,65,192,207,79,46,0,14,0,14,0,14,33,49,104,101,221,86,105,68,109,76,62,74,93,66,67,82,9,14,61,60,9,14,0,14,33,44,37,40,43,46,12,19,1910,682,114,93,7,14,208,276,0,14,0,14,8,14,9,14,127,164,209,95,328,249,153,92,101,73,19,23,124,80,201,234,0,14,0,14,29,30,34,32,85,119,59,64,82,66,13,22
1400000US36047079802,"Census Tract 798.02, Kings County, New York",Brooklyn,5004,598,2410,502,177,168,43,71,0,19,0,19,33,40,0,19,0,19,28,47,199,194,314,192,203,115,438,301,283,183,169,125,134,138,22,36,143,127,49,76,0,19,40,47,80,76,55,88,0,19,2594,457,107,99,47,74,100,150,0,19,59,97,66,109,0,19,26,43,144,103,259,122,430,222,214,131,146,125,193,150,193,185,56,93,88,97,49,73,0,19,121,83,164,143,23,35,109,127
1400000US36047080000,"Census Tract 800, Kings County, New York",Brooklyn,3217,554,1344,338,43,68,45,60,120,104,56,60,0,14,12,19,0,14,61,69,88,87,49,47,87,113,91,70,175,104,103,64,125,97,45,72,0,14,12,19,97,91,32,34,14,22,42,48,47,41,1873,385,34,42,87,76,70,64,43,46,60,56,0,14,15,26,11,23,261,165,206,129,33,34,159,87,66,79,142,75,142,105,77,79,9,20,44,50,85,74,125,66,183,198,12,18,9,16
1400000US36047080200,"Census Tract 802, Kings County, New York",Brooklyn,3878,542,1694,305,72,58,31,36,130,93,63,33,48,41,28,31,0,14,61,55,106,71,78,51,218,146,90,63,244,106,196,224,66,54,0,14,85,90,14,23,50,59,33,39,0,14,81,89,0,14,2184,412,137,104,9,15,136,68,16,38,11,17,13,21,17,27,129,73,148,63,171,83,126,71,85,55,278,132,197,109,99,65,26,29,163,115,0,14,151,123,54,53,87,55,31,34,100,153
1400000US36047080400,"Census Tract 804, Kings County, New York",Brooklyn,3033,563,1463,272,32,44,54,55,48,64,91,67,43,49,19,30,0,14,59,54,287,179,82,59,111,79,28,36,98,70,57,48,176,133,9,21,72,54,50,56,5,12,43,37,85,74,14,21,0,14,1570,395,16,36,26,38,72,67,0,14,0,14,0,14,0,14,134,113,155,85,142,79,81,62,77,60,71,67,140,96,17,24,42,65,95,83,234,280,11,17,0,14,111,97,91,69,55,59
1400000US36047080600,"Census Tract 806, Kings County, New York",Brooklyn,4038,686,1759,386,96,66,172,88,239,106,99,76,53,48,66,75,0,14,47,56,160,127,132,98,128,77,100,69,50,53,90,80,95,75,0,14,12,20,25,34,58,68,58,63,42,46,37,43,0,14,2279,407,256,176,137,89,254,135,72,77,60,68,0,14,73,72,79,50,141,122,163,87,133,84,142,85,65,72,187,122,149,116,29,33,22,33,15,24,35,46,91,93,60,52,64,75,52,55
1400000US36047080800,"Census Tract 808, Kings County, New York",Brooklyn,2044,249,967,212,0,14,10,16,22,25,0,14,19,29,0,14,0,14,35,40,0,14,67,60,63,54,42,42,85,56,169,77,59,54,12,12,55,41,17,27,15,28,40,35,45,29,163,99,49,56,1077,286,48,52,12,21,114,84,10,12,0,14,0,14,0,14,50,32,40,87,153,106,72,58,4,12,73,73,26,32,43,35,28,28,37,33,12,13,53,41,106,53,35,41,56,41,105,74
1400000US36047081000,"Census Tract 810, Kings County, New York",Brooklyn,2101,510,660,224,0,14,77,89,0,14,26,40,0,14,0,14,0,14,15,25,81,95,106,75,166,181,31,35,0,14,37,43,49,43,0,14,0,14,38,63,0,14,13,22,0,14,12,19,9,14,1441,439,129,135,0,14,26,40,0,14,0,14,16,25,87,82,137,93,125,134,24,28,300,339,118,87,54,55,109,68,47,44,0,14,0,14,9,15,43,49,79,76,49,76,24,33,65,79
1400000US36047081400,"Census Tract 814, Kings County, New York",Brooklyn,2692,479,1371,355,91,74,155,144,60,65,12,20,0,14,0,14,0,14,4,16,304,278,101,87,118,91,138,81,24,29,37,39,73,80,6,16,40,41,36,50,48,52,34,45,51,47,15,31,24,29,1321,266,32,48,128,97,85,66,90,61,0,14,0,14,0,14,2,29,28,34,50,45,57,62,126,83,43,43,39,43,102,84,72,93,155,126,41,44,60,51,91,67,41,52,7,11,72,73
1400000US36047081600,"Census Tract 816, Kings County, New York",Brooklyn,2893,658,1309,368,85,70,98,139,73,44,42,36,53,50,7,14,9,14,70,54,99,55,85,55,99,60,74,52,99,64,0,14,64,38,67,45,85,57,14,15,9,13,80,57,38,40,41,38,18,20,1584,348,66,63,70,43,154,93,13,19,21,23,36,27,0,14,63,39,94,56,88,74,124,66,135,64,29,27,77,52,154,87,27,33,82,66,16,16,124,61,94,68,6,9,40,38,71,48
1400000US36047081800,"Census Tract 818, Kings County, New York",Brooklyn,4639,986,1686,392,36,61,0,14,193,179,9,20,24,27,68,86,9,20,6,10,146,96,220,115,304,168,103,126,74,56,232,134,43,48,2,5,143,150,0,14,0,14,45,69,29,48,0,14,0,14,2953,700,69,77,262,205,354,354,1,2,30,44,50,61,0,14,87,59,426,205,331,188,283,206,76,74,322,213,39,41,181,141,2,5,37,44,2,5,61,65,254,217,45,51,20,33,21,33
1400000US36047082000,"Census Tract 820, Kings County, New York",Brooklyn,4651,961,2033,572,311,191,58,67,23,59,2,3,74,72,1,2,0,14,172,110,53,51,227,164,74,78,187,221,108,90,132,103,361,300,43,51,52,62,0,14,44,72,29,46,0,14,82,75,0,14,2618,699,35,62,202,270,105,102,0,14,36,58,28,44,0,14,60,61,653,335,338,123,253,149,87,59,133,111,103,95,97,79,0,14,85,107,141,176,39,63,25,38,26,43,45,77,127,116
1400000US36047082200,"Census Tract 822, Kings County, New York",Brooklyn,7104,1350,3415,670,17,28,164,156,343,202,139,103,24,31,4,7,28,47,266,179,286,189,468,166,260,153,198,140,237,172,127,83,205,128,105,105,110,102,93,117,51,71,105,113,39,60,135,100,11,18,3689,865,198,262,99,81,67,75,17,27,108,89,0,19,76,110,226,156,325,162,407,207,347,215,122,111,120,95,343,161,208,126,205,141,126,91,162,112,66,70,189,122,129,132,70,81,79,72
1400000US36047082400,"Census Tract 824, Kings County, New York",Brooklyn,5125,894,2571,529,200,164,121,106,222,128,82,99,75,87,57,92,23,41,94,77,422,162,98,92,94,97,192,131,236,153,157,118,217,134,48,76,17,35,0,19,66,76,18,30,107,77,0,19,25,40,2554,556,54,85,74,93,100,114,27,32,64,71,0,19,0,19,251,152,241,135,116,152,187,126,199,116,375,257,91,73,141,108,38,47,132,106,88,86,122,102,129,98,37,59,15,24,73,77
1400000US36047082600,"Census Tract 826, Kings County, New York",Brooklyn,4122,718,2002,461,100,99,152,106,224,185,50,58,51,76,0,14,53,51,129,105,92,74,182,142,100,60,182,199,148,94,97,84,117,102,0,14,27,36,7,11,111,118,107,86,40,52,28,47,5,19,2120,442,0,14,143,77,58,67,63,72,18,34,0,14,0,14,142,154,45,53,202,163,134,92,273,150,197,133,188,110,69,58,20,25,78,69,54,62,137,103,106,67,116,111,64,67,13,23
1400000US36047082800,"Census Tract 828, Kings County, New York",Brooklyn,3604,664,1620,331,93,77,86,76,76,48,68,64,40,51,0,14,0,14,83,85,144,116,123,87,88,85,109,82,148,82,143,122,116,101,12,14,59,67,22,35,103,101,60,62,11,23,36,54,0,14,1984,428,157,122,27,32,34,33,15,27,12,23,1,5,50,44,150,123,108,79,207,100,181,174,141,97,166,105,87,61,133,86,8,17,64,55,41,34,106,81,80,59,172,105,22,38,22,37
1400000US36047083000,"Census Tract 830, Kings County, New York",Brooklyn,5673,1120,3008,723,55,98,144,132,165,169,203,229,125,139,89,105,62,61,157,125,291,189,217,204,197,198,142,109,338,235,149,112,234,196,50,83,66,77,40,61,42,59,198,251,44,63,0,19,0,19,2665,598,102,136,0,19,172,130,110,107,27,43,0,19,0,19,10,18,87,96,75,91,261,156,276,166,165,136,366,201,213,225,213,277,118,127,53,78,74,74,207,141,57,81,25,39,54,63
1400000US36047083200,"Census Tract 832, Kings County, New York",Brooklyn,2094,316,869,186,32,50,37,31,42,31,44,31,15,15,13,19,0,14,0,14,41,35,69,65,41,38,119,74,89,70,49,32,49,42,0,14,61,76,0,14,80,45,47,31,26,29,15,16,0,14,1225,206,24,26,83,68,49,41,2,4,0,14,10,15,0,14,29,34,61,41,91,74,78,38,45,37,116,58,53,35,65,44,73,100,56,37,52,52,119,64,108,65,55,31,18,21,38,34
1400000US36047083400,"Census Tract 834, Kings County, New York",Brooklyn,1839,296,769,196,0,14,28,34,101,79,7,11,32,30,8,12,0,14,0,14,6,9,45,34,44,30,76,64,8,12,6,9,134,97,36,33,70,73,6,10,47,58,17,21,43,48,16,14,39,28,1070,156,40,46,25,33,58,38,79,73,91,52,0,14,0,14,43,32,46,40,65,48,11,12,18,23,86,47,119,93,94,42,23,18,46,37,29,33,5,9,26,21,49,27,69,39,48,33
1400000US36047083600,"Census Tract 836, Kings County, New York",Brooklyn,1984,382,784,161,62,41,47,36,91,69,11,17,5,7,25,27,12,16,22,29,29,27,62,41,15,18,60,40,32,37,42,32,108,51,22,21,35,34,36,28,24,19,28,26,5,8,6,10,5,8,1200,256,103,73,52,51,29,27,90,70,31,30,6,15,0,14,0,14,99,62,85,53,148,65,27,25,74,46,74,41,40,29,45,26,76,46,23,19,6,10,86,51,40,29,34,31,32,18
1400000US36047083800,"Census Tract 838, Kings County, New York",Brooklyn,1931,339,880,181,21,30,22,22,33,34,22,25,10,16,0,14,0,14,41,38,28,26,84,83,42,48,73,44,38,34,76,67,36,34,10,14,8,12,27,34,31,43,149,72,26,31,96,53,7,11,1051,212,16,23,20,29,30,34,8,14,12,12,7,10,9,14,52,43,56,43,25,37,90,57,5,8,42,36,82,66,81,56,23,20,91,44,24,36,15,16,128,68,116,71,59,39,60,52
1400000US36047084000,"Census Tract 840, Kings County, New York",Brooklyn,2226,463,1094,264,107,101,44,43,103,75,34,38,0,14,44,60,6,7,0,14,57,63,122,62,11,11,30,21,11,13,88,62,15,23,50,40,30,25,20,33,46,61,138,61,49,36,39,33,50,46,1132,237,11,17,33,48,60,52,20,26,0,14,8,12,47,51,0,14,79,55,102,89,45,27,25,31,49,46,101,71,81,37,37,32,60,41,55,39,95,59,78,38,42,29,52,48,52,35
1400000US36047084600,"Census Tract 846, Kings County, New York",Brooklyn,2038,318,860,185,58,51,15,20,123,72,64,36,2,11,0,14,12,20,28,30,53,43,0,14,132,98,44,35,69,46,33,31,41,37,67,55,37,26,0,14,0,14,25,27,7,10,12,13,38,33,1178,200,41,49,72,56,36,36,105,64,0,14,19,26,29,35,19,26,42,55,49,32,28,37,97,65,72,51,89,52,106,46,61,39,53,34,18,20,27,27,70,34,100,42,45,30,0,14
1400000US36047084800,"Census Tract 848, Kings County, New York",Brooklyn,1445,335,773,233,0,14,21,28,27,34,18,28,24,26,2,3,6,9,14,25,83,65,76,53,58,39,0,14,22,27,23,22,31,35,25,28,99,106,80,79,14,21,105,66,30,30,0,14,15,24,672,170,0,14,34,54,21,29,7,11,11,15,9,9,0,14,6,9,33,35,26,28,93,58,19,21,46,39,54,43,55,51,14,19,41,33,13,21,74,54,45,36,37,35,21,29,13,21
1400000US36047085000,"Census Tract 850, Kings County, New York",Brooklyn,1383,342,718,178,44,47,0,14,23,24,36,31,19,20,0,14,0,14,11,17,45,55,60,49,57,57,123,86,90,50,31,30,0,14,21,32,26,33,10,16,24,23,55,53,31,29,12,14,0,14,665,213,23,35,0,14,0,14,51,54,9,14,0,14,0,14,0,14,24,27,44,38,14,22,103,80,94,66,19,28,28,25,19,30,33,32,42,33,45,42,26,30,34,25,22,24,35,39
1400000US36047085200,"Census Tract 852, Kings County, New York",Brooklyn,0,14,0,14,0,14,0,14,0,14,0,14,0,14,0,14,0,14,0,14,0,14,0,14,0,14,0,14,0,14,0,14,0,14,0,14,0,14,0,14,0,14,0,14,0,14,0,14,0,14,0,14,0,14,0,14,0,14,0,14,0,14,0,14,0,14,0,14,0,14,0,14,0,14,0,14,0,14,0,14,0,14,0,14,0,14,0,14,0,14,0,14,0,14,0,14,0,14
1400000US36047085400,"Census Tract 854, Kings County, New York",Brooklyn,2062,330,963,182,8,13,59,42,34,30,46,35,16,24,0,14,0,14,52,30,20,27,78,60,66,38,68,41,73,52,117,74,27,22,0,14,18,16,43,41,25,28,85,53,31,33,45,42,52,48,1099,227,17,20,63,72,99,56,29,35,9,13,0,14,0,14,14,17,18,22,67,59,47,32,78,43,61,38,107,71,119,109,21,21,35,30,57,42,28,36,87,52,70,49,39,22,34,39
1400000US36047085600,"Census Tract 856, Kings County, New York",Brooklyn,3161,562,1582,372,150,152,117,74,135,87,9,17,0,14,0,14,0,14,93,146,0,14,194,140,120,90,206,112,64,46,45,43,75,60,68,81,23,26,56,66,113,99,70,52,34,56,0,14,10,17,1579,318,64,47,40,38,103,104,103,104,128,143,7,13,0,14,12,20,110,98,146,91,120,64,68,74,110,63,67,66,38,47,10,15,92,77,77,54,89,75,107,76,34,29,0,14,54,57
1400000US36047085800,"Census Tract 858, Kings County, New York",Brooklyn,1951,482,861,235,50,48,17,27,43,42,19,20,4,11,0,14,16,26,23,26,52,48,23,29,89,61,117,86,47,49,7,12,82,53,5,8,38,39,0,14,28,22,80,68,42,30,58,50,21,28,1090,291,92,79,63,76,99,91,29,30,18,28,0,14,10,15,50,59,18,20,147,79,14,15,117,76,60,55,40,31,7,11,91,56,17,19,65,60,16,27,80,46,19,18,21,20,17,27
1400000US36047086000,"Census Tract 860, Kings County, New York",Brooklyn,2627,641,1282,311,0,14,97,112,131,84,58,74,70,68,46,58,64,75,42,45,0,14,94,86,100,89,20,33,143,95,120,97,33,52,13,21,57,66,37,62,53,63,49,38,20,24,18,23,17,25,1345,425,56,52,83,132,39,47,27,35,3,6,0,14,34,50,0,14,0,14,165,143,51,58,88,71,138,79,70,66,192,166,71,51,159,93,0,14,25,35,75,56,47,40,14,18,8,12
1400000US36047086200,"Census Tract 862, Kings County, New York",Brooklyn,2626,512,1075,244,0,14,149,104,44,46,30,36,14,22,0,14,0,14,0,14,76,62,126,104,44,36,71,71,91,74,80,77,83,60,13,21,44,44,5,8,41,47,142,84,9,14,0,14,13,21,1551,381,126,90,44,48,37,60,46,42,30,47,0,14,0,14,0,14,86,80,93,70,71,67,226,149,62,53,80,78,116,127,142,101,90,69,34,55,37,33,130,140,35,38,13,20,53,48
1400000US36047086400,"Census Tract 864, Kings County, New York",Brooklyn,2219,432,1023,250,108,75,17,19,60,57,36,60,13,20,0,14,0,14,8,12,68,58,47,52,83,69,69,55,98,73,83,62,65,60,44,25,82,62,18,20,28,24,55,34,34,47,0,14,7,11,1196,229,55,48,89,75,0,14,0,14,0,14,19,27,0,14,53,47,81,60,75,46,32,24,28,33,130,81,65,47,135,62,24,35,128,83,50,46,31,31,22,26,75,54,34,30,70,56
1400000US36047086600,"Census Tract 866, Kings County, New York",Brooklyn,2984,578,1439,390,129,141,7,14,104,112,62,58,77,67,0,14,23,35,26,42,77,73,215,118,51,60,129,82,121,151,88,85,51,59,51,52,0,14,11,17,12,18,121,110,28,41,56,70,0,14,1545,310,9,19,37,40,32,42,29,48,33,54,10,18,33,54,29,35,130,97,180,168,60,67,142,120,124,95,257,128,21,24,12,20,68,74,26,30,18,24,171,71,52,47,43,48,29,34
1400000US36047086800,"Census Tract 868, Kings County, New York",Brooklyn,2952,556,1293,388,44,70,75,74,239,160,17,29,23,38,0,14,0,14,15,23,77,96,86,84,150,117,84,79,28,35,49,48,90,68,33,40,7,11,52,62,24,39,89,89,86,78,25,21,0,14,1659,306,62,61,47,51,119,94,41,50,3,9,38,59,12,20,58,64,266,207,90,86,48,45,127,79,49,42,156,106,99,67,55,53,71,68,59,53,51,58,107,87,37,46,55,65,9,15
1400000US36047087000,"Census Tract 870, Kings County, New York",Brooklyn,3006,730,1351,392,202,103,50,42,62,53,16,25,8,14,10,19,0,14,8,13,120,100,93,80,120,119,131,94,113,81,44,44,73,61,62,75,35,28,0,14,40,51,94,95,6,10,35,55,29,45,1655,424,146,128,93,66,147,108,78,66,36,38,24,27,0,14,74,42,29,61,111,95,194,112,53,57,105,64,66,58,76,52,19,18,42,48,49,25,70,83,60,42,103,77,41,65,39,49
1400000US36047087200,"Census Tract 872, Kings County, New York",Brooklyn,3127,656,1435,354,91,79,155,140,118,89,61,59,74,59,29,44,11,20,78,73,61,69,106,80,83,56,0,14,47,57,138,98,87,58,55,47,101,73,12,19,71,66,0,14,14,23,43,37,0,14,1692,381,106,107,181,152,26,31,26,31,13,21,0,14,0,14,32,50,143,120,140,114,28,30,197,111,31,50,157,84,110,79,57,46,149,82,66,51,43,52,15,23,31,40,59,65,82,103
1400000US36047087401,"Census Tract 874.01, Kings County, New York",Brooklyn,3127,640,1502,438,115,64,123,126,66,75,92,94,29,47,0,14,0,14,169,140,302,221,82,74,24,30,109,102,99,97,1,2,0,14,26,38,76,76,11,18,32,51,26,41,55,64,14,19,51,50,1625,332,120,90,105,91,55,64,46,45,0,14,26,41,0,14,145,151,53,49,157,185,55,58,107,71,85,95,126,88,59,80,0,14,82,69,57,68,53,60,64,57,137,98,50,47,43,40
1400000US36047087600,"Census Tract 876, Kings County, New York",Brooklyn,1798,387,816,179,40,32,92,67,51,28,37,30,23,24,0,14,47,38,16,26,63,39,86,52,63,39,31,36,72,54,22,23,33,37,56,42,0,14,0,14,35,39,19,23,4,7,0,14,26,30,982,290,135,126,37,24,66,57,33,28,0,14,36,45,0,14,41,48,29,33,30,23,120,76,44,38,20,22,77,60,42,35,39,36,59,40,15,16,0,14,46,38,57,38,10,16,46,61
1400000US36047087800,"Census Tract 878, Kings County, New York",Brooklyn,2592,386,1180,259,54,42,43,38,58,53,57,45,16,18,0,14,11,16,18,20,75,76,20,22,114,93,31,35,145,84,33,30,101,48,34,26,89,78,48,35,54,35,76,52,51,43,10,23,42,38,1412,232,0,14,0,14,65,63,0,14,34,52,0,14,30,25,33,24,142,88,114,70,80,51,32,33,93,81,122,77,69,51,118,73,40,38,70,65,110,64,130,82,36,35,28,33,66,51
1400000US36047088001,"Census Tract 880.01, Kings County, New York",Brooklyn,1702,504,553,144,0,14,8,13,47,64,15,27,0,14,0,14,9,25,12,23,9,13,37,40,37,36,56,49,27,34,75,64,66,61,0,14,16,26,4,9,28,36,59,41,9,14,10,16,29,39,1149,465,36,37,53,22,37,27,17,28,0,14,65,95,9,15,0,14,87,42,44,17,7,13,17,20,49,38,35,35,108,77,109,145,50,40,0,14,72,75,52,35,46,45,69,56,187,225
1400000US36047088002,"Census Tract 880.02, Kings County, New York",Brooklyn,1220,308,521,126,31,36,18,27,87,88,0,14,6,9,0,14,16,22,0,14,146,107,49,71,62,77,0,14,7,12,0,14,0,14,11,18,17,20,0,14,6,10,39,36,9,12,0,14,17,18,699,259,48,49,61,68,49,64,0,14,35,53,0,14,17,21,17,25,88,105,142,123,52,66,19,29,32,36,16,20,16,22,0,14,45,52,0,14,24,29,9,12,17,29,6,10,6,10
1400000US36047088200,"Census Tract 882, Kings County, New York",Brooklyn,6535,1453,2733,666,346,256,270,199,241,207,24,80,0,19,57,84,0,19,213,223,150,146,141,202,380,211,0,19,177,161,140,210,196,181,147,143,158,138,0,19,38,55,3,5,40,61,12,19,0,19,3802,964,105,162,380,346,252,262,122,114,48,77,0,19,104,138,262,171,73,114,144,224,387,273,267,161,248,175,183,214,327,179,0,19,259,201,87,96,82,123,189,167,204,199,0,19,79,96
1400000US36047088400,"Census Tract 884, Kings County, New York",Brooklyn,5208,1962,2393,1027,404,415,227,262,144,155,254,297,0,19,0,19,11,18,62,67,110,107,132,215,179,178,115,124,79,107,91,141,110,122,13,27,36,59,78,80,138,102,125,102,33,53,18,29,34,53,2815,1079,51,81,0,19,95,135,107,155,162,159,78,125,12,19,176,196,206,155,582,531,0,19,111,87,61,80,184,174,133,115,64,70,218,161,39,63,60,93,301,196,127,169,38,53,10,17
1400000US36047088600,"Census Tract 886, Kings County, New York",Brooklyn,4340,911,2019,412,115,158,108,98,96,130,142,125,5,8,13,21,26,41,108,124,59,65,86,70,300,171,113,90,134,132,5,7,240,248,52,88,117,106,26,22,60,58,53,51,137,165,0,14,24,38,2321,592,125,133,65,104,80,89,0,14,0,14,0,14,12,20,243,229,232,130,150,138,187,126,97,90,91,92,106,95,482,353,62,57,34,26,38,47,149,165,36,43,64,47,24,38,44,49
1400000US36047088800,"Census Tract 888, Kings County, New York",Brooklyn,3783,637,1343,335,258,205,161,113,0,14,0,14,0,14,0,14,49,64,21,35,59,92,150,119,24,38,142,101,104,118,62,62,62,90,15,24,48,42,0,14,67,64,34,49,26,26,61,70,0,14,2440,518,265,238,137,110,133,113,25,41,56,58,23,34,50,84,38,62,68,61,158,133,128,92,142,104,107,92,221,126,200,112,43,68,14,23,114,90,195,126,84,69,69,52,38,39,132,131
1400000US36047089000,"Census Tract 890, Kings County, New York",Brooklyn,7674,1114,4267,958,119,116,208,191,210,200,42,85,569,363,45,77,224,151,107,130,394,405,620,487,168,196,330,287,110,126,234,157,263,194,38,33,72,85,29,34,89,88,60,36,48,32,199,110,89,89,3407,714,198,239,105,122,159,191,63,104,44,90,124,154,136,171,73,106,108,134,282,279,295,173,15,24,166,185,269,205,592,271,98,187,58,61,47,66,17,26,280,161,136,114,101,100,41,29
1400000US36047089200,"Census Tract 892, Kings County, New York",Brooklyn,2876,803,1360,394,17,37,105,122,0,14,0,14,4,22,0,14,0,14,26,50,41,61,48,64,85,109,48,59,125,128,228,129,88,80,0,14,130,114,0,14,51,54,171,138,193,261,0,14,0,14,1516,588,18,43,46,77,15,34,5,31,0,14,79,98,13,31,6,15,48,80,28,50,55,75,104,98,24,54,253,182,120,80,26,42,348,475,23,45,0,14,255,87,50,54,0,14,0,14
1400000US36047089400,"Census Tract 894, Kings County, New York",Brooklyn,3513,847,1437,385,0,14,102,109,70,77,22,39,0,14,79,82,79,82,71,100,4,9,29,55,32,45,77,64,148,134,213,156,129,129,67,105,74,74,63,65,0,14,46,69,93,134,0,14,39,51,2076,644,127,201,71,93,36,58,38,59,0,14,96,130,35,56,76,101,312,206,98,99,93,76,54,69,180,138,145,107,251,133,25,36,97,76,69,60,0,14,21,27,118,140,66,71,68,63
1400000US36047089600,"Census Tract 896, Kings County, New York",Brooklyn,3956,702,2291,494,332,354,74,93,68,126,54,102,46,66,0,14,0,14,0,14,131,142,115,124,111,76,47,68,192,218,419,254,61,60,337,353,66,64,0,14,169,206,0,14,0,14,45,69,24,39,1665,429,0,14,52,86,0,14,45,65,77,79,0,14,0,14,1,32,79,92,64,75,276,238,320,272,57,62,135,157,157,104,84,69,68,113,129,199,74,101,0,14,19,29,3,25,25,39
1400000US36047089800,"Census Tract 898, Kings County, New York",Brooklyn,2316,614,850,199,90,74,55,63,68,56,30,25,0,14,0,14,0,14,0,14,0,14,61,47,47,28,125,108,123,90,40,36,7,12,9,14,16,18,14,26,14,18,131,102,20,27,0,14,0,14,1466,513,85,56,152,93,12,22,47,54,0,14,36,49,0,14,37,33,52,55,43,35,115,50,313,404,84,82,47,50,115,59,46,61,127,78,19,30,44,36,29,26,42,44,21,30,0,14
1400000US36047090000,"Census Tract 900, Kings County, New York",Brooklyn,4964,857,2243,429,430,254,22,36,50,64,0,14,101,119,33,58,81,122,92,149,178,111,230,173,240,176,89,113,55,85,177,175,74,83,0,14,171,139,40,60,42,47,105,103,33,56,0,14,0,14,2721,572,204,169,132,172,235,201,108,127,32,48,83,122,0,14,10,16,248,185,85,81,154,158,305,156,131,128,248,180,334,155,0,14,103,72,109,123,85,84,84,80,0,14,31,37,0,14
1400000US36047090200,"Census Tract 902, Kings County, New York",Brooklyn,4017,497,1716,305,192,152,67,63,113,65,66,46,29,26,5,12,6,14,99,72,229,96,102,93,147,74,120,89,46,48,130,133,39,61,0,14,91,70,22,18,36,32,80,57,44,38,53,67,0,14,2301,281,93,68,69,65,206,105,103,52,75,74,12,21,20,30,155,96,72,48,258,101,165,132,236,147,121,69,69,44,148,83,48,51,58,46,19,23,114,72,53,40,125,85,45,66,37,34
1400000US36047090600,"Census Tract 906, Kings County, New York",Brooklyn,4344,747,1602,304,306,270,81,89,237,161,99,85,104,133,22,46,25,43,119,105,72,84,74,74,60,40,37,33,0,14,189,78,95,79,0,14,14,21,38,48,20,31,0,14,10,18,0,14,0,14,2742,589,140,133,212,159,245,194,137,154,114,112,66,97,0,14,3,5,221,197,273,189,310,140,123,144,318,143,108,131,154,100,84,49,54,45,0,14,24,33,24,29,44,56,29,45,59,75
1400000US36047090800,"Census Tract 908, Kings County, New York",Brooklyn,6230,912,1910,495,26,47,40,48,99,86,100,83,54,87,23,39,62,69,82,84,469,266,84,89,100,119,268,192,178,123,54,64,32,46,43,49,72,86,3,9,77,95,30,35,14,26,0,19,0,19,4320,875,101,128,73,77,476,484,201,210,62,95,82,106,60,107,120,111,617,295,621,258,646,279,411,222,211,174,228,122,117,91,8,19,49,50,44,70,34,45,115,108,44,57,0,19,0,19
1400000US36047091000,"Census Tract 910, Kings County, New York",Brooklyn,5837,1344,2843,940,312,328,561,266,168,161,105,129,76,108,92,137,0,19,0,19,233,169,281,260,55,72,98,131,43,65,154,177,119,139,154,150,0,19,44,59,38,46,226,208,33,45,0,19,51,59,2994,655,0,19,740,460,0,19,43,75,0,19,0,19,0,19,12,26,270,150,374,265,123,165,147,154,46,76,67,81,147,125,83,88,160,142,217,134,69,83,0,19,0,19,376,252,120,112
1400000US36047091200,"Census Tract 912, Kings County, New York",Brooklyn,6301,1256,2652,830,195,222,557,295,71,109,200,182,0,19,96,110,44,72,282,248,378,505,39,66,137,170,0,19,121,141,84,118,286,253,30,51,90,114,26,49,16,35,0,19,0,19,0,19,0,19,3649,604,47,78,94,123,126,156,153,159,89,111,54,118,0,19,263,210,41,73,616,365,220,179,56,81,69,92,291,252,652,234,0,19,450,447,88,118,82,104,117,169,31,53,0,19,110,150
1400000US36047091600,"Census Tract 916, Kings County, New York",Brooklyn,5619,933,2790,569,395,338,347,142,362,310,80,78,5,33,0,19,0,19,13,21,113,87,223,155,113,86,105,137,270,204,15,26,82,91,85,96,58,64,13,21,146,114,168,141,170,192,27,41,0,19,2829,636,331,198,6,41,299,237,141,133,58,88,48,63,64,101,29,40,105,89,332,198,229,135,217,169,91,99,82,73,85,105,91,87,73,69,29,41,15,26,283,221,69,67,57,82,95,112
1400000US36047091800,"Census Tract 918, Kings County, New York",Brooklyn,2453,333,980,154,95,83,0,14,55,41,106,71,16,25,56,47,0,14,0,14,68,51,74,54,110,78,65,43,27,31,24,46,77,73,0,14,14,20,4,14,20,28,79,48,90,87,0,14,0,14,1473,273,40,37,94,72,89,74,45,48,33,36,3,5,0,14,34,46,92,63,99,62,64,57,129,78,43,36,141,66,200,173,19,21,54,42,53,42,21,23,108,61,21,27,69,64,22,24
1400000US36047092000,"Census Tract 920, Kings County, New York",Brooklyn,3202,631,1002,398,58,95,81,104,44,71,0,14,47,73,0,14,0,14,63,92,130,110,148,174,13,37,0,14,0,14,131,69,0,14,0,14,0,14,215,296,41,53,12,34,19,30,0,14,0,14,2200,357,113,145,150,130,563,116,0,14,0,14,0,14,0,14,0,14,0,14,249,136,57,87,256,203,55,82,0,14,54,71,135,96,66,87,123,159,60,77,16,28,29,49,117,133,157,165
1400000US36047092200,"Census Tract 922, Kings County, New York",Brooklyn,2842,633,1405,513,177,251,46,47,9,15,0,14,22,34,176,194,0,14,0,14,147,127,41,44,87,118,172,219,22,34,16,26,156,167,44,72,148,144,19,30,11,15,0,14,35,40,18,28,59,93,1437,257,42,51,0,14,0,14,45,53,0,14,0,14,0,14,38,43,231,247,9,14,17,19,25,30,163,141,174,165,324,216,8,13,37,44,0,14,53,44,68,57,58,77,108,101,37,41
1400000US36047092400,"Census Tract 924, Kings County, New York",Brooklyn,3420,613,1735,412,141,148,108,88,343,189,202,96,46,38,22,26,44,53,15,30,72,62,58,53,64,77,206,137,18,11,38,53,123,70,106,100,89,98,0,14,10,21,9,26,0,14,0,14,21,31,1685,303,79,68,157,77,210,105,118,64,0,14,0,14,12,25,0,14,40,60,85,89,262,106,51,80,84,77,70,60,27,41,58,55,235,108,25,36,53,74,13,22,33,25,38,43,35,42
1400000US36047092800,"Census Tract 928, Kings County, New York",Brooklyn,2663,517,1064,272,15,24,9,13,99,67,14,19,43,52,0,14,0,14,52,53,118,117,26,40,20,29,36,40,137,88,87,72,50,53,65,59,73,51,28,30,33,42,114,131,7,13,38,49,0,14,1599,331,32,43,159,91,56,64,0,14,7,10,11,18,0,14,83,99,50,43,104,44,100,121,116,76,104,81,67,68,92,61,45,36,166,134,52,50,39,33,30,27,125,88,69,63,92,72
1400000US36047093000,"Census Tract 930, Kings County, New York",Brooklyn,2986,468,1252,228,112,61,28,33,7,12,37,39,41,40,12,21,42,37,50,58,130,72,153,96,76,47,52,35,81,62,32,33,82,77,8,13,67,56,15,16,97,54,57,37,30,29,18,28,25,33,1734,324,169,100,139,81,130,64,31,36,16,25,0,14,22,24,73,74,171,130,110,82,77,52,127,65,23,29,31,31,128,62,40,31,47,36,71,49,58,46,69,45,111,74,34,38,57,58
1400000US36047093200,"Census Tract 932, Kings County, New York",Brooklyn,1565,464,764,323,109,139,0,14,0,14,12,11,0,14,0,14,0,14,0,14,42,41,132,211,75,84,0,14,0,14,15,24,82,103,28,30,29,36,51,26,36,37,80,52,31,33,42,41,0,14,801,217,20,32,0,14,6,9,39,33,0,14,0,14,0,14,71,87,148,108,29,26,5,8,20,33,26,32,23,17,84,44,35,34,35,35,56,54,58,43,66,43,61,59,11,17,8,14
1400000US36047093400,"Census Tract 934, Kings County, New York",Brooklyn,2175,382,882,204,21,24,20,20,87,75,9,13,38,22,5,8,16,22,68,53,101,120,48,54,57,35,13,16,61,32,77,51,44,50,35,35,48,35,9,14,31,25,38,30,26,33,0,14,30,28,1293,248,38,34,91,93,80,85,35,35,27,33,19,21,21,25,25,20,22,24,37,29,34,32,62,45,123,64,119,76,79,52,20,18,62,35,25,26,32,30,92,57,121,63,85,66,44,39
1400000US36047093600,"Census Tract 936, Kings County, New York",Brooklyn,1529,276,699,135,48,39,13,20,0,14,10,11,15,19,15,16,0,14,39,42,53,43,22,26,10,16,15,24,27,27,44,42,102,66,32,36,29,31,18,20,37,33,29,47,102,64,27,30,12,18,830,189,34,34,0,14,53,40,31,31,17,15,13,19,0,14,26,27,30,30,59,40,12,19,57,46,63,53,25,21,25,23,12,13,69,50,46,36,23,22,71,37,88,54,53,71,23,27
1400000US36047093800,"Census Tract 938, Kings County, New York",Brooklyn,2227,528,962,269,51,46,52,48,79,54,10,15,25,32,0,14,13,19,0,14,103,108,16,20,123,58,96,50,74,89,54,56,74,55,31,36,49,51,7,10,67,58,13,14,4,8,11,13,10,16,1265,326,0,14,56,57,51,41,27,34,39,33,34,29,0,14,55,47,113,139,130,132,78,51,63,57,61,47,74,55,76,71,80,56,109,93,17,23,64,48,54,47,16,20,24,34,44,40
1400000US36047094401,"Census Tract 944.01, Kings County, New York",Brooklyn,3158,569,1696,410,79,127,75,76,46,65,60,68,0,14,0,14,0,14,56,55,157,93,136,105,198,144,61,63,197,116,40,64,55,40,43,63,92,64,39,44,114,74,162,119,35,40,38,35,13,22,1462,314,119,127,1,3,0,14,36,45,0,14,0,14,0,14,48,52,132,141,146,97,20,21,73,74,191,119,48,63,73,63,53,47,86,73,19,21,130,99,172,116,60,39,31,30,24,29
1400000US36047094402,"Census Tract 944.02, Kings County, New York",Brooklyn,2371,754,894,275,83,107,193,149,26,83,50,55,24,35,0,14,0,14,77,102,0,14,81,74,139,119,30,47,0,14,60,78,56,72,1,29,6,17,28,38,11,17,13,24,16,25,0,14,0,14,1477,558,14,37,87,123,150,134,96,84,59,78,0,14,0,14,46,54,141,151,117,102,34,51,61,77,88,86,26,32,91,65,73,69,74,73,86,83,6,9,89,85,22,44,30,33,87,88
1400000US36047094600,"Census Tract 946, Kings County, New York",Brooklyn,1772,470,760,285,108,146,87,83,0,14,7,12,0,14,23,36,0,14,19,19,12,17,0,14,89,88,32,44,27,24,85,60,37,40,18,22,22,34,0,14,4,7,122,76,21,18,38,43,9,16,1012,285,0,14,147,173,84,60,0,14,0,14,0,14,0,14,65,47,105,47,8,12,103,78,23,24,77,81,61,51,65,42,0,14,9,13,12,15,55,49,68,45,52,31,60,51,18,28
1400000US36047095000,"Census Tract 950, Kings County, New York",Brooklyn,2333,452,1140,265,66,76,53,48,115,71,22,35,11,17,0,14,0,14,0,14,50,52,127,123,49,49,63,50,88,68,7,11,170,81,9,13,46,51,0,14,45,37,93,64,88,64,20,33,18,28,1193,288,0,14,91,60,29,30,16,24,24,32,0,14,19,34,33,46,21,26,52,44,67,55,28,31,68,59,46,50,55,51,29,35,95,62,5,8,131,85,178,71,115,74,33,34,58,84
1400000US36047095400,"Census Tract 954, Kings County, New York",Brooklyn,3875,662,1689,373,0,14,101,102,58,40,44,40,34,38,11,17,0,14,79,72,132,92,202,132,87,68,103,79,159,102,165,121,93,85,42,32,9,14,63,60,39,46,90,57,87,62,16,23,75,65,2186,402,176,131,71,79,28,46,93,85,28,34,29,39,19,32,142,106,110,89,141,98,89,85,82,66,94,66,168,110,258,182,82,63,43,38,67,55,112,71,135,87,126,77,20,26,73,66
1400000US36047095600,"Census Tract 956, Kings County, New York",Brooklyn,3666,906,1571,471,148,115,14,23,67,65,66,70,19,36,0,14,0,14,19,32,184,151,233,158,124,86,150,108,83,62,18,27,34,58,40,54,89,86,80,85,13,29,165,91,0,14,25,40,0,14,2095,532,231,117,42,68,109,101,0,14,61,70,0,14,0,14,121,114,98,88,248,168,277,121,15,28,74,89,147,98,128,87,106,100,57,74,11,23,178,94,108,101,23,41,33,37,28,41
1400000US36047095800,"Census Tract 958, Kings County, New York",Brooklyn,2760,592,1492,457,139,89,97,154,75,68,120,131,47,75,24,39,41,65,123,103,69,45,114,75,63,74,35,32,85,78,129,82,76,62,0,14,0,14,41,47,86,75,0,14,79,73,49,73,0,14,1268,296,10,16,65,79,0,14,0,14,54,87,11,17,0,14,85,84,95,78,147,92,137,113,68,90,30,37,18,29,168,88,9,14,159,104,0,14,53,73,28,32,96,86,4,6,31,35
1400000US36047096000,"Census Tract 960, Kings County, New York",Brooklyn,0,14,0,14,0,14,0,14,0,14,0,14,0,14,0,14,0,14,0,14,0,14,0,14,0,14,0,14,0,14,0,14,0,14,0,14,0,14,0,14,0,14,0,14,0,14,0,14,0,14,0,14,0,14,0,14,0,14,0,14,0,14,0,14,0,14,0,14,0,14,0,14,0,14,0,14,0,14,0,14,0,14,0,14,0,14,0,14,0,14,0,14,0,14,0,14,0,14
1400000US36047096200,"Census Tract 962, Kings County, New York",Brooklyn,1315,509,717,318,96,97,83,38,18,21,0,14,27,27,0,14,27,32,0,14,138,161,33,53,13,19,38,33,10,17,77,55,44,31,0,14,16,18,10,18,42,35,12,13,25,27,0,14,8,13,598,215,49,78,35,24,40,43,0,14,32,45,0,14,0,14,26,33,66,34,17,27,29,20,42,46,47,34,38,30,49,69,25,26,35,26,12,11,0,14,45,44,11,12,0,14,0,14
1400000US36047096400,"Census Tract 964, Kings County, New York",Brooklyn,2086,480,1022,271,138,81,42,34,87,56,47,30,0,14,50,60,11,17,21,22,56,53,38,46,43,47,82,58,17,22,117,66,111,88,14,25,0,14,23,34,23,26,38,38,16,17,28,35,20,33,1064,263,27,45,35,42,47,43,84,75,0,14,28,33,15,25,54,41,62,70,26,30,77,60,88,61,59,41,91,45,81,48,9,14,62,49,15,26,56,53,72,47,33,57,32,38,11,11
1400000US36047096600,"Census Tract 966, Kings County, New York",Brooklyn,1883,485,734,189,25,24,36,30,45,36,89,83,0,14,0,14,24,24,70,58,64,46,5,7,44,37,81,50,36,28,33,30,22,32,64,50,0,14,0,14,7,11,36,30,30,41,0,14,23,26,1149,357,80,53,48,76,107,84,9,14,55,32,0,14,0,14,164,228,42,45,43,32,35,32,72,77,113,50,72,54,99,53,4,7,32,29,27,41,31,31,53,36,0,14,47,44,16,20
1400000US36047096800,"Census Tract 968, Kings County, New York",Brooklyn,1224,468,606,284,53,55,35,43,51,59,17,24,0,14,6,9,0,14,66,80,30,46,17,24,50,51,2,4,21,29,72,56,38,38,12,15,16,23,37,36,52,66,0,14,31,32,0,14,0,14,618,216,30,52,71,52,11,21,16,25,6,10,22,30,0,14,21,32,12,15,33,43,20,22,29,27,40,39,41,40,41,40,20,29,79,72,55,38,39,42,2,5,20,22,10,13,0,14
1400000US36047097000,"Census Tract 970, Kings County, New York",Brooklyn,1935,495,800,287,0,14,39,34,0,14,56,47,8,13,8,12,0,14,0,14,87,79,19,20,51,39,51,38,9,16,69,56,83,62,7,11,21,23,9,16,15,17,41,31,201,230,0,14,26,34,1135,265,10,14,92,63,65,57,9,13,30,38,0,14,0,14,42,34,65,45,67,39,32,30,52,40,109,68,96,64,85,53,15,18,52,48,31,24,27,21,116,110,74,49,66,50,0,14
1400000US36047097400,"Census Tract 974, Kings County, New York",Brooklyn,2415,411,1152,236,29,39,48,46,87,62,64,57,0,14,10,16,27,31,7,10,51,51,60,56,68,69,60,49,87,74,137,84,69,53,16,18,13,12,87,98,47,35,67,63,39,20,37,50,42,26,1263,282,30,46,65,63,5,9,109,65,37,29,32,39,0,14,44,43,59,33,72,64,112,64,79,55,110,71,58,41,33,26,36,47,43,28,46,27,24,23,83,58,27,30,43,23,116,60
1400000US36047098200,"Census Tract 982, Kings County, New York",Brooklyn,3962,818,1318,299,103,61,100,67,126,75,86,61,125,110,0,14,0,14,19,27,56,57,232,208,108,67,0,14,86,76,72,81,74,60,4,11,14,21,60,58,47,44,0,14,0,14,6,9,0,14,2644,620,168,190,276,218,244,139,105,85,120,83,0,14,68,56,92,75,105,84,115,95,120,71,338,117,101,63,259,111,91,68,14,23,78,61,17,25,22,29,142,67,45,48,54,52,70,80
1400000US36047098400,"Census Tract 984, Kings County, New York",Brooklyn,1924,374,970,247,131,147,70,29,30,25,36,23,57,52,0,14,27,29,51,39,26,30,58,47,52,61,44,32,58,35,67,47,35,30,2,3,17,19,10,15,0,14,73,56,120,58,6,9,0,14,954,189,39,40,51,34,68,54,28,32,62,56,0,14,36,33,18,21,40,26,20,21,36,24,69,50,43,29,137,65,11,15,17,18,80,51,28,26,15,19,32,30,83,46,9,13,32,36
1400000US36047098600,"Census Tract 986, Kings County, New York",Brooklyn,2341,437,926,230,87,83,32,31,62,73,10,16,0,14,0,14,0,14,0,14,85,83,24,25,122,85,15,24,44,46,64,85,44,51,74,70,80,64,0,14,47,55,56,53,68,66,0,14,12,18,1415,369,69,56,38,37,94,76,0,14,35,57,31,48,12,20,84,99,86,65,178,147,42,37,55,49,59,48,157,138,123,70,31,48,48,42,45,47,74,60,49,36,28,32,47,59,30,32
1400000US36047098800,"Census Tract 988, Kings County, New York",Brooklyn,2752,471,1347,324,16,24,77,78,99,97,55,38,0,14,46,64,0,14,8,37,50,65,78,71,143,95,109,78,38,42,99,71,101,68,20,25,90,82,0,14,69,48,96,65,61,45,64,42,28,40,1405,257,38,67,69,66,82,90,37,45,0,14,32,40,0,14,19,32,16,27,129,85,51,57,72,40,121,81,33,36,113,86,39,50,75,51,41,36,57,34,94,50,139,109,50,37,98,51
1400000US36047099000,"Census Tract 990, Kings County, New York",Brooklyn,1479,311,732,196,21,23,38,32,30,28,20,20,24,39,0,14,13,20,35,31,66,83,51,46,43,37,48,46,109,70,48,33,36,32,41,39,24,27,24,31,0,14,18,20,43,35,0,14,0,14,747,163,81,43,12,17,20,24,29,38,0,14,39,38,0,14,37,37,27,26,3,5,67,57,12,17,30,26,52,41,68,49,15,15,24,20,97,50,38,60,29,25,0,14,29,45,38,36
1400000US36047099200,"Census Tract 992, Kings County, New York",Brooklyn,1642,431,665,217,18,26,7,11,48,51,31,33,13,20,0,14,0,14,56,66,31,34,76,64,34,35,35,40,69,102,20,22,26,27,10,16,27,24,0,14,28,33,89,67,36,36,0,14,11,17,977,255,56,60,16,27,21,31,39,44,14,22,0,14,0,14,25,28,16,25,95,84,49,43,26,25,152,145,66,49,96,46,21,23,62,47,33,43,36,37,81,53,16,24,10,10,47,40
1400000US36047099400,"Census Tract 994, Kings County, New York",Brooklyn,1525,373,727,201,23,37,25,34,38,43,23,22,2,4,26,42,7,11,44,43,50,47,55,50,70,61,34,27,5,10,25,26,83,82,24,22,74,52,11,18,10,15,42,38,53,46,0,14,3,5,798,207,0,14,10,15,91,53,45,46,0,14,4,10,15,16,33,32,59,52,6,9,52,49,34,27,18,24,63,44,111,75,17,19,24,24,14,17,28,24,94,65,30,40,26,29,24,24
1400000US36047099600,"Census Tract 996, Kings County, New York",Brooklyn,3079,950,1546,527,0,14,368,252,45,54,102,75,13,21,0,14,15,24,13,22,190,149,66,77,40,61,120,90,71,86,115,114,114,125,15,25,9,18,4,9,45,44,36,36,67,66,37,40,61,49,1533,524,160,175,63,100,32,38,24,42,61,95,0,14,28,45,0,14,138,119,19,32,114,90,43,47,95,108,86,53,177,93,60,49,40,39,0,14,36,41,107,98,156,103,10,15,84,71
1400000US36047099800,"Census Tract 998, Kings County, New York",Brooklyn,3348,679,1450,413,60,64,50,52,207,155,35,39,26,40,15,25,0,14,31,41,183,146,111,122,53,63,161,136,17,26,68,45,29,40,0,14,79,87,36,39,112,77,41,45,73,63,63,63,0,14,1898,399,36,42,69,107,120,111,84,79,37,58,0,14,15,23,116,110,137,104,232,140,75,38,66,48,66,56,222,108,47,46,17,26,104,76,32,35,20,30,112,77,183,144,63,48,45,44
1400000US36047100400,"Census Tract 1004, Kings County, New York",Brooklyn,2423,531,1050,281,121,88,9,14,108,103,41,38,6,9,0,14,7,11,10,16,54,38,93,74,130,103,73,80,67,66,21,24,39,38,59,65,46,43,1,3,9,14,92,55,20,25,18,30,26,29,1373,297,10,25,87,62,106,99,22,26,0,14,16,24,33,50,54,50,91,79,116,70,121,62,90,67,91,108,99,56,97,60,14,21,76,54,54,46,77,60,43,46,0,14,30,29,46,41
1400000US36047100600,"Census Tract 1006, Kings County, New York",Brooklyn,2670,510,1288,298,46,42,80,57,86,63,57,64,26,31,3,10,35,30,99,59,139,76,139,69,59,48,71,49,72,54,35,30,61,63,47,39,52,43,55,42,35,30,49,36,29,24,6,10,7,10,1382,278,13,20,93,55,80,61,9,15,24,28,43,48,31,30,79,60,38,29,87,55,105,46,88,50,71,65,61,43,167,68,44,33,39,34,63,48,90,57,107,50,24,23,9,11,17,21
1400000US36047100800,"Census Tract 1008, Kings County, New York",Brooklyn,2161,436,1086,257,82,113,51,49,37,38,9,12,8,9,21,17,20,15,57,49,65,49,119,88,43,27,77,37,49,42,60,32,48,37,65,42,95,65,12,17,23,25,93,65,22,20,12,19,18,22,1075,243,13,20,0,14,135,85,0,14,36,37,3,5,1,3,24,38,28,26,66,50,75,67,56,40,90,49,57,40,80,57,40,37,52,37,11,16,115,67,87,54,64,44,20,22,22,16
1400000US36047101000,"Census Tract 1010, Kings County, New York",Brooklyn,2577,510,1068,269,69,81,87,61,42,49,41,37,38,80,0,14,0,14,90,94,87,71,83,82,0,14,43,45,123,67,53,47,72,63,87,66,0,14,38,45,46,45,14,23,46,40,0,14,9,13,1509,369,94,33,49,51,174,86,52,52,19,27,20,32,34,45,20,23,83,73,145,101,80,64,86,74,52,43,188,192,79,52,63,57,117,100,37,35,19,22,67,50,5,20,26,33,0,14
1400000US36047101200,"Census Tract 1012, Kings County, New York",Brooklyn,2119,452,1033,297,0,14,12,20,66,89,48,34,36,30,20,23,0,14,48,44,55,46,121,85,29,32,112,112,46,42,24,24,71,46,58,48,26,36,72,55,65,53,76,50,24,24,24,21,0,14,1086,217,65,78,32,35,79,61,33,37,12,18,0,14,16,24,19,24,112,66,51,37,0,14,55,51,56,37,100,53,129,74,39,29,47,44,22,16,13,20,57,43,87,58,36,28,26,35
1400000US36047101400,"Census Tract 1014, Kings County, New York",Brooklyn,1796,456,833,213,63,77,84,127,61,64,8,13,15,26,12,19,28,40,29,43,37,41,13,15,19,23,25,38,0,14,62,49,82,61,3,8,59,70,21,16,30,30,82,64,17,21,50,41,33,32,963,274,80,120,43,38,46,43,33,35,17,17,0,14,4,8,24,24,41,39,104,96,3,7,71,49,13,20,44,42,87,56,26,28,41,43,52,39,49,42,109,56,0,14,44,49,32,31
1400000US36047101600,"Census Tract 1016, Kings County, New York",Brooklyn,1897,335,926,194,71,36,40,46,46,45,97,71,0,14,21,26,19,26,10,16,83,58,57,35,18,19,86,46,24,26,37,33,83,56,0,14,23,29,36,34,88,64,76,32,10,16,1,4,0,14,971,177,83,47,14,15,61,70,23,28,18,24,0,14,18,28,20,25,9,15,88,48,67,25,64,43,33,36,98,55,138,65,39,38,31,26,0,14,36,28,81,27,17,19,22,26,11,14
1400000US36047101800,"Census Tract 1018, Kings County, New York",Brooklyn,1789,419,828,270,0,14,50,46,13,24,29,33,37,47,25,35,38,43,15,24,46,56,105,70,37,45,108,159,50,46,9,28,75,44,0,14,75,61,0,14,40,29,28,26,22,35,0,14,26,22,961,205,3,5,0,14,100,42,33,47,0,14,29,41,0,14,12,37,95,85,0,14,23,18,182,127,85,52,15,27,83,68,7,11,130,87,36,31,45,42,31,30,20,28,5,14,27,29
1400000US36047102000,"Census Tract 1020, Kings County, New York",Brooklyn,2151,485,1146,267,167,102,21,28,68,58,7,16,30,29,8,12,0,14,44,39,118,73,110,89,31,41,23,26,132,50,32,40,61,76,47,34,70,64,57,42,52,30,25,36,5,13,0,14,38,35,1005,258,56,45,13,22,11,27,36,55,35,37,0,14,20,31,31,37,178,119,48,46,44,34,51,42,63,76,18,21,138,91,19,33,52,38,65,39,27,27,24,22,27,38,31,36,18,20
1400000US36047102200,"Census Tract 1022, Kings County, New York",Brooklyn,2067,574,900,309,160,190,51,57,21,19,26,20,18,19,0,14,9,13,18,19,42,33,61,50,11,15,112,86,42,50,73,50,56,42,0,14,34,41,32,25,15,22,59,41,37,26,0,14,23,29,1167,307,7,11,56,87,140,105,64,57,14,15,12,15,20,31,72,43,64,49,90,96,51,39,26,21,96,59,79,40,109,58,44,32,58,45,8,12,53,37,51,29,48,30,5,9,0,14
1400000US36047102400,"Census Tract 1024, Kings County, New York",Brooklyn,1834,475,910,312,125,107,94,73,84,61,50,50,47,56,7,10,0,14,18,22,51,53,30,35,22,17,77,39,23,26,40,27,67,55,49,47,78,84,6,10,14,16,0,14,0,14,18,30,10,12,924,209,23,37,44,71,51,42,18,30,21,20,0,14,11,16,20,15,85,68,70,44,25,27,102,70,37,39,33,32,114,67,24,24,35,41,47,38,0,14,31,27,71,46,21,20,41,39
1400000US36047102600,"Census Tract 1026, Kings County, New York",Brooklyn,2935,493,1282,269,55,56,84,63,148,90,56,45,25,35,0,14,63,60,17,28,84,63,66,60,29,39,90,52,56,42,31,26,43,38,37,34,66,59,39,40,74,65,153,105,29,33,9,13,28,35,1653,336,158,96,125,82,72,57,12,19,38,45,18,22,3,9,19,21,107,80,76,56,106,64,64,43,178,97,100,80,85,52,12,16,103,74,50,44,98,64,74,46,83,58,49,53,23,24
1400000US36047102801,"Census Tract 1028.01, Kings County, New York",Brooklyn,1146,272,470,147,0,14,0,14,37,36,53,40,13,15,0,14,0,14,18,28,65,53,15,21,0,14,30,34,24,25,19,27,20,31,0,14,41,48,6,10,51,34,4,7,10,13,64,78,0,14,676,168,34,34,21,24,50,38,20,23,14,18,0,14,0,14,26,32,59,53,42,29,45,38,26,26,37,46,29,26,63,35,9,13,12,15,0,14,107,102,56,35,8,13,18,17,0,14
1400000US36047102802,"Census Tract 1028.02, Kings County, New York",Brooklyn,0,14,0,14,0,14,0,14,0,14,0,14,0,14,0,14,0,14,0,14,0,14,0,14,0,14,0,14,0,14,0,14,0,14,0,14,0,14,0,14,0,14,0,14,0,14,0,14,0,14,0,14,0,14,0,14,0,14,0,14,0,14,0,14,0,14,0,14,0,14,0,14,0,14,0,14,0,14,0,14,0,14,0,14,0,14,0,14,0,14,0,14,0,14,0,14,0,14
1400000US36047103401,"Census Tract 1034.01, Kings County, New York",Brooklyn,3637,643,1450,450,210,180,175,109,150,95,31,35,36,43,0,14,88,103,72,91,207,129,55,65,53,85,0,14,128,123,15,25,0,14,17,27,67,52,31,36,0,14,37,40,55,65,15,23,8,12,2187,333,46,76,123,136,207,114,113,90,56,57,58,70,22,34,97,91,94,113,62,72,167,103,110,90,141,79,76,76,173,112,80,72,126,87,125,104,103,77,79,79,54,42,22,27,53,66
1400000US36047103402,"Census Tract 1034.02, Kings County, New York",Brooklyn,0,14,0,14,0,14,0,14,0,14,0,14,0,14,0,14,0,14,0,14,0,14,0,14,0,14,0,14,0,14,0,14,0,14,0,14,0,14,0,14,0,14,0,14,0,14,0,14,0,14,0,14,0,14,0,14,0,14,0,14,0,14,0,14,0,14,0,14,0,14,0,14,0,14,0,14,0,14,0,14,0,14,0,14,0,14,0,14,0,14,0,14,0,14,0,14,0,14
1400000US36047105801,"Census Tract 1058.01, Kings County, New York",Brooklyn,5655,850,2332,579,73,107,28,46,98,88,75,64,32,54,109,117,49,47,189,135,109,87,106,100,35,40,107,93,138,127,109,124,158,199,54,61,73,67,0,19,4,8,239,160,154,121,244,227,149,142,3323,524,15,34,91,112,144,147,110,97,159,158,0,19,0,19,14,42,18,26,132,107,219,158,282,167,81,66,202,119,300,136,154,138,129,79,166,91,104,74,192,126,356,174,214,188,241,149
1400000US36047105804,"Census Tract 1058.04, Kings County, New York",Brooklyn,6083,874,2200,415,92,77,63,86,222,246,160,134,56,71,10,16,0,19,0,19,112,103,249,162,114,81,189,144,0,19,31,40,41,49,20,32,72,73,18,28,52,51,241,190,185,164,131,87,142,114,3883,659,62,73,156,129,254,191,146,132,15,25,101,113,0,19,94,93,113,157,106,80,338,212,177,119,149,134,364,182,147,102,21,25,172,113,79,74,146,111,183,124,400,220,309,178,351,161
1400000US36047107001,"Census Tract 1070.01, Kings County, New York",Brooklyn,4672,811,1990,467,133,153,159,101,201,121,170,147,98,88,0,14,46,59,46,52,201,139,145,114,136,130,194,163,58,64,59,55,110,83,0,14,30,40,53,52,0,14,113,74,20,28,18,30,0,14,2682,534,207,183,263,169,166,127,113,90,119,152,0,14,26,34,44,61,130,107,285,148,217,117,294,173,218,185,157,89,125,98,35,33,35,32,4,7,140,84,48,47,0,14,4,17,52,61
1400000US36047107002,"Census Tract 1070.02, Kings County, New York",Brooklyn,0,14,0,14,0,14,0,14,0,14,0,14,0,14,0,14,0,14,0,14,0,14,0,14,0,14,0,14,0,14,0,14,0,14,0,14,0,14,0,14,0,14,0,14,0,14,0,14,0,14,0,14,0,14,0,14,0,14,0,14,0,14,0,14,0,14,0,14,0,14,0,14,0,14,0,14,0,14,0,14,0,14,0,14,0,14,0,14,0,14,0,14,0,14,0,14,0,14
1400000US36047107003,"Census Tract 1070.03, Kings County, New York",Brooklyn,0,14,0,14,0,14,0,14,0,14,0,14,0,14,0,14,0,14,0,14,0,14,0,14,0,14,0,14,0,14,0,14,0,14,0,14,0,14,0,14,0,14,0,14,0,14,0,14,0,14,0,14,0,14,0,14,0,14,0,14,0,14,0,14,0,14,0,14,0,14,0,14,0,14,0,14,0,14,0,14,0,14,0,14,0,14,0,14,0,14,0,14,0,14,0,14,0,14
1400000US36047107800,"Census Tract 1078, Kings County, New York",Brooklyn,3716,681,1608,404,7,23,31,56,45,60,81,57,50,54,51,75,0,14,201,175,15,23,206,166,175,122,195,139,15,19,110,79,100,69,27,31,23,35,52,51,28,31,109,72,64,53,23,23,0,14,2108,425,21,29,183,162,65,68,9,18,0,14,30,46,0,14,141,133,78,60,69,55,141,99,86,54,188,128,220,117,93,74,138,80,74,59,35,38,100,96,165,77,113,83,85,51,74,54
1400000US36047109800,"Census Tract 1098, Kings County, New York",Brooklyn,2348,500,940,210,71,89,46,57,46,49,25,27,51,45,0,14,0,14,44,49,67,48,4,8,168,73,40,38,48,45,73,49,99,76,17,27,18,31,13,17,58,51,10,24,42,35,0,14,0,14,1408,389,24,35,165,172,70,64,32,47,23,36,59,67,17,26,82,75,90,57,115,85,95,72,101,77,153,93,46,46,76,62,66,46,60,63,21,27,44,40,0,14,0,14,54,60,15,23
1400000US36047110400,"Census Tract 1104, Kings County, New York",Brooklyn,5199,762,2871,541,262,188,162,99,348,156,207,157,9,16,99,135,41,66,86,108,224,154,90,142,349,214,46,49,43,69,96,73,63,63,97,114,168,138,21,31,31,49,10,20,88,77,35,59,296,274,2328,468,165,119,0,19,269,188,0,19,172,162,87,88,0,19,30,38,135,108,149,99,308,189,80,78,280,174,103,92,77,66,49,61,68,88,43,48,83,92,108,76,49,57,24,28,49,58
1400000US36047110600,"Census Tract 1106, Kings County, New York",Brooklyn,4117,616,1706,391,109,151,111,101,178,138,144,121,0,14,0,14,0,14,46,53,332,170,133,119,51,79,219,151,67,110,38,51,84,71,0,14,83,85,0,14,32,49,17,28,45,55,0,14,17,27,2411,337,0,14,315,157,209,165,104,93,80,97,0,14,41,66,19,31,30,44,236,146,212,101,100,116,61,64,167,102,109,56,36,44,153,125,32,47,27,40,237,125,221,124,18,30,4,25
1400000US36047111000,"Census Tract 1110, Kings County, New York",Brooklyn,2984,470,1305,300,79,95,75,100,135,113,106,139,86,82,0,14,119,104,86,70,16,25,39,45,73,97,62,57,15,24,75,98,94,92,44,42,16,25,27,45,0,14,65,74,62,70,15,23,16,24,1679,331,20,33,85,71,201,163,25,27,47,71,16,25,0,14,49,61,79,54,13,21,73,64,219,132,68,58,99,56,204,147,57,62,62,61,27,29,75,65,194,77,25,35,41,40,0,14
1400000US36047111600,"Census Tract 1116, Kings County, New York",Brooklyn,3810,845,1584,398,135,107,84,42,171,113,100,73,61,55,0,14,0,14,14,23,67,75,124,99,105,84,123,109,183,156,0,14,130,160,23,38,46,41,12,10,67,72,17,10,23,27,73,78,26,8,2226,530,86,89,83,47,279,187,42,45,26,38,60,74,52,59,24,24,153,102,156,99,22,24,194,107,92,71,169,84,71,72,38,37,146,103,54,61,25,35,93,87,247,219,64,71,50,21
1400000US36047111800,"Census Tract 1118, Kings County, New York",Brooklyn,3872,880,2017,804,82,89,64,60,336,303,34,39,95,73,29,45,22,36,61,72,81,84,339,386,138,133,56,54,205,128,105,79,65,63,68,79,0,14,58,69,68,72,32,44,79,69,0,14,0,14,1855,464,130,103,82,77,75,83,55,65,39,62,38,54,0,14,161,149,30,34,137,138,66,54,139,89,79,72,215,142,115,75,55,36,78,70,105,79,133,105,49,50,9,15,0,14,65,74
1400000US36047112000,"Census Tract 1120, Kings County, New York",Brooklyn,3249,724,1660,453,85,93,194,204,40,60,50,74,73,80,0,14,30,49,55,87,47,75,141,111,51,55,59,97,47,55,93,79,61,72,140,192,181,157,69,83,107,120,0,14,1,3,109,124,27,43,1589,374,121,140,20,31,232,221,0,14,0,14,0,14,0,14,2,4,174,137,62,65,44,49,87,88,17,25,153,146,184,118,179,183,63,97,0,14,39,57,19,31,89,105,58,96,46,53
1400000US36047112200,"Census Tract 1122, Kings County, New York",Brooklyn,3500,561,1624,477,0,14,0,14,335,292,88,70,0,14,0,14,0,14,54,63,9,20,95,114,84,97,69,74,169,96,257,256,144,123,0,14,165,270,33,54,55,34,35,54,26,40,0,14,6,14,1876,421,178,182,102,113,89,67,40,29,0,14,0,14,154,115,59,95,272,161,0,14,85,90,114,91,190,111,180,104,97,78,7,28,0,14,87,103,61,67,76,89,34,40,12,18,39,49
1400000US36047112400,"Census Tract 1124, Kings County, New York",Brooklyn,3380,763,1736,431,97,117,0,14,227,166,0,14,0,14,0,14,0,14,116,115,92,82,291,184,205,167,60,81,158,72,97,102,109,66,63,68,84,98,50,77,0,14,45,50,17,37,25,34,0,14,1644,483,0,14,54,88,169,122,113,101,0,14,32,56,0,14,24,37,99,138,214,134,68,64,148,97,224,155,15,30,136,146,93,65,21,36,103,159,37,49,22,42,35,37,37,52,0,14
1400000US36047112600,"Census Tract 1126, Kings County, New York",Brooklyn,4406,775,2060,533,93,82,261,136,52,69,71,83,124,93,0,14,42,56,57,67,68,104,56,61,122,67,141,82,125,121,58,74,121,100,118,129,177,126,110,119,190,248,36,52,0,14,38,58,0,14,2346,386,200,175,92,81,82,78,127,102,18,30,131,98,0,14,211,121,158,138,120,94,119,82,248,160,199,137,13,22,124,80,59,45,95,92,97,94,63,64,112,105,9,13,69,74,0,14
1400000US36047112800,"Census Tract 1128, Kings County, New York",Brooklyn,3933,944,1932,479,106,125,153,123,115,128,88,129,104,119,15,18,34,42,57,72,54,83,139,118,36,47,180,150,383,169,52,57,95,110,17,28,18,24,32,44,48,68,45,50,73,79,47,71,41,62,2001,591,199,300,74,105,159,138,0,14,180,152,0,14,52,81,61,56,47,76,152,107,0,14,141,126,161,119,237,158,151,112,69,69,88,72,28,40,0,14,0,14,72,61,29,47,101,92
1400000US36047113000,"Census Tract 1130, Kings County, New York",Brooklyn,4490,731,1885,509,50,71,86,77,342,211,221,193,14,25,30,34,33,46,76,78,13,21,107,123,138,133,137,112,122,89,41,54,173,108,18,27,51,69,11,19,50,58,55,54,20,32,97,98,0,14,2605,468,78,86,289,203,156,117,46,53,59,75,56,50,11,18,45,64,113,105,182,125,101,73,265,142,170,101,183,124,252,142,108,110,69,62,111,81,147,98,148,82,0,14,16,24,0,14
1400000US36047113200,"Census Tract 1132, Kings County, New York",Brooklyn,2637,500,752,199,0,14,79,77,89,82,12,24,0,14,0,14,0,14,22,35,24,35,33,46,44,46,49,58,22,23,22,32,157,83,22,31,56,55,24,39,8,13,38,51,0,14,6,9,45,49,1885,411,201,141,158,74,199,126,46,56,91,69,20,29,0,14,64,57,162,113,211,81,38,43,79,66,104,76,150,77,63,60,57,57,64,60,0,14,23,34,51,70,42,41,5,6,57,58
1400000US36047113400,"Census Tract 1134, Kings County, New York",Brooklyn,2615,369,944,263,77,86,98,88,123,94,19,24,43,31,0,14,0,14,16,26,99,96,60,100,67,77,67,70,11,29,26,34,123,80,0,14,28,44,55,62,10,15,0,14,11,17,0,14,11,16,1671,356,47,46,178,101,55,49,13,22,146,116,9,15,0,14,106,82,186,120,113,102,43,49,105,67,162,80,123,87,78,75,0,14,44,61,23,25,127,91,41,36,25,28,36,59,11,17
1400000US36047114201,"Census Tract 1142.01, Kings County, New York",Brooklyn,1548,335,866,286,0,14,86,70,28,45,24,29,0,14,0,14,0,14,16,23,0,14,105,54,106,58,51,48,18,30,63,82,29,47,5,8,31,32,168,197,0,14,43,48,15,25,66,38,12,17,682,133,19,24,62,60,6,12,26,44,0,14,6,9,0,14,15,25,13,21,44,41,40,47,45,45,30,35,0,14,19,27,0,14,29,37,0,14,81,65,77,72,103,57,6,10,61,63
1400000US36047114202,"Census Tract 1142.02, Kings County, New York",Brooklyn,2331,602,1211,468,94,124,210,172,148,149,63,43,0,14,0,14,0,14,24,26,77,70,92,79,155,89,31,50,89,85,92,58,18,27,25,28,0,14,0,14,45,50,12,18,36,55,0,14,0,14,1120,275,74,71,97,109,0,14,56,58,21,23,0,14,25,39,34,31,0,14,83,54,139,112,95,67,52,49,91,63,39,36,12,18,23,26,76,81,51,60,9,18,59,64,60,54,24,30
1400000US36047114400,"Census Tract 1144, Kings County, New York",Brooklyn,2423,458,1159,312,29,41,71,58,102,75,39,33,10,15,0,14,59,62,32,39,72,58,59,81,29,30,162,102,20,29,138,90,47,50,79,85,13,17,34,33,26,37,123,159,3,5,0,14,12,17,1264,256,23,37,35,35,73,80,42,60,38,55,51,79,0,14,54,58,141,90,105,73,86,70,112,85,116,70,43,37,101,72,43,66,45,63,0,14,28,25,82,70,19,27,10,15,17,26
1400000US36047114600,"Census Tract 1146, Kings County, New York",Brooklyn,3130,807,1565,499,149,139,36,43,128,55,21,25,17,38,14,25,1,19,53,51,80,63,84,52,343,266,94,61,141,126,68,51,69,58,9,14,75,79,10,16,0,14,153,96,20,21,0,14,0,14,1565,425,0,14,214,185,75,60,119,69,0,14,35,29,38,36,20,25,219,200,65,40,78,58,64,50,102,96,87,72,67,55,86,62,0,14,33,36,109,59,83,60,51,44,9,14,11,16
1400000US36047115000,"Census Tract 1150, Kings County, New York",Brooklyn,2962,637,1245,317,78,74,77,104,101,58,91,66,29,35,0,14,0,14,74,60,108,99,125,88,130,92,11,19,73,64,69,75,82,71,15,25,69,86,40,39,0,14,0,14,25,26,12,21,36,28,1717,380,134,166,126,56,126,83,67,93,32,46,30,45,28,43,35,51,120,95,149,93,125,52,78,63,91,82,234,116,46,47,41,42,65,43,7,11,77,54,45,27,50,59,11,24,0,14
1400000US36047115200,"Census Tract 1152, Kings County, New York",Brooklyn,2558,778,1128,362,41,70,93,82,153,168,0,14,47,57,0,14,0,14,0,14,0,14,93,120,0,14,0,14,85,81,158,121,286,215,0,14,0,14,0,14,0,14,54,59,118,102,0,14,0,14,1430,535,92,144,99,91,240,178,82,77,0,14,0,14,0,14,60,105,32,53,32,54,30,50,164,143,196,169,48,73,38,48,121,143,0,14,0,14,0,14,24,38,134,89,0,14,38,60
1400000US36047115600,"Census Tract 1156, Kings County, New York",Brooklyn,4108,612,1633,426,146,138,63,81,61,74,104,79,15,22,0,14,0,14,151,100,140,123,74,83,185,133,69,110,88,88,58,74,13,21,53,79,115,111,0,14,187,152,0,14,40,48,14,24,57,60,2475,424,196,184,49,61,191,144,65,71,41,58,53,63,0,14,144,109,341,196,99,83,60,67,173,133,164,124,205,162,305,166,32,52,157,119,117,106,0,14,25,31,58,56,0,14,0,14
1400000US36047115800,"Census Tract 1158, Kings County, New York",Brooklyn,2529,696,1125,356,123,173,18,43,14,46,126,112,41,49,0,14,0,14,67,80,18,35,23,42,150,119,113,65,29,44,31,44,59,44,16,24,0,14,58,57,92,98,92,98,29,38,24,35,2,20,1404,426,99,152,16,29,100,75,61,94,0,14,2,5,12,43,110,95,101,81,108,86,113,104,5,7,120,89,101,91,74,62,63,48,12,20,83,95,18,33,82,78,33,36,41,47,50,42
1400000US36047116000,"Census Tract 1160, Kings County, New York",Brooklyn,2420,494,1192,274,17,29,0,14,24,38,83,60,0,14,23,38,75,58,0,14,190,131,110,119,27,26,27,33,128,105,177,129,32,42,0,14,39,40,50,57,52,77,105,85,33,37,0,14,0,14,1228,303,30,39,131,108,111,79,45,51,52,66,0,14,0,14,0,14,54,50,32,38,35,36,141,86,154,127,90,74,40,43,3,5,116,97,31,30,61,50,37,35,40,39,0,14,25,28
1400000US36047116200,"Census Tract 1162, Kings County, New York",Brooklyn,2571,662,1161,337,158,110,24,37,30,28,25,36,6,11,0,14,0,14,0,14,205,71,140,150,142,79,59,47,14,23,35,38,113,86,2,7,44,40,46,47,87,82,15,18,0,14,9,18,7,11,1410,370,96,104,79,57,116,72,50,49,0,14,0,14,0,14,66,65,236,169,79,53,101,68,14,16,74,66,90,72,44,39,50,38,67,47,34,45,18,26,65,49,89,54,16,13,26,26
1400000US36047116400,"Census Tract 1164, Kings County, New York",Brooklyn,3936,839,1789,359,154,114,201,142,78,70,196,136,51,56,0,14,0,14,31,30,38,40,82,99,142,118,142,103,169,128,15,25,69,97,28,44,99,72,69,69,23,35,72,57,116,96,0,14,14,25,2147,694,82,100,108,80,227,163,47,73,123,168,0,14,10,15,0,14,405,275,184,115,143,90,74,63,53,74,60,75,235,236,67,53,76,53,6,9,68,72,19,30,89,81,71,54,0,14
1400000US36047116600,"Census Tract 1166, Kings County, New York",Brooklyn,2998,699,1159,263,77,73,63,68,120,101,120,68,11,29,0,14,33,43,14,35,38,44,59,55,111,112,55,60,62,77,110,99,171,135,15,24,14,26,0,14,14,29,42,62,0,14,30,48,0,14,1839,596,214,244,80,78,157,139,80,90,40,63,0,14,0,14,83,78,72,94,181,158,147,89,118,96,56,68,141,110,199,169,30,32,12,22,17,29,26,38,35,50,133,112,0,14,18,28
1400000US36047116800,"Census Tract 1168, Kings County, New York",Brooklyn,2661,582,980,201,46,56,92,73,52,51,40,44,1,2,0,14,58,54,96,46,94,55,105,67,51,22,73,64,26,35,10,14,80,66,74,55,38,17,23,52,21,33,0,14,0,14,0,14,0,14,1681,454,152,120,61,77,275,163,60,56,133,113,32,43,0,14,49,55,193,75,82,48,168,108,52,48,95,80,84,66,100,82,22,27,21,43,87,81,7,11,0,14,1,3,0,14,7,16
1400000US36047117000,"Census Tract 1170, Kings County, New York",Brooklyn,1952,528,788,222,79,85,18,25,76,36,0,14,0,14,21,31,33,38,31,54,65,75,24,32,13,22,13,26,61,43,13,20,190,179,1,5,90,35,0,14,0,14,0,14,30,52,30,47,0,14,1164,414,47,77,30,44,95,74,0,14,0,14,0,14,67,84,11,17,195,264,73,64,87,52,54,73,3,5,121,61,172,203,31,53,25,31,30,38,0,14,0,14,104,85,0,14,19,30
1400000US36047117201,"Census Tract 1172.01, Kings County, New York",Brooklyn,1961,301,902,248,22,30,57,54,45,64,52,58,39,31,23,36,0,14,46,39,29,27,81,59,107,74,44,63,43,36,71,36,56,44,54,51,0,14,33,32,18,23,9,13,48,42,1,5,24,24,1059,166,85,91,77,68,71,68,6,8,36,48,0,14,26,30,48,49,28,26,80,65,61,47,0,14,49,54,173,82,77,53,55,38,1,3,13,22,15,19,73,63,49,41,0,14,36,29
1400000US36047117202,"Census Tract 1172.02, Kings County, New York",Brooklyn,4720,1093,2095,613,68,70,168,154,115,110,266,113,89,96,0,14,0,14,49,69,95,75,129,94,294,152,443,394,19,29,33,51,79,88,58,73,60,61,0,14,29,43,37,40,45,49,19,40,0,14,2625,753,112,164,173,101,126,91,142,100,0,14,0,14,93,88,44,61,83,48,369,428,372,206,228,130,41,54,17,35,126,88,59,66,39,54,138,106,370,302,22,36,0,14,28,43,43,51
1400000US36047117400,"Census Tract 1174, Kings County, New York",Brooklyn,3827,762,1712,357,27,47,79,100,68,83,80,70,47,61,0,14,23,38,142,114,209,120,128,82,110,100,33,37,84,109,334,218,34,41,19,32,13,27,66,92,51,83,110,96,0,14,55,78,0,14,2115,520,184,151,80,78,99,89,217,185,91,61,26,41,16,23,100,88,126,93,99,98,108,81,84,83,163,130,148,85,42,48,36,48,131,120,0,14,166,185,0,14,199,259,0,14,0,14
1400000US36047117601,"Census Tract 1176.01, Kings County, New York",Brooklyn,3029,748,1386,454,104,94,115,114,80,71,55,58,51,46,0,14,20,31,93,116,50,56,163,110,40,48,53,64,117,79,102,131,79,53,93,65,65,58,0,14,20,19,38,30,14,20,26,27,8,13,1643,382,112,97,140,89,53,54,46,51,0,14,80,111,0,14,138,133,227,179,132,76,55,44,126,66,41,33,149,138,67,48,64,47,50,52,43,34,11,16,37,28,14,21,11,18,47,47
1400000US36047117602,"Census Tract 1176.02, Kings County, New York",Brooklyn,3393,742,1819,644,425,291,42,50,12,24,57,81,75,84,23,34,44,48,88,79,76,79,177,130,120,86,3,5,0,14,80,78,237,205,40,55,111,102,11,24,34,55,29,46,20,31,95,103,20,29,1574,263,131,182,20,34,10,17,218,145,42,48,0,14,59,65,39,57,181,124,47,47,17,29,113,129,64,65,54,64,160,77,31,48,94,97,65,76,37,46,2,7,74,108,28,52,88,82
1400000US36047117800,"Census Tract 1178, Kings County, New York",Brooklyn,1777,556,849,362,36,59,7,22,0,14,115,176,0,14,24,33,0,14,3,10,25,39,82,37,54,46,0,14,116,74,53,71,101,149,45,46,19,24,71,66,47,56,28,35,0,14,16,18,7,11,928,256,161,70,71,64,0,14,70,74,9,16,23,32,0,14,41,60,53,59,73,52,20,33,0,14,94,61,6,10,154,134,37,39,6,10,27,34,9,14,58,49,16,19,0,14,0,14
1400000US36047118000,"Census Tract 1180, Kings County, New York",Brooklyn,0,14,0,14,0,14,0,14,0,14,0,14,0,14,0,14,0,14,0,14,0,14,0,14,0,14,0,14,0,14,0,14,0,14,0,14,0,14,0,14,0,14,0,14,0,14,0,14,0,14,0,14,0,14,0,14,0,14,0,14,0,14,0,14,0,14,0,14,0,14,0,14,0,14,0,14,0,14,0,14,0,14,0,14,0,14,0,14,0,14,0,14,0,14,0,14,0,14
1400000US36047118201,"Census Tract 1182.01, Kings County, New York",Brooklyn,3674,620,1851,378,163,142,209,124,224,133,53,68,91,74,11,11,7,11,105,70,184,137,154,100,55,55,104,82,92,86,165,100,46,49,0,14,42,38,21,34,17,18,57,53,0,14,41,34,10,15,1823,365,208,184,51,62,162,120,26,43,79,51,26,29,74,59,114,105,198,129,136,91,187,137,38,39,178,90,63,58,71,60,0,14,6,10,62,63,34,45,68,52,17,21,6,10,19,21
1400000US36047118202,"Census Tract 1182.02, Kings County, New York",Brooklyn,3288,614,1486,304,0,14,112,108,202,152,71,59,0,14,36,43,0,14,44,52,98,76,114,70,85,63,114,102,52,66,194,115,49,49,113,69,67,59,12,28,30,35,39,40,54,47,0,14,0,14,1802,397,209,173,82,81,96,106,55,48,36,41,37,52,25,20,99,72,122,78,157,139,101,59,79,65,20,32,277,126,105,60,12,18,30,35,111,71,42,31,30,34,12,17,29,29,36,41
1400000US36047118400,"Census Tract 1184, Kings County, New York",Brooklyn,4826,878,2747,703,96,141,160,166,57,92,27,36,33,55,0,14,69,81,63,66,198,131,171,86,431,347,164,101,321,278,220,171,256,176,231,231,0,14,109,106,20,43,57,61,43,63,21,45,0,14,2079,405,9,32,43,61,88,107,92,95,173,124,108,117,0,14,92,112,144,112,155,99,70,68,214,183,81,82,256,138,175,139,25,39,115,74,62,75,63,76,43,63,6,15,40,55,25,33
1400000US36047118600,"Census Tract 1186, Kings County, New York",Brooklyn,3099,576,1738,464,72,61,125,62,62,44,45,46,42,47,0,14,41,41,25,35,82,54,113,67,42,43,123,103,55,47,232,150,173,170,19,27,27,30,20,33,111,82,75,56,12,18,0,14,242,335,1361,231,78,64,21,23,119,96,8,12,32,37,7,13,0,14,63,65,88,57,101,56,126,66,60,47,103,73,132,61,96,72,47,50,11,18,92,91,23,29,15,22,39,36,44,47,56,49
1400000US36047118800,"Census Tract 1188, Kings County, New York",Brooklyn,4778,1016,2389,613,175,115,56,69,108,122,69,73,73,65,17,20,32,34,170,144,459,304,279,104,60,52,103,90,71,78,179,141,54,54,37,59,86,99,65,65,109,76,37,36,118,132,32,34,0,14,2389,584,270,266,253,170,206,115,17,20,27,32,14,21,15,23,249,159,132,83,175,72,63,66,142,106,65,68,295,164,73,61,50,59,113,86,32,33,37,56,19,29,82,70,42,51,18,29
1400000US36047119000,"Census Tract 1190, Kings County, New York",Brooklyn,1785,516,679,260,0,14,12,29,18,28,151,167,50,44,1,2,1,3,0,14,50,55,24,36,19,32,86,114,29,41,47,36,88,64,0,14,0,14,25,30,20,43,0,14,38,39,20,25,0,14,1106,315,98,111,0,14,128,62,91,131,14,23,101,54,0,14,33,40,20,31,41,73,28,40,108,31,39,46,125,117,108,73,0,14,0,14,17,29,0,14,68,66,73,74,14,25,0,14
1400000US36047119200,"Census Tract 1192, Kings County, New York",Brooklyn,3885,724,1717,380,180,116,248,142,0,14,51,61,0,14,27,44,0,14,157,172,212,195,142,116,57,56,106,69,14,22,99,125,67,68,73,100,113,94,0,14,0,14,82,74,52,76,37,60,0,14,2168,491,188,105,108,86,243,197,142,105,10,16,0,14,0,14,189,181,126,92,141,85,221,129,26,31,242,156,93,85,83,72,49,54,0,14,87,97,29,47,78,60,102,110,0,14,11,17
1400000US36047119400,"Census Tract 1194, Kings County, New York",Brooklyn,4816,1084,2888,777,177,156,256,203,135,155,66,78,42,65,48,77,0,14,95,86,335,231,379,288,142,169,79,76,219,138,118,136,177,140,180,130,0,14,0,14,79,68,223,233,66,63,72,108,0,14,1928,582,181,210,176,152,17,31,29,59,31,42,0,14,19,33,94,91,245,175,68,80,84,133,267,158,111,111,130,138,116,80,0,14,54,55,50,70,191,238,32,41,0,14,0,14,33,49
1400000US36047119600,"Census Tract 1196, Kings County, New York",Brooklyn,5979,804,2926,464,322,301,268,264,179,137,53,58,130,113,0,19,24,40,262,221,311,246,138,142,3,6,177,175,144,100,267,164,222,150,52,61,131,118,0,19,68,70,110,92,0,19,13,20,52,60,3053,510,31,47,261,199,102,95,20,41,64,56,19,40,119,153,136,115,192,123,227,179,109,112,249,146,154,117,499,276,163,123,106,111,53,50,102,103,151,198,22,46,169,204,37,46,68,77
1400000US36047119800,"Census Tract 1198, Kings County, New York",Brooklyn,3514,938,1820,435,279,218,211,175,20,30,115,81,0,14,0,14,0,14,67,59,157,137,169,120,122,114,175,169,36,45,126,92,37,46,0,14,6,10,42,55,152,133,12,13,19,32,63,71,12,15,1694,564,74,85,89,141,147,100,0,14,65,62,0,14,0,14,24,38,179,175,78,99,0,14,279,165,25,36,136,101,150,126,0,14,93,108,118,81,13,26,12,15,82,66,31,36,99,124
1400000US36047120000,"Census Tract 1200, Kings County, New York",Brooklyn,2922,440,1549,402,70,78,50,53,99,58,106,75,13,17,0,14,28,47,26,36,76,51,154,147,316,369,25,36,91,59,134,76,48,39,81,93,68,72,39,37,32,23,76,75,17,23,0,14,0,14,1373,302,200,132,49,47,187,81,61,42,66,61,48,37,0,14,67,83,44,48,87,62,89,64,62,46,77,62,100,51,17,21,17,26,51,40,0,14,37,39,52,21,13,19,25,30,24,35
1400000US36047120200,"Census Tract 1202, Kings County, New York",Brooklyn,1999,407,966,215,58,50,65,51,34,38,26,30,56,46,22,29,0,14,64,47,63,47,109,80,20,18,68,50,93,63,20,28,13,23,0,14,32,39,39,32,150,138,0,14,9,17,25,29,0,14,1033,244,122,110,114,63,94,64,12,17,0,14,6,15,0,14,24,22,160,98,19,29,81,40,59,45,64,66,77,55,52,45,9,13,96,69,0,14,0,14,39,34,0,14,5,12,0,14
1400000US36047120801,"Census Tract 1208.01, Kings County, New York",Brooklyn,4834,984,2365,633,190,116,199,106,227,188,154,167,0,14,53,92,0,14,39,69,40,41,378,217,146,199,204,113,95,73,110,113,97,81,62,98,63,78,109,73,95,72,0,14,74,103,25,38,5,12,2469,483,89,91,211,128,81,72,177,154,28,36,0,14,0,14,75,85,52,75,285,212,237,93,124,96,101,137,186,110,326,196,104,94,64,87,0,14,24,37,113,78,63,60,83,91,46,55
1400000US36047120802,"Census Tract 1208.02, Kings County, New York",Brooklyn,5247,1381,2385,815,248,262,663,419,136,137,87,84,88,95,17,27,0,19,60,96,86,70,89,73,19,30,36,30,211,161,65,78,341,235,90,108,62,58,31,34,14,23,26,42,16,26,0,19,0,19,2862,685,418,306,165,130,152,132,270,178,91,107,0,19,10,17,126,120,103,90,45,53,190,238,218,147,110,112,162,107,210,207,14,21,122,97,42,45,32,36,266,131,44,67,72,68,0,19
1400000US36047120803,"Census Tract 1208.03, Kings County, New York",Brooklyn,1350,233,517,139,0,14,6,10,24,25,0,14,12,18,12,21,0,14,93,57,21,27,34,35,7,11,26,26,21,23,33,39,41,42,31,35,17,21,0,14,20,26,57,35,10,11,33,27,19,17,833,153,0,14,6,10,13,17,65,54,8,17,10,19,8,13,6,9,86,72,15,19,110,93,34,26,32,36,124,74,69,48,5,8,45,31,18,21,12,16,109,93,5,13,22,17,31,39
1400000US36047121000,"Census Tract 1210, Kings County, New York",Brooklyn,3738,755,1216,266,40,78,337,192,101,79,106,90,0,14,81,72,0,14,61,75,104,73,137,123,26,44,29,34,19,31,0,14,68,50,0,14,0,14,41,51,0,14,33,51,0,14,33,44,0,14,2522,614,41,63,209,182,244,137,117,116,191,80,105,111,0,14,101,133,105,102,25,55,264,127,86,88,162,105,65,50,255,122,191,211,48,44,21,27,56,54,59,87,36,50,39,62,102,123
1400000US36047121400,"Census Tract 1214, Kings County, New York",Brooklyn,4512,837,2106,570,434,434,116,123,257,168,210,133,0,14,0,14,45,56,61,68,118,96,240,163,58,56,105,91,84,82,112,113,56,70,0,14,94,79,50,48,28,30,0,14,19,34,0,14,19,33,2406,465,0,14,116,123,189,112,60,47,309,235,94,75,0,14,154,131,259,183,106,115,86,72,99,79,162,151,201,91,115,99,125,107,19,35,47,50,63,53,127,81,13,19,25,30,37,39
1400000US36047122000,"Census Tract 1220, Kings County, New York",Brooklyn,6991,1232,3253,898,236,235,201,189,398,337,200,193,141,166,79,109,0,19,172,148,195,182,59,94,258,304,192,201,300,258,0,19,291,253,22,40,202,186,59,101,94,105,113,180,41,68,0,19,0,19,3738,832,410,319,263,200,50,85,294,315,0,19,0,19,20,32,0,19,292,325,412,250,110,115,300,232,407,282,72,81,641,316,94,102,119,106,41,66,50,83,79,130,29,46,55,50,0,19
1400000US36047123700,"Census Tract 1237, Kings County, New York",Brooklyn,9642,1611,5057,1035,849,341,931,377,1171,360,526,217,82,96,0,19,88,83,71,85,160,130,67,78,389,166,132,94,279,191,61,99,88,100,53,82,0,19,0,19,0,19,0,19,110,149,0,19,0,19,4585,834,854,300,763,283,569,228,510,252,174,132,42,68,41,56,74,90,114,124,272,146,357,166,254,151,322,234,100,95,43,59,0,19,46,70,0,19,0,19,0,19,50,81,0,19,0,19
1400000US36047150200,"Census Tract 1502, Kings County, New York",Brooklyn,2884,426,1453,261,92,71,240,132,108,45,41,33,0,14,11,17,0,14,0,14,14,20,65,48,94,61,98,50,219,91,106,68,153,110,98,104,23,26,13,20,45,42,23,28,0,14,10,17,0,14,1431,247,89,63,109,79,208,88,54,42,0,14,0,14,0,14,1,3,38,43,75,51,89,52,178,68,196,85,66,63,81,48,65,48,21,23,10,17,24,28,66,49,0,14,41,34,20,23
1400000US36047152200,"Census Tract 1522, Kings County, New York",Brooklyn,2913,647,1674,571,73,60,69,56,47,48,0,14,28,43,13,19,0,14,60,59,62,44,67,51,49,44,213,86,95,72,89,107,373,508,49,46,27,33,37,36,61,44,92,95,111,85,32,23,27,33,1239,204,105,113,83,48,55,58,13,21,10,18,0,14,35,55,12,18,59,48,97,59,72,52,133,37,36,36,108,64,95,53,6,11,0,14,16,24,41,33,100,48,112,84,36,36,15,24
1400000US36047990100,"Census Tract 9901, Kings County, New York",Brooklyn,0,14,0,14,0,14,0,14,0,14,0,14,0,14,0,14,0,14,0,14,0,14,0,14,0,14,0,14,0,14,0,14,0,14,0,14,0,14,0,14,0,14,0,14,0,14,0,14,0,14,0,14,0,14,0,14,0,14,0,14,0,14,0,14,0,14,0,14,0,14,0,14,0,14,0,14,0,14,0,14,0,14,0,14,0,14,0,14,0,14,0,14,0,14,0,14,0,14
1400000US36061000100,"Census Tract 1, New York County, New York",Manhattan,0,14,0,14,0,14,0,14,0,14,0,14,0,14,0,14,0,14,0,14,0,14,0,14,0,14,0,14,0,14,0,14,0,14,0,14,0,14,0,14,0,14,0,14,0,14,0,14,0,14,0,14,0,14,0,14,0,14,0,14,0,14,0,14,0,14,0,14,0,14,0,14,0,14,0,14,0,14,0,14,0,14,0,14,0,14,0,14,0,14,0,14,0,14,0,14,0,14
1400000US36061000201,"Census Tract 2.01, New York County, New York",Manhattan,2666,1277,1619,893,45,46,369,533,276,338,95,59,24,28,0,14,5,8,21,25,79,58,105,61,54,41,42,49,43,40,170,79,77,82,18,26,29,32,19,26,73,45,31,34,3,8,28,27,13,16,1047,423,11,20,31,32,262,261,7,11,26,30,14,21,2,4,12,16,40,31,116,141,27,31,87,60,41,30,2,4,40,62,19,26,74,60,36,38,95,63,24,31,11,8,36,27,34,30
1400000US36061000202,"Census Tract 2.02, New York County, New York",Manhattan,6763,777,3605,737,162,148,390,360,244,171,136,111,14,23,23,28,57,48,150,104,160,115,120,110,220,190,261,304,200,122,267,150,395,270,52,52,149,121,107,112,19,26,356,143,37,42,69,91,17,28,3158,398,2,5,66,78,0,19,190,112,90,85,2,3,31,42,129,123,211,115,90,69,79,58,278,172,345,167,462,211,286,143,103,81,98,85,71,85,30,56,201,114,294,152,84,60,16,27
1400000US36061000500,"Census Tract 5, New York County, New York",Manhattan,0,14,0,14,0,14,0,14,0,14,0,14,0,14,0,14,0,14,0,14,0,14,0,14,0,14,0,14,0,14,0,14,0,14,0,14,0,14,0,14,0,14,0,14,0,14,0,14,0,14,0,14,0,14,0,14,0,14,0,14,0,14,0,14,0,14,0,14,0,14,0,14,0,14,0,14,0,14,0,14,0,14,0,14,0,14,0,14,0,14,0,14,0,14,0,14,0,14
1400000US36061000600,"Census Tract 6, New York County, New York",Manhattan,10302,1393,5881,1065,72,82,137,224,189,102,100,123,22,32,87,89,128,140,73,87,622,385,746,438,422,263,515,353,497,390,255,163,389,213,24,41,294,380,84,103,152,142,222,144,304,274,313,188,234,149,4421,700,126,153,123,129,92,116,163,111,27,44,78,78,32,49,91,101,60,69,560,285,131,130,272,185,246,209,255,162,591,285,47,75,88,75,235,262,241,131,207,156,180,135,204,146,372,228
1400000US36061000700,"Census Tract 7, New York County, New York",Manhattan,9134,1087,4633,859,0,19,0,19,391,245,46,75,42,72,141,220,83,120,165,127,1235,556,540,353,578,300,276,297,66,79,427,213,275,237,65,104,0,19,138,120,0,19,165,188,0,19,0,19,0,19,4501,745,372,317,78,127,58,92,0,19,92,145,29,56,61,98,332,267,1114,454,918,333,327,146,212,152,425,180,219,154,151,174,86,142,27,44,0,19,0,19,0,19,0,19,0,19,0,19
1400000US36061000800,"Census Tract 8, New York County, New York",Manhattan,8747,1467,4693,1067,97,96,186,157,120,110,37,49,9,21,1,3,36,47,4,9,317,165,627,496,390,202,514,294,173,149,0,19,678,474,0,19,188,133,511,598,223,129,120,97,39,71,108,133,315,223,4054,858,79,90,316,203,59,81,40,53,32,38,11,20,9,15,43,40,120,121,207,117,476,220,157,131,185,169,564,299,453,202,154,153,242,214,100,103,134,98,197,205,33,55,303,184,140,108
1400000US36061000900,"Census Tract 9, New York County, New York",Manhattan,1966,288,1149,283,103,54,47,37,11,17,0,14,0,14,1,4,0,14,19,24,228,183,360,206,129,57,69,51,57,43,22,31,30,30,11,24,0,14,15,15,34,37,0,14,5,7,0,14,8,11,817,108,38,21,74,43,54,44,0,14,26,49,0,14,0,14,26,17,168,44,122,49,128,55,34,23,55,41,18,15,12,19,8,13,6,9,0,14,22,28,6,11,13,12,7,10,0,14
1400000US36061001001,"Census Tract 10.01, New York County, New York",Manhattan,1745,211,778,127,31,26,37,26,31,25,42,23,10,16,10,14,0,14,14,14,58,33,10,12,75,29,97,50,46,40,107,48,69,35,5,8,53,38,6,10,27,19,21,18,23,20,6,11,0,14,967,115,15,26,64,40,80,36,29,26,2,4,6,9,0,14,23,15,53,35,26,20,109,42,53,38,96,51,62,41,55,29,15,16,28,19,15,18,79,47,87,47,25,35,10,14,35,24
1400000US36061001002,"Census Tract 10.02, New York County, New York",Manhattan,6513,862,2959,696,348,255,126,141,217,234,164,153,45,78,0,19,124,115,193,141,93,96,148,107,116,93,81,103,162,167,111,101,418,420,36,51,89,99,5,8,98,145,155,128,116,102,20,34,94,88,3554,571,349,198,157,151,180,160,35,39,174,161,0,19,87,142,162,109,142,89,256,142,163,130,210,124,96,84,114,92,274,147,142,138,66,64,70,85,252,167,356,189,178,113,58,74,33,39
1400000US36061001200,"Census Tract 12, New York County, New York",Manhattan,4173,520,1874,334,8,14,218,113,72,45,58,47,46,54,8,17,20,30,19,23,215,98,59,45,98,83,115,65,245,107,81,55,50,36,51,34,52,42,71,65,38,34,67,58,102,79,166,180,15,12,2299,309,70,45,91,83,139,94,77,49,29,33,7,11,25,23,75,44,118,72,82,68,148,56,106,75,275,112,32,29,161,84,8,12,93,68,158,98,30,31,236,186,129,87,113,93,97,75
1400000US36061001300,"Census Tract 13, New York County, New York",Manhattan,5062,767,2477,458,75,78,37,60,108,94,0,19,45,73,25,39,0,19,72,108,451,209,765,281,228,157,245,197,109,89,73,60,109,113,79,71,0,19,0,19,0,19,56,86,0,19,0,19,0,19,2585,648,29,45,27,45,38,62,2,20,464,574,0,19,14,24,88,84,654,285,437,191,204,166,221,163,176,149,65,60,14,27,67,83,0,19,0,19,60,69,25,45,0,19,0,19,0,19
1400000US36061001401,"Census Tract 14.01, New York County, New York",Manhattan,3707,682,2077,470,138,96,139,102,22,21,8,13,162,164,9,15,0,14,34,55,62,61,37,39,164,171,116,101,103,69,267,142,58,43,20,22,74,72,21,23,98,82,163,97,117,75,34,31,231,192,1630,284,45,36,10,16,15,17,46,55,26,44,0,14,0,14,39,41,0,14,40,32,134,89,143,89,157,91,85,69,43,34,86,69,47,35,30,28,33,29,254,158,187,98,87,49,123,70
1400000US36061001402,"Census Tract 14.02, New York County, New York",Manhattan,3463,694,1613,497,33,55,0,14,56,69,0,14,0,14,0,14,0,14,200,199,373,176,96,54,207,130,19,32,35,57,107,123,41,52,18,29,77,59,115,98,166,286,19,26,23,30,13,23,15,20,1850,378,76,87,0,14,0,14,100,86,8,12,59,63,7,11,124,66,319,148,75,57,75,64,169,112,44,40,148,109,46,44,43,59,101,78,66,87,136,221,72,57,18,23,80,82,84,66
1400000US36061001501,"Census Tract 15.01, New York County, New York",Manhattan,7677,1806,2575,557,0,19,49,54,86,73,0,19,106,64,46,39,72,87,53,50,126,80,237,141,245,131,393,343,28,45,220,168,284,142,30,49,7,11,94,104,14,22,137,104,84,86,57,68,207,180,5102,1388,496,490,112,114,338,346,78,67,323,92,123,80,73,30,195,162,346,201,238,144,223,135,502,353,310,177,107,80,176,106,89,80,26,42,88,105,150,92,253,146,301,221,420,489,135,93
1400000US36061001502,"Census Tract 15.02, New York County, New York",Manhattan,8375,873,3921,616,116,65,102,103,69,57,0,19,222,95,18,20,60,72,515,280,1173,428,548,282,201,115,225,124,218,111,182,131,163,167,47,55,49,56,12,26,1,7,0,19,0,19,0,19,0,19,4454,607,78,81,176,65,0,19,60,69,495,149,183,77,90,67,551,271,1215,453,603,315,447,199,197,166,71,82,51,62,80,70,0,19,28,47,58,65,15,21,0,19,34,49,0,19,22,38
1400000US36061001600,"Census Tract 16, New York County, New York",Manhattan,7221,1171,3606,859,69,121,269,159,167,118,52,54,79,99,26,26,19,22,16,24,225,164,279,161,331,209,180,130,207,142,283,130,203,135,101,89,109,66,50,46,76,54,645,667,9,19,8,15,203,255,3615,716,0,19,15,34,281,171,30,32,7,11,9,14,6,10,95,82,110,70,306,255,534,378,452,264,142,99,206,96,381,243,19,29,78,56,81,61,40,44,361,363,229,135,104,98,129,108
1400000US36061001800,"Census Tract 18, New York County, New York",Manhattan,6706,943,3439,640,22,39,35,42,23,37,40,48,299,317,84,77,18,18,161,94,693,324,330,163,207,134,127,104,224,172,317,194,160,102,44,46,30,42,33,36,56,62,180,97,102,101,118,81,136,135,3267,659,49,59,19,30,0,19,18,24,90,73,109,133,40,41,155,82,828,341,320,151,226,141,187,101,38,36,179,176,82,66,19,32,19,29,37,41,66,76,227,123,113,90,81,52,365,434
1400000US36061002000,"Census Tract 20, New York County, New York",Manhattan,5048,723,2319,472,116,80,167,99,92,108,152,113,31,35,28,32,47,49,106,89,91,101,50,45,205,270,326,330,176,125,115,111,34,37,119,119,68,69,5,8,127,121,136,96,25,30,82,97,21,36,2729,418,166,121,137,126,293,112,14,24,21,32,2,7,45,55,112,75,36,31,233,210,155,93,89,70,146,100,142,101,400,196,43,48,112,57,39,50,92,58,120,76,57,57,169,153,106,86
1400000US36061002100,"Census Tract 21, New York County, New York",Manhattan,7441,996,3348,593,295,166,157,128,239,228,109,95,0,19,0,19,0,19,170,275,222,186,601,310,279,162,431,211,274,205,181,138,18,33,56,63,36,43,52,50,36,42,125,104,34,44,19,31,14,24,4093,661,324,156,199,140,337,259,138,147,0,19,0,19,0,19,231,205,218,136,472,256,515,177,205,153,520,281,331,188,199,215,31,34,104,88,29,31,68,75,58,52,0,19,102,105,12,19
1400000US36061002201,"Census Tract 22.01, New York County, New York",Manhattan,6795,838,3574,602,46,74,413,278,182,126,160,124,199,218,45,60,81,114,338,221,261,117,94,81,352,186,123,101,113,89,147,160,398,202,106,111,45,50,18,20,221,148,3,26,41,47,73,88,115,103,3221,513,0,19,218,235,81,77,26,39,47,75,26,32,53,75,336,294,163,137,227,198,122,118,365,117,199,124,118,106,105,76,80,61,112,82,23,37,94,87,287,165,276,135,162,136,101,85
1400000US36061002202,"Census Tract 22.02, New York County, New York",Manhattan,2502,569,1392,526,30,32,0,14,18,24,17,25,7,16,60,95,6,9,113,141,116,101,528,451,126,110,93,63,21,24,57,47,71,54,16,25,57,50,0,14,10,16,32,31,2,12,12,20,0,14,1110,212,22,35,0,14,42,42,18,28,8,12,7,14,38,42,99,67,217,92,229,116,64,66,68,41,57,54,63,38,53,48,4,8,31,24,0,14,4,9,18,22,30,33,0,14,38,31
1400000US36061002400,"Census Tract 24, New York County, New York",Manhattan,4523,773,2162,606,37,61,142,93,207,150,79,52,169,177,12,32,11,16,125,89,156,103,42,58,66,72,15,21,149,133,260,160,51,38,39,41,55,71,43,44,81,48,70,49,75,85,17,24,261,354,2361,356,50,72,126,114,170,144,82,61,64,49,0,14,0,14,22,25,103,80,147,119,202,134,177,111,117,84,186,101,160,79,22,26,107,61,78,56,43,38,122,55,89,80,141,96,153,107
1400000US36061002500,"Census Tract 25, New York County, New York",Manhattan,4476,900,1787,397,11,17,33,43,210,241,81,61,102,95,0,14,16,24,40,31,85,70,117,78,63,57,30,32,106,66,86,80,184,94,64,53,108,64,11,17,64,54,146,100,24,35,53,39,153,98,2689,564,0,14,96,80,245,187,273,186,24,25,0,14,13,15,52,49,116,72,78,57,273,129,111,78,115,83,172,101,219,106,92,63,204,78,77,51,163,108,113,89,58,41,90,58,105,52
1400000US36061002601,"Census Tract 26.01, New York County, New York",Manhattan,4199,756,2337,563,88,90,105,97,100,79,0,14,14,24,2,4,33,44,40,38,48,46,127,94,180,114,432,297,278,146,275,418,100,77,65,51,167,141,43,63,20,29,123,73,35,46,5,10,57,85,1862,382,5,10,49,55,144,104,0,14,8,13,55,66,10,17,139,101,143,88,314,204,113,92,187,109,93,68,114,73,178,126,16,23,66,54,28,43,95,64,68,70,0,14,37,61,0,14
1400000US36061002602,"Census Tract 26.02, New York County, New York",Manhattan,3528,547,1690,329,0,14,19,31,20,32,0,14,0,14,131,184,0,14,152,125,132,106,271,187,104,100,109,87,87,81,142,129,98,85,51,83,67,66,38,48,56,60,51,61,38,47,87,85,37,58,1838,379,79,80,62,58,0,14,35,52,0,14,0,14,0,14,235,204,178,91,329,259,112,88,26,38,54,54,27,46,217,135,130,101,111,106,17,29,102,104,19,31,20,33,60,63,25,42
1400000US36061002700,"Census Tract 27, New York County, New York",Manhattan,1101,320,592,252,0,14,10,16,11,13,9,13,5,8,0,14,2,4,3,6,81,51,73,36,12,15,22,19,0,14,21,20,32,28,166,238,10,16,32,31,0,14,25,19,47,40,17,30,14,15,509,118,4,8,0,14,44,48,0,14,11,11,4,6,0,14,14,13,20,20,7,9,9,12,28,27,36,32,23,22,70,33,8,10,23,15,22,20,5,8,69,35,40,37,14,13,58,30
1400000US36061002800,"Census Tract 28, New York County, New York",Manhattan,6509,1033,3191,604,47,56,0,19,333,162,34,48,43,62,98,113,57,68,56,49,357,202,560,326,236,127,184,139,117,94,190,136,134,97,39,62,181,101,142,127,121,145,39,41,100,98,91,72,32,39,3318,712,148,187,38,75,107,81,0,19,8,10,0,19,29,37,112,80,421,183,338,253,134,98,249,157,101,93,113,88,653,564,63,84,59,69,102,74,50,67,239,127,94,107,205,150,55,58
1400000US36061002901,"Census Tract 29.01, New York County, New York",Manhattan,562,74,504,42,0,14,0,14,0,14,0,14,6,14,0,14,8,22,41,36,116,40,55,45,81,63,42,43,27,23,46,43,19,21,21,19,1,2,0,14,14,25,0,14,2,3,0,14,25,28,58,54,0,14,0,14,0,14,0,14,0,14,0,14,0,14,0,14,0,14,0,14,0,14,0,14,0,14,0,14,0,14,0,14,0,14,0,14,0,14,6,9,0,14,12,18,40,52
1400000US36061002902,"Census Tract 29.02, New York County, New York",Manhattan,3493,898,1633,662,26,40,104,140,39,19,0,14,1,2,11,20,14,25,42,32,234,128,444,525,44,49,102,58,27,35,109,90,53,68,6,20,61,52,32,54,18,38,49,48,0,14,28,52,189,137,1860,522,29,45,93,84,0,14,22,38,13,21,0,14,0,14,27,32,145,117,107,103,41,40,136,94,31,52,148,110,81,78,205,181,38,43,26,41,56,87,330,366,110,104,149,134,73,71
1400000US36061003001,"Census Tract 30.01, New York County, New York",Manhattan,4270,581,1780,364,86,111,91,144,0,14,0,14,0,14,0,14,67,90,139,149,532,207,213,158,56,53,24,37,187,126,86,98,118,109,62,63,0,14,20,34,24,40,38,41,37,45,0,14,0,14,2490,487,28,39,94,108,0,14,39,40,3,8,13,21,25,29,620,372,512,195,218,105,102,100,117,90,97,74,187,145,95,63,35,40,50,73,57,53,40,48,81,89,67,96,0,14,10,24
1400000US36061003002,"Census Tract 30.02, New York County, New York",Manhattan,2833,258,1009,200,44,62,5,16,0,14,0,14,0,14,0,14,0,14,27,38,224,129,170,68,53,40,57,84,23,23,72,56,144,85,0,14,30,30,3,5,28,31,53,40,0,14,38,33,38,57,1824,271,27,30,57,41,8,14,11,19,0,14,23,26,42,47,176,106,329,117,308,164,140,66,14,24,17,27,37,50,170,120,4,11,44,49,28,28,33,29,187,89,0,14,154,92,15,23
1400000US36061003100,"Census Tract 31, New York County, New York",Manhattan,2910,323,1468,263,11,11,44,35,12,12,6,8,146,78,223,121,147,80,50,44,154,91,166,98,85,46,88,62,53,27,52,32,155,197,6,10,10,11,6,9,17,16,22,19,6,10,9,11,0,14,1442,178,30,22,24,18,18,14,4,8,162,79,239,98,186,79,144,73,168,67,51,29,92,43,36,25,25,17,34,20,90,73,4,6,0,14,16,17,6,10,14,17,11,12,57,47,31,38
1400000US36061003200,"Census Tract 32, New York County, New York",Manhattan,7866,1300,4075,810,110,128,0,19,57,103,95,106,74,121,52,65,0,19,400,232,377,271,623,425,255,195,183,168,215,189,182,155,481,433,228,268,28,55,215,173,66,78,246,159,127,183,61,67,0,19,3791,878,0,19,70,78,306,357,0,19,81,92,0,19,0,19,119,94,971,566,497,262,210,170,14,30,0,19,342,145,478,361,0,19,25,42,55,92,100,119,230,151,92,103,78,93,123,109
1400000US36061003300,"Census Tract 33, New York County, New York",Manhattan,5951,720,2919,488,115,85,122,84,51,49,18,28,0,19,0,19,24,44,57,74,397,203,148,89,462,268,164,100,331,355,348,159,123,113,0,19,55,55,67,58,72,60,212,104,34,47,104,107,15,27,3032,544,167,86,280,153,181,115,147,140,28,46,0,19,48,80,70,79,352,245,272,147,267,192,191,101,131,114,438,220,49,47,16,29,110,80,47,53,65,91,81,54,46,50,34,42,12,21
1400000US36061003400,"Census Tract 34, New York County, New York",Manhattan,6990,1061,3157,996,107,98,56,39,0,19,0,19,53,101,0,19,0,19,434,609,379,238,684,388,438,269,92,127,112,57,148,154,28,43,82,97,202,273,30,50,183,138,54,77,75,124,0,19,0,19,3833,820,86,67,34,72,45,27,0,19,37,60,90,88,0,19,822,496,660,318,724,364,302,179,10,20,204,159,78,77,205,165,144,122,68,80,0,19,163,192,126,137,35,54,0,19,0,19
1400000US36061003601,"Census Tract 36.01, New York County, New York",Manhattan,3050,406,1526,305,46,52,74,72,27,42,22,32,15,19,52,58,9,12,83,89,246,162,107,63,213,133,66,59,10,15,140,139,42,36,30,33,58,51,0,14,26,28,115,67,79,53,12,22,54,85,1524,218,13,18,29,30,0,14,0,14,0,14,7,14,43,52,75,56,105,58,247,140,81,66,129,86,0,14,124,68,109,55,36,44,81,67,52,43,125,127,71,56,51,59,44,66,102,92
1400000US36061003602,"Census Tract 36.02, New York County, New York",Manhattan,3444,515,2118,393,22,31,55,86,67,86,29,30,50,21,93,63,25,35,210,143,401,172,247,140,124,77,162,75,68,45,119,82,115,56,47,36,62,60,11,23,100,128,58,56,0,14,53,56,0,14,1326,313,9,14,7,11,0,14,21,26,65,52,50,32,36,28,40,36,186,69,154,85,103,59,30,29,132,148,40,32,87,89,0,14,21,25,23,38,89,76,50,39,139,134,26,44,18,31
1400000US36061003700,"Census Tract 37, New York County, New York",Manhattan,3460,656,1363,237,81,66,7,38,30,43,38,40,10,17,0,14,0,14,90,82,124,82,255,110,114,72,103,99,67,78,59,52,52,49,82,76,60,74,8,13,81,64,37,48,43,45,22,28,0,14,2097,596,56,60,139,97,71,52,0,14,73,105,0,14,0,14,8,14,251,120,261,128,91,60,350,511,31,35,116,71,81,100,18,29,135,96,75,56,22,27,53,56,194,184,53,89,19,22
1400000US36061003800,"Census Tract 38, New York County, New York",Manhattan,7282,1161,3674,860,80,131,66,107,4,8,5,6,18,16,36,32,37,48,442,303,723,382,650,429,198,209,169,195,116,139,132,128,68,86,0,19,282,319,41,66,306,313,85,96,67,84,149,159,0,19,3608,679,0,19,0,19,0,19,0,19,98,50,68,61,162,163,621,382,981,482,404,258,83,145,66,106,197,179,87,101,114,127,84,96,0,19,0,19,129,122,173,141,254,192,48,78,39,62
1400000US36061003900,"Census Tract 39, New York County, New York",Manhattan,5699,1143,2963,746,177,123,208,59,55,73,68,70,0,19,0,19,0,19,32,47,195,156,146,82,338,205,574,554,230,141,148,110,44,74,0,19,32,41,1,2,110,53,80,63,207,151,318,406,0,19,2736,569,207,101,151,118,23,42,29,49,47,55,0,19,0,19,34,34,430,184,202,109,179,153,164,110,223,124,30,51,269,157,20,34,12,18,88,60,59,48,111,60,365,436,58,55,35,34
1400000US36061004001,"Census Tract 40.01, New York County, New York",Manhattan,3304,539,1620,472,59,10,22,38,0,14,0,14,38,31,0,14,10,21,328,239,37,47,339,225,95,123,106,53,163,144,113,101,25,51,0,14,24,39,81,98,75,73,97,78,0,14,8,17,0,14,1684,571,0,14,0,14,0,14,0,14,34,39,97,85,54,78,440,553,287,248,114,80,18,29,155,113,39,51,138,52,100,130,0,14,23,37,30,50,30,38,75,67,16,19,18,23,16,23
1400000US36061004002,"Census Tract 40.02, New York County, New York",Manhattan,6268,1660,2850,850,121,128,66,75,53,74,33,40,423,99,88,56,67,59,80,58,517,403,525,479,167,102,183,129,77,87,269,150,16,27,2,1,67,89,0,19,2,30,66,70,14,24,14,26,0,19,3418,1512,21,34,46,67,0,19,20,40,606,88,177,68,99,63,385,282,841,860,613,674,125,101,72,84,121,113,73,100,73,87,19,32,0,19,22,43,60,81,0,19,26,28,0,19,19,30
1400000US36061004100,"Census Tract 41, New York County, New York",Manhattan,6889,1593,3209,800,45,53,36,55,402,397,82,80,54,50,99,120,218,192,52,45,300,140,183,105,169,132,165,137,238,156,584,377,130,124,80,98,28,43,18,29,28,47,70,71,29,46,72,106,127,106,3680,967,0,19,40,64,139,127,12,19,181,87,218,79,96,75,137,101,443,222,315,205,155,159,252,146,200,198,583,480,145,114,0,19,71,86,32,42,326,284,97,109,113,105,10,18,115,109
1400000US36061004200,"Census Tract 42, New York County, New York",Manhattan,5141,395,2210,224,50,30,7,11,7,12,66,54,930,223,162,89,97,60,129,64,73,53,172,86,50,37,60,42,57,44,35,39,81,56,33,38,25,26,55,45,43,37,38,33,12,19,16,21,12,19,2931,332,59,69,8,13,0,19,20,22,1229,198,210,109,149,85,144,76,202,110,166,85,96,69,114,81,61,43,104,73,50,56,50,39,20,22,37,33,60,36,13,19,11,19,16,27,112,180
1400000US36061004300,"Census Tract 43, New York County, New York",Manhattan,3524,469,1756,328,0,14,15,24,25,30,0,14,0,14,0,14,0,14,198,198,402,179,255,152,211,126,58,89,89,123,122,113,4,2,2,4,94,125,51,76,85,78,75,76,70,65,0,14,0,14,1768,558,11,23,0,14,19,25,0,14,0,14,0,14,0,14,186,175,384,185,147,92,306,382,106,96,79,134,0,14,59,77,49,66,88,85,98,100,35,40,71,68,115,120,0,14,15,27
1400000US36061004400,"Census Tract 44, New York County, New York",Manhattan,16963,2244,8719,1375,170,254,432,475,87,137,153,102,73,138,12,22,0,21,515,420,1329,715,1221,589,604,324,690,535,500,401,689,439,358,341,214,179,280,208,197,222,338,214,399,355,267,213,128,148,63,106,8244,1337,31,58,199,239,0,21,454,239,10,18,9,22,121,149,809,433,1548,912,661,373,509,257,247,299,405,340,261,247,433,350,163,132,853,381,36,66,244,192,588,404,315,223,348,284,0,21
1400000US36061004500,"Census Tract 45, New York County, New York",Manhattan,957,186,465,115,66,38,29,31,10,15,28,26,0,14,0,14,0,14,26,19,25,34,22,18,24,20,61,45,12,16,41,29,38,23,16,17,12,14,7,11,0,14,19,28,22,28,7,13,0,14,492,112,8,10,25,26,20,17,11,14,0,14,15,30,4,8,23,32,27,24,39,22,89,58,39,37,16,17,45,30,13,16,0,14,11,12,6,9,8,12,55,47,30,28,0,14,8,12
1400000US36061004700,"Census Tract 47, New York County, New York",Manhattan,2187,438,1127,403,0,14,0,14,53,36,0,14,0,14,0,14,0,14,19,24,132,87,81,65,299,377,157,131,69,46,71,55,65,70,26,29,0,14,11,17,33,30,88,59,12,18,11,17,0,14,1060,207,78,73,0,14,0,14,37,36,4,7,45,51,31,46,79,66,121,76,184,112,82,88,61,40,40,27,37,35,85,41,19,24,27,28,10,18,28,25,12,19,56,58,24,28,0,14
1400000US36061004800,"Census Tract 48, New York County, New York",Manhattan,6972,724,3389,571,178,108,13,23,143,105,5,9,198,109,86,78,12,14,317,213,393,213,210,102,128,96,282,159,324,159,207,149,136,98,95,93,97,101,37,39,76,67,203,165,202,137,0,19,47,44,3583,395,128,146,119,102,41,31,111,77,444,163,120,81,137,83,327,174,337,156,294,142,63,60,184,125,163,79,157,90,231,158,37,37,49,45,34,36,117,68,176,94,130,81,117,80,67,52
1400000US36061004900,"Census Tract 49, New York County, New York",Manhattan,4203,835,1904,465,26,37,52,44,43,26,41,48,0,14,0,14,0,14,47,60,286,121,163,111,30,31,93,118,255,132,350,300,87,69,21,35,7,15,35,40,0,14,153,96,118,110,48,53,49,54,2299,510,65,89,37,52,103,113,13,21,14,25,18,21,0,14,175,141,366,213,385,338,30,39,94,64,100,108,131,76,35,29,14,23,33,38,147,119,106,87,209,140,181,127,0,14,43,52
1400000US36061005000,"Census Tract 50, New York County, New York",Manhattan,4774,783,2300,492,162,132,27,32,61,75,10,15,18,30,0,14,0,14,83,78,305,147,286,149,205,136,204,176,70,61,329,223,81,76,0,14,142,126,48,54,59,68,19,30,43,50,64,51,84,63,2474,517,105,75,20,31,257,337,22,29,50,16,11,19,27,37,60,65,368,136,293,129,282,123,244,169,53,44,144,88,22,33,33,38,87,89,37,43,68,52,59,53,91,59,39,41,102,118
1400000US36061005200,"Census Tract 52, New York County, New York",Manhattan,3543,360,1762,249,112,64,97,95,25,26,24,34,138,87,150,67,45,30,36,47,145,86,102,56,184,87,107,69,110,64,87,48,36,30,54,37,96,80,0,14,43,35,112,50,30,29,29,32,0,14,1781,239,13,23,39,25,77,46,0,14,410,138,81,61,94,74,19,26,72,49,119,58,141,83,89,51,169,101,8,14,67,82,41,31,86,69,10,16,59,51,73,48,64,48,25,27,25,26
1400000US36061005400,"Census Tract 54, New York County, New York",Manhattan,4453,541,2200,332,47,51,94,61,43,45,103,91,0,14,8,18,0,14,39,41,170,109,174,150,203,170,89,65,38,43,192,124,251,124,116,99,35,42,0,14,78,61,160,102,152,98,103,113,105,74,2253,446,67,46,67,57,20,28,20,28,0,14,1,3,0,14,0,14,284,81,496,381,139,87,104,68,72,70,188,97,81,64,84,91,70,61,17,30,141,89,193,101,153,77,19,31,37,42
1400000US36061005501,"Census Tract 55.01, New York County, New York",Manhattan,5346,775,3012,685,117,71,53,58,40,47,28,42,0,19,0,19,0,19,505,508,402,272,387,138,261,125,165,123,261,118,99,74,70,66,0,19,141,95,0,19,75,60,219,129,28,47,104,97,57,54,2334,346,229,153,20,37,38,47,24,39,53,61,16,33,9,17,133,56,517,159,247,118,188,87,134,86,106,79,114,77,214,127,10,18,64,51,16,25,47,44,82,63,73,82,0,19,0,19
1400000US36061005502,"Census Tract 55.02, New York County, New York",Manhattan,1899,278,1059,245,64,52,0,14,37,36,19,28,22,32,0,14,0,14,12,34,122,43,45,32,108,58,57,56,116,58,113,97,63,47,0,14,78,60,93,167,0,14,0,14,32,50,50,37,28,44,840,164,14,21,27,27,22,20,13,21,0,14,19,28,0,14,115,100,106,63,112,61,99,71,81,64,56,58,66,39,12,20,23,28,8,12,0,14,0,14,0,14,30,48,26,27,11,17
1400000US36061005600,"Census Tract 56, New York County, New York",Manhattan,3822,703,1792,449,45,47,0,14,0,14,29,36,0,14,13,22,0,14,75,95,186,132,205,106,118,82,262,342,155,109,110,74,165,192,84,122,99,75,42,54,0,14,127,121,43,54,13,22,21,34,2030,384,13,22,21,27,193,101,18,29,22,37,0,14,3,5,57,37,272,131,280,142,127,87,103,80,205,180,167,119,44,42,39,46,55,52,39,64,185,201,82,66,21,34,0,14,84,85
1400000US36061005700,"Census Tract 57, New York County, New York",Manhattan,2600,578,1165,204,58,44,48,44,11,18,0,14,0,14,10,16,69,104,79,102,129,75,81,55,64,47,72,67,97,45,30,22,52,39,11,18,80,66,29,23,48,44,63,40,63,42,57,52,14,16,1435,427,25,25,62,41,78,50,5,8,0,14,6,9,8,13,136,183,312,276,146,62,93,78,90,55,39,33,37,29,95,98,29,25,53,38,11,17,41,43,90,43,56,31,0,14,23,20
1400000US36061005800,"Census Tract 58, New York County, New York",Manhattan,3986,581,2219,406,0,14,70,101,66,95,0,14,45,66,0,14,0,14,137,138,387,197,611,307,145,122,209,151,139,82,40,65,39,66,138,213,45,69,25,40,0,14,51,54,26,42,19,31,27,45,1767,341,131,75,105,136,50,74,0,14,51,79,11,17,0,14,34,31,508,185,285,191,96,89,220,184,95,113,17,31,75,65,0,14,17,27,22,35,3,6,29,44,0,14,18,30,0,14
1400000US36061005900,"Census Tract 59, New York County, New York",Manhattan,5120,629,2469,410,81,53,28,44,87,97,47,43,377,174,51,72,61,77,33,56,156,88,164,87,185,77,184,75,73,64,265,171,216,104,78,70,44,49,8,13,59,62,49,57,63,62,51,54,109,89,2651,433,106,75,29,45,80,88,39,58,462,163,39,36,7,14,24,39,271,208,98,74,198,102,187,84,105,115,138,127,93,80,62,53,46,47,100,99,102,77,126,88,168,147,96,89,75,95
1400000US36061006000,"Census Tract 60, New York County, New York",Manhattan,5077,940,2530,658,135,125,416,251,241,167,105,114,0,19,0,19,22,36,39,45,249,138,115,73,167,115,114,68,160,118,174,84,100,66,20,31,41,49,116,156,33,39,85,82,16,18,154,93,28,42,2547,404,84,61,159,140,127,63,22,33,29,41,7,11,0,19,52,38,92,52,186,110,50,51,405,240,251,123,99,66,133,77,0,19,109,138,176,201,71,72,123,86,62,57,127,107,183,116
1400000US36061006100,"Census Tract 61, New York County, New York",Manhattan,5319,632,2732,600,61,61,25,35,97,50,107,76,477,160,42,50,77,55,118,147,227,148,235,127,381,436,125,50,99,76,148,139,46,55,36,42,36,41,28,45,49,48,96,72,182,135,20,32,20,32,2587,364,14,21,47,54,47,54,47,54,945,289,74,94,45,46,85,70,110,80,141,75,195,82,40,43,80,61,50,49,92,65,82,88,69,82,117,101,86,61,133,76,36,32,34,40,18,28
1400000US36061006200,"Census Tract 62, New York County, New York",Manhattan,3886,586,1874,351,49,42,13,15,76,72,14,28,161,88,117,105,24,28,166,122,208,107,162,68,86,51,154,80,55,37,105,97,123,72,0,14,74,57,56,50,11,16,41,34,78,92,42,31,59,55,2012,455,102,97,83,76,20,21,31,32,171,98,71,47,29,19,185,112,363,204,89,64,152,98,176,93,58,82,142,83,32,27,29,25,13,20,6,11,4,6,89,96,57,34,67,51,43,46
1400000US36061006300,"Census Tract 63, New York County, New York",Manhattan,5759,847,2742,702,70,84,0,19,132,105,23,39,20,35,21,13,15,23,227,276,427,330,244,126,197,122,289,196,206,93,130,83,101,86,47,51,70,69,154,129,21,35,82,70,147,90,82,89,37,42,3017,497,33,47,69,87,83,74,19,30,85,50,5,10,84,52,78,43,392,157,244,110,119,112,92,70,289,168,110,76,127,87,0,19,205,159,43,40,243,277,136,86,287,123,197,108,77,59
1400000US36061006400,"Census Tract 64, New York County, New York",Manhattan,7729,1102,3133,606,209,150,256,266,62,80,36,48,74,50,9,20,11,21,98,83,487,196,559,279,309,206,158,137,107,78,34,50,151,135,69,83,207,180,88,104,36,57,77,78,0,19,45,40,51,60,4596,748,0,19,0,19,157,139,0,19,142,39,18,24,166,208,532,232,553,234,767,403,407,233,189,130,81,77,215,129,242,155,272,347,21,33,82,128,144,115,210,193,55,64,200,137,143,156
1400000US36061006500,"Census Tract 65, New York County, New York",Manhattan,5585,754,2270,487,0,19,18,31,0,19,12,23,258,99,13,21,0,19,132,99,579,250,256,133,220,163,87,61,51,53,20,37,115,116,49,71,113,120,74,85,0,19,182,110,23,37,68,70,0,19,3315,573,32,46,0,19,29,55,12,23,521,156,50,57,64,61,257,155,518,226,632,275,103,81,249,304,169,171,133,143,96,96,0,19,33,36,56,63,22,35,200,215,31,52,84,80,24,40
1400000US36061006600,"Census Tract 66, New York County, New York",Manhattan,11034,1832,5071,1080,361,281,200,250,0,21,21,53,29,54,12,21,54,53,332,388,854,421,757,519,451,331,257,181,138,124,48,68,126,120,33,75,304,207,78,94,54,89,325,427,303,473,139,175,195,293,5963,1197,59,76,0,21,147,177,28,49,108,102,24,47,39,48,208,174,1361,541,791,369,135,122,371,251,240,180,79,132,334,298,90,120,163,171,605,531,52,92,479,585,218,195,302,276,130,146
1400000US36061006700,"Census Tract 67, New York County, New York",Manhattan,4652,858,2307,780,0,14,0,14,0,14,9,17,8,18,0,14,0,14,24,41,778,724,368,150,144,103,71,58,26,42,105,93,197,109,49,75,152,132,11,18,79,74,114,81,132,88,8,25,32,48,2345,385,0,14,0,14,0,14,36,52,0,14,7,12,0,14,177,150,609,181,366,149,28,51,60,52,65,65,78,98,127,120,105,86,63,58,44,50,88,86,91,73,154,125,59,61,188,137
1400000US36061006800,"Census Tract 68, New York County, New York",Manhattan,6430,970,3181,762,241,307,0,19,0,19,0,19,229,140,104,60,161,207,63,60,552,410,315,209,147,145,303,252,270,184,207,189,25,51,83,80,172,189,37,60,148,147,88,82,5,11,0,19,31,50,3249,486,50,77,0,19,0,19,54,91,394,90,253,101,123,105,292,209,551,292,196,134,303,188,59,74,17,38,166,108,117,122,0,19,67,78,122,119,5,11,265,131,55,90,111,135,49,82
1400000US36061006900,"Census Tract 69, New York County, New York",Manhattan,2681,339,1281,197,23,27,63,46,6,13,13,21,33,37,25,21,15,22,9,16,134,69,191,81,168,100,127,87,95,64,86,61,90,89,11,17,0,14,71,56,0,14,48,36,54,64,10,15,9,15,1400,195,72,44,37,33,20,26,11,19,103,38,66,50,38,43,64,37,210,74,186,84,41,39,187,85,70,77,56,47,49,37,23,37,39,51,19,30,57,78,22,26,9,14,11,17,10,17
1400000US36061007001,"Census Tract 70.01, New York County, New York",Manhattan,3997,1249,2242,934,221,22,0,14,380,555,0,14,19,32,0,14,13,27,94,93,328,186,493,231,40,54,216,298,94,117,0,14,56,65,0,14,28,54,19,34,64,75,34,48,56,61,0,14,87,112,1755,431,0,14,0,14,0,14,0,14,19,33,0,14,13,28,114,112,278,167,419,110,36,48,6,13,376,360,17,32,74,76,0,14,0,14,53,53,64,56,76,63,163,87,0,14,47,58
1400000US36061007002,"Census Tract 70.02, New York County, New York",Manhattan,3479,486,1385,283,0,14,0,14,0,14,0,14,0,14,11,18,0,14,337,178,330,182,146,136,138,87,32,39,50,49,75,52,36,58,43,61,27,30,0,14,28,46,32,43,0,14,84,106,16,25,2094,355,34,43,30,53,68,37,34,18,9,14,0,14,0,14,359,220,535,224,202,74,106,78,47,60,73,70,68,58,59,69,0,14,78,62,0,14,27,44,60,57,100,115,91,94,114,86
1400000US36061007100,"Census Tract 71, New York County, New York",Manhattan,5231,1164,2355,791,161,191,162,162,86,82,0,19,10,15,0,19,10,15,17,27,334,215,184,104,233,110,159,165,53,79,137,87,212,213,40,61,147,181,109,123,0,19,206,152,57,55,38,42,0,19,2876,674,100,138,99,90,42,56,189,104,6,9,27,25,0,19,293,242,473,218,238,141,151,129,104,98,151,155,115,84,263,201,144,216,131,72,41,53,51,80,125,64,79,64,54,48,0,19
1400000US36061007200,"Census Tract 72, New York County, New York",Manhattan,7113,1004,3352,784,369,281,131,165,43,67,0,19,3,8,72,111,0,19,297,259,648,282,533,235,70,111,395,294,229,148,182,232,149,172,22,45,40,18,66,86,0,19,75,87,7,35,0,19,21,35,3761,713,0,19,52,85,0,19,115,142,66,51,59,37,47,31,486,282,796,409,502,260,182,172,327,205,24,57,220,235,112,139,95,127,70,98,165,137,18,40,107,102,38,39,0,19,280,274
1400000US36061007300,"Census Tract 73, New York County, New York",Manhattan,5393,819,2792,576,101,105,59,93,27,43,0,19,0,19,0,19,0,19,76,179,398,262,171,123,291,213,221,193,398,304,337,297,218,204,37,62,42,67,24,40,218,197,36,59,124,138,14,24,0,19,2601,589,65,84,0,19,0,19,0,19,1,2,66,106,63,78,174,111,390,184,282,221,322,259,12,25,575,453,191,187,187,150,36,57,34,54,21,37,115,98,0,19,0,19,67,76,0,19
1400000US36061007400,"Census Tract 74, New York County, New York",Manhattan,5355,653,2463,429,0,19,106,97,34,57,0,19,9,11,16,17,4,8,126,117,322,145,335,177,314,287,275,196,114,84,266,167,181,136,85,89,123,85,52,69,33,37,53,71,15,25,0,19,0,19,2892,584,0,19,0,19,0,19,47,62,278,76,165,76,67,43,220,167,588,302,320,190,224,134,221,165,220,118,51,75,183,131,0,19,49,62,61,80,44,45,106,106,31,41,17,27,0,19
1400000US36061007500,"Census Tract 75, New York County, New York",Manhattan,3898,613,1950,409,80,64,74,81,0,14,0,14,74,86,0,14,0,14,0,14,235,167,194,134,60,55,126,76,90,82,124,89,274,197,37,42,76,61,54,52,79,64,243,197,130,85,0,14,0,14,1948,330,56,54,32,38,18,28,19,29,0,14,0,14,0,14,146,164,196,96,216,142,121,73,212,138,36,41,37,40,249,199,18,29,101,101,0,14,178,124,85,62,80,58,65,68,83,106
1400000US36061007600,"Census Tract 76, New York County, New York",Manhattan,2362,399,1123,236,0,14,14,22,0,14,10,16,7,11,12,19,24,37,60,56,228,138,103,66,190,73,145,127,16,24,170,60,74,82,24,38,6,10,1,7,22,25,5,9,11,19,1,11,0,14,1239,348,57,93,78,106,0,14,97,23,0,14,13,13,0,14,123,60,109,82,226,144,99,71,139,108,0,14,33,39,88,66,81,15,19,22,1,7,14,18,34,39,19,35,9,12,0,14
1400000US36061007700,"Census Tract 77, New York County, New York",Manhattan,5600,633,2630,386,32,39,106,100,112,107,13,21,56,96,0,19,0,19,68,71,464,180,303,156,296,179,128,133,174,110,223,167,202,127,40,47,75,63,21,37,98,88,96,62,68,54,35,41,20,34,2970,412,90,87,64,56,76,86,44,60,0,19,0,19,0,19,104,108,777,304,366,162,255,141,223,216,233,130,194,117,119,89,31,36,15,25,48,43,51,75,98,69,129,126,53,48,0,19
1400000US36061007800,"Census Tract 78, New York County, New York",Manhattan,8015,1174,3776,785,58,66,262,192,15,27,12,18,1,2,14,21,78,109,690,502,552,388,316,217,565,326,175,130,210,171,107,106,227,207,99,132,184,221,0,19,35,56,49,81,38,67,89,100,0,19,4239,753,133,162,114,104,66,90,1,2,0,19,15,15,0,19,233,192,558,223,438,234,416,235,457,286,286,209,314,228,178,116,87,143,2,6,155,192,31,51,66,76,162,123,21,42,506,460
1400000US36061007900,"Census Tract 79, New York County, New York",Manhattan,4458,774,2363,524,111,130,55,88,124,72,115,90,16,26,0,14,0,14,0,14,188,117,216,127,238,190,87,52,198,106,269,190,57,55,116,143,4,21,51,47,50,49,83,105,288,308,63,52,34,56,2095,411,31,52,0,14,173,114,37,62,25,37,0,14,19,29,25,30,368,146,269,198,99,78,153,119,229,136,21,29,74,98,10,17,169,162,106,86,78,79,106,121,68,65,35,43,0,14
1400000US36061008000,"Census Tract 80, New York County, New York",Manhattan,5319,718,2891,655,135,113,85,71,91,151,3,3,2,3,78,107,0,19,363,297,641,381,245,123,202,122,181,90,121,92,92,73,119,95,16,24,68,67,15,23,252,167,58,53,82,56,28,34,14,23,2428,354,14,22,56,79,34,59,31,47,58,23,24,45,9,19,61,44,472,232,392,165,181,111,103,88,350,147,54,60,131,84,19,36,41,50,45,43,112,81,94,68,58,48,49,45,40,41
1400000US36061008100,"Census Tract 81, New York County, New York",Manhattan,6191,1160,3103,817,79,81,53,56,0,19,225,253,0,19,0,19,0,19,0,19,409,224,420,257,99,84,231,211,360,203,172,120,194,127,62,77,78,79,37,44,76,74,394,384,65,76,63,72,86,84,3088,563,0,19,172,147,88,95,40,69,0,19,41,53,35,50,149,139,588,224,306,170,176,167,101,93,118,97,238,140,429,418,40,57,65,75,49,48,75,77,144,140,145,103,29,37,60,63
1400000US36061008200,"Census Tract 82, New York County, New York",Manhattan,3450,591,1471,360,73,54,0,14,33,58,0,14,0,14,0,14,0,14,64,74,190,85,65,77,215,165,71,51,45,62,341,208,166,127,30,37,16,25,0,14,81,53,81,70,0,14,0,14,0,14,1979,450,0,14,231,145,157,124,33,57,0,14,0,14,0,14,60,69,250,139,240,179,265,135,73,85,96,135,125,82,44,56,50,81,14,32,97,58,0,14,93,73,46,55,0,14,105,128
1400000US36061008300,"Census Tract 83, New York County, New York",Manhattan,3614,544,1880,470,35,44,32,41,0,14,0,14,0,14,0,14,0,14,5,9,689,372,122,103,93,91,148,154,68,89,86,77,121,105,44,53,40,47,20,35,17,28,220,200,119,95,21,39,0,14,1734,392,0,14,0,14,112,154,0,14,5,8,0,14,6,10,107,77,253,159,165,113,86,133,142,80,92,118,13,18,193,126,21,34,54,86,154,142,11,18,25,36,103,113,96,100,96,109
1400000US36061008400,"Census Tract 84, New York County, New York",Manhattan,1765,418,902,251,20,43,0,14,0,14,0,14,5,9,0,14,0,14,18,21,72,61,187,104,212,136,36,39,89,80,24,29,10,25,61,95,37,43,17,27,0,14,0,14,0,14,0,14,114,172,863,251,48,56,14,30,16,25,0,14,9,15,3,7,5,7,32,39,145,85,131,87,86,65,45,58,36,43,9,15,20,30,113,105,0,14,30,39,17,28,104,132,0,14,0,14,0,14
1400000US36061008601,"Census Tract 86.01, New York County, New York",Manhattan,3332,509,1922,414,28,36,38,41,65,57,17,32,14,22,10,21,70,72,290,193,516,324,257,119,57,52,40,49,138,106,70,54,78,56,23,32,76,70,0,14,68,57,17,27,50,57,0,14,0,14,1410,289,37,55,42,41,35,32,7,12,4,7,18,29,19,21,153,130,207,114,266,147,66,52,134,146,53,60,85,76,49,52,57,63,0,14,33,55,42,38,16,26,24,38,39,57,24,38
1400000US36061008602,"Census Tract 86.02, New York County, New York",Manhattan,0,14,0,14,0,14,0,14,0,14,0,14,0,14,0,14,0,14,0,14,0,14,0,14,0,14,0,14,0,14,0,14,0,14,0,14,0,14,0,14,0,14,0,14,0,14,0,14,0,14,0,14,0,14,0,14,0,14,0,14,0,14,0,14,0,14,0,14,0,14,0,14,0,14,0,14,0,14,0,14,0,14,0,14,0,14,0,14,0,14,0,14,0,14,0,14,0,14
1400000US36061008603,"Census Tract 86.03, New York County, New York",Manhattan,4970,856,2034,501,20,32,176,202,55,50,14,25,0,14,0,14,0,14,63,83,62,52,138,121,170,146,165,116,93,96,191,99,94,79,18,28,49,45,19,29,38,43,177,126,173,223,242,142,77,62,2936,471,251,226,56,53,118,109,0,14,0,14,0,14,10,18,59,50,189,105,174,118,210,162,215,162,107,63,115,64,72,58,16,27,31,26,36,29,186,103,207,107,391,172,273,143,220,130
1400000US36061008700,"Census Tract 87, New York County, New York",Manhattan,5376,778,2575,497,40,75,38,64,0,19,148,195,0,19,0,19,0,19,34,57,558,302,457,179,211,155,62,74,89,104,228,191,194,140,202,307,0,19,19,35,91,103,159,102,45,75,0,19,0,19,2801,571,38,65,0,19,0,19,164,190,0,19,100,130,103,160,179,233,646,292,397,221,134,128,0,19,241,180,103,118,246,256,22,32,24,39,36,57,34,54,122,99,73,85,105,128,34,55
1400000US36061008800,"Census Tract 88, New York County, New York",Manhattan,7567,1017,3037,588,27,45,61,55,0,19,30,52,32,52,29,52,0,19,111,132,430,199,492,218,359,376,419,263,92,83,37,49,110,94,54,61,215,124,21,41,101,94,227,207,115,118,37,54,38,60,4530,804,0,19,176,129,0,19,34,58,38,63,18,30,39,58,42,49,717,500,335,194,563,327,658,513,323,266,84,68,235,127,107,90,14,27,86,82,171,156,276,214,287,270,196,211,131,141
1400000US36061008900,"Census Tract 89, New York County, New York",Manhattan,5890,824,2895,569,13,21,54,87,63,71,20,35,94,64,49,48,58,92,7,12,531,314,286,213,303,160,251,177,174,120,131,90,344,269,126,118,69,65,94,123,50,46,122,107,21,36,35,49,0,19,2995,503,160,138,107,135,21,33,80,99,251,113,52,53,25,29,231,145,287,152,251,126,64,61,175,151,146,114,100,84,145,91,162,125,37,42,87,76,117,186,208,114,151,106,138,143,0,19
1400000US36061009000,"Census Tract 90, New York County, New York",Manhattan,7239,1066,3304,666,42,58,95,108,56,92,0,19,0,19,0,19,0,19,231,234,809,347,363,223,138,105,46,49,125,137,293,218,76,108,113,125,72,114,170,207,195,182,63,73,290,293,95,110,32,51,3935,748,0,19,35,97,0,19,18,36,16,34,0,19,7,16,677,401,511,248,531,222,325,164,193,163,192,144,141,102,142,125,0,19,239,171,198,220,70,79,450,368,29,48,131,130,30,49
1400000US36061009100,"Census Tract 91, New York County, New York",Manhattan,6539,589,3538,590,63,86,0,19,84,132,38,43,1,2,28,53,0,19,73,110,615,350,500,278,377,274,271,274,244,145,400,270,163,108,179,212,123,105,76,76,45,53,148,98,52,63,10,21,48,68,3001,462,127,129,73,87,25,49,1,2,8,14,0,19,0,19,263,208,656,241,372,198,218,131,144,110,65,65,122,95,90,84,209,184,110,138,83,79,171,175,104,94,48,65,41,62,71,89
1400000US36061009200,"Census Tract 92, New York County, New York",Manhattan,1387,241,749,148,0,14,0,14,40,65,0,14,0,14,0,14,0,14,40,42,170,77,132,90,157,107,29,29,60,21,12,20,60,44,0,14,38,40,0,14,11,20,0,14,0,14,0,14,0,14,638,155,39,7,3,5,19,30,0,14,0,14,0,14,8,12,6,11,146,67,29,26,109,59,26,28,79,36,0,14,58,63,11,18,0,14,30,47,35,40,7,13,10,17,5,8,18,25
1400000US36061009300,"Census Tract 93, New York County, New York",Manhattan,9559,1076,5121,892,362,300,175,101,144,130,24,96,0,19,0,19,75,94,315,193,244,139,436,233,290,193,384,227,466,224,362,299,796,463,104,108,210,135,60,70,48,90,147,124,294,209,91,103,94,88,4438,555,92,124,126,111,172,273,84,110,11,19,0,19,0,19,147,98,191,133,298,198,273,194,263,133,322,241,228,149,325,149,167,124,485,298,108,103,160,123,199,139,360,228,239,184,188,119
1400000US36061009400,"Census Tract 94, New York County, New York",Manhattan,70,46,55,46,0,14,0,14,0,14,0,14,6,9,0,14,0,14,0,14,0,14,12,18,0,14,23,33,0,14,0,14,14,16,0,14,0,14,0,14,0,14,0,14,0,14,0,14,0,14,15,14,0,14,0,14,0,14,0,14,8,11,0,14,0,14,2,3,0,14,0,14,0,14,0,14,0,14,0,14,5,7,0,14,0,14,0,14,0,14,0,14,0,14,0,14,0,14
1400000US36061009500,"Census Tract 95, New York County, New York",Manhattan,3765,442,1702,203,38,42,13,25,39,20,62,38,160,58,6,13,9,19,81,56,213,108,252,115,157,80,74,43,131,109,64,45,90,98,33,39,84,77,40,31,20,22,94,70,36,37,6,9,0,14,2063,360,58,47,52,80,57,88,6,13,579,158,120,77,108,73,97,52,144,78,192,84,108,66,141,118,8,19,89,67,68,34,32,39,38,45,50,36,34,30,44,38,31,43,7,12,0,14
1400000US36061009600,"Census Tract 96, New York County, New York",Manhattan,560,61,209,71,31,66,0,14,0,14,0,14,0,14,6,17,0,14,25,30,21,21,35,66,0,14,0,14,0,14,4,6,34,41,20,40,20,40,0,14,6,9,0,14,0,14,7,11,0,14,351,69,0,14,0,14,62,132,0,14,10,44,5,7,6,21,101,49,24,15,10,15,47,81,20,40,48,85,8,26,5,7,0,14,5,8,0,14,0,14,0,14,0,14,0,14,0,14
1400000US36061009700,"Census Tract 97, New York County, New York",Manhattan,4875,739,2019,581,47,70,60,50,154,109,22,50,74,122,0,14,0,14,35,59,67,77,145,138,318,232,52,74,176,223,65,86,84,81,28,43,63,59,35,38,137,165,234,132,87,85,96,92,40,48,2856,442,0,14,14,36,86,108,0,14,5,13,10,16,4,2,49,58,231,168,132,103,216,217,67,82,20,32,251,170,153,123,70,93,97,75,254,135,156,113,395,187,325,206,121,97,200,175
1400000US36061009800,"Census Tract 98, New York County, New York",Manhattan,8874,1231,3726,804,107,101,329,294,121,110,81,84,0,19,66,87,0,19,115,114,388,182,473,292,246,157,179,138,223,140,185,164,174,151,457,447,211,164,74,106,46,75,205,135,0,19,46,74,0,19,5148,812,108,138,60,78,186,147,76,100,47,81,0,19,0,19,131,125,1020,547,657,309,280,168,320,189,158,124,577,325,184,127,361,472,99,112,85,95,56,72,154,128,204,215,188,182,197,241
1400000US36061009901,"Census Tract 99.01, New York County, New York",Manhattan,1948,462,977,277,15,24,57,38,21,30,4,14,2,3,0,14,14,20,35,43,57,45,146,74,213,229,46,48,110,85,36,29,107,62,21,23,46,49,18,30,0,14,5,13,21,24,0,14,3,3,971,248,0,14,53,66,32,34,0,14,0,14,0,14,0,14,41,39,116,64,135,85,204,221,94,59,22,27,99,76,68,57,24,23,9,16,15,25,22,26,19,34,0,14,18,25,0,14
1400000US36061009902,"Census Tract 99.02, New York County, New York",Manhattan,4019,576,2296,526,108,87,310,364,47,58,0,14,0,14,0,14,9,14,0,14,299,108,559,304,291,138,109,83,99,97,242,136,116,70,24,38,13,23,0,14,33,42,0,14,37,48,0,14,0,14,1723,277,72,83,58,81,124,73,67,45,26,38,0,14,0,14,24,29,227,132,379,152,308,169,93,76,125,110,105,74,43,49,0,14,0,14,0,14,0,14,21,34,51,32,0,14,0,14
1400000US36061009903,"Census Tract 99.03, New York County, New York",Manhattan,1465,196,837,145,0,14,23,26,0,14,18,24,0,14,0,14,0,14,44,39,132,65,140,77,61,54,85,54,168,79,51,76,0,14,0,14,0,14,14,30,70,39,0,14,31,34,0,14,0,14,628,140,23,26,0,14,45,46,0,14,0,14,0,14,10,22,36,31,148,79,148,80,40,37,0,14,19,31,36,37,48,45,44,49,0,14,0,14,18,29,0,14,0,14,13,22,0,14
1400000US36061010000,"Census Tract 100, New York County, New York",Manhattan,1618,352,889,322,49,40,0,14,0,14,0,14,0,14,0,14,0,14,35,28,113,53,156,74,51,39,59,46,21,29,18,24,0,14,0,14,231,309,30,36,53,43,45,52,16,20,12,21,0,14,729,155,10,17,30,29,2,10,2,10,0,14,0,14,1,4,37,36,179,95,95,67,63,42,50,33,18,24,3,10,39,37,0,14,32,32,37,42,29,26,68,57,11,19,12,19,11,17
1400000US36061010100,"Census Tract 101, New York County, New York",Manhattan,1862,258,876,284,0,14,0,14,0,14,0,14,0,14,1,3,13,15,53,47,51,32,331,201,100,62,64,51,65,95,1,15,92,69,20,58,26,29,0,14,23,27,19,18,17,30,0,14,0,14,986,247,0,14,0,14,0,14,0,14,5,8,0,14,31,46,32,28,268,132,153,69,192,86,91,82,57,61,29,44,33,22,29,32,0,14,0,14,0,14,41,55,13,19,0,14,12,19
1400000US36061010200,"Census Tract 102, New York County, New York",Manhattan,267,160,171,135,5,8,10,14,5,7,0,14,0,14,0,14,0,14,0,14,3,4,4,7,6,9,5,7,0,14,1,2,30,47,0,14,10,10,0,14,70,118,12,11,4,7,0,14,6,8,96,61,14,16,4,7,0,14,0,14,0,14,0,14,0,14,0,14,0,14,8,9,0,14,9,14,5,8,6,8,21,41,0,14,4,7,17,26,0,14,4,7,4,6,0,14,0,14
1400000US36061010300,"Census Tract 103, New York County, New York",Manhattan,3410,699,1444,271,59,77,0,14,18,39,0,14,37,34,28,24,97,81,79,83,160,93,154,99,238,120,107,72,134,124,28,41,86,81,61,99,0,14,22,37,49,56,83,72,4,8,0,14,0,14,1966,619,26,37,0,14,0,14,19,30,269,67,102,61,89,91,157,136,361,153,205,158,274,307,149,131,134,103,0,14,20,23,65,100,5,8,51,58,4,7,24,38,0,14,4,11,8,13
1400000US36061010400,"Census Tract 104, New York County, New York",Manhattan,1058,210,554,141,6,11,6,9,0,14,0,14,0,14,0,14,0,14,35,31,144,115,59,36,14,16,16,15,8,10,22,24,27,29,28,32,23,26,28,29,0,14,9,13,23,26,49,48,57,44,504,143,7,10,0,14,8,11,0,14,0,14,0,14,0,14,0,14,63,57,105,74,41,27,12,17,19,16,36,29,72,48,10,15,7,10,0,14,26,22,38,50,14,16,24,19,22,24
1400000US36061010601,"Census Tract 106.01, New York County, New York",Manhattan,7753,1702,3781,778,148,96,102,103,52,53,76,79,0,19,0,19,0,19,50,72,172,109,150,121,616,504,171,112,32,52,247,198,138,108,220,207,212,197,40,61,279,211,274,227,435,210,166,117,201,132,3972,1091,583,409,66,74,138,142,55,62,0,19,0,19,0,19,64,75,152,99,209,133,663,555,200,133,96,81,131,110,237,144,62,71,69,79,71,59,285,208,50,41,372,210,98,95,371,190
1400000US36061010602,"Census Tract 106.02, New York County, New York",Manhattan,5214,573,2636,452,343,167,63,76,99,97,68,65,7,11,0,19,0,19,161,128,102,76,533,282,219,87,41,46,164,137,179,79,140,76,23,37,154,99,30,26,146,66,0,19,52,54,69,95,43,49,2578,339,140,80,109,104,16,27,195,128,34,39,21,32,0,19,68,53,230,132,374,141,275,120,121,90,187,92,134,128,127,66,91,63,67,59,47,48,97,91,102,75,24,35,0,19,119,105
1400000US36061010801,"Census Tract 108.01, New York County, New York",Manhattan,3161,527,1630,370,82,70,12,20,104,108,30,72,11,12,12,13,12,13,37,33,361,285,98,78,111,107,85,61,50,50,251,132,15,24,15,27,0,14,0,14,58,31,123,112,50,46,81,93,32,40,1531,298,34,66,34,39,84,124,0,14,78,69,21,24,11,12,1,3,167,107,113,117,94,86,86,67,233,138,59,63,59,61,0,14,0,14,47,49,16,28,103,72,57,54,170,129,64,83
1400000US36061010802,"Census Tract 108.02, New York County, New York",Manhattan,4136,1356,1516,494,98,85,0,14,0,14,15,27,0,14,0,14,0,14,6,9,162,102,200,110,82,73,147,101,23,45,169,135,77,75,0,14,26,44,47,47,31,49,102,83,291,374,12,22,28,45,2620,1136,20,31,17,27,0,14,55,69,0,14,0,14,0,14,32,43,145,81,156,101,93,79,97,157,64,76,177,128,158,103,26,44,77,68,37,42,18,29,563,546,95,66,115,111,675,749
1400000US36061010803,"Census Tract 108.03, New York County, New York",Manhattan,1922,391,973,274,56,42,27,25,19,20,32,31,26,48,0,14,0,14,18,20,101,79,94,70,120,74,28,28,75,72,35,31,56,55,46,41,0,14,59,86,0,14,74,51,23,36,30,29,54,65,949,189,13,16,25,26,37,36,32,29,0,14,0,14,0,14,39,35,36,32,78,52,83,52,107,59,44,52,48,44,111,69,18,20,59,56,0,14,50,63,77,68,10,17,10,17,72,61
1400000US36061010900,"Census Tract 109, New York County, New York",Manhattan,208,47,103,45,0,14,0,14,0,14,0,14,0,14,0,14,0,14,30,33,20,15,19,13,7,11,0,14,0,14,0,14,10,12,13,26,0,14,4,5,0,14,0,14,0,14,0,14,0,14,105,40,0,14,0,14,0,14,0,14,0,14,12,29,0,14,7,6,11,11,23,32,5,7,0,14,12,25,24,23,0,14,4,7,0,14,3,6,0,14,4,6,0,14,0,14,0,14
1400000US36061011000,"Census Tract 110, New York County, New York",Manhattan,6760,1057,2589,474,328,138,0,19,41,70,0,19,2,7,0,19,0,19,94,69,311,157,701,376,401,200,100,95,76,99,0,19,30,54,188,105,61,73,33,55,0,19,59,72,78,122,80,83,6,11,4171,834,482,435,44,77,0,19,129,158,16,25,0,19,21,35,272,187,278,147,1005,353,336,223,37,59,0,19,621,404,0,19,0,19,91,88,0,19,102,46,84,77,350,141,56,73,247,213
1400000US36061011100,"Census Tract 111, New York County, New York",Manhattan,4711,648,2522,449,24,52,0,14,6,10,13,19,105,163,0,14,0,14,80,76,633,266,426,199,235,147,47,50,134,140,171,115,273,142,45,52,129,108,29,46,111,82,29,48,27,48,5,31,0,14,2189,476,34,41,65,60,0,14,144,59,19,24,72,86,25,27,168,104,390,184,245,123,179,91,185,99,98,92,176,144,90,78,114,151,25,40,42,58,94,181,0,14,6,32,0,14,18,30
1400000US36061011201,"Census Tract 112.01, New York County, New York",Manhattan,862,182,324,96,5,9,0,14,0,14,11,13,0,14,0,14,0,14,5,8,17,21,93,49,35,42,1,3,12,19,23,14,14,16,12,15,13,16,3,10,6,10,21,22,46,37,7,11,0,14,538,137,20,19,31,27,15,13,0,14,0,14,0,14,0,14,12,16,33,22,78,52,42,28,31,23,30,30,45,26,23,22,49,65,0,14,25,20,0,14,28,21,28,22,22,25,26,27
1400000US36061011202,"Census Tract 112.02, New York County, New York",Manhattan,518,122,268,73,0,14,0,14,6,9,5,7,0,14,0,14,0,14,0,14,0,14,25,25,0,14,6,9,6,10,18,18,15,15,7,9,20,17,7,10,25,21,7,10,69,57,6,9,46,27,250,69,0,14,0,14,11,12,4,7,0,14,0,14,0,14,0,14,5,7,6,8,23,30,0,14,14,14,17,16,6,8,0,14,10,11,19,13,30,42,42,36,5,8,52,44,6,8
1400000US36061011203,"Census Tract 112.03, New York County, New York",Manhattan,986,203,462,110,6,9,44,34,19,18,0,14,0,14,0,14,0,14,16,21,65,25,36,26,50,37,16,24,24,30,34,35,38,28,14,17,19,19,7,10,14,12,31,35,17,13,12,12,0,14,524,129,26,39,20,27,0,14,14,17,0,14,0,14,2,3,31,22,48,36,70,46,32,26,34,36,31,27,17,13,26,25,0,14,14,13,8,12,46,37,43,34,29,22,17,15,16,11
1400000US36061011300,"Census Tract 113, New York County, New York",Manhattan,136,35,102,21,0,14,0,14,0,14,0,14,0,14,3,6,0,14,5,12,5,7,38,45,11,14,0,14,14,17,0,14,4,9,0,14,4,11,18,39,0,14,0,14,0,14,0,14,0,14,34,22,0,14,0,14,0,14,0,14,3,5,0,14,0,14,4,5,0,14,0,14,7,11,0,14,12,14,0,14,8,12,0,14,0,14,0,14,0,14,0,14,0,14,0,14,0,14
1400000US36061011401,"Census Tract 114.01, New York County, New York",Manhattan,1026,307,522,210,26,30,19,30,12,20,0,14,9,13,34,50,0,14,0,14,24,28,5,6,10,14,0,14,34,40,0,14,89,120,36,53,40,41,18,21,0,14,35,27,19,21,67,56,45,33,504,139,18,30,0,14,0,14,0,14,0,14,0,14,0,14,0,14,43,24,2,4,7,11,0,14,30,35,42,42,26,23,31,46,15,16,42,30,37,28,16,15,41,38,59,56,95,59
1400000US36061011402,"Census Tract 114.02, New York County, New York",Manhattan,2298,583,1024,295,9,16,67,63,60,43,43,39,21,32,0,14,0,14,22,22,156,166,49,51,61,50,58,41,78,69,82,54,21,25,0,14,18,31,0,14,28,31,61,56,83,65,13,16,94,76,1274,351,14,27,28,30,28,30,32,35,0,14,0,14,0,14,84,53,261,301,31,30,36,36,107,60,130,92,39,34,30,29,9,14,44,41,20,23,60,47,102,61,48,33,23,24,148,91
1400000US36061011500,"Census Tract 115, New York County, New York",Manhattan,3947,692,2340,498,9,16,96,56,50,33,39,61,43,52,16,32,18,27,123,63,570,343,305,161,132,113,280,227,105,85,132,103,284,120,35,44,13,43,41,43,19,22,12,26,18,30,0,14,0,14,1607,426,24,38,77,99,53,53,55,77,29,48,9,16,0,14,131,122,198,160,290,213,80,75,215,144,157,89,79,96,8,20,1,4,18,26,85,55,12,19,0,14,80,42,0,14,6,16
1400000US36061011600,"Census Tract 116, New York County, New York",Manhattan,2721,531,1196,352,2,5,2,5,8,12,53,72,17,30,9,15,11,16,4,15,108,86,162,110,143,144,40,46,160,208,45,54,69,65,8,20,30,41,1,4,19,30,58,69,108,105,117,158,22,36,1525,349,46,43,0,14,0,14,32,52,40,22,0,14,0,14,87,59,287,171,288,142,12,19,19,34,43,56,67,58,105,71,177,276,14,25,17,27,8,14,25,25,135,120,66,54,57,86
1400000US36061011700,"Census Tract 117, New York County, New York",Manhattan,5363,743,3000,670,30,45,55,49,73,63,0,19,19,31,14,22,0,19,66,65,379,173,645,200,344,196,329,174,599,544,101,73,38,43,42,49,122,99,45,73,25,30,0,19,74,66,0,19,0,19,2363,458,63,48,43,63,36,48,113,122,54,70,0,19,0,19,80,66,263,141,506,288,300,146,327,148,82,105,167,114,183,135,24,37,54,71,27,40,0,19,14,25,13,25,14,28,0,19
1400000US36061011800,"Census Tract 118, New York County, New York",Manhattan,9264,1317,3998,682,124,115,158,126,132,110,24,39,81,133,30,51,0,19,28,42,268,172,666,368,150,126,88,105,199,147,342,224,542,299,123,124,176,157,30,49,39,68,82,81,180,124,198,138,338,230,5266,992,294,212,111,114,426,341,167,176,73,116,39,66,0,19,123,129,373,239,726,406,280,141,390,280,115,116,346,183,220,180,193,184,126,138,141,226,87,99,179,135,108,106,481,285,268,302
1400000US36061011900,"Census Tract 119, New York County, New York",Manhattan,1352,168,906,175,22,48,0,14,0,14,0,14,0,14,6,9,0,14,0,14,23,55,0,14,0,14,59,65,97,104,38,63,119,115,0,14,65,61,78,60,79,74,232,91,54,64,28,34,6,9,446,128,11,28,0,14,0,14,0,14,0,14,0,14,12,24,0,14,4,6,42,46,0,14,61,46,38,48,53,63,5,9,19,21,13,21,53,56,42,37,24,21,40,47,12,13,17,16
1400000US36061012000,"Census Tract 120, New York County, New York",Manhattan,3489,653,1422,305,49,37,86,66,79,93,0,14,14,35,0,14,0,14,19,31,46,52,56,49,53,42,172,110,130,88,29,46,144,151,67,76,16,25,33,53,114,156,57,56,75,64,96,72,87,75,2067,423,65,91,158,126,29,47,17,28,0,14,0,14,0,14,0,14,58,52,162,92,116,81,150,133,113,98,40,57,118,134,118,115,50,50,186,164,5,9,137,88,352,227,86,81,107,82
1400000US36061012101,"Census Tract 121.01, New York County, New York",Manhattan,3217,698,1708,409,0,14,44,39,0,14,0,14,0,14,61,96,17,27,259,246,122,163,102,81,123,120,43,64,154,75,50,59,25,40,76,68,83,72,26,48,131,143,82,93,107,109,0,14,203,195,1509,555,19,39,0,14,0,14,0,14,0,14,18,29,47,72,628,555,274,191,174,145,65,69,55,58,77,65,15,27,35,40,8,14,49,58,19,31,26,53,0,14,0,14,0,14,0,14
1400000US36061012102,"Census Tract 121.02, New York County, New York",Manhattan,5029,834,2366,510,0,19,46,65,0,19,0,19,0,19,0,19,0,19,94,73,225,147,280,183,115,117,96,85,37,52,256,235,183,100,41,63,98,87,159,189,112,94,280,133,190,107,105,79,49,67,2663,571,0,19,45,66,7,26,20,35,25,47,0,19,62,73,93,61,304,223,169,148,0,19,70,79,111,83,168,161,155,89,44,50,115,82,93,75,143,98,446,182,69,63,91,111,433,459
1400000US36061012200,"Census Tract 122, New York County, New York",Manhattan,3103,797,1536,583,12,19,53,83,272,259,59,72,0,14,55,87,8,13,0,14,114,88,63,56,30,39,15,26,61,69,29,27,124,86,71,94,102,98,43,39,38,37,58,42,170,82,109,62,50,36,1567,350,35,32,35,49,25,31,85,99,27,49,35,58,0,14,31,54,137,136,55,40,25,27,11,18,79,68,253,147,128,60,48,45,99,61,23,30,11,20,81,72,145,68,78,58,121,86
1400000US36061012400,"Census Tract 124, New York County, New York",Manhattan,8984,1241,4153,794,276,152,141,201,102,127,0,19,24,41,12,28,12,28,167,109,618,409,538,250,227,151,180,153,228,196,60,72,142,122,290,143,158,183,357,282,254,217,41,61,223,152,54,67,49,21,4831,753,137,123,132,177,78,119,82,101,72,100,82,92,3,6,235,180,780,232,634,250,251,151,104,123,54,62,259,161,184,136,207,156,222,232,0,19,316,227,281,157,136,97,452,404,130,81
1400000US36061012500,"Census Tract 125, New York County, New York",Manhattan,2704,387,1417,215,0,14,10,16,0,14,0,14,0,14,4,6,0,14,45,48,147,80,151,107,245,98,258,123,120,101,140,152,55,41,45,64,66,76,9,16,12,17,48,40,46,50,4,8,12,19,1287,316,182,145,0,14,0,14,20,29,0,14,0,14,0,14,93,55,164,81,135,103,171,134,167,125,57,84,77,78,31,41,0,14,0,14,17,23,21,23,79,77,0,14,0,14,73,77
1400000US36061012601,"Census Tract 126.01, New York County, New York",Manhattan,7014,1565,3142,955,56,66,66,77,356,295,240,299,0,19,0,19,0,19,41,67,106,127,514,271,91,84,139,144,241,280,443,495,218,199,0,19,167,151,45,82,0,19,0,19,170,138,112,123,137,121,3872,792,19,35,91,106,318,180,0,19,0,19,0,19,0,19,204,159,502,501,627,274,204,163,160,139,189,153,480,457,135,112,61,89,54,89,53,64,35,58,265,162,138,107,187,160,150,113
1400000US36061012602,"Census Tract 126.02, New York County, New York",Manhattan,4980,986,2086,501,62,59,70,75,46,61,17,29,57,94,0,14,0,14,45,54,179,106,448,277,137,101,154,106,116,91,273,216,0,14,0,14,65,61,31,38,67,71,178,189,54,51,87,102,0,14,2894,632,128,184,125,102,132,95,104,93,53,76,0,14,0,14,34,47,220,144,372,222,302,221,198,129,176,108,258,204,66,62,31,48,29,35,96,81,77,62,235,222,56,55,72,97,130,157
1400000US36061012700,"Census Tract 127, New York County, New York",Manhattan,6307,844,4054,661,85,142,0,19,43,81,0,19,32,61,0,19,0,19,397,454,567,304,544,272,449,322,363,231,71,86,310,198,467,330,0,19,142,120,314,268,39,66,85,94,146,119,0,19,0,19,2253,508,91,150,0,19,0,19,0,19,0,19,97,114,29,42,158,127,495,231,310,263,121,121,180,169,151,138,166,138,98,123,95,99,0,19,44,73,36,59,182,130,0,19,0,19,0,19
1400000US36061012800,"Census Tract 128, New York County, New York",Manhattan,5163,791,2332,459,40,46,41,68,166,121,71,65,22,47,0,19,0,19,41,51,223,223,43,46,82,61,31,35,178,150,162,116,117,90,167,116,41,37,176,98,70,55,113,90,222,190,225,116,101,67,2831,406,20,33,93,80,153,122,110,113,20,29,0,19,24,38,26,32,239,132,17,27,63,53,55,53,252,150,91,62,195,113,84,63,88,68,48,45,77,78,184,85,244,115,556,222,192,89
1400000US36061012901,"Census Tract 129.01, New York County, New York",Manhattan,6806,979,3749,597,68,85,124,154,0,19,0,19,0,19,42,68,26,43,18,29,555,222,853,338,427,305,289,222,279,185,332,155,213,135,261,345,120,102,0,19,72,93,24,46,38,63,8,15,0,19,3057,693,60,98,20,28,426,354,36,70,42,68,0,19,0,19,96,114,493,257,385,177,229,204,221,157,389,247,204,186,303,239,46,77,38,54,0,19,0,19,0,19,0,19,69,78,0,19
1400000US36061012902,"Census Tract 129.02, New York County, New York",Manhattan,2594,471,1254,318,80,71,0,14,22,39,67,52,23,38,0,14,0,14,84,73,161,125,134,86,154,89,36,40,128,106,111,74,57,51,40,37,20,27,80,61,0,14,11,19,34,50,7,18,5,13,1340,419,73,68,93,82,26,71,51,84,0,14,0,14,0,14,34,27,198,119,160,100,130,105,197,134,112,114,52,49,104,75,16,19,13,24,34,35,12,28,9,14,0,14,6,17,20,33
1400000US36061013000,"Census Tract 130, New York County, New York",Manhattan,3336,684,1574,314,151,108,113,63,68,56,73,69,0,14,10,15,0,14,20,32,79,69,22,31,55,51,113,51,127,126,85,90,84,100,29,45,43,44,26,41,10,17,101,66,117,82,36,41,212,182,1762,462,46,62,77,81,0,14,31,53,0,14,23,37,15,24,0,14,56,56,48,48,190,93,92,79,48,56,250,153,46,48,68,66,51,56,23,36,32,45,71,58,207,126,267,154,121,74
1400000US36061013100,"Census Tract 131, New York County, New York",Manhattan,3485,384,1684,359,39,46,18,32,0,14,0,14,21,35,0,14,7,11,45,44,194,184,216,91,297,164,239,170,96,62,77,63,16,26,52,61,77,79,0,14,32,63,33,37,186,160,39,55,0,14,1801,306,69,56,78,72,0,14,0,14,7,8,0,14,0,14,87,57,183,94,182,88,214,111,148,116,112,67,141,92,11,17,174,159,0,14,21,34,0,14,36,54,94,98,41,59,203,138
1400000US36061013201,"Census Tract 132.01, New York County, New York",Manhattan,2364,514,1029,249,18,21,47,56,42,28,0,14,27,54,0,14,0,14,26,19,188,158,77,58,89,70,73,67,59,43,33,52,86,59,0,14,38,39,33,39,16,22,31,36,24,29,71,77,51,83,1335,422,24,42,52,35,27,32,30,22,35,60,9,15,0,14,62,48,458,348,166,101,59,57,34,33,1,4,92,53,21,28,21,28,45,41,11,17,31,34,72,75,43,56,14,24,28,44
1400000US36061013202,"Census Tract 132.02, New York County, New York",Manhattan,3616,725,1862,399,125,98,18,32,85,62,0,14,0,14,41,64,0,14,72,121,242,143,180,165,173,92,15,27,66,55,145,79,124,147,5,14,57,65,81,88,50,76,17,28,178,243,114,95,74,91,1754,429,105,130,57,46,43,53,28,45,50,62,0,14,0,14,45,43,379,201,208,122,112,77,38,44,91,68,124,86,88,103,57,61,56,90,13,24,0,14,13,21,41,43,190,260,16,29
1400000US36061013203,"Census Tract 132.03, New York County, New York",Manhattan,4276,1102,1962,609,76,125,152,138,18,34,173,223,0,14,0,14,0,14,66,57,415,351,102,96,218,177,67,59,134,120,83,73,84,79,242,302,0,14,0,14,0,14,111,87,0,14,0,14,21,35,2314,569,0,14,70,60,118,108,47,50,287,373,0,14,25,38,145,183,101,100,155,144,233,166,252,168,37,50,440,287,86,101,0,14,46,56,28,45,25,49,146,133,29,45,44,51,0,14
1400000US36061013300,"Census Tract 133, New York County, New York",Manhattan,6146,776,3065,602,89,105,31,51,0,19,0,19,0,19,0,19,0,19,231,353,378,270,381,185,401,194,367,225,276,205,174,140,74,93,69,109,161,158,28,44,342,209,63,77,0,19,0,19,0,19,3081,623,184,115,117,103,0,19,0,19,0,19,70,77,0,19,131,90,411,189,592,408,268,195,146,98,175,178,144,121,174,103,69,78,0,19,141,140,100,114,94,86,96,91,25,43,144,185
1400000US36061013400,"Census Tract 134, New York County, New York",Manhattan,10475,1409,3875,852,342,296,170,284,493,408,167,166,0,21,11,19,0,21,282,261,380,218,206,165,580,362,135,160,202,176,86,99,282,324,141,146,44,88,42,83,44,82,164,148,0,21,0,21,104,125,6600,1218,398,338,0,21,52,86,70,113,19,40,0,21,552,768,507,351,587,303,534,358,1001,414,348,327,99,128,300,337,447,345,2,4,150,134,249,295,216,223,356,337,209,173,180,177,324,345
1400000US36061013501,"Census Tract 135.01, New York County, New York",Manhattan,4872,711,2847,638,264,220,183,178,0,14,0,14,0,14,0,14,0,14,189,203,616,314,320,179,240,137,227,125,82,108,145,107,205,94,20,31,17,28,53,80,68,103,175,164,43,48,0,14,0,14,2025,342,49,75,0,14,20,35,17,31,0,14,0,14,0,14,27,33,192,114,366,168,224,144,254,231,0,14,63,63,346,193,39,66,91,108,5,11,89,106,116,111,90,112,37,46,0,14
1400000US36061013502,"Census Tract 135.02, New York County, New York",Manhattan,5873,925,2556,419,60,62,20,37,22,37,0,19,0,19,0,19,32,52,37,47,593,296,363,196,117,115,462,336,105,111,100,134,162,89,126,142,70,70,19,31,7,25,126,113,106,155,18,27,11,19,3317,680,69,106,173,136,0,19,138,158,42,59,0,19,6,16,99,79,498,223,472,193,434,330,114,83,158,212,193,149,91,110,30,49,27,45,194,250,244,394,96,76,201,116,27,37,11,18
1400000US36061013601,"Census Tract 136.01, New York County, New York",Manhattan,1979,430,911,217,8,11,24,20,39,45,19,21,0,14,0,14,9,14,0,14,18,20,0,14,12,15,24,22,62,53,20,26,16,18,94,53,114,65,17,19,63,66,94,93,67,46,44,41,167,182,1068,239,20,18,51,37,50,38,55,52,0,14,0,14,0,14,31,34,22,29,0,14,13,16,57,37,92,61,13,17,70,52,69,53,48,39,47,43,32,24,142,95,52,30,21,22,183,201
1400000US36061013602,"Census Tract 136.02, New York County, New York",Manhattan,6373,2281,2741,1223,52,58,421,536,102,108,186,138,0,19,0,19,0,19,25,51,248,189,92,73,102,63,511,576,55,58,210,186,146,130,68,113,158,146,0,19,43,59,30,36,140,105,53,64,99,129,3632,1136,441,401,217,142,113,131,86,94,0,19,17,27,7,10,79,72,372,330,128,107,497,619,341,177,55,62,169,134,160,107,116,122,132,76,151,111,43,49,299,216,13,21,64,74,132,128
1400000US36061013603,"Census Tract 136.03, New York County, New York",Manhattan,4459,732,1764,302,75,69,87,63,186,143,40,48,5,11,0,14,20,34,0,14,145,128,404,276,111,71,37,50,45,60,125,75,11,18,0,14,29,42,20,34,30,44,105,113,147,104,29,32,113,123,2695,670,147,109,0,14,44,47,0,14,0,14,0,14,0,14,28,47,447,417,336,255,299,274,115,105,196,151,107,77,107,72,0,14,9,16,0,14,64,71,245,154,94,57,100,91,357,412
1400000US36061013604,"Census Tract 136.04, New York County, New York",Manhattan,4030,781,1844,472,0,14,33,56,34,60,0,14,0,14,0,14,0,14,53,60,59,57,238,226,316,264,207,209,135,138,101,84,45,52,17,28,208,160,0,14,44,50,252,226,37,42,16,29,49,55,2186,560,223,222,0,14,0,14,0,14,0,14,0,14,1,2,69,52,343,178,411,220,96,82,159,133,147,137,21,36,43,48,14,26,151,193,0,14,0,14,215,130,171,102,50,59,72,91
1400000US36061013700,"Census Tract 137, New York County, New York",Manhattan,6600,1196,3992,1030,8,25,0,19,0,19,98,140,13,24,0,19,0,19,136,107,868,719,563,282,133,117,138,133,365,262,365,408,179,175,104,87,119,95,109,169,122,111,370,216,112,99,88,96,102,156,2608,595,9,17,0,19,43,69,20,33,16,28,0,19,14,32,59,46,504,422,263,169,163,113,35,49,98,84,142,126,163,121,309,215,91,109,106,102,64,74,356,204,75,123,78,91,0,19
1400000US36061013800,"Census Tract 138, New York County, New York",Manhattan,11607,1840,5306,1451,0,21,108,134,25,40,111,121,215,223,0,21,0,21,88,110,677,309,513,216,401,303,275,210,452,211,594,574,552,583,93,117,38,72,309,313,64,91,235,218,303,247,225,207,28,21,6301,899,221,195,269,219,419,210,0,21,0,21,0,21,28,45,84,81,737,286,753,336,669,539,366,230,428,276,141,138,350,222,251,269,246,185,19,32,163,143,499,242,160,178,282,218,216,127
1400000US36061013900,"Census Tract 139, New York County, New York",Manhattan,9952,1633,5831,1340,310,31,0,19,0,19,15,32,28,46,0,19,0,19,126,126,526,295,1075,508,530,267,217,146,419,384,467,283,495,383,52,85,288,218,35,58,324,249,568,680,44,75,312,489,0,19,4121,732,284,25,0,19,0,19,0,19,6,16,0,19,5,21,287,219,609,343,616,284,745,361,164,160,64,95,159,186,274,224,58,91,141,125,54,88,0,19,465,302,50,83,140,194,0,19
1400000US36061014000,"Census Tract 140, New York County, New York",Manhattan,8051,1055,3753,740,111,76,125,84,280,168,65,71,0,19,0,19,19,32,245,260,67,83,539,416,226,102,115,90,313,127,21,32,401,289,16,32,484,339,106,80,38,46,238,262,198,106,22,21,124,70,4298,596,324,173,211,134,313,171,52,50,8,13,0,19,84,89,81,64,272,193,264,134,187,78,385,193,145,89,374,248,161,106,274,158,128,83,69,55,16,27,383,139,262,99,163,78,142,93
1400000US36061014200,"Census Tract 142, New York County, New York",Manhattan,3979,855,1764,483,131,125,144,128,48,59,34,40,0,14,0,14,0,14,12,27,65,44,109,83,55,54,250,228,21,33,105,96,74,67,56,62,17,51,41,48,56,48,318,242,40,48,85,78,103,92,2215,540,88,64,106,89,85,139,29,48,0,14,0,14,0,14,32,55,89,56,244,195,102,81,140,74,159,98,48,61,111,96,68,67,62,73,40,39,81,66,265,209,236,155,144,120,86,72
1400000US36061014300,"Census Tract 143, New York County, New York",Manhattan,0,14,0,14,0,14,0,14,0,14,0,14,0,14,0,14,0,14,0,14,0,14,0,14,0,14,0,14,0,14,0,14,0,14,0,14,0,14,0,14,0,14,0,14,0,14,0,14,0,14,0,14,0,14,0,14,0,14,0,14,0,14,0,14,0,14,0,14,0,14,0,14,0,14,0,14,0,14,0,14,0,14,0,14,0,14,0,14,0,14,0,14,0,14,0,14,0,14
1400000US36061014401,"Census Tract 144.01, New York County, New York",Manhattan,5006,778,2313,465,74,91,99,66,112,85,19,30,57,86,0,19,0,19,82,69,87,54,379,356,133,91,70,59,211,119,155,108,109,81,56,51,49,55,34,40,145,91,199,143,101,74,58,57,84,103,2693,421,13,20,56,73,139,105,49,63,61,67,0,19,15,23,52,74,199,76,465,302,125,105,136,80,127,85,78,71,248,136,43,47,139,132,115,80,82,79,244,111,77,65,133,102,97,98
1400000US36061014402,"Census Tract 144.02, New York County, New York",Manhattan,6799,1031,3099,641,37,50,0,19,91,101,74,73,53,95,0,19,27,42,92,81,241,158,125,91,317,180,270,137,125,156,99,97,389,193,277,244,89,86,81,88,276,230,255,240,59,66,88,67,34,52,3700,608,95,76,194,186,99,107,54,69,69,109,0,19,0,19,69,62,344,169,331,172,491,269,79,79,76,80,377,225,447,323,97,97,148,110,65,65,76,67,255,157,201,126,34,45,99,80
1400000US36061014500,"Census Tract 145, New York County, New York",Manhattan,7329,1012,3397,678,68,64,84,69,111,94,83,80,207,164,36,74,26,27,62,48,116,67,407,218,396,160,225,120,336,192,107,76,191,132,67,107,213,133,17,28,127,199,79,65,143,107,135,114,161,162,3932,623,366,282,59,57,25,38,15,32,662,156,222,99,47,56,73,36,213,118,224,130,555,298,110,86,195,117,252,153,174,136,22,24,134,86,68,61,34,42,19,31,280,180,91,77,92,120
1400000US36061014601,"Census Tract 146.01, New York County, New York",Manhattan,3940,596,1452,303,43,58,24,46,31,39,5,14,0,14,0,14,32,46,44,33,81,56,381,204,115,79,99,45,154,126,81,62,66,65,0,14,15,31,72,105,24,37,154,139,12,19,19,30,0,14,2488,476,61,60,148,99,24,48,19,28,84,81,0,14,65,89,70,62,394,196,233,118,205,133,171,58,180,147,88,110,92,60,13,27,66,65,50,50,39,45,105,103,110,122,18,29,253,339
1400000US36061014602,"Census Tract 146.02, New York County, New York",Manhattan,8144,1094,3839,760,89,109,52,93,95,53,41,50,0,19,30,50,0,19,53,61,619,249,617,345,471,270,158,102,116,103,145,114,33,55,194,162,30,51,27,46,32,55,349,253,552,419,88,147,48,77,4305,626,157,116,0,19,73,79,62,71,31,51,0,19,0,19,57,65,794,338,522,231,283,145,243,198,254,190,242,192,251,107,23,40,35,58,84,90,69,78,587,407,231,143,269,182,38,63
1400000US36061014700,"Census Tract 147, New York County, New York",Manhattan,2840,711,1388,448,242,235,116,81,35,47,0,14,0,14,0,14,0,14,6,10,87,43,116,54,431,230,64,61,58,41,98,65,81,50,0,14,14,22,0,14,22,25,9,13,0,14,0,14,9,15,1452,317,96,58,103,83,44,43,0,14,0,14,0,14,0,14,14,17,163,65,230,99,138,85,292,222,84,68,111,60,21,23,11,17,64,60,0,14,7,12,0,14,6,9,60,75,8,13
1400000US36061014801,"Census Tract 148.01, New York County, New York",Manhattan,3127,423,1502,277,65,41,27,35,99,56,24,20,69,58,8,12,8,12,95,69,110,81,64,42,73,56,136,69,80,44,179,167,63,63,36,35,51,38,47,48,30,32,96,58,74,49,32,37,36,34,1625,220,61,65,47,45,69,52,58,55,37,52,27,34,0,14,45,58,109,51,164,65,98,65,62,45,122,69,73,57,79,63,19,22,18,27,21,25,97,75,121,76,45,40,137,85,116,97
1400000US36061014802,"Census Tract 148.02, New York County, New York",Manhattan,7150,1096,3118,679,370,335,66,55,166,117,98,82,20,37,12,19,0,19,38,35,77,58,309,129,327,187,132,115,170,114,430,238,380,219,58,56,3,5,13,20,33,38,197,140,40,45,110,89,69,54,4032,645,89,67,156,93,337,155,87,71,50,52,0,19,3,11,316,259,247,111,358,152,616,401,49,44,276,113,347,180,105,70,145,149,23,26,116,86,44,46,95,65,166,110,223,110,184,173
1400000US36061014900,"Census Tract 149, New York County, New York",Manhattan,6074,798,2659,443,87,71,192,133,27,44,50,48,136,78,30,25,25,21,86,102,124,72,191,133,172,107,193,108,160,98,72,78,293,173,79,64,212,123,79,68,18,29,97,111,75,58,126,92,135,112,3415,580,186,107,15,26,59,69,58,72,103,79,42,27,33,37,47,35,160,96,186,131,134,75,253,121,146,111,153,112,594,348,1,3,112,69,123,130,55,51,291,241,340,153,142,107,182,91
1400000US36061015001,"Census Tract 150.01, New York County, New York",Manhattan,2141,308,939,199,82,70,49,35,39,40,28,32,0,14,0,14,0,14,11,17,70,87,50,51,89,56,48,38,61,38,138,83,48,38,0,14,13,21,46,72,43,34,30,26,34,30,49,42,11,19,1202,181,70,66,27,28,130,68,62,57,0,14,0,14,0,14,0,14,34,33,52,52,98,55,22,25,95,59,75,55,109,76,0,14,77,57,46,47,67,48,84,37,65,55,68,62,21,24
1400000US36061015002,"Census Tract 150.02, New York County, New York",Manhattan,4904,552,2057,364,90,53,124,91,155,110,153,126,0,14,0,14,16,25,14,22,38,44,43,49,77,53,75,48,204,91,112,74,146,106,35,38,71,56,67,50,60,52,166,90,206,110,51,45,154,92,2847,308,63,58,131,91,215,104,44,34,29,45,6,10,0,14,12,19,62,49,83,81,57,44,238,145,133,91,219,118,247,118,60,54,99,55,114,82,114,60,152,83,215,122,156,94,398,144
1400000US36061015101,"Census Tract 151.01, New York County, New York",Manhattan,3476,432,1362,299,156,131,119,104,111,83,93,98,0,14,34,44,0,14,65,51,80,99,70,78,65,94,0,14,117,129,64,71,70,64,28,33,18,30,8,17,87,80,118,109,26,33,33,40,0,14,2114,290,194,150,50,75,50,75,116,89,17,27,0,14,26,29,175,122,256,193,211,107,0,14,103,104,140,111,68,65,52,48,119,128,68,109,0,14,57,61,206,130,50,52,50,80,106,105
1400000US36061015102,"Census Tract 151.02, New York County, New York",Manhattan,9611,1640,5032,1132,610,565,299,242,486,387,97,103,93,145,0,19,64,99,145,124,425,243,407,218,316,200,703,351,413,213,497,263,279,204,9,15,0,19,0,19,95,148,94,107,0,19,0,19,0,19,4579,760,336,232,150,143,257,195,51,62,37,52,48,74,0,19,0,19,425,213,708,322,821,464,672,299,153,129,236,139,231,172,0,19,131,125,23,37,68,67,95,102,16,28,47,78,74,70
1400000US36061015200,"Census Tract 152, New York County, New York",Manhattan,7667,846,3334,509,294,134,163,116,135,110,183,136,145,145,25,37,17,29,0,19,365,199,278,115,154,116,279,126,125,92,171,140,104,83,19,35,143,106,194,161,217,209,140,88,125,96,40,51,18,28,4333,564,120,115,390,192,15,30,62,82,25,47,0,19,0,19,70,56,347,150,516,166,476,257,273,205,192,130,54,59,292,139,117,99,146,123,163,115,398,279,155,78,239,134,46,48,237,127
1400000US36061015301,"Census Tract 153.01, New York County, New York",Manhattan,4799,903,2331,588,267,271,79,80,55,73,0,14,0,14,0,14,0,14,30,37,254,248,144,107,112,108,169,152,306,176,146,111,175,139,146,144,59,72,45,52,116,103,110,89,74,50,15,26,29,32,2468,594,25,28,289,221,84,109,0,14,0,14,0,14,47,77,68,84,111,83,178,83,109,120,336,197,89,83,91,95,47,47,13,23,85,91,25,39,149,108,89,69,282,306,187,211,164,120
1400000US36061015302,"Census Tract 153.02, New York County, New York",Manhattan,5448,672,2857,515,253,180,53,87,90,68,140,111,46,56,0,19,21,36,137,184,45,42,210,150,308,156,283,166,317,176,278,141,132,104,54,62,113,111,46,57,35,41,92,116,62,47,49,46,93,116,2591,364,84,103,29,50,71,63,124,122,28,49,0,19,0,19,63,92,232,152,322,152,279,138,52,55,525,273,197,107,76,73,39,60,0,19,174,140,18,29,146,81,88,100,28,38,16,26
1400000US36061015401,"Census Tract 154.01, New York County, New York",Manhattan,4594,896,1885,548,75,74,20,28,20,28,0,14,0,14,0,14,20,38,159,213,208,117,333,176,118,83,155,171,36,40,0,14,338,400,21,40,73,101,43,45,65,53,38,45,35,46,63,94,65,107,2709,653,99,65,57,56,57,58,0,14,0,14,0,14,0,14,82,91,289,126,368,171,208,139,121,129,118,86,117,133,416,447,114,105,66,65,31,44,47,45,317,431,189,162,13,22,0,14
1400000US36061015402,"Census Tract 154.02, New York County, New York",Manhattan,3724,1120,1251,384,31,42,0,14,20,35,0,14,42,72,0,14,0,14,0,14,97,102,223,140,130,84,30,40,178,122,106,92,41,68,0,14,34,41,0,14,48,75,52,55,0,14,0,14,219,129,2473,1047,59,70,72,59,122,121,0,14,33,59,0,14,0,14,243,254,541,467,133,89,286,190,312,208,27,44,51,73,18,39,142,204,64,64,0,14,24,43,76,61,0,14,221,167,49,83
1400000US36061015403,"Census Tract 154.03, New York County, New York",Manhattan,5055,885,2375,541,110,103,81,60,41,52,40,52,111,81,119,76,0,19,14,16,41,65,268,171,80,79,212,93,294,381,307,230,10,29,59,96,192,79,11,24,169,131,42,48,115,101,5,8,54,46,2680,550,177,151,87,80,122,92,0,19,0,19,0,19,0,19,105,145,145,121,285,143,301,159,126,109,128,134,285,223,120,84,132,154,133,92,54,69,37,45,246,165,100,83,94,72,3,6
1400000US36061015501,"Census Tract 155.01, New York County, New York",Manhattan,4969,1209,1821,662,17,30,79,101,10,29,25,30,11,17,0,14,0,14,11,20,34,39,50,56,120,73,106,90,212,206,142,122,104,121,37,46,54,58,39,45,317,452,91,76,255,146,49,48,58,51,3148,646,79,82,98,95,125,81,94,89,35,40,0,14,0,14,123,123,242,184,79,68,235,161,184,130,192,137,256,208,173,182,80,97,174,153,16,27,258,402,205,106,320,166,119,73,61,85
1400000US36061015502,"Census Tract 155.02, New York County, New York",Manhattan,5500,945,2807,691,183,123,84,95,48,63,58,46,24,41,0,19,0,19,0,19,169,112,160,119,375,203,119,118,228,210,152,116,531,570,135,119,54,52,148,130,19,29,111,95,52,48,33,38,124,114,2693,635,152,141,95,83,76,65,16,26,170,229,0,19,0,19,4,10,103,77,121,105,232,141,77,92,92,87,190,118,263,135,80,113,11,17,330,299,75,63,140,100,236,141,62,48,168,115
1400000US36061015601,"Census Tract 156.01, New York County, New York",Manhattan,5172,579,2513,392,52,68,53,47,55,60,0,19,17,27,0,19,10,18,67,58,375,160,301,140,390,142,153,83,39,44,238,154,244,134,120,98,20,30,72,63,72,67,129,177,7,16,21,31,78,59,2659,425,224,124,18,31,49,31,65,73,66,105,0,19,0,19,225,103,400,159,532,191,222,108,97,82,136,84,70,66,158,119,85,83,80,61,70,51,32,50,0,19,17,19,33,39,80,77
1400000US36061015602,"Census Tract 156.02, New York County, New York",Manhattan,2244,396,1041,287,59,51,98,131,11,19,29,46,7,13,0,14,0,14,5,11,35,34,99,60,222,148,192,123,123,112,121,121,8,12,0,14,13,21,18,28,1,3,0,14,0,14,0,14,0,14,1203,181,193,75,88,106,23,26,0,14,0,14,0,14,0,14,8,18,38,29,78,43,146,116,55,71,191,134,131,105,56,67,0,14,24,36,40,63,34,53,27,32,46,62,16,19,9,14
1400000US36061015700,"Census Tract 157, New York County, New York",Manhattan,10669,1158,4940,911,0,21,0,21,447,428,50,69,137,140,39,86,14,32,36,49,408,335,300,213,487,406,596,416,160,143,190,171,654,411,106,158,149,161,49,84,333,343,421,303,190,176,40,68,134,217,5729,880,57,95,40,63,329,200,114,124,171,128,73,44,43,43,157,177,375,375,886,469,436,222,503,331,226,190,209,145,771,713,0,21,299,221,0,21,138,222,248,199,202,208,372,154,80,131
1400000US36061015801,"Census Tract 158.01, New York County, New York",Manhattan,5188,688,2480,500,19,31,206,190,170,129,42,41,109,69,20,27,33,39,138,103,207,124,119,86,209,209,253,134,211,105,77,57,136,104,47,51,109,89,76,68,23,39,114,73,121,90,0,19,41,52,2708,391,59,88,44,46,200,121,0,19,23,21,25,29,35,49,35,36,365,173,174,95,143,88,222,160,164,71,214,122,145,93,50,48,87,86,64,61,39,54,333,209,217,163,70,88,0,19
1400000US36061015802,"Census Tract 158.02, New York County, New York",Manhattan,4260,460,2034,415,36,42,51,44,13,27,25,20,59,22,71,15,62,68,112,39,316,146,269,112,226,111,192,101,78,62,78,59,24,28,84,83,18,28,13,20,0,14,275,402,13,24,19,23,0,14,2226,262,171,112,38,56,39,39,13,19,189,76,64,66,95,42,65,35,400,122,289,139,215,92,74,43,63,50,101,65,156,162,0,14,10,17,8,15,0,14,55,43,90,108,63,63,28,37
1400000US36061015900,"Census Tract 159, New York County, New York",Manhattan,9194,1493,4414,727,36,49,131,88,197,170,49,61,0,19,0,19,0,19,157,124,161,114,267,161,776,462,123,113,529,222,270,155,98,97,280,211,218,172,121,152,253,136,190,149,140,91,357,246,61,82,4780,964,327,333,214,174,225,159,65,76,9,16,0,19,1,3,37,48,287,178,377,160,555,472,227,131,230,132,432,278,526,318,200,135,68,76,49,46,94,68,330,155,252,163,182,113,93,76
1400000US36061016001,"Census Tract 160.01, New York County, New York",Manhattan,3118,460,1431,228,53,61,6,13,42,32,69,45,40,52,0,14,0,14,2,13,16,18,64,45,64,52,22,17,106,48,142,64,175,163,41,42,36,32,69,50,56,43,82,43,127,69,80,55,139,88,1687,301,53,51,74,54,33,28,47,37,10,15,0,14,0,14,0,14,119,178,35,31,99,53,119,71,106,80,59,40,206,145,23,26,92,54,70,61,99,51,117,60,131,63,110,63,85,61
1400000US36061016002,"Census Tract 160.02, New York County, New York",Manhattan,3183,817,1191,173,48,36,15,19,37,45,0,14,11,20,0,14,4,9,152,95,215,100,177,100,78,44,24,25,54,48,58,41,81,47,30,28,20,24,69,61,28,29,23,26,11,17,36,42,20,17,1992,807,37,36,0,14,56,46,37,31,42,78,10,19,22,39,260,155,275,136,170,80,65,41,67,67,43,34,49,39,64,33,9,14,50,34,12,18,444,597,146,168,53,33,18,20,63,60
1400000US36061016100,"Census Tract 161, New York County, New York",Manhattan,5756,821,2496,372,120,57,90,51,105,68,27,31,0,19,0,19,0,19,16,25,350,206,136,68,358,121,83,65,206,139,177,102,133,88,166,153,68,58,65,53,140,121,110,72,129,72,17,22,0,19,3260,706,76,63,73,60,106,93,43,51,0,19,0,19,0,19,103,102,436,148,622,553,297,170,377,242,97,63,115,73,274,170,26,30,56,47,109,72,118,120,136,91,75,49,52,49,69,51
1400000US36061016200,"Census Tract 162, New York County, New York",Manhattan,9320,1665,4397,1007,514,245,300,262,528,431,26,44,252,215,59,75,0,19,91,96,140,184,311,215,127,193,322,279,347,332,168,176,274,221,97,100,350,194,127,162,104,114,105,109,113,109,42,68,0,19,4923,1318,67,77,62,125,14,22,274,180,0,19,94,140,165,222,54,62,161,161,578,375,375,259,240,234,317,183,292,232,159,117,89,85,212,159,857,876,390,237,174,162,104,90,171,213,74,108
1400000US36061016300,"Census Tract 163, New York County, New York",Manhattan,7253,1572,3622,1180,93,84,235,125,703,830,98,60,165,147,12,24,0,19,21,22,73,70,207,146,194,128,206,144,179,100,199,106,296,267,145,121,178,104,67,62,157,94,210,114,52,46,75,70,57,49,3631,552,97,67,125,78,249,112,112,69,0,19,0,19,0,19,43,43,156,97,287,103,235,135,210,136,247,125,559,372,123,70,85,70,130,79,50,55,370,250,127,86,76,80,100,67,250,190
1400000US36061016400,"Census Tract 164, New York County, New York",Manhattan,8310,1129,3788,594,121,96,227,157,518,165,32,41,116,112,107,80,21,34,127,104,369,200,198,96,269,162,236,194,317,166,55,48,462,371,76,84,117,99,106,91,37,41,19,29,171,144,0,19,87,107,4522,825,221,173,273,203,258,185,166,119,169,166,21,30,33,46,128,89,157,84,428,219,690,353,131,106,211,158,414,348,274,143,64,70,148,123,37,44,250,149,108,115,166,148,37,43,138,140
1400000US36061016500,"Census Tract 165, New York County, New York",Manhattan,7098,924,3220,508,282,184,118,84,121,146,67,67,0,19,0,19,0,19,11,19,118,69,278,176,344,180,161,109,313,178,124,84,262,186,26,41,57,44,130,117,239,153,210,124,228,142,45,73,86,63,3878,621,167,135,212,117,111,86,85,82,25,40,0,19,0,19,45,44,492,238,395,168,295,155,162,93,358,156,132,134,241,110,16,26,122,99,60,70,112,75,204,89,194,131,124,88,326,383
1400000US36061016600,"Census Tract 166, New York County, New York",Manhattan,6888,879,3387,612,128,116,74,78,288,193,35,37,122,130,0,19,0,19,160,122,304,152,723,413,89,80,178,140,260,147,166,159,178,137,242,255,178,141,49,56,82,99,70,56,39,56,22,38,0,19,3501,474,127,117,363,227,214,158,177,140,66,45,73,91,21,34,164,117,199,112,306,114,239,134,261,160,279,145,151,130,265,200,0,19,170,101,73,88,130,90,97,68,72,69,19,31,35,56
1400000US36061016700,"Census Tract 167, New York County, New York",Manhattan,7884,937,3962,602,360,143,192,110,259,154,214,150,162,240,0,19,13,22,13,27,190,116,218,109,297,153,228,139,83,67,509,205,161,132,153,100,101,84,78,73,156,71,226,154,146,94,61,55,142,109,3922,488,153,93,230,160,169,109,164,122,0,19,72,72,0,19,33,40,259,207,265,123,229,133,306,177,280,161,330,164,217,136,34,42,181,106,68,67,181,108,232,125,262,136,200,117,57,47
1400000US36061016800,"Census Tract 168, New York County, New York",Manhattan,5041,645,2061,345,46,58,140,105,204,160,11,18,56,65,27,38,42,52,47,47,74,83,164,107,366,211,84,95,50,58,122,76,108,74,44,37,112,99,35,37,62,36,116,121,104,64,13,19,34,29,2980,454,418,266,202,117,107,74,102,77,12,22,11,17,0,19,26,34,143,85,182,112,182,100,30,32,217,116,180,107,96,67,202,107,90,54,106,95,48,44,170,120,82,60,131,89,243,78
1400000US36061016900,"Census Tract 169, New York County, New York",Manhattan,8103,1049,3928,684,475,347,90,102,0,19,40,54,65,106,8,13,30,41,20,25,266,184,323,216,583,365,218,151,295,273,101,116,137,120,175,121,129,177,237,237,269,214,162,128,181,166,27,45,97,97,4175,607,106,120,276,204,39,78,22,44,0,19,96,144,0,19,31,41,374,180,585,234,529,296,138,115,375,218,158,133,374,229,81,119,266,202,76,83,88,105,170,137,285,178,106,92,0,19
1400000US36061017000,"Census Tract 170, New York County, New York",Manhattan,8791,1602,3397,690,265,202,229,180,117,96,112,94,112,96,58,89,0,19,90,88,214,175,228,208,182,158,191,122,186,174,319,211,155,146,140,123,145,123,44,49,75,64,82,91,338,205,21,33,94,75,5394,1222,194,186,398,262,440,183,180,174,95,95,0,19,11,19,61,65,181,103,76,59,1121,885,445,215,366,197,278,164,230,143,235,191,60,55,51,52,144,122,404,170,159,118,164,125,101,103
1400000US36061017100,"Census Tract 171, New York County, New York",Manhattan,8464,1620,3632,760,0,19,74,80,128,129,158,141,21,17,10,20,21,31,98,77,246,168,177,147,607,593,162,135,81,84,642,276,291,219,114,135,193,116,61,68,80,77,293,148,0,19,95,80,80,82,4832,983,235,216,222,171,137,156,0,19,18,28,37,31,103,146,214,178,363,248,403,299,182,180,120,96,608,683,523,243,130,107,147,142,196,121,233,132,227,128,358,269,115,83,138,141,123,99
1400000US36061017200,"Census Tract 172, New York County, New York",Manhattan,5630,1252,2770,642,198,183,78,125,264,204,129,103,53,71,17,39,56,63,30,38,318,186,159,117,383,294,220,153,89,108,174,107,59,63,117,110,149,111,123,139,51,59,22,34,81,99,0,19,0,19,2860,855,143,195,71,114,340,221,175,177,87,100,8,34,57,64,105,93,129,106,383,207,425,287,13,22,158,94,215,137,78,63,72,78,83,99,59,59,33,55,101,75,68,74,57,86,0,19
1400000US36061017300,"Census Tract 173, New York County, New York",Manhattan,9343,1095,4841,872,462,278,302,374,386,250,0,19,0,19,0,19,23,38,63,74,116,82,512,283,267,175,299,259,237,197,282,287,189,178,351,318,163,169,21,36,305,253,179,135,447,430,71,67,166,145,4502,590,81,90,251,236,195,174,0,19,0,19,58,92,9,17,0,19,337,194,645,304,433,297,372,225,185,166,77,104,369,232,212,188,251,216,95,78,127,159,240,137,106,75,101,106,358,311
1400000US36061017401,"Census Tract 174.01, New York County, New York",Manhattan,5321,793,2004,522,103,103,117,105,198,146,178,163,0,19,0,19,0,19,70,96,230,266,52,50,87,77,19,31,76,87,349,265,97,74,34,36,137,134,0,19,41,67,15,23,99,96,64,82,38,44,3317,561,164,149,95,92,62,101,168,117,38,45,148,171,0,19,81,89,220,131,231,150,77,54,115,109,301,204,257,213,150,98,104,104,227,195,130,112,171,113,168,125,97,98,89,91,224,126
1400000US36061017402,"Census Tract 174.02, New York County, New York",Manhattan,2887,454,1317,272,101,56,88,69,99,62,19,24,8,14,0,14,0,14,42,33,125,81,282,131,93,52,172,112,98,87,34,40,81,69,33,36,17,24,0,14,0,14,0,14,25,32,0,14,0,14,1570,361,60,73,41,43,0,14,0,14,20,23,0,14,10,15,166,207,248,131,165,86,224,127,75,84,106,70,83,52,85,69,20,23,14,21,0,14,30,46,55,51,130,69,0,14,38,61
1400000US36061017500,"Census Tract 175, New York County, New York",Manhattan,10499,1812,4587,910,101,107,144,129,74,72,53,57,51,89,110,171,0,21,25,39,283,160,195,133,681,489,172,136,353,177,221,163,210,137,276,186,397,338,184,126,0,21,333,189,167,110,183,115,374,208,5912,1046,169,120,202,125,335,252,189,172,6,10,0,21,0,21,105,85,239,127,741,545,297,225,253,152,246,139,244,155,744,382,105,95,141,86,12,25,195,110,527,267,369,214,423,192,370,192
1400000US36061017700,"Census Tract 177, New York County, New York",Manhattan,10030,2436,4393,920,304,252,53,76,226,237,43,60,0,21,0,21,0,21,51,61,246,151,952,750,324,164,202,155,320,267,514,279,117,121,27,48,21,40,61,66,95,101,248,184,281,170,267,159,41,45,5637,1766,581,466,53,124,332,258,258,222,0,21,0,21,0,21,204,289,378,200,1053,1028,456,162,27,45,336,170,163,172,132,137,52,67,158,114,95,83,245,183,467,261,296,126,261,161,90,77
1400000US36061017800,"Census Tract 178, New York County, New York",Manhattan,3786,655,1764,527,103,100,0,14,126,109,62,114,57,76,30,37,12,22,47,70,175,87,357,470,16,26,231,136,121,77,170,97,101,90,42,50,0,14,0,14,45,27,16,16,35,41,0,14,18,29,2022,411,72,82,106,77,46,44,44,45,41,69,28,47,4,7,216,109,214,124,144,86,239,123,184,118,87,90,168,117,96,64,17,28,0,14,9,14,18,20,34,27,51,72,0,14,204,255
1400000US36061017900,"Census Tract 179, New York County, New York",Manhattan,9875,2061,5506,1612,702,771,439,366,401,324,61,68,72,113,0,19,0,19,108,63,413,212,360,197,444,302,500,420,632,321,532,361,224,152,48,84,163,147,83,86,87,83,38,52,73,93,27,45,99,108,4369,619,57,90,38,56,108,88,54,62,37,63,0,19,4,12,115,80,573,346,211,160,410,222,549,468,240,155,506,215,326,224,84,83,312,272,113,98,175,128,247,168,184,131,0,19,26,46
1400000US36061018000,"Census Tract 180, New York County, New York",Manhattan,6980,1048,3048,551,157,166,336,250,366,201,290,188,7,12,10,18,0,19,73,96,200,165,410,215,155,142,265,177,228,226,67,56,204,139,101,115,19,32,72,117,13,22,75,77,0,19,0,19,0,19,3932,775,197,220,18,30,121,172,0,19,73,80,93,114,0,19,111,92,493,336,276,183,478,198,319,226,227,183,415,183,266,233,218,173,71,90,82,98,83,83,146,110,214,264,24,39,7,32
1400000US36061018100,"Census Tract 181, New York County, New York",Manhattan,8408,1289,2928,553,184,130,3,28,208,205,178,109,0,19,36,70,0,19,10,16,266,129,241,167,199,138,61,72,193,165,176,142,159,134,262,184,17,30,17,27,181,122,175,186,140,85,187,127,35,58,5480,1077,106,120,165,183,334,199,212,132,51,73,0,19,20,41,36,45,347,186,347,181,170,127,349,206,175,139,665,587,257,162,96,92,207,129,39,62,214,172,390,173,580,226,380,273,340,423
1400000US36061018200,"Census Tract 182, New York County, New York",Manhattan,7266,945,3388,548,123,92,235,216,123,107,232,215,62,73,51,57,140,153,60,72,419,222,239,156,309,198,243,167,393,249,118,134,251,151,0,19,85,70,20,32,136,128,50,59,49,56,0,19,50,62,3878,763,256,241,190,138,321,247,165,155,28,40,150,176,88,142,140,135,246,120,290,226,269,175,263,182,319,247,182,147,382,195,115,97,120,97,35,44,58,73,111,90,116,100,22,39,12,21
1400000US36061018300,"Census Tract 183, New York County, New York",Manhattan,8440,1430,4327,800,161,104,182,153,16,35,167,126,0,19,0,19,0,19,705,497,300,225,347,226,203,131,232,187,117,76,276,220,554,344,107,87,80,100,96,109,63,60,308,302,205,153,21,34,187,150,4113,939,46,82,157,148,204,287,188,204,0,19,0,19,32,42,120,69,753,641,268,194,413,219,164,123,52,52,352,255,354,179,77,74,57,73,109,90,82,75,256,122,206,118,15,25,208,152
1400000US36061018400,"Census Tract 184, New York County, New York",Manhattan,8225,1272,4235,934,424,298,500,266,402,240,6,21,81,79,59,95,105,174,117,140,239,197,359,244,200,172,173,144,155,149,379,309,334,229,28,42,318,186,16,27,45,42,77,62,0,19,145,181,73,117,3990,686,128,142,436,301,24,36,122,86,49,48,23,37,0,19,305,196,282,201,149,81,510,228,148,82,370,228,220,179,484,256,81,99,97,126,41,44,144,98,128,110,119,99,30,36,100,136
1400000US36061018500,"Census Tract 185, New York County, New York",Manhattan,5060,716,2157,467,124,169,58,53,18,28,44,49,34,45,0,19,0,19,92,99,214,147,300,154,256,145,169,86,97,68,80,79,59,54,25,43,43,50,41,53,22,33,113,83,60,46,57,45,251,259,2903,414,275,223,9,16,85,67,57,61,0,19,0,19,2,3,97,134,298,147,518,222,269,144,142,86,60,52,103,79,24,39,137,128,60,60,84,109,117,81,98,58,150,71,155,147,163,113
1400000US36061018600,"Census Tract 186, New York County, New York",Manhattan,6104,1122,2948,887,447,250,87,98,248,230,275,166,57,66,0,19,207,218,197,223,272,256,146,109,44,48,212,167,48,76,213,112,246,256,11,22,120,118,0,19,18,37,56,49,0,19,25,41,19,32,3156,525,208,217,75,86,59,94,49,79,68,108,69,67,121,150,207,159,265,166,225,127,220,125,327,190,54,68,285,161,195,155,76,109,144,112,135,106,113,72,140,165,46,69,0,19,75,74
1400000US36061018700,"Census Tract 187, New York County, New York",Manhattan,9907,2526,4563,703,117,113,304,163,167,128,27,55,42,102,20,38,0,19,404,383,212,112,317,170,652,306,262,196,216,146,436,241,151,224,37,48,332,215,27,46,89,85,267,132,220,134,218,113,46,56,5344,1987,554,262,91,72,99,110,299,353,199,242,0,19,215,359,98,117,585,337,505,265,763,665,293,181,176,136,371,246,72,65,25,41,139,102,95,96,65,71,215,138,260,184,196,181,29,48
1400000US36061018800,"Census Tract 188, New York County, New York",Manhattan,4685,809,2657,655,60,96,16,26,11,40,79,87,35,54,2,4,4,7,95,110,460,283,492,303,333,184,210,134,76,90,242,214,71,79,50,71,110,100,40,46,44,52,81,96,22,35,36,62,88,119,2028,526,28,47,38,61,223,194,0,14,19,31,4,20,62,86,50,56,216,132,93,80,306,287,140,118,24,42,203,136,130,126,21,27,199,126,93,98,20,32,14,40,75,72,31,41,39,55
1400000US36061018900,"Census Tract 189, New York County, New York",Manhattan,10267,1409,4895,824,253,272,293,274,255,254,217,192,0,21,0,21,52,84,181,187,498,273,393,273,159,163,304,258,308,241,292,197,592,331,76,80,230,178,324,227,64,58,76,70,139,158,45,29,144,103,5372,969,149,245,305,263,135,150,361,246,66,93,69,108,0,21,41,36,472,237,576,310,297,279,283,223,332,184,182,121,316,219,130,161,65,102,112,144,245,173,389,243,369,223,110,108,368,161
1400000US36061019000,"Census Tract 190, New York County, New York",Manhattan,3735,481,1577,274,55,53,154,104,86,54,40,38,0,14,33,41,0,14,45,57,46,48,184,60,128,76,113,63,191,95,139,76,83,62,66,57,40,36,22,27,2,11,99,54,37,42,0,14,14,18,2158,356,54,57,68,55,192,163,92,79,0,14,13,18,0,14,11,19,291,181,70,45,294,116,57,57,336,99,155,89,43,38,27,29,80,59,32,35,99,69,110,64,55,45,75,43,4,8
1400000US36061019100,"Census Tract 191, New York County, New York",Manhattan,8055,1111,3617,663,311,166,90,125,36,65,54,80,27,27,0,19,0,19,273,236,185,162,443,233,66,74,279,198,110,114,145,112,304,183,144,116,151,114,118,141,341,340,210,136,231,160,63,68,36,53,4438,747,0,19,134,108,187,183,74,91,41,84,0,19,13,24,132,159,691,540,314,170,146,120,280,196,177,167,222,163,447,222,98,89,28,49,221,152,183,144,365,199,275,150,112,113,298,225
1400000US36061019200,"Census Tract 192, New York County, New York",Manhattan,3868,593,1615,357,142,112,70,68,94,65,161,138,8,13,78,56,0,14,102,92,167,123,102,79,148,86,102,84,111,95,166,132,54,45,0,14,56,57,0,14,0,14,32,34,0,14,0,14,22,35,2253,425,249,308,0,14,176,125,57,55,10,17,20,25,68,65,101,79,118,100,186,105,150,135,60,65,239,135,117,81,134,74,7,11,0,14,43,43,114,93,164,188,33,29,88,82,119,87
1400000US36061019300,"Census Tract 193, New York County, New York",Manhattan,9211,1198,4708,730,214,224,171,215,5,12,4,15,0,19,74,121,0,19,83,81,866,478,649,262,362,309,277,260,258,329,167,212,212,148,217,207,314,215,203,163,75,87,111,114,331,270,48,74,67,104,4503,961,214,178,101,87,9,15,245,242,10,13,48,32,36,16,505,372,1036,506,243,284,136,115,63,98,106,99,191,172,361,259,89,87,29,45,135,168,0,19,391,173,154,139,0,19,401,297
1400000US36061019400,"Census Tract 194, New York County, New York",Manhattan,5879,657,2652,569,133,143,76,94,113,129,21,35,60,90,6,13,33,40,236,167,302,204,351,181,273,177,109,134,188,160,183,128,102,83,106,92,108,91,26,34,87,130,26,30,88,84,1,3,24,39,3227,489,135,118,40,58,0,19,89,111,51,74,23,44,0,19,117,87,357,251,565,280,146,101,101,113,119,93,157,119,336,169,125,93,78,71,115,115,71,56,162,133,55,57,242,256,143,222
1400000US36061019500,"Census Tract 195, New York County, New York",Manhattan,7632,928,3103,425,20,33,157,106,115,83,42,49,92,45,105,59,27,29,170,156,334,143,118,74,178,101,178,84,138,89,119,127,282,171,48,59,101,74,41,40,177,109,313,134,231,160,81,75,36,56,4529,829,99,135,272,269,140,74,82,61,147,64,77,56,132,108,692,425,208,131,147,88,274,149,192,146,255,171,164,96,220,88,197,156,384,233,87,61,129,85,253,132,320,208,24,30,34,42
1400000US36061019600,"Census Tract 196, New York County, New York",Manhattan,4166,655,2203,397,119,95,84,73,176,105,97,116,25,45,4,7,65,89,37,33,213,175,115,85,307,229,110,102,94,142,139,94,35,36,50,62,27,27,13,21,133,142,100,71,88,55,31,31,141,107,1963,460,123,179,197,142,0,14,21,33,17,26,0,14,16,32,8,23,125,65,148,91,265,155,32,36,19,29,33,31,52,45,84,92,123,80,22,26,83,73,139,83,91,108,203,91,162,81
1400000US36061019701,"Census Tract 197.01, New York County, New York",Manhattan,962,135,426,93,17,17,13,22,25,20,1,4,2,3,2,4,0,14,49,30,97,51,28,20,15,17,51,38,30,20,17,21,15,14,3,5,9,8,5,8,0,14,18,16,24,37,0,14,5,8,536,92,30,36,0,14,15,23,19,21,0,14,6,7,29,24,106,56,63,33,37,25,48,38,70,35,17,17,27,21,20,19,7,11,0,14,0,14,0,14,37,28,5,7,0,14,0,14
1400000US36061019702,"Census Tract 197.02, New York County, New York",Manhattan,2531,518,1136,333,104,138,17,25,79,61,56,55,0,14,33,54,16,24,8,18,127,62,251,152,155,91,49,58,29,28,66,37,9,19,0,14,38,40,0,14,33,36,0,14,0,14,66,79,0,14,1395,318,29,28,43,41,21,34,49,57,0,14,0,14,10,17,116,56,200,110,158,95,207,119,76,53,101,51,130,160,36,32,0,14,54,49,13,21,0,14,18,24,56,56,50,62,28,50
1400000US36061019800,"Census Tract 198, New York County, New York",Manhattan,2511,644,1235,290,43,46,54,32,80,52,24,40,0,14,10,19,0,14,56,52,53,67,102,67,154,126,69,51,66,51,48,57,114,81,36,43,85,68,13,17,42,43,82,101,56,38,35,30,13,12,1276,423,96,142,0,14,2,3,0,14,0,14,0,14,59,64,5,10,104,126,49,40,94,60,307,212,41,39,108,74,30,24,36,39,37,42,26,38,28,27,88,73,47,37,34,27,85,58
1400000US36061019900,"Census Tract 199, New York County, New York",Manhattan,8918,864,4640,780,82,72,54,73,46,51,40,39,316,114,324,127,328,149,367,166,897,460,113,84,195,80,100,75,99,81,173,105,171,184,84,85,132,71,76,68,76,59,259,110,213,88,373,406,122,68,4278,441,84,79,119,100,13,30,37,41,561,180,317,97,235,103,271,134,354,124,226,117,177,78,112,91,90,71,168,93,257,157,71,48,123,65,49,49,25,32,304,133,316,126,157,95,212,85
1400000US36061020000,"Census Tract 200, New York County, New York",Manhattan,2763,445,1179,297,54,44,0,14,0,14,17,15,0,14,16,27,0,14,12,47,43,60,225,126,77,60,91,102,132,134,12,17,211,176,96,82,5,16,53,50,83,69,34,30,6,18,0,14,12,20,1584,315,26,40,25,48,69,44,45,44,47,57,0,14,0,14,23,39,179,85,95,59,119,89,132,105,164,110,49,59,185,110,27,35,6,9,55,59,34,54,49,45,169,162,73,60,13,22
1400000US36061020101,"Census Tract 201.01, New York County, New York",Manhattan,1968,170,1136,184,1,2,19,26,13,16,4,6,75,40,142,90,303,95,269,130,113,46,49,42,4,7,9,7,1,2,14,15,29,36,17,13,12,12,0,14,23,27,25,23,0,14,5,8,9,12,832,132,0,14,0,14,24,11,6,9,105,94,86,72,266,83,112,75,67,40,16,15,21,19,9,7,0,14,36,23,20,27,22,16,4,6,7,10,6,8,7,10,7,10,11,13,0,14
1400000US36061020102,"Census Tract 201.02, New York County, New York",Manhattan,4148,633,2104,474,75,87,88,75,96,68,158,180,60,61,0,14,6,30,100,59,242,143,185,93,163,87,124,66,329,297,83,74,152,97,33,39,41,37,11,17,44,61,65,59,33,33,16,27,0,14,2044,337,55,56,104,85,57,65,62,54,2,4,53,48,28,44,76,60,247,180,189,88,281,118,217,117,98,96,110,86,201,86,9,14,59,64,37,50,37,42,56,51,55,45,11,18,0,14
1400000US36061020300,"Census Tract 203, New York County, New York",Manhattan,3989,244,1517,288,51,30,22,26,0,14,40,36,744,201,135,81,15,21,86,53,147,71,82,43,11,11,19,24,17,27,0,14,20,31,20,32,0,14,0,14,89,134,0,14,1,3,7,12,11,15,2472,265,40,22,28,31,28,44,9,19,1031,206,148,104,147,124,438,188,245,84,148,79,29,30,55,44,17,18,0,14,0,14,0,14,0,14,13,19,0,14,36,38,16,20,15,17,29,36
1400000US36061020500,"Census Tract 205, New York County, New York",Manhattan,5532,412,1833,293,41,33,73,54,45,40,30,29,217,85,136,82,105,57,68,50,70,44,97,49,83,42,49,38,114,73,100,84,71,45,60,47,31,26,143,121,50,37,88,59,57,37,26,30,79,84,3699,292,51,44,128,89,43,35,41,28,1112,216,418,143,505,116,281,112,74,46,111,55,70,38,123,63,97,65,131,77,84,39,44,34,98,79,14,20,29,31,110,54,76,43,16,22,43,38
1400000US36061020600,"Census Tract 206, New York County, New York",Manhattan,3481,564,1546,328,0,14,73,63,177,116,42,69,47,53,30,66,0,14,43,63,103,94,90,83,175,97,58,56,220,152,111,87,170,113,38,48,37,49,35,29,57,50,40,36,0,14,0,14,0,14,1935,382,36,46,9,14,177,135,27,46,15,25,0,14,0,14,94,131,168,84,277,148,136,94,235,198,319,145,174,113,53,44,0,14,37,43,96,78,38,32,7,15,0,14,14,29,23,36
1400000US36061020701,"Census Tract 207.01, New York County, New York",Manhattan,2826,350,1098,196,55,57,20,19,7,12,0,14,23,28,20,20,18,16,117,61,249,100,194,87,114,72,95,65,23,21,16,25,32,32,1,7,0,14,12,24,33,52,32,28,0,14,9,14,28,31,1728,262,77,60,39,28,17,18,19,29,200,100,133,96,154,61,201,87,300,87,212,161,111,84,27,32,36,26,89,73,10,15,29,53,9,15,0,14,22,19,20,23,9,13,14,16,0,14
1400000US36061020800,"Census Tract 208, New York County, New York",Manhattan,5391,1032,2631,633,92,86,329,157,97,84,30,48,84,123,138,152,0,19,67,90,320,169,56,50,151,122,141,105,149,115,204,223,408,217,10,16,41,66,137,114,8,17,157,126,0,19,0,19,12,19,2760,589,192,157,118,114,188,134,190,151,13,2,0,19,42,46,353,304,262,222,198,130,181,106,80,79,215,177,185,127,256,189,69,113,0,19,22,42,33,49,20,31,106,98,0,19,37,59
1400000US36061020901,"Census Tract 209.01, New York County, New York",Manhattan,3656,648,2030,500,245,273,77,94,111,87,179,114,108,77,27,41,44,67,0,14,28,35,95,76,210,132,87,70,159,143,61,75,123,107,0,14,134,85,179,243,7,12,23,27,39,37,74,66,20,26,1626,251,55,67,77,80,34,43,143,85,24,35,13,22,10,18,49,38,78,103,42,45,162,92,220,147,83,52,75,58,98,70,134,74,54,54,18,24,57,56,68,45,53,42,23,23,56,61
1400000US36061021000,"Census Tract 210, New York County, New York",Manhattan,6552,1071,2393,632,218,167,47,53,272,181,217,183,18,32,0,19,79,84,78,94,219,175,304,251,91,77,161,127,105,102,61,71,138,88,24,39,53,56,18,29,102,103,30,38,0,19,0,19,158,189,4159,788,223,176,290,197,242,203,54,67,0,19,106,98,42,53,112,78,142,102,396,238,339,161,286,167,271,186,241,203,339,198,110,69,108,85,8,13,157,148,272,138,256,190,61,58,104,88
1400000US36061021100,"Census Tract 211, New York County, New York",Manhattan,9865,1532,4715,1081,181,206,53,118,57,71,117,144,14,29,127,114,115,149,616,218,673,334,541,293,465,456,44,99,80,114,74,84,53,67,86,106,143,132,232,187,116,176,537,243,110,119,124,153,157,171,5150,934,90,102,259,197,190,192,51,92,84,95,0,19,137,180,618,210,800,400,346,172,255,237,338,226,284,198,155,108,119,119,90,74,346,182,118,118,52,61,369,178,167,152,82,79,200,166
1400000US36061021200,"Census Tract 212, New York County, New York",Manhattan,5225,643,2106,460,135,140,173,151,41,45,0,19,13,28,0,19,0,19,94,92,74,94,178,104,251,157,199,154,46,61,215,150,96,78,57,62,109,63,24,33,50,45,84,86,121,90,60,60,86,61,3119,588,70,79,234,135,122,144,9,22,0,19,0,19,41,63,148,166,190,165,344,175,386,248,315,177,194,124,166,128,137,116,23,37,64,69,79,71,99,112,62,54,200,109,82,45,154,155
1400000US36061021303,"Census Tract 213.03, New York County, New York",Manhattan,5804,944,3004,551,171,130,107,77,101,126,16,27,5,12,55,80,42,73,87,92,161,114,333,184,296,198,384,181,165,185,240,214,108,82,252,163,96,71,91,78,0,19,71,74,159,124,20,32,44,54,2800,629,86,112,142,134,169,162,201,246,63,43,0,19,0,19,144,74,431,313,132,87,275,167,144,93,119,126,138,186,275,152,75,86,0,19,0,19,27,49,160,143,46,51,66,72,107,126
1400000US36061021400,"Census Tract 214, New York County, New York",Manhattan,2953,355,1470,340,20,34,0,14,54,55,24,39,0,14,77,79,0,14,0,14,105,82,215,147,99,70,128,92,207,170,73,70,122,92,45,68,168,156,7,12,50,48,20,23,23,27,13,21,20,30,1483,168,28,35,42,59,25,38,2,7,0,14,0,14,0,14,21,33,176,121,100,67,64,51,79,58,67,74,182,99,96,59,98,87,61,61,30,29,53,45,76,44,107,86,42,48,134,91
1400000US36061021500,"Census Tract 215, New York County, New York",Manhattan,3863,490,1748,330,147,103,33,37,75,65,87,61,12,18,25,37,0,14,50,42,183,85,224,122,81,63,264,128,122,106,232,199,118,65,11,20,0,14,0,14,23,22,23,32,30,35,8,16,0,14,2115,388,88,79,75,89,187,114,16,24,55,48,42,60,32,32,27,39,258,140,223,116,95,60,142,106,214,140,153,118,117,87,28,31,30,32,14,16,71,81,85,85,53,50,69,66,41,45
1400000US36061021600,"Census Tract 216, New York County, New York",Manhattan,8912,1212,4759,975,282,224,165,121,275,230,335,189,0,19,0,19,0,19,243,149,230,151,639,329,258,165,303,161,470,225,713,491,237,155,274,168,140,125,60,56,89,90,0,19,46,60,0,19,0,19,4153,767,216,183,140,133,365,252,58,78,29,44,24,32,18,34,48,43,672,342,429,194,764,361,209,144,205,127,412,241,87,91,105,86,0,19,0,19,109,79,115,75,0,19,20,29,128,86
1400000US36061021703,"Census Tract 217.03, New York County, New York",Manhattan,348,14,147,56,0,14,0,14,0,14,29,72,54,19,0,14,25,25,14,24,11,20,14,36,0,14,0,14,0,14,0,14,0,14,0,14,0,14,0,14,0,14,0,14,0,14,0,14,0,14,201,56,0,14,0,14,0,14,0,14,98,52,24,33,69,42,10,20,0,14,0,14,0,14,0,14,0,14,0,14,0,14,0,14,0,14,0,14,0,14,0,14,0,14,0,14,0,14
1400000US36061021800,"Census Tract 218, New York County, New York",Manhattan,6128,1129,2691,521,118,94,105,82,140,134,71,68,79,115,87,98,11,40,232,227,192,133,234,117,207,105,341,205,153,129,255,199,200,194,22,47,59,61,30,39,71,112,58,51,0,19,26,44,0,19,3437,829,195,167,196,129,163,139,0,19,21,35,9,26,26,36,145,196,207,127,138,95,496,321,280,171,219,131,231,162,158,118,137,128,465,571,57,46,80,103,96,78,110,110,0,19,8,22
1400000US36061021900,"Census Tract 219, New York County, New York",Manhattan,5390,1027,2441,646,94,153,136,139,501,258,50,81,76,110,0,19,0,19,70,84,221,195,296,198,116,109,350,245,54,84,70,79,152,93,25,44,108,120,0,19,45,42,65,73,0,19,9,21,3,11,2949,707,122,141,277,205,271,254,116,98,73,113,63,72,0,19,30,25,228,119,155,126,35,45,471,234,297,161,120,108,114,99,2,29,159,141,31,39,75,61,37,54,119,100,104,92,50,76
1400000US36061022000,"Census Tract 220, New York County, New York",Manhattan,6087,901,2665,458,232,190,82,88,0,19,31,49,0,19,127,141,0,19,104,107,195,142,190,117,347,163,245,177,127,131,366,168,132,138,96,132,0,19,0,19,118,85,44,66,110,131,65,98,54,74,3422,798,0,19,142,137,288,226,0,19,19,44,9,17,140,133,19,29,616,589,312,192,165,142,432,137,141,118,362,202,169,141,79,77,0,19,51,68,285,300,60,57,63,84,70,80,0,19
1400000US36061022102,"Census Tract 221.02, New York County, New York",Manhattan,2350,479,1261,331,0,14,20,24,0,14,30,50,104,62,0,14,8,13,12,18,168,155,171,99,60,44,124,96,124,96,60,68,68,66,224,176,13,15,23,26,32,38,0,14,8,14,12,19,0,14,1089,301,46,53,97,111,57,54,0,14,0,14,0,14,7,11,18,31,71,50,87,55,183,126,67,51,32,36,144,84,55,53,69,87,43,49,0,14,51,53,26,27,6,10,11,17,19,24
1400000US36061022200,"Census Tract 222, New York County, New York",Manhattan,3595,584,1816,354,76,88,128,87,168,88,44,58,31,44,0,14,0,14,10,12,140,85,231,114,48,37,174,109,255,161,186,142,27,29,69,76,35,46,12,27,36,38,55,65,38,37,26,38,27,44,1779,354,96,95,56,57,112,74,1,11,17,20,12,22,0,14,41,37,236,140,111,75,219,108,154,106,160,120,80,63,153,105,28,31,41,40,50,50,78,69,15,23,109,79,0,14,10,17
1400000US36061022301,"Census Tract 223.01, New York County, New York",Manhattan,7226,994,3612,688,385,280,177,125,58,64,80,77,109,115,29,47,36,55,223,160,477,212,123,119,459,275,151,111,281,226,155,163,180,124,131,117,190,122,25,39,151,141,64,57,0,19,104,81,24,37,3614,679,233,190,120,112,0,19,104,102,144,108,0,19,46,54,292,219,331,276,733,320,179,116,115,113,110,101,178,127,180,119,99,77,151,108,207,150,183,189,129,81,31,39,49,58,0,19
1400000US36061022302,"Census Tract 223.02, New York County, New York",Manhattan,2870,387,1343,260,28,48,47,47,46,49,52,64,0,14,0,14,35,47,73,67,204,118,177,90,140,90,48,42,37,46,107,93,172,122,0,14,33,29,12,17,27,34,94,90,0,14,11,17,0,14,1527,218,97,70,54,50,23,31,8,14,59,61,15,25,18,21,56,50,154,87,108,53,79,62,51,45,110,77,99,79,96,54,59,49,11,17,56,47,70,80,77,55,107,69,86,72,34,31
1400000US36061022400,"Census Tract 224, New York County, New York",Manhattan,6682,1280,3297,802,238,258,375,273,339,217,217,130,196,129,0,19,21,35,56,70,166,130,389,198,87,79,466,279,166,125,108,88,147,98,0,19,51,62,61,65,144,123,46,50,0,19,24,39,0,19,3385,623,257,172,171,205,159,132,18,30,29,47,106,89,15,24,36,35,215,149,183,160,177,130,248,121,274,186,260,148,388,161,137,111,0,19,195,125,117,116,176,126,163,123,24,26,37,35
1400000US36061022500,"Census Tract 225, New York County, New York",Manhattan,11327,1519,5693,898,166,143,362,247,294,184,190,143,147,102,19,29,18,29,152,203,651,277,743,283,256,152,506,286,327,218,221,131,477,204,0,21,361,250,232,139,299,322,125,89,73,77,61,63,13,22,5634,1194,138,90,50,51,298,251,174,149,19,34,3,6,20,22,278,98,498,208,461,215,331,192,345,216,256,128,269,218,287,150,501,345,440,300,132,106,56,48,217,170,293,198,431,343,137,120
1400000US36061022600,"Census Tract 226, New York County, New York",Manhattan,5673,844,3021,494,289,209,72,99,282,199,79,103,34,45,24,36,102,107,159,134,165,119,193,128,327,190,316,183,184,178,110,87,186,145,81,87,174,147,20,30,71,97,76,70,18,32,59,68,0,19,2652,603,199,211,204,148,119,100,15,26,16,23,0,19,5,11,95,98,312,219,254,145,201,171,291,142,146,93,241,145,186,112,0,19,134,83,0,19,24,40,40,55,29,37,36,49,105,105
1400000US36061022700,"Census Tract 227, New York County, New York",Manhattan,5887,902,2799,676,26,47,267,209,1,2,74,101,7,11,8,20,45,85,131,96,187,111,258,147,292,144,119,88,206,180,313,178,85,94,75,74,64,64,21,32,252,217,97,80,0,19,34,45,237,262,3088,728,39,70,176,208,147,132,19,32,90,84,8,15,48,46,62,46,211,164,172,93,462,487,299,209,321,159,185,130,109,77,4,7,42,66,129,130,166,120,149,166,17,34,211,178,22,21
1400000US36061022800,"Census Tract 228, New York County, New York",Manhattan,5713,973,2981,629,206,165,30,50,248,173,226,203,35,63,17,42,0,19,58,69,67,88,173,128,387,228,231,161,98,77,255,168,199,139,256,218,111,135,84,126,152,145,49,69,28,43,71,98,0,19,2732,657,58,67,61,66,149,150,61,100,0,19,89,130,112,185,98,98,278,301,247,145,174,148,209,149,159,139,294,166,110,93,13,29,41,53,95,89,189,160,192,113,79,98,20,32,4,17
1400000US36061022900,"Census Tract 229, New York County, New York",Manhattan,7702,1177,4181,830,98,117,0,19,84,118,164,145,37,61,0,19,0,19,144,124,656,292,838,379,570,289,287,160,228,167,116,130,128,93,90,110,104,147,126,142,260,163,57,81,90,82,0,19,104,131,3521,604,63,78,153,215,185,144,79,141,5,8,9,17,42,58,89,95,305,136,580,267,259,174,265,151,204,121,312,151,292,144,265,157,101,94,27,40,84,83,86,74,22,38,61,67,33,50
1400000US36061023000,"Census Tract 230, New York County, New York",Manhattan,8773,1063,3981,958,187,132,67,117,246,205,61,117,0,19,2,6,136,201,459,445,204,294,527,435,182,157,375,203,235,202,77,97,158,136,253,258,23,40,174,163,183,200,174,124,63,88,154,178,41,66,4792,747,240,150,64,74,221,270,267,233,0,19,58,98,13,20,245,211,103,90,423,258,438,257,484,297,203,176,121,113,249,167,160,173,231,165,190,192,151,164,195,145,208,162,423,297,105,130
1400000US36061023100,"Census Tract 231, New York County, New York",Manhattan,7132,1432,2674,582,152,139,185,150,96,92,71,78,1,3,1,3,0,19,0,19,283,278,157,104,357,204,361,277,157,108,147,83,327,170,48,58,47,47,7,13,49,84,133,113,20,34,16,29,59,64,4458,1131,148,119,283,208,247,217,162,197,65,77,0,19,23,34,100,121,331,192,758,392,476,271,130,97,230,157,154,133,227,150,199,181,316,197,209,173,140,118,81,108,106,114,0,19,73,79
1400000US36061023200,"Census Tract 232, New York County, New York",Manhattan,9183,1338,4204,889,277,145,324,343,270,174,56,76,184,138,59,74,0,19,17,26,520,329,439,224,258,165,316,215,347,280,252,168,146,119,265,225,214,148,17,30,187,217,23,38,0,19,33,51,0,19,4979,1002,329,203,284,273,420,287,158,117,261,200,0,19,69,67,116,75,524,277,309,171,163,103,250,280,600,342,491,216,449,281,27,37,82,84,101,79,48,54,136,113,57,63,60,79,45,56
1400000US36061023300,"Census Tract 233, New York County, New York",Manhattan,7367,994,3610,676,131,181,336,207,134,86,307,196,82,90,2,5,11,21,7,14,408,252,538,259,449,244,302,163,172,137,100,97,196,104,42,60,99,81,0,19,98,77,41,29,35,57,52,67,68,75,3757,677,259,339,89,79,161,115,0,19,1,3,50,59,51,59,94,91,358,225,653,351,384,177,343,175,198,153,230,135,272,148,0,19,94,94,125,87,11,25,153,144,83,93,110,140,38,64
1400000US36061023400,"Census Tract 234, New York County, New York",Manhattan,5442,727,3032,573,33,42,0,19,220,109,19,59,67,95,9,15,61,97,293,248,19,34,366,355,706,423,0,19,455,277,140,119,230,183,73,117,116,132,27,52,28,45,66,71,21,35,55,94,28,47,2410,505,253,182,81,138,72,143,243,179,43,92,0,19,44,73,60,84,278,211,170,125,220,168,105,103,250,125,61,84,138,142,67,72,116,83,38,51,0,19,79,72,0,19,92,111,0,19
1400000US36061023501,"Census Tract 235.01, New York County, New York",Manhattan,7506,1195,3655,733,247,205,420,364,78,90,106,100,0,19,39,64,0,19,170,167,292,187,302,149,494,289,264,168,210,159,264,220,178,185,155,96,59,74,73,112,133,121,0,19,79,84,92,96,0,19,3851,811,59,87,177,178,0,19,198,160,18,35,0,19,62,92,0,19,714,668,361,183,485,252,132,101,272,218,325,184,397,227,62,60,174,80,59,73,44,38,80,97,143,172,74,86,15,26
1400000US36061023502,"Census Tract 235.02, New York County, New York",Manhattan,1858,294,952,185,23,31,83,57,62,44,31,48,2,4,0,14,16,18,69,70,50,45,38,31,143,78,115,57,68,44,69,52,15,18,40,35,13,20,22,35,14,22,57,54,6,9,0,14,16,26,906,193,61,64,59,40,11,24,17,19,16,19,0,14,0,14,25,38,80,67,98,54,75,56,106,59,17,20,64,49,44,33,4,8,31,27,15,16,15,20,64,66,49,40,31,30,24,38
1400000US36061023600,"Census Tract 236, New York County, New York",Manhattan,11042,1496,4549,999,0,21,102,162,686,508,54,73,0,21,277,275,325,308,175,168,161,201,281,209,101,123,486,329,518,273,238,326,433,348,83,107,33,60,0,21,86,74,236,198,74,95,139,109,61,100,6493,900,800,484,98,235,196,216,24,94,120,145,0,21,1,2,175,171,1021,526,401,317,0,21,80,164,681,291,726,411,655,423,203,236,33,75,0,21,459,293,417,260,241,153,89,83,73,76
1400000US36061023700,"Census Tract 237, New York County, New York",Manhattan,6677,826,3671,637,196,120,163,123,221,192,113,102,138,188,83,108,86,78,115,116,393,153,435,237,490,216,224,138,29,48,469,259,191,119,0,19,43,59,33,52,63,67,63,63,69,105,54,75,0,19,3006,486,44,53,195,115,154,209,23,40,0,19,9,16,16,28,108,94,385,166,286,157,83,64,124,112,367,188,233,130,57,72,46,48,241,153,50,58,95,75,256,169,0,19,161,124,73,73
1400000US36061023802,"Census Tract 238.02, New York County, New York",Manhattan,4704,465,2261,298,245,100,101,67,63,58,13,22,37,60,9,13,5,13,46,38,226,134,200,75,251,106,56,53,106,63,141,67,167,69,113,100,52,28,116,87,74,54,51,44,51,55,21,38,117,103,2443,294,102,59,125,75,0,14,50,65,10,19,0,14,0,14,26,29,382,242,190,91,171,76,137,74,125,77,59,54,90,68,149,104,94,55,139,178,18,22,77,60,155,102,150,121,194,112
1400000US36061023803,"Census Tract 238.03, New York County, New York",Manhattan,3270,593,1462,384,12,19,38,45,11,18,45,43,0,14,43,68,44,68,17,18,113,75,199,208,169,127,82,70,109,95,63,53,82,65,87,72,16,27,26,34,75,59,84,52,119,89,12,21,16,25,1808,330,55,49,19,24,122,97,52,58,10,16,8,12,0,14,78,64,184,102,100,88,184,89,71,62,91,70,103,64,108,75,34,31,124,73,99,82,79,55,87,68,130,83,38,36,32,31
1400000US36061023804,"Census Tract 238.04, New York County, New York",Manhattan,3546,569,1703,316,74,75,110,104,108,112,34,59,0,14,0,14,0,14,104,74,275,137,175,99,244,147,176,122,104,154,148,132,66,61,0,14,0,14,19,29,45,70,21,26,0,14,0,14,0,14,1843,383,210,164,164,101,192,170,0,14,14,22,0,14,1,3,87,72,214,95,191,120,216,118,270,149,68,59,18,34,18,29,55,42,27,40,20,25,57,62,0,14,21,33,0,14,0,14
1400000US36061023900,"Census Tract 239, New York County, New York",Manhattan,3184,508,1447,309,91,61,51,60,7,12,117,90,21,37,24,32,0,14,67,65,75,58,241,180,124,88,125,102,88,85,103,95,75,68,31,42,27,32,0,14,0,14,7,12,56,57,15,25,102,112,1737,363,123,105,76,51,57,59,140,118,23,43,36,42,14,22,66,50,140,110,111,85,163,85,24,32,194,101,137,88,64,51,28,31,21,36,44,36,50,45,54,41,79,52,0,14,93,161
1400000US36061024000,"Census Tract 240, New York County, New York",Manhattan,2395,108,2030,244,14,17,0,14,8,18,0,14,13,20,83,106,0,14,44,57,222,162,211,109,299,121,157,98,204,104,177,93,225,133,105,74,103,62,89,69,30,37,28,33,12,28,6,14,0,14,365,224,13,21,4,11,6,15,0,14,7,13,2,4,0,14,0,14,21,27,36,66,43,47,26,41,51,51,15,24,71,81,24,44,18,33,10,22,4,9,14,30,0,14,0,14,0,14
1400000US36061024100,"Census Tract 241, New York County, New York",Manhattan,7915,1161,3655,687,102,143,82,82,68,78,22,35,70,107,115,119,0,19,213,174,473,279,521,158,85,68,207,156,415,308,115,121,143,120,105,105,171,153,84,85,141,97,70,59,58,65,175,162,220,170,4260,679,117,142,176,147,272,141,256,236,0,19,0,19,60,85,102,92,537,235,164,127,153,117,286,171,133,122,397,175,219,147,62,67,121,83,120,101,123,104,486,264,81,92,160,124,235,150
1400000US36061024200,"Census Tract 242, New York County, New York",Manhattan,5847,1030,2983,686,239,180,305,176,369,247,92,72,51,58,29,32,21,40,133,113,230,161,253,115,207,129,451,290,206,137,74,65,60,73,0,19,53,87,14,29,51,63,85,70,0,19,22,48,38,48,2864,548,145,108,294,166,87,108,149,110,39,44,61,57,10,16,124,114,133,101,216,102,274,195,291,157,203,136,100,95,100,71,39,43,50,55,63,68,34,28,115,96,240,116,46,54,51,68
1400000US36061024301,"Census Tract 243.01, New York County, New York",Manhattan,4681,902,2312,476,36,45,121,127,134,123,0,14,0,14,33,37,5,8,228,145,274,211,121,66,237,146,340,228,177,153,161,144,129,75,19,34,54,45,81,56,17,20,54,45,22,29,0,14,69,79,2369,677,35,66,102,88,207,153,3,9,2,8,0,14,10,18,55,56,547,421,266,164,148,111,228,242,33,41,179,136,88,66,26,39,89,64,83,76,42,49,107,91,10,17,50,49,59,75
1400000US36061024302,"Census Tract 243.02, New York County, New York",Manhattan,7627,1178,3338,656,423,268,90,91,190,207,347,226,107,118,23,38,32,47,71,67,500,274,95,135,38,53,417,283,69,132,324,224,271,215,150,128,141,125,0,19,45,76,0,19,5,10,0,19,0,19,4289,758,156,168,288,187,388,239,273,241,21,33,26,40,13,24,140,138,419,191,354,199,242,204,289,204,150,84,314,208,257,171,141,134,112,106,302,201,46,75,201,129,119,112,6,11,32,54
1400000US36061024500,"Census Tract 245, New York County, New York",Manhattan,14577,1590,7900,1139,347,242,181,173,550,204,269,246,14,26,29,47,103,124,421,272,612,376,473,291,1096,490,845,525,399,322,391,317,314,279,429,310,161,191,113,137,554,534,184,226,155,135,158,142,102,164,6677,1088,273,221,169,186,358,235,0,21,383,216,222,186,352,365,144,143,553,311,401,264,655,540,466,308,0,21,166,155,581,280,291,266,328,187,114,150,229,270,233,264,258,176,227,175,274,212
1400000US36061024700,"Census Tract 247, New York County, New York",Manhattan,6102,1040,2803,598,60,56,114,74,180,101,78,72,38,47,12,19,0,19,18,39,282,290,271,163,390,199,203,159,218,203,150,117,26,47,79,103,134,105,97,93,40,64,218,142,18,29,110,119,67,91,3299,682,34,47,37,60,102,122,0,19,0,19,24,48,0,19,165,120,379,302,137,87,267,153,176,117,109,96,99,103,328,153,164,154,63,79,81,123,131,112,347,333,170,128,260,192,226,212
1400000US36061024900,"Census Tract 249, New York County, New York",Manhattan,984,211,422,106,0,14,35,36,0,14,0,14,0,14,1,7,0,14,8,12,37,32,42,34,86,55,46,47,11,17,22,24,44,38,29,33,2,4,12,13,30,35,17,24,0,14,0,14,0,14,562,155,6,10,30,32,20,29,0,14,0,14,6,10,17,21,33,27,64,69,27,27,53,45,54,37,26,28,0,14,1,9,27,31,22,26,19,32,46,44,19,23,0,14,29,25,63,73
1400000US36061025100,"Census Tract 251, New York County, New York",Manhattan,2502,327,1335,246,46,49,43,38,109,61,18,27,25,33,23,25,0,14,77,54,142,101,85,46,51,41,36,53,163,74,81,70,36,34,116,111,127,84,29,38,36,35,45,32,9,13,13,21,25,36,1167,228,90,99,25,41,75,60,57,72,42,34,7,16,42,41,111,98,65,42,83,54,9,14,80,55,46,34,43,37,59,37,54,48,8,9,51,44,37,43,50,33,46,36,19,25,68,59
1400000US36061025300,"Census Tract 253, New York County, New York",Manhattan,10189,1586,5378,898,173,143,210,144,288,207,244,208,103,108,0,21,129,150,160,111,649,323,522,222,639,269,118,79,545,248,203,269,218,168,25,38,268,198,61,54,249,165,119,125,257,150,176,161,22,36,4811,935,169,114,371,172,139,165,188,263,49,79,216,260,13,22,152,84,396,198,379,143,231,161,292,196,347,281,300,147,127,100,162,116,125,68,258,143,205,174,225,116,224,138,51,52,192,156
1400000US36061025500,"Census Tract 255, New York County, New York",Manhattan,5562,1094,2012,455,34,61,51,81,108,121,139,151,70,62,22,24,11,16,194,106,232,131,106,97,142,127,27,44,184,133,86,93,270,203,41,70,62,75,42,72,0,19,91,91,71,90,12,28,17,31,3550,986,36,46,55,87,0,19,0,19,69,61,43,37,36,38,519,304,562,198,291,188,58,77,302,194,553,556,75,120,326,227,51,69,161,133,73,93,86,104,1,3,128,96,47,60,78,108
1400000US36061025700,"Census Tract 257, New York County, New York",Manhattan,4443,566,2197,411,65,51,39,39,128,72,32,41,63,57,14,16,0,14,12,18,113,80,139,68,373,219,232,145,211,166,400,245,57,43,53,47,91,68,11,19,49,45,50,80,51,79,0,14,14,23,2246,433,81,70,109,81,206,142,52,38,38,38,7,12,20,34,46,49,140,86,294,150,238,174,336,156,73,44,187,102,76,45,26,26,60,79,88,85,48,51,28,36,22,23,57,73,14,22
1400000US36061025900,"Census Tract 259, New York County, New York",Manhattan,4790,633,2340,437,72,66,147,89,117,97,118,114,12,20,13,20,18,30,41,49,237,216,441,163,178,93,138,84,198,139,309,156,136,66,56,57,34,39,15,26,25,25,10,16,10,15,15,29,0,14,2450,419,193,129,215,103,275,141,131,112,58,56,0,14,0,14,60,52,123,68,200,95,210,129,174,101,279,139,165,122,185,96,11,19,73,47,9,14,36,38,22,26,17,21,14,19,0,14
1400000US36061026100,"Census Tract 261, New York County, New York",Manhattan,12041,1824,5598,1334,465,242,339,242,133,115,192,144,141,105,142,139,47,63,186,97,506,356,693,406,563,315,547,282,160,132,158,162,262,189,167,164,205,113,163,135,161,121,232,130,82,107,54,65,0,21,6443,845,318,246,386,317,95,169,314,271,99,101,63,72,150,128,223,191,336,244,636,297,554,267,460,259,494,208,303,215,421,241,210,135,90,96,50,56,372,202,404,174,219,128,104,118,142,101
1400000US36061026300,"Census Tract 263, New York County, New York",Manhattan,8342,1309,4562,944,297,288,0,19,435,236,182,165,123,108,0,19,0,19,496,382,523,264,679,308,344,237,282,166,121,107,285,225,15,27,74,72,126,152,31,39,0,19,241,186,207,130,14,26,87,97,3780,694,211,161,130,98,167,135,32,54,0,19,124,147,0,19,252,168,301,226,298,188,413,252,236,240,343,214,74,101,268,213,133,137,78,94,155,129,155,130,135,97,156,123,73,87,46,62
1400000US36061026500,"Census Tract 265, New York County, New York",Manhattan,7702,1168,3384,735,120,117,72,70,254,191,54,83,18,30,44,52,23,37,157,123,80,71,393,267,402,251,224,160,500,450,96,114,67,66,21,34,432,263,135,114,78,110,185,133,29,42,0,19,0,19,4318,837,196,177,236,193,232,120,39,51,28,42,74,87,24,38,221,175,269,226,643,350,233,151,365,250,157,134,380,341,204,146,309,271,31,47,99,101,267,151,90,82,154,145,33,43,34,56
1400000US36061026700,"Census Tract 267, New York County, New York",Manhattan,2227,192,1352,116,68,51,10,15,22,23,12,22,206,92,163,73,90,52,267,87,158,90,49,35,108,65,30,26,28,32,18,20,24,25,11,16,28,39,0,14,18,20,25,23,10,14,0,14,7,12,875,143,111,55,12,22,71,45,67,41,0,14,5,8,41,33,80,33,66,51,55,41,47,40,46,42,89,49,16,19,6,9,12,15,50,47,19,19,34,40,20,19,19,17,0,14,9,14
1400000US36061026900,"Census Tract 269, New York County, New York",Manhattan,7601,1450,4075,910,178,186,116,139,192,165,110,123,24,21,45,29,42,32,58,29,321,224,401,248,719,577,96,140,581,600,26,42,212,177,167,174,107,105,208,183,104,120,164,171,101,149,8,27,95,151,3526,791,190,188,258,309,308,187,1,3,36,56,107,105,0,19,221,207,136,139,144,137,322,206,245,149,76,86,100,93,327,181,271,253,175,135,64,89,79,75,148,142,117,109,106,112,95,125
1400000US36061027100,"Census Tract 271, New York County, New York",Manhattan,7742,1095,3705,681,63,66,5,8,145,131,64,80,0,19,0,19,98,113,230,158,861,410,203,134,151,119,185,116,193,164,594,298,218,152,124,107,156,125,88,104,72,119,153,106,22,31,28,45,52,59,4037,657,437,259,120,84,56,80,92,97,0,19,0,19,0,19,278,146,225,165,175,119,344,156,466,227,386,234,168,124,308,177,21,33,177,186,36,39,170,151,259,161,165,127,51,51,103,137
1400000US36061027300,"Census Tract 273, New York County, New York",Manhattan,7434,1102,3802,823,206,124,296,220,502,356,34,40,48,71,0,19,41,58,24,39,397,360,482,247,396,156,189,120,203,134,212,110,319,190,131,121,39,47,22,37,30,34,97,62,64,59,24,39,46,50,3632,463,211,185,299,221,144,109,266,223,17,31,41,53,0,19,18,31,220,116,261,134,261,126,330,176,358,164,364,181,118,84,0,19,133,77,64,74,200,152,90,67,160,109,0,19,77,68
1400000US36061027500,"Census Tract 275, New York County, New York",Manhattan,3164,573,1750,541,18,18,46,36,17,18,25,21,63,58,12,21,10,15,10,16,10,15,64,50,487,501,89,68,103,64,151,97,139,70,22,25,50,36,80,63,91,66,71,48,111,74,36,34,45,44,1414,174,92,63,31,25,47,33,31,23,12,17,22,35,12,19,15,18,23,27,127,51,70,49,98,57,121,72,153,51,62,53,77,74,123,58,54,38,66,39,75,52,15,18,56,39,32,32
1400000US36061027700,"Census Tract 277, New York County, New York",Manhattan,6441,1211,3027,672,84,110,30,53,154,116,129,118,36,55,0,19,146,151,272,167,240,150,85,89,412,298,148,174,254,181,65,96,117,123,67,105,23,43,44,67,160,134,41,60,67,77,323,382,130,52,3414,697,194,229,241,246,61,106,82,78,25,42,0,19,0,19,121,80,284,159,151,88,325,126,141,142,112,96,121,113,355,171,189,165,125,109,186,211,106,107,176,123,31,31,179,142,209,68
1400000US36061027900,"Census Tract 279, New York County, New York",Manhattan,9587,1522,5198,879,266,243,156,236,221,235,146,174,133,124,150,141,68,89,138,147,540,221,285,198,613,359,312,289,581,278,323,184,293,182,96,112,261,213,191,143,115,99,63,94,223,259,0,19,24,38,4389,827,123,144,135,143,260,248,103,98,12,22,1,3,0,19,246,155,317,128,373,258,732,351,467,288,496,165,219,186,213,154,12,18,234,140,82,121,138,128,69,84,107,139,43,53,7,12
1400000US36061028100,"Census Tract 281, New York County, New York",Manhattan,3308,444,1466,234,88,57,79,50,159,71,13,15,0,14,7,12,0,14,0,14,19,21,221,85,119,78,118,89,135,61,39,41,222,132,8,14,18,23,19,35,58,48,27,21,79,51,21,25,17,20,1842,334,47,46,126,85,73,55,25,35,26,48,35,47,0,14,83,84,158,164,170,71,127,63,125,73,211,81,58,49,154,95,40,34,37,34,15,18,57,46,79,59,79,48,61,39,56,27
1400000US36061028300,"Census Tract 283, New York County, New York",Manhattan,8040,1661,3496,689,143,150,138,95,104,103,2,5,141,133,31,40,26,35,10,16,323,211,452,211,99,91,151,107,340,195,163,123,424,263,84,70,53,66,181,221,144,162,304,190,84,67,40,60,59,52,4544,1090,162,123,156,160,365,238,92,76,24,42,66,98,52,61,101,64,365,215,143,86,144,118,426,178,438,267,361,207,349,213,27,33,205,113,245,191,282,329,228,135,141,82,98,85,74,94
1400000US36061028500,"Census Tract 285, New York County, New York",Manhattan,7094,1361,3574,891,65,110,73,93,118,98,173,139,81,90,59,96,0,19,153,114,346,195,231,129,261,202,378,254,132,98,149,156,259,214,125,114,148,101,289,317,126,88,356,222,24,39,26,43,2,3,3520,734,181,169,77,86,321,223,33,44,121,107,55,68,51,83,90,72,361,225,339,151,204,174,215,165,225,177,153,116,92,76,54,86,174,123,81,64,161,123,116,104,297,176,90,91,29,39
1400000US36061028700,"Census Tract 287, New York County, New York",Manhattan,3690,589,1836,428,194,178,13,20,57,50,34,51,0,14,12,19,0,14,30,32,65,61,174,132,151,110,182,96,83,66,232,125,87,70,118,85,110,87,0,14,47,51,75,55,61,53,42,48,69,96,1854,251,123,107,142,124,116,93,56,58,24,39,26,32,2,5,77,61,67,63,129,71,281,157,145,71,147,92,141,74,53,42,23,32,82,72,17,20,55,66,108,66,11,27,29,28,0,14
1400000US36061029100,"Census Tract 291, New York County, New York",Manhattan,10870,1553,5451,917,269,187,226,174,176,148,207,140,159,114,169,118,43,54,133,135,548,333,795,401,574,294,388,232,194,138,382,225,398,227,33,42,161,119,98,85,114,126,56,60,121,151,113,82,94,127,5419,989,67,75,228,186,332,217,167,118,105,84,53,57,94,93,179,108,583,492,461,195,529,222,172,121,399,303,395,201,501,231,119,118,215,168,71,94,132,91,213,115,131,104,149,131,124,111
1400000US36061029300,"Census Tract 293, New York County, New York",Manhattan,8011,1864,3230,809,216,160,252,257,202,163,220,191,19,32,66,78,0,19,104,101,286,185,327,169,262,218,196,188,108,117,103,135,202,155,103,101,186,175,29,46,73,82,24,39,23,37,168,122,61,65,4781,1332,496,471,227,161,522,318,103,90,24,44,92,104,25,42,208,185,333,197,541,401,275,183,20,33,403,202,257,146,299,171,19,28,194,128,67,106,181,125,84,69,144,125,129,86,138,124
1400000US36061029500,"Census Tract 295, New York County, New York",Manhattan,7565,1046,3942,761,221,214,256,173,0,19,0,19,0,19,0,19,0,19,123,126,392,257,315,178,755,573,347,230,225,212,375,181,188,110,81,82,61,59,63,58,195,137,60,67,230,135,55,58,0,19,3623,577,81,137,75,86,400,211,65,76,15,25,0,19,12,15,177,142,327,186,328,146,211,152,195,180,185,149,285,175,102,57,163,145,144,102,108,76,332,201,202,128,121,75,22,32,73,106
1400000US36061029700,"Census Tract 297, New York County, New York",Manhattan,13,5,7,4,0,14,0,14,0,14,0,14,0,14,0,14,0,14,0,14,4,5,0,14,0,14,0,14,0,14,0,14,0,14,1,4,0,14,0,14,2,5,0,14,0,14,0,14,0,14,6,5,0,14,0,14,0,14,0,14,0,14,0,14,0,14,0,14,0,14,0,14,0,14,2,4,2,4,2,4,0,14,0,14,0,14,0,14,0,14,0,14,0,14,0,14,0,14
1400000US36061029900,"Census Tract 299, New York County, New York",Manhattan,3532,611,1620,384,20,34,86,118,110,83,39,49,13,21,15,25,0,14,41,38,100,85,228,215,21,25,114,114,96,87,207,113,223,147,0,14,0,14,49,62,84,81,116,82,15,26,10,18,33,35,1912,312,74,96,49,67,176,129,59,71,0,14,11,18,69,55,84,51,71,69,76,59,84,90,13,21,179,115,133,98,151,66,88,89,69,58,20,30,147,82,180,95,90,70,71,82,18,22
1400000US36061030300,"Census Tract 303, New York County, New York",Manhattan,3309,586,1789,440,93,84,39,39,14,30,100,75,17,28,6,10,10,15,70,107,133,77,122,87,117,73,212,140,60,79,123,79,226,125,41,40,83,61,38,32,71,54,159,147,14,20,12,19,29,32,1520,273,30,59,26,31,19,30,31,49,0,14,0,14,0,14,8,14,170,103,137,70,135,73,199,146,57,47,107,75,108,77,0,14,96,61,28,38,14,21,135,89,26,27,55,44,139,99
1400000US36061030700,"Census Tract 307, New York County, New York",Manhattan,3563,549,1969,427,52,60,39,43,38,32,93,112,20,37,0,14,78,75,69,77,148,102,210,129,177,125,33,42,185,133,228,142,196,92,37,45,38,28,10,16,104,58,96,50,54,41,11,17,53,55,1594,214,34,34,23,26,81,43,17,19,41,43,2,6,0,14,7,10,33,24,124,66,93,54,90,59,122,45,225,115,264,155,61,45,116,55,20,23,49,33,116,74,23,26,22,23,31,23
1400000US36061030900,"Census Tract 309, New York County, New York",Manhattan,10253,1556,4179,1021,167,129,274,199,494,310,241,188,102,113,0,21,27,45,138,92,537,404,426,273,102,84,71,64,193,163,203,142,386,259,148,128,69,83,96,79,163,225,132,118,100,90,24,39,86,98,6074,829,459,273,416,316,336,197,407,202,83,99,100,133,81,99,153,160,278,165,519,211,272,154,240,147,437,201,405,216,626,341,0,21,162,140,261,205,112,92,229,144,166,133,209,174,123,119
1400000US36061031100,"Census Tract 311, New York County, New York",Manhattan,0,14,0,14,0,14,0,14,0,14,0,14,0,14,0,14,0,14,0,14,0,14,0,14,0,14,0,14,0,14,0,14,0,14,0,14,0,14,0,14,0,14,0,14,0,14,0,14,0,14,0,14,0,14,0,14,0,14,0,14,0,14,0,14,0,14,0,14,0,14,0,14,0,14,0,14,0,14,0,14,0,14,0,14,0,14,0,14,0,14,0,14,0,14,0,14,0,14
1400000US36061031703,"Census Tract 317.03, New York County, New York",Manhattan,5887,1028,3135,649,173,105,233,203,316,236,163,129,0,19,0,19,0,19,18,25,146,104,211,124,369,225,441,212,374,290,159,117,151,116,223,230,27,44,0,19,17,30,54,69,32,37,28,32,0,19,2752,544,329,197,270,161,90,98,54,64,0,19,19,31,0,19,18,23,98,77,226,135,272,199,422,187,427,271,120,100,106,89,18,34,8,15,0,19,124,113,15,23,14,24,48,51,74,64
1400000US36061031704,"Census Tract 317.04, New York County, New York",Manhattan,10097,1409,4521,643,304,205,203,124,46,92,227,130,0,21,0,21,46,78,93,62,525,284,507,262,273,159,532,438,438,261,381,358,292,207,80,68,218,156,163,141,165,103,0,21,28,44,0,21,0,21,5576,933,267,193,368,251,136,109,55,62,0,21,0,21,0,21,272,190,493,279,381,154,633,287,381,269,668,500,521,275,364,240,210,151,338,278,15,23,184,141,162,138,53,58,0,21,75,87
1400000US36061031900,"Census Tract 319, New York County, New York",Manhattan,0,14,0,14,0,14,0,14,0,14,0,14,0,14,0,14,0,14,0,14,0,14,0,14,0,14,0,14,0,14,0,14,0,14,0,14,0,14,0,14,0,14,0,14,0,14,0,14,0,14,0,14,0,14,0,14,0,14,0,14,0,14,0,14,0,14,0,14,0,14,0,14,0,14,0,14,0,14,0,14,0,14,0,14,0,14,0,14,0,14,0,14,0,14,0,14,0,14
1400000US36081000101,"Census Tract 1.01, Queens County, New York",Queens,4665,808,2002,397,115,85,59,55,17,31,0,14,0,14,30,45,0,14,65,81,201,112,232,114,333,277,165,107,174,101,97,72,118,105,89,85,85,77,27,37,126,180,26,48,0,14,0,14,43,46,2663,619,130,141,145,187,150,157,40,61,0,14,0,14,0,14,0,14,133,83,588,257,263,109,378,390,255,143,64,59,90,83,17,27,59,53,34,52,0,14,78,59,30,34,24,40,185,272
1400000US36081000102,"Census Tract 1.02, Queens County, New York",Queens,6790,877,3662,489,473,284,311,219,0,19,18,29,0,19,0,19,0,19,76,96,419,269,701,170,708,264,317,176,184,117,106,121,200,148,56,64,77,59,0,19,0,19,16,26,0,19,0,19,0,19,3128,520,334,222,42,49,48,70,52,60,0,19,0,19,0,19,83,87,373,166,720,208,616,324,382,187,112,82,159,136,44,45,13,31,29,36,0,19,16,25,51,52,0,19,0,19,54,53
1400000US36081000103,"Census Tract 1.03, Queens County, New York",Queens,35,45,35,45,0,14,0,14,0,14,0,14,0,14,0,14,0,14,0,14,0,14,0,14,5,7,0,14,0,14,16,26,14,22,0,14,0,14,0,14,0,14,0,14,0,14,0,14,0,14,0,14,0,14,0,14,0,14,0,14,0,14,0,14,0,14,0,14,0,14,0,14,0,14,0,14,0,14,0,14,0,14,0,14,0,14,0,14,0,14,0,14,0,14,0,14,0,14
1400000US36081000104,"Census Tract 1.04, Queens County, New York",Queens,281,123,192,111,0,14,0,14,0,14,24,39,0,14,0,14,0,14,0,14,23,32,22,30,12,31,0,14,7,14,7,14,48,58,26,29,0,14,8,14,0,14,8,14,7,14,0,14,0,14,89,85,0,14,0,14,0,14,0,14,0,14,0,14,0,14,0,14,16,21,21,30,0,14,24,61,0,14,24,39,0,14,0,14,0,14,4,15,0,14,0,14,0,14,0,14,0,14
1400000US36081000200,"Census Tract 2, Queens County, New York",Queens,2439,483,1410,331,39,33,26,27,94,78,39,26,8,14,44,30,20,31,37,40,110,57,76,50,90,48,189,205,128,57,68,51,55,47,81,53,77,64,118,110,20,20,50,29,10,11,0,14,31,38,1029,231,27,26,11,18,20,21,24,24,51,41,6,10,0,14,58,52,151,76,66,45,74,39,45,60,81,48,31,30,193,83,37,23,45,44,29,25,50,27,19,19,5,9,6,11,0,14
1400000US36081000400,"Census Tract 4, Queens County, New York",Queens,4102,1069,1782,422,51,56,22,36,153,129,46,63,20,32,73,97,0,14,53,52,136,84,65,55,122,108,299,226,50,55,169,96,81,49,93,71,17,28,76,74,108,101,58,45,50,82,40,66,0,14,2320,688,249,244,38,44,130,109,180,187,67,75,18,29,12,19,77,66,159,93,98,65,280,134,118,167,153,97,169,115,231,120,71,87,77,51,24,28,25,29,98,89,2,4,35,46,9,16
1400000US36081000600,"Census Tract 6, Queens County, New York",Queens,3549,762,1783,380,217,173,109,64,103,59,50,54,51,36,14,20,10,17,63,47,201,113,0,14,97,48,160,128,82,97,156,82,133,69,0,14,92,82,118,87,25,38,48,53,43,47,5,9,6,10,1766,471,67,64,112,136,133,129,78,86,49,36,18,28,43,64,17,29,124,65,153,142,202,86,29,38,129,60,158,86,110,51,23,24,97,65,98,66,43,46,50,55,3,12,24,26,6,12
1400000US36081000701,"Census Tract 7.01, Queens County, New York",Queens,3691,478,1904,305,223,167,57,60,33,38,10,24,0,14,0,14,0,14,66,64,202,94,324,123,263,210,110,63,160,146,184,145,73,48,0,14,119,105,14,21,14,24,0,14,52,64,0,14,0,14,1787,339,97,57,85,41,244,221,0,14,0,14,0,14,0,14,27,31,219,81,249,118,124,60,188,102,209,143,165,95,80,75,0,14,11,17,0,14,30,33,55,46,0,14,0,14,4,11
1400000US36081000702,"Census Tract 7.02, Queens County, New York",Queens,4643,739,2317,493,400,308,94,85,74,75,14,26,0,14,0,14,0,14,68,70,331,110,206,115,188,102,371,176,151,85,59,57,149,105,0,14,46,56,13,26,11,27,23,35,17,27,17,29,85,137,2326,535,201,113,275,269,0,14,17,30,0,14,43,42,0,14,38,45,303,93,256,138,269,166,274,169,120,65,119,106,88,76,0,14,0,14,0,14,17,29,162,122,44,55,100,70,0,14
1400000US36081000800,"Census Tract 8, Queens County, New York",Queens,3768,592,1745,329,80,82,126,90,89,92,16,20,33,42,6,11,5,7,109,78,192,106,200,93,28,18,89,64,168,105,137,94,45,42,102,74,103,65,2,3,109,96,60,50,45,44,1,2,0,14,2023,428,131,114,80,67,92,103,25,31,18,31,0,14,6,10,116,69,246,131,88,71,164,110,49,34,177,105,138,97,92,56,50,57,35,25,105,67,165,122,140,121,35,40,27,35,44,38
1400000US36081001000,"Census Tract 10, Queens County, New York",Queens,4636,845,2606,549,158,86,195,104,239,157,108,64,124,83,23,26,48,43,97,75,223,118,189,77,181,95,93,72,145,85,119,76,163,101,29,32,251,324,43,35,51,43,43,64,54,51,0,14,30,32,2030,392,49,45,156,73,119,97,88,59,0,14,44,48,77,59,133,92,115,43,137,79,280,246,140,77,117,64,115,65,141,60,21,24,71,63,45,42,31,36,77,55,36,42,38,34,0,14
1400000US36081001200,"Census Tract 12, Queens County, New York",Queens,4603,766,2462,617,82,64,190,132,227,146,132,87,39,29,40,61,4,11,61,88,35,24,145,99,349,204,327,248,189,189,128,81,119,97,99,84,60,65,29,33,11,16,72,61,49,48,47,41,28,25,2141,406,54,76,102,122,226,130,63,54,55,58,108,142,81,77,15,23,166,114,152,100,132,85,275,133,91,75,116,79,147,97,29,29,27,31,0,14,99,97,108,93,34,35,50,39,11,18
1400000US36081001400,"Census Tract 14, Queens County, New York",Queens,3609,799,1873,438,100,94,35,43,88,88,152,137,52,56,5,8,3,11,18,30,131,62,172,109,59,72,116,78,263,238,76,68,318,245,135,88,0,14,0,14,38,50,67,57,45,49,0,14,0,14,1736,490,66,82,21,33,32,42,33,49,14,26,0,14,65,67,108,73,175,100,68,69,15,31,89,70,373,416,169,115,196,136,41,49,29,35,23,28,16,26,57,45,10,16,58,49,78,52
1400000US36081001600,"Census Tract 16, Queens County, New York",Queens,2650,547,1201,280,31,40,92,60,42,52,61,35,16,14,11,18,0,14,23,19,64,34,119,51,36,28,93,64,88,49,49,38,143,81,26,32,169,193,21,16,33,27,42,36,21,27,12,14,9,12,1449,289,17,17,98,53,47,37,80,78,14,18,0,14,7,10,54,34,96,48,64,31,157,75,46,35,113,82,82,40,104,47,47,28,237,231,20,20,9,16,96,57,20,20,11,16,30,28
1400000US36081001800,"Census Tract 18, Queens County, New York",Queens,3025,650,1650,391,110,81,107,92,55,51,49,47,41,48,8,10,0,14,176,107,98,51,59,40,95,97,104,61,94,58,92,60,159,92,25,28,32,32,21,33,88,50,195,116,26,24,0,14,16,25,1375,307,22,27,55,58,65,52,6,9,20,25,6,9,0,14,0,14,163,104,81,56,108,64,7,13,101,60,206,93,157,111,25,31,81,51,48,40,45,50,38,31,22,17,15,21,104,153
1400000US36081001901,"Census Tract 19.01, Queens County, New York",Queens,1738,414,786,241,65,76,19,24,15,19,0,14,0,14,0,14,0,14,0,14,90,68,142,72,209,195,90,63,66,91,28,32,21,31,2,19,0,14,0,14,0,14,23,34,0,14,0,14,16,27,952,228,32,35,0,14,3,21,11,15,0,14,0,14,0,14,53,61,102,69,323,184,137,99,123,97,60,47,1,15,19,28,32,37,32,44,0,14,0,14,24,34,0,14,0,14,0,14
1400000US36081001902,"Census Tract 19.02, Queens County, New York",Queens,6561,984,3266,548,49,78,62,60,0,19,0,19,11,21,0,19,0,19,18,27,995,376,1027,319,501,281,384,237,90,55,73,121,0,19,0,19,4,7,0,19,0,19,0,19,52,82,0,19,0,19,3295,652,313,275,0,19,0,19,0,19,43,70,17,29,47,74,274,218,1107,388,659,228,262,156,463,305,60,93,0,19,13,19,0,19,0,19,0,19,0,19,37,2,0,19,0,19,0,19
1400000US36081001903,"Census Tract 19.03, Queens County, New York",Queens,2060,279,978,203,78,83,0,14,23,39,0,14,0,14,0,14,0,14,45,46,188,90,236,110,138,110,97,71,119,86,35,42,4,16,15,25,0,14,0,14,0,14,0,14,0,14,0,14,0,14,1082,250,34,28,35,29,28,43,0,14,0,14,0,14,4,14,37,43,314,173,328,181,131,89,94,57,43,46,5,16,4,11,24,28,0,14,0,14,0,14,0,14,1,11,0,14,0,14
1400000US36081002000,"Census Tract 20, Queens County, New York",Queens,1774,286,805,165,38,17,72,42,48,43,25,36,10,11,14,22,0,14,15,18,36,34,48,39,95,36,38,39,53,32,68,43,64,42,47,41,43,37,0,14,5,10,61,44,14,16,0,14,11,12,969,187,43,32,62,45,38,36,36,34,21,21,0,14,18,21,37,25,46,40,78,38,18,18,49,39,28,28,175,72,42,29,30,32,16,23,36,40,35,25,73,48,30,26,58,78,0,14
1400000US36081002200,"Census Tract 22, Queens County, New York",Queens,2021,413,939,240,25,26,100,99,63,59,44,65,0,14,22,32,0,14,38,37,30,31,120,74,62,63,97,63,29,23,32,29,64,55,17,18,22,23,20,24,84,55,12,15,4,7,37,30,17,27,1082,216,100,67,84,70,39,57,35,31,41,40,0,14,0,14,30,23,23,18,54,34,184,89,30,28,28,34,58,59,102,54,37,38,24,27,83,53,30,22,40,34,13,21,27,38,20,25
1400000US36081002400,"Census Tract 24, Queens County, New York",Queens,2080,531,1151,362,124,119,93,61,59,54,43,36,22,28,49,56,0,14,49,73,25,26,13,16,127,71,41,33,103,91,99,75,71,51,27,30,82,52,32,34,9,14,39,29,44,46,0,14,0,14,929,219,76,55,29,32,28,51,15,22,41,31,0,14,10,12,34,31,20,22,188,144,60,36,33,34,69,62,88,55,31,25,32,35,25,20,16,17,37,26,27,19,30,23,21,24,19,21
1400000US36081002500,"Census Tract 25, Queens County, New York",Queens,6530,991,2720,659,101,102,45,70,268,160,95,85,19,32,50,55,45,55,324,276,337,183,275,141,40,49,74,79,39,59,51,59,256,378,90,86,107,100,21,37,126,134,56,49,191,138,52,85,58,84,3810,677,182,129,80,94,214,176,60,72,117,119,25,34,0,19,176,177,568,405,319,165,123,88,92,83,375,194,271,168,288,140,94,88,202,127,112,70,96,109,187,104,135,120,0,19,94,118
1400000US36081002600,"Census Tract 26, Queens County, New York",Queens,2236,430,1016,208,39,40,40,49,63,41,19,19,0,14,0,14,47,38,20,19,122,61,95,49,99,54,53,30,77,54,58,38,43,28,10,11,44,39,21,32,50,33,51,28,17,18,18,28,30,38,1220,351,51,47,82,44,126,92,40,35,25,20,0,14,0,14,38,32,47,38,112,98,23,24,34,23,95,57,88,48,95,43,49,43,8,13,124,189,36,37,32,30,97,54,8,13,10,15
1400000US36081002800,"Census Tract 28, Queens County, New York",Queens,2883,519,1411,433,21,32,7,12,39,40,48,45,13,21,33,40,29,32,31,49,280,256,83,56,79,49,43,41,18,29,137,84,75,56,159,118,27,29,19,31,9,14,150,209,64,49,47,73,0,14,1472,296,44,51,152,95,26,36,55,61,0,14,17,26,0,14,108,86,80,63,79,54,132,77,70,55,87,88,132,95,185,91,8,19,8,12,9,15,2,19,200,90,26,42,52,76,0,14
1400000US36081003000,"Census Tract 30, Queens County, New York",Queens,1410,461,674,258,12,19,20,21,33,27,28,44,53,75,11,18,0,14,131,94,24,25,32,30,38,43,66,59,9,12,31,25,87,93,25,21,0,14,29,39,0,14,13,20,18,22,6,11,8,15,736,238,10,14,73,90,0,14,12,16,6,9,0,14,6,9,126,108,62,52,24,20,75,53,33,33,17,20,65,53,68,81,28,39,4,6,0,14,32,18,39,47,11,16,21,20,24,32
1400000US36081003100,"Census Tract 31, Queens County, New York",Queens,1715,224,898,161,24,26,18,27,0,14,0,14,0,14,7,10,25,28,20,15,222,80,129,56,168,73,52,36,0,14,37,31,63,47,0,14,0,14,12,19,22,25,0,14,14,33,0,14,85,57,817,130,45,46,36,44,0,14,0,14,0,14,5,8,0,14,60,51,164,71,156,64,117,66,23,20,21,26,43,42,41,44,28,34,16,19,0,14,0,14,6,10,3,6,41,48,12,11
1400000US36081003200,"Census Tract 32, Queens County, New York",Queens,1902,389,961,258,17,27,60,40,121,71,52,40,43,42,14,19,0,14,89,52,103,47,1,2,29,26,42,43,87,60,81,47,45,37,28,40,20,20,11,16,73,94,38,37,6,10,1,3,0,14,941,211,85,58,26,21,38,40,35,42,19,29,0,14,4,7,13,15,90,30,88,56,13,16,24,19,128,43,47,38,124,84,45,46,53,33,10,13,34,25,16,16,0,14,45,41,4,7
1400000US36081003301,"Census Tract 33.01, Queens County, New York",Queens,4042,530,2320,315,165,112,39,2,12,19,0,14,31,49,0,14,0,14,338,182,450,182,463,143,376,159,218,128,51,56,54,31,40,42,9,29,0,14,74,115,0,14,0,14,0,14,0,14,0,14,1722,398,34,48,0,14,0,14,0,14,30,47,0,14,37,59,128,89,526,173,504,331,242,114,60,32,64,62,88,67,9,26,0,14,0,14,0,14,0,14,0,14,0,14,0,14,0,14
1400000US36081003302,"Census Tract 33.02, Queens County, New York",Queens,1056,193,525,134,14,28,26,42,3,9,28,47,13,14,0,14,10,16,75,62,77,69,84,50,32,35,0,14,29,29,32,30,31,33,0,14,32,32,18,28,0,14,16,22,0,14,5,8,0,14,531,112,45,52,0,14,14,13,10,9,9,8,7,11,0,14,84,70,50,45,61,49,75,61,8,12,29,36,22,31,15,24,0,14,0,14,8,11,0,14,33,38,21,26,27,43,13,19
1400000US36081003400,"Census Tract 34, Queens County, New York",Queens,2619,399,1374,262,50,32,142,68,63,41,80,60,3,6,56,55,48,55,122,80,127,71,61,41,34,32,52,42,139,63,58,48,46,29,44,42,64,72,23,32,0,14,91,55,21,30,50,69,0,14,1245,211,40,48,98,75,34,39,13,21,39,31,0,14,0,14,30,41,109,66,111,60,55,37,118,80,113,69,122,45,84,88,62,60,63,68,0,14,19,23,53,39,29,23,20,29,33,31
1400000US36081003600,"Census Tract 36, Queens County, New York",Queens,3330,729,1483,409,111,99,75,57,120,83,0,14,25,36,0,14,79,96,60,48,110,109,65,74,36,30,121,106,84,64,119,80,12,21,90,66,50,63,47,44,23,28,182,169,29,31,17,21,28,43,1847,402,67,57,180,131,109,86,63,66,9,18,14,23,16,32,68,56,147,73,137,85,134,96,44,42,109,95,172,105,167,93,11,18,0,14,6,10,261,173,122,103,10,15,1,3,0,14
1400000US36081003700,"Census Tract 37, Queens County, New York",Queens,0,14,0,14,0,14,0,14,0,14,0,14,0,14,0,14,0,14,0,14,0,14,0,14,0,14,0,14,0,14,0,14,0,14,0,14,0,14,0,14,0,14,0,14,0,14,0,14,0,14,0,14,0,14,0,14,0,14,0,14,0,14,0,14,0,14,0,14,0,14,0,14,0,14,0,14,0,14,0,14,0,14,0,14,0,14,0,14,0,14,0,14,0,14,0,14,0,14
1400000US36081003800,"Census Tract 38, Queens County, New York",Queens,2185,347,1169,228,76,56,99,74,61,71,21,33,60,63,45,47,0,14,39,33,66,49,123,77,134,90,81,52,64,57,41,31,61,40,15,20,23,36,0,14,61,52,32,34,51,49,0,14,16,21,1016,179,59,45,48,36,88,65,8,12,16,17,38,32,0,14,20,25,84,54,109,71,48,67,98,61,23,26,47,32,72,39,40,42,39,37,21,21,40,43,52,44,18,23,0,14,48,41
1400000US36081003900,"Census Tract 39, Queens County, New York",Queens,1480,399,719,134,50,48,17,18,33,29,23,28,1,7,18,21,0,14,94,64,83,78,121,46,51,41,59,40,16,16,54,45,43,26,0,14,18,21,6,10,6,11,19,29,7,11,0,14,0,14,761,364,16,18,27,31,37,33,73,54,0,14,0,14,5,10,20,25,65,57,235,323,42,34,42,40,18,21,78,52,46,30,5,9,5,10,8,17,0,14,8,13,0,14,31,27,0,14
1400000US36081004001,"Census Tract 40.01, Queens County, New York",Queens,2063,283,1078,157,26,33,34,28,57,38,27,20,29,34,5,10,38,29,65,32,115,54,62,49,43,42,120,53,73,50,139,77,0,14,27,28,119,57,12,14,40,25,31,27,8,11,0,14,8,12,985,168,47,35,59,59,57,35,23,24,22,20,0,14,24,17,6,10,66,38,50,26,76,42,122,76,28,23,118,47,79,62,65,26,45,32,28,25,28,24,16,14,9,12,0,14,17,17
1400000US36081004002,"Census Tract 40.02, Queens County, New York",Queens,1766,656,662,147,42,40,17,25,26,29,17,21,50,34,0,14,5,9,19,26,38,34,63,42,30,31,39,37,6,10,47,44,45,47,0,14,29,32,0,14,30,34,114,111,20,32,0,14,25,25,1104,538,58,77,96,75,41,58,65,51,0,14,6,10,13,18,35,39,41,41,59,40,19,18,88,57,13,12,33,38,57,34,0,14,40,33,25,24,22,26,176,213,0,14,211,293,6,9
1400000US36081004200,"Census Tract 42, Queens County, New York",Queens,4651,649,2587,523,139,131,267,135,234,127,132,106,125,80,12,25,31,32,48,31,183,95,115,88,261,107,104,71,127,85,89,87,288,150,82,119,42,48,154,196,25,31,25,31,104,71,0,14,0,14,2064,362,111,69,152,104,153,62,200,179,20,27,0,14,14,29,74,91,50,43,145,82,223,101,77,67,217,92,115,74,190,114,26,29,98,61,6,17,30,34,85,63,50,56,28,43,0,14
1400000US36081004300,"Census Tract 43, Queens County, New York",Queens,2033,457,711,278,82,96,70,68,93,87,0,14,0,14,2,3,0,14,12,23,35,38,37,49,82,70,67,55,67,77,15,31,58,56,0,14,0,14,0,14,21,26,11,18,24,28,26,28,9,17,1322,326,96,143,70,69,66,71,18,27,6,22,88,55,16,27,13,22,127,103,79,61,25,38,38,43,110,51,44,35,79,55,11,19,26,36,3,6,118,76,87,57,67,61,99,101,36,43
1400000US36081004401,"Census Tract 44.01, Queens County, New York",Queens,3493,570,1602,342,67,72,94,63,98,69,32,34,35,36,63,58,0,14,34,27,77,52,202,96,157,86,191,129,140,83,134,156,0,14,73,63,53,43,37,41,81,74,17,26,13,21,3,9,1,4,1891,294,235,120,103,73,85,61,60,47,29,32,3,8,34,51,126,74,154,81,89,57,177,101,125,63,67,48,113,67,71,59,63,37,95,72,11,17,31,28,69,47,97,69,46,54,8,11
1400000US36081004500,"Census Tract 45, Queens County, New York",Queens,2758,417,1180,220,49,62,25,41,60,54,0,14,0,14,16,21,0,14,10,17,88,46,135,86,67,54,83,66,102,50,39,54,90,67,66,46,48,46,66,46,64,56,52,39,82,45,38,61,0,14,1578,298,43,52,0,14,63,58,0,14,18,24,19,19,0,14,19,16,45,34,145,92,81,67,151,105,91,89,198,128,56,47,97,56,82,47,67,44,29,26,113,76,78,60,30,37,153,91
1400000US36081004700,"Census Tract 47, Queens County, New York",Queens,3963,628,1861,377,325,232,83,80,80,60,35,41,0,14,11,20,9,14,64,50,74,59,202,92,222,109,202,127,55,48,48,44,27,34,42,44,73,56,43,67,99,74,108,78,34,32,15,23,10,16,2102,348,91,87,144,156,177,144,0,14,49,37,74,72,26,28,75,68,216,100,201,97,198,86,83,56,155,62,23,28,124,84,77,52,49,52,53,46,64,46,81,42,37,34,39,44,66,66
1400000US36081005000,"Census Tract 50, Queens County, New York",Queens,0,14,0,14,0,14,0,14,0,14,0,14,0,14,0,14,0,14,0,14,0,14,0,14,0,14,0,14,0,14,0,14,0,14,0,14,0,14,0,14,0,14,0,14,0,14,0,14,0,14,0,14,0,14,0,14,0,14,0,14,0,14,0,14,0,14,0,14,0,14,0,14,0,14,0,14,0,14,0,14,0,14,0,14,0,14,0,14,0,14,0,14,0,14,0,14,0,14
1400000US36081005100,"Census Tract 51, Queens County, New York",Queens,2303,492,1084,219,98,87,52,36,72,41,15,17,4,7,15,14,35,59,34,28,103,48,73,33,70,30,127,75,114,57,43,36,103,73,76,70,16,15,1,3,12,12,15,14,0,14,6,9,0,14,1219,319,78,86,28,19,97,84,53,38,4,6,31,40,11,12,50,53,173,84,188,87,51,37,81,33,68,44,57,36,64,62,13,10,33,34,27,23,26,21,53,65,14,15,15,24,4,8
1400000US36081005200,"Census Tract 52, Queens County, New York",Queens,2303,563,1240,446,48,54,44,53,40,42,18,22,32,33,22,22,27,40,74,63,259,345,36,39,90,67,67,47,30,36,186,150,109,74,22,27,33,36,43,33,51,50,8,12,1,3,0,14,0,14,1063,207,139,129,20,36,83,47,32,29,17,17,31,36,8,13,48,40,98,49,18,20,49,39,98,61,53,37,98,45,54,44,58,59,51,42,0,14,51,30,28,41,0,14,0,14,29,24
1400000US36081005300,"Census Tract 53, Queens County, New York",Queens,5188,883,2782,616,50,59,136,104,112,128,11,19,41,39,80,83,19,31,82,82,267,141,537,228,286,160,249,235,181,105,332,257,247,119,20,32,40,45,0,19,17,28,52,49,0,19,0,19,23,37,2406,416,22,35,121,122,153,107,74,74,0,19,63,75,0,19,105,76,324,182,456,256,295,142,68,55,295,182,188,113,44,71,0,19,34,39,65,83,10,23,35,40,21,35,15,21,18,30
1400000US36081005400,"Census Tract 54, Queens County, New York",Queens,5341,750,2656,424,30,50,208,107,219,114,158,90,111,124,23,28,16,19,118,91,220,119,137,115,92,52,166,97,302,140,89,60,143,86,70,55,162,88,109,57,95,61,56,52,37,35,69,52,26,32,2685,455,69,66,36,39,125,95,30,47,50,37,83,113,35,32,102,75,201,121,107,66,150,87,118,92,315,138,92,60,386,215,48,46,245,175,87,71,147,90,61,53,100,77,44,56,54,48
1400000US36081005500,"Census Tract 55, Queens County, New York",Queens,1350,285,655,161,33,56,44,34,26,17,12,13,6,14,0,14,4,8,21,33,76,45,105,56,48,34,29,27,76,62,75,91,38,38,0,14,0,14,8,12,17,19,8,13,15,15,14,21,0,14,695,194,10,14,80,96,18,27,51,34,0,14,8,11,7,12,17,17,126,61,96,45,59,47,15,16,28,27,53,48,27,38,7,11,6,10,10,14,0,14,12,15,0,14,38,27,27,38
1400000US36081005700,"Census Tract 57, Queens County, New York",Queens,3800,481,2018,311,89,62,42,45,151,98,43,45,76,69,6,10,54,73,87,66,209,97,334,142,225,91,134,74,144,75,36,38,168,99,6,12,38,35,28,40,16,19,28,27,47,48,17,20,40,61,1782,299,26,31,33,28,51,63,44,53,0,14,0,14,0,14,78,61,461,269,180,106,287,115,176,85,91,64,0,14,65,58,0,14,0,14,79,50,42,33,70,59,53,61,36,35,10,17
1400000US36081005800,"Census Tract 58, Queens County, New York",Queens,6242,971,2920,596,98,131,277,164,123,102,200,141,109,83,14,24,40,50,199,158,313,128,308,174,244,116,132,108,54,46,136,104,151,104,44,68,62,60,134,115,48,65,66,64,106,52,43,54,19,31,3322,625,290,163,377,238,296,239,98,75,14,26,0,19,70,60,65,59,311,161,253,108,224,124,51,48,146,89,191,126,128,93,65,70,249,164,94,85,70,48,86,49,28,30,0,19,216,175
1400000US36081005900,"Census Tract 59, Queens County, New York",Queens,4208,830,1719,319,20,32,0,14,31,42,0,14,1,4,21,35,144,192,52,48,211,120,234,115,165,120,162,98,111,91,106,86,65,50,18,34,38,45,30,47,15,25,28,37,105,94,27,36,135,70,2489,706,441,325,171,165,205,156,72,52,130,86,21,35,17,35,14,24,260,122,313,142,88,68,125,110,176,91,119,62,56,50,0,14,40,42,37,36,85,74,58,77,20,22,29,45,12,22
1400000US36081006100,"Census Tract 61, Queens County, New York",Queens,5207,635,2853,415,0,19,0,19,118,145,215,120,0,19,83,48,0,19,88,82,321,139,532,200,385,144,239,153,92,72,129,147,299,157,108,106,56,89,75,91,4,16,69,62,25,42,15,28,0,19,2354,347,40,44,0,19,148,106,19,31,17,43,0,19,0,19,99,98,355,140,456,155,314,134,171,123,140,43,144,131,70,55,26,46,64,69,31,45,104,62,33,42,20,33,38,44,65,41
1400000US36081006201,"Census Tract 62.01, Queens County, New York",Queens,5870,1127,2989,755,166,165,25,37,88,84,264,300,60,96,56,65,0,19,132,82,151,111,158,130,179,126,170,120,371,205,133,95,86,76,41,45,91,96,198,103,69,66,219,96,231,150,39,44,62,59,2881,494,104,99,100,91,110,147,133,124,31,49,0,19,0,19,48,71,56,70,136,102,88,73,206,64,219,159,221,123,238,240,173,154,77,50,115,90,34,40,228,97,323,266,82,85,159,128
1400000US36081006202,"Census Tract 62.02, Queens County, New York",Queens,7327,1107,3426,653,61,70,357,238,425,143,164,157,75,78,31,43,21,33,98,101,215,143,313,225,185,169,140,104,339,192,317,188,103,74,0,19,59,53,159,153,24,39,173,135,77,94,10,18,80,74,3901,574,401,308,192,159,124,118,325,206,53,80,15,25,13,22,46,53,122,126,116,117,637,166,106,112,250,154,253,147,46,53,120,99,182,146,24,39,204,146,326,138,99,61,102,95,145,192
1400000US36081006300,"Census Tract 63, Queens County, New York",Queens,5613,764,2818,510,144,144,46,53,89,114,0,19,38,58,25,37,0,19,29,34,602,273,325,130,231,119,492,336,245,292,233,166,72,58,75,91,0,19,0,19,101,69,37,42,18,28,16,24,0,19,2795,474,132,125,20,33,19,32,0,19,0,19,16,26,35,41,91,84,443,194,418,171,270,137,78,63,294,164,145,120,220,142,15,25,293,185,14,23,15,23,108,92,21,32,0,19,148,112
1400000US36081006501,"Census Tract 65.01, Queens County, New York",Queens,2983,473,1597,304,59,53,17,19,0,14,12,21,41,40,9,14,19,22,40,28,191,105,256,101,158,78,164,125,219,154,79,59,52,65,0,14,36,33,157,188,29,28,47,37,0,14,12,18,0,14,1386,266,11,21,31,23,117,137,7,14,13,15,0,14,16,24,72,62,114,65,290,95,158,94,71,44,0,14,181,159,79,48,11,19,38,38,52,44,26,29,24,27,0,14,18,22,57,59
1400000US36081006502,"Census Tract 65.02, Queens County, New York",Queens,3975,629,2136,416,103,101,78,56,46,38,25,25,42,60,1,10,125,116,14,22,172,99,338,185,278,121,258,124,118,69,144,73,129,86,11,18,15,22,22,21,0,14,120,61,14,22,6,9,77,100,1839,327,12,23,26,36,29,29,111,115,59,94,0,14,0,14,16,23,215,123,345,115,262,89,264,135,113,60,86,75,45,52,14,21,34,40,43,40,13,20,72,39,24,19,28,32,28,31
1400000US36081006900,"Census Tract 69, Queens County, New York",Queens,4767,738,2593,555,43,47,47,60,141,68,109,56,19,31,0,14,59,89,37,71,94,102,437,177,506,264,261,151,300,226,123,121,113,76,0,14,7,14,17,27,34,36,15,26,112,86,28,29,91,71,2174,429,65,82,108,135,61,91,0,14,0,14,0,14,0,14,62,60,315,206,356,166,371,234,181,113,19,30,129,77,19,26,16,26,79,72,49,44,64,64,17,22,74,66,101,85,88,41
1400000US36081007100,"Census Tract 71, Queens County, New York",Queens,3488,420,1660,282,53,48,34,49,114,60,91,68,0,14,0,14,0,14,20,22,206,100,188,86,230,154,269,118,134,87,112,87,0,14,0,14,35,38,18,29,21,33,36,44,58,51,8,17,33,51,1828,276,103,72,18,29,30,35,0,14,11,17,0,14,24,36,55,49,376,192,278,124,189,95,156,109,224,141,110,42,78,57,18,29,1,2,0,14,28,37,49,42,0,14,71,80,9,16
1400000US36081007300,"Census Tract 73, Queens County, New York",Queens,3813,425,1918,248,69,66,31,48,130,110,0,14,40,48,0,14,0,14,106,98,53,46,180,116,192,83,279,125,109,79,230,122,56,63,25,38,96,78,17,29,119,78,102,60,45,53,31,32,8,28,1895,331,37,37,0,14,20,42,0,14,20,36,36,51,0,14,59,60,196,125,476,149,215,144,88,82,123,79,123,80,180,156,95,71,26,37,0,14,43,50,23,37,74,51,8,26,53,57
1400000US36081007500,"Census Tract 75, Queens County, New York",Queens,5002,974,2389,651,22,35,21,33,190,260,41,66,56,58,37,59,0,19,412,350,205,145,219,141,194,89,252,128,32,26,141,127,33,37,102,156,56,91,211,182,41,48,22,36,41,40,61,92,0,19,2613,500,58,43,178,155,0,19,14,24,58,89,0,19,0,19,20,32,82,61,221,136,135,80,147,78,279,155,81,74,176,148,118,98,0,19,74,92,299,240,257,217,226,172,109,109,81,103
1400000US36081007700,"Census Tract 77, Queens County, New York",Queens,1913,365,1017,192,61,53,0,14,34,48,19,38,1,3,16,21,4,7,113,95,75,39,141,67,133,67,150,65,69,59,33,40,12,17,2,7,12,19,36,57,37,43,45,42,12,17,3,8,9,13,896,217,42,37,0,14,25,33,12,25,0,14,46,59,0,14,82,83,102,52,168,68,102,47,65,51,84,70,55,57,14,18,0,14,27,31,18,17,11,19,15,18,5,11,23,34,0,14
1400000US36081007900,"Census Tract 79, Queens County, New York",Queens,2742,494,1543,333,78,74,21,26,42,42,62,58,26,16,0,14,20,31,13,21,201,123,285,112,153,72,131,73,116,72,60,54,15,24,64,56,59,51,12,19,130,175,1,3,27,24,11,19,16,24,1199,254,46,46,16,25,11,18,18,22,13,15,0,14,39,58,32,37,100,57,193,97,165,95,44,33,156,132,53,52,44,32,12,16,89,86,52,53,24,27,21,23,30,28,41,56,0,14
1400000US36081008100,"Census Tract 81, Queens County, New York",Queens,1530,267,740,155,21,33,21,22,11,18,1,2,6,10,1,2,0,14,8,12,78,57,155,70,84,49,106,52,36,34,58,35,8,12,22,26,62,92,7,12,0,14,48,18,0,14,0,14,7,10,790,132,113,57,34,30,23,30,40,38,0,14,0,14,0,14,0,14,121,60,111,46,70,42,24,19,76,40,35,24,23,21,0,14,50,65,8,17,1,3,20,21,7,11,6,9,28,21
1400000US36081008300,"Census Tract 83, Queens County, New York",Queens,2405,531,1123,291,34,44,78,51,46,48,72,65,0,14,18,27,0,14,87,83,75,43,143,65,98,65,96,65,86,63,86,70,90,47,6,18,12,14,2,7,14,22,23,29,20,33,0,14,37,43,1282,293,139,82,23,31,73,59,0,14,22,24,26,33,0,14,62,52,179,82,165,135,85,60,41,40,125,85,75,56,23,27,87,92,31,36,31,38,3,7,56,53,12,19,15,24,9,13
1400000US36081008500,"Census Tract 85, Queens County, New York",Queens,1821,430,942,303,136,165,127,82,28,34,0,14,16,23,0,14,19,29,3,6,200,98,63,52,97,66,31,31,24,36,33,40,108,97,46,46,0,14,6,11,0,14,0,14,5,12,0,14,0,14,879,176,130,83,0,14,48,48,51,46,12,22,15,23,21,32,34,43,164,83,87,51,119,98,22,30,10,15,67,53,65,66,12,17,18,29,0,14,0,14,4,11,0,14,0,14,0,14
1400000US36081008600,"Census Tract 86, Queens County, New York",Queens,3341,504,1670,349,83,54,37,41,60,38,188,96,83,65,48,31,25,31,100,61,30,38,18,21,137,73,87,59,124,76,189,100,116,70,19,19,53,40,105,102,87,70,58,52,0,14,23,28,0,14,1671,249,0,14,49,48,90,65,230,118,39,39,18,34,16,18,17,20,133,113,47,34,118,52,201,88,35,37,129,68,126,73,102,64,25,31,117,79,39,35,73,59,35,34,7,11,25,25
1400000US36081008700,"Census Tract 87, Queens County, New York",Queens,3480,687,1250,321,40,45,37,41,42,58,22,34,67,95,8,13,32,41,24,31,31,40,231,132,157,103,16,22,87,76,101,82,48,49,116,108,16,26,27,37,52,51,83,78,0,14,13,25,0,14,2230,525,104,97,76,72,63,63,188,140,60,49,0,14,37,40,82,69,179,130,82,61,107,68,67,48,119,73,249,158,124,74,70,67,89,55,109,112,218,212,143,109,30,48,15,27,19,30
1400000US36081008800,"Census Tract 88, Queens County, New York",Queens,3679,492,1789,253,135,77,112,77,96,81,58,67,20,23,17,28,0,14,5,11,163,88,104,58,218,94,69,50,74,48,125,74,73,42,105,94,207,159,42,37,45,38,65,41,13,21,16,24,27,27,1890,324,239,132,109,70,65,56,49,45,64,46,15,23,10,18,139,76,98,57,184,94,114,69,109,71,52,50,148,70,129,95,58,39,132,114,0,14,35,31,47,35,13,20,35,39,46,35
1400000US36081009100,"Census Tract 91, Queens County, New York",Queens,1928,326,931,184,76,59,0,14,13,21,10,15,27,31,2,4,0,14,32,48,100,94,62,40,149,92,43,41,129,81,94,68,86,63,31,37,23,32,0,14,12,20,11,17,23,29,0,14,8,13,997,230,13,20,96,69,30,34,41,39,6,15,0,14,40,24,12,18,34,35,63,46,140,104,84,60,56,49,64,48,71,53,0,14,182,109,15,26,9,15,20,23,10,17,6,10,5,13
1400000US36081009400,"Census Tract 94, Queens County, New York",Queens,2707,555,1271,287,106,73,142,116,56,55,4,6,0,14,42,32,20,29,13,14,99,46,158,79,50,37,12,12,108,69,154,76,97,54,38,33,24,30,13,21,48,37,17,15,48,32,20,34,2,4,1436,325,88,81,143,102,57,47,11,17,36,40,6,10,52,47,28,25,232,129,71,48,85,66,126,91,62,42,161,68,99,58,22,21,27,22,24,28,14,14,64,43,17,27,0,14,11,17
1400000US36081009500,"Census Tract 95, Queens County, New York",Queens,1959,317,975,181,8,14,14,23,40,46,6,9,0,14,4,8,0,14,26,26,115,66,184,91,98,63,127,63,76,46,53,37,15,24,9,13,32,28,38,32,9,14,88,74,28,26,0,14,5,12,984,194,61,29,17,19,26,22,18,24,0,14,0,14,19,22,22,24,193,108,123,70,124,66,70,30,40,28,20,27,5,11,5,7,45,34,21,20,43,42,68,64,25,24,17,18,22,25
1400000US36081009600,"Census Tract 96, Queens County, New York",Queens,3072,708,1493,376,46,39,61,35,123,129,46,36,25,26,28,30,19,23,103,65,95,68,63,52,36,31,99,60,94,67,98,55,72,47,27,32,22,27,46,42,261,233,90,48,39,26,0,14,0,14,1579,392,36,40,91,118,63,48,23,21,89,51,31,44,30,36,62,44,103,69,24,21,50,39,91,58,235,163,152,87,65,53,14,14,64,43,135,128,45,36,71,46,80,47,6,10,19,31
1400000US36081009700,"Census Tract 97, Queens County, New York",Queens,3837,543,1839,371,118,114,70,49,84,71,31,32,52,47,0,14,0,14,68,59,93,68,177,108,191,124,279,145,120,52,63,45,94,96,42,35,0,14,81,106,100,50,63,67,70,49,14,23,29,33,1998,339,125,101,133,114,181,97,24,34,0,14,0,14,0,14,97,48,186,121,274,189,173,90,153,86,138,61,16,24,192,112,81,97,54,42,32,30,23,25,77,41,13,22,0,14,26,30
1400000US36081009800,"Census Tract 98, Queens County, New York",Queens,2216,471,1087,288,78,102,0,14,18,26,10,15,10,11,27,31,13,16,46,43,106,46,117,159,125,63,43,44,104,65,63,55,94,55,0,14,38,39,51,53,71,50,12,24,33,42,9,14,19,21,1129,239,100,88,48,55,16,27,33,24,32,25,38,42,0,14,79,54,56,34,0,14,79,55,62,39,29,27,42,38,138,56,74,71,59,44,16,17,58,50,100,92,61,56,9,13,0,14
1400000US36081009900,"Census Tract 99, Queens County, New York",Queens,0,14,0,14,0,14,0,14,0,14,0,14,0,14,0,14,0,14,0,14,0,14,0,14,0,14,0,14,0,14,0,14,0,14,0,14,0,14,0,14,0,14,0,14,0,14,0,14,0,14,0,14,0,14,0,14,0,14,0,14,0,14,0,14,0,14,0,14,0,14,0,14,0,14,0,14,0,14,0,14,0,14,0,14,0,14,0,14,0,14,0,14,0,14,0,14,0,14
1400000US36081010000,"Census Tract 100, Queens County, New York",Queens,3082,745,1566,524,77,60,96,65,117,78,16,19,35,45,22,25,8,14,46,23,34,31,242,271,82,70,53,52,39,28,189,104,138,124,59,59,34,39,22,24,29,38,41,33,187,253,0,14,0,14,1516,351,79,72,159,105,58,35,61,41,51,28,0,14,8,14,40,42,102,57,37,26,48,43,51,28,125,77,47,49,80,57,68,64,58,41,311,241,0,14,73,61,4,8,35,52,21,27
1400000US36081010100,"Census Tract 101, Queens County, New York",Queens,2686,597,1329,312,40,45,160,65,108,105,13,21,0,14,53,55,0,14,47,50,54,57,178,86,57,39,177,114,74,57,129,83,33,39,0,14,41,61,41,45,69,79,25,29,16,18,14,23,0,14,1357,338,59,86,121,94,0,14,0,14,0,14,34,55,6,9,29,32,42,42,187,75,87,56,258,137,18,20,83,58,54,51,5,8,125,115,17,26,11,17,51,43,85,95,29,32,56,48
1400000US36081010200,"Census Tract 102, Queens County, New York",Queens,2731,466,1398,280,102,85,79,47,22,25,62,47,21,16,7,10,49,53,26,20,208,128,140,68,74,50,25,35,42,32,116,60,69,51,65,43,51,24,61,45,46,37,122,140,2,3,0,14,9,13,1333,258,130,68,72,53,12,14,4,13,17,19,0,14,6,9,70,59,106,64,142,86,143,66,20,25,73,38,128,73,157,105,82,45,55,32,6,10,12,13,49,31,8,12,34,30,7,11
1400000US36081010300,"Census Tract 103, Queens County, New York",Queens,3915,565,2334,446,126,88,225,108,168,103,39,49,23,28,7,14,36,57,30,35,313,263,235,97,232,93,114,77,139,82,154,107,118,76,27,43,0,14,113,130,94,86,55,50,86,79,0,14,0,14,1581,308,38,37,150,117,36,58,15,22,0,14,0,14,9,14,148,107,178,89,145,75,182,77,71,83,112,103,64,43,43,41,40,51,45,36,54,76,69,49,40,43,37,34,22,35,83,59
1400000US36081010400,"Census Tract 104, Queens County, New York",Queens,3746,742,1971,429,113,96,183,132,72,59,48,30,4,7,12,2,117,157,61,53,145,104,118,81,81,60,43,50,114,76,170,104,107,89,58,56,174,113,14,19,104,49,126,73,57,53,40,45,10,15,1775,366,39,59,81,79,27,29,24,34,21,30,33,44,16,17,102,78,91,73,59,50,119,65,313,260,141,84,57,67,89,57,79,72,127,64,82,55,75,38,129,81,31,32,31,44,9,14
1400000US36081010500,"Census Tract 105, Queens County, New York",Queens,4668,735,2532,484,231,138,134,70,100,70,81,65,97,82,0,14,17,28,84,65,156,141,192,136,250,177,235,102,112,70,216,126,203,124,33,31,61,53,28,30,79,57,96,100,52,62,22,25,53,63,2136,420,52,47,135,73,67,47,76,94,36,39,18,22,3,19,92,123,201,173,126,65,112,72,126,82,105,50,103,57,399,318,67,71,64,63,62,64,33,36,94,62,81,65,74,68,10,16
1400000US36081010600,"Census Tract 106, Queens County, New York",Queens,2785,633,1408,330,69,58,0,14,102,86,77,52,28,31,0,14,46,37,21,20,123,73,24,26,52,43,108,74,70,48,97,48,102,54,8,14,66,47,85,62,64,58,59,65,12,16,189,265,6,9,1377,363,8,8,52,42,39,40,60,32,34,38,9,14,0,14,51,49,94,58,115,55,59,46,73,50,69,40,70,40,81,58,43,29,28,27,55,47,54,28,19,18,320,304,29,45,15,20
1400000US36081010701,"Census Tract 107.01, Queens County, New York",Queens,0,14,0,14,0,14,0,14,0,14,0,14,0,14,0,14,0,14,0,14,0,14,0,14,0,14,0,14,0,14,0,14,0,14,0,14,0,14,0,14,0,14,0,14,0,14,0,14,0,14,0,14,0,14,0,14,0,14,0,14,0,14,0,14,0,14,0,14,0,14,0,14,0,14,0,14,0,14,0,14,0,14,0,14,0,14,0,14,0,14,0,14,0,14,0,14,0,14
1400000US36081010800,"Census Tract 108, Queens County, New York",Queens,3304,654,1846,349,92,75,91,60,187,101,80,65,118,73,22,18,31,32,67,37,139,102,184,95,44,33,178,164,84,61,62,38,244,90,35,41,31,35,34,31,32,37,27,30,47,43,17,30,0,14,1458,371,29,44,81,66,67,43,48,50,1,3,0,14,47,34,15,20,251,242,56,36,70,70,120,64,89,59,176,63,79,53,6,20,83,84,30,34,48,28,43,46,79,40,11,16,29,44
1400000US36081011000,"Census Tract 110, Queens County, New York",Queens,2818,584,1424,352,35,53,96,59,26,36,42,47,31,34,60,57,23,38,66,41,111,72,73,43,58,47,148,96,138,167,94,54,144,94,18,19,47,34,1,3,33,28,52,50,103,64,25,31,0,14,1394,313,26,28,29,33,101,66,127,99,82,66,32,34,19,28,42,35,58,38,46,36,75,51,80,36,157,132,75,34,121,81,58,58,69,54,25,24,12,16,43,39,48,43,42,48,27,31
1400000US36081011100,"Census Tract 111, Queens County, New York",Queens,2939,438,1447,266,34,43,13,14,65,59,91,127,0,14,0,14,0,14,19,20,155,99,331,130,111,78,94,73,33,38,125,79,170,93,7,10,47,54,24,28,0,14,69,67,24,27,14,23,21,23,1492,271,135,137,12,15,53,47,51,59,35,53,30,44,11,18,10,16,128,80,285,154,149,93,72,52,16,17,83,58,141,77,36,58,26,43,15,24,39,46,72,79,0,14,23,26,70,67
1400000US36081011200,"Census Tract 112, Queens County, New York",Queens,2375,442,1439,339,33,25,37,37,145,115,61,41,19,21,0,14,0,14,21,24,87,94,135,119,84,55,43,27,75,44,119,83,148,110,20,29,37,40,29,47,22,23,43,38,27,25,0,14,254,224,936,208,48,38,27,34,72,50,21,18,35,36,0,14,13,21,69,56,31,34,85,48,48,38,56,37,110,58,68,45,34,26,17,25,21,21,46,50,28,23,0,14,46,38,27,32,34,41
1400000US36081011300,"Census Tract 113, Queens County, New York",Queens,4445,586,2166,366,43,52,1,3,100,98,0,14,0,14,43,51,0,14,113,104,310,201,353,141,289,145,159,96,235,155,84,62,136,103,72,112,43,35,76,72,19,30,34,56,0,14,30,33,26,29,2279,414,75,63,66,88,124,95,29,43,76,70,17,28,48,73,111,85,288,127,406,181,145,72,172,93,177,125,151,96,76,93,31,35,116,78,20,27,55,54,26,30,33,54,30,34,7,11
1400000US36081011400,"Census Tract 114, Queens County, New York",Queens,1908,584,842,258,89,72,77,61,56,71,39,44,19,28,11,14,0,14,20,19,113,98,34,43,25,28,0,14,130,76,17,18,139,119,9,14,0,14,10,15,16,24,27,24,0,14,11,18,0,14,1066,380,109,82,45,59,48,61,0,14,0,14,27,46,0,14,55,48,275,207,68,56,41,38,25,43,72,65,75,61,29,26,46,69,22,32,25,27,47,68,16,17,19,22,10,14,12,17
1400000US36081011500,"Census Tract 115, Queens County, New York",Queens,2539,468,1157,255,123,81,11,16,56,80,0,14,0,14,0,14,45,71,21,31,169,90,206,89,112,81,120,72,34,31,142,118,31,32,0,14,12,24,0,14,17,24,14,21,8,13,0,14,36,32,1382,321,208,180,18,25,0,14,61,86,63,74,6,13,0,14,45,39,177,98,129,74,154,117,147,76,85,77,117,93,6,14,34,41,0,14,8,16,0,14,61,41,34,39,29,28,0,14
1400000US36081011600,"Census Tract 116, Queens County, New York",Queens,2226,371,1217,288,191,80,49,46,59,46,34,27,6,10,0,14,0,14,11,14,37,36,187,120,54,43,15,15,115,76,60,77,153,67,74,88,110,72,9,15,8,12,13,16,12,19,3,7,17,17,1009,157,0,14,67,78,0,14,25,38,19,21,0,14,0,14,65,42,140,73,77,41,18,18,110,53,58,50,28,23,160,92,40,38,30,23,51,49,39,28,40,30,3,7,12,14,27,28
1400000US36081011700,"Census Tract 117, Queens County, New York",Queens,4015,592,1649,250,84,80,50,40,39,47,77,75,14,23,32,32,0,14,0,14,207,132,150,57,166,67,196,108,110,76,102,62,88,61,8,13,85,76,63,63,11,17,82,75,37,35,31,28,17,23,2366,534,106,104,50,42,85,68,97,94,37,54,13,21,5,9,109,76,380,177,505,479,289,128,97,61,156,99,145,111,21,23,27,34,50,40,27,26,21,25,18,22,51,41,34,30,43,34
1400000US36081011800,"Census Tract 118, Queens County, New York",Queens,2689,528,1391,237,32,52,146,66,19,27,72,50,22,34,9,15,21,23,21,24,162,91,127,82,60,54,44,40,48,35,115,86,164,75,103,66,54,47,9,15,34,34,59,37,38,42,24,27,8,13,1298,383,30,49,85,54,38,36,51,41,9,13,0,14,9,14,221,328,21,29,124,67,121,56,102,87,26,21,115,58,168,80,33,30,29,34,12,20,42,34,61,51,0,14,1,3,0,14
1400000US36081011900,"Census Tract 119, Queens County, New York",Queens,1602,384,922,241,68,67,9,14,71,61,33,31,0,14,0,14,0,14,80,98,73,35,203,101,69,42,80,40,34,25,53,30,58,33,0,14,30,28,7,10,12,13,12,12,7,11,2,3,21,17,680,171,0,14,23,28,1,8,58,43,0,14,2,4,14,23,57,66,90,62,71,47,66,41,68,55,45,31,20,24,30,21,13,19,14,19,23,22,24,20,10,14,14,13,6,9,31,25
1400000US36081012000,"Census Tract 120, Queens County, New York",Queens,2355,570,1116,309,35,33,66,45,89,57,98,78,50,40,1,3,0,14,20,29,54,61,88,54,46,39,132,95,98,66,63,55,135,75,6,9,46,47,0,14,32,36,0,14,0,14,57,43,0,14,1239,297,4,14,9,13,52,45,106,93,37,37,11,16,10,14,22,34,71,68,139,79,105,60,69,43,70,47,183,94,82,58,37,44,15,18,29,27,128,74,9,13,11,19,22,23,18,27
1400000US36081012100,"Census Tract 121, Queens County, New York",Queens,2141,406,1083,238,104,84,75,47,31,32,50,53,0,14,1,4,8,12,20,21,52,36,168,84,61,34,103,54,50,30,116,66,32,22,5,8,14,13,27,32,49,41,48,55,61,48,8,11,0,14,1058,212,14,17,41,41,62,47,9,13,0,14,20,31,0,14,85,63,68,43,175,72,40,24,138,73,62,46,47,32,64,48,35,31,13,15,5,8,52,41,37,33,52,43,21,14,18,14
1400000US36081012200,"Census Tract 122, Queens County, New York",Queens,2939,827,1504,620,148,119,78,59,146,157,129,166,16,34,8,12,12,20,23,36,96,50,88,65,72,63,218,164,18,19,98,58,101,76,65,42,9,13,35,27,38,45,61,79,12,21,8,11,25,24,1435,288,17,27,102,68,110,55,51,41,30,39,0,14,15,25,47,47,119,54,93,52,95,44,161,151,27,31,94,69,169,80,63,38,27,34,43,40,4,8,81,48,32,29,22,33,33,29
1400000US36081012301,"Census Tract 123.01, Queens County, New York",Queens,3343,826,1536,419,242,296,8,14,62,68,0,14,10,16,10,15,0,14,0,14,47,53,144,85,282,142,131,75,150,83,88,78,142,137,13,20,0,14,28,30,14,23,35,30,49,40,29,32,52,65,1807,539,89,59,264,325,35,32,28,29,0,14,0,14,11,17,68,74,159,82,197,106,221,164,124,72,137,94,28,32,132,98,25,28,0,14,29,31,28,29,173,90,44,40,0,14,15,22
1400000US36081012400,"Census Tract 124, Queens County, New York",Queens,2913,621,1463,355,150,185,54,47,78,62,68,62,19,21,0,14,20,28,74,70,67,45,121,107,168,99,72,37,57,43,131,60,61,45,65,47,31,26,68,86,56,48,58,39,1,3,14,24,30,34,1450,318,60,53,49,41,46,32,77,45,20,24,0,14,23,24,108,69,249,242,44,44,69,58,66,43,42,32,106,65,127,59,31,24,16,24,96,71,75,65,49,34,70,91,0,14,27,38
1400000US36081012500,"Census Tract 125, Queens County, New York",Queens,1360,247,721,146,42,33,11,14,45,36,3,7,2,4,3,7,0,14,15,16,64,40,125,66,101,54,56,36,74,49,36,28,14,16,7,11,28,28,9,10,15,16,22,26,8,11,10,15,31,28,639,159,12,16,8,13,21,34,0,14,0,14,0,14,0,14,12,15,76,63,185,72,68,35,21,17,34,25,60,43,51,50,4,6,10,16,29,27,0,14,30,28,0,14,0,14,18,17
1400000US36081012601,"Census Tract 126.01, Queens County, New York",Queens,2787,651,1282,283,67,79,239,153,133,64,61,44,19,31,0,14,26,28,11,16,81,52,52,46,86,76,100,95,96,74,33,38,108,53,12,19,56,53,20,20,24,24,33,41,9,15,0,14,16,23,1505,453,186,287,12,19,117,91,37,35,25,28,31,36,20,23,103,56,70,52,183,124,121,77,48,48,173,99,70,48,46,31,52,33,72,57,32,27,13,18,33,31,6,9,6,10,49,38
1400000US36081012602,"Census Tract 126.02, Queens County, New York",Queens,2215,431,1159,235,18,29,110,142,179,107,35,38,8,14,0,14,0,14,92,56,68,50,115,81,31,27,80,74,20,23,35,33,136,80,61,71,82,59,9,15,49,34,8,15,0,14,23,28,0,14,1056,285,0,14,11,17,126,142,8,13,0,14,0,14,12,21,36,53,148,90,20,25,36,28,9,13,226,116,83,68,108,76,77,68,33,29,10,16,10,14,15,21,31,51,10,18,47,63
1400000US36081012800,"Census Tract 128, Queens County, New York",Queens,2129,443,983,200,84,66,11,19,63,52,11,18,0,14,24,27,26,34,83,36,145,80,55,43,58,36,51,51,11,16,59,50,103,57,19,20,41,36,0,14,35,48,15,18,15,18,12,16,62,35,1146,280,96,69,76,97,93,51,70,62,81,49,31,34,10,13,20,31,102,77,77,36,27,27,48,45,68,44,85,63,74,29,10,17,3,9,19,28,35,27,23,22,9,13,41,31,48,32
1400000US36081013000,"Census Tract 130, Queens County, New York",Queens,1829,353,922,185,21,33,122,102,45,36,46,37,23,23,15,14,0,14,15,15,74,63,25,23,31,36,44,29,44,32,140,73,73,58,3,6,26,24,6,10,40,40,72,44,7,10,37,40,13,16,907,234,92,67,22,24,22,23,20,23,7,10,24,20,0,14,8,11,13,14,69,58,41,28,74,56,172,192,36,24,48,36,43,50,54,37,52,42,10,12,44,26,15,16,21,35,20,16
1400000US36081013200,"Census Tract 132, Queens County, New York",Queens,1960,330,1114,221,63,56,99,65,25,31,31,23,27,30,15,21,57,45,61,54,49,38,12,17,240,180,58,45,125,76,51,44,7,15,40,53,37,34,41,45,5,8,43,34,28,25,0,14,0,14,846,151,6,13,37,47,63,71,17,19,0,14,0,14,0,14,13,19,94,78,44,37,133,87,133,69,85,46,50,37,51,50,0,14,54,41,36,27,7,12,8,15,0,14,10,15,5,7
1400000US36081013400,"Census Tract 134, Queens County, New York",Queens,5802,1006,2726,503,95,144,150,124,203,221,184,117,21,28,0,19,12,20,11,20,283,181,380,204,47,39,217,132,67,74,84,84,100,75,146,141,191,172,132,150,129,136,160,91,39,46,15,26,60,58,3076,762,124,80,70,84,179,135,0,19,47,50,0,19,0,19,75,72,262,163,315,191,185,119,91,75,141,124,293,224,72,69,40,45,144,134,113,107,139,166,158,116,405,496,128,101,95,115
1400000US36081013500,"Census Tract 135, Queens County, New York",Queens,1332,360,631,175,104,91,24,24,45,50,7,11,7,11,0,14,0,14,0,14,10,12,16,14,109,77,45,37,86,62,6,10,31,21,0,14,19,25,13,16,36,33,40,33,18,16,3,4,12,15,701,206,50,45,78,78,39,28,10,15,0,14,0,14,0,14,4,7,20,17,13,14,134,91,47,43,45,41,52,49,16,14,4,7,21,23,32,25,15,14,52,46,23,35,6,9,40,40
1400000US36081013600,"Census Tract 136, Queens County, New York",Queens,1981,334,1029,165,76,53,67,39,103,50,66,29,0,14,29,36,0,14,5,9,39,28,64,55,121,52,81,42,60,32,56,33,28,33,45,46,59,35,16,16,27,19,38,24,12,14,2,3,35,32,952,229,62,47,56,32,51,48,21,34,10,12,0,14,11,12,12,13,57,53,116,61,51,33,136,128,48,22,25,20,44,35,40,25,59,33,12,13,56,35,16,16,43,39,8,12,18,20
1400000US36081013700,"Census Tract 137, Queens County, New York",Queens,1874,215,900,142,40,30,0,14,5,10,51,50,0,14,0,14,0,14,28,24,167,77,128,66,123,56,56,32,56,35,53,47,72,63,0,14,27,22,31,33,22,22,27,30,14,13,0,14,0,14,974,155,12,18,48,28,27,28,22,22,9,13,0,14,9,11,4,9,206,78,92,53,68,31,41,29,34,26,111,88,105,71,29,35,23,22,21,20,41,29,12,15,29,31,22,30,9,13
1400000US36081013800,"Census Tract 138, Queens County, New York",Queens,4018,881,2014,493,183,187,119,103,127,110,89,45,11,17,0,14,0,14,25,28,129,79,124,80,118,55,131,126,141,89,130,83,258,99,40,36,100,77,12,24,81,58,67,50,17,26,76,45,36,40,2004,428,155,148,56,50,187,84,12,18,185,133,67,56,0,14,58,51,117,51,193,100,178,96,148,56,53,50,209,74,180,82,31,37,0,14,3,7,0,14,64,56,0,14,0,14,108,98
1400000US36081014000,"Census Tract 140, Queens County, New York",Queens,4409,1057,2368,604,249,162,168,123,262,273,30,30,62,69,0,14,100,92,0,14,234,171,142,87,145,94,119,79,77,69,166,129,186,87,85,83,124,67,135,94,13,17,24,31,0,14,22,26,25,30,2041,519,274,169,280,201,49,35,97,78,64,50,0,14,34,54,53,70,134,80,114,87,171,150,75,74,26,24,121,58,163,83,67,67,85,60,39,33,15,17,13,16,85,81,29,47,53,53
1400000US36081014100,"Census Tract 141, Queens County, New York",Queens,1613,289,898,178,26,42,41,31,41,31,6,9,0,14,30,31,0,14,22,26,69,31,90,57,136,62,123,72,86,69,38,36,61,53,0,14,7,11,0,14,24,18,45,50,40,42,7,10,6,10,715,197,36,42,14,28,0,14,20,30,0,14,0,14,5,8,6,8,96,49,85,49,71,45,115,59,164,164,18,16,22,16,6,11,7,9,0,14,9,14,18,17,6,9,7,10,10,12
1400000US36081014201,"Census Tract 142.01, Queens County, New York",Queens,4388,1116,2381,833,147,105,114,93,171,185,41,49,114,129,45,48,0,14,391,401,122,84,131,103,119,78,151,113,16,26,214,134,326,342,0,14,0,14,133,119,55,65,0,14,38,49,33,55,20,31,2007,470,103,105,120,186,72,75,95,93,47,77,94,82,0,14,64,59,240,156,32,61,200,126,73,80,114,91,170,112,81,89,123,78,112,120,97,81,17,27,69,72,41,58,23,33,20,31
1400000US36081014202,"Census Tract 142.02, Queens County, New York",Queens,2755,486,1537,330,66,74,81,72,124,79,80,99,6,9,0,14,0,14,50,38,60,45,124,82,59,54,56,52,88,57,98,76,186,95,21,24,91,60,67,76,100,81,31,29,108,91,29,35,12,16,1218,307,0,14,66,56,45,72,13,23,54,46,0,14,0,14,6,10,42,38,50,38,74,73,12,20,103,66,91,71,98,67,69,67,84,69,89,99,16,21,51,46,68,51,58,53,129,53
1400000US36081014300,"Census Tract 143, Queens County, New York",Queens,3853,542,1984,355,92,68,84,87,178,123,91,66,0,14,9,17,28,30,50,45,188,105,258,110,195,119,172,119,185,127,107,86,41,36,40,42,80,72,25,27,28,33,66,52,25,28,28,35,14,23,1869,305,75,58,296,238,24,26,0,14,44,52,38,28,0,14,129,98,213,114,220,117,179,85,187,82,21,22,59,46,52,32,45,34,85,50,7,11,21,29,59,54,27,27,51,49,37,41
1400000US36081014400,"Census Tract 144, Queens County, New York",Queens,1671,505,737,227,38,62,59,66,71,56,22,24,29,40,12,16,0,14,12,25,96,58,1,3,19,30,11,14,51,49,65,38,49,49,69,39,28,36,23,28,15,19,24,31,39,52,0,14,4,7,934,327,91,68,48,50,56,61,24,24,15,19,12,17,13,14,7,12,26,33,23,26,61,46,43,46,95,51,119,56,12,18,6,11,46,48,169,223,1,2,24,25,26,23,10,14,7,11
1400000US36081014500,"Census Tract 145, Queens County, New York",Queens,2429,414,1091,216,50,36,73,42,38,39,11,17,20,24,30,34,0,14,5,9,62,32,129,86,134,69,105,86,69,67,53,38,57,34,10,17,38,35,14,20,43,53,91,58,35,27,16,22,8,12,1338,297,111,95,23,21,10,16,46,38,10,16,0,14,8,12,53,41,172,76,207,114,123,59,246,209,35,27,61,50,44,24,12,19,11,17,40,53,24,22,64,37,18,19,8,12,12,20
1400000US36081014700,"Census Tract 147, Queens County, New York",Queens,3066,448,1533,257,50,55,71,81,202,109,23,48,0,14,0,14,0,14,40,41,135,61,136,85,207,112,148,86,174,169,62,74,58,54,19,26,46,44,8,14,11,16,69,60,30,48,16,22,28,30,1533,376,45,55,140,175,14,22,0,14,28,45,0,14,0,14,42,39,310,144,340,178,138,84,84,79,76,71,68,52,124,73,6,15,42,48,0,14,0,14,15,24,18,24,19,26,24,26
1400000US36081014800,"Census Tract 148, Queens County, New York",Queens,2015,376,891,176,57,44,6,10,53,44,36,30,47,49,19,26,35,46,22,37,45,30,25,24,39,28,86,56,27,25,75,54,118,76,11,15,28,30,7,12,33,25,47,47,66,45,9,14,0,14,1124,284,43,44,59,39,48,48,7,10,53,46,0,14,0,14,71,54,76,42,26,22,29,29,58,38,87,58,100,56,90,57,10,16,180,238,12,16,0,14,111,60,31,28,33,27,0,14
1400000US36081014900,"Census Tract 149, Queens County, New York",Queens,2163,462,1070,276,54,56,121,104,68,108,0,14,0,14,17,27,20,32,54,52,118,72,167,76,139,79,24,25,46,45,71,61,89,84,0,14,44,43,18,31,20,29,0,14,0,14,0,14,0,14,1093,291,77,86,0,14,0,14,0,14,21,34,0,14,11,16,94,73,149,98,185,96,75,67,129,110,45,40,83,57,23,25,118,110,42,37,0,14,0,14,25,29,0,14,16,26,0,14
1400000US36081015000,"Census Tract 150, Queens County, New York",Queens,2233,600,1242,367,0,14,32,25,56,42,43,42,156,172,24,43,45,49,31,25,91,53,65,51,49,34,76,80,86,70,97,92,98,50,39,44,79,50,100,129,7,12,30,24,4,7,34,39,0,14,991,306,173,148,7,11,34,26,17,19,0,14,31,38,0,14,28,25,98,60,77,49,10,15,30,29,72,43,33,35,93,62,33,26,24,28,0,14,122,101,24,25,45,38,19,21,21,27
1400000US36081015100,"Census Tract 151, Queens County, New York",Queens,2769,424,1344,254,109,96,61,79,0,14,37,19,33,17,28,32,22,36,46,41,172,117,76,48,65,44,115,59,146,100,66,42,82,63,98,86,98,158,22,25,0,14,25,27,18,21,25,22,0,14,1425,265,0,14,48,76,143,87,0,14,16,26,8,20,0,14,24,26,297,181,158,76,76,43,122,90,89,42,72,36,100,82,10,17,34,42,13,21,36,44,44,40,65,62,58,61,12,20
1400000US36081015200,"Census Tract 152, Queens County, New York",Queens,2599,461,1154,217,30,36,102,75,84,49,13,22,76,57,16,19,22,32,103,61,39,31,64,51,94,56,59,40,37,44,83,38,99,47,8,12,39,43,46,51,17,19,33,28,75,109,8,14,7,10,1445,301,73,58,50,35,135,108,24,23,0,14,12,17,52,29,97,64,59,39,72,61,95,58,100,65,70,50,109,47,63,38,42,30,40,41,9,14,185,205,33,23,27,32,65,87,33,32
1400000US36081015300,"Census Tract 153, Queens County, New York",Queens,1821,342,857,210,6,11,8,12,41,46,15,23,12,13,12,15,9,14,55,65,91,69,126,65,64,44,80,55,18,21,78,55,39,33,43,39,6,9,20,29,66,78,23,26,15,23,7,11,23,32,964,208,10,19,8,12,17,28,21,32,7,11,0,14,8,12,1,2,225,136,136,55,84,50,111,87,31,32,28,34,75,49,37,41,36,30,9,14,2,4,88,70,8,17,0,14,22,31
1400000US36081015400,"Census Tract 154, Queens County, New York",Queens,2296,388,1219,275,37,31,71,40,176,82,46,42,18,30,70,65,53,78,39,31,100,84,64,29,68,63,91,46,32,32,106,52,99,53,22,19,8,12,45,36,14,22,33,21,0,14,19,31,8,12,1077,191,20,22,75,58,28,31,7,11,37,28,7,11,24,19,45,31,123,76,60,43,118,53,40,27,89,34,62,46,114,63,33,26,76,95,7,11,11,16,67,42,34,34,0,14,0,14
1400000US36081015500,"Census Tract 155, Queens County, New York",Queens,2119,579,1061,387,56,75,0,14,88,61,0,14,0,14,25,39,0,14,49,58,51,41,411,252,61,39,97,65,0,14,0,14,53,49,0,14,41,30,23,24,69,91,17,28,9,14,11,18,0,14,1058,291,19,26,17,29,17,28,0,14,57,62,0,14,0,14,27,30,170,67,114,62,72,54,99,73,13,21,33,35,184,203,30,23,0,14,48,30,102,82,26,24,9,13,0,14,21,26
1400000US36081015600,"Census Tract 156, Queens County, New York",Queens,3184,653,1692,354,24,36,84,69,111,74,91,60,28,27,13,20,21,36,20,26,83,49,191,109,117,136,121,72,64,44,128,73,187,87,63,45,59,49,13,20,70,75,95,93,19,23,64,45,26,28,1492,343,93,72,33,32,114,66,83,68,31,38,21,33,7,9,58,41,97,66,86,64,58,41,76,55,88,62,118,67,96,52,135,170,51,45,31,35,90,67,21,21,40,31,53,38,12,20
1400000US36081015700,"Census Tract 157, Queens County, New York",Queens,1371,277,568,148,36,39,0,14,4,7,12,17,4,6,0,14,0,14,43,36,108,50,78,42,36,24,48,47,14,17,45,36,102,60,2,5,7,11,20,18,7,11,0,14,2,10,0,14,0,14,803,171,26,20,17,15,42,44,31,28,23,28,0,14,20,24,25,23,84,55,143,60,78,43,23,16,40,51,63,46,48,27,23,19,9,13,8,14,45,40,20,20,6,9,24,38,5,9
1400000US36081015801,"Census Tract 158.01, Queens County, New York",Queens,3841,848,1878,474,30,48,90,105,96,77,46,41,24,33,1,2,0,14,48,44,186,152,203,102,177,86,34,46,134,87,150,96,172,133,70,68,188,153,111,136,20,18,0,14,61,40,17,26,20,18,1963,492,132,105,105,88,154,96,8,17,15,23,1,3,13,21,131,102,83,62,200,121,59,55,62,57,29,35,148,86,38,51,85,73,86,70,56,37,139,100,165,231,128,81,54,49,72,82
1400000US36081015802,"Census Tract 158.02, Queens County, New York",Queens,5464,1197,2837,707,142,108,182,154,391,299,41,47,0,19,56,52,0,19,63,61,200,182,105,95,37,33,342,171,124,88,338,297,35,34,107,84,161,130,11,16,115,83,125,84,135,116,19,30,108,106,2627,552,147,115,115,92,41,45,100,93,1,3,28,34,0,19,184,173,295,236,168,105,221,185,170,117,69,49,233,142,132,96,92,80,62,53,53,45,63,64,122,84,238,151,73,52,20,34
1400000US36081015900,"Census Tract 159, Queens County, New York",Queens,3699,480,1919,436,65,94,24,40,198,130,70,66,0,14,0,14,0,14,100,91,123,81,268,172,265,110,269,245,63,70,84,53,77,81,117,73,26,38,10,16,38,49,112,95,10,16,0,14,0,14,1780,215,51,43,27,36,46,45,51,62,0,14,23,31,8,16,26,27,324,157,274,96,130,67,148,76,109,80,100,59,66,44,70,58,13,21,66,86,27,34,62,67,117,71,20,23,22,25
1400000US36081016100,"Census Tract 161, Queens County, New York",Queens,2028,373,1022,213,29,30,53,41,63,53,50,23,76,90,0,14,11,18,48,36,55,36,76,40,62,41,79,50,70,36,84,53,91,49,13,22,74,35,0,14,12,16,17,20,25,21,0,14,34,41,1006,250,54,60,0,14,108,70,5,7,21,29,5,8,9,11,36,40,126,77,132,58,34,33,36,23,136,67,70,58,39,32,11,13,44,29,39,40,12,12,37,36,41,25,5,8,6,7
1400000US36081016300,"Census Tract 163, Queens County, New York",Queens,3956,625,1478,296,16,25,70,69,95,75,152,117,0,14,43,40,9,18,44,41,206,116,123,73,185,157,7,11,94,73,84,60,138,75,12,19,19,27,10,17,53,49,7,8,102,59,0,14,9,12,2478,482,116,80,176,122,211,189,0,14,0,14,14,21,0,14,28,39,59,44,131,96,231,165,97,68,122,93,125,106,103,77,181,181,113,117,75,52,86,62,254,132,71,58,194,120,91,67
1400000US36081016400,"Census Tract 164, Queens County, New York",Queens,3180,747,1813,582,57,73,90,70,66,61,20,20,41,31,7,12,18,25,70,68,309,263,127,103,129,72,97,52,2,10,53,40,64,41,35,33,298,276,57,54,74,51,151,193,16,17,1,3,31,27,1367,257,106,81,29,34,79,60,77,68,48,45,6,10,0,14,42,36,38,36,42,36,131,65,134,92,1,8,124,71,213,92,22,17,49,31,35,35,114,97,15,20,36,29,26,29,0,14
1400000US36081016600,"Census Tract 166, Queens County, New York",Queens,4015,768,1867,416,115,157,69,88,153,132,83,56,23,36,17,27,1,2,72,78,182,133,81,71,39,49,108,80,145,110,133,87,104,75,91,89,54,46,93,61,135,100,140,110,14,21,15,23,0,14,2148,474,143,112,0,14,67,55,62,73,47,48,0,14,52,71,71,83,62,68,179,95,215,141,49,52,121,90,353,217,225,156,108,89,52,59,115,72,141,78,29,33,23,29,12,19,22,32
1400000US36081016800,"Census Tract 168, Queens County, New York",Queens,2923,617,1375,331,24,33,79,48,80,93,0,14,28,28,0,14,0,14,3,5,125,61,172,94,45,38,42,31,32,29,53,37,271,119,31,47,160,104,12,19,146,212,33,25,27,22,5,8,7,10,1548,378,25,33,84,55,55,47,59,45,55,72,18,29,59,43,68,76,129,91,52,51,114,56,68,57,99,96,142,48,218,138,58,46,60,43,10,17,44,39,113,54,15,18,0,14,3,5
1400000US36081016900,"Census Tract 169, Queens County, New York",Queens,5859,714,3040,452,246,195,262,156,111,88,55,49,0,19,43,58,34,64,75,100,167,116,319,175,319,124,246,113,293,179,146,89,200,159,66,67,154,137,27,45,32,49,101,109,48,54,42,66,54,56,2819,501,107,78,77,66,267,123,8,16,110,105,80,139,0,19,124,144,208,203,289,190,203,109,327,153,216,114,107,63,169,108,0,19,198,113,92,84,55,50,37,47,46,53,82,97,17,27
1400000US36081017000,"Census Tract 170, Queens County, New York",Queens,2738,605,1430,286,18,20,57,35,100,69,77,78,22,19,68,73,0,14,71,59,57,38,61,40,145,54,40,37,149,66,178,154,76,45,81,44,38,28,67,40,46,31,23,27,26,24,8,11,22,22,1308,366,42,31,50,46,90,95,106,96,24,27,17,24,14,17,89,109,78,33,51,37,110,54,107,92,109,51,119,74,49,43,48,38,57,45,21,22,59,37,23,24,30,21,8,12,7,10
1400000US36081017101,"Census Tract 171.01, Queens County, New York",Queens,0,14,0,14,0,14,0,14,0,14,0,14,0,14,0,14,0,14,0,14,0,14,0,14,0,14,0,14,0,14,0,14,0,14,0,14,0,14,0,14,0,14,0,14,0,14,0,14,0,14,0,14,0,14,0,14,0,14,0,14,0,14,0,14,0,14,0,14,0,14,0,14,0,14,0,14,0,14,0,14,0,14,0,14,0,14,0,14,0,14,0,14,0,14,0,14,0,14
1400000US36081017102,"Census Tract 171.02, Queens County, New York",Queens,344,320,186,159,0,14,0,14,0,14,0,14,0,14,0,14,0,14,0,14,10,18,133,154,32,55,0,14,11,24,0,14,0,14,0,14,0,14,0,14,0,14,0,14,0,14,0,14,0,14,158,169,0,14,0,14,0,14,0,14,1,1,11,24,0,14,0,14,10,18,136,170,0,14,0,14,0,14,0,14,0,14,0,14,0,14,0,14,0,14,0,14,0,14,0,14,0,14
1400000US36081017200,"Census Tract 172, Queens County, New York",Queens,2355,497,1059,292,242,145,84,82,30,42,27,38,15,18,13,27,0,14,12,20,59,49,113,76,89,61,26,28,56,54,23,30,75,57,0,14,24,22,59,57,42,39,11,12,52,37,7,10,0,14,1296,295,96,68,60,44,32,38,24,30,23,28,18,28,18,28,37,37,68,56,192,108,160,77,17,26,33,30,106,75,94,58,71,56,92,55,39,40,22,26,66,52,0,14,16,16,12,14
1400000US36081017400,"Census Tract 174, Queens County, New York",Queens,2805,399,1519,281,90,56,88,60,121,65,18,20,0,14,13,14,28,36,98,73,163,84,109,59,104,69,140,118,124,70,79,51,34,33,142,108,59,49,9,12,43,42,22,25,7,10,12,21,16,11,1286,174,60,55,95,68,35,35,41,27,8,14,12,2,38,43,0,14,181,72,135,79,41,32,89,83,76,44,45,44,114,58,12,13,50,45,37,34,63,41,53,49,48,45,23,29,30,28
1400000US36081017600,"Census Tract 176, Queens County, New York",Queens,2302,332,1163,189,220,145,48,43,69,48,20,22,5,8,19,21,39,48,27,25,55,48,29,24,51,33,43,32,57,39,128,90,51,33,21,18,87,48,38,37,22,17,45,44,60,36,23,23,6,8,1139,215,71,48,66,40,56,60,26,24,17,20,0,14,0,14,45,33,91,58,77,52,65,37,43,35,55,41,29,19,104,71,21,18,43,30,25,23,61,49,37,32,90,83,69,46,48,35
1400000US36081017800,"Census Tract 178, Queens County, New York",Queens,2086,422,964,336,37,41,75,84,83,100,0,14,57,45,22,28,0,14,27,31,60,33,56,43,74,40,59,33,114,156,76,51,55,43,20,22,84,45,20,24,33,32,6,10,6,11,0,14,0,14,1122,217,41,45,47,41,48,39,7,11,15,15,7,10,36,41,154,141,72,37,51,35,98,58,49,33,87,46,84,50,95,43,79,47,29,25,18,27,9,13,71,62,13,14,0,14,12,19
1400000US36081017901,"Census Tract 179.01, Queens County, New York",Queens,1045,213,570,159,4,7,21,28,30,33,44,29,29,44,12,16,11,17,17,19,56,40,73,43,83,43,3,6,23,27,51,31,75,64,11,15,0,14,20,23,7,8,0,14,0,14,0,14,0,14,475,107,23,29,21,27,18,25,25,31,6,10,18,23,0,14,2,6,39,35,28,27,18,20,56,38,44,28,40,35,81,52,24,25,24,24,0,14,0,14,0,14,4,6,0,14,4,7
1400000US36081017902,"Census Tract 179.02, Queens County, New York",Queens,69,6,58,28,14,28,0,14,0,14,0,14,0,14,0,14,0,14,0,14,0,14,15,31,0,14,15,28,0,14,0,14,0,14,0,14,0,14,0,14,0,14,14,30,0,14,0,14,0,14,11,28,0,14,0,14,0,14,0,14,0,14,0,14,0,14,0,14,0,14,0,14,11,28,0,14,0,14,0,14,0,14,0,14,0,14,0,14,0,14,0,14,0,14,0,14,0,14
1400000US36081018000,"Census Tract 180, Queens County, New York",Queens,1652,314,908,225,33,41,47,42,68,42,99,73,12,16,27,25,14,21,26,33,59,73,76,74,30,33,80,76,40,51,43,38,65,43,43,38,45,38,36,30,39,46,7,10,0,14,19,27,0,14,744,140,20,32,58,43,86,51,91,71,0,14,10,14,0,14,17,26,18,28,59,45,66,31,47,38,20,17,50,39,41,34,23,24,6,8,0,14,56,48,7,10,7,12,44,59,18,25
1400000US36081018101,"Census Tract 181.01, Queens County, New York",Queens,3532,555,1906,438,69,55,67,47,41,56,12,16,12,17,0,14,0,14,46,42,128,79,228,97,289,177,226,118,134,101,94,60,241,150,53,66,122,183,5,8,29,35,41,34,35,54,7,13,27,37,1626,352,54,85,31,31,41,65,31,31,0,14,29,44,20,31,55,54,166,130,82,47,155,93,162,109,39,34,157,86,228,102,33,32,120,88,1,2,72,56,73,64,59,47,7,12,11,17
1400000US36081018102,"Census Tract 181.02, Queens County, New York",Queens,3680,491,1723,357,73,54,157,149,96,56,17,25,5,10,0,14,0,14,20,33,56,41,113,63,123,58,321,189,214,90,185,73,124,68,0,14,18,21,37,52,21,25,27,29,31,34,61,51,24,25,1957,256,99,88,72,95,84,66,86,67,53,46,0,14,14,22,54,48,171,71,179,124,180,62,310,113,106,58,118,60,94,63,0,14,102,79,31,33,64,61,82,49,25,28,32,29,1,2
1400000US36081018200,"Census Tract 182, Queens County, New York",Queens,2613,490,1271,204,89,65,92,67,44,40,88,53,39,36,13,15,0,14,55,46,144,67,93,69,54,40,44,36,65,42,49,40,155,87,36,27,81,46,10,11,38,34,67,39,5,9,0,14,10,16,1342,361,62,43,77,54,27,30,26,18,0,14,31,24,1,3,62,38,154,108,40,30,52,42,99,50,83,49,152,80,67,41,91,51,18,16,4,7,46,33,212,246,8,11,14,20,16,15
1400000US36081018300,"Census Tract 183, Queens County, New York",Queens,5058,779,2274,349,79,91,32,42,51,54,150,101,29,39,32,41,42,51,74,68,230,93,145,104,309,130,279,142,76,70,175,97,125,69,24,34,22,35,69,97,54,51,162,80,12,19,103,96,0,19,2784,652,303,272,105,100,222,125,70,68,0,19,0,19,41,44,61,75,171,89,228,107,372,349,196,120,202,111,110,77,130,100,215,146,3,5,22,41,38,47,104,75,100,83,27,39,64,102
1400000US36081018401,"Census Tract 184.01, Queens County, New York",Queens,2089,301,1210,214,56,57,51,48,104,65,65,41,23,36,29,40,42,48,11,17,154,63,158,116,26,26,85,49,29,32,79,57,51,47,34,39,88,65,23,28,7,11,24,25,17,26,47,40,7,10,879,145,41,44,0,14,27,26,0,14,31,31,0,14,7,11,42,46,43,39,156,78,40,42,32,33,15,17,72,48,120,79,70,52,15,16,16,19,6,10,47,41,63,44,8,15,28,32
1400000US36081018402,"Census Tract 184.02, Queens County, New York",Queens,2855,479,1473,307,124,73,52,48,219,107,45,32,38,28,69,51,79,96,102,72,73,54,73,73,53,34,94,58,54,42,91,65,104,94,58,47,27,27,53,44,13,15,52,46,0,14,0,14,0,14,1382,295,69,54,104,75,32,30,26,25,107,110,12,19,52,55,52,50,82,51,99,86,86,43,66,46,107,52,110,69,105,62,35,29,44,38,19,16,26,20,50,30,18,20,31,36,50,51
1400000US36081018501,"Census Tract 185.01, Queens County, New York",Queens,3696,487,1932,415,45,37,43,63,101,84,53,57,67,72,0,14,24,24,180,244,113,58,118,71,247,115,91,64,139,87,175,92,154,91,27,30,45,56,108,90,34,34,19,30,47,45,93,72,9,14,1764,270,62,47,33,53,43,59,117,118,17,24,0,14,0,14,96,78,208,97,82,47,223,89,131,79,168,97,125,65,79,58,63,61,88,68,20,21,0,14,60,48,47,36,44,34,58,58
1400000US36081018502,"Census Tract 185.02, Queens County, New York",Queens,3071,349,1579,250,99,82,76,76,102,79,13,23,38,27,0,14,0,14,56,49,81,52,241,91,163,89,154,103,67,41,64,52,191,69,9,17,28,44,17,28,26,26,60,40,76,105,18,20,0,14,1492,229,23,27,34,39,73,61,0,14,11,17,0,14,15,18,0,14,248,105,134,70,208,89,126,86,97,56,179,134,51,45,6,12,16,20,11,18,78,52,56,37,24,26,53,48,49,56
1400000US36081018600,"Census Tract 186, Queens County, New York",Queens,1886,389,859,284,38,40,26,28,78,54,27,27,0,14,0,14,14,22,45,58,49,36,42,39,45,40,83,54,64,47,134,145,53,42,22,33,17,27,37,37,18,30,61,39,6,9,0,14,0,14,1027,241,75,62,43,35,83,69,32,25,59,66,16,18,0,14,47,24,46,21,158,116,42,28,122,71,60,42,56,55,66,39,29,24,13,13,19,31,24,27,26,24,3,7,0,14,8,11
1400000US36081018700,"Census Tract 187, Queens County, New York",Queens,2760,504,1275,263,54,60,23,38,91,147,97,70,0,14,0,14,33,43,32,31,165,67,98,70,133,76,102,71,118,79,105,60,76,58,11,20,0,14,0,14,37,37,35,35,18,23,27,33,20,30,1485,340,81,67,43,40,136,107,30,29,26,38,26,36,27,34,28,33,151,88,79,62,168,119,150,121,140,78,111,70,19,38,18,23,17,20,22,34,95,96,46,35,0,14,61,45,11,26
1400000US36081018800,"Census Tract 188, Queens County, New York",Queens,1356,335,766,261,76,87,48,38,54,42,9,13,4,7,50,51,5,8,49,57,120,95,65,53,15,17,72,47,4,6,73,61,4,6,21,29,16,19,0,14,0,14,15,14,43,37,23,28,0,14,590,158,15,21,60,51,39,34,44,37,0,14,4,7,8,12,21,22,29,31,21,21,48,36,41,31,47,43,8,12,24,29,27,25,30,25,0,14,6,9,63,47,8,12,12,15,35,33
1400000US36081018900,"Census Tract 189, Queens County, New York",Queens,3106,596,1569,335,102,57,26,33,47,52,31,36,2,9,0,14,0,14,70,76,145,79,164,86,317,134,94,52,74,56,217,211,42,44,11,18,40,54,29,35,61,50,66,57,23,25,8,14,0,14,1537,472,75,48,0,14,62,89,67,94,0,14,0,14,11,18,47,50,165,97,183,90,104,69,258,232,71,51,32,33,67,62,9,16,33,29,45,56,39,46,64,51,135,85,24,39,46,72
1400000US36081019000,"Census Tract 190, Queens County, New York",Queens,2736,391,1492,226,90,64,84,37,63,45,74,43,27,20,14,21,17,23,55,36,107,52,112,62,103,44,88,42,101,64,141,79,125,85,58,38,32,32,41,34,39,24,46,37,51,49,24,26,0,14,1244,218,58,56,79,50,95,49,38,25,29,20,11,18,7,10,24,19,46,35,76,47,174,58,46,45,105,40,16,18,181,128,62,41,32,34,43,28,38,30,24,19,37,59,5,7,18,22
1400000US36081019200,"Census Tract 192, Queens County, New York",Queens,2214,432,1006,227,26,32,7,12,80,55,37,26,23,29,22,34,0,14,65,72,84,59,67,80,12,13,114,74,67,39,70,55,76,48,122,106,46,43,31,34,18,22,24,31,0,14,10,11,5,8,1208,279,21,32,91,70,123,80,34,36,25,44,7,11,58,52,1,3,71,54,75,85,19,23,129,71,66,49,103,59,64,49,75,71,33,32,32,41,71,50,32,32,64,53,0,14,14,15
1400000US36081019400,"Census Tract 194, Queens County, New York",Queens,2977,411,1501,242,107,87,26,27,145,85,20,18,4,6,7,10,62,39,63,45,164,80,89,54,120,62,57,41,80,40,49,37,103,60,58,52,112,70,51,46,39,31,85,45,36,34,7,10,17,28,1476,229,93,70,89,54,87,54,32,29,45,25,27,42,43,40,65,50,79,58,129,73,63,41,84,42,44,27,104,71,135,70,94,50,98,60,2,5,41,31,52,32,48,43,0,14,22,19
1400000US36081019600,"Census Tract 196, Queens County, New York",Queens,3175,693,1558,397,134,84,210,176,131,64,78,52,63,42,5,15,2,3,108,67,127,82,100,82,104,65,36,37,34,37,102,53,173,64,16,16,29,26,2,3,35,35,20,22,6,11,6,9,37,26,1617,358,109,115,150,87,161,66,26,28,41,32,13,21,52,45,29,29,156,117,70,54,109,64,92,52,63,40,95,60,79,42,75,51,82,42,0,14,56,57,57,36,54,28,25,28,23,28
1400000US36081019800,"Census Tract 198, Queens County, New York",Queens,3189,468,1745,304,237,123,196,98,0,14,40,44,54,39,31,33,0,14,86,68,99,80,181,103,142,94,66,72,29,33,91,73,223,134,84,96,98,72,27,46,29,33,32,48,0,14,0,14,0,14,1444,271,39,47,143,107,49,53,99,80,23,27,0,14,0,14,16,26,170,110,233,120,58,62,50,61,81,60,140,95,134,82,84,84,41,45,0,14,26,43,45,54,0,14,0,14,13,22
1400000US36081019901,"Census Tract 199.01, Queens County, New York",Queens,459,97,278,96,0,14,7,10,7,10,0,14,10,16,11,11,0,14,6,9,65,53,19,33,18,10,10,21,8,13,24,16,19,19,1,3,40,28,1,4,21,32,0,14,11,19,0,14,0,14,181,85,0,14,0,14,0,14,7,10,5,8,0,14,0,14,26,39,14,21,13,14,0,14,32,35,29,29,29,33,7,10,0,14,6,9,0,14,0,14,0,14,0,14,0,14,13,14
1400000US36081019902,"Census Tract 199.02, Queens County, New York",Queens,181,19,27,38,0,14,0,14,0,14,0,14,0,14,0,14,0,14,0,14,12,28,0,14,0,14,0,14,0,14,0,14,15,37,0,14,0,14,0,14,0,14,0,14,0,14,0,14,0,14,154,42,0,14,0,14,16,29,0,14,0,14,15,28,0,14,0,14,23,39,59,84,11,29,0,14,0,14,30,75,0,14,0,14,0,14,0,14,0,14,0,14,0,14,0,14,0,14
1400000US36081019903,"Census Tract 199.03, Queens County, New York",Queens,0,14,0,14,0,14,0,14,0,14,0,14,0,14,0,14,0,14,0,14,0,14,0,14,0,14,0,14,0,14,0,14,0,14,0,14,0,14,0,14,0,14,0,14,0,14,0,14,0,14,0,14,0,14,0,14,0,14,0,14,0,14,0,14,0,14,0,14,0,14,0,14,0,14,0,14,0,14,0,14,0,14,0,14,0,14,0,14,0,14,0,14,0,14,0,14,0,14
1400000US36081020200,"Census Tract 202, Queens County, New York",Queens,1688,464,796,249,142,113,7,12,50,42,16,25,16,27,4,6,21,24,26,32,76,55,69,56,116,132,12,13,63,56,24,30,20,19,24,30,24,30,6,9,23,27,11,12,29,27,0,14,17,26,892,286,51,39,27,38,57,57,46,42,50,26,16,27,0,14,7,10,76,60,93,106,42,38,38,51,35,38,21,33,81,55,7,11,47,41,17,26,24,25,73,78,35,40,0,14,49,44
1400000US36081020400,"Census Tract 204, Queens County, New York",Queens,1986,426,933,216,35,40,40,28,36,34,40,35,11,17,4,6,9,15,88,57,101,58,84,62,84,50,56,38,46,33,97,66,72,44,7,10,46,51,6,9,27,26,18,24,7,10,19,25,0,14,1053,276,78,62,49,44,30,26,20,17,28,28,0,14,16,19,76,64,90,48,48,32,25,25,32,28,83,45,43,27,67,42,78,102,16,20,7,10,23,21,32,43,61,40,57,45,94,100
1400000US36081020500,"Census Tract 205, Queens County, New York",Queens,1324,279,741,199,36,54,19,21,15,23,74,54,31,23,16,18,8,12,45,51,19,18,79,58,14,14,46,31,36,26,67,39,87,23,0,14,74,75,1,4,1,3,0,14,14,14,23,31,36,28,583,112,28,23,11,12,55,36,20,29,31,29,20,11,9,8,4,7,49,38,37,28,9,14,43,28,48,32,46,19,50,42,16,21,9,10,0,14,0,14,69,54,0,14,12,13,17,28
1400000US36081020600,"Census Tract 206, Queens County, New York",Queens,1585,308,844,192,40,26,15,14,73,52,110,118,12,21,0,14,37,42,6,9,29,32,7,11,39,37,114,57,73,43,49,39,90,48,29,35,0,14,24,34,31,30,22,20,44,41,0,14,0,14,741,179,9,14,36,30,82,50,0,14,61,39,0,14,0,14,29,45,45,59,23,17,50,29,78,51,89,104,21,21,75,41,32,34,52,38,6,9,0,14,14,15,39,34,0,14,0,14
1400000US36081020800,"Census Tract 208, Queens County, New York",Queens,4190,814,2060,490,126,118,205,101,382,201,28,36,56,54,7,10,33,53,46,49,148,86,120,73,192,107,110,73,134,157,202,97,24,35,48,58,71,71,26,34,29,40,5,8,47,44,9,20,12,20,2130,416,90,96,87,84,187,171,125,76,14,20,0,14,8,15,48,63,154,87,203,109,246,97,271,185,191,111,96,85,162,93,13,18,43,46,15,24,0,14,25,25,38,31,16,21,98,124
1400000US36081021200,"Census Tract 212, Queens County, New York",Queens,2517,456,1297,314,26,30,94,61,137,99,22,25,86,55,11,12,0,14,41,31,57,42,76,62,41,29,104,62,54,43,40,37,146,120,69,62,17,26,152,217,71,52,29,28,6,9,0,14,18,29,1220,243,119,75,8,14,106,55,105,105,0,14,0,14,8,15,47,46,58,42,79,52,98,48,43,36,89,54,83,57,98,46,67,101,50,40,6,10,31,28,36,26,45,33,24,27,20,25
1400000US36081021400,"Census Tract 214, Queens County, New York",Queens,5874,1225,2822,911,443,395,186,125,127,122,0,19,15,24,0,19,0,19,84,98,134,106,250,161,439,402,154,91,275,134,150,92,27,44,124,100,177,155,16,27,0,19,71,67,67,71,19,35,64,60,3052,513,147,110,152,120,134,134,92,60,14,23,75,99,79,102,170,146,92,78,573,310,212,190,283,130,152,105,48,47,110,98,18,31,84,105,70,91,72,59,150,98,190,125,16,28,119,126
1400000US36081021601,"Census Tract 216.01, Queens County, New York",Queens,2512,463,1284,256,41,38,43,39,28,44,0,14,0,14,0,14,22,33,97,87,189,105,232,120,62,45,57,37,118,52,132,101,22,23,0,14,38,34,53,36,20,23,96,59,20,21,0,14,14,22,1228,288,21,24,0,14,20,22,61,96,0,14,0,14,0,14,0,14,86,70,127,60,99,79,224,180,126,89,59,37,104,72,13,16,75,58,55,40,43,34,32,29,9,15,65,62,9,15
1400000US36081021602,"Census Tract 216.02, Queens County, New York",Queens,1479,455,614,195,31,36,15,18,36,45,22,28,50,68,0,14,0,14,24,42,7,22,34,32,62,64,28,33,19,20,52,45,40,51,0,14,8,24,27,40,50,73,55,44,53,70,0,14,1,3,865,305,15,49,173,179,40,63,31,37,17,22,0,14,35,40,63,55,11,12,10,13,23,36,118,109,75,63,23,32,27,26,0,14,7,12,30,28,39,39,36,42,78,71,0,14,14,25
1400000US36081021603,"Census Tract 216.03, Queens County, New York",Queens,0,14,0,14,0,14,0,14,0,14,0,14,0,14,0,14,0,14,0,14,0,14,0,14,0,14,0,14,0,14,0,14,0,14,0,14,0,14,0,14,0,14,0,14,0,14,0,14,0,14,0,14,0,14,0,14,0,14,0,14,0,14,0,14,0,14,0,14,0,14,0,14,0,14,0,14,0,14,0,14,0,14,0,14,0,14,0,14,0,14,0,14,0,14,0,14,0,14
1400000US36081021900,"Census Tract 219, Queens County, New York",Queens,0,14,0,14,0,14,0,14,0,14,0,14,0,14,0,14,0,14,0,14,0,14,0,14,0,14,0,14,0,14,0,14,0,14,0,14,0,14,0,14,0,14,0,14,0,14,0,14,0,14,0,14,0,14,0,14,0,14,0,14,0,14,0,14,0,14,0,14,0,14,0,14,0,14,0,14,0,14,0,14,0,14,0,14,0,14,0,14,0,14,0,14,0,14,0,14,0,14
1400000US36081022001,"Census Tract 220.01, Queens County, New York",Queens,6402,920,3106,664,462,241,172,165,154,145,167,140,21,34,53,85,0,19,97,66,136,128,272,188,229,122,267,129,325,248,114,126,217,180,62,52,31,38,56,48,36,42,55,55,176,89,4,11,0,19,3296,446,140,108,42,56,133,123,82,80,17,26,0,19,14,39,120,122,205,133,498,251,257,142,247,118,237,160,219,138,209,118,54,49,142,126,33,56,245,161,131,65,184,126,51,68,36,42
1400000US36081022002,"Census Tract 220.02, Queens County, New York",Queens,6098,1180,2859,698,329,262,149,119,82,86,0,19,95,73,1,3,0,19,106,174,148,93,243,116,143,79,174,127,88,81,273,136,269,180,79,63,117,93,83,59,152,107,144,94,93,121,21,37,70,76,3239,670,152,133,115,100,15,24,0,19,0,19,95,121,0,19,52,57,390,296,415,223,172,107,238,129,275,209,121,77,182,128,109,87,280,117,90,72,127,86,255,144,52,44,74,82,30,35
1400000US36081022900,"Census Tract 229, Queens County, New York",Queens,0,14,0,14,0,14,0,14,0,14,0,14,0,14,0,14,0,14,0,14,0,14,0,14,0,14,0,14,0,14,0,14,0,14,0,14,0,14,0,14,0,14,0,14,0,14,0,14,0,14,0,14,0,14,0,14,0,14,0,14,0,14,0,14,0,14,0,14,0,14,0,14,0,14,0,14,0,14,0,14,0,14,0,14,0,14,0,14,0,14,0,14,0,14,0,14,0,14
1400000US36081023000,"Census Tract 230, Queens County, New York",Queens,1848,389,961,242,61,57,129,105,31,32,22,23,0,14,8,13,22,23,33,27,70,70,19,16,25,18,23,30,116,75,58,42,83,41,30,26,81,67,8,11,0,14,63,51,9,13,36,34,34,27,887,173,34,47,46,48,49,37,18,23,13,20,0,14,3,6,20,22,34,24,68,39,78,74,51,44,38,22,122,68,55,27,61,54,23,21,0,14,26,22,62,51,23,37,20,22,43,37
1400000US36081023200,"Census Tract 232, Queens County, New York",Queens,4896,837,2512,638,152,147,186,104,141,86,22,28,34,47,6,12,41,65,34,47,167,214,269,242,213,152,96,62,139,84,202,116,90,72,128,74,112,115,24,26,69,62,95,73,226,245,66,55,0,14,2384,561,118,86,90,72,40,39,52,33,80,47,0,14,19,32,62,55,108,118,156,92,148,87,75,45,160,115,71,44,159,87,79,70,118,81,86,69,142,87,86,65,90,76,403,473,42,47
1400000US36081023501,"Census Tract 235.01, Queens County, New York",Queens,3614,777,1968,520,40,63,119,83,125,82,0,14,14,22,46,47,0,14,50,52,161,143,345,303,165,85,116,86,128,71,124,91,140,111,79,79,53,70,152,228,13,22,34,38,0,14,46,50,18,29,1646,429,114,108,139,128,118,100,100,76,12,21,0,14,0,14,88,78,137,90,124,96,140,94,157,98,40,42,48,60,52,51,24,39,11,19,0,14,96,82,162,89,0,14,59,71,25,39
1400000US36081023502,"Census Tract 235.02, Queens County, New York",Queens,2739,802,1314,453,17,40,102,113,55,54,4,12,53,64,0,14,51,64,25,24,99,61,198,254,156,96,154,73,57,48,58,49,161,222,19,31,12,19,10,17,36,42,8,18,27,31,0,14,12,23,1425,419,13,25,7,13,42,50,42,43,52,63,0,14,52,80,78,68,411,317,106,63,44,39,106,59,133,71,96,120,38,39,0,14,7,15,0,14,11,17,116,94,19,29,0,14,52,84
1400000US36081023600,"Census Tract 236, Queens County, New York",Queens,3594,618,1798,347,31,37,139,72,83,51,38,45,76,58,0,14,33,52,48,47,349,133,91,57,60,53,134,94,166,114,48,44,122,77,13,19,33,28,38,34,21,23,189,194,51,58,35,57,0,14,1796,323,142,103,60,51,70,61,75,39,37,45,19,21,32,51,141,84,356,140,132,86,86,61,42,30,157,93,89,60,42,51,33,49,57,52,29,47,20,32,41,32,110,103,0,14,26,30
1400000US36081023800,"Census Tract 238, Queens County, New York",Queens,4502,631,2372,471,98,71,113,78,121,101,150,92,56,48,16,26,44,43,72,45,126,76,234,118,312,151,0,14,176,101,218,123,224,116,115,99,77,55,33,38,48,33,73,57,12,18,54,46,0,14,2130,344,108,71,77,60,211,160,51,57,46,34,15,25,28,40,49,44,213,112,152,82,102,53,97,61,69,45,178,99,286,106,9,14,37,32,38,36,76,63,154,78,83,63,51,48,0,14
1400000US36081024000,"Census Tract 240, Queens County, New York",Queens,6558,1249,3383,726,170,94,147,122,132,86,129,105,59,53,9,15,89,76,148,117,428,243,161,130,200,133,360,184,219,189,160,133,108,99,0,19,204,147,78,75,481,347,0,19,60,75,0,19,41,52,3175,691,166,149,276,179,96,75,275,262,79,76,205,141,72,115,89,133,182,131,184,166,181,121,321,144,246,138,387,216,0,19,47,53,26,32,32,41,78,91,74,58,40,44,42,52,77,83
1400000US36081024300,"Census Tract 243, Queens County, New York",Queens,5607,694,2753,439,119,103,36,34,288,141,45,47,16,18,22,26,0,19,97,75,152,83,221,109,215,123,226,127,227,100,209,90,184,110,32,30,37,53,58,51,65,54,138,86,210,251,156,198,0,19,2854,436,152,99,202,156,145,100,146,96,34,39,0,19,14,19,19,22,135,115,271,132,110,68,276,133,124,85,112,62,212,111,38,53,34,43,198,228,121,89,235,134,157,119,47,42,72,53
1400000US36081024500,"Census Tract 245, Queens County, New York",Queens,5102,976,2560,629,232,348,312,157,18,28,67,59,8,17,0,19,0,19,21,35,117,76,134,105,205,213,243,132,66,65,208,200,223,155,90,76,121,102,221,161,15,24,111,89,94,69,39,42,15,25,2542,464,46,72,4,6,121,145,45,60,12,21,21,37,16,27,74,83,215,160,69,62,111,104,294,155,46,51,195,123,213,202,144,125,20,33,239,166,132,95,293,263,60,52,119,114,53,82
1400000US36081024600,"Census Tract 246, Queens County, New York",Queens,0,14,0,14,0,14,0,14,0,14,0,14,0,14,0,14,0,14,0,14,0,14,0,14,0,14,0,14,0,14,0,14,0,14,0,14,0,14,0,14,0,14,0,14,0,14,0,14,0,14,0,14,0,14,0,14,0,14,0,14,0,14,0,14,0,14,0,14,0,14,0,14,0,14,0,14,0,14,0,14,0,14,0,14,0,14,0,14,0,14,0,14,0,14,0,14,0,14
1400000US36081024700,"Census Tract 247, Queens County, New York",Queens,1506,345,766,169,19,28,67,64,11,18,19,25,24,27,11,13,0,14,39,55,61,60,71,60,46,34,112,73,38,24,44,37,83,63,13,13,15,14,12,15,11,17,9,10,43,40,4,8,14,22,740,229,0,14,30,35,62,60,15,24,0,14,0,14,4,6,14,22,94,100,87,65,72,51,35,26,31,27,46,35,61,55,2,4,5,8,47,49,20,25,59,59,11,15,11,14,34,19
1400000US36081024900,"Census Tract 249, Queens County, New York",Queens,5228,1328,2567,1032,275,379,70,96,119,124,14,23,0,19,0,19,22,36,117,65,122,114,433,317,199,225,81,70,211,154,98,107,243,110,104,96,31,70,125,107,66,66,140,117,42,57,0,19,55,54,2661,469,33,39,69,72,208,212,10,27,1,3,29,37,31,43,81,60,211,90,289,120,285,280,150,103,325,196,111,102,113,98,30,30,43,41,34,56,63,60,264,142,187,146,36,23,58,55
1400000US36081025100,"Census Tract 251, Queens County, New York",Queens,5703,1027,2797,616,72,68,196,183,95,104,33,42,14,29,5,9,26,32,34,57,173,154,286,190,306,206,377,194,278,175,208,146,82,63,39,55,97,91,62,60,65,57,93,61,93,81,110,97,53,58,2906,556,202,117,81,80,135,81,56,62,46,67,0,19,34,41,24,28,206,194,141,96,301,201,227,123,337,373,252,153,103,67,39,46,75,72,18,30,107,95,214,125,186,147,24,37,98,73
1400000US36081025301,"Census Tract 253.01, Queens County, New York",Queens,3660,442,1895,243,26,29,61,66,127,84,7,12,15,24,0,14,0,14,65,96,208,164,141,93,188,93,233,124,107,69,134,104,31,50,62,69,128,102,121,92,117,130,78,64,36,39,10,21,0,14,1765,427,0,14,73,85,42,55,99,87,13,21,0,14,0,14,55,74,121,80,131,72,164,80,177,107,76,76,194,129,78,73,53,54,110,99,0,14,30,38,278,346,51,53,20,32,0,14
1400000US36081025302,"Census Tract 253.02, Queens County, New York",Queens,3026,851,1475,576,89,143,76,97,113,112,65,85,0,14,0,14,18,30,54,69,159,158,168,147,245,175,69,59,112,75,42,52,53,58,66,61,0,14,0,14,11,20,77,63,11,14,47,66,0,14,1551,418,100,125,26,42,198,97,10,22,71,77,37,57,0,14,121,83,153,122,92,53,181,152,102,66,131,84,19,20,34,35,0,14,71,51,23,32,16,26,93,88,42,54,6,11,25,29
1400000US36081025401,"Census Tract 254.01, Queens County, New York",Queens,3750,1236,2208,841,119,117,98,79,192,142,90,85,70,77,0,14,150,82,27,47,321,206,421,475,38,57,57,56,70,70,87,62,126,86,13,22,173,117,50,45,0,14,39,67,0,14,16,25,51,60,1542,471,113,101,0,14,111,114,32,51,7,17,3,7,0,14,134,120,110,90,226,266,98,79,90,88,131,92,126,70,106,91,15,19,107,86,32,52,0,14,3,21,1,3,97,153,0,14
1400000US36081025402,"Census Tract 254.02, Queens County, New York",Queens,6013,1063,2567,531,222,152,317,195,164,133,96,79,33,40,30,40,69,69,51,83,18,31,410,291,144,118,178,155,131,122,141,111,142,128,0,19,85,97,19,30,60,100,181,202,19,33,57,76,0,19,3446,707,466,324,155,119,54,66,90,94,114,130,29,47,11,35,230,174,298,168,240,164,102,87,282,171,173,134,154,169,294,188,52,61,42,46,51,68,284,204,55,52,56,63,48,52,166,126
1400000US36081025500,"Census Tract 255, Queens County, New York",Queens,1390,321,612,139,33,30,8,15,33,21,53,65,13,17,0,14,0,14,0,14,13,14,39,30,10,17,80,45,100,62,48,58,44,29,9,12,46,51,17,22,8,13,30,43,28,45,0,14,0,14,778,208,69,38,61,38,54,66,2,8,6,10,0,14,9,14,19,9,91,63,29,21,55,16,34,27,59,46,45,36,59,38,0,14,84,77,13,15,30,41,2,7,23,37,0,14,34,41
1400000US36081025700,"Census Tract 257, Queens County, New York",Queens,1453,300,831,215,56,42,46,50,23,25,36,42,8,17,7,11,0,14,6,9,3,5,154,88,117,60,70,40,69,57,56,34,6,10,35,36,0,14,13,14,10,14,51,46,50,64,15,24,0,14,622,132,46,33,42,60,11,14,12,21,0,14,0,14,0,14,7,10,37,34,62,48,57,45,74,30,42,35,42,36,18,21,0,14,33,29,7,10,18,17,47,39,17,24,14,15,36,46
1400000US36081025800,"Census Tract 258, Queens County, New York",Queens,2693,586,1253,246,115,86,28,32,78,70,22,26,13,21,44,38,14,23,80,50,97,55,50,45,118,88,124,128,76,52,71,54,57,46,17,26,39,34,44,37,44,37,29,31,58,54,19,18,16,28,1440,418,49,39,52,54,161,121,86,53,24,16,0,14,48,77,41,33,76,53,166,101,53,54,99,74,119,85,86,50,145,95,21,33,67,41,29,31,35,39,27,23,23,23,15,17,18,30
1400000US36081025900,"Census Tract 259, Queens County, New York",Queens,3060,403,1459,286,28,46,49,59,32,41,37,42,14,22,0,14,33,42,1,3,120,100,160,76,135,96,53,52,32,36,311,187,124,90,14,21,73,59,34,34,85,61,25,30,62,44,37,40,0,14,1601,267,75,89,27,43,0,14,29,47,0,14,27,30,18,28,22,24,109,92,141,95,95,71,116,98,184,98,209,159,37,34,62,67,76,38,51,43,78,56,25,20,74,84,146,143,0,14
1400000US36081026000,"Census Tract 260, Queens County, New York",Queens,2894,636,1396,409,81,66,81,80,147,63,46,34,22,19,84,95,5,7,68,46,125,94,182,117,82,66,38,48,61,43,55,39,132,69,25,33,11,17,49,64,65,42,0,14,24,23,13,20,0,14,1498,291,130,85,55,44,173,63,45,35,84,57,34,32,76,71,64,46,69,46,84,62,71,47,66,43,123,54,106,59,110,59,26,24,0,14,0,14,27,29,16,17,110,49,2,5,27,27
1400000US36081026100,"Census Tract 261, Queens County, New York",Queens,7175,1096,3270,575,176,98,39,46,170,142,108,94,90,65,13,21,0,19,165,127,96,64,263,162,308,163,272,183,385,164,178,108,226,150,71,64,203,165,65,63,44,44,106,83,226,157,43,49,23,37,3905,732,102,118,196,124,168,135,179,109,14,24,74,90,71,85,65,53,421,263,355,159,553,363,155,100,117,97,302,160,286,137,353,265,119,79,21,33,0,19,99,109,121,67,22,36,112,126
1400000US36081026200,"Census Tract 262, Queens County, New York",Queens,1554,470,735,248,49,52,63,48,31,28,62,32,15,24,7,17,8,9,50,43,11,13,8,11,57,43,60,66,36,25,43,36,78,46,0,14,55,40,17,25,11,12,42,38,18,24,14,11,0,14,819,238,84,54,53,44,86,58,15,22,38,18,22,27,0,14,12,34,57,44,41,35,7,13,79,50,30,29,60,39,61,38,35,34,13,20,17,18,28,28,7,8,43,39,21,23,10,16
1400000US36081026300,"Census Tract 263, Queens County, New York",Queens,4559,1185,2234,696,106,150,76,79,61,56,37,47,0,14,0,14,0,14,105,107,145,100,253,251,292,217,233,165,283,221,154,114,110,116,99,79,89,79,57,58,39,45,95,85,0,14,0,14,0,14,2325,742,66,79,62,56,153,161,36,40,1,3,1,2,43,46,82,96,150,166,424,303,214,145,75,61,349,403,72,90,96,83,59,60,82,58,76,64,62,56,200,172,22,34,0,14,0,14
1400000US36081026400,"Census Tract 264, Queens County, New York",Queens,2479,441,1286,247,101,61,59,30,95,55,57,47,34,32,5,7,33,36,11,17,56,38,92,48,69,44,94,61,85,57,99,59,118,92,20,21,5,7,38,45,22,23,70,34,70,46,32,37,21,26,1193,239,54,45,63,49,115,80,25,25,37,27,4,8,25,25,53,52,28,31,120,70,69,40,88,47,44,36,25,24,151,94,12,12,41,42,23,19,27,27,57,31,46,33,37,29,49,40
1400000US36081026501,"Census Tract 265.01, Queens County, New York",Queens,3031,529,1702,339,74,70,57,51,163,94,5,7,0,14,51,54,0,14,22,23,22,23,77,56,180,89,291,140,263,101,116,93,203,147,87,81,23,29,6,10,19,29,24,27,10,18,0,14,9,13,1329,297,59,57,116,108,15,22,32,39,27,44,11,18,20,25,30,24,116,90,169,78,96,58,192,120,113,63,82,52,31,27,26,31,5,9,13,21,49,65,65,55,20,31,0,14,42,50
1400000US36081026502,"Census Tract 265.02, Queens County, New York",Queens,1393,392,776,274,24,36,163,90,70,53,0,14,7,11,0,14,0,14,14,19,53,45,104,66,19,20,71,65,125,94,76,72,30,29,0,14,14,15,6,10,0,14,0,14,0,14,0,14,0,14,617,152,19,24,87,58,66,52,0,14,17,26,0,14,35,33,17,19,53,41,17,26,11,14,83,46,95,97,25,29,12,13,6,10,0,14,0,14,0,14,40,39,27,33,0,14,7,11
1400000US36081026600,"Census Tract 266, Queens County, New York",Queens,1941,433,872,258,40,43,16,23,40,40,23,35,7,10,0,14,0,14,34,35,72,68,146,127,35,39,34,28,36,46,18,20,98,93,39,36,30,32,31,34,6,9,32,32,67,49,51,37,17,15,1069,261,50,75,40,47,51,50,33,41,0,14,39,44,18,27,0,14,152,87,28,36,42,36,41,43,35,35,37,41,84,48,73,44,4,7,41,34,48,38,61,37,70,49,79,46,43,31
1400000US36081026700,"Census Tract 267, Queens County, New York",Queens,5219,645,2813,487,204,162,0,19,76,75,0,19,0,19,0,19,0,19,30,29,328,230,135,108,238,211,303,323,372,251,135,92,108,93,91,87,275,243,138,106,92,104,121,125,45,72,122,100,0,19,2406,411,65,54,59,72,99,122,116,139,10,22,33,33,0,19,155,201,242,220,189,123,199,172,76,100,104,89,204,127,227,235,105,123,78,89,32,36,126,172,133,133,104,101,35,59,15,24
1400000US36081026901,"Census Tract 269.01, Queens County, New York",Queens,4532,698,2153,417,165,117,149,88,164,119,61,53,69,59,25,35,35,54,21,25,43,47,171,109,157,111,222,97,194,98,229,121,149,96,42,44,76,63,10,17,25,37,77,61,29,33,18,28,22,30,2379,420,108,112,232,134,252,164,108,76,34,43,21,26,0,14,27,29,214,116,191,109,113,69,95,49,189,83,190,97,138,72,19,31,97,63,40,35,66,66,152,66,41,41,19,29,33,26
1400000US36081026902,"Census Tract 269.02, Queens County, New York",Queens,4447,610,2426,433,164,55,112,69,130,94,41,33,31,43,2,2,45,51,111,82,184,65,224,127,243,123,191,105,229,197,163,82,98,69,35,39,96,77,7,12,45,35,23,22,180,193,0,14,72,71,2021,347,146,84,72,91,147,69,32,46,123,71,0,14,17,28,100,98,155,110,192,84,163,74,126,62,102,55,145,99,110,58,124,141,29,26,52,71,33,33,42,49,48,61,34,46,29,48
1400000US36081027000,"Census Tract 270, Queens County, New York",Queens,1937,608,1010,368,28,33,49,57,141,133,94,91,29,35,5,9,17,24,100,63,92,87,25,32,0,14,52,43,95,69,78,48,73,54,32,40,48,41,18,23,0,14,14,22,2,6,0,14,18,27,927,283,8,14,74,67,37,47,64,60,59,65,45,51,15,25,46,43,61,39,40,35,90,61,111,93,66,35,18,24,71,41,37,43,7,9,2,4,16,15,23,22,23,24,0,14,14,15
1400000US36081027101,"Census Tract 271.01, Queens County, New York",Queens,5409,1042,2648,648,105,80,187,178,164,111,150,109,78,75,85,88,22,38,17,21,129,94,401,400,296,163,177,85,139,87,110,91,275,141,5,11,87,71,61,53,19,34,33,53,58,63,41,64,9,14,2761,604,283,142,171,63,92,74,121,186,0,19,24,37,46,52,111,78,79,69,410,260,133,76,197,132,111,77,82,68,93,55,45,52,186,127,29,28,47,42,360,407,90,79,9,14,42,55
1400000US36081027102,"Census Tract 271.02, Queens County, New York",Queens,2643,373,1287,212,70,56,34,40,100,88,35,40,11,18,12,19,40,57,22,24,65,73,75,51,113,91,134,123,114,68,75,64,112,86,60,53,18,21,6,12,111,98,27,33,23,26,20,24,10,16,1356,311,0,14,243,151,93,68,38,42,0,14,31,51,0,14,28,39,79,57,81,46,0,14,109,79,73,48,58,42,104,69,0,14,160,206,27,36,31,33,88,80,101,98,5,9,7,21
1400000US36081027200,"Census Tract 272, Queens County, New York",Queens,1921,437,903,256,94,106,26,32,29,37,54,55,0,14,0,14,0,14,46,56,151,125,86,64,38,49,61,52,68,57,61,50,92,64,0,14,37,29,18,28,16,16,26,32,0,14,0,14,0,14,1018,243,36,38,33,44,26,40,23,35,6,10,76,79,5,8,59,57,107,67,20,33,42,32,17,24,78,52,108,63,89,79,50,41,35,41,17,28,48,27,43,40,44,39,39,38,17,28
1400000US36081027301,"Census Tract 273.01, Queens County, New York",Queens,3098,995,1658,588,197,284,79,61,118,94,233,239,21,33,25,32,32,51,18,26,35,35,190,83,78,57,203,89,56,50,118,73,79,76,0,14,75,71,0,14,36,35,17,26,10,16,30,48,8,13,1440,450,56,51,55,56,32,32,237,223,31,34,25,31,29,36,22,20,151,96,47,36,125,60,122,73,44,42,191,205,117,72,34,37,36,39,0,14,20,30,48,39,0,14,0,14,18,19
1400000US36081027302,"Census Tract 273.02, Queens County, New York",Queens,3813,705,2249,551,229,219,221,161,123,104,55,68,20,26,0,14,57,68,84,56,152,88,93,89,227,147,238,128,155,103,123,101,94,65,109,91,0,14,67,77,128,87,63,68,3,7,8,23,0,14,1564,296,161,88,89,94,24,36,0,14,0,14,0,14,0,14,53,58,148,96,203,140,58,42,73,63,12,23,73,65,212,94,97,73,22,34,75,73,77,66,67,62,37,42,50,54,33,36
1400000US36081027400,"Census Tract 274, Queens County, New York",Queens,1871,341,844,228,45,31,98,57,148,124,1,7,0,14,2,11,0,14,35,44,13,28,27,27,41,33,143,61,33,39,39,32,97,78,16,19,31,35,26,33,49,29,0,14,0,14,0,14,0,14,1027,179,3,8,66,34,31,36,63,45,1,9,21,22,17,17,17,20,67,44,47,43,85,48,51,28,107,82,23,21,82,37,23,23,112,91,56,85,15,21,15,15,14,16,45,42,66,87
1400000US36081027500,"Census Tract 275, Queens County, New York",Queens,6454,1078,3815,915,252,178,174,162,134,124,10,23,0,19,43,62,0,19,53,80,272,289,463,348,295,237,426,296,332,152,270,244,276,133,155,176,112,104,65,67,54,62,218,212,173,204,33,42,5,9,2639,666,220,282,159,164,17,37,25,45,22,39,0,19,92,116,191,164,165,91,66,65,224,160,289,164,188,131,160,141,208,124,48,63,75,75,3,31,155,144,197,152,60,63,21,36,54,67
1400000US36081027600,"Census Tract 276, Queens County, New York",Queens,1551,442,687,232,68,51,46,34,71,61,0,14,0,14,0,14,0,14,22,31,76,55,46,49,35,53,15,22,93,89,50,28,57,63,23,20,18,16,6,10,32,30,9,11,0,14,20,28,0,14,864,229,61,70,30,35,63,65,49,59,55,37,37,25,0,14,7,10,44,42,28,26,77,69,50,34,54,37,57,38,38,28,16,15,40,39,0,14,79,69,38,21,14,16,27,34,0,14
1400000US36081027701,"Census Tract 277.01, Queens County, New York",Queens,3553,765,1845,484,0,14,40,67,41,66,35,48,127,109,0,14,31,44,81,67,289,252,62,94,52,55,160,128,245,212,144,111,272,212,35,39,109,85,90,78,0,14,6,12,26,43,0,14,0,14,1708,489,128,114,185,153,146,163,30,57,40,57,86,87,0,14,21,37,139,118,72,84,110,105,74,89,156,56,162,194,85,136,0,14,66,66,36,54,105,126,37,56,30,39,0,14,0,14
1400000US36081027702,"Census Tract 277.02, Queens County, New York",Queens,3397,757,1643,412,78,78,184,187,32,42,11,17,81,67,8,38,7,11,34,33,118,99,65,51,124,64,118,71,122,99,95,65,138,100,0,14,13,21,56,46,245,327,36,42,64,65,14,22,0,14,1754,404,37,38,73,68,145,112,28,45,16,28,0,14,23,36,28,37,76,48,158,100,50,49,95,56,181,80,149,88,70,49,58,40,215,218,11,17,0,14,118,86,78,63,40,37,105,105
1400000US36081027800,"Census Tract 278, Queens County, New York",Queens,2497,381,1070,220,67,58,50,40,115,85,53,46,51,43,11,18,6,12,65,55,70,38,30,27,82,69,59,54,5,7,87,91,127,69,30,36,36,28,62,77,43,42,10,11,0,14,7,9,4,7,1427,255,41,41,83,55,85,60,122,86,30,29,0,14,42,47,29,34,92,59,49,33,105,62,147,66,44,32,102,57,61,46,38,25,88,71,10,11,59,31,55,37,54,34,32,23,59,40
1400000US36081027900,"Census Tract 279, Queens County, New York",Queens,8551,1825,4794,1355,360,250,431,306,121,109,170,167,12,21,89,107,57,81,271,181,242,264,419,206,175,153,448,371,306,202,220,163,441,287,191,175,172,200,109,117,16,28,178,160,60,72,182,139,124,122,3757,792,240,228,266,217,110,173,53,69,0,19,21,35,53,76,250,201,263,146,362,251,433,174,312,190,126,141,166,130,415,252,52,68,97,70,114,89,65,54,41,37,127,100,17,30,174,156
1400000US36081028000,"Census Tract 280, Queens County, New York",Queens,1717,357,849,203,96,61,67,57,76,60,0,14,21,20,0,14,14,21,70,46,44,35,90,71,26,26,62,41,88,52,39,41,44,33,0,14,55,51,0,14,17,20,6,10,0,14,10,11,24,25,868,176,15,15,50,43,117,75,42,32,58,65,0,14,0,14,59,44,53,41,40,34,58,36,64,40,48,33,27,25,28,28,22,25,32,31,33,30,35,26,34,30,27,19,20,24,6,9
1400000US36081028100,"Census Tract 281, Queens County, New York",Queens,6090,708,2752,455,175,160,135,120,119,121,201,164,0,19,13,22,17,26,125,103,246,125,153,99,372,175,186,133,62,58,158,104,185,138,68,69,141,142,27,41,56,55,81,100,82,57,40,43,110,106,3338,477,240,169,166,125,17,33,0,19,0,19,44,67,0,19,122,108,134,102,211,129,249,122,215,162,192,125,224,116,304,156,67,66,394,228,129,76,125,92,213,159,111,76,112,85,69,55
1400000US36081028200,"Census Tract 282, Queens County, New York",Queens,2028,462,835,168,71,63,36,40,94,57,26,32,25,31,30,24,0,14,69,72,30,29,58,34,64,44,47,40,135,73,0,14,44,38,16,17,30,21,29,23,2,10,8,12,8,12,0,14,13,15,1193,386,185,240,41,41,142,78,54,50,12,18,0,14,0,14,87,106,66,36,77,41,72,50,71,64,120,113,58,30,108,82,0,14,17,27,14,20,22,18,5,9,16,17,9,15,17,19
1400000US36081028300,"Census Tract 283, Queens County, New York",Queens,7578,1094,3810,695,191,109,162,170,80,77,106,121,44,56,26,19,29,51,0,19,117,107,335,158,289,160,442,238,292,170,630,244,295,228,101,132,82,83,93,118,180,156,232,181,52,62,31,48,1,3,3768,612,146,156,278,185,102,109,120,108,69,94,0,19,17,29,90,94,133,95,295,143,274,120,430,189,287,131,231,152,236,138,109,130,156,127,91,96,165,124,296,183,201,153,19,30,23,37
1400000US36081028400,"Census Tract 284, Queens County, New York",Queens,3343,641,1693,295,28,31,57,50,100,55,81,64,64,44,0,14,0,14,92,70,161,98,66,56,165,128,176,90,92,70,154,117,91,88,22,26,70,61,74,120,21,33,75,57,49,53,17,27,38,51,1650,435,59,63,120,95,115,112,20,13,64,70,0,14,0,14,53,70,45,50,79,90,152,122,47,35,57,64,118,98,141,91,44,59,40,41,108,103,129,135,157,102,56,53,46,48,0,14
1400000US36081028500,"Census Tract 285, Queens County, New York",Queens,4811,826,2492,696,0,14,270,205,191,269,72,73,49,68,0,14,12,21,21,30,17,29,210,148,88,82,188,117,247,144,366,269,235,155,45,59,84,79,115,93,85,64,58,45,32,35,71,74,36,53,2319,270,218,109,59,74,157,124,0,14,0,14,2,5,0,14,18,31,62,77,144,100,52,68,284,204,219,99,181,109,173,112,18,30,79,68,31,41,137,68,82,61,265,158,118,84,20,27
1400000US36081028700,"Census Tract 287, Queens County, New York",Queens,6422,1220,3198,733,83,97,180,111,200,257,113,108,35,55,0,19,33,51,31,49,51,60,176,117,168,75,316,154,239,242,289,136,424,193,42,44,166,129,81,84,50,56,276,341,107,78,66,85,72,99,3224,648,54,53,417,344,69,64,0,19,43,53,0,19,72,75,48,55,57,48,206,131,408,278,203,118,211,140,213,108,140,107,60,74,106,122,131,141,181,120,282,219,56,59,106,101,161,95
1400000US36081028801,"Census Tract 288.01, Queens County, New York",Queens,2813,593,1235,323,39,46,31,39,262,114,20,30,79,79,15,28,0,14,96,106,108,79,125,100,66,60,52,44,102,61,79,60,32,40,12,17,10,15,11,14,42,38,39,24,10,16,5,8,0,14,1578,369,197,104,70,64,81,65,83,58,29,48,14,24,0,14,56,48,117,105,178,90,45,40,131,81,125,66,91,73,74,60,22,24,73,54,54,45,8,14,37,41,31,31,41,41,21,29
1400000US36081028802,"Census Tract 288.02, Queens County, New York",Queens,2343,567,878,223,33,35,46,43,62,40,24,27,27,18,13,21,30,28,30,29,84,80,57,46,13,20,33,33,69,47,55,45,84,61,39,34,25,28,9,13,12,18,39,26,57,61,3,6,34,36,1465,470,201,199,137,86,125,78,34,34,11,11,5,10,12,13,25,28,101,107,15,21,110,57,150,147,67,42,128,107,62,38,19,19,48,43,9,14,43,33,90,58,29,35,26,28,18,19
1400000US36081028803,"Census Tract 288.03, Queens County, New York",Queens,0,14,0,14,0,14,0,14,0,14,0,14,0,14,0,14,0,14,0,14,0,14,0,14,0,14,0,14,0,14,0,14,0,14,0,14,0,14,0,14,0,14,0,14,0,14,0,14,0,14,0,14,0,14,0,14,0,14,0,14,0,14,0,14,0,14,0,14,0,14,0,14,0,14,0,14,0,14,0,14,0,14,0,14,0,14,0,14,0,14,0,14,0,14,0,14,0,14
1400000US36081028900,"Census Tract 289, Queens County, New York",Queens,4859,1353,2092,611,356,324,65,49,0,14,26,38,64,82,0,14,0,14,0,14,199,104,124,92,166,83,55,55,164,78,138,100,52,59,98,96,186,226,37,42,118,81,99,76,82,72,25,38,38,47,2767,824,338,285,63,46,85,39,48,55,19,31,0,14,0,14,57,70,179,109,52,52,458,299,107,85,130,104,191,135,344,216,19,31,67,53,95,75,172,156,95,57,132,120,75,60,41,45
1400000US36081029100,"Census Tract 291, Queens County, New York",Queens,6259,864,3216,586,95,60,44,52,97,82,108,94,72,72,178,128,0,19,14,16,229,150,270,162,76,59,234,216,489,341,167,137,213,145,129,93,69,58,184,123,34,46,122,100,185,150,49,50,158,168,3043,419,9,14,106,77,178,123,120,90,79,68,17,27,24,38,125,102,129,82,214,124,220,119,118,77,134,71,270,167,255,132,70,58,120,108,45,44,77,73,191,126,145,104,200,145,197,106
1400000US36081029300,"Census Tract 293, Queens County, New York",Queens,1214,226,607,135,101,77,45,35,9,14,0,14,0,14,0,14,16,24,5,8,22,23,93,61,51,38,68,38,0,14,61,37,57,32,0,14,30,35,9,17,6,9,16,16,17,23,1,3,0,14,607,134,44,36,45,19,20,19,4,6,12,13,0,14,13,21,14,14,33,30,40,31,23,18,104,80,28,30,40,44,28,27,10,13,42,35,58,67,13,13,27,31,1,3,0,14,8,9
1400000US36081029400,"Census Tract 294, Queens County, New York",Queens,8578,1369,4098,703,355,194,364,184,237,146,383,280,28,37,10,24,109,79,26,43,174,140,358,227,165,108,301,167,149,151,214,140,528,378,149,130,144,58,141,121,66,84,93,67,73,69,20,31,11,18,4480,843,286,222,302,160,231,196,109,110,0,19,149,147,28,36,92,94,353,186,262,193,375,225,312,162,192,122,229,154,502,362,114,79,123,71,123,83,65,56,305,126,128,108,86,98,114,85
1400000US36081029500,"Census Tract 295, Queens County, New York",Queens,3527,569,1834,453,144,123,0,14,68,42,8,11,0,14,0,14,7,11,20,22,93,85,170,94,186,81,180,65,142,79,349,328,54,39,81,58,69,50,29,28,49,61,110,147,62,38,0,14,13,20,1693,255,128,76,66,53,88,43,46,30,20,23,0,14,12,16,27,29,146,118,258,110,69,43,40,30,128,60,121,54,52,64,11,16,10,16,77,53,94,67,93,59,107,74,80,54,20,22
1400000US36081029700,"Census Tract 297, Queens County, New York",Queens,2391,337,1268,205,86,60,73,60,85,55,54,36,0,14,0,14,9,14,86,59,71,48,126,56,108,44,132,71,140,58,69,35,80,48,14,14,15,16,14,15,11,14,67,46,16,16,6,11,6,9,1123,199,95,65,147,69,28,36,57,56,19,20,0,14,0,14,55,49,57,40,91,47,107,52,69,46,80,48,64,42,90,58,4,7,6,9,43,36,30,25,32,28,14,16,26,23,9,12
1400000US36081029900,"Census Tract 299, Queens County, New York",Queens,0,14,0,14,0,14,0,14,0,14,0,14,0,14,0,14,0,14,0,14,0,14,0,14,0,14,0,14,0,14,0,14,0,14,0,14,0,14,0,14,0,14,0,14,0,14,0,14,0,14,0,14,0,14,0,14,0,14,0,14,0,14,0,14,0,14,0,14,0,14,0,14,0,14,0,14,0,14,0,14,0,14,0,14,0,14,0,14,0,14,0,14,0,14,0,14,0,14
1400000US36081030600,"Census Tract 306, Queens County, New York",Queens,5516,840,2837,464,242,143,157,121,221,124,92,59,30,33,34,44,146,129,98,75,302,138,177,90,149,82,235,124,186,140,57,55,249,130,21,25,127,67,106,85,31,29,82,58,63,50,19,14,13,21,2679,480,169,95,210,147,136,86,53,53,81,105,35,45,0,19,74,61,269,122,264,91,109,66,216,132,137,108,215,90,164,76,130,88,150,73,69,50,51,42,35,43,58,51,0,19,54,49
1400000US36081030903,"Census Tract 309.03, Queens County, New York",Queens,5176,953,2786,550,234,160,123,117,189,182,30,44,174,192,1,3,5,8,53,55,141,105,199,172,174,148,242,181,209,147,252,158,331,212,15,26,153,144,93,97,53,50,77,74,8,14,5,12,25,31,2390,548,136,142,203,155,102,100,41,59,131,93,0,19,0,19,90,69,179,125,69,105,180,112,208,145,229,114,94,94,53,49,60,55,184,143,4,11,81,95,48,51,59,60,104,115,135,145
1400000US36081030904,"Census Tract 309.04, Queens County, New York",Queens,2721,467,1420,288,0,14,41,42,61,60,15,23,8,14,8,13,6,10,83,56,34,38,84,61,93,69,85,56,210,110,48,37,80,56,49,45,161,200,51,45,82,67,69,64,41,52,73,60,38,35,1301,288,29,32,12,21,116,87,0,14,26,42,14,17,0,14,9,17,46,43,100,65,74,56,88,71,60,46,115,73,153,81,8,13,58,37,55,68,122,138,97,80,29,35,42,40,48,28
1400000US36081030905,"Census Tract 309.05, Queens County, New York",Queens,3780,861,1786,527,158,205,119,114,97,84,137,91,41,50,12,19,7,12,23,23,154,166,146,109,142,157,251,74,171,104,101,83,34,34,38,62,25,30,33,44,10,23,61,44,15,25,11,17,0,14,1994,511,128,83,15,24,204,174,114,135,62,60,64,100,41,59,61,65,82,75,252,225,140,77,171,69,131,97,125,130,72,51,106,150,104,90,12,20,22,27,0,14,25,23,63,53,0,14
1400000US36081030906,"Census Tract 309.06, Queens County, New York",Queens,4116,669,1957,359,169,136,58,59,70,74,27,38,2,12,0,14,0,14,25,37,128,103,135,79,156,95,151,97,170,91,99,73,124,79,169,122,98,82,58,55,92,56,164,107,16,27,2,4,44,34,2159,378,58,60,224,131,132,87,67,45,0,14,23,28,24,39,83,62,209,119,130,91,226,118,80,55,164,110,114,59,91,91,109,75,54,54,71,63,139,109,39,43,56,70,32,39,34,33
1400000US36081031700,"Census Tract 317, Queens County, New York",Queens,5965,1055,3098,689,280,204,121,129,200,198,74,83,17,33,0,19,0,19,182,129,220,203,247,201,109,112,430,182,196,179,55,60,142,98,76,115,292,219,0,19,25,39,163,136,106,97,34,61,129,130,2867,527,274,217,86,119,74,111,135,123,37,46,19,37,0,19,165,96,140,111,354,303,316,193,224,135,53,52,127,94,234,126,54,60,127,121,61,73,118,127,106,91,72,73,52,56,39,30
1400000US36081032000,"Census Tract 320, Queens County, New York",Queens,5501,620,2622,434,162,118,120,117,159,100,86,71,24,34,25,41,52,72,66,72,281,168,221,165,167,75,304,153,82,83,258,150,225,118,66,46,119,109,49,54,42,56,68,66,8,12,38,45,0,19,2879,446,187,142,124,96,127,122,34,44,96,84,24,34,25,28,79,102,301,140,238,141,224,141,233,124,308,150,273,137,67,60,19,31,116,76,46,41,65,53,140,97,81,72,43,69,29,33
1400000US36081032700,"Census Tract 327, Queens County, New York",Queens,3742,685,1926,395,24,42,182,118,29,33,82,116,38,45,65,42,9,15,10,32,209,102,349,266,134,87,253,98,101,86,11,42,219,112,4,11,19,31,33,28,52,56,20,30,10,16,22,24,51,55,1816,447,208,151,100,118,366,175,41,47,10,16,7,15,5,10,57,34,141,100,79,69,64,63,223,89,19,29,75,72,152,92,49,67,27,19,61,62,10,16,41,45,21,24,18,21,42,34
1400000US36081032800,"Census Tract 328, Queens County, New York",Queens,2882,478,1376,269,42,39,92,103,239,90,89,49,17,15,49,41,0,14,24,27,102,61,53,55,64,42,63,40,101,49,84,62,132,50,64,85,15,11,21,20,13,15,11,17,17,13,20,20,64,48,1506,267,145,128,47,46,137,72,23,23,30,29,27,24,27,22,49,32,76,47,57,55,146,94,56,34,50,25,113,54,85,40,19,24,38,25,36,26,81,41,46,38,132,65,39,29,47,41
1400000US36081032900,"Census Tract 329, Queens County, New York",Queens,3715,536,1742,347,145,115,142,100,149,83,131,87,15,23,30,46,16,27,43,37,75,49,191,198,32,30,138,99,86,61,139,89,33,29,61,64,53,61,46,60,58,52,106,113,14,20,30,39,9,16,1973,333,86,86,0,14,22,26,104,72,22,37,5,9,28,19,146,98,68,59,222,184,77,58,135,94,170,92,190,106,241,120,50,56,0,14,54,43,86,89,101,102,96,93,55,57,15,21
1400000US36081033000,"Census Tract 330, Queens County, New York",Queens,6943,1116,3217,627,111,121,160,84,389,205,179,112,70,69,48,78,72,75,179,111,90,81,75,94,166,117,324,153,246,141,254,125,320,136,82,89,157,106,16,23,58,75,20,32,87,58,50,52,64,59,3726,738,161,149,106,108,316,140,92,90,209,125,0,19,46,75,202,185,187,162,144,125,261,197,158,118,344,140,321,142,348,154,83,66,123,77,38,35,7,11,202,105,124,87,61,51,193,169
1400000US36081033100,"Census Tract 331, Queens County, New York",Queens,0,14,0,14,0,14,0,14,0,14,0,14,0,14,0,14,0,14,0,14,0,14,0,14,0,14,0,14,0,14,0,14,0,14,0,14,0,14,0,14,0,14,0,14,0,14,0,14,0,14,0,14,0,14,0,14,0,14,0,14,0,14,0,14,0,14,0,14,0,14,0,14,0,14,0,14,0,14,0,14,0,14,0,14,0,14,0,14,0,14,0,14,0,14,0,14,0,14
1400000US36081033401,"Census Tract 334.01, Queens County, New York",Queens,3928,524,1434,226,151,147,44,46,135,91,139,120,42,49,0,14,0,14,64,57,72,65,41,45,91,68,60,65,135,100,58,55,163,84,56,65,75,62,0,14,41,34,54,56,13,17,0,14,0,14,2494,393,97,87,170,157,154,110,124,83,16,28,28,48,47,57,56,45,218,125,147,89,161,144,87,77,199,120,132,81,140,91,78,67,171,120,56,57,69,59,124,62,88,66,45,60,87,68
1400000US36081033403,"Census Tract 334.03, Queens County, New York",Queens,4328,676,1740,365,134,174,45,52,93,103,0,14,61,94,0,14,0,14,53,81,103,116,93,75,129,113,194,145,22,36,227,196,38,43,47,78,228,166,47,76,53,59,15,27,97,84,16,27,45,71,2588,540,117,137,109,105,107,131,51,73,0,14,0,14,0,14,39,44,334,254,63,52,211,152,190,120,142,131,222,156,122,119,108,86,15,25,0,14,209,125,174,102,91,96,160,149,124,122
1400000US36081033404,"Census Tract 334.04, Queens County, New York",Queens,6091,1358,2250,645,75,108,84,80,45,45,170,202,126,183,0,19,70,92,50,80,182,123,270,249,143,163,107,96,117,120,20,34,319,198,50,67,62,99,65,64,91,94,39,46,59,50,26,42,80,62,3841,939,23,38,365,280,222,180,130,133,48,76,71,85,0,19,268,166,63,67,205,166,381,377,140,119,125,112,526,346,91,61,274,161,120,160,217,123,113,103,274,178,74,72,39,43,72,118
1400000US36081033405,"Census Tract 334.05, Queens County, New York",Queens,3643,563,1733,417,165,167,106,70,94,82,46,43,38,49,9,17,0,14,0,14,77,69,95,146,224,170,46,56,234,180,20,29,125,95,51,67,117,72,108,72,66,65,20,24,16,19,9,15,67,100,1910,321,0,14,237,166,51,60,89,78,7,14,0,14,12,22,63,100,36,63,135,151,116,150,128,57,25,29,227,161,173,116,84,73,118,90,47,60,12,19,139,84,48,58,46,50,117,133
1400000US36081033700,"Census Tract 337, Queens County, New York",Queens,2791,518,1155,282,57,67,39,40,83,63,9,15,31,38,0,14,9,14,35,42,89,79,62,50,69,69,173,100,106,104,83,108,131,99,20,23,48,60,9,13,8,15,55,57,0,14,11,18,28,27,1636,391,54,71,66,65,185,166,52,81,9,14,25,38,0,14,17,25,237,272,164,150,109,64,69,50,131,89,110,71,134,174,28,35,52,58,66,65,24,24,44,37,28,26,12,18,20,23
1400000US36081033900,"Census Tract 339, Queens County, New York",Queens,3166,538,1635,347,166,123,148,103,121,128,0,14,44,64,0,14,0,14,101,78,86,79,105,83,120,104,36,36,72,55,102,83,151,104,0,14,73,63,42,48,21,32,88,67,110,105,49,48,0,14,1531,314,0,14,63,60,22,21,174,126,10,14,0,14,0,14,119,116,145,123,43,46,179,105,45,39,96,90,37,53,104,63,44,41,33,28,62,59,63,49,98,63,151,140,43,34,0,14
1400000US36081034700,"Census Tract 347, Queens County, New York",Queens,3976,709,2247,331,28,46,280,155,375,241,52,66,118,52,38,32,18,24,17,21,144,93,244,203,96,84,192,127,179,120,62,46,96,65,22,33,75,53,7,12,46,56,50,41,93,82,4,6,11,16,1729,459,0,14,188,123,156,119,116,129,91,92,6,10,8,12,26,37,13,18,163,102,153,87,207,124,90,57,118,135,114,135,14,23,77,66,0,14,17,19,85,86,64,58,14,17,9,17
1400000US36081035100,"Census Tract 351, Queens County, New York",Queens,3598,515,1968,332,104,64,83,50,304,271,60,66,21,26,0,14,56,61,52,46,156,110,218,143,152,78,132,73,64,63,150,103,71,63,16,18,88,45,33,25,92,61,37,36,15,24,57,46,7,12,1630,270,16,33,76,66,25,28,30,39,13,16,13,22,61,70,54,46,84,58,159,91,123,116,63,36,149,86,103,77,135,59,62,47,72,42,93,96,48,38,186,127,18,21,28,32,19,25
1400000US36081035200,"Census Tract 352, Queens County, New York",Queens,2833,492,1281,195,0,14,117,55,56,42,21,20,122,55,0,14,0,14,44,41,85,44,155,76,85,44,34,32,92,67,174,70,6,9,47,43,119,126,14,17,0,14,54,38,45,32,11,15,0,14,1552,368,65,55,77,59,83,74,47,38,34,37,21,25,1,3,71,47,105,56,119,58,40,36,68,51,93,47,69,45,125,77,114,102,73,52,11,17,8,12,196,229,53,48,46,34,33,35
1400000US36081035300,"Census Tract 353, Queens County, New York",Queens,2143,557,1151,510,21,33,26,41,34,43,10,18,8,16,0,14,17,25,54,37,68,41,58,48,58,44,204,245,227,253,90,53,12,14,49,42,0,14,76,54,23,26,35,41,31,29,16,26,34,28,992,195,7,10,145,102,24,29,59,58,0,14,37,27,0,14,32,28,74,46,56,48,17,26,91,60,49,46,10,14,21,25,37,30,64,38,67,53,32,34,55,53,69,51,24,24,22,23
1400000US36081035700,"Census Tract 357, Queens County, New York",Queens,4448,808,2011,424,110,99,13,21,0,14,109,81,19,37,34,48,0,14,85,82,405,223,143,103,115,82,96,57,64,58,81,68,97,58,55,36,139,88,103,82,95,63,67,67,33,24,100,68,48,32,2437,518,84,88,84,86,68,58,34,42,88,79,50,68,26,35,151,76,179,105,176,105,41,46,93,71,91,63,160,81,275,130,86,117,45,32,47,45,70,45,362,428,92,50,89,68,46,42
1400000US36081035800,"Census Tract 358, Queens County, New York",Queens,4547,717,1992,318,100,99,51,42,72,59,122,79,59,64,48,53,13,19,83,58,168,134,131,72,266,114,149,106,90,115,237,118,74,49,57,48,17,26,20,31,106,64,60,44,26,28,0,14,43,34,2555,501,63,69,181,137,219,138,84,89,38,48,49,77,11,19,156,133,160,124,240,125,258,116,151,151,77,61,113,91,204,92,82,67,118,69,24,27,50,43,86,73,93,59,44,39,54,47
1400000US36081036100,"Census Tract 361, Queens County, New York",Queens,2608,539,1303,309,58,58,37,41,76,67,0,14,36,44,10,16,18,26,80,41,133,59,65,67,182,113,0,14,167,79,138,72,145,86,11,17,22,32,30,33,6,10,39,52,0,14,31,21,19,27,1305,296,31,49,96,66,147,105,15,24,79,59,15,24,7,10,82,51,78,58,101,52,42,43,38,41,67,53,118,67,154,88,0,14,29,25,26,31,51,39,53,52,26,34,29,25,21,23
1400000US36081036300,"Census Tract 363, Queens County, New York",Queens,2033,354,1060,227,33,43,100,65,15,26,27,32,30,34,0,14,20,23,13,20,81,51,211,144,145,77,58,45,47,46,59,47,110,54,6,10,28,21,0,14,31,32,18,19,28,20,0,14,0,14,973,217,74,53,8,12,39,49,77,64,44,43,0,14,0,14,34,41,60,43,115,65,43,35,127,75,30,37,38,38,92,56,48,29,24,28,17,27,17,28,36,32,27,24,9,14,14,21
1400000US36081036500,"Census Tract 365, Queens County, New York",Queens,3289,607,1885,376,146,96,185,124,131,89,4,7,55,67,18,27,0,14,122,88,174,134,193,103,108,67,55,48,84,69,201,119,93,58,88,69,116,76,42,36,0,14,0,14,0,14,40,43,30,30,1404,275,97,85,70,65,67,68,40,44,57,45,17,26,3,6,52,49,164,82,176,77,45,34,84,57,155,89,65,73,91,77,12,20,66,49,1,2,31,49,40,28,17,21,54,46,0,14
1400000US36081036600,"Census Tract 366, Queens County, New York",Queens,3131,535,1321,318,0,14,60,61,62,69,50,54,75,56,21,33,20,29,58,55,187,142,74,73,109,79,32,29,124,98,86,85,93,85,92,71,7,12,0,14,5,9,62,59,11,15,76,79,17,28,1810,334,145,118,51,51,163,123,22,35,0,14,0,14,0,14,61,69,45,43,199,117,122,70,118,78,55,55,54,55,118,65,33,38,99,82,16,25,13,15,121,76,130,84,124,91,121,85
1400000US36081036700,"Census Tract 367, Queens County, New York",Queens,2935,489,1597,347,168,119,161,119,70,65,10,15,2,3,29,44,32,33,43,56,54,45,179,71,252,261,33,34,73,43,118,87,85,46,8,17,175,180,0,14,55,60,28,27,10,13,12,14,0,14,1338,247,56,47,52,36,70,52,33,28,1,2,15,21,0,14,42,33,138,76,176,100,37,32,209,94,34,28,44,28,207,157,60,71,31,30,33,30,24,24,32,25,24,25,15,16,5,11
1400000US36081036800,"Census Tract 368, Queens County, New York",Queens,2918,688,1394,310,26,33,79,54,60,38,71,43,52,60,31,44,15,19,26,27,148,96,273,176,58,69,82,53,21,24,143,100,47,33,43,40,87,57,18,26,8,11,45,42,21,21,40,44,0,14,1524,429,156,154,119,109,43,25,78,73,27,19,0,14,6,12,50,40,95,61,128,68,75,46,153,95,86,70,101,55,110,59,91,66,45,31,27,31,36,35,14,22,1,2,50,41,33,35
1400000US36081037100,"Census Tract 371, Queens County, New York",Queens,1526,252,746,148,8,11,14,14,35,37,14,19,10,10,28,42,10,12,25,34,63,45,53,47,57,58,37,26,38,30,31,24,87,65,6,8,60,36,0,14,18,19,42,38,39,38,15,23,56,63,780,200,0,14,14,14,0,14,34,45,0,14,15,23,36,34,28,33,58,53,70,53,6,9,45,46,65,41,127,177,41,26,54,34,31,27,0,14,21,22,88,68,17,20,22,20,8,9
1400000US36081037300,"Census Tract 373, Queens County, New York",Queens,2420,555,1265,351,115,73,144,104,119,73,14,20,59,28,7,10,7,9,41,37,78,62,131,82,64,41,74,50,85,42,50,47,58,48,42,34,41,59,17,23,45,53,31,29,7,11,22,23,14,26,1155,263,103,66,61,60,64,40,47,30,25,25,0,14,0,14,72,45,95,50,107,61,119,52,40,25,68,45,64,50,100,60,15,16,55,50,0,14,17,24,64,47,0,14,22,20,17,31
1400000US36081037501,"Census Tract 375.01, Queens County, New York",Queens,1487,352,876,291,88,78,95,120,37,57,69,83,22,35,0,14,0,14,8,14,83,60,36,45,100,104,21,37,110,99,35,42,63,64,0,14,20,32,0,14,0,14,0,14,14,21,40,51,35,56,611,144,0,14,118,102,49,52,15,24,0,14,35,42,0,14,0,14,0,14,61,49,84,88,55,50,0,14,89,62,0,14,33,52,10,16,0,14,0,14,0,14,13,20,49,48,0,14
1400000US36081037502,"Census Tract 375.02, Queens County, New York",Queens,2669,760,1093,239,42,42,100,63,0,14,33,39,25,38,30,31,24,29,61,39,125,66,74,72,97,54,69,59,100,72,111,49,38,39,9,16,3,5,11,14,67,49,7,12,33,52,9,14,25,40,1576,692,251,220,257,287,84,62,18,19,34,33,0,14,29,42,22,24,174,92,109,84,78,54,73,64,69,45,104,43,41,40,65,79,11,14,78,52,25,28,19,22,27,41,8,14,0,14
1400000US36081037600,"Census Tract 376, Queens County, New York",Queens,6883,1266,2585,582,84,98,235,147,312,227,123,99,79,80,59,65,0,19,211,110,9,16,177,127,168,136,281,146,102,74,80,91,310,124,72,68,109,75,0,19,81,81,31,34,28,31,0,19,34,33,4298,923,375,264,255,190,311,185,280,167,58,71,23,32,157,120,67,62,296,140,125,98,121,95,574,239,184,98,230,132,211,126,256,162,154,97,95,87,143,96,157,81,133,98,52,50,41,35
1400000US36081037700,"Census Tract 377, Queens County, New York",Queens,3567,940,2031,536,114,117,240,162,252,127,60,51,33,47,37,59,31,39,111,138,225,106,112,96,173,105,243,158,53,58,105,97,123,100,58,78,41,60,0,14,0,14,0,14,8,12,12,18,0,14,1536,473,208,174,236,125,86,74,15,25,44,54,14,23,0,14,37,59,123,101,92,83,125,86,101,60,101,77,91,111,106,68,8,12,58,72,0,14,16,25,28,37,0,14,5,7,42,53
1400000US36081037900,"Census Tract 379, Queens County, New York",Queens,5841,1049,3313,743,278,223,172,113,272,152,86,92,96,86,83,80,34,34,154,122,277,158,446,268,337,204,309,155,278,152,102,86,63,71,40,52,105,61,41,48,39,62,20,32,36,62,45,59,0,19,2528,519,108,106,119,98,138,91,176,109,31,37,30,44,37,46,65,58,273,150,157,93,325,142,270,136,201,112,124,127,193,101,61,61,69,58,30,34,102,100,0,19,0,19,19,30,0,19
1400000US36081038100,"Census Tract 381, Queens County, New York",Queens,6999,1076,3763,874,198,159,119,92,141,113,311,140,164,111,49,64,36,52,293,162,526,414,366,168,349,315,268,178,184,94,236,141,133,84,103,82,13,17,51,83,76,69,28,34,44,40,43,33,32,54,3236,497,266,168,450,207,365,215,84,93,19,23,10,27,22,35,178,91,266,111,272,114,205,112,282,131,200,120,75,66,153,82,38,55,5,8,49,47,86,75,91,84,12,20,64,58,44,40
1400000US36081038301,"Census Tract 383.01, Queens County, New York",Queens,0,14,0,14,0,14,0,14,0,14,0,14,0,14,0,14,0,14,0,14,0,14,0,14,0,14,0,14,0,14,0,14,0,14,0,14,0,14,0,14,0,14,0,14,0,14,0,14,0,14,0,14,0,14,0,14,0,14,0,14,0,14,0,14,0,14,0,14,0,14,0,14,0,14,0,14,0,14,0,14,0,14,0,14,0,14,0,14,0,14,0,14,0,14,0,14,0,14
1400000US36081038302,"Census Tract 383.02, Queens County, New York",Queens,0,14,0,14,0,14,0,14,0,14,0,14,0,14,0,14,0,14,0,14,0,14,0,14,0,14,0,14,0,14,0,14,0,14,0,14,0,14,0,14,0,14,0,14,0,14,0,14,0,14,0,14,0,14,0,14,0,14,0,14,0,14,0,14,0,14,0,14,0,14,0,14,0,14,0,14,0,14,0,14,0,14,0,14,0,14,0,14,0,14,0,14,0,14,0,14,0,14
1400000US36081038400,"Census Tract 384, Queens County, New York",Queens,2634,490,1074,259,24,29,66,56,106,98,22,27,27,10,0,14,0,14,87,63,79,46,8,13,44,37,69,55,109,79,44,39,40,32,84,52,42,37,15,18,29,22,44,41,24,38,8,12,103,114,1560,287,76,53,39,52,36,46,44,35,6,10,13,21,7,11,117,74,100,56,119,93,85,98,73,53,146,89,127,61,134,70,34,24,54,35,9,14,49,38,93,61,10,11,109,80,80,45
1400000US36081039400,"Census Tract 394, Queens County, New York",Queens,3289,518,1438,275,108,68,51,40,150,98,119,70,11,14,18,18,31,34,13,18,121,89,101,101,66,47,48,30,16,26,211,148,63,56,51,35,38,41,34,29,30,26,85,61,23,17,16,20,34,31,1851,300,135,75,65,52,50,36,29,32,0,14,36,35,57,55,52,39,82,58,224,142,118,48,81,51,122,71,89,53,189,95,48,40,99,111,52,45,130,71,9,13,50,32,89,93,45,35
1400000US36081039800,"Census Tract 398, Queens County, New York",Queens,1485,333,614,181,20,26,14,19,70,50,21,28,0,14,0,14,0,14,9,19,37,36,58,58,26,32,13,15,49,49,68,64,33,30,0,14,86,41,17,19,6,9,41,34,17,18,9,14,20,21,871,190,0,14,30,33,107,91,9,14,14,19,46,73,21,27,12,15,12,17,115,46,21,20,31,34,75,39,81,47,98,57,9,14,25,26,34,36,4,7,64,39,25,33,13,19,25,24
1400000US36081039901,"Census Tract 399.01, Queens County, New York",Queens,2504,483,1138,270,76,70,153,114,148,82,111,82,19,31,0,14,7,13,38,46,73,58,28,31,111,91,47,48,103,71,76,70,30,33,29,48,21,31,15,22,6,34,22,36,0,14,7,11,18,23,1366,272,141,109,72,64,67,58,66,69,48,38,20,26,0,14,50,80,203,119,99,66,121,84,66,55,59,57,18,27,91,73,25,23,19,28,29,47,98,122,24,23,0,14,0,14,50,47
1400000US36081039902,"Census Tract 399.02, Queens County, New York",Queens,1982,455,932,255,140,132,92,49,46,47,3,12,47,40,26,29,31,35,37,36,90,72,28,24,53,37,48,53,71,54,73,55,71,71,29,39,20,25,11,17,12,26,1,2,0,14,0,14,3,13,1050,297,0,14,75,70,71,65,64,61,25,38,41,47,34,32,26,35,153,76,77,71,50,42,80,76,38,35,40,38,83,56,18,28,14,29,0,14,40,70,119,171,0,14,2,12,0,14
1400000US36081040000,"Census Tract 400, Queens County, New York",Queens,1410,315,684,192,25,40,24,31,27,34,5,10,8,12,0,14,0,14,17,22,113,57,37,39,27,27,66,39,12,14,86,65,125,84,0,14,39,22,22,20,17,18,10,14,24,12,0,14,0,14,726,173,20,32,10,18,48,46,42,37,5,9,14,19,9,15,27,25,32,27,58,46,6,10,49,36,17,20,88,45,116,100,41,33,27,22,16,21,8,14,18,19,34,20,11,16,30,21
1400000US36081040101,"Census Tract 401.01, Queens County, New York",Queens,2251,590,1246,406,0,14,82,66,72,65,25,32,116,84,19,23,12,19,10,12,148,106,38,33,117,70,206,112,107,74,30,33,91,56,14,17,0,14,24,35,0,14,78,87,40,48,17,26,0,14,1005,263,26,33,75,59,100,67,35,37,0,14,0,14,11,18,23,36,133,112,61,41,40,37,118,60,67,59,68,47,78,59,0,14,8,13,0,14,46,74,0,14,80,122,19,29,17,19
1400000US36081040102,"Census Tract 401.02, Queens County, New York",Queens,3966,759,2036,422,53,36,255,150,145,95,81,69,30,50,26,42,0,14,16,25,147,101,354,182,125,89,225,160,104,102,32,54,87,90,111,81,93,99,60,64,92,88,0,14,0,14,0,14,0,14,1930,521,35,59,198,168,85,84,38,73,102,97,31,51,25,43,89,99,202,115,401,337,94,93,24,36,96,81,161,103,111,73,46,51,57,76,0,14,0,14,65,67,16,30,54,70,0,14
1400000US36081040200,"Census Tract 402, Queens County, New York",Queens,1557,366,607,111,28,38,19,24,29,28,35,44,0,14,7,11,7,11,34,29,32,31,73,57,49,38,86,60,41,30,39,33,9,10,20,26,12,14,22,20,54,39,4,6,7,10,0,14,0,14,950,302,20,18,56,55,40,53,75,75,56,44,16,24,0,14,0,14,117,111,49,43,67,53,28,29,94,69,90,52,32,23,22,27,40,32,36,32,14,16,27,24,31,31,34,24,6,9
1400000US36081040301,"Census Tract 403.01, Queens County, New York",Queens,2603,595,1519,484,118,123,83,79,77,63,0,14,8,12,21,33,12,26,43,49,105,75,133,92,364,310,47,46,105,66,121,96,74,80,19,29,42,44,37,31,48,53,0,14,0,14,39,45,23,37,1084,255,123,102,62,60,76,67,85,82,60,45,54,45,0,14,56,30,61,66,44,42,83,62,61,50,59,39,96,86,48,48,0,14,21,36,0,14,29,26,43,54,23,37,0,14,0,14
1400000US36081040302,"Census Tract 403.02, Queens County, New York",Queens,4409,883,2647,647,234,187,180,117,210,165,87,86,37,62,57,59,16,27,236,156,340,189,317,306,159,103,298,158,47,62,31,48,167,134,18,28,73,88,36,41,57,54,0,14,47,58,0,14,0,14,1762,433,178,125,166,121,157,71,155,119,39,46,0,14,18,30,38,57,205,147,86,57,141,89,97,80,82,76,143,100,42,46,0,14,0,14,42,47,54,49,90,88,21,35,0,14,8,13
1400000US36081040400,"Census Tract 404, Queens County, New York",Queens,3671,552,1682,319,100,61,31,35,52,42,7,11,50,41,46,44,0,14,86,107,121,72,286,162,90,66,115,68,156,111,92,70,162,111,44,52,57,52,25,24,25,29,67,53,32,41,26,30,12,16,1989,324,29,34,48,48,74,83,38,47,0,14,0,14,31,28,66,51,101,57,97,75,120,81,67,58,103,68,111,74,118,64,121,98,172,153,61,50,93,71,185,120,148,77,114,91,92,131
1400000US36081040501,"Census Tract 405.01, Queens County, New York",Queens,964,351,373,161,0,14,41,45,20,28,0,14,6,9,13,19,0,14,0,14,45,52,48,37,62,79,37,41,25,29,27,30,24,28,16,27,0,14,0,14,0,14,0,14,1,3,0,14,8,12,591,213,47,40,83,54,21,31,6,9,16,24,0,14,0,14,35,35,33,41,37,50,122,76,33,36,63,94,44,32,30,34,7,9,0,14,0,14,14,23,0,14,0,14,0,14,0,14
1400000US36081040502,"Census Tract 405.02, Queens County, New York",Queens,1686,551,952,368,41,46,53,37,63,48,40,31,17,27,12,20,42,30,11,15,12,15,49,41,46,66,108,72,63,49,50,41,222,312,56,52,0,14,19,27,18,28,0,14,12,17,13,15,5,8,734,213,54,42,36,34,62,50,27,30,21,30,0,14,8,12,25,21,41,28,30,26,49,38,41,37,14,16,142,169,18,17,14,22,16,20,7,12,32,36,34,29,41,35,17,27,5,8
1400000US36081040701,"Census Tract 407.01, Queens County, New York",Queens,3181,955,1344,306,51,53,111,111,128,55,65,64,79,69,32,39,24,38,68,81,54,78,176,119,132,102,60,55,127,85,94,89,6,9,30,48,31,27,6,10,56,55,14,20,0,14,0,14,0,14,1837,783,49,61,240,218,438,294,55,58,48,52,0,14,0,14,0,14,201,229,181,98,146,101,97,72,39,42,166,216,77,65,0,14,19,27,0,14,14,20,0,14,31,39,0,14,36,42
1400000US36081040702,"Census Tract 407.02, Queens County, New York",Queens,4430,1082,2511,586,137,125,136,104,129,74,93,70,129,123,15,26,12,20,136,87,92,98,301,189,292,141,63,61,202,117,99,84,126,92,88,86,76,71,210,330,0,14,43,50,61,65,14,26,57,58,1919,614,214,194,242,175,186,142,79,82,18,23,29,39,0,14,56,48,63,60,175,84,112,81,105,99,84,63,132,100,41,45,83,64,21,31,146,218,11,18,13,22,74,63,22,26,13,20
1400000US36081040901,"Census Tract 409.01, Queens County, New York",Queens,1818,460,987,235,57,60,29,35,48,63,62,66,18,24,44,50,11,16,2,5,77,52,75,44,63,44,84,54,95,57,140,113,12,17,19,29,32,25,0,14,18,21,80,50,21,23,0,14,0,14,831,298,45,69,62,51,82,84,38,42,55,89,0,14,5,8,23,29,48,44,33,27,43,40,84,51,107,133,48,40,10,16,18,21,54,41,0,14,43,47,19,22,14,22,0,14,0,14
1400000US36081040902,"Census Tract 409.02, Queens County, New York",Queens,2972,750,1549,435,14,22,71,59,126,93,39,44,21,26,0,14,63,57,28,36,110,68,99,87,208,162,143,81,240,155,195,100,45,48,69,57,14,22,9,13,15,25,33,40,0,14,7,10,0,14,1423,390,148,115,169,109,112,71,107,97,48,38,0,14,69,55,49,49,31,41,170,129,55,39,88,52,94,51,48,43,102,55,20,22,6,11,25,39,0,14,47,37,0,14,4,9,31,49
1400000US36081041100,"Census Tract 411, Queens County, New York",Queens,4250,856,2421,559,124,102,121,158,92,80,5,10,68,75,7,34,41,43,119,87,319,253,284,136,81,69,158,133,274,286,211,102,110,45,215,324,82,92,59,91,10,16,0,14,29,29,12,21,0,14,1829,427,90,93,99,107,43,64,53,64,34,39,41,50,32,49,101,65,225,139,190,94,15,20,212,174,29,47,138,75,104,51,0,14,128,185,46,77,100,87,7,10,12,21,125,84,5,13
1400000US36081041300,"Census Tract 413, Queens County, New York",Queens,4596,944,1959,445,92,122,124,97,128,42,47,52,74,72,41,49,15,23,94,80,234,108,198,115,137,161,75,70,225,130,60,50,52,48,88,83,49,57,60,69,27,35,70,64,69,82,0,14,0,14,2637,662,275,220,168,133,148,163,156,114,0,14,15,23,42,42,155,122,195,127,326,180,126,93,153,96,144,120,146,82,186,103,29,32,78,55,43,68,52,61,25,38,67,62,51,79,57,88
1400000US36081041400,"Census Tract 414, Queens County, New York",Queens,4561,763,2068,361,235,160,51,51,86,62,91,74,89,75,0,14,46,73,126,81,162,97,317,189,156,85,118,93,117,84,90,87,76,75,45,47,23,25,50,44,58,57,106,80,4,7,22,36,0,14,2493,520,307,166,225,134,125,113,61,53,32,43,42,55,0,14,36,42,247,238,167,131,100,66,239,143,65,56,113,86,280,192,84,75,47,73,92,68,29,39,97,90,41,47,10,14,54,54
1400000US36081041500,"Census Tract 415, Queens County, New York",Queens,3999,954,2212,735,40,65,96,91,133,136,134,122,67,72,38,34,37,59,67,61,338,302,125,87,227,228,48,50,415,300,146,87,124,73,18,28,49,75,17,25,0,14,18,30,9,14,4,15,62,74,1787,444,93,98,197,167,163,145,121,73,50,56,6,13,0,14,0,14,132,93,141,107,142,97,20,28,143,91,218,155,77,80,16,24,6,11,37,59,22,26,5,13,15,17,39,62,144,175
1400000US36081042400,"Census Tract 424, Queens County, New York",Queens,2652,407,1174,216,36,44,9,16,61,47,60,43,64,38,0,14,0,14,42,46,84,84,28,26,149,115,93,63,90,55,195,123,38,44,35,38,59,40,37,34,6,9,47,37,5,8,22,34,14,14,1478,241,40,51,48,52,75,55,80,47,45,39,14,16,31,33,73,58,55,35,50,50,160,138,77,55,63,59,191,80,95,57,46,32,68,53,17,20,28,29,50,30,154,72,8,11,10,15
1400000US36081042600,"Census Tract 426, Queens County, New York",Queens,445,8,421,41,0,14,0,14,0,14,0,14,0,14,0,14,0,14,0,14,0,14,0,14,23,15,15,20,14,19,29,29,32,36,8,13,18,17,28,38,21,21,70,56,60,35,23,20,80,53,24,41,0,14,0,14,0,14,0,14,0,14,0,14,0,14,0,14,0,14,5,16,6,17,0,14,0,14,0,14,0,14,0,14,0,14,8,22,0,14,5,10,0,14,0,14,0,14
1400000US36081042700,"Census Tract 427, Queens County, New York",Queens,4260,797,2007,420,138,208,108,88,120,110,149,101,26,43,0,14,23,37,37,48,216,119,81,69,153,154,112,89,89,74,125,78,145,88,0,14,114,108,136,117,43,65,88,86,9,13,35,39,60,55,2253,479,164,135,15,24,176,138,66,84,120,107,195,296,51,57,86,57,109,68,108,83,286,166,159,90,126,78,94,75,120,70,77,76,58,57,34,54,24,29,49,60,69,86,41,50,26,38
1400000US36081043200,"Census Tract 432, Queens County, New York",Queens,1200,272,540,158,0,14,30,31,60,46,44,31,25,26,9,12,18,29,9,14,20,31,27,30,29,29,64,41,0,14,29,33,70,50,0,14,0,14,0,14,17,18,27,26,38,31,24,35,0,14,660,162,25,29,34,32,35,31,16,20,14,17,0,14,17,19,42,39,42,36,19,19,16,20,55,33,61,42,62,35,22,25,0,14,43,36,15,14,7,10,68,35,29,34,31,44,7,11
1400000US36081043400,"Census Tract 434, Queens County, New York",Queens,1962,423,839,196,124,86,104,77,79,65,14,15,28,29,0,14,18,28,36,32,21,17,25,28,51,41,92,74,32,47,34,36,60,48,0,14,7,11,0,14,5,9,22,34,49,40,21,27,17,25,1123,328,52,61,117,73,99,87,37,42,71,88,9,14,20,32,8,11,83,60,8,13,37,44,99,52,71,61,15,16,95,55,0,14,124,90,0,14,42,35,63,62,40,35,0,14,33,32
1400000US36081043701,"Census Tract 437.01, Queens County, New York",Queens,3468,601,1863,340,197,133,202,110,30,40,73,74,43,40,7,12,7,11,57,46,110,103,128,65,151,109,108,68,156,87,110,89,141,89,37,48,52,42,33,28,63,40,32,24,44,44,38,38,44,34,1605,334,72,74,36,52,16,19,113,86,5,7,55,54,38,43,42,35,99,77,97,55,151,97,174,72,93,71,173,74,38,33,11,14,31,27,22,19,65,48,60,37,61,46,36,32,117,59
1400000US36081043702,"Census Tract 437.02, Queens County, New York",Queens,5982,992,2735,417,83,89,25,34,135,118,61,61,89,99,0,19,5,14,37,42,174,145,319,172,122,87,167,168,158,125,163,129,103,95,21,30,48,47,271,163,264,264,286,167,83,93,52,82,69,84,3247,738,289,276,176,126,153,124,149,144,23,38,21,30,0,19,129,164,78,92,252,171,221,113,156,124,152,123,178,118,34,41,107,87,313,166,143,122,139,118,229,150,132,122,40,46,133,114
1400000US36081043900,"Census Tract 439, Queens County, New York",Queens,4150,729,2197,510,315,202,176,156,185,135,103,96,68,48,29,45,0,14,12,20,103,80,230,150,231,139,171,139,202,111,73,75,112,99,24,38,29,42,0,14,28,38,70,57,14,30,10,23,12,18,1953,311,140,119,41,66,280,163,89,93,68,76,30,46,98,72,78,84,140,95,149,103,174,110,257,101,6,9,156,69,69,70,0,14,34,58,22,34,62,59,15,23,0,14,45,63,0,14
1400000US36081044000,"Census Tract 440, Queens County, New York",Queens,3824,912,2008,461,75,84,138,128,235,160,132,147,148,117,88,74,0,14,82,71,114,72,131,106,105,75,106,81,122,95,126,76,97,55,50,62,106,91,14,23,69,67,51,41,9,13,0,14,10,15,1816,555,238,206,74,53,63,67,172,94,54,43,45,43,0,14,22,27,83,72,132,160,141,74,52,50,257,146,155,100,74,55,0,14,62,50,33,29,54,57,40,28,35,36,30,36,0,14
1400000US36081044301,"Census Tract 443.01, Queens County, New York",Queens,4217,1031,1817,487,198,104,148,155,80,84,142,169,24,34,12,19,0,14,38,34,177,118,62,73,102,123,102,84,58,53,31,34,241,151,53,52,21,29,27,40,46,50,116,137,39,44,37,58,63,68,2400,613,137,102,109,99,293,322,135,127,92,72,12,19,33,38,17,28,54,46,201,109,130,130,124,54,114,87,122,72,242,237,14,21,1,3,23,26,41,44,131,81,112,71,127,102,136,102
1400000US36081044302,"Census Tract 443.02, Queens County, New York",Queens,4864,836,2330,501,128,103,78,80,31,31,66,57,59,40,0,14,23,26,98,104,68,94,175,94,216,122,229,112,220,186,160,87,186,143,122,51,45,36,56,46,134,78,86,60,150,79,0,14,0,14,2534,423,42,36,76,74,196,158,155,84,89,57,55,52,12,19,98,63,192,114,231,105,88,71,113,77,149,74,149,166,225,128,12,27,96,56,100,54,106,81,39,39,174,109,33,28,104,93
1400000US36081044400,"Census Tract 444, Queens County, New York",Queens,4178,853,1999,550,209,138,142,75,97,58,79,62,74,64,0,14,20,32,100,71,174,223,220,115,89,67,113,91,105,75,56,81,116,97,47,74,90,66,34,44,55,51,79,61,71,58,0,14,29,22,2179,414,66,60,134,105,93,82,0,14,75,58,27,44,24,35,172,136,293,141,223,120,155,88,99,63,145,77,47,45,114,76,148,111,88,59,35,41,16,23,55,57,53,50,59,58,58,45
1400000US36081044601,"Census Tract 446.01, Queens County, New York",Queens,3779,389,1909,334,112,103,50,48,160,105,100,56,55,56,55,61,0,14,13,20,248,115,139,79,147,115,160,78,210,189,137,70,71,83,10,29,24,40,69,54,19,19,22,23,33,44,47,57,28,42,1870,234,85,84,173,83,125,89,56,57,57,64,0,14,24,32,15,42,138,99,120,53,140,87,75,57,121,134,184,76,73,52,20,22,92,66,63,56,61,53,80,54,103,63,15,18,50,50
1400000US36081044602,"Census Tract 446.02, Queens County, New York",Queens,4774,790,2601,587,188,113,147,97,211,127,133,97,87,67,40,43,43,35,105,90,85,61,46,58,155,107,232,157,138,141,176,96,209,104,336,328,134,92,25,32,56,54,32,28,0,14,23,42,0,14,2173,356,44,55,59,59,68,55,147,93,12,27,38,37,27,43,197,126,140,107,90,82,101,68,168,90,149,77,174,106,262,158,61,51,139,87,51,52,113,69,58,61,26,40,42,54,7,13
1400000US36081044800,"Census Tract 448, Queens County, New York",Queens,2871,536,1384,291,102,68,71,49,61,87,35,29,59,41,25,26,6,8,38,36,64,54,152,129,234,177,67,42,71,51,57,46,58,44,56,46,16,15,10,16,69,39,61,44,39,29,5,8,28,33,1487,338,135,112,100,96,82,51,17,20,11,12,55,43,13,21,48,50,60,50,132,87,82,45,86,47,61,38,66,50,31,34,70,37,61,47,51,40,119,117,13,14,50,28,130,86,14,30
1400000US36081045000,"Census Tract 450, Queens County, New York",Queens,2088,507,821,180,28,29,35,43,62,47,47,42,28,38,10,12,16,24,33,38,57,45,40,41,49,42,30,30,30,21,118,57,86,46,18,23,22,24,20,24,0,14,44,29,6,9,0,14,42,44,1267,405,53,53,89,66,96,79,75,35,12,19,249,377,19,24,38,37,77,48,31,17,75,64,60,51,62,32,47,30,56,44,48,48,39,32,32,34,35,28,16,15,18,14,19,19,21,26
1400000US36081045200,"Census Tract 452, Queens County, New York",Queens,911,284,483,199,47,55,20,17,29,37,0,14,5,8,0,14,21,35,18,16,64,59,5,8,37,34,7,10,25,26,0,14,46,28,12,20,28,45,5,9,6,14,69,17,18,21,17,19,4,8,428,105,12,13,0,14,37,43,0,14,0,14,0,14,0,14,6,8,5,8,0,14,23,24,33,36,6,10,37,42,37,30,5,8,5,8,7,14,10,11,36,24,58,31,43,26,68,35
1400000US36081045400,"Census Tract 454, Queens County, New York",Queens,4950,1077,2479,676,5,16,185,126,60,56,83,83,62,61,0,14,33,34,55,47,182,92,124,84,151,119,129,85,187,121,324,201,252,129,177,204,140,126,11,16,35,40,171,118,36,32,41,55,36,26,2471,689,71,49,188,212,43,47,53,54,49,40,27,43,0,14,62,56,226,136,188,106,76,61,258,266,107,74,311,126,215,115,62,70,35,31,23,24,189,190,176,78,56,52,19,30,37,35
1400000US36081045500,"Census Tract 455, Queens County, New York",Queens,12747,1637,6600,1327,191,206,632,501,359,288,528,376,202,174,35,43,41,69,251,219,354,213,869,455,315,229,224,171,538,353,560,372,428,297,16,27,478,366,0,21,162,153,397,259,0,21,20,41,0,21,6147,1012,779,576,195,193,174,186,51,83,158,173,186,183,59,80,0,21,313,234,1008,318,178,119,469,444,677,346,368,246,163,158,167,124,86,112,86,91,483,244,292,203,255,268,0,21,0,21
1400000US36081045600,"Census Tract 456, Queens County, New York",Queens,1183,330,620,226,28,25,33,33,31,29,34,27,19,22,0,14,0,14,13,16,26,29,35,35,29,23,27,27,43,41,91,116,40,26,13,20,2,3,63,87,28,27,30,29,27,28,4,6,4,6,563,136,10,27,48,51,106,44,2,4,3,6,0,14,0,14,0,14,30,24,61,47,41,31,29,37,24,21,22,21,17,18,2,5,14,22,27,24,76,39,15,15,17,23,12,19,7,8
1400000US36081045700,"Census Tract 457, Queens County, New York",Queens,3185,596,1727,436,91,85,207,187,177,118,24,37,0,14,30,40,0,14,83,76,238,140,59,54,235,139,88,91,82,60,120,109,23,41,0,14,0,14,15,24,40,39,123,100,36,37,39,32,17,19,1458,354,44,63,91,104,81,55,66,49,53,54,0,14,7,13,81,61,136,86,143,98,137,123,128,66,97,77,80,64,58,54,0,14,44,38,15,21,27,41,119,55,19,22,32,41,0,14
1400000US36081045800,"Census Tract 458, Queens County, New York",Queens,2347,361,1231,265,83,82,97,75,115,110,61,47,5,7,17,23,13,18,58,49,19,26,98,61,63,49,63,45,124,73,124,88,110,58,12,19,15,14,21,28,68,35,7,11,43,57,15,17,0,14,1116,178,51,46,69,51,45,50,37,38,0,14,31,25,19,29,52,39,76,45,73,57,85,63,60,43,107,60,92,48,39,32,16,18,51,30,13,19,37,35,19,31,93,75,36,33,15,16
1400000US36081045900,"Census Tract 459, Queens County, New York",Queens,3480,655,1913,399,68,65,114,102,132,66,86,70,25,28,60,31,28,34,6,14,29,41,282,119,38,43,201,183,183,146,252,190,143,75,57,41,43,43,67,58,26,41,4,7,58,57,0,14,11,15,1567,369,48,52,154,125,231,149,49,56,0,14,0,14,16,25,8,23,50,41,108,55,108,89,138,84,211,93,32,46,113,60,7,11,51,45,26,32,22,27,83,72,17,27,71,61,24,36
1400000US36081046000,"Census Tract 460, Queens County, New York",Queens,6027,892,3049,618,331,237,215,131,141,123,245,212,104,89,21,34,254,327,65,60,125,111,199,118,56,47,141,98,193,126,119,113,156,114,74,71,99,72,159,104,128,117,175,109,0,19,10,18,39,42,2978,499,258,140,316,170,282,250,111,76,22,29,6,13,12,18,273,204,244,142,130,81,132,72,263,122,88,89,144,122,115,79,82,55,69,52,30,36,40,46,175,109,91,76,65,57,30,36
1400000US36081046100,"Census Tract 461, Queens County, New York",Queens,2739,471,1405,217,89,64,84,57,93,51,49,45,25,30,0,14,5,9,70,47,154,75,178,69,122,62,117,54,55,36,159,76,18,17,14,18,41,26,8,13,21,19,54,36,40,42,0,14,9,9,1334,303,71,57,89,51,125,76,71,57,36,28,5,7,0,14,107,137,59,38,70,50,102,58,138,56,58,41,44,25,48,31,27,30,31,26,35,35,32,29,65,62,13,15,90,110,18,20
1400000US36081046200,"Census Tract 462, Queens County, New York",Queens,6102,1199,3481,835,375,231,108,73,178,188,68,80,201,120,10,17,0,19,29,33,514,257,149,105,98,76,186,138,155,99,254,172,122,77,192,132,199,127,5,9,273,307,168,124,106,60,30,41,61,78,2621,505,126,125,204,149,61,77,69,83,43,64,31,33,16,26,66,71,184,107,190,121,128,98,184,124,186,114,193,111,316,144,187,107,90,68,68,83,25,32,108,72,4,9,75,78,67,69
1400000US36081046300,"Census Tract 463, Queens County, New York",Queens,4020,555,1967,337,135,85,241,132,120,100,53,46,67,52,25,41,26,41,77,63,148,131,112,74,114,79,186,78,227,145,63,59,78,64,38,35,37,42,37,31,90,43,26,29,42,44,0,14,25,32,2053,418,135,82,210,112,199,159,102,77,89,77,12,22,55,58,177,117,68,50,166,79,258,121,128,64,85,67,43,49,78,64,76,57,55,40,17,21,26,39,22,25,8,20,24,28,20,26
1400000US36081046400,"Census Tract 464, Queens County, New York",Queens,1998,347,894,237,79,80,5,9,108,111,46,51,100,85,22,25,12,25,29,44,34,22,20,19,54,35,43,25,60,52,49,32,65,43,22,27,74,68,10,12,35,22,13,14,9,11,5,8,0,14,1104,168,24,34,99,46,23,20,69,62,64,65,74,68,83,55,56,46,32,25,51,42,15,11,67,32,128,83,60,41,66,40,19,20,43,29,12,15,22,19,31,20,18,16,10,12,38,30
1400000US36081046500,"Census Tract 465, Queens County, New York",Queens,4147,1156,2438,633,129,123,103,82,210,182,292,253,27,28,13,20,20,33,46,50,116,74,82,59,334,210,109,87,560,363,52,46,192,90,53,62,26,32,0,14,26,30,6,9,32,63,6,10,4,10,1709,626,299,255,83,66,56,70,45,65,29,33,0,14,32,52,68,65,70,65,63,53,178,99,212,213,169,168,153,109,84,77,0,14,24,31,46,45,8,13,45,42,0,14,39,66,6,9
1400000US36081046600,"Census Tract 466, Queens County, New York",Queens,4066,803,2077,590,128,93,129,138,269,293,31,47,0,14,0,14,8,12,131,121,92,51,248,159,182,74,83,53,197,193,136,71,37,31,44,54,24,23,41,31,114,75,11,16,46,27,77,70,49,57,1989,401,80,76,93,88,47,32,45,31,93,71,34,35,6,11,8,12,186,98,160,82,232,126,57,60,79,75,85,39,153,76,97,76,190,223,26,21,62,37,38,53,70,35,57,54,91,75
1400000US36081046700,"Census Tract 467, Queens County, New York",Queens,6774,1181,3469,699,120,116,261,214,242,225,23,34,196,172,18,41,0,19,93,144,186,110,303,186,609,346,329,209,406,301,177,131,149,112,28,34,83,68,78,86,140,98,8,18,0,19,3,11,17,29,3305,696,204,152,373,171,441,250,181,257,93,81,0,19,0,19,93,91,178,121,197,140,325,205,267,182,368,206,98,68,74,53,128,96,43,55,51,75,104,87,16,26,0,19,50,57,21,34
1400000US36081046800,"Census Tract 468, Queens County, New York",Queens,3763,710,1640,361,239,149,126,122,96,76,40,42,45,36,9,14,0,14,43,46,123,63,115,93,182,95,204,107,58,51,24,30,57,47,0,14,58,65,24,27,60,60,87,82,16,24,0,14,34,29,2123,465,362,230,67,66,179,148,70,51,14,20,0,14,41,62,39,65,144,116,141,98,107,71,132,81,31,35,95,61,111,77,62,58,92,72,263,344,20,24,78,72,47,41,2,4,26,28
1400000US36081046901,"Census Tract 469.01, Queens County, New York",Queens,4691,1065,2324,438,186,184,122,129,54,48,97,74,108,81,0,14,12,20,131,87,149,117,456,221,168,99,62,49,27,37,260,128,162,120,67,70,27,44,34,39,22,26,68,69,56,64,24,38,32,50,2367,787,0,14,113,142,65,55,39,43,130,178,88,98,54,86,109,100,238,182,117,80,120,78,140,88,79,65,188,90,175,140,221,328,13,21,22,26,85,68,13,20,84,70,242,255,32,49
1400000US36081046902,"Census Tract 469.02, Queens County, New York",Queens,3177,565,1503,329,127,160,121,151,82,70,54,48,0,14,0,14,0,14,60,39,110,68,99,82,124,92,89,83,141,95,147,84,66,61,75,73,25,30,31,52,24,32,66,55,37,34,9,15,16,22,1674,311,37,55,81,82,132,92,146,136,0,14,170,108,19,24,66,68,43,52,118,65,170,114,158,88,90,65,91,77,72,67,32,27,15,18,51,59,24,36,83,50,42,56,23,32,11,15
1400000US36081047000,"Census Tract 470, Queens County, New York",Queens,3187,587,1628,354,7,10,40,40,109,53,27,22,10,14,10,16,1,2,77,55,90,50,164,73,32,30,84,56,114,82,146,61,91,47,33,25,50,36,56,41,56,38,252,267,101,67,47,37,31,28,1559,402,109,88,32,25,111,73,37,30,29,32,25,27,10,15,53,36,102,50,98,61,65,46,62,54,63,34,259,267,126,54,45,28,68,39,56,39,30,22,69,37,90,53,13,19,7,10
1400000US36081047100,"Census Tract 471, Queens County, New York",Queens,4244,659,2296,498,86,70,87,82,138,65,133,72,10,14,0,14,5,9,57,61,477,315,71,48,156,94,126,70,168,76,152,82,151,96,24,23,71,76,0,14,34,31,252,275,67,69,31,46,0,14,1948,343,124,68,92,85,201,135,65,79,15,17,10,16,1,3,49,42,48,40,130,88,111,71,172,60,180,87,41,32,102,69,20,21,177,101,90,96,103,69,40,30,149,92,28,33,0,14
1400000US36081047200,"Census Tract 472, Queens County, New York",Queens,3655,637,1841,462,37,60,109,108,0,14,31,49,11,17,8,14,0,14,154,147,86,87,109,73,130,78,38,45,64,62,54,59,266,204,88,81,114,94,161,83,118,74,74,58,110,80,43,24,36,28,1814,279,147,91,82,55,23,31,24,41,29,47,0,14,32,51,21,23,88,59,82,70,82,44,63,57,0,14,164,98,174,91,96,90,105,72,130,100,30,31,56,36,97,82,119,83,170,90
1400000US36081047300,"Census Tract 473, Queens County, New York",Queens,4242,558,1696,308,16,26,55,53,143,109,58,67,10,14,0,14,6,11,21,34,187,113,203,104,227,138,188,106,109,84,109,82,148,105,24,29,48,55,58,90,22,33,40,45,11,20,7,12,6,18,2546,376,180,132,82,54,56,38,133,158,73,64,12,24,17,27,20,27,142,88,140,87,228,137,227,127,58,43,248,108,68,72,223,173,86,68,87,53,100,62,94,66,11,17,183,142,78,70
1400000US36081047500,"Census Tract 475, Queens County, New York",Queens,5006,645,2674,460,111,71,97,89,171,81,100,51,13,20,84,44,25,27,143,165,153,94,238,82,353,163,111,68,62,34,205,120,154,98,132,138,77,49,55,62,219,184,40,34,97,63,34,33,0,19,2332,304,166,96,137,97,153,135,83,67,18,19,13,17,0,19,118,89,130,71,131,68,261,95,234,80,95,59,104,53,170,96,26,27,82,57,65,47,55,44,187,114,35,26,42,39,27,35
1400000US36081047600,"Census Tract 476, Queens County, New York",Queens,1604,384,852,332,12,13,82,99,68,64,79,86,34,47,0,14,15,24,0,14,14,15,12,13,5,8,112,67,8,12,132,135,62,42,56,72,29,28,24,29,13,15,32,23,6,9,31,34,26,25,752,144,72,86,74,85,57,51,9,13,0,14,24,28,0,14,23,38,11,11,0,14,28,29,98,60,0,14,47,37,52,27,51,44,16,15,19,18,25,21,37,29,35,32,27,34,47,39
1400000US36081047801,"Census Tract 478.01, Queens County, New York",Queens,4075,666,2171,531,39,31,112,101,189,158,7,10,0,14,94,121,0,14,73,60,156,113,198,107,128,86,109,110,78,76,113,104,282,277,26,33,250,133,43,63,86,68,22,34,17,28,136,192,13,19,1904,360,42,66,11,24,12,22,0,14,6,10,52,86,91,95,0,14,19,25,30,48,59,79,31,34,164,108,265,145,197,117,161,96,118,102,174,135,49,63,260,237,57,44,7,12,99,99
1400000US36081047802,"Census Tract 478.02, Queens County, New York",Queens,1422,409,748,265,65,103,132,47,0,14,0,14,3,8,3,7,32,52,4,6,80,81,62,63,6,15,70,24,89,103,0,14,28,26,9,14,10,16,8,13,68,10,19,21,22,23,27,39,11,18,674,182,14,25,7,20,65,81,0,14,0,14,0,14,22,37,91,73,17,17,14,10,71,9,30,39,70,78,96,70,21,19,9,14,12,20,50,17,21,22,21,22,0,14,8,14,35,30
1400000US36081047900,"Census Tract 479, Queens County, New York",Queens,6032,1045,2854,593,118,118,103,82,149,145,155,81,46,54,8,13,24,36,84,70,161,113,379,257,295,130,284,136,194,141,251,111,138,108,24,43,14,27,79,62,90,100,144,85,54,49,36,47,24,30,3178,565,146,102,183,157,201,140,68,60,54,48,0,19,1,3,126,94,514,355,140,92,294,131,253,124,166,122,217,121,126,97,135,82,61,45,118,109,66,52,81,56,129,108,78,66,21,26
1400000US36081048000,"Census Tract 480, Queens County, New York",Queens,2370,420,1178,238,55,37,61,43,35,30,54,38,11,12,0,14,18,20,31,34,68,38,66,54,43,38,76,42,60,35,109,52,107,47,25,21,15,20,12,20,64,49,47,54,184,157,16,23,21,26,1192,236,38,42,20,21,10,12,29,24,22,26,62,46,11,19,105,106,48,43,83,45,64,40,85,44,102,70,129,53,45,42,4,7,51,52,4,9,147,127,80,47,22,25,15,18,16,24
1400000US36081048100,"Census Tract 481, Queens County, New York",Queens,6551,1088,3421,514,263,192,142,115,193,124,170,134,20,25,0,19,81,80,147,113,309,186,286,127,180,109,212,138,252,136,138,96,363,140,20,22,51,49,35,43,164,149,170,98,93,64,73,78,59,59,3130,770,15,24,77,71,73,88,166,75,20,27,14,23,14,24,8,15,292,153,217,107,363,339,162,128,229,99,396,372,269,145,37,40,65,61,108,75,72,62,217,188,139,91,79,72,98,65
1400000US36081048200,"Census Tract 482, Queens County, New York",Queens,1311,228,598,112,12,21,0,14,11,14,15,12,14,16,0,14,28,26,26,9,40,37,57,37,20,27,25,16,2,3,58,41,68,49,36,31,40,39,25,30,25,26,48,26,22,30,13,20,13,16,713,176,35,26,30,12,13,20,5,8,41,41,13,22,0,14,14,13,37,33,149,145,13,14,23,23,41,31,0,14,115,38,25,28,58,39,18,16,12,12,16,18,7,14,29,23,19,21
1400000US36081048301,"Census Tract 483.01, Queens County, New York",Queens,2061,360,1026,225,22,32,12,18,110,73,7,13,62,53,0,14,22,25,29,29,40,33,177,76,76,82,28,27,57,40,105,66,107,66,0,14,32,30,45,37,33,32,13,15,0,14,0,14,49,52,1035,204,13,22,72,57,62,49,53,38,15,18,4,7,0,14,0,14,49,42,110,71,65,36,154,144,77,49,51,37,55,50,30,43,74,53,39,42,5,8,32,33,0,14,44,72,31,32
1400000US36081048302,"Census Tract 483.02, Queens County, New York",Queens,1719,448,896,210,84,55,49,58,17,20,12,14,40,46,0,14,0,14,0,14,39,31,77,61,173,85,90,63,63,58,32,31,79,53,5,8,23,19,7,12,0,14,29,46,58,52,7,10,12,13,823,288,99,115,10,14,31,27,26,26,5,10,0,14,4,7,15,15,54,34,160,93,172,157,36,31,27,22,50,39,30,25,0,14,4,6,0,14,42,46,29,44,14,14,0,14,15,16
1400000US36081048400,"Census Tract 484, Queens County, New York",Queens,4942,875,2316,433,21,36,213,91,261,126,133,111,136,95,68,56,28,44,86,66,196,118,64,53,54,43,104,87,80,57,172,92,196,100,74,73,85,74,64,78,91,64,87,76,24,25,76,105,3,10,2626,560,170,114,115,35,176,97,80,56,0,14,34,42,19,31,104,67,424,334,167,109,39,33,199,100,154,84,182,99,193,84,57,44,51,59,69,57,105,89,84,78,83,107,111,80,10,17
1400000US36081048500,"Census Tract 485, Queens County, New York",Queens,5205,834,2380,420,187,133,117,103,150,95,141,120,72,60,42,43,16,18,127,68,92,66,185,123,241,158,139,117,184,106,237,103,71,43,39,34,51,53,38,61,48,35,70,77,100,83,23,26,10,17,2825,563,130,101,147,115,96,55,88,103,88,56,0,19,9,14,111,66,221,103,298,214,360,303,205,111,122,60,290,115,203,138,25,40,78,60,13,21,42,32,103,67,31,29,105,98,60,63
1400000US36081048900,"Census Tract 489, Queens County, New York",Queens,1838,433,1076,301,64,43,45,28,81,65,49,38,55,48,20,26,5,8,5,8,83,37,45,34,79,61,116,85,16,15,70,50,205,200,5,10,25,41,35,29,28,18,26,20,8,13,0,14,11,15,762,198,0,14,54,49,61,52,59,49,30,17,0,14,21,30,31,58,40,50,61,35,86,56,67,49,72,52,22,17,26,41,41,38,0,14,10,12,16,15,10,11,15,16,32,36,8,10
1400000US36081049201,"Census Tract 492.01, Queens County, New York",Queens,2545,377,1021,255,89,79,10,19,70,50,53,57,0,14,0,14,0,14,15,23,97,96,19,23,58,45,191,129,71,77,0,14,66,45,5,8,50,40,12,20,61,65,88,57,8,14,46,51,12,18,1524,351,24,29,53,65,114,135,43,46,13,22,0,14,11,18,46,53,66,73,114,113,162,121,148,97,115,81,37,32,177,103,56,50,68,64,70,75,45,36,64,44,52,42,0,14,46,78
1400000US36081049202,"Census Tract 492.02, Queens County, New York",Queens,2338,669,1131,473,270,395,23,37,89,106,57,53,0,14,8,13,24,25,18,23,50,53,56,51,40,36,75,69,7,11,57,43,109,59,71,61,0,14,45,35,6,11,57,42,17,21,0,14,52,76,1207,450,42,46,31,35,37,28,21,20,30,42,85,77,45,75,100,91,138,109,104,71,44,49,23,31,60,55,66,50,175,69,19,20,9,13,9,13,49,42,78,119,4,15,32,40,6,11
1400000US36081049301,"Census Tract 493.01, Queens County, New York",Queens,2306,396,1158,261,61,57,130,56,54,31,81,85,45,41,9,13,3,6,13,17,66,49,37,31,53,46,58,30,32,21,133,82,87,60,75,49,51,42,24,20,85,77,12,14,0,14,49,44,0,14,1148,193,62,49,26,40,59,50,39,28,31,27,15,15,0,14,4,7,70,51,87,43,30,24,40,30,53,34,86,55,143,62,64,45,53,33,40,38,63,66,68,58,14,14,93,71,8,12
1400000US36081049302,"Census Tract 493.02, Queens County, New York",Queens,3320,607,1763,440,66,58,21,23,154,102,152,89,40,48,36,41,0,14,102,101,65,49,57,60,106,56,130,91,63,60,239,217,184,79,16,18,15,24,59,48,33,29,172,147,36,31,0,14,17,19,1557,286,137,92,61,79,154,84,88,87,39,45,22,23,24,37,96,61,40,46,81,69,125,70,109,57,134,62,54,51,117,69,4,9,39,36,9,16,43,33,82,44,58,55,5,8,36,37
1400000US36081049500,"Census Tract 495, Queens County, New York",Queens,1272,315,625,166,30,37,14,19,1,8,11,17,0,14,17,18,25,35,11,16,21,25,66,39,49,44,59,49,17,28,77,48,82,49,24,24,32,36,0,14,0,14,48,43,27,25,14,20,0,14,647,191,55,48,23,36,5,9,45,42,0,14,5,9,3,6,0,14,34,37,68,55,25,24,46,44,43,33,39,27,63,33,0,14,56,45,5,8,26,23,55,38,38,31,0,14,13,14
1400000US36081049600,"Census Tract 496, Queens County, New York",Queens,3040,518,1496,266,87,60,67,63,94,70,87,44,20,21,46,36,22,22,104,96,57,38,73,44,167,105,15,14,68,38,157,118,94,69,56,35,38,31,23,22,9,12,82,48,118,36,12,15,0,14,1544,307,15,25,29,32,79,67,59,40,44,39,15,14,46,60,62,39,93,101,81,84,83,44,56,32,88,58,286,126,117,54,25,39,103,58,20,17,8,12,121,63,88,48,17,19,9,15
1400000US36081049700,"Census Tract 497, Queens County, New York",Queens,2693,548,1265,282,105,83,68,37,78,81,65,77,28,40,0,14,9,14,98,109,57,54,44,28,45,34,33,29,186,112,11,18,93,69,97,106,75,68,0,14,38,37,71,56,30,27,23,23,11,18,1428,341,73,46,66,32,47,21,149,169,49,56,0,14,12,20,0,14,37,35,122,67,44,44,122,99,216,154,102,78,77,67,12,15,44,55,52,43,11,14,99,58,40,37,49,49,5,7
1400000US36081049900,"Census Tract 499, Queens County, New York",Queens,5121,880,2632,581,38,44,153,118,350,229,53,43,129,114,23,23,32,41,145,88,155,107,273,148,141,97,182,119,121,72,146,125,283,122,46,44,147,81,41,50,20,26,31,33,103,70,0,19,20,27,2489,413,42,41,140,115,115,83,90,61,73,74,0,19,8,14,69,65,249,150,118,77,271,134,120,79,154,87,214,201,227,121,286,131,85,60,11,15,17,31,97,65,14,16,26,34,63,46
1400000US36081050000,"Census Tract 500, Queens County, New York",Queens,4434,601,2028,524,86,90,129,69,154,196,140,139,33,41,0,14,44,52,30,27,128,75,307,218,165,94,118,52,213,173,88,62,66,76,47,37,42,32,20,31,49,29,53,30,67,63,29,34,20,20,2406,362,173,102,84,62,67,58,136,77,30,38,0,14,43,40,100,75,99,75,268,107,145,72,144,80,94,62,197,110,191,87,81,70,175,79,77,52,0,14,84,60,154,94,28,17,36,31
1400000US36081050201,"Census Tract 502.01, Queens County, New York",Queens,1358,371,580,181,11,18,20,24,42,39,10,16,21,25,0,14,0,14,87,96,48,53,32,28,20,30,14,15,31,33,64,56,10,13,44,45,80,45,21,24,13,16,12,19,0,14,0,14,0,14,778,210,38,48,33,30,61,41,10,16,0,14,0,14,0,14,73,90,51,52,28,29,32,31,75,52,44,46,40,45,38,42,48,41,27,31,24,27,13,15,22,24,30,32,11,17,80,74
1400000US36081050202,"Census Tract 502.02, Queens County, New York",Queens,1398,242,687,129,44,41,27,31,77,67,43,34,17,24,0,14,0,14,61,46,30,27,48,38,11,14,42,46,60,38,51,29,54,36,14,23,15,17,23,25,30,30,17,21,0,14,17,29,6,10,711,183,36,39,68,54,8,12,22,27,38,49,22,25,17,17,31,29,0,14,63,33,32,33,88,56,41,29,36,35,22,19,0,14,28,28,33,28,30,33,10,10,0,14,27,34,59,47
1400000US36081050400,"Census Tract 504, Queens County, New York",Queens,1733,331,730,162,61,58,50,58,9,11,25,17,32,34,1,4,0,14,32,37,37,29,84,69,27,30,11,11,112,92,36,29,59,45,57,41,41,38,14,18,2,6,28,15,6,7,2,7,4,6,1003,208,12,19,115,90,69,50,22,21,23,19,21,31,3,4,29,38,62,42,46,38,32,25,111,37,14,11,79,89,89,51,27,31,82,58,41,27,30,24,21,20,35,29,11,14,29,30
1400000US36081050500,"Census Tract 505, Queens County, New York",Queens,1749,438,786,132,70,48,11,16,23,27,0,14,6,9,0,14,43,46,29,27,120,51,19,22,34,35,42,34,7,12,59,43,37,30,58,63,84,54,34,39,53,39,25,28,22,19,0,14,10,16,963,360,25,22,26,32,7,11,99,123,52,78,15,16,18,30,73,80,61,54,127,72,45,36,24,25,76,66,72,46,93,48,5,8,36,29,31,32,13,16,17,16,0,14,30,34,18,20
1400000US36081050600,"Census Tract 506, Queens County, New York",Queens,1504,307,677,187,52,48,66,48,0,14,0,14,16,26,0,14,24,40,56,43,60,37,38,22,53,50,61,50,42,37,26,31,24,29,26,34,0,14,10,11,63,41,19,21,32,45,9,13,0,14,827,173,27,31,13,22,44,42,3,5,3,5,0,14,26,37,43,39,64,36,32,32,38,35,81,47,42,37,56,34,51,32,29,35,15,14,78,60,14,20,64,47,42,29,11,13,51,42
1400000US36081050700,"Census Tract 507, Queens County, New York",Queens,3305,496,1570,266,10,16,56,41,59,64,29,29,12,19,34,40,0,14,52,62,80,91,81,58,97,61,92,60,167,102,124,124,62,49,209,117,45,32,8,13,63,40,147,93,61,56,46,36,36,53,1735,315,38,43,47,54,50,43,92,84,67,86,0,14,0,14,36,51,58,48,36,29,88,78,44,40,163,70,149,132,220,119,19,21,47,33,42,50,169,98,187,103,124,77,27,27,32,30
1400000US36081050800,"Census Tract 508, Queens County, New York",Queens,2035,481,1034,280,109,82,20,31,59,55,37,52,37,31,0,14,52,59,41,40,110,53,115,70,28,33,87,58,16,25,42,32,136,101,23,33,6,9,12,19,21,18,37,34,26,21,20,26,0,14,1001,265,70,66,22,36,21,31,26,31,16,22,18,24,67,69,18,29,122,89,20,34,50,43,34,29,97,51,73,56,83,68,0,14,17,26,62,40,0,14,75,41,68,43,23,27,19,19
1400000US36081051000,"Census Tract 510, Queens County, New York",Queens,1490,377,654,246,38,38,82,70,25,30,24,26,25,33,18,25,0,14,31,48,10,22,45,27,23,21,110,104,45,49,72,38,41,34,0,14,0,14,0,14,11,15,4,6,7,10,19,25,24,15,836,166,74,41,72,66,25,29,60,32,8,14,23,29,0,14,125,121,15,19,65,41,51,33,18,19,25,27,71,52,0,14,31,24,33,24,3,8,20,18,28,27,56,51,12,11,21,24
1400000US36081051100,"Census Tract 511, Queens County, New York",Queens,2494,426,1234,261,12,18,32,45,56,59,57,40,66,64,29,28,27,30,116,52,70,36,48,50,13,17,37,29,135,84,125,83,183,99,3,5,48,42,55,44,7,12,56,30,45,35,8,13,6,9,1260,207,84,63,18,25,57,39,20,20,71,54,28,36,34,49,28,23,55,44,46,29,36,33,53,41,181,90,98,51,116,86,51,50,63,52,21,19,24,23,123,69,38,26,6,9,9,14
1400000US36081051200,"Census Tract 512, Queens County, New York",Queens,2683,474,1355,254,22,35,33,40,57,52,82,63,19,23,5,8,10,15,84,38,151,112,77,63,88,57,45,45,139,97,67,52,140,94,52,47,36,46,6,9,46,40,50,34,58,51,5,9,83,133,1328,321,65,65,41,41,59,43,65,50,25,35,13,21,70,97,139,62,138,116,52,43,42,37,80,53,84,54,87,58,55,46,12,12,85,66,0,14,35,32,36,28,79,49,31,51,35,40
1400000US36081051300,"Census Tract 513, Queens County, New York",Queens,2621,404,1418,238,55,42,56,24,112,52,49,34,94,94,19,28,5,10,28,36,37,32,90,59,76,58,135,77,108,53,168,74,61,38,100,78,25,21,43,45,42,49,54,34,61,46,0,14,0,14,1203,224,71,57,70,66,71,43,51,40,10,17,8,12,0,14,64,46,150,89,46,43,86,32,82,51,65,43,118,61,105,64,31,32,68,52,21,22,8,13,34,26,28,25,9,12,7,11
1400000US36081051500,"Census Tract 515, Queens County, New York",Queens,3062,562,1287,303,0,14,126,132,100,78,93,67,11,30,0,14,0,14,23,25,16,26,68,55,193,117,112,94,49,57,67,53,39,41,132,98,84,64,13,19,87,55,12,17,52,47,4,9,6,12,1775,334,97,115,80,64,193,138,0,14,37,26,0,14,36,43,67,63,44,40,131,71,173,118,97,51,38,52,147,99,111,58,17,26,110,67,88,74,74,71,47,42,23,26,78,47,87,65
1400000US36081051600,"Census Tract 516, Queens County, New York",Queens,2161,528,1016,353,103,107,41,48,28,36,74,64,9,13,8,12,6,9,134,118,68,72,58,45,11,16,57,68,57,48,33,33,64,48,44,44,57,43,29,49,43,33,37,41,19,22,10,14,26,27,1145,253,44,48,64,71,12,11,26,31,0,14,0,14,27,41,62,57,146,96,66,49,75,44,83,57,143,103,80,49,91,61,14,17,24,21,6,9,30,28,13,19,5,7,61,46,73,63
1400000US36081051700,"Census Tract 517, Queens County, New York",Queens,2068,360,891,229,30,34,34,32,32,46,8,12,0,14,17,24,20,37,67,92,32,25,82,60,55,37,62,39,93,98,106,63,45,42,79,87,20,18,0,14,27,23,11,13,39,31,24,21,8,12,1177,175,54,45,54,46,66,54,61,56,33,39,0,14,6,9,36,31,45,55,49,32,93,92,86,51,107,57,146,100,109,84,0,14,55,34,6,9,70,55,30,35,27,22,21,16,23,21
1400000US36081051800,"Census Tract 518, Queens County, New York",Queens,2186,530,948,251,7,11,124,68,73,65,6,9,10,12,5,8,0,14,45,52,112,66,62,47,67,46,69,58,16,17,81,64,72,43,28,26,28,31,14,18,31,29,68,42,25,23,0,14,5,7,1238,360,80,46,44,42,46,41,50,45,24,25,35,52,16,23,51,40,229,228,53,62,93,53,20,25,36,31,91,51,155,74,11,12,87,58,21,18,11,11,37,30,14,18,13,22,21,25
1400000US36081052000,"Census Tract 520, Queens County, New York",Queens,1753,335,922,209,85,71,54,40,78,41,37,29,27,29,0,14,63,80,11,16,79,77,62,58,48,23,59,52,75,52,72,45,4,6,38,31,19,21,10,17,38,30,39,26,10,13,0,14,14,21,831,162,27,28,109,58,65,43,7,8,0,14,0,14,12,19,12,19,54,43,36,35,50,28,61,42,134,61,33,28,33,32,12,16,22,25,16,18,34,18,79,34,21,20,0,14,14,20
1400000US36081052100,"Census Tract 521, Queens County, New York",Queens,1841,407,793,168,16,27,27,36,90,98,39,44,7,11,12,17,11,18,29,42,31,35,24,23,50,38,50,34,18,29,102,64,115,73,6,9,50,35,9,15,8,13,28,26,26,24,22,26,23,22,1048,309,9,13,76,50,95,113,19,22,37,33,29,41,19,20,127,96,50,45,28,30,67,35,26,27,68,56,102,71,31,23,84,42,16,19,10,15,62,34,36,30,5,9,5,8,47,42
1400000US36081052200,"Census Tract 522, Queens County, New York",Queens,2233,293,1046,186,24,19,31,29,80,56,43,43,30,25,0,14,10,17,65,45,63,44,107,58,12,13,106,64,51,24,166,94,68,54,29,22,22,20,33,22,40,27,24,30,42,50,0,14,0,14,1187,182,25,28,53,36,102,56,26,30,30,22,46,41,0,14,42,37,50,25,132,79,61,28,133,106,116,58,20,29,100,68,15,23,43,39,30,14,47,55,80,51,31,25,0,14,5,8
1400000US36081052400,"Census Tract 524, Queens County, New York",Queens,2150,337,961,210,133,154,96,61,41,39,48,34,0,14,19,32,44,47,16,25,22,27,22,24,118,83,83,47,28,24,89,60,93,65,10,14,11,16,23,20,36,35,26,31,0,14,3,6,0,14,1189,210,56,42,68,53,97,58,49,39,13,20,5,9,44,68,34,38,105,70,14,15,99,56,115,67,37,33,69,40,114,66,14,15,80,51,16,24,28,26,45,38,33,29,11,15,43,33
1400000US36081052500,"Census Tract 525, Queens County, New York",Queens,2152,364,1183,221,56,45,34,40,76,53,43,35,4,7,0,14,9,12,63,43,150,80,71,39,80,37,34,26,57,53,164,70,55,35,95,51,32,25,26,30,43,32,23,32,21,19,38,34,9,13,969,183,45,39,29,24,39,42,9,15,22,30,33,30,0,14,12,15,90,46,67,37,22,22,54,39,107,66,130,64,51,28,56,33,8,12,56,39,32,22,54,31,20,21,33,37,0,14
1400000US36081052600,"Census Tract 526, Queens County, New York",Queens,2352,390,1232,250,63,51,23,26,64,48,14,13,19,22,9,13,0,14,62,49,40,38,107,62,175,110,49,36,81,59,85,57,48,46,186,190,57,49,29,32,49,54,21,26,30,34,21,24,0,14,1120,236,86,68,63,43,108,65,42,34,18,22,16,25,0,14,62,42,33,28,35,30,108,56,65,43,91,50,67,39,62,39,37,39,55,38,31,36,18,22,55,38,57,41,11,17,0,14
1400000US36081052800,"Census Tract 528, Queens County, New York",Queens,1577,383,750,230,75,60,54,37,57,36,47,56,8,15,0,14,10,17,27,35,15,15,85,97,26,29,0,14,66,54,42,44,61,38,8,14,47,54,40,62,14,22,49,39,5,7,5,10,9,14,827,194,91,94,19,30,22,28,38,37,3,7,0,14,7,12,35,36,72,55,66,48,31,26,73,46,34,34,53,34,48,32,35,40,32,47,70,58,13,21,64,40,10,16,0,14,11,17
1400000US36081053000,"Census Tract 530, Queens County, New York",Queens,2510,543,1258,287,129,95,98,68,33,26,62,48,11,17,12,13,5,9,43,34,106,63,100,102,94,49,41,37,83,73,90,54,79,47,33,31,62,44,34,28,23,24,26,25,33,39,37,27,24,26,1252,310,43,43,77,68,58,46,19,23,16,19,14,21,29,33,71,44,93,59,117,84,78,63,108,71,46,40,155,76,81,36,27,28,43,33,30,19,10,16,34,28,66,45,28,25,9,15
1400000US36081053100,"Census Tract 531, Queens County, New York",Queens,3244,572,1643,317,41,49,116,106,37,38,64,86,49,61,0,14,0,14,20,32,166,122,133,94,119,83,61,48,131,105,75,62,134,98,91,82,132,94,152,127,62,78,60,63,0,14,0,14,0,14,1601,376,150,124,6,29,74,58,69,86,0,14,0,14,0,14,105,65,26,29,146,88,38,42,147,95,166,107,140,93,62,54,60,51,98,106,62,77,27,28,47,43,117,107,23,32,38,61
1400000US36081053200,"Census Tract 532, Queens County, New York",Queens,2163,387,898,187,67,61,0,14,47,45,53,41,24,30,0,14,6,9,26,31,59,49,39,41,77,55,60,38,110,70,76,44,48,36,28,32,40,36,7,9,57,51,12,12,30,36,13,15,19,14,1265,254,127,75,128,73,34,35,51,66,30,33,18,10,18,30,49,43,139,107,82,56,69,45,49,34,80,55,70,42,57,40,26,30,34,24,1,5,48,36,25,19,54,34,47,45,29,34
1400000US36081053401,"Census Tract 534.01, Queens County, New York",Queens,1968,501,944,252,62,50,1,5,128,137,11,17,6,11,0,14,0,14,0,14,85,60,172,79,49,47,15,22,86,50,31,27,93,45,29,25,14,26,0,14,21,19,71,63,51,28,17,27,2,5,1024,323,74,71,19,30,23,35,46,62,0,14,0,14,57,57,0,14,7,1,106,75,97,104,40,45,28,23,32,37,140,48,21,34,78,61,65,41,16,16,58,31,72,42,18,18,27,34
1400000US36081053501,"Census Tract 535.01, Queens County, New York",Queens,1162,421,638,231,67,36,44,65,27,24,0,14,0,14,0,14,0,14,78,53,78,76,4,14,18,13,57,28,10,16,20,34,117,62,0,14,105,155,0,14,9,13,4,10,0,14,0,14,0,14,524,217,0,14,0,14,48,33,11,17,9,14,0,14,61,53,37,37,38,34,61,25,15,23,25,28,0,14,21,34,24,10,117,158,15,23,29,45,0,14,4,9,9,15,0,14,0,14
1400000US36081053502,"Census Tract 535.02, Queens County, New York",Queens,0,14,0,14,0,14,0,14,0,14,0,14,0,14,0,14,0,14,0,14,0,14,0,14,0,14,0,14,0,14,0,14,0,14,0,14,0,14,0,14,0,14,0,14,0,14,0,14,0,14,0,14,0,14,0,14,0,14,0,14,0,14,0,14,0,14,0,14,0,14,0,14,0,14,0,14,0,14,0,14,0,14,0,14,0,14,0,14,0,14,0,14,0,14,0,14,0,14
1400000US36081053601,"Census Tract 536.01, Queens County, New York",Queens,1761,515,777,233,50,56,9,15,60,55,0,14,25,30,23,21,0,14,31,36,9,14,78,60,80,54,11,17,80,62,31,39,65,53,21,20,32,35,43,40,55,63,8,12,18,27,30,37,18,18,984,409,36,41,72,56,31,22,8,12,7,11,0,14,0,14,0,14,16,17,65,52,24,23,79,53,14,16,71,49,16,19,0,14,70,43,21,36,61,48,24,26,40,41,274,376,55,48
1400000US36081053800,"Census Tract 538, Queens County, New York",Queens,1714,345,776,215,87,84,29,31,11,17,8,13,4,9,0,14,19,20,18,28,36,29,92,65,153,71,90,49,11,18,13,15,51,39,4,8,13,15,25,30,19,27,28,26,11,12,5,9,49,58,938,182,96,88,94,67,9,14,16,17,6,8,7,12,0,14,52,37,30,25,84,49,125,77,54,31,44,31,18,16,67,48,24,28,35,26,13,17,30,32,19,18,24,22,49,32,42,50
1400000US36081053901,"Census Tract 539.01, Queens County, New York",Queens,4129,580,1942,374,23,31,76,95,133,119,62,53,72,68,0,14,23,24,70,62,170,107,331,166,195,108,231,150,107,81,146,94,117,53,0,14,49,37,22,24,13,22,22,27,31,46,11,18,38,31,2187,367,124,88,17,25,24,36,23,29,0,14,17,18,13,20,269,263,336,131,328,162,166,116,120,106,115,67,172,90,63,45,19,27,110,68,0,14,32,35,14,29,125,90,28,32,72,66
1400000US36081053902,"Census Tract 539.02, Queens County, New York",Queens,27,23,13,12,5,7,0,14,0,14,0,14,0,14,0,14,0,14,0,14,0,14,4,6,4,6,0,14,0,14,0,14,0,14,0,14,0,14,0,14,0,14,0,14,0,14,0,14,0,14,14,11,5,7,0,14,0,14,0,14,0,14,0,14,0,14,0,14,5,7,0,14,0,14,4,6,0,14,0,14,0,14,0,14,0,14,0,14,0,14,0,14,0,14,0,14,0,14
1400000US36081054000,"Census Tract 540, Queens County, New York",Queens,4325,604,2182,350,59,72,26,35,82,89,70,54,51,46,87,67,0,14,69,90,142,106,203,118,194,152,174,134,20,31,111,92,264,145,195,147,101,89,114,84,107,93,50,62,16,26,39,32,8,18,2143,387,34,37,3,28,45,61,95,91,123,99,0,14,89,140,56,50,71,71,182,140,78,90,132,113,27,38,65,60,159,88,140,92,146,90,156,114,214,89,11,18,50,41,131,118,136,144
1400000US36081054200,"Census Tract 542, Queens County, New York",Queens,5520,1053,2826,542,147,104,103,92,211,133,117,92,41,37,4,10,38,46,182,100,162,84,298,161,22,29,195,109,159,106,232,137,145,72,56,52,124,60,105,103,66,40,94,64,273,313,35,54,17,26,2694,585,260,210,186,189,65,65,92,75,66,65,92,70,15,24,118,75,77,51,153,108,87,65,129,104,253,112,220,78,137,84,0,19,54,53,78,46,52,44,105,59,76,67,275,256,104,78
1400000US36081054500,"Census Tract 545, Queens County, New York",Queens,3675,685,1826,457,137,110,36,51,47,39,86,64,31,35,0,14,0,14,26,25,186,83,165,90,234,108,42,36,158,66,150,122,306,250,8,13,55,49,30,39,0,14,0,14,71,67,58,60,0,14,1849,353,38,54,107,61,78,54,25,34,29,34,0,14,17,26,120,89,265,115,290,133,110,66,94,56,97,45,136,92,68,62,37,47,27,35,77,95,154,126,14,23,46,51,10,16,10,15
1400000US36081054700,"Census Tract 547, Queens County, New York",Queens,5210,863,2412,312,232,176,139,101,252,138,20,40,76,59,1,3,28,28,31,28,322,126,263,93,330,162,209,100,159,128,133,65,104,87,19,22,22,26,1,2,13,20,12,19,46,69,0,19,0,19,2798,704,228,166,102,100,142,117,197,120,27,27,10,16,61,52,187,111,511,279,245,141,251,118,90,75,137,114,182,77,9,14,1,3,4,7,111,87,122,192,133,94,9,14,0,19,39,59
1400000US36081054800,"Census Tract 548, Queens County, New York",Queens,2382,314,1179,161,79,90,11,17,106,46,54,35,20,18,0,14,8,12,23,18,69,44,105,53,20,30,68,55,79,48,18,22,157,72,66,61,33,40,105,81,20,21,109,56,26,28,3,7,0,14,1203,252,5,8,110,79,74,48,11,14,5,8,0,14,28,29,16,20,117,70,62,37,24,22,122,71,48,44,137,65,64,33,18,27,86,66,54,55,63,42,54,28,89,101,9,12,7,12
1400000US36081054900,"Census Tract 549, Queens County, New York",Queens,5287,826,2735,537,159,137,199,80,292,122,61,85,24,30,35,45,80,99,111,75,163,87,499,198,257,107,199,96,145,98,140,63,147,114,56,72,53,52,41,47,13,21,20,23,0,19,41,41,0,19,2552,453,127,116,165,76,264,152,25,31,56,54,42,43,36,36,113,93,392,154,376,125,173,153,155,132,138,62,125,87,51,60,69,75,22,24,76,61,15,21,61,49,0,19,56,36,15,24
1400000US36081055100,"Census Tract 551, Queens County, New York",Queens,4363,543,1925,314,107,82,124,76,113,83,101,55,21,24,0,14,51,50,113,87,177,110,107,51,204,96,146,76,155,98,186,107,47,49,40,50,103,61,24,36,22,35,30,34,28,39,26,28,0,14,2438,348,76,69,131,90,110,87,102,69,64,49,19,25,19,27,315,154,391,171,91,49,209,86,109,50,193,84,55,41,162,79,7,11,57,57,53,45,11,19,157,68,13,20,54,30,40,67
1400000US36081055200,"Census Tract 552, Queens County, New York",Queens,2913,680,1351,389,8,13,84,115,89,92,92,68,15,18,33,33,73,100,36,31,255,197,124,117,25,26,61,61,38,29,64,54,95,64,9,15,8,16,51,70,29,32,74,67,32,29,34,37,22,37,1562,402,12,20,93,93,86,117,0,14,16,26,0,14,0,14,147,186,40,36,86,78,116,121,93,88,67,55,79,58,211,104,104,68,72,62,64,81,26,21,102,76,40,40,36,39,72,50
1400000US36081055300,"Census Tract 553, Queens County, New York",Queens,2911,526,1538,266,141,99,16,26,35,33,31,51,74,69,11,21,8,16,36,31,347,138,202,81,222,89,126,128,40,40,73,43,62,56,9,14,9,13,0,14,25,39,48,66,23,36,0,14,0,14,1373,303,46,38,88,73,59,59,0,14,13,19,13,19,1,3,140,137,289,104,101,63,113,42,147,109,76,68,76,50,75,56,27,41,0,14,25,28,45,41,17,25,22,34,0,14,0,14
1400000US36081055400,"Census Tract 554, Queens County, New York",Queens,2599,484,1263,343,69,51,57,51,58,43,40,55,27,30,25,26,57,63,76,73,52,30,99,58,78,53,24,22,34,25,85,55,59,28,194,137,56,45,41,43,24,23,30,23,9,14,30,24,39,38,1336,239,47,46,30,29,41,27,50,49,16,21,0,14,10,15,41,48,90,59,66,62,44,30,67,41,67,34,33,21,127,68,274,203,76,53,22,19,64,46,41,30,51,29,31,22,48,30
1400000US36081055500,"Census Tract 555, Queens County, New York",Queens,2295,423,1301,303,69,62,16,27,41,41,26,38,29,33,22,15,28,25,78,49,25,22,211,107,71,37,104,44,96,58,51,50,186,139,26,23,91,60,53,54,20,20,23,23,18,25,17,20,0,14,994,182,28,28,30,41,19,21,94,43,39,22,19,17,0,14,68,55,80,47,77,39,46,34,108,58,82,53,36,40,8,11,20,21,74,84,8,15,56,33,43,36,22,22,0,14,37,43
1400000US36081055600,"Census Tract 556, Queens County, New York",Queens,2233,438,1121,286,19,24,83,59,49,38,29,25,17,13,0,14,0,14,139,155,61,47,46,32,29,15,75,36,42,33,59,42,92,45,54,35,53,31,58,44,58,40,76,87,53,32,28,18,1,3,1112,195,63,62,37,26,106,46,0,14,24,25,19,22,1,3,48,62,69,46,73,46,77,31,33,26,108,46,56,38,96,43,32,26,85,67,38,23,16,17,79,82,43,25,9,12,0,14
1400000US36081055700,"Census Tract 557, Queens County, New York",Queens,3386,626,1577,300,37,40,57,60,0,14,50,58,10,17,9,15,7,15,143,107,129,61,216,114,231,108,144,83,38,52,100,97,49,50,42,62,24,37,96,62,45,66,91,82,44,43,15,23,0,14,1809,461,18,27,125,63,36,43,51,84,7,15,70,81,0,14,177,165,197,135,220,103,196,124,67,74,26,30,141,118,53,46,40,46,51,53,155,100,49,58,40,40,36,56,41,46,13,21
1400000US36081055800,"Census Tract 558, Queens County, New York",Queens,1649,341,777,206,28,34,36,23,15,17,10,12,0,14,31,28,0,14,24,26,64,35,30,24,41,31,40,30,53,28,80,43,11,15,26,24,76,66,7,11,118,155,42,35,29,20,10,11,6,9,872,263,39,31,35,26,55,53,10,11,10,8,0,14,0,14,8,13,116,96,25,23,3,6,64,27,34,21,114,90,143,115,29,37,21,19,33,39,56,34,45,31,21,18,11,12,0,14
1400000US36081055900,"Census Tract 559, Queens County, New York",Queens,1129,272,424,116,0,14,19,25,4,6,31,28,22,28,4,10,10,13,9,13,45,32,80,71,121,51,4,6,8,14,0,14,3,4,6,9,24,25,0,14,0,14,13,23,20,25,0,14,1,2,705,244,52,56,0,14,56,42,0,14,4,6,0,14,7,20,58,75,73,64,48,25,62,44,16,16,66,47,22,25,44,42,11,20,0,14,81,58,41,65,15,15,39,38,10,15,0,14
1400000US36081056000,"Census Tract 560, Queens County, New York",Queens,1695,331,834,135,32,26,110,48,47,36,26,30,32,30,5,10,6,9,54,32,37,23,5,11,43,31,59,36,44,26,29,26,68,36,25,30,37,26,62,43,20,23,62,68,17,19,1,3,13,20,861,232,26,20,3,9,44,32,21,25,6,10,0,14,14,23,22,25,27,19,18,23,71,40,93,51,137,148,76,48,96,54,36,27,2,7,33,32,49,29,44,30,0,14,8,12,35,25
1400000US36081056100,"Census Tract 561, Queens County, New York",Queens,12,16,8,11,0,14,0,14,0,14,0,14,0,14,0,14,0,14,0,14,0,14,0,14,0,14,0,14,4,6,4,6,0,14,0,14,0,14,0,14,0,14,0,14,0,14,0,14,0,14,4,5,0,14,0,14,0,14,0,14,0,14,4,5,0,14,0,14,0,14,0,14,0,14,0,14,0,14,0,14,0,14,0,14,0,14,0,14,0,14,0,14,0,14,0,14,0,14
1400000US36081056200,"Census Tract 562, Queens County, New York",Queens,1399,286,702,139,46,47,28,13,82,56,42,24,1,5,25,31,0,14,48,44,16,19,40,44,0,14,5,8,99,51,41,38,12,25,5,9,46,45,27,20,47,46,66,43,15,16,5,7,6,9,697,219,0,14,18,26,10,15,12,17,12,18,7,18,1,5,29,31,41,39,10,12,20,24,48,28,65,35,68,94,35,34,21,22,41,35,40,39,54,29,36,28,34,26,0,14,95,155
1400000US36081056400,"Census Tract 564, Queens County, New York",Queens,1580,335,740,191,31,32,7,14,43,30,24,13,9,11,34,36,0,14,56,51,36,47,42,28,10,8,39,43,64,38,65,35,6,9,47,48,32,39,0,14,19,20,141,104,10,13,12,17,13,18,840,207,42,22,31,21,70,88,2,31,23,15,0,14,26,47,41,36,95,85,66,60,36,24,25,23,70,55,99,46,0,14,36,37,62,66,15,20,17,16,34,31,33,22,17,20,0,14
1400000US36081056500,"Census Tract 565, Queens County, New York",Queens,1850,312,1008,205,49,50,86,61,51,44,56,38,14,20,0,14,0,14,58,48,133,125,119,82,158,99,61,61,67,54,15,16,47,34,0,14,20,20,8,9,10,19,20,24,36,30,0,14,0,14,842,167,91,52,89,74,91,52,29,28,0,14,0,14,7,9,16,17,70,100,44,34,70,48,85,56,47,38,53,33,49,34,0,14,5,12,19,23,1,2,29,36,20,24,19,29,8,14
1400000US36081056600,"Census Tract 566, Queens County, New York",Queens,1546,426,735,207,40,47,37,44,30,39,7,17,5,17,0,14,0,14,15,18,35,32,86,49,67,57,0,14,54,51,64,36,11,17,0,14,15,25,8,13,195,160,47,41,19,26,0,14,0,14,811,238,41,43,0,14,10,27,20,27,0,14,3,7,0,14,19,20,72,45,111,54,38,32,6,11,51,34,22,21,30,27,29,34,96,65,20,28,46,35,153,183,27,35,17,20,0,14
1400000US36081056700,"Census Tract 567, Queens County, New York",Queens,4601,903,2253,430,218,142,83,75,0,14,48,52,26,43,0,14,0,14,154,108,123,85,242,135,226,133,214,133,65,56,195,134,181,92,71,74,131,82,28,35,72,65,59,74,76,50,20,25,21,34,2348,537,138,95,49,51,107,68,107,133,37,40,0,14,97,107,91,88,109,77,240,131,180,116,136,78,183,141,199,152,137,98,109,66,52,79,67,56,94,64,140,81,29,24,35,31,12,40
1400000US36081056800,"Census Tract 568, Queens County, New York",Queens,4373,727,2011,336,57,46,164,104,43,55,64,61,101,83,14,16,24,36,7,11,201,99,39,34,160,105,78,74,196,105,102,68,259,117,103,68,41,45,72,52,100,141,119,76,0,14,31,33,36,49,2362,523,28,36,73,58,114,96,45,44,42,52,0,14,35,42,65,60,148,62,87,59,97,62,96,74,297,262,220,91,357,107,5,16,104,85,24,26,66,47,183,148,61,56,11,21,204,106
1400000US36081057700,"Census Tract 577, Queens County, New York",Queens,3926,762,1754,441,100,80,54,64,122,88,66,71,66,63,10,18,59,90,145,177,79,84,220,139,87,65,140,107,112,102,124,84,184,113,39,48,88,85,0,14,46,53,13,21,0,14,0,14,0,14,2172,428,17,27,122,97,251,151,63,67,41,60,0,14,32,51,236,240,168,106,268,167,92,74,73,52,198,109,176,107,98,88,15,25,0,14,14,21,99,71,81,88,13,21,33,54,82,72
1400000US36081057900,"Census Tract 579, Queens County, New York",Queens,1671,331,847,236,28,34,59,36,14,23,32,36,12,15,0,14,8,12,90,94,53,40,127,71,121,81,43,48,79,62,39,39,42,35,20,21,17,24,18,21,8,13,22,22,0,14,0,14,15,17,824,157,31,30,40,30,95,60,13,18,15,15,22,32,0,14,24,26,120,60,47,25,37,44,41,32,45,31,40,45,43,31,7,14,8,10,0,14,63,56,57,45,16,21,46,57,14,17
1400000US36081058000,"Census Tract 580, Queens County, New York",Queens,4287,932,1913,424,41,65,36,40,103,108,31,24,93,84,20,31,36,27,89,78,138,115,130,85,48,51,63,70,162,131,182,142,148,100,30,31,81,87,118,104,75,66,101,65,56,33,82,66,50,40,2374,635,46,55,109,89,186,138,92,77,94,90,14,21,29,36,144,120,36,17,155,98,62,48,125,78,159,90,83,62,262,143,214,182,69,63,79,78,110,82,55,53,140,78,52,39,59,45
1400000US36081058100,"Census Tract 581, Queens County, New York",Queens,2779,687,1240,248,61,59,90,108,85,66,11,44,0,14,17,28,9,14,65,70,185,124,55,45,156,66,104,68,48,46,142,88,55,75,21,34,10,32,0,14,57,46,13,21,12,18,30,29,14,22,1539,493,148,147,68,46,0,14,31,51,19,21,0,14,58,63,36,44,140,86,175,117,88,44,137,63,46,45,135,81,124,102,28,44,9,28,23,33,172,258,44,40,11,17,23,24,24,34
1400000US36081058200,"Census Tract 582, Queens County, New York",Queens,5141,1011,2276,478,50,54,60,69,200,135,80,80,27,23,46,48,136,91,29,32,249,143,94,79,187,109,118,83,145,105,257,174,43,57,89,80,140,106,0,19,24,29,99,73,76,68,77,61,50,48,2865,709,96,91,257,176,117,90,133,154,12,18,35,54,67,72,247,197,255,281,130,104,111,67,108,75,121,89,160,93,142,84,189,111,27,29,93,96,139,93,129,74,76,75,68,47,153,166
1400000US36081058300,"Census Tract 583, Queens County, New York",Queens,3495,529,1714,296,137,108,39,39,96,52,14,24,63,69,0,14,14,22,30,27,110,76,158,76,263,169,111,65,207,91,79,54,114,66,9,13,64,68,12,19,55,46,51,47,77,82,11,18,0,14,1781,343,29,30,89,60,218,145,35,38,15,24,15,23,0,14,65,42,151,83,131,63,207,99,60,46,33,28,271,133,49,50,40,43,66,51,0,14,35,37,111,81,67,74,75,59,19,30
1400000US36081058500,"Census Tract 585, Queens County, New York",Queens,4010,520,2101,303,82,60,60,57,44,40,0,14,55,57,83,86,76,81,41,51,170,96,163,108,286,121,276,149,250,163,90,93,113,73,94,77,73,80,0,14,0,14,30,34,9,16,63,69,43,52,1909,285,82,59,69,52,46,65,24,39,47,52,0,14,35,55,36,39,166,111,246,132,312,140,187,91,129,84,85,63,136,90,0,14,62,68,71,77,10,16,0,14,67,71,68,66,31,38
1400000US36081058700,"Census Tract 587, Queens County, New York",Queens,3486,476,1747,337,102,92,80,55,60,76,55,63,42,55,7,15,0,14,14,26,161,88,266,114,36,42,110,71,75,71,125,112,279,144,100,79,12,21,58,61,129,132,0,14,12,20,9,15,15,28,1739,283,26,43,21,33,170,107,154,106,0,14,1,2,14,23,77,61,99,61,264,108,107,77,117,76,125,66,35,37,178,107,96,148,81,55,47,74,14,26,16,26,70,79,16,24,11,19
1400000US36081058900,"Census Tract 589, Queens County, New York",Queens,4618,669,2337,456,353,211,88,98,114,104,84,97,0,14,0,14,16,31,71,63,144,95,388,200,170,71,26,31,114,87,360,249,121,95,108,149,42,48,25,40,44,47,56,61,0,14,0,14,13,20,2281,393,146,131,34,41,114,98,50,74,75,72,18,28,0,14,140,73,437,224,238,125,147,102,144,93,140,116,33,37,140,85,17,28,120,98,0,14,82,68,26,30,128,99,12,18,40,49
1400000US36081059000,"Census Tract 590, Queens County, New York",Queens,1258,315,648,224,19,27,13,23,47,30,110,167,6,2,14,23,0,14,30,34,11,17,64,31,19,22,60,35,16,19,28,28,61,24,1,2,46,51,4,7,42,51,44,20,0,14,0,14,13,11,610,115,17,18,9,1,60,34,38,28,3,5,0,14,0,14,0,14,77,50,27,26,18,22,30,28,14,20,71,72,80,46,31,35,0,14,22,20,12,3,25,26,44,38,21,14,11,11
1400000US36081059100,"Census Tract 591, Queens County, New York",Queens,4799,901,2700,561,129,108,109,92,250,186,26,41,77,77,97,100,0,14,100,96,266,192,227,122,381,251,296,180,145,167,213,184,87,101,0,14,51,81,9,28,46,59,126,161,30,42,20,33,15,25,2099,539,0,14,30,48,177,212,0,14,37,51,57,75,69,85,72,109,162,114,38,62,169,121,253,183,194,154,62,101,272,129,89,77,58,95,23,61,0,14,117,94,85,80,68,113,67,83
1400000US36081059200,"Census Tract 592, Queens County, New York",Queens,1240,259,592,178,10,15,0,14,33,53,20,34,0,14,23,29,0,14,56,52,6,9,0,14,8,11,30,39,6,10,111,59,56,36,14,13,75,40,6,8,0,14,21,16,21,18,9,9,87,103,648,129,55,57,0,14,10,15,20,23,10,15,0,14,0,14,79,57,27,20,5,10,66,74,41,32,25,24,101,46,56,35,19,15,6,9,11,12,15,16,18,13,29,30,18,17,37,30
1400000US36081059300,"Census Tract 593, Queens County, New York",Queens,4040,712,1893,336,27,31,120,96,49,63,28,33,39,52,95,143,37,33,100,86,102,84,186,108,178,99,110,67,184,123,184,87,86,60,25,29,61,71,50,29,43,40,72,48,54,59,51,55,12,19,2147,448,21,25,103,99,188,106,154,86,149,172,35,53,35,53,105,93,66,50,214,99,163,73,209,109,178,108,125,133,48,39,62,57,10,15,25,27,47,39,98,64,30,29,34,45,48,37
1400000US36081059400,"Census Tract 594, Queens County, New York",Queens,1667,365,857,248,97,94,33,41,31,33,20,22,14,22,0,14,0,14,21,31,14,18,71,50,110,93,41,27,67,55,42,34,66,52,6,8,83,57,38,33,20,18,38,32,14,13,27,17,4,7,810,171,26,29,18,20,15,17,6,10,4,6,0,14,0,14,23,25,5,8,92,71,61,43,45,39,33,29,102,59,55,37,39,39,29,20,14,12,74,42,51,41,98,49,0,14,20,25
1400000US36081059501,"Census Tract 595.01, Queens County, New York",Queens,1903,271,893,177,35,40,24,20,15,19,41,32,24,38,7,11,33,35,21,23,47,35,88,77,75,59,14,16,71,65,54,52,124,68,9,13,78,65,0,14,85,66,13,16,9,13,0,14,26,38,1010,143,50,40,19,21,24,41,51,42,10,15,0,14,0,14,0,14,145,85,111,68,67,57,33,30,61,56,61,55,98,58,8,11,40,43,48,39,27,25,20,32,0,14,46,39,91,59
1400000US36081059502,"Census Tract 595.02, Queens County, New York",Queens,2676,667,1482,491,165,115,149,109,198,157,47,29,0,14,5,7,45,50,0,14,92,63,3,13,69,46,251,273,59,47,64,45,120,88,14,23,60,57,10,14,0,14,32,39,47,35,0,14,52,58,1194,246,93,58,0,14,41,46,60,53,110,134,7,11,19,32,70,68,45,43,47,37,49,41,99,73,27,25,137,88,39,28,12,19,102,46,0,14,19,23,87,48,100,122,15,21,16,25
1400000US36081059600,"Census Tract 596, Queens County, New York",Queens,1674,375,741,215,14,11,43,40,97,93,0,14,17,25,9,15,18,15,5,8,10,15,36,41,56,34,25,27,72,42,59,49,7,13,64,53,15,17,0,14,23,21,118,178,26,26,27,29,0,14,933,218,43,30,81,49,70,84,90,52,9,12,0,14,4,8,55,53,33,25,101,60,52,46,29,25,64,38,73,44,52,51,9,14,0,14,2,4,4,8,8,13,40,32,78,84,36,28
1400000US36081059800,"Census Tract 598, Queens County, New York",Queens,1691,566,612,161,11,18,37,40,36,40,10,16,0,14,12,18,1,2,41,40,49,51,40,36,49,35,9,14,13,20,71,57,73,86,14,17,27,41,9,13,18,23,39,43,6,9,7,10,40,37,1079,448,212,281,0,14,49,75,20,23,18,27,47,43,24,25,39,41,47,37,56,71,51,61,44,36,87,64,0,14,111,53,43,32,0,14,20,26,57,54,70,47,11,15,34,39,39,33
1400000US36081059900,"Census Tract 599, Queens County, New York",Queens,1493,329,772,164,35,50,5,9,46,49,61,38,51,38,6,11,29,21,9,13,85,55,30,29,18,20,10,14,44,29,131,76,77,47,7,12,58,45,11,10,0,14,16,16,20,20,1,2,22,29,721,187,57,49,68,66,18,20,16,18,0,14,5,8,0,14,15,13,45,37,34,29,30,38,39,30,81,66,83,57,95,48,0,14,3,6,7,10,30,24,31,24,43,35,21,19,0,14
1400000US36081060000,"Census Tract 600, Queens County, New York",Queens,1132,182,527,120,26,30,33,8,9,12,21,21,20,15,7,9,8,11,15,14,18,16,10,16,19,22,24,19,15,18,91,34,21,18,13,15,10,11,13,13,22,19,98,106,24,22,5,10,5,7,605,119,19,23,18,19,51,21,12,14,33,14,0,14,14,13,5,8,17,12,7,10,23,22,83,36,25,20,38,23,24,16,6,9,38,24,2,3,24,19,55,30,39,31,21,18,51,72
1400000US36081060100,"Census Tract 601, Queens County, New York",Queens,2084,387,1026,248,28,39,49,55,92,60,0,14,44,40,24,34,34,24,0,14,36,41,67,86,103,68,133,79,28,33,16,18,133,78,7,10,65,57,19,18,22,15,96,40,20,31,6,11,4,10,1058,208,27,28,101,67,59,61,20,26,0,14,0,14,0,14,63,66,30,34,82,105,101,52,113,55,38,38,42,46,50,46,57,53,33,40,41,46,30,27,86,39,54,74,31,32,0,14
1400000US36081060300,"Census Tract 603, Queens County, New York",Queens,1924,361,916,256,42,50,80,81,31,24,21,19,20,30,0,14,0,14,12,17,79,84,22,32,42,35,62,30,59,53,51,47,106,79,16,17,124,100,12,13,45,38,21,18,29,40,42,27,0,14,1008,174,61,45,16,17,8,12,33,36,40,29,0,14,0,14,0,14,77,72,134,76,70,52,32,21,81,63,30,27,47,45,54,81,108,58,43,47,28,38,68,48,58,48,8,11,12,16
1400000US36081060600,"Census Tract 606, Queens County, New York",Queens,1176,209,530,127,15,22,8,11,49,51,9,13,0,14,0,14,21,34,1,2,27,39,9,13,10,16,83,62,93,67,73,59,57,47,19,20,10,15,0,14,33,32,7,10,0,14,6,9,0,14,646,154,23,27,0,14,33,39,19,19,7,11,10,17,0,14,15,17,28,33,31,27,6,9,49,46,99,81,61,51,26,22,34,36,39,36,0,14,18,17,12,16,81,43,31,27,24,22
1400000US36081060701,"Census Tract 607.01, Queens County, New York",Queens,0,14,0,14,0,14,0,14,0,14,0,14,0,14,0,14,0,14,0,14,0,14,0,14,0,14,0,14,0,14,0,14,0,14,0,14,0,14,0,14,0,14,0,14,0,14,0,14,0,14,0,14,0,14,0,14,0,14,0,14,0,14,0,14,0,14,0,14,0,14,0,14,0,14,0,14,0,14,0,14,0,14,0,14,0,14,0,14,0,14,0,14,0,14,0,14,0,14
1400000US36081060800,"Census Tract 608, Queens County, New York",Queens,1592,305,788,158,69,70,63,63,104,52,0,14,30,28,0,14,0,14,36,36,85,63,42,49,51,42,26,29,79,53,117,73,3,5,0,14,16,19,3,4,5,12,14,22,43,24,0,14,2,4,804,208,48,53,49,55,44,44,28,27,0,14,0,14,0,14,0,14,94,68,27,31,48,40,50,29,82,48,47,29,14,19,55,58,33,32,34,33,25,23,39,31,52,51,17,20,18,18
1400000US36081061000,"Census Tract 610, Queens County, New York",Queens,1318,247,507,123,41,26,27,25,8,13,8,12,13,21,8,13,0,14,13,16,40,35,6,9,13,14,32,24,5,7,34,36,40,33,16,18,37,31,19,19,8,11,41,30,27,31,57,53,14,17,811,156,39,27,27,22,26,22,15,16,0,14,0,14,0,14,21,20,15,17,54,36,24,29,49,31,22,18,81,43,37,21,53,47,57,35,12,12,35,39,55,41,118,60,23,22,48,35
1400000US36081061200,"Census Tract 612, Queens County, New York",Queens,1839,524,750,259,10,16,14,15,63,73,26,21,23,25,7,12,0,14,31,29,18,15,37,26,32,24,54,63,47,55,32,27,58,55,15,16,31,21,44,47,11,12,26,29,96,58,60,36,15,23,1089,307,0,14,10,14,48,46,0,14,14,22,19,30,0,14,63,49,120,85,70,50,84,77,91,91,61,50,73,47,57,34,56,57,15,13,32,27,18,20,59,41,90,47,109,75,0,14
1400000US36081061301,"Census Tract 613.01, Queens County, New York",Queens,5205,967,2843,684,264,198,92,128,269,187,49,52,39,40,2,8,38,43,43,43,107,68,410,247,317,156,245,119,136,84,171,110,186,119,89,83,134,90,88,61,102,91,34,39,7,12,0,19,21,31,2362,499,130,143,47,74,40,33,13,21,91,90,18,29,80,76,129,74,172,112,583,271,148,112,143,86,100,76,98,66,168,91,44,39,184,99,22,28,31,33,12,14,92,51,0,19,17,18
1400000US36081061302,"Census Tract 613.02, Queens County, New York",Queens,0,14,0,14,0,14,0,14,0,14,0,14,0,14,0,14,0,14,0,14,0,14,0,14,0,14,0,14,0,14,0,14,0,14,0,14,0,14,0,14,0,14,0,14,0,14,0,14,0,14,0,14,0,14,0,14,0,14,0,14,0,14,0,14,0,14,0,14,0,14,0,14,0,14,0,14,0,14,0,14,0,14,0,14,0,14,0,14,0,14,0,14,0,14,0,14,0,14
1400000US36081061400,"Census Tract 614, Queens County, New York",Queens,1357,351,665,198,38,46,20,31,36,36,51,68,4,7,44,43,23,24,22,24,18,16,58,68,26,20,43,41,7,12,5,8,69,86,34,24,10,13,17,21,13,16,19,16,55,33,20,12,33,41,692,219,0,14,106,80,53,71,20,9,17,9,22,23,0,14,18,28,7,9,70,44,8,12,45,36,17,9,65,71,38,29,16,24,22,17,5,7,35,24,38,32,49,33,25,19,16,27
1400000US36081061601,"Census Tract 616.01, Queens County, New York",Queens,2257,444,923,248,50,76,73,64,39,41,32,26,57,48,0,14,0,14,39,31,24,21,69,68,38,32,108,70,106,84,1,3,96,59,20,22,29,28,20,25,23,23,36,26,18,18,23,21,22,36,1334,254,0,14,104,84,34,25,102,80,3,7,39,50,49,41,49,44,54,26,67,59,58,52,51,45,79,59,88,41,151,65,0,14,63,46,53,38,49,35,67,39,76,56,69,56,29,29
1400000US36081061602,"Census Tract 616.02, Queens County, New York",Queens,968,151,500,102,8,2,0,14,15,14,8,13,0,14,0,14,11,13,45,41,45,40,52,41,21,29,13,20,31,27,92,62,43,37,13,15,23,24,8,9,0,14,33,24,16,16,21,23,2,5,468,90,9,15,12,16,16,14,5,1,14,23,8,14,0,14,37,35,27,28,26,25,0,14,5,2,33,28,59,45,62,46,13,15,23,16,0,14,4,6,21,22,31,37,49,58,14,15
1400000US36081061800,"Census Tract 618, Queens County, New York",Queens,2037,429,1026,305,38,58,77,60,6,8,97,77,15,24,0,14,50,53,49,38,88,58,45,38,115,74,93,65,41,54,28,32,36,39,27,26,44,34,7,10,46,39,72,45,29,27,23,29,0,14,1011,174,7,11,0,14,93,77,30,31,14,16,0,14,0,14,21,27,72,49,77,44,33,36,70,56,15,13,55,35,141,64,51,31,78,54,65,42,7,11,47,39,92,55,43,47,0,14
1400000US36081061900,"Census Tract 619, Queens County, New York",Queens,3046,731,2000,665,163,82,98,116,79,22,63,63,57,45,0,14,0,14,145,113,231,226,226,262,143,70,36,45,80,54,78,60,155,59,45,44,86,74,127,156,22,26,33,41,63,59,13,17,57,55,1046,199,28,54,0,14,35,37,50,47,0,14,37,59,36,32,22,28,61,55,71,35,37,31,81,70,116,89,78,54,64,49,46,42,49,62,0,14,0,14,0,14,52,46,99,72,84,59
1400000US36081062000,"Census Tract 620, Queens County, New York",Queens,1545,235,707,133,9,14,5,8,40,43,5,8,28,29,0,14,17,29,36,37,27,32,68,53,17,27,38,39,63,47,60,60,33,38,52,43,41,39,11,12,82,64,40,33,1,7,5,8,29,29,838,201,14,17,28,27,13,14,36,40,23,24,0,14,10,16,0,14,75,82,20,18,52,57,31,38,57,40,49,37,72,46,27,28,82,60,33,36,44,38,81,64,6,8,41,35,44,35
1400000US36081062100,"Census Tract 621, Queens County, New York",Queens,2667,580,1500,337,41,46,101,84,138,126,72,65,0,14,0,14,0,14,110,90,83,79,75,53,84,68,108,55,94,76,98,104,20,31,82,79,115,96,37,35,66,54,61,38,46,41,54,60,15,23,1167,311,58,67,20,28,130,81,40,46,58,90,12,29,0,14,15,25,18,26,67,60,128,94,46,45,31,40,116,73,89,62,18,20,9,14,57,54,56,46,63,60,107,88,0,14,29,31
1400000US36081062200,"Census Tract 622, Queens County, New York",Queens,2069,438,731,189,0,14,15,24,34,34,5,9,0,14,7,10,28,40,17,24,30,31,55,52,0,14,119,111,45,36,14,15,75,42,67,46,0,14,34,28,23,35,47,35,28,19,51,30,37,29,1338,314,8,12,55,90,114,118,48,52,29,37,20,31,9,13,26,24,50,40,112,65,60,66,14,16,104,80,107,61,76,45,54,38,72,47,56,37,40,35,62,41,56,35,85,44,81,61
1400000US36081062300,"Census Tract 623, Queens County, New York",Queens,2111,379,1101,241,86,46,13,18,61,47,0,14,59,82,10,14,9,13,43,30,83,66,118,61,15,25,99,63,52,38,69,40,89,57,39,40,111,114,6,10,42,37,30,34,35,21,32,31,0,14,1010,172,35,41,71,47,20,29,39,37,9,13,6,10,0,14,30,30,65,55,63,41,45,40,61,45,46,30,128,120,75,39,78,47,43,36,24,22,7,8,87,46,34,19,19,22,25,29
1400000US36081062400,"Census Tract 624, Queens County, New York",Queens,0,14,0,14,0,14,0,14,0,14,0,14,0,14,0,14,0,14,0,14,0,14,0,14,0,14,0,14,0,14,0,14,0,14,0,14,0,14,0,14,0,14,0,14,0,14,0,14,0,14,0,14,0,14,0,14,0,14,0,14,0,14,0,14,0,14,0,14,0,14,0,14,0,14,0,14,0,14,0,14,0,14,0,14,0,14,0,14,0,14,0,14,0,14,0,14,0,14
1400000US36081062500,"Census Tract 625, Queens County, New York",Queens,2637,499,1302,329,87,57,66,61,50,41,65,72,11,15,59,55,35,55,29,28,103,61,73,52,110,58,58,39,35,24,118,71,37,24,15,22,29,22,31,31,27,31,164,127,45,43,8,12,47,57,1335,243,68,56,35,30,46,41,72,48,7,11,13,14,25,27,40,39,130,72,88,90,95,63,78,39,29,22,168,87,72,37,27,35,58,42,18,16,60,72,61,46,81,67,12,13,52,37
1400000US36081062600,"Census Tract 626, Queens County, New York",Queens,3298,478,1572,267,135,101,34,36,30,30,68,44,71,50,96,61,10,11,80,52,105,55,137,73,39,34,101,74,180,75,179,106,84,45,32,32,68,48,18,31,6,9,48,44,27,25,4,7,20,27,1726,314,137,100,42,48,175,135,110,63,55,48,3,4,6,10,131,78,93,48,121,60,51,42,134,83,93,58,115,61,122,57,52,42,62,54,35,41,5,8,62,40,28,25,41,36,53,40
1400000US36081062700,"Census Tract 627, Queens County, New York",Queens,2831,551,1388,362,63,53,52,61,69,52,9,21,18,29,67,81,0,14,42,67,122,86,68,62,102,82,140,92,143,117,221,138,91,78,17,27,13,19,17,27,56,43,27,34,22,36,29,20,0,14,1443,373,74,83,173,185,28,44,20,33,9,23,15,25,31,43,31,43,105,71,107,73,7,17,87,71,139,99,198,127,53,41,22,36,42,45,28,37,41,41,109,112,10,15,40,47,74,67
1400000US36081062900,"Census Tract 629, Queens County, New York",Queens,3289,669,1772,444,163,96,186,117,109,81,0,14,0,14,38,44,36,49,14,28,61,72,131,86,187,98,123,96,41,45,102,85,129,76,63,60,20,31,0,14,25,30,321,287,23,28,0,14,0,14,1517,278,168,115,82,79,156,119,0,14,13,18,16,18,5,18,47,51,171,110,128,92,121,73,73,54,59,54,70,51,160,102,27,45,37,41,46,66,52,30,35,45,0,14,0,14,51,62
1400000US36081063000,"Census Tract 630, Queens County, New York",Queens,1614,377,744,205,38,48,37,30,25,23,0,14,12,19,6,9,0,14,26,23,55,38,85,56,11,11,22,18,115,77,94,82,46,36,5,8,20,19,6,9,6,8,61,37,18,24,30,35,26,42,870,218,0,14,15,16,81,60,6,9,0,14,0,14,0,14,44,39,104,89,36,38,43,31,58,39,37,35,90,52,119,60,26,24,35,35,18,16,35,30,17,16,33,32,42,30,31,29
1400000US36081063200,"Census Tract 632, Queens County, New York",Queens,2499,389,1217,227,69,65,79,45,109,50,77,56,16,18,41,34,62,68,38,35,94,58,64,41,61,33,96,49,109,72,95,59,41,34,18,20,13,20,7,12,12,15,35,27,52,38,24,23,5,9,1282,242,59,36,43,42,106,77,36,27,32,30,4,7,0,14,77,45,78,46,62,42,113,60,81,48,72,48,59,35,144,75,48,34,51,36,0,14,8,12,36,23,51,37,11,17,111,85
1400000US36081063301,"Census Tract 633.01, Queens County, New York",Queens,1584,409,645,187,67,42,67,59,21,28,66,50,0,14,5,9,0,14,0,14,39,38,15,20,38,29,83,69,56,44,27,39,49,29,42,44,26,28,6,9,6,9,15,16,0,14,17,25,0,14,939,281,112,113,19,27,85,82,53,53,30,33,6,9,0,14,32,38,47,38,110,62,69,49,70,45,30,32,51,68,54,43,18,22,39,29,65,51,12,14,14,15,6,9,12,13,5,8
1400000US36081063302,"Census Tract 633.02, Queens County, New York",Queens,1862,568,678,233,34,41,74,63,11,15,0,14,9,13,0,14,0,14,17,31,10,11,28,28,36,36,52,47,79,62,47,52,157,175,30,30,32,35,5,7,27,24,12,14,3,7,15,14,0,14,1184,386,105,121,103,45,143,84,30,37,21,27,0,14,22,30,11,13,41,37,90,80,77,53,76,55,53,43,40,31,56,45,9,13,26,30,12,14,34,33,5,8,10,12,116,151,104,56
1400000US36081063500,"Census Tract 635, Queens County, New York",Queens,2655,599,1181,273,28,29,85,83,83,61,119,155,0,14,7,11,13,14,39,44,46,34,96,87,73,51,46,39,88,64,27,39,55,39,20,22,105,73,69,61,35,28,11,13,22,24,8,9,106,84,1474,384,147,75,76,63,228,181,9,15,9,20,0,14,14,17,46,40,36,26,207,85,34,32,102,62,81,49,100,132,47,34,45,38,113,72,28,29,33,33,31,27,14,17,43,48,31,29
1400000US36081063700,"Census Tract 637, Queens County, New York",Queens,3455,616,1865,391,186,148,168,128,69,65,96,117,49,63,17,21,0,14,57,62,36,30,11,19,146,104,132,74,81,65,115,89,131,108,59,56,92,69,11,24,189,191,143,85,46,36,31,36,0,14,1590,309,62,60,25,27,175,125,16,21,25,49,20,61,1,3,52,39,36,29,23,24,86,65,91,71,24,28,166,105,128,105,36,37,84,59,47,55,213,149,101,66,111,58,49,48,19,23
1400000US36081063800,"Census Tract 638, Queens County, New York",Queens,3893,763,2167,454,53,86,199,151,134,110,14,23,40,62,0,14,0,14,37,61,219,114,149,124,251,132,238,221,42,43,63,53,137,105,89,70,129,78,69,82,89,81,78,121,26,31,111,126,0,14,1726,396,232,172,44,68,0,14,11,18,0,14,12,20,20,35,18,31,159,104,234,173,51,62,151,98,0,14,98,63,76,65,43,51,190,98,93,79,139,146,34,42,64,104,43,45,14,24
1400000US36081063900,"Census Tract 639, Queens County, New York",Queens,3113,708,1394,317,152,96,19,30,52,48,10,18,14,21,0,14,0,14,57,74,67,47,294,175,84,100,67,74,62,65,49,76,209,103,0,14,45,48,1,3,67,42,67,60,23,36,14,22,41,65,1719,512,73,86,87,65,43,66,60,68,73,97,0,14,0,14,114,117,104,78,144,104,73,58,27,28,106,135,224,127,197,123,5,8,72,78,3,5,67,50,129,162,45,38,39,61,34,37
1400000US36081064101,"Census Tract 641.01, Queens County, New York",Queens,2328,294,1167,149,39,38,97,58,84,48,45,36,0,14,6,9,31,31,21,34,10,11,55,49,69,48,112,63,62,48,56,41,84,54,11,18,104,62,58,49,30,29,86,54,39,40,14,22,54,48,1161,200,55,57,41,46,45,38,0,14,0,14,8,13,16,25,44,34,122,80,29,33,111,41,57,41,105,63,127,70,78,54,10,16,66,40,48,43,25,25,107,66,31,26,22,27,14,22
1400000US36081064102,"Census Tract 641.02, Queens County, New York",Queens,0,14,0,14,0,14,0,14,0,14,0,14,0,14,0,14,0,14,0,14,0,14,0,14,0,14,0,14,0,14,0,14,0,14,0,14,0,14,0,14,0,14,0,14,0,14,0,14,0,14,0,14,0,14,0,14,0,14,0,14,0,14,0,14,0,14,0,14,0,14,0,14,0,14,0,14,0,14,0,14,0,14,0,14,0,14,0,14,0,14,0,14,0,14,0,14,0,14
1400000US36081064500,"Census Tract 645, Queens County, New York",Queens,2016,426,965,270,4,7,191,191,8,13,0,14,24,39,13,15,25,31,47,38,32,24,25,19,42,46,94,54,56,43,68,41,106,54,39,40,5,10,17,19,60,50,23,17,48,41,13,15,25,21,1051,198,6,10,35,31,39,38,11,12,78,55,13,18,20,31,14,13,61,43,49,40,98,63,129,157,21,19,151,79,74,37,40,26,28,33,55,55,5,8,40,29,60,45,6,9,18,19
1400000US36081064600,"Census Tract 646, Queens County, New York",Queens,3076,438,1338,251,44,66,11,19,100,81,61,38,18,31,6,8,0,14,17,21,57,39,58,51,51,32,138,108,97,57,145,63,117,53,117,82,58,44,25,31,45,37,42,34,70,54,55,33,6,9,1738,258,63,61,58,26,125,56,38,38,38,40,18,29,6,10,30,25,25,27,93,61,147,66,36,26,225,90,144,64,89,53,120,78,75,53,64,44,77,55,45,30,111,53,56,38,55,46
1400000US36081065000,"Census Tract 650, Queens County, New York",Queens,2862,472,1402,300,83,68,83,95,121,87,32,38,0,14,12,12,58,54,45,34,72,44,25,32,20,27,185,135,54,61,180,81,81,51,38,41,18,16,53,41,46,35,55,28,64,82,39,31,38,33,1460,222,83,71,66,77,58,39,49,48,23,27,8,11,0,14,46,37,78,58,93,66,30,21,94,61,62,36,65,41,147,62,75,43,41,24,79,56,82,58,137,59,50,47,31,31,63,54
1400000US36081065401,"Census Tract 654.01, Queens County, New York",Queens,3098,474,1519,326,14,22,58,57,137,119,75,55,23,27,47,46,11,16,14,17,149,95,131,94,123,72,165,82,71,49,73,70,37,29,10,15,63,50,171,206,44,42,81,42,0,14,5,11,17,25,1579,269,114,69,40,46,124,105,96,52,35,53,8,12,37,36,37,29,57,57,146,90,82,67,132,74,114,56,46,35,152,93,51,44,48,35,16,17,35,33,84,60,39,33,6,13,80,52
1400000US36081065402,"Census Tract 654.02, Queens County, New York",Queens,0,14,0,14,0,14,0,14,0,14,0,14,0,14,0,14,0,14,0,14,0,14,0,14,0,14,0,14,0,14,0,14,0,14,0,14,0,14,0,14,0,14,0,14,0,14,0,14,0,14,0,14,0,14,0,14,0,14,0,14,0,14,0,14,0,14,0,14,0,14,0,14,0,14,0,14,0,14,0,14,0,14,0,14,0,14,0,14,0,14,0,14,0,14,0,14,0,14
1400000US36081065501,"Census Tract 655.01, Queens County, New York",Queens,0,14,0,14,0,14,0,14,0,14,0,14,0,14,0,14,0,14,0,14,0,14,0,14,0,14,0,14,0,14,0,14,0,14,0,14,0,14,0,14,0,14,0,14,0,14,0,14,0,14,0,14,0,14,0,14,0,14,0,14,0,14,0,14,0,14,0,14,0,14,0,14,0,14,0,14,0,14,0,14,0,14,0,14,0,14,0,14,0,14,0,14,0,14,0,14,0,14
1400000US36081065600,"Census Tract 656, Queens County, New York",Queens,5282,851,2500,476,209,168,83,111,105,133,106,107,74,68,64,101,0,19,41,47,184,109,332,179,328,175,76,62,55,45,168,128,132,117,123,107,42,45,31,34,162,100,129,78,56,59,0,19,0,19,2782,555,193,168,78,78,222,111,53,38,77,81,0,19,0,19,42,38,223,136,248,181,62,73,236,141,214,196,111,60,176,108,86,81,135,90,57,69,226,173,87,57,42,40,112,113,102,70
1400000US36081065702,"Census Tract 657.02, Queens County, New York",Queens,1264,175,476,91,0,14,22,22,14,11,14,16,0,14,0,14,7,10,0,14,41,36,19,28,15,16,37,33,27,26,57,40,56,38,16,26,55,33,14,20,0,14,36,36,7,10,18,25,21,27,788,118,29,36,16,16,79,57,10,15,0,14,0,14,14,17,6,9,63,49,54,42,37,26,44,35,52,36,27,22,63,37,22,26,40,28,0,14,17,19,92,72,45,32,27,27,51,40
1400000US36081065703,"Census Tract 657.03, Queens County, New York",Queens,3229,940,1389,337,30,32,80,74,123,68,90,81,15,24,23,25,16,24,0,14,41,36,13,20,117,66,66,60,163,81,62,54,74,54,0,14,76,65,81,67,202,218,68,56,38,30,11,18,0,14,1840,668,53,45,168,175,158,106,18,29,0,14,0,14,14,22,13,22,64,50,54,47,102,85,91,45,120,71,79,79,146,89,11,17,25,28,262,286,24,26,340,331,55,41,23,27,20,24
1400000US36081065900,"Census Tract 659, Queens County, New York",Queens,1974,329,721,152,21,21,96,62,52,51,41,44,38,48,0,14,0,14,20,29,22,33,32,39,31,21,62,34,60,49,62,41,60,43,0,14,16,26,25,38,18,38,42,48,11,14,8,12,4,6,1253,289,53,70,44,42,72,57,44,58,46,43,0,14,9,15,120,92,37,30,43,27,182,152,49,21,98,58,83,66,80,59,25,38,76,63,56,57,5,11,51,35,25,25,27,27,28,40
1400000US36081066000,"Census Tract 660, Queens County, New York",Queens,3564,586,1561,436,15,24,37,44,135,182,86,81,0,14,0,14,31,36,118,95,49,53,1,2,246,217,206,105,99,91,97,109,159,99,0,14,12,20,10,18,99,53,48,43,86,65,11,17,16,27,2003,386,78,103,107,94,102,92,28,31,40,42,82,101,0,14,59,66,44,40,147,206,287,176,99,71,164,101,54,52,149,84,48,51,133,94,20,21,125,93,90,71,111,93,12,19,24,36
1400000US36081066100,"Census Tract 661, Queens County, New York",Queens,1573,194,727,131,37,39,56,40,3,14,17,19,20,18,5,9,0,14,7,11,21,23,84,52,21,23,36,28,76,53,22,19,54,38,8,12,53,53,10,11,25,19,80,35,46,41,41,41,5,7,846,121,61,28,33,29,44,42,19,21,9,12,10,12,0,14,20,21,30,24,20,24,67,56,29,24,37,29,59,34,67,35,28,22,85,55,52,31,35,25,9,12,73,47,21,19,38,23
1400000US36081066301,"Census Tract 663.01, Queens County, New York",Queens,2712,328,1137,133,26,21,45,38,109,74,88,41,23,22,5,8,7,12,7,11,15,15,73,41,18,15,70,33,109,50,52,32,107,52,22,19,91,47,52,40,75,37,44,24,35,21,46,31,18,15,1575,270,55,42,79,53,87,60,58,31,25,27,32,28,28,26,34,22,67,39,114,80,54,41,101,47,109,39,70,43,108,42,28,23,103,45,80,61,28,23,54,28,78,32,103,122,80,78
1400000US36081066302,"Census Tract 663.02, Queens County, New York",Queens,0,14,0,14,0,14,0,14,0,14,0,14,0,14,0,14,0,14,0,14,0,14,0,14,0,14,0,14,0,14,0,14,0,14,0,14,0,14,0,14,0,14,0,14,0,14,0,14,0,14,0,14,0,14,0,14,0,14,0,14,0,14,0,14,0,14,0,14,0,14,0,14,0,14,0,14,0,14,0,14,0,14,0,14,0,14,0,14,0,14,0,14,0,14,0,14,0,14
1400000US36081066401,"Census Tract 664.01, Queens County, New York",Queens,2241,794,1144,438,105,127,166,153,65,88,9,14,0,14,0,14,0,14,6,11,116,124,134,106,145,98,27,40,0,14,36,43,0,14,134,155,59,84,31,30,67,55,0,14,36,33,0,14,8,12,1097,476,157,101,0,14,153,144,24,35,0,14,0,14,12,20,0,14,141,104,189,129,17,43,29,44,19,23,20,31,58,46,48,47,123,74,0,14,27,33,42,45,28,32,10,15,0,14
1400000US36081066402,"Census Tract 664.02, Queens County, New York",Queens,3525,580,1638,434,232,257,113,95,172,120,9,15,34,58,12,19,0,14,64,65,37,56,187,135,138,106,159,112,33,50,36,44,65,71,100,68,35,52,83,93,0,14,85,84,44,44,0,14,0,14,1887,340,63,75,76,86,0,14,46,77,0,14,0,14,69,92,215,203,57,67,93,82,98,94,138,121,167,123,103,85,112,81,79,113,95,90,153,120,168,103,99,88,29,36,0,14,27,46
1400000US36081066403,"Census Tract 664.03, Queens County, New York",Queens,5738,1351,2955,837,218,195,112,143,515,427,166,233,34,58,98,108,21,34,227,143,166,118,212,140,237,178,143,100,71,64,63,77,178,129,121,117,113,86,63,71,41,39,71,65,76,66,0,19,9,14,2783,605,118,103,123,102,126,115,88,87,44,55,46,58,218,268,61,72,121,105,185,150,209,149,120,95,294,248,278,137,179,106,102,108,64,52,79,75,75,67,174,102,39,37,5,8,35,34
1400000US36081066404,"Census Tract 664.04, Queens County, New York",Queens,0,14,0,14,0,14,0,14,0,14,0,14,0,14,0,14,0,14,0,14,0,14,0,14,0,14,0,14,0,14,0,14,0,14,0,14,0,14,0,14,0,14,0,14,0,14,0,14,0,14,0,14,0,14,0,14,0,14,0,14,0,14,0,14,0,14,0,14,0,14,0,14,0,14,0,14,0,14,0,14,0,14,0,14,0,14,0,14,0,14,0,14,0,14,0,14,0,14
1400000US36081066501,"Census Tract 665.01, Queens County, New York",Queens,4003,696,2092,369,121,92,146,108,11,16,49,55,0,14,11,17,12,16,22,24,46,42,299,219,202,108,126,82,151,87,143,88,85,70,31,35,39,36,161,98,48,42,62,52,100,63,14,26,213,140,1911,388,120,99,80,69,165,115,43,51,11,17,38,49,12,17,36,44,64,62,196,132,158,87,114,83,241,168,71,54,99,71,0,14,41,40,43,47,30,28,57,46,71,50,48,48,173,111
1400000US36081066701,"Census Tract 667.01, Queens County, New York",Queens,2576,582,1174,370,109,117,49,48,26,34,19,36,56,24,39,25,19,30,12,26,0,14,92,89,65,48,53,42,93,74,172,84,35,39,18,30,7,19,111,123,46,50,52,49,20,27,56,67,25,38,1402,315,61,51,123,96,68,63,18,26,0,14,0,14,0,14,44,28,191,183,59,49,94,51,21,32,105,52,71,72,69,94,24,30,89,63,39,41,103,50,42,48,74,51,67,68,40,51
1400000US36081066900,"Census Tract 669, Queens County, New York",Queens,1692,328,754,151,19,28,29,45,7,12,67,52,20,23,22,35,0,14,7,11,79,74,48,33,41,37,65,41,87,56,80,57,19,22,18,20,20,18,16,26,17,18,11,18,53,32,6,9,23,20,938,202,81,64,34,47,124,100,41,38,7,11,0,14,0,14,32,41,39,37,152,76,27,27,15,17,66,48,67,50,41,30,6,10,15,16,0,14,31,30,66,38,62,35,5,8,27,20
1400000US36081067100,"Census Tract 671, Queens County, New York",Queens,2339,337,1164,184,17,22,163,62,75,66,17,18,0,14,0,14,9,15,56,24,48,58,24,20,27,28,136,54,115,72,126,62,66,46,9,15,25,27,24,19,23,15,61,41,63,39,57,34,23,28,1175,184,54,51,81,59,32,24,47,41,25,26,0,14,0,14,17,19,30,34,53,38,61,50,102,43,90,48,52,27,66,37,78,38,85,46,7,11,29,19,122,37,44,25,50,40,50,46
1400000US36081067700,"Census Tract 677, Queens County, New York",Queens,1893,280,983,172,46,40,30,28,83,40,11,14,27,25,0,14,0,14,52,48,26,19,89,47,37,28,93,44,83,36,91,54,37,26,41,34,19,19,35,32,37,38,50,35,44,35,0,14,52,73,910,154,23,19,63,40,61,35,86,43,0,14,0,14,4,7,32,29,29,27,17,16,51,34,52,29,70,31,80,32,85,54,20,18,14,17,31,25,25,22,55,31,13,14,16,14,83,94
1400000US36081067900,"Census Tract 679, Queens County, New York",Queens,4303,503,2194,336,30,38,95,64,160,107,0,14,81,81,29,36,0,14,129,82,154,118,137,91,202,134,53,48,194,92,109,69,149,77,120,64,109,78,57,69,158,112,84,59,54,41,40,42,50,40,2109,266,67,70,131,119,221,86,25,31,16,18,44,39,29,30,14,18,79,54,140,75,113,74,42,38,199,112,59,40,292,152,44,31,28,27,57,63,93,91,123,83,108,73,21,26,164,55
1400000US36081068000,"Census Tract 680, Queens County, New York",Queens,5594,764,2303,389,52,79,207,159,102,70,105,95,43,45,11,17,44,71,151,103,127,75,134,89,194,121,158,112,51,55,239,136,203,122,76,74,94,70,0,19,44,54,134,63,53,35,81,81,0,19,3291,524,93,98,118,120,55,50,159,134,86,75,0,19,55,62,66,69,101,93,487,166,131,90,208,121,165,156,446,189,363,198,150,87,95,67,35,44,119,86,100,61,105,72,69,64,85,78
1400000US36081068200,"Census Tract 682, Queens County, New York",Queens,1091,209,425,114,65,60,11,18,36,35,11,18,6,9,0,14,0,14,35,32,5,8,17,22,0,14,35,32,17,20,40,29,46,30,25,25,18,21,23,23,5,8,7,10,15,13,0,14,8,12,666,135,31,30,41,38,31,36,25,41,18,25,0,14,13,18,15,22,56,42,13,21,75,69,56,41,5,9,12,20,36,27,19,19,50,29,25,26,17,25,66,44,29,22,7,11,26,19
1400000US36081068300,"Census Tract 683, Queens County, New York",Queens,4059,472,1955,423,79,47,130,75,79,68,43,42,2,3,8,11,0,14,102,69,58,38,144,71,141,75,125,69,228,115,47,48,87,54,92,104,219,268,16,27,45,46,175,126,63,52,31,48,41,33,2104,221,71,48,90,65,115,73,32,25,0,14,54,44,18,25,13,22,130,99,167,73,137,73,152,78,197,144,72,55,183,109,28,32,107,77,48,42,58,47,109,74,142,78,101,66,80,58
1400000US36081068700,"Census Tract 687, Queens County, New York",Queens,4405,664,1877,321,43,34,140,123,36,36,54,45,44,38,35,35,0,14,64,44,109,62,64,46,125,72,176,93,54,50,174,81,158,84,68,44,117,118,171,246,62,49,42,36,83,48,20,21,38,28,2528,595,200,156,129,107,99,46,171,211,57,42,0,14,0,14,92,46,126,72,109,76,171,115,111,61,163,72,151,104,347,355,66,64,54,39,68,50,86,65,108,60,99,65,71,61,50,49
1400000US36081069000,"Census Tract 690, Queens County, New York",Queens,3756,855,1604,366,131,156,90,80,72,72,77,41,100,80,37,41,0,14,40,29,87,73,193,118,101,73,84,67,2,6,129,88,229,80,52,56,45,34,16,18,17,26,77,45,0,14,11,17,14,12,2152,587,198,164,22,35,132,115,110,85,16,20,22,44,90,106,84,83,187,117,110,79,118,96,136,125,98,85,176,113,149,88,94,76,39,36,120,68,64,45,92,65,35,34,21,33,39,37
1400000US36081069300,"Census Tract 693, Queens County, New York",Queens,2902,596,1322,236,30,38,35,43,116,108,19,28,34,50,0,14,12,14,0,14,84,50,213,171,100,74,116,77,107,56,104,121,70,63,38,29,71,72,60,57,15,20,29,24,61,46,8,13,0,14,1580,414,189,117,47,40,0,14,79,117,29,46,0,14,0,14,92,86,195,158,96,59,133,46,135,106,32,33,52,46,152,89,15,22,63,44,28,21,42,36,91,60,67,62,20,23,23,27
1400000US36081069400,"Census Tract 694, Queens County, New York",Queens,4091,603,1731,350,125,121,52,59,181,90,0,14,38,43,33,37,142,122,31,50,70,58,78,79,136,137,137,88,49,55,127,144,212,98,19,32,13,20,60,50,40,45,101,83,75,60,0,14,12,20,2360,407,198,125,165,88,244,191,29,51,52,26,24,38,0,14,42,48,165,118,297,121,140,67,216,125,128,70,156,100,125,79,35,40,40,42,20,8,77,63,20,32,15,25,129,79,43,38
1400000US36081069500,"Census Tract 695, Queens County, New York",Queens,2363,382,1024,142,91,63,13,18,56,49,0,14,35,29,29,22,0,14,17,17,40,35,44,50,106,54,59,47,52,34,68,41,147,59,34,31,48,39,17,19,50,41,77,57,19,18,20,27,2,6,1339,310,48,36,51,45,19,22,32,29,12,19,4,6,8,13,43,38,52,56,45,31,66,41,76,54,60,31,55,28,280,260,53,48,45,34,36,34,43,32,134,70,57,57,53,28,67,34
1400000US36081069701,"Census Tract 697.01, Queens County, New York",Queens,4054,476,1928,372,41,58,320,204,124,86,66,52,50,66,8,15,7,12,10,15,171,90,144,82,135,99,113,68,236,98,100,64,160,85,12,18,44,33,44,42,21,23,47,37,59,59,4,9,12,18,2126,275,178,95,53,43,130,102,47,44,45,41,13,21,32,48,86,60,105,65,188,104,159,78,271,100,108,56,76,79,175,93,3,8,102,82,61,59,6,11,132,72,83,62,9,15,64,61
1400000US36081069702,"Census Tract 697.02, Queens County, New York",Queens,4269,719,2165,507,225,153,176,113,131,121,88,100,7,11,0,14,82,88,30,25,118,112,58,50,91,82,148,121,133,71,107,65,144,61,14,16,79,75,11,14,104,70,127,76,45,39,65,47,182,186,2104,342,159,136,49,42,249,123,43,46,8,12,11,19,7,12,57,43,163,137,136,71,117,96,108,63,104,54,65,51,141,104,26,44,211,204,29,26,52,36,105,70,109,60,88,83,67,48
1400000US36081070300,"Census Tract 703, Queens County, New York",Queens,2324,353,995,196,101,63,15,22,64,46,35,32,0,14,6,9,42,50,8,13,10,13,43,38,40,37,56,39,142,80,56,39,73,48,0,14,45,33,102,97,11,21,54,42,57,41,15,14,20,19,1329,258,38,35,7,11,84,59,17,19,13,16,7,11,0,14,114,64,47,34,34,30,102,85,130,101,51,29,108,58,100,56,20,22,29,27,168,142,20,21,75,46,95,63,54,50,16,13
1400000US36081070700,"Census Tract 707, Queens County, New York",Queens,2504,329,1192,214,21,27,107,65,81,58,54,59,15,18,19,16,0,14,6,9,20,21,93,35,36,22,70,31,93,73,106,51,89,37,28,31,28,24,46,30,71,40,64,37,86,64,52,39,7,16,1312,167,56,31,95,41,89,67,69,35,34,29,6,9,0,14,10,14,49,44,105,41,28,20,117,58,113,56,80,33,64,34,37,26,35,28,26,24,41,26,115,39,68,74,40,27,35,31
1400000US36081070900,"Census Tract 709, Queens County, New York",Queens,2765,541,1372,233,115,91,78,39,181,101,55,56,0,14,0,14,0,14,13,15,37,33,105,64,100,55,200,79,74,40,118,97,21,27,43,42,61,55,0,14,53,54,76,44,32,29,0,14,10,18,1393,428,82,55,124,78,156,192,0,14,0,14,0,14,0,14,0,14,51,53,223,162,80,39,154,82,49,38,20,21,78,39,26,29,73,42,16,26,67,61,106,49,37,32,0,14,51,57
1400000US36081071100,"Census Tract 711, Queens County, New York",Queens,5759,575,2612,486,219,119,60,66,61,95,33,49,0,19,0,19,13,21,191,118,290,312,263,127,149,87,171,87,54,54,75,65,160,123,38,62,169,129,67,60,134,93,227,120,115,74,91,119,32,41,3147,442,160,99,42,67,138,120,32,39,8,15,0,19,0,19,77,67,244,126,300,154,105,65,221,134,250,173,290,153,155,95,142,108,200,144,0,19,83,78,300,207,165,96,102,97,133,77
1400000US36081071303,"Census Tract 713.03, Queens County, New York",Queens,5303,815,2449,570,98,97,28,44,254,151,0,19,0,19,0,19,0,19,0,19,137,71,416,268,311,166,150,103,57,57,76,76,170,109,214,213,193,135,10,17,73,93,144,114,68,60,0,19,50,50,2854,456,164,117,78,53,160,137,39,44,0,19,0,19,0,19,54,87,312,140,222,91,170,104,243,139,222,151,31,34,302,164,109,56,153,162,38,47,33,38,329,183,148,100,17,27,30,37
1400000US36081071304,"Census Tract 713.04, Queens County, New York",Queens,6352,691,2718,449,96,103,127,141,20,33,14,26,43,51,0,19,0,19,0,19,296,121,220,181,139,95,56,65,188,173,367,172,67,75,37,42,191,125,255,184,81,74,250,185,26,40,155,89,90,82,3634,505,85,125,277,168,138,135,66,97,0,19,0,19,0,19,25,40,331,187,430,214,29,33,263,213,422,153,53,57,186,129,240,222,178,129,229,166,156,121,108,83,137,119,88,88,193,153
1400000US36081071305,"Census Tract 713.05, Queens County, New York",Queens,6007,1179,2776,684,221,187,110,95,133,163,135,150,53,69,21,34,14,22,136,89,176,146,329,185,93,68,172,129,235,168,202,134,347,196,21,34,39,45,38,43,72,52,58,53,35,38,83,78,53,49,3231,734,122,89,328,263,394,293,89,132,99,115,0,19,19,32,38,44,321,200,246,182,193,141,115,120,250,124,207,153,228,141,41,41,34,38,54,49,9,16,115,100,156,86,72,93,101,87
1400000US36081071306,"Census Tract 713.06, Queens County, New York",Queens,7192,1213,3241,804,171,145,159,154,431,373,156,153,0,19,0,19,57,71,58,72,189,128,342,137,151,82,247,276,131,104,249,123,151,206,96,89,79,81,9,17,34,40,239,130,155,109,61,92,76,85,3951,615,29,48,170,153,134,93,291,177,115,157,55,55,0,19,41,60,275,156,241,152,412,326,270,164,340,154,452,244,165,93,149,103,86,70,159,117,32,35,234,148,85,83,112,97,104,69
1400000US36081071600,"Census Tract 716, Queens County, New York",Queens,0,14,0,14,0,14,0,14,0,14,0,14,0,14,0,14,0,14,0,14,0,14,0,14,0,14,0,14,0,14,0,14,0,14,0,14,0,14,0,14,0,14,0,14,0,14,0,14,0,14,0,14,0,14,0,14,0,14,0,14,0,14,0,14,0,14,0,14,0,14,0,14,0,14,0,14,0,14,0,14,0,14,0,14,0,14,0,14,0,14,0,14,0,14,0,14,0,14
1400000US36081071701,"Census Tract 717.01, Queens County, New York",Queens,4979,1017,2322,614,119,163,326,274,18,29,33,28,15,25,53,41,0,14,70,59,103,88,197,137,214,165,147,175,48,47,134,150,143,82,0,14,57,56,121,137,101,70,77,61,57,54,197,102,92,94,2657,576,147,137,96,88,206,245,26,24,19,26,0,14,0,14,35,45,21,33,522,197,242,226,46,58,73,61,84,54,105,71,21,33,107,97,71,60,64,56,247,144,254,131,184,116,87,87
1400000US36081071702,"Census Tract 717.02, Queens County, New York",Queens,4448,500,2195,416,70,92,137,82,101,67,82,65,12,19,39,60,26,57,129,83,189,96,166,112,144,84,180,109,214,151,93,68,113,74,20,36,141,90,41,59,26,38,62,54,29,34,68,56,113,97,2253,277,46,56,57,46,102,80,70,81,12,17,0,14,0,14,79,59,246,88,137,93,76,55,308,138,116,69,20,23,273,124,56,51,96,95,88,72,83,65,47,48,74,59,253,142,14,23
1400000US36081071900,"Census Tract 719, Queens County, New York",Queens,3299,559,1807,443,139,107,138,79,118,37,192,148,74,51,11,17,0,14,14,17,120,78,73,62,32,27,214,126,124,110,0,14,106,84,117,55,91,96,32,27,52,32,110,97,9,13,0,14,41,46,1492,189,0,14,266,125,18,24,92,113,7,14,0,14,30,40,30,30,105,74,88,78,170,92,81,58,145,79,35,47,123,93,27,21,48,30,45,54,28,45,20,28,42,29,84,75,8,12
1400000US36081072100,"Census Tract 721, Queens County, New York",Queens,5595,958,2545,497,236,156,251,157,113,115,177,173,67,82,0,19,0,19,83,91,217,298,109,97,219,92,41,41,278,183,221,154,70,60,53,88,16,26,59,84,52,53,30,41,21,34,223,152,9,17,3050,562,190,199,82,87,203,152,61,100,0,19,54,84,70,89,4,10,171,224,185,120,146,90,278,129,176,128,217,173,185,125,37,33,88,69,84,70,73,57,196,116,276,211,180,151,94,77
1400000US36081072300,"Census Tract 723, Queens County, New York",Queens,2270,331,1142,156,138,79,92,35,56,39,0,14,9,14,22,21,10,14,12,13,23,23,21,18,124,86,115,88,52,30,61,34,76,33,37,30,45,39,42,31,36,33,72,39,43,27,31,20,25,30,1128,215,56,46,51,41,12,14,30,24,7,13,0,14,2,3,36,24,26,24,123,153,57,35,101,39,74,40,82,25,127,74,7,10,53,37,25,32,57,28,56,31,38,23,45,25,63,43
1400000US36081072900,"Census Tract 729, Queens County, New York",Queens,1406,258,734,207,6,11,52,40,71,39,34,26,0,14,7,13,4,7,48,41,0,14,50,27,40,27,19,17,73,54,75,65,117,140,25,24,11,15,14,14,20,20,22,15,6,9,0,14,40,20,672,106,40,33,9,11,81,43,14,20,13,18,0,14,0,14,22,28,15,15,79,46,30,38,38,23,63,36,22,20,12,16,50,26,16,14,19,17,45,40,30,26,42,21,31,19,1,3
1400000US36081073100,"Census Tract 731, Queens County, New York",Queens,1724,267,838,179,47,26,57,33,86,56,76,65,11,17,0,14,0,14,36,26,46,32,43,26,34,25,16,16,80,48,73,33,50,27,8,12,74,49,22,17,28,23,8,12,33,27,4,6,6,9,886,138,52,38,45,41,26,22,60,31,6,9,0,14,0,14,13,14,67,42,55,36,54,31,68,44,45,23,115,55,52,36,45,34,44,33,15,17,10,12,28,23,27,21,4,8,55,70
1400000US36081073700,"Census Tract 737, Queens County, New York",Queens,2088,311,930,209,18,28,28,30,23,27,82,134,7,14,1,3,0,14,8,13,66,54,98,77,30,38,49,41,88,86,70,47,41,40,11,12,42,35,26,36,54,38,85,47,21,20,65,44,17,18,1158,183,56,36,50,38,7,12,0,14,0,14,0,14,0,14,0,14,143,83,93,65,34,27,128,89,114,84,104,48,122,101,37,46,29,27,44,46,80,57,28,26,57,69,14,17,18,22
1400000US36081073900,"Census Tract 739, Queens County, New York",Queens,5420,638,2506,399,258,145,130,120,134,128,16,27,0,19,0,19,0,19,47,65,213,96,196,107,254,126,205,112,234,119,157,115,47,58,35,42,202,204,41,47,59,60,29,36,77,69,89,70,83,112,2914,396,66,74,133,74,203,82,0,19,0,19,0,19,26,33,23,37,169,118,176,86,336,259,269,119,197,91,215,151,341,224,96,83,126,88,60,53,35,41,68,67,121,78,95,76,159,119
1400000US36081074100,"Census Tract 741, Queens County, New York",Queens,3102,491,1478,273,73,65,121,71,75,63,49,50,0,14,0,14,0,14,11,15,84,59,119,55,31,32,142,69,79,62,202,172,101,63,56,54,41,41,0,14,21,23,76,52,115,107,14,17,68,49,1624,300,50,57,36,42,3,6,28,27,40,41,0,14,0,14,127,169,130,60,82,52,74,39,65,32,70,38,200,119,254,132,71,43,35,31,28,26,79,61,103,64,11,17,91,63,47,32
1400000US36081074300,"Census Tract 743, Queens County, New York",Queens,3953,775,2085,577,36,40,14,26,83,71,47,26,99,50,20,27,0,14,46,76,405,488,106,96,55,50,272,125,113,72,100,75,195,113,8,16,25,26,51,47,43,40,178,84,119,70,60,45,10,19,1868,320,0,14,139,98,251,155,31,32,0,14,0,14,0,14,18,27,33,31,138,71,174,73,186,110,92,61,264,199,59,44,43,38,33,28,20,23,86,65,111,68,59,44,109,78,22,23
1400000US36081074500,"Census Tract 745, Queens County, New York",Queens,4275,749,2090,442,170,136,125,101,45,71,52,66,0,14,28,33,65,108,94,82,232,195,137,106,114,78,85,85,70,82,204,121,115,89,19,31,67,71,0,14,24,26,106,79,102,90,162,137,74,50,2185,451,145,116,155,130,118,95,36,44,32,43,0,14,0,14,48,63,83,57,42,38,129,87,155,105,128,87,234,254,141,149,57,61,131,84,24,28,51,68,144,103,16,25,170,126,146,101
1400000US36081074700,"Census Tract 747, Queens County, New York",Queens,3681,578,2000,400,13,20,114,117,100,87,91,82,0,14,0,14,19,29,66,36,119,94,228,168,229,151,87,70,41,37,44,37,208,110,87,59,130,108,60,73,130,59,101,80,38,35,39,48,56,73,1681,464,83,84,87,68,72,57,39,28,9,15,0,14,0,14,32,34,100,86,53,48,115,66,90,60,63,42,96,60,104,39,160,105,42,40,257,374,92,81,127,56,30,38,13,19,17,22
1400000US36081074900,"Census Tract 749, Queens County, New York",Queens,1620,247,785,140,28,28,41,36,102,60,14,17,7,11,21,30,6,14,7,9,14,19,34,38,27,23,56,42,74,64,83,53,71,49,0,14,35,29,41,33,32,29,58,42,24,19,4,7,6,9,835,148,65,59,24,18,86,58,71,63,25,30,13,12,17,24,0,14,13,17,48,44,23,23,81,50,68,37,76,46,55,31,43,38,17,16,32,31,22,20,3,7,26,39,20,16,7,9
1400000US36081075701,"Census Tract 757.01, Queens County, New York",Queens,5031,757,2110,468,105,64,119,86,136,211,134,203,0,19,0,19,0,19,19,31,69,56,199,109,236,102,136,104,165,120,79,67,143,88,0,19,92,72,54,45,35,34,161,147,109,90,7,15,112,73,2921,426,130,110,228,150,61,73,15,30,28,43,0,19,0,19,0,19,244,106,120,82,184,108,238,116,533,357,89,59,79,70,121,98,210,113,27,42,88,72,171,101,101,77,105,89,149,109
1400000US36081075702,"Census Tract 757.02, Queens County, New York",Queens,5237,1033,2690,632,102,113,116,85,61,54,38,21,187,152,34,56,0,19,0,19,157,252,153,91,180,93,182,131,177,94,326,179,65,62,175,227,61,80,15,25,111,107,255,203,77,61,112,102,106,101,2547,509,33,39,42,49,252,190,47,50,0,19,27,43,0,19,0,19,40,48,113,85,199,109,143,90,236,160,265,183,64,58,148,121,135,153,58,49,51,53,160,102,115,81,150,170,269,183
1400000US36081076901,"Census Tract 769.01, Queens County, New York",Queens,5452,802,2226,370,54,84,196,144,100,100,97,104,0,19,0,19,0,19,0,19,53,46,80,83,247,134,14,24,246,147,509,216,53,49,0,19,125,112,16,25,108,77,93,97,144,80,73,91,18,30,3226,529,426,137,82,94,266,190,0,19,0,19,33,44,14,23,141,174,91,78,227,148,138,70,266,117,220,148,192,127,298,277,69,74,84,94,30,44,44,43,149,74,248,139,105,80,103,82
1400000US36081076902,"Census Tract 769.02, Queens County, New York",Queens,1570,336,659,156,72,56,25,21,10,15,26,20,0,14,0,14,0,14,48,43,71,53,40,32,66,30,12,14,89,59,30,23,39,30,0,14,33,43,10,18,16,23,48,39,0,14,24,24,0,14,911,227,83,62,38,27,62,75,52,47,0,14,9,13,37,43,25,35,144,97,82,32,81,46,45,26,113,61,28,21,47,42,4,7,10,13,0,14,14,22,0,14,27,23,10,16,0,14
1400000US36081077300,"Census Tract 773, Queens County, New York",Queens,2203,277,1048,196,13,22,47,43,32,32,46,36,6,10,37,56,10,15,31,23,86,79,55,38,127,94,73,37,41,41,87,51,42,32,54,43,31,30,8,13,82,58,52,39,49,54,0,14,39,37,1155,193,22,26,63,59,49,33,0,14,19,26,0,14,0,14,40,44,60,40,103,70,110,72,59,33,150,80,155,91,27,30,41,39,66,54,0,14,35,22,45,40,33,32,45,57,33,28
1400000US36081077500,"Census Tract 775, Queens County, New York",Queens,2144,367,941,244,75,38,0,14,33,36,14,22,20,11,0,14,26,14,0,14,53,47,108,76,68,47,64,51,13,21,75,50,119,118,9,16,74,83,12,18,37,34,58,44,23,27,22,22,38,26,1203,213,13,21,74,50,15,24,18,29,0,14,14,21,24,12,78,53,60,63,50,40,74,45,56,36,143,107,117,107,16,18,22,26,45,34,45,69,84,78,108,73,71,67,26,28,50,37
1400000US36081077902,"Census Tract 779.02, Queens County, New York",Queens,5643,1071,2445,464,271,197,274,141,264,170,109,86,73,81,19,29,7,11,66,67,158,106,113,85,130,82,117,98,143,103,51,70,24,25,127,70,28,33,54,49,103,109,166,71,101,72,13,21,34,39,3198,737,304,173,429,300,156,116,117,102,0,19,42,59,93,139,26,37,314,147,148,89,77,43,114,75,429,391,82,56,113,78,81,68,98,69,56,70,116,66,77,72,152,111,124,85,50,64
1400000US36081077903,"Census Tract 779.03, Queens County, New York",Queens,3410,757,1463,348,152,112,12,18,54,54,108,86,118,98,17,18,0,14,40,36,120,67,55,30,181,103,49,45,74,52,85,80,112,122,79,113,68,53,13,17,50,35,31,23,44,39,0,14,1,3,1947,510,35,38,105,64,249,234,95,88,7,11,17,20,0,14,76,56,183,109,63,58,64,51,110,76,171,115,206,244,93,53,68,60,80,52,93,98,49,47,48,37,43,47,47,46,45,59
1400000US36081077904,"Census Tract 779.04, Queens County, New York",Queens,5096,1237,2370,598,80,85,119,156,33,42,0,19,269,232,0,19,28,30,0,19,316,69,72,68,265,193,128,133,106,116,101,93,64,59,159,134,214,170,80,56,101,73,101,74,71,81,31,44,32,51,2726,791,304,209,329,409,101,96,0,19,40,42,166,187,4,11,40,48,269,232,150,111,170,145,74,64,90,68,15,23,357,195,42,46,50,46,36,36,175,103,104,62,157,91,9,27,44,50
1400000US36081077905,"Census Tract 779.05, Queens County, New York",Queens,3284,740,1633,435,112,94,42,39,107,121,26,31,46,41,1,2,35,34,15,23,325,239,151,92,36,34,79,60,115,150,135,91,44,43,28,32,48,38,15,24,137,116,47,38,38,35,31,25,20,21,1651,350,45,68,56,35,101,77,23,38,66,40,15,16,14,20,67,33,130,80,147,90,57,38,66,56,170,191,84,55,106,80,0,14,66,63,52,64,148,154,77,45,66,51,13,21,82,64
1400000US36081077906,"Census Tract 779.06, Queens County, New York",Queens,3946,656,1955,436,329,263,160,91,60,49,26,40,0,14,4,13,0,14,122,86,274,159,136,81,125,69,58,47,47,43,73,58,104,69,68,53,10,13,31,36,45,32,105,83,80,66,64,53,34,38,1991,320,166,134,113,97,131,105,31,38,42,48,0,14,10,17,95,81,163,95,116,69,74,40,76,51,230,147,133,88,54,46,28,28,75,52,75,41,49,59,179,108,61,51,33,36,57,46
1400000US36081077907,"Census Tract 779.07, Queens County, New York",Queens,3294,586,1756,331,443,234,65,79,32,55,43,47,105,58,28,32,29,35,35,43,211,75,72,73,43,45,9,14,43,42,51,58,93,75,0,14,72,43,61,59,0,14,58,46,56,43,164,209,43,42,1538,323,120,90,183,117,17,28,45,54,9,14,26,29,0,14,53,46,230,90,73,46,45,55,100,68,19,20,47,51,82,53,62,51,61,69,0,14,42,37,203,210,17,24,16,25,88,71
1400000US36081077908,"Census Tract 779.08, Queens County, New York",Queens,3061,419,1703,253,186,151,61,58,85,83,44,40,170,76,31,38,73,66,120,94,161,116,73,54,49,74,27,32,115,100,72,55,57,47,73,86,105,96,49,63,63,69,32,42,12,19,0,14,45,49,1358,284,137,103,12,31,70,59,64,77,17,26,32,51,0,14,35,36,206,118,193,95,0,14,67,66,120,75,77,53,101,82,52,60,20,37,17,21,11,16,46,46,38,51,31,51,12,18
1400000US36081078800,"Census Tract 788, Queens County, New York",Queens,2183,459,1136,321,52,60,66,43,45,42,94,73,37,36,0,14,6,16,24,35,200,187,16,25,70,51,92,50,56,50,111,60,57,46,28,27,0,14,4,13,7,13,110,97,33,19,15,22,13,15,1047,212,23,27,12,2,120,65,88,64,86,44,15,22,18,23,56,51,59,69,48,33,64,39,64,43,60,51,49,42,56,50,30,31,19,30,12,17,68,54,8,12,41,36,42,38,9,13
1400000US36081079000,"Census Tract 790, Queens County, New York",Queens,3137,463,1577,263,65,63,119,81,76,69,12,12,148,114,23,26,0,14,62,48,88,58,103,67,93,61,163,91,51,33,177,102,151,76,37,31,14,16,0,14,10,16,74,57,59,91,2,3,50,52,1560,316,96,48,42,37,153,94,80,64,33,24,4,6,11,18,82,58,84,46,130,73,148,85,28,19,67,40,156,82,143,69,45,35,25,23,16,17,12,9,156,133,4,6,10,15,35,29
1400000US36081079200,"Census Tract 792, Queens County, New York",Queens,2732,428,1089,230,79,82,31,33,99,58,51,38,4,6,0,14,36,57,19,25,160,89,29,29,23,25,90,46,68,49,100,66,106,67,27,29,17,26,34,32,14,23,24,27,23,26,3,6,52,42,1643,335,66,55,34,25,157,114,64,60,26,27,32,28,30,34,132,104,124,128,151,79,100,64,108,66,83,54,66,49,154,69,17,27,13,22,30,25,2,5,65,45,125,140,19,21,45,36
1400000US36081079300,"Census Tract 793, Queens County, New York",Queens,0,14,0,14,0,14,0,14,0,14,0,14,0,14,0,14,0,14,0,14,0,14,0,14,0,14,0,14,0,14,0,14,0,14,0,14,0,14,0,14,0,14,0,14,0,14,0,14,0,14,0,14,0,14,0,14,0,14,0,14,0,14,0,14,0,14,0,14,0,14,0,14,0,14,0,14,0,14,0,14,0,14,0,14,0,14,0,14,0,14,0,14,0,14,0,14,0,14
1400000US36081079701,"Census Tract 797.01, Queens County, New York",Queens,6565,1140,3030,575,44,42,104,107,154,122,164,121,30,48,0,19,3,6,52,64,23,34,143,113,249,128,36,31,290,163,139,129,668,410,179,256,69,69,49,48,140,150,174,109,63,65,64,98,193,94,3535,682,77,95,189,117,156,121,74,80,0,19,0,19,0,19,107,87,103,93,76,61,187,153,262,124,205,119,444,472,467,326,188,163,58,50,43,35,157,126,238,97,180,114,154,111,170,108
1400000US36081079702,"Census Tract 797.02, Queens County, New York",Queens,3627,638,2019,547,12,21,231,206,189,114,19,25,44,71,0,14,17,27,80,91,41,58,93,97,115,81,342,344,157,78,71,55,162,110,38,41,49,54,49,55,70,60,115,110,28,33,77,100,20,31,1608,273,94,110,33,52,28,39,98,92,0,14,16,27,0,14,40,33,22,25,75,89,166,120,126,49,117,94,96,63,160,98,13,19,23,32,64,51,69,43,67,49,74,55,138,133,89,62
1400000US36081079900,"Census Tract 799, Queens County, New York",Queens,3151,726,1627,479,119,101,113,82,94,86,118,104,0,14,0,14,0,14,162,111,129,84,230,239,64,50,26,45,119,69,72,68,125,69,0,14,54,59,0,14,0,14,37,57,55,49,45,39,65,47,1524,401,56,69,46,58,185,109,24,42,122,197,24,42,20,41,51,43,80,68,117,78,58,45,86,85,73,48,64,51,59,83,10,16,129,86,36,41,20,32,0,14,114,84,99,51,51,50
1400000US36081080301,"Census Tract 803.01, Queens County, New York",Queens,3964,842,1770,409,130,110,184,145,141,105,97,74,0,14,0,14,0,14,6,9,37,36,147,88,247,146,101,86,165,101,226,111,81,85,28,38,45,75,22,32,20,24,25,30,43,44,14,23,11,18,2194,569,104,106,229,127,55,44,185,125,54,60,27,37,37,45,47,51,91,60,291,266,156,107,48,34,228,140,213,133,24,27,109,86,96,105,11,17,11,17,95,33,33,37,19,34,31,31
1400000US36081080302,"Census Tract 803.02, Queens County, New York",Queens,3616,773,1819,394,166,117,77,56,151,116,12,19,0,14,45,65,26,40,48,32,101,73,183,98,94,92,64,47,7,13,178,102,150,99,62,64,14,18,29,25,72,75,50,41,93,63,0,14,197,276,1797,430,50,75,156,85,77,57,12,19,3,11,0,14,16,25,30,47,233,108,83,82,66,63,79,49,160,104,122,79,112,80,58,53,29,33,41,64,36,26,100,56,60,47,237,360,37,34
1400000US36081080900,"Census Tract 809, Queens County, New York",Queens,7864,1044,3596,686,290,209,283,179,309,137,106,93,240,162,96,72,219,207,150,121,52,53,227,168,204,104,294,199,180,159,129,90,41,47,19,20,165,173,117,94,185,136,159,127,41,41,0,19,90,150,4268,571,299,198,308,247,209,210,356,267,97,51,46,60,100,88,184,84,86,72,176,123,494,201,113,77,172,153,284,129,141,109,70,81,351,205,79,62,105,82,217,114,150,114,128,151,103,169
1400000US36081081400,"Census Tract 814, Queens County, New York",Queens,3997,857,2205,607,39,44,144,95,57,64,276,249,66,55,6,9,29,38,51,61,176,125,268,232,93,74,108,83,79,76,248,115,85,65,101,89,73,69,82,84,44,51,19,29,71,68,64,97,26,30,1792,355,22,35,61,51,59,48,123,87,55,55,12,18,30,48,146,84,101,64,69,65,101,76,55,40,179,120,145,78,173,108,70,62,95,86,29,29,64,55,117,68,10,17,13,24,63,72
1400000US36081081800,"Census Tract 818, Queens County, New York",Queens,3739,707,2001,518,131,69,81,80,37,43,0,14,10,15,0,14,24,21,280,321,249,130,219,141,67,59,170,73,112,95,156,95,57,33,23,35,12,19,9,18,87,44,223,117,41,51,13,21,0,14,1738,352,95,81,156,116,101,84,9,15,9,14,0,14,0,14,35,33,230,163,92,85,70,51,75,54,58,61,87,57,161,61,82,63,121,60,42,36,82,68,123,74,80,59,15,20,15,25
1400000US36081083700,"Census Tract 837, Queens County, New York",Queens,5254,821,2641,466,22,24,176,135,38,42,15,17,15,19,12,15,30,37,169,142,200,143,265,154,220,101,183,147,145,88,175,81,234,98,123,77,57,50,32,30,56,56,147,99,212,145,67,77,48,43,2613,520,189,115,247,179,75,67,39,58,14,16,40,52,30,46,40,48,96,64,163,95,285,220,130,92,147,92,135,65,206,108,46,36,47,35,30,26,87,64,182,93,219,172,90,80,76,50
1400000US36081083800,"Census Tract 838, Queens County, New York",Queens,5291,790,2780,463,194,168,69,53,16,26,104,54,54,49,0,19,91,119,201,99,99,75,301,140,178,101,46,44,154,84,187,101,349,219,163,130,144,103,44,33,24,27,212,110,24,36,44,67,82,47,2511,494,133,90,111,109,58,57,14,21,26,31,21,33,108,106,82,55,164,94,276,158,66,33,280,244,205,94,116,67,184,106,113,134,123,96,64,59,77,54,151,94,66,51,0,19,73,47
1400000US36081084000,"Census Tract 840, Queens County, New York",Queens,6942,986,3543,621,97,130,204,194,145,149,120,85,156,136,0,19,50,48,256,161,378,185,276,133,56,59,191,139,113,113,191,153,505,191,52,67,171,137,108,115,30,39,246,146,185,153,13,19,0,19,3399,515,187,168,49,68,139,148,66,55,110,79,0,19,50,60,0,19,98,114,160,99,136,99,250,157,84,76,291,171,581,207,157,146,210,159,44,65,241,197,346,207,98,105,91,73,11,17
1400000US36081084500,"Census Tract 845, Queens County, New York",Queens,4460,807,2084,443,67,84,77,90,54,51,37,49,0,14,0,14,14,21,19,31,185,168,191,140,157,143,149,105,17,26,136,119,79,69,84,80,99,98,46,52,143,153,107,82,191,137,189,196,43,58,2376,512,83,88,0,14,94,89,54,52,0,14,0,14,0,14,57,69,191,122,232,215,44,52,107,70,38,40,147,117,288,163,51,50,67,71,102,133,78,101,138,79,198,152,258,150,149,120
1400000US36081084601,"Census Tract 846.01, Queens County, New York",Queens,2687,420,1382,242,63,40,18,16,44,36,61,72,0,14,26,36,0,14,28,26,95,65,60,40,74,51,160,83,190,116,103,57,123,76,66,48,6,9,36,32,57,51,38,24,46,42,66,49,22,27,1305,259,65,48,62,51,94,94,59,42,62,79,29,37,2,5,55,47,38,32,60,35,113,51,69,50,107,68,54,43,74,43,63,46,79,50,28,29,37,35,61,38,55,38,28,30,11,12
1400000US36081084602,"Census Tract 846.02, Queens County, New York",Queens,1600,497,836,251,32,65,64,72,93,137,31,32,0,14,0,14,0,14,58,37,118,117,58,47,86,96,13,24,48,41,47,50,43,56,44,43,18,19,21,23,5,7,48,54,0,14,9,14,0,14,764,396,116,179,0,14,56,69,28,32,0,14,31,42,7,10,20,32,170,172,36,31,19,24,84,96,47,65,57,41,27,34,0,14,41,33,5,7,0,14,12,12,8,13,0,14,0,14
1400000US36081084901,"Census Tract 849.01, Queens County, New York",Queens,3038,751,1583,517,17,28,83,79,54,63,0,14,29,45,0,14,0,14,84,101,47,51,144,114,121,70,132,111,215,140,261,335,62,63,20,31,38,43,23,38,75,79,115,83,17,27,46,54,0,14,1455,370,49,57,20,33,117,134,39,53,0,14,17,28,0,14,0,14,36,44,107,86,157,105,159,85,94,79,205,218,25,29,55,66,114,98,22,34,17,28,145,89,77,73,0,14,0,14
1400000US36081084902,"Census Tract 849.02, Queens County, New York",Queens,3774,805,1568,365,42,49,106,122,135,107,16,25,10,21,0,14,0,14,11,17,73,50,89,76,121,78,184,120,96,97,50,49,134,69,114,89,94,82,42,46,35,36,118,65,37,39,13,20,48,40,2206,584,0,14,17,28,123,94,36,36,9,20,29,35,0,14,0,14,27,32,144,96,167,117,324,394,87,84,183,81,454,421,97,78,143,77,34,30,54,57,167,106,0,14,15,24,96,67
1400000US36081085300,"Census Tract 853, Queens County, New York",Queens,4828,668,2493,467,47,78,72,75,86,77,51,62,0,14,42,66,11,20,49,51,115,96,78,74,268,140,10,19,131,89,128,115,172,116,148,162,524,444,28,39,92,67,122,97,100,96,83,132,136,126,2335,544,203,160,20,31,30,48,0,14,7,16,0,14,54,68,86,74,60,57,66,53,153,110,101,64,295,158,63,63,199,112,76,64,176,93,38,43,70,69,182,90,124,137,45,52,287,424
1400000US36081085500,"Census Tract 855, Queens County, New York",Queens,5807,1195,2329,498,257,310,186,145,26,41,10,22,23,37,0,19,0,19,78,70,186,145,161,99,116,91,79,78,337,224,181,135,143,97,24,38,76,64,2,3,69,65,192,157,22,35,115,134,46,52,3478,866,73,102,40,51,144,163,20,32,46,49,96,119,68,83,53,63,419,283,87,88,252,142,299,234,197,123,287,158,83,69,0,19,181,140,118,80,441,364,235,125,112,132,141,102,86,74
1400000US36081085700,"Census Tract 857, Queens County, New York",Queens,5814,852,2347,456,21,33,182,163,132,101,14,22,0,19,0,19,0,19,55,55,2,4,230,208,251,151,51,50,181,120,340,139,187,127,26,40,105,114,77,60,63,52,158,98,223,141,42,32,7,13,3467,570,64,62,0,19,112,107,226,152,28,32,143,129,77,111,205,168,18,27,205,149,239,160,172,101,167,112,372,209,381,157,22,45,183,123,77,77,25,23,241,136,87,93,156,128,267,189
1400000US36081085900,"Census Tract 859, Queens County, New York",Queens,5586,929,2540,421,112,47,141,151,38,51,94,102,78,109,10,22,52,60,1,4,98,100,332,160,183,151,26,32,142,90,282,227,133,109,155,118,112,105,88,81,71,83,128,112,159,120,83,76,22,36,3046,611,146,143,0,19,126,144,33,37,13,20,63,104,0,19,69,53,202,128,91,102,230,136,128,62,67,79,580,445,101,74,195,136,88,90,53,75,253,153,318,155,186,147,63,76,41,61
1400000US36081086100,"Census Tract 861, Queens County, New York",Queens,2007,399,1096,301,54,45,56,42,78,48,7,12,10,14,0,14,13,21,9,14,46,34,110,63,46,30,65,45,33,22,93,52,65,35,16,18,29,23,35,30,26,21,90,81,7,11,37,32,171,245,911,153,27,26,29,29,27,29,5,11,19,23,13,19,0,14,6,9,37,25,101,71,46,28,72,28,51,34,39,26,92,53,60,36,13,13,35,31,8,11,55,35,62,44,88,88,26,24
1400000US36081086300,"Census Tract 863, Queens County, New York",Queens,7479,1484,3613,868,33,49,126,131,208,162,25,41,93,77,0,19,0,19,248,234,180,201,336,249,182,183,274,178,261,165,507,371,202,126,132,180,255,150,118,112,138,105,16,98,154,182,111,138,14,31,3866,805,74,94,228,205,112,201,140,123,74,88,0,19,0,19,188,159,103,87,189,165,169,131,313,186,245,151,434,230,175,171,381,209,203,127,75,84,159,134,312,255,154,153,138,61,0,19
1400000US36081086400,"Census Tract 864, Queens County, New York",Queens,2884,389,1342,197,12,18,86,56,25,27,13,14,30,36,0,14,36,33,140,84,116,52,48,44,63,60,103,69,75,49,117,54,166,68,7,11,36,36,58,57,101,82,75,33,33,37,0,14,2,3,1542,298,51,66,72,57,120,83,54,57,20,25,35,43,36,42,133,82,129,59,131,84,73,59,69,44,89,46,139,63,113,62,38,49,62,46,27,23,12,17,44,49,79,46,16,23,0,14
1400000US36081086500,"Census Tract 865, Queens County, New York",Queens,4679,642,2108,377,54,65,29,42,23,30,112,107,0,14,16,26,65,51,29,44,96,114,117,88,230,131,185,125,191,140,102,93,287,172,81,60,41,52,0,14,0,14,45,52,107,109,147,154,151,111,2571,510,8,28,53,56,6,24,17,28,0,14,0,14,0,14,33,40,92,112,398,373,256,155,35,41,124,98,311,234,286,143,32,47,72,51,0,14,67,72,185,145,25,40,309,201,262,189
1400000US36081086900,"Census Tract 869, Queens County, New York",Queens,1980,355,1087,260,32,40,10,14,0,14,45,19,0,14,9,20,8,12,30,39,66,39,205,214,60,51,50,48,73,52,120,53,50,37,36,31,62,46,48,39,20,23,127,155,7,12,14,21,15,16,893,201,92,52,9,13,13,15,13,19,17,29,5,18,0,14,46,52,67,45,172,91,30,32,49,36,27,21,72,37,101,56,10,15,74,46,0,14,14,21,16,18,18,23,46,41,2,3
1400000US36081087100,"Census Tract 871, Queens County, New York",Queens,5400,545,3032,386,203,138,17,26,199,235,50,72,22,36,0,19,6,9,58,70,691,339,319,152,272,171,106,92,101,79,26,28,128,87,135,72,92,65,147,116,176,169,189,118,39,53,34,39,22,34,2368,402,168,145,60,72,24,46,0,19,40,37,0,19,17,26,170,238,135,110,322,154,312,173,57,69,97,70,231,126,0,19,13,20,128,86,64,59,180,120,125,101,92,61,79,54,54,58
1400000US36081088400,"Census Tract 884, Queens County, New York",Queens,8995,1340,4541,846,345,225,333,210,236,163,99,105,132,145,0,19,0,19,66,69,177,152,220,147,336,181,185,139,142,165,333,166,302,339,446,246,227,138,132,118,202,137,261,143,126,104,82,91,159,161,4454,683,351,198,348,177,204,148,33,37,106,116,5,14,0,19,0,19,143,126,222,145,296,149,176,122,210,144,122,120,398,141,60,60,358,201,448,356,128,86,222,112,65,80,202,196,357,250
1400000US36081088902,"Census Tract 889.02, Queens County, New York",Queens,6357,866,3066,516,96,106,102,100,18,36,29,42,0,19,0,19,71,114,116,67,135,137,324,172,215,191,151,143,190,219,231,120,460,220,73,63,139,156,150,111,132,136,177,103,101,156,94,74,62,77,3291,569,27,50,31,54,125,125,241,198,101,130,44,54,19,35,45,59,157,118,300,156,344,149,210,196,165,98,205,160,339,152,172,149,157,146,27,47,273,141,202,165,56,56,0,19,51,68
1400000US36081088903,"Census Tract 889.03, Queens County, New York",Queens,4707,906,2376,611,23,26,52,37,0,14,233,226,0,14,0,14,0,14,19,21,52,52,122,86,359,378,22,28,256,196,83,46,109,57,152,205,104,66,143,119,77,79,202,137,201,96,36,25,131,119,2331,644,6,12,7,16,183,254,32,25,52,62,20,23,0,14,46,35,30,27,183,124,59,46,90,80,493,359,72,66,148,111,39,61,153,113,27,30,86,73,276,154,77,46,146,138,106,91
1400000US36081089201,"Census Tract 892.01, Queens County, New York",Queens,9116,1661,4439,1105,259,186,592,503,453,294,73,88,63,91,3,24,15,31,20,24,178,117,177,128,262,226,528,310,315,159,303,303,98,97,250,192,98,79,60,61,131,103,165,124,137,105,75,75,184,144,4677,823,508,302,426,290,222,171,51,91,103,142,0,19,0,19,82,94,127,92,262,146,163,191,439,279,226,144,242,172,357,175,66,63,191,124,117,113,109,87,244,158,276,148,81,79,385,156
1400000US36081089202,"Census Tract 892.02, Queens County, New York",Queens,0,14,0,14,0,14,0,14,0,14,0,14,0,14,0,14,0,14,0,14,0,14,0,14,0,14,0,14,0,14,0,14,0,14,0,14,0,14,0,14,0,14,0,14,0,14,0,14,0,14,0,14,0,14,0,14,0,14,0,14,0,14,0,14,0,14,0,14,0,14,0,14,0,14,0,14,0,14,0,14,0,14,0,14,0,14,0,14,0,14,0,14,0,14,0,14,0,14
1400000US36081090700,"Census Tract 907, Queens County, New York",Queens,1533,283,797,220,4,10,53,36,47,42,28,30,55,48,3,7,20,28,17,18,15,18,40,38,30,37,23,22,35,43,60,33,69,54,36,35,26,24,19,20,139,157,15,19,31,21,24,37,8,11,736,99,3,10,80,61,73,55,11,19,0,14,9,12,0,14,19,27,41,40,52,42,48,47,68,48,76,45,21,34,67,59,34,32,31,19,9,12,16,15,19,21,30,24,22,35,7,12
1400000US36081091602,"Census Tract 916.02, Queens County, New York",Queens,16,23,11,16,0,14,0,14,0,14,0,14,0,14,0,14,0,14,5,8,0,14,0,14,0,14,0,14,0,14,6,8,0,14,0,14,0,14,0,14,0,14,0,14,0,14,0,14,0,14,5,7,0,14,0,14,0,14,0,14,0,14,0,14,0,14,0,14,0,14,0,14,0,14,0,14,0,14,5,7,0,14,0,14,0,14,0,14,0,14,0,14,0,14,0,14,0,14
1400000US36081091603,"Census Tract 916.03, Queens County, New York",Queens,4413,868,2035,628,127,92,89,42,0,14,64,58,27,44,0,14,0,14,190,212,220,202,57,50,75,35,37,44,111,68,149,123,240,216,112,73,77,56,54,45,40,35,130,73,91,57,72,52,73,65,2378,348,60,63,174,100,204,143,44,42,33,53,9,14,0,14,75,54,22,24,67,56,152,69,114,83,133,87,151,98,293,186,27,24,107,65,22,25,89,50,197,87,185,81,149,88,71,45
1400000US36081091604,"Census Tract 916.04, Queens County, New York",Queens,0,14,0,14,0,14,0,14,0,14,0,14,0,14,0,14,0,14,0,14,0,14,0,14,0,14,0,14,0,14,0,14,0,14,0,14,0,14,0,14,0,14,0,14,0,14,0,14,0,14,0,14,0,14,0,14,0,14,0,14,0,14,0,14,0,14,0,14,0,14,0,14,0,14,0,14,0,14,0,14,0,14,0,14,0,14,0,14,0,14,0,14,0,14,0,14,0,14
1400000US36081091800,"Census Tract 918, Queens County, New York",Queens,8,12,4,6,0,14,0,14,0,14,0,14,0,14,0,14,0,14,0,14,0,14,0,14,0,14,0,14,0,14,0,14,0,14,0,14,0,14,0,14,4,6,0,14,0,14,0,14,0,14,4,6,0,14,0,14,0,14,0,14,0,14,0,14,0,14,0,14,0,14,0,14,0,14,0,14,0,14,0,14,0,14,0,14,0,14,0,14,0,14,0,14,0,14,0,14,4,6
1400000US36081091900,"Census Tract 919, Queens County, New York",Queens,5235,986,2827,582,181,140,233,177,192,142,161,147,61,48,45,54,48,53,58,66,154,78,237,135,76,59,88,90,149,109,65,56,285,144,89,63,69,48,95,80,263,249,101,46,64,43,87,74,26,26,2408,547,23,39,69,63,144,130,0,19,4,8,30,47,0,19,35,52,128,84,170,112,202,117,147,103,115,66,156,86,143,64,39,45,42,43,44,48,280,278,164,85,121,67,79,54,273,138
1400000US36081092200,"Census Tract 922, Queens County, New York",Queens,2338,338,1032,171,53,36,91,88,0,14,43,42,34,44,0,14,14,20,27,22,53,34,38,34,82,57,52,34,41,33,141,64,64,57,22,26,74,54,19,16,62,41,20,17,35,31,6,8,61,55,1306,263,123,84,94,40,160,101,57,39,36,37,1,3,12,14,55,51,62,37,21,24,80,50,109,55,38,31,111,52,80,50,14,14,109,43,7,10,39,24,24,19,26,31,8,12,40,34
1400000US36081092500,"Census Tract 925, Queens County, New York",Queens,3799,771,1914,515,1,2,65,77,246,183,243,146,98,152,23,36,53,59,53,90,76,62,62,53,105,81,140,105,119,86,75,68,132,111,64,59,67,63,1,3,154,108,11,17,83,73,12,21,31,47,1885,351,28,32,273,159,65,58,92,69,34,51,0,14,0,14,63,65,48,46,48,39,160,98,213,166,145,117,132,89,161,102,79,68,20,33,62,71,82,69,70,59,38,39,41,51,31,39
1400000US36081092800,"Census Tract 928, Queens County, New York",Queens,3341,693,1740,454,60,42,108,70,73,93,10,19,52,52,11,18,34,52,140,143,94,93,73,63,58,37,84,52,93,61,57,54,196,178,77,69,57,75,34,34,29,25,257,132,116,49,0,14,27,40,1601,341,153,103,103,79,123,83,41,37,16,20,5,13,0,14,5,9,82,92,24,29,155,84,38,29,55,52,58,47,111,84,88,72,16,19,68,51,89,54,253,123,44,33,12,19,62,48
1400000US36081092900,"Census Tract 929, Queens County, New York",Queens,7003,1475,3514,954,414,375,91,73,108,68,80,96,61,78,13,22,186,203,144,134,279,145,184,112,194,201,121,115,141,77,362,249,123,118,147,94,71,96,107,98,67,61,472,368,0,19,149,139,0,19,3489,699,176,157,159,107,156,143,195,243,16,27,0,19,0,19,86,53,371,166,323,214,262,146,152,137,119,95,418,232,273,141,38,46,151,129,137,111,76,93,247,172,62,78,53,76,19,33
1400000US36081093401,"Census Tract 934.01, Queens County, New York",Queens,4231,842,1867,404,108,76,96,116,59,54,64,57,55,38,17,23,0,14,12,21,51,45,88,66,249,161,193,149,133,93,171,127,65,54,23,36,72,46,54,56,117,56,135,69,79,71,18,22,8,13,2364,522,190,93,224,118,305,225,113,109,12,21,0,14,0,14,0,14,19,22,169,110,219,144,123,80,150,111,35,35,107,53,21,32,82,66,91,67,175,78,115,62,112,52,61,56,41,35
1400000US36081093402,"Census Tract 934.02, Queens County, New York",Queens,4165,846,2150,400,336,199,59,62,115,99,15,22,0,14,0,14,0,14,13,21,82,61,124,81,238,143,140,97,164,144,118,64,136,96,57,64,168,99,57,64,103,80,110,82,91,65,22,27,2,9,2015,579,94,68,176,109,201,209,69,115,48,79,0,14,0,14,61,89,82,72,94,77,239,123,123,80,93,52,102,80,127,103,79,63,50,44,132,85,31,30,116,75,45,33,0,14,53,52
1400000US36081093800,"Census Tract 938, Queens County, New York",Queens,5001,888,2408,614,137,154,174,162,3,19,16,13,2,4,5,17,1,14,43,67,121,119,124,120,135,97,129,121,105,108,302,247,305,194,81,92,99,81,45,72,116,102,56,58,285,181,37,34,87,79,2593,528,226,183,173,167,41,62,74,113,54,83,51,77,0,19,48,59,64,102,165,160,226,164,255,188,151,125,149,120,103,93,33,37,172,95,27,38,31,29,148,107,93,63,202,143,107,65
1400000US36081093900,"Census Tract 939, Queens County, New York",Queens,5819,1251,3063,775,338,313,149,125,281,165,167,130,85,91,0,19,0,19,82,57,175,193,284,161,218,145,161,118,193,141,81,58,114,86,87,91,132,99,27,45,116,103,259,130,41,52,17,26,56,68,2756,553,145,117,120,140,151,77,101,113,100,105,15,23,177,233,171,159,152,120,121,121,165,131,233,111,80,56,280,148,253,126,29,44,48,49,1,3,74,63,47,62,124,117,146,95,23,30
1400000US36081094201,"Census Tract 942.01, Queens County, New York",Queens,3533,629,1421,260,41,47,155,86,91,85,15,22,45,43,0,14,30,48,0,14,47,54,112,100,57,86,82,68,216,115,108,78,45,28,5,6,75,56,32,26,75,68,91,55,73,56,20,31,6,11,2112,537,79,81,236,171,134,109,63,75,76,76,14,31,0,14,57,66,79,65,69,47,262,170,164,93,111,88,110,78,104,101,6,13,150,96,44,44,102,66,139,93,11,13,23,21,79,56
1400000US36081094202,"Census Tract 942.02, Queens County, New York",Queens,5623,751,2434,446,210,148,213,134,232,125,164,98,51,40,0,19,9,16,109,61,184,139,261,150,108,71,86,47,99,78,161,82,156,79,205,184,61,47,0,19,38,47,12,17,14,21,61,65,0,19,3189,512,107,80,291,160,331,167,211,122,87,54,9,17,15,24,121,121,213,120,124,82,420,138,120,56,166,77,253,118,187,90,31,33,159,174,26,27,85,65,76,46,137,175,20,25,0,19
1400000US36081094203,"Census Tract 942.03, Queens County, New York",Queens,5730,847,2217,405,143,132,98,69,17,28,91,78,0,19,11,17,0,19,62,74,94,77,0,19,170,184,151,93,175,189,98,84,149,109,50,50,183,141,39,62,85,81,278,138,110,91,74,78,139,186,3513,745,44,49,179,106,273,246,98,87,161,169,108,111,0,19,0,19,161,128,46,56,135,98,136,107,238,137,223,111,370,289,19,31,193,193,30,36,230,149,251,144,96,81,361,195,161,139
1400000US36081094500,"Census Tract 945, Queens County, New York",Queens,3958,594,1809,317,109,88,111,88,108,72,76,59,0,14,2,4,20,26,83,56,60,45,134,82,105,83,88,65,69,49,113,87,96,60,31,48,57,42,117,70,81,48,132,90,41,36,27,32,149,83,2149,495,137,73,39,50,50,58,73,90,15,24,0,14,56,70,0,14,91,39,101,59,92,57,134,78,109,96,165,70,147,84,62,50,94,61,59,45,52,53,355,351,105,87,83,53,130,74
1400000US36081094700,"Census Tract 947, Queens County, New York",Queens,2773,534,1483,390,103,72,59,63,74,43,75,56,148,186,81,121,7,10,5,9,79,80,150,80,167,83,22,32,120,50,139,77,50,33,20,28,65,52,18,22,21,21,39,31,9,14,16,24,16,16,1290,202,19,20,85,50,80,36,58,56,42,42,30,33,7,11,24,17,86,54,71,52,163,70,125,98,106,48,58,41,30,35,48,33,40,34,28,33,39,30,65,53,42,25,18,17,26,24
1400000US36081095400,"Census Tract 954, Queens County, New York",Queens,7184,1217,3642,701,315,195,439,201,244,153,128,110,81,98,0,19,48,91,239,157,360,227,171,82,236,159,243,143,303,170,56,57,129,87,176,108,155,141,25,33,40,46,196,154,19,15,29,39,10,25,3542,659,72,81,306,200,628,359,100,70,86,101,0,19,7,13,166,99,186,100,196,122,265,158,280,152,273,177,175,107,181,132,90,56,141,107,64,76,5,8,201,162,15,12,45,48,60,50
1400000US36081096400,"Census Tract 964, Queens County, New York",Queens,6865,878,3380,422,201,133,307,138,218,124,123,142,23,37,0,19,0,19,249,184,216,128,270,140,305,224,146,101,298,123,254,186,178,127,34,50,184,129,55,55,147,169,38,36,68,63,32,40,34,41,3485,574,155,104,281,183,197,152,218,164,78,112,15,26,0,19,112,89,68,112,247,153,380,213,232,138,264,146,306,144,262,95,48,52,61,76,53,66,18,25,183,179,66,53,150,103,91,89
1400000US36081097202,"Census Tract 972.02, Queens County, New York",Queens,3479,817,1582,514,130,94,214,234,144,133,153,78,124,165,32,36,20,36,165,192,111,152,162,168,68,80,41,45,24,35,28,46,69,54,9,14,23,37,22,34,0,14,0,14,26,42,17,25,0,14,1897,446,178,166,85,68,194,140,210,136,27,43,40,45,0,14,26,29,100,77,64,57,120,123,225,108,39,49,64,55,101,74,60,68,115,80,43,45,87,91,5,8,24,35,33,36,57,59
1400000US36081097204,"Census Tract 972.04, Queens County, New York",Queens,4254,681,1924,429,62,72,186,240,343,254,61,79,81,66,13,22,22,36,2,15,77,93,26,34,79,65,87,65,87,84,110,84,109,45,50,24,116,70,99,84,86,49,113,66,55,41,37,33,23,28,2330,388,0,14,166,211,138,101,89,66,48,35,4,7,26,25,55,44,76,63,140,99,83,73,199,171,200,118,260,136,84,59,64,70,72,76,129,37,97,53,210,126,79,48,51,38,60,56
1400000US36081097205,"Census Tract 972.05, Queens County, New York",Queens,3318,293,1192,228,79,79,131,162,157,152,52,60,172,81,0,14,0,14,70,76,73,76,25,32,36,57,51,69,51,53,132,79,9,14,0,14,62,62,22,37,0,14,19,32,18,31,33,52,0,14,2126,275,156,118,74,96,251,117,78,63,93,106,0,14,21,33,156,82,165,95,74,86,87,66,43,47,159,115,254,165,97,72,22,35,150,134,68,50,8,14,76,56,24,25,70,66,0,14
1400000US36081097206,"Census Tract 972.06, Queens County, New York",Queens,2635,596,1028,319,0,14,13,23,83,73,24,34,18,29,0,14,0,14,239,265,48,58,52,59,13,21,0,14,110,166,0,14,42,46,76,114,0,14,87,86,132,130,0,14,70,89,21,34,0,14,1607,443,89,78,84,81,68,107,24,39,0,14,0,14,0,14,24,40,75,63,61,62,51,61,44,70,64,55,369,333,148,123,109,109,168,125,51,62,0,14,19,32,113,131,18,23,28,43
1400000US36081097207,"Census Tract 972.07, Queens County, New York",Queens,0,14,0,14,0,14,0,14,0,14,0,14,0,14,0,14,0,14,0,14,0,14,0,14,0,14,0,14,0,14,0,14,0,14,0,14,0,14,0,14,0,14,0,14,0,14,0,14,0,14,0,14,0,14,0,14,0,14,0,14,0,14,0,14,0,14,0,14,0,14,0,14,0,14,0,14,0,14,0,14,0,14,0,14,0,14,0,14,0,14,0,14,0,14,0,14,0,14
1400000US36081097300,"Census Tract 973, Queens County, New York",Queens,2116,338,962,154,40,30,11,11,73,41,40,34,20,29,0,14,0,14,35,21,20,20,61,36,10,14,87,30,67,46,51,31,69,36,40,43,36,26,74,100,18,19,65,46,53,45,31,22,61,45,1154,219,4,7,73,35,39,30,19,20,31,47,26,37,0,14,60,34,27,20,109,93,13,16,55,23,59,57,125,60,82,46,46,25,86,70,52,54,26,22,29,20,48,28,99,59,46,27
1400000US36081098100,"Census Tract 981, Queens County, New York",Queens,2486,333,1217,178,22,23,63,45,47,31,21,19,20,21,5,9,61,41,70,48,36,22,96,58,76,44,56,35,96,45,94,49,190,85,34,41,76,38,7,11,25,23,51,50,46,29,25,22,0,14,1269,191,75,53,59,58,30,36,30,25,11,12,12,15,46,47,43,38,63,47,121,103,51,31,83,45,119,60,57,41,168,90,25,22,34,27,24,18,54,47,30,24,85,40,34,29,15,15
1400000US36081098700,"Census Tract 987, Queens County, New York",Queens,2591,353,1403,247,118,43,93,58,60,46,26,24,49,46,0,14,12,17,81,48,50,55,58,59,138,55,66,36,93,45,49,35,118,62,76,67,19,22,19,20,68,50,102,49,69,52,11,13,28,32,1188,165,16,17,65,48,46,40,25,23,0,14,0,14,3,6,41,45,116,50,66,60,47,32,78,50,58,40,207,83,55,31,36,35,28,18,36,27,30,20,104,46,45,34,63,65,23,26
1400000US36081099100,"Census Tract 991, Queens County, New York",Queens,7613,1355,3326,755,218,165,22,36,419,328,100,64,24,39,0,19,22,35,140,126,70,57,209,164,104,97,167,128,122,157,128,90,227,126,144,142,182,125,62,59,273,195,147,81,187,119,292,217,67,53,4287,735,124,97,333,330,219,174,101,125,48,75,18,29,0,19,127,109,151,127,200,117,260,194,160,123,161,173,227,132,337,161,103,112,236,156,93,78,112,73,378,164,318,119,261,158,320,239
1400000US36081099200,"Census Tract 992, Queens County, New York",Queens,4359,696,2059,393,208,150,144,124,219,220,162,126,175,102,0,14,37,57,71,53,120,95,82,81,44,41,86,84,120,80,59,56,0,14,5,15,101,83,73,66,63,77,144,106,99,73,42,37,5,15,2300,535,232,111,173,93,95,55,61,63,80,80,0,14,0,14,74,33,103,62,217,148,166,145,105,98,131,64,386,321,27,39,78,80,85,84,17,27,74,90,81,85,72,74,21,22,22,18
1400000US36081099701,"Census Tract 997.01, Queens County, New York",Queens,2507,456,1205,238,117,126,39,34,46,43,18,28,0,14,0,14,0,14,53,61,120,78,69,39,107,104,54,52,13,20,91,104,103,57,0,14,14,23,25,22,106,59,101,62,48,44,54,64,27,25,1302,261,97,105,51,42,81,97,24,29,0,14,0,14,12,18,5,8,55,48,13,20,113,96,43,37,68,72,117,95,134,71,39,36,66,60,20,24,55,44,162,65,55,62,81,62,11,18
1400000US36081099703,"Census Tract 997.03, Queens County, New York",Queens,3931,501,1770,294,105,70,48,64,111,67,115,89,11,19,0,14,0,14,8,15,10,26,65,58,80,59,269,155,194,123,110,85,134,50,42,40,36,33,30,35,78,71,76,41,127,55,100,50,21,34,2161,292,126,53,126,118,106,76,25,29,34,44,0,14,31,39,41,61,42,41,43,35,150,37,101,61,134,107,169,80,203,106,40,45,81,43,34,32,151,90,155,64,157,67,131,81,81,61
1400000US36081099704,"Census Tract 997.04, Queens County, New York",Queens,7118,1516,3329,843,92,78,197,114,55,50,285,332,39,45,0,19,0,19,20,32,89,79,128,84,96,63,164,90,61,47,304,197,486,360,16,26,202,118,91,85,234,153,238,126,165,106,104,91,263,141,3789,814,51,50,88,76,86,46,14,22,0,19,0,19,0,19,377,520,54,47,306,156,74,58,151,98,181,85,314,260,228,111,97,82,250,159,151,85,210,123,416,182,155,94,259,131,327,148
1400000US36081099705,"Census Tract 997.05, Queens County, New York",Queens,2813,624,1417,403,55,48,33,46,35,39,39,64,74,57,0,14,0,14,29,48,88,72,203,113,27,30,53,45,110,89,86,74,131,123,70,66,58,59,43,53,59,39,51,53,88,59,45,34,40,37,1396,325,0,14,0,14,62,46,0,14,24,37,0,14,0,14,13,19,65,68,241,198,154,68,0,14,55,51,80,58,155,91,46,39,71,56,20,31,55,38,223,95,72,52,3,30,57,53
1400000US36081099801,"Census Tract 998.01, Queens County, New York",Queens,9023,1782,4162,1224,225,200,430,321,293,326,26,42,63,67,0,19,55,83,224,146,309,246,269,164,262,184,138,93,357,247,323,201,392,245,175,138,39,48,28,25,256,136,85,66,149,110,38,43,26,31,4861,960,210,239,46,50,227,213,142,139,155,201,0,19,70,93,0,19,509,286,227,166,56,69,425,215,364,227,165,119,560,320,220,149,480,189,250,214,158,113,208,148,205,144,29,29,155,123
1400000US36081099802,"Census Tract 998.02, Queens County, New York",Queens,5375,958,2279,536,0,19,53,82,193,151,74,69,70,85,26,41,0,19,103,123,177,165,133,172,216,208,88,102,110,108,95,107,263,194,76,124,92,93,0,19,151,118,0,19,214,176,74,71,71,94,3096,653,382,270,0,19,39,65,126,133,75,98,1,2,23,38,51,81,286,198,149,181,145,130,42,68,120,129,145,115,138,127,174,134,167,138,0,19,161,173,204,115,292,191,281,189,95,81
1400000US36081099900,"Census Tract 999, Queens County, New York",Queens,0,14,0,14,0,14,0,14,0,14,0,14,0,14,0,14,0,14,0,14,0,14,0,14,0,14,0,14,0,14,0,14,0,14,0,14,0,14,0,14,0,14,0,14,0,14,0,14,0,14,0,14,0,14,0,14,0,14,0,14,0,14,0,14,0,14,0,14,0,14,0,14,0,14,0,14,0,14,0,14,0,14,0,14,0,14,0,14,0,14,0,14,0,14,0,14,0,14
1400000US36081100801,"Census Tract 1008.01, Queens County, New York",Queens,2911,787,1474,505,0,14,104,73,198,120,75,97,10,16,57,75,0,14,0,14,53,47,30,34,121,121,147,138,254,218,51,43,66,52,14,21,34,44,68,58,0,14,70,49,18,22,90,64,14,16,1437,348,44,47,129,87,85,62,64,44,0,14,52,61,0,14,86,91,100,87,32,38,137,87,127,84,111,101,25,37,56,45,63,55,38,37,54,48,19,21,105,76,73,64,8,12,29,22
1400000US36081100803,"Census Tract 1008.03, Queens County, New York",Queens,4732,845,2226,513,282,178,164,109,362,195,56,44,25,43,0,14,0,14,63,40,211,140,238,111,177,110,12,20,50,38,171,115,44,53,84,79,29,45,0,14,114,73,60,56,50,43,0,14,34,47,2506,418,176,162,53,50,225,132,54,52,22,36,106,85,0,14,196,136,88,91,64,69,210,126,151,72,162,91,157,90,96,67,50,58,120,71,99,76,121,119,185,102,55,61,93,89,23,27
1400000US36081100804,"Census Tract 1008.04, Queens County, New York",Queens,5308,1011,2763,645,143,112,345,254,485,218,140,143,36,39,130,200,0,19,0,19,31,49,245,213,167,142,128,81,94,109,225,133,84,63,67,74,64,72,61,68,136,76,101,85,42,56,39,53,0,19,2545,612,213,187,141,146,105,98,129,109,110,118,121,132,27,44,167,145,185,151,57,45,237,160,135,72,92,109,173,126,244,138,13,21,118,62,143,96,0,19,36,42,63,90,36,49,0,19
1400000US36081101002,"Census Tract 1010.02, Queens County, New York",Queens,6112,1328,3398,781,205,145,507,373,670,320,276,104,9,20,14,24,0,19,41,40,82,61,62,74,56,77,291,299,252,146,139,102,115,93,35,40,134,109,44,33,131,92,66,54,113,111,28,31,128,78,2714,705,182,188,332,181,495,309,161,118,91,82,18,29,22,25,46,48,41,66,130,132,98,112,234,127,106,99,136,101,95,83,20,26,61,66,11,17,130,87,34,39,115,88,109,83,47,40
1400000US36081101003,"Census Tract 1010.03, Queens County, New York",Queens,4533,911,2234,444,314,162,178,159,257,150,115,102,45,47,27,39,28,42,31,47,61,67,44,62,154,132,45,49,307,358,151,132,65,66,5,10,13,18,52,63,120,76,71,47,74,78,0,14,77,61,2299,665,331,294,139,144,166,156,68,106,24,38,0,14,0,14,69,88,47,52,193,254,116,109,309,430,175,116,71,63,99,93,29,41,15,26,28,43,47,56,98,59,89,76,132,111,54,57
1400000US36081101004,"Census Tract 1010.04, Queens County, New York",Queens,6314,989,3344,704,129,126,246,154,203,196,186,193,128,85,24,38,234,318,255,166,91,106,211,157,290,154,121,100,67,79,92,67,132,79,92,118,97,97,46,43,134,106,89,65,198,179,152,123,127,77,2970,484,185,144,115,129,107,98,118,110,39,40,7,14,59,96,80,68,56,63,54,63,209,183,124,115,186,130,177,170,355,162,16,23,122,98,156,187,222,148,172,134,143,85,63,56,205,133
1400000US36081101700,"Census Tract 1017, Queens County, New York",Queens,6826,971,3019,569,157,143,149,128,245,218,62,55,0,19,99,96,0,19,85,87,128,89,187,150,76,62,61,52,377,236,113,92,242,164,241,156,161,140,97,65,141,118,133,85,158,108,33,55,74,51,3807,654,134,159,235,186,142,126,107,102,126,134,65,64,0,19,176,153,149,95,198,129,147,93,192,142,291,168,252,121,67,58,175,120,213,112,205,215,110,67,358,148,135,108,212,127,118,101
1400000US36081102900,"Census Tract 1029, Queens County, New York",Queens,3814,588,1879,420,44,72,33,45,44,45,64,74,10,16,2,4,72,70,76,78,137,81,101,105,302,213,110,96,23,29,137,99,136,82,141,100,135,80,0,14,118,86,69,60,39,38,55,64,31,34,1935,313,79,80,39,56,169,93,109,83,29,31,50,55,34,35,72,63,23,24,94,84,111,75,131,78,116,83,205,172,230,94,108,93,51,41,27,39,78,56,27,27,61,65,14,14,78,33
1400000US36081103201,"Census Tract 1032.01, Queens County, New York",Queens,6296,947,2777,484,267,135,345,197,306,241,306,171,43,49,71,76,17,28,93,83,262,184,16,41,138,137,227,185,26,42,171,119,56,79,49,71,86,110,154,148,72,70,1,3,69,109,2,15,0,19,3519,728,311,243,152,157,269,205,178,190,381,294,77,125,0,19,28,46,228,170,162,109,420,183,240,179,117,116,179,155,428,228,99,109,115,83,44,44,2,4,45,57,16,28,0,19,28,37
1400000US36081103202,"Census Tract 1032.02, Queens County, New York",Queens,7864,1510,3685,908,531,391,420,223,341,220,66,73,61,79,0,19,0,19,167,106,394,315,211,178,72,71,80,100,66,67,459,271,95,78,138,147,76,107,39,46,69,59,195,125,146,93,29,30,30,38,4179,868,517,437,250,232,244,171,183,179,111,130,265,171,0,19,173,120,487,336,196,166,170,122,188,133,130,138,278,137,131,103,223,254,78,85,102,130,57,56,90,63,207,132,19,24,80,74
1400000US36081103300,"Census Tract 1033, Queens County, New York",Queens,4387,643,2276,348,57,71,227,127,59,66,114,70,98,66,29,34,0,14,42,44,91,50,48,47,160,101,186,89,163,84,109,77,175,144,78,61,85,67,102,81,129,90,15,21,125,109,65,54,119,83,2111,433,85,90,172,123,37,46,37,41,13,20,26,30,10,16,0,14,109,58,197,88,74,50,67,28,154,86,158,120,233,82,95,54,75,61,64,93,79,51,318,256,36,40,3,16,69,54
1400000US36081103900,"Census Tract 1039, Queens County, New York",Queens,6540,1055,2981,554,369,249,182,157,160,142,74,89,82,75,49,71,13,28,38,60,140,123,208,142,99,123,209,126,260,107,155,106,75,83,46,51,89,64,46,66,76,94,424,289,97,73,90,96,0,19,3559,737,52,86,210,171,127,87,56,89,78,73,138,130,22,34,130,100,525,311,165,131,354,218,65,54,80,70,221,157,270,127,122,94,122,116,105,89,308,132,161,116,60,59,149,133,39,46
1400000US36081104700,"Census Tract 1047, Queens County, New York",Queens,6679,1379,2610,552,22,36,160,114,0,19,78,82,0,19,0,19,0,19,20,26,94,118,124,111,261,76,41,65,202,160,302,305,220,131,143,111,200,153,229,156,166,119,198,128,107,83,18,29,25,33,4069,953,98,85,49,46,257,183,70,63,23,32,99,127,17,28,236,157,304,392,59,53,211,132,255,152,109,119,168,158,834,443,173,126,170,116,143,123,192,116,200,139,294,172,33,41,75,78
1400000US36081105900,"Census Tract 1059, Queens County, New York",Queens,3641,833,1837,451,75,66,230,140,154,135,56,53,65,60,0,14,1,2,50,51,49,50,59,45,57,60,85,51,200,200,217,154,66,53,101,74,79,51,90,73,50,60,11,18,41,35,56,69,45,43,1804,466,5,9,36,54,153,157,134,115,16,26,0,14,35,31,87,54,61,53,61,46,111,78,100,95,173,156,141,73,137,79,89,48,25,26,0,14,47,34,101,62,54,41,128,96,110,71
1400000US36081107201,"Census Tract 1072.01, Queens County, New York",Queens,2294,426,1180,202,54,50,51,48,6,10,17,18,0,14,4,6,12,17,80,49,91,51,51,44,21,21,57,39,102,59,112,84,123,84,90,54,48,40,30,23,54,46,151,92,14,13,12,13,0,14,1114,288,84,56,37,43,43,46,44,45,42,46,0,14,1,3,60,81,77,83,39,29,40,31,51,35,67,51,101,48,106,45,49,33,67,67,69,62,26,24,72,40,17,19,16,16,6,10
1400000US36081107202,"Census Tract 1072.02, Queens County, New York",Queens,0,14,0,14,0,14,0,14,0,14,0,14,0,14,0,14,0,14,0,14,0,14,0,14,0,14,0,14,0,14,0,14,0,14,0,14,0,14,0,14,0,14,0,14,0,14,0,14,0,14,0,14,0,14,0,14,0,14,0,14,0,14,0,14,0,14,0,14,0,14,0,14,0,14,0,14,0,14,0,14,0,14,0,14,0,14,0,14,0,14,0,14,0,14,0,14,0,14
1400000US36081108500,"Census Tract 1085, Queens County, New York",Queens,2795,404,1283,221,39,46,45,50,89,51,40,39,16,20,0,14,6,10,6,9,75,40,52,41,94,53,43,31,89,55,44,33,197,173,27,24,76,33,42,29,97,77,72,30,50,29,49,27,35,42,1512,225,21,25,41,33,112,88,118,71,10,12,6,9,0,14,22,21,109,47,36,30,54,29,92,51,78,50,84,38,155,81,24,23,130,148,76,46,45,47,84,34,57,39,72,60,86,50
1400000US36081109300,"Census Tract 1093, Queens County, New York",Queens,2899,594,1440,312,41,39,83,56,83,55,27,25,30,33,27,26,10,12,26,40,68,37,36,29,67,45,179,195,84,55,41,34,114,59,22,24,96,68,47,37,67,66,60,41,95,94,78,63,59,45,1459,311,108,74,83,65,21,30,42,31,5,10,28,30,14,21,32,31,60,62,142,139,16,24,68,49,54,33,70,44,46,30,134,120,62,49,41,36,58,35,110,63,86,77,55,41,124,62
1400000US36081109700,"Census Tract 1097, Queens County, New York",Queens,1900,272,904,154,71,28,47,35,28,25,25,23,24,29,0,14,0,14,33,30,47,37,91,46,23,22,84,35,36,33,44,34,52,34,25,23,17,17,53,32,76,85,37,31,60,26,26,21,5,10,996,153,41,35,45,25,58,31,7,12,1,3,0,14,0,14,84,41,51,40,39,23,65,42,133,78,90,47,25,21,67,48,28,20,97,76,20,22,9,12,31,21,52,26,27,22,26,21
1400000US36081109900,"Census Tract 1099, Queens County, New York",Queens,3398,623,1790,404,90,85,68,41,305,188,116,74,55,62,0,14,32,37,61,60,116,85,70,85,71,72,196,161,81,48,145,93,44,44,9,13,98,89,21,26,24,29,18,24,26,28,25,32,119,123,1608,306,100,105,177,175,69,52,32,25,2,5,0,14,67,75,10,16,65,52,99,90,21,43,173,68,191,90,91,55,56,35,43,67,79,58,7,14,35,32,37,36,47,48,69,50,138,145
1400000US36081111300,"Census Tract 1113, Queens County, New York",Queens,2714,394,1390,224,222,163,113,58,90,62,18,27,39,35,12,14,6,9,16,16,74,52,73,46,64,40,131,83,91,46,53,33,41,39,33,25,56,30,35,31,39,36,98,47,26,21,47,40,13,16,1324,249,115,142,52,38,55,44,53,29,26,31,0,14,3,6,12,14,109,86,111,56,84,42,165,92,53,35,50,41,70,46,18,15,54,37,60,42,71,39,82,45,21,15,14,11,46,30
1400000US36081112300,"Census Tract 1123, Queens County, New York",Queens,2341,363,1214,225,92,73,80,57,100,65,41,31,1,7,8,11,9,15,54,43,89,49,102,50,95,56,85,44,82,53,54,29,44,26,11,14,54,47,41,52,62,36,54,40,42,35,14,11,0,14,1127,185,42,40,112,88,47,35,23,31,14,17,26,37,1,7,22,19,106,61,134,62,80,45,80,42,75,34,62,32,2,5,30,27,55,35,9,14,90,60,47,35,70,42,0,14,0,14
1400000US36081112900,"Census Tract 1129, Queens County, New York",Queens,2204,427,983,181,36,29,52,33,179,160,6,9,0,14,3,5,10,14,22,21,53,36,15,17,79,52,35,31,38,28,70,32,98,43,12,13,84,54,22,22,2,3,44,29,19,18,41,39,63,47,1221,278,64,76,25,34,32,28,14,13,3,5,13,16,16,18,41,26,70,43,36,37,50,34,44,42,242,233,130,78,113,47,21,14,18,14,28,24,26,22,79,45,75,49,23,28,58,42
1400000US36081113300,"Census Tract 1133, Queens County, New York",Queens,1428,279,711,132,43,38,5,11,27,23,40,30,29,25,10,10,4,7,22,20,20,26,98,62,57,56,22,13,21,19,78,46,41,25,21,26,33,22,26,31,5,8,69,48,10,11,7,11,23,37,717,197,7,10,34,37,29,22,38,34,15,21,0,14,16,17,0,14,0,14,137,120,22,21,25,20,97,75,43,26,68,48,15,16,21,19,29,30,25,17,34,26,9,10,20,24,33,36
1400000US36081113900,"Census Tract 1139, Queens County, New York",Queens,4051,540,1866,344,154,106,71,62,136,82,131,106,43,40,4,9,0,14,60,51,95,50,128,105,104,78,182,102,204,139,74,44,104,60,30,30,111,98,11,14,61,61,78,61,23,26,35,32,27,23,2185,337,108,89,37,34,127,78,110,94,72,61,0,14,0,14,44,38,67,70,139,112,243,179,232,123,107,59,164,80,136,90,3,6,44,56,46,44,164,112,122,60,52,40,107,81,61,96
1400000US36081114100,"Census Tract 1141, Queens County, New York",Queens,2458,373,1361,258,42,29,132,174,117,69,60,41,15,17,0,14,15,14,6,10,54,32,82,52,21,19,88,37,174,82,49,29,64,35,19,17,136,112,29,22,34,34,74,46,76,36,34,22,40,24,1097,171,29,23,92,72,54,42,37,32,0,14,0,14,0,14,21,18,28,29,33,28,38,21,74,55,117,69,56,30,43,27,12,12,141,113,20,22,96,45,106,56,21,16,46,22,33,27
1400000US36081114700,"Census Tract 1147, Queens County, New York",Queens,1854,332,833,163,0,14,24,17,89,75,22,34,0,14,17,25,0,14,0,14,126,58,15,15,69,63,19,18,63,42,124,57,42,23,12,13,49,35,24,25,51,36,34,30,15,17,5,8,33,29,1021,201,22,23,0,14,147,81,60,47,48,45,0,14,6,9,13,13,71,39,28,19,102,73,18,19,96,47,81,45,60,44,28,21,36,29,48,34,80,83,19,17,0,14,20,27,38,25
1400000US36081115100,"Census Tract 1151, Queens County, New York",Queens,982,159,460,88,31,26,22,22,22,21,12,14,12,14,0,14,0,14,5,9,19,16,33,32,31,23,30,23,10,13,29,26,25,20,13,15,71,57,8,10,32,25,18,19,5,7,5,7,27,18,522,92,18,28,5,8,31,28,13,14,0,14,0,14,0,14,27,27,15,14,44,34,23,20,9,13,37,28,9,12,26,19,19,12,43,29,10,13,50,36,47,26,4,7,52,29,40,31
1400000US36081115500,"Census Tract 1155, Queens County, New York",Queens,2189,391,1127,200,87,53,6,9,63,33,0,14,37,34,35,42,4,6,16,17,134,63,6,9,148,91,48,43,103,81,83,70,75,44,5,9,14,18,1,2,107,90,62,40,69,75,19,29,5,8,1062,243,23,35,94,44,128,99,6,11,27,35,40,59,0,14,21,30,102,77,100,54,29,31,35,27,23,24,111,60,122,137,37,34,4,8,62,39,62,61,16,20,0,14,5,8,15,25
1400000US36081115700,"Census Tract 1157, Queens County, New York",Queens,3136,638,1559,392,133,107,102,84,123,99,7,12,7,13,0,14,26,40,19,21,167,122,113,89,22,24,82,52,207,113,27,31,54,47,109,100,102,115,0,14,31,33,85,42,86,79,24,28,33,35,1577,299,69,66,98,63,55,64,35,44,0,14,15,26,14,21,0,14,146,127,108,61,87,56,113,72,156,82,31,28,210,119,5,13,89,60,8,12,13,21,174,101,45,42,68,83,38,36
1400000US36081115900,"Census Tract 1159, Queens County, New York",Queens,3888,562,1949,405,27,30,67,70,52,57,147,114,30,42,34,35,0,14,99,84,97,70,199,190,99,75,34,42,106,91,250,179,190,132,54,55,54,39,38,37,147,87,89,61,76,63,47,52,13,21,1939,349,13,25,67,70,148,119,62,52,0,14,13,21,9,14,61,104,86,68,83,65,112,105,177,134,158,108,164,75,191,156,129,133,51,41,9,14,173,103,73,47,71,53,46,30,43,35
1400000US36081116100,"Census Tract 1161, Queens County, New York",Queens,3624,592,1671,327,19,31,47,46,163,155,14,21,0,14,2,28,20,26,47,48,140,109,76,53,68,48,91,76,33,41,146,82,177,161,49,54,132,88,41,33,79,64,65,48,89,71,124,84,49,27,1953,357,0,14,9,18,98,87,6,10,271,320,79,128,0,14,61,59,14,18,149,92,61,39,22,30,129,72,45,59,115,91,120,67,119,59,26,41,89,57,89,53,128,93,146,83,177,60
1400000US36081116301,"Census Tract 1163.01, Queens County, New York",Queens,4331,616,2072,445,60,68,74,96,41,64,22,34,140,98,20,31,9,14,26,44,127,87,101,58,120,84,339,345,68,69,88,58,176,93,55,59,62,54,169,100,31,40,187,111,80,52,50,35,27,33,2259,350,109,75,54,71,13,20,8,17,9,27,14,20,18,24,48,39,200,131,243,227,54,46,159,91,204,103,150,91,113,86,74,70,108,80,70,61,171,134,78,45,123,59,43,26,196,47
1400000US36081116302,"Census Tract 1163.02, Queens County, New York",Queens,3687,807,1788,373,70,73,152,139,176,92,14,21,86,19,11,17,11,16,29,45,120,88,70,48,101,54,89,82,168,113,67,65,121,78,0,14,102,69,31,35,32,36,247,249,8,12,35,39,48,72,1899,670,214,217,238,171,73,62,14,23,0,14,17,25,12,19,62,58,113,71,61,67,174,85,155,61,40,35,70,50,54,35,6,10,68,58,65,43,63,42,276,389,7,16,103,80,14,21
1400000US36081116700,"Census Tract 1167, Queens County, New York",Queens,1892,407,970,316,30,29,70,57,86,55,48,54,14,19,0,14,0,14,33,25,92,53,72,48,31,28,56,32,87,56,97,106,41,27,39,31,18,19,49,44,61,43,6,8,8,14,30,39,2,3,922,187,31,35,86,75,16,16,18,22,16,16,28,37,0,14,29,24,36,35,56,42,70,41,78,63,68,40,86,43,54,32,5,7,73,49,76,53,19,26,3,5,18,27,48,43,8,11
1400000US36081117100,"Census Tract 1171, Queens County, New York",Queens,2525,379,1151,190,39,44,28,29,103,82,13,16,16,19,14,16,23,36,27,24,50,53,137,65,25,30,139,87,46,50,79,49,17,16,16,18,123,86,15,26,67,79,84,62,50,46,22,23,18,25,1374,291,12,18,24,38,58,42,47,34,35,34,0,14,1,3,142,108,46,68,156,107,34,38,75,47,105,97,77,77,183,110,99,79,29,32,0,14,75,61,78,55,70,48,9,16,19,25
1400000US36081117500,"Census Tract 1175, Queens County, New York",Queens,4464,826,2314,397,167,118,283,158,170,151,84,86,22,30,6,11,0,14,54,39,42,45,320,158,270,179,29,35,97,63,184,132,124,94,45,56,122,92,99,88,87,85,29,28,39,38,41,38,0,14,2150,558,59,56,119,127,26,38,83,96,0,14,52,47,8,17,0,14,61,61,511,340,251,134,215,140,79,53,86,64,236,160,84,67,71,56,36,59,73,61,29,32,16,23,53,54,2,4
1400000US36081118100,"Census Tract 1181, Queens County, New York",Queens,1952,318,1074,208,95,63,79,59,80,85,6,9,0,14,0,14,16,14,18,17,102,44,119,63,81,41,56,31,21,18,80,51,62,58,6,9,60,31,36,33,61,35,17,16,48,34,17,18,14,17,878,152,60,51,8,12,0,14,6,9,0,14,10,14,5,7,48,56,66,37,158,54,51,29,53,52,65,32,82,74,69,20,20,19,33,18,23,26,20,16,52,37,18,19,7,11,24,18
1400000US36081118500,"Census Tract 1185, Queens County, New York",Queens,1999,354,908,203,37,41,53,27,25,22,0,14,32,31,0,14,36,29,17,16,95,50,82,81,61,42,70,39,118,87,67,37,6,10,9,13,35,24,78,53,7,10,40,29,33,28,7,10,0,14,1091,220,30,32,18,17,63,40,0,14,33,35,99,125,0,14,22,22,144,76,48,33,44,27,56,42,86,44,142,80,66,47,44,30,58,41,15,22,42,28,41,23,27,25,6,11,7,11
1400000US36081118700,"Census Tract 1187, Queens County, New York",Queens,2507,451,1293,260,166,101,39,43,11,16,21,19,23,27,0,14,18,28,19,14,21,20,111,50,71,51,102,60,40,27,112,74,95,53,29,25,67,57,77,56,166,148,34,24,34,27,29,33,8,11,1214,261,46,45,36,50,79,64,62,54,9,13,0,14,0,14,57,44,59,42,55,43,90,45,69,43,81,50,109,79,72,46,28,24,116,70,43,48,54,65,37,26,80,49,0,14,32,24
1400000US36081118900,"Census Tract 1189, Queens County, New York",Queens,2100,504,1250,403,2,9,84,90,0,14,28,36,14,17,0,14,27,35,27,19,35,36,345,356,33,28,83,53,89,58,49,37,88,59,35,39,103,71,6,8,101,50,40,31,37,36,15,14,9,13,850,177,13,20,19,29,19,17,65,49,0,14,1,3,8,12,3,13,71,75,37,31,66,51,76,51,19,19,107,60,52,42,34,37,41,28,33,29,48,40,37,34,48,33,24,35,29,27
1400000US36081119100,"Census Tract 1191, Queens County, New York",Queens,3222,611,1784,503,117,109,9,23,80,52,0,14,57,72,21,31,34,39,93,82,106,49,95,66,51,51,41,52,22,23,216,134,289,319,97,76,154,121,125,84,71,66,3,23,21,33,65,51,17,25,1438,244,0,14,121,129,33,31,85,62,0,14,0,14,0,14,21,34,74,60,198,94,78,57,82,61,55,51,51,34,160,91,23,28,111,72,121,81,46,38,80,63,51,53,35,44,13,25
1400000US36081119300,"Census Tract 1193, Queens County, New York",Queens,2534,558,1109,222,12,18,97,62,81,58,8,15,4,7,0,14,4,7,4,6,94,74,129,72,119,62,5,7,116,55,20,26,38,37,33,33,64,40,11,13,43,36,105,92,21,23,79,48,22,25,1425,385,85,65,64,66,138,92,38,44,46,38,0,14,6,10,29,23,55,46,109,75,55,34,49,41,59,42,12,13,114,76,49,41,56,48,44,37,63,33,238,278,41,37,63,56,12,20
1400000US36081119500,"Census Tract 1195, Queens County, New York",Queens,1363,309,777,201,87,68,85,59,11,14,1,3,21,25,0,14,17,19,29,25,18,19,37,34,46,56,75,32,71,50,61,41,57,38,18,24,37,32,42,35,37,24,9,12,18,16,0,14,0,14,586,131,14,15,19,19,50,66,2,6,0,14,25,27,8,12,16,18,21,21,31,31,60,46,48,16,24,19,68,35,42,32,13,14,53,28,0,14,20,15,39,25,7,10,10,11,16,19
1400000US36081119900,"Census Tract 1199, Queens County, New York",Queens,1681,304,828,176,49,46,9,15,30,35,37,43,17,18,0,14,4,7,26,23,43,42,54,43,77,45,33,36,95,69,40,29,62,45,24,23,37,43,47,67,55,51,55,35,8,14,26,23,0,14,853,178,49,75,42,53,19,30,33,45,30,40,6,9,5,10,14,16,39,28,54,53,42,44,70,60,35,28,51,36,64,43,20,21,44,39,37,34,52,53,63,43,57,39,8,12,19,20
1400000US36081120100,"Census Tract 1201, Queens County, New York",Queens,1546,355,723,188,0,14,21,17,69,79,40,37,20,18,7,11,0,14,27,18,71,34,22,20,20,21,52,72,36,28,117,48,52,32,10,11,11,15,17,14,29,23,0,14,31,30,27,40,44,27,823,228,8,12,4,7,44,35,22,27,0,14,0,14,0,14,34,32,83,74,37,32,33,19,53,35,59,40,43,31,52,44,23,34,14,17,8,12,131,143,46,37,57,49,40,45,32,24
1400000US36081120300,"Census Tract 1203, Queens County, New York",Queens,1551,282,751,166,0,14,39,49,39,34,22,25,38,31,17,20,8,13,7,10,16,19,74,57,123,63,29,28,80,58,9,14,60,64,11,16,33,29,0,14,27,40,65,50,20,22,0,14,34,43,800,183,94,69,20,23,22,29,9,13,9,15,1,3,0,14,0,14,24,19,94,68,72,55,57,41,36,31,29,29,31,25,21,24,32,33,27,40,23,22,34,44,32,28,116,126,17,20
1400000US36081120500,"Census Tract 1205, Queens County, New York",Queens,2669,531,1317,295,84,80,75,60,99,67,65,80,10,16,1,3,7,11,12,17,89,60,46,37,122,124,154,59,39,40,96,52,81,35,22,30,31,37,29,43,63,63,100,50,6,10,15,23,71,54,1352,378,60,66,75,80,1,2,48,31,27,33,0,14,0,14,16,26,34,20,159,144,35,34,108,84,49,40,65,35,65,54,9,13,10,12,56,53,77,70,165,95,60,79,110,67,123,72
1400000US36081120701,"Census Tract 1207.01, Queens County, New York",Queens,3132,706,1722,650,52,39,52,34,65,35,16,17,22,25,6,10,0,14,58,47,122,83,100,68,172,148,61,43,54,31,81,49,143,65,72,43,341,398,28,17,42,26,100,56,75,42,32,30,28,21,1410,219,127,147,40,28,69,49,21,22,8,8,25,35,19,25,23,18,76,37,57,38,88,42,75,36,86,49,87,60,134,43,35,34,23,18,47,31,73,31,136,49,83,43,51,25,27,20
1400000US36081120702,"Census Tract 1207.02, Queens County, New York",Queens,0,14,0,14,0,14,0,14,0,14,0,14,0,14,0,14,0,14,0,14,0,14,0,14,0,14,0,14,0,14,0,14,0,14,0,14,0,14,0,14,0,14,0,14,0,14,0,14,0,14,0,14,0,14,0,14,0,14,0,14,0,14,0,14,0,14,0,14,0,14,0,14,0,14,0,14,0,14,0,14,0,14,0,14,0,14,0,14,0,14,0,14,0,14,0,14,0,14
1400000US36081121100,"Census Tract 1211, Queens County, New York",Queens,0,14,0,14,0,14,0,14,0,14,0,14,0,14,0,14,0,14,0,14,0,14,0,14,0,14,0,14,0,14,0,14,0,14,0,14,0,14,0,14,0,14,0,14,0,14,0,14,0,14,0,14,0,14,0,14,0,14,0,14,0,14,0,14,0,14,0,14,0,14,0,14,0,14,0,14,0,14,0,14,0,14,0,14,0,14,0,14,0,14,0,14,0,14,0,14,0,14
1400000US36081121500,"Census Tract 1215, Queens County, New York",Queens,4420,707,2226,380,181,205,73,72,173,113,112,71,0,14,0,14,0,14,78,70,28,23,142,90,127,79,307,184,124,82,112,80,271,116,39,28,109,86,28,35,52,42,198,145,30,29,31,31,11,20,2194,395,162,94,98,63,268,143,96,63,10,16,14,24,18,21,12,20,82,54,221,150,81,57,228,99,168,85,40,26,175,94,130,78,101,47,57,36,1,3,140,82,47,31,22,22,23,36
1400000US36081122300,"Census Tract 1223, Queens County, New York",Queens,3166,676,1577,335,38,55,39,36,143,92,50,57,33,40,0,14,31,36,25,29,51,37,38,35,212,137,39,28,210,104,112,72,128,72,30,29,85,63,117,146,56,30,60,46,41,34,39,47,0,14,1589,567,16,22,69,60,135,131,61,56,85,73,16,19,0,14,65,55,27,28,33,31,39,34,284,352,62,59,131,65,145,64,32,30,24,30,50,40,28,32,121,66,133,112,11,18,22,25
1400000US36081122702,"Census Tract 1227.02, Queens County, New York",Queens,6209,940,2520,506,167,195,229,143,223,178,29,48,137,147,126,71,20,31,95,97,97,99,118,150,109,131,108,132,28,45,178,126,293,238,35,60,35,59,0,19,31,51,32,49,198,93,0,19,232,176,3689,839,183,133,122,122,219,165,208,203,51,80,239,217,0,19,99,152,348,289,298,167,44,55,21,33,753,352,255,182,99,101,0,19,70,66,77,101,58,56,225,179,167,175,68,80,85,77
1400000US36081122703,"Census Tract 1227.03, Queens County, New York",Queens,5896,774,2937,570,196,229,94,118,282,185,105,101,35,42,0,19,0,19,108,101,206,174,163,157,148,145,181,142,163,113,356,189,128,127,10,20,228,186,61,57,120,91,145,126,96,86,87,111,25,40,2959,422,74,63,149,157,40,50,42,51,15,25,4,33,65,103,152,124,118,113,40,68,42,52,368,205,190,136,377,183,428,296,223,184,55,55,87,111,147,125,217,147,69,70,24,39,33,27
1400000US36081122704,"Census Tract 1227.04, Queens County, New York",Queens,5015,1508,2262,596,82,78,91,127,102,71,117,68,149,161,33,48,1,7,133,163,134,82,107,71,318,267,110,114,49,54,156,131,234,162,54,62,44,58,0,19,139,82,42,57,96,93,8,13,63,58,2753,1170,313,372,64,70,3,10,16,25,157,162,14,22,0,19,26,37,138,84,228,326,138,91,99,81,176,94,128,160,347,167,275,377,106,60,39,51,9,13,12,17,127,103,306,400,32,39
1400000US36081124100,"Census Tract 1241, Queens County, New York",Queens,3822,579,1880,339,155,109,127,94,55,57,48,56,52,44,0,14,0,14,25,24,119,79,160,87,112,72,129,114,92,55,75,60,111,61,79,102,82,57,56,60,125,83,165,145,35,31,28,27,50,49,1942,360,101,68,32,33,65,46,59,52,1,2,24,39,10,16,30,32,108,63,167,90,216,175,29,27,106,86,93,57,159,83,41,40,115,65,138,84,18,20,137,125,47,34,91,101,155,83
1400000US36081124700,"Census Tract 1247, Queens County, New York",Queens,3911,691,1844,288,123,94,169,93,178,68,152,126,6,11,9,14,13,22,56,28,186,118,62,59,137,75,112,50,90,57,53,34,97,63,17,23,68,59,46,41,31,28,105,58,37,34,43,29,54,59,2067,493,146,142,106,124,168,104,69,49,7,12,23,29,0,14,22,29,112,71,86,69,111,65,99,49,86,47,76,52,385,385,140,154,24,26,67,41,56,44,107,59,105,70,14,21,58,58
1400000US36081125700,"Census Tract 1257, Queens County, New York",Queens,3162,571,1667,331,38,32,150,77,42,43,7,10,70,54,46,47,7,10,0,14,60,41,68,54,215,148,40,30,114,66,163,93,259,223,23,41,21,20,65,56,78,60,73,54,38,55,74,97,16,19,1495,336,31,40,51,54,97,56,7,11,13,13,15,17,0,14,27,34,141,125,89,68,68,53,62,46,143,64,60,48,62,57,14,15,139,138,35,28,48,49,155,103,94,70,90,97,54,51
1400000US36081126500,"Census Tract 1265, Queens County, New York",Queens,2085,407,1276,375,32,29,43,29,40,26,27,18,9,20,68,77,0,14,270,239,199,196,57,31,49,29,37,30,52,39,16,18,74,44,34,30,30,40,14,16,52,56,92,58,18,20,40,31,23,39,809,153,17,25,58,46,40,41,17,23,15,22,17,20,15,18,24,25,38,23,39,26,34,25,31,24,65,36,34,25,63,34,56,48,39,26,59,86,34,25,33,23,54,31,0,14,27,30
1400000US36081126700,"Census Tract 1267, Queens County, New York",Queens,4332,413,2037,264,34,56,81,56,52,35,131,105,678,219,158,68,90,76,88,74,68,37,157,123,35,30,16,12,66,35,48,34,93,57,31,32,20,15,22,22,98,89,39,37,14,15,13,13,5,7,2295,318,103,124,110,85,57,33,97,61,751,171,152,81,139,85,123,80,171,113,71,64,24,20,123,80,36,29,106,43,39,35,29,24,43,29,19,16,50,60,20,15,13,12,19,15,0,14
1400000US36081127700,"Census Tract 1277, Queens County, New York",Queens,2980,574,1616,363,50,55,78,70,84,71,48,68,25,43,68,76,56,85,179,140,20,32,15,15,1,3,93,90,110,78,87,78,55,81,59,66,56,75,55,73,49,45,296,144,30,32,29,30,73,88,1364,304,14,23,95,90,49,55,62,58,0,14,0,14,0,14,21,36,20,31,34,51,133,91,57,74,40,48,159,112,109,101,67,58,61,75,96,46,177,130,42,48,43,34,12,25,73,72
1400000US36081128300,"Census Tract 1283, Queens County, New York",Queens,0,14,0,14,0,14,0,14,0,14,0,14,0,14,0,14,0,14,0,14,0,14,0,14,0,14,0,14,0,14,0,14,0,14,0,14,0,14,0,14,0,14,0,14,0,14,0,14,0,14,0,14,0,14,0,14,0,14,0,14,0,14,0,14,0,14,0,14,0,14,0,14,0,14,0,14,0,14,0,14,0,14,0,14,0,14,0,14,0,14,0,14,0,14,0,14,0,14
1400000US36081129102,"Census Tract 1291.02, Queens County, New York",Queens,3807,788,2084,523,332,337,123,93,128,121,53,56,85,82,0,14,24,27,29,31,151,84,93,65,168,129,36,37,96,74,116,82,92,66,18,21,97,70,32,32,75,82,204,156,36,32,42,34,54,58,1723,345,43,42,101,86,67,70,147,127,0,14,1,3,15,25,34,31,57,39,68,63,177,159,66,57,168,90,13,25,140,78,12,19,62,39,181,98,56,44,94,58,124,105,14,22,83,68
1400000US36081129103,"Census Tract 1291.03, Queens County, New York",Queens,4179,833,1888,266,149,118,176,121,93,77,23,33,43,49,0,14,36,55,22,32,0,14,77,44,51,40,182,121,219,125,74,60,156,111,44,63,54,49,79,56,59,37,97,62,129,80,95,100,30,36,2291,691,28,29,107,87,375,491,49,60,21,31,0,14,0,14,0,14,33,33,91,73,97,59,345,165,50,41,108,57,134,86,50,42,148,75,25,33,94,67,206,93,134,84,100,93,96,69
1400000US36081129104,"Census Tract 1291.04, Queens County, New York",Queens,4192,471,1948,319,255,132,49,41,43,40,34,31,36,42,0,14,9,15,1,3,95,153,179,96,288,184,250,102,108,57,43,35,96,75,33,31,62,51,89,65,22,26,112,66,79,54,65,63,0,14,2244,322,193,92,135,93,44,51,38,44,0,14,12,20,13,21,24,32,88,73,167,90,208,82,137,60,175,73,143,151,142,87,23,25,71,41,40,37,263,139,91,58,91,48,125,95,21,23
1400000US36081130100,"Census Tract 1301, Queens County, New York",Queens,4044,601,1885,444,115,86,24,29,44,48,23,33,67,56,19,21,37,41,7,15,272,264,70,68,40,24,67,41,22,24,65,46,196,80,21,36,205,163,173,164,97,73,124,99,96,57,77,60,24,27,2159,282,1,15,78,52,119,103,12,27,89,85,0,14,9,14,74,54,38,37,154,102,106,77,98,78,146,80,92,58,241,61,69,54,57,38,187,215,142,107,189,104,87,69,105,100,66,46
1400000US36081133300,"Census Tract 1333, Queens County, New York",Queens,3886,779,2019,559,0,14,169,116,56,42,100,45,0,14,57,83,6,9,104,122,150,126,47,64,167,106,346,314,87,57,72,87,146,95,30,36,151,130,46,35,79,53,90,66,69,43,37,37,10,15,1867,305,136,116,30,38,159,43,40,37,39,38,23,34,0,14,46,45,137,74,110,82,35,40,182,76,62,45,116,86,177,105,43,33,77,55,47,40,108,65,106,62,116,60,23,27,55,37
1400000US36081133900,"Census Tract 1339, Queens County, New York",Queens,1429,206,697,146,29,26,24,27,77,84,36,27,9,14,20,27,0,14,6,9,15,17,15,18,3,7,58,37,65,45,55,30,33,44,13,20,39,33,9,13,25,26,76,49,34,28,17,22,39,27,732,94,19,18,76,44,45,31,24,28,7,12,0,14,0,14,9,12,21,30,5,6,53,35,38,32,43,34,31,24,52,46,27,27,31,24,26,25,31,29,50,38,79,39,28,28,37,35
1400000US36081134100,"Census Tract 1341, Queens County, New York",Queens,2857,554,1531,403,19,24,64,51,127,129,0,14,27,33,0,14,0,14,105,87,64,57,51,61,65,38,68,52,86,55,101,105,302,277,40,43,92,71,0,14,68,71,156,89,73,46,13,18,10,18,1326,269,73,67,54,64,111,67,8,13,41,40,0,14,0,14,19,21,66,53,124,62,70,55,0,14,61,51,84,59,149,75,42,53,45,39,91,80,78,80,87,47,44,32,27,29,52,37
1400000US36081134701,"Census Tract 1347.01, Queens County, New York",Queens,4809,633,2234,511,364,251,157,129,68,107,66,103,0,14,0,14,32,38,49,34,170,176,132,108,353,216,40,47,87,68,123,70,142,125,52,50,96,84,61,79,77,71,116,117,21,33,16,26,12,19,2575,314,129,100,84,57,144,135,34,36,18,25,18,35,16,24,193,122,219,117,190,138,127,90,192,117,124,69,212,164,215,120,39,46,55,55,88,88,112,116,128,78,91,93,66,105,81,62
1400000US36081134702,"Census Tract 1347.02, Queens County, New York",Queens,4532,856,2167,447,81,61,192,120,125,85,21,25,14,21,0,14,0,14,31,32,407,347,163,110,204,125,228,118,56,41,82,60,171,77,14,20,37,34,20,31,53,38,57,44,82,56,88,97,41,34,2365,687,271,259,238,136,148,103,35,29,43,40,13,12,15,24,56,49,166,113,118,76,92,65,268,135,113,56,84,58,311,396,26,25,40,34,10,14,73,45,90,60,76,56,44,48,35,32
1400000US36081136700,"Census Tract 1367, Queens County, New York",Queens,5903,1043,2641,523,51,56,285,146,167,104,33,36,0,19,1,3,68,72,61,49,12,19,118,98,203,90,53,45,159,145,229,185,274,137,158,102,127,113,47,53,57,53,207,277,216,116,33,38,82,66,3262,601,276,143,54,47,83,69,40,46,59,56,61,101,22,34,219,138,31,32,95,74,292,153,128,70,302,272,128,77,360,142,87,65,145,84,143,120,81,94,338,290,114,63,63,57,141,91
1400000US36081137700,"Census Tract 1377, Queens County, New York",Queens,6759,1016,3163,418,240,157,210,200,108,83,76,99,26,30,0,19,0,19,84,63,182,131,226,114,236,145,112,103,27,28,342,199,244,131,145,109,328,159,22,37,71,89,257,161,77,115,57,64,93,72,3596,745,223,165,161,201,259,348,223,168,0,19,0,19,43,62,108,123,192,146,51,58,302,180,183,123,214,145,247,125,476,202,176,120,52,47,16,25,132,104,223,118,64,56,138,105,113,117
1400000US36081138501,"Census Tract 1385.01, Queens County, New York",Queens,4189,757,2363,514,62,60,271,185,290,139,93,74,25,22,5,10,0,14,7,8,105,124,161,97,153,89,109,67,164,105,329,203,114,109,26,22,2,6,22,25,109,81,91,65,58,42,103,73,64,55,1826,344,146,106,121,76,62,54,101,76,35,30,10,16,46,59,51,52,123,113,92,58,205,102,142,85,53,35,157,90,49,34,26,25,59,37,39,45,72,71,30,26,72,63,30,24,105,52
1400000US36081138502,"Census Tract 1385.02, Queens County, New York",Queens,92,5,92,5,0,14,1,4,0,14,0,14,20,2,7,11,7,12,15,25,0,14,3,5,1,3,4,11,1,3,0,14,0,14,0,14,0,14,2,5,0,14,5,8,4,7,4,5,18,23,0,14,0,14,0,14,0,14,0,14,0,14,0,14,0,14,0,14,0,14,0,14,0,14,0,14,0,14,0,14,0,14,0,14,0,14,0,14,0,14,0,14,0,14,0,14,0,14
1400000US36081139900,"Census Tract 1399, Queens County, New York",Queens,1547,315,822,151,22,27,39,28,33,22,97,60,0,14,0,14,10,14,26,30,29,23,64,23,40,35,34,30,37,26,120,59,56,34,22,18,20,18,40,26,24,19,69,31,27,21,13,14,0,14,725,206,7,10,32,32,19,29,15,17,6,9,1,2,11,16,8,9,114,109,19,16,37,21,39,23,47,37,82,40,37,25,56,52,37,21,25,17,29,20,47,26,24,21,33,26,0,14
1400000US36081140300,"Census Tract 1403, Queens County, New York",Queens,2214,363,1184,246,102,151,53,37,59,37,24,19,13,19,5,8,5,7,30,28,52,32,40,25,123,57,45,29,21,16,64,42,129,38,108,131,45,35,3,6,64,39,55,38,90,91,25,24,29,33,1030,155,9,14,35,33,89,37,29,24,6,8,5,8,19,21,21,18,44,37,47,31,59,32,48,28,29,22,98,42,123,105,15,14,58,36,27,26,39,22,26,20,112,104,62,37,30,19
1400000US36081140901,"Census Tract 1409.01, Queens County, New York",Queens,930,526,542,376,17,18,11,11,20,16,133,204,0,14,10,16,0,14,18,18,5,8,18,13,13,11,20,25,116,162,22,23,9,9,18,13,6,8,18,14,9,10,59,43,15,12,0,14,5,7,388,156,6,9,5,9,14,13,0,14,4,6,0,14,0,14,4,6,12,9,10,11,115,143,16,14,13,12,29,23,23,15,10,10,9,10,5,6,6,9,58,35,38,30,0,14,11,11
1400000US36081140902,"Census Tract 1409.02, Queens County, New York",Queens,2505,295,1239,166,28,25,69,52,98,56,57,39,10,16,0,14,5,7,37,24,56,33,19,15,77,36,96,42,48,44,166,100,131,55,49,43,67,34,34,26,44,28,36,24,49,25,32,24,31,24,1266,186,0,14,85,50,64,45,70,36,60,55,28,22,0,14,24,21,65,38,84,40,47,26,94,45,51,31,75,36,73,44,79,37,96,48,56,40,25,21,28,21,125,117,27,22,10,13
1400000US36081141700,"Census Tract 1417, Queens County, New York",Queens,4300,730,1786,385,118,81,96,58,44,40,87,71,9,14,9,12,15,21,124,126,139,80,66,57,115,55,50,51,151,82,161,139,133,73,104,68,73,63,27,25,42,32,63,44,99,68,45,43,16,19,2514,431,59,49,121,54,147,125,108,78,4,8,3,6,12,20,30,32,99,48,233,99,175,121,120,82,149,67,208,231,183,94,107,65,130,58,71,60,128,80,120,64,42,54,127,80,138,161
1400000US36081142900,"Census Tract 1429, Queens County, New York",Queens,3678,535,1705,306,31,35,30,33,138,107,61,47,45,49,11,18,23,27,8,12,87,54,23,25,184,102,77,54,80,52,280,141,110,74,10,17,46,46,38,33,89,62,80,47,37,39,12,19,205,243,1973,362,141,117,200,162,63,67,5,12,85,79,14,18,53,52,91,88,90,58,119,104,87,75,87,52,118,99,107,67,175,78,13,21,150,79,26,29,61,49,72,46,43,40,44,38,129,95
1400000US36081143500,"Census Tract 1435, Queens County, New York",Queens,2343,484,1183,253,21,25,95,57,72,38,13,13,41,25,11,16,15,15,30,25,124,68,186,102,31,17,50,44,57,31,62,97,70,37,52,36,52,32,60,25,16,13,89,56,11,12,17,24,8,12,1160,246,99,64,31,22,28,25,32,33,8,11,0,14,11,12,107,110,67,34,143,48,62,41,36,29,90,31,70,41,63,33,39,27,65,37,5,7,58,28,51,45,36,20,30,29,29,18
1400000US36081144100,"Census Tract 1441, Queens County, New York",Queens,3002,452,1237,217,112,91,13,21,0,14,40,45,10,15,16,19,11,17,58,53,114,50,36,52,37,50,184,64,75,74,93,60,156,120,30,29,47,39,32,30,49,36,38,34,60,34,26,34,0,14,1765,302,119,70,130,52,118,80,39,41,8,14,46,51,11,16,36,48,24,22,49,43,133,58,105,75,175,87,111,66,262,253,41,24,58,38,46,42,89,49,63,50,26,28,38,31,38,32
1400000US36081144700,"Census Tract 1447, Queens County, New York",Queens,3470,697,1569,285,110,75,83,74,91,59,27,23,12,19,0,14,22,21,119,171,77,99,154,135,63,61,168,85,0,14,159,65,169,92,16,13,66,69,38,47,23,19,78,66,65,41,22,21,7,10,1901,473,143,84,231,204,92,73,32,28,0,14,14,17,8,13,27,40,80,57,142,117,224,197,110,56,94,115,113,68,159,85,61,65,31,29,40,30,51,36,33,37,90,48,67,56,59,44
1400000US36081145101,"Census Tract 1451.01, Queens County, New York",Queens,1103,233,649,208,40,39,21,23,44,26,3,6,0,14,11,5,0,14,10,11,35,32,26,31,3,5,52,33,50,46,51,34,132,158,0,14,27,21,13,17,27,26,45,28,10,12,23,25,26,37,454,99,18,12,15,13,20,27,10,7,15,13,5,9,1,2,14,25,6,9,49,37,29,25,12,12,34,25,12,10,38,28,51,42,20,19,9,11,28,28,13,12,42,26,3,6,10,12
1400000US36081145102,"Census Tract 1451.02, Queens County, New York",Queens,2361,456,1151,263,42,61,45,54,43,69,20,17,40,42,46,48,16,17,18,19,89,65,74,43,67,55,30,30,42,39,83,45,41,27,47,38,17,18,16,26,54,48,262,200,47,45,2,3,10,11,1210,241,19,20,45,37,63,52,7,27,10,15,0,14,29,24,17,17,65,44,103,67,10,13,59,46,101,45,155,75,78,56,36,28,27,30,111,160,47,29,75,50,25,29,37,36,91,135
1400000US36081145900,"Census Tract 1459, Queens County, New York",Queens,2781,492,1396,267,24,25,62,56,118,74,23,23,4,8,16,17,9,11,65,41,132,77,70,59,26,18,102,61,101,47,151,82,175,90,32,43,91,55,17,19,13,13,111,92,12,19,42,32,0,14,1385,258,9,13,120,78,44,26,23,33,14,16,0,14,25,29,12,16,127,89,93,55,93,74,32,33,128,43,132,75,95,56,84,68,51,28,16,16,59,46,77,58,67,39,13,14,71,42
1400000US36081146300,"Census Tract 1463, Queens County, New York",Queens,2934,791,1206,395,192,232,18,24,54,76,21,27,11,18,0,14,0,14,114,100,101,51,93,59,68,63,13,14,75,72,100,97,28,30,51,39,34,30,2,8,12,17,92,54,61,53,52,42,14,16,1728,497,191,230,82,110,0,14,13,21,45,51,13,21,13,19,0,14,190,155,108,76,103,99,75,63,58,58,140,95,56,36,3,7,63,60,34,35,202,315,73,52,48,39,76,57,142,47
1400000US36081146700,"Census Tract 1467, Queens County, New York",Queens,2762,348,1512,182,0,14,9,14,52,68,48,44,8,15,0,14,21,31,27,31,214,131,153,81,204,91,69,51,79,59,106,78,95,75,84,83,118,47,1,5,48,43,123,72,21,28,18,23,14,20,1250,256,138,66,0,14,17,26,12,20,0,14,0,14,0,14,72,74,102,54,154,100,68,35,16,20,112,70,76,49,97,55,50,30,23,25,74,70,142,174,35,34,23,23,0,14,39,48
1400000US36081147100,"Census Tract 1471, Queens County, New York",Queens,3810,446,1695,349,149,106,0,14,12,24,40,46,41,44,0,14,28,44,171,147,137,83,110,82,145,107,61,66,103,49,40,47,137,85,76,66,131,93,39,58,11,17,31,34,37,43,84,92,112,114,2115,223,245,115,117,54,53,48,135,81,40,47,7,16,29,34,13,21,176,92,108,85,80,79,131,63,53,45,155,69,152,109,69,61,168,109,1,3,33,37,119,81,13,18,63,51,155,121
1400000US36081147900,"Census Tract 1479, Queens County, New York",Queens,4249,675,1920,406,23,26,33,40,110,113,99,64,0,14,8,13,37,29,50,32,121,76,149,73,73,62,40,37,117,67,330,205,121,77,66,43,151,85,0,14,50,42,78,46,98,85,71,64,95,74,2329,334,129,108,36,45,186,88,89,72,42,43,0,14,27,33,30,38,93,66,121,81,94,66,155,166,124,71,283,102,178,79,68,40,152,86,69,58,52,38,155,79,91,52,117,70,38,35
1400000US36081148300,"Census Tract 1483, Queens County, New York",Queens,2974,571,1448,264,55,47,115,82,65,71,86,84,8,12,0,14,35,27,61,61,39,53,42,31,82,53,36,42,61,40,29,33,98,62,0,14,29,26,89,72,38,27,339,179,117,75,7,12,17,20,1526,357,22,27,162,154,44,39,26,37,0,14,0,14,0,14,15,25,28,22,52,30,74,69,38,34,43,38,53,39,206,100,91,74,181,119,13,17,108,119,269,164,19,23,5,8,77,42
1400000US36081150701,"Census Tract 1507.01, Queens County, New York",Queens,3123,456,1406,288,45,71,39,31,66,70,88,87,0,14,7,11,0,14,62,38,36,29,164,151,110,93,30,30,32,30,111,58,113,68,53,50,46,48,71,54,114,53,62,50,58,45,14,20,85,50,1717,237,23,31,80,69,211,64,9,13,26,30,32,34,43,47,40,38,74,62,94,76,162,96,76,40,51,42,159,68,108,49,5,9,105,57,86,74,92,52,44,38,20,29,54,54,123,66
1400000US36081150702,"Census Tract 1507.02, Queens County, New York",Queens,3134,423,1255,225,62,45,89,70,68,79,90,75,22,18,27,41,0,14,20,19,43,38,124,75,43,32,32,24,118,87,141,80,48,38,9,16,13,16,42,37,92,60,72,46,30,22,31,29,39,37,1879,302,77,53,104,75,102,92,29,37,8,12,0,14,0,14,60,62,53,40,97,53,67,43,96,81,90,43,182,130,165,114,16,17,36,27,76,95,207,146,136,75,152,66,59,64,67,73
1400000US36081152901,"Census Tract 1529.01, Queens County, New York",Queens,5613,702,2821,533,199,180,159,153,102,112,72,107,0,19,15,24,0,19,65,94,33,39,62,59,130,103,235,118,336,241,140,106,358,189,70,59,146,103,73,53,65,59,210,99,179,104,29,34,143,136,2792,327,29,54,13,19,221,142,20,32,26,43,0,19,0,19,0,19,312,167,113,63,166,88,125,89,252,212,216,97,260,164,79,126,188,94,31,38,131,93,207,103,128,106,233,179,42,54
1400000US36081152902,"Census Tract 1529.02, Queens County, New York",Queens,6530,1121,3346,798,12,29,117,109,121,93,150,127,54,61,0,19,42,49,41,38,218,168,404,198,114,83,184,121,140,101,246,279,392,223,21,30,410,341,15,24,99,59,341,167,154,95,41,53,30,35,3184,654,36,42,106,63,71,65,178,149,164,121,59,94,0,19,40,42,170,135,78,70,140,71,199,124,237,191,309,301,349,154,74,63,73,58,168,130,252,144,202,115,199,145,32,37,48,44
1400000US36081155101,"Census Tract 1551.01, Queens County, New York",Queens,2174,444,752,211,0,14,0,14,0,14,0,14,0,14,0,14,0,14,0,14,0,14,0,14,0,14,0,14,38,57,26,28,56,58,0,14,42,50,63,48,12,19,89,53,138,61,45,32,243,150,1422,280,0,14,0,14,13,21,0,14,0,14,0,14,0,14,12,19,0,14,0,14,0,14,0,14,0,14,26,28,10,16,19,21,20,21,10,15,81,57,181,76,331,117,90,51,629,264
1400000US36081155103,"Census Tract 1551.03, Queens County, New York",Queens,4328,594,1844,359,93,123,17,28,59,69,2,3,0,14,0,14,42,65,57,87,18,30,344,204,316,198,67,63,53,66,102,67,170,132,0,14,61,51,95,107,119,74,52,45,137,112,26,28,14,23,2484,382,252,196,36,43,149,144,29,45,0,14,0,14,0,14,0,14,125,117,208,152,237,163,137,97,79,75,160,97,307,196,73,93,37,47,130,102,223,128,100,82,93,103,30,34,79,58
1400000US36081155104,"Census Tract 1551.04, Queens County, New York",Queens,3239,851,1717,494,35,44,113,113,149,106,18,28,0,14,0,14,0,14,0,14,137,139,99,79,41,42,196,212,90,69,115,95,158,107,15,21,48,47,27,32,62,44,97,42,201,139,59,54,57,54,1522,427,65,103,92,46,0,14,5,10,0,14,0,14,81,89,33,40,80,53,101,76,79,54,152,143,78,83,28,35,118,75,7,22,12,8,12,25,36,39,126,99,122,60,69,45,226,87
1400000US36081156700,"Census Tract 1567, Queens County, New York",Queens,1751,299,934,203,8,11,0,14,23,22,41,29,15,20,0,14,17,22,38,34,139,126,77,96,67,68,14,19,44,35,50,34,80,48,44,72,69,58,97,115,14,20,43,57,24,32,25,34,5,16,817,231,15,24,13,18,85,67,19,20,29,25,0,14,12,21,42,37,14,13,49,40,105,103,18,22,84,45,55,44,49,42,61,61,53,60,0,14,36,47,15,18,0,14,8,27,55,45
1400000US36081157101,"Census Tract 1571.01, Queens County, New York",Queens,8073,1338,4068,639,25,52,45,58,427,310,58,73,94,98,48,73,0,19,386,139,235,113,112,95,117,86,152,112,163,135,227,104,355,177,142,99,281,137,349,292,34,43,266,117,317,323,29,51,206,122,4005,875,143,143,134,119,76,106,36,53,110,83,26,32,0,19,38,53,218,133,221,113,177,134,395,385,133,96,297,144,326,150,322,123,44,62,361,270,270,201,375,230,134,109,49,62,120,79
1400000US36081157102,"Census Tract 1571.02, Queens County, New York",Queens,1840,417,940,223,38,39,27,24,115,74,21,18,0,14,14,16,36,35,33,25,28,22,72,69,19,18,30,24,28,23,114,66,66,43,18,17,39,26,29,25,33,30,73,77,68,63,39,43,0,14,900,233,1,6,15,18,69,50,7,13,42,33,12,15,0,14,48,42,61,34,35,39,23,27,65,49,68,46,79,52,38,31,26,19,52,30,9,13,94,56,94,109,17,19,0,14,45,40
1400000US36081157901,"Census Tract 1579.01, Queens County, New York",Queens,5064,953,2147,346,58,62,20,31,115,70,25,23,41,58,7,11,6,11,21,19,78,78,265,138,69,53,84,76,64,48,172,112,96,56,89,51,120,101,148,108,62,42,76,39,263,189,244,265,24,23,2917,731,106,85,197,99,67,58,39,30,9,15,0,19,0,19,0,19,436,333,61,50,72,49,87,60,127,112,266,119,300,234,125,105,117,82,83,61,74,47,161,83,330,306,178,257,82,51
1400000US36081157902,"Census Tract 1579.02, Queens County, New York",Queens,3681,719,1913,426,68,59,61,56,62,52,144,141,55,49,0,14,0,14,6,10,98,63,59,48,104,83,120,69,49,50,25,22,63,48,28,27,57,44,215,125,210,154,224,95,35,33,53,50,177,203,1768,366,96,74,25,40,91,138,9,14,14,16,19,19,8,14,57,44,63,54,182,158,84,59,134,111,50,36,93,72,135,59,25,26,116,81,129,91,72,43,88,54,193,98,26,24,59,40
1400000US36081157903,"Census Tract 1579.03, Queens County, New York",Queens,3671,484,1680,258,60,68,115,98,123,91,67,69,41,26,9,16,63,63,42,62,74,69,110,77,49,57,114,77,114,78,24,31,90,58,80,84,88,56,39,34,88,73,200,102,31,28,38,45,21,25,1991,303,60,65,145,136,209,111,44,42,21,24,0,14,0,14,71,47,167,107,136,90,46,29,158,101,94,76,199,106,115,68,72,59,138,91,61,60,44,35,109,75,16,20,50,39,36,33
1400000US36081161700,"Census Tract 1617, Queens County, New York",Queens,4843,668,2497,391,114,121,124,50,162,103,55,42,9,15,14,22,10,15,46,46,213,119,25,27,131,75,77,54,97,72,347,142,256,158,90,57,332,175,81,56,72,56,120,66,73,48,36,29,13,14,2346,356,209,150,161,73,171,111,24,28,5,9,0,14,48,41,163,137,142,113,63,40,75,48,190,83,222,90,82,52,223,133,62,50,119,71,79,47,80,63,111,63,79,52,25,23,13,22
1400000US36081162100,"Census Tract 1621, Queens County, New York",Queens,6340,796,3272,489,358,213,118,103,63,90,33,48,51,37,65,74,20,27,206,91,423,192,269,188,399,260,59,72,16,23,192,99,114,82,74,69,263,133,45,70,199,178,117,84,74,77,95,109,19,36,3068,469,139,122,197,164,156,157,18,36,0,19,37,43,154,98,123,103,258,175,129,115,215,132,225,124,204,110,125,92,231,117,21,44,87,78,145,113,40,52,245,187,144,91,175,124,0,19
1400000US36081990100,"Census Tract 9901, Queens County, New York",Queens,0,14,0,14,0,14,0,14,0,14,0,14,0,14,0,14,0,14,0,14,0,14,0,14,0,14,0,14,0,14,0,14,0,14,0,14,0,14,0,14,0,14,0,14,0,14,0,14,0,14,0,14,0,14,0,14,0,14,0,14,0,14,0,14,0,14,0,14,0,14,0,14,0,14,0,14,0,14,0,14,0,14,0,14,0,14,0,14,0,14,0,14,0,14,0,14,0,14
1400000US36085000300,"Census Tract 3, Richmond County, New York",Staten Island,1889,295,1060,198,40,35,24,30,68,28,22,24,26,30,12,16,0,14,0,14,137,71,99,57,113,61,90,50,48,35,99,87,61,48,13,20,48,38,59,77,31,50,48,37,22,31,0,14,0,14,829,223,12,17,30,32,34,42,0,14,0,14,13,27,0,14,90,109,92,68,91,56,81,52,45,34,69,63,31,27,50,35,6,9,21,21,64,52,24,24,13,16,63,52,0,14,0,14
1400000US36085000600,"Census Tract 6, Richmond County, New York",Staten Island,2568,429,979,212,31,35,26,30,41,45,14,22,0,14,0,14,35,31,29,32,69,55,50,64,37,48,21,25,13,21,21,27,167,120,42,48,39,42,0,14,198,123,25,25,39,36,71,58,11,17,1589,356,0,14,135,75,15,24,98,92,0,14,0,14,0,14,101,63,41,39,34,45,106,126,261,159,77,48,54,53,81,61,15,26,117,118,6,15,71,48,180,137,50,43,46,33,101,63
1400000US36085000700,"Census Tract 7, Richmond County, New York",Staten Island,5482,934,2154,386,0,19,164,135,281,150,126,67,23,38,0,19,0,19,211,117,287,219,160,143,119,98,78,61,216,126,73,100,77,77,0,19,77,57,85,78,24,40,64,64,53,65,36,41,0,19,3328,810,231,208,393,347,275,182,166,125,95,146,0,19,147,98,56,72,348,197,256,166,130,141,96,68,184,113,36,45,109,121,42,56,164,105,111,94,147,57,88,91,166,114,0,19,88,88
1400000US36085000800,"Census Tract 8, Richmond County, New York",Staten Island,5178,798,2356,423,15,24,216,134,42,60,129,101,27,50,45,68,12,20,101,101,128,143,155,104,96,81,174,123,259,202,80,87,408,175,119,131,97,86,40,48,48,65,114,80,22,31,6,21,23,28,2822,595,76,88,224,193,150,125,180,186,32,61,65,94,30,39,66,95,59,56,176,97,85,80,114,140,227,171,134,83,572,207,50,57,215,149,42,51,73,72,101,64,21,39,115,116,15,26
1400000US36085000900,"Census Tract 9, Richmond County, New York",Staten Island,2209,565,1133,344,119,109,94,113,75,55,16,15,5,29,0,14,31,31,52,41,114,92,51,44,55,41,83,59,66,49,37,29,157,94,37,50,25,23,46,53,5,7,25,34,23,30,8,14,9,14,1076,342,98,135,70,95,35,39,92,91,31,52,56,61,0,14,62,74,0,14,74,54,43,39,38,25,135,106,103,65,60,39,24,36,3,6,0,14,12,13,69,60,26,22,8,12,37,45
1400000US36085001100,"Census Tract 11, Richmond County, New York",Staten Island,4852,669,2555,366,134,87,177,87,164,92,202,88,17,24,138,117,11,22,312,146,149,92,103,82,60,53,194,145,338,148,174,107,179,118,53,53,43,51,0,14,17,27,82,61,0,14,8,14,0,14,2297,418,202,136,74,66,151,147,201,126,176,89,63,28,15,22,91,54,148,102,31,29,173,149,208,95,195,127,88,93,168,125,45,44,42,57,61,72,11,14,24,32,98,78,32,35,0,14
1400000US36085001700,"Census Tract 17, Richmond County, New York",Staten Island,1638,337,628,130,0,14,35,32,0,14,63,46,10,19,0,14,5,12,23,17,17,18,15,20,65,52,35,32,54,67,83,44,9,9,42,31,63,41,12,14,25,26,33,33,26,23,13,16,0,14,1010,293,48,68,19,34,106,43,0,14,57,46,17,25,0,14,62,47,15,18,84,62,9,17,98,64,41,32,93,79,91,43,24,27,65,51,78,51,36,25,16,26,0,14,7,13,44,55
1400000US36085001800,"Census Tract 18, Richmond County, New York",Staten Island,449,235,307,189,113,117,38,36,5,7,0,14,11,14,4,10,0,14,7,10,44,44,26,23,30,32,7,8,5,7,13,12,0,14,0,14,0,14,0,14,4,7,0,14,0,14,0,14,0,14,142,61,0,14,7,10,0,14,0,14,0,14,0,14,0,14,0,14,36,40,41,36,9,13,7,10,5,7,4,7,7,9,17,28,4,6,5,7,0,14,0,14,0,14,0,14,0,14
1400000US36085002001,"Census Tract 20.01, Richmond County, New York",Staten Island,2904,472,1125,238,25,45,65,40,0,14,32,36,0,14,0,14,0,14,13,21,280,148,41,41,34,34,45,46,55,55,74,76,131,121,23,29,64,44,40,38,57,59,89,72,21,24,0,14,36,41,1779,356,12,18,21,30,63,38,0,14,40,44,0,14,0,14,46,68,272,178,45,47,107,59,40,43,54,48,135,99,130,92,28,26,140,117,155,132,155,191,67,53,98,76,116,114,55,92
1400000US36085002002,"Census Tract 20.02, Richmond County, New York",Staten Island,2727,370,1322,268,11,18,48,37,89,53,41,42,78,71,8,14,10,15,83,53,30,31,24,35,106,93,69,52,83,46,136,78,57,61,0,14,173,180,18,23,96,76,80,46,38,24,21,21,23,36,1405,259,44,51,25,28,65,50,6,12,0,14,39,59,60,61,22,35,69,47,26,31,68,51,58,53,275,145,98,64,108,66,53,69,85,64,28,22,75,49,48,38,67,43,34,33,52,35
1400000US36085002100,"Census Tract 21, Richmond County, New York",Staten Island,5623,906,2717,584,204,115,141,134,96,86,56,67,10,8,0,19,50,64,226,149,127,143,469,259,247,137,303,180,106,132,289,230,111,89,14,23,40,67,13,30,19,21,97,87,42,40,14,22,43,50,2906,468,67,78,145,117,171,149,197,110,17,29,143,117,9,16,131,126,135,115,353,152,243,145,248,141,193,139,382,226,43,46,61,60,27,49,5,17,121,114,94,64,90,69,2,5,29,49
1400000US36085002700,"Census Tract 27, Richmond County, New York",Staten Island,2627,808,1458,454,114,124,93,106,81,91,30,52,0,14,98,75,24,39,44,54,82,87,24,58,79,108,82,78,172,129,92,61,103,51,34,34,93,75,7,14,50,34,34,33,26,27,53,38,43,41,1169,420,83,80,149,210,24,28,79,80,21,37,0,14,0,14,1,3,0,14,98,110,130,80,43,51,48,62,90,63,34,37,6,12,60,41,22,21,36,40,83,52,81,50,20,26,61,40
1400000US36085002900,"Census Tract 29, Richmond County, New York",Staten Island,5495,1012,2602,416,156,141,231,140,70,67,142,96,169,121,10,19,0,19,288,188,140,71,215,147,259,127,62,54,121,67,129,107,164,88,87,119,57,49,29,42,63,60,112,137,6,14,70,55,22,33,2893,712,209,157,186,127,230,190,138,144,136,90,31,31,34,45,151,127,252,152,162,122,219,153,206,173,175,110,74,55,253,150,49,57,194,138,13,23,25,43,58,80,69,58,29,44,0,19
1400000US36085003300,"Census Tract 33, Richmond County, New York",Staten Island,3821,596,1943,343,110,83,109,58,143,93,144,92,37,47,0,14,55,65,75,81,149,112,153,116,189,103,40,49,164,94,95,46,44,31,15,22,57,58,112,95,82,67,140,67,14,23,0,14,16,16,1878,351,136,101,114,110,135,101,115,63,42,47,0,14,36,31,8,12,168,126,196,108,138,93,161,89,112,67,90,74,35,36,45,49,127,77,0,14,70,52,47,43,67,50,19,17,17,28
1400000US36085003600,"Census Tract 36, Richmond County, New York",Staten Island,2615,491,1468,316,173,145,138,120,61,49,59,74,37,39,11,15,5,9,21,22,92,69,256,124,52,41,61,38,45,45,133,65,35,26,66,47,20,16,37,29,34,31,70,53,16,16,29,33,17,18,1147,217,46,36,44,32,30,28,23,22,12,12,34,29,10,12,20,19,193,79,45,25,166,138,40,40,21,18,80,62,72,49,96,68,42,28,33,30,37,25,37,38,30,26,2,4,34,24
1400000US36085003900,"Census Tract 39, Richmond County, New York",Staten Island,2215,297,1223,237,18,32,90,76,0,14,49,45,21,39,103,44,0,14,58,53,43,37,186,109,83,56,33,33,12,26,88,72,164,103,71,60,32,38,26,29,12,19,61,47,13,18,0,14,60,33,992,166,20,27,56,69,58,31,39,46,15,23,0,14,0,14,35,45,55,52,108,54,85,67,45,40,36,36,72,59,61,53,128,70,5,8,18,19,36,31,27,26,39,31,12,18,42,29
1400000US36085004001,"Census Tract 40.01, Richmond County, New York",Staten Island,2787,824,1696,526,46,56,150,119,107,74,122,107,31,46,0,14,9,17,60,58,103,74,83,62,73,52,36,55,7,13,24,38,286,331,77,52,79,54,236,234,3,7,24,24,105,113,0,14,35,34,1091,398,0,14,18,23,59,59,11,22,0,14,0,14,14,25,24,32,47,32,31,22,90,54,72,53,9,16,58,55,335,356,38,37,41,33,10,16,52,49,108,87,35,32,0,14,39,38
1400000US36085004002,"Census Tract 40.02, Richmond County, New York",Staten Island,2411,364,1001,222,67,46,39,54,8,14,65,59,0,14,31,24,0,14,21,31,70,53,45,41,14,21,74,67,160,100,26,30,123,59,46,40,24,26,23,29,33,31,94,78,28,31,10,16,0,14,1410,268,0,14,32,35,69,60,40,43,115,94,21,28,68,70,68,47,25,27,32,31,32,36,117,74,170,101,204,120,153,68,13,21,53,40,22,24,14,20,115,71,20,26,27,38,0,14
1400000US36085004003,"Census Tract 40.03, Richmond County, New York",Staten Island,3517,724,1578,418,115,122,58,92,148,125,13,22,152,142,12,21,0,14,23,28,112,109,331,243,80,88,69,85,74,58,95,87,149,112,25,40,24,34,12,22,38,60,0,14,13,30,35,52,0,14,1939,488,0,14,92,79,344,221,105,91,33,39,14,23,51,80,154,121,104,116,49,72,88,94,125,130,51,56,256,123,65,67,57,64,128,100,0,14,0,14,92,62,72,83,47,57,12,22
1400000US36085004004,"Census Tract 40.04, Richmond County, New York",Staten Island,3834,1160,1630,545,0,14,237,224,7,12,18,16,24,26,0,14,0,14,182,162,91,84,116,92,351,283,88,52,74,63,183,150,36,30,12,14,59,62,4,10,51,32,39,47,0,14,22,27,36,45,2204,733,122,141,88,107,128,111,49,40,49,40,14,20,0,14,127,54,145,100,285,191,314,285,51,39,297,230,53,48,77,49,204,217,72,69,0,14,12,13,60,59,13,20,9,14,35,37
1400000US36085004700,"Census Tract 47, Richmond County, New York",Staten Island,2941,431,1584,277,121,116,0,14,173,59,112,86,96,64,125,62,89,81,56,56,31,41,57,62,161,113,48,53,5,13,97,71,166,85,35,33,33,25,0,14,15,16,68,45,89,93,4,8,3,11,1357,258,85,85,5,12,21,37,14,24,57,37,103,34,76,62,62,66,47,46,153,140,169,98,0,14,136,108,93,65,53,46,19,20,28,29,27,26,41,36,28,37,69,98,20,23,51,48
1400000US36085005000,"Census Tract 50, Richmond County, New York",Staten Island,4669,660,2395,484,72,65,204,126,173,196,125,108,34,37,8,16,5,10,75,96,170,122,134,73,91,77,282,152,102,61,168,111,80,47,132,98,55,49,28,32,174,104,153,76,61,48,52,55,17,24,2274,387,59,59,167,126,138,80,134,80,29,46,34,39,37,42,91,63,42,42,142,96,145,102,247,132,61,48,176,138,152,82,49,45,146,88,62,69,126,88,76,53,80,51,41,58,40,29
1400000US36085005901,"Census Tract 59.01, Richmond County, New York",Staten Island,3062,535,1512,341,22,30,18,21,62,49,112,102,39,39,0,14,0,14,12,19,179,77,403,235,69,37,70,37,60,48,59,60,165,121,43,41,82,78,17,21,9,15,17,21,40,35,14,20,20,30,1550,265,62,77,121,47,70,79,16,26,20,36,0,14,16,27,20,32,100,85,224,156,108,63,35,32,49,45,90,59,157,104,84,58,64,37,107,83,13,21,79,55,21,25,42,37,52,59
1400000US36085005902,"Census Tract 59.02, Richmond County, New York",Staten Island,0,14,0,14,0,14,0,14,0,14,0,14,0,14,0,14,0,14,0,14,0,14,0,14,0,14,0,14,0,14,0,14,0,14,0,14,0,14,0,14,0,14,0,14,0,14,0,14,0,14,0,14,0,14,0,14,0,14,0,14,0,14,0,14,0,14,0,14,0,14,0,14,0,14,0,14,0,14,0,14,0,14,0,14,0,14,0,14,0,14,0,14,0,14,0,14,0,14
1400000US36085006400,"Census Tract 64, Richmond County, New York",Staten Island,3425,505,1697,278,95,80,73,54,0,14,51,36,0,14,28,46,45,54,136,98,67,53,99,87,180,127,76,63,155,89,175,85,42,39,26,29,52,50,53,48,36,30,184,119,60,38,6,10,58,53,1728,307,37,66,195,90,78,72,29,42,8,17,60,79,24,54,95,143,141,93,128,95,74,48,78,66,113,83,109,72,76,48,40,40,48,41,43,36,97,118,138,66,45,35,41,61,31,30
1400000US36085006700,"Census Tract 67, Richmond County, New York",Staten Island,3069,399,1504,235,134,75,68,59,29,38,79,41,54,31,16,20,13,21,53,28,88,69,158,122,122,84,15,19,111,68,101,84,78,58,45,49,103,54,60,64,82,56,49,35,35,31,9,13,2,5,1565,273,39,31,75,56,9,12,83,98,85,92,0,14,50,26,102,50,41,56,256,171,50,36,14,18,144,72,99,79,72,62,48,44,66,34,69,63,24,29,183,64,22,22,34,42,0,14
1400000US36085007001,"Census Tract 70.01, Richmond County, New York",Staten Island,2739,711,1493,626,20,21,39,31,125,77,37,32,29,38,14,18,0,14,0,14,21,31,88,55,78,54,281,315,73,40,19,29,80,45,119,67,105,106,23,22,28,24,245,285,37,30,16,19,16,20,1246,239,77,50,71,64,59,44,29,43,21,26,13,20,0,14,9,13,49,51,52,37,105,62,29,22,108,62,52,49,147,71,94,72,38,30,32,33,45,32,136,61,19,18,24,22,37,25
1400000US36085007002,"Census Tract 70.02, Richmond County, New York",Staten Island,5914,1194,3115,635,18,33,234,148,418,324,31,38,208,220,0,19,50,42,146,88,154,124,213,131,49,56,306,145,100,70,380,157,248,121,151,88,135,70,46,48,53,42,132,78,10,16,33,43,0,19,2799,634,83,84,13,22,261,119,124,98,0,19,12,19,0,19,155,109,24,36,112,81,164,106,261,144,302,298,362,146,127,85,106,81,121,70,126,80,281,238,43,32,58,50,13,24,51,56
1400000US36085007400,"Census Tract 74, Richmond County, New York",Staten Island,4854,640,2806,466,195,85,145,67,148,95,114,57,65,61,35,42,50,40,230,150,144,81,156,88,123,82,109,70,137,86,118,59,465,372,49,41,59,54,109,79,133,90,76,66,66,51,11,19,69,83,2048,437,11,17,33,54,166,111,85,72,55,43,0,14,0,14,17,27,114,72,160,110,46,45,140,90,117,88,196,82,249,194,73,65,30,34,183,129,9,14,184,84,97,64,22,28,61,81
1400000US36085007500,"Census Tract 75, Richmond County, New York",Staten Island,3150,592,1547,371,178,101,58,41,182,162,67,79,0,14,30,50,0,14,22,26,64,63,58,43,109,77,178,105,73,60,134,84,114,71,42,49,19,29,71,68,57,43,39,33,15,28,19,24,18,17,1603,344,141,115,100,74,0,14,70,49,21,35,0,14,0,14,72,105,146,154,110,86,214,129,101,54,26,21,122,72,27,28,72,67,42,37,10,13,38,31,94,56,91,66,56,40,50,39
1400000US36085007700,"Census Tract 77, Richmond County, New York",Staten Island,1793,347,780,207,57,78,37,47,48,40,1,9,7,13,0,14,44,65,23,31,91,64,96,75,51,36,55,72,46,49,46,48,46,34,0,14,0,14,46,38,9,15,50,54,10,15,11,17,6,10,1013,224,231,211,27,29,44,47,24,27,61,48,0,14,2,10,21,23,85,57,105,66,66,58,88,70,49,46,55,49,40,30,11,14,29,19,0,14,10,14,37,34,19,21,0,14,9,14
1400000US36085008100,"Census Tract 81, Richmond County, New York",Staten Island,4784,632,2252,419,56,54,58,54,121,110,71,61,107,86,0,14,0,14,29,37,139,83,169,105,203,117,90,86,111,77,173,127,150,72,34,24,299,224,31,25,40,33,86,46,160,66,53,41,72,53,2532,338,199,163,107,71,78,71,32,39,94,102,25,30,79,51,91,64,60,60,294,144,24,27,57,55,108,70,175,104,80,52,165,98,128,85,10,17,77,44,278,112,108,66,123,80,140,92
1400000US36085009601,"Census Tract 96.01, Richmond County, New York",Staten Island,4326,639,2219,478,135,120,112,68,127,180,46,47,91,72,9,15,22,27,44,45,206,99,144,93,112,57,299,169,158,96,35,30,124,71,45,41,84,68,37,33,67,52,57,52,64,37,153,114,48,32,2107,337,80,72,159,86,20,31,100,88,0,14,13,18,20,29,70,69,86,63,256,143,118,56,146,118,78,68,85,50,130,72,85,55,102,93,39,25,92,68,164,68,94,61,47,38,123,55
1400000US36085009602,"Census Tract 96.02, Richmond County, New York",Staten Island,3800,538,1791,272,121,87,128,66,38,32,29,29,80,84,0,14,12,19,121,76,82,66,180,128,65,46,109,69,84,52,118,66,173,74,92,59,81,58,48,43,22,21,89,68,52,35,23,34,44,41,2009,385,82,51,121,104,49,42,14,23,56,52,0,14,0,14,112,80,248,162,225,156,154,75,82,60,56,41,185,74,178,121,15,17,107,57,51,36,7,13,64,39,48,53,51,34,104,83
1400000US36085009701,"Census Tract 97.01, Richmond County, New York",Staten Island,4523,644,1947,383,190,140,126,91,147,144,147,116,20,26,17,20,17,24,70,79,133,109,179,132,74,65,189,129,71,60,91,78,149,76,31,35,55,77,35,52,93,55,27,25,86,81,0,14,0,14,2576,332,109,107,154,118,336,161,143,91,68,78,0,14,23,34,0,14,183,109,256,150,119,99,286,127,70,50,248,118,141,83,123,90,57,68,27,27,38,41,71,50,97,83,12,20,15,17
1400000US36085009702,"Census Tract 97.02, Richmond County, New York",Staten Island,40,41,19,22,0,14,0,14,0,14,0,14,0,14,0,14,0,14,0,14,0,14,0,14,0,14,0,14,0,14,0,14,0,14,0,14,19,22,0,14,0,14,0,14,0,14,0,14,0,14,21,19,0,14,0,14,0,14,0,14,0,14,0,14,0,14,0,14,0,14,0,14,4,2,0,14,0,14,0,14,0,14,0,14,0,14,0,14,17,19,0,14,0,14,0,14,0,14
1400000US36085010500,"Census Tract 105, Richmond County, New York",Staten Island,5637,852,3070,594,87,49,213,156,517,228,194,128,98,83,83,75,40,48,42,33,259,196,209,113,234,132,157,95,145,100,245,123,155,107,16,15,19,20,42,37,113,60,44,56,86,67,10,15,62,95,2567,361,160,116,142,104,116,92,73,67,0,19,37,50,92,82,83,56,66,70,150,82,194,107,169,123,421,147,49,52,89,56,155,105,100,81,37,33,98,63,221,113,36,31,42,49,37,29
1400000US36085011201,"Census Tract 112.01, Richmond County, New York",Staten Island,5411,754,2701,491,76,50,225,104,293,131,59,48,48,49,0,19,0,19,117,152,252,155,108,75,321,173,297,151,91,61,69,50,218,172,30,29,56,43,1,3,126,94,172,85,85,60,24,27,33,35,2710,502,88,83,82,71,301,149,83,84,32,37,17,24,18,29,46,58,363,293,186,119,186,118,198,99,137,80,114,84,189,123,36,43,116,84,66,65,128,87,189,79,61,46,54,31,20,26
1400000US36085011203,"Census Tract 112.03, Richmond County, New York",Staten Island,7029,1187,3337,586,166,184,144,119,143,154,102,95,80,73,11,20,47,53,169,92,196,158,326,129,208,122,269,160,142,146,161,93,276,165,136,122,232,140,226,272,71,48,85,59,19,26,66,81,62,77,3692,760,227,130,182,163,373,214,211,212,27,42,13,23,35,56,26,43,221,154,104,91,233,112,334,216,145,106,156,101,553,352,170,113,110,53,89,77,240,242,90,61,28,42,12,22,113,81
1400000US36085011204,"Census Tract 112.04, Richmond County, New York",Staten Island,75,87,30,31,0,14,0,14,0,14,0,14,0,14,0,14,0,14,11,16,19,26,0,14,0,14,0,14,0,14,0,14,0,14,0,14,0,14,0,14,0,14,0,14,0,14,0,14,0,14,45,59,0,14,0,14,0,14,0,14,0,14,0,14,0,14,0,14,0,14,13,17,0,14,0,14,0,14,16,21,16,21,0,14,0,14,0,14,0,14,0,14,0,14,0,14,0,14
1400000US36085011401,"Census Tract 114.01, Richmond County, New York",Staten Island,2918,600,1092,383,40,56,66,91,117,121,16,35,19,34,0,14,0,14,23,36,15,28,107,67,17,24,42,47,134,124,85,90,23,27,61,45,102,89,19,17,25,31,29,36,47,52,32,38,73,116,1826,383,34,39,147,100,9,14,108,88,0,14,11,19,0,14,49,57,262,174,81,80,59,58,189,136,45,51,188,130,183,89,61,53,9,15,25,30,42,38,132,65,74,60,23,23,95,144
1400000US36085011402,"Census Tract 114.02, Richmond County, New York",Staten Island,3192,465,1401,379,125,114,104,62,104,100,41,48,0,14,0,14,0,14,0,14,88,94,152,81,53,40,101,79,106,93,72,71,38,39,48,46,32,35,8,14,93,65,102,92,74,40,34,32,26,23,1791,262,31,31,92,43,110,108,36,34,0,14,15,24,12,19,111,104,148,92,202,69,163,113,43,35,26,29,109,83,95,36,17,19,184,83,26,25,73,51,76,72,69,60,33,53,120,63
1400000US36085012100,"Census Tract 121, Richmond County, New York",Staten Island,3134,547,1431,298,94,63,49,43,87,54,28,32,0,14,8,14,0,14,8,18,86,84,113,77,105,48,66,49,135,64,14,21,258,238,66,59,53,48,30,24,78,55,47,44,39,26,17,18,50,58,1703,301,188,82,65,49,71,51,103,75,0,14,45,49,1,4,54,47,159,122,120,69,67,51,74,49,67,48,218,264,115,57,62,47,29,27,72,46,72,39,55,36,17,19,13,22,36,33
1400000US36085012200,"Census Tract 122, Richmond County, New York",Staten Island,4783,881,2464,499,121,82,67,99,373,253,365,193,11,18,14,22,50,47,54,59,114,75,284,180,51,44,211,149,135,98,216,106,22,25,48,42,67,58,67,42,37,34,86,56,13,14,46,52,12,17,2319,469,114,66,198,166,188,180,163,127,18,24,7,12,0,14,15,24,195,109,196,119,253,144,31,31,186,133,132,115,129,67,86,95,102,46,21,22,50,40,111,72,72,48,24,24,28,32
1400000US36085012500,"Census Tract 125, Richmond County, New York",Staten Island,3229,408,1578,228,85,70,23,26,115,79,22,25,11,17,0,14,26,38,93,98,114,95,191,102,106,63,80,53,62,48,116,54,207,127,43,31,48,60,64,47,23,18,40,30,52,25,36,41,21,21,1651,263,209,150,72,44,54,41,41,45,100,62,33,48,22,26,65,45,166,100,64,54,89,58,49,28,84,64,204,121,66,41,106,81,78,67,26,24,45,33,19,18,10,11,23,23,26,22
1400000US36085012804,"Census Tract 128.04, Richmond County, New York",Staten Island,4820,683,2424,458,133,82,71,57,123,116,96,86,82,57,1,7,16,25,81,75,103,96,278,169,137,87,173,86,61,47,171,113,294,157,2,4,360,270,51,66,62,47,41,31,15,20,56,43,17,19,2396,333,90,89,106,49,127,88,157,130,113,96,6,12,26,30,38,37,130,90,181,102,65,39,154,73,125,91,351,147,188,89,46,42,51,39,32,30,123,76,66,47,159,99,62,44,0,14
1400000US36085012805,"Census Tract 128.05, Richmond County, New York",Staten Island,2384,498,1237,238,38,28,94,89,68,43,18,22,27,26,42,36,9,13,108,56,70,63,70,33,45,34,71,40,111,61,190,113,3,9,92,58,14,20,36,27,21,20,47,33,32,23,0,14,31,33,1147,293,78,39,34,26,18,21,11,18,5,9,49,57,7,11,83,68,131,155,41,27,67,51,107,103,131,54,95,63,100,70,14,14,26,30,17,18,34,27,33,21,22,20,0,14,44,28
1400000US36085012806,"Census Tract 128.06, Richmond County, New York",Staten Island,6075,750,3191,471,291,215,164,153,190,161,94,102,62,67,23,38,113,123,50,64,158,160,210,143,104,92,77,70,402,200,563,288,83,105,133,143,23,38,150,120,35,40,70,65,93,71,49,58,54,89,2884,436,251,154,112,84,58,80,57,87,93,133,0,19,0,19,205,151,132,126,213,141,202,132,348,155,95,88,137,82,89,75,116,120,152,114,64,72,87,90,195,122,159,117,43,59,76,96
1400000US36085013201,"Census Tract 132.01, Richmond County, New York",Staten Island,1657,261,832,203,37,50,73,56,61,53,62,31,42,25,0,14,0,14,7,11,39,25,20,23,40,39,44,26,33,29,81,78,78,43,38,30,5,7,39,32,40,21,49,31,21,20,10,12,13,13,825,121,21,20,37,38,31,21,49,46,0,14,7,11,24,26,58,46,7,11,37,34,65,53,26,17,61,27,61,53,61,41,22,15,22,28,44,27,86,49,19,15,47,28,10,12,30,21
1400000US36085013203,"Census Tract 132.03, Richmond County, New York",Staten Island,7305,976,3571,546,28,44,285,175,135,73,289,201,71,77,64,43,40,48,94,86,379,223,367,212,101,68,171,89,165,136,303,117,259,186,121,66,137,82,9,19,231,171,173,123,61,53,58,46,30,33,3734,532,85,96,144,124,246,174,37,49,336,178,0,19,0,19,168,184,390,190,184,117,69,54,289,150,98,100,431,183,202,93,73,58,261,203,48,52,121,126,272,150,73,55,164,100,43,44
1400000US36085013204,"Census Tract 132.04, Richmond County, New York",Staten Island,4948,504,2504,302,186,97,53,34,164,95,95,73,25,29,7,10,11,15,28,35,142,90,174,102,66,46,186,93,160,70,130,126,215,91,196,113,102,76,141,165,95,69,139,59,59,54,82,88,48,37,2444,358,157,103,125,80,158,100,160,113,69,86,64,74,0,14,37,42,92,66,249,99,96,50,99,66,105,66,202,95,198,90,130,73,47,40,98,65,0,14,152,77,104,54,46,50,56,34
1400000US36085013301,"Census Tract 133.01, Richmond County, New York",Staten Island,1176,228,440,142,29,36,21,30,35,44,7,11,30,33,0,14,0,14,40,31,43,52,35,43,0,14,27,32,14,19,15,18,26,32,35,39,26,35,0,14,38,41,4,10,12,18,1,4,2,3,736,160,23,31,23,30,108,78,50,42,61,57,37,27,27,25,7,11,0,14,40,48,48,42,0,14,51,42,44,38,46,32,0,14,0,14,4,8,24,23,14,23,63,60,39,31,27,33
1400000US36085013302,"Census Tract 133.02, Richmond County, New York",Staten Island,3216,858,1326,338,162,91,130,97,87,116,66,62,13,23,4,6,30,39,14,23,129,95,104,90,70,69,60,69,76,54,61,67,111,75,77,83,10,14,20,22,75,65,27,33,0,14,0,14,0,14,1890,721,292,193,108,91,138,85,34,49,34,49,29,35,22,30,73,102,237,204,139,81,8,20,94,83,99,78,87,72,308,294,72,50,32,40,30,44,0,14,48,43,0,14,0,14,6,11
1400000US36085013400,"Census Tract 134, Richmond County, New York",Staten Island,3868,675,1906,337,85,77,109,69,156,94,199,182,15,27,0,14,2,3,74,51,118,78,101,70,152,98,151,84,123,61,54,44,133,72,14,21,102,75,0,14,81,59,119,91,48,40,37,33,33,28,1962,482,130,67,61,55,224,232,23,31,111,129,0,14,0,14,26,36,217,115,161,93,128,72,130,110,34,34,106,57,84,72,72,67,45,44,34,32,77,49,90,45,36,30,69,43,104,100
1400000US36085013800,"Census Tract 138, Richmond County, New York",Staten Island,6090,764,2949,545,111,95,188,86,192,138,64,59,19,31,0,19,93,102,76,91,49,56,400,231,382,333,192,136,25,31,152,87,61,58,52,52,224,171,0,19,250,129,135,132,139,100,97,102,48,43,3141,340,67,66,185,141,202,117,47,53,29,46,0,19,0,19,11,16,61,76,39,36,96,79,314,171,271,140,92,73,34,36,165,138,387,184,193,220,303,146,206,153,133,98,156,130,150,83
1400000US36085014100,"Census Tract 141, Richmond County, New York",Staten Island,2554,414,1302,250,131,75,56,75,32,34,31,38,30,23,10,16,33,35,18,31,112,69,117,60,22,21,104,75,19,17,81,52,115,56,3,6,157,154,64,48,103,108,24,31,24,21,7,10,9,10,1252,232,114,85,31,55,100,108,19,21,7,12,14,15,24,38,32,26,179,87,82,57,73,45,57,55,32,28,130,59,88,30,7,10,10,13,46,43,51,37,111,64,20,16,23,23,2,6
1400000US36085014604,"Census Tract 146.04, Richmond County, New York",Staten Island,7039,1347,3293,620,178,152,169,138,148,104,77,66,113,121,34,41,0,19,175,123,438,232,44,51,309,192,129,86,346,273,127,80,232,125,27,41,120,78,115,89,110,90,187,101,157,87,0,19,58,90,3746,921,222,181,230,252,440,275,167,98,91,64,0,19,0,19,212,189,172,110,222,127,151,134,334,268,150,73,181,122,209,92,63,70,146,119,69,53,72,63,318,165,140,97,111,71,46,41
1400000US36085014605,"Census Tract 146.05, Richmond County, New York",Staten Island,3724,622,1703,310,26,30,86,64,27,31,86,70,52,47,41,63,0,14,14,25,98,67,261,152,67,51,60,46,138,146,181,118,150,88,53,44,67,67,24,26,85,76,122,77,23,30,20,24,22,25,2021,363,152,132,15,25,87,92,55,67,60,53,0,14,16,25,74,74,221,116,128,105,63,69,69,53,221,151,135,99,224,103,11,17,57,43,63,59,63,47,103,67,57,58,62,52,85,72
1400000US36085014606,"Census Tract 146.06, Richmond County, New York",Staten Island,6450,1009,3403,622,162,125,58,62,102,63,29,44,200,211,39,46,48,62,443,298,204,140,52,61,161,135,417,255,186,163,211,142,138,98,44,44,317,177,73,58,201,169,136,70,53,47,129,121,0,19,3047,518,101,102,243,72,188,123,73,65,70,63,0,19,136,145,14,22,179,144,109,76,236,97,232,128,142,181,123,75,140,86,156,90,242,146,24,29,196,170,239,140,99,81,55,72,50,44
1400000US36085014607,"Census Tract 146.07, Richmond County, New York",Staten Island,4754,624,2377,365,218,139,97,79,141,113,10,16,47,46,0,14,0,14,16,24,52,55,186,106,372,179,166,115,144,118,146,83,178,90,75,61,167,76,43,39,109,76,131,62,38,32,36,33,5,8,2377,346,251,120,202,103,153,110,173,134,0,14,10,13,11,18,35,43,31,37,187,97,339,141,123,95,96,83,126,97,115,66,49,41,134,71,20,21,82,52,134,75,42,32,53,42,11,17
1400000US36085014608,"Census Tract 146.08, Richmond County, New York",Staten Island,3592,540,1712,301,12,20,56,53,125,79,111,83,37,40,12,20,79,64,76,71,93,61,71,50,31,31,114,78,186,100,159,72,160,83,45,57,12,21,51,46,49,45,101,49,62,38,60,93,10,16,1880,332,50,41,91,63,68,43,134,105,17,35,0,14,55,67,14,22,122,92,61,41,85,107,144,63,199,95,59,41,171,90,8,13,102,79,106,64,83,48,113,118,52,33,75,88,71,87
1400000US36085014700,"Census Tract 147, Richmond County, New York",Staten Island,3367,560,1779,377,58,67,75,49,61,54,41,35,30,31,0,14,0,14,77,72,272,204,161,100,57,52,22,23,76,57,142,93,57,39,22,30,113,62,15,18,203,116,156,132,53,30,34,30,54,49,1588,302,11,22,0,14,60,49,25,40,0,14,0,14,8,15,30,30,74,47,89,78,69,53,67,64,59,47,51,47,110,80,94,57,99,63,106,59,236,155,258,208,70,47,29,28,43,41
1400000US36085015100,"Census Tract 151, Richmond County, New York",Staten Island,5070,1084,2530,721,83,82,120,131,126,72,245,182,75,98,131,170,21,34,68,58,40,49,89,89,105,80,263,185,282,162,260,123,111,79,15,30,109,71,34,41,147,93,101,101,62,51,43,47,0,19,2540,478,74,83,55,60,176,165,263,152,39,57,0,19,36,43,9,22,107,104,201,116,121,82,134,136,246,142,81,61,206,106,69,61,239,95,44,40,129,71,102,114,112,97,75,62,22,38
1400000US36085015400,"Census Tract 154, Richmond County, New York",Staten Island,0,14,0,14,0,14,0,14,0,14,0,14,0,14,0,14,0,14,0,14,0,14,0,14,0,14,0,14,0,14,0,14,0,14,0,14,0,14,0,14,0,14,0,14,0,14,0,14,0,14,0,14,0,14,0,14,0,14,0,14,0,14,0,14,0,14,0,14,0,14,0,14,0,14,0,14,0,14,0,14,0,14,0,14,0,14,0,14,0,14,0,14,0,14,0,14,0,14
1400000US36085015601,"Census Tract 156.01, Richmond County, New York",Staten Island,6214,827,3179,651,116,149,161,102,311,200,67,91,27,45,20,31,268,302,146,125,95,87,230,160,163,75,142,101,375,237,58,59,255,131,175,135,25,25,38,46,94,69,201,123,150,75,17,27,45,51,3035,363,47,56,218,108,159,108,109,124,0,19,23,36,23,39,181,200,117,141,143,90,189,80,265,122,163,157,108,88,402,140,185,144,88,81,45,51,27,37,300,165,108,81,48,59,87,73
1400000US36085015602,"Census Tract 156.02, Richmond County, New York",Staten Island,3650,521,1658,229,138,66,119,91,85,61,100,56,14,22,32,52,0,14,39,37,69,52,114,102,81,39,84,48,78,82,120,61,107,85,50,48,166,89,36,45,33,42,46,28,54,33,55,40,38,30,1992,367,35,42,76,55,111,119,180,143,33,39,67,72,71,77,84,65,99,58,193,80,36,22,125,106,146,89,92,58,157,78,117,85,61,49,16,19,31,44,65,34,55,32,54,38,88,48
1400000US36085015603,"Census Tract 156.03, Richmond County, New York",Staten Island,5417,835,2791,431,226,120,76,52,305,162,61,53,14,22,10,17,83,68,45,38,245,117,92,81,147,66,181,121,229,110,295,207,203,115,62,41,79,58,23,26,151,71,114,66,44,58,73,89,33,46,2626,518,69,56,192,103,161,99,119,165,74,84,0,19,16,27,155,190,114,68,189,80,120,62,180,95,242,102,263,171,88,52,95,69,129,76,61,45,99,58,159,56,68,60,13,18,20,19
1400000US36085016901,"Census Tract 169.01, Richmond County, New York",Staten Island,3586,702,1706,400,292,209,112,91,114,84,0,14,5,10,25,32,22,35,23,35,271,208,25,32,107,97,110,52,142,85,93,75,88,54,16,21,35,34,13,15,36,35,51,44,63,38,46,51,17,23,1880,379,181,135,80,65,41,48,94,84,108,94,8,13,0,14,148,91,217,137,66,52,211,107,51,52,182,95,95,79,39,33,43,41,46,40,21,24,74,46,70,45,48,45,30,33,27,27
1400000US36085017005,"Census Tract 170.05, Richmond County, New York",Staten Island,4526,729,2010,291,57,50,249,166,76,70,94,82,23,26,0,14,40,63,88,65,78,83,75,57,126,65,87,50,181,114,64,57,166,75,160,94,75,50,152,95,23,27,65,49,39,32,90,83,2,8,2516,525,151,105,334,246,129,93,24,30,29,45,37,34,9,16,26,41,123,88,165,111,245,78,232,181,20,34,164,82,205,123,58,48,174,60,38,31,90,79,100,56,52,35,53,56,58,35
1400000US36085017007,"Census Tract 170.07, Richmond County, New York",Staten Island,6346,1130,3370,619,336,211,335,279,192,85,201,158,15,31,34,47,16,24,51,50,185,108,176,114,388,242,326,158,192,120,300,113,171,94,60,51,173,100,13,17,96,81,37,32,41,39,20,22,12,20,2976,585,267,87,359,373,78,69,49,71,0,19,47,44,34,34,100,59,126,73,236,117,270,133,238,98,229,122,214,84,120,80,53,37,85,52,84,72,92,53,149,112,85,61,48,41,13,20
1400000US36085017009,"Census Tract 170.09, Richmond County, New York",Staten Island,4880,919,2498,550,171,184,293,200,97,66,121,76,46,50,37,45,8,14,26,34,31,45,193,121,190,109,230,144,84,56,153,76,333,121,0,14,44,38,96,86,53,55,92,66,122,126,22,26,56,38,2382,450,158,100,218,137,130,91,52,61,26,41,10,14,75,59,129,87,36,36,116,74,118,63,175,81,250,138,109,58,232,115,28,32,92,56,83,82,24,27,115,51,168,156,11,17,27,24
1400000US36085017011,"Census Tract 170.11, Richmond County, New York",Staten Island,4745,673,2221,398,83,61,124,71,158,69,60,59,146,113,10,17,15,23,21,24,244,185,125,63,80,94,179,79,171,130,141,68,96,55,34,27,167,165,51,46,101,66,102,60,50,44,38,32,25,29,2524,412,135,94,221,119,121,70,22,24,28,32,15,23,34,38,222,163,265,164,90,60,83,54,198,82,202,126,188,94,84,46,89,58,124,81,43,38,23,30,157,83,79,63,57,40,44,40
1400000US36085017012,"Census Tract 170.12, Richmond County, New York",Staten Island,5363,618,2652,417,153,115,160,86,138,79,136,82,61,50,28,41,0,19,204,90,153,96,132,81,192,123,162,85,119,71,317,134,142,98,0,19,197,119,34,29,118,72,41,32,65,51,43,45,57,48,2711,326,152,81,79,67,350,136,83,81,26,30,24,37,54,51,49,54,31,28,143,69,179,84,232,122,195,76,147,97,117,68,56,43,263,125,27,31,41,26,124,72,146,74,86,51,107,57
1400000US36085017013,"Census Tract 170.13, Richmond County, New York",Staten Island,4617,809,1812,308,19,43,121,91,104,55,107,74,168,90,0,14,38,45,33,38,118,147,125,75,72,67,152,89,161,88,64,56,122,69,10,17,181,103,14,23,58,43,97,73,48,42,0,14,0,14,2805,704,64,84,33,32,131,91,383,200,25,36,50,47,71,107,12,21,186,127,97,86,39,37,219,75,173,92,294,279,206,138,9,16,88,68,303,250,41,40,253,200,31,32,69,64,28,31
1400000US36085017014,"Census Tract 170.14, Richmond County, New York",Staten Island,4141,581,1977,313,33,45,97,51,199,142,64,56,14,23,9,15,0,14,19,21,263,154,60,53,132,73,143,88,18,29,69,49,176,119,17,25,253,125,140,152,96,69,151,107,17,22,7,14,0,14,2164,363,30,36,162,113,81,72,45,55,0,14,21,33,0,14,47,47,262,199,8,15,125,72,199,96,46,43,176,104,209,128,52,42,230,132,105,73,71,57,196,57,54,50,7,13,38,47
1400000US36085017015,"Census Tract 170.15, Richmond County, New York",Staten Island,3167,471,1688,293,167,153,41,53,125,81,60,46,96,71,0,14,14,23,102,77,88,121,74,90,125,96,119,95,93,66,174,203,127,88,10,15,0,14,40,36,30,45,77,52,30,35,72,46,24,39,1479,268,111,106,31,51,8,12,19,22,0,14,115,90,0,14,23,33,198,203,88,74,134,81,22,29,123,49,179,111,19,44,18,27,81,97,30,34,44,35,72,46,45,35,49,51,70,80
1400000US36085017016,"Census Tract 170.16, Richmond County, New York",Staten Island,4461,640,2288,344,109,94,124,80,113,80,11,21,63,68,14,25,16,25,104,131,347,170,109,78,105,66,206,112,141,96,79,77,309,159,64,41,90,126,53,34,23,22,54,34,94,64,15,24,45,51,2173,381,54,62,102,68,110,70,20,22,173,177,26,29,53,66,113,96,200,119,138,77,72,50,65,40,199,94,162,76,171,129,134,147,58,41,54,42,34,23,110,66,64,36,24,24,37,42
1400000US36085017300,"Census Tract 173, Richmond County, New York",Staten Island,2791,388,1350,279,39,45,137,104,48,34,100,68,77,92,2,4,25,19,58,37,125,56,63,46,130,64,18,18,83,54,49,27,86,95,22,21,56,36,66,45,25,19,57,30,37,38,40,33,7,14,1441,192,66,59,114,52,64,40,24,27,73,84,16,13,0,14,50,38,41,37,119,70,107,81,100,56,94,50,112,55,114,115,29,30,41,29,50,40,51,38,64,40,85,49,23,19,4,6
1400000US36085017600,"Census Tract 176, Richmond County, New York",Staten Island,5169,875,2361,438,101,72,149,96,82,72,230,140,9,15,0,19,0,19,88,83,196,124,195,99,127,97,98,80,111,69,420,161,25,31,56,56,34,22,95,87,107,71,133,100,83,73,22,25,0,19,2808,524,271,181,113,96,275,155,66,39,17,28,0,19,0,19,266,232,127,85,162,98,109,84,205,95,205,120,160,119,138,94,40,35,114,80,67,65,59,38,161,101,136,106,117,93,0,19
1400000US36085017701,"Census Tract 177.01, Richmond County, New York",Staten Island,4246,619,2190,439,175,143,164,119,235,166,60,51,0,14,63,82,1,3,32,40,127,101,81,73,59,51,307,161,85,79,2,5,62,58,160,84,115,74,102,107,151,108,76,67,42,36,43,45,48,54,2056,366,32,35,113,63,172,155,0,14,0,14,0,14,0,14,178,135,101,104,246,149,112,77,0,14,74,84,207,96,125,87,139,131,207,158,9,15,62,49,74,67,59,42,79,71,67,47
1400000US36085017702,"Census Tract 177.02, Richmond County, New York",Staten Island,2117,597,841,152,27,31,65,58,12,18,22,25,20,28,0,14,37,37,0,14,21,26,119,50,0,14,66,53,62,39,77,41,117,79,0,14,13,22,13,21,73,51,47,38,29,30,6,12,15,16,1276,542,8,10,72,65,22,29,31,28,14,23,0,14,0,14,26,32,15,25,87,62,11,17,83,42,275,253,92,45,67,49,0,14,44,42,17,21,6,11,102,48,28,26,254,263,22,21
1400000US36085018100,"Census Tract 181, Richmond County, New York",Staten Island,3599,562,1646,367,50,56,38,37,100,68,30,44,0,14,9,16,0,14,23,44,15,23,236,220,58,68,68,58,98,83,71,53,85,65,16,20,92,47,83,78,70,55,90,44,105,56,212,170,97,68,1953,318,57,57,89,58,100,73,70,52,42,66,0,14,0,14,0,14,62,62,72,76,136,83,61,42,103,90,120,83,26,28,66,53,82,45,128,101,117,94,137,59,278,167,83,67,124,61
1400000US36085018701,"Census Tract 187.01, Richmond County, New York",Staten Island,1915,324,1002,219,71,67,48,34,79,40,53,53,10,13,4,6,32,39,24,21,89,51,77,55,122,87,32,28,54,38,41,32,97,52,16,14,33,26,71,52,0,14,17,16,27,28,5,7,0,14,913,155,66,60,81,52,59,38,33,34,26,28,0,14,7,11,36,29,91,53,60,54,47,33,49,33,89,34,51,34,70,28,18,28,48,35,20,21,17,16,14,14,15,14,5,7,11,17
1400000US36085018703,"Census Tract 187.03, Richmond County, New York",Staten Island,3835,838,1980,521,180,183,153,95,154,96,31,37,41,36,0,14,17,26,47,44,15,24,165,102,60,63,208,146,161,129,100,64,99,47,44,44,45,40,34,46,53,52,112,58,51,35,0,14,210,243,1855,417,75,71,107,84,248,131,74,70,31,29,4,7,55,48,30,41,79,78,137,101,59,65,118,85,131,76,111,78,51,39,52,32,21,24,51,42,30,26,110,49,159,181,58,65,64,34
1400000US36085018704,"Census Tract 187.04, Richmond County, New York",Staten Island,4659,1020,2484,708,156,205,168,167,383,134,119,76,267,182,49,61,0,14,38,39,110,113,81,80,81,72,173,138,103,78,142,119,80,69,46,37,100,89,7,11,72,48,102,54,80,61,94,83,33,46,2175,439,35,42,14,23,289,178,93,101,74,120,15,24,0,14,112,81,98,65,155,75,81,84,136,66,127,97,129,112,53,38,86,85,122,78,20,24,84,73,114,60,81,57,67,41,190,166
1400000US36085018901,"Census Tract 189.01, Richmond County, New York",Staten Island,5814,713,2691,415,135,123,247,144,66,64,177,101,111,79,7,12,0,19,102,97,50,51,218,145,401,154,203,120,159,132,166,86,111,84,125,113,16,27,31,39,105,81,105,70,75,70,35,56,46,41,3123,461,275,165,341,216,72,60,72,74,38,58,106,90,56,65,15,38,117,100,416,164,167,132,204,118,226,109,222,196,135,111,92,69,159,100,77,69,8,17,61,68,76,62,86,73,102,77
1400000US36085018902,"Census Tract 189.02, Richmond County, New York",Staten Island,5643,1237,2788,783,172,80,209,106,380,180,102,81,22,61,88,122,0,19,258,213,168,161,102,81,107,60,94,66,60,52,131,88,143,80,21,22,282,209,45,46,54,40,193,116,98,96,24,28,35,35,2855,535,105,66,248,109,250,100,140,145,209,207,11,19,202,141,89,76,108,70,110,64,159,86,157,93,86,70,198,170,183,107,8,13,196,142,75,78,108,67,95,71,43,34,12,18,63,57
1400000US36085019700,"Census Tract 197, Richmond County, New York",Staten Island,1975,324,987,157,70,48,84,53,25,26,79,52,17,24,13,22,4,9,25,25,51,42,118,53,49,30,35,33,72,74,82,35,71,43,20,19,48,28,35,24,6,11,43,31,16,15,9,13,15,18,988,225,66,53,0,14,21,18,46,35,38,23,0,14,23,23,40,25,54,47,55,43,67,30,132,159,60,42,55,38,85,31,16,14,37,25,37,21,42,37,57,27,25,21,14,16,18,16
1400000US36085019800,"Census Tract 198, Richmond County, New York",Staten Island,7350,994,3917,460,190,144,294,196,307,130,414,208,0,19,96,85,117,157,146,99,119,90,37,64,210,120,115,80,311,153,464,199,113,102,51,61,331,261,88,80,99,72,115,79,104,97,56,59,140,106,3433,676,112,114,70,86,163,95,209,174,0,19,67,118,56,75,15,26,162,133,306,200,376,257,160,122,389,156,316,195,173,132,290,329,43,52,35,41,78,68,66,65,141,86,133,99,73,78
1400000US36085020100,"Census Tract 201, Richmond County, New York",Staten Island,3356,734,1719,425,178,170,33,42,198,174,43,51,50,57,0,14,2,5,139,109,97,59,90,138,86,89,164,105,84,77,127,69,197,117,0,14,55,48,56,62,44,42,15,17,17,21,13,15,31,35,1637,405,86,105,54,93,209,167,41,66,0,14,39,50,28,39,83,73,76,83,81,89,112,119,181,82,115,76,34,26,313,140,14,16,19,26,38,39,23,24,22,21,38,33,24,22,7,9
1400000US36085020701,"Census Tract 207.01, Richmond County, New York",Staten Island,3364,1121,1768,783,145,190,133,137,176,132,10,45,65,98,0,14,152,215,128,145,48,62,126,157,41,58,241,157,151,262,136,153,48,43,0,14,81,94,0,14,70,111,10,23,0,14,0,14,7,18,1596,508,129,135,37,79,193,145,68,114,0,14,0,14,81,126,0,14,137,161,108,108,191,120,80,92,81,124,62,76,63,94,129,131,89,80,0,14,18,27,3,14,100,105,25,48,2,31
1400000US36085020702,"Census Tract 207.02, Richmond County, New York",Staten Island,2928,642,1625,500,287,235,95,119,227,141,0,14,0,14,39,46,25,28,94,74,124,84,44,75,28,47,238,153,66,80,90,82,65,46,37,55,25,40,16,72,103,100,0,14,0,14,0,14,22,29,1303,369,25,62,69,92,0,14,0,14,0,14,43,64,12,20,25,42,142,123,117,172,245,120,27,45,35,59,77,75,96,80,72,66,56,71,88,127,48,60,9,37,22,31,37,29,58,65
1400000US36085020803,"Census Tract 208.03, Richmond County, New York",Staten Island,7627,1025,3571,810,21,32,398,220,550,358,133,106,85,91,63,76,56,68,159,130,130,141,154,113,258,276,241,183,303,185,54,66,143,138,131,114,238,165,103,78,99,91,82,59,33,37,91,117,46,44,4056,512,197,121,192,150,269,190,251,260,46,62,36,44,54,61,239,191,156,151,275,186,373,236,197,167,181,130,289,174,92,76,183,155,158,91,48,41,223,94,253,138,163,124,35,43,146,92
1400000US36085020804,"Census Tract 208.04, Richmond County, New York",Staten Island,5124,774,2654,530,141,142,208,197,136,60,60,41,22,21,15,19,44,37,257,221,78,52,117,93,210,113,177,66,99,72,121,85,193,115,98,63,115,73,44,34,127,59,179,61,43,34,75,54,95,54,2470,356,93,87,69,57,95,93,102,64,76,84,29,28,26,28,32,31,259,177,97,67,268,151,54,44,107,75,258,107,95,54,114,97,111,68,68,45,97,59,188,71,98,66,82,67,52,41
1400000US36085020805,"Census Tract 208.05, Richmond County, New York",Staten Island,6559,1130,3267,681,305,210,128,91,201,163,158,109,14,26,0,19,82,99,69,61,60,54,352,242,276,136,192,136,359,112,213,125,149,111,36,40,198,108,14,26,16,25,59,52,144,90,229,166,13,21,3292,552,235,180,200,121,230,131,57,67,11,19,31,35,0,19,48,45,214,181,214,116,346,160,159,86,168,70,49,44,154,87,55,50,155,101,178,213,145,76,173,94,181,103,228,138,61,50
1400000US36085020806,"Census Tract 208.06, Richmond County, New York",Staten Island,2533,344,1320,201,68,54,31,29,45,36,89,45,85,67,0,14,11,14,42,36,70,66,71,52,45,39,112,51,202,135,120,72,102,70,32,37,51,52,38,31,51,53,19,19,21,26,15,19,0,14,1213,197,24,24,69,50,72,46,41,40,25,25,20,23,0,14,43,46,75,53,164,88,93,44,39,33,85,47,110,58,130,75,15,20,79,47,12,17,66,55,6,11,16,23,29,28,0,14
1400000US36085021300,"Census Tract 213, Richmond County, New York",Staten Island,5680,1084,3084,625,99,70,227,151,110,94,116,87,91,96,99,52,25,32,193,145,162,110,283,170,254,136,124,127,343,199,379,218,75,63,91,67,113,74,78,68,33,28,118,71,64,46,7,12,0,19,2596,639,126,90,269,143,279,193,160,140,12,19,56,46,0,19,17,29,188,112,206,93,55,61,265,167,139,78,198,123,121,81,44,36,156,97,76,58,48,48,107,55,23,22,38,42,13,17
1400000US36085022300,"Census Tract 223, Richmond County, New York",Staten Island,3263,491,1353,215,49,67,140,94,198,94,11,17,0,14,0,14,8,14,17,17,62,47,121,64,115,55,62,61,69,66,75,52,211,86,66,58,42,35,5,8,10,14,54,49,34,26,0,14,4,7,1910,409,84,68,147,95,149,99,64,56,52,48,6,10,10,15,80,50,101,70,221,135,19,17,121,83,112,61,44,27,171,62,14,13,66,44,23,26,39,36,42,32,66,67,266,213,13,18
1400000US36085022601,"Census Tract 226.01, Richmond County, New York",Staten Island,7483,872,3641,514,243,128,183,89,393,251,66,70,63,82,0,19,95,150,187,122,201,230,255,159,192,124,270,161,259,154,291,192,284,158,0,19,189,212,14,29,178,150,142,99,115,74,21,31,0,19,3842,577,368,195,149,96,458,252,39,65,46,57,0,19,142,103,21,38,154,113,199,123,239,179,412,135,88,76,479,173,270,138,75,75,129,117,144,132,82,76,88,67,79,65,81,91,100,90
1400000US36085022602,"Census Tract 226.02, Richmond County, New York",Staten Island,1373,471,571,181,6,18,0,14,9,19,8,13,0,14,37,24,0,14,0,14,46,64,16,22,50,54,0,14,41,31,60,92,61,35,40,64,43,21,23,24,33,46,28,32,46,29,20,21,4,8,802,414,5,15,0,14,28,32,3,10,0,14,0,14,0,14,0,14,103,73,20,20,6,12,75,49,0,14,3,6,2,10,325,402,48,29,16,26,41,44,45,41,70,31,9,14,3,6
1400000US36085022801,"Census Tract 228.01, Richmond County, New York",Staten Island,37,26,28,20,0,14,0,14,0,14,0,14,0,14,0,14,0,14,0,14,10,14,6,9,0,14,0,14,0,14,0,14,6,8,6,8,0,14,0,14,0,14,0,14,0,14,0,14,0,14,9,7,0,14,0,14,0,14,0,14,0,14,0,14,0,14,0,14,0,14,0,14,0,14,0,14,0,14,0,14,9,7,0,14,0,14,0,14,0,14,0,14,0,14,0,14,0,14
1400000US36085022802,"Census Tract 228.02, Richmond County, New York",Staten Island,0,14,0,14,0,14,0,14,0,14,0,14,0,14,0,14,0,14,0,14,0,14,0,14,0,14,0,14,0,14,0,14,0,14,0,14,0,14,0,14,0,14,0,14,0,14,0,14,0,14,0,14,0,14,0,14,0,14,0,14,0,14,0,14,0,14,0,14,0,14,0,14,0,14,0,14,0,14,0,14,0,14,0,14,0,14,0,14,0,14,0,14,0,14,0,14,0,14
1400000US36085023100,"Census Tract 231, Richmond County, New York",Staten Island,4759,841,2547,598,266,155,201,139,262,188,38,45,163,170,43,55,7,10,46,54,104,63,59,63,117,83,165,99,143,77,89,53,206,158,118,72,204,100,20,26,59,88,157,135,0,14,55,51,25,28,2212,333,187,117,228,160,67,79,5,13,16,27,1,3,11,17,133,122,164,99,157,98,82,51,208,123,181,160,222,82,106,63,76,62,126,81,42,36,55,64,39,30,39,44,41,40,26,36
1400000US36085023900,"Census Tract 239, Richmond County, New York",Staten Island,3108,552,1480,312,72,78,72,50,140,110,120,104,30,34,2,2,0,14,2,6,290,142,46,41,53,49,102,72,166,92,49,40,126,70,35,41,70,66,6,17,38,34,8,11,19,25,25,27,9,14,1628,330,9,17,102,131,94,76,43,31,43,55,8,21,0,14,82,62,199,113,25,32,82,59,90,70,141,90,105,62,111,67,24,36,24,30,93,74,70,61,114,62,29,34,118,124,22,33
1400000US36085024401,"Census Tract 244.01, Richmond County, New York",Staten Island,6270,1046,3273,708,86,83,263,323,178,211,253,187,74,96,0,19,0,19,286,212,92,87,163,148,408,114,30,26,144,150,563,200,250,177,32,37,79,71,65,65,18,31,34,61,93,77,26,31,136,120,2997,581,487,359,26,32,127,111,163,145,53,73,86,125,12,21,167,118,141,138,0,19,286,195,216,168,163,138,455,203,122,83,62,68,93,81,17,47,29,37,40,56,91,69,161,114,0,19
1400000US36085024402,"Census Tract 244.02, Richmond County, New York",Staten Island,5013,826,2418,387,67,71,67,48,153,75,96,70,16,21,67,57,0,19,154,115,149,152,52,54,132,110,222,91,142,91,153,85,234,149,61,54,165,117,62,58,149,107,135,99,94,53,38,39,10,16,2595,532,88,115,180,103,173,168,102,68,63,54,56,59,48,45,144,166,128,83,142,113,93,69,256,125,94,61,191,100,275,181,49,51,68,46,33,31,88,49,76,46,119,86,77,77,52,43
1400000US36085024700,"Census Tract 247, Richmond County, New York",Staten Island,2835,520,1481,318,193,153,126,102,78,50,67,42,69,52,19,20,19,21,40,44,92,67,137,74,80,47,82,53,133,57,62,58,62,41,19,18,55,31,42,34,2,3,48,28,37,40,4,7,15,16,1354,261,85,66,56,46,33,26,15,16,0,14,24,24,6,9,88,108,134,70,127,79,47,36,75,49,101,70,36,50,88,45,36,26,162,74,18,17,55,40,71,44,49,30,15,13,33,50
1400000US36085024800,"Census Tract 248, Richmond County, New York",Staten Island,4769,704,2408,381,216,159,126,95,59,68,125,94,24,30,21,25,0,14,60,46,99,105,96,94,222,157,261,181,188,145,265,132,317,127,47,45,24,26,35,38,13,19,169,94,22,22,10,16,9,16,2361,410,262,123,188,98,79,92,155,133,42,66,45,39,12,18,59,54,76,68,256,130,213,104,170,97,103,86,128,84,186,104,29,34,51,44,25,28,47,38,118,72,56,36,25,28,36,31
1400000US36085025100,"Census Tract 251, Richmond County, New York",Staten Island,6459,787,3499,596,183,139,229,146,379,215,118,104,41,46,0,19,21,34,168,104,304,208,370,198,268,204,138,126,217,186,205,126,196,150,0,19,111,82,85,73,134,147,131,86,85,87,53,45,63,77,2960,356,119,130,136,127,115,96,98,69,67,57,28,39,21,30,24,37,105,94,280,157,196,152,207,136,273,192,229,131,181,109,36,41,204,205,67,54,192,152,170,105,94,80,34,34,84,109
1400000US36085027301,"Census Tract 273.01, Richmond County, New York",Staten Island,4494,570,2191,314,122,92,153,77,168,74,19,25,25,40,31,32,31,38,36,43,168,91,196,94,183,93,42,38,109,76,165,84,255,119,31,29,60,77,65,45,87,81,103,75,67,45,46,42,29,27,2303,376,67,55,86,58,45,49,46,43,81,53,41,40,93,44,167,126,71,60,254,124,138,64,53,47,96,70,163,90,323,169,37,32,98,73,45,48,94,54,103,43,57,33,109,82,36,32
1400000US36085027302,"Census Tract 273.02, Richmond County, New York",Staten Island,4872,885,1988,408,287,173,143,108,149,94,83,86,147,168,0,14,0,14,44,36,94,74,195,119,151,92,133,77,69,87,12,17,56,43,27,29,42,37,30,29,68,45,144,70,57,41,49,50,8,12,2884,611,321,211,576,204,303,170,164,124,9,14,23,27,6,19,45,65,170,107,119,109,183,101,89,58,113,97,7,17,87,54,38,35,71,59,32,28,122,68,164,75,182,158,59,46,1,3
1400000US36085027702,"Census Tract 277.02, Richmond County, New York",Staten Island,6161,783,2595,561,159,78,73,86,78,74,76,66,40,45,0,19,0,19,100,79,266,244,311,200,103,64,229,116,114,102,178,123,200,138,65,75,95,118,87,100,46,37,199,115,59,43,40,47,77,65,3566,422,233,128,79,59,169,124,89,79,14,26,0,19,0,19,79,86,293,157,195,156,251,127,136,68,319,158,373,207,189,106,270,161,71,63,127,107,127,72,274,139,73,60,102,79,103,68
1400000US36085027704,"Census Tract 277.04, Richmond County, New York",Staten Island,5174,816,2609,507,189,90,345,164,131,91,133,108,62,65,0,19,10,31,45,47,75,61,198,86,159,84,173,149,72,46,217,115,254,137,31,30,67,42,105,149,55,57,127,64,145,100,6,10,10,17,2565,419,41,51,180,106,197,106,123,102,97,95,20,23,16,27,64,61,152,114,128,67,123,73,146,87,273,170,183,84,117,85,52,39,86,72,43,48,68,56,257,112,96,61,65,48,38,30
1400000US36085027705,"Census Tract 277.05, Richmond County, New York",Staten Island,6119,785,3003,360,178,113,80,60,210,145,82,68,0,19,53,53,85,70,99,84,307,187,174,103,256,127,159,106,220,113,177,104,145,97,58,68,156,64,32,37,160,69,136,75,130,96,66,50,40,30,3116,501,101,69,141,85,184,113,118,105,83,75,32,48,90,72,89,84,90,79,307,105,295,169,242,133,160,92,260,116,136,89,138,163,74,59,147,79,122,76,102,50,66,40,94,70,45,36
1400000US36085027706,"Census Tract 277.06, Richmond County, New York",Staten Island,3107,689,1561,413,78,80,120,65,127,67,15,22,40,54,77,122,0,14,0,14,163,70,137,90,71,55,91,71,64,48,196,216,34,35,20,30,77,56,23,26,32,24,99,50,58,41,19,22,20,23,1546,340,107,69,17,26,75,64,26,30,120,165,0,14,0,14,41,47,82,74,104,68,59,47,243,154,178,156,43,32,125,48,11,19,67,44,43,36,54,38,94,52,35,54,17,18,5,12
1400000US36085027900,"Census Tract 279, Richmond County, New York",Staten Island,2148,393,990,235,65,37,52,37,154,145,34,31,19,19,13,19,0,14,0,14,40,29,38,29,40,29,80,81,29,24,68,36,42,31,56,38,23,19,23,15,23,19,43,40,54,37,36,27,58,23,1158,193,21,20,51,35,57,88,44,32,16,23,14,19,15,17,16,17,46,29,60,70,36,21,96,74,87,52,48,28,52,33,7,12,52,39,18,17,34,24,58,48,89,46,63,36,178,52
1400000US36085029102,"Census Tract 291.02, Richmond County, New York",Staten Island,3355,933,1811,572,256,172,94,65,84,67,45,57,0,14,11,18,0,14,0,14,242,197,89,68,270,154,158,157,125,103,78,65,15,24,132,171,63,66,61,49,16,25,11,17,16,26,45,36,0,14,1544,453,171,116,104,60,65,58,13,25,25,44,21,35,0,14,31,40,166,111,243,102,46,35,86,72,56,59,121,91,182,222,12,20,4,16,71,69,36,33,13,16,53,44,4,19,21,24
1400000US36085029104,"Census Tract 291.04, Richmond County, New York",Staten Island,6879,1195,3276,647,130,170,11,19,104,100,194,133,67,72,62,87,8,14,206,134,409,266,225,192,229,206,124,105,161,128,299,151,171,119,44,46,222,160,43,43,152,97,88,80,72,73,86,78,169,129,3603,695,120,131,311,366,107,96,112,112,163,151,58,68,0,19,104,107,192,126,224,211,132,108,157,104,154,109,340,222,237,120,27,32,183,159,134,100,115,83,179,93,172,119,139,110,243,167
1400000US36085029105,"Census Tract 291.05, Richmond County, New York",Staten Island,4467,670,2040,354,96,59,183,113,83,79,66,47,68,73,0,14,81,54,72,63,257,113,45,45,161,103,138,96,183,196,69,59,159,85,62,61,31,50,26,36,15,25,112,74,67,45,54,46,12,19,2427,430,20,22,31,34,324,197,45,40,35,44,43,47,25,32,106,97,193,81,102,67,200,111,224,153,207,93,180,116,108,81,71,65,28,26,50,42,33,35,165,82,124,74,25,33,88,61
1400000US36085029106,"Census Tract 291.06, Richmond County, New York",Staten Island,2845,492,1449,295,98,74,28,51,131,95,93,83,60,57,30,36,57,49,49,50,55,67,41,52,101,81,114,92,71,52,28,43,49,43,69,56,78,54,14,25,38,31,67,46,141,87,19,25,18,27,1396,305,119,171,67,50,96,92,76,82,0,14,0,14,12,19,5,14,92,86,42,40,57,46,76,83,171,113,111,67,108,72,14,22,53,39,79,70,44,38,73,45,23,22,58,62,20,26
1400000US36085030301,"Census Tract 303.01, Richmond County, New York",Staten Island,5384,818,2751,496,128,138,69,58,221,171,62,60,68,59,8,14,67,74,50,52,315,187,220,115,80,45,138,107,270,156,134,92,122,79,46,37,129,56,50,40,252,209,155,83,106,86,28,23,33,38,2633,425,57,70,41,36,59,67,100,100,61,80,56,73,130,136,171,132,161,93,126,100,43,48,289,210,250,115,148,96,185,96,87,85,116,100,140,103,98,65,112,68,112,71,66,77,25,27
1400000US36085030302,"Census Tract 303.02, Richmond County, New York",Staten Island,6123,545,2558,307,95,91,55,69,211,123,78,64,151,120,0,19,31,36,76,62,338,132,5,12,158,90,125,88,216,126,150,85,119,79,144,137,203,119,67,52,0,19,83,62,189,159,64,53,0,19,3565,442,74,61,150,86,315,161,118,95,167,98,30,26,95,79,187,78,226,155,232,159,130,122,212,110,319,145,346,182,223,111,65,59,158,80,55,43,39,43,179,87,156,96,78,82,11,19
1400000US36085031901,"Census Tract 319.01, Richmond County, New York",Staten Island,3948,695,1725,455,110,111,117,83,269,142,97,63,78,69,70,56,0,14,0,14,95,99,233,254,139,87,157,99,85,107,55,71,148,133,0,14,2,6,0,14,47,32,1,9,0,14,22,22,0,14,2223,424,134,111,162,108,93,63,124,82,206,120,109,82,21,34,48,34,129,73,18,25,266,130,274,148,179,94,107,63,32,49,7,14,108,126,14,19,24,33,110,87,20,28,22,22,16,24
1400000US36085031902,"Census Tract 319.02, Richmond County, New York",Staten Island,4657,721,2361,511,66,57,201,129,245,140,146,108,0,14,20,29,0,14,78,84,80,99,69,81,280,308,134,85,207,89,239,96,85,65,86,84,93,112,88,58,90,64,72,71,21,22,55,56,6,10,2296,445,15,26,213,97,183,155,152,100,10,17,34,47,42,43,9,16,169,107,179,125,88,85,269,99,167,93,85,75,98,82,219,228,121,68,63,52,58,48,30,41,24,37,0,14,68,53
1400000US36085032300,"Census Tract 323, Richmond County, New York",Staten Island,1030,301,497,165,50,66,13,15,0,14,13,20,0,14,7,11,0,14,22,23,13,13,30,28,46,35,54,85,41,35,17,18,73,56,12,15,30,26,5,9,42,37,20,31,9,13,0,14,0,14,533,163,0,14,11,11,0,14,61,57,20,27,0,14,3,6,0,14,23,21,2,4,56,53,90,90,13,15,106,45,60,53,4,6,18,19,6,10,19,16,29,28,11,13,0,14,1,5
1400000US36085990100,"Census Tract 9901, Richmond County, New York",Staten Island,0,14,0,14,0,14,0,14,0,14,0,14,0,14,0,14,0,14,0,14,0,14,0,14,0,14,0,14,0,14,0,14,0,14,0,14,0,14,0,14,0,14,0,14,0,14,0,14,0,14,0,14,0,14,0,14,0,14,0,14,0,14,0,14,0,14,0,14,0,14,0,14,0,14,0,14,0,14,0,14,0,14,0,14,0,14,0,14,0,14,0,14,0,14,0,14,0,14
