geoid,tract_name,borough,B03002_E001,B03002_M001,B03002_E002,B03002_M002,B03002_E003,B03002_M003,B03002_E004,B03002_M004,B03002_E005,B03002_M005,B03002_E006,B03002_M006,B03002_E007,B03002_M007,B03002_E008,B03002_M008,B03002_E009,B03002_M009,B03002_E010,B03002_M010,B03002_E011,B03002_M011,B03002_E012,B03002_M012,B03002_E013,B03002_M013,B03002_E014,B03002_M014,B03002_E015,B03002_M015,B03002_E016,B03002_M016,B03002_E017,B03002_M017,B03002_E018,B03002_M018,B03002_E019,B03002_M019,B03002_E020,B03002_M020,B03002_E021,B03002_M021
1400000US36005000100,"Census Tract 1, Bronx County, New York",Bronx,2950,1354,2320,1255,924,820,1281,481,9,16,13,21,0,14,23,30,70,248,0,14,70,248,630,214,65,70,37,73,0,14,0,14,0,14,311,188,217,127,217,127,0,14
1400000US36005000200,"Census Tract 2, Bronx County, New York",Bronx,5061,683,1995,543,70,94,1491,482,0,19,362,379,0,19,19,36,53,89,27,45,26,44,3066,607,542,354,194,218,0,19,24,37,0,19,1769,634,537,298,390,261,147,143
1400000US36005000400,"Census Tract 4, Bronx County, New York",Bronx,6649,974,2384,620,111,78,2056,603,0,19,123,114,0,19,42,64,52,66,15,23,37,59,4265,788,32,47,326,316,0,19,0,19,0,19,2564,1105,1343,694,1321,690,22,41
1400000US36005001600,"Census Tract 16, Bronx County, New York",Bronx,5611,602,2398,689,75,53,1887,612,128,115,254,234,0,19,6,10,48,48,25,38,23,33,3213,614,80,79,407,509,32,50,0,19,0,19,1853,550,841,353,629,311,212,222
1400000US36005001901,"Census Tract 19.01, Bronx County, New York",Bronx,2260,308,1285,365,181,83,945,392,33,46,69,84,0,14,0,14,57,39,28,28,29,31,975,203,67,62,255,191,79,112,0,14,0,14,476,171,98,76,35,41,63,62
1400000US36005001902,"Census Tract 19.02, Bronx County, New York",Bronx,2079,359,1020,197,61,46,367,113,0,14,0,14,502,176,0,14,90,62,10,16,80,59,1059,355,28,41,39,46,18,27,27,41,0,14,583,325,364,149,302,131,62,63
1400000US36005001903,"Census Tract 19.03, Bronx County, New York",Bronx,0,14,0,14,0,14,0,14,0,14,0,14,0,14,0,14,0,14,0,14,0,14,0,14,0,14,0,14,0,14,0,14,0,14,0,14,0,14,0,14,0,14
1400000US36005001904,"Census Tract 19.04, Bronx County, New York",Bronx,0,14,0,14,0,14,0,14,0,14,0,14,0,14,0,14,0,14,0,14,0,14,0,14,0,14,0,14,0,14,0,14,0,14,0,14,0,14,0,14,0,14
1400000US36005002001,"Census Tract 20.01, Bronx County, New York",Bronx,4199,805,1626,422,21,47,1317,402,0,14,0,14,0,14,115,143,173,153,100,147,73,79,2573,710,429,342,175,207,62,60,0,14,0,14,1563,715,344,227,344,227,0,14
1400000US36005002002,"Census Tract 20.02, Bronx County, New York",Bronx,3609,807,806,474,30,49,662,465,0,14,98,173,0,14,0,14,16,26,16,26,0,14,2803,860,460,457,243,247,0,14,0,14,0,14,1529,416,571,665,112,126,459,655
1400000US36005002300,"Census Tract 23, Bronx County, New York",Bronx,4567,632,1628,464,8,11,1494,433,0,14,0,14,0,14,97,142,29,39,13,24,16,30,2939,544,303,189,182,159,136,233,0,14,0,14,1665,640,653,345,566,332,87,111
1400000US36005002400,"Census Tract 24, Bronx County, New York",Bronx,105,9,90,30,0,14,79,37,0,14,0,14,0,14,0,14,11,26,0,14,11,26,15,28,0,14,0,14,0,14,0,14,0,14,15,28,0,14,0,14,0,14
1400000US36005002500,"Census Tract 25, Bronx County, New York",Bronx,5117,609,1106,454,152,144,845,417,0,19,0,19,0,19,45,70,64,105,0,19,64,105,4011,590,90,79,236,170,247,299,0,19,0,19,2514,540,924,476,523,309,401,302
1400000US36005002701,"Census Tract 27.01, Bronx County, New York",Bronx,3111,536,662,318,26,28,600,324,0,14,36,35,0,14,0,14,0,14,0,14,0,14,2449,567,69,71,129,134,0,14,0,14,0,14,1436,471,815,635,815,635,0,14
1400000US36005002702,"Census Tract 27.02, Bronx County, New York",Bronx,4798,604,1309,477,8,17,1184,478,0,14,33,51,0,14,21,35,63,70,39,60,24,36,3489,503,147,113,252,182,60,99,0,14,0,14,2316,528,714,407,674,407,40,64
1400000US36005002800,"Census Tract 28, Bronx County, New York",Bronx,5462,809,2987,723,14,24,2973,719,0,19,0,19,0,19,0,19,0,19,0,19,0,19,2475,918,476,321,250,267,114,167,0,19,0,19,1334,820,301,181,218,173,83,124
1400000US36005003100,"Census Tract 31, Bronx County, New York",Bronx,2788,466,1022,368,28,37,827,435,0,14,150,124,0,14,0,14,17,25,0,14,17,25,1766,389,783,248,217,151,12,21,178,277,0,14,364,193,212,167,190,164,22,32
1400000US36005003300,"Census Tract 33, Bronx County, New York",Bronx,3577,759,1116,628,68,70,1048,635,0,14,0,14,0,14,0,14,0,14,0,14,0,14,2461,607,16,83,100,97,152,235,0,14,0,14,1458,502,735,548,452,278,283,300
1400000US36005003500,"Census Tract 35, Bronx County, New York",Bronx,3481,794,1065,340,123,73,684,316,0,14,92,128,0,14,0,14,166,159,0,14,166,159,2416,837,96,72,742,822,24,38,0,14,0,14,961,382,593,308,385,266,208,163
1400000US36005003700,"Census Tract 37, Bronx County, New York",Bronx,418,222,91,62,26,24,65,54,0,14,0,14,0,14,0,14,0,14,0,14,0,14,327,196,9,13,108,104,0,14,0,14,0,14,60,73,150,144,150,144,0,14
1400000US36005003800,"Census Tract 38, Bronx County, New York",Bronx,1250,322,235,133,5,24,141,98,0,14,89,78,0,14,0,14,0,14,0,14,0,14,1015,370,190,134,10,17,0,14,0,14,0,14,695,411,120,80,120,80,0,14
1400000US36005003900,"Census Tract 39, Bronx County, New York",Bronx,5581,930,804,382,313,232,154,134,66,156,16,23,0,19,0,19,255,277,218,271,37,63,4777,850,109,180,71,94,495,576,33,96,16,48,3271,933,782,467,782,467,0,19
1400000US36005004001,"Census Tract 40.01, Bronx County, New York",Bronx,1294,243,702,191,11,11,185,96,0,14,445,190,0,14,15,13,46,45,26,37,20,29,592,230,64,68,5,7,0,14,0,14,0,14,431,226,92,78,92,78,0,14
1400000US36005004100,"Census Tract 41, Bronx County, New York",Bronx,6162,1109,1914,541,89,102,1382,663,0,19,58,90,0,19,300,465,85,135,0,19,85,135,4248,1078,196,152,694,897,0,19,0,19,0,19,2514,767,844,648,742,644,102,124
1400000US36005004200,"Census Tract 42, Bronx County, New York",Bronx,7755,881,2547,740,23,38,2438,744,0,19,27,38,0,19,0,19,59,89,59,89,0,19,5208,971,1329,848,1115,810,159,187,0,19,0,19,1873,773,732,425,506,374,226,246
1400000US36005004300,"Census Tract 43, Bronx County, New York",Bronx,5400,659,1762,508,7,18,1527,497,9,21,0,19,0,19,109,102,110,130,0,19,110,130,3638,784,671,431,217,192,228,482,0,19,0,19,1514,618,1008,482,750,376,258,250
1400000US36005004400,"Census Tract 44, Bronx County, New York",Bronx,4303,572,1573,436,55,33,1301,362,0,14,130,183,0,14,73,117,14,21,0,14,14,21,2730,619,561,373,231,161,11,17,0,14,0,14,1290,467,637,358,472,360,165,189
1400000US36005004600,"Census Tract 46, Bronx County, New York",Bronx,1478,314,518,151,32,48,458,152,0,14,0,14,0,14,0,14,28,26,15,18,13,18,960,295,113,93,79,69,0,14,0,14,0,14,291,151,477,304,408,287,69,97
1400000US36005004800,"Census Tract 48, Bronx County, New York",Bronx,4204,644,785,447,73,48,651,450,0,14,36,44,0,14,14,30,11,18,0,14,11,18,3419,466,268,208,127,148,19,29,0,14,0,14,2560,587,445,252,433,252,12,20
1400000US36005005001,"Census Tract 50.01, Bronx County, New York",Bronx,4878,681,1584,437,44,51,1452,448,0,14,71,84,0,14,17,25,0,14,0,14,0,14,3294,534,47,54,100,93,251,316,0,14,0,14,2475,621,421,217,397,208,24,39
1400000US36005005002,"Census Tract 50.02, Bronx County, New York",Bronx,6275,1225,1784,932,32,35,1478,929,0,19,0,19,41,94,99,147,134,128,24,36,110,124,4491,797,86,77,120,101,219,289,0,19,0,19,3483,870,583,320,563,315,20,26
1400000US36005005100,"Census Tract 51, Bronx County, New York",Bronx,7261,953,2871,768,62,67,2539,703,0,19,88,103,0,19,0,19,182,182,30,52,152,171,4390,850,544,755,1241,694,0,19,0,19,0,19,1685,597,920,603,845,589,75,88
1400000US36005005200,"Census Tract 52, Bronx County, New York",Bronx,1837,289,532,249,0,14,485,259,0,14,0,14,0,14,38,50,9,13,9,13,0,14,1305,310,164,104,67,77,55,85,0,14,0,14,830,270,189,127,162,119,27,39
1400000US36005005300,"Census Tract 53, Bronx County, New York",Bronx,4065,858,2532,742,93,151,2243,718,0,14,0,14,0,14,77,116,119,150,0,14,119,150,1533,562,129,115,116,116,0,14,0,14,0,14,1141,570,147,141,126,137,21,31
1400000US36005005400,"Census Tract 54, Bronx County, New York",Bronx,5482,911,1675,557,15,18,1315,558,0,19,0,19,0,19,90,83,255,178,156,148,99,92,3807,906,45,58,317,246,224,270,0,19,0,19,2504,742,717,506,717,506,0,19
1400000US36005005600,"Census Tract 56, Bronx County, New York",Bronx,2501,490,675,340,25,28,340,222,15,25,77,150,0,14,82,66,136,194,19,28,117,192,1826,382,0,14,70,70,11,19,0,14,0,14,1526,417,219,179,219,179,0,14
1400000US36005005902,"Census Tract 59.02, Bronx County, New York",Bronx,3019,478,1453,375,751,284,666,372,0,14,19,43,0,14,0,14,17,28,0,14,17,28,1566,385,32,49,77,81,0,14,0,14,0,14,622,272,835,332,718,341,117,41
1400000US36005006000,"Census Tract 60, Bronx County, New York",Bronx,1280,344,207,134,12,18,187,136,4,6,0,14,0,14,0,14,4,6,0,14,4,6,1073,388,11,13,49,46,2,3,0,14,0,14,513,336,498,237,320,132,178,143
1400000US36005006100,"Census Tract 61, Bronx County, New York",Bronx,3369,677,2831,689,47,66,2599,684,0,14,30,47,0,14,65,82,90,75,16,25,74,71,538,149,49,61,112,100,18,31,0,14,0,14,222,152,137,112,114,106,23,35
1400000US36005006200,"Census Tract 62, Bronx County, New York",Bronx,6363,1077,2028,558,61,79,1900,571,45,71,22,41,0,19,0,19,0,19,0,19,0,19,4335,989,173,151,578,521,0,19,0,19,0,19,2814,916,770,552,770,552,0,19
1400000US36005006301,"Census Tract 63.01, Bronx County, New York",Bronx,7053,1061,3500,893,988,553,2308,627,0,19,67,84,0,19,55,88,82,107,0,19,82,107,3553,1201,141,134,623,366,0,19,0,19,0,19,2286,1158,503,336,351,264,152,216
1400000US36005006302,"Census Tract 63.02, Bronx County, New York",Bronx,0,14,0,14,0,14,0,14,0,14,0,14,0,14,0,14,0,14,0,14,0,14,0,14,0,14,0,14,0,14,0,14,0,14,0,14,0,14,0,14,0,14
1400000US36005006400,"Census Tract 64, Bronx County, New York",Bronx,4194,609,1753,495,412,207,1041,421,0,14,78,83,0,14,0,14,222,178,219,175,3,7,2441,642,78,73,54,67,0,14,0,14,0,14,1939,615,370,339,355,337,15,21
1400000US36005006500,"Census Tract 65, Bronx County, New York",Bronx,5024,1013,2400,652,297,200,2032,632,0,19,69,101,2,5,0,19,0,19,0,19,0,19,2624,891,925,834,55,78,0,19,0,19,0,19,1481,458,163,134,123,118,40,62
1400000US36005006700,"Census Tract 67, Bronx County, New York",Bronx,7664,2163,1437,383,48,54,1352,379,0,19,37,60,0,19,0,19,0,19,0,19,0,19,6227,2213,155,183,569,506,0,19,0,19,286,442,1954,1204,3263,2328,3163,2314,100,125
1400000US36005006800,"Census Tract 68, Bronx County, New York",Bronx,2542,572,947,394,0,14,368,128,0,14,323,258,0,14,203,249,53,76,0,14,53,76,1595,478,313,261,0,14,0,14,49,73,0,14,1165,481,68,61,33,37,35,49
1400000US36005006900,"Census Tract 69, Bronx County, New York",Bronx,6077,958,1729,495,15,27,1658,497,0,19,52,65,0,19,0,19,4,13,0,19,4,13,4348,1039,649,597,406,339,40,63,0,19,0,19,2446,719,807,710,464,575,343,467
1400000US36005007000,"Census Tract 70, Bronx County, New York",Bronx,4408,599,2388,630,235,191,879,406,0,14,784,401,0,14,456,358,34,41,20,34,14,23,2020,421,223,221,115,97,0,14,0,14,0,14,1266,448,416,233,292,188,124,162
1400000US36005007100,"Census Tract 71, Bronx County, New York",Bronx,2805,430,1029,398,25,28,775,390,0,14,82,67,0,14,0,14,147,148,0,14,147,148,1776,441,165,120,287,313,0,14,0,14,0,14,888,337,436,278,436,278,0,14
1400000US36005007200,"Census Tract 72, Bronx County, New York",Bronx,4845,740,2944,585,194,182,483,342,0,14,1997,528,0,14,29,45,241,202,0,14,241,202,1901,604,116,111,62,87,59,91,0,14,9,14,1489,563,166,102,150,109,16,25
1400000US36005007300,"Census Tract 73, Bronx County, New York",Bronx,4325,703,1697,588,10,14,1569,631,0,14,36,59,0,14,28,45,54,95,0,14,54,95,2628,721,455,486,0,14,233,306,0,14,44,74,1647,561,249,240,207,227,42,69
1400000US36005007400,"Census Tract 74, Bronx County, New York",Bronx,3280,500,1582,443,67,59,1358,405,0,14,0,14,0,14,53,81,104,106,65,98,39,43,1698,432,81,57,471,214,0,14,0,14,0,14,634,335,512,362,276,258,236,255
1400000US36005007500,"Census Tract 75, Bronx County, New York",Bronx,6353,1041,1621,632,128,136,1161,621,0,19,25,36,0,19,0,19,307,225,4,16,303,224,4732,1337,414,390,650,836,33,54,35,59,0,19,1647,758,1953,940,1826,885,127,157
1400000US36005007600,"Census Tract 76, Bronx County, New York",Bronx,5252,908,2533,702,95,83,1274,411,16,25,963,597,0,19,27,40,158,139,68,92,90,102,2719,597,132,155,88,125,162,275,0,19,0,19,1939,599,398,215,308,171,90,154
1400000US36005007700,"Census Tract 77, Bronx County, New York",Bronx,1966,478,538,192,19,24,465,215,0,14,36,60,0,14,0,14,18,23,0,14,18,23,1428,537,62,95,65,104,60,55,0,14,0,14,955,539,286,148,208,126,78,125
1400000US36005007800,"Census Tract 78, Bronx County, New York",Bronx,5633,749,2199,710,311,257,937,502,0,19,102,101,0,19,680,524,169,121,0,19,169,121,3434,952,563,365,185,172,0,19,0,19,0,19,2551,723,135,216,135,216,0,19
1400000US36005007900,"Census Tract 79, Bronx County, New York",Bronx,6829,1128,1527,634,56,37,1330,652,50,81,0,19,0,19,91,147,0,19,0,19,0,19,5302,1125,41,63,764,526,249,360,0,19,34,65,1896,771,2318,952,2318,952,0,19
1400000US36005008300,"Census Tract 83, Bronx County, New York",Bronx,6287,1112,899,358,46,52,715,338,0,19,0,19,0,19,36,58,102,109,1,3,101,109,5388,1109,147,115,240,190,223,252,17,28,0,19,3862,1170,899,489,694,453,205,178
1400000US36005008400,"Census Tract 84, Bronx County, New York",Bronx,3108,714,1454,644,62,60,1064,533,0,14,265,204,0,14,25,24,38,36,0,14,38,36,1654,401,276,305,335,92,0,14,0,14,0,14,719,264,324,246,280,239,44,65
1400000US36005008500,"Census Tract 85, Bronx County, New York",Bronx,5866,643,1788,489,21,36,1396,468,5,14,180,183,0,19,128,137,58,56,0,19,58,56,4078,716,296,318,526,392,0,19,0,19,0,19,2341,627,915,420,915,420,0,19
1400000US36005008600,"Census Tract 86, Bronx County, New York",Bronx,3849,929,1683,907,3,6,1227,867,0,14,122,169,0,14,110,131,221,265,0,14,221,265,2166,527,112,140,268,263,64,105,0,14,0,14,1146,419,576,324,462,338,114,177
1400000US36005008700,"Census Tract 87, Bronx County, New York",Bronx,5914,849,1733,460,61,57,1648,474,0,19,0,19,0,19,9,21,15,22,8,16,7,14,4181,799,253,249,168,193,0,19,0,19,0,19,2477,584,1283,592,1234,588,49,77
1400000US36005008900,"Census Tract 89, Bronx County, New York",Bronx,2949,501,640,249,8,26,488,166,144,217,0,14,0,14,0,14,0,14,0,14,0,14,2309,402,363,238,51,56,0,14,0,14,22,35,1480,424,393,238,393,238,0,14
1400000US36005009000,"Census Tract 90, Bronx County, New York",Bronx,3861,608,1441,514,25,48,1191,461,0,14,183,215,0,14,8,24,34,58,0,14,34,58,2420,773,358,307,285,245,160,187,0,14,0,14,981,565,636,284,486,283,150,145
1400000US36005009200,"Census Tract 92, Bronx County, New York",Bronx,5888,776,2539,709,303,227,520,283,0,19,1602,639,0,19,92,114,22,38,12,25,10,25,3349,891,591,355,33,60,209,239,0,19,0,19,1766,565,750,623,437,424,313,345
1400000US36005009301,"Census Tract 93.01, Bronx County, New York",Bronx,5754,1102,1662,517,50,67,1416,515,0,19,0,19,0,19,99,138,97,90,33,50,64,79,4092,1129,54,54,100,92,0,19,0,19,136,219,2779,886,1023,764,746,662,277,379
1400000US36005009302,"Census Tract 93.02, Bronx County, New York",Bronx,319,306,228,204,64,66,150,118,14,50,0,14,0,14,0,14,0,14,0,14,0,14,91,104,5,12,0,14,0,14,0,14,0,14,33,42,53,99,53,99,0,14
1400000US36005009600,"Census Tract 96, Bronx County, New York",Bronx,1978,353,825,210,139,65,274,131,0,14,363,162,0,14,7,10,42,50,30,44,12,19,1153,332,31,38,108,93,0,14,0,14,0,14,865,324,149,109,124,98,25,34
1400000US36005009800,"Census Tract 98, Bronx County, New York",Bronx,4080,782,1931,549,180,86,792,465,0,14,467,251,0,14,308,435,184,141,104,83,80,135,2149,635,198,226,75,121,0,14,0,14,0,14,1463,502,413,299,397,295,16,27
1400000US36005011000,"Census Tract 110, Bronx County, New York",Bronx,0,14,0,14,0,14,0,14,0,14,0,14,0,14,0,14,0,14,0,14,0,14,0,14,0,14,0,14,0,14,0,14,0,14,0,14,0,14,0,14,0,14
1400000US36005011502,"Census Tract 115.02, Bronx County, New York",Bronx,3935,838,909,359,36,60,757,345,33,40,0,14,0,14,34,54,49,62,0,14,49,62,3026,827,128,189,160,180,0,14,31,50,0,14,1632,423,1075,826,934,788,141,178
1400000US36005011701,"Census Tract 117.01, Bronx County, New York",Bronx,1262,286,240,120,0,14,207,110,33,38,0,14,0,14,0,14,0,14,0,14,0,14,1022,322,0,14,23,38,37,43,0,14,0,14,493,193,469,328,96,65,373,326
1400000US36005011702,"Census Tract 117.02, Bronx County, New York",Bronx,0,14,0,14,0,14,0,14,0,14,0,14,0,14,0,14,0,14,0,14,0,14,0,14,0,14,0,14,0,14,0,14,0,14,0,14,0,14,0,14,0,14
1400000US36005011800,"Census Tract 118, Bronx County, New York",Bronx,5057,645,3512,435,3033,466,90,53,0,19,176,107,0,19,0,19,213,173,23,34,190,171,1545,515,336,191,8,17,29,34,0,19,0,19,521,233,651,483,605,458,46,50
1400000US36005011900,"Census Tract 119, Bronx County, New York",Bronx,5879,1062,2719,1098,185,228,2193,1087,34,69,0,19,0,19,56,86,251,206,77,87,174,199,3160,621,270,178,354,294,5,8,0,19,100,157,1462,371,969,547,934,549,35,39
1400000US36005012101,"Census Tract 121.01, Bronx County, New York",Bronx,3293,527,854,344,62,54,740,341,0,14,24,29,0,14,19,30,9,24,0,14,9,24,2439,532,46,75,92,84,403,414,0,14,28,44,1298,463,572,289,417,216,155,187
1400000US36005012102,"Census Tract 121.02, Bronx County, New York",Bronx,1429,258,402,177,17,27,342,182,0,14,0,14,0,14,0,14,43,44,37,46,6,13,1027,273,59,61,195,150,33,33,0,14,0,14,705,297,35,28,35,28,0,14
1400000US36005012300,"Census Tract 123, Bronx County, New York",Bronx,4712,913,2641,910,5,8,2516,894,0,14,55,54,0,14,0,14,65,77,0,14,65,77,2071,535,548,432,128,118,0,14,0,14,0,14,1271,438,124,94,119,91,5,8
1400000US36005012500,"Census Tract 125, Bronx County, New York",Bronx,4001,604,856,370,18,29,626,345,0,14,13,20,0,14,47,74,152,156,114,147,38,60,3145,622,205,117,249,184,58,97,0,14,0,14,1627,584,1006,460,931,442,75,98
1400000US36005012701,"Census Tract 127.01, Bronx County, New York",Bronx,2129,578,562,132,8,17,534,131,0,14,0,14,0,14,0,14,20,39,0,14,20,39,1567,543,79,54,105,91,0,14,0,14,27,44,755,309,601,479,580,480,21,32
1400000US36005012901,"Census Tract 129.01, Bronx County, New York",Bronx,4944,1045,1286,508,111,95,1089,499,0,14,8,16,0,14,0,14,78,81,44,61,34,54,3658,997,300,212,66,66,259,299,0,14,0,14,2181,750,852,678,760,669,92,99
1400000US36005013000,"Census Tract 130, Bronx County, New York",Bronx,1388,429,361,143,345,144,0,14,0,14,16,17,0,14,0,14,0,14,0,14,0,14,1027,438,34,37,101,130,0,14,0,14,0,14,586,169,306,382,306,382,0,14
1400000US36005013100,"Census Tract 131, Bronx County, New York",Bronx,5288,703,1762,382,123,128,1566,374,73,97,0,19,0,19,0,19,0,19,0,19,0,19,3526,638,387,292,796,430,58,72,0,19,0,19,1817,756,468,265,362,221,106,160
1400000US36005013200,"Census Tract 132, Bronx County, New York",Bronx,7083,1032,3358,643,1527,336,1139,385,0,19,692,453,0,19,0,19,0,19,0,19,0,19,3725,1059,609,495,57,88,64,107,0,19,166,267,1629,598,1200,861,1147,855,53,62
1400000US36005013300,"Census Tract 133, Bronx County, New York",Bronx,6087,958,1858,622,12,22,1486,824,0,19,231,393,0,19,129,213,0,19,0,19,0,19,4229,1081,369,372,451,520,170,274,0,19,0,19,2110,489,1129,953,1129,953,0,19
1400000US36005013500,"Census Tract 135, Bronx County, New York",Bronx,4075,1056,1159,596,78,86,1008,568,0,14,36,55,0,14,0,14,37,46,9,20,28,42,2916,1077,315,181,870,777,830,755,0,14,0,14,504,369,397,349,357,349,40,64
1400000US36005013800,"Census Tract 138, Bronx County, New York",Bronx,3062,475,1874,426,1373,360,144,134,0,14,316,233,0,14,0,14,41,41,0,14,41,41,1188,342,431,216,102,95,23,31,0,14,0,14,398,267,234,174,93,77,141,170
1400000US36005014100,"Census Tract 141, Bronx County, New York",Bronx,7856,860,4381,783,212,180,3642,802,114,125,0,19,0,19,82,96,331,380,293,372,38,60,3475,791,106,132,329,252,0,19,0,19,0,19,2519,784,521,388,323,260,198,304
1400000US36005014300,"Census Tract 143, Bronx County, New York",Bronx,1647,238,730,206,34,57,516,169,18,30,116,149,0,14,17,18,29,32,19,28,10,16,917,240,29,36,71,53,48,71,0,14,0,14,447,192,322,268,309,269,13,19
1400000US36005014400,"Census Tract 144, Bronx County, New York",Bronx,6128,937,1934,663,134,120,1416,549,0,19,68,103,0,19,18,30,298,393,17,29,281,391,4194,981,393,311,364,359,37,58,82,113,0,19,2525,846,793,507,750,503,43,49
1400000US36005014500,"Census Tract 145, Bronx County, New York",Bronx,6899,1481,4254,1368,117,80,4109,1365,0,19,0,19,0,19,0,19,28,46,26,47,2,10,2645,727,468,588,157,173,0,19,0,19,0,19,1046,679,974,675,312,231,662,597
1400000US36005014701,"Census Tract 147.01, Bronx County, New York",Bronx,6094,1538,3594,1533,19,39,2335,2005,216,312,0,19,0,19,0,19,1024,1156,995,1154,29,30,2500,1535,1243,1573,5,11,0,19,60,108,0,19,632,449,560,343,505,336,55,59
1400000US36005014702,"Census Tract 147.02, Bronx County, New York",Bronx,4950,958,2040,500,2,3,1972,499,0,14,0,14,0,14,0,14,66,62,0,14,66,62,2910,983,291,371,408,328,0,14,34,52,0,14,1039,452,1138,811,890,735,248,366
1400000US36005014900,"Census Tract 149, Bronx County, New York",Bronx,4714,1212,2281,717,217,113,2039,695,0,14,0,14,0,14,18,32,7,31,0,14,7,31,2433,999,16,30,367,302,0,14,0,14,0,14,1604,970,446,319,446,319,0,14
1400000US36005015100,"Census Tract 151, Bronx County, New York",Bronx,5216,1010,2873,805,46,45,2657,770,0,19,115,165,0,19,0,19,55,70,9,22,46,68,2343,727,406,587,452,361,0,19,0,19,0,19,1333,514,152,176,152,176,0,19
1400000US36005015200,"Census Tract 152, Bronx County, New York",Bronx,2562,467,1103,414,730,315,234,177,0,14,15,19,0,14,0,14,124,182,124,182,0,14,1459,286,264,142,51,57,0,14,0,14,0,14,835,259,309,150,210,102,99,119
1400000US36005015300,"Census Tract 153, Bronx County, New York",Bronx,3603,710,1169,418,14,22,1097,409,0,14,10,17,0,14,0,14,48,54,27,43,21,35,2434,661,46,63,682,455,66,73,0,14,0,14,456,314,1184,527,856,530,328,189
1400000US36005015500,"Census Tract 155, Bronx County, New York",Bronx,3016,639,834,522,85,106,727,510,0,14,11,19,0,14,11,16,0,14,0,14,0,14,2182,402,101,99,99,112,0,14,0,14,0,14,1347,456,635,259,535,303,100,147
1400000US36005015700,"Census Tract 157, Bronx County, New York",Bronx,6152,968,3133,798,66,82,2674,793,0,19,17,26,0,19,270,376,106,109,0,19,106,109,3019,722,314,217,275,306,13,20,0,19,0,19,1211,699,1206,470,1206,470,0,19
1400000US36005015800,"Census Tract 158, Bronx County, New York",Bronx,1490,289,639,142,434,123,111,56,0,14,94,90,0,14,0,14,0,14,0,14,0,14,851,295,158,104,15,30,0,14,0,14,0,14,368,212,310,192,310,192,0,14
1400000US36005015900,"Census Tract 159, Bronx County, New York",Bronx,2407,489,380,242,7,13,317,230,0,14,56,78,0,14,0,14,0,14,0,14,0,14,2027,518,12,19,500,302,0,14,37,54,0,14,805,300,673,507,673,507,0,14
1400000US36005016000,"Census Tract 160, Bronx County, New York",Bronx,3848,562,2482,471,1858,500,42,49,37,53,483,275,0,14,0,14,62,113,62,113,0,14,1366,500,211,123,134,196,38,76,0,14,0,14,835,471,148,118,79,81,69,98
1400000US36005016100,"Census Tract 161, Bronx County, New York",Bronx,4703,695,2206,624,201,251,1877,597,5,11,0,14,0,14,0,14,123,102,23,36,100,98,2497,810,200,327,96,122,103,159,0,14,0,14,1260,668,838,364,687,316,151,220
1400000US36005016200,"Census Tract 162, Bronx County, New York",Bronx,1885,403,852,302,478,282,160,80,0,14,111,95,0,14,32,32,71,66,62,65,9,15,1033,350,77,66,49,73,0,14,0,14,0,14,700,305,207,186,112,84,95,135
1400000US36005016300,"Census Tract 163, Bronx County, New York",Bronx,0,14,0,14,0,14,0,14,0,14,0,14,0,14,0,14,0,14,0,14,0,14,0,14,0,14,0,14,0,14,0,14,0,14,0,14,0,14,0,14,0,14
1400000US36005016400,"Census Tract 164, Bronx County, New York",Bronx,1132,310,828,307,195,102,181,206,6,11,440,272,0,14,6,11,0,14,0,14,0,14,304,141,69,65,0,14,0,14,0,14,0,14,57,53,178,125,133,115,45,53
1400000US36005016500,"Census Tract 165, Bronx County, New York",Bronx,1311,285,560,243,4,7,506,246,0,14,0,14,0,14,13,18,37,34,7,18,30,36,751,274,29,30,122,83,85,128,0,14,0,14,354,262,161,175,157,175,4,5
1400000US36005016600,"Census Tract 166, Bronx County, New York",Bronx,2395,399,986,335,511,311,199,168,0,14,111,73,0,14,10,14,155,129,0,14,155,129,1409,250,82,101,0,14,60,64,0,14,0,14,1079,287,188,96,131,82,57,35
1400000US36005016700,"Census Tract 167, Bronx County, New York",Bronx,3015,400,1336,233,31,39,1228,254,0,14,0,14,0,14,58,77,19,29,19,29,0,14,1679,357,65,92,78,76,67,76,0,14,0,14,851,202,618,307,577,300,41,55
1400000US36005016900,"Census Tract 169, Bronx County, New York",Bronx,1944,312,1316,328,18,23,1133,312,0,14,0,14,0,14,0,14,165,170,40,64,125,156,628,212,0,14,8,16,12,20,0,14,0,14,337,182,271,186,247,154,24,46
1400000US36005017100,"Census Tract 171, Bronx County, New York",Bronx,0,14,0,14,0,14,0,14,0,14,0,14,0,14,0,14,0,14,0,14,0,14,0,14,0,14,0,14,0,14,0,14,0,14,0,14,0,14,0,14,0,14
1400000US36005017300,"Census Tract 173, Bronx County, New York",Bronx,5266,984,2793,1084,198,296,2573,1045,0,19,22,40,0,19,0,19,0,19,0,19,0,19,2473,804,33,57,277,242,172,223,0,19,0,19,1737,707,254,234,231,226,23,40
1400000US36005017500,"Census Tract 175, Bronx County, New York",Bronx,6264,976,3875,904,167,159,3501,952,155,166,0,19,0,19,0,19,52,63,38,56,14,29,2389,888,99,189,501,533,0,19,0,19,0,19,1472,777,317,329,317,329,0,19
1400000US36005017701,"Census Tract 177.01, Bronx County, New York",Bronx,5395,828,1994,1016,114,112,1679,993,0,19,76,105,0,19,125,187,0,19,0,19,0,19,3401,1036,407,327,65,81,39,65,36,60,0,19,1879,781,975,603,754,489,221,348
1400000US36005017702,"Census Tract 177.02, Bronx County, New York",Bronx,5232,1071,3786,1152,7,15,3094,1081,47,77,284,304,0,19,0,19,354,266,168,229,186,184,1446,530,181,198,229,260,0,19,0,19,0,19,759,367,277,204,233,190,44,77
1400000US36005017901,"Census Tract 179.01, Bronx County, New York",Bronx,4968,876,1117,310,28,43,811,280,0,14,203,149,0,14,0,14,75,89,0,14,75,89,3851,882,111,103,490,352,56,61,72,97,0,14,2236,926,886,416,468,266,418,384
1400000US36005017902,"Census Tract 179.02, Bronx County, New York",Bronx,3030,729,1119,589,31,40,1088,592,0,14,0,14,0,14,0,14,0,14,0,14,0,14,1911,784,189,197,275,309,0,14,0,14,0,14,968,712,479,428,388,393,91,161
1400000US36005018101,"Census Tract 181.01, Bronx County, New York",Bronx,2881,709,1148,370,68,82,1078,382,0,14,2,3,0,14,0,14,0,14,0,14,0,14,1733,790,55,61,1,3,44,67,0,14,0,14,1489,797,144,110,144,110,0,14
1400000US36005018102,"Census Tract 181.02, Bronx County, New York",Bronx,5324,919,2436,559,106,106,2196,536,0,19,6,12,0,19,0,19,128,133,75,108,53,82,2888,830,56,77,330,311,294,375,0,19,0,19,1890,810,318,211,318,211,0,19
1400000US36005018301,"Census Tract 183.01, Bronx County, New York",Bronx,3933,561,1873,319,459,239,1023,233,0,14,187,113,0,14,62,74,142,112,32,48,110,99,2060,580,108,108,169,148,0,14,0,14,0,14,951,347,832,497,689,467,143,173
1400000US36005018302,"Census Tract 183.02, Bronx County, New York",Bronx,3295,589,1683,579,48,65,1612,582,22,34,1,2,0,14,0,14,0,14,0,14,0,14,1612,658,58,48,17,36,229,331,0,14,0,14,920,403,388,359,187,147,201,310
1400000US36005018400,"Census Tract 184, Bronx County, New York",Bronx,3886,669,2450,735,1702,663,18,22,0,14,526,250,0,14,150,181,54,46,16,25,38,40,1436,369,138,150,175,215,0,14,0,14,0,14,617,279,506,256,281,199,225,176
1400000US36005018501,"Census Tract 185.01, Bronx County, New York",Bronx,3775,706,1873,656,91,86,1659,658,0,14,0,14,0,14,41,65,82,76,52,51,30,50,1902,572,77,112,118,124,0,14,0,14,0,14,1276,452,431,351,431,351,0,14
1400000US36005018502,"Census Tract 185.02, Bronx County, New York",Bronx,5525,1011,1547,680,85,75,1084,495,0,19,0,19,0,19,11,25,367,477,96,114,271,368,3978,872,197,153,198,335,0,19,0,19,0,19,2816,827,767,423,464,284,303,366
1400000US36005018900,"Census Tract 189, Bronx County, New York",Bronx,8244,1042,2890,873,617,382,2022,837,0,19,1,3,0,19,61,86,189,150,100,114,89,82,5354,802,359,225,941,595,73,112,0,19,0,19,3016,877,965,513,942,511,23,39
1400000US36005019300,"Census Tract 193, Bronx County, New York",Bronx,5949,987,3458,1036,215,161,3168,1050,0,19,0,19,0,19,0,19,75,114,75,114,0,19,2491,420,388,367,111,135,0,19,0,19,0,19,878,487,1114,456,775,362,339,448
1400000US36005019400,"Census Tract 194, Bronx County, New York",Bronx,2117,350,799,267,308,110,278,231,0,14,128,73,0,14,0,14,85,58,23,36,62,44,1318,251,44,37,186,164,0,14,0,14,0,14,800,247,288,127,204,137,84,55
1400000US36005019500,"Census Tract 195, Bronx County, New York",Bronx,7738,1832,3640,1953,403,342,3029,1833,0,19,12,28,0,19,28,49,168,167,62,74,106,151,4098,1015,46,76,246,215,44,68,0,19,0,19,2821,897,941,499,634,452,307,195
1400000US36005019700,"Census Tract 197, Bronx County, New York",Bronx,7628,1188,1759,428,186,124,1280,411,0,19,254,156,0,19,39,81,0,19,0,19,0,19,5869,1147,328,463,841,725,237,354,78,130,0,19,3496,1354,889,463,889,463,0,19
1400000US36005019900,"Census Tract 199, Bronx County, New York",Bronx,6852,1230,2577,1185,0,19,2491,1180,0,19,0,19,0,19,48,76,38,57,0,19,38,57,4275,790,37,61,288,194,0,19,0,19,0,19,2753,651,1197,709,1161,704,36,62
1400000US36005020000,"Census Tract 200, Bronx County, New York",Bronx,4419,571,1730,401,115,70,273,207,0,14,1158,304,0,14,171,187,13,32,13,32,0,14,2689,486,110,109,171,127,0,14,0,14,0,14,1965,442,443,258,439,258,4,8
1400000US36005020100,"Census Tract 201, Bronx County, New York",Bronx,3845,662,1147,491,192,228,927,431,0,14,18,23,0,14,0,14,10,25,0,14,10,25,2698,635,71,74,114,93,14,26,0,14,0,14,1648,495,851,433,658,450,193,214
1400000US36005020200,"Census Tract 202, Bronx County, New York",Bronx,2602,354,839,272,321,272,200,103,0,14,292,135,0,14,19,19,7,14,7,14,0,14,1763,368,88,64,33,34,0,14,0,14,0,14,1260,362,382,196,276,157,106,97
1400000US36005020400,"Census Tract 204, Bronx County, New York",Bronx,2829,520,1073,347,107,55,285,176,0,14,476,230,0,14,74,58,131,175,28,48,103,170,1756,540,62,56,59,64,11,16,0,14,0,14,1233,457,391,278,364,265,27,32
1400000US36005020501,"Census Tract 205.01, Bronx County, New York",Bronx,8397,1216,3195,1412,105,127,2887,1380,0,19,0,19,0,19,153,188,50,103,0,19,50,103,5202,1442,835,795,443,309,23,39,0,19,0,19,2738,954,1163,803,862,723,301,303
1400000US36005020502,"Census Tract 205.02, Bronx County, New York",Bronx,2331,375,683,157,47,47,550,145,0,14,23,46,0,14,0,14,63,58,0,14,63,58,1648,389,218,109,145,114,0,14,0,14,0,14,774,251,511,364,266,261,245,220
1400000US36005020601,"Census Tract 206.01, Bronx County, New York",Bronx,2852,638,1455,527,128,162,155,116,0,14,969,518,0,14,0,14,203,208,61,59,142,200,1397,358,41,56,0,14,166,204,0,14,0,14,870,245,320,255,265,207,55,59
1400000US36005020900,"Census Tract 209, Bronx County, New York",Bronx,4809,787,1712,563,125,98,1468,552,0,14,10,23,0,14,13,20,96,101,0,14,96,101,3097,804,354,325,383,237,0,14,0,14,0,14,1637,588,723,445,485,321,238,303
1400000US36005021001,"Census Tract 210.01, Bronx County, New York",Bronx,7347,1080,4833,940,219,136,3353,992,0,19,1093,598,0,19,0,19,168,128,0,19,168,128,2514,851,150,112,533,473,0,19,37,47,0,19,1334,659,460,245,460,245,0,19
1400000US36005021002,"Census Tract 210.02, Bronx County, New York",Bronx,7434,1507,5121,998,380,434,2891,935,92,143,1487,549,0,19,89,96,182,136,30,37,152,137,2313,1296,223,169,90,84,213,271,0,19,0,19,1524,1237,263,166,167,135,96,89
1400000US36005021100,"Census Tract 211, Bronx County, New York",Bronx,5922,1104,1781,637,198,245,1329,631,118,158,23,35,0,19,0,19,113,181,0,19,113,181,4141,1165,553,884,658,501,48,78,0,19,0,19,2077,668,805,476,401,252,404,427
1400000US36005021200,"Census Tract 212, Bronx County, New York",Bronx,5322,749,3740,617,161,130,1320,383,46,66,2155,527,0,19,27,34,31,50,31,50,0,19,1582,570,328,343,117,138,0,19,0,19,0,19,768,475,369,214,341,207,28,42
1400000US36005021301,"Census Tract 213.01, Bronx County, New York",Bronx,1289,589,420,575,34,38,386,573,0,14,0,14,0,14,0,14,0,14,0,14,0,14,869,152,0,14,178,79,0,14,0,14,0,14,415,187,276,165,185,125,91,81
1400000US36005021302,"Census Tract 213.02, Bronx County, New York",Bronx,5898,980,2351,619,0,19,2140,563,0,19,49,77,0,19,142,188,20,34,20,34,0,19,3547,836,115,102,263,210,92,133,0,19,0,19,2282,900,795,462,522,355,273,288
1400000US36005021501,"Census Tract 215.01, Bronx County, New York",Bronx,4346,897,918,331,64,52,710,300,0,14,111,164,0,14,0,14,33,41,0,14,33,41,3428,965,642,553,129,122,595,635,0,14,37,56,1407,413,618,541,535,530,83,94
1400000US36005021502,"Census Tract 215.02, Bronx County, New York",Bronx,6235,1008,1656,515,10,19,1229,492,116,135,2,4,0,19,0,19,299,348,13,26,286,345,4579,1106,854,744,0,19,140,189,0,19,0,19,1809,639,1776,699,1339,640,437,497
1400000US36005021601,"Census Tract 216.01, Bronx County, New York",Bronx,4118,761,1046,602,94,462,599,248,2,6,326,296,0,14,0,14,25,34,0,14,25,34,3072,608,209,205,153,190,20,32,2,10,0,14,1714,614,974,397,914,372,60,92
1400000US36005021602,"Census Tract 216.02, Bronx County, New York",Bronx,6027,1028,4357,963,62,59,1627,599,0,19,2097,801,0,19,87,141,484,522,21,36,463,518,1670,495,48,56,11,18,22,36,0,19,0,19,1324,532,265,138,239,132,26,43
1400000US36005021700,"Census Tract 217, Bronx County, New York",Bronx,5006,849,2016,551,152,127,1431,420,0,19,94,96,0,19,47,52,292,275,67,68,225,278,2990,795,35,55,66,87,0,19,0,19,26,38,2591,743,272,176,257,178,15,24
1400000US36005021800,"Census Tract 218, Bronx County, New York",Bronx,6050,997,1702,417,166,96,1018,374,0,19,260,217,0,19,165,181,93,88,77,85,16,29,4348,998,140,121,127,107,27,42,0,19,0,19,2581,1019,1473,690,1388,688,85,96
1400000US36005021900,"Census Tract 219, Bronx County, New York",Bronx,1488,153,325,114,7,11,299,115,12,20,7,10,0,14,0,14,0,14,0,14,0,14,1163,158,64,65,0,14,195,66,0,14,0,14,748,139,156,142,98,114,58,84
1400000US36005022000,"Census Tract 220, Bronx County, New York",Bronx,1872,349,570,166,18,63,481,135,0,14,51,77,0,14,11,20,9,19,0,14,9,19,1302,380,82,77,50,74,26,29,38,52,0,14,699,209,407,297,329,282,78,67
1400000US36005022101,"Census Tract 221.01, Bronx County, New York",Bronx,3752,746,1107,443,121,110,690,289,28,45,26,134,0,14,193,304,49,56,21,35,28,43,2645,640,202,232,168,148,35,54,0,14,0,14,1866,701,374,223,352,221,22,34
1400000US36005022102,"Census Tract 221.02, Bronx County, New York",Bronx,5144,915,1163,564,46,40,934,551,0,19,0,19,0,19,145,165,38,58,38,58,0,19,3981,857,322,267,25,32,171,188,0,19,0,19,2202,600,1261,604,1261,604,0,19
1400000US36005022200,"Census Tract 222, Bronx County, New York",Bronx,3330,482,1681,450,88,65,227,187,14,20,1208,432,0,14,136,155,8,31,0,14,8,31,1649,385,59,70,31,46,77,85,0,14,0,14,982,322,500,280,488,277,12,18
1400000US36005022300,"Census Tract 223, Bronx County, New York",Bronx,4867,893,1107,418,48,77,677,362,64,96,26,58,0,14,0,14,292,285,107,162,185,244,3760,847,277,224,229,162,62,102,0,14,0,14,2242,694,950,505,776,471,174,141
1400000US36005022401,"Census Tract 224.01, Bronx County, New York",Bronx,2433,391,859,306,268,137,384,228,0,14,189,190,0,14,0,14,18,24,0,14,18,24,1574,442,98,143,81,69,17,27,0,14,0,14,1240,359,138,102,138,102,0,14
1400000US36005022403,"Census Tract 224.03, Bronx County, New York",Bronx,2782,512,1077,289,204,135,732,309,2,5,100,100,0,14,27,54,12,21,12,21,0,14,1705,483,60,76,36,41,10,16,0,14,0,14,1427,471,172,105,123,79,49,70
1400000US36005022404,"Census Tract 224.04, Bronx County, New York",Bronx,4292,593,2020,535,515,219,1080,467,0,14,250,136,0,14,152,207,23,48,6,45,17,19,2272,390,185,134,46,49,75,110,0,14,0,14,1723,424,243,147,211,131,32,59
1400000US36005022500,"Census Tract 225, Bronx County, New York",Bronx,8040,1518,1819,512,233,136,1427,523,0,19,67,115,0,19,0,19,92,99,6,15,86,101,6221,1555,449,339,65,94,227,259,0,19,0,19,3870,823,1610,1358,1365,1289,245,267
1400000US36005022701,"Census Tract 227.01, Bronx County, New York",Bronx,4942,666,2457,675,12,19,2302,647,0,14,32,35,0,14,0,14,111,140,0,14,111,140,2485,712,40,69,93,151,0,14,0,14,219,342,1167,424,966,580,723,494,243,294
1400000US36005022702,"Census Tract 227.02, Bronx County, New York",Bronx,1071,208,380,121,0,14,303,103,0,14,24,28,0,14,20,26,33,54,33,54,0,14,691,195,30,34,45,46,0,14,0,14,0,14,451,219,165,175,165,175,0,14
1400000US36005022703,"Census Tract 227.03, Bronx County, New York",Bronx,1685,637,471,257,107,97,290,234,0,14,62,48,0,14,0,14,12,18,0,14,12,18,1214,592,356,556,65,61,0,14,0,14,0,14,526,240,267,151,189,132,78,68
1400000US36005022800,"Census Tract 228, Bronx County, New York",Bronx,5744,842,2571,834,961,524,955,520,0,19,507,291,0,19,148,169,0,19,0,19,0,19,3173,952,251,212,200,172,32,45,0,19,0,19,2268,877,422,350,259,205,163,224
1400000US36005022901,"Census Tract 229.01, Bronx County, New York",Bronx,5927,794,2592,717,193,182,2045,668,0,19,40,36,0,19,126,186,188,247,188,247,0,19,3335,883,16,25,494,426,0,19,0,19,15,27,2051,801,759,320,705,327,54,74
1400000US36005022902,"Census Tract 229.02, Bronx County, New York",Bronx,3378,677,1086,460,42,51,995,477,0,14,0,14,0,14,22,37,27,41,27,41,0,14,2292,730,18,27,0,14,0,14,0,14,0,14,1397,526,877,604,838,607,39,63
1400000US36005023000,"Census Tract 230, Bronx County, New York",Bronx,2889,618,1491,521,896,561,194,157,0,14,312,178,0,14,46,56,43,70,43,70,0,14,1398,500,182,228,29,49,0,14,0,14,0,14,1022,435,165,144,72,58,93,120
1400000US36005023100,"Census Tract 231, Bronx County, New York",Bronx,1420,312,982,376,77,58,847,358,0,14,57,74,1,2,0,14,0,14,0,14,0,14,438,209,5,8,0,14,0,14,0,14,0,14,382,195,51,58,51,58,0,14
1400000US36005023200,"Census Tract 232, Bronx County, New York",Bronx,2626,397,1380,406,750,347,216,129,53,87,228,116,0,14,24,28,109,60,57,65,52,52,1246,314,55,86,29,26,0,14,0,14,0,14,933,291,229,112,205,111,24,26
1400000US36005023301,"Census Tract 233.01, Bronx County, New York",Bronx,3841,512,1136,432,25,41,813,344,0,14,40,47,0,14,0,14,258,248,19,29,239,249,2705,482,120,116,657,527,0,14,0,14,0,14,1598,509,330,232,213,222,117,100
1400000US36005023302,"Census Tract 233.02, Bronx County, New York",Bronx,3955,658,938,419,8,18,597,396,7,19,47,72,0,14,90,125,189,226,18,29,171,218,3017,561,38,45,50,98,0,14,32,30,0,14,1987,647,910,525,610,340,300,424
1400000US36005023501,"Census Tract 235.01, Bronx County, New York",Bronx,2963,588,633,368,272,31,360,375,0,14,1,3,0,14,0,14,0,14,0,14,0,14,2330,797,14,23,91,105,120,215,15,24,0,14,1571,731,519,329,357,304,162,189
1400000US36005023502,"Census Tract 235.02, Bronx County, New York",Bronx,4490,988,1403,862,32,54,1292,856,0,14,18,27,0,14,14,23,47,58,47,58,0,14,3087,664,87,82,156,135,19,30,106,176,0,14,1746,482,973,509,948,512,25,34
1400000US36005023600,"Census Tract 236, Bronx County, New York",Bronx,1782,373,610,221,415,177,187,150,0,14,5,9,0,14,3,12,0,14,0,14,0,14,1172,355,19,36,15,30,27,34,0,14,0,14,995,367,116,89,116,89,0,14
1400000US36005023702,"Census Tract 237.02, Bronx County, New York",Bronx,1021,476,441,474,6,10,429,474,0,14,0,14,0,14,6,9,0,14,0,14,0,14,580,192,0,14,4,22,30,43,0,14,0,14,476,191,70,65,70,65,0,14
1400000US36005023703,"Census Tract 237.03, Bronx County, New York",Bronx,4959,865,1176,319,75,67,972,322,0,14,62,83,0,14,0,14,67,77,46,71,21,31,3783,859,256,256,158,109,0,14,0,14,0,14,2450,917,919,458,747,404,172,217
1400000US36005023704,"Census Tract 237.04, Bronx County, New York",Bronx,3358,585,628,248,71,73,425,183,45,64,0,14,0,14,31,63,56,91,0,14,56,91,2730,572,386,324,123,172,0,14,0,14,0,14,1434,436,787,444,325,230,462,354
1400000US36005023800,"Census Tract 238, Bronx County, New York",Bronx,2552,381,1120,254,542,201,328,187,0,14,190,142,0,14,0,14,60,53,11,16,49,50,1432,390,110,77,73,68,40,54,0,14,9,14,973,366,227,121,218,118,9,14
1400000US36005023900,"Census Tract 239, Bronx County, New York",Bronx,8591,1670,1099,315,163,134,936,304,0,19,0,19,0,19,0,19,0,19,0,19,0,19,7492,1737,300,264,550,455,278,326,76,121,0,19,5077,1793,1211,728,1119,719,92,88
1400000US36005024000,"Census Tract 240, Bronx County, New York",Bronx,3855,712,2157,563,444,249,1306,448,0,14,257,206,0,14,58,97,92,97,37,42,55,88,1698,631,381,338,190,150,0,14,0,14,0,14,883,533,244,224,56,64,188,212
1400000US36005024100,"Census Tract 241, Bronx County, New York",Bronx,6078,1029,1899,746,203,136,1487,750,0,19,0,19,0,19,181,291,28,93,21,91,7,12,4179,979,499,442,188,169,0,19,0,19,0,19,2325,497,1167,849,556,724,611,536
1400000US36005024300,"Census Tract 243, Bronx County, New York",Bronx,4134,773,1377,390,37,47,1200,392,0,14,0,14,0,14,0,14,140,129,140,129,0,14,2757,683,240,218,303,227,18,28,8,12,45,76,761,364,1382,726,1214,711,168,142
1400000US36005024400,"Census Tract 244, Bronx County, New York",Bronx,2252,305,911,206,545,196,79,87,34,49,204,111,0,14,0,14,49,56,49,56,0,14,1341,313,36,26,54,67,6,10,0,14,0,14,977,312,268,204,165,121,103,166
1400000US36005024501,"Census Tract 245.01, Bronx County, New York",Bronx,4856,699,1119,608,44,36,1075,603,0,14,0,14,0,14,0,14,0,14,0,14,0,14,3737,622,344,280,307,283,0,14,0,14,91,142,2094,676,901,420,764,392,137,165
1400000US36005024502,"Census Tract 245.02, Bronx County, New York",Bronx,4226,821,1225,433,69,92,1156,403,0,14,0,14,0,14,0,14,0,14,0,14,0,14,3001,885,693,614,21,29,25,38,0,14,0,14,1962,585,300,279,300,279,0,14
1400000US36005024600,"Census Tract 246, Bronx County, New York",Bronx,2037,348,1171,233,453,144,159,96,0,14,383,173,0,14,42,47,134,142,110,136,24,30,866,264,49,75,0,14,0,14,0,14,0,14,644,265,173,87,173,87,0,14
1400000US36005024700,"Census Tract 247, Bronx County, New York",Bronx,1756,265,976,271,9,15,831,229,0,14,136,194,0,14,0,14,0,14,0,14,0,14,780,236,63,87,61,53,0,14,0,14,0,14,437,226,219,179,103,89,116,165
1400000US36005024800,"Census Tract 248, Bronx County, New York",Bronx,3699,588,2009,428,1036,324,361,309,0,14,561,247,0,14,0,14,51,44,16,18,35,37,1690,560,255,269,248,294,0,14,0,14,0,14,827,395,360,285,342,284,18,21
1400000US36005024900,"Census Tract 249, Bronx County, New York",Bronx,0,14,0,14,0,14,0,14,0,14,0,14,0,14,0,14,0,14,0,14,0,14,0,14,0,14,0,14,0,14,0,14,0,14,0,14,0,14,0,14,0,14
1400000US36005025000,"Census Tract 250, Bronx County, New York",Bronx,2763,663,1871,588,1202,632,36,56,0,14,604,258,0,14,0,14,29,36,9,16,20,32,892,355,177,119,186,281,24,36,0,14,0,14,342,263,163,122,59,58,104,127
1400000US36005025100,"Census Tract 251, Bronx County, New York",Bronx,6983,1493,2255,606,227,305,1755,659,0,19,118,113,0,19,0,19,155,188,0,19,155,188,4728,1690,288,296,0,19,0,19,0,19,0,19,2917,1712,1523,790,1045,643,478,402
1400000US36005025200,"Census Tract 252, Bronx County, New York",Bronx,2582,409,1770,347,717,332,268,190,0,14,460,253,0,14,159,207,166,127,0,14,166,127,812,409,74,96,0,14,0,14,0,14,0,14,524,364,214,143,200,135,14,22
1400000US36005025300,"Census Tract 253, Bronx County, New York",Bronx,5503,955,1115,335,30,40,763,296,29,65,220,185,0,19,0,19,73,88,0,19,73,88,4388,955,193,145,472,366,13,21,0,19,37,58,2164,715,1509,730,1509,730,0,19
1400000US36005025400,"Census Tract 254, Bronx County, New York",Bronx,2582,540,1702,534,1334,538,111,137,0,14,178,114,0,14,37,41,42,41,35,41,7,10,880,238,30,27,12,19,0,14,5,9,0,14,718,257,115,76,98,67,17,27
1400000US36005025500,"Census Tract 255, Bronx County, New York",Bronx,6139,1032,921,480,167,140,622,529,0,19,85,126,0,19,0,19,47,70,0,19,47,70,5218,1043,204,246,241,238,554,599,0,19,134,211,2297,997,1788,763,1496,730,292,473
1400000US36005025600,"Census Tract 256, Bronx County, New York",Bronx,1582,344,768,271,451,192,191,146,0,14,118,92,0,14,0,14,8,9,0,14,8,9,814,340,29,27,6,10,11,18,0,14,0,14,635,341,133,65,133,65,0,14
1400000US36005025700,"Census Tract 257, Bronx County, New York",Bronx,1685,353,486,274,34,27,434,274,0,14,0,14,0,14,0,14,18,26,0,14,18,26,1199,372,76,109,146,146,66,117,0,14,17,40,527,317,367,264,352,262,15,16
1400000US36005026100,"Census Tract 261, Bronx County, New York",Bronx,2047,294,1185,276,110,90,994,260,0,14,58,46,0,14,0,14,23,36,0,14,23,36,862,199,45,43,71,61,0,14,0,14,0,14,256,177,490,225,387,210,103,162
1400000US36005026300,"Census Tract 263, Bronx County, New York",Bronx,6381,1100,1086,325,207,138,809,251,0,19,44,59,10,21,0,19,16,35,0,19,16,35,5295,1109,247,367,15,24,47,78,0,19,0,19,3546,1117,1440,575,1194,529,246,266
1400000US36005026400,"Census Tract 264, Bronx County, New York",Bronx,5870,860,2428,483,1528,331,485,372,0,19,380,157,0,19,0,19,35,57,35,57,0,19,3442,785,1072,443,65,86,144,206,0,19,0,19,1555,633,606,506,380,432,226,260
1400000US36005026500,"Census Tract 265, Bronx County, New York",Bronx,6906,1217,700,429,49,41,308,285,50,79,283,297,0,19,0,19,10,18,0,19,10,18,6206,1293,173,190,41,65,41,151,11,41,0,19,4623,1340,1317,666,1213,672,104,92
1400000US36005026601,"Census Tract 266.01, Bronx County, New York",Bronx,3214,461,1444,410,1130,321,213,233,26,41,27,35,0,14,0,14,48,63,41,62,7,11,1770,379,176,132,163,196,0,14,19,21,0,14,1000,378,412,207,343,181,69,65
1400000US36005026602,"Census Tract 266.02, Bronx County, New York",Bronx,5900,1092,2833,552,970,367,901,420,0,19,884,503,0,19,60,94,18,22,10,18,8,13,3067,1117,156,139,1,5,37,62,0,19,0,19,2055,1175,818,387,721,361,97,125
1400000US36005026701,"Census Tract 267.01, Bronx County, New York",Bronx,3591,795,1166,688,88,78,791,701,0,14,232,137,0,14,26,55,29,32,0,14,29,32,2425,469,44,43,1,3,0,14,0,14,0,14,1857,492,523,346,435,282,88,117
1400000US36005026702,"Census Tract 267.02, Bronx County, New York",Bronx,6841,1075,1353,353,396,197,886,354,0,19,0,19,0,19,23,31,48,45,0,19,48,45,5488,1197,65,58,135,111,108,136,0,19,0,19,3974,972,1206,754,808,576,398,381
1400000US36005026900,"Census Tract 269, Bronx County, New York",Bronx,4040,574,909,283,77,56,763,278,0,14,14,31,0,14,12,19,43,42,10,15,33,40,3131,676,389,426,67,97,335,216,67,99,0,14,1773,486,500,299,488,297,12,18
1400000US36005027300,"Census Tract 273, Bronx County, New York",Bronx,6431,1160,1858,589,394,253,1421,558,0,19,6,11,0,19,0,19,37,46,26,41,11,18,4573,1108,355,324,361,372,0,19,0,19,0,19,2475,800,1382,721,1325,718,57,67
1400000US36005027401,"Census Tract 274.01, Bronx County, New York",Bronx,4973,632,2953,568,2348,580,188,298,0,14,363,219,0,14,14,29,40,43,0,14,40,43,2020,481,399,226,136,186,168,285,0,14,0,14,680,255,637,299,621,296,16,29
1400000US36005027402,"Census Tract 274.02, Bronx County, New York",Bronx,3492,556,2597,489,1833,357,71,57,0,14,189,173,0,14,46,67,458,459,404,456,54,54,895,361,282,248,0,14,4,15,0,14,0,14,317,293,292,152,206,134,86,82
1400000US36005027600,"Census Tract 276, Bronx County, New York",Bronx,154,232,40,45,36,44,4,7,0,14,0,14,0,14,0,14,0,14,0,14,0,14,114,196,0,14,0,14,0,14,0,14,0,14,0,14,114,196,114,196,0,14
1400000US36005027700,"Census Tract 277, Bronx County, New York",Bronx,4474,596,899,299,354,209,312,149,0,14,193,221,0,14,0,14,40,46,0,14,40,46,3575,620,416,311,136,121,249,288,0,14,0,14,1986,654,788,400,750,388,38,40
1400000US36005027900,"Census Tract 279, Bronx County, New York",Bronx,8359,1243,3550,1186,1465,760,1621,772,0,19,216,205,0,19,0,19,248,315,0,19,248,315,4809,1063,147,123,146,175,179,176,0,19,0,19,2676,956,1661,763,1103,502,558,416
1400000US36005028100,"Census Tract 281, Bronx County, New York",Bronx,3565,490,1885,417,1095,278,597,291,0,14,140,133,0,14,17,21,36,23,15,20,21,22,1680,422,181,153,21,26,0,14,0,14,0,14,482,251,996,375,740,320,256,169
1400000US36005028300,"Census Tract 283, Bronx County, New York",Bronx,2325,965,679,221,169,151,330,93,0,14,124,110,0,14,56,94,0,14,0,14,0,14,1646,850,603,791,153,119,0,14,0,14,0,14,706,210,184,171,125,157,59,60
1400000US36005028400,"Census Tract 284, Bronx County, New York",Bronx,374,48,332,73,109,68,207,94,0,14,16,30,0,14,0,14,0,14,0,14,0,14,42,60,0,14,0,14,5,11,0,14,0,14,37,49,0,14,0,14,0,14
1400000US36005028500,"Census Tract 285, Bronx County, New York",Bronx,3422,568,1836,342,1339,345,239,157,0,14,139,80,0,14,26,40,93,63,71,55,22,25,1586,571,61,46,134,107,38,51,0,14,17,26,699,375,637,496,527,479,110,100
1400000US36005028600,"Census Tract 286, Bronx County, New York",Bronx,1248,321,934,308,674,283,94,109,0,14,160,107,0,14,6,9,0,14,0,14,0,14,314,172,121,125,0,14,0,14,0,14,0,14,141,85,52,47,52,47,0,14
1400000US36005028700,"Census Tract 287, Bronx County, New York",Bronx,3543,517,1169,370,674,304,155,88,0,14,223,155,0,14,0,14,117,111,45,67,72,84,2374,533,294,297,21,24,49,55,0,14,0,14,1549,467,461,197,365,165,96,90
1400000US36005028800,"Census Tract 288, Bronx County, New York",Bronx,2589,694,2170,681,1527,708,185,132,18,30,440,178,0,14,0,14,0,14,0,14,0,14,419,163,16,20,0,14,0,14,0,14,0,14,277,140,126,115,126,115,0,14
1400000US36005028900,"Census Tract 289, Bronx County, New York",Bronx,4461,810,1718,405,923,221,419,224,0,14,317,261,0,14,0,14,59,82,0,14,59,82,2743,827,170,116,144,198,133,166,51,65,0,14,1718,848,527,233,399,200,128,122
1400000US36005029301,"Census Tract 293.01, Bronx County, New York",Bronx,1874,169,1441,179,986,170,214,97,20,30,135,85,0,14,0,14,86,56,24,19,62,48,433,131,68,43,0,14,11,17,0,14,0,14,121,76,233,102,159,81,74,57
1400000US36005029302,"Census Tract 293.02, Bronx County, New York",Bronx,5439,817,4779,895,2923,590,785,385,0,19,389,248,0,19,368,277,314,252,179,238,135,116,660,468,103,124,30,51,0,19,0,19,0,19,148,256,379,271,280,237,99,92
1400000US36005029500,"Census Tract 295, Bronx County, New York",Bronx,4582,796,2752,427,1940,378,211,143,0,14,361,209,0,14,112,120,128,95,46,57,82,85,1830,791,321,515,0,14,0,14,21,36,0,14,416,249,1072,688,945,708,127,122
1400000US36005029600,"Census Tract 296, Bronx County, New York",Bronx,2367,282,1629,205,821,187,290,145,0,14,265,134,0,14,33,31,220,136,25,39,195,131,738,214,128,98,78,75,0,14,0,14,0,14,409,237,123,82,117,83,6,10
1400000US36005029700,"Census Tract 297, Bronx County, New York",Bronx,4157,366,3411,419,2290,404,516,274,0,14,287,139,0,14,115,107,203,112,102,82,101,90,746,272,50,49,93,67,31,31,0,14,0,14,431,247,141,82,141,82,0,14
1400000US36005030000,"Census Tract 300, Bronx County, New York",Bronx,6944,1018,3928,1091,2486,917,332,323,83,128,944,602,0,19,0,19,83,91,0,19,83,91,3016,842,652,484,128,145,0,19,0,19,0,19,1879,744,357,244,287,221,70,88
1400000US36005030100,"Census Tract 301, Bronx County, New York",Bronx,1570,189,1071,177,763,178,149,41,0,14,41,41,0,14,55,59,63,59,29,37,34,42,499,115,42,39,0,14,21,16,0,14,0,14,249,99,187,124,151,102,36,57
1400000US36005030201,"Census Tract 302.01, Bronx County, New York",Bronx,3681,628,2549,465,119,85,2268,455,0,14,0,14,0,14,8,14,154,110,35,33,119,101,1132,618,145,114,29,51,13,17,0,14,0,14,588,627,357,186,219,182,138,95
1400000US36005030202,"Census Tract 302.02, Bronx County, New York",Bronx,6165,1157,5393,1249,121,118,5190,1223,0,19,1,3,0,19,0,19,81,89,53,83,28,24,772,229,38,38,236,176,0,19,0,19,0,19,319,182,179,109,115,82,64,71
1400000US36005030701,"Census Tract 307.01, Bronx County, New York",Bronx,5743,941,4304,503,3484,592,227,136,0,19,147,111,0,19,235,205,211,156,74,82,137,111,1439,827,60,61,43,68,29,51,0,19,0,19,332,248,975,865,975,865,0,19
1400000US36005030900,"Census Tract 309, Bronx County, New York",Bronx,3812,425,3360,465,2991,492,214,77,0,14,122,79,0,14,0,14,33,34,23,25,10,16,452,217,90,71,28,32,0,14,0,14,0,14,192,165,142,91,135,88,7,11
1400000US36005031000,"Census Tract 310, Bronx County, New York",Bronx,4618,525,3020,542,1396,500,807,290,0,14,771,299,0,14,0,14,46,51,10,16,36,48,1598,368,216,147,121,139,0,14,0,14,0,14,736,286,525,178,296,142,229,146
1400000US36005031200,"Census Tract 312, Bronx County, New York",Bronx,1489,374,900,197,353,106,348,157,0,14,139,106,0,14,28,28,32,33,30,32,2,6,589,345,66,57,3,7,0,14,0,14,0,14,500,346,20,19,14,15,6,9
1400000US36005031400,"Census Tract 314, Bronx County, New York",Bronx,2232,343,1243,260,487,197,447,246,0,14,260,155,0,14,0,14,49,61,0,14,49,61,989,336,213,248,0,14,0,14,1,3,0,14,424,242,351,223,338,220,13,12
1400000US36005031600,"Census Tract 316, Bronx County, New York",Bronx,1697,318,923,271,591,218,79,61,0,14,177,126,0,14,0,14,76,101,12,15,64,94,774,287,99,109,7,11,0,14,0,14,0,14,269,233,399,202,209,126,190,165
1400000US36005031800,"Census Tract 318, Bronx County, New York",Bronx,1820,348,1207,333,504,207,407,291,0,14,279,160,0,14,0,14,17,19,8,13,9,13,613,267,72,54,1,11,91,130,0,14,0,14,190,137,259,196,126,100,133,172
1400000US36005031900,"Census Tract 319, Bronx County, New York",Bronx,693,36,565,86,390,97,96,75,0,14,53,55,0,14,0,14,26,33,0,14,26,33,128,79,68,47,11,13,3,7,0,14,0,14,35,54,11,18,6,9,5,9
1400000US36005032300,"Census Tract 323, Bronx County, New York",Bronx,4981,510,3703,499,2975,543,449,250,0,14,148,124,0,14,53,58,78,105,65,103,13,21,1278,341,167,159,30,48,0,14,26,41,0,14,331,244,724,328,320,184,404,261
1400000US36005032400,"Census Tract 324, Bronx County, New York",Bronx,2961,518,1665,520,344,142,682,272,0,14,489,481,11,13,0,14,139,148,139,148,0,14,1296,334,157,138,207,244,0,14,0,14,0,14,591,221,341,194,341,194,0,14
1400000US36005032600,"Census Tract 326, Bronx County, New York",Bronx,3542,654,2422,457,1261,477,528,210,0,14,528,217,0,14,75,94,30,40,30,40,0,14,1120,596,11,17,0,14,32,48,0,14,0,14,728,467,349,245,301,234,48,73
1400000US36005032800,"Census Tract 328, Bronx County, New York",Bronx,4132,583,1921,567,355,200,946,411,98,166,407,387,0,14,0,14,115,111,17,29,98,109,2211,484,94,105,81,115,115,134,0,14,0,14,1714,533,207,157,190,153,17,27
1400000US36005033000,"Census Tract 330, Bronx County, New York",Bronx,5197,773,2922,706,1239,559,1390,580,0,19,117,133,0,19,21,46,155,193,54,63,101,186,2275,768,211,176,29,47,0,19,0,19,0,19,1630,764,405,216,355,200,50,82
1400000US36005033201,"Census Tract 332.01, Bronx County, New York",Bronx,4050,661,1639,434,993,424,448,156,14,35,85,73,0,14,18,33,81,54,21,24,60,46,2411,616,320,382,76,121,14,16,80,57,0,14,1683,569,238,141,207,137,31,35
1400000US36005033202,"Census Tract 332.02, Bronx County, New York",Bronx,3628,553,1463,454,404,249,735,162,0,14,307,330,0,14,5,12,12,20,0,14,12,20,2165,503,166,183,22,23,0,14,0,14,0,14,1526,479,451,179,424,174,27,34
1400000US36005033400,"Census Tract 334, Bronx County, New York",Bronx,32,35,28,33,5,6,23,32,0,14,0,14,0,14,0,14,0,14,0,14,0,14,4,6,0,14,0,14,0,14,0,14,0,14,0,14,4,6,4,6,0,14
1400000US36005033500,"Census Tract 335, Bronx County, New York",Bronx,2236,271,1606,243,1180,184,283,149,0,14,36,25,0,14,0,14,107,62,31,34,76,50,630,181,168,90,13,20,11,16,0,14,0,14,174,85,264,149,147,82,117,133
1400000US36005033601,"Census Tract 336.01, Bronx County, New York",Bronx,4414,704,2074,645,207,127,1590,604,0,14,180,198,0,14,66,98,31,46,0,14,31,46,2340,563,174,134,132,106,0,14,0,14,0,14,1176,422,858,416,806,421,52,38
1400000US36005033602,"Census Tract 336.02, Bronx County, New York",Bronx,1234,272,678,246,70,43,592,271,2,4,0,14,0,14,11,48,3,15,0,14,3,15,556,182,61,53,0,14,0,14,0,14,0,14,345,162,150,112,150,112,0,14
1400000US36005033700,"Census Tract 337, Bronx County, New York",Bronx,3198,513,2785,510,2137,453,210,180,0,14,284,205,0,14,0,14,154,145,22,38,132,140,413,291,82,96,0,14,0,14,0,14,0,14,261,240,70,65,70,65,0,14
1400000US36005033801,"Census Tract 338.01, Bronx County, New York",Bronx,2011,384,1047,385,103,76,432,182,0,14,144,131,0,14,0,14,368,301,41,68,327,293,964,232,9,14,47,59,18,27,0,14,0,14,726,202,164,113,126,100,38,40
1400000US36005033802,"Census Tract 338.02, Bronx County, New York",Bronx,1579,511,741,158,23,27,614,165,13,19,69,95,0,14,0,14,22,27,22,27,0,14,838,492,94,88,34,41,0,14,28,41,0,14,674,489,8,12,8,12,0,14
1400000US36005034000,"Census Tract 340, Bronx County, New York",Bronx,5049,859,2357,656,200,183,1560,639,0,19,184,145,0,19,139,197,274,251,159,169,115,186,2692,700,144,129,87,118,103,100,0,19,0,19,1962,765,396,191,246,135,150,157
1400000US36005034200,"Census Tract 342, Bronx County, New York",Bronx,1625,440,984,425,64,53,861,426,0,14,10,20,43,77,0,14,6,13,0,14,6,13,641,198,76,85,33,39,0,14,0,14,0,14,293,124,239,171,239,171,0,14
1400000US36005034300,"Census Tract 343, Bronx County, New York",Bronx,1647,298,737,147,428,147,140,53,0,14,53,43,0,14,16,27,100,71,0,14,100,71,910,276,33,45,1,2,16,25,0,14,0,14,556,223,304,155,192,130,112,71
1400000US36005034400,"Census Tract 344, Bronx County, New York",Bronx,1717,637,1124,631,200,135,699,622,0,14,197,186,0,14,6,9,22,23,15,21,7,11,593,233,59,58,58,62,0,14,9,14,0,14,352,228,115,79,68,43,47,71
1400000US36005034500,"Census Tract 345, Bronx County, New York",Bronx,4037,567,2517,600,1782,630,436,145,12,18,43,42,0,14,0,14,244,166,149,133,95,82,1520,347,238,166,52,48,31,52,0,14,0,14,709,308,490,234,450,234,40,44
1400000US36005034800,"Census Tract 348, Bronx County, New York",Bronx,6051,1331,3755,1152,138,109,2881,982,40,41,489,404,0,19,25,29,182,146,0,19,182,146,2296,615,278,260,41,48,0,19,0,19,0,19,1792,618,185,160,133,150,52,65
1400000US36005035000,"Census Tract 350, Bronx County, New York",Bronx,1887,402,1465,381,30,47,1329,370,0,14,90,70,0,14,7,13,9,13,0,14,9,13,422,153,0,14,122,99,0,14,0,14,0,14,172,106,128,96,67,75,61,67
1400000US36005035100,"Census Tract 351, Bronx County, New York",Bronx,3461,427,2165,354,1392,258,200,90,0,14,241,115,0,14,85,114,247,181,49,78,198,171,1296,328,183,99,101,85,86,71,0,14,0,14,500,292,426,183,222,165,204,158
1400000US36005035600,"Census Tract 356, Bronx County, New York",Bronx,2207,351,1836,399,8,5,1766,382,0,14,14,19,0,14,19,32,29,25,0,14,29,25,371,164,29,41,35,29,0,14,0,14,0,14,306,156,1,3,1,3,0,14
1400000US36005035800,"Census Tract 358, Bronx County, New York",Bronx,6673,1012,4914,957,60,70,4586,943,0,19,10,20,0,19,0,19,258,320,236,317,22,38,1759,644,462,441,400,385,87,112,0,19,0,19,562,585,248,284,248,284,0,19
1400000US36005035900,"Census Tract 359, Bronx County, New York",Bronx,3873,504,1545,303,89,112,1306,298,0,14,0,14,0,14,65,70,85,79,37,45,48,64,2328,506,34,42,81,88,68,98,0,14,0,14,1368,410,777,358,756,357,21,25
1400000US36005036000,"Census Tract 360, Bronx County, New York",Bronx,2779,468,1800,457,108,47,1460,433,0,14,180,84,0,14,8,12,44,40,18,30,26,25,979,278,109,98,45,53,0,14,0,14,0,14,579,249,246,113,246,113,0,14
1400000US36005036100,"Census Tract 361, Bronx County, New York",Bronx,4690,946,1075,825,8,8,814,794,89,129,51,85,0,14,0,14,113,99,97,91,16,27,3615,627,144,151,550,400,98,161,0,14,0,14,1512,630,1311,418,1256,423,55,69
1400000US36005036300,"Census Tract 363, Bronx County, New York",Bronx,6727,1063,2395,640,190,152,2199,623,0,19,6,12,0,19,0,19,0,19,0,19,0,19,4332,1029,441,355,384,337,85,93,0,19,0,19,2001,753,1421,911,1259,896,162,144
1400000US36005036400,"Census Tract 364, Bronx County, New York",Bronx,2304,415,1917,415,9,11,1766,391,0,14,41,61,0,14,0,14,101,99,101,99,0,14,387,176,49,54,14,18,0,14,0,14,0,14,234,142,90,76,90,76,0,14
1400000US36005036501,"Census Tract 365.01, Bronx County, New York",Bronx,4287,751,2151,595,42,55,2016,593,5,12,0,14,0,14,0,14,88,101,0,14,88,101,2136,597,69,88,436,493,0,14,0,14,0,14,951,374,680,271,626,247,54,86
1400000US36005036502,"Census Tract 365.02, Bronx County, New York",Bronx,2287,535,919,284,62,62,831,301,0,14,10,15,0,14,0,14,16,15,0,14,16,15,1368,464,117,139,281,156,0,14,0,14,0,14,212,122,758,432,684,422,74,91
1400000US36005036700,"Census Tract 367, Bronx County, New York",Bronx,2718,480,932,322,29,40,819,312,0,14,2,4,0,14,11,17,71,65,10,12,61,63,1786,436,46,45,219,136,0,14,0,14,0,14,936,375,585,281,538,265,47,71
1400000US36005036800,"Census Tract 368, Bronx County, New York",Bronx,1958,371,1448,427,46,49,1100,405,94,135,15,24,0,14,130,191,63,54,18,28,45,47,510,168,0,14,51,52,28,35,0,14,0,14,285,130,146,110,115,98,31,36
1400000US36005036901,"Census Tract 369.01, Bronx County, New York",Bronx,1808,378,467,316,18,24,402,318,0,14,0,14,0,14,23,25,24,29,2,4,22,28,1341,265,206,196,121,111,39,53,0,14,0,14,686,211,289,149,190,112,99,110
1400000US36005036902,"Census Tract 369.02, Bronx County, New York",Bronx,2504,279,1208,298,103,79,1100,285,0,14,0,14,0,14,0,14,5,12,0,14,5,12,1296,328,158,137,188,103,73,75,0,14,0,14,565,225,312,136,227,121,85,88
1400000US36005037000,"Census Tract 370, Bronx County, New York",Bronx,2362,498,1997,498,8,13,1497,416,0,14,238,188,0,14,124,178,130,139,0,14,130,139,365,201,125,177,0,14,0,14,9,14,0,14,147,111,84,99,62,91,22,23
1400000US36005037100,"Census Tract 371, Bronx County, New York",Bronx,4218,655,1562,426,76,99,1426,412,0,14,0,14,0,14,0,14,60,62,32,48,28,37,2656,709,321,344,168,142,18,28,0,14,0,14,1225,555,924,378,867,383,57,90
1400000US36005037200,"Census Tract 372, Bronx County, New York",Bronx,2017,346,1071,279,77,60,803,269,11,22,76,84,0,14,104,92,0,14,0,14,0,14,946,329,53,46,25,37,0,14,14,21,0,14,637,287,217,146,208,141,9,13
1400000US36005037300,"Census Tract 373, Bronx County, New York",Bronx,6202,1216,1794,388,45,65,1361,484,61,73,0,19,0,19,246,378,81,128,81,128,0,19,4408,1188,38,46,872,454,47,75,0,19,0,19,747,614,2704,1194,2153,1204,551,463
1400000US36005037400,"Census Tract 374, Bronx County, New York",Bronx,3633,731,1477,434,47,71,1322,423,0,14,40,65,0,14,0,14,68,64,27,39,41,49,2156,667,167,150,218,139,0,14,66,102,0,14,873,262,832,677,832,677,0,14
1400000US36005037504,"Census Tract 375.04, Bronx County, New York",Bronx,4015,519,1589,397,68,76,1404,360,0,14,5,10,0,14,0,14,112,108,0,14,112,108,2426,487,389,317,367,282,75,123,67,95,0,14,892,310,636,319,636,319,0,14
1400000US36005037600,"Census Tract 376, Bronx County, New York",Bronx,2115,292,1069,262,113,95,778,242,0,14,133,71,0,14,16,25,29,43,1,3,28,43,1046,280,5,12,0,14,0,14,7,22,0,14,899,279,135,106,79,49,56,83
1400000US36005037800,"Census Tract 378, Bronx County, New York",Bronx,3505,635,2083,499,119,131,1911,508,0,14,0,14,39,66,0,14,14,21,0,14,14,21,1422,434,87,117,140,100,50,78,0,14,0,14,989,417,156,148,156,148,0,14
1400000US36005037900,"Census Tract 379, Bronx County, New York",Bronx,6961,1217,3287,1451,51,57,3197,1450,0,19,6,14,0,19,7,12,26,28,9,20,17,22,3674,1028,13,19,381,300,66,147,0,19,0,19,2385,1180,829,388,645,321,184,244
1400000US36005038000,"Census Tract 380, Bronx County, New York",Bronx,5023,940,3663,672,72,46,3391,676,0,19,32,67,0,19,33,61,135,139,0,19,135,139,1360,638,48,61,208,154,0,19,0,19,0,19,650,539,454,347,394,334,60,96
1400000US36005038100,"Census Tract 381, Bronx County, New York",Bronx,6543,1120,2444,813,71,67,2214,793,126,212,0,19,0,19,0,19,33,56,0,19,33,56,4099,919,496,395,173,201,61,119,120,175,0,19,2145,693,1104,783,1039,777,65,109
1400000US36005038200,"Census Tract 382, Bronx County, New York",Bronx,2964,450,2224,406,63,41,2101,404,0,14,35,55,0,14,0,14,25,41,12,19,13,22,740,257,25,28,149,127,0,14,0,14,0,14,310,215,256,186,224,184,32,38
1400000US36005038301,"Census Tract 383.01, Bronx County, New York",Bronx,4553,544,1322,481,28,36,1193,476,0,14,41,48,0,14,55,87,5,11,5,11,0,14,3231,615,116,90,36,60,0,14,0,14,0,14,2282,507,797,433,464,303,333,243
1400000US36005038303,"Census Tract 383.03, Bronx County, New York",Bronx,3662,700,1197,618,0,14,1063,565,0,14,0,14,0,14,0,14,134,213,134,213,0,14,2465,543,55,53,152,145,0,14,39,54,0,14,1629,499,590,364,528,343,62,106
1400000US36005038304,"Census Tract 383.04, Bronx County, New York",Bronx,2231,365,1126,387,33,64,952,366,6,18,8,14,0,14,39,51,88,99,73,95,15,25,1105,392,34,49,248,201,16,27,0,14,0,14,597,310,210,141,138,124,72,75
1400000US36005038500,"Census Tract 385, Bronx County, New York",Bronx,5218,990,1852,468,16,27,1823,470,0,19,9,20,0,19,0,19,4,7,0,19,4,7,3366,817,114,174,267,216,279,430,0,19,0,19,1730,715,976,866,957,889,19,42
1400000US36005038600,"Census Tract 386, Bronx County, New York",Bronx,8012,1540,6780,1480,130,103,6266,1484,60,91,83,110,0,19,141,173,100,91,0,19,100,91,1232,457,21,35,332,245,0,19,0,19,0,19,579,222,300,320,273,318,27,44
1400000US36005038700,"Census Tract 387, Bronx County, New York",Bronx,3610,764,1186,282,406,235,463,195,65,78,117,93,0,14,0,14,135,126,31,50,104,117,2424,838,30,72,36,36,17,36,0,14,0,14,2259,811,82,67,82,67,0,14
1400000US36005038800,"Census Tract 388, Bronx County, New York",Bronx,2752,445,1965,433,4,5,1863,452,0,14,0,14,0,14,91,91,7,19,7,19,0,14,787,323,41,53,29,46,23,38,0,14,0,14,628,310,66,63,37,46,29,40
1400000US36005038900,"Census Tract 389, Bronx County, New York",Bronx,5412,824,1803,365,922,270,514,266,0,19,178,162,0,19,17,26,172,100,26,41,146,97,3609,806,564,649,37,46,142,115,0,19,0,19,2106,558,760,412,760,412,0,19
1400000US36005039000,"Census Tract 390, Bronx County, New York",Bronx,3054,672,2299,732,50,56,1656,509,0,14,39,61,0,14,140,124,414,466,60,77,354,460,755,190,33,49,127,129,0,14,0,14,0,14,539,160,56,52,41,48,15,26
1400000US36005039100,"Census Tract 391, Bronx County, New York",Bronx,6071,1238,1821,820,800,427,1014,729,0,19,7,14,0,19,0,19,0,19,0,19,0,19,4250,1018,424,710,0,19,0,19,0,19,0,19,2872,947,954,379,741,405,213,255
1400000US36005039200,"Census Tract 392, Bronx County, New York",Bronx,1590,282,1062,269,45,36,946,256,0,14,28,25,0,14,0,14,43,39,18,19,25,27,528,211,30,49,8,12,0,14,0,14,0,14,364,175,126,111,100,102,26,40
1400000US36005039300,"Census Tract 393, Bronx County, New York",Bronx,8847,1413,3480,1213,703,588,2467,1187,0,19,18,29,0,19,48,76,244,270,0,19,244,270,5367,856,538,410,189,288,431,568,0,19,0,19,3584,1045,625,420,550,393,75,92
1400000US36005039400,"Census Tract 394, Bronx County, New York",Bronx,4323,640,2927,669,201,142,2664,676,0,14,62,88,0,14,0,14,0,14,0,14,0,14,1396,596,5,12,392,442,0,14,0,14,0,14,657,273,342,242,327,241,15,25
1400000US36005039500,"Census Tract 395, Bronx County, New York",Bronx,4389,958,1277,377,29,42,1058,310,23,36,35,47,0,14,132,190,0,14,0,14,0,14,3112,959,82,78,0,14,0,14,0,14,0,14,1496,541,1534,959,1243,698,291,349
1400000US36005039600,"Census Tract 396, Bronx County, New York",Bronx,3763,680,2529,563,377,342,2025,510,0,14,57,98,0,14,0,14,70,65,69,65,1,2,1234,530,67,106,35,39,0,14,0,14,0,14,923,497,209,154,209,154,0,14
1400000US36005039700,"Census Tract 397, Bronx County, New York",Bronx,4219,173,2958,214,2171,190,200,119,0,14,382,132,0,14,10,21,195,97,41,60,154,73,1261,227,334,131,66,69,32,40,4,8,0,14,427,116,398,161,361,154,37,36
1400000US36005039800,"Census Tract 398, Bronx County, New York",Bronx,3540,773,2706,603,1,2,2590,584,0,14,0,14,0,14,0,14,115,132,115,132,0,14,834,679,17,29,123,132,0,14,0,14,0,14,465,487,229,226,229,226,0,14
1400000US36005039901,"Census Tract 399.01, Bronx County, New York",Bronx,4855,718,953,377,20,22,530,266,0,14,171,128,0,14,151,189,81,59,10,17,71,55,3902,724,40,51,28,27,189,222,0,14,0,14,3314,731,331,273,233,218,98,163
1400000US36005039902,"Census Tract 399.02, Bronx County, New York",Bronx,4719,694,1146,415,24,30,734,281,0,14,94,95,0,14,144,237,150,177,113,172,37,40,3573,659,201,277,160,103,83,121,0,14,0,14,2543,681,586,356,426,287,160,193
1400000US36005040100,"Census Tract 401, Bronx County, New York",Bronx,4749,647,1254,390,349,294,832,240,0,14,64,63,0,14,9,20,0,14,0,14,0,14,3495,615,0,14,107,104,68,98,0,14,0,14,2857,611,463,186,337,149,126,119
1400000US36005040302,"Census Tract 403.02, Bronx County, New York",Bronx,4008,1374,527,276,31,37,487,263,0,14,9,13,0,14,0,14,0,14,0,14,0,14,3481,1407,85,93,48,48,21,34,0,14,0,14,2904,1406,423,207,295,172,128,116
1400000US36005040303,"Census Tract 403.03, Bronx County, New York",Bronx,3999,380,589,227,45,38,461,223,0,14,83,84,0,14,0,14,0,14,0,14,0,14,3410,375,116,106,168,140,0,14,0,14,0,14,2615,440,511,227,455,215,56,70
1400000US36005040304,"Census Tract 403.04, Bronx County, New York",Bronx,3502,550,934,342,213,214,499,278,0,14,161,183,0,14,0,14,61,67,0,14,61,67,2568,583,109,72,97,130,80,133,0,14,0,14,1919,590,363,181,244,112,119,112
1400000US36005040400,"Census Tract 404, Bronx County, New York",Bronx,3408,757,2595,703,2,3,2456,680,0,14,0,14,0,14,24,37,113,79,19,28,94,78,813,541,0,14,116,87,0,14,0,14,0,14,482,465,215,310,215,310,0,14
1400000US36005040501,"Census Tract 405.01, Bronx County, New York",Bronx,3327,648,384,167,25,28,198,128,0,14,99,113,0,14,37,38,25,29,0,14,25,29,2943,641,97,96,13,21,228,382,0,14,0,14,2378,568,227,162,193,151,34,51
1400000US36005040502,"Census Tract 405.02, Bronx County, New York",Bronx,5615,1145,1949,921,428,141,1280,806,0,19,58,62,0,19,135,201,48,68,38,65,10,16,3666,838,1,2,110,115,55,77,0,19,0,19,3151,858,349,308,349,308,0,19
1400000US36005040600,"Census Tract 406, Bronx County, New York",Bronx,3451,664,2567,641,169,117,1770,581,0,14,268,184,0,14,234,224,126,170,0,14,126,170,884,414,56,87,25,63,0,14,0,14,0,14,634,371,169,211,169,211,0,14
1400000US36005040701,"Census Tract 407.01, Bronx County, New York",Bronx,2839,690,924,290,370,235,451,210,0,14,62,72,0,14,0,14,41,43,0,14,41,43,1915,673,214,232,88,77,77,127,0,14,0,14,1130,334,406,437,385,439,21,30
1400000US36005040702,"Census Tract 407.02, Bronx County, New York",Bronx,6233,870,2465,723,524,308,1141,465,0,19,391,253,0,19,0,19,409,404,0,19,409,404,3768,776,148,174,141,157,0,19,0,19,21,33,2689,699,769,378,699,374,70,79
1400000US36005040800,"Census Tract 408, Bronx County, New York",Bronx,4381,903,2450,732,95,180,1491,673,0,14,195,195,0,14,113,182,556,374,416,339,140,152,1931,789,164,136,590,586,0,14,0,14,0,14,933,504,244,178,210,171,34,40
1400000US36005040900,"Census Tract 409, Bronx County, New York",Bronx,3323,562,2781,516,482,179,2128,502,0,14,95,106,0,14,32,68,44,49,0,14,44,49,542,197,0,14,0,14,0,14,0,14,0,14,252,110,290,198,262,193,28,48
1400000US36005041100,"Census Tract 411, Bronx County, New York",Bronx,3418,576,820,314,50,41,387,142,0,14,225,252,0,14,60,87,98,100,46,71,52,73,2598,498,203,266,47,55,209,175,0,14,0,14,1919,430,220,214,220,214,0,14
1400000US36005041300,"Census Tract 413, Bronx County, New York",Bronx,7329,1057,2027,622,1022,383,667,371,93,160,147,125,0,19,0,19,98,69,65,67,33,36,5302,1058,288,160,187,135,81,66,0,19,0,19,3973,1033,773,409,751,407,22,37
1400000US36005041400,"Census Tract 414, Bronx County, New York",Bronx,5483,969,3846,965,384,409,2451,748,87,145,331,258,0,19,330,350,263,331,0,19,263,331,1637,713,51,58,251,340,33,50,0,19,0,19,1146,714,156,169,156,169,0,19
1400000US36005041500,"Census Tract 415, Bronx County, New York",Bronx,5555,981,1665,496,310,189,714,323,0,19,543,342,0,19,42,67,56,63,13,22,43,58,3890,990,36,48,169,193,53,87,0,19,0,19,3014,962,618,373,526,391,92,90
1400000US36005041800,"Census Tract 418, Bronx County, New York",Bronx,3396,751,2330,814,172,103,1484,756,0,14,291,189,0,14,218,204,165,95,152,99,13,20,1066,420,82,87,63,86,0,14,0,14,0,14,801,376,120,105,120,105,0,14
1400000US36005041900,"Census Tract 419, Bronx County, New York",Bronx,6215,873,2156,520,253,148,874,373,142,221,638,327,0,19,29,23,220,134,134,82,86,108,4059,916,56,74,201,266,0,19,0,19,0,19,3245,894,557,304,368,233,189,175
1400000US36005042000,"Census Tract 420, Bronx County, New York",Bronx,4660,790,2604,671,61,48,2385,673,97,160,50,47,0,14,0,14,11,19,0,14,11,19,2056,640,314,348,123,106,170,185,0,14,0,14,1102,573,347,227,322,220,25,44
1400000US36005042100,"Census Tract 421, Bronx County, New York",Bronx,5780,977,1426,334,356,249,796,291,0,19,274,162,0,19,0,19,0,19,0,19,0,19,4354,980,404,411,64,79,232,221,0,19,0,19,3254,917,400,261,264,208,136,174
1400000US36005042200,"Census Tract 422, Bronx County, New York",Bronx,3209,756,2568,821,40,56,2296,729,0,14,21,42,0,14,65,108,146,94,146,94,0,14,641,403,79,126,218,285,0,14,0,14,0,14,344,222,0,14,0,14,0,14
1400000US36005042300,"Census Tract 423, Bronx County, New York",Bronx,4189,495,1590,410,493,256,696,342,0,14,156,138,0,14,13,19,232,151,156,139,76,77,2599,573,268,220,74,97,260,222,0,14,0,14,1474,606,523,269,494,267,29,39
1400000US36005042400,"Census Tract 424, Bronx County, New York",Bronx,2479,647,1779,475,26,21,1625,454,0,14,67,70,0,14,4,12,57,41,32,33,25,34,700,481,268,389,140,110,0,14,0,14,0,14,272,155,20,21,20,21,0,14
1400000US36005042500,"Census Tract 425, Bronx County, New York",Bronx,6810,1171,2972,887,1449,706,276,229,0,19,1211,469,0,19,22,26,14,23,14,23,0,19,3838,1084,360,241,172,212,43,105,0,19,0,19,2695,991,568,415,568,415,0,19
1400000US36005042600,"Census Tract 426, Bronx County, New York",Bronx,6669,1373,4770,948,203,206,4115,877,86,150,343,322,0,19,20,32,3,6,0,19,3,6,1899,1024,110,175,79,122,0,19,0,19,0,19,1710,1011,0,19,0,19,0,19
1400000US36005042800,"Census Tract 428, Bronx County, New York",Bronx,2381,587,2014,568,20,33,1610,377,0,14,49,61,0,14,321,419,14,20,0,14,14,20,367,237,0,14,40,30,172,155,0,14,0,14,106,142,49,77,49,77,0,14
1400000US36005042901,"Census Tract 429.01, Bronx County, New York",Bronx,3397,524,1573,462,130,87,788,331,0,14,576,329,0,14,43,67,36,58,0,14,36,58,1824,415,19,24,14,22,68,98,0,14,0,14,1331,382,392,226,338,220,54,58
1400000US36005042902,"Census Tract 429.02, Bronx County, New York",Bronx,3656,368,1200,329,159,100,716,236,0,14,325,242,0,14,0,14,0,14,0,14,0,14,2456,363,175,157,44,45,69,126,0,14,6,10,1652,361,510,234,464,224,46,51
1400000US36005043000,"Census Tract 430, Bronx County, New York",Bronx,3004,812,2468,836,39,72,2096,802,0,14,19,29,0,14,167,226,147,114,107,115,40,44,536,273,25,43,0,14,0,14,0,14,0,14,393,255,118,94,105,91,13,20
1400000US36005043101,"Census Tract 431.01, Bronx County, New York",Bronx,5051,1105,1721,435,167,114,772,306,0,19,776,343,0,19,0,19,6,11,0,19,6,11,3330,1167,0,19,265,233,19,31,0,19,0,19,2861,1175,185,135,171,129,14,37
1400000US36005043102,"Census Tract 431.02, Bronx County, New York",Bronx,4458,693,709,183,168,79,484,178,0,14,52,60,0,14,0,14,5,10,0,14,5,10,3749,685,362,266,275,283,180,259,0,14,0,14,2385,546,547,452,536,457,11,29
1400000US36005043400,"Census Tract 434, Bronx County, New York",Bronx,3921,650,2650,549,69,92,2210,482,0,14,168,266,0,14,38,51,165,198,128,195,37,52,1271,474,126,237,35,57,0,14,0,14,0,14,943,433,167,186,167,186,0,14
1400000US36005043501,"Census Tract 435.01, Bronx County, New York",Bronx,1011,138,514,164,6,11,463,151,0,14,45,69,0,14,0,14,0,14,0,14,0,14,497,152,135,85,42,33,0,14,0,14,0,14,213,134,107,41,61,44,46,37
1400000US36005043502,"Census Tract 435.02, Bronx County, New York",Bronx,0,14,0,14,0,14,0,14,0,14,0,14,0,14,0,14,0,14,0,14,0,14,0,14,0,14,0,14,0,14,0,14,0,14,0,14,0,14,0,14,0,14
1400000US36005043503,"Census Tract 435.03, Bronx County, New York",Bronx,0,14,0,14,0,14,0,14,0,14,0,14,0,14,0,14,0,14,0,14,0,14,0,14,0,14,0,14,0,14,0,14,0,14,0,14,0,14,0,14,0,14
1400000US36005043600,"Census Tract 436, Bronx County, New York",Bronx,2362,354,1664,453,89,46,1274,348,168,291,55,65,0,14,53,69,25,46,0,14,25,46,698,240,0,14,33,45,0,14,0,14,0,14,572,243,93,88,93,88,0,14
1400000US36005044200,"Census Tract 442, Bronx County, New York",Bronx,4007,1283,3354,1298,79,103,2868,1271,0,14,17,27,0,14,71,68,319,212,267,194,52,80,653,394,1,4,77,80,0,14,0,14,0,14,449,355,126,136,126,136,0,14
1400000US36005044400,"Census Tract 444, Bronx County, New York",Bronx,4293,906,3680,700,89,84,2986,552,0,14,96,190,0,14,0,14,509,518,368,491,141,129,613,674,20,32,120,127,0,14,0,14,0,14,417,633,56,97,56,97,0,14
1400000US36005044800,"Census Tract 448, Bronx County, New York",Bronx,2374,404,2140,419,34,49,1987,450,0,14,107,97,0,14,0,14,12,18,0,14,12,18,234,145,0,14,27,24,0,14,0,14,0,14,207,136,0,14,0,14,0,14
1400000US36005044901,"Census Tract 449.01, Bronx County, New York",Bronx,2045,298,1536,253,1352,260,80,51,0,14,21,22,0,14,0,14,83,57,26,34,57,50,509,184,113,81,70,115,21,24,17,26,0,14,110,83,178,110,137,95,41,55
1400000US36005044902,"Census Tract 449.02, Bronx County, New York",Bronx,2175,377,1619,263,1493,257,85,101,0,14,18,18,0,14,14,21,9,13,0,14,9,13,556,305,91,105,0,14,25,39,0,14,0,14,338,287,102,110,38,43,64,72
1400000US36005045101,"Census Tract 451.01, Bronx County, New York",Bronx,1695,302,1405,322,1314,326,18,20,19,33,54,53,0,14,0,14,0,14,0,14,0,14,290,98,63,63,0,14,0,14,0,14,0,14,145,103,82,62,82,62,0,14
1400000US36005045102,"Census Tract 451.02, Bronx County, New York",Bronx,2068,428,1561,423,1299,409,62,74,0,14,109,127,0,14,0,14,91,78,15,16,76,78,507,157,84,55,16,23,72,108,0,14,0,14,39,32,296,153,125,66,171,139
1400000US36005045600,"Census Tract 456, Bronx County, New York",Bronx,3552,725,2320,664,393,193,1813,645,28,41,0,14,0,14,0,14,86,91,27,43,59,76,1232,497,104,121,0,14,0,14,0,14,0,14,710,460,418,320,418,320,0,14
1400000US36005045800,"Census Tract 458, Bronx County, New York",Bronx,5523,945,2485,810,0,19,2176,688,0,19,0,19,0,19,215,299,94,139,0,19,94,139,3038,699,84,128,80,97,0,19,0,19,0,19,2236,577,638,508,393,307,245,392
1400000US36005046000,"Census Tract 460, Bronx County, New York",Bronx,2800,602,1973,656,36,25,1510,540,0,14,11,12,0,14,0,14,416,361,10,17,406,360,827,361,27,29,102,176,44,72,0,14,0,14,503,296,151,125,121,119,30,45
1400000US36005046203,"Census Tract 462.03, Bronx County, New York",Bronx,6756,1629,4450,1421,690,353,3594,1401,0,19,96,83,0,19,1,18,69,69,12,30,57,62,2306,1033,283,227,118,110,49,77,0,19,0,19,1399,936,457,283,346,260,111,122
1400000US36005046204,"Census Tract 462.04, Bronx County, New York",Bronx,5259,1082,3175,706,119,118,2807,523,0,19,29,34,0,19,0,19,220,214,0,19,220,214,2084,949,62,79,107,111,0,19,0,19,0,19,1045,795,870,378,769,363,101,84
1400000US36005046205,"Census Tract 462.05, Bronx County, New York",Bronx,3633,360,2425,394,210,132,2183,357,0,14,32,56,0,14,0,14,0,14,0,14,0,14,1208,332,140,143,131,97,0,14,0,14,0,14,569,291,368,195,368,195,0,14
1400000US36005046206,"Census Tract 462.06, Bronx County, New York",Bronx,3971,503,3058,525,138,104,2845,510,0,14,27,45,0,14,0,14,48,97,48,97,0,14,913,457,118,183,41,67,0,14,0,14,0,14,316,334,438,429,438,429,0,14
1400000US36005046207,"Census Tract 462.07, Bronx County, New York",Bronx,6535,1418,4971,1174,138,110,4261,1170,0,19,320,321,0,19,0,19,252,230,0,19,252,230,1564,812,199,189,65,76,0,19,0,19,0,19,1211,791,89,72,89,72,0,19
1400000US36005046208,"Census Tract 462.08, Bronx County, New York",Bronx,5145,982,4662,973,127,67,4021,1003,129,106,16,24,0,19,94,149,275,226,22,37,253,220,483,207,0,19,142,151,0,19,0,19,0,19,259,176,82,131,82,131,0,19
1400000US36005046209,"Census Tract 462.09, Bronx County, New York",Bronx,4436,1594,2779,1533,0,14,2703,1532,0,14,4,8,0,14,0,14,72,78,40,61,32,50,1657,586,40,58,189,215,0,14,0,14,0,14,1270,628,158,152,158,152,0,14
1400000US36005048401,"Census Tract 484.01, Bronx County, New York",Bronx,3892,812,3204,817,78,58,2761,800,0,14,27,35,0,14,172,160,166,138,27,48,139,126,688,307,81,76,0,14,0,14,0,14,0,14,297,242,310,153,310,153,0,14
1400000US36005048402,"Census Tract 484.02, Bronx County, New York",Bronx,0,14,0,14,0,14,0,14,0,14,0,14,0,14,0,14,0,14,0,14,0,14,0,14,0,14,0,14,0,14,0,14,0,14,0,14,0,14,0,14,0,14
1400000US36005050400,"Census Tract 504, Bronx County, New York",Bronx,0,14,0,14,0,14,0,14,0,14,0,14,0,14,0,14,0,14,0,14,0,14,0,14,0,14,0,14,0,14,0,14,0,14,0,14,0,14,0,14,0,14
1400000US36005051601,"Census Tract 516.01, Bronx County, New York",Bronx,3828,753,2937,713,2569,714,34,52,0,14,90,103,0,14,98,80,146,156,0,14,146,156,891,309,68,72,26,41,0,14,0,14,0,14,581,270,216,148,195,143,21,35
1400000US36005051602,"Census Tract 516.02, Bronx County, New York",Bronx,0,14,0,14,0,14,0,14,0,14,0,14,0,14,0,14,0,14,0,14,0,14,0,14,0,14,0,14,0,14,0,14,0,14,0,14,0,14,0,14,0,14
1400000US36047000100,"Census Tract 1, Kings County, New York",Brooklyn,4815,646,4465,655,3465,739,519,264,0,14,350,123,0,14,0,14,131,126,88,110,43,62,350,226,17,26,0,14,0,14,0,14,0,14,108,148,225,151,148,176,77,103
1400000US36047000200,"Census Tract 2, Kings County, New York",Brooklyn,1288,294,372,214,230,200,49,48,0,14,48,42,0,14,6,10,39,41,29,38,10,16,916,309,75,58,0,14,75,88,0,14,0,14,604,312,162,104,162,104,0,14
1400000US36047000301,"Census Tract 3.01, Kings County, New York",Brooklyn,4501,701,4138,674,3708,695,39,29,0,14,193,135,0,14,69,57,129,97,0,14,129,97,363,172,135,89,0,14,0,14,0,14,0,14,0,14,228,158,228,158,0,14
1400000US36047000501,"Census Tract 5.01, Kings County, New York",Brooklyn,4541,466,4057,421,2761,423,190,133,17,32,879,273,0,14,50,50,160,85,0,14,160,85,484,233,53,64,0,14,0,14,0,14,0,14,46,51,385,203,385,203,0,14
1400000US36047000502,"Census Tract 5.02, Kings County, New York",Brooklyn,2704,292,2576,293,1943,361,18,17,14,29,449,187,0,14,5,7,147,125,0,14,147,125,128,74,49,49,0,14,0,14,0,14,0,14,0,14,79,58,79,58,0,14
1400000US36047000700,"Census Tract 7, Kings County, New York",Brooklyn,4243,580,4010,571,3288,589,43,42,0,14,330,155,0,14,10,17,339,170,53,67,286,153,233,147,110,115,0,14,0,14,0,14,0,14,34,42,89,62,74,56,15,23
1400000US36047000900,"Census Tract 9, Kings County, New York",Brooklyn,5227,910,4622,680,3453,544,71,48,0,19,497,137,0,19,8,17,593,453,5,22,588,459,605,648,513,645,0,19,0,19,0,19,0,19,84,80,8,17,8,17,0,19
1400000US36047001100,"Census Tract 11, Kings County, New York",Brooklyn,1580,260,1369,258,890,243,103,81,0,14,327,79,0,14,0,14,49,30,11,14,38,25,211,75,50,31,14,19,0,14,0,14,0,14,37,56,110,67,50,49,60,43
1400000US36047001300,"Census Tract 13, Kings County, New York",Brooklyn,2518,303,2362,307,1440,322,360,244,0,14,468,231,0,14,0,14,94,57,29,34,65,45,156,72,17,21,0,14,0,14,0,14,0,14,67,56,72,54,72,54,0,14
1400000US36047001501,"Census Tract 15.01, Kings County, New York",Brooklyn,4565,581,3658,608,1351,398,1276,558,0,14,769,202,0,14,115,145,147,121,4,13,143,119,907,345,199,140,0,14,0,14,0,14,0,14,424,257,284,206,221,188,63,103
1400000US36047001502,"Census Tract 15.02, Kings County, New York",Brooklyn,5238,769,4554,600,2120,369,776,432,0,19,1349,488,0,19,17,36,292,177,91,99,201,142,684,514,17,27,0,19,0,19,44,49,0,19,220,161,403,421,403,421,0,19
1400000US36047001801,"Census Tract 18.01, Kings County, New York",Brooklyn,1588,100,974,74,249,40,674,69,10,19,41,32,0,14,0,14,0,14,0,14,0,14,614,66,458,53,84,40,0,14,0,14,0,14,63,45,9,16,9,16,0,14
1400000US36047001802,"Census Tract 18.02, Kings County, New York",Brooklyn,0,14,0,14,0,14,0,14,0,14,0,14,0,14,0,14,0,14,0,14,0,14,0,14,0,14,0,14,0,14,0,14,0,14,0,14,0,14,0,14,0,14
1400000US36047001803,"Census Tract 18.03, Kings County, New York",Brooklyn,11,2,11,2,8,4,3,3,0,14,0,14,0,14,0,14,0,14,0,14,0,14,0,14,0,14,0,14,0,14,0,14,0,14,0,14,0,14,0,14,0,14
1400000US36047001804,"Census Tract 18.04, Kings County, New York",Brooklyn,0,14,0,14,0,14,0,14,0,14,0,14,0,14,0,14,0,14,0,14,0,14,0,14,0,14,0,14,0,14,0,14,0,14,0,14,0,14,0,14,0,14
1400000US36047002000,"Census Tract 20, Kings County, New York",Brooklyn,1733,560,438,172,67,40,230,132,0,14,136,94,0,14,5,29,0,14,0,14,0,14,1295,578,27,30,0,14,0,14,0,14,0,14,1204,583,64,70,64,70,0,14
1400000US36047002100,"Census Tract 21, Kings County, New York",Brooklyn,6452,1005,5939,995,4016,785,557,415,0,19,1026,595,0,19,28,45,312,170,75,91,237,150,513,283,129,89,0,19,0,19,20,33,0,19,0,19,364,272,364,272,0,19
1400000US36047002200,"Census Tract 22, Kings County, New York",Brooklyn,4650,931,2154,757,1226,732,209,142,0,14,681,257,0,14,13,24,25,22,22,21,3,5,2496,615,173,263,89,132,177,205,0,14,0,14,1694,532,363,217,357,216,6,12
1400000US36047002300,"Census Tract 23, Kings County, New York",Brooklyn,3385,701,1680,386,40,49,1274,367,40,60,326,165,0,14,0,14,0,14,0,14,0,14,1705,643,75,88,261,267,133,191,0,14,0,14,1236,718,0,14,0,14,0,14
1400000US36047002901,"Census Tract 29.01, Kings County, New York",Brooklyn,3177,570,2643,558,94,55,1522,489,0,14,518,112,0,14,226,339,283,279,0,14,283,279,534,127,2,4,109,94,0,14,11,22,0,14,112,94,300,119,173,168,127,107
1400000US36047003000,"Census Tract 30, Kings County, New York",Brooklyn,1844,314,1518,299,946,242,3,4,0,14,515,216,0,14,8,13,46,29,0,14,46,29,326,168,62,37,3,5,0,14,0,14,0,14,81,90,180,139,172,134,8,13
1400000US36047003101,"Census Tract 31.01, Kings County, New York",Brooklyn,4074,391,3644,410,1743,345,870,224,0,14,639,207,33,42,0,14,359,167,86,72,273,170,430,147,25,27,10,17,0,14,0,14,0,14,108,95,287,142,274,141,13,20
1400000US36047003102,"Census Tract 31.02, Kings County, New York",Brooklyn,0,14,0,14,0,14,0,14,0,14,0,14,0,14,0,14,0,14,0,14,0,14,0,14,0,14,0,14,0,14,0,14,0,14,0,14,0,14,0,14,0,14
1400000US36047003300,"Census Tract 33, Kings County, New York",Brooklyn,4125,580,3639,563,1601,270,837,232,0,14,495,195,0,14,26,45,680,373,53,49,627,378,486,220,36,41,91,146,39,47,0,14,0,14,127,128,193,117,165,109,28,45
1400000US36047003400,"Census Tract 34, Kings County, New York",Brooklyn,3351,515,2537,441,1940,434,30,33,0,14,453,119,0,14,0,14,114,84,60,58,54,64,814,358,64,65,0,14,0,14,0,14,0,14,301,355,449,216,380,210,69,90
1400000US36047003500,"Census Tract 35, Kings County, New York",Brooklyn,2178,262,1688,269,848,192,580,145,0,14,217,101,0,14,10,15,33,29,15,22,18,18,490,143,39,44,13,20,0,14,0,14,0,14,272,129,166,97,149,88,17,25
1400000US36047003600,"Census Tract 36, Kings County, New York",Brooklyn,3843,396,3148,361,2374,357,151,112,0,14,488,163,0,14,20,28,115,78,34,35,81,69,695,228,200,148,1,3,0,14,0,14,0,14,108,86,386,246,271,191,115,166
1400000US36047003700,"Census Tract 37, Kings County, New York",Brooklyn,4385,472,3867,481,1965,377,367,199,0,14,1227,344,0,14,180,189,128,117,0,14,128,117,518,235,129,95,253,222,0,14,0,14,0,14,0,14,136,95,115,80,21,33
1400000US36047003800,"Census Tract 38, Kings County, New York",Brooklyn,1539,364,1313,360,949,219,6,9,0,14,346,281,0,14,0,14,12,19,0,14,12,19,226,133,32,29,0,14,0,14,0,14,0,14,150,123,44,44,44,44,0,14
1400000US36047003900,"Census Tract 39, Kings County, New York",Brooklyn,2986,504,2635,518,1564,318,262,124,5,11,304,219,0,14,33,49,467,341,72,55,395,338,351,155,69,71,0,14,0,14,12,21,0,14,141,103,129,97,115,94,14,23
1400000US36047004100,"Census Tract 41, Kings County, New York",Brooklyn,3314,485,3061,478,2348,433,288,91,0,14,207,95,0,14,11,18,207,131,14,24,193,136,253,119,6,11,9,14,38,65,0,14,0,14,80,72,120,94,120,94,0,14
1400000US36047004300,"Census Tract 43, Kings County, New York",Brooklyn,3769,429,3204,390,2070,382,346,149,0,14,506,180,0,14,0,14,282,142,67,59,215,129,565,285,135,110,101,167,0,14,24,37,0,14,15,23,290,201,290,201,0,14
1400000US36047004400,"Census Tract 44, Kings County, New York",Brooklyn,2255,267,2092,278,1747,294,78,51,0,14,136,74,0,14,92,130,39,33,0,14,39,33,163,76,91,58,0,14,0,14,0,14,0,14,19,26,53,44,53,44,0,14
1400000US36047004500,"Census Tract 45, Kings County, New York",Brooklyn,3898,612,3552,614,2716,432,297,209,0,14,157,83,0,14,60,56,322,254,173,226,149,85,346,148,64,62,0,14,0,14,0,14,0,14,15,18,267,111,267,111,0,14
1400000US36047004600,"Census Tract 46, Kings County, New York",Brooklyn,1143,223,1047,244,831,245,0,14,32,31,157,99,0,14,0,14,27,28,11,16,16,22,96,97,0,14,0,14,0,14,0,14,0,14,0,14,96,97,96,97,0,14
1400000US36047004700,"Census Tract 47, Kings County, New York",Brooklyn,1999,292,1645,236,994,195,253,136,0,14,120,71,0,14,0,14,278,139,35,34,243,139,354,178,46,45,0,14,5,8,0,14,0,14,41,35,262,175,215,168,47,35
1400000US36047004900,"Census Tract 49, Kings County, New York",Brooklyn,2795,419,2515,410,2073,422,147,67,0,14,71,53,0,14,41,53,183,92,35,38,148,81,280,123,14,25,0,14,0,14,0,14,0,14,54,56,212,97,139,66,73,80
1400000US36047005000,"Census Tract 50, Kings County, New York",Brooklyn,2564,450,2391,435,1894,411,46,46,0,14,263,171,0,14,27,30,161,132,53,75,108,111,173,113,16,25,29,45,0,14,0,14,0,14,56,43,72,61,72,61,0,14
1400000US36047005100,"Census Tract 51, Kings County, New York",Brooklyn,2439,548,2250,501,1860,475,15,20,0,14,141,86,0,14,0,14,234,180,49,78,185,168,189,129,10,16,0,14,0,14,0,14,0,14,43,47,136,113,136,113,0,14
1400000US36047005201,"Census Tract 52.01, Kings County, New York",Brooklyn,1751,214,1659,207,1189,191,36,34,0,14,236,90,0,14,160,85,38,42,0,14,38,42,92,78,51,67,11,26,0,14,0,14,0,14,0,14,30,37,30,37,0,14
1400000US36047005202,"Census Tract 52.02, Kings County, New York",Brooklyn,2681,369,2421,372,2127,361,25,37,0,14,149,121,0,14,29,31,91,70,0,14,91,70,260,100,1,2,0,14,0,14,0,14,0,14,86,65,173,103,103,72,70,67
1400000US36047005301,"Census Tract 53.01, Kings County, New York",Brooklyn,2095,402,1734,407,1300,277,275,347,0,14,29,28,0,14,0,14,130,77,0,14,130,77,361,191,89,71,7,10,60,54,0,14,0,14,53,61,152,116,123,110,29,39
1400000US36047005302,"Census Tract 53.02, Kings County, New York",Brooklyn,123,113,64,46,64,46,0,14,0,14,0,14,0,14,0,14,0,14,0,14,0,14,59,84,0,14,0,14,0,14,0,14,0,14,0,14,59,84,59,84,0,14
1400000US36047005303,"Census Tract 53.03, Kings County, New York",Brooklyn,136,70,106,75,106,75,0,14,0,14,0,14,0,14,0,14,0,14,0,14,0,14,30,41,0,14,0,14,0,14,0,14,0,14,0,14,30,41,30,41,0,14
1400000US36047005400,"Census Tract 54, Kings County, New York",Brooklyn,3425,503,2701,442,2221,389,198,198,0,14,180,122,0,14,16,17,86,75,0,14,86,75,724,379,283,277,0,14,0,14,0,14,0,14,93,69,348,279,40,42,308,274
1400000US36047005601,"Census Tract 56.01, Kings County, New York",Brooklyn,2577,461,2283,486,1724,285,127,143,0,14,383,394,0,14,9,16,40,38,22,26,18,30,294,151,29,27,0,14,0,14,0,14,0,14,161,116,104,70,47,42,57,52
1400000US36047005602,"Census Tract 56.02, Kings County, New York",Brooklyn,1791,273,1611,285,1283,266,42,32,0,14,225,120,0,14,42,52,19,20,9,14,10,13,180,105,38,41,0,14,0,14,0,14,0,14,53,51,89,66,89,66,0,14
1400000US36047005800,"Census Tract 58, Kings County, New York",Brooklyn,3115,469,2644,395,2308,386,0,14,0,14,176,105,0,14,31,34,129,80,111,77,18,24,471,219,156,113,0,14,0,14,0,14,0,14,162,110,153,169,153,169,0,14
1400000US36047005900,"Census Tract 59, Kings County, New York",Brooklyn,1518,181,1185,216,862,217,245,123,11,16,29,26,5,12,12,19,21,29,12,27,9,14,333,139,64,55,23,31,0,14,0,14,0,14,178,101,68,41,68,41,0,14
1400000US36047006000,"Census Tract 60, Kings County, New York",Brooklyn,2793,597,1837,405,1374,414,1,4,0,14,406,225,0,14,12,18,44,41,8,13,36,38,956,427,131,127,0,14,11,18,0,14,0,14,600,366,214,177,204,176,10,16
1400000US36047006200,"Census Tract 62, Kings County, New York",Brooklyn,2653,609,2062,618,1768,617,11,17,0,14,182,134,0,14,12,17,89,83,56,68,33,45,591,290,136,113,16,25,0,14,38,54,0,14,274,252,127,72,111,68,16,20
1400000US36047006300,"Census Tract 63, Kings County, New York",Brooklyn,1904,333,1660,322,1324,298,14,12,0,14,74,36,0,14,37,31,211,92,68,42,143,79,244,117,81,72,0,14,0,14,0,14,0,14,75,88,88,48,82,47,6,8
1400000US36047006400,"Census Tract 64, Kings County, New York",Brooklyn,3463,400,2794,366,2318,311,28,32,0,14,303,136,0,14,0,14,145,109,12,19,133,109,669,262,62,60,13,22,0,14,0,14,0,14,243,134,351,202,314,198,37,44
1400000US36047006500,"Census Tract 65, Kings County, New York",Brooklyn,6089,1389,5571,1343,4773,1348,62,57,0,19,133,95,0,19,226,152,377,190,19,30,358,185,518,247,241,175,12,21,0,19,0,19,0,19,30,45,235,151,169,144,66,85
1400000US36047006600,"Census Tract 66, Kings County, New York",Brooklyn,4104,499,2919,484,2063,443,67,58,54,67,429,134,0,14,83,83,223,226,57,75,166,211,1185,376,116,138,181,160,180,157,0,14,0,14,643,430,65,47,23,25,42,42
1400000US36047006700,"Census Tract 67, Kings County, New York",Brooklyn,4032,611,3689,605,2847,560,22,24,0,14,376,207,0,14,60,58,384,202,9,14,375,201,343,160,164,130,0,14,0,14,0,14,0,14,103,72,76,68,44,49,32,48
1400000US36047006800,"Census Tract 68, Kings County, New York",Brooklyn,4117,589,3080,489,1910,347,228,272,0,14,685,202,0,14,0,14,257,211,200,194,57,59,1037,396,75,113,12,22,0,14,0,14,0,14,645,332,305,164,197,111,108,102
1400000US36047006901,"Census Tract 69.01, Kings County, New York",Brooklyn,1785,256,1574,275,1313,272,32,29,0,14,169,82,0,14,22,37,38,28,0,14,38,28,211,99,47,41,18,29,0,14,0,14,0,14,19,19,127,86,127,86,0,14
1400000US36047006902,"Census Tract 69.02, Kings County, New York",Brooklyn,1906,305,1763,312,1239,220,56,73,0,14,177,64,0,14,0,14,291,170,49,52,242,157,143,79,25,25,0,14,0,14,0,14,0,14,9,14,109,68,100,66,9,14
1400000US36047007000,"Census Tract 70, Kings County, New York",Brooklyn,2591,350,1562,365,1241,347,82,90,0,14,111,71,0,14,0,14,128,129,37,59,91,108,1029,326,62,55,13,22,8,13,0,14,0,14,502,232,444,225,327,220,117,137
1400000US36047007100,"Census Tract 71, Kings County, New York",Brooklyn,4050,721,2848,726,787,209,1271,651,0,14,452,271,0,14,154,154,184,121,137,128,47,41,1202,269,165,139,0,14,0,14,0,14,0,14,496,202,541,323,541,323,0,14
1400000US36047007200,"Census Tract 72, Kings County, New York",Brooklyn,1759,353,480,180,93,39,9,17,0,14,367,182,0,14,0,14,11,14,7,12,4,6,1279,359,98,111,0,14,96,67,11,20,0,14,962,363,112,97,107,97,5,18
1400000US36047007400,"Census Tract 74, Kings County, New York",Brooklyn,5478,1143,2115,638,323,153,0,19,0,19,1583,563,0,19,0,19,209,261,0,19,209,261,3363,1026,138,121,42,59,247,220,5,9,0,19,2403,993,528,291,528,291,0,19
1400000US36047007500,"Census Tract 75, Kings County, New York",Brooklyn,4766,774,3893,684,2894,695,130,137,0,14,331,193,0,14,204,185,334,211,76,70,258,197,873,336,319,284,0,14,0,14,0,14,0,14,184,201,370,269,283,238,87,89
1400000US36047007600,"Census Tract 76, Kings County, New York",Brooklyn,4096,885,1525,584,448,195,75,97,41,50,921,493,0,14,0,14,40,55,0,14,40,55,2571,771,547,614,0,14,205,254,8,13,0,14,1644,623,167,92,115,79,52,60
1400000US36047007700,"Census Tract 77, Kings County, New York",Brooklyn,5974,732,5508,742,4896,704,66,59,0,19,218,110,6,11,42,92,280,159,93,104,187,117,466,202,31,37,0,19,48,75,0,19,0,19,238,136,149,126,149,126,0,19
1400000US36047007800,"Census Tract 78, Kings County, New York",Brooklyn,4713,877,1485,450,675,258,110,101,19,25,615,334,0,14,21,37,45,55,0,14,45,55,3228,872,98,80,69,93,294,229,0,14,0,14,2275,890,492,222,465,220,27,29
1400000US36047008000,"Census Tract 80, Kings County, New York",Brooklyn,3296,452,1121,179,535,160,156,113,0,14,311,147,0,14,49,43,70,91,63,90,7,11,2175,475,151,141,16,29,29,35,34,52,0,14,1460,496,485,268,485,268,0,14
1400000US36047008200,"Census Tract 82, Kings County, New York",Brooklyn,3985,676,1241,458,441,156,332,410,0,14,355,134,0,14,60,102,53,52,43,51,10,16,2744,547,217,180,123,168,16,25,0,14,0,14,1312,337,1076,515,981,501,95,110
1400000US36047008400,"Census Tract 84, Kings County, New York",Brooklyn,2994,875,921,215,544,190,97,57,0,14,202,110,0,14,0,14,78,89,53,80,25,27,2073,922,170,150,11,17,225,259,0,14,0,14,1337,933,330,210,161,158,169,167
1400000US36047008500,"Census Tract 85, Kings County, New York",Brooklyn,6401,1256,3759,1065,206,320,2702,1063,0,19,462,296,0,19,0,19,389,303,78,92,311,268,2642,950,294,198,429,341,0,19,0,19,0,19,1570,939,349,209,349,209,0,19
1400000US36047008600,"Census Tract 86, Kings County, New York",Brooklyn,0,14,0,14,0,14,0,14,0,14,0,14,0,14,0,14,0,14,0,14,0,14,0,14,0,14,0,14,0,14,0,14,0,14,0,14,0,14,0,14,0,14
1400000US36047008800,"Census Tract 88, Kings County, New York",Brooklyn,3221,527,1961,397,1015,275,294,286,0,14,571,331,0,14,10,15,71,63,0,14,71,63,1260,600,114,91,0,14,278,302,0,14,0,14,734,567,134,89,111,84,23,31
1400000US36047009001,"Census Tract 90.01, Kings County, New York",Brooklyn,1305,289,369,125,136,70,0,14,0,14,233,108,0,14,0,14,0,14,0,14,0,14,936,344,35,40,20,31,71,107,0,14,0,14,782,374,28,46,28,46,0,14
1400000US36047009002,"Census Tract 90.02, Kings County, New York",Brooklyn,1549,620,641,151,56,46,96,74,0,14,489,138,0,14,0,14,0,14,0,14,0,14,908,634,0,14,0,14,0,14,0,14,0,14,908,634,0,14,0,14,0,14
1400000US36047009201,"Census Tract 92.01, Kings County, New York",Brooklyn,1986,336,1381,391,244,127,32,50,0,14,1011,361,0,14,7,11,87,121,66,114,21,37,605,368,17,15,0,14,0,14,0,14,0,14,388,329,200,178,200,178,0,14
1400000US36047009202,"Census Tract 92.02, Kings County, New York",Brooklyn,2648,666,1260,264,289,161,41,49,0,14,836,270,0,14,41,52,53,50,11,19,42,47,1388,605,110,212,0,14,93,84,0,14,0,14,956,587,229,159,113,95,116,127
1400000US36047009401,"Census Tract 94.01, Kings County, New York",Brooklyn,1946,336,1540,315,171,88,0,14,0,14,1365,311,0,14,0,14,4,11,0,14,4,11,406,136,20,30,0,14,0,14,0,14,0,14,267,118,119,86,119,86,0,14
1400000US36047009402,"Census Tract 94.02, Kings County, New York",Brooklyn,3280,665,2696,640,945,376,64,100,0,14,1658,574,0,14,12,22,17,22,0,14,17,22,584,311,23,35,0,14,60,60,0,14,0,14,473,299,28,31,28,31,0,14
1400000US36047009600,"Census Tract 96, Kings County, New York",Brooklyn,6040,740,3467,611,1247,313,59,63,49,60,1905,538,0,19,100,94,107,84,96,80,11,17,2573,579,204,187,65,75,3,5,0,19,0,19,2003,566,298,160,219,143,79,89
1400000US36047009800,"Census Tract 98, Kings County, New York",Brooklyn,6713,901,2692,497,97,85,30,49,0,19,2565,487,0,19,0,19,0,19,0,19,0,19,4021,973,244,184,0,19,41,56,0,19,0,19,3287,965,449,310,286,179,163,227
1400000US36047010000,"Census Tract 100, Kings County, New York",Brooklyn,5489,1131,2729,787,174,127,45,63,0,19,2454,778,0,19,0,19,56,57,0,19,56,57,2760,1258,54,80,18,27,0,19,0,19,0,19,2346,1226,342,247,239,166,103,146
1400000US36047010100,"Census Tract 101, Kings County, New York",Brooklyn,4606,722,1826,342,1265,280,249,124,0,14,180,102,0,14,0,14,132,99,11,18,121,99,2780,727,754,486,128,98,381,352,0,14,0,14,666,370,851,383,744,354,107,126
1400000US36047010200,"Census Tract 102, Kings County, New York",Brooklyn,5201,809,3589,870,521,302,87,71,0,19,2913,847,0,19,13,21,55,37,35,33,20,23,1612,526,31,55,0,19,95,145,0,19,0,19,1191,448,295,191,221,156,74,80
1400000US36047010401,"Census Tract 104.01, Kings County, New York",Brooklyn,2060,422,1770,439,80,105,17,26,0,14,1623,440,0,14,0,14,50,92,0,14,50,92,290,201,43,40,0,14,0,14,10,15,0,14,159,195,78,88,78,88,0,14
1400000US36047010402,"Census Tract 104.02, Kings County, New York",Brooklyn,2174,675,2076,666,298,249,34,51,0,14,1714,690,0,14,0,14,30,46,30,46,0,14,98,79,0,14,0,14,0,14,0,14,0,14,81,75,17,25,17,25,0,14
1400000US36047010601,"Census Tract 106.01, Kings County, New York",Brooklyn,2138,457,1730,457,8,22,0,14,108,156,1614,442,0,14,0,14,0,14,0,14,0,14,408,260,0,14,8,12,0,14,24,35,0,14,370,257,6,11,0,14,6,11
1400000US36047010602,"Census Tract 106.02, Kings County, New York",Brooklyn,2088,717,2000,702,77,110,0,14,0,14,1884,723,0,14,0,14,39,46,0,14,39,46,88,140,0,14,0,14,0,14,0,14,0,14,88,140,0,14,0,14,0,14
1400000US36047010801,"Census Tract 108.01, Kings County, New York",Brooklyn,1878,346,1657,342,133,88,0,14,0,14,1518,337,0,14,0,14,6,8,0,14,6,8,221,194,0,14,0,14,62,89,0,14,0,14,151,174,8,12,8,12,0,14
1400000US36047010802,"Census Tract 108.02, Kings County, New York",Brooklyn,2419,737,2204,765,121,80,79,102,79,109,1855,771,0,14,13,21,57,46,40,36,17,29,215,134,0,14,21,20,0,14,0,14,0,14,168,136,26,27,16,18,10,22
1400000US36047011000,"Census Tract 110, Kings County, New York",Brooklyn,2535,722,1605,671,568,219,2,4,0,14,1023,631,0,14,0,14,12,14,0,14,12,14,930,366,30,37,38,58,48,71,0,14,0,14,750,363,64,70,64,70,0,14
1400000US36047011200,"Census Tract 112, Kings County, New York",Brooklyn,6611,1138,4252,1177,2259,1022,105,150,0,19,1551,456,0,19,318,352,19,23,3,7,16,25,2359,793,16,27,0,19,127,203,0,19,0,19,1758,865,458,382,447,374,11,23
1400000US36047011400,"Census Tract 114, Kings County, New York",Brooklyn,3683,1021,2888,819,1138,445,383,369,0,14,1254,626,0,14,113,174,0,14,0,14,0,14,795,588,16,39,79,125,0,14,0,14,0,14,650,590,50,43,50,43,0,14
1400000US36047011600,"Census Tract 116, Kings County, New York",Brooklyn,3233,754,2908,737,202,107,12,17,0,14,2688,740,0,14,0,14,6,13,0,14,6,13,325,262,0,14,0,14,0,14,4,8,0,14,320,259,1,6,1,6,0,14
1400000US36047011700,"Census Tract 117, Kings County, New York",Brooklyn,2792,450,2213,267,1703,266,64,58,0,14,354,214,0,14,10,17,82,56,27,29,55,43,579,371,94,128,0,14,0,14,0,14,0,14,244,282,241,169,239,171,2,10
1400000US36047011800,"Census Tract 118, Kings County, New York",Brooklyn,1867,364,1670,400,165,93,30,60,0,14,1471,426,0,14,0,14,4,7,0,14,4,7,197,211,19,22,0,14,0,14,36,57,0,14,21,37,121,202,121,202,0,14
1400000US36047011901,"Census Tract 119.01, Kings County, New York",Brooklyn,1378,187,1059,178,700,164,126,72,0,14,193,133,0,14,4,6,36,28,15,18,21,21,319,121,30,28,0,14,0,14,0,14,0,14,105,76,184,80,170,83,14,20
1400000US36047011902,"Census Tract 119.02, Kings County, New York",Brooklyn,0,14,0,14,0,14,0,14,0,14,0,14,0,14,0,14,0,14,0,14,0,14,0,14,0,14,0,14,0,14,0,14,0,14,0,14,0,14,0,14,0,14
1400000US36047012000,"Census Tract 120, Kings County, New York",Brooklyn,1225,416,916,344,93,84,0,14,0,14,805,338,0,14,4,10,14,21,0,14,14,21,309,241,0,14,0,14,0,14,0,14,0,14,309,241,0,14,0,14,0,14
1400000US36047012100,"Census Tract 121, Kings County, New York",Brooklyn,2157,482,1424,182,1051,190,25,26,0,14,213,98,0,14,7,11,128,63,7,10,121,59,733,387,367,361,9,13,0,14,0,14,0,14,135,88,222,112,214,110,8,13
1400000US36047012200,"Census Tract 122, Kings County, New York",Brooklyn,4655,984,2047,590,445,227,27,29,0,14,1553,566,0,14,0,14,22,36,0,14,22,36,2608,865,215,203,61,97,0,14,0,14,0,14,1483,774,849,446,637,364,212,258
1400000US36047012600,"Census Tract 126, Kings County, New York",Brooklyn,3020,477,2282,561,1139,433,86,84,0,14,960,258,0,14,34,51,63,75,0,14,63,75,738,272,53,40,28,42,72,103,5,8,0,14,348,214,232,124,179,116,53,80
1400000US36047012700,"Census Tract 127, Kings County, New York",Brooklyn,4286,464,2988,535,848,246,1478,560,11,18,360,154,0,14,0,14,291,273,186,251,105,88,1298,396,65,65,95,103,0,14,0,14,0,14,680,235,458,242,441,240,17,30
1400000US36047012801,"Census Tract 128.01, Kings County, New York",Brooklyn,1987,289,1576,273,594,240,0,14,0,14,970,236,0,14,0,14,12,13,0,14,12,13,411,250,127,145,18,26,9,13,0,14,0,14,102,89,155,95,155,95,0,14
1400000US36047012901,"Census Tract 129.01, Kings County, New York",Brooklyn,2539,404,2106,372,1427,396,298,226,0,14,192,90,0,14,42,49,147,77,5,8,142,76,433,196,13,20,0,14,0,14,0,14,0,14,205,190,215,102,215,102,0,14
1400000US36047012902,"Census Tract 129.02, Kings County, New York",Brooklyn,3822,462,3174,491,1717,386,567,276,0,14,476,186,0,14,61,97,353,259,72,58,281,233,648,356,90,77,58,74,0,14,0,14,11,17,135,118,354,256,306,228,48,53
1400000US36047013000,"Census Tract 130, Kings County, New York",Brooklyn,5598,856,3839,878,2722,800,262,207,0,19,556,213,0,19,19,59,280,234,177,221,103,80,1759,612,137,103,7,11,71,102,0,19,0,19,1203,605,341,162,208,116,133,138
1400000US36047013100,"Census Tract 131, Kings County, New York",Brooklyn,3533,548,3021,507,1943,363,466,204,0,14,250,93,0,14,0,14,362,201,57,63,305,196,512,172,30,37,61,81,0,14,0,14,0,14,91,77,330,145,319,144,11,19
1400000US36047013200,"Census Tract 132, Kings County, New York",Brooklyn,2088,566,1649,520,890,411,60,94,0,14,603,280,0,14,13,20,83,117,0,14,83,117,439,374,10,15,0,14,0,14,0,14,0,14,419,371,10,14,10,14,0,14
1400000US36047013300,"Census Tract 133, Kings County, New York",Brooklyn,4264,560,3621,520,3043,532,78,51,0,14,272,111,0,14,22,26,206,107,53,56,153,102,643,327,75,83,17,26,0,14,0,14,0,14,81,74,470,320,412,310,58,74
1400000US36047013400,"Census Tract 134, Kings County, New York",Brooklyn,4209,628,3414,689,2076,545,125,90,0,14,1011,309,0,14,39,91,163,181,81,87,82,99,795,337,82,78,9,14,0,14,0,14,0,14,244,171,460,251,386,241,74,53
1400000US36047013500,"Census Tract 135, Kings County, New York",Brooklyn,4294,526,3901,557,2920,557,204,185,0,14,400,181,0,14,22,37,355,190,35,33,320,189,393,174,42,41,0,14,0,14,0,14,0,14,92,102,259,143,259,143,0,14
1400000US36047013600,"Census Tract 136, Kings County, New York",Brooklyn,4090,534,2981,459,2377,409,62,50,0,14,416,210,0,14,9,24,117,84,16,25,101,82,1109,292,102,157,0,14,113,159,0,14,0,14,623,256,271,160,271,160,0,14
1400000US36047013700,"Census Tract 137, Kings County, New York",Brooklyn,3101,448,2546,393,2192,389,66,48,0,14,174,71,0,14,0,14,114,72,48,48,66,54,555,263,73,51,1,3,0,14,0,14,0,14,218,238,263,124,253,122,10,17
1400000US36047013800,"Census Tract 138, Kings County, New York",Brooklyn,3800,600,2937,545,2306,532,19,22,0,14,455,240,0,14,12,18,145,136,19,30,126,132,863,324,24,24,0,14,355,303,0,14,0,14,180,148,304,268,304,268,0,14
1400000US36047013900,"Census Tract 139, Kings County, New York",Brooklyn,3574,500,2938,489,2005,431,306,212,0,14,442,241,0,14,0,14,185,117,27,45,158,109,636,285,238,198,0,14,10,16,0,14,0,14,288,149,100,78,84,74,16,25
1400000US36047014000,"Census Tract 140, Kings County, New York",Brooklyn,1791,459,1631,458,1132,433,6,9,0,14,471,211,0,14,0,14,22,33,0,14,22,33,160,119,2,5,36,52,0,14,0,14,0,14,43,45,79,93,25,30,54,63
1400000US36047014101,"Census Tract 141.01, Kings County, New York",Brooklyn,1483,181,1366,198,829,197,102,69,0,14,262,73,0,14,12,17,161,60,0,14,161,60,117,68,8,12,0,14,0,14,0,14,0,14,27,40,82,75,82,75,0,14
1400000US36047014102,"Census Tract 141.02, Kings County, New York",Brooklyn,2032,396,1436,324,1049,251,38,25,0,14,268,219,0,14,10,16,71,52,0,14,71,52,596,325,97,97,22,25,0,14,0,14,0,14,295,287,182,111,119,88,63,54
1400000US36047014200,"Census Tract 142, Kings County, New York",Brooklyn,3534,687,2525,491,1714,353,268,239,0,14,438,232,0,14,0,14,105,127,0,14,105,127,1009,548,223,124,0,14,0,14,45,59,0,14,459,521,282,130,260,127,22,26
1400000US36047014300,"Census Tract 143, Kings County, New York",Brooklyn,3675,642,2364,475,1784,411,53,49,0,14,322,244,0,14,28,45,177,179,117,180,60,53,1311,595,168,105,50,80,0,14,13,26,0,14,889,611,191,142,173,140,18,23
1400000US36047014500,"Census Tract 145, Kings County, New York",Brooklyn,4681,693,3588,649,2821,664,117,61,0,14,286,134,0,14,47,52,317,132,37,45,280,112,1093,414,107,92,13,28,51,61,0,14,0,14,699,331,223,210,76,72,147,156
1400000US36047014700,"Census Tract 147, Kings County, New York",Brooklyn,2373,400,2119,384,1698,298,11,14,0,14,80,42,0,14,33,50,297,217,0,14,297,217,254,107,29,29,0,14,6,10,0,14,0,14,175,99,44,30,35,29,9,13
1400000US36047014800,"Census Tract 148, Kings County, New York",Brooklyn,1233,323,1037,302,653,206,0,14,0,14,381,216,0,14,0,14,3,7,0,14,3,7,196,174,0,14,0,14,0,14,1,3,0,14,167,176,28,23,28,23,0,14
1400000US36047014901,"Census Tract 149.01, Kings County, New York",Brooklyn,1540,217,1336,229,998,222,94,53,0,14,127,62,0,14,0,14,117,62,29,25,88,53,204,100,62,63,13,14,0,14,8,11,0,14,13,18,108,58,85,51,23,30
1400000US36047014902,"Census Tract 149.02, Kings County, New York",Brooklyn,4054,738,3362,680,2624,675,36,33,0,14,487,223,0,14,20,35,195,107,84,81,111,71,692,333,35,42,0,14,0,14,0,14,0,14,376,284,281,167,170,163,111,89
1400000US36047015000,"Census Tract 150, Kings County, New York",Brooklyn,1437,280,1373,293,905,262,3,6,0,14,421,143,0,14,1,2,43,49,0,14,43,49,64,53,22,32,0,14,0,14,0,14,0,14,42,46,0,14,0,14,0,14
1400000US36047015100,"Census Tract 151, Kings County, New York",Brooklyn,4060,408,3810,420,3259,440,57,42,0,14,311,142,0,14,41,44,142,90,57,61,85,74,250,112,54,45,0,14,0,14,0,14,0,14,19,21,177,93,166,91,11,18
1400000US36047015200,"Census Tract 152, Kings County, New York",Brooklyn,2294,411,1843,339,1239,330,90,70,0,14,470,136,7,17,0,14,37,31,7,15,30,26,451,204,101,109,0,14,0,14,0,14,0,14,166,151,184,108,184,108,0,14
1400000US36047015300,"Census Tract 153, Kings County, New York",Brooklyn,2638,351,2211,243,1691,251,65,60,0,14,270,100,0,14,26,29,159,98,105,84,54,47,427,260,63,62,0,14,33,49,13,20,0,14,61,68,257,216,217,206,40,59
1400000US36047015400,"Census Tract 154, Kings County, New York",Brooklyn,0,14,0,14,0,14,0,14,0,14,0,14,0,14,0,14,0,14,0,14,0,14,0,14,0,14,0,14,0,14,0,14,0,14,0,14,0,14,0,14,0,14
1400000US36047015500,"Census Tract 155, Kings County, New York",Brooklyn,3443,504,3103,471,2541,465,46,45,36,57,186,93,0,14,0,14,294,149,48,70,246,147,340,220,72,76,0,14,88,139,0,14,0,14,19,28,161,131,148,109,13,59
1400000US36047015700,"Census Tract 157, Kings County, New York",Brooklyn,5071,800,4780,841,3844,697,328,278,0,19,303,239,0,19,21,36,284,178,132,143,152,104,291,210,29,46,10,16,0,19,0,19,0,19,14,24,238,204,184,159,54,84
1400000US36047015900,"Census Tract 159, Kings County, New York",Brooklyn,5377,747,5082,755,4226,749,218,147,0,19,330,169,0,19,88,95,220,110,83,66,137,98,295,154,105,91,0,19,0,19,18,28,0,19,55,53,117,110,117,110,0,19
1400000US36047016000,"Census Tract 160, Kings County, New York",Brooklyn,4426,556,3346,448,1863,423,99,86,48,71,1077,283,0,14,0,14,259,197,107,154,152,122,1080,403,213,213,16,27,0,14,21,43,0,14,510,284,320,227,306,220,14,22
1400000US36047016100,"Census Tract 161, Kings County, New York",Brooklyn,3468,371,2701,389,1967,386,172,100,0,14,370,141,0,14,9,14,183,149,79,75,104,129,767,299,21,23,0,14,12,18,6,9,0,14,144,144,584,221,496,192,88,100
1400000US36047016200,"Census Tract 162, Kings County, New York",Brooklyn,2267,408,1499,273,1168,241,33,30,0,14,186,114,0,14,39,47,73,66,0,14,73,66,768,336,43,31,20,34,164,193,0,14,0,14,240,169,301,272,232,229,69,106
1400000US36047016300,"Census Tract 163, Kings County, New York",Brooklyn,4370,586,3966,588,2165,561,873,340,0,14,470,257,0,14,130,156,328,141,34,39,294,132,404,244,86,57,0,14,2,4,0,14,0,14,102,135,214,182,161,166,53,81
1400000US36047016400,"Census Tract 164, Kings County, New York",Brooklyn,980,289,827,284,486,223,209,132,0,14,90,76,10,12,0,14,32,33,0,14,32,33,153,101,59,53,14,18,0,14,0,14,0,14,11,32,69,72,27,42,42,58
1400000US36047016500,"Census Tract 165, Kings County, New York",Brooklyn,5742,818,5087,790,4084,781,148,124,0,19,450,276,0,19,27,33,378,212,49,58,329,209,655,367,61,98,0,19,62,92,0,19,0,19,24,28,508,365,496,364,12,20
1400000US36047016600,"Census Tract 166, Kings County, New York",Brooklyn,2201,279,1943,256,1448,311,0,14,0,14,463,203,0,14,0,14,32,30,18,26,14,17,258,210,0,14,0,14,8,12,0,14,0,14,122,177,128,101,128,101,0,14
1400000US36047016700,"Census Tract 167, Kings County, New York",Brooklyn,4800,809,4264,783,3371,654,65,67,0,14,698,507,0,14,24,35,106,98,12,21,94,94,536,208,248,140,1,2,0,14,0,14,0,14,32,39,255,146,255,146,0,14
1400000US36047016800,"Census Tract 168, Kings County, New York",Brooklyn,1763,407,1691,416,1059,378,0,14,0,14,591,192,0,14,0,14,41,39,0,14,41,39,72,57,0,14,0,14,0,14,0,14,0,14,36,45,36,38,36,38,0,14
1400000US36047016900,"Census Tract 169, Kings County, New York",Brooklyn,4714,933,4402,879,3803,892,44,51,49,82,373,152,0,14,0,14,133,129,95,131,38,58,312,192,98,78,0,14,0,14,0,14,0,14,69,89,145,152,145,152,0,14
1400000US36047017000,"Census Tract 170, Kings County, New York",Brooklyn,3503,625,2649,644,1620,550,52,80,0,14,918,376,0,14,0,14,59,50,35,41,24,26,854,341,110,87,63,72,0,14,0,14,0,14,566,303,115,100,115,100,0,14
1400000US36047017100,"Census Tract 171, Kings County, New York",Brooklyn,4139,683,3287,422,2683,392,24,35,0,14,225,111,0,14,44,53,311,211,216,206,95,74,852,606,427,555,14,22,0,14,93,140,0,14,41,60,277,158,255,161,22,27
1400000US36047017200,"Census Tract 172, Kings County, New York",Brooklyn,2746,584,2406,504,1277,523,47,68,35,57,1003,272,0,14,7,12,37,43,0,14,37,43,340,341,10,17,0,14,0,14,0,14,0,14,300,339,30,35,11,17,19,30
1400000US36047017400,"Census Tract 174, Kings County, New York",Brooklyn,1925,297,1718,279,843,239,0,14,0,14,875,234,0,14,0,14,0,14,0,14,0,14,207,123,10,15,0,14,0,14,0,14,0,14,169,118,28,28,28,28,0,14
1400000US36047017500,"Census Tract 175, Kings County, New York",Brooklyn,0,14,0,14,0,14,0,14,0,14,0,14,0,14,0,14,0,14,0,14,0,14,0,14,0,14,0,14,0,14,0,14,0,14,0,14,0,14,0,14,0,14
1400000US36047017600,"Census Tract 176, Kings County, New York",Brooklyn,2228,404,1868,382,1085,278,0,14,0,14,755,282,0,14,0,14,28,38,1,5,27,37,360,223,0,14,0,14,0,14,0,14,0,14,182,182,178,131,178,131,0,14
1400000US36047017700,"Census Tract 177, Kings County, New York",Brooklyn,0,14,0,14,0,14,0,14,0,14,0,14,0,14,0,14,0,14,0,14,0,14,0,14,0,14,0,14,0,14,0,14,0,14,0,14,0,14,0,14,0,14
1400000US36047017800,"Census Tract 178, Kings County, New York",Brooklyn,2517,477,2147,451,968,261,27,41,0,14,1138,384,0,14,14,20,0,14,0,14,0,14,370,226,18,20,0,14,0,14,8,14,0,14,294,215,50,53,50,53,0,14
1400000US36047017900,"Census Tract 179, Kings County, New York",Brooklyn,4183,605,3233,506,1094,343,1400,298,0,14,354,147,0,14,0,14,385,423,52,61,333,430,950,453,125,83,44,45,79,112,0,14,0,14,162,138,540,379,523,378,17,65
1400000US36047018000,"Census Tract 180, Kings County, New York",Brooklyn,2948,883,2434,829,1560,779,0,14,0,14,841,228,0,14,0,14,33,37,0,14,33,37,514,413,136,135,0,14,60,95,0,14,0,14,276,346,42,69,42,69,0,14
1400000US36047018100,"Census Tract 181, Kings County, New York",Brooklyn,3905,544,3483,564,2295,535,492,122,0,14,184,103,0,14,0,14,512,343,64,103,448,323,422,174,0,14,0,14,14,22,0,14,0,14,408,174,0,14,0,14,0,14
1400000US36047018200,"Census Tract 182, Kings County, New York",Brooklyn,3708,541,2779,568,990,333,39,62,0,14,1652,522,0,14,13,19,85,87,10,16,75,86,929,411,73,84,0,14,143,226,0,14,0,14,621,455,92,113,92,113,0,14
1400000US36047018300,"Census Tract 183, Kings County, New York",Brooklyn,2821,462,2550,513,1521,371,281,143,0,14,173,92,0,14,94,78,481,285,84,106,397,268,271,154,77,61,0,14,0,14,0,14,0,14,174,154,20,30,20,30,0,14
1400000US36047018400,"Census Tract 184, Kings County, New York",Brooklyn,2108,386,2041,384,792,213,0,14,0,14,1157,236,0,14,0,14,92,100,0,14,92,100,67,61,18,29,0,14,0,14,10,16,0,14,14,15,25,46,0,14,25,46
1400000US36047018501,"Census Tract 185.01, Kings County, New York",Brooklyn,4583,787,3199,644,298,262,2259,476,0,14,518,292,0,14,0,14,124,91,35,39,89,76,1384,574,87,126,91,137,0,14,0,14,0,14,923,603,283,253,283,253,0,14
1400000US36047018600,"Census Tract 186, Kings County, New York",Brooklyn,1907,427,1467,273,555,134,0,14,0,14,912,255,0,14,0,14,0,14,0,14,0,14,440,352,247,317,0,14,0,14,0,14,0,14,55,55,138,120,119,116,19,28
1400000US36047018700,"Census Tract 187, Kings County, New York",Brooklyn,1356,218,1247,215,802,151,316,155,0,14,27,28,0,14,25,28,77,56,6,10,71,55,109,61,8,13,0,14,0,14,0,14,0,14,36,41,65,49,65,49,0,14
1400000US36047018800,"Census Tract 188, Kings County, New York",Brooklyn,2865,450,2524,418,1400,393,93,143,0,14,910,284,0,14,0,14,121,98,49,72,72,67,341,217,71,74,0,14,0,14,0,14,0,14,269,195,1,2,1,2,0,14
1400000US36047019000,"Census Tract 190, Kings County, New York",Brooklyn,4171,775,2765,693,1289,397,23,28,0,14,1402,591,0,14,14,22,37,53,0,14,37,53,1406,561,11,17,0,14,0,14,47,64,0,14,1258,571,90,99,90,99,0,14
1400000US36047019100,"Census Tract 191, Kings County, New York",Brooklyn,3029,506,2368,351,1541,438,195,112,10,13,222,91,0,14,17,18,383,198,10,17,373,196,661,453,12,19,13,19,0,14,0,14,0,14,475,446,161,65,65,50,96,46
1400000US36047019200,"Census Tract 192, Kings County, New York",Brooklyn,3118,714,2515,720,1304,652,8,11,0,14,1015,409,0,14,181,175,7,10,0,14,7,10,603,276,42,43,0,14,0,14,0,14,0,14,501,270,60,88,60,88,0,14
1400000US36047019300,"Census Tract 193, Kings County, New York",Brooklyn,6619,772,5912,762,2981,615,1574,470,0,19,978,149,24,37,23,20,332,228,92,106,240,200,707,196,156,109,0,19,2,6,0,19,0,19,200,141,349,148,330,156,19,40
1400000US36047019400,"Census Tract 194, Kings County, New York",Brooklyn,3293,877,2568,853,618,362,16,20,0,14,1859,812,0,14,0,14,75,97,61,94,14,23,725,430,20,30,0,14,35,54,60,84,0,14,339,280,271,407,271,407,0,14
1400000US36047019500,"Census Tract 195, Kings County, New York",Brooklyn,4104,495,3487,522,1744,300,1389,452,0,14,83,46,23,38,0,14,248,122,52,51,196,115,617,349,29,30,0,14,163,195,0,14,0,14,50,45,375,239,347,245,28,43
1400000US36047019600,"Census Tract 196, Kings County, New York",Brooklyn,3872,724,3316,665,1393,319,294,354,35,50,1531,523,0,14,0,14,63,86,0,14,63,86,556,195,13,21,0,14,208,130,9,23,0,14,159,243,167,101,167,101,0,14
1400000US36047019700,"Census Tract 197, Kings County, New York",Brooklyn,3619,526,3034,461,1842,402,798,332,0,14,181,106,0,14,13,20,200,113,82,64,118,76,585,292,28,46,26,41,11,19,0,14,0,14,159,121,361,225,308,209,53,60
1400000US36047019800,"Census Tract 198, Kings County, New York",Brooklyn,1823,369,1500,373,739,263,3,4,0,14,744,290,0,14,0,14,14,29,0,14,14,29,323,193,135,165,0,14,35,52,0,14,0,14,125,137,28,33,28,33,0,14
1400000US36047019900,"Census Tract 199, Kings County, New York",Brooklyn,4311,612,3782,605,1885,387,711,413,0,14,484,264,0,14,53,78,649,319,225,236,424,236,529,223,53,59,39,43,79,66,0,14,0,14,69,77,289,156,195,134,94,93
1400000US36047020000,"Census Tract 200, Kings County, New York",Brooklyn,2337,464,2059,423,966,329,10,15,13,21,1032,315,0,14,0,14,38,56,0,14,38,56,278,225,19,21,5,8,0,14,0,14,0,14,207,218,47,50,47,50,0,14
1400000US36047020100,"Census Tract 201, Kings County, New York",Brooklyn,3993,601,3562,602,1757,345,1244,396,15,43,196,120,0,14,0,14,350,175,42,57,308,163,431,241,12,18,57,60,0,14,0,14,0,14,89,86,273,175,148,92,125,132
1400000US36047020200,"Census Tract 202, Kings County, New York",Brooklyn,1717,342,1334,259,758,173,0,14,0,14,576,189,0,14,0,14,0,14,0,14,0,14,383,243,85,85,0,14,0,14,18,20,0,14,157,157,123,126,123,126,0,14
1400000US36047020300,"Census Tract 203, Kings County, New York",Brooklyn,2074,302,1895,303,1172,276,285,120,0,14,210,100,0,14,0,14,228,179,10,16,218,186,179,107,75,65,0,14,0,14,0,14,0,14,27,34,77,77,60,62,17,28
1400000US36047020400,"Census Tract 204, Kings County, New York",Brooklyn,2037,278,1874,319,1289,344,17,25,0,14,425,200,0,14,68,67,75,69,11,18,64,58,163,124,73,78,0,14,0,14,0,14,0,14,61,54,29,30,13,20,16,23
1400000US36047020500,"Census Tract 205, Kings County, New York",Brooklyn,3834,594,3269,637,2234,585,361,277,0,14,462,239,0,14,0,14,212,115,76,47,136,100,565,321,208,258,10,18,0,14,46,69,0,14,164,192,137,96,111,87,26,30
1400000US36047020600,"Census Tract 206, Kings County, New York",Brooklyn,2590,466,2440,451,1545,344,71,82,0,14,801,327,0,14,9,15,14,21,0,14,14,21,150,77,70,53,0,14,0,14,0,14,0,14,28,34,52,33,52,33,0,14
1400000US36047020700,"Census Tract 207, Kings County, New York",Brooklyn,4628,654,4044,672,3164,539,402,248,0,14,109,84,0,14,97,157,272,208,22,37,250,204,584,301,0,14,0,14,0,14,0,14,0,14,71,85,513,296,513,296,0,14
1400000US36047020800,"Census Tract 208, Kings County, New York",Brooklyn,2573,490,2447,484,730,354,0,14,0,14,1672,460,0,14,0,14,45,61,40,60,5,10,126,80,61,64,0,14,0,14,0,14,0,14,33,44,32,30,32,30,0,14
1400000US36047021000,"Census Tract 210, Kings County, New York",Brooklyn,3794,706,3130,698,778,380,59,94,88,131,2148,585,0,14,28,45,29,46,0,14,29,46,664,479,33,38,0,14,0,14,0,14,0,14,542,473,89,81,89,81,0,14
1400000US36047021100,"Census Tract 211, Kings County, New York",Brooklyn,2778,439,2202,433,745,247,1061,394,0,14,172,89,0,14,24,24,200,104,110,86,90,74,576,189,0,14,86,93,0,14,0,14,0,14,335,185,155,79,134,86,21,26
1400000US36047021200,"Census Tract 212, Kings County, New York",Brooklyn,3150,536,2957,548,771,316,0,14,0,14,2186,478,0,14,0,14,0,14,0,14,0,14,193,120,25,43,62,98,19,31,0,14,0,14,30,38,57,73,39,50,18,28
1400000US36047021300,"Census Tract 213, Kings County, New York",Brooklyn,4523,803,4147,807,1033,315,2681,876,0,14,198,183,0,14,0,14,235,114,104,79,131,82,376,181,0,14,55,67,0,14,0,14,0,14,171,144,150,95,150,95,0,14
1400000US36047021400,"Census Tract 214, Kings County, New York",Brooklyn,2580,626,2236,589,1405,587,0,14,0,14,752,176,0,14,79,128,0,14,0,14,0,14,344,289,0,14,0,14,0,14,0,14,0,14,146,173,198,213,198,213,0,14
1400000US36047021500,"Census Tract 215, Kings County, New York",Brooklyn,5595,962,4995,902,3034,853,900,342,0,19,461,309,0,19,37,62,563,317,50,48,513,318,600,443,47,54,0,19,61,79,0,19,0,19,354,314,138,136,54,60,84,117
1400000US36047021600,"Census Tract 216, Kings County, New York",Brooklyn,3885,708,3452,729,3091,702,65,73,10,16,106,34,0,14,138,161,42,48,0,14,42,48,433,354,11,18,0,14,0,14,0,14,0,14,407,352,15,26,15,26,0,14
1400000US36047021700,"Census Tract 217, Kings County, New York",Brooklyn,4210,488,3280,469,1508,336,1145,281,0,14,318,134,0,14,64,69,245,107,84,80,161,67,930,310,160,129,35,38,0,14,0,14,0,14,119,83,616,266,493,247,123,103
1400000US36047021800,"Census Tract 218, Kings County, New York",Brooklyn,2760,777,2408,783,2111,707,17,9,0,14,90,98,0,14,190,219,0,14,0,14,0,14,352,370,0,14,0,14,0,14,0,14,0,14,352,370,0,14,0,14,0,14
1400000US36047021900,"Census Tract 219, Kings County, New York",Brooklyn,4258,656,3866,628,1402,220,2036,692,0,14,143,81,0,14,48,67,237,126,27,32,210,113,392,145,66,56,49,53,0,14,0,14,0,14,73,76,204,107,151,102,53,59
1400000US36047022000,"Census Tract 220, Kings County, New York",Brooklyn,5854,1131,5235,1180,4703,1148,8,9,23,34,208,299,0,19,17,31,276,302,68,75,208,294,619,332,126,125,0,19,0,19,0,19,0,19,417,287,76,89,55,55,21,41
1400000US36047022100,"Census Tract 221, Kings County, New York",Brooklyn,3724,512,3258,536,1457,267,1487,558,0,14,88,42,24,31,0,14,202,100,0,14,202,100,466,208,70,63,25,30,0,14,9,16,0,14,164,99,198,128,156,128,42,53
1400000US36047022200,"Census Tract 222, Kings County, New York",Brooklyn,4050,833,3585,835,3005,843,24,38,0,14,62,97,0,14,460,448,34,42,0,14,34,42,465,307,0,14,0,14,0,14,0,14,0,14,335,278,130,133,60,98,70,93
1400000US36047022400,"Census Tract 224, Kings County, New York",Brooklyn,5786,1207,5059,1233,4407,1248,32,24,0,19,392,183,0,19,11,18,217,179,15,23,202,180,727,292,18,39,0,19,78,123,0,19,0,19,517,336,114,141,105,141,9,13
1400000US36047022600,"Census Tract 226, Kings County, New York",Brooklyn,2844,773,1779,641,1232,657,25,32,0,14,344,193,0,14,43,64,135,119,0,14,135,119,1065,490,43,50,0,14,53,77,9,14,0,14,822,494,138,110,138,110,0,14
1400000US36047022700,"Census Tract 227, Kings County, New York",Brooklyn,4833,811,3844,652,1280,331,1930,646,0,14,233,111,0,14,22,34,379,262,177,237,202,145,989,545,130,137,0,14,0,14,23,35,0,14,396,270,440,377,414,372,26,46
1400000US36047022800,"Census Tract 228, Kings County, New York",Brooklyn,3496,763,3289,760,1967,702,10,5,0,14,1260,494,0,14,0,14,52,83,0,14,52,83,207,162,12,20,8,16,23,60,0,14,0,14,137,130,27,39,23,30,4,13
1400000US36047022900,"Census Tract 229, Kings County, New York",Brooklyn,3650,543,3217,545,1998,491,735,249,0,14,114,60,0,14,57,60,313,186,21,23,292,187,433,174,94,91,34,40,0,14,0,14,0,14,165,105,140,96,123,89,17,24
1400000US36047023000,"Census Tract 230, Kings County, New York",Brooklyn,4202,1347,3457,1339,2827,1275,38,57,0,14,301,284,0,14,274,312,17,30,17,30,0,14,745,386,162,240,0,14,10,17,10,17,0,14,344,273,219,243,190,232,29,47
1400000US36047023100,"Census Tract 231, Kings County, New York",Brooklyn,3530,434,3166,374,1926,368,875,187,0,14,177,77,0,14,28,48,160,62,45,38,115,52,364,168,30,34,35,29,0,14,0,14,0,14,146,140,153,96,153,96,0,14
1400000US36047023200,"Census Tract 232, Kings County, New York",Brooklyn,6611,1427,6427,1436,5834,1478,2,3,57,84,494,211,0,19,0,19,40,55,11,18,29,51,184,164,0,19,0,19,72,136,15,26,0,19,97,144,0,19,0,19,0,19
1400000US36047023300,"Census Tract 233, Kings County, New York",Brooklyn,5988,1169,5351,1146,2401,1017,1317,658,0,19,513,285,0,19,18,32,1102,614,237,247,865,693,637,328,149,121,89,123,46,58,0,19,0,19,164,185,189,160,112,114,77,77
1400000US36047023400,"Census Tract 234, Kings County, New York",Brooklyn,5663,1011,5286,1068,4994,1086,0,19,40,68,0,19,0,19,148,160,104,135,0,19,104,135,377,456,0,19,0,19,0,19,0,19,0,19,124,203,253,403,253,403,0,19
1400000US36047023500,"Census Tract 235, Kings County, New York",Brooklyn,5527,1088,4897,1130,4235,1153,290,153,0,19,243,166,0,19,0,19,129,86,26,36,103,74,630,169,90,67,0,19,0,19,0,19,0,19,224,120,316,192,316,192,0,19
1400000US36047023600,"Census Tract 236, Kings County, New York",Brooklyn,6444,1010,6371,1014,5958,1094,0,19,0,19,194,232,0,19,182,201,37,41,0,19,37,41,73,114,0,19,0,19,73,114,0,19,0,19,0,19,0,19,0,19,0,19
1400000US36047023800,"Census Tract 238, Kings County, New York",Brooklyn,5584,1046,5328,1043,4900,1030,0,19,0,19,106,126,0,19,290,267,32,39,0,19,32,39,256,195,0,19,0,19,20,30,0,19,0,19,225,199,11,18,11,18,0,19
1400000US36047024000,"Census Tract 240, Kings County, New York",Brooklyn,5598,1115,5315,1143,4771,1203,149,113,0,19,7,15,0,19,340,365,48,73,0,19,48,73,283,253,0,19,0,19,0,19,0,19,0,19,182,216,101,117,101,117,0,19
1400000US36047024100,"Census Tract 241, Kings County, New York",Brooklyn,3154,743,2772,718,1659,622,403,173,0,14,266,122,0,14,0,14,444,178,37,42,407,157,382,289,12,18,17,26,0,14,7,11,0,14,275,293,71,59,71,59,0,14
1400000US36047024200,"Census Tract 242, Kings County, New York",Brooklyn,3402,597,3257,602,2919,578,15,30,0,14,227,160,0,14,88,144,8,12,8,12,0,14,145,91,15,35,12,17,0,14,0,14,0,14,103,83,15,30,15,30,0,14
1400000US36047024300,"Census Tract 243, Kings County, New York",Brooklyn,4419,868,3807,904,1131,269,1849,819,52,72,442,307,0,14,0,14,333,211,117,103,216,171,612,143,55,89,54,53,0,14,0,14,0,14,426,206,77,75,77,75,0,14
1400000US36047024400,"Census Tract 244, Kings County, New York",Brooklyn,3556,795,3115,737,2435,811,5,6,0,14,631,467,0,14,43,404,1,2,0,14,1,2,441,392,11,18,0,14,233,330,0,14,0,14,190,210,7,13,7,13,0,14
1400000US36047024500,"Census Tract 245, Kings County, New York",Brooklyn,4383,539,4067,546,1582,489,1864,540,0,14,243,146,0,14,39,34,339,159,31,50,308,152,316,174,20,23,9,16,16,25,72,102,0,14,16,25,183,122,89,64,94,90
1400000US36047024600,"Census Tract 246, Kings County, New York",Brooklyn,3298,651,2966,666,1509,463,24,28,0,14,1248,569,0,14,163,173,22,34,0,14,22,34,332,350,16,25,0,14,0,14,6,10,0,14,294,353,16,24,0,14,16,24
1400000US36047024700,"Census Tract 247, Kings County, New York",Brooklyn,2547,405,2171,321,641,238,920,219,0,14,221,139,0,14,21,34,368,245,211,136,157,165,376,245,0,14,39,61,0,14,0,14,0,14,107,100,230,233,217,231,13,21
1400000US36047024800,"Census Tract 248, Kings County, New York",Brooklyn,2543,478,2122,413,1405,414,0,14,0,14,631,199,0,14,52,76,34,46,0,14,34,46,421,315,0,14,8,12,0,14,0,14,0,14,390,323,23,35,0,14,23,35
1400000US36047024900,"Census Tract 249, Kings County, New York",Brooklyn,4147,610,3580,556,1311,332,1708,446,0,14,301,163,26,40,0,14,234,145,0,14,234,145,567,333,144,136,0,14,0,14,0,14,0,14,112,97,311,212,141,164,170,135
1400000US36047025000,"Census Tract 250, Kings County, New York",Brooklyn,1433,449,1029,196,177,91,7,9,0,14,843,186,0,14,0,14,2,3,2,3,0,14,404,404,24,35,0,14,0,14,5,8,0,14,285,387,90,80,56,72,34,46
1400000US36047025100,"Census Tract 251, Kings County, New York",Brooklyn,3990,648,3519,638,776,382,2380,628,0,14,130,94,0,14,0,14,233,154,130,108,103,98,471,286,22,29,24,36,0,14,0,14,0,14,387,286,38,39,25,35,13,20
1400000US36047025200,"Census Tract 252, Kings County, New York",Brooklyn,4460,658,3745,694,1748,508,37,41,112,131,1741,473,0,14,0,14,107,120,0,14,107,120,715,295,61,95,39,62,51,79,0,14,0,14,443,239,121,113,121,113,0,14
1400000US36047025300,"Census Tract 253, Kings County, New York",Brooklyn,3904,605,3448,675,2072,685,806,311,0,14,137,78,0,14,2,1,431,243,258,217,173,102,456,197,160,123,23,49,0,14,0,14,0,14,29,45,244,151,229,150,15,23
1400000US36047025400,"Census Tract 254, Kings County, New York",Brooklyn,3437,910,2588,644,1006,575,0,14,16,25,1566,546,0,14,0,14,0,14,0,14,0,14,849,516,94,132,0,14,0,14,0,14,0,14,563,401,192,302,192,302,0,14
1400000US36047025500,"Census Tract 255, Kings County, New York",Brooklyn,4940,658,1694,396,105,148,1411,357,0,14,14,50,0,14,78,104,86,87,0,14,86,87,3246,603,677,535,0,14,0,14,0,14,0,14,1417,520,1152,486,1120,497,32,64
1400000US36047025600,"Census Tract 256, Kings County, New York",Brooklyn,2815,745,2644,765,838,277,0,14,0,14,1764,709,0,14,0,14,42,60,27,44,15,18,171,159,0,14,0,14,0,14,13,21,0,14,158,160,0,14,0,14,0,14
1400000US36047025700,"Census Tract 257, Kings County, New York",Brooklyn,3370,494,2331,340,1896,336,224,162,0,14,131,153,0,14,25,31,55,54,13,19,42,51,1039,467,118,145,0,14,24,29,0,14,0,14,600,278,297,228,297,228,0,14
1400000US36047025800,"Census Tract 258, Kings County, New York",Brooklyn,4068,835,3263,708,1033,385,165,270,0,14,1862,568,0,14,0,14,203,119,10,16,193,118,805,525,48,50,83,112,0,14,75,76,0,14,341,452,258,239,88,81,170,177
1400000US36047025901,"Census Tract 259.01, Kings County, New York",Brooklyn,2217,326,1578,288,778,224,638,236,0,14,46,39,0,14,0,14,116,74,0,14,116,74,639,201,77,58,21,31,18,21,0,14,0,14,300,92,223,207,203,209,20,22
1400000US36047025902,"Census Tract 259.02, Kings County, New York",Brooklyn,3796,749,2238,673,283,440,1659,662,0,14,222,241,0,14,0,14,74,72,28,40,46,53,1558,563,148,218,268,161,22,41,0,14,0,14,789,514,331,247,331,247,0,14
1400000US36047026000,"Census Tract 260, Kings County, New York",Brooklyn,2909,599,2143,460,812,388,49,57,64,70,1218,286,0,14,0,14,0,14,0,14,0,14,766,490,64,68,35,53,0,14,0,14,0,14,531,419,136,121,52,43,84,123
1400000US36047026100,"Census Tract 261, Kings County, New York",Brooklyn,5743,706,4079,723,1456,406,1429,529,0,19,959,545,0,19,26,41,209,145,138,107,71,83,1664,756,114,102,66,108,46,74,0,19,0,19,974,691,464,310,299,245,165,193
1400000US36047026200,"Census Tract 262, Kings County, New York",Brooklyn,2645,512,2295,500,616,215,120,96,31,43,1481,470,0,14,43,58,4,6,0,14,4,6,350,254,100,149,17,22,6,9,0,14,0,14,197,210,30,32,23,30,7,11
1400000US36047026300,"Census Tract 263, Kings County, New York",Brooklyn,2216,342,1968,344,614,178,1156,387,0,14,18,19,0,14,23,34,157,95,52,65,105,72,248,126,24,42,29,34,0,14,0,14,0,14,68,65,127,102,127,102,0,14
1400000US36047026400,"Census Tract 264, Kings County, New York",Brooklyn,4554,755,3252,621,1476,436,0,14,0,14,1630,557,0,14,21,36,125,107,37,47,88,92,1302,559,0,14,0,14,12,19,81,77,0,14,1030,545,179,138,142,123,37,54
1400000US36047026500,"Census Tract 265, Kings County, New York",Brooklyn,4101,504,3407,723,1096,411,1585,582,0,14,245,188,0,14,0,14,481,345,416,344,65,57,694,394,60,55,76,86,0,14,0,14,0,14,403,338,155,103,133,101,22,35
1400000US36047026600,"Census Tract 266, Kings County, New York",Brooklyn,3431,469,2498,457,1247,333,29,45,0,14,1210,314,0,14,0,14,12,19,12,19,0,14,933,528,322,307,0,14,0,14,6,12,0,14,514,402,91,107,91,107,0,14
1400000US36047026700,"Census Tract 267, Kings County, New York",Brooklyn,4057,571,3404,584,1284,301,1500,505,0,14,194,104,0,14,0,14,426,166,60,73,366,160,653,324,56,51,82,108,15,24,0,14,0,14,232,233,268,175,254,175,14,22
1400000US36047026800,"Census Tract 268, Kings County, New York",Brooklyn,4416,692,4088,704,1989,579,23,31,0,14,2022,391,0,14,0,14,54,73,0,14,54,73,328,154,76,83,0,14,0,14,0,14,0,14,161,125,91,58,80,50,11,17
1400000US36047026900,"Census Tract 269, Kings County, New York",Brooklyn,3444,672,2402,575,682,310,1342,395,0,14,94,55,0,14,0,14,284,259,46,85,238,248,1042,509,110,118,184,138,28,43,0,14,0,14,125,99,595,445,595,445,0,14
1400000US36047027000,"Census Tract 270, Kings County, New York",Brooklyn,2582,497,2243,499,1465,483,0,14,0,14,778,165,0,14,0,14,0,14,0,14,0,14,339,191,11,18,0,14,38,55,0,14,0,14,94,118,196,187,190,186,6,9
1400000US36047027100,"Census Tract 271, Kings County, New York",Brooklyn,3652,545,3318,503,569,259,2441,504,0,14,103,70,0,14,4,7,201,136,0,14,201,136,334,163,83,114,26,41,0,14,0,14,0,14,40,42,185,134,185,134,0,14
1400000US36047027200,"Census Tract 272, Kings County, New York",Brooklyn,3750,533,2903,522,1298,412,182,273,0,14,1411,409,0,14,0,14,12,18,0,14,12,18,847,453,64,104,0,14,33,74,0,14,0,14,629,421,121,106,121,106,0,14
1400000US36047027300,"Census Tract 273, Kings County, New York",Brooklyn,4176,894,3643,741,411,178,2812,822,0,14,161,97,0,14,52,88,207,133,12,64,195,122,533,325,18,31,144,219,0,14,0,14,0,14,212,190,159,155,159,155,0,14
1400000US36047027400,"Census Tract 274, Kings County, New York",Brooklyn,2943,569,2627,599,1556,465,0,14,0,14,995,367,0,14,0,14,76,78,0,14,76,78,316,289,16,25,0,14,168,256,1,2,0,14,17,26,114,92,114,92,0,14
1400000US36047027500,"Census Tract 275, Kings County, New York",Brooklyn,5272,1064,4875,1058,669,187,3680,1090,0,19,59,41,0,19,13,25,454,230,295,215,159,108,397,185,16,26,102,139,0,19,0,19,0,19,109,104,170,107,118,97,52,60
1400000US36047027600,"Census Tract 276, Kings County, New York",Brooklyn,3680,704,2853,628,1105,335,0,14,0,14,1606,566,0,14,142,153,0,14,0,14,0,14,827,434,120,113,0,14,0,14,0,14,0,14,466,412,241,173,241,173,0,14
1400000US36047027700,"Census Tract 277, Kings County, New York",Brooklyn,4303,785,3421,787,407,208,2498,584,0,14,86,67,0,14,0,14,430,365,64,74,366,369,882,473,155,182,418,450,0,14,0,14,0,14,171,129,138,137,105,127,33,49
1400000US36047027800,"Census Tract 278, Kings County, New York",Brooklyn,3134,500,3006,489,1256,389,110,105,0,14,1511,446,0,14,0,14,129,133,0,14,129,133,128,137,52,69,0,14,0,14,0,14,0,14,76,118,0,14,0,14,0,14
1400000US36047027900,"Census Tract 279, Kings County, New York",Brooklyn,4266,629,3723,564,1365,432,1901,429,11,17,91,86,0,14,74,117,281,132,178,116,103,91,543,312,108,105,135,142,0,14,0,14,0,14,217,232,83,131,83,131,0,14
1400000US36047028000,"Census Tract 280, Kings County, New York",Brooklyn,1708,376,1216,264,604,203,3,7,0,14,574,167,0,14,13,17,22,24,0,14,22,24,492,320,88,88,0,14,0,14,8,11,0,14,376,310,20,25,20,25,0,14
1400000US36047028100,"Census Tract 281, Kings County, New York",Brooklyn,5240,960,3433,1031,715,331,2307,1125,0,19,201,123,0,19,2,5,208,224,141,211,67,65,1807,504,83,72,50,57,71,106,0,19,0,19,845,462,758,373,512,300,246,253
1400000US36047028200,"Census Tract 282, Kings County, New York",Brooklyn,3239,531,2603,636,1323,541,76,95,0,14,1019,415,0,14,0,14,185,88,0,14,185,88,636,516,0,14,0,14,0,14,0,14,0,14,593,515,43,52,43,52,0,14
1400000US36047028300,"Census Tract 283, Kings County, New York",Brooklyn,3976,635,2714,578,535,191,1710,545,0,14,129,104,0,14,17,40,323,225,147,168,176,154,1262,524,149,97,66,64,37,57,0,14,0,14,690,533,320,218,282,212,38,63
1400000US36047028400,"Census Tract 284, Kings County, New York",Brooklyn,3675,573,3000,484,1440,389,14,23,0,14,1500,533,0,14,0,14,46,47,0,14,46,47,675,432,385,377,0,14,168,204,0,14,0,14,94,93,28,44,0,14,28,44
1400000US36047028501,"Census Tract 285.01, Kings County, New York",Brooklyn,589,151,430,120,249,98,133,68,0,14,40,33,0,14,0,14,8,12,8,12,0,14,159,90,32,46,0,14,0,14,0,14,0,14,64,50,63,62,63,62,0,14
1400000US36047028502,"Census Tract 285.02, Kings County, New York",Brooklyn,3144,684,1510,537,0,14,1393,509,0,14,0,14,0,14,10,16,107,136,0,14,107,136,1634,424,27,184,288,354,0,14,0,14,0,14,516,283,803,461,704,475,99,107
1400000US36047028600,"Census Tract 286, Kings County, New York",Brooklyn,5092,1063,4594,1039,1964,699,343,212,176,233,1264,622,0,19,67,112,780,811,0,19,780,811,498,390,0,19,70,79,0,19,0,19,0,19,308,374,120,108,120,108,0,19
1400000US36047028700,"Census Tract 287, Kings County, New York",Brooklyn,3398,681,2355,543,763,248,1391,542,0,14,178,119,0,14,0,14,23,42,0,14,23,42,1043,532,93,74,20,28,0,14,20,29,0,14,312,307,598,417,561,410,37,43
1400000US36047028800,"Census Tract 288, Kings County, New York",Brooklyn,3578,1057,2743,967,885,301,0,14,0,14,1806,957,0,14,0,14,52,75,0,14,52,75,835,510,9,14,0,14,0,14,0,14,0,14,560,422,266,298,202,218,64,84
1400000US36047028900,"Census Tract 289, Kings County, New York",Brooklyn,4147,787,2843,711,1104,295,1552,712,0,14,94,62,0,14,16,32,77,76,51,69,26,28,1304,525,17,26,139,150,0,14,0,14,0,14,753,516,395,287,395,287,0,14
1400000US36047029000,"Census Tract 290, Kings County, New York",Brooklyn,3710,509,3023,440,2106,409,10,12,0,14,806,290,0,14,0,14,101,100,0,14,101,100,687,510,70,86,0,14,168,257,0,14,0,14,380,460,69,63,69,63,0,14
1400000US36047029100,"Census Tract 291, Kings County, New York",Brooklyn,3461,501,2948,462,668,280,1945,394,0,14,107,67,58,83,0,14,170,162,15,23,155,161,513,232,15,23,30,33,0,14,31,57,0,14,221,175,216,106,195,93,21,34
1400000US36047029200,"Census Tract 292, Kings County, New York",Brooklyn,2501,310,2111,280,897,249,135,154,0,14,1032,267,18,28,0,14,29,32,0,14,29,32,390,269,20,21,9,14,0,14,10,17,0,14,329,262,22,34,22,34,0,14
1400000US36047029300,"Census Tract 293, Kings County, New York",Brooklyn,3181,500,2365,538,315,184,1918,524,0,14,77,62,0,14,0,14,55,50,0,14,55,50,816,274,21,36,0,14,0,14,0,14,0,14,578,266,217,178,190,167,27,41
1400000US36047029400,"Census Tract 294, Kings County, New York",Brooklyn,2072,387,1686,381,717,200,277,108,0,14,580,262,0,14,0,14,112,156,7,11,105,156,386,199,32,48,10,16,0,14,0,14,0,14,144,176,200,110,200,110,0,14
1400000US36047029500,"Census Tract 295, Kings County, New York",Brooklyn,4043,821,3643,814,894,266,2422,870,0,14,51,51,0,14,197,144,79,58,0,14,79,58,400,184,0,14,42,59,0,14,0,14,0,14,173,149,185,112,157,106,28,43
1400000US36047029600,"Census Tract 296, Kings County, New York",Brooklyn,6463,1069,4456,936,2590,896,62,103,0,19,1683,502,0,19,28,46,93,174,0,19,93,174,2007,1094,0,19,0,19,0,19,0,19,0,19,1479,1045,528,444,485,416,43,51
1400000US36047029700,"Census Tract 297, Kings County, New York",Brooklyn,4004,594,3749,591,804,358,2695,567,4,16,63,75,0,14,0,14,183,129,31,43,152,122,255,183,2,18,40,65,0,14,0,14,0,14,66,57,147,142,124,147,23,26
1400000US36047029800,"Census Tract 298, Kings County, New York",Brooklyn,3877,759,3215,796,1592,613,4,8,0,14,1564,567,0,14,55,67,0,14,0,14,0,14,662,237,95,119,0,14,35,61,0,14,0,14,392,243,140,123,140,123,0,14
1400000US36047029900,"Census Tract 299, Kings County, New York",Brooklyn,3328,614,2926,633,623,194,2115,622,0,14,97,92,7,12,0,14,84,62,0,14,84,62,402,207,27,28,35,80,2,3,0,14,0,14,237,192,101,69,101,69,0,14
1400000US36047030000,"Census Tract 300, Kings County, New York",Brooklyn,4165,775,3155,606,1030,464,257,287,0,14,1516,426,0,14,270,344,82,138,0,14,82,138,1010,439,272,233,0,14,0,14,0,14,0,14,680,370,58,60,58,60,0,14
1400000US36047030100,"Census Tract 301, Kings County, New York",Brooklyn,3171,792,2862,671,519,298,2228,618,72,94,31,32,0,14,0,14,12,24,0,14,12,24,309,234,132,179,17,36,0,14,0,14,0,14,57,76,103,117,103,117,0,14
1400000US36047030200,"Census Tract 302, Kings County, New York",Brooklyn,3850,680,3461,577,881,276,48,49,7,9,2371,539,0,14,9,14,145,152,20,23,125,149,389,275,49,49,9,15,0,14,0,14,0,14,243,233,88,142,88,142,0,14
1400000US36047030300,"Census Tract 303, Kings County, New York",Brooklyn,5477,535,4715,545,334,250,3826,729,0,19,40,57,0,19,37,60,478,358,251,294,227,246,762,355,0,19,187,150,0,19,0,19,0,19,368,261,207,186,91,110,116,155
1400000US36047030400,"Census Tract 304, Kings County, New York",Brooklyn,4525,541,3961,522,1246,404,42,63,5,9,2563,464,0,14,0,14,105,88,8,12,97,83,564,332,43,43,13,20,0,14,0,14,0,14,259,254,249,297,222,297,27,42
1400000US36047030500,"Census Tract 305, Kings County, New York",Brooklyn,6968,669,5602,596,2383,396,2232,649,0,19,317,179,0,19,84,94,586,394,26,51,560,390,1366,411,161,107,420,266,162,203,0,19,0,19,93,87,530,393,372,344,158,216
1400000US36047030600,"Census Tract 306, Kings County, New York",Brooklyn,1903,346,1608,343,826,320,11,9,0,14,751,196,8,12,0,14,12,18,0,14,12,18,295,174,148,148,0,14,0,14,0,14,0,14,89,82,58,49,50,41,8,12
1400000US36047030700,"Census Tract 307, Kings County, New York",Brooklyn,6299,1115,5584,1133,489,547,4509,1054,0,19,303,132,0,19,45,176,238,200,91,106,147,185,715,441,107,91,74,115,0,19,0,19,0,19,193,135,341,382,341,382,0,19
1400000US36047030800,"Census Tract 308, Kings County, New York",Brooklyn,1792,343,1590,331,960,313,16,32,0,14,607,148,0,14,7,11,0,14,0,14,0,14,202,146,0,14,0,14,0,14,0,14,0,14,176,148,26,32,26,32,0,14
1400000US36047030900,"Census Tract 309, Kings County, New York",Brooklyn,2279,515,1944,514,130,141,1655,458,0,14,32,50,0,14,0,14,127,100,60,85,67,56,335,121,25,29,56,47,0,14,0,14,0,14,134,80,120,81,46,39,74,68
1400000US36047031100,"Census Tract 311, Kings County, New York",Brooklyn,3534,730,3032,657,722,392,1615,456,0,14,328,173,0,14,26,38,341,233,189,211,152,106,502,311,207,244,66,67,0,14,0,14,0,14,192,189,37,37,37,37,0,14
1400000US36047031300,"Census Tract 313, Kings County, New York",Brooklyn,4415,808,3972,803,957,295,2369,670,0,14,45,47,0,14,296,389,305,154,179,124,126,98,443,232,25,39,137,162,0,14,0,14,0,14,53,48,228,148,142,111,86,106
1400000US36047031401,"Census Tract 314.01, Kings County, New York",Brooklyn,4912,991,4119,910,2474,941,10,8,0,14,1516,491,0,14,25,38,94,113,0,14,94,113,793,561,62,61,23,39,0,14,0,14,0,14,561,481,147,245,147,245,0,14
1400000US36047031402,"Census Tract 314.02, Kings County, New York",Brooklyn,0,14,0,14,0,14,0,14,0,14,0,14,0,14,0,14,0,14,0,14,0,14,0,14,0,14,0,14,0,14,0,14,0,14,0,14,0,14,0,14,0,14
1400000US36047031500,"Census Tract 315, Kings County, New York",Brooklyn,5179,816,4831,765,1717,405,2361,605,0,19,384,248,0,19,0,19,369,205,34,48,335,206,348,173,1,19,159,129,0,19,0,19,0,19,0,19,188,131,117,94,71,79
1400000US36047031701,"Census Tract 317.01, Kings County, New York",Brooklyn,4300,808,4135,778,998,258,2760,786,0,14,154,74,0,14,0,14,223,138,23,25,200,131,165,130,43,41,0,14,0,14,0,14,0,14,51,55,71,112,71,112,0,14
1400000US36047031702,"Census Tract 317.02, Kings County, New York",Brooklyn,3622,723,3134,614,1135,302,1634,527,0,14,147,85,0,14,0,14,218,116,65,83,153,81,488,310,0,14,169,115,0,14,0,14,0,14,22,26,297,283,280,281,17,27
1400000US36047031900,"Census Tract 319, Kings County, New York",Brooklyn,3412,646,3286,642,1504,548,1681,415,0,14,101,122,0,14,0,14,0,14,0,14,0,14,126,114,0,14,0,14,0,14,0,14,0,14,67,68,59,96,59,96,0,14
1400000US36047032100,"Census Tract 321, Kings County, New York",Brooklyn,4995,752,3912,601,1039,328,2177,513,0,14,376,300,0,14,12,21,308,232,0,14,308,232,1083,588,50,67,0,14,0,14,0,14,0,14,723,555,310,222,217,194,93,114
1400000US36047032300,"Census Tract 323, Kings County, New York",Brooklyn,3589,840,3191,875,539,188,2173,838,0,14,99,72,0,14,104,114,276,167,160,140,116,88,398,167,40,42,146,130,0,14,0,14,0,14,64,82,148,76,148,76,0,14
1400000US36047032500,"Census Tract 325, Kings County, New York",Brooklyn,7964,985,7769,974,941,350,6424,994,0,19,42,38,0,19,111,137,251,154,84,112,167,122,195,138,25,41,20,33,0,19,0,19,0,19,53,77,97,111,97,111,0,19
1400000US36047032600,"Census Tract 326, Kings County, New York",Brooklyn,10531,2308,7290,2199,1047,1140,4427,2068,125,165,1295,713,48,76,0,21,348,574,348,574,0,21,3241,1486,286,281,70,86,0,21,0,21,0,21,1556,902,1329,841,1224,826,105,145
1400000US36047032700,"Census Tract 327, Kings County, New York",Brooklyn,2980,608,2565,639,1136,496,1264,496,0,14,39,27,0,14,12,19,114,137,17,127,97,67,415,165,50,41,0,14,0,14,0,14,0,14,183,143,182,117,147,103,35,55
1400000US36047032800,"Census Tract 328, Kings County, New York",Brooklyn,2921,433,2342,497,395,192,898,355,0,14,1024,420,0,14,0,14,25,34,24,34,1,2,579,327,0,14,69,85,0,14,0,14,0,14,471,305,39,59,39,59,0,14
1400000US36047032900,"Census Tract 329, Kings County, New York",Brooklyn,5411,1531,5171,1518,2250,1481,2122,642,0,19,412,416,0,19,0,19,387,403,239,389,148,118,240,131,92,82,0,19,0,19,0,19,0,19,84,79,64,67,39,51,25,44
1400000US36047033000,"Census Tract 330, Kings County, New York",Brooklyn,4721,658,3239,559,787,216,1663,509,0,14,379,192,0,14,0,14,410,315,89,132,321,273,1482,383,69,114,181,163,69,111,1,3,0,14,669,261,493,315,359,248,134,208
1400000US36047033100,"Census Tract 331, Kings County, New York",Brooklyn,3822,665,3644,661,1564,391,1746,619,0,14,0,14,0,14,173,147,161,111,101,82,60,66,178,120,39,40,54,51,0,14,0,14,0,14,59,66,26,33,26,33,0,14
1400000US36047033300,"Census Tract 333, Kings County, New York",Brooklyn,4519,1039,4158,899,3346,944,609,202,0,14,0,14,0,14,198,181,5,16,5,16,0,14,361,395,36,53,0,14,0,14,0,14,0,14,325,392,0,14,0,14,0,14
1400000US36047033500,"Census Tract 335, Kings County, New York",Brooklyn,3743,556,3403,587,1778,319,1063,486,0,14,14,19,0,14,465,399,83,82,55,68,28,43,340,209,83,92,139,146,0,14,0,14,0,14,24,29,94,78,94,78,0,14
1400000US36047033600,"Census Tract 336, Kings County, New York",Brooklyn,4762,724,4457,736,4063,722,134,114,26,44,207,179,0,14,0,14,27,43,27,43,0,14,305,195,35,40,0,14,0,14,0,14,0,14,214,162,56,87,56,87,0,14
1400000US36047033701,"Census Tract 337.01, Kings County, New York",Brooklyn,2742,664,2542,665,1168,535,1167,438,0,14,37,19,0,14,96,94,74,112,74,112,0,14,200,111,0,14,41,37,0,14,0,14,0,14,22,28,137,112,123,110,14,21
1400000US36047033702,"Census Tract 337.02, Kings County, New York",Brooklyn,1993,285,1752,283,1129,246,576,291,0,14,42,41,5,11,0,14,0,14,0,14,0,14,241,152,59,94,0,14,0,14,0,14,0,14,97,94,85,79,85,79,0,14
1400000US36047033900,"Census Tract 339, Kings County, New York",Brooklyn,5012,720,4631,741,923,377,2548,673,0,19,360,222,0,19,302,479,498,447,448,450,50,55,381,261,25,28,15,30,0,19,0,19,0,19,196,213,145,132,79,78,66,79
1400000US36047034000,"Census Tract 340, Kings County, New York",Brooklyn,2172,219,1432,314,608,135,727,317,0,14,49,39,0,14,0,14,48,55,0,14,48,55,740,295,7,10,221,201,0,14,0,14,0,14,395,313,117,72,109,68,8,12
1400000US36047034100,"Census Tract 341, Kings County, New York",Brooklyn,2564,584,2101,612,796,267,1002,254,12,22,44,34,0,14,0,14,247,343,205,314,42,56,463,239,55,48,82,65,0,14,0,14,0,14,156,154,170,187,170,187,0,14
1400000US36047034200,"Census Tract 342, Kings County, New York",Brooklyn,6667,1341,4635,751,1644,447,2421,563,0,19,368,438,0,19,0,19,202,170,26,41,176,166,2032,1437,5,9,176,264,0,19,0,19,0,19,1746,1456,105,103,72,89,33,50
1400000US36047034300,"Census Tract 343, Kings County, New York",Brooklyn,4548,763,3391,782,531,374,2320,592,0,14,95,135,0,14,177,293,268,150,109,106,159,112,1157,827,0,14,41,64,0,14,0,14,0,14,790,720,326,398,144,145,182,407
1400000US36047034500,"Census Tract 345, Kings County, New York",Brooklyn,2703,656,2375,651,757,506,1341,393,0,14,62,75,0,14,24,38,191,199,133,192,58,68,328,230,178,204,0,14,0,14,0,14,0,14,59,67,91,103,91,103,0,14
1400000US36047034700,"Census Tract 347, Kings County, New York",Brooklyn,3728,445,3450,476,279,180,2958,493,0,14,0,14,0,14,104,110,109,98,16,29,93,99,278,113,5,16,17,21,0,14,0,14,0,14,143,107,113,65,77,57,36,31
1400000US36047034800,"Census Tract 348, Kings County, New York",Brooklyn,3011,536,1440,378,335,128,290,172,0,14,296,145,0,14,8,12,511,287,288,343,223,112,1571,485,39,60,7,12,0,14,0,14,0,14,1505,490,20,33,4,12,16,23
1400000US36047034901,"Census Tract 349.01, Kings County, New York",Brooklyn,2324,418,1683,453,233,195,1203,450,0,14,0,14,0,14,53,80,194,128,143,110,51,76,641,463,260,376,0,14,0,14,0,14,0,14,93,84,288,338,271,336,17,26
1400000US36047034902,"Census Tract 349.02, Kings County, New York",Brooklyn,3396,774,3118,736,383,291,2660,814,0,14,0,14,0,14,0,14,75,102,0,14,75,102,278,243,145,216,17,27,0,14,0,14,0,14,17,77,99,94,99,94,0,14
1400000US36047035000,"Census Tract 350, Kings County, New York",Brooklyn,3169,400,3163,399,3151,402,0,14,0,14,0,14,0,14,0,14,12,18,12,18,0,14,6,11,6,11,0,14,0,14,0,14,0,14,0,14,0,14,0,14,0,14
1400000US36047035101,"Census Tract 351.01, Kings County, New York",Brooklyn,1735,482,1444,474,88,46,1262,482,8,15,0,14,0,14,0,14,86,55,21,10,65,52,291,159,36,80,173,192,0,14,0,14,0,14,58,86,24,29,24,29,0,14
1400000US36047035102,"Census Tract 351.02, Kings County, New York",Brooklyn,3400,844,2779,379,415,234,2050,371,0,14,52,52,0,14,0,14,262,237,94,131,168,169,621,709,8,14,0,14,0,14,0,14,0,14,533,697,80,109,71,94,9,15
1400000US36047035200,"Census Tract 352, Kings County, New York",Brooklyn,1529,198,1424,209,754,211,579,130,27,43,33,34,0,14,0,14,31,36,5,7,26,35,105,78,57,66,7,13,0,14,0,14,0,14,27,30,14,23,10,22,4,6
1400000US36047035301,"Census Tract 353.01, Kings County, New York",Brooklyn,2483,599,2094,535,295,157,1417,481,0,14,232,301,0,14,0,14,150,173,0,14,150,173,389,192,159,194,35,35,0,14,0,14,0,14,77,63,118,93,48,42,70,82
1400000US36047035302,"Census Tract 353.02, Kings County, New York",Brooklyn,3064,511,2580,512,845,276,1623,530,26,37,0,14,0,14,43,77,43,52,42,52,1,5,484,251,118,126,16,29,0,14,0,14,0,14,67,94,283,171,214,149,69,97
1400000US36047035400,"Census Tract 354, Kings County, New York",Brooklyn,6075,805,5800,840,5648,854,20,33,0,19,33,38,0,19,29,47,70,80,20,32,50,65,275,233,0,19,0,19,0,19,0,19,0,19,210,225,65,92,65,92,0,19
1400000US36047035500,"Census Tract 355, Kings County, New York",Brooklyn,5046,711,4740,703,882,463,3390,625,0,19,0,19,0,19,79,202,389,290,288,228,101,102,306,254,59,87,107,140,0,19,0,19,0,19,58,46,82,133,82,133,0,19
1400000US36047035601,"Census Tract 356.01, Kings County, New York",Brooklyn,2326,299,2272,295,2085,288,22,27,0,14,106,78,0,14,6,10,53,69,0,14,53,69,54,68,37,43,0,14,17,27,0,14,0,14,0,14,0,14,0,14,0,14
1400000US36047035602,"Census Tract 356.02, Kings County, New York",Brooklyn,6581,830,6298,847,5633,804,98,128,0,19,243,216,0,19,0,19,324,269,67,75,257,253,283,265,73,92,0,19,0,19,0,19,0,19,0,19,210,244,210,244,0,19
1400000US36047035701,"Census Tract 357.01, Kings County, New York",Brooklyn,2398,427,2076,463,16,18,1576,421,0,14,0,14,0,14,280,338,204,176,204,176,0,14,322,156,54,87,44,44,0,14,0,14,0,14,92,74,132,99,108,83,24,41
1400000US36047035702,"Census Tract 357.02, Kings County, New York",Brooklyn,0,14,0,14,0,14,0,14,0,14,0,14,0,14,0,14,0,14,0,14,0,14,0,14,0,14,0,14,0,14,0,14,0,14,0,14,0,14,0,14,0,14
1400000US36047035900,"Census Tract 359, Kings County, New York",Brooklyn,6794,1151,6302,1106,234,146,5273,1155,77,88,265,244,0,19,0,19,453,337,250,351,203,230,492,304,13,26,134,166,0,19,0,19,0,19,179,184,166,121,166,121,0,19
1400000US36047036001,"Census Tract 360.01, Kings County, New York",Brooklyn,2844,262,2758,246,2406,241,10,16,0,14,175,108,0,14,0,14,167,162,0,14,167,162,86,80,0,14,9,14,0,14,0,14,0,14,24,27,53,73,10,16,43,71
1400000US36047036002,"Census Tract 360.02, Kings County, New York",Brooklyn,3731,546,3712,546,3035,642,110,148,0,14,112,156,0,14,0,14,455,331,0,14,455,331,19,31,0,14,0,14,0,14,0,14,0,14,0,14,19,31,19,31,0,14
1400000US36047036100,"Census Tract 361, Kings County, New York",Brooklyn,3358,578,2233,388,146,95,1795,356,0,14,8,13,0,14,152,240,132,103,79,80,53,66,1125,508,22,49,364,187,0,14,0,14,0,14,419,475,320,210,320,210,0,14
1400000US36047036200,"Census Tract 362, Kings County, New York",Brooklyn,3090,545,2604,506,1304,276,29,36,0,14,820,151,0,14,16,18,435,374,10,15,425,373,486,294,12,17,54,88,0,14,0,14,0,14,233,222,187,170,187,170,0,14
1400000US36047036300,"Census Tract 363, Kings County, New York",Brooklyn,5430,1053,4481,1023,13,25,4149,1038,0,19,0,19,0,19,0,19,319,285,210,269,109,125,949,603,22,34,33,56,0,19,0,19,0,19,767,596,127,137,127,137,0,19
1400000US36047036400,"Census Tract 364, Kings County, New York",Brooklyn,2288,448,1766,371,1027,303,20,17,0,14,452,242,0,14,5,8,262,181,0,14,262,181,522,343,15,23,0,14,0,14,0,14,0,14,334,312,173,136,168,135,5,9
1400000US36047036501,"Census Tract 365.01, Kings County, New York",Brooklyn,3139,657,2797,677,0,14,2617,686,0,14,78,113,0,14,0,14,102,91,39,46,63,74,342,283,0,14,27,43,0,14,0,14,0,14,221,277,94,73,77,72,17,26
1400000US36047036502,"Census Tract 365.02, Kings County, New York",Brooklyn,2389,512,1371,311,26,30,1255,327,14,23,19,22,39,56,0,14,18,26,9,21,9,15,1018,499,0,14,279,417,0,14,0,14,0,14,205,115,534,318,447,289,87,126
1400000US36047036600,"Census Tract 366, Kings County, New York",Brooklyn,4362,780,3325,776,1784,358,166,101,0,14,771,258,0,14,8,13,596,684,42,63,554,681,1037,366,10,15,0,14,0,14,0,14,0,14,444,341,583,236,573,235,10,15
1400000US36047036700,"Census Tract 367, Kings County, New York",Brooklyn,2091,696,1222,429,155,93,816,474,0,14,18,30,0,14,79,126,154,95,60,63,94,94,869,566,400,417,46,55,0,14,0,14,0,14,258,176,165,114,117,103,48,54
1400000US36047036900,"Census Tract 369, Kings County, New York",Brooklyn,5626,1029,3291,766,712,442,1887,836,44,67,288,217,0,19,61,99,299,359,19,30,280,357,2335,1049,88,115,88,110,29,51,0,19,0,19,1655,1043,475,252,357,222,118,113
1400000US36047037000,"Census Tract 370, Kings County, New York",Brooklyn,4171,487,3759,449,2200,478,228,174,0,14,1160,291,0,14,123,181,48,65,0,14,48,65,412,234,93,103,0,14,4,6,0,14,0,14,226,189,89,136,89,136,0,14
1400000US36047037100,"Census Tract 371, Kings County, New York",Brooklyn,4309,649,3597,641,447,239,2834,639,0,14,77,93,0,14,34,52,205,173,60,81,145,150,712,288,43,51,122,108,0,14,0,14,0,14,368,241,179,160,47,70,132,157
1400000US36047037300,"Census Tract 373, Kings County, New York",Brooklyn,4952,827,3931,769,613,366,2905,767,0,14,202,161,0,14,128,167,83,91,15,35,68,69,1021,382,25,38,61,72,23,34,0,14,0,14,702,343,210,182,210,182,0,14
1400000US36047037401,"Census Tract 374.01, Kings County, New York",Brooklyn,4758,778,4149,829,3191,727,76,85,0,14,795,302,0,14,0,14,87,103,25,42,62,93,609,340,0,14,0,14,0,14,0,14,0,14,512,336,97,110,97,110,0,14
1400000US36047037402,"Census Tract 374.02, Kings County, New York",Brooklyn,5843,809,5332,734,3935,725,271,188,94,142,913,627,0,19,0,19,119,121,0,19,119,121,511,423,70,56,0,19,0,19,0,19,0,19,347,408,94,70,85,69,9,14
1400000US36047037500,"Census Tract 375, Kings County, New York",Brooklyn,3748,619,2791,507,635,274,1854,501,0,14,256,169,0,14,4,7,42,47,14,24,28,41,957,474,15,23,76,82,0,14,0,14,0,14,256,217,610,430,575,432,35,43
1400000US36047037700,"Census Tract 377, Kings County, New York",Brooklyn,5090,650,4523,642,1025,444,3266,654,0,19,67,45,0,19,9,29,156,117,20,33,136,113,567,281,63,84,159,183,0,19,27,39,0,19,122,145,196,143,97,71,99,132
1400000US36047037900,"Census Tract 379, Kings County, New York",Brooklyn,4012,921,3743,936,314,162,3167,910,36,56,12,18,0,14,21,25,193,147,65,86,128,113,269,157,48,69,75,90,0,14,20,35,0,14,68,86,58,83,14,29,44,75
1400000US36047038100,"Census Tract 381, Kings County, New York",Brooklyn,5138,639,4344,513,956,331,2697,496,0,19,198,197,0,19,0,19,493,332,21,35,472,333,794,384,41,47,460,333,0,19,0,19,0,19,146,156,147,120,94,82,53,70
1400000US36047038200,"Census Tract 382, Kings County, New York",Brooklyn,5225,880,4167,844,530,383,2600,760,0,19,923,502,0,19,0,19,114,109,35,57,79,92,1058,455,137,120,147,213,0,19,17,31,0,19,647,373,110,114,76,89,34,64
1400000US36047038300,"Census Tract 383, Kings County, New York",Brooklyn,5466,684,4196,707,837,310,2633,670,0,19,138,105,0,19,0,19,588,368,464,341,124,120,1270,562,0,19,101,118,0,19,11,20,0,19,534,441,624,563,335,357,289,435
1400000US36047038500,"Census Tract 385, Kings County, New York",Brooklyn,3823,961,3417,961,1265,313,1507,587,0,14,85,71,0,14,16,24,544,705,500,721,44,45,406,235,49,58,0,14,0,14,15,23,0,14,116,124,226,211,226,211,0,14
1400000US36047038600,"Census Tract 386, Kings County, New York",Brooklyn,3042,711,2602,546,987,308,58,58,0,14,1307,437,0,14,0,14,250,287,205,281,45,68,440,508,35,44,0,14,0,14,7,11,0,14,393,507,5,6,5,6,0,14
1400000US36047038700,"Census Tract 387, Kings County, New York",Brooklyn,5312,947,4812,973,1018,423,2663,578,0,19,688,776,0,19,0,19,443,176,0,19,443,176,500,193,11,26,24,38,0,19,0,19,0,19,105,111,360,187,329,167,31,65
1400000US36047038800,"Census Tract 388, Kings County, New York",Brooklyn,5353,1019,4617,1039,3838,1048,54,55,0,19,195,183,0,19,367,389,163,251,52,70,111,183,736,461,72,117,49,73,103,80,0,19,0,19,489,443,23,31,2,3,21,31
1400000US36047038900,"Census Tract 389, Kings County, New York",Brooklyn,3277,664,1710,514,1242,498,191,119,0,14,212,121,0,14,0,14,65,60,0,14,65,60,1567,564,0,14,22,35,107,185,0,14,0,14,1241,530,197,164,197,164,0,14
1400000US36047039000,"Census Tract 390, Kings County, New York",Brooklyn,2681,536,2629,553,2407,565,0,14,0,14,191,115,0,14,31,45,0,14,0,14,0,14,52,56,11,16,0,14,0,14,0,14,0,14,0,14,41,47,0,14,41,47
1400000US36047039100,"Census Tract 391, Kings County, New York",Brooklyn,5428,630,2946,486,1715,422,612,230,0,19,565,274,0,19,2,3,52,52,0,19,52,52,2482,619,91,82,0,19,0,19,0,19,0,19,768,501,1623,443,1515,443,108,108
1400000US36047039200,"Census Tract 392, Kings County, New York",Brooklyn,3091,879,2556,841,2201,701,302,364,0,14,46,55,0,14,0,14,7,12,7,12,0,14,535,459,0,14,0,14,0,14,0,14,0,14,535,459,0,14,0,14,0,14
1400000US36047039300,"Census Tract 393, Kings County, New York",Brooklyn,3798,743,2429,435,1115,361,774,360,0,14,302,210,0,14,13,19,225,133,91,94,134,94,1369,606,16,26,0,14,86,130,0,14,0,14,864,580,403,238,333,230,70,74
1400000US36047039400,"Census Tract 394, Kings County, New York",Brooklyn,2259,432,2071,358,1899,349,9,13,0,14,107,99,0,14,29,34,27,28,27,28,0,14,188,190,82,132,0,14,0,14,0,14,0,14,106,128,0,14,0,14,0,14
1400000US36047039500,"Census Tract 395, Kings County, New York",Brooklyn,4083,530,2820,524,1455,467,1010,339,0,14,249,110,2,4,14,22,90,65,44,53,46,43,1263,279,50,60,43,46,0,14,0,14,0,14,944,256,226,187,218,187,8,14
1400000US36047039600,"Census Tract 396, Kings County, New York",Brooklyn,1708,464,1504,471,1357,474,71,40,25,43,0,14,0,14,51,71,0,14,0,14,0,14,204,166,0,14,0,14,0,14,0,14,0,14,40,75,164,115,164,115,0,14
1400000US36047039700,"Census Tract 397, Kings County, New York",Brooklyn,3356,510,2254,498,871,399,1143,372,0,14,13,36,0,14,0,14,227,196,149,219,78,79,1102,340,37,38,15,22,0,14,0,14,0,14,842,316,208,137,183,128,25,31
1400000US36047039800,"Census Tract 398, Kings County, New York",Brooklyn,2586,509,2398,505,813,308,0,14,0,14,1348,390,0,14,11,15,226,241,0,14,226,241,188,116,15,24,0,14,48,59,0,14,0,14,115,93,10,15,0,14,10,15
1400000US36047039900,"Census Tract 399, Kings County, New York",Brooklyn,3745,675,1872,335,493,156,977,349,0,14,237,188,0,14,0,14,165,117,88,94,77,64,1873,602,28,38,274,302,185,210,16,23,0,14,407,219,963,488,917,487,46,43
1400000US36047040000,"Census Tract 400, Kings County, New York",Brooklyn,2570,622,1941,538,648,266,35,26,0,14,1145,526,57,73,0,14,56,75,0,14,56,75,629,448,73,123,0,14,392,442,0,14,0,14,132,119,32,42,32,42,0,14
1400000US36047040100,"Census Tract 401, Kings County, New York",Brooklyn,3354,615,1936,507,699,175,973,494,0,14,108,80,0,14,41,66,115,81,31,20,84,76,1418,468,273,236,25,32,23,55,0,14,0,14,634,433,463,162,262,128,201,162
1400000US36047040200,"Census Tract 402, Kings County, New York",Brooklyn,2414,428,2034,427,323,191,0,14,0,14,1671,453,0,14,0,14,40,48,0,14,40,48,380,170,70,61,0,14,0,14,0,14,0,14,268,176,42,48,42,48,0,14
1400000US36047040300,"Census Tract 403, Kings County, New York",Brooklyn,3982,577,3473,503,1286,332,1865,534,0,14,126,149,0,14,52,79,144,69,0,14,144,69,509,266,14,22,136,141,0,14,0,14,0,14,143,87,216,176,216,176,0,14
1400000US36047040400,"Census Tract 404, Kings County, New York",Brooklyn,2604,359,2257,353,713,273,43,45,0,14,1414,292,0,14,0,14,87,87,0,14,87,87,347,185,18,20,0,14,0,14,0,14,0,14,128,113,201,142,178,156,23,31
1400000US36047040500,"Census Tract 405, Kings County, New York",Brooklyn,1653,356,1051,257,372,120,558,285,0,14,82,83,0,14,25,29,14,21,14,21,0,14,602,265,200,260,0,14,36,44,0,14,0,14,195,116,171,83,131,67,40,48
1400000US36047040600,"Census Tract 406, Kings County, New York",Brooklyn,3726,548,3309,523,1084,473,33,53,0,14,2039,307,0,14,0,14,153,190,85,96,68,97,417,296,0,14,0,14,0,14,0,14,0,14,372,292,45,50,22,33,23,37
1400000US36047040700,"Census Tract 407, Kings County, New York",Brooklyn,0,14,0,14,0,14,0,14,0,14,0,14,0,14,0,14,0,14,0,14,0,14,0,14,0,14,0,14,0,14,0,14,0,14,0,14,0,14,0,14,0,14
1400000US36047040800,"Census Tract 408, Kings County, New York",Brooklyn,3676,627,3002,513,1000,493,75,121,0,14,1901,451,0,14,12,22,14,25,14,25,0,14,674,483,26,39,0,14,35,30,0,14,0,14,562,473,51,83,51,83,0,14
1400000US36047040900,"Census Tract 409, Kings County, New York",Brooklyn,3891,756,1825,520,864,320,453,253,0,14,127,80,0,14,285,451,96,71,0,14,96,71,2066,661,83,58,40,46,95,83,23,39,0,14,1220,655,605,331,389,270,216,255
1400000US36047041000,"Census Tract 410, Kings County, New York",Brooklyn,1899,490,1619,484,1102,505,8,13,0,14,509,144,0,14,0,14,0,14,0,14,0,14,280,162,31,41,0,14,0,14,0,14,0,14,136,159,113,83,113,83,0,14
1400000US36047041100,"Census Tract 411, Kings County, New York",Brooklyn,2631,727,1533,528,586,244,524,256,0,14,162,85,0,14,20,33,241,322,194,315,47,81,1098,550,0,14,63,95,0,14,0,14,0,14,892,539,143,144,77,104,66,98
1400000US36047041200,"Census Tract 412, Kings County, New York",Brooklyn,2789,848,2652,833,1213,587,77,124,0,14,1352,544,0,14,0,14,10,15,0,14,10,15,137,138,33,43,0,14,0,14,0,14,0,14,84,127,20,22,20,22,0,14
1400000US36047041300,"Census Tract 413, Kings County, New York",Brooklyn,3851,887,2370,957,751,427,1065,697,0,14,147,105,0,14,0,14,407,289,217,262,190,125,1481,606,215,142,4,7,0,14,0,14,0,14,550,456,712,362,695,365,17,32
1400000US36047041401,"Census Tract 414.01, Kings County, New York",Brooklyn,1237,222,1034,197,850,203,58,64,0,14,44,31,0,14,41,65,41,40,0,14,41,40,203,137,40,30,0,14,0,14,0,14,0,14,158,140,5,8,5,8,0,14
1400000US36047041402,"Census Tract 414.02, Kings County, New York",Brooklyn,2062,360,1838,322,1292,299,34,85,0,14,313,262,0,14,131,116,68,87,4,6,64,86,224,194,22,37,0,14,0,14,0,14,1,3,117,161,84,102,84,102,0,14
1400000US36047041500,"Census Tract 415, Kings County, New York",Brooklyn,4300,836,3044,800,748,357,1881,825,0,14,85,85,0,14,116,134,214,172,41,67,173,159,1256,553,93,150,0,14,3,7,1,3,0,14,806,452,353,403,348,402,5,8
1400000US36047041600,"Census Tract 416, Kings County, New York",Brooklyn,1784,438,1457,461,900,222,40,43,0,14,105,95,0,14,403,431,9,12,1,3,8,11,327,188,56,47,6,9,126,154,0,14,0,14,89,106,50,57,20,30,30,49
1400000US36047041700,"Census Tract 417, Kings County, New York",Brooklyn,3402,668,1293,311,113,197,957,298,15,24,143,122,0,14,0,14,65,72,0,14,65,72,2109,613,109,103,195,149,0,14,0,14,0,14,1099,402,706,595,424,410,282,396
1400000US36047041800,"Census Tract 418, Kings County, New York",Brooklyn,2350,484,2255,481,1935,459,5,9,0,14,236,168,0,14,0,14,79,72,10,15,69,70,95,71,24,30,0,14,22,33,0,14,0,14,49,49,0,14,0,14,0,14
1400000US36047041900,"Census Tract 419, Kings County, New York",Brooklyn,3479,890,1886,666,563,283,705,171,0,14,176,84,0,14,0,14,442,688,0,14,442,688,1593,738,0,14,398,608,0,14,0,14,0,14,895,440,300,244,286,241,14,21
1400000US36047042000,"Census Tract 420, Kings County, New York",Brooklyn,1662,286,1508,276,1407,276,10,15,0,14,35,50,0,14,49,42,7,11,0,14,7,11,154,138,11,17,0,14,0,14,0,14,0,14,114,129,29,32,29,32,0,14
1400000US36047042100,"Census Tract 421, Kings County, New York",Brooklyn,4712,592,2357,445,1398,362,386,186,0,14,412,199,0,14,0,14,161,98,17,21,144,99,2355,533,202,219,212,229,0,14,0,14,0,14,1160,535,781,333,706,287,75,75
1400000US36047042200,"Census Tract 422, Kings County, New York",Brooklyn,3163,837,2292,595,1591,526,49,49,0,14,266,164,0,14,364,322,22,33,0,14,22,33,871,647,69,72,0,14,0,14,0,14,0,14,786,650,16,25,16,25,0,14
1400000US36047042300,"Census Tract 423, Kings County, New York",Brooklyn,4523,828,2391,535,1652,443,312,233,0,14,325,205,0,14,24,36,78,67,10,16,68,67,2132,765,49,51,73,83,124,190,0,14,0,14,1325,718,561,242,510,218,51,81
1400000US36047042400,"Census Tract 424, Kings County, New York",Brooklyn,3723,701,3330,711,1392,321,192,178,0,14,1713,637,0,14,0,14,33,53,16,25,17,28,393,216,13,20,0,14,0,14,0,14,10,16,124,120,246,157,246,157,0,14
1400000US36047042500,"Census Tract 425, Kings County, New York",Brooklyn,2709,579,923,278,738,246,167,125,0,14,17,25,0,14,0,14,1,2,0,14,1,2,1786,631,154,124,43,81,45,58,75,86,0,14,1122,613,347,180,253,112,94,88
1400000US36047042600,"Census Tract 426, Kings County, New York",Brooklyn,4528,931,3218,824,1670,789,30,45,0,14,1500,288,0,14,0,14,18,20,9,14,9,14,1310,532,53,54,18,29,0,14,0,14,0,14,1130,541,109,81,109,81,0,14
1400000US36047042700,"Census Tract 427, Kings County, New York",Brooklyn,4098,499,2533,445,1647,364,324,172,36,41,200,130,0,14,0,14,326,161,116,106,210,117,1565,441,162,129,58,89,225,365,0,14,0,14,528,219,592,303,592,303,0,14
1400000US36047042800,"Census Tract 428, Kings County, New York",Brooklyn,3636,591,3321,564,1853,554,79,60,12,31,1141,411,0,14,37,43,199,296,0,14,199,296,315,240,18,31,0,14,0,14,0,14,0,14,234,209,63,66,51,63,12,20
1400000US36047042900,"Census Tract 429, Kings County, New York",Brooklyn,4630,828,2142,470,1103,247,299,206,0,14,298,236,0,14,149,227,293,259,13,22,280,258,2488,865,63,72,0,14,417,271,0,14,0,14,1748,1007,260,282,229,241,31,55
1400000US36047043000,"Census Tract 430, Kings County, New York",Brooklyn,3666,445,3046,403,1652,330,37,53,0,14,1067,306,0,14,0,14,290,286,0,14,290,286,620,316,59,70,0,14,0,14,0,14,0,14,434,270,127,150,118,150,9,16
1400000US36047043100,"Census Tract 431, Kings County, New York",Brooklyn,3864,686,2358,551,1406,433,484,335,0,14,330,191,0,14,0,14,138,111,0,14,138,111,1506,582,110,77,0,14,36,56,0,14,0,14,699,368,661,433,527,428,134,115
1400000US36047043200,"Census Tract 432, Kings County, New York",Brooklyn,3874,630,3493,635,1353,446,6,47,0,14,1969,460,0,14,0,14,165,126,0,14,165,126,381,216,22,26,0,14,14,21,0,14,0,14,184,166,161,239,161,239,0,14
1400000US36047043300,"Census Tract 433, Kings County, New York",Brooklyn,4029,686,1563,408,353,149,758,442,0,14,186,180,0,14,94,143,172,117,121,102,51,52,2466,755,198,150,83,81,0,14,0,14,0,14,1254,782,931,557,757,525,174,146
1400000US36047043400,"Census Tract 434, Kings County, New York",Brooklyn,4095,782,3112,741,1392,403,55,81,0,14,1137,477,0,14,0,14,528,414,86,119,442,406,983,508,13,21,0,14,0,14,0,14,0,14,835,501,135,119,84,92,51,85
1400000US36047043500,"Census Tract 435, Kings County, New York",Brooklyn,4897,670,1984,406,956,437,447,131,0,14,363,289,0,14,46,49,172,166,120,154,52,52,2913,678,285,218,86,90,199,212,0,14,0,14,1654,595,689,276,678,278,11,16
1400000US36047043600,"Census Tract 436, Kings County, New York",Brooklyn,4341,933,3168,591,1546,329,101,92,0,14,1384,505,0,14,44,44,93,142,0,14,93,142,1173,808,66,71,0,14,0,14,44,58,0,14,933,819,130,120,130,120,0,14
1400000US36047043700,"Census Tract 437, Kings County, New York",Brooklyn,5034,1236,1845,445,931,214,569,369,0,19,59,43,0,19,27,42,259,151,60,81,199,118,3189,1199,82,87,227,264,23,111,0,19,0,19,1360,401,1497,1117,950,588,547,826
1400000US36047043800,"Census Tract 438, Kings County, New York",Brooklyn,2530,522,2176,429,1481,358,57,77,93,142,305,285,0,14,0,14,240,195,95,143,145,122,354,422,25,32,10,16,0,14,0,14,0,14,305,428,14,18,5,9,9,15
1400000US36047043900,"Census Tract 439, Kings County, New York",Brooklyn,4172,928,1704,481,324,156,825,386,0,14,491,266,0,14,0,14,64,79,31,50,33,58,2468,825,191,199,30,37,0,14,41,72,0,14,1613,996,593,509,565,527,28,42
1400000US36047044000,"Census Tract 440, Kings County, New York",Brooklyn,2586,430,2258,424,1982,466,8,12,0,14,229,181,0,14,0,14,39,45,6,12,33,44,328,222,19,26,0,14,0,14,0,14,0,14,229,220,80,53,47,39,33,36
1400000US36047044100,"Census Tract 441, Kings County, New York",Brooklyn,4638,1011,1728,463,1069,359,340,210,0,14,255,150,0,14,0,14,64,58,24,35,40,46,2910,1004,234,331,0,14,0,14,0,14,0,14,2156,945,520,395,246,208,274,376
1400000US36047044200,"Census Tract 442, Kings County, New York",Brooklyn,2268,535,2147,539,2048,528,20,7,0,14,15,17,0,14,0,14,64,55,0,14,64,55,121,125,7,10,0,14,82,122,0,14,0,14,0,14,32,34,32,34,0,14
1400000US36047044300,"Census Tract 443, Kings County, New York",Brooklyn,4740,581,3005,558,2323,612,186,160,0,14,326,149,0,14,0,14,170,81,19,31,151,81,1735,552,111,126,0,14,54,85,0,14,0,14,976,483,594,313,557,312,37,40
1400000US36047044400,"Census Tract 444, Kings County, New York",Brooklyn,2677,691,2412,694,2183,736,1,3,0,14,213,198,0,14,15,25,0,14,0,14,0,14,265,201,37,56,0,14,0,14,0,14,0,14,174,192,54,53,38,46,16,26
1400000US36047044500,"Census Tract 445, Kings County, New York",Brooklyn,3944,586,1997,328,1068,277,120,100,0,14,695,249,0,14,0,14,114,99,0,14,114,99,1947,516,84,69,81,102,264,202,0,14,0,14,1044,549,474,211,418,210,56,53
1400000US36047044600,"Census Tract 446, Kings County, New York",Brooklyn,2123,464,1922,427,801,344,26,23,0,14,949,326,0,14,15,23,131,139,104,147,27,28,201,255,37,28,0,14,0,14,0,14,0,14,159,254,5,13,5,13,0,14
1400000US36047044700,"Census Tract 447, Kings County, New York",Brooklyn,2337,287,1493,262,1026,312,220,129,0,14,44,44,0,14,29,45,174,92,101,76,73,69,844,205,26,21,0,14,33,42,0,14,0,14,440,185,345,164,297,151,48,57
1400000US36047044800,"Census Tract 448, Kings County, New York",Brooklyn,1914,236,1783,252,1405,366,36,37,0,14,136,94,0,14,195,204,11,15,0,14,11,15,131,101,15,27,0,14,0,14,0,14,0,14,116,88,0,14,0,14,0,14
1400000US36047044901,"Census Tract 449.01, Kings County, New York",Brooklyn,2715,632,2217,563,734,346,1323,516,74,131,74,83,0,14,0,14,12,28,0,14,12,28,498,197,36,40,0,14,0,14,0,14,0,14,139,135,323,180,323,180,0,14
1400000US36047044902,"Census Tract 449.02, Kings County, New York",Brooklyn,0,14,0,14,0,14,0,14,0,14,0,14,0,14,0,14,0,14,0,14,0,14,0,14,0,14,0,14,0,14,0,14,0,14,0,14,0,14,0,14,0,14
1400000US36047045000,"Census Tract 450, Kings County, New York",Brooklyn,1147,432,1047,418,812,408,5,7,0,14,42,58,0,14,188,220,0,14,0,14,0,14,100,122,0,14,0,14,0,14,0,14,0,14,14,20,86,121,86,121,0,14
1400000US36047045200,"Census Tract 452, Kings County, New York",Brooklyn,2543,584,2505,582,2028,598,84,96,0,14,74,57,0,14,285,201,34,51,0,14,34,51,38,34,0,14,0,14,0,14,0,14,0,14,21,16,17,29,17,29,0,14
1400000US36047045300,"Census Tract 453, Kings County, New York",Brooklyn,1823,200,1241,171,653,168,340,116,12,19,82,56,0,14,0,14,154,95,24,35,130,84,582,178,35,27,12,19,74,101,0,14,0,14,166,109,295,148,215,126,80,67
1400000US36047045400,"Census Tract 454, Kings County, New York",Brooklyn,2075,613,1482,379,916,297,490,319,0,14,42,55,0,14,34,39,0,14,0,14,0,14,593,533,0,14,0,14,0,14,0,14,0,14,593,533,0,14,0,14,0,14
1400000US36047045600,"Census Tract 456, Kings County, New York",Brooklyn,2362,426,1795,250,1123,297,24,25,0,14,646,246,0,14,0,14,2,5,2,5,0,14,567,399,54,86,0,14,0,14,0,14,0,14,498,396,15,24,15,24,0,14
1400000US36047045800,"Census Tract 458, Kings County, New York",Brooklyn,1373,283,1373,283,1313,281,18,29,0,14,7,11,0,14,26,40,9,16,9,16,0,14,0,14,0,14,0,14,0,14,0,14,0,14,0,14,0,14,0,14,0,14
1400000US36047046000,"Census Tract 460, Kings County, New York",Brooklyn,2997,525,2457,471,987,294,131,106,0,14,1102,423,0,14,37,59,200,126,28,32,172,125,540,289,98,92,0,14,55,85,0,14,0,14,87,91,300,210,161,130,139,186
1400000US36047046201,"Census Tract 462.01, Kings County, New York",Brooklyn,2311,467,1790,368,1266,343,1,2,0,14,476,284,0,14,0,14,47,116,0,14,47,116,521,637,68,78,0,14,27,41,0,14,0,14,426,631,0,14,0,14,0,14
1400000US36047046202,"Census Tract 462.02, Kings County, New York",Brooklyn,1914,380,1824,376,1437,394,0,14,0,14,292,159,0,14,0,14,95,131,95,131,0,14,90,90,79,87,0,14,0,14,0,14,0,14,11,19,0,14,0,14,0,14
1400000US36047046400,"Census Tract 464, Kings County, New York",Brooklyn,3327,669,3236,674,3119,685,6,10,0,14,62,66,0,14,41,61,8,12,0,14,8,12,91,74,0,14,0,14,0,14,0,14,0,14,66,63,25,42,25,42,0,14
1400000US36047046800,"Census Tract 468, Kings County, New York",Brooklyn,1826,504,1823,505,1718,547,6,8,0,14,99,98,0,14,0,14,0,14,0,14,0,14,3,6,0,14,0,14,0,14,0,14,0,14,0,14,3,6,3,6,0,14
1400000US36047047000,"Census Tract 470, Kings County, New York",Brooklyn,2629,431,2627,431,2299,439,0,14,0,14,0,14,0,14,225,263,103,97,0,14,103,97,2,4,0,14,0,14,0,14,0,14,0,14,0,14,2,4,2,4,0,14
1400000US36047047200,"Census Tract 472, Kings County, New York",Brooklyn,2840,665,2811,665,2600,661,24,17,0,14,0,14,0,14,162,174,25,30,12,17,13,25,29,36,6,10,0,14,0,14,0,14,0,14,0,14,23,35,23,35,0,14
1400000US36047047400,"Census Tract 474, Kings County, New York",Brooklyn,3211,662,3116,691,2695,710,91,151,0,14,20,33,0,14,158,154,152,157,0,14,152,157,95,156,0,14,0,14,0,14,0,14,0,14,95,156,0,14,0,14,0,14
1400000US36047047600,"Census Tract 476, Kings County, New York",Brooklyn,3865,847,3840,846,3468,857,141,156,0,14,63,69,0,14,168,250,0,14,0,14,0,14,25,24,0,14,0,14,0,14,0,14,0,14,0,14,25,24,11,16,14,25
1400000US36047047700,"Census Tract 477, Kings County, New York",Brooklyn,3918,522,3566,430,3017,454,19,31,0,14,298,145,0,14,26,30,206,122,25,30,181,113,352,252,0,14,0,14,0,14,0,14,0,14,97,111,255,228,255,228,0,14
1400000US36047047800,"Census Tract 478, Kings County, New York",Brooklyn,5251,1102,4539,1154,3879,1147,117,145,0,19,345,164,0,19,91,109,107,165,53,137,54,85,712,418,15,25,0,19,0,19,22,21,0,19,504,405,171,196,171,196,0,19
1400000US36047048000,"Census Tract 480, Kings County, New York",Brooklyn,3863,733,3057,716,1767,859,21,48,63,85,945,465,0,14,0,14,261,379,0,14,261,379,806,618,24,39,0,14,313,421,0,14,0,14,382,322,87,110,87,110,0,14
1400000US36047048100,"Census Tract 481, Kings County, New York",Brooklyn,3010,824,1916,183,1326,234,234,120,0,14,217,138,0,14,1,11,138,94,100,102,38,35,1094,812,77,69,0,14,31,36,0,14,0,14,671,809,315,173,303,169,12,20
1400000US36047048200,"Census Tract 482, Kings County, New York",Brooklyn,5580,1078,4502,745,1894,634,232,192,0,19,1970,666,0,19,16,30,390,301,0,19,390,301,1078,578,342,402,6,29,37,56,0,19,0,19,602,397,91,142,91,142,0,19
1400000US36047048400,"Census Tract 484, Kings County, New York",Brooklyn,4912,1239,4169,1251,2735,1274,678,537,0,14,637,296,0,14,0,14,119,93,19,25,100,89,743,277,77,84,0,14,0,14,0,14,0,14,470,394,196,163,196,163,0,14
1400000US36047048500,"Census Tract 485, Kings County, New York",Brooklyn,2369,308,1758,333,1263,326,222,177,0,14,206,128,0,14,8,15,59,49,0,14,59,49,611,197,174,110,72,80,62,100,0,14,0,14,49,32,254,112,220,112,34,38
1400000US36047048600,"Census Tract 486, Kings County, New York",Brooklyn,3189,1057,2548,936,388,227,678,909,20,36,1399,330,0,14,0,14,63,73,0,14,63,73,641,288,31,42,0,14,226,180,24,38,0,14,222,143,138,103,100,89,38,52
1400000US36047048800,"Census Tract 488, Kings County, New York",Brooklyn,4933,831,4621,840,2680,659,324,277,0,14,859,371,0,14,198,233,560,430,378,413,182,82,312,152,190,133,0,14,0,14,10,15,0,14,65,51,47,58,47,58,0,14
1400000US36047048900,"Census Tract 489, Kings County, New York",Brooklyn,3597,961,1674,630,0,14,1662,630,0,14,12,22,0,14,0,14,0,14,0,14,0,14,1923,745,596,515,156,132,19,23,0,14,0,14,880,577,272,163,155,104,117,149
1400000US36047049000,"Census Tract 490, Kings County, New York",Brooklyn,5371,876,4281,807,1513,417,216,179,0,19,2262,771,0,19,0,19,290,231,0,19,290,231,1090,764,183,158,1,3,0,19,0,19,0,19,754,710,152,116,126,90,26,43
1400000US36047049100,"Census Tract 491, Kings County, New York",Brooklyn,6213,1122,4593,1149,1463,1079,1167,504,0,19,1873,572,0,19,0,19,90,110,66,105,24,38,1620,628,414,501,0,19,157,246,0,19,0,19,755,398,294,206,294,206,0,19
1400000US36047049200,"Census Tract 492, Kings County, New York",Brooklyn,3115,568,2167,391,1007,376,412,210,0,14,611,170,0,14,22,34,115,106,87,96,28,43,948,470,0,14,0,14,0,14,0,14,0,14,229,135,719,483,264,220,455,455
1400000US36047049301,"Census Tract 493.01, Kings County, New York",Brooklyn,1941,525,701,313,0,14,653,322,0,14,7,12,0,14,14,22,27,51,27,51,0,14,1240,505,179,101,172,141,46,60,0,14,0,14,574,310,269,224,243,220,26,45
1400000US36047049302,"Census Tract 493.02, Kings County, New York",Brooklyn,4714,615,2148,381,1331,295,231,90,0,14,342,246,0,14,0,14,244,181,0,14,244,181,2566,550,290,187,100,116,0,14,0,14,0,14,1275,507,901,389,834,381,67,103
1400000US36047049400,"Census Tract 494, Kings County, New York",Brooklyn,5710,854,4724,960,2506,656,509,232,0,19,1110,831,0,19,48,74,551,310,257,262,294,166,986,640,343,471,33,51,0,19,0,19,0,19,346,343,264,253,94,79,170,244
1400000US36047049500,"Census Tract 495, Kings County, New York",Brooklyn,3284,481,2229,430,1793,451,122,152,0,14,186,76,0,14,0,14,128,104,0,14,128,104,1055,439,79,44,63,102,4,15,0,14,0,14,532,370,377,224,353,219,24,40
1400000US36047049600,"Census Tract 496, Kings County, New York",Brooklyn,4225,562,3315,540,1632,440,90,88,0,14,1544,497,0,14,0,14,49,40,0,14,49,40,910,314,134,152,0,14,43,76,53,48,0,14,431,255,249,147,238,146,11,18
1400000US36047049700,"Census Tract 497, Kings County, New York",Brooklyn,3361,428,2864,406,2284,355,126,99,0,14,291,214,0,14,64,100,99,83,16,24,83,80,497,186,127,78,0,14,0,14,0,14,0,14,11,19,359,162,250,160,109,114
1400000US36047049800,"Census Tract 498, Kings County, New York",Brooklyn,3950,612,3465,639,1100,332,283,241,0,14,1715,711,0,14,0,14,367,162,46,41,321,163,485,298,42,42,0,14,43,51,0,14,0,14,38,58,362,266,218,180,144,148
1400000US36047049900,"Census Tract 499, Kings County, New York",Brooklyn,2480,409,2383,391,1901,314,62,58,0,14,95,64,0,14,60,69,265,264,8,13,257,263,97,90,0,14,14,23,0,14,0,14,0,14,29,42,54,52,54,52,0,14
1400000US36047050001,"Census Tract 500.01, Kings County, New York",Brooklyn,2282,399,2045,407,1522,365,174,119,0,14,140,105,0,14,102,114,107,64,30,26,77,49,237,111,24,22,8,13,28,43,8,12,0,14,40,53,129,90,83,84,46,47
1400000US36047050002,"Census Tract 500.02, Kings County, New York",Brooklyn,1548,355,1205,380,843,209,61,77,0,14,94,55,0,14,0,14,207,187,13,21,194,184,343,168,37,36,0,14,0,14,0,14,0,14,53,39,253,157,213,151,40,36
1400000US36047050100,"Census Tract 501, Kings County, New York",Brooklyn,3089,513,2441,462,1856,483,28,33,0,14,241,171,0,14,138,148,178,122,0,14,178,122,648,235,53,43,0,14,0,14,0,14,0,14,309,180,286,167,247,165,39,51
1400000US36047050202,"Census Tract 502.02, Kings County, New York",Brooklyn,2413,390,2099,329,1613,281,83,103,0,14,196,155,0,14,0,14,207,134,17,22,190,133,314,229,146,201,0,14,0,14,13,20,0,14,62,55,93,77,93,77,0,14
1400000US36047050300,"Census Tract 503, Kings County, New York",Brooklyn,2803,582,2287,555,1723,535,32,40,13,19,401,279,0,14,14,21,104,78,0,14,104,78,516,269,67,61,50,77,18,20,26,40,0,14,251,207,104,83,104,83,0,14
1400000US36047050401,"Census Tract 504.01, Kings County, New York",Brooklyn,2518,381,2146,362,1701,377,34,46,0,14,108,69,0,14,0,14,303,179,131,111,172,106,372,235,7,13,0,14,0,14,0,14,0,14,200,193,165,142,165,142,0,14
1400000US36047050402,"Census Tract 504.02, Kings County, New York",Brooklyn,1950,704,1817,706,1013,350,383,392,0,14,279,182,0,14,18,25,124,73,45,58,79,56,133,123,29,35,0,14,0,14,0,14,0,14,79,112,25,36,17,24,8,12
1400000US36047050500,"Census Tract 505, Kings County, New York",Brooklyn,4121,849,1913,494,640,226,593,366,0,14,293,250,54,82,40,67,293,251,131,118,162,150,2208,650,252,158,426,602,33,45,0,14,0,14,861,441,636,322,589,324,47,59
1400000US36047050600,"Census Tract 506, Kings County, New York",Brooklyn,5233,1153,4128,1127,1026,210,1734,662,0,19,925,810,0,19,153,171,290,114,106,49,184,111,1105,408,46,46,0,19,13,21,0,19,0,19,485,222,561,389,540,389,21,26
1400000US36047050700,"Census Tract 507, Kings County, New York",Brooklyn,4369,738,4057,750,4002,754,27,77,0,14,12,13,0,14,0,14,16,24,0,14,16,24,312,125,35,38,0,14,0,14,24,36,0,14,95,66,158,118,158,118,0,14
1400000US36047050801,"Census Tract 508.01, Kings County, New York",Brooklyn,3910,665,2770,671,421,163,1983,668,0,14,149,92,0,14,0,14,217,157,67,67,150,142,1140,442,63,59,19,31,0,14,0,14,0,14,458,297,600,374,585,374,15,23
1400000US36047050803,"Census Tract 508.03, Kings County, New York",Brooklyn,2282,470,1718,318,462,120,1102,331,0,14,33,34,0,14,65,61,56,51,32,37,24,24,564,380,139,159,29,33,54,75,0,14,0,14,85,78,257,310,245,309,12,18
1400000US36047050804,"Census Tract 508.04, Kings County, New York",Brooklyn,6637,1019,5598,1068,2027,722,2907,901,0,19,286,216,0,19,29,46,349,177,89,88,260,204,1039,278,38,55,203,211,36,61,0,19,0,19,513,273,249,122,192,116,57,54
1400000US36047050900,"Census Tract 509, Kings County, New York",Brooklyn,5206,1250,4445,1296,4121,1347,0,19,0,19,11,19,0,19,249,284,64,54,10,18,54,51,761,561,0,19,0,19,0,19,0,19,0,19,761,561,0,19,0,19,0,19
1400000US36047051001,"Census Tract 510.01, Kings County, New York",Brooklyn,4488,1017,3890,1012,348,124,3133,995,0,14,208,215,0,14,0,14,201,120,78,87,123,83,598,305,52,66,30,36,24,25,0,14,0,14,442,279,50,51,50,51,0,14
1400000US36047051002,"Census Tract 510.02, Kings County, New York",Brooklyn,3675,470,3062,449,597,149,1952,405,0,14,151,109,0,14,0,14,362,184,261,180,101,80,613,352,0,14,0,14,125,200,0,14,0,14,364,295,124,81,124,81,0,14
1400000US36047051100,"Census Tract 511, Kings County, New York",Brooklyn,3817,578,2339,474,1465,481,63,78,0,14,738,205,0,14,0,14,73,71,56,66,17,26,1478,309,244,200,42,47,20,97,0,14,0,14,718,268,454,220,389,211,65,73
1400000US36047051200,"Census Tract 512, Kings County, New York",Brooklyn,6227,1128,5065,1054,1070,365,3284,1018,0,19,340,297,0,19,0,19,371,222,160,167,211,148,1162,551,0,19,205,203,194,298,0,19,0,19,548,306,215,192,215,192,0,19
1400000US36047051300,"Census Tract 513, Kings County, New York",Brooklyn,5970,803,3740,643,2525,561,205,141,0,19,531,202,0,19,80,83,399,264,0,19,399,264,2230,656,252,254,174,284,80,120,0,19,0,19,990,459,734,339,734,339,0,19
1400000US36047051400,"Census Tract 514, Kings County, New York",Brooklyn,7213,888,4952,957,1123,365,3238,922,15,23,352,147,0,19,29,44,195,99,71,71,124,83,2261,472,83,69,105,106,225,251,55,91,0,19,1413,619,380,269,380,269,0,19
1400000US36047051500,"Census Tract 515, Kings County, New York",Brooklyn,2891,411,2596,446,1859,417,119,85,0,14,413,224,0,14,45,51,160,75,91,69,69,38,295,146,35,4,16,25,0,14,0,14,0,14,41,56,203,136,140,120,63,63
1400000US36047051601,"Census Tract 516.01, Kings County, New York",Brooklyn,4936,693,4025,626,602,254,2678,603,2,5,482,361,15,31,34,50,212,124,133,107,79,64,911,331,56,83,9,14,67,103,0,14,0,14,398,304,381,178,381,178,0,14
1400000US36047051602,"Census Tract 516.02, Kings County, New York",Brooklyn,3477,671,2661,564,424,360,2124,679,0,14,57,55,0,14,0,14,56,48,6,12,50,42,816,428,7,16,36,36,0,14,0,14,0,14,522,406,251,188,211,140,40,70
1400000US36047051700,"Census Tract 517, Kings County, New York",Brooklyn,3087,499,2552,394,1793,322,86,77,0,14,231,109,0,14,38,42,404,191,43,50,361,189,535,316,114,105,0,14,0,14,0,14,0,14,199,264,222,138,211,140,11,19
1400000US36047051800,"Census Tract 518, Kings County, New York",Brooklyn,3391,486,2911,463,1020,214,1181,381,0,14,282,137,0,14,0,14,428,249,102,125,326,205,480,237,120,174,25,40,0,14,0,14,0,14,193,162,142,101,48,42,94,89
1400000US36047051900,"Census Tract 519, Kings County, New York",Brooklyn,6051,798,5055,755,3395,555,277,365,0,19,1103,637,0,19,0,19,280,176,44,52,236,175,996,342,0,19,0,19,0,19,61,71,0,19,492,215,443,321,443,321,0,19
1400000US36047052000,"Census Tract 520, Kings County, New York",Brooklyn,3511,735,3113,740,1363,344,694,605,0,14,702,217,0,14,90,82,264,208,30,38,234,203,398,191,62,40,0,14,0,14,0,14,0,14,132,88,204,176,204,176,0,14
1400000US36047052300,"Census Tract 523, Kings County, New York",Brooklyn,5077,686,2567,606,1814,468,196,220,0,19,251,136,0,19,19,31,287,247,118,165,169,158,2510,583,230,178,170,138,34,56,0,19,0,19,1492,509,584,346,584,346,0,19
1400000US36047052500,"Census Tract 525, Kings County, New York",Brooklyn,3321,734,2437,761,2059,751,0,14,0,14,267,165,0,14,0,14,111,164,111,164,0,14,884,382,70,92,0,14,0,14,0,14,0,14,520,336,294,171,294,171,0,14
1400000US36047052600,"Census Tract 526, Kings County, New York",Brooklyn,3938,544,3161,585,1681,370,729,252,0,14,608,194,0,14,0,14,143,117,2,4,141,117,777,320,11,18,70,107,0,14,0,14,0,14,514,288,182,112,147,94,35,41
1400000US36047052700,"Census Tract 527, Kings County, New York",Brooklyn,5553,841,2210,683,1417,341,67,66,0,19,643,673,0,19,0,19,83,83,20,40,63,76,3343,640,560,418,185,160,35,61,94,141,0,19,1627,692,842,467,728,423,114,133
1400000US36047052800,"Census Tract 528, Kings County, New York",Brooklyn,1764,249,1659,248,860,211,75,70,0,14,606,211,0,14,59,62,59,42,25,25,34,31,105,88,8,11,10,14,13,25,0,14,0,14,13,20,61,64,61,64,0,14
1400000US36047052900,"Census Tract 529, Kings County, New York",Brooklyn,3723,1268,3312,1238,2642,1515,28,53,0,14,250,348,0,14,372,360,20,34,20,34,0,14,411,345,21,37,0,14,0,14,0,14,0,14,283,244,107,114,107,114,0,14
1400000US36047053000,"Census Tract 530, Kings County, New York",Brooklyn,3329,736,3167,754,1791,491,161,113,0,14,895,372,24,48,33,42,263,272,0,14,263,272,162,105,21,22,9,13,0,14,0,14,0,14,80,91,52,40,52,40,0,14
1400000US36047053101,"Census Tract 531.01, Kings County, New York",Brooklyn,3020,621,2961,622,2892,640,27,34,0,14,42,67,0,14,0,14,0,14,0,14,0,14,59,6,0,14,12,2,0,14,0,14,0,14,11,4,36,3,36,3,0,14
1400000US36047053102,"Census Tract 531.02, Kings County, New York",Brooklyn,7846,1697,7814,1701,7634,1740,0,19,0,19,0,19,0,19,0,19,180,306,180,306,0,19,32,48,0,19,32,48,0,19,0,19,0,19,0,19,0,19,0,19,0,19
1400000US36047053200,"Census Tract 532, Kings County, New York",Brooklyn,2280,343,2028,302,995,294,176,116,6,8,408,178,0,14,282,201,161,157,147,157,14,14,252,159,148,171,8,12,0,14,8,12,0,14,8,13,80,63,80,63,0,14
1400000US36047053300,"Census Tract 533, Kings County, New York",Brooklyn,6551,1223,6291,1214,6136,1204,10,6,0,19,143,218,0,19,0,19,2,5,0,19,2,5,260,228,122,114,0,19,0,19,0,19,0,19,40,68,98,130,98,130,0,19
1400000US36047053400,"Census Tract 534, Kings County, New York",Brooklyn,4620,711,4504,718,2388,700,504,281,0,14,1214,519,0,14,346,367,52,63,20,37,32,49,116,88,0,14,0,14,0,14,25,41,0,14,81,87,10,24,10,24,0,14
1400000US36047053500,"Census Tract 535, Kings County, New York",Brooklyn,4611,1305,4152,1446,3870,1541,0,14,0,14,0,14,0,14,218,258,64,69,64,69,0,14,459,371,0,14,0,14,206,296,0,14,0,14,211,256,42,72,42,72,0,14
1400000US36047053700,"Census Tract 537, Kings County, New York",Brooklyn,4803,824,4797,824,4672,826,88,44,0,14,37,17,0,14,0,14,0,14,0,14,0,14,6,10,0,14,0,14,0,14,0,14,0,14,0,14,6,10,6,10,0,14
1400000US36047053800,"Census Tract 538, Kings County, New York",Brooklyn,5186,988,4711,916,3186,778,774,423,0,19,457,314,0,19,0,19,294,311,83,121,211,255,475,333,0,19,24,38,95,146,0,19,0,19,317,303,39,65,39,65,0,19
1400000US36047053900,"Census Tract 539, Kings County, New York",Brooklyn,2470,335,2029,321,1781,357,105,77,0,14,143,175,0,14,0,14,0,14,0,14,0,14,441,215,92,97,0,14,0,14,4,6,0,14,297,189,48,69,47,69,1,2
1400000US36047054200,"Census Tract 542, Kings County, New York",Brooklyn,4061,706,3352,556,2413,513,178,111,0,14,289,192,0,14,11,17,461,285,13,21,448,285,709,488,222,340,0,14,0,14,0,14,0,14,465,362,22,24,22,24,0,14
1400000US36047054300,"Census Tract 543, Kings County, New York",Brooklyn,0,14,0,14,0,14,0,14,0,14,0,14,0,14,0,14,0,14,0,14,0,14,0,14,0,14,0,14,0,14,0,14,0,14,0,14,0,14,0,14,0,14
1400000US36047054400,"Census Tract 544, Kings County, New York",Brooklyn,3544,527,3534,527,2839,513,0,14,0,14,675,295,0,14,0,14,20,29,0,14,20,29,10,16,0,14,0,14,0,14,0,14,0,14,10,16,0,14,0,14,0,14
1400000US36047054500,"Census Tract 545, Kings County, New York",Brooklyn,8349,1896,7060,1867,2971,1904,3996,1046,0,19,21,39,0,19,66,110,6,9,0,19,6,9,1289,631,0,19,95,141,118,184,0,19,0,19,849,618,227,103,227,103,0,19
1400000US36047054600,"Census Tract 546, Kings County, New York",Brooklyn,5373,739,4992,747,3123,665,364,223,0,19,801,542,1,4,185,286,518,415,41,63,477,416,381,274,39,66,24,39,0,19,0,19,0,19,115,170,203,206,203,206,0,19
1400000US36047054700,"Census Tract 547, Kings County, New York",Brooklyn,9666,1443,8674,1466,7240,1494,472,264,0,19,495,322,0,19,72,85,395,220,133,128,262,173,992,535,9,15,0,19,26,41,0,19,0,19,308,104,649,532,437,415,212,321
1400000US36047054800,"Census Tract 548, Kings County, New York",Brooklyn,2304,419,2266,420,1952,432,161,160,0,14,108,100,0,14,36,46,9,13,9,13,0,14,38,26,9,16,7,12,0,14,0,14,0,14,13,16,9,9,6,8,3,6
1400000US36047054900,"Census Tract 549, Kings County, New York",Brooklyn,4530,858,3781,841,3177,837,0,14,45,59,302,140,0,14,0,14,257,139,59,57,198,118,749,294,270,237,0,14,0,14,30,48,0,14,212,130,237,117,211,112,26,39
1400000US36047055000,"Census Tract 550, Kings County, New York",Brooklyn,3408,528,2876,387,2144,404,125,129,0,14,378,166,0,14,0,14,229,134,0,14,229,134,532,311,160,136,72,107,0,14,0,14,0,14,141,162,159,141,146,136,13,21
1400000US36047055100,"Census Tract 551, Kings County, New York",Brooklyn,6185,673,4393,493,3149,494,276,220,0,19,471,241,0,19,0,19,497,286,91,136,406,250,1792,574,115,98,73,81,21,34,0,19,0,19,834,538,749,343,670,331,79,83
1400000US36047055200,"Census Tract 552, Kings County, New York",Brooklyn,3359,522,3159,524,2248,358,17,27,86,94,657,380,0,14,2,5,149,97,19,33,130,88,200,150,2,3,0,14,0,14,0,14,0,14,153,142,45,36,29,27,16,26
1400000US36047055300,"Census Tract 553, Kings County, New York",Brooklyn,3605,676,2376,324,1875,284,70,44,0,14,257,111,0,14,16,35,158,113,0,14,158,113,1229,679,116,97,0,14,0,14,0,14,0,14,940,654,173,131,162,129,11,18
1400000US36047055400,"Census Tract 554, Kings County, New York",Brooklyn,3989,619,3364,587,2418,459,67,73,0,14,679,320,0,14,0,14,200,191,0,14,200,191,625,315,38,40,26,37,0,14,55,89,0,14,165,142,341,259,341,259,0,14
1400000US36047055500,"Census Tract 555, Kings County, New York",Brooklyn,8974,1157,7210,954,5152,746,175,149,0,19,716,271,0,19,436,524,731,397,0,19,731,397,1764,695,315,299,247,340,0,19,0,19,0,19,632,451,570,316,527,315,43,49
1400000US36047055600,"Census Tract 556, Kings County, New York",Brooklyn,3353,570,3258,562,2575,610,115,91,0,14,362,242,0,14,12,22,194,182,0,14,194,182,95,77,25,26,0,14,0,14,0,14,0,14,9,20,61,62,53,60,8,18
1400000US36047055700,"Census Tract 557, Kings County, New York",Brooklyn,1702,375,1396,266,1174,292,0,14,0,14,126,65,0,14,14,22,82,54,6,9,76,54,306,304,65,97,0,14,0,14,0,14,0,14,34,58,207,222,207,222,0,14
1400000US36047055800,"Census Tract 558, Kings County, New York",Brooklyn,2145,304,2078,298,1471,332,0,14,0,14,424,101,0,14,0,14,183,156,0,14,183,156,67,86,8,12,0,14,0,14,0,14,0,14,34,49,25,36,25,36,0,14
1400000US36047056000,"Census Tract 560, Kings County, New York",Brooklyn,3477,559,3168,560,2124,524,228,184,0,14,505,289,0,14,0,14,311,235,0,14,311,235,309,225,30,37,88,134,0,14,0,14,0,14,110,151,81,89,70,74,11,20
1400000US36047056100,"Census Tract 561, Kings County, New York",Brooklyn,3698,554,2997,426,2459,352,90,41,0,14,161,84,0,14,54,50,233,161,0,14,233,161,701,291,107,83,0,14,0,14,0,14,0,14,161,106,433,242,344,204,89,95
1400000US36047056200,"Census Tract 562, Kings County, New York",Brooklyn,1779,379,1779,379,1534,373,0,14,0,14,177,95,0,14,5,9,63,77,0,14,63,77,0,14,0,14,0,14,0,14,0,14,0,14,0,14,0,14,0,14,0,14
1400000US36047056301,"Census Tract 563.01, Kings County, New York",Brooklyn,4688,690,3853,594,3009,504,264,131,0,14,392,177,0,14,22,36,166,150,49,71,117,107,835,217,72,92,9,18,0,14,0,14,0,14,528,227,226,137,226,137,0,14
1400000US36047056302,"Census Tract 563.02, Kings County, New York",Brooklyn,2449,371,1783,263,1117,276,436,215,0,14,169,85,0,14,0,14,61,46,26,31,35,34,666,248,69,61,25,31,0,14,37,56,0,14,139,110,396,237,316,210,80,115
1400000US36047056400,"Census Tract 564, Kings County, New York",Brooklyn,2631,409,2427,387,1637,283,187,155,0,14,492,232,0,14,0,14,111,88,10,16,101,91,204,198,0,14,0,14,0,14,0,14,0,14,128,173,76,88,47,52,29,46
1400000US36047056500,"Census Tract 565, Kings County, New York",Brooklyn,3332,336,3096,395,2591,392,29,32,0,14,221,140,0,14,30,44,225,116,9,14,216,120,236,179,81,123,0,14,0,14,0,14,0,14,4,19,151,104,151,104,0,14
1400000US36047056600,"Census Tract 566, Kings County, New York",Brooklyn,2287,462,2094,489,1003,228,278,155,0,14,718,449,0,14,0,14,95,63,34,35,61,50,193,87,54,58,0,14,0,14,0,14,0,14,89,69,50,26,50,26,0,14
1400000US36047056800,"Census Tract 568, Kings County, New York",Brooklyn,1319,303,1130,271,628,169,0,14,0,14,502,236,0,14,0,14,0,14,0,14,0,14,189,191,60,95,0,14,0,14,0,14,0,14,48,49,81,86,81,86,0,14
1400000US36047056900,"Census Tract 569, Kings County, New York",Brooklyn,1662,206,1483,205,1268,223,15,19,0,14,125,70,0,14,6,8,69,33,8,11,61,31,179,88,17,23,0,14,0,14,0,14,0,14,8,10,154,83,154,83,0,14
1400000US36047057000,"Census Tract 570, Kings County, New York",Brooklyn,3480,429,2856,384,1626,341,205,153,0,14,926,196,0,14,0,14,99,105,0,14,99,105,624,395,129,144,37,38,0,14,5,9,0,14,286,258,167,126,49,36,118,119
1400000US36047057100,"Census Tract 571, Kings County, New York",Brooklyn,3923,542,3585,580,2968,545,3,4,0,14,181,89,0,14,0,14,433,277,102,121,331,242,338,202,71,85,49,79,0,14,0,14,0,14,124,135,94,102,70,73,24,39
1400000US36047057200,"Census Tract 572, Kings County, New York",Brooklyn,5501,930,4180,992,832,600,2984,749,0,19,280,198,0,19,0,19,84,64,0,19,84,64,1321,323,176,197,160,168,0,19,0,19,0,19,502,389,483,289,413,273,70,115
1400000US36047057300,"Census Tract 573, Kings County, New York",Brooklyn,2720,448,2545,462,2057,347,149,199,0,14,157,77,0,14,31,43,151,150,11,19,140,143,175,120,77,87,13,20,0,14,0,14,0,14,0,14,85,73,85,73,0,14
1400000US36047057400,"Census Tract 574, Kings County, New York",Brooklyn,2647,374,2625,376,1033,228,3,5,0,14,1542,377,0,14,2,4,45,56,45,56,0,14,22,28,19,27,0,14,0,14,0,14,0,14,0,14,3,7,3,7,0,14
1400000US36047057500,"Census Tract 575, Kings County, New York",Brooklyn,4596,661,3486,712,2429,531,200,162,0,14,285,170,0,14,17,29,555,354,253,267,302,231,1110,400,121,124,0,14,156,204,0,14,0,14,394,355,439,294,439,294,0,14
1400000US36047057600,"Census Tract 576, Kings County, New York",Brooklyn,2649,525,2490,503,1038,432,0,14,0,14,1444,435,0,14,0,14,8,13,0,14,8,13,159,186,0,14,0,14,0,14,0,14,0,14,21,32,138,182,138,182,0,14
1400000US36047057800,"Census Tract 578, Kings County, New York",Brooklyn,2923,357,2722,297,1513,328,70,86,0,14,1005,268,0,14,21,33,113,114,0,14,113,114,201,191,90,147,28,55,0,14,0,14,0,14,70,100,13,25,13,25,0,14
1400000US36047057901,"Census Tract 579.01, Kings County, New York",Brooklyn,1512,230,1176,245,768,242,164,73,0,14,140,68,0,14,24,29,80,47,30,31,50,41,336,111,61,44,8,12,8,12,0,14,0,14,88,60,171,67,159,65,12,17
1400000US36047057902,"Census Tract 579.02, Kings County, New York",Brooklyn,0,14,0,14,0,14,0,14,0,14,0,14,0,14,0,14,0,14,0,14,0,14,0,14,0,14,0,14,0,14,0,14,0,14,0,14,0,14,0,14,0,14
1400000US36047058000,"Census Tract 580, Kings County, New York",Brooklyn,3008,650,2669,642,1406,551,23,39,0,14,976,257,0,14,0,14,264,264,155,237,109,122,339,238,40,48,0,14,0,14,0,14,0,14,156,204,143,131,143,131,0,14
1400000US36047058200,"Census Tract 582, Kings County, New York",Brooklyn,2585,878,1967,467,1068,494,18,28,32,52,451,159,0,14,17,28,381,245,0,14,381,245,618,732,43,58,9,16,0,14,0,14,0,14,472,747,94,118,25,31,69,112
1400000US36047058400,"Census Tract 584, Kings County, New York",Brooklyn,3588,565,3450,551,2376,584,190,164,0,14,788,353,0,14,0,14,96,139,6,12,90,139,138,117,22,25,37,56,0,14,0,14,0,14,0,14,79,96,79,96,0,14
1400000US36047058600,"Census Tract 586, Kings County, New York",Brooklyn,2264,427,2205,429,811,362,243,236,0,14,1126,287,0,14,8,12,17,25,17,25,0,14,59,41,17,17,0,14,0,14,0,14,0,14,25,27,17,26,17,26,0,14
1400000US36047058800,"Census Tract 588, Kings County, New York",Brooklyn,3539,602,3362,599,2431,592,121,150,0,14,652,305,0,14,32,52,126,197,0,14,126,197,177,154,14,16,0,14,0,14,0,14,0,14,98,120,65,93,65,93,0,14
1400000US36047058901,"Census Tract 589.01, Kings County, New York",Brooklyn,2103,258,1956,269,1759,272,22,23,0,14,55,48,0,14,22,25,98,62,44,45,54,49,147,99,47,48,0,14,2,4,10,16,0,14,10,16,78,62,78,62,0,14
1400000US36047058902,"Census Tract 589.02, Kings County, New York",Brooklyn,0,14,0,14,0,14,0,14,0,14,0,14,0,14,0,14,0,14,0,14,0,14,0,14,0,14,0,14,0,14,0,14,0,14,0,14,0,14,0,14,0,14
1400000US36047059000,"Census Tract 590, Kings County, New York",Brooklyn,1903,348,1488,269,655,199,49,62,0,14,770,204,0,14,0,14,14,13,9,12,5,6,415,267,40,56,0,14,0,14,0,14,0,14,333,273,42,42,42,42,0,14
1400000US36047059100,"Census Tract 591, Kings County, New York",Brooklyn,3952,482,3421,495,2873,482,67,67,0,14,130,70,0,14,0,14,351,154,124,113,227,125,531,250,69,81,0,14,0,14,0,14,0,14,145,94,317,196,307,194,10,15
1400000US36047059200,"Census Tract 592, Kings County, New York",Brooklyn,3747,633,3593,636,2258,660,31,51,0,14,1018,230,0,14,0,14,286,135,0,14,286,135,154,123,76,109,0,14,0,14,0,14,0,14,10,15,68,58,68,58,0,14
1400000US36047059300,"Census Tract 593, Kings County, New York",Brooklyn,2669,337,2183,401,1705,341,97,111,0,14,58,47,0,14,69,103,254,126,92,87,162,109,486,244,85,69,44,50,18,27,0,14,0,14,172,177,167,167,154,164,13,26
1400000US36047059402,"Census Tract 594.02, Kings County, New York",Brooklyn,5713,728,5472,751,4109,756,70,89,0,19,1230,495,0,19,63,102,0,19,0,19,0,19,241,248,56,66,0,19,0,19,0,19,0,19,185,230,0,19,0,19,0,19
1400000US36047059403,"Census Tract 594.03, Kings County, New York",Brooklyn,3062,560,3008,538,1556,470,75,115,0,14,1189,382,0,14,69,119,119,131,0,14,119,131,54,66,0,14,0,14,0,14,0,14,0,14,54,66,0,14,0,14,0,14
1400000US36047059404,"Census Tract 594.04, Kings County, New York",Brooklyn,3934,610,3283,642,1972,645,2,3,0,14,1224,471,0,14,0,14,85,86,0,14,85,86,651,383,34,58,0,14,0,14,50,56,0,14,233,268,334,414,334,414,0,14
1400000US36047059600,"Census Tract 596, Kings County, New York",Brooklyn,2261,411,2197,421,1740,429,0,14,0,14,406,183,0,14,22,35,29,39,0,14,29,39,64,71,11,16,0,14,0,14,0,14,0,14,53,69,0,14,0,14,0,14
1400000US36047059800,"Census Tract 598, Kings County, New York",Brooklyn,3212,1045,2906,1011,2107,971,147,118,0,14,319,126,0,14,2,4,331,419,0,14,331,419,306,253,0,14,0,14,0,14,180,252,0,14,30,40,96,90,96,90,0,14
1400000US36047060000,"Census Tract 600, Kings County, New York",Brooklyn,6451,894,5915,864,5042,796,19,24,0,19,585,365,0,19,0,19,269,272,0,19,269,272,536,581,432,574,0,19,0,19,0,19,0,19,38,45,66,80,37,45,29,49
1400000US36047060600,"Census Tract 606, Kings County, New York",Brooklyn,2792,402,2519,408,1843,408,23,26,0,14,420,163,0,14,20,36,213,193,11,16,202,191,273,267,31,52,0,14,0,14,0,14,0,14,30,66,212,252,185,248,27,35
1400000US36047060800,"Census Tract 608, Kings County, New York",Brooklyn,3549,472,3321,385,2324,442,130,106,54,91,518,233,0,14,18,31,277,168,44,42,233,161,228,180,0,14,70,83,0,14,0,14,0,14,11,18,147,158,115,156,32,45
1400000US36047061002,"Census Tract 610.02, Kings County, New York",Brooklyn,4696,955,4696,955,4499,946,0,14,0,14,109,96,0,14,16,25,72,75,56,70,16,29,0,14,0,14,0,14,0,14,0,14,0,14,0,14,0,14,0,14,0,14
1400000US36047061003,"Census Tract 610.03, Kings County, New York",Brooklyn,2038,334,1106,273,525,153,67,53,0,14,514,222,0,14,0,14,0,14,0,14,0,14,932,264,17,18,0,14,0,14,0,14,0,14,392,240,523,179,523,179,0,14
1400000US36047061004,"Census Tract 610.04, Kings County, New York",Brooklyn,5278,725,5062,729,4292,740,56,99,0,19,321,274,0,19,7,12,386,256,0,19,386,256,216,175,21,35,0,19,0,19,0,19,0,19,166,158,29,32,29,32,0,19
1400000US36047061200,"Census Tract 612, Kings County, New York",Brooklyn,1118,150,1029,131,953,129,16,27,0,14,9,14,0,14,20,27,31,32,15,17,16,28,89,79,25,28,0,14,0,14,0,14,0,14,12,17,52,69,52,69,0,14
1400000US36047061600,"Census Tract 616, Kings County, New York",Brooklyn,1626,185,1605,188,1362,215,64,56,7,12,0,14,7,14,162,157,3,9,0,14,3,9,21,28,0,14,0,14,0,14,0,14,0,14,13,24,8,17,8,17,0,14
1400000US36047062000,"Census Tract 620, Kings County, New York",Brooklyn,1516,307,1516,307,1363,353,36,25,0,14,25,24,0,14,0,14,92,86,0,14,92,86,0,14,0,14,0,14,0,14,0,14,0,14,0,14,0,14,0,14,0,14
1400000US36047062200,"Census Tract 622, Kings County, New York",Brooklyn,2822,476,2437,441,1538,360,551,333,0,14,228,210,0,14,0,14,120,85,25,53,95,69,385,216,0,14,0,14,11,17,0,14,0,14,312,219,62,67,62,67,0,14
1400000US36047062600,"Census Tract 626, Kings County, New York",Brooklyn,3046,455,2918,448,1926,405,245,212,0,14,699,277,0,14,8,12,40,47,0,14,40,47,128,85,29,37,0,14,0,14,0,14,0,14,5,6,94,76,94,76,0,14
1400000US36047062800,"Census Tract 628, Kings County, New York",Brooklyn,4838,592,4371,574,3643,624,0,14,0,14,349,174,0,14,187,192,192,121,75,77,117,95,467,199,116,109,0,14,0,14,0,14,0,14,87,78,264,154,251,152,13,21
1400000US36047063200,"Census Tract 632, Kings County, New York",Brooklyn,1409,250,1270,256,996,260,1,4,0,14,267,117,0,14,0,14,6,20,4,6,2,17,139,114,26,34,0,14,0,14,0,14,0,14,15,20,98,94,98,94,0,14
1400000US36047063600,"Census Tract 636, Kings County, New York",Brooklyn,1093,245,984,242,675,238,0,14,0,14,236,159,0,14,17,25,56,40,32,30,24,27,109,80,32,47,12,19,0,14,0,14,0,14,0,14,65,65,15,16,50,66
1400000US36047063800,"Census Tract 638, Kings County, New York",Brooklyn,1882,316,1790,314,1271,276,130,132,0,14,389,187,0,14,0,14,0,14,0,14,0,14,92,50,33,30,20,33,0,14,0,14,0,14,39,45,0,14,0,14,0,14
1400000US36047064000,"Census Tract 640, Kings County, New York",Brooklyn,1327,380,1184,377,1098,367,0,14,0,14,80,76,0,14,0,14,6,9,6,9,0,14,143,128,7,12,0,14,0,14,0,14,0,14,21,27,115,102,115,102,0,14
1400000US36047064200,"Census Tract 642, Kings County, New York",Brooklyn,2379,408,2227,376,1697,369,140,140,0,14,236,104,73,96,12,18,69,101,10,14,59,101,152,156,0,14,0,14,0,14,0,14,0,14,27,29,125,149,28,30,97,144
1400000US36047064400,"Census Tract 644, Kings County, New York",Brooklyn,2182,574,2092,570,1227,304,313,362,0,14,431,207,0,14,0,14,121,111,93,106,28,45,90,77,43,54,0,14,0,14,0,14,0,14,25,40,22,16,22,16,0,14
1400000US36047064600,"Census Tract 646, Kings County, New York",Brooklyn,2154,403,1918,397,1364,255,13,18,0,14,513,395,0,14,0,14,28,49,0,14,28,49,236,160,72,69,0,14,0,14,0,14,0,14,90,120,74,47,51,47,23,38
1400000US36047064800,"Census Tract 648, Kings County, New York",Brooklyn,1828,274,1426,289,1010,277,210,237,0,14,198,127,0,14,8,11,0,14,0,14,0,14,402,235,10,13,0,14,57,82,0,14,0,14,38,45,297,225,288,225,9,13
1400000US36047065000,"Census Tract 650, Kings County, New York",Brooklyn,1286,318,1065,292,418,211,577,177,0,14,46,41,0,14,0,14,24,31,18,29,6,10,221,151,64,86,0,14,0,14,0,14,0,14,109,90,48,29,48,29,0,14
1400000US36047065200,"Census Tract 652, Kings County, New York",Brooklyn,1121,140,1087,138,926,106,30,32,0,14,79,79,0,14,0,14,52,35,10,18,42,29,34,31,0,14,0,14,0,14,0,14,0,14,0,14,34,31,34,31,0,14
1400000US36047065400,"Census Tract 654, Kings County, New York",Brooklyn,1654,300,1605,298,1143,207,0,14,0,14,417,255,0,14,0,14,45,40,21,27,24,28,49,43,4,6,0,14,0,14,8,13,0,14,6,9,31,31,25,27,6,15
1400000US36047065600,"Census Tract 656, Kings County, New York",Brooklyn,1675,313,1530,326,1041,297,27,39,0,14,407,176,0,14,0,14,55,49,25,30,30,39,145,89,61,67,0,14,0,14,0,14,0,14,39,38,45,43,45,43,0,14
1400000US36047065800,"Census Tract 658, Kings County, New York",Brooklyn,1756,303,1531,295,844,237,14,12,0,14,546,231,0,14,0,14,127,189,1,5,126,189,225,137,78,75,25,41,0,14,0,14,0,14,0,14,122,142,120,142,2,3
1400000US36047066000,"Census Tract 660, Kings County, New York",Brooklyn,1893,288,1734,305,1248,290,6,10,0,14,339,124,0,14,18,27,123,127,113,129,10,17,159,98,91,77,0,14,0,14,0,14,0,14,0,14,68,54,68,54,0,14
1400000US36047066200,"Census Tract 662, Kings County, New York",Brooklyn,1159,340,875,224,589,145,23,22,0,14,244,245,0,14,0,14,19,33,0,14,19,33,284,249,100,117,8,13,30,39,0,14,0,14,112,186,34,47,34,47,0,14
1400000US36047066600,"Census Tract 666, Kings County, New York",Brooklyn,0,14,0,14,0,14,0,14,0,14,0,14,0,14,0,14,0,14,0,14,0,14,0,14,0,14,0,14,0,14,0,14,0,14,0,14,0,14,0,14,0,14
1400000US36047067000,"Census Tract 670, Kings County, New York",Brooklyn,2486,430,2242,405,464,273,1382,363,0,14,300,187,0,14,0,14,96,107,78,103,18,29,244,115,44,68,0,14,1,2,0,14,0,14,53,59,146,102,117,100,29,27
1400000US36047067200,"Census Tract 672, Kings County, New York",Brooklyn,1389,444,941,445,36,36,846,459,0,14,59,76,0,14,0,14,0,14,0,14,0,14,448,422,0,14,0,14,0,14,0,14,0,14,439,421,9,14,9,14,0,14
1400000US36047067400,"Census Tract 674, Kings County, New York",Brooklyn,1909,310,1848,317,101,62,1148,318,77,109,214,125,0,14,17,28,291,141,149,97,142,119,61,42,0,14,0,14,0,14,0,14,0,14,4,6,57,41,46,37,11,17
1400000US36047067600,"Census Tract 676, Kings County, New York",Brooklyn,1510,414,1257,371,111,55,1050,328,0,14,34,84,0,14,0,14,62,91,61,91,1,3,253,162,0,14,0,14,0,14,0,14,0,14,174,150,79,67,79,67,0,14
1400000US36047067800,"Census Tract 678, Kings County, New York",Brooklyn,2569,614,2542,618,48,40,2183,665,24,34,1,3,0,14,75,111,211,102,50,50,161,85,27,49,0,14,0,14,0,14,0,14,0,14,17,33,10,17,10,17,0,14
1400000US36047068000,"Census Tract 680, Kings County, New York",Brooklyn,1759,499,1589,487,95,60,1198,255,0,14,7,11,0,14,0,14,289,434,289,434,0,14,170,112,0,14,7,11,0,14,0,14,0,14,34,41,129,105,129,105,0,14
1400000US36047068200,"Census Tract 682, Kings County, New York",Brooklyn,2907,437,2491,417,320,133,1564,331,0,14,213,111,0,14,69,101,325,206,161,148,164,156,416,354,12,20,137,220,0,14,0,14,0,14,166,250,101,123,101,123,0,14
1400000US36047068600,"Census Tract 686, Kings County, New York",Brooklyn,1649,344,1598,342,578,316,701,253,0,14,315,129,0,14,0,14,4,11,4,11,0,14,51,46,4,6,5,7,3,5,0,14,0,14,29,41,10,12,10,12,0,14
1400000US36047068800,"Census Tract 688, Kings County, New York",Brooklyn,1584,343,1437,331,224,116,867,317,0,14,228,154,0,14,0,14,118,121,55,60,63,104,147,86,14,16,16,17,0,14,9,15,0,14,63,73,45,37,37,34,8,13
1400000US36047069000,"Census Tract 690, Kings County, New York",Brooklyn,1668,529,1216,365,186,90,856,342,0,14,138,123,0,14,11,15,25,27,16,24,9,12,452,421,8,13,0,14,0,14,0,14,0,14,396,413,48,57,20,35,28,44
1400000US36047069200,"Census Tract 692, Kings County, New York",Brooklyn,2301,417,2023,399,194,103,1711,391,29,42,34,34,0,14,25,39,30,27,14,13,16,24,278,150,7,11,58,92,68,77,0,14,0,14,59,56,86,102,86,102,0,14
1400000US36047069601,"Census Tract 696.01, Kings County, New York",Brooklyn,3434,499,3052,542,942,308,1923,560,0,14,110,101,0,14,16,26,61,58,12,21,49,46,382,281,92,117,25,44,0,14,0,14,0,14,93,100,172,185,48,63,124,167
1400000US36047069602,"Census Tract 696.02, Kings County, New York",Brooklyn,5847,1142,5302,1096,3125,759,1519,988,0,19,449,188,0,19,186,220,23,42,0,19,23,42,545,567,0,19,67,118,0,19,0,19,0,19,367,443,111,168,111,168,0,19
1400000US36047069800,"Census Tract 698, Kings County, New York",Brooklyn,1397,274,1073,216,707,164,141,101,0,14,130,103,0,14,0,14,95,89,22,36,73,81,324,262,9,16,9,18,0,14,0,14,0,14,289,257,17,32,17,32,0,14
1400000US36047070000,"Census Tract 700, Kings County, New York",Brooklyn,1214,278,1101,267,718,209,131,174,0,14,89,78,0,14,9,15,154,186,0,14,154,186,113,88,19,29,2,7,0,14,0,14,0,14,79,65,13,19,9,16,4,10
1400000US36047070201,"Census Tract 702.01, Kings County, New York",Brooklyn,6531,879,6410,902,5568,1017,43,23,0,19,454,391,0,19,185,291,160,207,0,19,160,207,121,177,0,19,0,19,0,19,0,19,0,19,64,88,57,89,0,19,57,89
1400000US36047070202,"Census Tract 702.02, Kings County, New York",Brooklyn,14,18,9,12,9,12,0,14,0,14,0,14,0,14,0,14,0,14,0,14,0,14,5,6,0,14,0,14,0,14,5,6,0,14,0,14,0,14,0,14,0,14
1400000US36047070203,"Census Tract 702.03, Kings County, New York",Brooklyn,0,14,0,14,0,14,0,14,0,14,0,14,0,14,0,14,0,14,0,14,0,14,0,14,0,14,0,14,0,14,0,14,0,14,0,14,0,14,0,14,0,14
1400000US36047070601,"Census Tract 706.01, Kings County, New York",Brooklyn,2437,593,2303,611,1887,410,0,14,0,14,47,45,0,14,51,75,318,481,318,481,0,14,134,136,0,14,0,14,0,14,0,14,0,14,0,14,134,136,134,136,0,14
1400000US36047070602,"Census Tract 706.02, Kings County, New York",Brooklyn,0,14,0,14,0,14,0,14,0,14,0,14,0,14,0,14,0,14,0,14,0,14,0,14,0,14,0,14,0,14,0,14,0,14,0,14,0,14,0,14,0,14
1400000US36047072000,"Census Tract 720, Kings County, New York",Brooklyn,1678,429,1622,431,31,27,1233,365,0,14,164,144,0,14,158,179,36,40,21,33,15,23,56,41,0,14,0,14,0,14,0,14,0,14,0,14,56,41,56,41,0,14
1400000US36047072200,"Census Tract 722, Kings County, New York",Brooklyn,2242,607,2196,606,3,2,1828,441,0,14,5,9,0,14,5,7,355,345,153,115,202,328,46,61,0,14,33,50,0,14,0,14,0,14,0,14,13,19,13,19,0,14
1400000US36047072400,"Census Tract 724, Kings County, New York",Brooklyn,1586,406,1552,405,14,18,1480,401,0,14,0,14,0,14,0,14,58,48,58,48,0,14,34,30,4,7,0,14,0,14,0,14,0,14,30,28,0,14,0,14,0,14
1400000US36047072600,"Census Tract 726, Kings County, New York",Brooklyn,2672,644,2473,642,76,75,2100,391,0,14,2,5,0,14,0,14,295,336,260,334,35,31,199,142,18,28,79,127,0,14,0,14,0,14,13,27,89,54,89,54,0,14
1400000US36047072800,"Census Tract 728, Kings County, New York",Brooklyn,3153,686,2854,597,37,33,2455,540,0,14,136,184,0,14,41,50,185,110,150,103,35,34,299,291,16,25,0,14,0,14,0,14,0,14,8,15,275,290,275,290,0,14
1400000US36047073000,"Census Tract 730, Kings County, New York",Brooklyn,2109,475,2076,471,99,68,1677,497,0,14,85,93,0,14,7,12,208,95,114,71,94,82,33,23,0,14,0,14,0,14,0,14,0,14,13,14,20,18,20,18,0,14
1400000US36047073200,"Census Tract 732, Kings County, New York",Brooklyn,1877,409,1813,397,34,40,1590,403,0,14,85,71,0,14,0,14,104,106,32,36,72,100,64,61,0,14,11,18,0,14,0,14,0,14,0,14,53,58,15,15,38,56
1400000US36047073400,"Census Tract 734, Kings County, New York",Brooklyn,1142,411,1042,393,40,34,707,277,0,14,70,66,0,14,0,14,225,197,186,211,39,49,100,103,0,14,26,31,0,14,0,14,0,14,54,87,20,16,20,16,0,14
1400000US36047073600,"Census Tract 736, Kings County, New York",Brooklyn,2918,631,2517,605,22,16,1630,436,0,14,535,336,0,14,25,38,305,288,271,285,34,51,401,289,0,14,0,14,0,14,0,14,0,14,159,222,242,195,242,195,0,14
1400000US36047073800,"Census Tract 738, Kings County, New York",Brooklyn,3517,594,3080,651,822,277,1802,653,0,14,152,157,0,14,0,14,304,410,288,410,16,25,437,339,71,86,117,136,47,74,0,14,0,14,143,174,59,71,59,71,0,14
1400000US36047074000,"Census Tract 740, Kings County, New York",Brooklyn,3287,810,2967,795,514,394,1600,726,0,14,653,290,0,14,0,14,200,137,90,86,110,100,320,237,34,52,62,95,12,23,0,14,0,14,212,190,0,14,0,14,0,14
1400000US36047074200,"Census Tract 742, Kings County, New York",Brooklyn,2516,445,2308,447,630,395,902,263,0,14,133,61,56,82,166,134,421,314,368,308,53,54,208,105,19,29,121,93,0,14,0,14,0,14,24,26,44,41,22,24,22,33
1400000US36047074400,"Census Tract 744, Kings County, New York",Brooklyn,2648,584,2619,580,2250,572,48,49,11,22,43,46,0,14,90,95,177,185,160,184,17,20,29,21,16,14,0,14,0,14,0,14,0,14,0,14,13,16,13,16,0,14
1400000US36047074600,"Census Tract 746, Kings County, New York",Brooklyn,2385,720,2294,718,1919,709,243,177,0,14,126,132,0,14,0,14,6,10,0,14,6,10,91,64,16,15,7,11,0,14,0,14,0,14,56,54,12,17,12,17,0,14
1400000US36047074800,"Census Tract 748, Kings County, New York",Brooklyn,1504,432,1423,431,962,408,424,182,0,14,12,19,0,14,0,14,25,19,16,15,9,10,81,98,0,14,0,14,0,14,0,14,0,14,21,30,60,94,60,94,0,14
1400000US36047075000,"Census Tract 750, Kings County, New York",Brooklyn,2804,476,2575,492,1738,449,547,290,0,14,0,14,0,14,223,171,67,52,50,47,17,26,229,109,58,56,36,39,0,14,0,14,0,14,118,85,17,18,17,18,0,14
1400000US36047075200,"Census Tract 752, Kings County, New York",Brooklyn,1146,340,1146,340,1142,339,0,14,0,14,0,14,0,14,0,14,4,6,0,14,4,6,0,14,0,14,0,14,0,14,0,14,0,14,0,14,0,14,0,14,0,14
1400000US36047075400,"Census Tract 754, Kings County, New York",Brooklyn,1000,431,999,431,983,431,16,5,0,14,0,14,0,14,0,14,0,14,0,14,0,14,1,3,0,14,0,14,0,14,0,14,0,14,0,14,1,3,1,3,0,14
1400000US36047075600,"Census Tract 756, Kings County, New York",Brooklyn,1720,364,1644,369,1246,341,98,69,0,14,256,165,0,14,0,14,44,55,0,14,44,55,76,55,6,10,14,20,0,14,0,14,0,14,5,9,51,58,51,58,0,14
1400000US36047075800,"Census Tract 758, Kings County, New York",Brooklyn,1400,273,1382,275,1314,275,27,33,0,14,29,28,0,14,0,14,12,21,12,21,0,14,18,27,0,14,9,14,0,14,0,14,0,14,9,13,0,14,0,14,0,14
1400000US36047076000,"Census Tract 760, Kings County, New York",Brooklyn,3205,661,2946,692,2191,647,304,231,0,14,137,112,0,14,0,14,314,297,22,30,292,303,259,168,0,14,0,14,12,19,0,14,0,14,213,161,34,41,23,36,11,18
1400000US36047076200,"Census Tract 762, Kings County, New York",Brooklyn,4224,893,3212,617,1529,348,511,188,0,14,1048,475,0,14,0,14,124,107,33,40,91,105,1012,763,39,38,21,30,0,14,0,14,0,14,461,279,491,688,491,688,0,14
1400000US36047076400,"Census Tract 764, Kings County, New York",Brooklyn,4302,451,3353,610,746,213,1866,632,0,14,433,448,12,20,51,65,245,284,163,230,82,74,949,363,59,87,110,74,30,48,79,76,0,14,573,369,98,91,98,91,0,14
1400000US36047076600,"Census Tract 766, Kings County, New York",Brooklyn,2126,426,1902,445,278,140,1323,368,0,14,160,139,0,14,32,50,109,63,21,29,88,54,224,128,35,42,11,16,8,12,0,14,0,14,15,18,155,113,79,57,76,78
1400000US36047076800,"Census Tract 768, Kings County, New York",Brooklyn,3895,698,3632,665,2695,673,92,75,0,14,768,278,0,14,0,14,77,63,0,14,77,63,263,185,0,14,23,36,13,22,0,14,0,14,156,154,71,47,42,41,29,29
1400000US36047077000,"Census Tract 770, Kings County, New York",Brooklyn,2780,470,2534,506,440,193,1710,515,0,14,97,89,0,14,58,67,229,117,76,56,153,108,246,136,35,45,28,42,14,27,0,14,0,14,21,33,148,141,148,141,0,14
1400000US36047077200,"Census Tract 772, Kings County, New York",Brooklyn,3068,864,2669,873,854,359,1415,673,0,14,50,88,0,14,190,219,160,173,147,171,13,24,399,220,0,14,24,29,0,14,0,14,0,14,301,219,74,65,54,60,20,31
1400000US36047077400,"Census Tract 774, Kings County, New York",Brooklyn,2906,609,2414,507,477,303,1546,317,0,14,220,187,0,14,0,14,171,125,106,119,65,85,492,393,18,30,136,97,0,14,0,14,0,14,298,389,40,61,40,61,0,14
1400000US36047077600,"Census Tract 776, Kings County, New York",Brooklyn,3448,518,3296,531,559,389,2123,504,0,14,448,204,0,14,9,13,157,98,78,83,79,59,152,114,7,11,59,55,0,14,0,14,0,14,48,64,38,44,38,44,0,14
1400000US36047078000,"Census Tract 780, Kings County, New York",Brooklyn,2170,530,2049,527,114,80,1813,546,0,14,70,64,0,14,0,14,52,46,46,46,6,11,121,151,0,14,29,44,0,14,0,14,0,14,86,145,6,12,1,12,5,9
1400000US36047078200,"Census Tract 782, Kings County, New York",Brooklyn,4086,680,3361,588,55,69,2814,601,0,14,73,81,0,14,28,46,391,190,311,184,80,74,725,466,31,49,150,143,0,14,0,14,0,14,309,376,235,246,235,246,0,14
1400000US36047078400,"Census Tract 784, Kings County, New York",Brooklyn,2463,359,2286,383,97,51,1816,414,0,14,86,74,0,14,25,33,262,179,179,181,83,66,177,117,20,22,2,4,0,14,0,14,0,14,64,49,91,89,77,90,14,25
1400000US36047078601,"Census Tract 786.01, Kings County, New York",Brooklyn,2220,702,2154,703,136,115,1460,584,0,14,488,480,0,14,0,14,70,71,70,71,0,14,66,62,14,21,20,32,0,14,0,14,0,14,0,14,32,37,13,20,19,29
1400000US36047078602,"Census Tract 786.02, Kings County, New York",Brooklyn,2104,304,1772,342,153,73,1418,332,0,14,56,61,0,14,0,14,145,103,132,101,13,19,332,181,0,14,25,18,8,13,0,14,0,14,201,171,98,94,60,52,38,66
1400000US36047078801,"Census Tract 788.01, Kings County, New York",Brooklyn,1695,419,1450,423,105,60,1014,358,0,14,23,29,0,14,15,25,293,199,265,199,28,20,245,135,0,14,0,14,0,14,0,14,0,14,163,124,82,65,82,65,0,14
1400000US36047078802,"Census Tract 788.02, Kings County, New York",Brooklyn,1790,539,1638,505,25,30,1436,477,0,14,27,28,0,14,0,14,150,121,135,117,15,24,152,165,0,14,7,12,0,14,0,14,0,14,110,157,35,46,35,46,0,14
1400000US36047079001,"Census Tract 790.01, Kings County, New York",Brooklyn,1664,1088,1537,1087,48,46,1331,1083,12,20,63,52,0,14,10,16,73,51,48,41,25,31,127,136,0,14,0,14,0,14,0,14,0,14,17,18,110,134,110,134,0,14
1400000US36047079002,"Census Tract 790.02, Kings County, New York",Brooklyn,2768,542,2434,474,69,57,2004,458,0,14,241,264,0,14,0,14,120,97,91,90,29,38,334,302,0,14,0,14,0,14,0,14,0,14,111,87,223,277,203,277,20,31
1400000US36047079201,"Census Tract 792.01, Kings County, New York",Brooklyn,1382,437,1239,434,268,149,788,397,0,14,33,38,0,14,10,17,140,119,109,113,31,50,143,176,0,14,0,14,0,14,0,14,0,14,17,27,126,176,0,14,126,176
1400000US36047079202,"Census Tract 792.02, Kings County, New York",Brooklyn,1942,394,1522,395,140,82,1169,370,0,14,83,67,0,14,0,14,130,112,0,14,130,112,420,139,0,14,47,72,0,14,0,14,0,14,171,96,202,96,144,99,58,62
1400000US36047079400,"Census Tract 794, Kings County, New York",Brooklyn,2366,422,1947,412,149,145,1227,366,0,14,22,38,0,14,69,102,480,269,452,264,28,40,419,249,10,27,135,213,0,14,0,14,0,14,136,102,138,75,138,75,0,14
1400000US36047079601,"Census Tract 796.01, Kings County, New York",Brooklyn,3232,335,2657,376,1021,215,1182,233,0,14,144,97,0,14,37,52,273,211,46,62,227,203,575,220,26,29,88,106,0,14,0,14,0,14,353,189,108,67,97,63,11,18
1400000US36047079602,"Census Tract 796.02, Kings County, New York",Brooklyn,5073,854,4136,745,942,436,2373,673,0,19,267,173,0,19,0,19,554,288,477,302,77,94,937,586,33,70,124,140,253,379,0,19,0,19,251,294,276,305,251,304,25,40
1400000US36047079801,"Census Tract 798.01, Kings County, New York",Brooklyn,3316,887,3172,892,1300,363,1291,847,0,14,230,152,0,14,32,53,319,250,80,84,239,241,144,85,0,14,25,28,0,14,0,14,0,14,9,14,110,80,72,68,38,41
1400000US36047079802,"Census Tract 798.02, Kings County, New York",Brooklyn,5004,598,4522,606,1273,338,2608,579,0,19,318,257,0,19,0,19,323,178,203,159,120,106,482,93,21,34,21,36,0,19,0,19,0,19,152,109,288,114,259,100,29,48
1400000US36047080000,"Census Tract 800, Kings County, New York",Brooklyn,3217,554,2827,569,1043,313,1369,427,14,23,83,57,0,14,0,14,318,226,33,41,285,227,390,202,15,25,114,114,0,14,0,14,0,14,91,113,170,144,155,138,15,24
1400000US36047080200,"Census Tract 802, Kings County, New York",Brooklyn,3878,542,3511,508,802,260,2432,552,0,14,112,74,0,14,0,14,165,102,41,50,124,92,367,155,34,37,38,39,0,14,0,14,0,14,82,74,213,136,204,133,9,17
1400000US36047080400,"Census Tract 804, Kings County, New York",Brooklyn,3033,563,2708,556,787,224,1548,493,0,14,108,60,0,14,0,14,265,151,55,66,210,141,325,163,26,32,52,65,9,23,0,14,0,14,22,56,216,143,135,124,81,67
1400000US36047080600,"Census Tract 806, Kings County, New York",Brooklyn,4038,686,3866,691,1598,593,1864,434,0,14,0,14,0,14,202,315,202,147,31,33,171,141,172,135,105,122,0,14,0,14,0,14,0,14,49,46,18,38,18,38,0,14
1400000US36047080800,"Census Tract 808, Kings County, New York",Brooklyn,2044,249,1599,272,337,150,1053,277,4,11,148,96,0,14,46,52,11,16,0,14,11,16,445,122,34,43,89,77,0,14,0,14,0,14,238,107,84,43,69,37,15,19
1400000US36047081000,"Census Tract 810, Kings County, New York",Brooklyn,2101,510,1998,490,212,159,1562,484,0,14,119,98,0,14,55,86,50,50,35,42,15,24,103,82,23,38,80,75,0,14,0,14,0,14,0,14,0,14,0,14,0,14
1400000US36047081400,"Census Tract 814, Kings County, New York",Brooklyn,2692,479,2558,491,352,419,2076,419,0,14,106,94,0,14,0,14,24,34,24,34,0,14,134,125,0,14,0,14,0,14,0,14,0,14,21,23,113,116,113,116,0,14
1400000US36047081600,"Census Tract 816, Kings County, New York",Brooklyn,2893,658,2716,665,287,162,2231,706,0,14,67,75,0,14,7,11,124,107,118,107,6,9,177,108,7,10,7,11,0,14,0,14,0,14,45,47,118,99,109,90,9,28
1400000US36047081800,"Census Tract 818, Kings County, New York",Brooklyn,4639,986,4353,1022,627,198,3235,1008,0,14,197,97,0,14,45,41,249,168,109,123,140,116,286,171,7,18,160,143,18,32,0,14,0,14,84,91,17,20,17,20,0,14
1400000US36047082000,"Census Tract 820, Kings County, New York",Brooklyn,4651,961,4170,924,639,243,3120,889,0,14,148,93,0,14,90,139,173,124,13,26,160,124,481,368,18,28,29,48,0,14,0,14,0,14,240,296,194,240,194,240,0,14
1400000US36047082200,"Census Tract 822, Kings County, New York",Brooklyn,7104,1350,6743,1339,839,259,5115,1393,0,19,298,187,0,19,0,19,491,215,320,205,171,108,361,210,15,22,78,77,0,19,0,19,0,19,120,133,148,122,80,84,68,85
1400000US36047082400,"Census Tract 824, Kings County, New York",Brooklyn,5125,894,4627,910,330,198,3751,860,42,66,18,28,0,19,80,96,406,273,168,189,238,232,498,429,0,19,0,19,0,19,0,19,0,19,361,407,137,165,69,126,68,110
1400000US36047082600,"Census Tract 826, Kings County, New York",Brooklyn,4122,718,3829,768,180,136,3118,714,38,59,127,158,0,14,0,14,366,231,222,164,144,179,293,201,21,25,61,98,0,14,0,14,0,14,68,104,143,124,133,123,10,16
1400000US36047082800,"Census Tract 828, Kings County, New York",Brooklyn,3604,664,3289,609,301,181,2551,603,0,14,216,157,0,14,30,37,191,156,77,100,114,118,315,222,14,23,35,47,0,14,0,14,0,14,98,111,168,165,130,149,38,63
1400000US36047083000,"Census Tract 830, Kings County, New York",Brooklyn,5673,1120,4941,1048,112,127,4364,1125,67,98,42,47,0,19,0,19,356,438,331,430,25,52,732,592,173,242,498,555,0,19,0,19,0,19,12,27,49,70,49,70,0,19
1400000US36047083200,"Census Tract 832, Kings County, New York",Brooklyn,2094,316,2020,319,88,74,1547,317,1,4,184,139,23,34,18,28,159,77,120,60,39,54,74,72,0,14,16,26,15,23,0,14,0,14,29,26,14,22,14,22,0,14
1400000US36047083400,"Census Tract 834, Kings County, New York",Brooklyn,1839,296,1810,294,35,46,1213,317,0,14,28,36,0,14,5,10,529,331,465,352,64,52,29,25,6,9,0,14,0,14,0,14,0,14,11,18,12,16,12,16,0,14
1400000US36047083600,"Census Tract 836, Kings County, New York",Brooklyn,1984,382,1881,383,22,18,1576,336,0,14,9,12,0,14,8,14,266,228,243,227,23,26,103,82,0,14,41,51,0,14,0,14,0,14,62,62,0,14,0,14,0,14
1400000US36047083800,"Census Tract 838, Kings County, New York",Brooklyn,1931,339,1872,339,4,8,1634,283,0,14,38,35,0,14,0,14,196,139,180,138,16,18,59,70,0,14,15,23,0,14,0,14,0,14,1,2,43,65,43,65,0,14
1400000US36047084000,"Census Tract 840, Kings County, New York",Brooklyn,2226,463,2131,454,31,22,1706,500,19,29,2,5,0,14,11,16,362,251,326,250,36,35,95,99,0,14,8,14,0,14,0,14,0,14,0,14,87,97,87,97,0,14
1400000US36047084600,"Census Tract 846, Kings County, New York",Brooklyn,2038,318,2028,316,31,29,1602,295,0,14,0,14,0,14,5,7,390,231,368,228,22,31,10,16,0,14,10,16,0,14,0,14,0,14,0,14,0,14,0,14,0,14
1400000US36047084800,"Census Tract 848, Kings County, New York",Brooklyn,1445,335,1354,316,15,6,1156,296,0,14,0,14,0,14,82,112,101,127,101,127,0,14,91,143,0,14,0,14,0,14,0,14,0,14,91,143,0,14,0,14,0,14
1400000US36047085000,"Census Tract 850, Kings County, New York",Brooklyn,1383,342,1260,352,71,67,1067,363,0,14,0,14,0,14,0,14,122,94,103,90,19,20,123,132,0,14,123,132,0,14,0,14,0,14,0,14,0,14,0,14,0,14
1400000US36047085200,"Census Tract 852, Kings County, New York",Brooklyn,0,14,0,14,0,14,0,14,0,14,0,14,0,14,0,14,0,14,0,14,0,14,0,14,0,14,0,14,0,14,0,14,0,14,0,14,0,14,0,14,0,14
1400000US36047085400,"Census Tract 854, Kings County, New York",Brooklyn,2062,330,1999,330,132,55,1420,293,0,14,70,56,0,14,0,14,377,172,291,153,86,74,63,58,13,22,0,14,0,14,0,14,0,14,22,33,28,41,28,41,0,14
1400000US36047085600,"Census Tract 856, Kings County, New York",Brooklyn,3161,562,3040,546,78,61,2509,593,0,14,79,106,0,14,86,136,288,154,269,154,19,21,121,106,21,24,19,21,0,14,0,14,0,14,0,14,81,99,81,99,0,14
1400000US36047085800,"Census Tract 858, Kings County, New York",Brooklyn,1951,482,1951,482,19,24,1505,216,14,25,116,146,0,14,0,14,297,394,274,390,23,36,0,14,0,14,0,14,0,14,0,14,0,14,0,14,0,14,0,14,0,14
1400000US36047086000,"Census Tract 860, Kings County, New York",Brooklyn,2627,641,2400,635,16,3,2177,637,0,14,0,14,0,14,0,14,207,180,127,136,80,120,227,180,0,14,0,14,0,14,0,14,0,14,154,159,73,109,73,109,0,14
1400000US36047086200,"Census Tract 862, Kings County, New York",Brooklyn,2626,512,2332,521,38,54,2193,527,0,14,20,32,0,14,0,14,81,109,68,107,13,19,294,181,0,14,52,78,0,14,0,14,0,14,94,99,148,146,148,146,0,14
1400000US36047086400,"Census Tract 864, Kings County, New York",Brooklyn,2219,432,1933,407,162,197,1541,388,0,14,22,34,0,14,68,101,140,90,52,62,88,68,286,267,0,14,7,11,0,14,0,14,0,14,56,63,223,249,49,45,174,251
1400000US36047086600,"Census Tract 866, Kings County, New York",Brooklyn,2984,578,2726,534,134,158,2242,515,0,14,10,14,0,14,0,14,340,203,297,199,43,47,258,303,0,14,0,14,0,14,0,14,0,14,38,78,220,269,220,269,0,14
1400000US36047086800,"Census Tract 868, Kings County, New York",Brooklyn,2952,556,2849,572,92,97,2494,539,0,14,100,121,0,14,0,14,163,123,127,113,36,43,103,156,0,14,0,14,0,14,0,14,0,14,102,156,1,2,1,2,0,14
1400000US36047087000,"Census Tract 870, Kings County, New York",Brooklyn,3006,730,2659,528,159,182,2216,498,0,14,113,110,0,14,11,16,160,148,160,148,0,14,347,373,0,14,26,29,0,14,0,14,0,14,321,372,0,14,0,14,0,14
1400000US36047087200,"Census Tract 872, Kings County, New York",Brooklyn,3127,656,3079,659,176,241,2337,509,0,14,115,108,0,14,64,103,387,327,387,327,0,14,48,79,0,14,0,14,0,14,0,14,0,14,48,79,0,14,0,14,0,14
1400000US36047087401,"Census Tract 874.01, Kings County, New York",Brooklyn,3127,640,2944,636,762,493,1819,438,0,14,0,14,0,14,0,14,363,400,350,399,13,22,183,130,0,14,73,119,0,14,0,14,0,14,59,57,51,53,51,53,0,14
1400000US36047087600,"Census Tract 876, Kings County, New York",Brooklyn,1798,387,1697,381,401,156,992,373,0,14,0,14,0,14,86,87,218,107,176,96,42,44,101,61,14,15,0,14,0,14,0,14,0,14,13,25,74,58,70,58,4,6
1400000US36047087800,"Census Tract 878, Kings County, New York",Brooklyn,2592,386,2454,392,35,44,2072,359,0,14,45,49,0,14,0,14,302,232,255,229,47,46,138,69,0,14,45,41,0,14,0,14,0,14,28,20,65,48,65,48,0,14
1400000US36047088001,"Census Tract 880.01, Kings County, New York",Brooklyn,1702,504,1499,507,25,33,1384,514,0,14,0,14,0,14,26,41,64,56,13,21,51,50,203,127,0,14,27,52,0,14,0,14,0,14,22,34,154,140,154,140,0,14
1400000US36047088002,"Census Tract 880.02, Kings County, New York",Brooklyn,1220,308,1176,292,155,212,776,309,0,14,0,14,0,14,54,85,191,242,185,242,6,10,44,47,0,14,44,47,0,14,0,14,0,14,0,14,0,14,0,14,0,14
1400000US36047088200,"Census Tract 882, Kings County, New York",Brooklyn,6535,1453,6223,1424,809,936,4550,840,0,19,0,19,0,19,145,386,719,493,477,428,242,257,312,208,1,2,96,119,0,19,0,19,0,19,77,149,138,147,82,123,56,89
1400000US36047088400,"Census Tract 884, Kings County, New York",Brooklyn,5208,1962,4931,1941,13,27,3789,1268,0,19,0,19,0,19,0,19,1129,1316,132,150,997,1300,277,209,0,19,194,151,0,19,0,19,11,29,72,67,0,19,0,19,0,19
1400000US36047088600,"Census Tract 886, Kings County, New York",Brooklyn,4340,911,3953,965,71,67,3740,977,0,14,0,14,0,14,13,20,129,115,81,91,48,70,387,377,0,14,69,92,0,14,0,14,0,14,242,365,76,58,76,58,0,14
1400000US36047088800,"Census Tract 888, Kings County, New York",Brooklyn,3783,637,3435,699,0,14,2957,739,0,14,79,126,0,14,5,8,394,295,267,293,127,85,348,287,16,25,32,46,0,14,0,14,0,14,300,290,0,14,0,14,0,14
1400000US36047089000,"Census Tract 890, Kings County, New York",Brooklyn,7674,1114,6952,1155,142,90,6111,1306,0,19,15,30,0,19,394,435,290,156,290,156,0,19,722,537,257,397,341,326,0,19,0,19,30,82,73,98,21,28,21,28,0,19
1400000US36047089200,"Census Tract 892, Kings County, New York",Brooklyn,2876,803,2560,834,101,89,2384,847,0,14,0,14,0,14,0,14,75,100,53,65,22,42,316,177,13,25,64,74,0,14,0,14,0,14,188,149,51,51,51,51,0,14
1400000US36047089400,"Census Tract 894, Kings County, New York",Brooklyn,3513,847,3077,825,18,33,2764,829,0,14,19,40,0,14,0,14,276,252,207,223,69,97,436,281,21,27,79,82,0,14,0,14,0,14,92,104,244,256,49,43,195,252
1400000US36047089600,"Census Tract 896, Kings County, New York",Brooklyn,3956,702,3375,669,44,64,2670,976,0,14,27,150,0,14,0,14,634,799,591,795,43,64,581,393,190,294,23,37,0,14,0,14,0,14,50,61,318,240,140,132,178,256
1400000US36047089800,"Census Tract 898, Kings County, New York",Brooklyn,2316,614,2145,632,183,149,1264,269,0,14,135,163,0,14,0,14,563,562,505,559,58,73,171,172,0,14,0,14,0,14,0,14,0,14,10,16,161,172,161,172,0,14
1400000US36047090000,"Census Tract 900, Kings County, New York",Brooklyn,4964,857,4217,907,190,198,3868,865,0,14,0,14,0,14,12,20,147,137,20,26,127,135,747,416,22,32,201,259,0,14,0,14,0,14,110,119,414,301,414,301,0,14
1400000US36047090200,"Census Tract 902, Kings County, New York",Brooklyn,4017,497,3215,513,140,92,2738,395,0,14,247,328,0,14,0,14,90,66,57,44,33,56,802,254,5,14,59,58,7,18,0,14,0,14,346,156,385,198,365,198,20,26
1400000US36047090600,"Census Tract 906, Kings County, New York",Brooklyn,4344,747,3446,563,8,18,3279,534,0,14,38,59,0,14,9,18,112,99,25,39,87,94,898,513,0,14,112,236,0,14,0,14,0,14,493,278,293,293,293,293,0,14
1400000US36047090800,"Census Tract 908, Kings County, New York",Brooklyn,6230,912,3767,723,109,130,3069,678,40,58,24,45,0,19,116,123,409,412,153,244,256,260,2463,904,189,191,167,165,3,8,0,19,0,19,409,291,1695,803,1205,448,490,711
1400000US36047091000,"Census Tract 910, Kings County, New York",Brooklyn,5837,1344,4036,917,33,45,3078,1102,0,19,224,272,0,19,0,19,701,449,185,307,516,383,1801,1217,109,121,76,80,36,41,0,19,0,19,1241,1188,339,246,52,82,287,225
1400000US36047091200,"Census Tract 912, Kings County, New York",Brooklyn,6301,1256,3867,1083,507,529,3235,847,0,19,0,19,0,19,0,19,125,128,13,43,112,121,2434,1294,10,187,258,319,0,19,0,19,0,19,1677,1204,489,491,307,435,182,238
1400000US36047091600,"Census Tract 916, Kings County, New York",Brooklyn,5619,933,4905,943,665,649,3296,918,0,19,189,238,0,19,181,245,574,430,486,411,88,91,714,459,156,257,143,228,0,19,0,19,0,19,247,176,168,197,0,19,168,197
1400000US36047091800,"Census Tract 918, Kings County, New York",Brooklyn,2453,333,1427,275,114,99,1256,262,7,12,0,14,0,14,0,14,50,61,50,61,0,14,1026,251,83,85,217,164,0,14,0,14,0,14,527,184,199,164,179,161,20,27
1400000US36047092000,"Census Tract 920, Kings County, New York",Brooklyn,3202,631,2328,703,0,14,1951,654,0,14,0,14,0,14,0,14,377,326,314,300,63,92,874,322,0,14,301,260,0,14,0,14,0,14,543,174,30,61,0,14,30,61
1400000US36047092200,"Census Tract 922, Kings County, New York",Brooklyn,2842,633,2580,670,183,259,2184,540,0,14,51,84,0,14,0,14,162,159,18,28,144,156,262,196,0,14,41,64,0,14,0,14,0,14,35,55,186,163,140,146,46,68
1400000US36047092400,"Census Tract 924, Kings County, New York",Brooklyn,3420,613,2881,592,324,384,2339,492,24,32,137,83,0,14,9,21,48,85,48,85,0,14,539,326,101,196,6,6,58,87,0,14,0,14,57,72,317,286,317,286,0,14
1400000US36047092800,"Census Tract 928, Kings County, New York",Brooklyn,2663,517,2530,524,1,5,2183,527,0,14,0,14,0,14,0,14,346,144,323,146,23,25,133,91,0,14,0,14,0,14,0,14,0,14,74,62,59,61,59,61,0,14
1400000US36047093000,"Census Tract 930, Kings County, New York",Brooklyn,2986,468,2944,472,1,2,2489,487,0,14,0,14,0,14,0,14,454,248,436,248,18,20,42,68,0,14,0,14,0,14,0,14,0,14,0,14,42,68,42,68,0,14
1400000US36047093200,"Census Tract 932, Kings County, New York",Brooklyn,1565,464,1349,364,23,35,1186,359,0,14,0,14,0,14,16,27,124,60,117,57,7,10,216,315,0,14,0,14,0,14,0,14,0,14,199,312,17,30,17,30,0,14
1400000US36047093400,"Census Tract 934, Kings County, New York",Brooklyn,2175,382,2013,368,36,31,1538,301,0,14,0,14,0,14,20,29,419,216,344,201,75,91,162,139,0,14,4,6,0,14,0,14,0,14,66,110,92,69,75,64,17,26
1400000US36047093600,"Census Tract 936, Kings County, New York",Brooklyn,1529,276,1507,271,0,14,1420,266,0,14,53,61,0,14,0,14,34,34,27,32,7,11,22,25,0,14,0,14,0,14,0,14,0,14,22,25,0,14,0,14,0,14
1400000US36047093800,"Census Tract 938, Kings County, New York",Brooklyn,2227,528,2140,513,202,213,1593,510,0,14,30,41,0,14,23,38,292,145,266,144,26,35,87,105,0,14,0,14,0,14,0,14,0,14,72,103,15,18,4,6,11,16
1400000US36047094401,"Census Tract 944.01, Kings County, New York",Brooklyn,3158,569,3029,533,71,65,2547,591,0,14,102,164,0,14,0,14,309,234,236,234,73,74,129,165,0,14,98,119,0,14,0,14,0,14,0,14,31,52,31,52,0,14
1400000US36047094402,"Census Tract 944.02, Kings County, New York",Brooklyn,2371,754,1984,794,28,42,1950,792,0,14,0,14,0,14,0,14,6,10,0,14,6,10,387,237,0,14,31,47,0,14,0,14,0,14,262,214,94,101,63,92,31,47
1400000US36047094600,"Census Tract 946, Kings County, New York",Brooklyn,1772,470,1666,462,17,20,1510,455,0,14,30,46,0,14,0,14,109,100,44,55,65,82,106,91,0,14,7,11,48,75,0,14,0,14,39,49,12,16,12,16,0,14
1400000US36047095000,"Census Tract 950, Kings County, New York",Brooklyn,2333,452,2278,445,82,51,2130,447,0,14,0,14,0,14,0,14,66,68,42,58,24,38,55,67,0,14,0,14,0,14,0,14,0,14,28,54,27,43,27,43,0,14
1400000US36047095400,"Census Tract 954, Kings County, New York",Brooklyn,3875,662,3712,658,112,72,3389,648,0,14,0,14,0,14,6,13,205,181,150,173,55,52,163,174,0,14,32,47,0,14,0,14,0,14,104,156,27,35,27,35,0,14
1400000US36047095600,"Census Tract 956, Kings County, New York",Brooklyn,3666,906,3616,918,23,41,3210,859,0,14,0,14,0,14,0,14,383,358,383,358,0,14,50,60,0,14,0,14,0,14,0,14,0,14,0,14,50,60,37,46,13,23
1400000US36047095800,"Census Tract 958, Kings County, New York",Brooklyn,2760,592,2435,608,97,71,1829,591,0,14,89,80,0,14,52,77,368,250,139,141,229,215,325,270,95,158,0,14,0,14,0,14,0,14,229,230,1,3,1,3,0,14
1400000US36047096000,"Census Tract 960, Kings County, New York",Brooklyn,0,14,0,14,0,14,0,14,0,14,0,14,0,14,0,14,0,14,0,14,0,14,0,14,0,14,0,14,0,14,0,14,0,14,0,14,0,14,0,14,0,14
1400000US36047096200,"Census Tract 962, Kings County, New York",Brooklyn,1315,509,1196,504,124,65,1036,500,0,14,36,59,0,14,0,14,0,14,0,14,0,14,119,177,6,13,0,14,0,14,0,14,0,14,113,176,0,14,0,14,0,14
1400000US36047096400,"Census Tract 964, Kings County, New York",Brooklyn,2086,480,1829,474,47,48,1536,433,0,14,45,48,0,14,17,19,184,127,90,85,94,89,257,190,9,16,128,137,0,14,0,14,0,14,64,66,56,59,56,59,0,14
1400000US36047096600,"Census Tract 966, Kings County, New York",Brooklyn,1883,485,1672,499,31,20,1340,438,0,14,33,48,0,14,28,46,240,234,67,58,173,228,211,163,16,20,0,14,0,14,0,14,0,14,108,118,87,92,87,92,0,14
1400000US36047096800,"Census Tract 968, Kings County, New York",Brooklyn,1224,468,902,276,34,37,622,231,0,14,131,118,0,14,0,14,115,95,115,95,0,14,322,315,0,14,13,23,10,19,0,14,0,14,30,57,269,268,269,268,0,14
1400000US36047097000,"Census Tract 970, Kings County, New York",Brooklyn,1935,495,1624,476,29,27,1238,373,0,14,7,11,0,14,95,123,255,233,255,233,0,14,311,156,57,76,81,120,0,14,0,14,0,14,60,60,113,91,91,88,22,31
1400000US36047097400,"Census Tract 974, Kings County, New York",Brooklyn,2415,411,1994,336,221,105,1512,309,0,14,49,36,0,14,68,86,144,129,124,124,20,28,421,214,23,28,135,173,0,14,0,14,0,14,172,132,91,47,91,47,0,14
1400000US36047098200,"Census Tract 982, Kings County, New York",Brooklyn,3962,818,3064,800,0,14,2928,803,0,14,0,14,0,14,29,48,107,90,19,29,88,84,898,255,60,64,219,143,72,81,0,14,0,14,150,132,397,167,256,116,141,133
1400000US36047098400,"Census Tract 984, Kings County, New York",Brooklyn,1924,374,1896,374,34,28,1744,372,0,14,0,14,0,14,0,14,118,69,58,70,60,44,28,44,0,14,0,14,0,14,0,14,0,14,0,14,28,44,28,44,0,14
1400000US36047098600,"Census Tract 986, Kings County, New York",Brooklyn,2341,437,2087,432,132,173,1487,438,0,14,41,40,0,14,16,25,411,208,329,170,82,115,254,139,0,14,26,27,42,45,15,23,0,14,40,36,131,113,131,113,0,14
1400000US36047098800,"Census Tract 988, Kings County, New York",Brooklyn,2752,471,2638,454,65,51,2403,434,0,14,44,34,0,14,34,48,92,80,71,50,21,35,114,101,52,83,0,14,0,14,0,14,0,14,45,56,17,15,17,15,0,14
1400000US36047099000,"Census Tract 990, Kings County, New York",Brooklyn,1479,311,1302,317,41,50,1151,323,0,14,66,76,0,14,0,14,44,49,44,49,0,14,177,146,0,14,0,14,0,14,0,14,0,14,110,143,67,57,67,57,0,14
1400000US36047099200,"Census Tract 992, Kings County, New York",Brooklyn,1642,431,1581,433,40,31,1171,405,0,14,190,153,0,14,0,14,180,162,150,157,30,35,61,75,0,14,54,76,0,14,0,14,0,14,7,10,0,14,0,14,0,14
1400000US36047099400,"Census Tract 994, Kings County, New York",Brooklyn,1525,373,1515,371,104,78,1274,350,0,14,46,70,0,14,9,13,82,60,67,56,15,23,10,17,5,8,0,14,0,14,0,14,0,14,0,14,5,9,5,9,0,14
1400000US36047099600,"Census Tract 996, Kings County, New York",Brooklyn,3079,950,2558,934,134,56,2150,929,0,14,97,91,0,14,0,14,177,142,107,115,70,83,521,488,0,14,170,174,0,14,0,14,0,14,348,493,3,6,3,6,0,14
1400000US36047099800,"Census Tract 998, Kings County, New York",Brooklyn,3348,679,3297,662,136,110,2990,618,0,14,21,33,0,14,43,70,107,101,0,14,107,101,51,59,0,14,32,50,0,14,0,14,0,14,19,29,0,14,0,14,0,14
1400000US36047100400,"Census Tract 1004, Kings County, New York",Brooklyn,2423,531,2327,536,91,71,2085,530,0,14,29,29,0,14,0,14,122,108,62,92,60,65,96,83,0,14,0,14,0,14,0,14,0,14,38,52,58,65,58,65,0,14
1400000US36047100600,"Census Tract 1006, Kings County, New York",Brooklyn,2670,510,2617,504,63,39,2266,547,0,14,22,64,0,14,0,14,266,184,253,186,13,16,53,63,0,14,14,34,0,14,0,14,0,14,22,28,17,29,17,29,0,14
1400000US36047100800,"Census Tract 1008, Kings County, New York",Brooklyn,2161,436,2069,430,134,69,1800,432,0,14,34,39,0,14,1,4,100,89,74,79,26,40,92,76,13,18,36,60,0,14,0,14,0,14,27,43,16,24,16,24,0,14
1400000US36047101000,"Census Tract 1010, Kings County, New York",Brooklyn,2577,510,2103,541,77,64,1761,549,24,26,67,55,0,14,0,14,174,140,160,135,14,21,474,287,54,70,52,59,0,14,4,6,0,14,153,173,211,174,211,174,0,14
1400000US36047101200,"Census Tract 1012, Kings County, New York",Brooklyn,2119,452,2082,452,77,45,1673,452,0,14,93,77,0,14,1,3,238,149,106,92,132,104,37,39,0,14,18,28,0,14,0,14,0,14,19,28,0,14,0,14,0,14
1400000US36047101400,"Census Tract 1014, Kings County, New York",Brooklyn,1796,456,1709,433,35,24,1554,436,0,14,50,54,0,14,4,7,66,51,34,36,32,41,87,69,0,14,37,58,0,14,0,14,0,14,18,26,32,32,32,32,0,14
1400000US36047101600,"Census Tract 1016, Kings County, New York",Brooklyn,1897,335,1818,344,47,47,1581,337,0,14,0,14,0,14,29,46,161,149,161,149,0,14,79,75,0,14,0,14,0,14,0,14,0,14,27,45,52,60,12,18,40,60
1400000US36047101800,"Census Tract 1018, Kings County, New York",Brooklyn,1789,419,1644,425,36,41,1394,425,0,14,2,3,0,14,0,14,212,185,150,148,62,109,145,94,34,49,72,57,21,27,0,14,0,14,0,14,18,23,0,14,18,23
1400000US36047102000,"Census Tract 1020, Kings County, New York",Brooklyn,2151,485,2076,486,229,264,1488,451,0,14,92,73,0,14,13,22,254,209,217,191,37,63,75,66,0,14,27,42,25,40,0,14,0,14,0,14,23,27,23,27,0,14
1400000US36047102200,"Census Tract 1022, Kings County, New York",Brooklyn,2067,574,1908,578,356,439,1264,367,0,14,144,81,0,14,0,14,144,94,111,92,33,28,159,103,51,62,7,10,0,14,0,14,0,14,58,53,43,40,30,33,13,19
1400000US36047102400,"Census Tract 1024, Kings County, New York",Brooklyn,1834,475,1807,479,175,120,1369,491,0,14,41,42,0,14,114,190,108,95,96,95,12,18,27,34,11,18,16,23,0,14,0,14,0,14,0,14,0,14,0,14,0,14
1400000US36047102600,"Census Tract 1026, Kings County, New York",Brooklyn,2935,493,2889,502,55,49,2417,521,0,14,56,31,0,14,32,31,329,262,164,131,165,244,46,64,0,14,46,64,0,14,0,14,0,14,0,14,0,14,0,14,0,14
1400000US36047102801,"Census Tract 1028.01, Kings County, New York",Brooklyn,1146,272,1055,269,3,4,818,217,0,14,151,135,5,16,0,14,78,45,33,28,45,48,91,80,0,14,0,14,0,14,0,14,0,14,35,46,56,53,25,37,31,39
1400000US36047102802,"Census Tract 1028.02, Kings County, New York",Brooklyn,0,14,0,14,0,14,0,14,0,14,0,14,0,14,0,14,0,14,0,14,0,14,0,14,0,14,0,14,0,14,0,14,0,14,0,14,0,14,0,14,0,14
1400000US36047103401,"Census Tract 1034.01, Kings County, New York",Brooklyn,3637,643,2935,598,138,84,2744,615,0,14,0,14,0,14,0,14,53,48,0,14,53,48,702,283,177,139,30,47,97,155,0,14,0,14,334,250,64,62,34,53,30,34
1400000US36047103402,"Census Tract 1034.02, Kings County, New York",Brooklyn,0,14,0,14,0,14,0,14,0,14,0,14,0,14,0,14,0,14,0,14,0,14,0,14,0,14,0,14,0,14,0,14,0,14,0,14,0,14,0,14,0,14
1400000US36047105801,"Census Tract 1058.01, Kings County, New York",Brooklyn,5655,850,4704,791,1457,494,2777,707,15,23,113,157,0,19,0,19,342,269,150,201,192,160,951,426,162,271,226,183,53,84,0,19,0,19,304,238,206,138,190,134,16,26
1400000US36047105804,"Census Tract 1058.04, Kings County, New York",Brooklyn,6083,874,4898,739,972,294,3519,797,59,66,251,189,0,19,0,19,97,88,32,41,65,72,1185,596,53,56,341,442,18,29,0,19,0,19,254,171,519,324,487,322,32,38
1400000US36047107001,"Census Tract 1070.01, Kings County, New York",Brooklyn,4672,811,3532,757,10,12,3088,736,0,14,0,14,0,14,198,175,236,145,204,138,32,39,1140,542,50,56,193,160,14,23,0,14,0,14,677,445,206,165,206,165,0,14
1400000US36047107002,"Census Tract 1070.02, Kings County, New York",Brooklyn,0,14,0,14,0,14,0,14,0,14,0,14,0,14,0,14,0,14,0,14,0,14,0,14,0,14,0,14,0,14,0,14,0,14,0,14,0,14,0,14,0,14
1400000US36047107003,"Census Tract 1070.03, Kings County, New York",Brooklyn,0,14,0,14,0,14,0,14,0,14,0,14,0,14,0,14,0,14,0,14,0,14,0,14,0,14,0,14,0,14,0,14,0,14,0,14,0,14,0,14,0,14
1400000US36047107800,"Census Tract 1078, Kings County, New York",Brooklyn,3716,681,3227,661,29,18,2779,665,0,14,6,10,0,14,108,132,305,148,205,116,100,93,489,326,51,63,80,68,0,14,0,14,0,14,136,105,222,248,54,43,168,248
1400000US36047109800,"Census Tract 1098, Kings County, New York",Brooklyn,2348,500,2115,478,45,51,1711,484,0,14,110,116,0,14,72,126,177,168,151,167,26,36,233,122,0,14,61,68,0,14,0,14,0,14,100,55,72,74,58,70,14,23
1400000US36047110400,"Census Tract 1104, Kings County, New York",Brooklyn,5199,762,4011,757,12,21,3345,634,0,19,0,19,0,19,510,485,144,132,139,132,5,9,1188,457,56,56,178,182,0,19,0,19,0,19,869,477,85,72,85,72,0,19
1400000US36047110600,"Census Tract 1106, Kings County, New York",Brooklyn,4117,616,3460,623,82,129,3251,631,0,14,0,14,0,14,0,14,127,112,26,40,101,105,657,375,152,287,32,57,0,14,23,33,0,14,98,107,352,287,313,283,39,66
1400000US36047111000,"Census Tract 1110, Kings County, New York",Brooklyn,2984,470,1908,451,10,23,1817,442,0,14,0,14,0,14,16,26,65,60,19,29,46,48,1076,420,59,90,82,94,0,14,0,14,0,14,830,417,105,69,43,57,62,59
1400000US36047111600,"Census Tract 1116, Kings County, New York",Brooklyn,3810,845,2558,367,39,26,2256,398,0,14,0,14,30,54,0,14,233,262,216,264,17,29,1252,778,0,14,88,126,215,268,0,14,0,14,865,743,84,42,84,42,0,14
1400000US36047111800,"Census Tract 1118, Kings County, New York",Brooklyn,3872,880,2383,586,23,26,1347,439,0,14,524,447,0,14,278,266,211,198,32,44,179,192,1489,943,307,367,14,21,0,14,0,14,0,14,1116,726,52,69,6,6,46,69
1400000US36047112000,"Census Tract 1120, Kings County, New York",Brooklyn,3249,724,2256,771,4,8,1945,809,0,14,0,14,0,14,71,107,236,317,203,313,33,58,993,491,0,14,40,43,0,14,0,14,0,14,767,450,186,209,141,191,45,70
1400000US36047112200,"Census Tract 1122, Kings County, New York",Brooklyn,3500,561,2701,503,9,21,2475,498,0,14,8,31,0,14,0,14,209,256,42,50,167,270,799,359,0,14,28,43,0,14,0,14,0,14,662,370,109,81,104,79,5,13
1400000US36047112400,"Census Tract 1124, Kings County, New York",Brooklyn,3380,763,2777,776,36,44,2727,772,0,14,14,30,0,14,0,14,0,14,0,14,0,14,603,275,11,24,208,270,0,14,0,14,0,14,145,76,239,157,239,157,0,14
1400000US36047112600,"Census Tract 1126, Kings County, New York",Brooklyn,4406,775,3702,656,10,31,3467,669,0,14,0,14,0,14,56,48,169,182,169,182,0,14,704,401,77,107,42,62,0,14,0,14,0,14,411,292,174,256,0,14,174,256
1400000US36047112800,"Census Tract 1128, Kings County, New York",Brooklyn,3933,944,3168,946,0,14,2887,967,0,14,33,52,0,14,0,14,248,220,195,213,53,75,765,610,0,14,56,66,0,14,0,14,0,14,602,574,107,117,84,93,23,37
1400000US36047113000,"Census Tract 1130, Kings County, New York",Brooklyn,4490,731,3440,620,248,271,2875,722,0,14,32,59,0,14,73,80,212,179,153,182,59,82,1050,468,136,176,298,277,0,14,0,14,0,14,525,365,91,83,91,83,0,14
1400000US36047113200,"Census Tract 1132, Kings County, New York",Brooklyn,2637,500,2143,443,86,123,1844,441,0,14,14,25,0,14,25,46,174,164,80,116,94,84,494,251,0,14,0,14,0,14,0,14,0,14,439,258,55,65,45,61,10,16
1400000US36047113400,"Census Tract 1134, Kings County, New York",Brooklyn,2615,369,1878,350,0,14,1803,342,0,14,0,14,0,14,0,14,75,98,75,98,0,14,737,280,11,16,44,61,0,14,0,14,0,14,440,282,242,203,238,202,4,6
1400000US36047114201,"Census Tract 1142.01, Kings County, New York",Brooklyn,1548,335,564,162,135,89,284,119,0,14,124,99,0,14,0,14,21,32,0,14,21,32,984,280,340,264,10,16,0,14,0,14,0,14,335,193,299,182,217,133,82,134
1400000US36047114202,"Census Tract 1142.02, Kings County, New York",Brooklyn,2331,602,648,216,134,111,459,184,0,14,0,14,0,14,0,14,55,60,23,35,32,49,1683,606,12,20,73,87,26,45,0,14,0,14,1331,575,241,139,197,133,44,42
1400000US36047114400,"Census Tract 1144, Kings County, New York",Brooklyn,2423,458,1793,351,24,52,1469,383,0,14,76,100,0,14,128,109,96,79,68,71,28,42,630,409,33,52,0,14,0,14,0,14,0,14,475,393,122,105,122,105,0,14
1400000US36047114600,"Census Tract 1146, Kings County, New York",Brooklyn,3130,807,876,325,62,55,489,297,0,14,164,126,0,14,16,23,145,98,0,14,145,98,2254,809,119,102,64,65,0,14,0,14,0,14,1206,509,865,702,393,172,472,676
1400000US36047115000,"Census Tract 1150, Kings County, New York",Brooklyn,2962,637,1657,354,84,95,1456,375,0,14,0,14,0,14,4,6,113,104,46,49,67,106,1305,639,0,14,179,146,0,14,0,14,0,14,881,641,245,155,245,155,0,14
1400000US36047115200,"Census Tract 1152, Kings County, New York",Brooklyn,2558,778,2068,745,0,14,1388,545,153,231,9,15,0,14,92,140,426,431,180,198,246,388,490,258,0,14,86,98,55,85,0,14,0,14,349,254,0,14,0,14,0,14
1400000US36047115600,"Census Tract 1156, Kings County, New York",Brooklyn,4108,612,2508,598,3,6,2218,506,0,14,287,491,0,14,0,14,0,14,0,14,0,14,1600,433,0,14,238,237,0,14,0,14,0,14,806,345,556,283,556,283,0,14
1400000US36047115800,"Census Tract 1158, Kings County, New York",Brooklyn,2529,696,1910,700,31,44,1352,622,0,14,39,60,0,14,0,14,488,328,448,322,40,52,619,387,28,145,0,14,0,14,0,14,0,14,497,309,94,121,94,121,0,14
1400000US36047116000,"Census Tract 1160, Kings County, New York",Brooklyn,2420,494,1769,398,112,80,1243,402,0,14,11,23,0,14,58,69,345,265,322,263,23,36,651,263,219,158,248,188,0,14,0,14,0,14,128,104,56,94,56,94,0,14
1400000US36047116200,"Census Tract 1162, Kings County, New York",Brooklyn,2571,662,2289,558,0,14,1861,523,6,9,108,129,0,14,254,226,60,52,47,48,13,23,282,215,88,137,21,30,0,14,0,14,0,14,121,130,52,105,52,105,0,14
1400000US36047116400,"Census Tract 1164, Kings County, New York",Brooklyn,3936,839,3170,909,88,64,2571,850,0,14,258,386,0,14,118,168,135,154,103,143,32,42,766,412,0,14,70,64,0,14,0,14,0,14,589,385,107,99,107,99,0,14
1400000US36047116600,"Census Tract 1166, Kings County, New York",Brooklyn,2998,699,1737,556,52,70,1193,397,0,14,169,214,0,14,131,257,192,221,135,211,57,63,1261,697,28,38,0,14,0,14,0,14,0,14,1030,734,203,181,156,150,47,87
1400000US36047116800,"Census Tract 1168, Kings County, New York",Brooklyn,2661,582,1248,284,34,45,670,317,0,14,199,199,0,14,288,227,57,94,0,14,57,94,1413,488,0,14,85,109,0,14,0,14,0,14,1086,468,242,260,242,260,0,14
1400000US36047117000,"Census Tract 1170, Kings County, New York",Brooklyn,1952,528,270,188,13,16,185,169,0,14,0,14,0,14,0,14,72,121,72,121,0,14,1682,580,0,14,0,14,0,14,0,14,0,14,1131,335,551,475,314,310,237,359
1400000US36047117201,"Census Tract 1172.01, Kings County, New York",Brooklyn,1961,301,797,252,98,56,606,248,0,14,93,57,0,14,0,14,0,14,0,14,0,14,1164,345,365,285,19,29,0,14,0,14,0,14,462,266,318,164,270,151,48,48
1400000US36047117202,"Census Tract 1172.02, Kings County, New York",Brooklyn,4720,1093,1526,1117,52,48,1094,726,0,14,44,44,0,14,0,14,336,433,293,429,43,63,3194,654,441,351,214,194,0,14,0,14,0,14,2055,767,484,302,484,302,0,14
1400000US36047117400,"Census Tract 1174, Kings County, New York",Brooklyn,3827,762,758,425,227,224,369,338,0,14,34,59,0,14,36,48,92,94,0,14,92,94,3069,687,125,165,0,14,0,14,0,14,0,14,2566,719,378,347,310,342,68,92
1400000US36047117601,"Census Tract 1176.01, Kings County, New York",Brooklyn,3029,748,908,317,64,43,471,214,0,14,68,58,0,14,0,14,305,253,303,254,2,6,2121,823,49,51,513,555,0,14,0,14,0,14,1383,513,176,182,176,182,0,14
1400000US36047117602,"Census Tract 1176.02, Kings County, New York",Brooklyn,3393,742,1026,322,244,216,365,187,0,14,182,176,42,69,123,122,70,127,0,14,70,127,2367,858,109,157,10,21,0,14,0,14,0,14,1312,564,936,492,908,484,28,56
1400000US36047117800,"Census Tract 1178, Kings County, New York",Brooklyn,1777,556,388,133,20,22,78,69,0,14,197,143,0,14,93,91,0,14,0,14,0,14,1389,541,66,73,0,14,0,14,0,14,0,14,1203,499,120,138,120,138,0,14
1400000US36047118000,"Census Tract 1180, Kings County, New York",Brooklyn,0,14,0,14,0,14,0,14,0,14,0,14,0,14,0,14,0,14,0,14,0,14,0,14,0,14,0,14,0,14,0,14,0,14,0,14,0,14,0,14,0,14
1400000US36047118201,"Census Tract 1182.01, Kings County, New York",Brooklyn,3674,620,681,294,34,31,349,275,0,14,244,164,0,14,14,16,40,40,0,14,40,40,2993,659,162,128,0,14,0,14,0,14,0,14,2647,741,184,160,62,53,122,147
1400000US36047118202,"Census Tract 1182.02, Kings County, New York",Brooklyn,3288,614,912,444,527,374,325,231,0,14,14,21,0,14,0,14,46,51,46,51,0,14,2376,560,70,66,12,17,0,14,10,14,0,14,2006,540,278,136,210,135,68,69
1400000US36047118400,"Census Tract 1184, Kings County, New York",Brooklyn,4826,878,1047,568,142,115,567,522,0,14,75,82,0,14,263,264,0,14,0,14,0,14,3779,974,194,137,168,183,0,14,0,14,0,14,3147,932,270,219,270,219,0,14
1400000US36047118600,"Census Tract 1186, Kings County, New York",Brooklyn,3099,576,1765,505,105,109,505,245,0,14,919,498,0,14,88,139,148,123,83,96,65,101,1334,322,27,28,70,102,0,14,0,14,0,14,959,374,278,198,261,173,17,32
1400000US36047118800,"Census Tract 1188, Kings County, New York",Brooklyn,4778,1016,3608,1065,182,169,1015,851,0,14,2223,708,0,14,37,56,151,135,123,132,28,32,1170,362,0,14,0,14,0,14,0,14,0,14,820,373,350,274,350,274,0,14
1400000US36047119000,"Census Tract 1190, Kings County, New York",Brooklyn,1785,516,752,253,38,53,359,209,0,14,198,173,0,14,84,79,73,169,0,14,73,169,1033,463,0,14,426,141,0,14,19,28,0,14,588,470,0,14,0,14,0,14
1400000US36047119200,"Census Tract 1192, Kings County, New York",Brooklyn,3885,724,2294,876,150,97,1133,618,0,14,167,189,0,14,0,14,844,645,613,620,231,308,1591,519,72,75,0,14,0,14,0,14,0,14,1359,579,160,121,126,112,34,63
1400000US36047119400,"Census Tract 1194, Kings County, New York",Brooklyn,4816,1084,3385,1058,0,14,2275,545,0,14,902,859,0,14,47,76,161,160,120,151,41,56,1431,696,251,366,0,14,0,14,0,14,0,14,1025,647,155,235,155,235,0,14
1400000US36047119600,"Census Tract 1196, Kings County, New York",Brooklyn,5979,804,4754,612,63,73,1769,575,0,19,2008,744,0,19,614,697,300,258,163,188,137,164,1225,656,16,24,0,19,0,19,0,19,0,19,1056,644,153,152,153,152,0,19
1400000US36047119800,"Census Tract 1198, Kings County, New York",Brooklyn,3514,938,1124,413,236,165,626,424,0,14,192,287,0,14,50,83,20,33,0,14,20,33,2390,1012,0,14,0,14,0,14,0,14,0,14,2076,1015,314,277,314,277,0,14
1400000US36047120000,"Census Tract 1200, Kings County, New York",Brooklyn,2922,440,2431,492,75,75,1146,343,0,14,1002,340,161,153,0,14,47,48,0,14,47,48,491,265,22,26,8,13,0,14,0,14,0,14,370,265,91,90,81,86,10,18
1400000US36047120200,"Census Tract 1202, Kings County, New York",Brooklyn,1999,407,1389,336,154,185,258,176,0,14,639,254,0,14,211,179,127,170,127,170,0,14,610,329,0,14,0,14,0,14,0,14,0,14,459,337,151,137,151,137,0,14
1400000US36047120801,"Census Tract 1208.01, Kings County, New York",Brooklyn,4834,984,4367,802,121,115,2461,857,0,14,1350,530,0,14,14,27,421,282,345,265,76,100,467,492,0,14,84,130,0,14,0,14,0,14,52,55,331,464,331,464,0,14
1400000US36047120802,"Census Tract 1208.02, Kings County, New York",Brooklyn,5247,1381,5124,1393,0,19,5065,1404,0,19,59,94,0,19,0,19,0,19,0,19,0,19,123,94,0,19,17,27,0,19,0,19,0,19,62,74,44,54,30,50,14,22
1400000US36047120803,"Census Tract 1208.03, Kings County, New York",Brooklyn,1350,233,859,184,67,41,691,161,5,10,12,14,0,14,67,90,17,22,0,14,17,22,491,154,24,36,27,30,0,14,0,14,0,14,348,149,92,50,78,43,14,23
1400000US36047121000,"Census Tract 1210, Kings County, New York",Brooklyn,3738,755,1736,518,0,14,1717,523,0,14,19,29,0,14,0,14,0,14,0,14,0,14,2002,625,627,614,210,175,0,14,17,29,0,14,993,290,155,111,116,90,39,67
1400000US36047121400,"Census Tract 1214, Kings County, New York",Brooklyn,4512,837,2876,675,46,72,2625,648,112,156,18,28,0,14,0,14,75,71,24,44,51,60,1636,520,69,87,202,307,0,14,0,14,0,14,1128,474,237,204,237,204,0,14
1400000US36047122000,"Census Tract 1220, Kings County, New York",Brooklyn,6991,1232,6202,1304,0,19,5687,1374,0,19,463,692,0,19,0,19,52,76,0,19,52,76,789,421,20,32,132,158,0,19,0,19,0,19,436,403,201,135,154,112,47,37
1400000US36047123700,"Census Tract 1237, Kings County, New York",Brooklyn,9642,1611,9368,1617,8870,1699,401,280,0,19,43,59,0,19,22,36,32,51,32,51,0,19,274,217,37,54,0,19,0,19,0,19,0,19,187,206,50,81,50,81,0,19
1400000US36047150200,"Census Tract 1502, Kings County, New York",Brooklyn,2884,426,2660,404,2399,399,119,103,12,23,105,68,0,14,0,14,25,30,0,14,25,30,224,175,53,62,0,14,0,14,0,14,0,14,14,23,157,141,157,141,0,14
1400000US36047152200,"Census Tract 1522, Kings County, New York",Brooklyn,2913,647,2678,648,1598,274,135,112,0,14,667,598,0,14,0,14,278,186,123,118,155,141,235,202,0,14,0,14,0,14,0,14,0,14,58,60,177,215,177,215,0,14
1400000US36047990100,"Census Tract 9901, Kings County, New York",Brooklyn,0,14,0,14,0,14,0,14,0,14,0,14,0,14,0,14,0,14,0,14,0,14,0,14,0,14,0,14,0,14,0,14,0,14,0,14,0,14,0,14,0,14
1400000US36061000100,"Census Tract 1, New York County, New York",Manhattan,0,14,0,14,0,14,0,14,0,14,0,14,0,14,0,14,0,14,0,14,0,14,0,14,0,14,0,14,0,14,0,14,0,14,0,14,0,14,0,14,0,14
1400000US36061000201,"Census Tract 2.01, New York County, New York",Manhattan,2666,1277,1042,265,123,81,481,267,0,14,368,135,0,14,0,14,70,108,0,14,70,108,1624,1268,132,144,49,42,0,14,16,29,0,14,475,141,952,1258,926,1257,26,29
1400000US36061000202,"Census Tract 2.02, New York County, New York",Manhattan,6763,777,4438,785,1804,650,1034,448,0,19,1445,500,0,19,5,11,150,179,19,27,131,179,2325,453,175,136,34,39,20,32,0,19,0,19,1254,510,842,377,632,323,210,146
1400000US36061000500,"Census Tract 5, New York County, New York",Manhattan,0,14,0,14,0,14,0,14,0,14,0,14,0,14,0,14,0,14,0,14,0,14,0,14,0,14,0,14,0,14,0,14,0,14,0,14,0,14,0,14,0,14
1400000US36061000600,"Census Tract 6, New York County, New York",Manhattan,10302,1393,7598,1186,1373,519,655,434,0,21,5015,965,0,21,233,372,322,275,288,272,34,53,2704,808,153,151,37,60,0,21,0,21,0,21,1720,721,794,653,389,502,405,408
1400000US36061000700,"Census Tract 7, New York County, New York",Manhattan,9134,1087,8056,913,5781,911,419,288,0,19,1227,550,0,19,0,19,629,438,0,19,629,438,1078,479,93,118,0,19,0,19,0,19,0,19,228,231,757,373,532,353,225,325
1400000US36061000800,"Census Tract 8, New York County, New York",Manhattan,8747,1467,8458,1465,1362,385,90,78,13,22,6819,1366,0,19,0,19,174,137,43,54,131,128,289,219,24,39,0,19,35,62,22,48,0,19,130,172,78,101,66,98,12,18
1400000US36061000900,"Census Tract 9, New York County, New York",Manhattan,1966,288,1708,289,1121,278,114,74,0,14,295,113,0,14,6,9,172,59,5,7,167,59,258,105,36,28,6,8,0,14,0,14,0,14,103,70,113,99,113,99,0,14
1400000US36061001001,"Census Tract 10.01, New York County, New York",Manhattan,1745,211,1422,200,997,167,52,33,0,14,204,106,0,14,40,49,129,75,36,55,93,53,323,85,45,40,31,28,0,14,0,14,0,14,134,40,113,67,66,44,47,48
1400000US36061001002,"Census Tract 10.02, New York County, New York",Manhattan,6513,862,2949,656,184,128,1221,594,0,19,1244,466,0,19,224,366,76,79,40,60,36,51,3564,724,483,565,109,88,49,52,0,19,0,19,1760,531,1163,610,1120,614,43,53
1400000US36061001200,"Census Tract 12, New York County, New York",Manhattan,4173,520,3276,476,2381,482,45,70,0,14,660,172,0,14,69,80,121,102,53,60,68,84,897,256,53,44,21,39,0,14,23,36,0,14,276,166,524,269,465,267,59,114
1400000US36061001300,"Census Tract 13, New York County, New York",Manhattan,5062,767,4829,783,3313,628,258,273,0,19,1176,648,0,19,54,91,28,42,14,24,14,27,233,180,82,101,0,19,0,19,0,19,0,19,64,71,87,117,64,112,23,38
1400000US36061001401,"Census Tract 14.01, New York County, New York",Manhattan,3707,682,3320,710,2574,633,79,51,0,14,284,150,53,89,40,48,290,197,7,11,283,197,387,149,59,53,10,15,8,14,0,14,0,14,195,115,115,93,90,61,25,38
1400000US36061001402,"Census Tract 14.02, New York County, New York",Manhattan,3463,694,2772,752,1040,308,280,173,17,27,1270,595,0,14,0,14,165,138,66,86,99,108,691,233,199,198,14,23,92,114,0,14,0,14,306,210,80,65,80,65,0,14
1400000US36061001501,"Census Tract 15.01, New York County, New York",Manhattan,7677,1806,7264,1784,4646,1557,410,335,0,19,1532,395,0,19,476,632,200,134,52,76,148,117,413,213,111,79,11,19,0,19,0,19,0,19,24,31,267,198,256,194,11,22
1400000US36061001502,"Census Tract 15.02, New York County, New York",Manhattan,8375,873,7501,941,4662,884,473,375,25,28,1919,480,0,19,34,57,388,229,24,40,364,217,874,311,220,151,52,65,0,19,25,42,0,19,140,148,437,216,394,199,43,62
1400000US36061001600,"Census Tract 16, New York County, New York",Manhattan,7221,1171,7107,1185,1678,585,126,87,0,19,5058,1093,0,19,0,19,245,170,0,19,245,170,114,69,14,23,0,19,0,19,0,19,0,19,69,50,31,31,16,33,15,34
1400000US36061001800,"Census Tract 18, New York County, New York",Manhattan,6706,943,5939,881,2376,511,375,193,0,19,2991,706,0,19,92,147,105,74,35,45,70,61,767,322,62,57,8,16,0,19,0,19,0,19,192,113,505,294,299,151,206,219
1400000US36061002000,"Census Tract 20, New York County, New York",Manhattan,5048,723,2092,331,32,31,946,381,0,19,830,209,0,19,44,53,240,262,91,110,149,235,2956,678,350,270,134,119,0,19,0,19,0,19,1719,504,753,650,716,639,37,58
1400000US36061002100,"Census Tract 21, New York County, New York",Manhattan,7441,996,6946,916,5238,982,236,260,0,19,783,322,0,19,0,19,689,332,57,87,632,328,495,360,382,270,0,19,0,19,0,19,0,19,62,100,51,51,33,40,18,33
1400000US36061002201,"Census Tract 22.01, New York County, New York",Manhattan,6795,838,4387,937,1585,549,1226,621,0,19,1161,381,0,19,145,131,270,182,24,37,246,177,2408,501,157,152,3,6,0,19,0,19,0,19,1845,502,403,228,299,195,104,137
1400000US36061002202,"Census Tract 22.02, New York County, New York",Manhattan,2502,569,1940,549,1429,486,167,113,0,14,294,127,0,14,16,17,34,37,0,14,34,37,562,255,115,105,18,28,11,19,24,38,0,14,277,225,117,87,117,87,0,14
1400000US36061002400,"Census Tract 24, New York County, New York",Manhattan,4523,773,1695,581,110,95,938,289,0,14,591,361,0,14,0,14,56,57,10,16,46,55,2828,643,127,87,131,144,53,68,0,14,6,11,1875,509,636,447,636,447,0,14
1400000US36061002500,"Census Tract 25, New York County, New York",Manhattan,4476,900,3184,851,137,85,1321,786,18,29,1579,239,25,40,0,14,104,87,0,14,104,87,1292,213,228,119,95,138,0,14,0,14,0,14,308,149,661,175,472,153,189,145
1400000US36061002601,"Census Tract 26.01, New York County, New York",Manhattan,4199,756,2126,556,1047,489,808,293,0,14,212,118,0,14,20,22,39,38,5,14,34,36,2073,596,281,295,6,13,41,57,4,10,0,14,1076,293,665,549,562,536,103,95
1400000US36061002602,"Census Tract 26.02, New York County, New York",Manhattan,3528,547,2978,560,2134,558,300,232,104,135,317,191,0,14,0,14,123,130,0,14,123,130,550,258,232,203,0,14,0,14,0,14,0,14,120,125,198,220,175,211,23,40
1400000US36061002700,"Census Tract 27, New York County, New York",Manhattan,1101,320,1091,318,206,72,1,2,6,12,866,323,0,14,5,9,7,11,0,14,7,11,10,12,8,11,0,14,0,14,0,14,0,14,2,3,0,14,0,14,0,14
1400000US36061002800,"Census Tract 28, New York County, New York",Manhattan,6509,1033,4327,968,2102,808,687,172,25,41,1050,375,0,19,43,48,420,513,231,286,189,231,2182,485,259,166,0,19,0,19,0,19,0,19,1064,331,859,432,709,389,150,175
1400000US36061002901,"Census Tract 29.01, New York County, New York",Manhattan,562,74,350,105,78,64,203,38,0,14,57,56,0,14,0,14,12,18,0,14,12,18,212,64,79,65,5,10,0,14,0,14,0,14,128,108,0,14,0,14,0,14
1400000US36061002902,"Census Tract 29.02, New York County, New York",Manhattan,3493,898,3424,899,424,208,1,2,0,14,2928,856,0,14,0,14,71,100,18,28,53,73,69,89,10,16,0,14,0,14,0,14,0,14,0,14,59,86,1,2,58,86
1400000US36061003001,"Census Tract 30.01, New York County, New York",Manhattan,4270,581,3210,527,2141,455,395,336,0,14,494,165,0,14,16,28,164,87,19,29,145,79,1060,527,246,333,14,30,0,14,0,14,0,14,250,198,550,426,550,426,0,14
1400000US36061003002,"Census Tract 30.02, New York County, New York",Manhattan,2833,258,2315,306,1525,312,116,109,0,14,587,185,0,14,0,14,87,63,0,14,87,63,518,214,108,80,43,72,0,14,0,14,0,14,213,151,154,99,130,94,24,48
1400000US36061003100,"Census Tract 31, New York County, New York",Manhattan,2910,323,2486,324,1127,204,427,95,0,14,825,282,0,14,37,41,70,49,23,26,47,42,424,136,40,42,0,14,0,14,0,14,0,14,23,24,361,143,343,141,18,20
1400000US36061003200,"Census Tract 32, New York County, New York",Manhattan,7866,1300,7460,1291,6046,1298,157,149,0,19,742,232,0,19,269,253,246,213,0,19,246,213,406,266,13,27,0,19,29,50,0,19,0,19,214,223,150,137,92,102,58,103
1400000US36061003300,"Census Tract 33, New York County, New York",Manhattan,5951,720,5609,694,4040,756,54,60,0,19,566,222,0,19,27,40,922,571,534,464,388,251,342,173,128,114,0,19,0,19,0,19,0,19,121,138,93,111,93,111,0,19
1400000US36061003400,"Census Tract 34, New York County, New York",Manhattan,6990,1061,5802,1069,4297,869,345,289,0,19,767,319,0,19,0,19,393,271,0,19,393,271,1188,285,176,219,41,80,0,19,0,19,0,19,700,391,271,201,215,177,56,113
1400000US36061003601,"Census Tract 36.01, New York County, New York",Manhattan,3050,406,2125,380,1011,394,384,173,0,14,545,125,0,14,79,73,106,78,71,66,35,40,925,184,107,101,34,26,0,14,0,14,0,14,328,183,456,241,456,241,0,14
1400000US36061003602,"Census Tract 36.02, New York County, New York",Manhattan,3444,515,2890,531,2133,536,346,94,0,14,290,104,0,14,5,13,116,107,43,65,73,81,554,147,110,73,3,9,0,14,0,14,0,14,100,79,341,163,260,142,81,90
1400000US36061003700,"Census Tract 37, New York County, New York",Manhattan,3460,656,3130,584,2154,357,301,349,0,14,572,523,0,14,0,14,103,153,27,44,76,152,330,284,20,35,0,14,0,14,0,14,0,14,31,45,279,276,276,276,3,6
1400000US36061003800,"Census Tract 38, New York County, New York",Manhattan,7282,1161,6216,884,4684,830,174,150,0,19,1134,444,0,19,70,86,154,112,4,8,150,112,1066,496,166,112,3,4,0,19,0,19,0,19,386,354,511,379,511,379,0,19
1400000US36061003900,"Census Tract 39, New York County, New York",Manhattan,5699,1143,5266,1139,3144,577,23,27,0,19,1828,1051,0,19,33,54,238,176,41,54,197,180,433,265,34,55,0,19,0,19,0,19,0,19,207,171,192,125,192,125,0,19
1400000US36061004001,"Census Tract 40.01, New York County, New York",Manhattan,3304,539,3003,533,2341,512,58,52,0,14,510,193,0,14,0,14,94,73,35,54,59,51,301,192,30,49,0,14,0,14,0,14,0,14,68,68,203,179,203,179,0,14
1400000US36061004002,"Census Tract 40.02, New York County, New York",Manhattan,6268,1660,5525,1666,3666,1629,366,157,32,44,1074,311,9,19,0,19,378,324,0,19,378,324,743,291,149,106,0,19,0,19,9,19,0,19,195,220,390,126,353,111,37,58
1400000US36061004100,"Census Tract 41, New York County, New York",Manhattan,6889,1593,6452,1613,3367,1598,161,76,31,45,2646,576,0,19,55,87,192,95,26,41,166,86,437,191,65,53,16,29,0,19,0,19,0,19,104,62,252,156,200,145,52,79
1400000US36061004200,"Census Tract 42, New York County, New York",Manhattan,5141,395,4633,396,2573,377,421,140,9,19,1413,220,0,19,12,24,205,111,57,55,148,94,508,170,86,86,0,19,0,19,0,19,0,19,33,40,389,140,389,140,0,19
1400000US36061004300,"Census Tract 43, New York County, New York",Manhattan,3524,469,3001,609,2090,598,7,5,9,15,659,294,0,14,59,77,177,124,0,14,177,124,523,330,205,197,0,14,0,14,0,14,0,14,85,135,233,194,202,188,31,51
1400000US36061004400,"Census Tract 44, New York County, New York",Manhattan,16963,2244,15772,2072,12725,1728,289,265,0,21,2016,1003,0,21,61,103,681,519,268,282,413,422,1191,591,257,243,133,159,0,21,94,158,0,21,163,167,544,466,480,448,64,106
1400000US36061004500,"Census Tract 45, New York County, New York",Manhattan,957,186,926,177,710,131,17,24,0,14,144,103,0,14,0,14,55,35,0,14,55,35,31,36,7,10,0,14,0,14,0,14,0,14,3,20,21,27,10,19,11,18
1400000US36061004700,"Census Tract 47, New York County, New York",Manhattan,2187,438,2038,420,1657,427,0,14,0,14,287,163,0,14,10,18,84,81,0,14,84,81,149,91,27,45,0,14,9,15,0,14,0,14,39,51,74,55,63,51,11,19
1400000US36061004800,"Census Tract 48, New York County, New York",Manhattan,6972,724,6359,722,4651,665,384,185,0,19,1129,339,17,32,20,32,158,111,81,76,77,80,613,226,116,64,0,19,0,19,0,19,0,19,200,141,297,174,200,114,97,110
1400000US36061004900,"Census Tract 49, New York County, New York",Manhattan,4203,835,3889,799,3289,778,61,59,0,14,476,282,0,14,0,14,63,100,63,100,0,14,314,195,128,131,0,14,0,14,0,14,0,14,40,52,146,136,92,117,54,63
1400000US36061005000,"Census Tract 50, New York County, New York",Manhattan,4774,783,4604,745,3560,737,42,52,0,14,606,169,0,14,68,80,328,164,50,57,278,146,170,157,23,30,0,14,0,14,0,14,0,14,57,55,90,107,90,107,0,14
1400000US36061005200,"Census Tract 52, New York County, New York",Manhattan,3543,360,3286,370,2372,333,175,112,11,23,471,194,11,23,23,39,223,133,73,90,150,116,257,115,78,88,0,14,0,14,0,14,0,14,26,31,153,94,153,94,0,14
1400000US36061005400,"Census Tract 54, New York County, New York",Manhattan,4453,541,4138,588,3196,374,40,58,0,14,768,429,0,14,0,14,134,105,37,59,97,87,315,191,148,153,0,14,0,14,0,14,0,14,53,59,114,94,91,89,23,36
1400000US36061005501,"Census Tract 55.01, New York County, New York",Manhattan,5346,775,4941,782,2581,473,492,485,0,19,1617,665,0,19,53,104,198,117,32,38,166,102,405,203,95,93,0,19,39,67,0,19,0,19,16,33,255,172,188,142,67,87
1400000US36061005502,"Census Tract 55.02, New York County, New York",Manhattan,1899,278,1707,314,1207,223,80,47,0,14,375,219,0,14,0,14,45,44,0,14,45,44,192,113,40,40,0,14,0,14,0,14,0,14,17,29,135,103,135,103,0,14
1400000US36061005600,"Census Tract 56, New York County, New York",Manhattan,3822,703,2903,377,1660,289,383,221,0,14,358,203,0,14,96,128,406,250,133,169,273,187,919,596,97,85,53,91,0,14,0,14,0,14,93,71,676,596,676,596,0,14
1400000US36061005700,"Census Tract 57, New York County, New York",Manhattan,2600,578,2468,574,2066,534,12,24,0,14,238,189,0,14,0,14,152,115,54,52,98,108,132,88,31,33,0,14,0,14,0,14,0,14,39,42,62,71,62,71,0,14
1400000US36061005800,"Census Tract 58, New York County, New York",Manhattan,3986,581,3709,624,2568,535,355,476,32,50,655,379,0,14,14,23,85,82,77,81,8,13,277,224,1,38,0,14,0,14,0,14,0,14,16,27,260,228,130,141,130,195
1400000US36061005900,"Census Tract 59, New York County, New York",Manhattan,5120,629,4857,609,3771,604,158,63,12,26,706,212,0,19,87,95,123,101,62,52,61,83,263,163,46,61,0,19,0,19,0,19,0,19,101,122,116,68,116,68,0,19
1400000US36061006000,"Census Tract 60, New York County, New York",Manhattan,5077,940,4759,966,3602,974,145,110,9,14,591,227,0,19,7,11,405,241,0,19,405,241,318,172,43,56,0,19,0,19,0,19,0,19,146,116,129,86,129,86,0,19
1400000US36061006100,"Census Tract 61, New York County, New York",Manhattan,5319,632,4541,667,2690,449,322,155,8,17,1283,575,0,19,33,39,205,153,0,19,205,153,778,312,30,36,404,305,0,19,0,19,0,19,17,31,327,134,327,134,0,19
1400000US36061006200,"Census Tract 62, New York County, New York",Manhattan,3886,586,3266,574,1396,346,638,357,13,20,996,232,0,14,152,197,71,76,43,70,28,32,620,215,44,48,0,14,0,14,0,14,0,14,286,105,290,147,290,147,0,14
1400000US36061006300,"Census Tract 63, New York County, New York",Manhattan,5759,847,5437,760,4847,738,79,21,0,19,383,164,0,19,0,19,128,107,37,46,91,99,322,214,142,140,14,24,0,19,0,19,0,19,9,12,157,138,97,78,60,111
1400000US36061006400,"Census Tract 64, New York County, New York",Manhattan,7729,1102,7050,1085,4592,994,640,575,0,19,1436,538,0,19,46,65,336,268,119,157,217,221,679,312,315,253,45,72,0,19,0,19,0,19,45,56,274,252,274,252,0,19
1400000US36061006500,"Census Tract 65, New York County, New York",Manhattan,5585,754,5148,782,4336,789,158,79,0,19,436,220,0,19,32,37,186,128,30,49,156,118,437,173,95,80,0,19,25,40,0,19,0,19,54,76,263,138,263,138,0,19
1400000US36061006600,"Census Tract 66, New York County, New York",Manhattan,11034,1832,9154,1792,5832,1730,850,625,26,40,2102,854,0,21,79,130,265,200,43,73,222,179,1880,494,383,377,0,21,0,21,0,21,0,21,647,431,850,490,751,480,99,141
1400000US36061006700,"Census Tract 67, New York County, New York",Manhattan,4652,858,4267,858,3582,672,185,232,0,14,351,188,0,14,11,18,138,119,72,92,66,74,385,190,89,92,0,14,0,14,0,14,0,14,91,82,205,152,176,138,29,40
1400000US36061006800,"Census Tract 68, New York County, New York",Manhattan,6430,970,5817,1007,4007,810,436,174,11,22,710,184,0,19,0,19,653,343,30,48,623,345,613,266,30,38,0,19,0,19,0,19,6,14,135,117,442,240,442,240,0,19
1400000US36061006900,"Census Tract 69, New York County, New York",Manhattan,2681,339,2336,319,1943,281,39,37,0,14,243,112,0,14,0,14,111,96,68,85,43,53,345,135,114,87,0,14,0,14,0,14,0,14,19,25,212,113,212,113,0,14
1400000US36061007001,"Census Tract 70.01, New York County, New York",Manhattan,3997,1249,3712,1269,2881,1261,161,121,0,14,509,225,0,14,67,101,94,119,0,14,94,119,285,149,81,81,28,39,0,14,0,14,0,14,0,14,176,122,146,120,30,40
1400000US36061007002,"Census Tract 70.02, New York County, New York",Manhattan,3479,486,3201,429,2374,398,239,191,0,14,454,170,0,14,0,14,134,90,27,36,107,90,278,171,118,136,0,14,0,14,12,20,0,14,9,20,139,108,97,77,42,73
1400000US36061007100,"Census Tract 71, New York County, New York",Manhattan,5231,1164,4425,771,3576,594,116,82,0,19,458,396,0,19,0,19,275,178,62,73,213,164,806,784,495,718,0,19,0,19,27,45,0,19,0,19,284,296,284,296,0,19
1400000US36061007200,"Census Tract 72, New York County, New York",Manhattan,7113,1004,6710,955,4682,724,248,179,79,134,988,367,0,19,20,44,693,412,137,139,556,382,403,348,92,98,7,20,0,19,0,19,0,19,187,310,117,127,117,127,0,19
1400000US36061007300,"Census Tract 73, New York County, New York",Manhattan,5393,819,4615,783,3957,720,180,222,0,19,233,173,0,19,0,19,245,173,23,35,222,167,778,494,89,144,0,19,0,19,0,19,0,19,236,226,453,464,453,464,0,19
1400000US36061007400,"Census Tract 74, New York County, New York",Manhattan,5355,653,4730,610,3273,619,188,77,0,19,1149,405,0,19,5,11,115,116,44,57,71,85,625,244,26,32,12,22,0,19,0,19,12,23,251,135,324,163,295,161,29,34
1400000US36061007500,"Census Tract 75, New York County, New York",Manhattan,3898,613,3714,603,3282,590,99,86,0,14,294,230,0,14,13,21,26,41,26,41,0,14,184,132,88,106,0,14,0,14,0,14,0,14,19,28,77,66,77,66,0,14
1400000US36061007600,"Census Tract 76, New York County, New York",Manhattan,2362,399,1927,399,876,325,227,149,0,14,684,196,0,14,0,14,140,109,60,67,80,79,435,119,30,37,8,29,0,14,0,14,0,14,11,27,386,97,308,81,78,70
1400000US36061007700,"Census Tract 77, New York County, New York",Manhattan,5600,633,5215,605,4517,577,0,19,21,42,278,145,0,19,0,19,399,224,41,43,358,219,385,181,164,129,0,19,0,19,13,21,0,19,129,133,79,67,68,65,11,18
1400000US36061007800,"Census Tract 78, New York County, New York",Manhattan,8015,1174,6964,1143,4013,821,142,127,0,19,2382,709,0,19,43,70,384,238,60,60,324,226,1051,594,48,63,0,19,0,19,0,19,0,19,290,154,713,572,631,582,82,99
1400000US36061007900,"Census Tract 79, New York County, New York",Manhattan,4458,774,3666,787,3241,700,156,241,5,10,220,151,0,14,0,14,44,84,0,14,44,84,792,369,122,124,0,14,0,14,0,14,0,14,19,31,651,305,651,305,0,14
1400000US36061008000,"Census Tract 80, New York County, New York",Manhattan,5319,718,4933,666,3702,685,278,264,0,19,832,290,0,19,86,124,35,32,15,21,20,24,386,253,12,19,0,19,0,19,0,19,0,19,50,29,324,252,323,252,1,3
1400000US36061008100,"Census Tract 81, New York County, New York",Manhattan,6191,1160,5583,1122,4429,1154,61,57,0,19,679,343,0,19,55,60,359,203,193,192,166,109,608,295,24,38,0,19,0,19,0,19,0,19,227,192,357,206,357,206,0,19
1400000US36061008200,"Census Tract 82, New York County, New York",Manhattan,3450,591,2963,571,1868,322,155,143,0,14,593,259,0,14,0,14,347,438,260,423,87,90,487,157,0,14,0,14,0,14,0,14,0,14,16,25,471,151,471,151,0,14
1400000US36061008300,"Census Tract 83, New York County, New York",Manhattan,3614,544,2414,425,1394,362,96,158,0,14,402,201,0,14,59,96,463,361,86,133,377,344,1200,503,157,128,0,14,72,71,0,14,0,14,660,422,311,215,311,215,0,14
1400000US36061008400,"Census Tract 84, New York County, New York",Manhattan,1765,418,1549,432,561,341,241,184,10,25,667,245,0,14,0,14,70,70,0,14,70,70,216,152,36,42,17,28,0,14,0,14,0,14,45,50,118,138,118,138,0,14
1400000US36061008601,"Census Tract 86.01, New York County, New York",Manhattan,3332,509,2885,426,1412,312,31,43,0,14,1281,364,0,14,7,11,154,103,0,14,154,103,447,227,72,59,0,14,0,14,0,14,0,14,0,14,375,212,332,200,43,58
1400000US36061008602,"Census Tract 86.02, New York County, New York",Manhattan,0,14,0,14,0,14,0,14,0,14,0,14,0,14,0,14,0,14,0,14,0,14,0,14,0,14,0,14,0,14,0,14,0,14,0,14,0,14,0,14,0,14
1400000US36061008603,"Census Tract 86.03, New York County, New York",Manhattan,4970,856,4380,613,3457,504,0,14,0,14,581,262,0,14,19,30,323,202,78,124,245,161,590,566,138,219,8,13,0,14,0,14,0,14,302,488,142,109,99,82,43,72
1400000US36061008700,"Census Tract 87, New York County, New York",Manhattan,5376,778,4618,853,3399,695,413,527,0,19,549,256,0,19,59,66,198,119,35,54,163,126,758,433,150,212,0,19,0,19,0,19,0,19,286,314,322,222,207,167,115,133
1400000US36061008800,"Census Tract 88, New York County, New York",Manhattan,7567,1017,7165,963,3896,840,460,397,112,164,1560,587,0,19,150,143,987,477,348,205,639,413,402,290,33,55,0,19,18,33,0,19,0,19,264,275,87,82,87,82,0,19
1400000US36061008900,"Census Tract 89, New York County, New York",Manhattan,5890,824,4984,762,3697,692,375,256,0,19,609,251,0,19,0,19,303,186,46,55,257,177,906,371,111,97,0,19,0,19,0,19,0,19,372,294,423,297,407,299,16,28
1400000US36061009000,"Census Tract 90, New York County, New York",Manhattan,7239,1066,6641,958,4969,895,198,193,0,19,974,417,0,19,337,423,163,118,27,47,136,110,598,370,247,226,0,19,0,19,0,19,0,19,78,84,273,189,273,189,0,19
1400000US36061009100,"Census Tract 91, New York County, New York",Manhattan,6539,589,5590,630,3678,612,724,274,0,19,871,248,0,19,0,19,317,268,0,19,317,268,949,398,321,257,0,19,0,19,0,19,0,19,333,236,295,227,211,180,84,90
1400000US36061009200,"Census Tract 92, New York County, New York",Manhattan,1387,241,1204,247,756,221,8,10,7,13,357,168,0,14,0,14,76,44,0,14,76,44,183,71,7,12,0,14,5,8,0,14,0,14,84,61,87,61,87,61,0,14
1400000US36061009300,"Census Tract 93, New York County, New York",Manhattan,9559,1076,7922,1090,6175,1027,805,349,0,19,514,195,0,19,168,215,260,259,49,72,211,243,1637,502,426,368,49,77,0,19,0,19,0,19,710,372,452,278,452,278,0,19
1400000US36061009400,"Census Tract 94, New York County, New York",Manhattan,70,46,64,47,32,21,0,14,8,13,7,8,17,36,0,14,0,14,0,14,0,14,6,9,0,14,0,14,6,9,0,14,0,14,0,14,0,14,0,14,0,14
1400000US36061009500,"Census Tract 95, New York County, New York",Manhattan,3765,442,3427,393,2445,364,259,105,0,14,605,172,0,14,24,30,94,58,13,22,81,57,338,151,123,104,0,14,10,16,0,14,0,14,82,67,123,79,99,68,24,29
1400000US36061009600,"Census Tract 96, New York County, New York",Manhattan,560,61,430,78,93,50,179,77,0,14,84,32,0,14,7,9,67,132,31,66,36,66,130,61,25,41,0,14,0,14,0,14,0,14,87,22,18,16,18,16,0,14
1400000US36061009700,"Census Tract 97, New York County, New York",Manhattan,4875,739,3685,695,2039,509,423,508,0,14,821,298,0,14,271,346,131,83,43,49,88,70,1190,334,168,184,0,14,13,24,0,14,0,14,447,298,562,304,390,263,172,180
1400000US36061009800,"Census Tract 98, New York County, New York",Manhattan,8874,1231,8417,1185,5836,1123,112,107,0,19,1947,676,0,19,30,49,492,257,107,114,385,250,457,262,34,57,0,19,0,19,0,19,0,19,126,109,297,228,259,215,38,66
1400000US36061009901,"Census Tract 99.01, New York County, New York",Manhattan,1948,462,1794,456,1272,481,55,52,0,14,313,168,0,14,32,48,122,123,16,73,106,87,154,74,53,49,0,14,0,14,0,14,0,14,49,48,52,49,52,49,0,14
1400000US36061009902,"Census Tract 99.02, New York County, New York",Manhattan,4019,576,3325,553,1691,374,394,174,0,14,947,408,0,14,82,123,211,181,47,50,164,176,694,244,133,111,33,42,0,14,0,14,0,14,93,69,435,212,418,216,17,35
1400000US36061009903,"Census Tract 99.03, New York County, New York",Manhattan,1465,196,1259,175,626,206,122,103,0,14,409,144,0,14,13,22,89,79,0,14,89,79,206,116,33,50,0,14,0,14,0,14,0,14,93,66,80,79,43,62,37,52
1400000US36061010000,"Census Tract 100, New York County, New York",Manhattan,1618,352,1324,208,978,193,39,41,0,14,259,123,0,14,0,14,48,42,27,34,21,22,294,314,241,310,0,14,0,14,0,14,0,14,18,20,35,36,35,36,0,14
1400000US36061010100,"Census Tract 101, New York County, New York",Manhattan,1862,258,1629,292,690,253,246,134,0,14,659,170,0,14,13,20,21,23,0,14,21,23,233,119,0,14,6,49,0,14,0,14,0,14,21,53,206,166,193,165,13,20
1400000US36061010200,"Census Tract 102, New York County, New York",Manhattan,267,160,262,161,204,138,25,48,0,14,16,17,0,14,0,14,17,26,0,14,17,26,5,8,5,8,0,14,0,14,0,14,0,14,0,14,0,14,0,14,0,14
1400000US36061010300,"Census Tract 103, New York County, New York",Manhattan,3410,699,3084,672,1630,599,319,230,0,14,924,281,0,14,28,23,183,138,13,23,170,134,326,162,168,140,0,14,0,14,0,14,0,14,1,3,157,95,157,95,0,14
1400000US36061010400,"Census Tract 104, New York County, New York",Manhattan,1058,210,1017,208,693,206,13,2,0,14,265,103,0,14,8,12,38,33,8,11,30,32,41,39,20,22,0,14,0,14,0,14,0,14,0,14,21,33,10,15,11,18
1400000US36061010601,"Census Tract 106.01, New York County, New York",Manhattan,7753,1702,7457,1671,6557,1642,180,169,19,29,410,171,0,19,0,19,291,172,36,57,255,163,296,261,0,19,0,19,0,19,0,19,0,19,0,19,296,261,296,261,0,19
1400000US36061010602,"Census Tract 106.02, New York County, New York",Manhattan,5214,573,4647,491,3186,516,276,203,0,19,891,319,0,19,93,102,201,131,14,23,187,129,567,288,130,104,0,19,15,26,0,19,0,19,53,77,369,281,280,266,89,107
1400000US36061010801,"Census Tract 108.01, New York County, New York",Manhattan,3161,527,2876,521,1883,451,123,98,0,14,559,278,0,14,53,74,258,330,0,14,258,330,285,196,51,62,11,12,11,13,0,14,0,14,159,176,53,84,53,84,0,14
1400000US36061010802,"Census Tract 108.02, New York County, New York",Manhattan,4136,1356,3995,1341,3327,1266,6,21,0,14,521,266,0,14,43,55,98,90,0,14,98,90,141,140,116,135,0,14,0,14,0,14,0,14,13,22,12,22,12,22,0,14
1400000US36061010803,"Census Tract 108.03, New York County, New York",Manhattan,1922,391,1838,402,1384,407,112,98,0,14,286,136,0,14,0,14,56,55,20,34,36,41,84,65,0,14,0,14,0,14,0,14,0,14,32,43,52,55,52,55,0,14
1400000US36061010900,"Census Tract 109, New York County, New York",Manhattan,208,47,194,52,99,47,37,31,0,14,47,24,0,14,0,14,11,11,3,6,8,9,14,31,0,14,0,14,0,14,0,14,0,14,0,14,14,31,14,31,0,14
1400000US36061011000,"Census Tract 110, New York County, New York",Manhattan,6760,1057,5511,894,4208,761,247,233,0,19,769,321,0,19,0,19,287,227,0,19,287,227,1249,492,699,491,0,19,0,19,0,19,0,19,122,188,428,327,428,327,0,19
1400000US36061011100,"Census Tract 111, New York County, New York",Manhattan,4711,648,4109,671,2014,485,441,257,0,14,1321,370,0,14,46,75,287,168,70,74,217,148,602,279,66,68,0,14,29,47,111,135,0,14,65,114,331,225,306,218,25,41
1400000US36061011201,"Census Tract 112.01, New York County, New York",Manhattan,862,182,783,174,583,152,0,14,0,14,157,105,0,14,15,22,28,27,16,18,12,19,79,54,6,10,0,14,0,14,0,14,0,14,38,39,35,32,35,32,0,14
1400000US36061011202,"Census Tract 112.02, New York County, New York",Manhattan,518,122,513,120,418,107,0,14,4,5,37,35,0,14,15,22,39,24,18,21,21,15,5,7,5,7,0,14,0,14,0,14,0,14,0,14,0,14,0,14,0,14
1400000US36061011203,"Census Tract 112.03, New York County, New York",Manhattan,986,203,968,198,660,190,0,14,0,14,199,112,0,14,18,28,91,73,66,69,25,28,18,20,18,20,0,14,0,14,0,14,0,14,0,14,0,14,0,14,0,14
1400000US36061011300,"Census Tract 113, New York County, New York",Manhattan,136,35,110,63,33,30,42,39,0,14,29,15,0,14,0,14,6,10,0,14,6,10,26,37,0,14,0,14,0,14,0,14,0,14,22,37,4,9,4,9,0,14
1400000US36061011401,"Census Tract 114.01, New York County, New York",Manhattan,1026,307,996,300,874,238,4,7,0,14,99,157,0,14,0,14,19,18,0,14,19,18,30,29,10,11,0,14,0,14,0,14,0,14,0,14,20,27,20,27,0,14
1400000US36061011402,"Census Tract 114.02, New York County, New York",Manhattan,2298,583,2100,564,1640,555,49,52,0,14,320,206,0,14,0,14,91,43,18,18,73,47,198,173,0,14,0,14,0,14,0,14,0,14,0,14,198,173,198,173,0,14
1400000US36061011500,"Census Tract 115, New York County, New York",Manhattan,3947,692,3505,683,1773,641,519,275,117,174,983,299,0,14,29,37,84,68,30,40,54,51,442,148,32,32,26,48,0,14,0,14,0,14,167,110,217,110,208,110,9,15
1400000US36061011600,"Census Tract 116, New York County, New York",Manhattan,2721,531,2438,536,1705,437,106,100,0,14,546,313,0,14,20,32,61,74,53,73,8,14,283,134,167,114,0,14,0,14,0,14,0,14,36,40,80,70,80,70,0,14
1400000US36061011700,"Census Tract 117, New York County, New York",Manhattan,5363,743,4358,750,2592,640,461,346,0,19,919,320,0,19,77,112,309,248,49,61,260,237,1005,300,96,90,15,25,0,19,0,19,0,19,429,247,465,244,398,239,67,66
1400000US36061011800,"Census Tract 118, New York County, New York",Manhattan,9264,1317,8809,1294,7661,1344,36,62,0,19,847,512,0,19,117,183,148,135,25,38,123,129,455,257,133,135,0,19,0,19,0,19,0,19,67,74,255,200,255,200,0,19
1400000US36061011900,"Census Tract 119, New York County, New York",Manhattan,1352,168,1021,151,355,115,582,161,10,16,26,28,0,14,0,14,48,45,22,48,26,36,331,159,22,30,0,14,0,14,0,14,0,14,146,119,163,92,157,92,6,9
1400000US36061012000,"Census Tract 120, New York County, New York",Manhattan,3489,653,3314,661,2640,648,90,4,0,14,380,317,0,14,13,21,191,112,65,54,126,95,175,141,33,31,0,14,0,14,0,14,0,14,107,94,35,53,35,53,0,14
1400000US36061012101,"Census Tract 121.01, New York County, New York",Manhattan,3217,698,2724,734,2008,741,269,115,0,14,203,118,0,14,1,2,243,172,39,81,204,163,493,268,54,78,0,14,0,14,0,14,0,14,87,83,352,225,261,182,91,78
1400000US36061012102,"Census Tract 121.02, New York County, New York",Manhattan,5029,834,3598,448,2934,459,101,100,0,19,248,149,0,19,20,35,295,159,111,103,184,133,1431,657,119,86,28,54,0,19,0,19,0,19,679,650,605,324,605,324,0,19
1400000US36061012200,"Census Tract 122, New York County, New York",Manhattan,3103,797,2996,799,2746,773,0,14,0,14,200,122,0,14,0,14,50,48,33,38,17,29,107,104,0,14,0,14,0,14,0,14,0,14,33,62,74,82,74,82,0,14
1400000US36061012400,"Census Tract 124, New York County, New York",Manhattan,8984,1241,8247,1239,6046,921,245,145,0,19,1578,685,0,19,154,153,224,170,0,19,224,170,737,280,304,196,0,19,0,19,0,19,0,19,310,347,123,125,123,125,0,19
1400000US36061012500,"Census Tract 125, New York County, New York",Manhattan,2704,387,2457,416,992,202,301,185,0,14,849,269,0,14,2,3,313,338,0,14,313,338,247,167,10,13,0,14,0,14,0,14,0,14,123,108,114,118,114,118,0,14
1400000US36061012601,"Census Tract 126.01, New York County, New York",Manhattan,7014,1565,6377,1643,5272,1529,0,19,0,19,849,460,0,19,0,19,256,249,0,19,256,249,637,552,48,79,0,19,0,19,0,19,0,19,547,579,42,69,42,69,0,19
1400000US36061012602,"Census Tract 126.02, New York County, New York",Manhattan,4980,986,4798,1016,4330,997,4,7,0,14,117,133,0,14,0,14,347,251,252,231,95,96,182,126,1,3,0,14,0,14,0,14,0,14,22,28,159,122,128,116,31,38
1400000US36061012700,"Census Tract 127, New York County, New York",Manhattan,6307,844,5431,702,4001,598,91,88,0,19,525,243,109,174,0,19,705,454,0,19,705,454,876,565,148,170,0,19,0,19,0,19,0,19,70,85,658,531,579,534,79,123
1400000US36061012800,"Census Tract 128, New York County, New York",Manhattan,5163,791,4743,744,4307,694,2,4,0,19,328,259,2,4,31,51,73,97,69,97,4,7,420,294,169,222,0,19,0,19,0,19,0,19,109,111,142,130,142,130,0,19
1400000US36061012901,"Census Tract 129.01, New York County, New York",Manhattan,6806,979,5822,945,3308,598,269,144,0,19,1732,493,8,15,34,55,471,367,31,51,440,367,984,469,178,174,16,31,0,19,0,19,0,19,469,347,321,292,321,292,0,19
1400000US36061012902,"Census Tract 129.02, New York County, New York",Manhattan,2594,471,1987,465,851,277,335,161,13,20,401,194,0,14,70,72,317,258,271,252,46,47,607,205,0,14,13,28,0,14,0,14,0,14,447,208,147,97,112,78,35,41
1400000US36061013000,"Census Tract 130, New York County, New York",Manhattan,3336,684,2934,602,2379,522,16,19,0,14,459,245,0,14,0,14,80,90,0,14,80,90,402,271,121,127,0,14,0,14,0,14,0,14,56,75,225,206,225,206,0,14
1400000US36061013100,"Census Tract 131, New York County, New York",Manhattan,3485,384,2924,376,1464,296,332,188,0,14,849,227,0,14,7,10,272,142,90,116,182,107,561,243,196,164,0,14,4,6,0,14,0,14,129,125,232,160,145,112,87,79
1400000US36061013201,"Census Tract 132.01, New York County, New York",Manhattan,2364,514,2222,505,1787,518,61,62,0,14,270,147,0,14,7,13,97,112,42,47,55,106,142,116,64,62,0,14,0,14,0,14,0,14,20,24,58,58,46,55,12,19
1400000US36061013202,"Census Tract 132.02, New York County, New York",Manhattan,3616,725,3292,691,2802,665,135,114,0,14,211,121,0,14,0,14,144,125,54,88,90,80,324,217,51,82,0,14,0,14,0,14,0,14,40,51,233,189,111,129,122,147
1400000US36061013203,"Census Tract 132.03, New York County, New York",Manhattan,4276,1102,4082,1144,3240,1230,264,356,0,14,553,222,0,14,0,14,25,49,0,14,25,49,194,155,77,82,0,14,0,14,0,14,0,14,45,70,72,120,72,120,0,14
1400000US36061013300,"Census Tract 133, New York County, New York",Manhattan,6146,776,5147,810,3366,675,168,131,0,19,1391,543,0,19,36,60,186,150,24,40,162,141,999,527,97,154,6,12,192,278,0,19,0,19,291,225,413,255,335,216,78,91
1400000US36061013400,"Census Tract 134, New York County, New York",Manhattan,10475,1409,9651,1546,8528,1502,14,21,0,21,724,389,195,239,0,21,190,160,56,93,134,121,824,528,396,365,0,21,0,21,0,21,0,21,125,150,303,322,276,320,27,42
1400000US36061013501,"Census Tract 135.01, New York County, New York",Manhattan,4872,711,3166,736,1599,569,464,453,0,14,861,402,0,14,15,23,227,131,73,72,154,113,1706,470,287,171,161,183,0,14,32,61,0,14,459,393,767,361,515,271,252,243
1400000US36061013502,"Census Tract 135.02, New York County, New York",Manhattan,5873,925,4285,871,2441,850,572,290,0,19,1019,408,0,19,63,102,190,136,51,63,139,123,1588,604,385,290,0,19,30,49,0,19,0,19,381,431,792,372,678,293,114,154
1400000US36061013601,"Census Tract 136.01, New York County, New York",Manhattan,1979,430,1965,431,1832,435,0,14,0,14,79,83,0,14,0,14,54,48,19,22,35,41,14,14,7,13,0,14,7,12,0,14,0,14,0,14,0,14,0,14,0,14
1400000US36061013602,"Census Tract 136.02, New York County, New York",Manhattan,6373,2281,6088,2206,5324,2173,125,152,0,19,578,297,0,19,0,19,61,74,0,19,61,74,285,262,121,144,0,19,0,19,0,19,0,19,141,230,23,31,23,31,0,19
1400000US36061013603,"Census Tract 136.03, New York County, New York",Manhattan,4459,732,4181,708,3740,665,0,14,0,14,230,177,0,14,96,120,115,92,64,64,51,64,278,276,209,274,0,14,0,14,0,14,0,14,5,11,64,77,64,77,0,14
1400000US36061013604,"Census Tract 136.04, New York County, New York",Manhattan,4030,781,3973,787,3483,748,79,129,0,14,188,136,0,14,35,42,188,132,50,59,138,120,57,56,0,14,0,14,0,14,0,14,0,14,29,34,28,45,28,45,0,14
1400000US36061013700,"Census Tract 137, New York County, New York",Manhattan,6600,1196,6223,1149,4394,1126,452,448,0,19,1041,551,74,166,0,19,262,199,198,186,64,77,377,236,263,230,12,26,0,19,0,19,0,19,11,20,91,112,91,112,0,19
1400000US36061013800,"Census Tract 138, New York County, New York",Manhattan,11607,1840,10391,1834,8997,1757,210,140,0,21,952,506,0,21,0,21,232,229,0,21,232,229,1216,639,351,518,10,22,0,21,0,21,0,21,321,293,534,307,534,307,0,21
1400000US36061013900,"Census Tract 139, New York County, New York",Manhattan,9952,1633,8210,1496,6214,1227,499,427,0,19,759,472,0,19,153,249,585,353,105,119,480,339,1742,777,514,304,243,373,0,19,0,19,0,19,603,420,382,345,275,313,107,136
1400000US36061014000,"Census Tract 140, New York County, New York",Manhattan,8051,1055,7882,1054,7006,1015,88,75,0,19,522,198,0,19,0,19,266,180,186,172,80,58,169,144,27,43,0,19,0,19,0,19,0,19,0,19,142,131,132,129,10,51
1400000US36061014200,"Census Tract 142, New York County, New York",Manhattan,3979,855,3607,777,3108,657,0,14,0,14,150,151,0,14,32,2,317,261,252,252,65,77,372,279,258,267,0,14,0,14,0,14,0,14,0,14,114,75,114,75,0,14
1400000US36061014300,"Census Tract 143, New York County, New York",Manhattan,0,14,0,14,0,14,0,14,0,14,0,14,0,14,0,14,0,14,0,14,0,14,0,14,0,14,0,14,0,14,0,14,0,14,0,14,0,14,0,14,0,14
1400000US36061014401,"Census Tract 144.01, New York County, New York",Manhattan,5006,778,4475,758,3851,807,30,39,0,19,315,206,0,19,151,141,128,97,47,55,81,79,531,322,47,55,0,19,0,19,0,19,0,19,104,119,380,254,380,254,0,19
1400000US36061014402,"Census Tract 144.02, New York County, New York",Manhattan,6799,1031,6174,1014,4704,877,445,342,0,19,607,301,0,19,0,19,418,249,76,82,342,241,625,381,73,73,0,19,0,19,0,19,0,19,306,349,246,147,246,147,0,19
1400000US36061014500,"Census Tract 145, New York County, New York",Manhattan,7329,1012,6595,974,4047,650,418,230,0,19,1843,637,0,19,20,42,267,154,47,53,220,149,734,327,172,108,32,49,0,19,0,19,0,19,207,162,323,251,323,251,0,19
1400000US36061014601,"Census Tract 146.01, New York County, New York",Manhattan,3940,596,3498,579,2926,585,33,38,0,14,381,323,0,14,14,23,144,129,63,102,81,82,442,246,135,124,0,14,0,14,0,14,0,14,113,113,194,126,173,102,21,34
1400000US36061014602,"Census Tract 146.02, New York County, New York",Manhattan,8144,1094,7423,1137,6316,1077,58,77,0,19,631,242,0,19,25,41,393,242,27,42,366,246,721,350,173,142,0,19,0,19,0,19,0,19,62,76,486,257,375,224,111,87
1400000US36061014700,"Census Tract 147, New York County, New York",Manhattan,2840,711,2655,707,1084,237,95,73,0,14,1104,472,0,14,161,230,211,146,22,34,189,145,185,116,61,56,40,67,0,14,5,11,0,14,20,21,59,55,59,55,0,14
1400000US36061014801,"Census Tract 148.01, New York County, New York",Manhattan,3127,423,2829,342,2499,350,52,48,0,14,135,104,0,14,59,56,84,80,0,14,84,80,298,196,46,56,0,14,0,14,0,14,0,14,100,143,152,123,152,123,0,14
1400000US36061014802,"Census Tract 148.02, New York County, New York",Manhattan,7150,1096,6129,623,5161,585,147,203,0,19,584,239,0,19,45,51,192,141,14,24,178,137,1021,869,230,230,0,19,0,19,0,19,0,19,91,61,700,835,700,835,0,19
1400000US36061014900,"Census Tract 149, New York County, New York",Manhattan,6074,798,5531,802,3854,658,140,88,0,19,1121,415,0,19,297,204,119,85,19,31,100,79,543,312,122,123,10,28,0,19,0,19,0,19,28,36,383,267,365,267,18,29
1400000US36061015001,"Census Tract 150.01, New York County, New York",Manhattan,2141,308,2106,311,1890,310,27,30,0,14,72,51,0,14,0,14,117,95,64,82,53,50,35,38,0,14,0,14,0,14,0,14,0,14,0,14,35,38,35,38,0,14
1400000US36061015002,"Census Tract 150.02, New York County, New York",Manhattan,4904,552,4591,560,3961,535,21,32,0,14,298,137,0,14,40,69,271,190,116,145,155,97,313,201,14,24,0,14,0,14,85,76,0,14,36,58,178,127,55,47,123,117
1400000US36061015101,"Census Tract 151.01, New York County, New York",Manhattan,3476,432,2059,572,335,181,974,515,0,14,718,411,0,14,0,14,32,54,32,54,0,14,1417,546,34,55,79,116,0,14,0,14,0,14,510,379,794,422,770,416,24,28
1400000US36061015102,"Census Tract 151.02, New York County, New York",Manhattan,9611,1640,7873,1478,3306,1002,1094,428,0,19,2356,583,0,19,891,1214,226,182,158,142,68,88,1738,695,174,236,207,216,0,19,0,19,0,19,710,469,647,535,560,515,87,100
1400000US36061015200,"Census Tract 152, New York County, New York",Manhattan,7667,846,5832,649,3609,485,1248,515,0,19,554,272,0,19,240,292,181,134,19,31,162,127,1835,687,140,154,0,19,0,19,0,19,0,19,1117,643,578,337,266,131,312,304
1400000US36061015301,"Census Tract 153.01, New York County, New York",Manhattan,4799,903,4347,945,3412,868,4,6,0,14,459,378,0,14,65,79,407,373,249,310,158,173,452,305,43,42,3,5,0,14,0,14,0,14,330,284,76,83,50,47,26,46
1400000US36061015302,"Census Tract 153.02, New York County, New York",Manhattan,5448,672,5123,669,3790,457,0,19,0,19,881,529,0,19,0,19,452,263,204,245,248,155,325,206,72,101,11,20,0,19,0,19,0,19,55,68,187,152,101,82,86,131
1400000US36061015401,"Census Tract 154.01, New York County, New York",Manhattan,4594,896,4452,880,3610,855,156,155,54,64,567,195,0,14,0,14,65,65,0,14,65,65,142,85,49,49,0,14,0,14,0,14,0,14,31,28,62,61,62,61,0,14
1400000US36061015402,"Census Tract 154.02, New York County, New York",Manhattan,3724,1120,3193,1067,1881,489,775,1023,0,14,310,185,33,59,0,14,194,105,52,84,142,93,531,416,270,368,0,14,0,14,0,14,0,14,32,54,229,204,160,147,69,99
1400000US36061015403,"Census Tract 154.03, New York County, New York",Manhattan,5055,885,4247,922,2854,913,89,76,0,19,704,280,42,71,89,185,469,273,54,78,415,221,808,405,34,39,0,19,0,19,0,19,0,19,65,66,709,379,709,379,0,19
1400000US36061015501,"Census Tract 155.01, New York County, New York",Manhattan,4969,1209,4873,1208,3809,1187,96,156,0,14,845,306,0,14,16,24,107,113,53,91,54,82,96,91,96,91,0,14,0,14,0,14,0,14,0,14,0,14,0,14,0,14
1400000US36061015502,"Census Tract 155.02, New York County, New York",Manhattan,5500,945,5073,943,3734,663,109,119,0,19,851,617,0,19,97,132,282,247,167,237,115,83,427,291,0,19,64,104,0,19,14,20,0,19,105,126,244,251,217,246,27,43
1400000US36061015601,"Census Tract 156.01, New York County, New York",Manhattan,5172,579,4329,575,3058,518,152,102,0,19,700,234,0,19,202,246,217,137,0,19,217,137,843,263,298,227,0,19,0,19,0,19,0,19,235,137,310,183,288,182,22,33
1400000US36061015602,"Census Tract 156.02, New York County, New York",Manhattan,2244,396,1494,311,733,280,283,229,0,14,407,264,0,14,0,14,71,102,0,14,71,102,750,384,119,116,0,14,69,107,0,14,0,14,344,323,218,140,203,139,15,24
1400000US36061015700,"Census Tract 157, New York County, New York",Manhattan,10669,1158,9825,1180,7928,1178,127,123,0,21,1621,959,0,21,47,83,102,109,0,21,102,109,844,421,256,320,0,21,0,21,0,21,0,21,64,56,524,322,506,313,18,32
1400000US36061015801,"Census Tract 158.01, New York County, New York",Manhattan,5188,688,4416,564,3493,599,57,30,0,19,559,333,0,19,21,33,286,182,134,138,152,128,772,568,132,112,0,19,0,19,0,19,0,19,165,186,475,527,454,527,21,32
1400000US36061015802,"Census Tract 158.02, New York County, New York",Manhattan,4260,460,3593,453,2138,532,243,158,0,14,1007,253,0,14,46,50,159,86,61,64,98,57,667,214,104,98,11,19,1,8,0,14,4,9,332,157,215,155,215,155,0,14
1400000US36061015900,"Census Tract 159, New York County, New York",Manhattan,9194,1493,8647,1450,6705,1386,199,160,0,19,1296,416,0,19,92,149,355,351,0,19,355,351,547,320,37,48,0,19,0,19,0,19,0,19,152,163,358,273,298,264,60,70
1400000US36061016001,"Census Tract 160.01, New York County, New York",Manhattan,3118,460,2991,449,2645,458,3,14,6,10,240,115,0,14,30,35,67,50,22,36,45,38,127,95,20,22,0,14,0,14,0,14,0,14,14,20,93,90,93,90,0,14
1400000US36061016002,"Census Tract 160.02, New York County, New York",Manhattan,3183,817,2397,273,1558,253,63,52,0,14,630,165,4,9,23,26,119,61,22,23,97,57,786,751,13,26,0,14,12,25,0,14,0,14,637,749,124,89,124,89,0,14
1400000US36061016100,"Census Tract 161, New York County, New York",Manhattan,5756,821,5156,846,4365,832,85,55,42,58,403,209,0,19,14,22,247,115,27,33,220,106,600,251,205,183,0,19,75,87,0,19,0,19,67,63,253,171,204,135,49,75
1400000US36061016200,"Census Tract 162, New York County, New York",Manhattan,9320,1665,6829,1542,759,376,4177,1298,145,111,690,383,0,19,762,881,296,211,58,77,238,214,2491,711,132,158,325,293,0,19,0,19,0,19,1129,587,905,341,610,335,295,204
1400000US36061016300,"Census Tract 163, New York County, New York",Manhattan,7253,1572,6888,1588,5444,1546,306,197,20,24,613,324,0,19,48,46,457,256,264,219,193,142,365,199,98,130,0,19,0,19,0,19,0,19,61,90,206,141,206,141,0,19
1400000US36061016400,"Census Tract 164, New York County, New York",Manhattan,8310,1129,3615,590,707,227,1887,515,0,19,652,343,0,19,17,29,352,208,19,33,333,208,4695,1115,213,192,306,183,28,36,29,46,0,19,2219,1030,1900,671,1229,539,671,442
1400000US36061016500,"Census Tract 165, New York County, New York",Manhattan,7098,924,6339,846,5543,802,110,64,0,19,507,290,0,19,55,69,124,93,82,78,42,49,759,509,191,152,0,19,0,19,0,19,0,19,373,465,195,116,161,105,34,38
1400000US36061016600,"Census Tract 166, New York County, New York",Manhattan,6888,879,3922,809,1803,441,859,429,31,47,920,615,0,19,27,42,282,176,52,49,230,171,2966,878,285,259,351,338,12,27,0,19,0,19,1404,575,914,493,797,421,117,128
1400000US36061016700,"Census Tract 167, New York County, New York",Manhattan,7884,937,7484,944,6544,928,76,38,0,19,620,389,0,19,41,47,203,135,111,112,92,94,400,207,70,71,0,19,27,46,0,19,0,19,138,113,165,143,108,83,57,88
1400000US36061016800,"Census Tract 168, New York County, New York",Manhattan,5041,645,2961,492,926,280,1730,439,0,19,190,120,0,19,7,13,108,88,0,19,108,88,2080,397,466,295,303,237,0,19,0,19,0,19,870,348,441,232,326,193,115,162
1400000US36061016900,"Census Tract 169, New York County, New York",Manhattan,8103,1049,7688,1052,6432,1003,348,240,0,19,788,252,0,19,45,61,75,72,19,35,56,66,415,220,0,19,57,57,0,19,49,86,0,19,81,96,228,171,228,171,0,19
1400000US36061017000,"Census Tract 170, New York County, New York",Manhattan,8791,1602,4098,1327,608,276,1140,458,11,25,2264,1267,0,19,53,88,22,34,22,34,0,19,4693,1130,908,495,229,358,73,95,0,19,0,19,2271,862,1212,513,760,335,452,393
1400000US36061017100,"Census Tract 171, New York County, New York",Manhattan,8464,1620,7697,1554,6974,1540,284,126,0,19,244,171,0,19,0,19,195,163,118,141,77,120,767,420,49,69,0,19,0,19,0,19,0,19,528,457,190,136,122,121,68,78
1400000US36061017200,"Census Tract 172, New York County, New York",Manhattan,5630,1252,2875,1046,503,207,1729,999,0,19,274,140,0,19,64,112,305,168,90,101,215,147,2755,882,165,237,140,146,0,19,29,54,0,19,1868,859,553,360,406,219,147,251
1400000US36061017300,"Census Tract 173, New York County, New York",Manhattan,9343,1095,8142,1271,6852,1165,333,189,0,19,554,261,0,19,25,42,378,274,87,143,291,232,1201,615,25,44,0,19,0,19,0,19,0,19,708,454,468,382,468,382,0,19
1400000US36061017401,"Census Tract 174.01, New York County, New York",Manhattan,5321,793,3106,901,670,350,1912,861,0,19,482,300,0,19,0,19,42,67,0,19,42,67,2215,593,234,235,445,306,14,25,0,19,0,19,725,399,797,413,713,390,84,132
1400000US36061017402,"Census Tract 174.02, New York County, New York",Manhattan,2887,454,2120,430,761,312,728,221,0,14,295,222,0,14,0,14,336,232,68,66,268,242,767,188,32,30,52,47,0,14,0,14,0,14,285,199,398,180,328,172,70,59
1400000US36061017500,"Census Tract 175, New York County, New York",Manhattan,10499,1812,8824,907,7013,773,453,153,0,21,337,182,0,21,397,526,624,379,88,91,536,370,1675,1473,57,61,13,32,0,21,0,21,0,21,1335,1459,270,214,250,205,20,32
1400000US36061017700,"Census Tract 177, New York County, New York",Manhattan,10030,2436,7349,2147,5273,2193,802,290,0,21,647,272,0,21,0,21,627,539,2,5,625,540,2681,927,234,136,2,4,0,21,0,21,0,21,1538,754,907,770,897,777,10,39
1400000US36061017800,"Census Tract 178, New York County, New York",Manhattan,3786,655,2080,610,1166,449,456,218,0,14,379,279,0,14,0,14,79,61,9,15,70,59,1706,493,337,229,26,43,147,231,0,14,0,14,837,369,359,206,211,155,148,142
1400000US36061017900,"Census Tract 179, New York County, New York",Manhattan,9875,2061,8337,2011,6907,1953,167,119,0,19,706,493,0,19,109,118,448,311,151,172,297,236,1538,748,182,265,33,40,34,56,0,19,0,19,770,536,519,446,227,219,292,384
1400000US36061018000,"Census Tract 180, New York County, New York",Manhattan,6980,1048,3931,873,915,467,1983,655,0,19,806,463,0,19,21,30,206,122,47,47,159,118,3049,962,599,400,189,182,0,19,0,19,0,19,1077,831,1184,548,945,621,239,250
1400000US36061018100,"Census Tract 181, New York County, New York",Manhattan,8408,1289,7553,1286,5027,967,874,248,0,19,345,189,0,19,0,19,1307,698,289,234,1018,681,855,410,33,70,145,133,0,19,0,19,0,19,38,59,639,424,226,180,413,424
1400000US36061018200,"Census Tract 182, New York County, New York",Manhattan,7266,945,4571,854,748,296,3308,1014,0,19,446,287,0,19,10,56,59,57,0,19,59,57,2695,652,323,253,245,322,72,111,0,19,0,19,1372,595,683,428,528,308,155,150
1400000US36061018300,"Census Tract 183, New York County, New York",Manhattan,8440,1430,7097,1205,5793,1204,524,227,0,19,472,216,0,19,36,54,272,188,59,70,213,169,1343,758,44,45,25,44,0,19,0,19,0,19,252,172,1022,756,346,233,676,737
1400000US36061018400,"Census Tract 184, New York County, New York",Manhattan,8225,1272,4376,1068,413,270,2558,1219,0,19,428,307,0,19,5,8,972,938,783,904,189,185,3849,836,851,601,530,372,443,600,0,19,0,19,1522,589,503,292,332,258,171,122
1400000US36061018500,"Census Tract 185, New York County, New York",Manhattan,5060,716,4279,485,3079,447,385,219,0,19,539,320,0,19,71,105,205,156,0,19,205,156,781,598,63,101,0,19,0,19,0,19,0,19,83,132,635,485,635,485,0,19
1400000US36061018600,"Census Tract 186, New York County, New York",Manhattan,6104,1122,3921,1014,345,151,3483,1037,10,23,10,22,0,19,14,26,59,72,32,56,27,39,2183,834,50,84,453,339,0,19,0,19,0,19,1439,918,241,229,241,229,0,19
1400000US36061018700,"Census Tract 187, New York County, New York",Manhattan,9907,2526,7882,1908,6109,1821,687,408,43,57,680,294,0,19,0,19,363,301,121,137,242,188,2025,971,126,110,7,23,0,19,0,19,0,19,933,493,959,877,932,875,27,43
1400000US36061018800,"Census Tract 188, New York County, New York",Manhattan,4685,809,1998,642,581,283,1130,577,0,14,287,208,0,14,0,14,0,14,0,14,0,14,2687,860,185,169,205,279,400,499,0,14,0,14,1311,640,586,185,445,156,141,124
1400000US36061018900,"Census Tract 189, New York County, New York",Manhattan,10267,1409,6383,1132,2483,735,2270,868,0,21,1285,711,0,21,47,87,298,163,18,35,280,159,3884,860,384,312,110,129,0,21,0,21,0,21,2202,662,1188,678,1104,677,84,115
1400000US36061019000,"Census Tract 190, New York County, New York",Manhattan,3735,481,3208,502,1173,399,1523,418,0,14,279,135,0,14,29,45,204,109,66,74,138,85,527,222,67,63,0,14,54,90,0,14,0,14,215,156,191,109,106,89,85,65
1400000US36061019100,"Census Tract 191, New York County, New York",Manhattan,8055,1111,7207,1055,5602,1032,815,383,0,19,384,221,0,19,0,19,406,234,153,116,253,196,848,377,43,50,0,19,9,23,13,25,0,19,253,122,530,393,530,393,0,19
1400000US36061019200,"Census Tract 192, New York County, New York",Manhattan,3868,593,1827,508,190,174,1442,481,0,14,94,88,0,14,0,14,101,118,33,50,68,106,2041,533,225,180,215,170,15,23,0,14,0,14,755,443,831,343,524,315,307,210
1400000US36061019300,"Census Tract 193, New York County, New York",Manhattan,9211,1198,5392,939,2137,586,1720,776,0,19,1048,371,0,19,48,75,439,306,0,19,439,306,3819,1170,304,218,0,19,3,7,0,19,0,19,1927,954,1585,973,1494,974,91,89
1400000US36061019400,"Census Tract 194, New York County, New York",Manhattan,5879,657,2646,559,481,207,1702,528,4,10,454,287,0,19,0,19,5,10,0,19,5,10,3233,687,769,626,48,75,0,19,0,19,0,19,1515,558,901,420,753,410,148,147
1400000US36061019500,"Census Tract 195, New York County, New York",Manhattan,7632,928,6136,901,4256,721,735,623,0,19,826,245,0,19,79,91,240,142,27,31,213,138,1496,450,74,102,353,373,12,22,0,19,0,19,705,290,352,152,290,139,62,87
1400000US36061019600,"Census Tract 196, New York County, New York",Manhattan,4166,655,2130,414,479,209,1057,379,0,14,345,179,0,14,134,186,115,106,31,49,84,91,2036,647,235,172,8,13,121,168,24,39,0,14,1133,590,515,265,240,143,275,251
1400000US36061019701,"Census Tract 197.01, New York County, New York",Manhattan,962,135,711,115,368,109,74,46,0,14,253,71,0,14,0,14,16,16,0,14,16,16,251,86,36,32,26,24,18,28,0,14,0,14,71,78,100,63,100,63,0,14
1400000US36061019702,"Census Tract 197.02, New York County, New York",Manhattan,2531,518,2092,517,961,334,564,305,0,14,268,174,0,14,66,89,233,193,0,14,233,193,439,153,48,34,0,14,0,14,0,14,0,14,162,129,229,96,153,85,76,58
1400000US36061019800,"Census Tract 198, New York County, New York",Manhattan,2511,644,2069,666,614,378,999,268,0,14,173,100,0,14,38,74,245,195,39,44,206,186,442,168,0,14,62,77,86,84,46,51,0,14,134,78,114,72,64,60,50,48
1400000US36061019900,"Census Tract 199, New York County, New York",Manhattan,8918,864,7718,910,4913,821,503,162,18,27,2096,473,0,19,15,23,173,107,56,62,117,83,1200,317,95,65,26,44,11,17,0,19,0,19,353,202,715,248,698,246,17,28
1400000US36061020000,"Census Tract 200, New York County, New York",Manhattan,2763,445,2592,465,1234,346,1246,313,0,14,64,65,0,14,0,14,48,40,15,22,33,33,171,132,33,52,79,92,0,14,0,14,0,14,29,52,30,33,15,22,15,24
1400000US36061020101,"Census Tract 201.01, New York County, New York",Manhattan,1968,170,1808,172,945,207,176,96,17,24,606,206,0,14,0,14,64,43,41,43,23,16,160,60,20,29,0,14,0,14,0,14,0,14,70,31,70,57,70,57,0,14
1400000US36061020102,"Census Tract 201.02, New York County, New York",Manhattan,4148,633,3563,661,1160,299,1914,565,0,14,161,128,0,14,6,11,322,173,41,43,281,162,585,321,16,27,190,125,7,11,0,14,0,14,108,120,264,234,141,128,123,142
1400000US36061020300,"Census Tract 203, New York County, New York",Manhattan,3989,244,3559,271,1343,253,311,132,56,70,1688,281,10,20,6,11,145,58,11,17,134,57,430,146,38,43,33,44,0,14,0,14,6,14,147,82,206,76,179,69,27,26
1400000US36061020500,"Census Tract 205, New York County, New York",Manhattan,5532,412,4822,372,3066,385,324,105,20,24,1272,166,0,19,12,18,128,87,31,45,97,58,710,199,233,150,10,20,6,13,0,19,9,17,189,89,263,102,254,101,9,14
1400000US36061020600,"Census Tract 206, New York County, New York",Manhattan,3481,564,2906,534,864,463,1542,386,0,14,215,240,0,14,0,14,285,208,177,178,108,84,575,233,136,110,31,46,0,14,0,14,0,14,117,101,291,170,248,159,43,45
1400000US36061020701,"Census Tract 207.01, New York County, New York",Manhattan,2826,350,2470,340,1162,227,137,82,13,18,824,175,0,14,100,110,234,192,171,189,63,48,356,159,86,74,0,14,0,14,10,14,0,14,74,54,186,116,84,56,102,106
1400000US36061020800,"Census Tract 208, New York County, New York",Manhattan,5391,1032,4854,1011,1472,642,2478,910,0,19,278,165,4,9,61,103,561,431,81,117,480,398,537,202,78,99,62,83,36,68,0,19,0,19,67,68,294,141,235,115,59,80
1400000US36061020901,"Census Tract 209.01, New York County, New York",Manhattan,3656,648,1960,413,68,48,1510,368,0,14,205,158,1,4,0,14,176,245,0,14,176,245,1696,516,42,51,115,135,0,14,0,14,0,14,964,318,575,390,464,352,111,94
1400000US36061021000,"Census Tract 210, New York County, New York",Manhattan,6552,1071,5141,908,247,234,4514,875,0,19,126,139,0,19,0,19,254,212,0,19,254,212,1411,494,24,43,279,225,0,19,0,19,0,19,563,289,545,475,231,199,314,431
1400000US36061021100,"Census Tract 211, New York County, New York",Manhattan,9865,1532,7641,1000,3479,715,1931,673,8,16,1550,582,0,19,280,278,393,263,50,69,343,249,2224,962,341,578,116,186,0,19,0,19,11,24,812,409,944,471,602,314,342,467
1400000US36061021200,"Census Tract 212, New York County, New York",Manhattan,5225,643,4369,590,768,333,3209,668,0,19,140,102,0,19,56,66,196,145,20,33,176,142,856,467,32,36,157,168,66,91,0,19,0,19,237,146,364,378,364,378,0,19
1400000US36061021303,"Census Tract 213.03, New York County, New York",Manhattan,5804,944,4636,861,851,394,3295,807,6,11,366,211,0,19,0,19,118,108,68,71,50,78,1168,394,43,60,241,139,6,15,0,19,0,19,639,355,239,169,218,166,21,40
1400000US36061021400,"Census Tract 214, New York County, New York",Manhattan,2953,355,2768,366,323,131,2152,377,0,14,90,83,0,14,11,21,192,144,36,61,156,130,185,123,41,46,15,24,0,14,3,6,0,14,69,97,57,55,45,50,12,19
1400000US36061021500,"Census Tract 215, New York County, New York",Manhattan,3863,490,2932,571,554,178,2009,573,0,14,209,106,0,14,31,26,129,91,12,20,117,88,931,326,66,75,253,214,21,56,0,14,0,14,356,177,235,143,107,84,128,117
1400000US36061021600,"Census Tract 216, New York County, New York",Manhattan,8912,1212,7365,992,1937,431,4314,1040,16,28,394,204,0,19,89,113,615,302,25,41,590,293,1547,515,70,74,140,126,0,19,20,33,0,19,405,179,912,503,884,499,28,43
1400000US36061021703,"Census Tract 217.03, New York County, New York",Manhattan,348,14,236,114,108,85,38,66,0,14,90,40,0,14,0,14,0,14,0,14,0,14,112,113,15,24,28,48,0,14,0,14,0,14,15,24,54,19,29,48,25,32
1400000US36061021800,"Census Tract 218, New York County, New York",Manhattan,6128,1129,4930,973,1941,657,1794,434,0,19,757,649,0,19,37,48,401,250,90,82,311,231,1198,724,46,53,47,75,0,19,0,19,0,19,803,716,302,176,267,173,35,44
1400000US36061021900,"Census Tract 219, New York County, New York",Manhattan,5390,1027,2026,505,363,258,1501,479,0,19,35,55,0,19,12,20,115,114,32,48,83,118,3364,976,398,424,181,228,0,19,0,19,0,19,2279,1003,506,242,209,205,297,151
1400000US36061022000,"Census Tract 220, New York County, New York",Manhattan,6087,901,4758,822,1594,611,2737,579,0,19,213,293,0,19,77,92,137,115,12,25,125,114,1329,455,91,94,123,143,0,19,0,19,0,19,286,181,829,426,499,201,330,376
1400000US36061022102,"Census Tract 221.02, New York County, New York",Manhattan,2350,479,1956,480,571,208,1134,375,0,14,108,102,0,14,0,14,143,85,10,15,133,87,394,165,159,79,20,23,0,14,0,14,0,14,114,97,101,126,101,126,0,14
1400000US36061022200,"Census Tract 222, New York County, New York",Manhattan,3595,584,2896,515,995,305,1255,451,0,14,250,149,0,14,199,183,197,198,101,125,96,135,699,402,104,147,98,127,29,46,0,14,0,14,318,215,150,154,150,154,0,14
1400000US36061022301,"Census Tract 223.01, New York County, New York",Manhattan,7226,994,3407,907,1313,482,1532,788,0,19,390,234,0,19,0,19,172,121,85,97,87,77,3819,834,115,94,188,200,0,19,0,19,0,19,1510,469,2006,738,1765,751,241,170
1400000US36061022302,"Census Tract 223.02, New York County, New York",Manhattan,2870,387,1078,275,391,163,546,247,0,14,69,59,0,14,8,14,64,45,0,14,64,45,1792,398,42,39,78,78,13,21,0,14,11,17,981,291,667,256,616,254,51,70
1400000US36061022400,"Census Tract 224, New York County, New York",Manhattan,6682,1280,4403,1191,230,126,3758,1176,19,36,86,73,0,19,119,199,191,129,57,61,134,111,2279,646,141,148,289,169,0,19,0,19,0,19,1477,577,372,184,372,184,0,19
1400000US36061022500,"Census Tract 225, New York County, New York",Manhattan,11327,1519,4267,1200,1330,457,2391,1165,0,21,237,156,0,21,99,108,210,140,78,87,132,107,7060,931,593,288,397,264,0,21,0,21,0,21,4250,904,1820,735,1343,620,477,320
1400000US36061022600,"Census Tract 226, New York County, New York",Manhattan,5673,844,3764,519,998,330,2247,414,0,19,409,294,0,19,10,16,100,95,14,31,86,84,1909,812,446,513,85,87,10,19,0,19,0,19,694,506,674,403,530,387,144,125
1400000US36061022700,"Census Tract 227, New York County, New York",Manhattan,5887,902,4109,914,1127,304,1702,549,0,19,270,195,0,19,456,461,554,536,122,122,432,491,1778,864,49,56,887,878,0,19,0,19,0,19,680,476,162,114,130,104,32,39
1400000US36061022800,"Census Tract 228, New York County, New York",Manhattan,5713,973,4441,900,910,322,3064,887,8,12,178,160,1,5,54,69,226,205,26,43,200,202,1272,429,0,19,92,118,0,19,0,19,0,19,864,512,316,257,316,257,0,19
1400000US36061022900,"Census Tract 229, New York County, New York",Manhattan,7702,1177,2960,660,1179,382,1183,640,0,19,272,115,0,19,0,19,326,177,133,171,193,125,4742,1077,169,132,778,494,353,290,0,19,231,365,2034,969,1177,461,875,431,302,299
1400000US36061023000,"Census Tract 230, New York County, New York",Manhattan,8773,1063,7026,933,236,175,5407,1025,0,19,765,471,0,19,336,327,282,282,0,19,282,282,1747,674,104,152,262,179,0,19,0,19,2,5,715,470,664,406,664,406,0,19
1400000US36061023100,"Census Tract 231, New York County, New York",Manhattan,7132,1432,4779,1077,1345,676,2566,937,0,19,247,192,0,19,39,92,582,321,191,192,391,290,2353,935,35,40,121,131,0,19,15,24,0,19,1120,758,1062,501,837,495,225,272
1400000US36061023200,"Census Tract 232, New York County, New York",Manhattan,9183,1338,5641,832,467,291,4560,853,0,19,150,169,0,19,58,95,406,283,28,46,378,275,3542,1278,498,403,132,129,88,146,0,19,0,19,1101,519,1723,1260,1657,1261,66,61
1400000US36061023300,"Census Tract 233, New York County, New York",Manhattan,7367,994,3927,712,1798,356,1359,494,0,19,607,518,0,19,0,19,163,178,29,52,134,178,3440,787,175,124,33,45,0,19,0,19,0,19,1288,744,1944,857,1944,857,0,19
1400000US36061023400,"Census Tract 234, New York County, New York",Manhattan,5442,727,3877,711,641,417,2908,711,0,19,113,105,0,19,22,36,193,151,45,73,148,132,1565,400,18,31,47,51,0,19,0,19,0,19,1155,415,345,297,325,295,20,33
1400000US36061023501,"Census Tract 235.01, New York County, New York",Manhattan,7506,1195,4251,923,911,358,2356,488,0,19,509,633,0,19,0,19,475,367,43,50,432,357,3255,924,113,125,351,318,224,271,0,19,0,19,1874,965,693,347,503,321,190,139
1400000US36061023502,"Census Tract 235.02, New York County, New York",Manhattan,1858,294,1522,300,147,71,1254,260,0,14,23,41,0,14,13,20,85,58,20,21,65,56,336,137,34,39,14,19,0,14,5,9,0,14,240,132,43,34,43,34,0,14
1400000US36061023600,"Census Tract 236, New York County, New York",Manhattan,11042,1496,7881,1316,53,86,7057,1083,0,21,30,52,0,21,450,416,291,331,0,21,291,331,3161,1294,27,46,135,136,0,21,0,21,0,21,763,673,2236,1143,1909,1065,327,197
1400000US36061023700,"Census Tract 237, New York County, New York",Manhattan,6677,826,3912,826,1465,451,1871,651,0,19,226,189,0,19,153,265,197,129,0,19,197,129,2765,682,131,130,91,96,0,19,0,19,0,19,1684,540,859,442,847,442,12,20
1400000US36061023802,"Census Tract 238.02, New York County, New York",Manhattan,4704,465,4056,476,1980,418,615,181,0,14,1151,324,0,14,147,145,163,130,104,117,59,56,648,248,54,46,0,14,0,14,10,15,0,14,264,227,320,151,320,151,0,14
1400000US36061023803,"Census Tract 238.03, New York County, New York",Manhattan,3270,593,2902,570,1604,451,458,191,0,14,677,283,0,14,4,8,159,105,93,85,66,57,368,179,44,61,56,70,0,14,0,14,0,14,128,83,140,91,132,90,8,12
1400000US36061023804,"Census Tract 238.04, New York County, New York",Manhattan,3546,569,3130,620,1419,456,321,346,0,14,1217,350,0,14,51,59,122,125,0,14,122,125,416,251,34,77,0,14,0,14,0,14,0,14,30,35,352,223,352,223,0,14
1400000US36061023900,"Census Tract 239, New York County, New York",Manhattan,3184,508,1376,336,425,128,787,314,0,14,76,116,0,14,0,14,88,83,32,33,56,76,1808,497,183,270,87,70,101,138,0,14,0,14,1203,442,234,180,139,113,95,100
1400000US36061024000,"Census Tract 240, New York County, New York",Manhattan,2395,108,1577,167,327,132,1082,205,41,48,53,53,48,82,7,18,19,32,5,12,14,30,818,150,77,66,57,65,19,28,0,14,0,14,629,155,36,37,36,37,0,14
1400000US36061024100,"Census Tract 241, New York County, New York",Manhattan,7915,1161,3589,573,1287,357,1688,418,0,19,190,188,13,28,2,3,409,397,338,406,71,78,4326,1209,97,125,331,460,7,14,0,19,0,19,3165,1173,726,270,579,274,147,129
1400000US36061024200,"Census Tract 242, New York County, New York",Manhattan,5847,1030,3034,564,403,354,2589,526,11,26,20,48,0,19,0,19,11,19,0,19,11,19,2813,853,83,68,228,220,249,395,0,19,37,58,1243,729,973,464,847,459,126,117
1400000US36061024301,"Census Tract 243.01, New York County, New York",Manhattan,4681,902,2076,584,960,447,762,287,7,13,105,119,4,12,122,129,116,78,15,26,101,72,2605,708,10,11,233,281,0,14,21,35,0,14,2089,670,252,174,203,167,49,57
1400000US36061024302,"Census Tract 243.02, New York County, New York",Manhattan,7627,1178,4212,756,172,200,3457,667,0,19,112,178,0,19,64,88,407,339,49,79,358,319,3415,986,722,807,68,110,136,157,0,19,0,19,1807,698,682,578,575,552,107,192
1400000US36061024500,"Census Tract 245, New York County, New York",Manhattan,14577,1590,5186,868,1925,681,1579,582,0,21,979,548,0,21,312,394,391,384,0,21,391,384,9391,1576,444,375,402,501,0,21,0,21,0,21,6290,1413,2255,1337,2161,1314,94,143
1400000US36061024700,"Census Tract 247, New York County, New York",Manhattan,6102,1040,2493,614,1366,459,719,443,0,19,319,185,0,19,0,19,89,179,89,179,0,19,3609,1043,40,45,7,11,93,185,0,19,0,19,2414,841,1055,484,975,483,80,98
1400000US36061024900,"Census Tract 249, New York County, New York",Manhattan,984,211,450,168,192,105,146,111,0,14,36,36,0,14,10,16,66,50,17,25,49,42,534,197,11,18,1,5,34,40,0,14,0,14,438,208,50,47,50,47,0,14
1400000US36061025100,"Census Tract 251, New York County, New York",Manhattan,2502,327,713,168,230,84,345,143,0,14,130,92,0,14,8,22,0,14,0,14,0,14,1789,326,244,233,191,205,0,14,0,14,0,14,833,336,521,243,409,236,112,94
1400000US36061025300,"Census Tract 253, New York County, New York",Manhattan,10189,1586,2836,559,1493,315,275,231,0,21,488,337,0,21,18,30,562,286,48,44,514,272,7353,1715,352,218,213,159,392,612,0,21,0,21,4634,1706,1762,635,1628,639,134,99
1400000US36061025500,"Census Tract 255, New York County, New York",Manhattan,5562,1094,3107,702,1569,376,167,125,7,15,1190,559,0,19,0,19,174,113,18,32,156,116,2455,770,19,21,85,126,0,19,0,19,0,19,1354,529,997,526,986,528,11,17
1400000US36061025700,"Census Tract 257, New York County, New York",Manhattan,4443,566,3995,536,1548,475,1715,413,0,14,248,124,0,14,179,143,305,160,23,27,282,168,448,211,127,146,11,21,0,14,0,14,0,14,130,85,180,143,101,94,79,89
1400000US36061025900,"Census Tract 259, New York County, New York",Manhattan,4790,633,2686,486,892,288,1306,360,0,14,186,91,0,14,0,14,302,157,34,37,268,153,2104,614,331,304,178,136,3,6,0,14,0,14,814,334,778,438,643,416,135,129
1400000US36061026100,"Census Tract 261, New York County, New York",Manhattan,12041,1824,1268,408,590,233,353,214,0,21,178,211,0,21,37,43,110,99,42,66,68,73,10773,1796,197,177,435,297,802,1178,0,21,0,21,5635,1372,3704,1081,3412,1038,292,203
1400000US36061026300,"Census Tract 263, New York County, New York",Manhattan,8342,1309,1651,480,1181,494,301,258,97,111,0,19,0,19,0,19,72,68,0,19,72,68,6691,1374,173,242,174,182,23,38,0,19,0,19,4524,1348,1797,689,1655,679,142,155
1400000US36061026500,"Census Tract 265, New York County, New York",Manhattan,7702,1168,3627,684,2629,637,423,307,0,19,449,275,0,19,23,37,103,91,43,74,60,52,4075,1227,421,384,42,46,0,19,96,150,0,19,2194,751,1322,847,1254,838,68,94
1400000US36061026700,"Census Tract 267, New York County, New York",Manhattan,2227,192,1190,166,1053,205,5,11,0,14,101,81,0,14,7,12,24,33,0,14,24,33,1037,168,65,53,19,23,87,98,0,14,0,14,404,139,462,175,423,178,39,29
1400000US36061026900,"Census Tract 269, New York County, New York",Manhattan,7601,1450,1200,393,747,360,120,99,0,19,136,137,0,19,194,188,3,8,0,19,3,8,6401,1328,504,460,118,130,53,86,0,19,0,19,4229,1262,1497,719,1156,596,341,513
1400000US36061027100,"Census Tract 271, New York County, New York",Manhattan,7742,1095,2685,709,1590,416,651,469,10,18,288,183,0,19,16,28,130,99,19,31,111,91,5057,1047,1049,671,251,240,106,161,21,36,0,19,2013,689,1617,732,1308,715,309,219
1400000US36061027300,"Census Tract 273, New York County, New York",Manhattan,7434,1102,6130,1015,5408,989,144,91,0,19,219,129,0,19,41,47,318,183,96,84,222,191,1304,415,160,111,47,55,0,19,0,19,0,19,563,336,534,214,408,208,126,118
1400000US36061027500,"Census Tract 275, New York County, New York",Manhattan,3164,573,2771,592,2033,287,74,74,0,14,410,508,0,14,23,27,231,128,72,56,159,115,393,142,59,44,40,50,12,19,0,14,0,14,104,76,178,89,143,80,35,34
1400000US36061027700,"Census Tract 277, New York County, New York",Manhattan,6441,1211,1473,351,714,332,517,209,0,19,21,28,0,19,157,139,64,98,0,19,64,98,4968,1327,35,28,608,305,71,122,0,19,0,19,3013,1267,1241,654,1032,673,209,214
1400000US36061027900,"Census Tract 279, New York County, New York",Manhattan,9587,1522,3008,588,2390,582,220,222,0,19,171,155,0,19,126,132,101,101,0,19,101,101,6579,1485,459,467,397,377,41,65,0,19,0,19,4090,1285,1592,698,1259,701,333,247
1400000US36061028100,"Census Tract 281, New York County, New York",Manhattan,3308,444,2768,431,2152,325,130,41,0,14,110,74,8,17,0,14,368,234,36,46,332,231,540,174,76,69,0,14,17,26,28,45,0,14,166,136,253,117,196,97,57,86
1400000US36061028300,"Census Tract 283, New York County, New York",Manhattan,8040,1661,2322,363,1447,402,311,191,0,19,258,162,0,19,105,142,201,151,70,83,131,128,5718,1632,417,213,87,81,30,44,0,19,0,19,3527,1574,1657,606,1473,587,184,127
1400000US36061028500,"Census Tract 285, New York County, New York",Manhattan,7094,1361,827,332,458,245,227,207,0,19,0,19,0,19,80,90,62,58,28,45,34,33,6267,1375,293,222,74,98,163,249,0,19,0,19,4944,1368,793,398,731,389,62,70
1400000US36061028700,"Census Tract 287, New York County, New York",Manhattan,3690,589,1923,469,1363,297,179,127,0,14,73,91,0,14,39,50,269,214,12,18,257,214,1767,571,117,113,23,26,0,14,0,14,13,19,929,400,685,442,566,429,119,104
1400000US36061029100,"Census Tract 291, New York County, New York",Manhattan,10870,1553,1282,257,647,251,378,246,29,24,160,181,0,21,35,60,33,45,0,21,33,45,9588,1590,466,290,231,178,218,294,0,21,0,21,5389,1605,3284,1027,2751,1054,533,471
1400000US36061029300,"Census Tract 293, New York County, New York",Manhattan,8011,1864,873,318,354,179,276,198,0,19,176,135,0,19,0,19,67,101,67,101,0,19,7138,1857,397,282,112,123,239,358,107,154,0,19,4167,1847,2116,827,1599,764,517,293
1400000US36061029500,"Census Tract 295, New York County, New York",Manhattan,7565,1046,3560,712,2097,408,506,306,20,28,366,250,0,19,30,44,541,545,12,25,529,545,4005,847,476,297,399,336,0,19,0,19,0,19,1704,762,1426,617,1081,602,345,276
1400000US36061029700,"Census Tract 297, New York County, New York",Manhattan,13,5,10,8,5,4,5,6,0,14,0,14,0,14,0,14,0,14,0,14,0,14,3,4,0,14,1,4,0,14,0,14,0,14,2,4,0,14,0,14,0,14
1400000US36061029900,"Census Tract 299, New York County, New York",Manhattan,3532,611,787,394,102,69,589,344,0,14,0,14,0,14,21,26,75,112,0,14,75,112,2745,464,274,159,249,226,487,503,0,14,0,14,1229,475,506,236,339,168,167,146
1400000US36061030300,"Census Tract 303, New York County, New York",Manhattan,3309,586,1833,341,1145,268,248,138,0,14,163,81,0,14,92,109,185,117,41,49,144,108,1476,478,79,61,0,14,0,14,1,3,0,14,960,457,436,175,369,168,67,66
1400000US36061030700,"Census Tract 307, New York County, New York",Manhattan,3563,549,2844,527,2245,535,277,183,0,14,94,56,0,14,104,75,124,121,10,18,114,119,719,224,146,139,55,53,0,14,0,14,0,14,177,90,341,173,127,68,214,157
1400000US36061030900,"Census Tract 309, New York County, New York",Manhattan,10253,1556,2470,608,319,118,1756,559,95,124,83,112,0,21,0,21,217,279,194,277,23,38,7783,1612,817,708,458,370,162,189,0,21,0,21,3527,1394,2819,1209,2747,1203,72,87
1400000US36061031100,"Census Tract 311, New York County, New York",Manhattan,0,14,0,14,0,14,0,14,0,14,0,14,0,14,0,14,0,14,0,14,0,14,0,14,0,14,0,14,0,14,0,14,0,14,0,14,0,14,0,14,0,14
1400000US36061031703,"Census Tract 317.03, New York County, New York",Manhattan,5887,1028,5745,1030,3566,820,494,625,0,19,1088,354,0,19,118,159,479,398,0,19,479,398,142,100,0,19,0,19,0,19,0,19,0,19,0,19,142,100,142,100,0,19
1400000US36061031704,"Census Tract 317.04, New York County, New York",Manhattan,10097,1409,9784,1387,6154,1182,250,223,22,38,3087,1312,0,21,186,234,85,93,0,21,85,93,313,191,84,98,0,21,0,21,0,21,0,21,55,76,174,167,174,167,0,21
1400000US36061031900,"Census Tract 319, New York County, New York",Manhattan,0,14,0,14,0,14,0,14,0,14,0,14,0,14,0,14,0,14,0,14,0,14,0,14,0,14,0,14,0,14,0,14,0,14,0,14,0,14,0,14,0,14
1400000US36081000101,"Census Tract 1.01, Queens County, New York",Queens,4665,808,4101,879,2240,475,34,40,0,14,1261,622,0,14,20,33,546,302,77,115,469,286,564,313,146,137,0,14,0,14,0,14,0,14,311,264,107,113,107,113,0,14
1400000US36081000102,"Census Tract 1.02, Queens County, New York",Queens,6790,877,6086,866,3981,688,147,161,0,19,1509,711,0,19,17,27,432,210,155,100,277,183,704,263,150,125,0,19,0,19,85,109,0,19,101,57,368,198,265,150,103,121
1400000US36081000103,"Census Tract 1.03, Queens County, New York",Queens,35,45,35,45,21,24,0,14,0,14,14,22,0,14,0,14,0,14,0,14,0,14,0,14,0,14,0,14,0,14,0,14,0,14,0,14,0,14,0,14,0,14
1400000US36081000104,"Census Tract 1.04, Queens County, New York",Queens,281,123,151,41,30,56,121,65,0,14,0,14,0,14,0,14,0,14,0,14,0,14,130,125,0,14,0,14,0,14,0,14,0,14,74,119,56,38,56,38,0,14
1400000US36081000200,"Census Tract 2, Queens County, New York",Queens,2439,483,1203,371,333,142,114,128,2,4,690,346,0,14,10,16,54,32,24,24,30,23,1236,368,125,118,8,12,33,53,0,14,0,14,632,275,438,265,388,249,50,70
1400000US36081000400,"Census Tract 4, Queens County, New York",Queens,4102,1069,1568,507,80,75,306,184,0,14,989,482,0,14,91,89,102,84,52,66,50,49,2534,1078,316,276,50,82,0,14,0,14,0,14,896,531,1272,961,1170,938,102,124
1400000US36081000600,"Census Tract 6, Queens County, New York",Queens,3549,762,1404,312,252,186,129,133,0,14,917,321,0,14,22,30,84,81,59,68,25,38,2145,779,203,148,52,84,0,14,0,14,0,14,813,369,1077,694,1053,702,24,36
1400000US36081000701,"Census Tract 7.01, Queens County, New York",Queens,3691,478,3300,473,1672,413,332,310,0,14,846,237,0,14,82,133,368,129,17,24,351,129,391,189,53,58,0,14,23,27,0,14,0,14,93,83,222,156,207,158,15,26
1400000US36081000702,"Census Tract 7.02, Queens County, New York",Queens,4643,739,4152,738,2019,612,177,168,0,14,1660,618,0,14,25,41,271,169,27,44,244,165,491,255,91,94,0,14,0,14,0,14,0,14,99,102,301,217,301,217,0,14
1400000US36081000800,"Census Tract 8, Queens County, New York",Queens,3768,592,1560,490,292,142,307,358,0,14,862,264,0,14,0,14,99,104,0,14,99,104,2208,472,473,336,0,14,52,41,0,14,0,14,908,453,775,390,746,382,29,46
1400000US36081001000,"Census Tract 10, Queens County, New York",Queens,4636,845,1314,272,216,137,192,167,0,14,483,230,0,14,262,179,161,182,0,14,161,182,3322,853,113,111,0,14,16,31,0,14,0,14,1742,528,1451,799,1024,443,427,667
1400000US36081001200,"Census Tract 12, Queens County, New York",Queens,4603,766,1649,450,438,165,50,50,0,14,883,276,0,14,0,14,278,373,278,373,0,14,2954,835,127,119,346,513,62,88,0,14,0,14,1012,647,1407,598,1337,606,70,116
1400000US36081001400,"Census Tract 14, Queens County, New York",Queens,3609,799,2030,753,696,473,292,301,0,14,981,582,0,14,32,33,29,45,0,14,29,45,1579,474,76,95,14,32,38,40,0,14,0,14,1072,494,379,147,321,146,58,71
1400000US36081001600,"Census Tract 16, Queens County, New York",Queens,2650,547,1027,217,190,114,36,55,0,14,706,172,0,14,12,23,83,44,34,30,49,32,1623,580,213,110,44,66,39,44,0,14,0,14,760,308,567,454,567,454,0,14
1400000US36081001800,"Census Tract 18, Queens County, New York",Queens,3025,650,1253,436,369,212,115,109,0,14,314,94,0,14,213,271,242,238,45,62,197,225,1772,511,61,56,0,14,14,19,0,14,85,128,910,349,702,482,696,482,6,10
1400000US36081001901,"Census Tract 19.01, Queens County, New York",Queens,1738,414,1560,406,696,411,38,53,32,44,653,214,0,14,0,14,141,102,0,14,141,102,178,120,60,50,0,14,0,14,0,14,0,14,87,82,31,37,15,31,16,27
1400000US36081001902,"Census Tract 19.02, Queens County, New York",Queens,6561,984,6120,987,2460,885,51,84,0,19,3219,743,0,19,49,78,341,194,92,140,249,148,441,261,161,138,0,19,0,19,0,19,0,19,0,19,280,231,229,215,51,76
1400000US36081001903,"Census Tract 19.03, Queens County, New York",Queens,2060,279,2000,283,754,251,56,40,0,14,1098,277,0,14,19,32,73,71,0,14,73,71,60,41,33,38,0,14,0,14,0,14,0,14,27,12,0,14,0,14,0,14
1400000US36081002000,"Census Tract 20, Queens County, New York",Queens,1774,286,830,188,244,114,27,29,0,14,411,220,0,14,133,77,15,18,0,14,15,18,944,306,40,34,0,14,0,14,0,14,0,14,709,252,195,159,155,142,40,39
1400000US36081002200,"Census Tract 22, Queens County, New York",Queens,2021,413,877,295,349,180,170,124,0,14,348,223,0,14,4,6,6,11,6,11,0,14,1144,375,190,130,9,15,7,19,0,14,0,14,372,261,566,312,549,311,17,26
1400000US36081002400,"Census Tract 24, Queens County, New York",Queens,2080,531,890,268,307,146,164,88,0,14,287,133,0,14,18,27,114,128,108,131,6,9,1190,373,8,15,6,9,0,14,21,33,0,14,668,218,487,310,425,303,62,71
1400000US36081002500,"Census Tract 25, Queens County, New York",Queens,6530,991,4491,933,519,298,1842,466,0,19,1546,841,87,150,52,86,445,420,8,16,437,420,2039,638,230,141,0,19,68,101,0,19,0,19,1113,544,628,390,563,386,65,81
1400000US36081002600,"Census Tract 26, Queens County, New York",Queens,2236,430,1371,441,376,145,157,96,0,14,471,260,0,14,150,155,217,307,198,305,19,24,865,333,32,32,19,21,31,47,0,14,0,14,435,323,348,169,294,161,54,51
1400000US36081002800,"Census Tract 28, Queens County, New York",Queens,2883,519,1507,426,242,148,72,83,0,14,868,343,0,14,277,246,48,49,21,27,27,35,1376,471,115,105,41,73,0,14,0,14,0,14,711,331,509,323,455,311,54,84
1400000US36081003000,"Census Tract 30, Queens County, New York",Queens,1410,461,550,194,183,156,43,57,0,14,200,143,0,14,7,10,117,83,117,83,0,14,860,434,300,453,0,14,0,14,0,14,0,14,408,185,152,129,152,129,0,14
1400000US36081003100,"Census Tract 31, Queens County, New York",Queens,1715,224,1184,180,525,124,86,59,0,14,361,129,0,14,28,24,184,95,12,19,172,94,531,145,76,62,0,14,10,15,0,14,0,14,247,106,198,138,173,134,25,26
1400000US36081003200,"Census Tract 32, Queens County, New York",Queens,1902,389,569,246,257,207,63,59,0,14,195,127,0,14,0,14,54,57,0,14,54,57,1333,373,23,20,0,14,0,14,0,14,0,14,1003,366,307,183,300,182,7,10
1400000US36081003301,"Census Tract 33.01, Queens County, New York",Queens,4042,530,3759,531,1411,321,122,83,0,14,1954,488,0,14,50,49,222,149,17,26,205,146,283,96,101,63,0,14,0,14,0,14,0,14,20,33,162,66,162,66,0,14
1400000US36081003302,"Census Tract 33.02, Queens County, New York",Queens,1056,193,698,224,272,137,132,74,0,14,246,143,0,14,8,17,40,37,3,6,37,38,358,127,74,71,47,44,8,14,0,14,0,14,102,73,127,67,127,67,0,14
1400000US36081003400,"Census Tract 34, Queens County, New York",Queens,2619,399,1097,307,420,294,108,105,15,22,397,203,0,14,108,123,49,72,49,72,0,14,1522,391,22,31,103,105,3,9,0,14,0,14,669,279,725,358,722,358,3,9
1400000US36081003600,"Census Tract 36, Queens County, New York",Queens,3330,729,1673,607,365,305,102,145,0,14,979,466,0,14,148,136,79,102,79,102,0,14,1657,667,64,70,35,55,12,26,0,14,0,14,1183,671,363,226,232,178,131,127
1400000US36081003700,"Census Tract 37, Queens County, New York",Queens,0,14,0,14,0,14,0,14,0,14,0,14,0,14,0,14,0,14,0,14,0,14,0,14,0,14,0,14,0,14,0,14,0,14,0,14,0,14,0,14,0,14
1400000US36081003800,"Census Tract 38, Queens County, New York",Queens,2185,347,925,350,341,249,76,77,0,14,508,253,0,14,0,14,0,14,0,14,0,14,1260,263,128,82,92,111,0,14,0,14,0,14,767,289,273,162,255,157,18,30
1400000US36081003900,"Census Tract 39, Queens County, New York",Queens,1480,399,407,121,182,84,46,39,0,14,141,86,0,14,0,14,38,45,7,11,31,44,1073,391,193,129,0,14,15,21,0,14,0,14,396,113,469,358,469,358,0,14
1400000US36081004001,"Census Tract 40.01, Queens County, New York",Queens,2063,283,1092,225,486,191,31,33,0,14,372,140,0,14,108,97,95,72,95,72,0,14,971,287,102,73,29,28,15,22,0,14,0,14,460,208,365,189,345,182,20,29
1400000US36081004002,"Census Tract 40.02, Queens County, New York",Queens,1766,656,1163,651,78,74,65,56,0,14,489,210,0,14,419,612,112,102,78,92,34,38,603,269,22,22,68,101,0,14,0,14,0,14,476,324,37,50,0,14,37,50
1400000US36081004200,"Census Tract 42, Queens County, New York",Queens,4651,649,3422,752,193,166,488,283,0,14,2529,748,0,14,24,42,188,209,162,199,26,41,1229,466,5,13,6,17,53,87,0,14,0,14,578,307,587,478,587,478,0,14
1400000US36081004300,"Census Tract 43, Queens County, New York",Queens,2033,457,1311,370,109,77,892,343,6,14,161,116,0,14,26,44,117,98,32,35,85,84,722,297,89,76,100,55,0,14,0,14,0,14,186,177,347,223,168,134,179,194
1400000US36081004401,"Census Tract 44.01, Queens County, New York",Queens,3493,570,2738,550,220,173,193,110,0,14,2182,538,0,14,29,27,114,92,37,40,77,81,755,355,204,253,0,14,0,14,0,14,0,14,377,189,174,107,128,68,46,67
1400000US36081004500,"Census Tract 45, Queens County, New York",Queens,2758,417,2382,421,1484,349,35,30,0,14,682,208,0,14,0,14,181,138,11,17,170,137,376,182,53,60,0,14,11,17,0,14,0,14,201,166,111,73,90,70,21,24
1400000US36081004700,"Census Tract 47, Queens County, New York",Queens,3963,628,2767,379,1031,329,1065,340,0,14,478,289,0,14,39,43,154,100,0,14,154,100,1196,575,78,63,30,49,0,14,0,14,0,14,624,535,464,230,311,143,153,148
1400000US36081005000,"Census Tract 50, Queens County, New York",Queens,0,14,0,14,0,14,0,14,0,14,0,14,0,14,0,14,0,14,0,14,0,14,0,14,0,14,0,14,0,14,0,14,0,14,0,14,0,14,0,14,0,14
1400000US36081005100,"Census Tract 51, Queens County, New York",Queens,2303,492,1838,476,466,123,38,29,44,69,1098,467,0,14,37,30,155,190,123,186,32,30,465,175,20,19,0,14,26,28,0,14,0,14,228,138,191,116,147,108,44,46
1400000US36081005200,"Census Tract 52, Queens County, New York",Queens,2303,563,1697,514,332,230,57,56,0,14,1183,469,0,14,43,55,82,89,0,14,82,89,606,289,14,25,0,14,20,31,0,14,0,14,323,164,249,273,249,273,0,14
1400000US36081005300,"Census Tract 53, Queens County, New York",Queens,5188,883,4191,907,2358,716,69,62,0,19,1358,531,0,19,280,344,126,115,20,33,106,111,997,456,200,138,0,19,0,19,0,19,0,19,333,310,464,303,426,310,38,43
1400000US36081005400,"Census Tract 54, Queens County, New York",Queens,5341,750,3593,556,1148,375,548,384,0,19,1081,329,0,19,308,254,508,270,451,270,57,53,1748,695,128,121,43,50,75,137,37,58,0,19,752,481,713,473,699,468,14,23
1400000US36081005500,"Census Tract 55, Queens County, New York",Queens,1350,285,811,241,328,197,42,34,0,14,347,115,0,14,54,87,40,54,0,14,40,54,539,220,85,122,0,14,0,14,0,14,0,14,284,150,170,130,165,130,5,8
1400000US36081005700,"Census Tract 57, Queens County, New York",Queens,3800,481,2760,321,1764,349,47,41,0,14,382,177,0,14,279,210,288,207,194,209,94,66,1040,421,137,99,117,126,0,14,0,14,0,14,674,410,112,79,95,72,17,16
1400000US36081005800,"Census Tract 58, Queens County, New York",Queens,6242,971,3575,711,1147,299,217,188,30,48,1724,548,0,19,0,19,457,485,69,115,388,471,2667,705,366,270,30,29,0,19,43,64,0,19,1161,625,1067,578,812,521,255,242
1400000US36081005900,"Census Tract 59, Queens County, New York",Queens,4208,830,2656,704,2029,636,89,75,0,14,211,118,0,14,7,12,320,246,300,243,20,22,1552,486,112,108,0,14,153,148,0,14,0,14,956,402,331,204,307,204,24,39
1400000US36081006100,"Census Tract 61, Queens County, New York",Queens,5207,635,4213,593,2761,595,40,51,26,44,1184,249,0,19,100,135,102,78,48,55,54,59,994,279,243,131,15,24,8,12,0,19,0,19,324,218,404,192,390,191,14,25
1400000US36081006201,"Census Tract 62.01, Queens County, New York",Queens,5870,1127,4119,1105,2653,529,535,339,0,19,662,970,0,19,22,37,247,249,83,109,164,152,1751,513,228,155,75,77,0,19,0,19,0,19,663,460,785,360,649,320,136,129
1400000US36081006202,"Census Tract 62.02, Queens County, New York",Queens,7327,1107,3827,879,2513,538,281,389,0,19,432,438,0,19,24,39,577,619,380,589,197,140,3500,1171,511,384,21,34,38,64,0,19,0,19,1328,730,1602,1046,1173,842,429,534
1400000US36081006300,"Census Tract 63, Queens County, New York",Queens,5613,764,4413,795,2896,691,34,40,0,19,941,417,0,19,50,47,492,310,82,58,410,314,1200,502,230,151,0,19,18,29,0,19,0,19,264,189,688,387,533,318,155,225
1400000US36081006501,"Census Tract 65.01, Queens County, New York",Queens,2983,473,1999,287,1259,268,130,119,0,14,516,183,0,14,7,14,87,63,0,14,87,63,984,457,199,254,0,14,9,13,0,14,0,14,361,142,415,354,312,333,103,121
1400000US36081006502,"Census Tract 65.02, Queens County, New York",Queens,3975,629,2848,419,2397,410,106,105,0,14,195,154,0,14,28,42,122,112,23,34,99,108,1127,561,138,149,0,14,0,14,0,14,0,14,311,283,678,511,637,491,41,48
1400000US36081006900,"Census Tract 69, Queens County, New York",Queens,4767,738,3568,600,2496,634,260,265,0,14,652,142,0,14,0,14,160,165,40,62,120,161,1199,377,109,109,0,14,0,14,61,91,0,14,659,412,370,158,370,158,0,14
1400000US36081007100,"Census Tract 71, Queens County, New York",Queens,3488,420,2731,362,1697,285,209,156,24,38,551,235,0,14,82,132,168,99,72,70,96,76,757,317,34,35,0,14,0,14,5,12,0,14,458,204,260,244,257,241,3,10
1400000US36081007300,"Census Tract 73, Queens County, New York",Queens,3813,425,2899,421,1590,326,34,51,163,99,815,300,0,14,84,91,213,118,33,40,180,111,914,196,208,151,54,67,0,14,0,14,0,14,250,215,402,208,363,212,39,51
1400000US36081007500,"Census Tract 75, Queens County, New York",Queens,5002,974,3891,810,2601,773,257,274,0,19,747,417,0,19,0,19,286,209,0,19,286,209,1111,692,55,65,14,22,20,32,0,19,0,19,668,654,354,274,353,274,1,3
1400000US36081007700,"Census Tract 77, Queens County, New York",Queens,1913,365,1529,317,1080,311,49,63,0,14,361,181,0,14,7,12,32,31,0,14,32,31,384,229,42,32,0,14,69,138,0,14,0,14,232,175,41,27,29,21,12,19
1400000US36081007900,"Census Tract 79, Queens County, New York",Queens,2742,494,1832,442,793,255,48,45,0,14,848,381,0,14,10,15,133,107,12,22,121,107,910,269,104,81,11,18,9,16,24,38,17,27,446,320,299,143,291,145,8,13
1400000US36081008100,"Census Tract 81, Queens County, New York",Queens,1530,267,1091,259,725,187,72,106,0,14,257,157,0,14,0,14,37,41,16,25,21,33,439,229,25,29,0,14,20,29,0,14,0,14,335,224,59,43,25,27,34,35
1400000US36081008300,"Census Tract 83, Queens County, New York",Queens,2405,531,1239,349,790,285,151,88,0,14,227,131,0,14,13,22,58,49,0,14,58,49,1166,453,88,73,0,14,0,14,0,14,0,14,672,333,406,310,406,310,0,14
1400000US36081008500,"Census Tract 85, Queens County, New York",Queens,1821,430,999,366,421,256,198,103,0,14,341,290,0,14,0,14,39,36,13,20,26,31,822,356,21,37,50,75,0,14,0,14,0,14,335,293,416,197,416,197,0,14
1400000US36081008600,"Census Tract 86, Queens County, New York",Queens,3341,504,1635,286,805,263,79,131,12,18,452,226,0,14,139,112,148,132,141,127,7,12,1706,556,204,221,0,14,569,475,71,88,0,14,658,302,204,131,165,119,39,56
1400000US36081008700,"Census Tract 87, Queens County, New York",Queens,3480,687,2061,463,452,198,1173,377,0,14,219,168,0,14,49,65,168,123,18,31,150,118,1419,462,28,33,171,107,0,14,0,14,0,14,972,403,248,171,248,171,0,14
1400000US36081008800,"Census Tract 88, Queens County, New York",Queens,3679,492,1946,369,897,275,302,215,0,14,525,240,0,14,214,156,8,13,0,14,8,13,1733,459,197,196,110,108,0,14,23,33,0,14,741,307,662,398,618,390,44,41
1400000US36081009100,"Census Tract 91, Queens County, New York",Queens,1928,326,1430,307,984,226,119,105,0,14,194,158,0,14,32,48,101,114,8,12,93,113,498,163,46,38,0,14,0,14,46,71,0,14,128,106,278,91,268,96,10,19
1400000US36081009400,"Census Tract 94, Queens County, New York",Queens,2707,555,2144,541,107,60,383,326,0,14,910,357,0,14,404,269,340,141,299,140,41,40,563,336,83,114,8,12,14,22,65,97,0,14,267,203,126,84,90,78,36,45
1400000US36081009500,"Census Tract 95, Queens County, New York",Queens,1959,317,1678,292,1289,300,27,35,0,14,282,107,0,14,35,43,45,49,0,14,45,49,281,112,109,83,0,14,0,14,3,5,0,14,97,62,72,60,72,60,0,14
1400000US36081009600,"Census Tract 96, Queens County, New York",Queens,3072,708,2721,699,82,46,316,244,0,14,1214,502,0,14,590,446,519,342,484,339,35,33,351,214,38,31,9,14,0,14,0,14,0,14,183,149,121,113,121,113,0,14
1400000US36081009700,"Census Tract 97, Queens County, New York",Queens,3837,543,3166,510,2385,413,50,66,0,14,574,332,0,14,0,14,157,122,15,25,142,117,671,351,162,159,161,249,22,36,0,14,0,14,76,59,250,213,250,213,0,14
1400000US36081009800,"Census Tract 98, Queens County, New York",Queens,2216,471,1893,459,113,105,306,165,194,162,886,420,0,14,216,102,178,133,124,111,54,74,323,182,9,13,0,14,61,68,0,14,0,14,142,121,111,96,111,96,0,14
1400000US36081009900,"Census Tract 99, Queens County, New York",Queens,0,14,0,14,0,14,0,14,0,14,0,14,0,14,0,14,0,14,0,14,0,14,0,14,0,14,0,14,0,14,0,14,0,14,0,14,0,14,0,14,0,14
1400000US36081010000,"Census Tract 100, Queens County, New York",Queens,3082,745,2182,741,179,199,207,105,0,14,790,370,0,14,336,226,670,550,363,248,307,486,900,273,236,98,0,14,0,14,28,43,0,14,356,233,280,207,267,203,13,21
1400000US36081010100,"Census Tract 101, Queens County, New York",Queens,2686,597,2170,565,1776,400,0,14,0,14,111,86,0,14,23,27,260,235,130,180,130,169,516,213,143,116,64,103,0,14,0,14,0,14,50,48,259,160,247,159,12,18
1400000US36081010200,"Census Tract 102, Queens County, New York",Queens,2731,466,2447,489,107,106,350,200,38,43,1201,400,0,14,392,213,359,236,134,113,225,199,284,204,0,14,0,14,73,109,33,50,0,14,14,21,164,136,140,131,24,36
1400000US36081010300,"Census Tract 103, Queens County, New York",Queens,3915,565,3152,491,2164,522,110,93,0,14,712,387,0,14,0,14,166,124,82,91,84,68,763,311,58,62,0,14,0,14,39,59,0,14,240,187,426,216,324,184,102,138
1400000US36081010400,"Census Tract 104, Queens County, New York",Queens,3746,742,2810,675,275,258,1062,410,0,14,629,388,0,14,778,512,66,81,66,81,0,14,936,392,82,83,143,197,68,77,0,14,0,14,574,317,69,58,69,58,0,14
1400000US36081010500,"Census Tract 105, Queens County, New York",Queens,4668,735,3360,680,2353,585,366,308,0,14,467,280,0,14,40,53,134,101,46,49,88,93,1308,425,116,96,0,14,0,14,0,14,0,14,446,189,746,397,746,397,0,14
1400000US36081010600,"Census Tract 106, Queens County, New York",Queens,2785,633,1882,620,113,53,175,103,201,194,345,141,0,14,859,639,189,145,154,137,35,37,903,395,0,14,0,14,0,14,0,14,0,14,808,379,95,94,95,94,0,14
1400000US36081010701,"Census Tract 107.01, Queens County, New York",Queens,0,14,0,14,0,14,0,14,0,14,0,14,0,14,0,14,0,14,0,14,0,14,0,14,0,14,0,14,0,14,0,14,0,14,0,14,0,14,0,14,0,14
1400000US36081010800,"Census Tract 108, Queens County, New York",Queens,3304,654,2516,665,29,24,12,15,0,14,1757,587,0,14,451,232,267,122,254,127,13,24,788,405,66,64,0,14,0,14,0,14,0,14,721,417,1,3,1,3,0,14
1400000US36081011000,"Census Tract 110, Queens County, New York",Queens,2818,584,1997,370,102,80,239,183,0,14,750,265,0,14,554,272,352,240,318,235,34,46,821,469,13,19,35,43,0,14,0,14,0,14,434,247,339,365,299,359,40,47
1400000US36081011100,"Census Tract 111, Queens County, New York",Queens,2939,438,2257,361,1870,377,0,14,32,53,242,140,0,14,30,35,83,65,38,57,45,36,682,415,13,21,0,14,0,14,0,14,11,17,301,256,357,298,337,293,20,30
1400000US36081011200,"Census Tract 112, Queens County, New York",Queens,2375,442,1671,389,263,131,25,27,0,14,1072,355,0,14,166,137,145,155,145,155,0,14,704,340,80,101,26,34,0,14,0,14,12,21,419,227,167,193,147,205,20,31
1400000US36081011300,"Census Tract 113, Queens County, New York",Queens,4445,586,3333,458,2634,462,77,58,0,14,402,210,63,107,12,21,145,147,114,145,31,24,1112,374,91,108,57,65,186,194,0,14,0,14,529,358,249,138,249,138,0,14
1400000US36081011400,"Census Tract 114, Queens County, New York",Queens,1908,584,634,306,150,99,55,75,0,14,274,233,0,14,113,152,42,61,42,61,0,14,1274,637,79,106,0,14,27,39,0,14,0,14,642,554,526,586,494,571,32,44
1400000US36081011500,"Census Tract 115, Queens County, New York",Queens,2539,468,1896,429,1497,442,166,127,0,14,160,112,0,14,24,32,49,63,42,50,7,14,643,286,21,25,0,14,0,14,26,32,0,14,248,284,348,269,329,265,19,30
1400000US36081011600,"Census Tract 116, Queens County, New York",Queens,2226,371,1001,302,262,270,0,14,0,14,411,164,0,14,243,208,85,101,24,35,61,89,1225,232,97,96,84,78,41,62,0,14,0,14,879,172,124,74,124,74,0,14
1400000US36081011700,"Census Tract 117, Queens County, New York",Queens,4015,592,3103,431,2494,436,35,56,0,14,376,226,0,14,0,14,198,117,55,52,143,119,912,333,200,226,39,62,23,38,64,85,0,14,262,143,324,211,273,206,51,55
1400000US36081011800,"Census Tract 118, Queens County, New York",Queens,2689,528,1938,538,153,127,224,189,0,14,936,511,0,14,519,308,106,134,0,14,106,134,751,298,81,131,0,14,51,95,0,14,0,14,293,158,326,190,326,190,0,14
1400000US36081011900,"Census Tract 119, Queens County, New York",Queens,1602,384,1098,166,910,164,0,14,0,14,112,47,0,14,0,14,76,58,15,21,61,54,504,371,53,50,19,26,0,14,0,14,0,14,133,118,299,355,299,355,0,14
1400000US36081012000,"Census Tract 120, Queens County, New York",Queens,2355,570,1920,521,98,108,147,160,15,23,1006,361,0,14,372,239,282,181,237,151,45,53,435,209,11,20,0,14,0,14,0,14,0,14,324,211,100,121,100,121,0,14
1400000US36081012100,"Census Tract 121, Queens County, New York",Queens,2141,406,1780,430,1532,409,17,17,0,14,176,100,0,14,19,29,36,33,9,13,27,31,361,116,97,70,0,14,0,14,0,14,0,14,139,89,125,66,111,65,14,16
1400000US36081012200,"Census Tract 122, Queens County, New York",Queens,2939,827,1680,329,362,260,241,192,0,14,868,165,0,14,79,57,130,113,102,105,28,34,1259,610,89,105,0,14,0,14,0,14,0,14,802,357,368,484,368,484,0,14
1400000US36081012301,"Census Tract 123.01, Queens County, New York",Queens,3343,826,2671,783,2357,795,168,132,0,14,57,48,0,14,15,23,74,70,49,61,25,32,672,305,96,85,0,14,52,81,0,14,0,14,106,73,418,267,334,236,84,140
1400000US36081012400,"Census Tract 124, Queens County, New York",Queens,2913,621,1815,625,169,115,684,559,0,14,917,265,0,14,16,19,29,31,14,21,15,22,1098,291,207,131,19,27,86,121,0,14,0,14,616,307,170,132,92,77,78,104
1400000US36081012500,"Census Tract 125, Queens County, New York",Queens,1360,247,1031,172,724,126,25,22,8,12,174,94,0,14,17,26,83,57,9,13,74,50,329,169,48,45,0,14,0,14,0,14,0,14,152,137,129,83,102,84,27,40
1400000US36081012601,"Census Tract 126.01, Queens County, New York",Queens,2787,651,1322,341,206,113,169,163,0,14,471,324,0,14,324,198,152,146,64,89,88,113,1465,582,208,246,0,14,0,14,0,14,0,14,1126,533,131,90,122,93,9,15
1400000US36081012602,"Census Tract 126.02, Queens County, New York",Queens,2215,431,1327,507,157,96,0,14,22,39,705,316,0,14,31,51,412,416,400,416,12,20,888,269,232,165,37,52,9,13,15,21,0,14,522,227,73,54,64,53,9,14
1400000US36081012800,"Census Tract 128, Queens County, New York",Queens,2129,443,1350,261,844,192,17,22,41,49,259,182,0,14,11,14,178,140,6,13,172,142,779,427,57,55,9,13,9,13,0,14,0,14,397,214,307,386,307,386,0,14
1400000US36081013000,"Census Tract 130, Queens County, New York",Queens,1829,353,1480,318,705,246,161,137,0,14,243,126,0,14,89,115,282,279,0,14,282,279,349,191,98,94,0,14,93,148,0,14,0,14,54,48,104,66,92,58,12,12
1400000US36081013200,"Census Tract 132, Queens County, New York",Queens,1960,330,1347,374,557,275,156,115,0,14,354,241,0,14,208,163,72,60,15,24,57,55,613,262,73,58,3,5,44,54,0,14,0,14,152,180,341,211,333,212,8,12
1400000US36081013400,"Census Tract 134, Queens County, New York",Queens,5802,1006,4207,997,2504,716,354,164,0,19,928,778,0,19,150,199,271,231,9,35,262,220,1595,516,234,216,124,108,0,19,0,19,0,19,785,416,452,313,452,313,0,19
1400000US36081013500,"Census Tract 135, Queens County, New York",Queens,1332,360,1150,371,1118,370,0,14,0,14,25,30,0,14,7,11,0,14,0,14,0,14,182,92,74,43,0,14,0,14,0,14,0,14,54,48,54,59,54,59,0,14
1400000US36081013600,"Census Tract 136, Queens County, New York",Queens,1981,334,1369,315,812,219,133,89,0,14,286,237,0,14,20,26,118,78,34,39,84,78,612,170,53,47,9,13,5,8,0,14,0,14,345,150,200,88,182,84,18,18
1400000US36081013700,"Census Tract 137, Queens County, New York",Queens,1874,215,1447,218,1321,195,0,14,0,14,41,38,0,14,9,15,76,83,8,11,68,82,427,176,45,34,0,14,0,14,0,14,0,14,130,79,252,154,155,88,97,133
1400000US36081013800,"Census Tract 138, Queens County, New York",Queens,4018,881,3150,787,1103,473,177,123,0,14,1519,612,0,14,53,61,298,128,22,30,276,132,868,347,113,153,0,14,12,19,0,14,0,14,591,310,152,173,152,173,0,14
1400000US36081014000,"Census Tract 140, Queens County, New York",Queens,4409,1057,3141,1056,2259,1082,161,87,0,14,460,137,0,14,17,26,244,162,49,52,195,139,1268,441,62,67,0,14,40,65,0,14,0,14,729,407,437,262,363,203,74,81
1400000US36081014100,"Census Tract 141, Queens County, New York",Queens,1613,289,1192,331,731,183,72,110,0,14,328,265,0,14,10,16,51,43,47,42,4,6,421,180,49,46,0,14,0,14,39,57,0,14,69,41,264,147,257,150,7,12
1400000US36081014201,"Census Tract 142.01, Queens County, New York",Queens,4388,1116,2635,1012,420,371,242,160,0,14,1701,956,0,14,0,14,272,143,22,30,250,149,1753,611,191,136,28,45,0,14,0,14,0,14,1060,342,474,586,474,586,0,14
1400000US36081014202,"Census Tract 142.02, Queens County, New York",Queens,2755,486,1351,342,251,103,245,85,61,78,390,250,0,14,278,262,126,113,94,89,32,66,1404,519,72,75,0,14,0,14,19,30,0,14,1016,501,297,298,297,298,0,14
1400000US36081014300,"Census Tract 143, Queens County, New York",Queens,3853,542,2830,394,2111,387,35,38,21,35,440,277,0,14,0,14,223,146,101,118,122,80,1023,402,173,154,18,25,15,53,0,14,0,14,330,185,487,346,407,367,80,92
1400000US36081014400,"Census Tract 144, Queens County, New York",Queens,1671,505,1132,514,58,58,105,73,0,14,831,508,0,14,20,20,118,81,66,63,52,47,539,176,194,214,0,14,0,14,0,14,0,14,131,99,214,172,82,76,132,137
1400000US36081014500,"Census Tract 145, Queens County, New York",Queens,2429,414,1926,404,1348,304,50,41,0,14,248,142,0,14,4,11,276,255,102,129,174,219,503,215,136,115,0,14,0,14,0,14,0,14,232,154,135,95,96,81,39,59
1400000US36081014700,"Census Tract 147, Queens County, New York",Queens,3066,448,2208,460,1696,330,174,144,0,14,216,124,0,14,0,14,122,169,0,14,122,169,858,239,164,92,1,3,14,23,0,14,0,14,434,249,245,137,182,96,63,77
1400000US36081014800,"Census Tract 148, Queens County, New York",Queens,2015,376,1339,402,82,81,112,96,0,14,776,364,0,14,300,233,69,63,48,56,21,33,676,229,59,73,0,14,33,52,0,14,21,29,476,225,87,56,87,56,0,14
1400000US36081014900,"Census Tract 149, Queens County, New York",Queens,2163,462,1397,445,1013,379,0,14,0,14,226,209,0,14,0,14,158,118,83,65,75,91,766,239,75,52,0,14,23,34,0,14,0,14,196,159,472,211,424,212,48,59
1400000US36081015000,"Census Tract 150, Queens County, New York",Queens,2233,600,1542,592,59,80,207,230,0,14,897,483,0,14,163,113,216,139,215,137,1,6,691,265,9,14,18,26,17,26,0,14,0,14,502,257,145,127,145,127,0,14
1400000US36081015100,"Census Tract 151, Queens County, New York",Queens,2769,424,1943,352,1351,383,34,27,0,14,335,247,0,14,54,60,169,112,145,105,24,26,826,353,223,92,0,14,20,30,0,14,0,14,417,303,166,145,62,49,104,142
1400000US36081015200,"Census Tract 152, Queens County, New York",Queens,2599,461,2201,463,49,38,411,211,0,14,543,211,114,176,825,434,259,187,245,189,14,16,398,122,0,14,0,14,84,74,0,14,0,14,157,107,157,67,157,67,0,14
1400000US36081015300,"Census Tract 153, Queens County, New York",Queens,1821,342,1613,356,1213,300,25,31,0,14,234,119,0,14,34,42,107,88,74,55,33,42,208,99,49,39,4,11,6,11,0,14,0,14,53,42,96,72,69,61,27,40
1400000US36081015400,"Census Tract 154, Queens County, New York",Queens,2296,388,1787,391,82,80,291,217,0,14,764,266,0,14,274,133,376,231,142,125,234,189,509,142,11,16,31,45,3,10,0,14,0,14,388,122,76,71,76,71,0,14
1400000US36081015500,"Census Tract 155, Queens County, New York",Queens,2119,579,1741,551,985,195,37,44,0,14,603,522,0,14,49,64,67,53,40,43,27,31,378,310,17,18,0,14,0,14,8,12,0,14,328,313,25,35,25,35,0,14
1400000US36081015600,"Census Tract 156, Queens County, New York",Queens,3184,653,2747,652,38,61,276,138,26,40,1692,657,0,14,479,286,236,144,102,70,134,131,437,258,39,44,0,14,0,14,0,14,0,14,312,220,86,93,86,93,0,14
1400000US36081015700,"Census Tract 157, Queens County, New York",Queens,1371,277,841,181,380,111,18,18,19,30,353,177,0,14,0,14,71,48,30,37,41,30,530,200,81,101,0,14,0,14,0,14,0,14,242,128,207,79,195,79,12,19
1400000US36081015801,"Census Tract 158.01, Queens County, New York",Queens,3841,848,3037,708,1,2,509,370,276,335,1509,484,0,14,224,198,518,403,168,221,350,319,804,777,11,17,0,14,0,14,0,14,0,14,449,407,344,391,344,391,0,14
1400000US36081015802,"Census Tract 158.02, Queens County, New York",Queens,5464,1197,3816,781,107,142,484,315,0,19,1225,632,0,19,1611,664,389,323,80,81,309,316,1648,1235,0,19,0,19,423,539,0,19,0,19,744,641,481,519,290,263,191,277
1400000US36081015900,"Census Tract 159, Queens County, New York",Queens,3699,480,2685,414,1781,326,318,264,0,14,363,195,0,14,55,97,168,97,118,83,50,57,1014,270,178,110,0,14,2,4,0,14,0,14,448,163,386,293,368,294,18,37
1400000US36081016100,"Census Tract 161, Queens County, New York",Queens,2028,373,1370,219,800,229,59,55,0,14,479,148,0,14,3,5,29,24,4,6,25,23,658,327,94,126,0,14,142,204,0,14,0,14,332,181,90,65,90,65,0,14
1400000US36081016300,"Census Tract 163, Queens County, New York",Queens,3956,625,2064,233,655,204,929,179,0,14,323,130,0,14,13,22,144,137,0,14,144,137,1892,589,63,55,53,64,32,54,0,14,0,14,353,168,1391,619,1256,616,135,146
1400000US36081016400,"Census Tract 164, Queens County, New York",Queens,3180,747,2192,456,14,20,505,215,0,14,775,289,0,14,580,316,318,210,202,188,116,98,988,674,6,11,0,14,32,48,0,14,0,14,130,110,820,690,789,697,31,38
1400000US36081016600,"Census Tract 166, Queens County, New York",Queens,4015,768,3301,789,98,78,293,259,0,14,1169,587,0,14,924,541,817,479,553,358,264,199,714,410,18,35,2,5,17,27,0,14,0,14,103,76,574,406,498,389,76,126
1400000US36081016800,"Census Tract 168, Queens County, New York",Queens,2923,617,2157,471,15,16,396,190,0,14,909,375,0,14,302,181,535,264,459,249,76,100,766,444,14,22,0,14,17,26,7,10,0,14,558,442,170,103,117,88,53,54
1400000US36081016900,"Census Tract 169, Queens County, New York",Queens,5859,714,4517,676,2693,564,72,80,0,19,1641,458,0,19,0,19,111,95,0,19,111,95,1342,699,528,507,65,105,0,19,33,55,0,19,253,181,463,267,308,186,155,162
1400000US36081017000,"Census Tract 170, Queens County, New York",Queens,2738,605,2502,610,29,25,1129,675,75,116,784,306,0,14,370,203,115,84,99,75,16,17,236,159,37,49,56,87,0,14,0,14,0,14,106,101,37,41,37,41,0,14
1400000US36081017101,"Census Tract 171.01, Queens County, New York",Queens,0,14,0,14,0,14,0,14,0,14,0,14,0,14,0,14,0,14,0,14,0,14,0,14,0,14,0,14,0,14,0,14,0,14,0,14,0,14,0,14,0,14
1400000US36081017102,"Census Tract 171.02, Queens County, New York",Queens,344,320,333,321,0,14,11,24,0,14,321,319,0,14,0,14,1,1,0,14,1,1,11,24,0,14,0,14,0,14,0,14,0,14,0,14,11,24,11,24,0,14
1400000US36081017200,"Census Tract 172, Queens County, New York",Queens,2355,497,2146,457,28,37,956,314,0,14,783,386,0,14,69,82,310,330,257,320,53,47,209,203,13,27,0,14,0,14,0,14,0,14,18,27,178,195,178,195,0,14
1400000US36081017400,"Census Tract 174, Queens County, New York",Queens,2805,399,2214,356,80,48,500,225,0,14,1106,325,0,14,109,92,419,298,165,170,254,233,591,315,2,9,3,8,0,14,0,14,0,14,547,326,39,50,39,50,0,14
1400000US36081017600,"Census Tract 176, Queens County, New York",Queens,2302,332,1779,320,44,40,921,288,0,14,533,217,0,14,215,129,66,41,26,25,40,33,523,262,0,14,26,38,0,14,0,14,0,14,279,225,218,153,218,153,0,14
1400000US36081017800,"Census Tract 178, Queens County, New York",Queens,2086,422,1758,487,17,18,448,197,0,14,868,436,0,14,226,142,199,224,6,10,193,225,328,202,31,40,0,14,0,14,0,14,0,14,246,181,51,60,51,60,0,14
1400000US36081017901,"Census Tract 179.01, Queens County, New York",Queens,1045,213,672,188,260,103,15,22,0,14,290,166,0,14,0,14,107,113,27,31,80,106,373,199,0,14,0,14,100,129,0,14,0,14,142,108,131,99,127,99,4,7
1400000US36081017902,"Census Tract 179.02, Queens County, New York",Queens,69,6,11,28,0,14,11,28,0,14,0,14,0,14,0,14,0,14,0,14,0,14,58,28,15,31,28,14,0,14,0,14,0,14,0,14,15,28,15,28,0,14
1400000US36081018000,"Census Tract 180, Queens County, New York",Queens,1652,314,1430,339,119,131,368,277,183,210,394,192,0,14,177,150,189,136,130,129,59,52,222,158,6,9,12,21,0,14,0,14,0,14,151,138,53,85,53,85,0,14
1400000US36081018101,"Census Tract 181.01, Queens County, New York",Queens,3532,555,2136,391,1373,382,53,77,0,14,498,221,0,14,43,49,169,115,104,94,65,60,1396,589,54,48,94,119,39,49,0,14,0,14,412,198,797,551,780,551,17,20
1400000US36081018102,"Census Tract 181.02, Queens County, New York",Queens,3680,491,2848,492,1346,236,57,78,0,14,1295,539,12,26,22,25,116,96,17,23,99,94,832,203,155,111,5,9,0,14,0,14,0,14,308,169,364,178,364,178,0,14
1400000US36081018200,"Census Tract 182, Queens County, New York",Queens,2613,490,2262,452,101,109,1394,332,0,14,119,92,0,14,567,389,81,83,32,39,49,75,351,211,16,17,64,65,0,14,0,14,0,14,243,193,28,29,28,29,0,14
1400000US36081018300,"Census Tract 183, Queens County, New York",Queens,5058,779,3508,715,1887,388,71,88,0,19,1301,653,0,19,50,59,199,152,5,14,194,152,1550,465,589,486,1,3,0,19,0,19,0,19,384,206,576,384,576,384,0,19
1400000US36081018401,"Census Tract 184.01, Queens County, New York",Queens,2089,301,1803,377,0,14,1149,362,79,114,107,131,0,14,337,199,131,89,79,56,52,62,286,236,0,14,0,14,0,14,0,14,0,14,220,227,66,78,59,76,7,11
1400000US36081018402,"Census Tract 184.02, Queens County, New York",Queens,2855,479,2268,476,0,14,1749,489,0,14,141,109,0,14,144,153,234,161,136,93,98,131,587,310,14,21,23,23,0,14,0,14,0,14,428,275,122,155,122,155,0,14
1400000US36081018501,"Census Tract 185.01, Queens County, New York",Queens,3696,487,2429,355,1435,226,27,30,0,14,835,279,0,14,46,53,86,59,0,14,86,59,1267,366,410,264,0,14,26,36,0,14,0,14,270,126,561,295,501,283,60,51
1400000US36081018502,"Census Tract 185.02, Queens County, New York",Queens,3071,349,2316,429,1545,404,22,33,0,14,645,249,0,14,8,13,96,93,22,25,74,90,755,301,22,34,13,23,0,14,0,14,0,14,256,204,464,296,431,281,33,36
1400000US36081018600,"Census Tract 186, Queens County, New York",Queens,1886,389,1675,382,1,4,932,312,0,14,126,137,0,14,552,243,64,53,43,48,21,31,211,176,0,14,50,58,0,14,0,14,0,14,10,14,151,162,151,162,0,14
1400000US36081018700,"Census Tract 187, Queens County, New York",Queens,2760,504,1608,373,474,153,197,118,0,14,929,301,0,14,0,14,8,14,0,14,8,14,1152,458,129,98,132,214,0,14,0,14,0,14,379,259,512,257,427,251,85,88
1400000US36081018800,"Census Tract 188, Queens County, New York",Queens,1356,335,1201,336,2,4,912,294,0,14,97,72,0,14,58,71,132,99,78,72,54,70,155,136,0,14,8,12,0,14,0,14,0,14,146,132,1,4,1,4,0,14
1400000US36081018900,"Census Tract 189, Queens County, New York",Queens,3106,596,2245,591,647,172,222,232,0,14,1274,553,0,14,26,41,76,65,0,14,76,65,861,224,58,87,0,14,56,91,0,14,0,14,274,190,473,220,473,220,0,14
1400000US36081019000,"Census Tract 190, Queens County, New York",Queens,2736,391,2326,383,137,95,1430,373,0,14,227,139,0,14,329,218,203,141,171,139,32,34,410,205,0,14,41,66,0,14,8,13,0,14,318,206,43,49,28,42,15,23
1400000US36081019200,"Census Tract 192, Queens County, New York",Queens,2214,432,2023,447,42,43,1174,349,0,14,505,306,0,14,112,122,190,144,166,143,24,28,191,170,0,14,26,36,0,14,0,14,0,14,118,156,47,54,47,54,0,14
1400000US36081019400,"Census Tract 194, Queens County, New York",Queens,2977,411,2152,372,0,14,1282,316,0,14,447,214,0,14,306,228,117,95,117,95,0,14,825,311,30,46,44,64,0,14,0,14,0,14,493,212,258,186,175,132,83,122
1400000US36081019600,"Census Tract 196, Queens County, New York",Queens,3175,693,2864,623,0,14,2027,616,0,14,340,196,0,14,175,154,322,215,213,168,109,83,311,192,0,14,73,56,0,14,0,14,0,14,151,172,87,49,87,49,0,14
1400000US36081019800,"Census Tract 198, Queens County, New York",Queens,3189,468,2509,499,0,14,1066,434,0,14,1158,449,0,14,278,325,7,10,0,14,7,10,680,352,51,80,0,14,0,14,0,14,0,14,541,293,88,142,88,142,0,14
1400000US36081019901,"Census Tract 199.01, Queens County, New York",Queens,459,97,262,86,39,38,208,84,0,14,15,11,0,14,0,14,0,14,0,14,0,14,197,82,53,46,8,11,0,14,0,14,0,14,48,38,88,63,88,63,0,14
1400000US36081019902,"Census Tract 199.02, Queens County, New York",Queens,181,19,104,86,20,31,84,77,0,14,0,14,0,14,0,14,0,14,0,14,0,14,77,86,0,14,46,34,0,14,0,14,0,14,0,14,31,57,31,57,0,14
1400000US36081019903,"Census Tract 199.03, Queens County, New York",Queens,0,14,0,14,0,14,0,14,0,14,0,14,0,14,0,14,0,14,0,14,0,14,0,14,0,14,0,14,0,14,0,14,0,14,0,14,0,14,0,14,0,14
1400000US36081020200,"Census Tract 202, Queens County, New York",Queens,1688,464,1414,496,0,14,813,359,0,14,262,192,0,14,298,222,41,33,41,33,0,14,274,202,0,14,20,46,0,14,0,14,0,14,219,202,35,46,35,46,0,14
1400000US36081020400,"Census Tract 204, Queens County, New York",Queens,1986,426,1139,253,17,18,407,174,38,57,321,146,0,14,314,192,42,48,0,14,42,48,847,372,8,11,1,3,42,59,0,14,0,14,556,305,240,147,240,147,0,14
1400000US36081020500,"Census Tract 205, Queens County, New York",Queens,1324,279,320,140,155,119,20,28,0,14,145,56,0,14,0,14,0,14,0,14,0,14,1004,284,121,166,0,14,0,14,0,14,0,14,561,223,322,122,322,122,0,14
1400000US36081020600,"Census Tract 206, Queens County, New York",Queens,1585,308,945,257,75,93,200,128,0,14,237,189,0,14,276,164,157,84,157,84,0,14,640,308,0,14,0,14,0,14,0,14,0,14,563,296,77,65,75,64,2,3
1400000US36081020800,"Census Tract 208, Queens County, New York",Queens,4190,814,3145,794,631,606,1401,416,0,14,660,429,0,14,420,261,33,34,29,31,4,8,1045,431,53,53,65,77,0,14,0,14,0,14,854,439,73,62,50,42,23,32
1400000US36081021200,"Census Tract 212, Queens County, New York",Queens,2517,456,1077,350,123,117,179,83,0,14,371,198,0,14,404,284,0,14,0,14,0,14,1440,416,36,44,40,40,0,14,0,14,0,14,1287,426,77,54,72,57,5,15
1400000US36081021400,"Census Tract 214, Queens County, New York",Queens,5874,1225,4293,1240,653,310,1339,1031,147,171,1725,529,0,19,142,210,287,393,0,19,287,393,1581,786,16,31,10,22,16,24,0,19,0,19,1283,727,256,323,234,320,22,41
1400000US36081021601,"Census Tract 216.01, Queens County, New York",Queens,2512,463,2173,443,1235,364,261,181,3,3,533,215,0,14,12,20,129,66,69,53,60,40,339,123,43,46,0,14,20,24,19,32,0,14,157,86,100,80,48,52,52,51
1400000US36081021602,"Census Tract 216.02, Queens County, New York",Queens,1479,455,449,205,149,100,53,40,0,14,218,171,0,14,22,46,7,11,0,14,7,11,1030,425,33,49,0,14,13,20,0,14,0,14,708,471,276,189,264,185,12,20
1400000US36081021603,"Census Tract 216.03, Queens County, New York",Queens,0,14,0,14,0,14,0,14,0,14,0,14,0,14,0,14,0,14,0,14,0,14,0,14,0,14,0,14,0,14,0,14,0,14,0,14,0,14,0,14,0,14
1400000US36081021900,"Census Tract 219, Queens County, New York",Queens,0,14,0,14,0,14,0,14,0,14,0,14,0,14,0,14,0,14,0,14,0,14,0,14,0,14,0,14,0,14,0,14,0,14,0,14,0,14,0,14,0,14
1400000US36081022001,"Census Tract 220.01, Queens County, New York",Queens,6402,920,3999,821,1287,461,1042,590,0,19,1142,308,0,19,47,54,481,384,304,351,177,157,2403,594,135,142,0,19,0,19,145,177,0,19,1573,553,550,296,505,272,45,79
1400000US36081022002,"Census Tract 220.02, Queens County, New York",Queens,6098,1180,4926,1188,2334,1021,871,475,0,19,1333,322,0,19,0,19,388,429,0,19,388,429,1172,378,93,147,0,19,22,37,22,37,0,19,599,301,436,270,391,268,45,55
1400000US36081022900,"Census Tract 229, Queens County, New York",Queens,0,14,0,14,0,14,0,14,0,14,0,14,0,14,0,14,0,14,0,14,0,14,0,14,0,14,0,14,0,14,0,14,0,14,0,14,0,14,0,14,0,14
1400000US36081023000,"Census Tract 230, Queens County, New York",Queens,1848,389,1688,392,647,301,141,113,0,14,783,326,0,14,84,111,33,35,17,23,16,28,160,103,0,14,12,20,0,14,7,11,0,14,103,85,38,35,32,31,6,8
1400000US36081023200,"Census Tract 232, Queens County, New York",Queens,4896,837,4128,908,580,352,855,378,38,59,2119,678,0,14,356,324,180,124,74,105,106,69,768,352,95,99,12,20,0,14,11,17,0,14,545,364,105,69,83,59,22,33
1400000US36081023501,"Census Tract 235.01, Queens County, New York",Queens,3614,777,1413,513,240,135,49,59,0,14,993,492,0,14,108,143,23,36,0,14,23,36,2201,665,235,247,0,14,0,14,0,14,0,14,1109,486,857,564,824,557,33,51
1400000US36081023502,"Census Tract 235.02, Queens County, New York",Queens,2739,802,1187,217,421,166,0,14,0,14,650,177,0,14,48,75,68,65,2,5,66,65,1552,824,427,603,57,66,60,96,0,14,0,14,627,570,381,133,381,133,0,14
1400000US36081023600,"Census Tract 236, Queens County, New York",Queens,3594,618,2342,393,351,169,707,288,0,14,1233,378,0,14,0,14,51,42,20,27,31,33,1252,554,43,57,24,38,0,14,0,14,0,14,842,523,343,204,316,213,27,41
1400000US36081023800,"Census Tract 238, Queens County, New York",Queens,4502,631,2463,449,44,42,459,211,0,14,1632,370,0,14,149,208,179,137,91,88,88,105,2039,479,32,38,10,11,16,25,0,14,0,14,1806,498,175,123,175,123,0,14
1400000US36081024000,"Census Tract 240, Queens County, New York",Queens,6558,1249,3180,767,269,255,879,431,0,19,1439,708,0,19,417,329,176,185,164,182,12,22,3378,1239,0,19,31,49,10,17,0,19,0,19,3173,1245,164,121,164,121,0,19
1400000US36081024300,"Census Tract 243, Queens County, New York",Queens,5607,694,3084,582,1066,311,9,14,0,19,1984,505,0,19,0,19,25,38,0,19,25,38,2523,672,87,79,21,35,50,54,0,19,0,19,1000,457,1365,583,1365,583,0,19
1400000US36081024500,"Census Tract 245, Queens County, New York",Queens,5102,976,3491,952,1410,361,122,109,0,19,1817,870,0,19,0,19,142,110,20,32,122,105,1611,384,0,19,0,19,22,32,17,26,0,19,470,296,1102,560,846,514,256,307
1400000US36081024600,"Census Tract 246, Queens County, New York",Queens,0,14,0,14,0,14,0,14,0,14,0,14,0,14,0,14,0,14,0,14,0,14,0,14,0,14,0,14,0,14,0,14,0,14,0,14,0,14,0,14,0,14
1400000US36081024700,"Census Tract 247, Queens County, New York",Queens,1506,345,1201,355,185,89,91,103,0,14,887,375,0,14,0,14,38,39,18,30,20,25,305,127,15,24,0,14,0,14,0,14,0,14,265,135,25,34,25,34,0,14
1400000US36081024900,"Census Tract 249, Queens County, New York",Queens,5228,1328,3490,544,1375,355,62,47,18,49,1923,503,0,19,0,19,112,115,29,65,83,96,1738,1204,38,55,0,19,0,19,0,19,0,19,226,196,1474,1199,1474,1199,0,19
1400000US36081025100,"Census Tract 251, Queens County, New York",Queens,5703,1027,3544,571,1982,418,49,15,37,63,1381,476,0,19,0,19,95,99,77,94,18,29,2159,907,150,139,0,19,22,35,0,19,0,19,284,322,1703,850,1652,845,51,67
1400000US36081025301,"Census Tract 253.01, Queens County, New York",Queens,3660,442,2448,496,1475,400,55,56,8,21,902,391,0,14,0,14,8,15,0,14,8,15,1212,295,95,95,24,40,60,79,0,14,0,14,643,270,390,237,344,218,46,52
1400000US36081025302,"Census Tract 253.02, Queens County, New York",Queens,3026,851,1445,348,589,255,6,11,0,14,799,292,0,14,38,54,13,19,0,14,13,19,1581,858,72,72,0,14,0,14,0,14,0,14,799,385,710,814,710,814,0,14
1400000US36081025401,"Census Tract 254.01, Queens County, New York",Queens,3750,1236,3392,1315,9,9,1995,1335,0,14,1208,496,0,14,179,137,1,3,0,14,1,3,358,325,14,23,3,7,0,14,0,14,0,14,317,297,24,101,24,101,0,14
1400000US36081025402,"Census Tract 254.02, Queens County, New York",Queens,6013,1063,4708,1124,46,51,1927,524,485,430,1839,1057,0,19,264,427,147,156,20,31,127,134,1305,606,0,19,23,96,7,36,0,19,0,19,1138,619,137,160,45,122,92,109
1400000US36081025500,"Census Tract 255, Queens County, New York",Queens,1390,321,1025,312,356,234,0,14,0,14,654,219,0,14,0,14,15,23,0,14,15,23,365,252,19,27,0,14,0,14,0,14,0,14,19,9,327,259,308,270,19,28
1400000US36081025700,"Census Tract 257, Queens County, New York",Queens,1453,300,938,273,213,92,17,17,0,14,631,245,0,14,0,14,77,55,0,14,77,55,515,191,139,98,0,14,0,14,0,14,0,14,71,91,305,154,260,149,45,62
1400000US36081025800,"Census Tract 258, Queens County, New York",Queens,2693,586,2345,611,0,14,1326,683,0,14,852,402,0,14,167,126,0,14,0,14,0,14,348,207,12,18,5,8,0,14,0,14,0,14,331,207,0,14,0,14,0,14
1400000US36081025900,"Census Tract 259, Queens County, New York",Queens,3060,403,1596,253,498,187,23,24,0,14,1040,173,0,14,24,27,11,17,11,17,0,14,1464,404,242,224,0,14,35,54,0,14,0,14,424,254,763,393,763,393,0,14
1400000US36081026000,"Census Tract 260, Queens County, New York",Queens,2894,636,2751,633,0,14,1865,603,0,14,832,334,0,14,6,9,48,61,40,60,8,13,143,96,0,14,3,5,0,14,0,14,0,14,123,100,17,26,17,26,0,14
1400000US36081026100,"Census Tract 261, Queens County, New York",Queens,7175,1096,4157,1044,663,331,0,19,55,77,3364,1058,0,19,0,19,75,74,0,19,75,74,3018,830,395,424,0,19,0,19,17,27,0,19,835,488,1771,598,1771,598,0,19
1400000US36081026200,"Census Tract 262, Queens County, New York",Queens,1554,470,1261,428,0,14,729,217,0,14,434,312,0,14,74,89,24,30,18,29,6,9,293,170,0,14,0,14,0,14,0,14,0,14,238,141,55,66,55,66,0,14
1400000US36081026300,"Census Tract 263, Queens County, New York",Queens,4559,1185,3689,885,222,145,86,80,0,14,3180,810,0,14,0,14,201,259,29,45,172,255,870,805,167,215,0,14,0,14,0,14,0,14,602,738,101,106,101,106,0,14
1400000US36081026400,"Census Tract 264, Queens County, New York",Queens,2479,441,1936,375,16,17,1447,367,0,14,191,135,0,14,58,82,224,141,165,137,59,59,543,265,0,14,16,24,0,14,9,16,0,14,513,270,5,11,5,11,0,14
1400000US36081026501,"Census Tract 265.01, Queens County, New York",Queens,3031,529,2240,473,660,354,114,134,0,14,1416,395,0,14,10,18,40,40,14,25,26,28,791,380,7,11,0,14,9,53,8,13,0,14,517,287,250,230,250,230,0,14
1400000US36081026502,"Census Tract 265.02, Queens County, New York",Queens,1393,392,516,186,32,32,9,13,0,14,469,187,0,14,0,14,6,9,0,14,6,9,877,395,336,340,0,14,0,14,0,14,0,14,62,68,479,290,479,290,0,14
1400000US36081026600,"Census Tract 266, Queens County, New York",Queens,1941,433,1781,411,3,6,1376,441,0,14,261,133,0,14,8,9,133,107,51,57,82,91,160,153,10,15,7,10,0,14,0,14,0,14,143,150,0,14,0,14,0,14
1400000US36081026700,"Census Tract 267, Queens County, New York",Queens,5219,645,2828,773,317,216,66,104,0,19,2354,846,0,19,57,67,34,40,0,19,34,40,2391,877,461,473,0,19,0,19,0,19,0,19,1529,954,401,262,401,262,0,19
1400000US36081026901,"Census Tract 269.01, Queens County, New York",Queens,4532,698,1589,447,117,65,0,14,0,14,1382,453,0,14,40,49,50,60,50,60,0,14,2943,762,114,91,10,15,19,29,0,14,0,14,2577,782,223,171,223,171,0,14
1400000US36081026902,"Census Tract 269.02, Queens County, New York",Queens,4447,610,2642,533,170,119,13,13,0,14,2334,542,0,14,0,14,125,103,114,106,11,23,1805,502,49,57,1,2,65,98,0,14,0,14,1332,538,358,208,348,204,10,22
1400000US36081027000,"Census Tract 270, Queens County, New York",Queens,1937,608,1720,427,275,323,815,251,0,14,261,165,0,14,301,194,68,88,68,88,0,14,217,217,168,211,11,17,0,14,11,19,0,14,24,32,3,7,3,7,0,14
1400000US36081027101,"Census Tract 271.01, Queens County, New York",Queens,5409,1042,3467,878,116,132,0,19,0,19,3304,880,0,19,47,93,0,19,0,19,0,19,1942,859,74,115,0,19,0,19,0,19,0,19,1479,655,389,451,377,449,12,23
1400000US36081027102,"Census Tract 271.02, Queens County, New York",Queens,2643,373,468,157,67,61,0,14,0,14,401,169,0,14,0,14,0,14,0,14,0,14,2175,352,18,29,0,14,28,44,0,14,0,14,1869,377,260,153,260,153,0,14
1400000US36081027200,"Census Tract 272, Queens County, New York",Queens,1921,437,1608,320,67,101,1048,280,0,14,280,225,0,14,122,122,91,126,74,121,17,28,313,336,0,14,0,14,0,14,0,14,0,14,313,336,0,14,0,14,0,14
1400000US36081027301,"Census Tract 273.01, Queens County, New York",Queens,3098,995,600,245,42,64,22,35,0,14,536,240,0,14,0,14,0,14,0,14,0,14,2498,986,636,918,0,14,0,14,0,14,0,14,1155,373,707,346,581,282,126,174
1400000US36081027302,"Census Tract 273.02, Queens County, New York",Queens,3813,705,1050,321,184,132,99,73,0,14,575,286,0,14,15,26,177,177,120,196,57,54,2763,730,612,578,17,28,23,29,0,14,0,14,1391,427,720,449,698,451,22,34
1400000US36081027400,"Census Tract 274, Queens County, New York",Queens,1871,341,1619,303,0,14,1117,365,0,14,348,178,0,14,135,117,19,20,19,20,0,14,252,151,0,14,51,59,0,14,0,14,0,14,163,134,38,57,38,57,0,14
1400000US36081027500,"Census Tract 275, Queens County, New York",Queens,6454,1078,2383,657,425,312,32,42,0,19,1787,634,0,19,77,139,62,73,53,71,9,21,4071,1109,253,258,50,83,0,19,30,42,0,19,2870,1055,868,507,863,510,5,15
1400000US36081027600,"Census Tract 276, Queens County, New York",Queens,1551,442,1113,381,7,11,852,331,0,14,141,101,0,14,113,151,0,14,0,14,0,14,438,300,0,14,62,49,0,14,0,14,0,14,310,304,66,60,66,60,0,14
1400000US36081027701,"Census Tract 277.01, Queens County, New York",Queens,3553,765,571,380,85,98,32,49,0,14,331,309,0,14,123,168,0,14,0,14,0,14,2982,763,117,137,0,14,0,14,0,14,0,14,2186,608,679,409,679,409,0,14
1400000US36081027702,"Census Tract 277.02, Queens County, New York",Queens,3397,757,1298,554,348,193,60,52,18,27,857,549,0,14,0,14,15,22,3,6,12,21,2099,600,337,273,6,10,98,117,0,14,0,14,686,351,972,417,928,432,44,52
1400000US36081027800,"Census Tract 278, Queens County, New York",Queens,2497,381,1978,383,0,14,1872,392,47,69,0,14,0,14,36,47,23,20,18,18,5,9,519,314,8,12,0,14,0,14,0,14,0,14,425,301,86,85,32,30,54,79
1400000US36081027900,"Census Tract 279, Queens County, New York",Queens,8551,1825,2325,866,690,282,89,120,18,29,661,221,193,240,118,161,556,575,31,53,525,584,6226,1286,682,658,0,19,190,268,0,19,103,135,1802,877,3449,1402,2942,1333,507,512
1400000US36081028000,"Census Tract 280, Queens County, New York",Queens,1717,357,1353,254,0,14,808,180,0,14,282,183,0,14,7,11,256,205,138,156,118,133,364,273,30,44,27,31,0,14,0,14,0,14,243,252,64,81,64,81,0,14
1400000US36081028100,"Census Tract 281, Queens County, New York",Queens,6090,708,2475,462,1823,380,50,59,0,19,346,256,0,19,28,53,228,194,79,110,149,149,3615,626,662,412,12,20,117,110,0,19,0,19,1760,486,1064,427,994,438,70,119
1400000US36081028200,"Census Tract 282, Queens County, New York",Queens,2028,462,1813,438,56,42,1551,461,0,14,159,115,0,14,10,15,37,32,9,15,28,29,215,155,0,14,0,14,0,14,0,14,0,14,215,155,0,14,0,14,0,14
1400000US36081028300,"Census Tract 283, Queens County, New York",Queens,7578,1094,3213,883,1544,496,209,191,0,19,915,298,0,19,0,19,545,676,0,19,545,676,4365,1001,716,565,300,306,72,81,0,19,0,19,1878,833,1399,570,1267,549,132,191
1400000US36081028400,"Census Tract 284, Queens County, New York",Queens,3343,641,3067,675,18,29,2800,677,0,14,14,21,0,14,85,111,150,157,141,154,9,16,276,235,0,14,105,159,0,14,0,14,0,14,171,180,0,14,0,14,0,14
1400000US36081028500,"Census Tract 285, Queens County, New York",Queens,4811,826,3065,388,1887,290,131,98,0,14,681,185,0,14,70,76,296,198,67,70,229,192,1746,787,260,158,0,14,92,95,0,14,0,14,237,148,1157,779,1140,766,17,27
1400000US36081028700,"Census Tract 287, Queens County, New York",Queens,6422,1220,4413,1198,1782,351,112,89,0,19,2147,1093,0,19,32,53,340,387,39,64,301,380,2009,501,472,345,15,24,63,73,0,19,0,19,690,330,769,393,613,386,156,156
1400000US36081028801,"Census Tract 288.01, Queens County, New York",Queens,2813,593,2608,600,85,71,2104,544,0,14,23,25,0,14,325,239,71,75,16,29,55,70,205,151,0,14,1,5,0,14,0,14,0,14,134,102,70,116,70,116,0,14
1400000US36081028802,"Census Tract 288.02, Queens County, New York",Queens,2343,567,1857,428,14,24,1599,447,0,14,174,200,0,14,0,14,70,53,52,49,18,18,486,387,227,365,68,4,4,7,0,14,0,14,158,113,29,46,29,46,0,14
1400000US36081028803,"Census Tract 288.03, Queens County, New York",Queens,0,14,0,14,0,14,0,14,0,14,0,14,0,14,0,14,0,14,0,14,0,14,0,14,0,14,0,14,0,14,0,14,0,14,0,14,0,14,0,14,0,14
1400000US36081028900,"Census Tract 289, Queens County, New York",Queens,4859,1353,3810,1340,2117,1290,0,14,0,14,1321,321,0,14,64,75,308,186,32,52,276,171,1049,299,84,95,0,14,0,14,18,29,0,14,518,318,429,223,429,223,0,14
1400000US36081029100,"Census Tract 291, Queens County, New York",Queens,6259,864,4433,890,996,405,60,65,0,19,3324,852,0,19,0,19,53,68,6,11,47,66,1826,644,283,241,0,19,0,19,0,19,0,19,1088,540,455,295,302,189,153,241
1400000US36081029300,"Census Tract 293, Queens County, New York",Queens,1214,226,1033,241,134,97,4,6,0,14,793,213,0,14,0,14,102,76,0,14,102,76,181,90,46,51,0,14,0,14,0,14,0,14,54,80,81,55,81,55,0,14
1400000US36081029400,"Census Tract 294, Queens County, New York",Queens,8578,1369,7375,1412,26,41,6444,1390,122,194,30,42,0,19,229,291,524,269,235,208,289,173,1203,656,0,19,162,199,0,19,0,19,0,19,464,476,577,355,513,340,64,105
1400000US36081029500,"Census Tract 295, Queens County, New York",Queens,3527,569,2862,576,1385,360,155,156,0,14,1114,403,0,14,22,25,186,203,0,14,186,203,665,238,81,66,31,48,62,91,0,14,0,14,132,97,359,176,341,176,18,22
1400000US36081029700,"Census Tract 297, Queens County, New York",Queens,2391,337,1363,333,667,199,5,8,16,25,617,275,0,14,0,14,58,44,14,27,44,36,1028,300,228,204,0,14,8,10,0,14,0,14,125,110,667,238,667,238,0,14
1400000US36081029900,"Census Tract 299, Queens County, New York",Queens,0,14,0,14,0,14,0,14,0,14,0,14,0,14,0,14,0,14,0,14,0,14,0,14,0,14,0,14,0,14,0,14,0,14,0,14,0,14,0,14,0,14
1400000US36081030600,"Census Tract 306, Queens County, New York",Queens,5516,840,4794,699,82,63,4024,719,0,19,503,294,0,19,71,73,114,76,94,73,20,26,722,455,0,19,66,58,0,19,0,19,0,19,253,238,403,350,403,350,0,19
1400000US36081030903,"Census Tract 309.03, Queens County, New York",Queens,5176,953,3684,941,1011,409,176,272,0,19,1964,935,0,19,0,19,533,486,388,484,145,165,1492,669,36,54,0,19,242,343,0,19,0,19,820,385,394,323,263,223,131,204
1400000US36081030904,"Census Tract 309.04, Queens County, New York",Queens,2721,467,1648,455,444,221,39,51,0,14,1074,379,0,14,24,36,67,56,67,56,0,14,1073,361,209,175,21,34,49,85,0,14,26,41,321,178,447,222,419,216,28,45
1400000US36081030905,"Census Tract 309.05, Queens County, New York",Queens,3780,861,2338,825,472,255,179,142,0,14,1687,814,0,14,0,14,0,14,0,14,0,14,1442,539,78,69,0,14,182,277,0,14,0,14,519,438,663,254,522,257,141,141
1400000US36081030906,"Census Tract 309.06, Queens County, New York",Queens,4116,669,2287,505,438,253,5,9,0,14,1835,472,0,14,0,14,9,15,0,14,9,15,1829,557,65,93,0,14,69,111,0,14,0,14,659,412,1036,429,1036,429,0,14
1400000US36081031700,"Census Tract 317, Queens County, New York",Queens,5965,1055,4676,1128,4091,1148,195,179,0,19,380,340,0,19,0,19,10,29,0,19,10,29,1289,483,509,400,130,102,0,19,0,19,0,19,200,203,450,161,373,170,77,60
1400000US36081032000,"Census Tract 320, Queens County, New York",Queens,5501,620,4531,662,318,174,3430,555,0,19,172,125,0,19,217,285,394,416,306,391,88,89,970,437,69,80,253,234,0,19,0,19,0,19,416,307,232,144,232,144,0,19
1400000US36081032700,"Census Tract 327, Queens County, New York",Queens,3742,685,1204,575,231,125,10,15,43,70,866,536,0,14,0,14,54,72,0,14,54,72,2538,638,63,58,0,14,22,36,0,14,0,14,1759,483,694,531,663,537,31,30
1400000US36081032800,"Census Tract 328, Queens County, New York",Queens,2882,478,2481,483,2,5,2306,464,0,14,4,6,0,14,127,136,42,34,23,23,19,23,401,238,0,14,63,57,21,30,0,14,0,14,290,232,27,27,16,15,11,16
1400000US36081032900,"Census Tract 329, Queens County, New York",Queens,3715,536,1738,532,159,117,527,354,0,14,917,434,0,14,113,130,22,25,5,8,17,23,1977,447,129,151,0,14,30,46,2,3,0,14,1569,463,247,120,223,119,24,39
1400000US36081033000,"Census Tract 330, Queens County, New York",Queens,6943,1116,6217,1126,97,119,5434,1162,0,19,214,169,0,19,143,168,329,303,11,17,318,303,726,385,0,19,39,37,21,33,0,19,0,19,578,379,88,83,88,83,0,19
1400000US36081033100,"Census Tract 331, Queens County, New York",Queens,0,14,0,14,0,14,0,14,0,14,0,14,0,14,0,14,0,14,0,14,0,14,0,14,0,14,0,14,0,14,0,14,0,14,0,14,0,14,0,14,0,14
1400000US36081033401,"Census Tract 334.01, Queens County, New York",Queens,3928,524,3332,485,48,61,3159,497,0,14,57,70,0,14,68,114,0,14,0,14,0,14,596,301,0,14,450,321,0,14,0,14,0,14,127,132,19,24,19,24,0,14
1400000US36081033403,"Census Tract 334.03, Queens County, New York",Queens,4328,676,4128,670,70,62,3891,685,0,14,108,129,0,14,1,3,58,98,58,98,0,14,200,233,34,56,0,14,0,14,0,14,0,14,33,39,133,222,133,222,0,14
1400000US36081033404,"Census Tract 334.04, Queens County, New York",Queens,6091,1358,5925,1373,88,88,5259,1252,0,19,71,95,0,19,0,19,507,623,327,533,180,172,166,140,0,19,166,140,0,19,0,19,0,19,0,19,0,19,0,19,0,19
1400000US36081033405,"Census Tract 334.05, Queens County, New York",Queens,3643,563,3477,572,77,65,3210,591,0,14,0,14,0,14,77,85,113,85,14,23,99,80,166,149,0,14,112,106,0,14,0,14,0,14,42,48,12,20,0,14,12,20
1400000US36081033700,"Census Tract 337, Queens County, New York",Queens,2791,518,1009,485,269,213,132,209,0,14,590,404,0,14,18,30,0,14,0,14,0,14,1782,573,168,171,0,14,0,14,0,14,0,14,993,437,621,391,440,279,181,274
1400000US36081033900,"Census Tract 339, Queens County, New York",Queens,3166,538,1544,559,537,320,133,119,0,14,521,217,0,14,0,14,353,381,293,371,60,74,1622,347,99,102,75,90,79,100,0,14,0,14,890,435,479,252,423,252,56,68
1400000US36081034700,"Census Tract 347, Queens County, New York",Queens,3976,709,1266,422,264,217,467,296,0,14,517,341,0,14,0,14,18,22,1,2,17,22,2710,864,65,60,0,14,19,31,0,14,0,14,1829,938,797,347,784,348,13,18
1400000US36081035100,"Census Tract 351, Queens County, New York",Queens,3598,515,1053,259,282,155,138,121,0,14,505,189,0,14,77,112,51,39,40,37,11,19,2545,515,102,87,0,14,0,14,0,14,0,14,1797,522,646,195,613,194,33,34
1400000US36081035200,"Census Tract 352, Queens County, New York",Queens,2833,492,2500,527,35,4,1969,466,48,67,30,26,0,14,342,310,76,51,11,13,65,48,333,217,0,14,39,44,0,14,0,14,0,14,277,228,17,24,1,3,16,24
1400000US36081035300,"Census Tract 353, Queens County, New York",Queens,2143,557,774,340,107,155,307,167,0,14,180,166,0,14,8,11,172,257,163,250,9,14,1369,404,69,53,14,20,0,14,0,14,0,14,846,363,440,247,335,222,105,144
1400000US36081035700,"Census Tract 357, Queens County, New York",Queens,4448,808,2470,442,461,197,1305,323,0,14,650,330,0,14,0,14,54,47,22,31,32,35,1978,732,78,57,90,152,10,22,0,14,0,14,1160,658,640,234,614,237,26,37
1400000US36081035800,"Census Tract 358, Queens County, New York",Queens,4547,717,4500,713,121,129,3938,719,0,14,47,62,0,14,127,201,267,243,198,242,69,61,47,47,0,14,3,7,0,14,0,14,0,14,20,32,24,35,24,35,0,14
1400000US36081036100,"Census Tract 361, Queens County, New York",Queens,2608,539,1120,427,25,26,643,332,0,14,317,243,0,14,57,82,78,109,0,14,78,109,1488,499,124,111,4,7,9,16,0,14,0,14,1025,425,326,259,295,258,31,17
1400000US36081036300,"Census Tract 363, Queens County, New York",Queens,2033,354,795,177,91,112,540,153,0,14,138,108,0,14,17,15,9,14,9,14,0,14,1238,375,52,76,24,29,0,14,0,14,0,14,1025,338,137,204,137,204,0,14
1400000US36081036500,"Census Tract 365, Queens County, New York",Queens,3289,607,901,304,0,14,604,251,0,14,267,185,0,14,0,14,30,37,9,17,21,23,2388,507,155,134,0,14,68,71,0,14,0,14,1817,537,348,254,345,254,3,5
1400000US36081036600,"Census Tract 366, Queens County, New York",Queens,3131,535,2739,578,6,11,2525,568,0,14,128,145,0,14,73,117,7,11,7,11,0,14,392,290,0,14,74,86,0,14,0,14,0,14,140,193,178,205,178,205,0,14
1400000US36081036700,"Census Tract 367, Queens County, New York",Queens,2935,489,984,263,70,68,543,206,0,14,342,172,0,14,3,6,26,44,13,31,13,18,1951,594,48,39,18,21,0,14,0,14,0,14,1756,613,129,125,111,121,18,27
1400000US36081036800,"Census Tract 368, Queens County, New York",Queens,2918,688,2826,694,24,25,2521,701,0,14,0,14,0,14,138,123,143,127,39,60,104,113,92,110,0,14,3,6,0,14,0,14,0,14,89,110,0,14,0,14,0,14
1400000US36081037100,"Census Tract 371, Queens County, New York",Queens,1526,252,849,277,54,45,661,257,0,14,121,100,0,14,0,14,13,12,0,14,13,12,677,158,0,14,10,15,0,14,0,14,0,14,517,202,150,127,150,127,0,14
1400000US36081037300,"Census Tract 373, Queens County, New York",Queens,2420,555,691,257,66,54,399,218,0,14,171,115,0,14,36,59,19,27,19,27,0,14,1729,525,0,14,13,20,56,82,0,14,0,14,1398,561,262,157,214,140,48,50
1400000US36081037501,"Census Tract 375.01, Queens County, New York",Queens,1487,352,138,104,25,21,0,14,0,14,113,102,0,14,0,14,0,14,0,14,0,14,1349,388,164,214,0,14,27,41,0,14,0,14,1085,372,73,64,73,64,0,14
1400000US36081037502,"Census Tract 375.02, Queens County, New York",Queens,2669,760,628,401,17,25,454,390,0,14,141,77,0,14,10,16,6,13,6,13,0,14,2041,515,94,100,0,14,560,460,14,24,0,14,1217,459,156,150,156,150,0,14
1400000US36081037600,"Census Tract 376, Queens County, New York",Queens,6883,1266,6566,1224,14,24,6242,1208,0,19,81,95,0,19,209,268,20,31,0,19,20,31,317,335,18,27,2,5,0,19,0,19,0,19,253,341,44,67,44,67,0,19
1400000US36081037700,"Census Tract 377, Queens County, New York",Queens,3567,940,340,202,23,18,218,160,5,8,85,103,0,14,0,14,9,19,0,14,9,19,3227,969,342,359,33,49,0,14,0,14,0,14,2722,974,130,130,109,116,21,43
1400000US36081037900,"Census Tract 379, Queens County, New York",Queens,5841,1049,1025,607,4,4,651,641,0,19,370,208,0,19,0,19,0,19,0,19,0,19,4816,1004,400,390,0,19,63,139,0,19,0,19,3230,946,1123,610,980,593,143,184
1400000US36081038100,"Census Tract 381, Queens County, New York",Queens,6999,1076,1510,433,159,123,664,207,0,19,563,392,0,19,50,51,74,66,44,53,30,35,5489,1169,353,341,9,13,120,179,0,19,0,19,3346,871,1661,905,1541,896,120,118
1400000US36081038301,"Census Tract 383.01, Queens County, New York",Queens,0,14,0,14,0,14,0,14,0,14,0,14,0,14,0,14,0,14,0,14,0,14,0,14,0,14,0,14,0,14,0,14,0,14,0,14,0,14,0,14,0,14
1400000US36081038302,"Census Tract 383.02, Queens County, New York",Queens,0,14,0,14,0,14,0,14,0,14,0,14,0,14,0,14,0,14,0,14,0,14,0,14,0,14,0,14,0,14,0,14,0,14,0,14,0,14,0,14,0,14
1400000US36081038400,"Census Tract 384, Queens County, New York",Queens,2634,490,2518,480,96,8,2225,501,0,14,0,14,0,14,0,14,197,260,177,261,20,16,116,80,0,14,6,9,0,14,0,14,0,14,46,72,64,33,64,33,0,14
1400000US36081039400,"Census Tract 394, Queens County, New York",Queens,3289,518,2937,513,45,49,2462,351,19,29,42,51,0,14,1,3,368,393,9,14,359,392,352,260,0,14,66,58,36,57,0,14,0,14,234,253,16,24,16,24,0,14
1400000US36081039800,"Census Tract 398, Queens County, New York",Queens,1485,333,1368,331,16,19,1277,345,0,14,54,87,0,14,11,17,10,19,10,19,0,14,117,101,0,14,48,64,0,14,0,14,0,14,34,37,35,56,35,56,0,14
1400000US36081039901,"Census Tract 399.01, Queens County, New York",Queens,2504,483,579,254,89,84,10,37,30,46,365,222,0,14,85,133,0,14,0,14,0,14,1925,497,89,99,4,24,17,25,0,14,0,14,1704,457,111,82,111,82,0,14
1400000US36081039902,"Census Tract 399.02, Queens County, New York",Queens,1982,455,610,306,192,238,100,66,0,14,305,211,0,14,0,14,13,29,13,29,0,14,1372,456,38,115,79,104,0,14,0,14,0,14,961,445,294,124,267,126,27,36
1400000US36081040000,"Census Tract 400, Queens County, New York",Queens,1410,315,1349,311,55,55,1123,321,0,14,24,41,0,14,68,86,79,67,23,37,56,59,61,49,0,14,14,3,0,14,0,14,0,14,47,49,0,14,0,14,0,14
1400000US36081040101,"Census Tract 401.01, Queens County, New York",Queens,2251,590,333,142,40,42,8,14,0,14,268,156,0,14,17,27,0,14,0,14,0,14,1918,600,49,54,17,29,0,14,0,14,0,14,1557,567,295,158,225,133,70,88
1400000US36081040102,"Census Tract 401.02, Queens County, New York",Queens,3966,759,553,315,31,46,48,50,0,14,474,306,0,14,0,14,0,14,0,14,0,14,3413,730,468,437,0,14,42,69,0,14,0,14,2338,746,565,373,328,315,237,294
1400000US36081040200,"Census Tract 402, Queens County, New York",Queens,1557,366,1438,372,0,14,1173,294,0,14,33,40,0,14,71,78,161,145,156,145,5,9,119,113,0,14,13,21,0,14,0,14,0,14,106,112,0,14,0,14,0,14
1400000US36081040301,"Census Tract 403.01, Queens County, New York",Queens,2603,595,693,484,0,14,0,14,0,14,693,484,0,14,0,14,0,14,0,14,0,14,1910,488,86,133,101,164,97,160,0,14,0,14,1469,475,157,146,157,146,0,14
1400000US36081040302,"Census Tract 403.02, Queens County, New York",Queens,4409,883,593,208,99,83,0,14,0,14,494,194,0,14,0,14,0,14,0,14,0,14,3816,902,549,618,0,14,135,157,26,42,0,14,2859,815,247,228,247,228,0,14
1400000US36081040400,"Census Tract 404, Queens County, New York",Queens,3671,552,3210,577,110,153,2425,495,0,14,452,256,0,14,14,24,209,154,97,108,112,90,461,266,7,13,71,84,52,63,0,14,0,14,270,224,61,91,46,67,15,25
1400000US36081040501,"Census Tract 405.01, Queens County, New York",Queens,964,351,126,91,14,22,13,23,0,14,47,36,0,14,52,74,0,14,0,14,0,14,838,362,64,85,0,14,0,14,44,73,0,14,730,379,0,14,0,14,0,14
1400000US36081040502,"Census Tract 405.02, Queens County, New York",Queens,1686,551,113,112,56,96,0,14,0,14,50,53,0,14,7,12,0,14,0,14,0,14,1573,468,58,80,17,27,107,152,0,14,0,14,1000,287,391,392,371,393,20,29
1400000US36081040701,"Census Tract 407.01, Queens County, New York",Queens,3181,955,200,100,0,14,0,14,0,14,177,96,0,14,0,14,23,34,0,14,23,34,2981,968,213,205,0,14,187,252,0,14,0,14,2098,892,483,422,483,422,0,14
1400000US36081040702,"Census Tract 407.02, Queens County, New York",Queens,4430,1082,356,393,0,14,48,75,0,14,308,396,0,14,0,14,0,14,0,14,0,14,4074,1054,173,230,0,14,0,14,0,14,0,14,3613,1059,288,218,278,211,10,16
1400000US36081040901,"Census Tract 409.01, Queens County, New York",Queens,1818,460,211,148,2,6,0,14,0,14,163,135,14,24,0,14,32,50,32,50,0,14,1607,460,394,378,0,14,129,152,0,14,0,14,895,374,189,188,189,188,0,14
1400000US36081040902,"Census Tract 409.02, Queens County, New York",Queens,2972,750,285,173,109,125,69,68,20,42,63,60,0,14,0,14,24,35,24,35,0,14,2687,766,78,123,0,14,176,203,0,14,0,14,2140,785,293,183,256,167,37,64
1400000US36081041100,"Census Tract 411, Queens County, New York",Queens,4250,856,883,295,309,180,0,14,0,14,574,344,0,14,0,14,0,14,0,14,0,14,3367,886,540,616,8,12,0,14,0,14,0,14,2257,608,562,517,562,517,0,14
1400000US36081041300,"Census Tract 413, Queens County, New York",Queens,4596,944,1033,493,124,113,61,59,0,14,848,464,0,14,0,14,0,14,0,14,0,14,3563,960,298,470,18,28,0,14,0,14,0,14,2341,825,906,335,824,306,82,123
1400000US36081041400,"Census Tract 414, Queens County, New York",Queens,4561,763,4271,725,0,14,2994,671,0,14,459,309,0,14,381,392,437,306,327,247,110,183,290,254,63,69,19,28,0,14,0,14,0,14,197,190,11,14,11,14,0,14
1400000US36081041500,"Census Tract 415, Queens County, New York",Queens,3999,954,569,277,291,185,14,27,0,14,246,220,0,14,18,30,0,14,0,14,0,14,3430,1064,39,55,247,389,152,151,357,550,0,14,1913,761,722,381,703,378,19,25
1400000US36081042400,"Census Tract 424, Queens County, New York",Queens,2652,407,2401,418,37,38,2122,420,0,14,0,14,0,14,67,73,175,108,166,107,9,14,251,153,0,14,40,46,0,14,0,14,0,14,72,56,139,123,139,123,0,14
1400000US36081042600,"Census Tract 426, Queens County, New York",Queens,445,8,331,54,155,102,153,86,0,14,15,19,0,14,0,14,8,13,8,13,0,14,114,55,6,14,6,11,0,14,6,10,0,14,0,14,96,50,96,50,0,14
1400000US36081042700,"Census Tract 427, Queens County, New York",Queens,4260,797,911,395,190,185,213,224,0,14,508,313,0,14,0,14,0,14,0,14,0,14,3349,781,34,54,229,301,0,14,0,14,0,14,2174,721,912,448,697,381,215,263
1400000US36081043200,"Census Tract 432, Queens County, New York",Queens,1200,272,1176,268,4,2,996,263,0,14,18,26,0,14,112,121,46,51,35,44,11,16,24,22,0,14,1,2,0,14,0,14,0,14,23,22,0,14,0,14,0,14
1400000US36081043400,"Census Tract 434, Queens County, New York",Queens,1962,423,1727,453,15,16,1305,360,33,61,121,114,0,14,79,123,174,222,174,222,0,14,235,176,0,14,5,8,0,14,0,14,0,14,130,112,100,82,92,81,8,11
1400000US36081043701,"Census Tract 437.01, Queens County, New York",Queens,3468,601,865,169,303,156,378,121,0,14,174,96,0,14,0,14,10,12,5,9,5,10,2603,593,559,495,94,132,3,4,0,14,0,14,1451,442,496,363,454,357,42,39
1400000US36081043702,"Census Tract 437.02, Queens County, New York",Queens,5982,992,2825,629,239,242,534,238,0,19,1884,683,0,19,168,181,0,19,0,19,0,19,3157,949,399,346,18,29,121,124,0,19,0,19,1555,879,1064,519,1050,521,14,25
1400000US36081043900,"Census Tract 439, Queens County, New York",Queens,4150,729,468,218,107,95,152,168,0,14,209,168,0,14,0,14,0,14,0,14,0,14,3682,771,283,325,163,219,0,14,0,14,0,14,2213,655,1023,678,1023,678,0,14
1400000US36081044000,"Census Tract 440, Queens County, New York",Queens,3824,912,2698,526,19,29,1500,487,0,14,707,327,0,14,360,306,112,85,66,75,46,45,1126,750,0,14,136,148,0,14,6,23,0,14,978,746,6,12,6,12,0,14
1400000US36081044301,"Census Tract 443.01, Queens County, New York",Queens,4217,1031,1171,338,116,87,576,300,2,3,477,211,0,14,0,14,0,14,0,14,0,14,3046,1075,195,178,0,14,0,14,259,294,0,14,2004,1048,588,312,588,312,0,14
1400000US36081044302,"Census Tract 443.02, Queens County, New York",Queens,4864,836,3073,481,235,142,384,246,93,80,1987,382,52,91,122,164,200,172,55,116,145,144,1791,838,164,179,0,14,0,14,0,14,0,14,1002,492,625,725,624,725,1,4
1400000US36081044400,"Census Tract 444, Queens County, New York",Queens,4178,853,3209,864,47,50,1385,425,0,14,972,780,31,57,507,278,267,168,157,145,110,104,969,364,0,14,83,105,0,14,0,14,0,14,735,356,151,158,151,158,0,14
1400000US36081044601,"Census Tract 446.01, Queens County, New York",Queens,3779,389,2082,379,29,48,962,272,0,14,882,292,0,14,118,101,91,82,0,14,91,82,1697,352,83,85,101,90,0,14,0,14,0,14,1306,356,207,72,198,73,9,14
1400000US36081044602,"Census Tract 446.02, Queens County, New York",Queens,4774,790,3249,653,517,314,824,376,7,14,1777,457,27,50,42,54,55,66,47,63,8,19,1525,464,12,22,72,69,0,14,0,14,0,14,1076,313,365,272,365,272,0,14
1400000US36081044800,"Census Tract 448, Queens County, New York",Queens,2871,536,2150,522,250,127,273,172,6,39,1433,498,0,14,112,100,76,64,39,41,37,55,721,306,0,14,0,14,38,55,0,14,0,14,534,308,149,112,149,112,0,14
1400000US36081045000,"Census Tract 450, Queens County, New York",Queens,2088,507,1984,517,465,334,81,66,0,14,1297,506,0,14,20,33,121,117,81,131,40,48,104,82,6,8,49,69,0,14,0,14,0,14,10,12,39,38,39,38,0,14
1400000US36081045200,"Census Tract 452, Queens County, New York",Queens,911,284,835,281,139,33,197,145,0,14,482,238,0,14,0,14,17,18,17,18,0,14,76,37,0,14,0,14,0,14,0,14,0,14,7,14,69,32,64,30,5,11
1400000US36081045400,"Census Tract 454, Queens County, New York",Queens,4950,1077,4507,1033,259,216,825,433,0,14,2765,622,0,14,20,23,638,694,503,686,135,136,443,287,0,14,0,14,11,20,0,14,0,14,301,233,131,179,131,179,0,14
1400000US36081045500,"Census Tract 455, Queens County, New York",Queens,12747,1637,8852,1762,1777,770,5758,1399,0,21,1117,942,0,21,151,237,49,154,0,21,49,154,3895,1511,416,454,384,355,42,84,0,21,0,21,1326,788,1727,1208,1676,1146,51,130
1400000US36081045600,"Census Tract 456, Queens County, New York",Queens,1183,330,1011,383,33,21,0,14,0,14,793,329,0,14,73,111,112,86,0,14,112,86,172,148,0,14,0,14,0,14,0,14,0,14,143,139,29,47,29,47,0,14
1400000US36081045700,"Census Tract 457, Queens County, New York",Queens,3185,596,1696,460,164,116,13,21,0,14,1387,445,56,106,24,41,52,53,0,14,52,53,1489,591,315,325,0,14,0,14,0,14,0,14,849,408,325,366,325,366,0,14
1400000US36081045800,"Census Tract 458, Queens County, New York",Queens,2347,361,2119,396,138,98,263,191,0,14,1489,351,0,14,10,14,219,191,185,192,34,33,228,129,0,14,0,14,0,14,0,14,0,14,107,111,121,76,90,63,31,33
1400000US36081045900,"Census Tract 459, Queens County, New York",Queens,3480,655,2044,578,23,26,107,166,0,14,1770,574,0,14,56,86,88,78,76,76,12,14,1436,459,0,14,0,14,48,70,0,14,0,14,1298,446,90,67,90,67,0,14
1400000US36081046000,"Census Tract 460, Queens County, New York",Queens,6027,892,3918,847,205,171,949,315,57,98,1953,567,0,19,334,288,420,474,44,34,376,473,2109,795,0,19,0,19,0,19,0,19,0,19,1994,803,115,109,115,109,0,19
1400000US36081046100,"Census Tract 461, Queens County, New York",Queens,2739,471,1186,326,36,42,2,7,0,14,968,285,0,14,75,96,105,85,0,14,105,85,1553,407,204,195,5,7,57,61,18,19,0,14,1081,409,188,134,188,134,0,14
1400000US36081046200,"Census Tract 462, Queens County, New York",Queens,6102,1199,5112,1100,190,82,1233,321,0,19,3084,1064,0,19,309,200,296,235,48,77,248,222,990,711,0,19,26,47,20,33,0,19,0,19,846,716,98,89,98,89,0,19
1400000US36081046300,"Census Tract 463, Queens County, New York",Queens,4020,555,1367,434,38,42,153,144,32,65,1115,464,0,14,11,16,18,31,9,15,9,16,2653,519,68,99,0,14,25,49,0,14,0,14,2374,552,186,187,186,187,0,14
1400000US36081046400,"Census Tract 464, Queens County, New York",Queens,1998,347,1485,325,601,344,292,115,0,14,421,154,0,14,11,15,160,134,0,14,160,134,513,173,25,43,3,6,26,39,0,14,0,14,333,176,126,75,114,81,12,25
1400000US36081046500,"Census Tract 465, Queens County, New York",Queens,4147,1156,263,193,7,10,7,10,0,14,200,172,0,14,4,6,45,62,0,14,45,62,3884,1192,151,299,0,14,20,23,0,14,0,14,3242,1345,471,269,471,269,0,14
1400000US36081046600,"Census Tract 466, Queens County, New York",Queens,4066,803,3561,806,328,134,850,576,45,70,2001,684,0,14,170,239,167,134,52,41,115,116,505,178,77,66,96,75,0,14,0,14,0,14,249,125,83,72,73,71,10,16
1400000US36081046700,"Census Tract 467, Queens County, New York",Queens,6774,1181,1808,530,294,145,51,67,0,19,1420,514,0,19,0,19,43,51,19,32,24,39,4966,1125,295,249,84,135,24,43,0,19,0,19,3583,950,980,611,980,611,0,19
1400000US36081046800,"Census Tract 468, Queens County, New York",Queens,3763,710,3260,696,14,21,669,368,158,184,2118,582,0,14,77,106,224,128,178,110,46,69,503,179,23,27,10,17,0,14,0,14,0,14,341,206,129,136,129,136,0,14
1400000US36081046901,"Census Tract 469.01, Queens County, New York",Queens,4691,1065,2783,981,169,139,51,50,0,14,2212,855,0,14,69,85,282,439,0,14,282,439,1908,699,6,10,0,14,79,120,0,14,0,14,1627,703,196,130,172,135,24,38
1400000US36081046902,"Census Tract 469.02, Queens County, New York",Queens,3177,565,823,315,66,75,31,53,0,14,668,274,0,14,23,37,35,39,0,14,35,39,2354,621,66,71,0,14,17,28,28,41,0,14,1938,648,305,141,305,141,0,14
1400000US36081047000,"Census Tract 470, Queens County, New York",Queens,3187,587,2276,569,49,43,134,95,8,12,1501,554,0,14,362,218,222,141,171,138,51,45,911,288,25,21,0,14,0,14,27,42,0,14,671,236,188,153,187,153,1,3
1400000US36081047100,"Census Tract 471, Queens County, New York",Queens,4244,659,3253,786,106,79,21,35,29,50,3071,797,0,14,0,14,26,41,26,41,0,14,991,383,80,78,12,15,0,14,0,14,0,14,566,345,333,173,282,146,51,58
1400000US36081047200,"Census Tract 472, Queens County, New York",Queens,3655,637,3105,631,942,487,812,282,9,14,1042,371,0,14,124,183,176,134,81,88,95,103,550,310,72,64,0,14,0,14,8,14,0,14,367,277,103,104,103,104,0,14
1400000US36081047300,"Census Tract 473, Queens County, New York",Queens,4242,558,3232,492,258,148,15,24,0,14,2891,511,0,14,0,14,68,68,6,10,62,68,1010,343,13,22,0,14,0,14,0,14,0,14,605,288,392,201,392,201,0,14
1400000US36081047500,"Census Tract 475, Queens County, New York",Queens,5006,645,3187,558,521,281,61,41,0,19,2552,619,0,19,3,7,50,47,0,19,50,47,1819,538,34,31,29,44,83,105,13,20,0,19,1074,455,586,332,575,333,11,16
1400000US36081047600,"Census Tract 476, Queens County, New York",Queens,1604,384,1573,388,687,414,233,184,0,14,434,264,0,14,195,184,24,24,18,22,6,9,31,27,0,14,6,10,0,14,0,14,0,14,10,12,15,22,0,14,15,22
1400000US36081047801,"Census Tract 478.01, Queens County, New York",Queens,4075,666,2582,571,782,477,1010,341,0,14,549,294,0,14,125,150,116,86,99,84,17,23,1493,589,54,94,11,18,0,14,0,14,0,14,1206,610,222,193,222,193,0,14
1400000US36081047802,"Census Tract 478.02, Queens County, New York",Queens,1422,409,1080,320,16,25,534,311,0,14,398,210,0,14,132,47,0,14,0,14,0,14,342,312,27,38,0,14,10,16,0,14,0,14,230,312,75,71,75,71,0,14
1400000US36081047900,"Census Tract 479, Queens County, New York",Queens,6032,1045,5162,1023,479,195,385,242,34,57,4182,1118,0,19,12,18,70,76,35,70,35,38,870,292,54,60,42,73,0,19,75,83,0,19,292,176,407,199,345,156,62,70
1400000US36081048000,"Census Tract 480, Queens County, New York",Queens,2370,420,2080,457,55,69,166,129,0,14,1278,361,0,14,553,392,28,29,5,7,23,28,290,131,41,45,0,14,0,14,0,14,0,14,248,127,1,3,1,3,0,14
1400000US36081048100,"Census Tract 481, Queens County, New York",Queens,6551,1088,3951,1225,342,149,206,115,0,19,3236,1188,0,19,63,98,104,83,39,44,65,66,2600,819,316,434,0,19,0,19,0,19,0,19,1705,633,579,336,579,336,0,19
1400000US36081048200,"Census Tract 482, Queens County, New York",Queens,1311,228,1227,182,162,122,368,143,0,14,584,172,0,14,19,33,94,56,67,52,27,26,84,88,0,14,0,14,0,14,0,14,0,14,65,86,19,22,19,22,0,14
1400000US36081048301,"Census Tract 483.01, Queens County, New York",Queens,2061,360,1731,347,224,177,11,17,0,14,1467,315,0,14,12,21,17,19,0,14,17,19,330,151,27,28,0,14,9,14,0,14,0,14,123,129,171,108,157,103,14,22
1400000US36081048302,"Census Tract 483.02, Queens County, New York",Queens,1719,448,1081,230,180,81,22,34,0,14,844,236,0,14,0,14,35,47,7,12,28,44,638,401,214,332,0,14,0,14,0,14,0,14,183,154,241,183,241,183,0,14
1400000US36081048400,"Census Tract 484, Queens County, New York",Queens,4942,875,4028,735,181,161,660,247,88,96,2583,737,10,19,283,282,223,148,190,152,33,26,914,408,15,28,35,24,0,14,13,20,0,14,456,358,395,241,395,241,0,14
1400000US36081048500,"Census Tract 485, Queens County, New York",Queens,5205,834,3877,787,122,80,25,41,0,19,3611,812,0,19,59,76,60,65,0,19,60,65,1328,580,29,43,0,19,0,19,37,58,0,19,1015,586,247,184,222,179,25,36
1400000US36081048900,"Census Tract 489, Queens County, New York",Queens,1838,433,1019,356,39,35,7,33,39,63,934,333,0,14,0,14,0,14,0,14,0,14,819,344,187,210,0,14,17,26,17,21,0,14,118,121,480,291,464,289,16,24
1400000US36081049201,"Census Tract 492.01, Queens County, New York",Queens,2545,377,2128,390,25,21,1760,369,0,14,170,112,0,14,21,25,152,162,31,40,121,156,417,189,12,19,46,54,0,14,0,14,0,14,239,165,120,112,120,112,0,14
1400000US36081049202,"Census Tract 492.02, Queens County, New York",Queens,2338,669,1872,605,19,26,512,281,0,14,574,185,0,14,362,268,405,486,303,468,102,137,466,428,41,35,22,51,0,14,0,14,0,14,350,413,53,68,48,67,5,10
1400000US36081049301,"Census Tract 493.01, Queens County, New York",Queens,2306,396,1632,347,646,259,24,36,10,15,850,252,0,14,102,110,0,14,0,14,0,14,674,231,22,32,0,14,46,50,0,14,0,14,465,203,141,121,133,120,8,12
1400000US36081049302,"Census Tract 493.02, Queens County, New York",Queens,3320,607,1998,455,903,241,100,45,0,14,830,492,0,14,8,11,157,138,10,15,147,130,1322,582,8,13,0,14,113,209,0,14,0,14,675,449,526,333,422,265,104,158
1400000US36081049500,"Census Tract 495, Queens County, New York",Queens,1272,315,829,227,630,182,18,24,0,14,132,83,0,14,18,20,31,48,0,14,31,48,443,220,75,67,0,14,0,14,0,14,0,14,205,152,163,133,152,130,11,16
1400000US36081049600,"Census Tract 496, Queens County, New York",Queens,3040,518,2701,532,27,25,1063,545,0,14,1274,298,0,14,267,138,70,53,58,48,12,20,339,105,10,15,4,6,23,32,0,14,0,14,96,94,206,120,183,122,23,29
1400000US36081049700,"Census Tract 497, Queens County, New York",Queens,2693,548,1827,445,792,299,3,9,25,44,923,348,0,14,13,19,71,64,0,14,71,64,866,452,14,21,0,14,0,14,0,14,0,14,663,417,189,175,189,175,0,14
1400000US36081049900,"Census Tract 499, Queens County, New York",Queens,5121,880,4252,802,373,195,32,31,51,75,3529,736,0,19,0,19,267,335,0,19,267,335,869,552,379,479,2,8,89,130,5,7,0,19,314,275,80,66,57,44,23,49
1400000US36081050000,"Census Tract 500, Queens County, New York",Queens,4434,601,3833,543,156,65,2805,669,0,14,533,197,0,14,137,136,202,124,77,89,125,77,601,334,24,31,65,53,6,12,0,14,0,14,233,164,273,294,52,32,221,294
1400000US36081050201,"Census Tract 502.01, Queens County, New York",Queens,1358,371,1154,381,0,14,993,374,0,14,36,40,0,14,0,14,125,143,85,137,40,42,204,135,0,14,25,37,0,14,0,14,0,14,120,95,59,94,59,94,0,14
1400000US36081050202,"Census Tract 502.02, Queens County, New York",Queens,1398,242,1322,227,13,21,920,232,0,14,286,148,0,14,0,14,103,60,53,24,50,55,76,60,0,14,17,26,0,14,0,14,0,14,37,53,22,20,22,20,0,14
1400000US36081050400,"Census Tract 504, Queens County, New York",Queens,1733,331,1640,380,4,7,1182,315,0,14,60,34,0,14,237,201,157,86,153,88,4,6,93,105,0,14,6,18,0,14,0,14,0,14,86,103,1,4,1,4,0,14
1400000US36081050500,"Census Tract 505, Queens County, New York",Queens,1749,438,1415,502,879,488,0,14,0,14,479,175,0,14,38,42,19,24,0,14,19,24,334,196,25,24,0,14,0,14,0,14,0,14,168,125,141,139,141,139,0,14
1400000US36081050600,"Census Tract 506, Queens County, New York",Queens,1504,307,1418,290,0,14,1015,300,0,14,250,169,0,14,54,71,99,80,27,31,72,71,86,78,0,14,62,65,0,14,0,14,0,14,24,28,0,14,0,14,0,14
1400000US36081050700,"Census Tract 507, Queens County, New York",Queens,3305,496,2542,397,1558,329,0,14,15,23,969,382,0,14,0,14,0,14,0,14,0,14,763,409,252,214,0,14,0,14,30,46,0,14,243,214,238,243,238,243,0,14
1400000US36081050800,"Census Tract 508, Queens County, New York",Queens,2035,481,1914,487,4,7,1640,497,0,14,248,226,0,14,0,14,22,23,10,16,12,17,121,113,0,14,14,23,0,14,0,14,0,14,31,33,76,102,76,102,0,14
1400000US36081051000,"Census Tract 510, Queens County, New York",Queens,1490,377,1400,390,35,52,1020,369,0,14,310,167,0,14,6,10,29,25,18,21,11,12,90,101,0,14,51,54,0,14,0,14,0,14,39,65,0,14,0,14,0,14
1400000US36081051100,"Census Tract 511, Queens County, New York",Queens,2494,426,1773,425,1485,430,27,29,0,14,244,148,0,14,0,14,17,28,10,16,7,12,721,228,191,156,0,14,0,14,0,14,0,14,363,189,167,105,167,105,0,14
1400000US36081051200,"Census Tract 512, Queens County, New York",Queens,2683,474,2318,478,78,47,1553,446,0,14,401,241,0,14,163,179,123,52,0,14,123,52,365,220,6,10,11,14,0,14,0,14,0,14,275,204,73,104,7,11,66,104
1400000US36081051300,"Census Tract 513, Queens County, New York",Queens,2621,404,2014,343,1002,232,0,14,0,14,877,275,0,14,0,14,135,106,46,65,89,90,607,274,45,65,0,14,24,34,10,17,0,14,144,89,384,278,384,278,0,14
1400000US36081051500,"Census Tract 515, Queens County, New York",Queens,3062,562,2425,548,1860,507,0,14,0,14,471,233,0,14,72,58,22,35,0,14,22,35,637,160,24,45,0,14,14,22,0,14,0,14,182,192,417,250,417,250,0,14
1400000US36081051600,"Census Tract 516, Queens County, New York",Queens,2161,528,1688,353,80,114,1324,327,0,14,27,30,0,14,30,43,227,108,141,163,86,90,473,304,162,236,22,21,0,14,0,14,0,14,153,110,136,99,116,95,20,31
1400000US36081051700,"Census Tract 517, Queens County, New York",Queens,2068,360,1548,375,1323,375,0,14,61,102,164,92,0,14,0,14,0,14,0,14,0,14,520,225,214,172,12,16,36,52,0,14,0,14,154,105,104,73,87,70,17,26
1400000US36081051800,"Census Tract 518, Queens County, New York",Queens,2186,530,1895,531,7,9,1565,431,0,14,0,14,0,14,280,249,43,59,0,14,43,59,291,167,0,14,7,10,61,91,0,14,0,14,120,102,103,108,103,108,0,14
1400000US36081052000,"Census Tract 520, Queens County, New York",Queens,1753,335,1616,345,28,19,1353,304,0,14,165,193,0,14,34,66,36,29,9,10,27,28,137,94,0,14,16,11,0,14,0,14,0,14,112,93,9,8,9,8,0,14
1400000US36081052100,"Census Tract 521, Queens County, New York",Queens,1841,407,1282,233,979,253,1,3,0,14,298,220,0,14,0,14,4,7,0,14,4,7,559,362,48,55,9,18,0,14,0,14,0,14,337,350,165,95,165,95,0,14
1400000US36081052200,"Census Tract 522, Queens County, New York",Queens,2233,293,1905,322,0,14,1567,284,7,13,111,131,0,14,52,79,168,210,147,209,21,16,328,176,0,14,64,76,0,14,1,3,0,14,184,174,79,102,79,102,0,14
1400000US36081052400,"Census Tract 524, Queens County, New York",Queens,2150,337,1915,334,0,14,1487,392,0,14,254,204,0,14,69,112,105,124,105,124,0,14,235,163,0,14,0,14,0,14,0,14,0,14,228,163,7,11,7,11,0,14
1400000US36081052500,"Census Tract 525, Queens County, New York",Queens,2152,364,1497,251,1174,279,0,14,0,14,264,150,0,14,0,14,59,42,0,14,59,42,655,310,23,26,0,14,0,14,0,14,0,14,489,300,143,87,143,87,0,14
1400000US36081052600,"Census Tract 526, Queens County, New York",Queens,2352,390,2115,388,0,14,1685,341,0,14,120,89,0,14,49,77,261,199,149,110,112,163,237,159,0,14,97,87,0,14,0,14,0,14,64,92,76,95,76,95,0,14
1400000US36081052800,"Census Tract 528, Queens County, New York",Queens,1577,383,1456,385,0,14,1145,285,0,14,0,14,0,14,114,141,197,225,187,224,10,14,121,108,14,20,0,14,0,14,0,14,0,14,107,104,0,14,0,14,0,14
1400000US36081053000,"Census Tract 530, Queens County, New York",Queens,2510,543,2290,557,14,22,2052,572,0,14,9,14,0,14,138,148,77,68,61,64,16,23,220,132,0,14,67,57,54,80,0,14,0,14,99,94,0,14,0,14,0,14
1400000US36081053100,"Census Tract 531, Queens County, New York",Queens,3244,572,2266,529,2114,558,0,14,0,14,48,51,0,14,0,14,104,136,0,14,104,136,978,342,182,258,0,14,139,167,0,14,0,14,370,168,287,173,187,121,100,153
1400000US36081053200,"Census Tract 532, Queens County, New York",Queens,2163,387,1830,383,6,5,1689,379,0,14,106,158,0,14,0,14,29,33,3,6,26,33,333,202,0,14,91,85,0,14,0,14,0,14,240,195,2,4,0,14,2,4
1400000US36081053401,"Census Tract 534.01, Queens County, New York",Queens,1968,501,1851,501,9,13,1741,501,0,14,91,81,0,14,0,14,10,15,0,14,10,15,117,101,1,3,62,88,0,14,0,14,0,14,22,21,32,47,32,47,0,14
1400000US36081053501,"Census Tract 535.01, Queens County, New York",Queens,1162,421,595,330,321,316,0,14,101,92,173,54,0,14,0,14,0,14,0,14,0,14,567,231,4,13,0,14,0,14,0,14,0,14,493,238,70,55,70,55,0,14
1400000US36081053502,"Census Tract 535.02, Queens County, New York",Queens,0,14,0,14,0,14,0,14,0,14,0,14,0,14,0,14,0,14,0,14,0,14,0,14,0,14,0,14,0,14,0,14,0,14,0,14,0,14,0,14,0,14
1400000US36081053601,"Census Tract 536.01, Queens County, New York",Queens,1761,515,1248,371,36,40,747,212,14,22,399,445,0,14,8,13,44,49,21,36,23,34,513,404,0,14,62,69,0,14,0,14,0,14,197,133,254,373,254,373,0,14
1400000US36081053800,"Census Tract 538, Queens County, New York",Queens,1714,345,1621,349,19,29,1281,348,11,18,131,119,0,14,92,148,87,63,65,56,22,24,93,82,0,14,60,62,0,14,0,14,0,14,33,49,0,14,0,14,0,14
1400000US36081053901,"Census Tract 539.01, Queens County, New York",Queens,4129,580,2637,544,1407,419,357,340,0,14,695,353,0,14,0,14,178,131,44,50,134,120,1492,403,293,247,36,55,0,14,0,14,0,14,560,270,603,313,590,309,13,20
1400000US36081053902,"Census Tract 539.02, Queens County, New York",Queens,27,23,23,23,23,23,0,14,0,14,0,14,0,14,0,14,0,14,0,14,0,14,4,6,0,14,0,14,0,14,0,14,0,14,4,6,0,14,0,14,0,14
1400000US36081054000,"Census Tract 540, Queens County, New York",Queens,4325,604,3669,553,10,27,2723,483,0,14,449,252,0,14,110,145,377,198,250,151,127,108,656,456,45,56,37,45,0,14,0,14,0,14,389,380,185,148,111,67,74,104
1400000US36081054200,"Census Tract 542, Queens County, New York",Queens,5520,1053,3780,638,235,239,1146,478,0,19,1464,425,0,19,382,291,553,323,434,265,119,171,1740,1036,41,48,105,96,20,30,0,19,0,19,1267,995,307,223,271,205,36,46
1400000US36081054500,"Census Tract 545, Queens County, New York",Queens,3675,685,1386,462,1046,420,14,23,11,18,278,167,0,14,26,41,11,16,11,16,0,14,2289,587,296,266,0,14,197,168,0,14,0,14,762,326,1034,419,852,385,182,193
1400000US36081054700,"Census Tract 547, Queens County, New York",Queens,5210,863,2111,557,934,346,376,393,0,19,746,470,0,19,0,19,55,59,0,19,55,59,3099,789,206,255,46,51,0,19,0,19,0,19,1739,528,1108,548,1023,503,85,113
1400000US36081054800,"Census Tract 548, Queens County, New York",Queens,2382,314,2171,330,58,43,379,236,29,37,1329,332,0,14,225,151,151,138,17,23,134,134,211,118,44,45,0,14,0,14,8,12,0,14,154,109,5,8,5,8,0,14
1400000US36081054900,"Census Tract 549, Queens County, New York",Queens,5287,826,1820,271,1142,245,166,86,0,19,258,128,0,19,137,117,117,77,0,19,117,77,3467,886,338,280,93,90,53,60,11,16,0,19,1292,583,1680,780,1523,771,157,141
1400000US36081055100,"Census Tract 551, Queens County, New York",Queens,4363,543,2698,446,1863,371,247,193,0,14,288,143,0,14,31,36,269,156,15,23,254,155,1665,536,148,97,30,31,13,20,0,14,0,14,875,401,599,348,333,257,266,196
1400000US36081055200,"Census Tract 552, Queens County, New York",Queens,2913,680,2464,718,228,143,644,627,0,14,1338,490,0,14,137,219,117,103,0,14,117,103,449,209,50,82,0,14,42,75,0,14,0,14,166,141,191,101,191,101,0,14
1400000US36081055300,"Census Tract 553, Queens County, New York",Queens,2911,526,1135,259,487,172,56,52,0,14,523,249,0,14,0,14,69,51,29,31,40,40,1776,528,194,136,0,14,8,11,14,22,0,14,412,213,1148,536,1055,534,93,91
1400000US36081055400,"Census Tract 554, Queens County, New York",Queens,2599,484,1977,499,270,132,347,216,0,14,1032,329,0,14,78,101,250,235,50,34,200,229,622,192,57,77,11,17,12,17,0,14,0,14,391,168,151,101,127,93,24,22
1400000US36081055500,"Census Tract 555, Queens County, New York",Queens,2295,423,705,172,314,123,93,69,0,14,186,93,0,14,55,81,57,51,15,22,42,48,1590,453,39,43,0,14,43,83,0,14,0,14,925,362,583,320,569,323,14,21
1400000US36081055600,"Census Tract 556, Queens County, New York",Queens,2233,438,1595,379,69,40,182,93,0,14,1018,327,0,14,69,67,257,142,181,126,76,69,638,355,11,18,18,32,0,14,0,14,0,14,475,349,134,68,133,68,1,3
1400000US36081055700,"Census Tract 557, Queens County, New York",Queens,3386,626,1735,419,1427,427,67,66,0,14,177,120,0,14,0,14,64,54,14,22,50,53,1651,546,310,325,85,105,0,14,0,14,0,14,868,456,388,192,361,180,27,43
1400000US36081055800,"Census Tract 558, Queens County, New York",Queens,1649,341,1064,284,142,74,96,66,0,14,691,291,0,14,65,62,70,45,39,33,31,30,585,236,56,60,0,14,9,14,0,14,0,14,335,160,185,170,153,167,32,34
1400000US36081055900,"Census Tract 559, Queens County, New York",Queens,1129,272,468,143,216,116,116,87,0,14,119,99,0,14,0,14,17,16,14,13,3,4,661,275,15,23,25,43,0,14,0,14,0,14,413,250,208,145,184,145,24,37
1400000US36081056000,"Census Tract 560, Queens County, New York",Queens,1695,331,1452,346,143,111,89,100,0,14,1085,343,0,14,102,103,33,32,13,23,20,24,243,127,13,19,0,14,0,14,32,39,0,14,185,101,13,28,13,28,0,14
1400000US36081056100,"Census Tract 561, Queens County, New York",Queens,12,16,12,16,12,16,0,14,0,14,0,14,0,14,0,14,0,14,0,14,0,14,0,14,0,14,0,14,0,14,0,14,0,14,0,14,0,14,0,14,0,14
1400000US36081056200,"Census Tract 562, Queens County, New York",Queens,1399,286,939,296,296,205,199,138,0,14,420,193,0,14,0,14,24,21,11,19,13,19,460,173,53,77,41,44,0,14,10,15,0,14,169,168,187,75,101,85,86,37
1400000US36081056400,"Census Tract 564, Queens County, New York",Queens,1580,335,1067,347,261,132,102,63,0,14,281,162,0,14,112,176,311,215,122,51,189,211,513,266,90,94,0,14,0,14,0,14,0,14,140,167,283,213,275,216,8,13
1400000US36081056500,"Census Tract 565, Queens County, New York",Queens,1850,312,387,179,264,152,49,42,0,14,57,54,0,14,15,25,2,4,0,14,2,4,1463,344,437,285,0,14,0,14,0,14,0,14,488,207,538,247,538,247,0,14
1400000US36081056600,"Census Tract 566, Queens County, New York",Queens,1546,426,1300,474,16,22,461,262,0,14,255,143,0,14,356,344,212,121,212,121,0,14,246,204,15,30,13,16,0,14,0,14,0,14,32,53,186,179,120,110,66,69
1400000US36081056700,"Census Tract 567, Queens County, New York",Queens,4601,903,2008,536,1909,562,67,101,0,14,32,142,0,14,0,14,0,14,0,14,0,14,2593,840,278,244,70,107,0,14,0,14,0,14,900,381,1345,832,1203,747,142,193
1400000US36081056800,"Census Tract 568, Queens County, New York",Queens,4373,727,3657,687,255,113,2676,648,0,14,298,168,0,14,128,164,300,175,36,41,264,178,716,321,119,184,79,86,0,14,0,14,0,14,213,189,305,188,181,110,124,150
1400000US36081057700,"Census Tract 577, Queens County, New York",Queens,3926,762,2010,431,1833,410,0,14,0,14,143,156,0,14,0,14,34,45,24,40,10,17,1916,740,261,286,0,14,61,107,0,14,0,14,911,588,683,454,683,454,0,14
1400000US36081057900,"Census Tract 579, Queens County, New York",Queens,1671,331,789,206,640,193,68,76,0,14,35,28,0,14,0,14,46,54,11,18,35,52,882,313,212,186,0,14,0,14,0,14,0,14,366,180,304,173,214,123,90,142
1400000US36081058000,"Census Tract 580, Queens County, New York",Queens,4287,932,3824,954,118,122,2792,667,0,14,103,105,0,14,33,51,778,792,744,790,34,52,463,352,0,14,86,4,0,14,0,14,0,14,183,282,194,199,142,200,52,5
1400000US36081058100,"Census Tract 581, Queens County, New York",Queens,2779,687,1485,241,899,222,13,21,0,14,173,113,0,14,15,24,385,214,235,218,150,121,1294,687,216,203,0,14,0,14,0,14,0,14,808,670,270,180,153,163,117,97
1400000US36081058200,"Census Tract 582, Queens County, New York",Queens,5141,1011,4183,1031,233,179,3118,1026,0,19,274,233,0,19,262,423,296,218,184,192,112,110,958,530,31,49,61,104,214,249,0,19,0,19,215,236,437,410,265,317,172,241
1400000US36081058300,"Census Tract 583, Queens County, New York",Queens,3495,529,2743,441,2064,388,122,93,0,14,202,156,0,14,76,83,279,214,165,172,114,115,752,322,11,18,10,27,0,14,0,14,0,14,453,292,278,138,278,138,0,14
1400000US36081058500,"Census Tract 585, Queens County, New York",Queens,4010,520,2994,514,2365,449,120,165,0,14,338,205,0,14,24,27,147,107,38,37,109,102,1016,325,78,89,14,22,0,14,0,14,0,14,386,190,538,301,529,297,9,14
1400000US36081058700,"Census Tract 587, Queens County, New York",Queens,3486,476,2408,453,1769,479,96,74,242,188,224,142,0,14,0,14,77,68,0,14,77,68,1078,398,132,120,16,26,0,14,0,14,0,14,705,382,225,169,225,169,0,14
1400000US36081058900,"Census Tract 589, Queens County, New York",Queens,4618,669,2630,488,2255,505,104,93,0,14,159,151,0,14,70,90,42,45,38,45,4,10,1988,657,385,486,13,23,35,44,0,14,0,14,1177,514,378,242,378,242,0,14
1400000US36081059000,"Census Tract 590, Queens County, New York",Queens,1258,315,1139,329,172,275,896,171,0,14,44,86,0,14,0,14,27,19,0,14,27,19,119,97,0,14,34,48,0,14,0,14,0,14,85,86,0,14,0,14,0,14
1400000US36081059100,"Census Tract 591, Queens County, New York",Queens,4799,901,2237,557,1695,473,14,25,0,14,328,283,0,14,38,62,162,136,71,86,91,92,2562,745,124,125,76,86,71,81,0,14,56,73,944,451,1291,716,1069,674,222,219
1400000US36081059200,"Census Tract 592, Queens County, New York",Queens,1240,259,1234,258,6,9,1128,248,0,14,59,62,0,14,34,52,7,10,7,10,0,14,6,9,0,14,0,14,0,14,0,14,0,14,6,9,0,14,0,14,0,14
1400000US36081059300,"Census Tract 593, Queens County, New York",Queens,4040,712,2789,578,2400,613,47,69,0,14,246,169,0,14,0,14,96,87,51,80,45,43,1251,572,161,97,0,14,0,14,0,14,0,14,558,307,532,481,509,479,23,40
1400000US36081059400,"Census Tract 594, Queens County, New York",Queens,1667,365,1539,370,13,19,1403,372,0,14,0,14,0,14,0,14,123,100,68,87,55,57,128,130,11,17,60,85,0,14,0,14,0,14,57,59,0,14,0,14,0,14
1400000US36081059501,"Census Tract 595.01, Queens County, New York",Queens,1903,271,1251,258,1101,240,35,31,0,14,106,101,0,14,0,14,9,13,0,14,9,13,652,270,64,110,10,16,0,14,0,14,0,14,220,166,358,205,324,198,34,42
1400000US36081059502,"Census Tract 595.02, Queens County, New York",Queens,2676,667,1336,395,1000,361,113,53,7,11,216,187,0,14,0,14,0,14,0,14,0,14,1340,441,214,163,0,14,0,14,0,14,0,14,728,449,398,238,396,238,2,5
1400000US36081059600,"Census Tract 596, Queens County, New York",Queens,1674,375,1246,316,1,2,1196,316,0,14,12,16,0,14,0,14,37,44,34,42,3,5,428,257,46,68,0,14,0,14,0,14,0,14,67,93,315,224,291,222,24,34
1400000US36081059800,"Census Tract 598, Queens County, New York",Queens,1691,566,1517,546,44,42,1246,553,0,14,101,148,0,14,75,117,51,54,0,14,51,54,174,122,25,36,0,14,0,14,0,14,0,14,149,118,0,14,0,14,0,14
1400000US36081059900,"Census Tract 599, Queens County, New York",Queens,1493,329,1115,246,858,170,0,14,0,14,215,213,0,14,17,26,25,20,25,20,0,14,378,230,49,49,0,14,9,15,0,14,0,14,150,167,170,150,170,150,0,14
1400000US36081060000,"Census Tract 600, Queens County, New York",Queens,1132,182,1057,185,0,14,887,161,0,14,0,14,0,14,6,9,164,102,63,33,101,96,75,27,11,17,51,6,0,14,0,14,0,14,13,19,0,14,0,14,0,14
1400000US36081060100,"Census Tract 601, Queens County, New York",Queens,2084,387,1354,308,1181,301,6,9,0,14,158,156,0,14,0,14,9,11,0,14,9,11,730,290,97,59,0,14,0,14,0,14,0,14,539,293,94,60,94,60,0,14
1400000US36081060300,"Census Tract 603, Queens County, New York",Queens,1924,361,1155,253,1008,264,0,14,0,14,108,81,0,14,16,24,23,17,0,14,23,17,769,324,202,204,0,14,0,14,0,14,0,14,316,200,251,175,251,175,0,14
1400000US36081060600,"Census Tract 606, Queens County, New York",Queens,1176,209,1072,182,0,14,1027,187,0,14,45,54,0,14,0,14,0,14,0,14,0,14,104,91,0,14,14,23,0,14,0,14,0,14,46,69,44,49,44,49,0,14
1400000US36081060701,"Census Tract 607.01, Queens County, New York",Queens,0,14,0,14,0,14,0,14,0,14,0,14,0,14,0,14,0,14,0,14,0,14,0,14,0,14,0,14,0,14,0,14,0,14,0,14,0,14,0,14,0,14
1400000US36081060800,"Census Tract 608, Queens County, New York",Queens,1592,305,1553,304,8,13,1405,318,0,14,140,110,0,14,0,14,0,14,0,14,0,14,39,34,0,14,23,32,0,14,0,14,0,14,0,14,16,21,16,21,0,14
1400000US36081061000,"Census Tract 610, Queens County, New York",Queens,1318,247,1159,225,26,23,1081,210,0,14,0,14,0,14,11,16,41,49,4,7,37,48,159,126,0,14,21,19,0,14,0,14,0,14,138,124,0,14,0,14,0,14
1400000US36081061200,"Census Tract 612, Queens County, New York",Queens,1839,524,1800,521,7,11,1580,495,0,14,44,54,0,14,52,60,117,154,108,154,9,14,39,28,0,14,0,14,0,14,0,14,0,14,6,9,33,25,33,25,0,14
1400000US36081061301,"Census Tract 613.01, Queens County, New York",Queens,5205,967,2373,440,1777,336,135,90,0,19,312,284,0,19,0,19,149,107,43,49,106,98,2832,895,137,112,228,216,0,19,145,198,0,19,990,563,1332,818,866,733,466,463
1400000US36081061302,"Census Tract 613.02, Queens County, New York",Queens,0,14,0,14,0,14,0,14,0,14,0,14,0,14,0,14,0,14,0,14,0,14,0,14,0,14,0,14,0,14,0,14,0,14,0,14,0,14,0,14,0,14
1400000US36081061400,"Census Tract 614, Queens County, New York",Queens,1357,351,1300,354,34,41,1169,351,0,14,42,56,0,14,8,12,47,40,14,20,33,33,57,45,0,14,0,14,0,14,0,14,0,14,35,33,22,22,22,22,0,14
1400000US36081061601,"Census Tract 616.01, Queens County, New York",Queens,2257,444,2171,439,16,18,1993,458,0,14,40,50,0,14,14,23,108,78,87,85,21,19,86,66,0,14,4,9,0,14,0,14,0,14,3,7,79,63,79,63,0,14
1400000US36081061602,"Census Tract 616.02, Queens County, New York",Queens,968,151,664,159,25,35,546,148,0,14,0,14,0,14,62,60,31,24,20,25,11,14,304,137,23,35,34,43,0,14,0,14,0,14,95,106,152,154,152,154,0,14
1400000US36081061800,"Census Tract 618, Queens County, New York",Queens,2037,429,1837,396,7,10,1632,400,0,14,60,63,0,14,0,14,138,92,138,92,0,14,200,237,101,146,11,13,0,14,0,14,0,14,0,14,88,93,88,93,0,14
1400000US36081061900,"Census Tract 619, Queens County, New York",Queens,3046,731,2421,734,2057,638,0,14,0,14,205,268,0,14,0,14,159,168,0,14,159,168,625,166,0,14,0,14,0,14,0,14,0,14,298,184,327,129,313,128,14,21
1400000US36081062000,"Census Tract 620, Queens County, New York",Queens,1545,235,1502,251,9,10,1459,244,0,14,0,14,0,14,0,14,34,28,34,28,0,14,43,52,15,24,22,27,0,14,0,14,0,14,0,14,6,9,6,9,0,14
1400000US36081062100,"Census Tract 621, Queens County, New York",Queens,2667,580,1840,393,1513,332,241,230,0,14,53,59,0,14,0,14,33,56,33,56,0,14,827,409,76,64,0,14,10,19,0,14,0,14,459,366,282,165,208,106,74,87
1400000US36081062200,"Census Tract 622, Queens County, New York",Queens,2069,438,1973,438,111,168,1808,400,0,14,0,14,0,14,34,55,20,26,14,23,6,10,96,85,0,14,15,16,0,14,0,14,0,14,0,14,81,83,81,83,0,14
1400000US36081062300,"Census Tract 623, Queens County, New York",Queens,2111,379,1506,374,1476,378,17,20,7,13,6,9,0,14,0,14,0,14,0,14,0,14,605,179,96,73,0,14,71,81,0,14,0,14,311,168,127,95,127,95,0,14
1400000US36081062400,"Census Tract 624, Queens County, New York",Queens,0,14,0,14,0,14,0,14,0,14,0,14,0,14,0,14,0,14,0,14,0,14,0,14,0,14,0,14,0,14,0,14,0,14,0,14,0,14,0,14,0,14
1400000US36081062500,"Census Tract 625, Queens County, New York",Queens,2637,499,1598,318,1393,310,72,94,0,14,87,54,0,14,0,14,46,39,22,32,24,28,1039,448,41,59,3,6,29,47,0,14,0,14,515,357,451,239,451,239,0,14
1400000US36081062600,"Census Tract 626, Queens County, New York",Queens,3298,478,2878,447,83,77,2618,467,0,14,103,169,0,14,37,31,37,31,15,15,22,28,420,212,17,18,191,138,33,51,0,14,0,14,134,132,45,41,13,20,32,34
1400000US36081062700,"Census Tract 627, Queens County, New York",Queens,2831,551,1607,389,1380,387,2,3,0,14,207,91,0,14,0,14,18,28,18,28,0,14,1224,474,365,356,290,319,0,14,0,14,0,14,253,210,316,195,287,213,29,41
1400000US36081062900,"Census Tract 629, Queens County, New York",Queens,3289,669,1900,558,1429,414,86,117,0,14,310,373,0,14,36,64,39,61,39,61,0,14,1389,497,339,368,0,14,53,67,0,14,0,14,425,254,572,289,527,286,45,61
1400000US36081063000,"Census Tract 630, Queens County, New York",Queens,1614,377,1547,368,6,8,1477,384,0,14,0,14,0,14,27,32,37,34,36,35,1,5,67,62,0,14,53,61,0,14,0,14,0,14,5,8,9,11,8,11,1,3
1400000US36081063200,"Census Tract 632, Queens County, New York",Queens,2499,389,2324,391,40,40,2181,385,0,14,0,14,0,14,28,55,75,54,27,41,48,34,175,135,10,16,0,14,0,14,0,14,0,14,121,129,44,53,44,53,0,14
1400000US36081063301,"Census Tract 633.01, Queens County, New York",Queens,1584,409,932,235,806,241,0,14,0,14,126,114,0,14,0,14,0,14,0,14,0,14,652,375,107,109,78,90,47,66,0,14,0,14,252,177,168,216,168,216,0,14
1400000US36081063302,"Census Tract 633.02, Queens County, New York",Queens,1862,568,1189,257,1122,266,0,14,0,14,67,47,0,14,0,14,0,14,0,14,0,14,673,557,32,48,6,10,0,14,0,14,0,14,406,505,229,227,229,227,0,14
1400000US36081063500,"Census Tract 635, Queens County, New York",Queens,2655,599,1879,400,1721,371,11,16,0,14,121,102,0,14,0,14,26,46,0,14,26,46,776,567,387,481,9,13,0,14,0,14,0,14,41,36,339,225,331,225,8,12
1400000US36081063700,"Census Tract 637, Queens County, New York",Queens,3455,616,2895,546,2210,521,172,213,0,14,338,187,0,14,17,23,158,146,0,14,158,146,560,228,183,128,0,14,0,14,0,14,0,14,85,95,292,222,252,206,40,73
1400000US36081063800,"Census Tract 638, Queens County, New York",Queens,3893,763,3430,767,79,60,3200,813,0,14,77,109,0,14,51,65,23,40,0,14,23,40,463,417,0,14,22,36,0,14,0,14,0,14,0,14,441,421,425,414,16,25
1400000US36081063900,"Census Tract 639, Queens County, New York",Queens,3113,708,1233,302,1043,291,23,36,0,14,167,139,0,14,0,14,0,14,0,14,0,14,1880,716,351,329,210,326,0,14,0,14,0,14,1042,706,277,144,247,134,30,46
1400000US36081064101,"Census Tract 641.01, Queens County, New York",Queens,2328,294,2065,277,1658,326,0,14,0,14,341,165,0,14,11,16,55,66,43,48,12,20,263,123,0,14,0,14,15,19,24,39,0,14,134,95,90,91,90,91,0,14
1400000US36081064102,"Census Tract 641.02, Queens County, New York",Queens,0,14,0,14,0,14,0,14,0,14,0,14,0,14,0,14,0,14,0,14,0,14,0,14,0,14,0,14,0,14,0,14,0,14,0,14,0,14,0,14,0,14
1400000US36081064500,"Census Tract 645, Queens County, New York",Queens,2016,426,1302,248,797,200,9,12,0,14,433,101,0,14,45,62,18,16,5,7,13,14,714,359,70,59,0,14,0,14,0,14,0,14,160,95,484,358,273,223,211,279
1400000US36081064600,"Census Tract 646, Queens County, New York",Queens,3076,438,2852,458,17,19,2703,468,0,14,61,83,0,14,0,14,71,53,53,46,18,16,224,196,0,14,46,46,0,14,0,14,0,14,144,185,34,52,34,52,0,14
1400000US36081065000,"Census Tract 650, Queens County, New York",Queens,2862,472,2605,386,0,14,2520,399,0,14,0,14,0,14,11,17,74,70,14,21,60,68,257,240,0,14,0,14,0,14,0,14,0,14,251,240,6,11,0,14,6,11
1400000US36081065401,"Census Tract 654.01, Queens County, New York",Queens,3098,474,2724,455,88,56,2063,461,0,14,62,72,0,14,164,217,347,244,90,101,257,226,374,276,0,14,46,66,0,14,0,14,0,14,62,50,266,253,266,253,0,14
1400000US36081065402,"Census Tract 654.02, Queens County, New York",Queens,0,14,0,14,0,14,0,14,0,14,0,14,0,14,0,14,0,14,0,14,0,14,0,14,0,14,0,14,0,14,0,14,0,14,0,14,0,14,0,14,0,14
1400000US36081065501,"Census Tract 655.01, Queens County, New York",Queens,0,14,0,14,0,14,0,14,0,14,0,14,0,14,0,14,0,14,0,14,0,14,0,14,0,14,0,14,0,14,0,14,0,14,0,14,0,14,0,14,0,14
1400000US36081065600,"Census Tract 656, Queens County, New York",Queens,5282,851,4982,847,385,388,4359,809,0,19,33,50,0,19,16,25,189,181,46,70,143,124,300,221,1,3,0,19,0,19,0,19,0,19,102,112,197,136,197,136,0,19
1400000US36081065702,"Census Tract 657.02, Queens County, New York",Queens,1264,175,1055,173,932,185,0,14,0,14,31,51,0,14,31,37,61,48,11,18,50,45,209,101,0,14,6,10,0,14,0,14,0,14,110,71,93,59,85,58,8,11
1400000US36081065703,"Census Tract 657.03, Queens County, New York",Queens,3229,940,2730,908,1941,362,67,75,0,14,82,62,0,14,587,811,53,60,27,41,26,43,499,333,86,54,43,65,0,14,0,14,0,14,30,37,340,340,340,340,0,14
1400000US36081065900,"Census Tract 659, Queens County, New York",Queens,1974,329,1713,375,1376,271,0,14,0,14,337,248,0,14,0,14,0,14,0,14,0,14,261,135,27,30,0,14,0,14,1,10,0,14,47,59,186,114,186,114,0,14
1400000US36081066000,"Census Tract 660, Queens County, New York",Queens,3564,586,3276,609,283,141,2602,675,0,14,41,66,0,14,228,313,122,115,59,72,63,87,288,239,28,37,54,70,0,14,0,14,0,14,0,14,206,213,206,213,0,14
1400000US36081066100,"Census Tract 661, Queens County, New York",Queens,1573,194,1418,202,1329,186,0,14,0,14,89,84,0,14,0,14,0,14,0,14,0,14,155,72,47,52,0,14,0,14,0,14,0,14,75,45,33,39,33,39,0,14
1400000US36081066301,"Census Tract 663.01, Queens County, New York",Queens,2712,328,2400,323,1770,291,13,19,0,14,569,218,0,14,20,33,28,34,15,24,13,19,312,144,9,16,0,14,0,14,0,14,0,14,92,71,211,112,195,117,16,24
1400000US36081066302,"Census Tract 663.02, Queens County, New York",Queens,0,14,0,14,0,14,0,14,0,14,0,14,0,14,0,14,0,14,0,14,0,14,0,14,0,14,0,14,0,14,0,14,0,14,0,14,0,14,0,14,0,14
1400000US36081066401,"Census Tract 664.01, Queens County, New York",Queens,2241,794,2053,793,122,154,1860,777,0,14,0,14,0,14,0,14,71,125,71,125,0,14,188,182,0,14,17,43,0,14,0,14,0,14,94,97,77,87,77,87,0,14
1400000US36081066402,"Census Tract 664.02, Queens County, New York",Queens,3525,580,3391,615,330,508,3022,623,0,14,39,60,0,14,0,14,0,14,0,14,0,14,134,115,0,14,51,79,0,14,0,14,0,14,53,69,30,47,30,47,0,14
1400000US36081066403,"Census Tract 664.03, Queens County, New York",Queens,5738,1351,4991,1359,519,485,4304,1345,0,19,112,115,3,5,0,19,53,59,0,19,53,59,747,380,0,19,248,223,0,19,0,19,0,19,320,238,179,302,179,302,0,19
1400000US36081066404,"Census Tract 664.04, Queens County, New York",Queens,0,14,0,14,0,14,0,14,0,14,0,14,0,14,0,14,0,14,0,14,0,14,0,14,0,14,0,14,0,14,0,14,0,14,0,14,0,14,0,14,0,14
1400000US36081066501,"Census Tract 665.01, Queens County, New York",Queens,4003,696,2861,570,2451,510,1,2,0,14,195,198,0,14,53,104,161,127,70,80,91,120,1142,576,113,124,1,2,0,14,0,14,0,14,416,231,612,519,612,519,0,14
1400000US36081066701,"Census Tract 667.01, Queens County, New York",Queens,2576,582,1751,448,1184,293,0,14,0,14,494,376,0,14,11,17,62,66,32,56,30,42,825,394,56,48,13,20,0,14,42,63,0,14,578,376,136,134,136,134,0,14
1400000US36081066900,"Census Tract 669, Queens County, New York",Queens,1692,328,1148,288,1013,251,0,14,8,12,103,78,0,14,0,14,24,41,0,14,24,41,544,335,38,34,0,14,7,11,0,14,0,14,194,204,305,292,305,292,0,14
1400000US36081067100,"Census Tract 671, Queens County, New York",Queens,2339,337,2005,330,1504,311,0,14,0,14,474,147,0,14,0,14,27,33,0,14,27,33,334,161,92,64,0,14,0,14,11,15,0,14,56,62,175,126,157,124,18,29
1400000US36081067700,"Census Tract 677, Queens County, New York",Queens,1893,280,1508,296,1369,303,0,14,0,14,109,60,0,14,15,20,15,19,0,14,15,19,385,198,24,22,8,12,0,14,0,14,0,14,22,27,331,197,324,198,7,13
1400000US36081067900,"Census Tract 679, Queens County, New York",Queens,4303,503,2258,393,1429,372,136,91,7,13,614,216,0,14,8,13,64,78,0,14,64,78,2045,451,101,112,89,81,9,18,19,26,0,14,1029,460,798,285,744,283,54,59
1400000US36081068000,"Census Tract 680, Queens County, New York",Queens,5594,764,4754,747,48,53,4544,728,0,19,122,132,0,19,0,19,40,46,40,46,0,19,840,617,0,19,159,146,0,19,0,19,0,19,362,390,319,458,319,458,0,19
1400000US36081068200,"Census Tract 682, Queens County, New York",Queens,1091,209,980,216,0,14,880,207,0,14,21,30,0,14,72,92,7,11,7,11,0,14,111,87,9,15,28,39,0,14,0,14,0,14,74,72,0,14,0,14,0,14
1400000US36081068300,"Census Tract 683, Queens County, New York",Queens,4059,472,2958,537,303,161,236,207,0,14,2360,516,0,14,0,14,59,67,42,61,17,28,1101,334,265,177,23,24,8,13,9,13,0,14,370,214,426,244,410,245,16,23
1400000US36081068700,"Census Tract 687, Queens County, New York",Queens,4405,664,3406,684,1199,330,68,79,0,14,1762,592,0,14,17,27,360,281,10,16,350,281,999,367,258,254,0,14,0,14,0,14,0,14,367,174,374,190,314,186,60,46
1400000US36081069000,"Census Tract 690, Queens County, New York",Queens,3756,855,3489,870,111,121,3181,824,0,14,14,27,0,14,18,30,165,210,35,43,130,205,267,190,0,14,0,14,0,14,17,31,0,14,181,135,69,107,69,107,0,14
1400000US36081069300,"Census Tract 693, Queens County, New York",Queens,2902,596,1459,235,703,217,41,59,0,14,602,237,0,14,56,74,57,76,0,14,57,76,1443,586,0,14,0,14,0,14,0,14,0,14,976,457,467,497,398,482,69,113
1400000US36081069400,"Census Tract 694, Queens County, New York",Queens,4091,603,3882,625,271,246,3263,588,0,14,79,88,0,14,0,14,269,188,173,170,96,84,209,178,0,14,0,14,0,14,0,14,0,14,137,167,72,57,72,57,0,14
1400000US36081069500,"Census Tract 695, Queens County, New York",Queens,2363,382,2078,384,927,294,89,128,0,14,910,286,0,14,8,12,144,178,0,14,144,178,285,110,7,11,9,14,0,14,9,14,0,14,37,41,223,105,192,110,31,46
1400000US36081069701,"Census Tract 697.01, Queens County, New York",Queens,4054,476,3228,355,1312,320,112,102,0,14,1312,294,0,14,70,85,422,489,9,14,413,488,826,372,86,73,32,48,32,51,0,14,0,14,390,263,286,320,286,320,0,14
1400000US36081069702,"Census Tract 697.02, Queens County, New York",Queens,4269,719,3610,654,1577,570,4,6,0,14,1652,393,53,83,0,14,324,246,46,60,278,266,659,264,146,98,131,208,0,14,0,14,0,14,149,167,233,122,194,149,39,33
1400000US36081070300,"Census Tract 703, Queens County, New York",Queens,2324,353,1658,340,739,275,7,11,0,14,615,278,0,14,51,84,246,221,142,199,104,94,666,232,34,30,0,14,0,14,0,14,0,14,394,228,238,128,188,112,50,78
1400000US36081070700,"Census Tract 707, Queens County, New York",Queens,2504,329,2250,314,1377,319,19,19,0,14,788,157,0,14,1,2,65,53,28,40,37,40,254,118,48,44,0,14,7,11,0,14,0,14,33,44,166,91,150,89,16,19
1400000US36081070900,"Census Tract 709, Queens County, New York",Queens,2765,541,2276,377,1065,262,22,34,0,14,908,252,0,14,18,22,263,182,30,29,233,180,489,311,59,77,22,19,11,17,0,14,0,14,153,169,244,231,87,58,157,217
1400000US36081071100,"Census Tract 711, Queens County, New York",Queens,5759,575,4976,603,2451,486,165,118,0,19,2077,507,0,19,15,24,268,175,73,59,195,166,783,272,205,163,19,32,0,19,0,19,0,19,316,242,243,141,195,124,48,61
1400000US36081071303,"Census Tract 713.03, Queens County, New York",Queens,5303,815,4159,831,2679,722,87,99,0,19,1254,366,0,19,35,56,104,118,44,69,60,98,1144,367,185,185,62,101,0,19,0,19,0,19,314,212,583,309,536,314,47,61
1400000US36081071304,"Census Tract 713.04, Queens County, New York",Queens,6352,691,5539,763,3287,711,79,136,34,49,1865,484,0,19,52,61,222,184,16,26,206,182,813,345,142,101,0,19,27,43,0,19,0,19,354,255,290,196,237,179,53,80
1400000US36081071305,"Census Tract 713.05, Queens County, New York",Queens,6007,1179,4468,868,3127,904,110,112,19,31,1094,304,0,19,0,19,118,81,18,30,100,73,1539,879,181,107,0,19,0,19,16,28,0,19,720,839,622,361,557,371,65,79
1400000US36081071306,"Census Tract 713.06, Queens County, New York",Queens,7192,1213,5384,908,2161,560,1172,835,0,19,1474,447,0,19,148,245,429,315,45,55,384,300,1808,798,31,50,0,19,14,23,0,19,0,19,1207,499,556,658,542,658,14,21
1400000US36081071600,"Census Tract 716, Queens County, New York",Queens,0,14,0,14,0,14,0,14,0,14,0,14,0,14,0,14,0,14,0,14,0,14,0,14,0,14,0,14,0,14,0,14,0,14,0,14,0,14,0,14,0,14
1400000US36081071701,"Census Tract 717.01, Queens County, New York",Queens,4979,1017,4313,1027,2514,1039,138,104,0,14,1289,361,0,14,48,66,324,226,0,14,324,226,666,119,120,151,21,34,9,13,0,14,0,14,309,224,207,150,136,138,71,37
1400000US36081071702,"Census Tract 717.02, Queens County, New York",Queens,4448,500,3906,499,1446,473,325,305,0,14,1756,314,0,14,174,219,205,186,0,14,205,186,542,232,25,37,12,19,0,14,0,14,0,14,282,194,223,142,154,90,69,110
1400000US36081071900,"Census Tract 719, Queens County, New York",Queens,3299,559,2206,415,1100,391,110,87,0,14,925,209,0,14,0,14,71,76,0,14,71,76,1093,593,86,80,5,9,12,19,0,14,0,14,886,598,104,86,93,79,11,17
1400000US36081072100,"Census Tract 721, Queens County, New York",Queens,5595,958,4900,914,2381,787,63,63,0,19,2225,791,0,19,24,42,207,217,40,46,167,213,695,375,209,124,0,19,0,19,86,136,0,19,244,281,156,122,156,122,0,19
1400000US36081072300,"Census Tract 723, Queens County, New York",Queens,2270,331,1916,395,965,198,61,45,0,14,687,289,0,14,0,14,203,106,43,41,160,100,354,157,22,29,16,23,0,14,0,14,0,14,11,12,305,154,189,98,116,123
1400000US36081072900,"Census Tract 729, Queens County, New York",Queens,1406,258,1255,233,603,149,23,29,0,14,545,187,0,14,39,53,45,43,10,16,35,38,151,85,17,25,1,3,0,14,0,14,0,14,77,63,56,70,27,40,29,43
1400000US36081073100,"Census Tract 731, Queens County, New York",Queens,1724,267,1506,272,943,255,0,14,7,12,410,128,0,14,56,58,90,52,13,16,77,49,218,102,39,38,0,14,0,14,0,14,0,14,97,91,82,52,73,48,9,13
1400000US36081073700,"Census Tract 737, Queens County, New York",Queens,2088,311,1775,341,1225,276,47,45,0,14,403,160,0,14,72,101,28,27,0,14,28,27,313,187,38,32,0,14,22,33,0,14,0,14,30,27,223,186,194,185,29,36
1400000US36081073900,"Census Tract 739, Queens County, New York",Queens,5420,638,4855,714,2369,561,63,53,0,19,1654,467,0,19,82,81,687,360,32,38,655,361,565,318,132,120,6,16,0,19,20,33,0,19,111,111,296,199,296,199,0,19
1400000US36081074100,"Census Tract 741, Queens County, New York",Queens,3102,491,2250,328,1197,249,163,163,26,37,742,190,0,14,14,19,108,67,10,16,98,70,852,351,100,94,115,167,0,14,0,14,0,14,288,179,349,188,265,166,84,62
1400000US36081074300,"Census Tract 743, Queens County, New York",Queens,3953,775,3559,771,1788,744,264,271,0,14,1367,363,0,14,0,14,140,150,0,14,140,150,394,190,15,20,96,129,36,62,0,14,0,14,112,130,135,111,122,111,13,19
1400000US36081074500,"Census Tract 745, Queens County, New York",Queens,4275,749,3355,812,1250,435,777,449,0,14,742,322,0,14,31,30,555,506,0,14,555,506,920,369,296,231,65,78,25,29,0,14,0,14,403,289,131,93,131,93,0,14
1400000US36081074700,"Census Tract 747, Queens County, New York",Queens,3681,578,2601,416,694,242,90,88,0,14,1401,480,0,14,306,186,110,141,18,31,92,141,1080,411,21,24,0,14,0,14,0,14,0,14,732,384,327,228,307,226,20,23
1400000US36081074900,"Census Tract 749, Queens County, New York",Queens,1620,247,1409,262,652,180,16,27,0,14,609,227,0,14,0,14,132,74,25,32,107,67,211,159,70,100,0,14,0,14,0,14,0,14,0,14,141,112,122,107,19,30
1400000US36081075701,"Census Tract 757.01, Queens County, New York",Queens,5031,757,4011,776,1848,385,220,164,0,19,1562,751,0,19,132,108,249,147,39,61,210,145,1020,375,515,300,0,19,62,90,0,19,0,19,156,134,287,136,245,135,42,50
1400000US36081075702,"Census Tract 757.02, Queens County, New York",Queens,5237,1033,4563,1088,2784,1041,159,83,0,19,1489,400,0,19,28,44,103,91,55,59,48,73,674,423,27,42,0,19,0,19,0,19,0,19,510,405,137,100,137,100,0,19
1400000US36081076901,"Census Tract 769.01, Queens County, New York",Queens,5452,802,4498,865,3045,947,127,86,0,19,1156,531,0,19,8,14,162,129,60,76,102,102,954,488,316,201,0,19,15,23,44,91,0,19,147,121,432,330,415,331,17,26
1400000US36081076902,"Census Tract 769.02, Queens County, New York",Queens,1570,336,1240,339,476,145,1,3,0,14,374,131,0,14,20,20,369,358,0,14,369,358,330,135,100,96,0,14,0,14,0,14,0,14,102,91,128,124,128,124,0,14
1400000US36081077300,"Census Tract 773, Queens County, New York",Queens,2203,277,1718,256,1060,229,103,83,0,14,454,153,0,14,0,14,101,77,10,19,91,73,485,182,87,89,0,14,0,14,32,50,0,14,110,84,256,156,231,152,25,27
1400000US36081077500,"Census Tract 775, Queens County, New York",Queens,2144,367,1843,359,1174,303,74,51,0,14,287,163,0,14,192,115,116,104,9,14,107,103,301,120,63,64,40,46,0,14,0,14,0,14,104,95,94,72,76,67,18,29
1400000US36081077902,"Census Tract 779.02, Queens County, New York",Queens,5643,1071,5068,1078,3793,909,33,28,0,19,741,401,0,19,402,265,99,113,0,19,99,113,575,432,329,375,144,232,0,19,0,19,0,19,92,147,10,16,10,16,0,19
1400000US36081077903,"Census Tract 779.03, Queens County, New York",Queens,3410,757,2658,769,1476,614,94,54,0,14,983,525,0,14,60,73,45,68,0,14,45,68,752,508,5,9,29,37,0,14,0,14,0,14,619,509,99,100,63,83,36,61
1400000US36081077904,"Census Tract 779.04, Queens County, New York",Queens,5096,1237,4081,1327,2135,1109,39,65,370,403,1019,324,0,19,96,141,422,214,0,19,422,214,1015,433,69,80,8,20,0,19,13,20,0,19,442,322,483,358,438,357,45,50
1400000US36081077905,"Census Tract 779.05, Queens County, New York",Queens,3284,740,2656,644,899,288,580,259,0,14,744,405,0,14,94,106,339,369,53,49,286,366,628,281,64,64,0,14,0,14,0,14,0,14,227,139,337,217,326,217,11,18
1400000US36081077906,"Census Tract 779.06, Queens County, New York",Queens,3946,656,3529,694,2250,691,185,210,0,14,898,275,19,45,58,70,119,154,8,13,111,153,417,304,12,20,10,15,12,19,0,14,0,14,156,118,227,287,227,287,0,14
1400000US36081077907,"Census Tract 779.07, Queens County, New York",Queens,3294,586,2637,575,1994,562,176,82,35,51,283,172,0,14,47,55,102,60,20,15,82,60,657,478,93,79,0,14,0,14,0,14,0,14,423,465,141,122,141,122,0,14
1400000US36081077908,"Census Tract 779.08, Queens County, New York",Queens,3061,419,1883,354,796,326,567,244,0,14,412,228,0,14,0,14,108,99,0,14,108,99,1178,440,46,43,319,310,14,24,12,18,0,14,569,369,218,136,142,96,76,87
1400000US36081078800,"Census Tract 788, Queens County, New York",Queens,2183,459,2004,491,0,14,1110,383,0,14,60,50,0,14,567,312,267,311,267,311,0,14,179,138,0,14,8,12,0,14,0,14,0,14,171,138,0,14,0,14,0,14
1400000US36081079000,"Census Tract 790, Queens County, New York",Queens,3137,463,2732,482,38,36,1648,449,11,19,232,126,0,14,621,419,182,131,156,126,26,26,405,233,34,47,8,13,0,14,0,14,0,14,280,195,83,59,83,59,0,14
1400000US36081079200,"Census Tract 792, Queens County, New York",Queens,2732,428,2147,380,0,14,1698,413,0,14,208,140,0,14,107,79,134,102,42,46,92,94,585,255,0,14,54,65,0,14,0,14,0,14,343,198,188,182,188,182,0,14
1400000US36081079300,"Census Tract 793, Queens County, New York",Queens,0,14,0,14,0,14,0,14,0,14,0,14,0,14,0,14,0,14,0,14,0,14,0,14,0,14,0,14,0,14,0,14,0,14,0,14,0,14,0,14,0,14
1400000US36081079701,"Census Tract 797.01, Queens County, New York",Queens,6565,1140,6476,1117,244,144,200,223,0,19,5930,1189,8,17,0,19,94,112,0,19,94,112,89,100,0,19,0,19,0,19,0,19,0,19,65,98,24,32,24,32,0,19
1400000US36081079702,"Census Tract 797.02, Queens County, New York",Queens,3627,638,3349,641,54,40,34,35,0,14,3122,649,70,108,0,14,69,63,29,45,40,45,278,167,33,53,0,14,68,108,9,16,0,14,63,57,105,92,83,91,22,32
1400000US36081079900,"Census Tract 799, Queens County, New York",Queens,3151,726,2489,633,376,199,1,3,0,14,1981,598,0,14,0,14,131,130,20,31,111,125,662,467,142,110,0,14,0,14,0,14,0,14,77,128,443,461,443,461,0,14
1400000US36081080301,"Census Tract 803.01, Queens County, New York",Queens,3964,842,2928,769,464,205,34,54,0,14,2377,784,0,14,53,75,0,14,0,14,0,14,1036,486,0,14,0,14,0,14,0,14,0,14,657,447,379,336,379,336,0,14
1400000US36081080302,"Census Tract 803.02, Queens County, New York",Queens,3616,773,3067,777,917,431,41,59,0,14,2089,768,0,14,0,14,20,30,0,14,20,30,549,449,0,14,0,14,0,14,0,14,0,14,514,447,35,41,35,41,0,14
1400000US36081080900,"Census Tract 809, Queens County, New York",Queens,7864,1044,6398,982,3826,918,298,236,26,43,1989,508,0,19,27,44,232,222,151,204,81,110,1466,607,446,462,0,19,0,19,60,98,0,19,435,434,525,327,427,251,98,135
1400000US36081081400,"Census Tract 814, Queens County, New York",Queens,3997,857,3087,696,202,268,1363,517,0,14,874,427,0,14,79,119,569,378,239,153,330,365,910,583,27,48,0,14,0,14,0,14,0,14,784,603,99,108,99,108,0,14
1400000US36081081800,"Census Tract 818, Queens County, New York",Queens,3739,707,3311,691,77,78,1390,418,89,113,1175,567,0,14,162,132,418,185,179,176,239,53,428,295,22,36,0,14,0,14,0,14,0,14,346,295,60,79,59,80,1,4
1400000US36081083700,"Census Tract 837, Queens County, New York",Queens,5254,821,4671,830,722,329,30,44,22,35,3861,786,0,19,0,19,36,43,0,19,36,43,583,327,164,248,0,19,0,19,25,38,0,19,262,219,132,87,127,86,5,9
1400000US36081083800,"Census Tract 838, Queens County, New York",Queens,5291,790,4107,773,596,361,591,292,87,136,1548,619,0,19,565,329,720,467,645,458,75,99,1184,378,37,61,0,19,64,106,0,19,0,19,772,328,311,219,262,208,49,75
1400000US36081084000,"Census Tract 840, Queens County, New York",Queens,6942,986,5237,951,680,515,513,350,167,191,2590,809,0,19,701,401,586,446,496,436,90,106,1705,673,81,58,61,71,0,19,0,19,0,19,529,297,1034,595,973,595,61,4
1400000US36081084500,"Census Tract 845, Queens County, New York",Queens,4460,807,3133,489,250,189,295,230,0,14,2491,446,0,14,97,150,0,14,0,14,0,14,1327,824,100,101,0,14,0,14,0,14,0,14,1182,831,45,56,25,41,20,33
1400000US36081084601,"Census Tract 846.01, Queens County, New York",Queens,2687,420,1975,257,287,135,273,147,142,146,784,207,0,14,141,96,348,196,284,193,64,56,712,349,50,68,0,14,0,14,10,15,0,14,62,64,590,343,590,343,0,14
1400000US36081084602,"Census Tract 846.02, Queens County, New York",Queens,1600,497,878,289,172,153,371,183,7,12,239,210,0,14,41,62,48,55,7,18,41,53,722,475,111,233,82,67,0,14,0,14,0,14,97,87,432,432,432,432,0,14
1400000US36081084901,"Census Tract 849.01, Queens County, New York",Queens,3038,751,2626,851,35,39,38,60,0,14,2489,848,0,14,0,14,64,65,16,25,48,59,412,285,38,61,0,14,0,14,0,14,0,14,289,261,85,96,38,66,47,54
1400000US36081084902,"Census Tract 849.02, Queens County, New York",Queens,3774,805,3417,779,113,105,123,115,0,14,3181,780,0,14,0,14,0,14,0,14,0,14,357,249,122,109,0,14,77,93,0,14,0,14,126,117,32,51,32,51,0,14
1400000US36081085300,"Census Tract 853, Queens County, New York",Queens,4828,668,3985,612,253,226,86,141,0,14,3590,695,0,14,0,14,56,89,0,14,56,89,843,459,0,14,0,14,0,14,0,14,0,14,513,340,330,319,138,191,192,238
1400000US36081085500,"Census Tract 855, Queens County, New York",Queens,5807,1195,4799,1191,298,246,200,176,0,19,4235,1152,0,19,0,19,66,77,0,19,66,77,1008,422,75,72,0,19,142,180,31,50,0,19,397,245,363,261,363,261,0,19
1400000US36081085700,"Census Tract 857, Queens County, New York",Queens,5814,852,4786,914,454,262,141,90,0,19,3918,894,0,19,126,191,147,199,123,196,24,43,1028,512,16,29,0,19,0,19,0,19,0,19,845,473,167,186,163,180,4,25
1400000US36081085900,"Census Tract 859, Queens County, New York",Queens,5586,929,4873,902,624,306,23,37,0,19,4226,864,0,19,0,19,0,19,0,19,0,19,713,457,98,60,0,19,0,19,0,19,0,19,213,243,402,416,402,416,0,19
1400000US36081086100,"Census Tract 861, Queens County, New York",Queens,2007,399,1710,368,88,54,87,98,0,14,1535,370,0,14,0,14,0,14,0,14,0,14,297,169,0,14,0,14,0,14,0,14,0,14,165,139,132,91,71,57,61,74
1400000US36081086300,"Census Tract 863, Queens County, New York",Queens,7479,1484,5842,1274,455,331,6,83,0,19,5221,1396,0,19,160,255,0,19,0,19,0,19,1637,947,107,133,3,8,0,19,26,40,0,19,930,739,571,606,571,606,0,19
1400000US36081086400,"Census Tract 864, Queens County, New York",Queens,2884,389,1474,351,316,109,293,192,0,14,501,161,0,14,292,293,72,78,0,14,72,78,1410,408,93,83,13,13,14,15,17,25,0,14,864,374,409,220,394,210,15,25
1400000US36081086500,"Census Tract 865, Queens County, New York",Queens,4679,642,4132,632,473,308,22,26,0,14,3444,625,0,14,125,119,68,91,0,14,68,91,547,295,13,26,0,14,0,14,0,14,0,14,270,240,264,169,264,169,0,14
1400000US36081086900,"Census Tract 869, Queens County, New York",Queens,1980,355,1645,349,100,107,25,39,0,14,1520,342,0,14,0,14,0,14,0,14,0,14,335,217,94,153,0,14,0,14,0,14,0,14,108,104,133,69,133,69,0,14
1400000US36081087100,"Census Tract 871, Queens County, New York",Queens,5400,545,4755,589,240,201,575,387,8,15,3888,603,0,19,0,19,44,56,13,36,31,47,645,342,0,19,25,21,25,41,0,19,0,19,381,254,214,207,138,114,76,113
1400000US36081088400,"Census Tract 884, Queens County, New York",Queens,8995,1340,7242,1291,6272,1269,565,527,0,19,201,184,0,19,41,67,163,202,0,19,163,202,1753,743,266,204,2,4,4,11,0,19,0,19,733,515,748,554,552,495,196,248
1400000US36081088902,"Census Tract 889.02, Queens County, New York",Queens,6357,866,4699,679,985,479,265,205,0,19,3324,437,0,19,0,19,125,188,0,19,125,188,1658,697,316,249,19,35,0,19,0,19,0,19,465,270,858,686,727,656,131,150
1400000US36081088903,"Census Tract 889.03, Queens County, New York",Queens,4707,906,4302,877,542,185,65,18,62,97,3475,965,0,14,103,127,55,76,0,14,55,76,405,255,14,21,6,14,0,14,5,11,0,14,293,232,87,67,71,61,16,28
1400000US36081089201,"Census Tract 892.01, Queens County, New York",Queens,9116,1661,8172,1632,7505,1564,96,173,0,19,113,191,261,343,0,19,197,154,0,19,197,154,944,374,92,106,51,91,0,19,0,19,0,19,278,203,523,339,523,339,0,19
1400000US36081089202,"Census Tract 892.02, Queens County, New York",Queens,0,14,0,14,0,14,0,14,0,14,0,14,0,14,0,14,0,14,0,14,0,14,0,14,0,14,0,14,0,14,0,14,0,14,0,14,0,14,0,14,0,14
1400000US36081090700,"Census Tract 907, Queens County, New York",Queens,1533,283,1166,234,479,200,9,14,0,14,650,242,0,14,7,12,21,34,21,34,0,14,367,197,0,14,0,14,0,14,0,14,0,14,330,190,37,54,37,54,0,14
1400000US36081091602,"Census Tract 916.02, Queens County, New York",Queens,16,23,16,23,0,14,16,23,0,14,0,14,0,14,0,14,0,14,0,14,0,14,0,14,0,14,0,14,0,14,0,14,0,14,0,14,0,14,0,14,0,14
1400000US36081091603,"Census Tract 916.03, Queens County, New York",Queens,4413,868,4412,868,4294,865,0,14,0,14,26,28,0,14,0,14,92,72,35,53,57,50,1,2,0,14,0,14,0,14,0,14,0,14,0,14,1,2,1,2,0,14
1400000US36081091604,"Census Tract 916.04, Queens County, New York",Queens,0,14,0,14,0,14,0,14,0,14,0,14,0,14,0,14,0,14,0,14,0,14,0,14,0,14,0,14,0,14,0,14,0,14,0,14,0,14,0,14,0,14
1400000US36081091800,"Census Tract 918, Queens County, New York",Queens,8,12,8,12,8,12,0,14,0,14,0,14,0,14,0,14,0,14,0,14,0,14,0,14,0,14,0,14,0,14,0,14,0,14,0,14,0,14,0,14,0,14
1400000US36081091900,"Census Tract 919, Queens County, New York",Queens,5235,986,3540,628,1065,356,236,91,0,19,2221,616,0,19,0,19,18,23,5,10,13,21,1695,769,169,253,7,13,0,19,0,19,0,19,1191,684,328,207,304,194,24,35
1400000US36081092200,"Census Tract 922, Queens County, New York",Queens,2338,338,2207,345,2111,352,0,14,0,14,6,9,0,14,16,21,74,49,0,14,74,49,131,115,0,14,0,14,0,14,0,14,0,14,88,99,43,59,3,7,40,58
1400000US36081092500,"Census Tract 925, Queens County, New York",Queens,3799,771,2191,592,569,254,7,7,0,14,1574,605,0,14,0,14,41,45,15,28,26,33,1608,697,72,90,0,14,104,160,0,14,0,14,1307,639,125,100,111,94,14,23
1400000US36081092800,"Census Tract 928, Queens County, New York",Queens,3341,693,3235,693,3141,690,13,24,0,14,58,85,0,14,0,14,23,31,13,23,10,19,106,82,40,38,0,14,0,14,0,14,0,14,4,8,62,73,62,73,0,14
1400000US36081092900,"Census Tract 929, Queens County, New York",Queens,7003,1475,3857,852,1367,587,2,4,0,19,2340,782,0,19,90,148,58,92,0,19,58,92,3146,1251,63,79,0,19,0,19,16,27,0,19,1909,1134,1158,783,1079,781,79,112
1400000US36081093401,"Census Tract 934.01, Queens County, New York",Queens,4231,842,3638,484,3432,497,73,94,0,14,67,51,0,14,0,14,66,54,0,14,66,54,593,730,271,416,8,14,0,14,0,14,0,14,218,311,96,104,88,103,8,16
1400000US36081093402,"Census Tract 934.02, Queens County, New York",Queens,4165,846,3312,875,3072,878,193,118,0,14,26,29,0,14,0,14,21,31,0,14,21,31,853,419,224,173,0,14,0,14,0,14,0,14,253,157,376,315,328,308,48,75
1400000US36081093800,"Census Tract 938, Queens County, New York",Queens,5001,888,3706,696,3218,718,353,116,0,19,131,94,0,19,0,19,4,8,4,8,0,19,1295,694,212,218,4,16,0,19,23,37,0,19,281,379,775,565,633,453,142,159
1400000US36081093900,"Census Tract 939, Queens County, New York",Queens,5819,1251,3613,839,930,592,175,187,0,19,2470,532,0,19,0,19,38,46,0,19,38,46,2206,1076,71,90,0,19,21,33,0,19,0,19,1941,1121,173,157,148,151,25,42
1400000US36081094201,"Census Tract 942.01, Queens County, New York",Queens,3533,629,2800,481,1346,390,951,429,20,32,332,271,0,14,0,14,151,162,91,146,60,62,733,386,43,69,58,66,0,14,1,4,0,14,222,143,409,258,409,258,0,14
1400000US36081094202,"Census Tract 942.02, Queens County, New York",Queens,5623,751,4117,652,1115,312,2380,574,23,40,138,101,0,19,126,193,335,221,72,83,263,208,1506,592,211,320,148,185,72,117,0,19,0,19,356,165,719,430,704,428,15,25
1400000US36081094203,"Census Tract 942.03, Queens County, New York",Queens,5730,847,4393,670,3113,665,931,337,0,19,53,83,0,19,178,260,118,128,52,77,66,77,1337,451,317,244,0,19,0,19,0,19,0,19,380,308,640,320,519,302,121,108
1400000US36081094500,"Census Tract 945, Queens County, New York",Queens,3958,594,3045,573,1567,365,1,6,0,14,1431,458,0,14,0,14,46,77,46,77,0,14,913,429,78,61,0,14,0,14,0,14,0,14,321,269,514,335,428,308,86,127
1400000US36081094700,"Census Tract 947, Queens County, New York",Queens,2773,534,1397,226,477,151,103,114,0,14,817,226,0,14,0,14,0,14,0,14,0,14,1376,563,84,90,0,14,0,14,0,14,0,14,1048,526,244,223,244,223,0,14
1400000US36081095400,"Census Tract 954, Queens County, New York",Queens,7184,1217,5168,1103,927,526,3919,1078,0,19,133,103,0,19,0,19,189,137,54,54,135,114,2016,817,51,51,9,12,22,34,0,19,0,19,878,269,1056,800,1056,800,0,19
1400000US36081096400,"Census Tract 964, Queens County, New York",Queens,6865,878,5464,934,621,271,3210,835,0,19,959,327,0,19,0,19,674,338,547,270,127,156,1401,598,26,60,558,317,0,19,0,19,0,19,288,284,529,467,381,335,148,217
1400000US36081097202,"Census Tract 972.02, Queens County, New York",Queens,3479,817,3037,828,50,54,2961,822,0,14,26,41,0,14,0,14,0,14,0,14,0,14,442,221,0,14,11,16,0,14,0,14,0,14,246,166,185,180,84,86,101,155
1400000US36081097204,"Census Tract 972.04, Queens County, New York",Queens,4254,681,3044,552,198,71,2373,467,0,14,164,89,0,14,5,14,304,224,84,104,220,194,1210,573,39,46,197,215,0,14,0,14,0,14,270,209,704,359,578,322,126,119
1400000US36081097205,"Census Tract 972.05, Queens County, New York",Queens,3318,293,2086,366,41,53,1772,407,0,14,273,268,0,14,0,14,0,14,0,14,0,14,1232,257,459,405,235,261,179,217,0,14,0,14,181,227,178,112,162,104,16,26
1400000US36081097206,"Census Tract 972.06, Queens County, New York",Queens,2635,596,2253,627,62,81,1797,467,0,14,79,95,0,14,296,449,19,31,0,14,19,31,382,259,16,25,0,14,0,14,0,14,0,14,76,75,290,265,281,267,9,19
1400000US36081097207,"Census Tract 972.07, Queens County, New York",Queens,0,14,0,14,0,14,0,14,0,14,0,14,0,14,0,14,0,14,0,14,0,14,0,14,0,14,0,14,0,14,0,14,0,14,0,14,0,14,0,14,0,14
1400000US36081097300,"Census Tract 973, Queens County, New York",Queens,2116,338,1777,284,1484,332,17,25,0,14,260,129,0,14,0,14,16,15,8,11,8,10,339,150,101,128,0,14,24,21,21,33,0,14,50,36,143,73,143,73,0,14
1400000US36081098100,"Census Tract 981, Queens County, New York",Queens,2486,333,2066,349,1557,354,0,14,0,14,482,217,0,14,0,14,27,26,18,19,9,18,420,167,69,43,0,14,0,14,0,14,0,14,226,140,125,88,125,88,0,14
1400000US36081098700,"Census Tract 987, Queens County, New York",Queens,2591,353,2382,346,2004,332,6,10,0,14,349,171,0,14,0,14,23,24,0,14,23,24,209,106,9,13,47,67,14,22,7,11,0,14,71,63,61,64,61,64,0,14
1400000US36081099100,"Census Tract 991, Queens County, New York",Queens,7613,1355,6197,1122,5092,972,0,19,0,19,999,606,0,19,106,171,0,19,0,19,0,19,1416,846,66,79,0,19,0,19,0,19,0,19,827,768,523,343,503,340,20,33
1400000US36081099200,"Census Tract 992, Queens County, New York",Queens,4359,696,2802,558,642,389,1675,475,0,14,186,152,0,14,0,14,299,264,162,224,137,140,1557,426,463,223,197,240,83,153,0,14,0,14,450,279,364,219,364,219,0,14
1400000US36081099701,"Census Tract 997.01, Queens County, New York",Queens,2507,456,2345,438,1453,332,0,14,34,54,676,211,0,14,0,14,182,212,0,14,182,212,162,125,57,86,0,14,11,17,0,14,0,14,0,14,94,84,94,84,0,14
1400000US36081099703,"Census Tract 997.03, Queens County, New York",Queens,3931,501,3477,550,2093,377,126,110,0,14,1157,371,0,14,46,48,55,79,0,14,55,79,454,181,80,81,0,14,0,14,40,39,0,14,100,89,234,123,234,123,0,14
1400000US36081099704,"Census Tract 997.04, Queens County, New York",Queens,7118,1516,6247,1519,4236,1510,143,121,0,19,1617,326,0,19,116,129,135,103,69,66,66,81,871,317,134,107,0,19,39,54,0,19,0,19,285,225,413,199,314,199,99,110
1400000US36081099705,"Census Tract 997.05, Queens County, New York",Queens,2813,624,2129,493,762,370,13,21,0,14,1177,353,0,14,124,179,53,50,12,20,41,46,684,346,215,92,26,44,92,146,23,32,0,14,123,144,205,178,191,171,14,22
1400000US36081099801,"Census Tract 998.01, Queens County, New York",Queens,9023,1782,6643,1208,243,88,4812,1052,197,271,399,387,0,19,350,284,642,586,458,544,184,192,2380,1320,106,138,151,136,0,19,0,19,0,19,1334,1300,789,410,734,408,55,83
1400000US36081099802,"Census Tract 998.02, Queens County, New York",Queens,5375,958,4054,964,668,240,2789,996,0,19,319,240,0,19,0,19,278,287,242,284,36,41,1321,508,50,59,305,302,0,19,0,19,0,19,605,213,361,349,361,349,0,19
1400000US36081099900,"Census Tract 999, Queens County, New York",Queens,0,14,0,14,0,14,0,14,0,14,0,14,0,14,0,14,0,14,0,14,0,14,0,14,0,14,0,14,0,14,0,14,0,14,0,14,0,14,0,14,0,14
1400000US36081100801,"Census Tract 1008.01, Queens County, New York",Queens,2911,787,2439,831,787,367,1205,706,0,14,98,101,0,14,119,130,230,204,204,200,26,43,472,520,46,56,51,49,0,14,0,14,0,14,28,30,347,525,347,525,0,14
1400000US36081100803,"Census Tract 1008.03, Queens County, New York",Queens,4732,845,2752,649,254,196,2034,641,0,14,41,40,0,14,0,14,423,266,90,145,333,235,1980,903,68,66,60,68,0,14,0,14,0,14,1125,788,727,355,703,344,24,38
1400000US36081100804,"Census Tract 1008.04, Queens County, New York",Queens,5308,1011,4803,1040,1740,971,2770,787,0,19,24,31,0,19,0,19,269,179,246,189,23,35,505,324,47,93,146,165,0,19,0,19,0,19,178,245,134,183,134,183,0,19
1400000US36081101002,"Census Tract 1010.02, Queens County, New York",Queens,6112,1328,5620,1263,4465,728,350,184,0,19,794,1161,0,19,0,19,11,20,0,19,11,20,492,279,99,128,72,101,0,19,0,19,0,19,174,231,147,157,147,157,0,19
1400000US36081101003,"Census Tract 1010.03, Queens County, New York",Queens,4533,911,3406,907,2332,1051,665,221,0,14,185,246,0,14,45,69,179,209,12,21,167,207,1127,527,24,37,12,23,0,14,0,14,0,14,960,545,131,92,131,92,0,14
1400000US36081101004,"Census Tract 1010.04, Queens County, New York",Queens,6314,989,4879,974,2052,714,2389,581,0,19,329,342,0,19,26,42,83,52,11,16,72,52,1435,600,348,318,21,21,57,116,0,19,0,19,508,425,501,245,495,244,6,12
1400000US36081101700,"Census Tract 1017, Queens County, New York",Queens,6826,971,6015,851,3059,524,4,5,607,620,1907,702,181,240,55,92,202,221,0,19,202,221,811,702,440,562,0,19,0,19,0,19,0,19,0,19,371,420,371,420,0,19
1400000US36081102900,"Census Tract 1029, Queens County, New York",Queens,3814,588,3145,606,2022,495,29,20,0,14,895,276,0,14,129,198,70,111,10,16,60,109,669,321,108,152,0,14,0,14,0,14,0,14,155,163,406,203,406,203,0,14
1400000US36081103201,"Census Tract 1032.01, Queens County, New York",Queens,6296,947,3146,1072,144,131,2270,1058,0,19,157,135,0,19,278,329,297,283,238,282,59,68,3150,923,0,19,0,19,0,19,0,19,0,19,1474,577,1676,824,1611,816,65,96
1400000US36081103202,"Census Tract 1032.02, Queens County, New York",Queens,7864,1510,5472,1481,3295,1416,1745,594,0,19,17,24,0,19,218,210,197,186,0,19,197,186,2392,945,60,99,547,414,0,19,0,19,0,19,587,581,1198,792,1169,790,29,44
1400000US36081103300,"Census Tract 1033, Queens County, New York",Queens,4387,643,4060,656,1981,367,9,15,0,14,1748,603,0,14,0,14,322,221,0,14,322,221,327,252,53,56,0,14,0,14,0,14,0,14,244,242,30,29,30,29,0,14
1400000US36081103900,"Census Tract 1039, Queens County, New York",Queens,6540,1055,5024,958,2119,565,0,19,0,19,2515,873,0,19,149,162,241,246,191,277,50,64,1516,678,35,42,0,19,0,19,0,19,0,19,836,511,645,489,645,489,0,19
1400000US36081104700,"Census Tract 1047, Queens County, New York",Queens,6679,1379,5602,957,2089,741,24,32,0,19,3467,567,0,19,0,19,22,31,2,4,20,31,1077,1050,74,114,0,19,0,19,0,19,0,19,880,1057,123,81,123,81,0,19
1400000US36081105900,"Census Tract 1059, Queens County, New York",Queens,3641,833,3391,855,1776,780,8,13,0,14,1408,555,0,14,0,14,199,194,78,113,121,157,250,182,91,124,0,14,0,14,0,14,0,14,50,77,109,99,57,53,52,81
1400000US36081107201,"Census Tract 1072.01, Queens County, New York",Queens,2294,426,2122,416,2012,424,48,55,0,14,30,33,0,14,0,14,32,42,7,13,25,40,172,102,93,78,0,14,0,14,0,14,0,14,43,38,36,40,36,40,0,14
1400000US36081107202,"Census Tract 1072.02, Queens County, New York",Queens,0,14,0,14,0,14,0,14,0,14,0,14,0,14,0,14,0,14,0,14,0,14,0,14,0,14,0,14,0,14,0,14,0,14,0,14,0,14,0,14,0,14
1400000US36081108500,"Census Tract 1085, Queens County, New York",Queens,2795,404,2430,412,1331,414,14,14,20,32,1014,193,0,14,16,25,35,33,20,24,15,21,365,242,52,64,0,14,0,14,0,14,0,14,28,35,285,230,285,230,0,14
1400000US36081109300,"Census Tract 1093, Queens County, New York",Queens,2899,594,2676,590,1429,560,37,14,0,14,1153,308,0,14,0,14,57,54,0,14,57,54,223,199,30,37,0,14,0,14,0,14,0,14,49,75,144,174,144,174,0,14
1400000US36081109700,"Census Tract 1097, Queens County, New York",Queens,1900,272,1736,273,924,211,1,4,0,14,769,198,18,30,24,37,0,14,0,14,0,14,164,85,35,28,11,16,0,14,0,14,0,14,25,21,93,81,86,78,7,11
1400000US36081109900,"Census Tract 1099, Queens County, New York",Queens,3398,623,2814,659,1302,606,8,6,9,14,1098,355,0,14,289,223,108,100,8,13,100,97,584,250,14,20,0,14,5,8,0,14,0,14,420,233,145,131,118,127,27,30
1400000US36081111300,"Census Tract 1113, Queens County, New York",Queens,2714,394,2185,357,837,325,63,52,9,16,1162,246,0,14,15,19,99,72,64,64,35,31,529,284,38,50,36,44,21,35,0,14,0,14,131,110,303,258,195,150,108,155
1400000US36081112300,"Census Tract 1123, Queens County, New York",Queens,2341,363,1663,260,651,182,41,41,0,14,861,186,0,14,0,14,110,90,0,14,110,90,678,310,294,155,6,10,0,14,0,14,0,14,287,243,91,90,91,90,0,14
1400000US36081112900,"Census Tract 1129, Queens County, New York",Queens,2204,427,1679,208,803,144,7,9,0,14,812,191,0,14,42,49,15,17,0,14,15,17,525,424,45,47,9,15,0,14,0,14,0,14,46,42,425,422,416,422,9,14
1400000US36081113300,"Census Tract 1133, Queens County, New York",Queens,1428,279,1255,294,622,175,0,14,0,14,633,274,0,14,0,14,0,14,0,14,0,14,173,117,48,54,0,14,11,18,0,14,0,14,98,88,16,30,16,30,0,14
1400000US36081113900,"Census Tract 1139, Queens County, New York",Queens,4051,540,3429,564,1525,429,45,60,0,14,1616,491,0,14,10,16,233,241,120,172,113,147,622,346,47,59,13,22,26,41,0,14,0,14,381,334,155,137,155,137,0,14
1400000US36081114100,"Census Tract 1141, Queens County, New York",Queens,2458,373,2198,336,1290,376,0,14,6,9,865,210,0,14,17,28,20,21,0,14,20,21,260,142,138,126,0,14,0,14,0,14,0,14,28,39,94,59,83,57,11,19
1400000US36081114700,"Census Tract 1147, Queens County, New York",Queens,1854,332,1730,303,860,280,0,14,9,15,801,155,0,14,7,11,53,45,17,20,36,30,124,142,16,22,0,14,0,14,0,14,0,14,102,139,6,9,6,9,0,14
1400000US36081115100,"Census Tract 1151, Queens County, New York",Queens,982,159,774,178,248,92,0,14,0,14,521,156,0,14,0,14,5,7,0,14,5,7,208,85,0,14,0,14,16,23,0,14,0,14,160,69,32,46,32,46,0,14
1400000US36081115500,"Census Tract 1155, Queens County, New York",Queens,2189,391,1483,429,507,277,7,13,0,14,741,243,58,78,119,145,51,48,16,19,35,44,706,255,32,38,0,14,0,14,10,18,0,14,246,194,418,286,401,283,17,18
1400000US36081115700,"Census Tract 1157, Queens County, New York",Queens,3136,638,2781,560,605,394,142,171,0,14,1971,438,0,14,0,14,63,59,12,19,51,49,355,309,81,125,0,14,0,14,10,16,0,14,153,157,111,141,111,141,0,14
1400000US36081115900,"Census Tract 1159, Queens County, New York",Queens,3888,562,3577,594,438,207,181,162,10,16,2626,539,254,245,13,19,55,68,10,16,45,66,311,194,169,205,3,12,0,14,0,14,0,14,107,108,32,33,13,18,19,28
1400000US36081116100,"Census Tract 1161, Queens County, New York",Queens,3624,592,3146,619,230,113,167,95,0,14,2717,605,0,14,0,14,32,47,0,14,32,47,478,253,31,36,0,14,0,14,66,113,0,14,250,235,131,90,125,92,6,11
1400000US36081116301,"Census Tract 1163.01, Queens County, New York",Queens,4331,616,3561,630,372,167,235,136,0,14,2847,620,0,14,14,22,93,86,35,55,58,66,770,340,26,43,9,14,0,14,0,14,0,14,538,312,197,136,193,135,4,10
1400000US36081116302,"Census Tract 1163.02, Queens County, New York",Queens,3687,807,2771,798,275,262,116,97,0,14,2380,792,0,14,0,14,0,14,0,14,0,14,916,451,0,14,56,85,0,14,0,14,0,14,825,471,35,56,35,56,0,14
1400000US36081116700,"Census Tract 1167, Queens County, New York",Queens,1892,407,1471,284,130,88,23,23,0,14,1284,291,0,14,33,50,1,3,0,14,1,3,421,267,18,26,14,19,0,14,12,16,0,14,377,273,0,14,0,14,0,14
1400000US36081117100,"Census Tract 1171, Queens County, New York",Queens,2525,379,2163,352,322,153,40,64,0,14,1688,359,0,14,107,130,6,9,0,14,6,9,362,147,104,74,0,14,0,14,1,10,0,14,130,119,127,84,67,38,60,70
1400000US36081117500,"Census Tract 1175, Queens County, New York",Queens,4464,826,3646,864,693,204,62,85,0,14,2636,903,0,14,172,185,83,83,0,14,83,83,818,370,79,91,0,14,0,14,15,25,0,14,514,314,210,228,210,228,0,14
1400000US36081118100,"Census Tract 1181, Queens County, New York",Queens,1952,318,1536,229,557,208,36,32,0,14,854,204,0,14,0,14,89,84,74,82,15,23,416,248,160,222,0,14,0,14,0,14,0,14,93,54,163,64,155,63,8,12
1400000US36081118500,"Census Tract 1185, Queens County, New York",Queens,1999,354,1237,214,182,106,0,14,0,14,1003,193,0,14,6,10,46,59,30,45,16,22,762,360,99,78,42,45,0,14,0,14,0,14,419,277,202,176,202,176,0,14
1400000US36081118700,"Census Tract 1187, Queens County, New York",Queens,2507,451,2130,385,252,119,4,14,0,14,1795,367,0,14,61,95,18,20,0,14,18,20,377,246,28,31,0,14,0,14,0,14,0,14,349,241,0,14,0,14,0,14
1400000US36081118900,"Census Tract 1189, Queens County, New York",Queens,2100,504,1764,493,186,83,0,14,0,14,1555,516,0,14,0,14,23,39,0,14,23,39,336,235,21,32,0,14,0,14,0,14,0,14,237,182,78,81,78,81,0,14
1400000US36081119100,"Census Tract 1191, Queens County, New York",Queens,3222,611,2705,635,474,235,0,14,0,14,2209,629,0,14,0,14,22,37,0,14,22,37,517,178,37,50,0,14,148,170,0,14,0,14,313,164,19,36,19,36,0,14
1400000US36081119300,"Census Tract 1193, Queens County, New York",Queens,2534,558,1728,538,262,126,0,14,14,23,1173,346,0,14,32,40,247,360,247,360,0,14,806,387,20,29,0,14,0,14,0,14,0,14,352,292,434,306,434,306,0,14
1400000US36081119500,"Census Tract 1195, Queens County, New York",Queens,1363,309,972,181,225,75,2,4,0,14,740,173,0,14,0,14,5,7,0,14,5,7,391,297,7,21,0,14,0,14,0,14,0,14,283,282,101,82,101,82,0,14
1400000US36081119900,"Census Tract 1199, Queens County, New York",Queens,1681,304,1630,296,417,218,6,6,30,41,1157,332,0,14,0,14,20,25,0,14,20,25,51,45,7,11,0,14,0,14,0,14,0,14,32,42,12,15,12,15,0,14
1400000US36081120100,"Census Tract 1201, Queens County, New York",Queens,1546,355,1321,339,201,259,7,5,0,14,1076,257,0,14,0,14,37,59,0,14,37,59,225,138,58,53,0,14,0,14,0,14,0,14,125,126,42,38,42,38,0,14
1400000US36081120300,"Census Tract 1203, Queens County, New York",Queens,1551,282,1416,259,160,134,0,14,0,14,1248,270,0,14,0,14,8,13,0,14,8,13,135,101,0,14,1,3,0,14,0,14,0,14,79,71,55,68,55,68,0,14
1400000US36081120500,"Census Tract 1205, Queens County, New York",Queens,2669,531,2620,527,123,74,68,99,0,14,2308,539,0,14,108,145,13,15,0,14,13,15,49,56,0,14,1,2,0,14,0,14,0,14,0,14,48,56,48,56,0,14
1400000US36081120701,"Census Tract 1207.01, Queens County, New York",Queens,3132,706,2603,699,796,288,28,24,29,40,1687,675,0,14,0,14,63,51,17,22,46,46,529,162,27,24,0,14,32,39,0,14,0,14,296,131,174,127,174,127,0,14
1400000US36081120702,"Census Tract 1207.02, Queens County, New York",Queens,0,14,0,14,0,14,0,14,0,14,0,14,0,14,0,14,0,14,0,14,0,14,0,14,0,14,0,14,0,14,0,14,0,14,0,14,0,14,0,14,0,14
1400000US36081121100,"Census Tract 1211, Queens County, New York",Queens,0,14,0,14,0,14,0,14,0,14,0,14,0,14,0,14,0,14,0,14,0,14,0,14,0,14,0,14,0,14,0,14,0,14,0,14,0,14,0,14,0,14
1400000US36081121500,"Census Tract 1215, Queens County, New York",Queens,4420,707,3657,628,543,308,119,134,0,14,2519,577,0,14,238,212,238,178,83,82,155,122,763,345,22,36,21,34,11,22,0,14,0,14,96,92,613,294,460,236,153,199
1400000US36081122300,"Census Tract 1223, Queens County, New York",Queens,3166,676,2944,721,959,380,98,93,0,14,1886,644,0,14,0,14,1,2,0,14,1,2,222,164,75,117,0,14,0,14,0,14,0,14,126,115,21,24,21,24,0,14
1400000US36081122702,"Census Tract 1227.02, Queens County, New York",Queens,6209,940,4271,1045,1203,649,1766,535,0,19,1051,486,0,19,72,108,179,235,54,90,125,150,1938,769,0,19,34,58,0,19,0,19,0,19,991,683,913,397,827,395,86,94
1400000US36081122703,"Census Tract 1227.03, Queens County, New York",Queens,5896,774,3773,501,1420,354,884,293,102,164,1065,297,0,19,22,38,280,295,19,31,261,295,2123,667,0,19,69,113,0,19,0,19,0,19,830,348,1224,708,1224,708,0,19
1400000US36081122704,"Census Tract 1227.04, Queens County, New York",Queens,5015,1508,3331,673,1500,759,212,176,83,83,1406,465,0,19,0,19,130,129,0,19,130,129,1684,1354,35,57,0,19,15,30,0,19,0,19,399,430,1235,1381,1197,1389,38,79
1400000US36081124100,"Census Tract 1241, Queens County, New York",Queens,3822,579,3393,547,1239,468,278,229,0,14,1764,425,0,14,44,58,68,67,22,35,46,44,429,283,12,20,40,68,0,14,0,14,0,14,154,175,223,198,223,198,0,14
1400000US36081124700,"Census Tract 1247, Queens County, New York",Queens,3911,691,3902,694,1676,490,12,17,0,14,1966,549,0,14,14,21,234,329,0,14,234,329,9,15,0,14,0,14,0,14,0,14,0,14,0,14,9,15,9,15,0,14
1400000US36081125700,"Census Tract 1257, Queens County, New York",Queens,3162,571,1758,533,212,101,205,100,5,7,1026,297,0,14,8,13,302,404,23,37,279,419,1404,352,15,25,17,29,0,14,0,14,0,14,758,446,614,320,614,320,0,14
1400000US36081126500,"Census Tract 1265, Queens County, New York",Queens,2085,407,1689,339,459,287,62,53,0,14,1067,260,0,14,0,14,101,91,0,14,101,91,396,262,53,33,3,7,0,14,0,14,0,14,76,65,264,248,264,248,0,14
1400000US36081126700,"Census Tract 1267, Queens County, New York",Queens,4332,413,3072,407,1370,352,782,282,0,14,744,197,0,14,10,15,166,115,20,31,146,102,1260,277,229,133,160,94,0,14,14,21,0,14,303,207,554,182,490,168,64,54
1400000US36081127700,"Census Tract 1277, Queens County, New York",Queens,2980,574,2769,564,1644,677,190,283,37,79,474,161,0,14,14,24,410,288,0,14,410,288,211,178,79,144,0,14,23,34,0,14,0,14,94,108,15,20,15,20,0,14
1400000US36081128300,"Census Tract 1283, Queens County, New York",Queens,0,14,0,14,0,14,0,14,0,14,0,14,0,14,0,14,0,14,0,14,0,14,0,14,0,14,0,14,0,14,0,14,0,14,0,14,0,14,0,14,0,14
1400000US36081129102,"Census Tract 1291.02, Queens County, New York",Queens,3807,788,3495,826,2085,707,18,20,0,14,1191,303,0,14,0,14,201,241,32,43,169,217,312,327,0,14,0,14,0,14,0,14,0,14,12,23,300,326,269,282,31,54
1400000US36081129103,"Census Tract 1291.03, Queens County, New York",Queens,4179,833,3393,508,2256,552,41,60,0,14,962,181,0,14,81,75,53,64,17,27,36,58,786,611,35,36,0,14,0,14,0,14,0,14,261,158,490,504,443,491,47,76
1400000US36081129104,"Census Tract 1291.04, Queens County, New York",Queens,4192,471,3533,458,1320,220,152,168,0,14,1734,437,0,14,30,41,297,125,16,24,281,118,659,314,41,39,64,79,165,252,0,14,0,14,158,118,231,131,171,103,60,78
1400000US36081130100,"Census Tract 1301, Queens County, New York",Queens,4044,601,3039,744,495,193,869,653,0,14,1251,302,0,14,151,127,273,194,145,130,128,118,1005,371,28,31,145,168,0,14,21,32,0,14,145,94,666,383,666,383,0,14
1400000US36081133300,"Census Tract 1333, Queens County, New York",Queens,3886,779,3318,797,1641,592,48,56,0,14,1565,571,0,14,20,33,44,44,9,15,35,42,568,247,60,62,0,14,82,122,0,14,0,14,318,187,108,122,31,38,77,88
1400000US36081133900,"Census Tract 1339, Queens County, New York",Queens,1429,206,1309,212,681,180,5,6,0,14,539,173,0,14,84,90,0,14,0,14,0,14,120,82,39,56,0,14,0,14,0,14,0,14,17,27,64,59,64,59,0,14
1400000US36081134100,"Census Tract 1341, Queens County, New York",Queens,2857,554,2648,535,757,291,0,14,0,14,1891,524,0,14,0,14,0,14,0,14,0,14,209,195,68,74,0,14,0,14,0,14,0,14,141,178,0,14,0,14,0,14
1400000US36081134701,"Census Tract 1347.01, Queens County, New York",Queens,4809,633,3470,611,720,300,591,340,0,14,2096,491,0,14,0,14,63,79,0,14,63,79,1339,693,15,26,163,158,0,14,0,14,0,14,282,209,879,612,856,614,23,37
1400000US36081134702,"Census Tract 1347.02, Queens County, New York",Queens,4532,856,3952,888,579,220,763,384,0,14,2558,850,0,14,0,14,52,51,3,8,49,51,580,407,56,83,4,6,0,14,7,13,0,14,450,393,63,52,50,39,13,20
1400000US36081136700,"Census Tract 1367, Queens County, New York",Queens,5903,1043,5347,1015,1216,327,126,128,0,19,3893,990,0,19,15,23,97,131,0,19,97,131,556,225,19,30,0,19,46,107,0,19,0,19,280,228,211,140,211,140,0,19
1400000US36081137700,"Census Tract 1377, Queens County, New York",Queens,6759,1016,5749,801,1923,692,342,421,41,61,3401,858,0,19,15,24,27,44,0,19,27,44,1010,544,47,79,0,19,0,19,221,379,0,19,447,169,295,333,254,325,41,63
1400000US36081138501,"Census Tract 1385.01, Queens County, New York",Queens,4189,757,3475,727,955,375,0,14,65,93,2291,525,0,14,0,14,164,150,33,53,131,135,714,424,125,154,0,14,0,14,0,14,0,14,216,167,373,313,373,313,0,14
1400000US36081138502,"Census Tract 1385.02, Queens County, New York",Queens,92,5,81,13,75,14,1,4,0,14,5,8,0,14,0,14,0,14,0,14,0,14,11,11,0,14,2,4,0,14,0,14,0,14,2,7,7,8,7,8,0,14
1400000US36081139900,"Census Tract 1399, Queens County, New York",Queens,1547,315,1223,244,226,81,0,14,0,14,971,238,0,14,16,25,10,14,10,14,0,14,324,199,96,148,0,14,0,14,0,14,0,14,155,128,73,48,62,40,11,16
1400000US36081140300,"Census Tract 1403, Queens County, New York",Queens,2214,363,2133,364,461,219,0,14,28,42,1644,336,0,14,0,14,0,14,0,14,0,14,81,100,0,14,0,14,0,14,0,14,0,14,81,100,0,14,0,14,0,14
1400000US36081140901,"Census Tract 1409.01, Queens County, New York",Queens,930,526,618,147,181,93,1,3,0,14,427,137,0,14,5,7,4,6,0,14,4,6,312,506,0,14,0,14,0,14,0,14,0,14,309,506,3,5,3,5,0,14
1400000US36081140902,"Census Tract 1409.02, Queens County, New York",Queens,2505,295,2360,287,589,125,3,4,0,14,1749,291,0,14,0,14,19,30,19,30,0,14,145,119,51,79,0,14,0,14,0,14,0,14,17,26,77,91,76,92,1,3
1400000US36081141700,"Census Tract 1417, Queens County, New York",Queens,4300,730,3596,535,812,335,109,126,0,14,2563,426,0,14,21,25,91,64,21,25,70,69,704,327,26,39,0,14,58,73,0,14,0,14,416,218,204,254,194,252,10,17
1400000US36081142900,"Census Tract 1429, Queens County, New York",Queens,3678,535,3131,465,1234,376,0,14,0,14,1873,359,0,14,0,14,24,28,0,14,24,28,547,476,28,30,0,14,0,14,0,14,0,14,498,468,21,32,0,14,21,32
1400000US36081143500,"Census Tract 1435, Queens County, New York",Queens,2343,484,2223,477,649,159,19,28,12,17,1203,255,0,14,66,93,274,376,0,14,274,376,120,63,6,11,0,14,0,14,0,14,0,14,66,47,48,42,35,37,13,19
1400000US36081144100,"Census Tract 1441, Queens County, New York",Queens,3002,452,2868,466,1210,261,0,14,0,14,1636,399,0,14,12,17,10,19,9,19,1,3,134,146,0,14,0,14,0,14,4,17,0,14,85,140,45,60,38,54,7,11
1400000US36081144700,"Census Tract 1447, Queens County, New York",Queens,3470,697,2736,463,343,147,425,177,53,86,1868,469,0,14,0,14,47,37,0,14,47,37,734,601,249,371,1,2,0,14,89,126,0,14,337,237,58,51,42,45,16,24
1400000US36081145101,"Census Tract 1451.01, Queens County, New York",Queens,1103,233,1086,242,338,122,6,10,0,14,723,255,0,14,0,14,19,23,4,7,15,22,17,27,0,14,0,14,0,14,0,14,0,14,0,14,17,27,17,27,0,14
1400000US36081145102,"Census Tract 1451.02, Queens County, New York",Queens,2361,456,1832,360,798,191,11,11,0,14,928,365,0,14,25,45,70,54,0,14,70,54,529,348,95,86,0,14,0,14,0,14,0,14,330,327,104,85,89,81,15,24
1400000US36081145900,"Census Tract 1459, Queens County, New York",Queens,2781,492,2075,412,740,247,0,14,0,14,1233,356,0,14,0,14,102,87,66,77,36,40,706,368,231,270,0,14,7,14,25,29,0,14,317,230,126,80,107,71,19,24
1400000US36081146300,"Census Tract 1463, Queens County, New York",Queens,2934,791,2391,598,966,425,201,145,0,14,1015,459,0,14,168,231,41,45,37,45,4,9,543,290,30,43,7,13,5,22,45,40,0,14,268,251,188,95,172,92,16,25
1400000US36081146700,"Census Tract 1467, Queens County, New York",Queens,2762,348,2493,350,1378,315,102,122,0,14,922,274,0,14,0,14,91,66,38,62,53,40,269,151,40,34,0,14,13,21,0,14,0,14,90,86,126,107,110,105,16,26
1400000US36081147100,"Census Tract 1471, Queens County, New York",Queens,3810,446,3019,412,1677,398,69,113,0,14,1220,500,0,14,0,14,53,64,31,46,22,34,791,371,13,17,0,14,0,14,0,14,0,14,69,89,709,418,709,418,0,14
1400000US36081147900,"Census Tract 1479, Queens County, New York",Queens,4249,675,3506,487,1712,333,46,46,53,69,1545,387,0,14,8,14,142,94,54,65,88,74,743,470,35,34,20,33,0,14,0,14,0,14,74,58,614,458,561,471,53,82
1400000US36081148300,"Census Tract 1483, Queens County, New York",Queens,2974,571,2886,564,2081,544,0,14,20,33,682,282,0,14,8,12,95,52,6,13,89,50,88,81,35,44,0,14,0,14,0,14,0,14,0,14,53,66,14,22,39,62
1400000US36081150701,"Census Tract 1507.01, Queens County, New York",Queens,3123,456,2631,378,1417,347,17,6,0,14,1055,411,0,14,0,14,142,168,45,71,97,150,492,409,206,335,0,14,0,14,0,14,0,14,138,132,148,185,148,185,0,14
1400000US36081150702,"Census Tract 1507.02, Queens County, New York",Queens,3134,423,2938,421,1545,412,72,62,0,14,1274,257,0,14,0,14,47,46,9,15,38,44,196,102,10,18,0,14,0,14,0,14,0,14,66,62,120,91,120,91,0,14
1400000US36081152901,"Census Tract 1529.01, Queens County, New York",Queens,5613,702,5021,759,1786,478,633,565,0,19,2455,681,0,19,51,85,96,142,83,140,13,21,592,305,0,19,138,217,0,19,0,19,0,19,372,196,82,79,82,79,0,19
1400000US36081152902,"Census Tract 1529.02, Queens County, New York",Queens,6530,1121,5972,1051,2003,468,46,57,0,19,3729,1053,0,19,151,167,43,55,12,18,31,51,558,448,17,28,0,19,0,19,0,19,0,19,54,70,487,435,487,435,0,19
1400000US36081155101,"Census Tract 1551.01, Queens County, New York",Queens,2174,444,2162,444,2078,440,12,19,23,36,49,49,0,14,0,14,0,14,0,14,0,14,12,19,12,19,0,14,0,14,0,14,0,14,0,14,0,14,0,14,0,14
1400000US36081155103,"Census Tract 1551.03, Queens County, New York",Queens,4328,594,3700,546,2041,421,530,405,0,14,849,332,0,14,0,14,280,247,69,125,211,216,628,346,75,96,0,14,0,14,0,14,0,14,210,241,343,210,263,170,80,121
1400000US36081155104,"Census Tract 1551.04, Queens County, New York",Queens,3239,851,2934,856,1053,242,341,168,0,14,1430,842,0,14,14,22,96,124,9,19,87,122,305,191,140,155,0,14,0,14,0,14,0,14,0,14,165,96,96,73,69,98
1400000US36081156700,"Census Tract 1567, Queens County, New York",Queens,1751,299,1467,233,382,112,403,139,0,14,644,255,0,14,13,20,25,27,15,24,10,12,284,177,0,14,58,80,0,14,3,5,0,14,182,164,41,41,37,39,4,5
1400000US36081157101,"Census Tract 1571.01, Queens County, New York",Queens,8073,1338,6873,1117,1343,487,293,338,0,19,4808,1128,0,19,255,266,174,228,5,7,169,228,1200,531,264,235,0,19,0,19,0,19,0,19,545,495,391,253,391,253,0,19
1400000US36081157102,"Census Tract 1571.02, Queens County, New York",Queens,1840,417,1262,371,202,90,35,52,0,14,938,338,0,14,0,14,87,104,62,95,25,38,578,242,46,64,0,14,0,14,0,14,0,14,319,208,213,156,185,152,28,41
1400000US36081157901,"Census Tract 1579.01, Queens County, New York",Queens,5064,953,4412,983,667,198,0,19,0,19,3377,882,0,19,350,544,18,15,7,12,11,17,652,384,63,83,0,19,18,29,0,19,0,19,418,355,153,100,88,65,65,75
1400000US36081157902,"Census Tract 1579.02, Queens County, New York",Queens,3681,719,3172,712,563,177,15,15,0,14,2520,714,1,3,13,19,60,65,33,54,27,37,509,282,100,102,7,11,52,77,12,20,0,14,42,42,296,154,269,145,27,41
1400000US36081157903,"Census Tract 1579.03, Queens County, New York",Queens,3671,484,3351,490,708,218,142,155,0,14,2415,506,0,14,20,30,66,63,13,20,53,58,320,164,15,31,0,14,0,14,13,21,0,14,187,141,105,76,105,76,0,14
1400000US36081161700,"Census Tract 1617, Queens County, New York",Queens,4843,668,3616,540,1443,284,351,317,0,14,1480,346,0,14,160,196,182,160,8,31,174,151,1227,588,27,32,30,48,0,14,0,14,0,14,862,606,308,126,223,133,85,77
1400000US36081162100,"Census Tract 1621, Queens County, New York",Queens,6340,796,5359,830,838,414,506,242,0,19,3895,806,0,19,1,4,119,152,43,84,76,104,981,371,57,121,23,37,0,19,0,19,0,19,339,236,562,348,461,295,101,174
1400000US36081990100,"Census Tract 9901, Queens County, New York",Queens,0,14,0,14,0,14,0,14,0,14,0,14,0,14,0,14,0,14,0,14,0,14,0,14,0,14,0,14,0,14,0,14,0,14,0,14,0,14,0,14,0,14
1400000US36085000300,"Census Tract 3, Richmond County, New York",Staten Island,1889,295,1551,291,649,220,311,106,0,14,506,181,0,14,0,14,85,66,5,9,80,65,338,180,49,51,0,14,0,14,0,14,0,14,189,142,100,80,100,80,0,14
1400000US36085000600,"Census Tract 6, Richmond County, New York",Staten Island,2568,429,1784,412,1122,256,132,112,124,150,314,262,0,14,75,112,17,22,7,13,10,14,784,382,384,250,62,96,0,14,0,14,0,14,106,112,232,157,232,157,0,14
1400000US36085000700,"Census Tract 7, Richmond County, New York",Staten Island,5482,934,3784,963,903,342,2289,746,8,16,220,193,0,19,0,19,364,367,0,19,364,367,1698,920,176,231,375,496,0,19,0,19,0,19,77,111,1070,662,1052,676,18,36
1400000US36085000800,"Census Tract 8, Richmond County, New York",Staten Island,5178,798,4405,822,1811,673,475,461,0,19,1954,714,0,19,0,19,165,117,0,19,165,117,773,499,173,188,0,19,0,19,0,19,0,19,331,361,269,289,269,289,0,19
1400000US36085000900,"Census Tract 9, Richmond County, New York",Staten Island,2209,565,1785,549,496,189,1179,532,0,14,79,51,0,14,0,14,31,34,0,14,31,34,424,218,55,131,3,7,0,14,0,14,0,14,234,163,132,81,106,69,26,28
1400000US36085001100,"Census Tract 11, Richmond County, New York",Staten Island,4852,669,2644,548,544,174,1377,507,164,196,311,270,0,14,152,122,96,108,0,14,96,108,2208,576,227,312,157,63,129,133,0,14,0,14,1138,362,557,403,557,403,0,14
1400000US36085001700,"Census Tract 17, Richmond County, New York",Staten Island,1638,337,1466,351,762,231,460,238,0,14,187,131,0,14,8,14,49,36,5,8,44,36,172,109,6,10,10,16,0,14,0,14,0,14,84,89,72,86,56,83,16,21
1400000US36085001800,"Census Tract 18, Richmond County, New York",Staten Island,449,235,361,225,211,196,94,110,0,14,25,23,0,14,0,14,31,26,0,14,31,26,88,83,4,10,0,14,6,9,0,14,0,14,4,7,74,81,65,80,9,13
1400000US36085002001,"Census Tract 20.01, Richmond County, New York",Staten Island,2904,472,2566,447,2121,432,16,20,0,14,293,117,0,14,10,16,126,99,75,75,51,62,338,188,181,163,0,14,0,14,0,14,0,14,38,46,119,102,108,100,11,16
1400000US36085002002,"Census Tract 20.02, Richmond County, New York",Staten Island,2727,370,2462,357,1761,388,88,86,0,14,485,227,0,14,0,14,128,99,26,43,102,90,265,189,58,80,0,14,0,14,0,14,0,14,109,126,98,73,79,73,19,31
1400000US36085002100,"Census Tract 21, Richmond County, New York",Staten Island,5623,906,3039,621,1346,554,1438,381,0,19,181,138,0,19,27,51,47,44,5,17,42,40,2584,658,845,606,206,106,0,19,28,44,0,19,536,465,969,428,727,441,242,207
1400000US36085002700,"Census Tract 27, Richmond County, New York",Staten Island,2627,808,1261,641,459,113,644,632,0,14,115,77,0,14,17,29,26,26,0,14,26,26,1366,615,0,14,0,14,285,378,0,14,0,14,278,269,803,551,803,551,0,14
1400000US36085002900,"Census Tract 29, Richmond County, New York",Staten Island,5495,1012,3741,1018,231,149,2655,916,24,25,700,448,0,19,0,19,131,86,0,19,131,86,1754,562,438,357,138,171,161,244,0,19,0,19,512,283,505,277,404,262,101,127
1400000US36085003300,"Census Tract 33, Richmond County, New York",Staten Island,3821,596,3210,558,1582,468,1045,363,41,63,399,264,0,14,66,101,77,76,27,43,50,63,611,230,162,171,41,61,64,76,0,14,0,14,75,89,269,150,185,137,84,169
1400000US36085003600,"Census Tract 36, Richmond County, New York",Staten Island,2615,491,1912,481,860,267,6,10,0,14,781,198,0,14,43,42,222,250,0,14,222,250,703,210,224,206,89,116,0,14,0,14,0,14,88,73,302,211,266,206,36,55
1400000US36085003900,"Census Tract 39, Richmond County, New York",Staten Island,2215,297,1630,313,1145,261,226,157,0,14,249,217,0,14,3,8,7,12,0,14,7,12,585,168,13,26,74,85,0,14,9,15,0,14,197,117,292,148,211,117,81,70
1400000US36085004001,"Census Tract 40.01, Richmond County, New York",Staten Island,2787,824,2453,898,1108,776,781,393,13,25,444,149,0,14,0,14,107,103,0,14,107,103,334,239,0,14,17,31,12,19,0,14,0,14,231,221,74,66,63,58,11,22
1400000US36085004002,"Census Tract 40.02, Richmond County, New York",Staten Island,2411,364,2016,394,208,197,451,258,0,14,1308,284,0,14,0,14,49,75,0,14,49,75,395,197,127,112,47,67,0,14,0,14,0,14,144,122,77,77,77,77,0,14
1400000US36085004003,"Census Tract 40.03, Richmond County, New York",Staten Island,3517,724,2622,589,0,14,2462,629,0,14,84,109,0,14,10,16,66,76,31,55,35,52,895,503,186,217,106,124,0,14,0,14,0,14,402,333,201,182,190,176,11,19
1400000US36085004004,"Census Tract 40.04, Richmond County, New York",Staten Island,3834,1160,2339,670,115,89,1171,499,0,14,1047,503,0,14,0,14,6,10,0,14,6,10,1495,968,367,444,7,10,0,14,0,14,0,14,708,554,413,294,246,166,167,209
1400000US36085004700,"Census Tract 47, Richmond County, New York",Staten Island,2941,431,2566,482,1338,320,677,272,0,14,445,348,0,14,0,14,106,78,32,36,74,81,375,281,24,26,77,71,0,14,0,14,0,14,0,14,274,279,274,279,0,14
1400000US36085005000,"Census Tract 50, Richmond County, New York",Staten Island,4669,660,3612,681,2154,581,156,174,0,14,1285,426,0,14,0,14,17,28,17,28,0,14,1057,391,247,248,87,116,0,14,12,55,0,14,333,216,378,257,378,257,0,14
1400000US36085005901,"Census Tract 59.01, Richmond County, New York",Staten Island,3062,535,2373,411,2081,429,220,148,0,14,45,61,0,14,0,14,27,32,0,14,27,32,689,338,63,70,0,14,0,14,0,14,0,14,99,71,527,340,527,340,0,14
1400000US36085005902,"Census Tract 59.02, Richmond County, New York",Staten Island,0,14,0,14,0,14,0,14,0,14,0,14,0,14,0,14,0,14,0,14,0,14,0,14,0,14,0,14,0,14,0,14,0,14,0,14,0,14,0,14,0,14
1400000US36085006400,"Census Tract 64, Richmond County, New York",Staten Island,3425,505,2739,513,1920,523,139,109,0,14,668,186,0,14,0,14,12,19,0,14,12,19,686,199,86,57,83,93,0,14,0,14,0,14,299,170,218,211,218,211,0,14
1400000US36085006700,"Census Tract 67, Richmond County, New York",Staten Island,3069,399,2177,352,1766,325,241,142,0,14,128,161,0,14,0,14,42,41,0,14,42,41,892,277,73,79,0,14,0,14,30,51,0,14,534,242,255,220,255,220,0,14
1400000US36085007001,"Census Tract 70.01, Richmond County, New York",Staten Island,2739,711,2512,693,1836,671,33,38,0,14,534,251,0,14,0,14,109,118,0,14,109,118,227,161,58,70,0,14,0,14,0,14,0,14,103,123,66,51,39,32,27,40
1400000US36085007002,"Census Tract 70.02, Richmond County, New York",Staten Island,5914,1194,5304,1243,3777,1219,134,88,40,69,1353,466,0,19,0,19,0,19,0,19,0,19,610,359,141,149,0,19,0,19,0,19,0,19,128,144,341,296,341,296,0,19
1400000US36085007400,"Census Tract 74, Richmond County, New York",Staten Island,4854,640,4124,644,2320,601,169,152,0,14,1335,523,0,14,37,41,263,212,0,14,263,212,730,380,235,237,16,24,0,14,0,14,0,14,242,290,237,98,196,97,41,53
1400000US36085007500,"Census Tract 75, Richmond County, New York",Staten Island,3150,592,2226,533,1430,322,423,386,0,14,124,110,0,14,32,39,217,256,0,14,217,256,924,368,90,147,0,14,0,14,0,14,0,14,337,178,497,334,497,334,0,14
1400000US36085007700,"Census Tract 77, Richmond County, New York",Staten Island,1793,347,1153,306,107,58,915,306,0,14,126,119,0,14,0,14,5,8,0,14,5,8,640,232,73,80,50,50,0,14,14,19,0,14,261,167,242,118,191,109,51,50
1400000US36085008100,"Census Tract 81, Richmond County, New York",Staten Island,4784,632,3064,534,1513,371,1039,362,0,14,363,212,0,14,9,25,140,106,39,59,101,88,1720,501,427,268,327,244,0,14,7,16,0,14,467,322,492,451,440,438,52,58
1400000US36085009601,"Census Tract 96.01, Richmond County, New York",Staten Island,4326,639,4016,665,3259,541,29,20,0,14,485,221,0,14,146,182,97,98,0,14,97,98,310,164,47,78,0,14,0,14,0,14,0,14,63,53,200,136,200,136,0,14
1400000US36085009602,"Census Tract 96.02, Richmond County, New York",Staten Island,3800,538,3451,539,2346,473,21,28,0,14,781,256,0,14,0,14,303,195,15,28,288,190,349,203,61,51,10,18,0,14,8,12,0,14,88,87,182,136,109,111,73,82
1400000US36085009701,"Census Tract 97.01, Richmond County, New York",Staten Island,4523,644,3038,613,1335,401,1285,509,0,14,212,188,0,14,82,93,124,108,24,22,100,98,1485,580,401,255,49,61,9,13,0,14,0,14,376,297,650,484,596,492,54,56
1400000US36085009702,"Census Tract 97.02, Richmond County, New York",Staten Island,40,41,40,41,40,41,0,14,0,14,0,14,0,14,0,14,0,14,0,14,0,14,0,14,0,14,0,14,0,14,0,14,0,14,0,14,0,14,0,14,0,14
1400000US36085010500,"Census Tract 105, Richmond County, New York",Staten Island,5637,852,3562,634,1999,512,1000,397,0,19,178,39,0,19,8,13,377,269,99,97,278,213,2075,776,179,114,0,19,38,61,0,19,0,19,396,373,1462,802,1433,805,29,45
1400000US36085011201,"Census Tract 112.01, Richmond County, New York",Staten Island,5411,754,4715,793,3494,683,0,19,0,19,1143,337,0,19,0,19,78,87,0,19,78,87,696,289,33,40,0,19,0,19,28,45,0,19,129,106,506,311,483,312,23,30
1400000US36085011203,"Census Tract 112.03, Richmond County, New York",Staten Island,7029,1187,5807,1173,2788,1041,31,38,0,19,2940,743,0,19,0,19,48,48,0,19,48,48,1222,679,161,130,50,85,0,19,0,19,90,141,470,602,451,376,451,376,0,19
1400000US36085011204,"Census Tract 112.04, Richmond County, New York",Staten Island,75,87,11,16,11,16,0,14,0,14,0,14,0,14,0,14,0,14,0,14,0,14,64,85,0,14,0,14,0,14,0,14,0,14,64,85,0,14,0,14,0,14
1400000US36085011401,"Census Tract 114.01, Richmond County, New York",Staten Island,2918,600,2262,423,1263,384,480,193,0,14,510,255,0,14,0,14,9,16,0,14,9,16,656,406,109,141,271,318,0,14,0,14,0,14,130,91,146,165,124,155,22,38
1400000US36085011402,"Census Tract 114.02, Richmond County, New York",Staten Island,3192,465,2972,484,2181,469,23,26,0,14,612,171,0,14,0,14,156,191,19,31,137,189,220,123,72,80,12,20,0,14,0,14,0,14,97,98,39,42,39,42,0,14
1400000US36085012100,"Census Tract 121, Richmond County, New York",Staten Island,3134,547,2893,539,2672,590,29,30,0,14,33,40,0,14,0,14,159,160,128,158,31,52,241,162,67,94,33,41,0,14,0,14,0,14,29,51,112,77,48,40,64,76
1400000US36085012200,"Census Tract 122, Richmond County, New York",Staten Island,4783,881,3373,444,2848,419,51,59,0,14,450,289,0,14,0,14,24,39,24,39,0,14,1410,694,842,677,0,14,0,14,0,14,0,14,110,176,458,412,431,407,27,46
1400000US36085012500,"Census Tract 125, Richmond County, New York",Staten Island,3229,408,2105,560,1160,338,723,433,0,14,107,76,0,14,35,48,80,62,27,32,53,55,1124,445,627,386,0,14,0,14,0,14,0,14,353,175,144,102,81,58,63,85
1400000US36085012804,"Census Tract 128.04, Richmond County, New York",Staten Island,4820,683,4134,621,2777,444,47,52,0,14,1029,588,0,14,9,18,272,282,31,44,241,273,686,457,242,245,0,14,0,14,87,136,0,14,37,48,320,373,320,373,0,14
1400000US36085012805,"Census Tract 128.05, Richmond County, New York",Staten Island,2384,498,2275,504,1907,489,43,48,0,14,197,128,0,14,0,14,128,101,87,96,41,45,109,73,34,32,0,14,0,14,32,47,0,14,19,29,24,38,24,38,0,14
1400000US36085012806,"Census Tract 128.06, Richmond County, New York",Staten Island,6075,750,4727,777,3867,749,83,85,0,19,544,294,0,19,0,19,233,320,27,57,206,314,1348,392,591,344,103,177,0,19,0,19,0,19,480,260,174,180,124,154,50,84
1400000US36085013201,"Census Tract 132.01, Richmond County, New York",Staten Island,1657,261,1547,287,1363,315,40,58,0,14,81,91,0,14,24,37,39,56,0,14,39,56,110,74,48,63,0,14,0,14,0,14,0,14,43,35,19,20,19,20,0,14
1400000US36085013203,"Census Tract 132.03, Richmond County, New York",Staten Island,7305,976,6294,979,5410,1081,11,23,0,19,665,284,0,19,25,39,183,257,57,93,126,166,1011,403,289,163,0,19,36,64,0,19,0,19,168,230,518,384,292,295,226,272
1400000US36085013204,"Census Tract 132.04, Richmond County, New York",Staten Island,4948,504,4134,518,3168,535,18,29,0,14,729,292,0,14,79,83,140,103,48,53,92,93,814,325,245,194,0,14,0,14,0,14,0,14,44,65,525,267,492,259,33,55
1400000US36085013301,"Census Tract 133.01, Richmond County, New York",Staten Island,1176,228,591,266,44,49,497,210,0,14,0,14,0,14,50,119,0,14,0,14,0,14,585,231,199,135,111,129,0,14,0,14,0,14,159,107,116,105,116,105,0,14
1400000US36085013302,"Census Tract 133.02, Richmond County, New York",Staten Island,3216,858,1158,362,166,109,682,337,0,14,288,225,0,14,0,14,22,34,0,14,22,34,2058,807,168,176,653,718,0,14,0,14,0,14,653,498,584,342,534,354,50,79
1400000US36085013400,"Census Tract 134, Richmond County, New York",Staten Island,3868,675,3418,629,1839,338,584,614,0,14,691,300,0,14,58,85,246,163,0,14,246,163,450,293,122,74,0,14,0,14,23,34,0,14,15,59,290,240,236,214,54,84
1400000US36085013800,"Census Tract 138, Richmond County, New York",Staten Island,6090,764,5782,753,4954,768,7,6,0,19,511,255,0,19,23,44,287,205,64,72,223,199,308,336,65,83,0,19,0,19,0,19,0,19,50,88,193,276,193,276,0,19
1400000US36085014100,"Census Tract 141, Richmond County, New York",Staten Island,2554,414,1654,412,758,241,604,349,0,14,216,136,0,14,12,19,64,47,16,24,48,39,900,287,227,131,0,14,0,14,0,14,0,14,299,212,374,287,315,267,59,75
1400000US36085014604,"Census Tract 146.04, Richmond County, New York",Staten Island,7039,1347,6098,1212,5334,1219,28,42,0,19,674,434,0,19,0,19,62,78,28,48,34,58,941,688,149,150,0,19,0,19,0,19,0,19,61,97,731,617,731,617,0,19
1400000US36085014605,"Census Tract 146.05, Richmond County, New York",Staten Island,3724,622,3498,637,3224,635,2,3,0,14,152,160,0,14,0,14,120,106,30,48,90,114,226,141,123,106,0,14,0,14,0,14,0,14,54,72,49,80,49,80,0,14
1400000US36085014606,"Census Tract 146.06, Richmond County, New York",Staten Island,6450,1009,5198,667,4251,716,4,8,0,19,616,415,0,19,38,59,289,256,159,228,130,126,1252,621,534,605,0,19,0,19,0,19,0,19,209,268,509,453,509,453,0,19
1400000US36085014607,"Census Tract 146.07, Richmond County, New York",Staten Island,4754,624,4146,691,3488,661,4,7,0,14,595,255,0,14,0,14,59,39,0,14,59,39,608,270,30,38,0,14,0,14,9,16,0,14,40,55,529,281,529,281,0,14
1400000US36085014608,"Census Tract 146.08, Richmond County, New York",Staten Island,3592,540,3183,515,3039,510,24,41,0,14,120,81,0,14,0,14,0,14,0,14,0,14,409,254,29,42,0,14,0,14,0,14,0,14,198,241,182,183,161,181,21,30
1400000US36085014700,"Census Tract 147, Richmond County, New York",Staten Island,3367,560,2866,570,2627,576,20,38,11,19,150,98,0,14,15,27,43,54,37,53,6,13,501,267,43,48,0,14,0,14,0,14,0,14,145,117,313,225,289,222,24,41
1400000US36085015100,"Census Tract 151, Richmond County, New York",Staten Island,5070,1084,4486,1085,3727,1111,41,47,0,19,570,281,0,19,0,19,148,119,0,19,148,119,584,133,107,78,0,19,101,227,0,19,0,19,61,81,315,183,315,183,0,19
1400000US36085015400,"Census Tract 154, Richmond County, New York",Staten Island,0,14,0,14,0,14,0,14,0,14,0,14,0,14,0,14,0,14,0,14,0,14,0,14,0,14,0,14,0,14,0,14,0,14,0,14,0,14,0,14,0,14
1400000US36085015601,"Census Tract 156.01, Richmond County, New York",Staten Island,6214,827,5067,553,4229,655,120,184,34,41,614,490,0,19,20,34,50,56,0,19,50,56,1147,658,214,231,0,19,0,19,0,19,0,19,358,154,575,662,575,662,0,19
1400000US36085015602,"Census Tract 156.02, Richmond County, New York",Staten Island,3650,521,3226,555,3048,563,5,6,0,14,94,78,0,14,10,23,69,64,9,14,60,63,424,290,101,106,94,112,0,14,0,14,0,14,22,26,207,166,207,166,0,14
1400000US36085015603,"Census Tract 156.03, Richmond County, New York",Staten Island,5417,835,4494,826,3576,704,0,19,0,19,798,447,0,19,0,19,120,169,0,19,120,169,923,290,347,266,88,132,0,19,0,19,0,19,191,124,297,151,297,151,0,19
1400000US36085016901,"Census Tract 169.01, Richmond County, New York",Staten Island,3586,702,2627,433,2060,423,19,20,0,14,452,139,0,14,0,14,96,88,7,13,89,88,959,628,150,245,0,14,0,14,0,14,0,14,161,138,648,582,372,411,276,377
1400000US36085017005,"Census Tract 170.05, Richmond County, New York",Staten Island,4526,729,4318,701,3736,739,10,14,0,14,500,262,0,14,0,14,72,93,44,83,28,31,208,169,135,144,0,14,0,14,0,14,0,14,73,118,0,14,0,14,0,14
1400000US36085017007,"Census Tract 170.07, Richmond County, New York",Staten Island,6346,1130,4809,540,3522,582,43,55,0,19,1146,237,0,19,62,74,36,31,25,22,11,20,1537,923,214,281,0,19,0,19,0,19,0,19,117,101,1206,901,1170,895,36,52
1400000US36085017009,"Census Tract 170.09, Richmond County, New York",Staten Island,4880,919,4344,873,3613,858,30,39,0,14,508,354,0,14,100,115,93,78,60,69,33,49,536,295,129,118,158,171,0,14,0,14,0,14,19,22,230,124,214,119,16,26
1400000US36085017011,"Census Tract 170.11, Richmond County, New York",Staten Island,4745,673,4307,685,3549,653,15,19,0,14,591,434,0,14,54,62,98,108,8,15,90,108,438,190,97,75,0,14,0,14,0,14,0,14,111,123,230,155,219,154,11,17
1400000US36085017012,"Census Tract 170.12, Richmond County, New York",Staten Island,5363,618,4401,528,3952,530,0,19,0,19,385,112,0,19,0,19,64,54,0,19,64,54,962,386,356,311,0,19,0,19,0,19,0,19,27,28,579,363,579,363,0,19
1400000US36085017013,"Census Tract 170.13, Richmond County, New York",Staten Island,4617,809,3976,768,2494,699,215,257,0,14,1188,761,0,14,0,14,79,62,5,12,74,60,641,195,95,139,0,14,0,14,0,14,0,14,455,317,91,106,91,106,0,14
1400000US36085017014,"Census Tract 170.14, Richmond County, New York",Staten Island,4141,581,3401,497,3117,473,9,22,0,14,238,151,0,14,0,14,37,42,0,14,37,42,740,391,40,71,0,14,0,14,0,14,0,14,171,250,529,312,529,312,0,14
1400000US36085017015,"Census Tract 170.15, Richmond County, New York",Staten Island,3167,471,3012,487,2804,538,0,14,0,14,0,14,0,14,35,53,173,184,112,144,61,88,155,133,17,29,0,14,0,14,0,14,0,14,34,49,104,130,104,130,0,14
1400000US36085017016,"Census Tract 170.16, Richmond County, New York",Staten Island,4461,640,3809,583,3089,634,0,14,0,14,701,261,0,14,0,14,19,24,0,14,19,24,652,357,28,39,18,31,0,14,0,14,0,14,0,14,606,353,606,353,0,14
1400000US36085017300,"Census Tract 173, Richmond County, New York",Staten Island,2791,388,1719,295,762,211,359,226,0,14,530,139,0,14,0,14,68,63,11,15,57,61,1072,348,59,62,59,52,0,14,0,14,0,14,356,207,598,355,543,339,55,56
1400000US36085017600,"Census Tract 176, Richmond County, New York",Staten Island,5169,875,5096,884,4582,892,178,249,0,19,336,253,0,19,0,19,0,19,0,19,0,19,73,66,2,4,0,19,0,19,0,19,0,19,15,26,56,60,55,60,1,3
1400000US36085017701,"Census Tract 177.01, Richmond County, New York",Staten Island,4246,619,3896,564,2654,613,3,5,2,5,873,402,0,14,248,259,116,126,0,14,116,126,350,321,67,111,0,14,0,14,0,14,0,14,0,14,283,295,283,295,0,14
1400000US36085017702,"Census Tract 177.02, Richmond County, New York",Staten Island,2117,597,1975,592,1780,591,1,3,1,3,134,105,0,14,0,14,59,52,0,14,59,52,142,75,11,20,0,14,0,14,0,14,0,14,62,69,69,40,69,40,0,14
1400000US36085018100,"Census Tract 181, Richmond County, New York",Staten Island,3599,562,3072,537,2466,569,185,86,0,14,346,158,0,14,13,20,62,65,0,14,62,65,527,286,196,199,0,14,87,138,0,14,0,14,44,68,200,213,92,113,108,110
1400000US36085018701,"Census Tract 187.01, Richmond County, New York",Staten Island,1915,324,1688,335,1197,244,49,65,0,14,331,246,0,14,26,40,85,64,0,14,85,64,227,134,10,13,8,14,9,13,0,14,0,14,49,46,151,115,140,108,11,15
1400000US36085018703,"Census Tract 187.03, Richmond County, New York",Staten Island,3835,838,3419,850,1989,735,168,87,106,119,1156,358,0,14,0,14,0,14,0,14,0,14,416,160,69,107,0,14,18,25,0,14,0,14,12,22,317,162,317,162,0,14
1400000US36085018704,"Census Tract 187.04, Richmond County, New York",Staten Island,4659,1020,4524,1030,3290,1121,83,46,0,14,1003,554,0,14,0,14,148,185,13,20,135,185,135,129,15,41,0,14,0,14,0,14,0,14,0,14,120,127,97,123,23,33
1400000US36085018901,"Census Tract 189.01, Richmond County, New York",Staten Island,5814,713,4481,712,3177,734,353,291,0,19,733,325,0,19,0,19,218,223,135,194,83,105,1333,342,225,205,0,19,99,187,0,19,0,19,120,118,889,295,824,295,65,76
1400000US36085018902,"Census Tract 189.02, Richmond County, New York",Staten Island,5643,1237,5362,1173,4128,1063,55,48,0,19,864,259,0,19,51,86,264,209,46,42,218,203,281,214,85,143,25,40,0,19,0,19,0,19,49,59,122,112,122,112,0,19
1400000US36085019700,"Census Tract 197, Richmond County, New York",Staten Island,1975,324,1675,320,1383,197,16,16,0,14,257,188,0,14,8,14,11,16,0,14,11,16,300,159,10,14,0,14,0,14,0,14,0,14,27,25,263,154,234,142,29,30
1400000US36085019800,"Census Tract 198, Richmond County, New York",Staten Island,7350,994,6720,1078,6087,1070,53,108,0,19,528,467,0,19,0,19,52,68,0,19,52,68,630,436,241,287,0,19,0,19,0,19,0,19,0,19,389,381,389,381,0,19
1400000US36085020100,"Census Tract 201, Richmond County, New York",Staten Island,3356,734,2071,597,1519,630,27,39,0,14,175,120,0,14,10,13,340,217,0,14,340,217,1285,583,328,358,19,29,17,28,11,20,0,14,52,57,858,479,858,479,0,14
1400000US36085020701,"Census Tract 207.01, Richmond County, New York",Staten Island,3364,1121,1677,789,753,564,640,608,0,14,160,227,0,14,0,14,124,283,0,14,124,283,1687,1003,3,14,110,139,255,373,0,14,0,14,1003,892,316,287,230,239,86,143
1400000US36085020702,"Census Tract 207.02, Richmond County, New York",Staten Island,2928,642,1437,382,145,210,928,450,0,14,192,151,0,14,91,142,81,83,74,83,7,12,1491,583,16,27,177,254,0,14,0,14,0,14,492,462,806,559,806,559,0,14
1400000US36085020803,"Census Tract 208.03, Richmond County, New York",Staten Island,7627,1025,7393,1011,7188,1015,35,41,0,19,124,207,0,19,0,19,46,60,1,5,45,60,234,170,88,106,0,19,0,19,0,19,0,19,2,7,144,128,144,128,0,19
1400000US36085020804,"Census Tract 208.04, Richmond County, New York",Staten Island,5124,774,4553,539,3972,509,25,33,0,19,229,128,0,19,138,160,189,272,0,19,189,272,571,538,359,531,0,19,0,19,0,19,0,19,3,8,209,106,209,106,0,19
1400000US36085020805,"Census Tract 208.05, Richmond County, New York",Staten Island,6559,1130,5824,995,5020,948,4,4,0,19,440,179,0,19,72,65,288,299,268,299,20,34,735,446,358,443,0,19,0,19,0,19,0,19,257,209,120,134,120,134,0,19
1400000US36085020806,"Census Tract 208.06, Richmond County, New York",Staten Island,2533,344,2338,335,1903,353,2,5,0,14,398,231,0,14,0,14,35,75,18,27,17,75,195,146,40,33,0,14,0,14,0,14,0,14,150,136,5,10,5,10,0,14
1400000US36085021300,"Census Tract 213, Richmond County, New York",Staten Island,5680,1084,2313,533,910,280,793,422,30,53,369,289,0,19,0,19,211,230,0,19,211,230,3367,927,210,186,60,66,72,109,0,19,0,19,2088,983,937,599,912,594,25,42
1400000US36085022300,"Census Tract 223, Richmond County, New York",Staten Island,3263,491,2236,437,376,161,1272,349,0,14,180,117,0,14,60,69,348,229,57,43,291,227,1027,272,164,124,108,86,35,42,0,14,0,14,476,247,244,145,243,146,1,6
1400000US36085022601,"Census Tract 226.01, Richmond County, New York",Staten Island,7483,872,6360,878,5716,855,152,233,0,19,71,103,0,19,256,305,165,233,0,19,165,233,1123,316,130,140,0,19,0,19,0,19,0,19,531,395,462,511,384,496,78,97
1400000US36085022602,"Census Tract 226.02, Richmond County, New York",Staten Island,1373,471,1334,482,1263,486,5,11,27,32,39,51,0,14,0,14,0,14,0,14,0,14,39,50,12,10,0,14,0,14,0,14,0,14,0,14,27,47,27,47,0,14
1400000US36085022801,"Census Tract 228.01, Richmond County, New York",Staten Island,37,26,37,26,31,22,0,14,6,8,0,14,0,14,0,14,0,14,0,14,0,14,0,14,0,14,0,14,0,14,0,14,0,14,0,14,0,14,0,14,0,14
1400000US36085022802,"Census Tract 228.02, Richmond County, New York",Staten Island,0,14,0,14,0,14,0,14,0,14,0,14,0,14,0,14,0,14,0,14,0,14,0,14,0,14,0,14,0,14,0,14,0,14,0,14,0,14,0,14,0,14
1400000US36085023100,"Census Tract 231, Richmond County, New York",Staten Island,4759,841,2572,748,557,276,1145,649,0,14,660,370,0,14,68,67,142,143,61,95,81,114,2187,841,349,271,283,261,42,72,0,14,0,14,528,262,985,735,918,723,67,64
1400000US36085023900,"Census Tract 239, Richmond County, New York",Staten Island,3108,552,2114,447,679,180,862,280,0,14,431,289,0,14,0,14,142,173,32,39,110,153,994,276,163,103,0,14,0,14,0,14,0,14,413,239,418,252,318,273,100,145
1400000US36085024401,"Census Tract 244.01, Richmond County, New York",Staten Island,6270,1046,5969,1087,5639,1102,0,19,0,19,330,375,0,19,0,19,0,19,0,19,0,19,301,218,238,171,0,19,0,19,0,19,0,19,60,100,3,8,3,8,0,19
1400000US36085024402,"Census Tract 244.02, Richmond County, New York",Staten Island,5013,826,4712,860,4503,854,1,5,0,19,65,107,0,19,0,19,143,115,68,98,75,68,301,218,35,43,0,19,0,19,0,19,0,19,40,44,226,193,131,96,95,131
1400000US36085024700,"Census Tract 247, Richmond County, New York",Staten Island,2835,520,2115,361,977,259,830,382,0,14,287,128,0,14,0,14,21,25,10,19,11,16,720,307,8,13,0,14,70,101,0,14,0,14,361,198,281,205,281,205,0,14
1400000US36085024800,"Census Tract 248, Richmond County, New York",Staten Island,4769,704,3456,587,3306,594,4,9,0,14,9,8,11,18,0,14,126,122,89,109,37,56,1313,659,122,148,0,14,0,14,0,14,0,14,459,429,732,331,732,331,0,14
1400000US36085025100,"Census Tract 251, Richmond County, New York",Staten Island,6459,787,5294,633,4340,645,31,37,0,19,797,315,0,19,0,19,126,149,19,33,107,145,1165,483,192,148,43,71,0,19,0,19,0,19,512,252,418,376,418,376,0,19
1400000US36085027301,"Census Tract 273.01, Richmond County, New York",Staten Island,4494,570,3738,492,2416,459,296,85,0,14,898,259,0,14,28,37,100,85,0,14,100,85,756,325,219,154,24,30,0,14,36,44,0,14,112,154,365,216,360,216,5,13
1400000US36085027302,"Census Tract 273.02, Richmond County, New York",Staten Island,4872,885,4810,882,3799,929,155,182,0,14,486,190,0,14,226,278,144,119,11,16,133,117,62,65,0,14,0,14,0,14,0,14,0,14,0,14,62,65,62,65,0,14
1400000US36085027702,"Census Tract 277.02, Richmond County, New York",Staten Island,6161,783,5335,723,3696,651,48,45,21,33,1135,578,0,19,16,23,419,368,262,312,157,97,826,395,18,28,0,19,0,19,0,19,0,19,457,397,351,222,238,151,113,110
1400000US36085027704,"Census Tract 277.04, Richmond County, New York",Staten Island,5174,816,4609,778,2888,790,102,126,0,19,1600,367,0,19,19,30,0,19,0,19,0,19,565,374,85,76,62,71,0,19,108,148,0,19,90,88,220,308,220,308,0,19
1400000US36085027705,"Census Tract 277.05, Richmond County, New York",Staten Island,6119,785,5125,705,3441,647,74,65,0,19,1610,360,0,19,0,19,0,19,0,19,0,19,994,435,67,105,0,19,0,19,0,19,0,19,280,331,647,310,647,310,0,19
1400000US36085027706,"Census Tract 277.06, Richmond County, New York",Staten Island,3107,689,2779,713,1886,725,0,14,0,14,731,239,0,14,0,14,162,145,0,14,162,145,328,176,59,59,0,14,0,14,0,14,0,14,168,120,101,93,101,93,0,14
1400000US36085027900,"Census Tract 279, Richmond County, New York",Staten Island,2148,393,1971,394,1709,398,65,58,0,14,154,90,0,14,0,14,43,59,0,14,43,59,177,104,10,16,0,14,0,14,0,14,0,14,0,14,167,99,110,72,57,73
1400000US36085029102,"Census Tract 291.02, Richmond County, New York",Staten Island,3355,933,2378,969,1513,612,74,77,71,74,720,707,0,14,0,14,0,14,0,14,0,14,977,325,259,254,37,59,0,14,0,14,0,14,432,314,249,241,249,241,0,14
1400000US36085029104,"Census Tract 291.04, Richmond County, New York",Staten Island,6879,1195,5659,1127,4025,1055,349,430,0,19,1233,544,0,19,12,21,40,65,8,21,32,58,1220,622,273,227,0,19,217,340,0,19,0,19,51,63,679,388,672,388,7,11
1400000US36085029105,"Census Tract 291.05, Richmond County, New York",Staten Island,4467,670,4040,690,2958,649,143,161,0,14,590,253,0,14,0,14,349,330,0,14,349,330,427,238,217,185,0,14,0,14,0,14,0,14,142,104,68,87,68,87,0,14
1400000US36085029106,"Census Tract 291.06, Richmond County, New York",Staten Island,2845,492,2501,424,1843,439,281,224,0,14,353,230,0,14,0,14,24,31,0,14,24,31,344,364,278,350,0,14,0,14,0,14,0,14,25,40,41,60,41,60,0,14
1400000US36085030301,"Census Tract 303.01, Richmond County, New York",Staten Island,5384,818,3957,809,2039,452,477,380,0,19,1280,594,0,19,0,19,161,171,11,18,150,170,1427,389,417,329,68,109,0,19,0,19,0,19,166,122,776,357,735,356,41,51
1400000US36085030302,"Census Tract 303.02, Richmond County, New York",Staten Island,6123,545,4052,527,1668,371,1342,403,0,19,936,208,0,19,23,45,83,130,0,19,83,130,2071,409,560,237,55,56,34,51,0,19,0,19,598,367,824,301,746,295,78,124
1400000US36085031901,"Census Tract 319.01, Richmond County, New York",Staten Island,3948,695,2082,493,140,104,1448,577,0,14,301,223,0,14,0,14,193,178,81,89,112,144,1866,564,403,260,131,114,0,14,0,14,0,14,277,188,1055,536,955,533,100,79
1400000US36085031902,"Census Tract 319.02, Richmond County, New York",Staten Island,4657,721,2702,666,721,277,1849,616,0,14,45,73,0,14,0,14,87,71,24,34,63,59,1955,441,379,262,116,168,46,55,0,14,0,14,561,285,853,412,679,377,174,155
1400000US36085032300,"Census Tract 323, Richmond County, New York",Staten Island,1030,301,739,283,107,58,349,99,0,14,79,53,0,14,0,14,204,274,0,14,204,274,291,101,6,9,0,14,10,21,0,14,0,14,141,91,134,73,127,74,7,11
1400000US36085990100,"Census Tract 9901, Richmond County, New York",Staten Island,0,14,0,14,0,14,0,14,0,14,0,14,0,14,0,14,0,14,0,14,0,14,0,14,0,14,0,14,0,14,0,14,0,14,0,14,0,14,0,14,0,14
