geoid,tract_name,borough,B05002_E001,B05002_M001,B05002_E002,B05002_M002,B05002_E003,B05002_M003,B05002_E004,B05002_M004,B05002_E005,B05002_M005,B05002_E006,B05002_M006,B05002_E007,B05002_M007,B05002_E008,B05002_M008,B05002_E009,B05002_M009,B05002_E010,B05002_M010,B05002_E011,B05002_M011,B05002_E012,B05002_M012,B05002_E013,B05002_M013,B05002_E014,B05002_M014,B05002_E015,B05002_M015,B05002_E016,B05002_M016,B05002_E017,B05002_M017,B05002_E018,B05002_M018,B05002_E019,B05002_M019,B05002_E020,B05002_M020,B05002_E021,B05002_M021,B05002_E022,B05002_M022,B05002_E023,B05002_M023,B05002_E024,B05002_M024,B05002_E025,B05002_M025,B05002_E026,B05002_M026,B05002_E027,B05002_M027
1400000US36005000100,"Census Tract 1, Bronx County, New York",Bronx,2950,1354,2682,1308,2370,1150,249,176,106,91,9,16,101,78,33,52,63,45,63,45,0,14,0,14,268,120,81,59,9,19,9,19,0,14,0,14,63,75,0,14,187,104,14,32,13,21,0,14,0,14,160,90,0,14
1400000US36005000200,"Census Tract 2, Bronx County, New York",Bronx,5061,683,3101,589,2645,553,218,237,22,33,0,19,0,19,196,226,238,113,238,113,0,19,0,19,1960,583,1136,344,70,95,97,146,127,139,0,19,842,271,0,19,824,440,101,62,153,231,14,23,0,19,556,308,0,19
1400000US36005000400,"Census Tract 4, Bronx County, New York",Bronx,6649,974,5682,879,4875,806,85,79,45,67,0,19,40,47,0,19,722,225,550,158,6,24,166,163,967,530,591,400,7,19,19,32,0,19,0,19,565,399,0,19,376,222,0,19,73,104,68,104,0,19,235,187,0,19
1400000US36005001600,"Census Tract 16, Bronx County, New York",Bronx,5611,602,3728,568,2878,448,286,212,91,97,13,18,127,141,55,83,564,276,482,260,0,19,82,93,1883,449,1389,546,47,52,118,99,373,268,0,19,851,470,0,19,494,317,0,19,23,36,105,92,0,19,366,338,0,19
1400000US36005001901,"Census Tract 19.01, Bronx County, New York",Bronx,2260,308,1723,198,1204,234,444,163,144,98,62,58,139,125,99,92,75,60,36,48,0,14,39,40,537,229,215,90,22,37,0,14,85,63,0,14,108,78,0,14,322,206,50,45,0,14,100,88,0,14,172,186,0,14
1400000US36005001902,"Census Tract 19.02, Bronx County, New York",Bronx,2079,359,1569,359,1331,360,188,79,35,40,57,49,57,44,39,56,50,37,50,37,0,14,0,14,510,167,204,105,0,14,0,14,0,14,0,14,204,105,0,14,306,133,0,14,0,14,34,35,0,14,272,133,0,14
1400000US36005001903,"Census Tract 19.03, Bronx County, New York",Bronx,0,14,0,14,0,14,0,14,0,14,0,14,0,14,0,14,0,14,0,14,0,14,0,14,0,14,0,14,0,14,0,14,0,14,0,14,0,14,0,14,0,14,0,14,0,14,0,14,0,14,0,14,0,14
1400000US36005001904,"Census Tract 19.04, Bronx County, New York",Bronx,0,14,0,14,0,14,0,14,0,14,0,14,0,14,0,14,0,14,0,14,0,14,0,14,0,14,0,14,0,14,0,14,0,14,0,14,0,14,0,14,0,14,0,14,0,14,0,14,0,14,0,14,0,14
1400000US36005002001,"Census Tract 20.01, Bronx County, New York",Bronx,4199,805,3607,674,2953,682,392,172,49,54,0,14,343,162,0,14,262,147,223,137,16,30,23,36,592,226,251,140,0,14,0,14,0,14,0,14,251,140,0,14,341,173,0,14,0,14,0,14,0,14,341,173,0,14
1400000US36005002002,"Census Tract 20.02, Bronx County, New York",Bronx,3609,807,2471,807,1728,695,289,223,0,14,0,14,289,223,0,14,454,360,437,355,0,14,17,27,1138,459,685,274,0,14,0,14,0,14,0,14,685,274,0,14,453,333,0,14,0,14,0,14,0,14,453,333,0,14
1400000US36005002300,"Census Tract 23, Bronx County, New York",Bronx,4567,632,3552,524,3145,515,98,70,19,30,0,14,79,64,0,14,309,155,256,149,0,14,53,66,1015,496,464,199,0,14,0,14,136,92,0,14,328,182,0,14,551,469,0,14,0,14,64,81,0,14,487,460,0,14
1400000US36005002400,"Census Tract 24, Bronx County, New York",Bronx,105,9,63,42,63,42,0,14,0,14,0,14,0,14,0,14,0,14,0,14,0,14,0,14,42,42,13,31,0,14,0,14,0,14,0,14,13,31,0,14,29,18,0,14,0,14,0,14,0,14,29,18,0,14
1400000US36005002500,"Census Tract 25, Bronx County, New York",Bronx,5117,609,2894,528,2255,519,84,84,0,19,6,11,78,80,0,19,555,190,280,123,0,19,275,144,2223,454,1065,265,0,19,15,22,140,125,0,19,910,225,0,19,1158,508,58,81,38,42,16,22,0,19,1046,529,0,19
1400000US36005002701,"Census Tract 27.01, Bronx County, New York",Bronx,3111,536,2356,481,1659,399,450,212,180,125,0,14,270,224,0,14,247,122,247,122,0,14,0,14,755,256,371,149,0,14,25,40,36,47,0,14,310,140,0,14,384,263,0,14,0,14,31,70,0,14,353,238,0,14
1400000US36005002702,"Census Tract 27.02, Bronx County, New York",Bronx,4798,604,3443,667,2753,652,133,93,0,14,0,14,87,67,46,63,557,247,367,184,33,54,157,147,1355,303,626,246,0,14,33,51,127,112,0,14,466,218,0,14,729,253,0,14,0,14,74,81,0,14,655,244,0,14
1400000US36005002800,"Census Tract 28, Bronx County, New York",Bronx,5462,809,4889,759,4105,726,427,193,91,108,0,19,336,157,0,19,357,212,264,158,0,19,93,175,573,332,501,289,0,19,0,19,329,263,0,19,172,146,0,19,72,79,14,24,0,19,49,66,0,19,9,28,0,19
1400000US36005003100,"Census Tract 31, Bronx County, New York",Bronx,2788,466,1923,375,1506,248,277,263,253,263,0,14,21,34,3,5,140,81,115,84,0,14,25,49,865,298,418,147,0,14,102,123,161,134,0,14,155,74,0,14,447,259,0,14,33,54,219,229,0,14,195,124,0,14
1400000US36005003300,"Census Tract 33, Bronx County, New York",Bronx,3577,759,2586,574,2180,594,29,46,0,14,0,14,29,46,0,14,377,233,377,233,0,14,0,14,991,288,718,208,0,14,0,14,26,40,0,14,692,203,0,14,273,155,34,66,0,14,13,19,0,14,226,152,0,14
1400000US36005003500,"Census Tract 35, Bronx County, New York",Bronx,3481,794,2691,857,2270,805,220,119,79,83,15,22,119,84,7,11,201,165,70,71,0,14,131,155,790,294,352,162,0,14,92,128,73,75,0,14,187,125,0,14,438,222,0,14,0,14,63,74,0,14,375,199,0,14
1400000US36005003700,"Census Tract 37, Bronx County, New York",Bronx,418,222,375,221,249,125,0,14,0,14,0,14,0,14,0,14,126,120,55,88,0,14,71,86,43,39,34,38,0,14,0,14,0,14,0,14,34,38,0,14,9,20,0,14,0,14,0,14,0,14,9,20,0,14
1400000US36005003800,"Census Tract 38, Bronx County, New York",Bronx,1250,322,816,289,741,289,21,27,0,14,2,10,19,22,0,14,54,35,54,35,0,14,0,14,434,133,196,82,0,14,9,15,2,10,0,14,185,85,0,14,238,120,5,24,27,33,22,24,0,14,184,134,0,14
1400000US36005003900,"Census Tract 39, Bronx County, New York",Bronx,5581,930,3521,707,2658,593,126,106,109,103,0,19,12,21,5,9,737,426,631,367,0,19,106,116,2060,755,826,373,0,19,0,19,81,102,0,19,709,338,36,53,1234,523,73,90,0,19,64,80,0,19,1097,435,0,19
1400000US36005004001,"Census Tract 40.01, Bronx County, New York",Bronx,1294,243,864,181,701,176,35,30,12,10,0,14,23,28,0,14,128,59,69,45,0,14,59,50,430,168,343,148,0,14,187,107,0,14,0,14,156,102,0,14,87,63,0,14,34,30,0,14,0,14,53,57,0,14
1400000US36005004100,"Census Tract 41, Bronx County, New York",Bronx,6162,1109,4486,949,3148,699,185,188,33,53,0,19,152,179,0,19,1153,682,858,633,0,19,295,314,1676,719,520,321,0,19,0,19,66,108,0,19,454,316,0,19,1156,682,0,19,58,90,69,111,0,19,1029,625,0,19
1400000US36005004200,"Census Tract 42, Bronx County, New York",Bronx,7755,881,5704,859,4349,812,366,409,245,326,0,19,121,189,0,19,989,337,467,227,0,19,522,315,2051,668,1318,499,43,70,0,19,124,126,0,19,1151,486,0,19,733,313,0,19,27,38,136,141,0,19,570,276,0,19
1400000US36005004300,"Census Tract 43, Bronx County, New York",Bronx,5400,659,4435,667,3476,591,184,161,126,136,25,51,33,53,0,19,775,323,696,300,0,19,79,104,965,310,529,251,0,19,0,19,0,19,0,19,529,251,0,19,436,265,0,19,0,19,126,149,0,19,310,267,0,19
1400000US36005004400,"Census Tract 44, Bronx County, New York",Bronx,4303,572,3388,551,2850,558,193,106,0,14,0,14,193,106,0,14,345,129,294,119,0,14,51,50,915,351,474,261,0,14,82,108,0,14,0,14,392,251,0,14,441,280,0,14,56,78,5,10,0,14,380,273,0,14
1400000US36005004600,"Census Tract 46, Bronx County, New York",Bronx,1478,314,1201,243,924,256,92,64,21,26,0,14,57,54,14,21,185,77,122,60,0,14,63,62,277,128,210,114,0,14,0,14,0,14,0,14,210,114,0,14,67,54,0,14,0,14,0,14,0,14,67,54,0,14
1400000US36005004800,"Census Tract 48, Bronx County, New York",Bronx,4204,644,2057,397,1870,392,73,62,34,37,0,14,39,45,0,14,114,78,87,66,0,14,27,45,2147,580,687,328,0,14,5,8,0,14,0,14,682,328,0,14,1460,390,30,50,0,14,36,62,0,14,1394,403,0,14
1400000US36005005001,"Census Tract 50.01, Bronx County, New York",Bronx,4878,681,3026,506,2550,470,143,90,62,69,10,15,71,56,0,14,333,140,131,100,17,25,185,135,1852,517,697,303,15,32,19,23,109,108,0,14,554,293,0,14,1155,404,0,14,5,10,202,250,0,14,948,284,0,14
1400000US36005005002,"Census Tract 50.02, Bronx County, New York",Bronx,6275,1225,3304,943,2770,886,136,168,0,19,0,19,136,168,0,19,398,160,335,146,0,19,63,76,2971,595,470,197,0,19,0,19,79,104,0,19,391,168,0,19,2501,598,12,20,32,47,198,153,0,19,2259,620,0,19
1400000US36005005100,"Census Tract 51, Bronx County, New York",Bronx,7261,953,5682,906,4545,794,344,260,80,107,0,19,264,232,0,19,793,387,578,315,0,19,215,193,1579,562,960,382,0,19,0,19,146,137,0,19,814,367,0,19,619,370,0,19,88,103,97,132,0,19,434,314,0,19
1400000US36005005200,"Census Tract 52, Bronx County, New York",Bronx,1837,289,1225,228,1070,241,70,59,7,11,0,14,63,56,0,14,85,54,66,47,0,14,19,22,612,189,271,135,0,14,0,14,0,14,0,14,271,135,0,14,341,117,0,14,0,14,59,66,0,14,282,97,0,14
1400000US36005005300,"Census Tract 53, Bronx County, New York",Bronx,4065,858,3095,589,2852,596,53,49,24,36,0,14,29,32,0,14,190,160,142,138,0,14,48,81,970,553,382,212,0,14,0,14,34,56,0,14,348,204,0,14,588,485,0,14,0,14,333,471,0,14,255,204,0,14
1400000US36005005400,"Census Tract 54, Bronx County, New York",Bronx,5482,911,3121,696,2803,732,101,94,60,72,0,19,41,62,0,19,217,152,113,127,0,19,104,82,2361,511,939,316,0,19,36,47,84,85,0,19,819,320,0,19,1422,501,0,19,10,15,14,29,0,19,1398,497,0,19
1400000US36005005600,"Census Tract 56, Bronx County, New York",Bronx,2501,490,1479,414,1178,352,46,54,0,14,0,14,46,54,0,14,255,116,245,116,10,17,0,14,1022,313,412,182,0,14,20,42,0,14,0,14,392,183,0,14,610,207,0,14,52,34,64,91,0,14,494,217,0,14
1400000US36005005902,"Census Tract 59.02, Bronx County, New York",Bronx,3019,478,1713,404,1305,387,326,153,36,43,107,132,118,86,65,54,82,116,82,116,0,14,0,14,1306,379,584,196,63,59,31,50,42,50,0,14,448,205,0,14,722,285,14,20,139,91,26,41,0,14,543,268,0,14
1400000US36005006000,"Census Tract 60, Bronx County, New York",Bronx,1280,344,860,304,586,150,19,19,19,19,0,14,0,14,0,14,255,180,115,67,0,14,140,165,420,148,242,113,0,14,12,18,13,21,0,14,217,108,0,14,178,107,0,14,0,14,11,18,0,14,167,105,0,14
1400000US36005006100,"Census Tract 61, Bronx County, New York",Bronx,3369,677,2980,675,2308,541,573,258,32,37,0,14,541,259,0,14,99,104,52,54,0,14,47,81,389,176,228,102,0,14,14,22,132,79,0,14,82,64,0,14,161,110,0,14,0,14,146,107,0,14,15,25,0,14
1400000US36005006200,"Census Tract 62, Bronx County, New York",Bronx,6363,1077,4661,1033,3452,818,595,300,170,237,0,19,425,210,0,19,614,403,447,343,12,19,155,181,1702,589,350,180,0,19,22,41,16,26,0,19,312,178,0,19,1352,567,0,19,0,19,127,200,0,19,1225,542,0,19
1400000US36005006301,"Census Tract 63.01, Bronx County, New York",Bronx,7053,1061,4399,1016,3109,966,847,350,355,305,242,215,213,138,37,60,443,294,167,196,75,89,201,266,2654,768,1591,531,245,139,75,84,12,31,0,19,1259,513,0,19,1063,443,44,55,24,38,156,221,0,19,671,313,168,220
1400000US36005006302,"Census Tract 63.02, Bronx County, New York",Bronx,0,14,0,14,0,14,0,14,0,14,0,14,0,14,0,14,0,14,0,14,0,14,0,14,0,14,0,14,0,14,0,14,0,14,0,14,0,14,0,14,0,14,0,14,0,14,0,14,0,14,0,14,0,14
1400000US36005006400,"Census Tract 64, Bronx County, New York",Bronx,4194,609,2152,529,1700,461,240,186,1,2,139,201,100,111,0,14,212,152,197,145,0,14,15,37,2042,450,754,259,42,68,77,72,46,46,0,14,589,243,0,14,1288,439,0,14,23,37,205,150,0,14,1025,411,35,57
1400000US36005006500,"Census Tract 65, Bronx County, New York",Bronx,5024,1013,4231,1023,3573,1024,98,95,6,13,40,62,39,61,13,31,560,260,420,221,21,41,119,139,793,294,588,279,0,19,9,14,128,129,0,19,451,232,0,19,205,182,40,79,4,9,18,36,0,19,143,165,0,19
1400000US36005006700,"Census Tract 67, Bronx County, New York",Bronx,7664,2163,5780,1567,4555,1594,673,686,171,207,10,23,492,677,0,19,552,281,552,281,0,19,0,19,1884,825,949,432,8,18,0,19,65,83,0,19,876,447,0,19,935,587,32,56,0,19,0,19,0,19,903,574,0,19
1400000US36005006800,"Census Tract 68, Bronx County, New York",Bronx,2542,572,1352,455,1172,452,3,19,0,14,0,14,3,19,0,14,177,99,177,99,0,14,0,14,1190,420,671,252,0,14,141,96,45,84,0,14,485,232,0,14,519,322,0,14,90,118,0,14,0,14,429,307,0,14
1400000US36005006900,"Census Tract 69, Bronx County, New York",Bronx,6077,958,3697,931,2970,933,95,95,58,81,37,48,0,19,0,19,632,322,411,258,26,54,195,224,2380,632,1200,371,0,19,127,160,235,192,0,19,838,344,0,19,1180,491,0,19,22,36,184,307,0,19,974,428,0,19
1400000US36005007000,"Census Tract 70, Bronx County, New York",Bronx,4408,599,2426,523,2011,475,88,69,8,14,0,14,30,35,50,58,327,157,77,61,0,14,250,145,1982,378,905,217,24,29,175,119,0,14,0,14,706,219,0,14,1077,343,0,14,297,261,50,47,0,14,730,246,0,14
1400000US36005007100,"Census Tract 71, Bronx County, New York",Bronx,2805,430,2208,376,1555,375,349,227,0,14,18,28,149,146,182,205,304,149,170,126,0,14,134,93,597,193,505,172,0,14,28,33,28,43,0,14,449,163,0,14,92,69,0,14,12,18,27,41,0,14,53,53,0,14
1400000US36005007200,"Census Tract 72, Bronx County, New York",Bronx,4845,740,2109,476,1475,417,63,72,22,21,41,67,0,14,0,14,571,207,343,150,0,14,228,130,2736,582,1405,350,0,14,868,295,126,155,0,14,411,201,0,14,1331,536,91,137,659,276,169,283,0,14,412,404,0,14
1400000US36005007300,"Census Tract 73, Bronx County, New York",Bronx,4325,703,3275,554,2564,629,179,137,54,42,17,28,74,98,34,73,532,318,364,274,0,14,168,156,1050,493,561,352,0,14,12,20,238,150,0,14,311,283,0,14,489,354,0,14,0,14,134,128,0,14,355,380,0,14
1400000US36005007400,"Census Tract 74, Bronx County, New York",Bronx,3280,500,2622,575,1960,582,437,223,36,47,0,14,401,233,0,14,225,131,225,131,0,14,0,14,658,327,272,133,0,14,0,14,8,36,0,14,264,127,0,14,386,294,0,14,0,14,242,279,0,14,144,216,0,14
1400000US36005007500,"Census Tract 75, Bronx County, New York",Bronx,6353,1041,5286,885,3646,696,471,280,107,108,0,19,203,184,161,189,1169,448,696,227,0,19,473,365,1067,468,664,393,0,19,0,19,163,225,0,19,501,332,0,19,403,264,0,19,6,18,61,97,0,19,336,235,0,19
1400000US36005007600,"Census Tract 76, Bronx County, New York",Bronx,5252,908,3033,587,2365,426,97,97,67,79,0,19,30,33,0,19,571,334,463,331,0,19,108,84,2219,583,830,230,25,44,172,109,0,19,0,19,633,202,0,19,1389,494,40,41,573,422,13,20,0,19,763,281,0,19
1400000US36005007700,"Census Tract 77, Bronx County, New York",Bronx,1966,478,1552,491,1077,373,164,126,82,62,13,23,60,80,9,16,311,202,193,113,0,14,118,134,414,174,172,89,4,5,13,22,44,45,0,14,111,84,0,14,242,166,0,14,23,38,47,84,0,14,172,122,0,14
1400000US36005007800,"Census Tract 78, Bronx County, New York",Bronx,5633,749,3961,734,3441,705,129,107,0,19,0,19,129,107,0,19,391,264,86,112,0,19,305,250,1672,440,830,367,0,19,32,38,136,166,0,19,662,312,0,19,842,315,0,19,70,79,50,70,0,19,722,290,0,19
1400000US36005007900,"Census Tract 79, Bronx County, New York",Bronx,6829,1128,4912,1099,4002,1155,551,251,91,147,163,252,183,168,114,113,359,209,152,126,0,19,207,181,1917,456,1197,451,0,19,0,19,102,113,0,19,1095,448,0,19,720,451,8,20,0,19,36,99,0,19,676,436,0,19
1400000US36005008300,"Census Tract 83, Bronx County, New York",Bronx,6287,1112,4615,973,3707,903,343,234,174,203,82,92,87,75,0,19,565,267,513,264,0,19,52,61,1672,638,733,389,0,19,0,19,43,52,0,19,690,390,0,19,939,426,2,4,0,19,36,59,0,19,901,420,0,19
1400000US36005008400,"Census Tract 84, Bronx County, New York",Bronx,3108,714,2360,565,1885,481,196,146,30,26,16,25,131,136,19,24,279,166,132,90,0,14,147,130,748,273,580,259,0,14,107,86,7,31,0,14,466,221,0,14,168,78,0,14,44,35,0,14,0,14,124,70,0,14
1400000US36005008500,"Census Tract 85, Bronx County, New York",Bronx,5866,643,4543,659,3657,592,520,288,204,188,21,32,295,200,0,19,366,212,346,206,0,19,20,51,1323,383,751,301,0,19,149,184,80,84,0,19,522,260,0,19,572,232,0,19,30,30,4,9,0,19,538,237,0,19
1400000US36005008600,"Census Tract 86, Bronx County, New York",Bronx,3849,929,2964,966,2158,757,233,240,0,14,0,14,192,230,41,65,573,274,322,185,89,113,162,174,885,301,644,245,0,14,108,151,41,48,0,14,495,221,0,14,241,147,0,14,14,19,26,41,0,14,201,138,0,14
1400000US36005008700,"Census Tract 87, Bronx County, New York",Bronx,5914,849,4468,798,3047,489,552,243,62,60,119,131,332,201,39,56,869,367,655,330,0,19,214,159,1446,348,694,278,0,19,0,19,183,128,0,19,511,235,0,19,752,298,12,26,0,19,159,153,0,19,581,260,0,19
1400000US36005008900,"Census Tract 89, Bronx County, New York",Bronx,2949,501,2282,535,1213,423,355,249,209,201,15,54,78,83,53,81,714,279,457,244,35,58,222,236,667,268,319,139,0,14,0,14,107,51,0,14,212,137,0,14,348,234,0,14,0,14,14,29,0,14,334,231,0,14
1400000US36005009000,"Census Tract 90, Bronx County, New York",Bronx,3861,608,2855,568,2200,487,299,191,54,60,78,122,160,132,7,24,356,212,276,197,0,14,80,122,1006,343,609,318,0,14,77,83,22,40,0,14,510,306,0,14,397,152,0,14,0,14,90,102,0,14,307,112,0,14
1400000US36005009200,"Census Tract 92, Bronx County, New York",Bronx,5888,776,3301,695,2818,713,107,83,24,56,0,19,0,19,83,51,376,194,270,171,0,19,106,100,2587,687,1271,344,10,19,537,192,101,131,0,19,623,326,0,19,1316,541,0,19,614,410,60,113,0,19,642,424,0,19
1400000US36005009301,"Census Tract 93.01, Bronx County, New York",Bronx,5754,1102,3969,811,3218,792,349,190,102,110,28,48,200,174,19,31,402,174,227,109,0,19,175,161,1785,645,681,320,0,19,0,19,95,102,0,19,586,316,0,19,1104,639,25,53,0,19,111,126,0,19,968,623,0,19
1400000US36005009302,"Census Tract 93.02, Bronx County, New York",Bronx,319,306,298,260,236,253,33,42,11,14,0,14,22,28,0,14,29,16,7,18,0,14,22,28,21,51,0,14,0,14,0,14,0,14,0,14,0,14,0,14,21,51,0,14,14,50,0,14,0,14,7,18,0,14
1400000US36005009600,"Census Tract 96, Bronx County, New York",Bronx,1978,353,1122,217,813,198,107,73,19,24,0,14,76,60,12,14,202,68,146,48,0,14,56,49,856,229,511,178,0,14,151,64,7,11,0,14,353,180,0,14,345,131,27,40,167,114,24,35,0,14,127,73,0,14
1400000US36005009800,"Census Tract 98, Bronx County, New York",Bronx,4080,782,2481,588,1779,441,297,343,32,54,0,14,265,336,0,14,405,216,380,216,0,14,25,41,1599,633,1162,509,0,14,121,147,0,14,0,14,1041,486,0,14,437,292,0,14,80,97,0,14,0,14,357,318,0,14
1400000US36005011000,"Census Tract 110, Bronx County, New York",Bronx,0,14,0,14,0,14,0,14,0,14,0,14,0,14,0,14,0,14,0,14,0,14,0,14,0,14,0,14,0,14,0,14,0,14,0,14,0,14,0,14,0,14,0,14,0,14,0,14,0,14,0,14,0,14
1400000US36005011502,"Census Tract 115.02, Bronx County, New York",Bronx,3935,838,2812,892,2218,907,157,190,6,17,0,14,151,189,0,14,437,195,312,173,23,55,102,107,1123,285,707,249,0,14,0,14,115,145,0,14,592,184,0,14,416,208,0,14,0,14,11,28,0,14,405,210,0,14
1400000US36005011701,"Census Tract 117.01, Bronx County, New York",Bronx,1262,286,814,150,672,183,80,77,27,41,0,14,53,61,0,14,62,40,58,43,0,14,4,14,448,182,194,82,0,14,0,14,46,51,0,14,148,75,0,14,254,181,0,14,0,14,15,22,0,14,239,191,0,14
1400000US36005011702,"Census Tract 117.02, Bronx County, New York",Bronx,0,14,0,14,0,14,0,14,0,14,0,14,0,14,0,14,0,14,0,14,0,14,0,14,0,14,0,14,0,14,0,14,0,14,0,14,0,14,0,14,0,14,0,14,0,14,0,14,0,14,0,14,0,14
1400000US36005011800,"Census Tract 118, Bronx County, New York",Bronx,5057,645,4633,559,3587,490,809,269,484,181,100,124,178,84,47,55,237,135,79,71,0,19,158,114,424,235,270,210,42,36,71,66,9,18,0,19,148,197,0,19,154,88,29,30,64,56,0,19,0,19,61,73,0,19
1400000US36005011900,"Census Tract 119, Bronx County, New York",Bronx,5879,1062,4223,1189,2917,738,896,953,86,105,0,19,810,951,0,19,410,162,244,110,13,20,153,89,1656,381,1086,312,38,61,0,19,175,118,0,19,873,293,0,19,570,208,0,19,3,9,107,109,0,19,460,191,0,19
1400000US36005012101,"Census Tract 121.01, Bronx County, New York",Bronx,3293,527,2081,490,1618,450,183,92,52,61,21,17,110,70,0,14,280,127,278,127,0,14,2,3,1212,406,714,275,3,10,24,29,186,179,0,14,501,230,0,14,498,226,0,14,0,14,109,124,0,14,389,225,0,14
1400000US36005012102,"Census Tract 121.02, Bronx County, New York",Bronx,1429,258,1050,185,803,165,114,54,50,36,0,14,64,42,0,14,133,119,118,115,15,22,0,14,379,174,214,104,0,14,0,14,55,67,0,14,159,74,0,14,165,122,0,14,0,14,0,14,0,14,165,122,0,14
1400000US36005012300,"Census Tract 123, Bronx County, New York",Bronx,4712,913,3576,735,2892,635,353,394,44,70,0,14,304,385,5,8,331,271,194,153,19,32,118,193,1136,425,710,378,0,14,41,49,428,330,0,14,241,134,0,14,426,204,40,64,14,27,163,150,0,14,209,118,0,14
1400000US36005012500,"Census Tract 125, Bronx County, New York",Bronx,4001,604,2798,633,2301,576,66,63,18,29,0,14,32,40,16,25,431,206,193,136,48,57,190,136,1203,328,728,234,0,14,0,14,53,85,0,14,643,217,32,49,475,189,0,14,0,14,53,86,0,14,422,179,0,14
1400000US36005012701,"Census Tract 127.01, Bronx County, New York",Bronx,2129,578,1643,596,1003,431,350,394,27,44,0,14,320,394,3,10,290,96,232,76,0,14,58,78,486,186,301,152,8,17,0,14,3,8,0,14,290,150,0,14,185,105,0,14,0,14,41,63,0,14,144,87,0,14
1400000US36005012901,"Census Tract 129.01, Bronx County, New York",Bronx,4944,1045,3238,556,2467,451,314,207,112,148,0,14,202,154,0,14,457,185,235,127,0,14,222,154,1706,721,711,334,0,14,0,14,29,41,0,14,682,336,0,14,995,680,0,14,0,14,185,314,0,14,810,615,0,14
1400000US36005013000,"Census Tract 130, Bronx County, New York",Bronx,1388,429,1022,414,900,422,0,14,0,14,0,14,0,14,0,14,122,86,50,49,0,14,72,81,366,124,261,118,90,73,0,14,0,14,0,14,171,113,0,14,105,74,22,35,0,14,0,14,0,14,83,63,0,14
1400000US36005013100,"Census Tract 131, Bronx County, New York",Bronx,5288,703,3973,684,2743,493,532,275,74,100,9,23,427,262,22,36,698,432,606,370,0,19,92,104,1315,305,587,244,0,19,0,19,28,44,0,19,559,248,0,19,728,230,6,17,0,19,65,93,0,19,657,237,0,19
1400000US36005013200,"Census Tract 132, Bronx County, New York",Bronx,7083,1032,5002,830,4490,806,201,146,79,112,97,110,0,19,25,37,311,166,260,164,0,19,51,60,2081,670,1668,702,158,124,367,229,0,19,0,19,1123,696,20,33,413,267,0,19,41,63,125,201,0,19,247,164,0,19
1400000US36005013300,"Census Tract 133, Bronx County, New York",Bronx,6087,958,4487,793,3476,765,367,509,0,19,0,19,367,509,0,19,644,528,217,175,0,19,427,496,1600,618,946,397,0,19,115,204,103,148,0,19,728,351,0,19,654,510,0,19,0,19,0,19,0,19,654,510,0,19
1400000US36005013500,"Census Tract 135, Bronx County, New York",Bronx,4075,1056,2387,605,1850,615,372,280,10,17,189,254,173,132,0,14,165,157,138,154,0,14,27,44,1688,951,1167,672,0,14,0,14,0,14,0,14,1167,672,0,14,521,527,0,14,36,55,128,242,0,14,357,473,0,14
1400000US36005013800,"Census Tract 138, Bronx County, New York",Bronx,3062,475,2545,347,2206,321,135,89,114,80,0,14,21,37,0,14,204,134,20,28,0,14,184,125,517,262,356,200,29,30,130,178,0,14,0,14,197,99,0,14,161,130,0,14,62,73,0,14,0,14,99,85,0,14
1400000US36005014100,"Census Tract 141, Bronx County, New York",Bronx,7856,860,6169,733,5003,757,265,179,9,21,5,10,168,144,83,69,901,423,614,370,4,10,283,261,1687,594,1028,392,5,10,0,19,422,287,0,19,601,270,0,19,659,365,0,19,0,19,149,129,0,19,510,342,0,19
1400000US36005014300,"Census Tract 143, Bronx County, New York",Bronx,1647,238,1007,118,786,132,82,56,28,43,0,14,36,27,18,25,139,95,64,59,0,14,75,53,640,216,422,180,0,14,71,90,92,42,0,14,259,154,0,14,218,101,0,14,10,14,28,38,0,14,180,100,0,14
1400000US36005014400,"Census Tract 144, Bronx County, New York",Bronx,6128,937,4787,742,3824,723,316,188,147,152,0,19,169,121,0,19,647,228,598,227,32,50,17,30,1341,633,687,317,40,65,82,106,0,19,0,19,565,318,0,19,654,562,0,19,0,19,0,19,0,19,654,562,0,19
1400000US36005014500,"Census Tract 145, Bronx County, New York",Bronx,6899,1481,5682,1457,5107,1379,354,266,31,49,7,17,316,256,0,19,221,115,123,84,7,17,91,82,1217,462,862,354,25,43,30,48,345,256,0,19,462,205,0,19,355,220,0,19,0,19,91,137,0,19,264,212,0,19
1400000US36005014701,"Census Tract 147.01, Bronx County, New York",Bronx,6094,1538,4989,1359,4470,1403,275,178,0,19,19,46,256,171,0,19,244,185,185,156,0,19,59,93,1105,389,797,334,0,19,0,19,0,19,0,19,797,334,0,19,308,262,0,19,0,19,26,117,0,19,282,237,0,19
1400000US36005014702,"Census Tract 147.02, Bronx County, New York",Bronx,4950,958,3756,879,2977,833,206,155,75,85,13,45,118,107,0,14,573,409,421,397,0,14,152,111,1194,324,646,215,40,46,0,14,188,90,0,14,418,166,0,14,548,227,0,14,0,14,167,190,0,14,381,206,0,14
1400000US36005014900,"Census Tract 149, Bronx County, New York",Bronx,4714,1212,3574,1040,2854,941,300,123,105,84,16,25,151,101,28,38,420,242,121,103,0,14,299,252,1140,431,624,365,0,14,0,14,173,171,0,14,451,262,0,14,516,332,23,50,0,14,237,247,0,14,256,189,0,14
1400000US36005015100,"Census Tract 151, Bronx County, New York",Bronx,5216,1010,3561,784,2591,755,616,433,55,68,92,142,469,412,0,19,354,251,188,134,0,19,166,166,1655,677,685,238,0,19,54,77,257,170,0,19,374,228,0,19,970,582,0,19,61,88,198,141,0,19,711,603,0,19
1400000US36005015200,"Census Tract 152, Bronx County, New York",Bronx,2562,467,2038,399,1583,312,119,129,0,14,17,27,102,122,0,14,336,150,216,132,0,14,120,101,524,222,307,124,59,60,12,15,26,26,0,14,210,106,0,14,217,176,10,15,0,14,20,22,0,14,187,174,0,14
1400000US36005015300,"Census Tract 153, Bronx County, New York",Bronx,3603,710,2795,640,2182,684,357,273,222,229,10,17,125,104,0,14,256,171,163,124,18,29,75,117,808,334,532,257,0,14,0,14,43,65,0,14,489,243,0,14,276,190,7,16,0,14,83,99,0,14,186,164,0,14
1400000US36005015500,"Census Tract 155, Bronx County, New York",Bronx,3016,639,2021,549,1673,555,124,79,65,72,3,8,54,57,2,9,224,106,193,109,0,14,31,37,995,354,529,192,0,14,11,19,42,68,0,14,476,187,0,14,466,262,0,14,0,14,3,11,0,14,463,261,0,14
1400000US36005015700,"Census Tract 157, Bronx County, New York",Bronx,6152,968,3157,600,2473,528,379,295,38,54,0,19,326,255,15,24,305,119,141,87,21,40,143,88,2995,850,1369,564,0,19,287,376,257,211,0,19,825,272,0,19,1626,603,93,113,81,117,372,302,0,19,1080,455,0,19
1400000US36005015800,"Census Tract 158, Bronx County, New York",Bronx,1490,289,1161,201,1008,177,6,10,6,10,0,14,0,14,0,14,147,72,115,60,0,14,32,41,329,167,189,54,36,31,47,45,35,29,0,14,71,56,0,14,140,143,0,14,17,20,15,30,0,14,108,136,0,14
1400000US36005015900,"Census Tract 159, Bronx County, New York",Bronx,2407,489,1854,355,1569,381,102,68,0,14,6,13,96,69,0,14,183,137,108,63,0,14,75,124,553,252,341,215,0,14,56,78,0,14,0,14,285,200,0,14,212,151,0,14,0,14,73,111,0,14,139,111,0,14
1400000US36005016000,"Census Tract 160, Bronx County, New York",Bronx,3848,562,3114,521,2886,512,98,77,47,60,11,15,40,46,0,14,130,80,34,31,0,14,96,64,734,349,307,148,44,50,120,70,27,43,0,14,116,103,0,14,427,254,33,54,91,73,0,14,0,14,303,239,0,14
1400000US36005016100,"Census Tract 161, Bronx County, New York",Bronx,4703,695,3638,540,3004,498,210,145,126,119,0,14,84,75,0,14,424,234,424,234,0,14,0,14,1065,459,662,309,0,14,0,14,44,56,0,14,618,302,0,14,403,305,0,14,23,40,0,14,0,14,380,317,0,14
1400000US36005016200,"Census Tract 162, Bronx County, New York",Bronx,1885,403,1541,357,1263,311,113,68,29,22,6,10,44,32,34,32,165,79,97,57,0,14,68,49,344,142,232,108,23,22,16,19,15,23,0,14,178,104,0,14,112,66,9,11,21,22,5,10,0,14,77,61,0,14
1400000US36005016300,"Census Tract 163, Bronx County, New York",Bronx,0,14,0,14,0,14,0,14,0,14,0,14,0,14,0,14,0,14,0,14,0,14,0,14,0,14,0,14,0,14,0,14,0,14,0,14,0,14,0,14,0,14,0,14,0,14,0,14,0,14,0,14,0,14
1400000US36005016400,"Census Tract 164, Bronx County, New York",Bronx,1132,310,688,249,643,253,19,18,0,14,0,14,13,15,6,11,26,27,4,6,0,14,22,26,444,186,358,126,72,60,139,110,31,40,0,14,116,75,0,14,86,81,1,3,61,76,0,14,0,14,24,36,0,14
1400000US36005016500,"Census Tract 165, Bronx County, New York",Bronx,1311,285,880,201,695,194,116,94,11,17,14,21,78,84,13,19,69,63,5,7,0,14,64,62,431,190,256,134,0,14,0,14,54,51,0,14,202,133,0,14,175,100,0,14,0,14,61,57,0,14,114,90,0,14
1400000US36005016600,"Census Tract 166, Bronx County, New York",Bronx,2395,399,2050,377,1886,375,62,47,8,13,34,43,10,19,10,11,102,60,94,60,0,14,8,16,345,114,303,109,24,31,36,23,43,47,0,14,200,76,0,14,42,33,7,13,24,23,1,2,0,14,10,13,0,14
1400000US36005016700,"Census Tract 167, Bronx County, New York",Bronx,3015,400,2303,349,2044,347,102,71,19,42,0,14,73,68,10,23,157,90,138,82,0,14,19,38,712,191,393,158,0,14,0,14,162,78,0,14,231,119,0,14,319,147,0,14,0,14,54,42,0,14,265,136,0,14
1400000US36005016900,"Census Tract 169, Bronx County, New York",Bronx,1944,312,1526,297,1341,271,91,48,51,50,0,14,40,53,0,14,94,80,52,49,0,14,42,60,418,146,251,95,9,20,5,10,48,49,0,14,189,81,0,14,167,99,0,14,0,14,49,56,0,14,118,81,0,14
1400000US36005017100,"Census Tract 171, Bronx County, New York",Bronx,0,14,0,14,0,14,0,14,0,14,0,14,0,14,0,14,0,14,0,14,0,14,0,14,0,14,0,14,0,14,0,14,0,14,0,14,0,14,0,14,0,14,0,14,0,14,0,14,0,14,0,14,0,14
1400000US36005017300,"Census Tract 173, Bronx County, New York",Bronx,5266,984,3435,1157,2872,1008,410,500,68,112,0,19,188,194,154,214,153,135,53,76,0,19,100,131,1831,597,1059,404,0,19,22,40,443,188,0,19,594,353,0,19,772,340,0,19,0,19,11,26,0,19,761,332,0,19
1400000US36005017500,"Census Tract 175, Bronx County, New York",Bronx,6264,976,4582,953,3649,977,561,320,102,113,0,19,459,287,0,19,372,176,308,176,0,19,64,70,1682,633,979,433,0,19,0,19,240,150,0,19,739,417,0,19,703,458,0,19,0,19,365,336,0,19,338,302,0,19
1400000US36005017701,"Census Tract 177.01, Bronx County, New York",Bronx,5395,828,2105,718,1446,701,274,297,185,300,0,19,81,55,8,15,385,190,221,169,9,19,155,125,3290,871,878,322,0,19,28,40,110,81,0,19,740,281,0,19,2412,874,0,19,41,68,554,411,0,19,1817,999,0,19
1400000US36005017702,"Census Tract 177.02, Bronx County, New York",Bronx,5232,1071,2927,1021,2138,723,485,457,121,170,146,196,218,226,0,19,304,293,51,48,0,19,253,289,2305,668,1483,496,0,19,257,313,500,301,0,19,726,323,0,19,822,410,9,21,33,54,276,263,0,19,504,321,0,19
1400000US36005017901,"Census Tract 179.01, Bronx County, New York",Bronx,4968,876,2776,476,2227,465,259,132,100,88,0,14,159,94,0,14,290,130,83,68,0,14,207,98,2192,773,940,250,0,14,112,103,53,56,0,14,775,256,0,14,1252,716,0,14,47,63,54,102,0,14,1151,718,0,14
1400000US36005017902,"Census Tract 179.02, Bronx County, New York",Bronx,3030,729,1882,680,1450,469,181,160,0,14,0,14,181,160,0,14,251,210,24,28,0,14,227,212,1148,367,471,233,0,14,0,14,82,81,0,14,389,217,0,14,677,326,0,14,0,14,77,69,0,14,600,324,0,14
1400000US36005018101,"Census Tract 181.01, Bronx County, New York",Bronx,2881,709,1877,562,1326,468,357,252,80,124,19,30,258,223,0,14,194,143,80,79,50,75,64,87,1004,339,633,246,0,14,0,14,52,65,0,14,581,243,0,14,371,186,0,14,1,2,67,97,0,14,303,184,0,14
1400000US36005018102,"Census Tract 181.02, Bronx County, New York",Bronx,5324,919,3258,854,2452,563,283,133,70,69,34,44,125,76,54,60,523,528,66,82,0,19,457,523,2066,425,1056,330,5,10,0,19,373,230,54,90,624,205,0,19,1010,331,0,19,0,19,223,109,0,19,787,348,0,19
1400000US36005018301,"Census Tract 183.01, Bronx County, New York",Bronx,3933,561,2340,469,1617,428,599,232,135,103,87,79,258,111,119,80,124,68,53,48,0,14,71,48,1593,358,1033,259,14,21,53,50,109,82,0,14,788,244,69,111,560,206,0,14,63,59,59,52,0,14,438,206,0,14
1400000US36005018302,"Census Tract 183.02, Bronx County, New York",Bronx,3295,589,2324,499,1792,516,287,158,104,84,26,40,157,129,0,14,245,144,80,75,0,14,165,128,971,343,502,205,0,14,1,2,96,112,0,14,405,197,0,14,469,273,0,14,0,14,0,14,0,14,469,273,0,14
1400000US36005018400,"Census Tract 184, Bronx County, New York",Bronx,3886,669,2856,577,2102,400,237,163,167,142,62,78,8,15,0,14,517,346,81,80,0,14,436,347,1030,341,554,250,180,112,106,76,0,14,0,14,268,194,0,14,476,228,176,166,156,137,0,14,0,14,144,135,0,14
1400000US36005018501,"Census Tract 185.01, Bronx County, New York",Bronx,3775,706,2476,592,2021,494,88,86,56,65,0,14,32,55,0,14,367,222,333,215,0,14,34,60,1299,435,727,383,2,5,0,14,349,340,0,14,376,196,0,14,572,411,3,6,0,14,355,337,0,14,214,248,0,14
1400000US36005018502,"Census Tract 185.02, Bronx County, New York",Bronx,5525,1011,4441,1026,3790,892,463,259,259,197,47,84,157,132,0,19,188,131,72,91,0,19,116,79,1084,346,865,360,0,19,0,19,114,120,0,19,751,366,0,19,219,187,22,43,0,19,50,43,0,19,147,172,0,19
1400000US36005018900,"Census Tract 189, Bronx County, New York",Bronx,8244,1042,6173,973,4931,964,730,278,342,202,33,53,267,185,88,83,512,301,164,109,0,19,348,275,2071,470,1059,341,67,90,46,87,0,19,0,19,921,322,25,54,1012,335,0,19,24,39,10,25,0,19,968,324,10,16
1400000US36005019300,"Census Tract 193, Bronx County, New York",Bronx,5949,987,5072,935,3850,720,427,224,51,71,0,19,268,180,108,123,795,722,276,211,436,669,83,118,877,467,481,384,0,19,0,19,225,274,0,19,256,214,0,19,396,182,77,73,0,19,0,19,0,19,319,166,0,19
1400000US36005019400,"Census Tract 194, Bronx County, New York",Bronx,2117,350,1579,358,1206,340,140,58,42,46,8,11,18,18,72,31,233,90,143,58,0,14,90,85,538,167,276,94,40,32,74,44,27,27,0,14,135,84,0,14,262,127,33,50,14,22,0,14,0,14,215,104,0,14
1400000US36005019500,"Census Tract 195, Bronx County, New York",Bronx,7738,1832,5034,1188,4084,1045,643,355,271,206,210,184,155,200,7,17,307,211,210,159,0,19,97,111,2704,1429,1351,477,0,19,12,28,278,256,0,19,1061,412,0,19,1353,1168,0,19,0,19,970,1154,0,19,383,208,0,19
1400000US36005019700,"Census Tract 197, Bronx County, New York",Bronx,7628,1188,4710,1149,3724,1067,653,468,385,473,0,19,268,155,0,19,333,226,118,113,0,19,215,200,2918,789,1716,667,0,19,162,115,359,280,0,19,1195,604,0,19,1202,462,11,22,73,57,242,229,0,19,876,425,0,19
1400000US36005019900,"Census Tract 199, Bronx County, New York",Bronx,6852,1230,3584,880,2848,790,263,222,37,57,32,52,194,198,0,19,473,335,146,131,0,19,327,310,3268,985,1840,642,0,19,0,19,303,364,0,19,1537,546,0,19,1428,636,0,19,0,19,507,464,0,19,921,486,0,19
1400000US36005020000,"Census Tract 200, Bronx County, New York",Bronx,4419,571,2462,441,2239,446,39,43,0,14,0,14,39,43,0,14,184,85,125,70,0,14,59,58,1957,459,1082,216,48,54,619,153,0,14,0,14,415,169,0,14,875,359,0,14,263,165,0,14,0,14,612,317,0,14
1400000US36005020100,"Census Tract 201, Bronx County, New York",Bronx,3845,662,2344,402,1848,389,120,123,32,48,0,14,46,53,42,77,376,243,95,95,45,69,236,234,1501,507,722,304,0,14,14,22,114,124,0,14,594,285,0,14,779,369,158,230,0,14,0,14,0,14,621,303,0,14
1400000US36005020200,"Census Tract 202, Bronx County, New York",Bronx,2602,354,1642,303,1234,212,82,52,0,14,5,8,77,52,0,14,326,234,318,234,0,14,8,16,960,223,481,147,0,14,206,98,0,14,0,14,275,114,0,14,479,171,44,55,89,59,13,19,0,14,333,163,0,14
1400000US36005020400,"Census Tract 204, Bronx County, New York",Bronx,2829,520,1692,478,1444,464,99,89,40,44,0,14,11,16,48,77,149,90,101,77,1,3,47,48,1137,319,709,213,0,14,313,142,0,14,0,14,396,205,0,14,428,184,0,14,70,65,69,108,0,14,289,169,0,14
1400000US36005020501,"Census Tract 205.01, Bronx County, New York",Bronx,8397,1216,5379,1179,4770,1111,198,184,124,164,0,19,74,77,0,19,411,263,329,218,0,19,82,159,3018,594,1656,407,55,82,0,19,425,385,0,19,1176,399,0,19,1362,512,0,19,0,19,401,439,0,19,961,359,0,19
1400000US36005020502,"Census Tract 205.02, Bronx County, New York",Bronx,2331,375,1349,313,1145,290,152,83,29,47,56,57,67,48,0,14,52,45,25,32,15,23,12,17,982,223,515,154,0,14,0,14,60,71,0,14,455,144,0,14,467,172,0,14,23,46,91,98,0,14,353,153,0,14
1400000US36005020601,"Census Tract 206.01, Bronx County, New York",Bronx,2852,638,1281,335,1060,316,43,54,10,17,1,3,32,51,0,14,178,103,98,95,0,14,80,48,1571,543,1291,507,0,14,783,465,15,24,0,14,493,148,0,14,280,143,0,14,84,59,0,14,0,14,196,127,0,14
1400000US36005020900,"Census Tract 209, Bronx County, New York",Bronx,4809,787,2461,463,2018,459,158,98,13,20,42,45,80,70,23,35,285,171,156,121,0,14,129,131,2348,664,1278,395,19,30,0,14,214,127,0,14,1045,421,0,14,1070,468,0,14,10,23,231,242,0,14,829,394,0,14
1400000US36005021001,"Census Tract 210.01, Bronx County, New York",Bronx,7347,1080,4605,733,3751,670,490,258,57,67,2,5,372,247,59,91,364,184,364,184,0,19,0,19,2742,820,1565,608,9,19,573,352,240,236,0,19,743,377,0,19,1177,579,0,19,216,182,573,483,0,19,388,255,0,19
1400000US36005021002,"Census Tract 210.02, Bronx County, New York",Bronx,7434,1507,5139,1531,4155,1289,457,206,47,67,94,136,196,104,120,106,527,363,78,95,0,19,449,367,2295,502,1791,493,0,19,642,274,382,344,0,19,767,328,0,19,504,222,0,19,306,203,0,19,0,19,198,128,0,19
1400000US36005021100,"Census Tract 211, Bronx County, New York",Bronx,5922,1104,3669,962,3267,921,155,102,19,24,5,19,131,101,0,19,247,204,220,200,0,19,27,32,2253,583,1607,535,0,19,0,19,168,140,0,19,1439,535,0,19,646,284,87,109,0,19,75,68,0,19,484,265,0,19
1400000US36005021200,"Census Tract 212, Bronx County, New York",Bronx,5322,749,3188,522,2416,424,384,194,98,117,38,42,235,124,13,26,388,244,112,95,30,46,246,218,2134,547,1319,406,0,19,843,383,143,104,0,19,333,141,0,19,815,419,0,19,529,383,18,36,0,19,268,288,0,19
1400000US36005021301,"Census Tract 213.01, Bronx County, New York",Bronx,1289,589,811,600,613,428,81,125,0,14,37,71,44,57,0,14,117,75,49,54,0,14,68,65,478,140,263,120,0,14,0,14,26,65,0,14,237,90,0,14,215,99,0,14,0,14,0,14,0,14,215,99,0,14
1400000US36005021302,"Census Tract 213.02, Bronx County, New York",Bronx,5898,980,3382,846,2430,658,304,148,87,96,0,19,105,129,112,61,648,541,527,533,0,19,121,105,2516,622,1832,632,0,19,0,19,616,274,0,19,1216,601,0,19,684,329,0,19,0,19,80,126,0,19,604,309,0,19
1400000US36005021501,"Census Tract 215.01, Bronx County, New York",Bronx,4346,897,2871,845,2374,803,102,86,63,81,20,34,19,3,0,14,395,244,184,110,0,14,211,206,1475,453,794,299,0,14,52,83,51,51,0,14,691,288,0,14,681,277,0,14,0,14,58,32,0,14,623,277,0,14
1400000US36005021502,"Census Tract 215.02, Bronx County, New York",Bronx,6235,1008,3608,816,3322,835,185,135,3,7,0,19,182,134,0,19,101,86,101,86,0,19,0,19,2627,845,1310,368,0,19,0,19,168,148,0,19,1142,378,0,19,1317,770,7,17,2,4,42,82,0,19,1266,760,0,19
1400000US36005021601,"Census Tract 216.01, Bronx County, New York",Bronx,4118,761,2333,614,1839,546,132,230,31,234,8,20,73,81,20,29,362,150,244,108,0,14,118,103,1785,368,450,193,0,14,60,99,28,28,0,14,362,162,0,14,1335,334,23,29,51,133,10,23,0,14,1251,330,0,14
1400000US36005021602,"Census Tract 216.02, Bronx County, New York",Bronx,6027,1028,3107,564,2764,541,92,67,41,48,15,25,20,35,16,27,251,137,62,56,0,19,189,132,2920,866,1797,520,21,34,859,509,165,113,0,19,752,283,0,19,1123,630,0,19,554,351,62,50,0,19,507,518,0,19
1400000US36005021700,"Census Tract 217, Bronx County, New York",Bronx,5006,849,2623,705,1958,567,292,195,53,85,62,56,72,81,105,132,373,233,220,158,81,127,72,85,2383,563,1123,282,0,19,50,66,367,214,0,19,706,326,0,19,1260,525,54,91,27,44,135,144,0,19,1044,521,0,19
1400000US36005021800,"Census Tract 218, Bronx County, New York",Bronx,6050,997,4193,984,3146,555,150,79,33,40,20,32,68,42,29,45,897,573,629,569,0,19,268,184,1857,464,984,395,18,30,88,99,78,102,0,19,800,398,0,19,873,306,46,61,23,33,144,133,0,19,639,268,21,44
1400000US36005021900,"Census Tract 219, Bronx County, New York",Bronx,1488,153,829,138,608,95,106,73,14,22,32,52,47,24,13,20,115,73,105,72,0,14,10,12,659,155,196,98,0,14,0,14,0,14,0,14,196,98,0,14,463,107,0,14,7,10,0,14,0,14,456,106,0,14
1400000US36005022000,"Census Tract 220, Bronx County, New York",Bronx,1872,349,1309,236,1060,257,112,105,9,19,6,9,49,54,48,57,137,63,105,44,0,14,32,35,563,194,233,100,0,14,13,22,38,32,0,14,182,94,0,14,330,132,7,10,29,40,23,36,0,14,271,121,0,14
1400000US36005022101,"Census Tract 221.01, Bronx County, New York",Bronx,3752,746,1873,353,1602,296,135,92,43,45,16,26,76,68,0,14,136,124,42,59,0,14,94,90,1879,673,839,395,0,14,15,77,132,188,0,14,692,287,0,14,1040,588,0,14,6,30,31,49,0,14,1003,582,0,14
1400000US36005022102,"Census Tract 221.02, Bronx County, New York",Bronx,5144,915,2659,562,2200,522,25,37,0,19,0,19,25,37,0,19,434,212,98,85,18,29,318,195,2485,565,917,274,0,19,0,19,198,202,0,19,719,204,0,19,1568,524,0,19,38,58,225,192,0,19,1305,494,0,19
1400000US36005022200,"Census Tract 222, Bronx County, New York",Bronx,3330,482,1638,318,1276,261,174,106,66,63,0,14,79,73,29,38,188,132,24,32,0,14,164,133,1692,408,928,275,0,14,518,190,0,14,0,14,410,176,0,14,764,279,6,16,254,194,16,21,0,14,488,211,0,14
1400000US36005022300,"Census Tract 223, Bronx County, New York",Bronx,4867,893,2689,602,2155,501,122,101,52,79,0,14,70,74,0,14,412,182,251,130,0,14,161,164,2178,594,1265,388,0,14,0,14,58,82,0,14,1207,400,0,14,913,365,0,14,0,14,36,51,0,14,877,371,0,14
1400000US36005022401,"Census Tract 224.01, Bronx County, New York",Bronx,2433,391,1822,366,1359,385,85,61,31,41,21,22,33,40,0,14,378,138,152,107,0,14,226,123,611,253,230,122,33,38,73,90,0,14,0,14,124,70,0,14,381,206,60,76,48,54,18,28,0,14,255,181,0,14
1400000US36005022403,"Census Tract 224.03, Bronx County, New York",Bronx,2782,512,2022,466,1415,355,252,142,100,76,23,28,88,105,41,65,355,198,76,74,0,14,279,194,760,240,331,145,0,14,62,72,0,14,0,14,269,130,0,14,429,207,73,112,1,3,0,14,0,14,355,182,0,14
1400000US36005022404,"Census Tract 224.04, Bronx County, New York",Bronx,4292,593,3158,423,2326,399,361,143,136,88,42,43,143,105,40,50,471,188,136,83,0,14,335,190,1134,372,658,308,57,45,75,60,8,13,0,14,518,292,0,14,476,241,0,14,52,44,38,44,0,14,386,238,0,14
1400000US36005022500,"Census Tract 225, Bronx County, New York",Bronx,8040,1518,4613,858,4206,851,164,163,12,14,12,28,124,157,16,30,243,136,155,125,0,19,88,77,3427,842,2001,705,42,60,0,19,156,115,0,19,1803,690,0,19,1426,377,0,19,43,73,157,136,0,19,1226,348,0,19
1400000US36005022701,"Census Tract 227.01, Bronx County, New York",Bronx,4942,666,2866,698,2456,667,237,134,53,58,24,27,140,97,20,29,173,165,49,50,1,4,123,157,2076,613,1106,395,14,23,0,14,335,268,0,14,757,368,0,14,970,388,0,14,12,20,412,269,0,14,546,319,0,14
1400000US36005022702,"Census Tract 227.02, Bronx County, New York",Bronx,1071,208,453,163,344,146,104,66,51,54,0,14,53,43,0,14,5,12,0,14,0,14,5,12,618,160,372,154,0,14,0,14,41,50,0,14,331,143,0,14,246,115,0,14,18,26,46,48,0,14,182,97,0,14
1400000US36005022703,"Census Tract 227.03, Bronx County, New York",Bronx,1685,637,1012,618,868,619,106,83,72,66,0,14,25,25,9,15,38,42,27,39,11,18,0,14,673,174,249,107,10,15,9,14,0,14,0,14,230,110,0,14,424,117,0,14,45,42,46,72,0,14,333,140,0,14
1400000US36005022800,"Census Tract 228, Bronx County, New York",Bronx,5744,842,4604,797,3591,732,271,138,32,47,59,73,123,79,57,78,742,375,195,197,0,19,547,342,1140,364,537,230,122,98,140,117,0,19,0,19,275,177,0,19,603,273,81,72,184,137,0,19,0,19,338,232,0,19
1400000US36005022901,"Census Tract 229.01, Bronx County, New York",Bronx,5927,794,3244,645,2510,744,296,152,119,87,35,41,142,120,0,19,438,369,123,99,0,19,315,336,2683,643,1214,386,15,22,0,19,275,166,0,19,924,361,0,19,1469,534,18,26,15,23,191,163,0,19,1245,535,0,19
1400000US36005022902,"Census Tract 229.02, Bronx County, New York",Bronx,3378,677,1836,524,1504,445,98,82,54,64,0,14,44,48,0,14,234,230,75,90,0,14,159,176,1542,327,640,331,0,14,0,14,0,14,0,14,640,331,0,14,902,280,0,14,0,14,232,152,0,14,670,271,0,14
1400000US36005023000,"Census Tract 230, Bronx County, New York",Bronx,2889,618,1612,449,1255,340,28,30,0,14,10,16,0,14,18,26,329,192,119,141,0,14,210,125,1277,449,548,262,0,14,187,131,0,14,0,14,361,210,0,14,729,397,50,79,438,369,3,7,0,14,238,177,0,14
1400000US36005023100,"Census Tract 231, Bronx County, New York",Bronx,1420,312,843,279,565,238,76,67,0,14,40,38,36,35,0,14,202,159,132,135,1,2,69,101,577,221,240,120,0,14,58,74,150,77,0,14,32,35,0,14,337,167,42,51,0,14,239,141,0,14,56,54,0,14
1400000US36005023200,"Census Tract 232, Bronx County, New York",Bronx,2626,397,1821,357,1339,349,61,48,0,14,16,26,45,40,0,14,421,172,95,103,0,14,326,131,805,163,237,66,36,27,84,39,0,14,0,14,117,49,0,14,568,160,103,68,132,85,25,29,0,14,308,136,0,14
1400000US36005023301,"Census Tract 233.01, Bronx County, New York",Bronx,3841,512,1729,495,1514,503,46,47,25,29,0,14,21,37,0,14,169,101,104,72,0,14,65,63,2112,430,1174,423,19,40,15,23,103,110,0,14,1037,387,0,14,938,355,0,14,0,14,154,118,84,129,700,281,0,14
1400000US36005023302,"Census Tract 233.02, Bronx County, New York",Bronx,3955,658,2047,517,1645,492,120,103,18,29,0,14,72,70,30,50,282,206,83,77,0,14,199,190,1908,474,711,271,0,14,0,14,42,62,0,14,669,271,0,14,1197,415,0,14,0,14,221,246,0,14,976,324,0,14
1400000US36005023501,"Census Tract 235.01, Bronx County, New York",Bronx,2963,588,1475,522,1178,555,181,198,181,198,0,14,0,14,0,14,116,99,29,29,0,14,87,95,1488,396,623,237,0,14,1,3,57,69,0,14,565,253,0,14,865,339,0,14,0,14,76,107,0,14,789,394,0,14
1400000US36005023502,"Census Tract 235.02, Bronx County, New York",Bronx,4490,988,2769,959,2469,974,53,60,0,14,0,14,53,60,0,14,247,159,210,154,0,14,37,40,1721,338,891,233,0,14,0,14,78,68,0,14,813,237,0,14,830,296,0,14,0,14,52,64,0,14,778,303,0,14
1400000US36005023600,"Census Tract 236, Bronx County, New York",Bronx,1782,373,1037,329,790,308,67,52,27,25,21,32,17,26,2,3,180,77,63,45,0,14,117,64,745,186,234,111,53,66,38,39,25,30,0,14,118,85,0,14,511,169,86,78,63,59,5,21,0,14,357,169,0,14
1400000US36005023702,"Census Tract 237.02, Bronx County, New York",Bronx,1021,476,411,247,332,238,17,22,0,14,0,14,17,22,0,14,62,46,31,25,0,14,31,40,610,270,310,187,0,14,0,14,130,186,0,14,180,78,0,14,300,115,0,14,0,14,61,76,0,14,239,99,0,14
1400000US36005023703,"Census Tract 237.03, Bronx County, New York",Bronx,4959,865,3123,838,2651,819,162,106,123,93,10,18,29,43,0,14,310,188,133,88,0,14,177,184,1836,388,652,263,6,15,0,14,188,127,0,14,458,214,0,14,1184,323,0,14,62,83,52,43,0,14,1070,315,0,14
1400000US36005023704,"Census Tract 237.04, Bronx County, New York",Bronx,3358,585,1924,547,1609,434,90,90,9,25,18,30,63,68,0,14,225,175,113,64,0,14,112,165,1434,457,501,246,0,14,0,14,86,82,0,14,415,228,0,14,933,416,0,14,0,14,57,82,0,14,876,414,0,14
1400000US36005023800,"Census Tract 238, Bronx County, New York",Bronx,2552,381,1553,275,1090,221,97,64,19,19,42,44,36,36,0,14,366,112,44,37,20,31,302,109,999,255,476,133,29,28,145,86,54,53,0,14,241,104,7,11,523,201,10,16,49,32,69,72,0,14,395,190,0,14
1400000US36005023900,"Census Tract 239, Bronx County, New York",Bronx,8591,1670,4545,875,3800,798,110,128,77,108,0,19,18,31,15,30,635,275,492,296,0,19,143,98,4046,1211,1448,821,0,19,0,19,1,52,0,19,1365,822,82,124,2598,748,7,15,0,19,1,64,0,19,2590,747,0,19
1400000US36005024000,"Census Tract 240, Bronx County, New York",Bronx,3855,712,2338,638,1852,577,88,70,44,50,0,14,44,52,0,14,398,241,243,210,29,48,126,102,1517,462,839,292,58,66,134,111,59,53,0,14,588,268,0,14,678,289,78,115,45,49,159,143,0,14,396,198,0,14
1400000US36005024100,"Census Tract 241, Bronx County, New York",Bronx,6078,1029,3178,853,2646,769,70,79,48,75,18,22,4,12,0,19,462,363,327,299,27,55,108,198,2900,624,1734,490,0,19,0,19,239,322,0,19,1495,426,0,19,1166,389,0,19,0,19,0,19,0,19,1166,389,0,19
1400000US36005024300,"Census Tract 243, Bronx County, New York",Bronx,4134,773,2532,614,1990,466,214,143,38,57,32,50,144,106,0,14,328,280,258,268,0,14,70,68,1602,421,817,319,0,14,0,14,36,44,0,14,769,332,12,28,785,285,0,14,0,14,80,100,0,14,705,262,0,14
1400000US36005024400,"Census Tract 244, Bronx County, New York",Bronx,2252,305,1735,302,1386,286,131,86,48,54,19,31,16,20,48,52,218,141,35,29,26,36,157,138,517,203,147,73,29,23,52,42,0,14,0,14,66,49,0,14,370,199,91,118,36,59,0,14,0,14,243,152,0,14
1400000US36005024501,"Census Tract 245.01, Bronx County, New York",Bronx,4856,699,2457,698,1929,685,154,135,61,105,12,32,81,70,0,14,374,173,79,65,0,14,295,163,2399,610,1302,419,24,27,0,14,75,129,0,14,1203,403,0,14,1097,451,0,14,20,29,0,14,0,14,1077,446,0,14
1400000US36005024502,"Census Tract 245.02, Bronx County, New York",Bronx,4226,821,2114,543,1572,422,356,220,128,83,57,92,171,134,0,14,186,125,168,122,0,14,18,29,2112,1012,1162,778,0,14,0,14,63,86,0,14,1099,783,0,14,950,552,18,27,0,14,102,101,0,14,830,593,0,14
1400000US36005024600,"Census Tract 246, Bronx County, New York",Bronx,2037,348,1459,300,1129,216,51,39,26,31,25,23,0,14,0,14,279,124,89,87,0,14,190,84,578,160,311,139,86,60,168,102,0,14,0,14,57,44,0,14,267,96,73,60,31,23,41,39,0,14,122,66,0,14
1400000US36005024700,"Census Tract 247, Bronx County, New York",Bronx,1756,265,974,204,796,206,79,49,22,20,11,16,28,32,18,25,99,101,88,99,0,14,11,17,782,293,476,208,0,14,101,147,100,64,0,14,275,132,0,14,306,144,9,15,0,14,191,131,0,14,106,63,0,14
1400000US36005024800,"Census Tract 248, Bronx County, New York",Bronx,3699,588,2093,443,1644,439,232,101,100,66,21,26,100,73,11,17,217,94,122,62,0,14,95,65,1606,391,1053,307,220,126,354,160,0,14,0,14,479,314,0,14,553,307,169,134,56,49,0,14,0,14,328,294,0,14
1400000US36005024900,"Census Tract 249, Bronx County, New York",Bronx,0,14,0,14,0,14,0,14,0,14,0,14,0,14,0,14,0,14,0,14,0,14,0,14,0,14,0,14,0,14,0,14,0,14,0,14,0,14,0,14,0,14,0,14,0,14,0,14,0,14,0,14,0,14
1400000US36005025000,"Census Tract 250, Bronx County, New York",Bronx,2763,663,1930,545,1511,388,15,15,9,13,0,14,6,8,0,14,404,371,12,19,0,14,392,372,833,245,478,173,48,40,261,138,20,35,0,14,149,110,0,14,355,164,19,20,185,135,1,2,0,14,150,103,0,14
1400000US36005025100,"Census Tract 251, Bronx County, New York",Bronx,6983,1493,4059,1135,3636,1176,77,117,77,117,0,19,0,19,0,19,346,243,260,208,0,19,86,149,2924,737,1732,531,0,19,101,100,414,298,0,19,1217,532,0,19,1192,536,76,119,8,15,169,141,0,19,939,553,0,19
1400000US36005025200,"Census Tract 252, Bronx County, New York",Bronx,2582,409,1792,354,1125,291,305,174,0,14,214,147,91,90,0,14,362,204,14,24,0,14,348,203,790,176,537,166,108,131,308,191,37,51,0,14,84,70,0,14,253,121,62,60,42,49,23,28,0,14,126,86,0,14
1400000US36005025300,"Census Tract 253, Bronx County, New York",Bronx,5503,955,3010,646,2223,501,111,78,0,19,0,19,101,78,10,26,676,425,270,132,0,19,406,397,2493,584,769,297,0,19,151,163,39,39,0,19,551,244,28,47,1724,549,7,20,9,17,27,51,0,19,1681,551,0,19
1400000US36005025400,"Census Tract 254, Bronx County, New York",Bronx,2582,540,1877,427,1271,223,99,67,41,38,25,32,27,29,6,10,507,347,22,22,0,14,485,347,705,179,372,141,178,104,96,72,26,38,0,14,72,39,0,14,333,111,77,65,21,21,71,98,0,14,164,60,0,14
1400000US36005025500,"Census Tract 255, Bronx County, New York",Bronx,6139,1032,3320,940,2573,834,441,454,51,70,47,70,343,474,0,19,306,262,205,205,0,19,101,167,2819,788,1113,389,24,51,84,125,41,62,0,19,964,367,0,19,1706,689,62,88,1,2,0,19,0,19,1643,685,0,19
1400000US36005025600,"Census Tract 256, Bronx County, New York",Bronx,1582,344,1078,321,863,317,120,68,37,27,44,47,9,15,30,35,95,42,76,45,0,14,19,22,504,193,222,113,17,27,84,78,0,14,0,14,121,67,0,14,282,141,55,63,38,36,19,28,0,14,170,125,0,14
1400000US36005025700,"Census Tract 257, Bronx County, New York",Bronx,1685,353,958,368,794,344,34,38,26,37,0,14,0,14,8,12,130,109,27,32,0,14,103,105,727,322,287,134,0,14,0,14,65,86,0,14,222,119,0,14,440,296,0,14,0,14,9,13,0,14,431,293,0,14
1400000US36005026100,"Census Tract 261, Bronx County, New York",Bronx,2047,294,1623,318,1114,251,387,201,70,99,114,112,187,121,16,24,122,81,89,63,33,49,0,14,424,150,290,104,0,14,23,36,7,13,0,14,260,103,0,14,134,90,77,69,6,12,7,15,0,14,44,37,0,14
1400000US36005026300,"Census Tract 263, Bronx County, New York",Bronx,6381,1100,3406,658,2551,593,244,138,84,77,9,19,111,91,40,40,611,309,314,154,0,19,297,259,2975,772,1516,405,10,20,44,59,189,185,0,19,1273,355,0,19,1459,612,0,19,0,19,0,19,0,19,1459,612,0,19
1400000US36005026400,"Census Tract 264, Bronx County, New York",Bronx,5870,860,4649,815,3791,695,548,400,97,131,91,96,284,304,76,156,310,231,92,115,0,19,218,186,1221,366,610,268,19,31,172,135,15,25,0,19,404,256,0,19,611,310,128,108,67,44,0,19,0,19,416,287,0,19
1400000US36005026500,"Census Tract 265, Bronx County, New York",Bronx,6906,1217,3848,909,3033,750,252,208,12,33,35,58,172,188,33,43,563,339,326,198,0,19,237,282,3058,897,1460,536,0,19,235,259,0,19,0,19,1225,458,0,19,1598,533,0,19,12,22,0,19,0,19,1586,533,0,19
1400000US36005026601,"Census Tract 266.01, Bronx County, New York",Bronx,3214,461,2435,471,2162,468,153,97,54,55,0,14,81,61,18,32,120,92,43,37,0,14,77,77,779,302,216,125,84,76,54,52,11,19,0,14,67,77,0,14,563,269,448,250,6,11,0,14,0,14,95,99,14,23
1400000US36005026602,"Census Tract 266.02, Bronx County, New York",Bronx,5900,1092,4030,922,3137,707,232,170,111,84,0,19,38,36,83,100,661,489,535,475,0,19,126,110,1870,563,1255,442,314,254,440,306,0,19,0,19,501,277,0,19,615,311,85,76,34,57,70,133,0,19,426,283,0,19
1400000US36005026701,"Census Tract 267.01, Bronx County, New York",Bronx,3591,795,1682,407,1431,378,77,69,8,14,0,14,24,37,45,59,174,73,113,58,0,14,61,45,1909,505,833,314,0,14,167,117,298,288,0,14,368,162,0,14,1076,288,25,41,34,40,200,216,0,14,817,218,0,14
1400000US36005026702,"Census Tract 267.02, Bronx County, New York",Bronx,6841,1075,3497,614,3041,567,221,191,23,42,0,19,198,180,0,19,235,146,222,140,0,19,13,23,3344,853,1992,711,24,40,0,19,0,19,0,19,1968,707,0,19,1352,454,35,57,0,19,0,19,0,19,1317,459,0,19
1400000US36005026900,"Census Tract 269, Bronx County, New York",Bronx,4040,574,2888,588,2058,497,173,110,28,28,14,31,99,93,32,46,657,479,385,417,0,14,272,168,1152,296,532,200,31,44,0,14,0,14,0,14,501,192,0,14,620,246,0,14,0,14,0,14,0,14,620,246,0,14
1400000US36005027300,"Census Tract 273, Bronx County, New York",Bronx,6431,1160,3833,941,2313,596,768,455,59,63,25,42,670,438,14,27,752,385,331,284,0,19,421,330,2598,839,962,347,104,152,17,20,117,116,0,19,724,277,0,19,1636,805,61,102,0,19,285,303,0,19,1290,683,0,19
1400000US36005027401,"Census Tract 274.01, Bronx County, New York",Bronx,4973,632,4013,668,3768,631,108,87,65,63,0,14,32,51,11,17,137,74,125,71,0,14,12,18,960,339,632,275,372,236,111,70,50,79,0,14,99,72,0,14,328,210,83,80,183,143,8,13,0,14,11,17,43,70
1400000US36005027402,"Census Tract 274.02, Bronx County, New York",Bronx,3492,556,2782,428,2497,405,126,101,60,65,0,14,62,80,4,15,159,90,56,39,0,14,103,82,710,293,283,102,170,83,85,62,0,14,0,14,28,29,0,14,427,289,82,121,336,270,1,2,0,14,8,21,0,14
1400000US36005027600,"Census Tract 276, Bronx County, New York",Bronx,154,232,150,233,150,233,0,14,0,14,0,14,0,14,0,14,0,14,0,14,0,14,0,14,4,7,1,2,0,14,0,14,0,14,0,14,1,2,0,14,3,5,0,14,0,14,0,14,0,14,3,5,0,14
1400000US36005027700,"Census Tract 277, Bronx County, New York",Bronx,4474,596,2680,528,2352,462,125,134,125,134,0,14,0,14,0,14,203,226,177,226,0,14,26,42,1794,374,1339,352,74,63,114,103,2,5,0,14,1149,305,0,14,455,213,0,14,20,47,0,14,0,14,435,210,0,14
1400000US36005027900,"Census Tract 279, Bronx County, New York",Bronx,8359,1243,5658,1083,4497,965,509,239,269,238,53,53,122,74,65,62,652,521,219,202,0,19,433,493,2701,866,2047,534,229,166,89,110,279,260,0,19,1450,435,0,19,654,478,0,19,0,19,0,19,0,19,654,478,0,19
1400000US36005028100,"Census Tract 281, Bronx County, New York",Bronx,3565,490,2548,424,1971,394,442,222,99,91,121,134,197,150,25,30,135,88,135,88,0,14,0,14,1017,273,738,229,161,105,144,129,16,26,0,14,417,186,0,14,279,138,15,21,46,51,46,66,0,14,143,106,29,44
1400000US36005028300,"Census Tract 283, Bronx County, New York",Bronx,2325,965,1602,628,959,247,492,617,45,45,433,616,0,14,14,21,151,89,86,71,0,14,65,61,723,389,526,386,0,14,16,24,0,14,0,14,510,386,0,14,197,118,0,14,133,111,0,14,0,14,64,56,0,14
1400000US36005028400,"Census Tract 284, Bronx County, New York",Bronx,374,48,351,51,307,59,36,53,0,14,0,14,18,27,18,41,8,1,8,1,0,14,0,14,23,34,19,28,0,14,10,23,0,14,0,14,9,19,0,14,4,12,4,12,0,14,0,14,0,14,0,14,0,14
1400000US36005028500,"Census Tract 285, Bronx County, New York",Bronx,3422,568,2203,400,1802,386,284,91,125,73,34,36,97,61,28,33,117,78,23,29,0,14,94,72,1219,321,873,264,186,119,146,77,13,21,0,14,528,246,0,14,346,179,129,88,45,35,35,39,0,14,137,134,0,14
1400000US36005028600,"Census Tract 286, Bronx County, New York",Bronx,1248,321,852,219,661,213,91,76,33,34,19,22,13,20,26,31,100,75,43,54,0,14,57,53,396,258,160,137,0,14,43,32,5,7,0,14,112,132,0,14,236,203,140,201,51,42,35,58,0,14,10,18,0,14
1400000US36005028700,"Census Tract 287, Bronx County, New York",Bronx,3543,517,2129,444,1770,341,224,127,120,84,51,45,39,50,14,19,135,108,128,108,0,14,7,15,1414,299,778,229,172,160,113,73,27,43,0,14,466,204,0,14,636,251,23,25,44,50,0,14,0,14,569,245,0,14
1400000US36005028800,"Census Tract 288, Bronx County, New York",Bronx,2589,694,1902,702,1668,696,51,41,3,5,22,29,26,27,0,14,183,97,46,52,0,14,137,88,687,184,454,159,132,90,215,113,34,56,0,14,73,48,0,14,233,116,97,101,89,54,0,14,0,14,47,51,0,14
1400000US36005028900,"Census Tract 289, Bronx County, New York",Bronx,4461,810,2662,549,2174,579,346,175,177,153,27,37,92,69,50,54,142,102,74,45,0,14,68,91,1799,398,1012,287,196,116,164,141,0,14,0,14,629,270,23,35,787,224,27,34,57,73,0,14,0,14,683,203,20,30
1400000US36005029301,"Census Tract 293.01, Bronx County, New York",Bronx,1874,169,1600,167,1053,127,420,134,145,66,66,38,176,104,33,28,127,68,48,36,0,14,79,58,274,73,249,63,54,32,60,39,7,10,0,14,120,45,8,12,25,24,0,14,0,14,0,14,0,14,12,18,13,14
1400000US36005029302,"Census Tract 293.02, Bronx County, New York",Bronx,5439,817,4085,562,2778,544,1144,409,347,215,193,140,289,157,315,198,163,114,68,64,0,19,95,95,1354,541,940,371,290,197,231,176,127,148,0,19,292,137,0,19,414,308,147,246,210,214,26,42,0,19,31,50,0,19
1400000US36005029500,"Census Tract 295, Bronx County, New York",Bronx,4582,796,3398,738,2631,719,644,201,248,121,115,78,158,96,123,87,123,112,90,106,0,14,33,39,1184,332,839,348,57,58,533,325,0,14,0,14,249,187,0,14,345,175,88,73,65,60,32,49,0,14,133,127,27,38
1400000US36005029600,"Census Tract 296, Bronx County, New York",Bronx,2367,282,1598,256,1191,228,252,92,151,75,7,15,81,58,13,18,155,113,141,111,0,14,14,18,769,189,225,134,10,14,87,63,0,14,0,14,128,124,0,14,544,186,94,72,160,114,44,50,0,14,232,117,14,24
1400000US36005029700,"Census Tract 297, Bronx County, New York",Bronx,4157,366,3277,383,2579,374,593,147,159,75,78,49,223,107,133,81,105,69,20,23,0,14,85,66,880,233,721,195,258,108,201,112,62,89,0,14,200,97,0,14,159,159,0,14,72,118,0,14,0,14,87,100,0,14
1400000US36005030000,"Census Tract 300, Bronx County, New York",Bronx,6944,1018,4718,603,4135,541,229,130,129,99,0,19,46,54,54,77,354,197,174,143,0,19,180,133,2226,789,994,416,305,224,467,302,0,19,19,31,164,131,39,58,1232,527,431,353,286,217,0,19,0,19,515,377,0,19
1400000US36005030100,"Census Tract 301, Bronx County, New York",Bronx,1570,189,1163,185,827,156,249,84,83,48,49,30,54,38,63,45,87,33,76,31,0,14,11,13,407,105,357,116,145,84,37,38,8,15,0,14,167,67,0,14,50,47,0,14,7,12,0,14,0,14,43,45,0,14
1400000US36005030201,"Census Tract 302.01, Bronx County, New York",Bronx,3681,628,2507,581,2078,471,301,155,10,18,16,25,182,105,93,126,128,100,29,34,25,39,74,80,1174,346,855,290,16,27,0,14,333,166,0,14,506,210,0,14,319,161,10,17,0,14,145,136,0,14,164,143,0,14
1400000US36005030202,"Census Tract 302.02, Bronx County, New York",Bronx,6165,1157,4222,776,3023,667,538,262,177,129,9,15,352,219,0,19,661,522,106,68,110,141,445,480,1943,637,1392,496,30,40,0,19,816,486,0,19,546,220,0,19,551,327,0,19,0,19,470,323,0,19,81,98,0,19
1400000US36005030701,"Census Tract 307.01, Bronx County, New York",Bronx,5743,941,4469,944,3363,967,930,382,421,267,323,212,69,59,117,76,176,122,76,92,0,19,100,84,1274,455,664,213,204,129,96,59,0,19,0,19,364,171,0,19,610,395,313,301,31,52,0,19,0,19,168,139,98,95
1400000US36005030900,"Census Tract 309, Bronx County, New York",Bronx,3812,425,3158,418,2538,375,455,161,236,117,129,75,58,72,32,28,165,117,25,35,0,14,140,110,654,240,535,224,211,133,94,57,11,16,0,14,160,155,59,74,119,69,7,15,52,47,7,11,8,19,32,33,13,20
1400000US36005031000,"Census Tract 310, Bronx County, New York",Bronx,4618,525,3100,492,2295,440,202,93,82,68,12,22,104,66,4,7,603,236,305,161,0,14,298,199,1518,341,1084,239,104,66,333,153,110,151,0,14,464,139,73,101,434,180,37,39,136,81,92,104,0,14,140,87,29,44
1400000US36005031200,"Census Tract 312, Bronx County, New York",Bronx,1489,374,989,304,760,225,93,88,17,17,5,8,54,79,17,24,136,75,76,58,11,20,49,42,500,194,320,122,32,20,52,34,0,14,0,14,225,114,11,16,180,128,27,29,34,57,0,14,0,14,119,82,0,14
1400000US36005031400,"Census Tract 314, Bronx County, New York",Bronx,2232,343,1354,259,965,207,106,61,28,25,23,25,33,20,22,36,283,149,65,58,0,14,218,140,878,274,678,239,123,69,151,76,0,14,0,14,404,226,0,14,200,113,22,20,107,108,6,11,0,14,61,38,4,6
1400000US36005031600,"Census Tract 316, Bronx County, New York",Bronx,1697,318,1122,239,961,228,69,39,20,21,16,17,27,28,6,9,92,101,14,19,0,14,78,100,575,227,321,109,141,79,74,67,0,14,0,14,106,58,0,14,254,180,41,54,74,67,0,14,0,14,139,158,0,14
1400000US36005031800,"Census Tract 318, Bronx County, New York",Bronx,1820,348,1252,310,1090,274,86,54,26,39,14,9,39,40,7,11,76,80,22,34,0,14,54,72,568,169,483,161,99,80,121,83,20,29,0,14,243,126,0,14,85,45,11,12,45,35,0,14,0,14,29,27,0,14
1400000US36005031900,"Census Tract 319, Bronx County, New York",Bronx,693,36,643,54,401,59,223,63,123,53,5,11,50,19,45,35,19,32,0,14,0,14,19,32,50,42,25,24,0,14,19,22,0,14,0,14,6,11,0,14,25,31,0,14,18,30,0,14,0,14,7,11,0,14
1400000US36005032300,"Census Tract 323, Bronx County, New York",Bronx,4981,510,3737,579,2968,518,577,250,300,154,61,52,172,164,44,45,192,180,167,195,0,14,25,42,1244,381,1115,378,610,334,107,80,40,54,0,14,358,171,0,14,129,84,79,58,2,3,0,14,0,14,48,60,0,14
1400000US36005032400,"Census Tract 324, Bronx County, New York",Bronx,2961,518,1915,250,1655,264,48,44,22,36,0,14,26,27,0,14,212,141,80,69,0,14,132,132,1046,424,761,338,75,40,223,276,47,80,0,14,416,208,0,14,285,184,20,33,119,140,45,63,0,14,101,89,0,14
1400000US36005032600,"Census Tract 326, Bronx County, New York",Bronx,3542,654,2294,550,1890,533,138,92,25,36,16,18,58,63,39,62,266,152,98,80,0,14,168,170,1248,317,881,233,190,137,316,119,51,55,0,14,324,164,0,14,367,254,118,172,106,134,5,8,0,14,138,116,0,14
1400000US36005032800,"Census Tract 328, Bronx County, New York",Bronx,4132,583,2959,461,2714,467,1,2,1,2,0,14,0,14,0,14,244,122,167,110,0,14,77,65,1173,312,616,255,108,95,238,212,53,74,0,14,217,121,0,14,557,191,69,66,55,69,12,19,0,14,421,188,0,14
1400000US36005033000,"Census Tract 330, Bronx County, New York",Bronx,5197,773,2864,756,2456,659,92,70,22,35,0,19,22,25,48,63,316,209,72,90,0,19,244,194,2333,598,1281,325,330,205,29,48,101,110,0,19,821,283,0,19,1052,485,458,326,0,19,44,82,0,19,550,294,0,19
1400000US36005033201,"Census Tract 332.01, Bronx County, New York",Bronx,4050,661,2598,527,2040,524,267,143,114,101,22,32,103,69,28,47,291,123,220,105,0,14,71,68,1452,389,1029,345,382,260,67,49,19,30,0,14,561,241,0,14,423,194,0,14,68,70,18,28,0,14,337,175,0,14
1400000US36005033202,"Census Tract 332.02, Bronx County, New York",Bronx,3628,553,2271,332,1820,323,68,45,13,23,10,15,33,33,12,20,383,175,257,115,12,21,114,133,1357,456,826,419,56,42,309,325,0,14,0,14,461,218,0,14,531,166,45,52,14,26,30,51,0,14,442,180,0,14
1400000US36005033400,"Census Tract 334, Bronx County, New York",Bronx,32,35,27,33,27,33,0,14,0,14,0,14,0,14,0,14,0,14,0,14,0,14,0,14,5,6,0,14,0,14,0,14,0,14,0,14,0,14,0,14,5,6,4,5,0,14,1,3,0,14,0,14,0,14
1400000US36005033500,"Census Tract 335, Bronx County, New York",Bronx,2236,271,1791,263,1167,227,561,172,213,59,74,42,116,75,158,112,63,45,25,37,0,14,38,29,445,139,272,112,53,41,23,21,50,62,0,14,137,82,9,14,173,81,73,43,4,7,30,24,0,14,66,63,0,14
1400000US36005033601,"Census Tract 336.01, Bronx County, New York",Bronx,4414,704,3149,583,2493,630,368,242,34,45,37,35,238,230,59,50,288,114,223,96,0,14,65,61,1265,415,471,197,0,14,20,30,7,15,0,14,444,194,0,14,794,321,31,39,75,109,212,232,0,14,476,240,0,14
1400000US36005033602,"Census Tract 336.02, Bronx County, New York",Bronx,1234,272,1030,260,848,286,51,61,14,19,0,14,36,51,1,3,131,76,102,71,0,14,29,30,204,93,174,90,0,14,13,20,25,41,0,14,136,81,0,14,30,33,0,14,0,14,3,15,0,14,27,28,0,14
1400000US36005033700,"Census Tract 337, Bronx County, New York",Bronx,3198,513,2604,479,1857,324,657,251,393,148,31,33,65,45,168,194,90,80,27,25,0,14,63,74,594,192,409,121,136,64,132,72,31,50,0,14,110,112,0,14,185,116,85,80,31,33,0,14,0,14,69,67,0,14
1400000US36005033801,"Census Tract 338.01, Bronx County, New York",Bronx,2011,384,1368,329,886,199,391,297,46,67,269,286,76,56,0,14,91,67,28,32,0,14,63,70,643,176,322,128,47,49,69,63,20,29,0,14,186,87,0,14,321,141,0,14,24,35,0,14,0,14,297,132,0,14
1400000US36005033802,"Census Tract 338.02, Bronx County, New York",Bronx,1579,511,938,324,865,321,48,42,30,34,0,14,7,11,11,18,25,22,8,12,8,12,9,16,641,255,261,143,0,14,65,90,14,19,0,14,182,134,0,14,380,226,0,14,4,9,64,59,0,14,312,227,0,14
1400000US36005034000,"Census Tract 340, Bronx County, New York",Bronx,5049,859,2825,560,2266,432,42,53,20,29,0,19,6,10,16,24,517,263,180,114,0,19,337,252,2224,565,1052,294,1,3,191,132,98,82,0,19,762,265,0,19,1172,396,26,41,35,52,85,65,0,19,1026,379,0,19
1400000US36005034200,"Census Tract 342, Bronx County, New York",Bronx,1625,440,969,220,842,199,72,52,37,43,0,14,25,33,10,19,55,64,49,62,0,14,6,10,656,285,359,197,0,14,0,14,133,166,0,14,226,80,0,14,297,124,0,14,0,14,97,108,0,14,200,97,0,14
1400000US36005034300,"Census Tract 343, Bronx County, New York",Bronx,1647,298,1182,270,966,229,117,61,25,26,26,23,39,39,27,24,99,68,42,51,0,14,57,65,465,151,312,123,77,66,14,21,0,14,0,14,221,102,0,14,153,103,5,7,7,10,0,14,0,14,141,105,0,14
1400000US36005034400,"Census Tract 344, Bronx County, New York",Bronx,1717,637,1057,419,920,401,43,34,9,13,21,24,5,8,8,12,94,104,29,36,0,14,65,102,660,290,382,137,61,72,33,48,2,3,0,14,286,124,0,14,278,245,0,14,40,45,142,232,0,14,96,80,0,14
1400000US36005034500,"Census Tract 345, Bronx County, New York",Bronx,4037,567,3057,483,2608,487,349,122,74,54,20,19,174,97,81,63,100,64,35,36,0,14,65,51,980,222,567,177,285,137,32,88,8,13,0,14,242,79,0,14,413,197,148,143,42,40,0,14,0,14,219,151,4,6
1400000US36005034800,"Census Tract 348, Bronx County, New York",Bronx,6051,1331,4421,1094,3838,1115,194,151,44,76,13,22,137,134,0,19,389,262,99,112,0,19,290,245,1630,703,984,577,25,47,157,96,88,96,0,19,714,545,0,19,646,277,0,19,128,98,125,158,0,19,393,230,0,19
1400000US36005035000,"Census Tract 350, Bronx County, New York",Bronx,1887,402,1138,333,997,340,9,13,0,14,0,14,0,14,9,13,132,78,40,54,0,14,92,61,749,259,550,217,0,14,8,16,13,18,0,14,529,216,0,14,199,87,0,14,0,14,36,40,0,14,163,75,0,14
1400000US36005035100,"Census Tract 351, Bronx County, New York",Bronx,3461,427,2665,397,1961,340,567,187,310,124,127,143,78,38,52,40,137,66,69,54,0,14,68,40,796,201,613,172,85,71,189,115,0,14,34,39,264,106,41,44,183,98,62,47,41,40,11,21,0,14,60,74,9,16
1400000US36005035600,"Census Tract 356, Bronx County, New York",Bronx,2207,351,1286,236,996,190,96,57,30,41,0,14,66,39,0,14,194,144,26,26,0,14,168,144,921,275,612,177,1,3,0,14,103,67,0,14,508,154,0,14,309,166,7,11,13,19,129,131,0,14,160,126,0,14
1400000US36005035800,"Census Tract 358, Bronx County, New York",Bronx,6673,1012,4213,737,3197,623,241,156,0,19,30,48,211,147,0,19,775,496,375,426,51,82,349,237,2460,591,1620,414,22,38,0,19,86,109,0,19,1512,398,0,19,840,418,0,19,22,34,178,181,0,19,640,389,0,19
1400000US36005035900,"Census Tract 359, Bronx County, New York",Bronx,3873,504,2724,493,2276,465,194,127,18,29,9,16,139,126,28,44,254,129,246,122,0,14,8,65,1149,346,628,257,8,13,0,14,122,124,0,14,498,221,0,14,521,251,7,12,0,14,0,14,0,14,514,253,0,14
1400000US36005036000,"Census Tract 360, Bronx County, New York",Bronx,2779,468,1635,335,1388,312,97,66,16,27,0,14,81,62,0,14,150,73,96,59,7,11,47,42,1144,265,863,198,20,23,50,25,59,67,0,14,718,198,16,18,281,144,0,14,29,25,97,95,0,14,155,98,0,14
1400000US36005036100,"Census Tract 361, Bronx County, New York",Bronx,4690,946,3377,934,2852,896,113,110,50,82,0,14,46,72,17,31,412,166,354,167,0,14,58,72,1313,294,912,260,0,14,51,85,0,14,0,14,861,233,0,14,401,159,0,14,0,14,0,14,0,14,401,159,0,14
1400000US36005036300,"Census Tract 363, Bronx County, New York",Bronx,6727,1063,4650,825,3557,780,448,318,133,141,138,234,177,147,0,19,645,327,393,222,0,19,252,206,2077,634,1330,441,57,67,0,19,216,208,0,19,1057,399,0,19,747,353,0,19,6,12,0,19,0,19,741,354,0,19
1400000US36005036400,"Census Tract 364, Bronx County, New York",Bronx,2304,415,1250,301,1030,267,60,34,36,33,0,14,24,15,0,14,160,104,64,62,12,19,84,67,1054,234,735,204,0,14,43,55,100,74,0,14,592,195,0,14,319,149,0,14,18,21,0,14,0,14,301,148,0,14
1400000US36005036501,"Census Tract 365.01, Bronx County, New York",Bronx,4287,751,2729,724,2008,674,213,165,80,94,0,14,92,103,41,50,508,257,303,154,0,14,205,218,1558,531,814,284,0,14,24,39,312,212,0,14,478,185,0,14,744,402,0,14,24,41,270,232,0,14,450,346,0,14
1400000US36005036502,"Census Tract 365.02, Bronx County, New York",Bronx,2287,535,1722,443,1594,415,52,49,5,7,9,21,38,42,0,14,76,58,56,50,0,14,20,29,565,164,336,141,0,14,10,15,157,108,0,14,169,86,0,14,229,122,3,5,0,14,57,58,0,14,169,104,0,14
1400000US36005036700,"Census Tract 367, Bronx County, New York",Bronx,2718,480,1847,457,1491,428,179,126,26,30,0,14,153,118,0,14,177,121,153,116,0,14,24,37,871,315,339,143,0,14,0,14,128,101,0,14,211,116,0,14,532,233,0,14,2,4,112,119,0,14,418,172,0,14
1400000US36005036800,"Census Tract 368, Bronx County, New York",Bronx,1958,371,1284,384,977,383,131,65,56,50,0,14,75,48,0,14,176,102,18,27,0,14,158,99,674,133,400,136,0,14,0,14,88,61,0,14,312,134,0,14,274,97,0,14,0,14,23,24,0,14,251,93,0,14
1400000US36005036901,"Census Tract 369.01, Bronx County, New York",Bronx,1808,378,1297,373,989,356,39,29,10,17,3,5,26,26,0,14,269,93,220,97,0,14,49,45,511,202,326,128,0,14,0,14,6,9,0,14,320,126,0,14,185,101,0,14,0,14,10,15,0,14,175,100,0,14
1400000US36005036902,"Census Tract 369.02, Bronx County, New York",Bronx,2504,279,1870,290,1528,232,226,159,10,16,0,14,216,156,0,14,116,55,116,55,0,14,0,14,634,200,228,108,0,14,11,16,90,71,0,14,127,75,0,14,406,171,10,16,0,14,48,46,0,14,291,189,57,77
1400000US36005037000,"Census Tract 370, Bronx County, New York",Bronx,2362,498,1024,309,883,289,79,67,42,53,0,14,37,36,0,14,62,53,11,16,35,43,16,22,1338,361,760,301,3,5,103,85,154,173,0,14,500,181,0,14,578,192,0,14,69,61,124,156,0,14,385,139,0,14
1400000US36005037100,"Census Tract 371, Bronx County, New York",Bronx,4218,655,3084,452,2046,463,257,114,36,59,18,28,157,84,46,66,781,331,536,262,0,14,245,196,1134,401,505,218,0,14,0,14,39,50,0,14,466,216,0,14,629,299,0,14,0,14,37,47,0,14,592,282,0,14
1400000US36005037200,"Census Tract 372, Bronx County, New York",Bronx,2017,346,1265,306,946,242,119,83,37,43,33,52,45,43,4,8,200,100,126,75,0,14,74,70,752,185,493,182,0,14,41,52,76,100,0,14,376,152,0,14,259,96,0,14,15,27,43,54,0,14,201,84,0,14
1400000US36005037300,"Census Tract 373, Bronx County, New York",Bronx,6202,1216,4165,1269,3547,1246,268,233,51,93,65,127,152,182,0,19,350,188,272,187,0,19,78,115,2037,421,1301,308,0,19,0,19,320,104,0,19,981,284,0,19,736,401,29,59,0,19,149,117,0,19,558,407,0,19
1400000US36005037400,"Census Tract 374, Bronx County, New York",Bronx,3633,731,2772,546,2287,476,172,75,21,26,0,14,151,84,0,14,313,191,200,82,0,14,113,155,861,324,399,186,0,14,40,65,24,25,0,14,335,167,0,14,462,285,10,16,0,14,59,97,0,14,393,275,0,14
1400000US36005037504,"Census Tract 375.04, Bronx County, New York",Bronx,4015,519,3191,481,2537,427,267,172,23,29,0,14,244,171,0,14,387,172,360,174,0,14,27,28,824,287,483,220,26,32,53,74,89,88,0,14,315,175,0,14,341,166,0,14,0,14,170,122,0,14,171,119,0,14
1400000US36005037600,"Census Tract 376, Bronx County, New York",Bronx,2115,292,1161,222,959,183,85,55,13,18,6,13,66,40,0,14,117,81,68,55,0,14,49,64,954,186,520,156,15,22,0,14,0,14,0,14,505,149,0,14,434,154,31,49,0,14,20,31,0,14,383,145,0,14
1400000US36005037800,"Census Tract 378, Bronx County, New York",Bronx,3505,635,2556,622,1960,515,236,143,33,40,73,74,91,71,39,66,360,296,77,69,0,14,283,284,949,298,563,250,0,14,0,14,82,114,0,14,481,227,0,14,386,158,50,81,0,14,81,108,0,14,241,97,14,21
1400000US36005037900,"Census Tract 379, Bronx County, New York",Bronx,6961,1217,4464,947,4050,957,193,111,40,46,76,79,77,71,0,19,221,131,102,74,0,19,119,118,2497,618,1197,322,9,18,0,19,232,102,0,19,954,303,2,5,1300,423,0,19,0,19,301,243,0,19,999,365,0,19
1400000US36005038000,"Census Tract 380, Bronx County, New York",Bronx,5023,940,3724,776,2872,698,507,244,152,211,5,21,339,155,11,3,345,192,189,130,80,88,76,100,1299,532,644,262,0,19,38,35,114,91,0,19,492,223,0,19,655,426,50,79,0,19,118,130,0,19,487,381,0,19
1400000US36005038100,"Census Tract 381, Bronx County, New York",Bronx,6543,1120,2547,738,2070,577,61,65,28,36,0,19,33,51,0,19,416,299,77,86,70,111,269,272,3996,835,2042,683,0,19,0,19,979,490,0,19,1063,559,0,19,1954,643,22,38,0,19,344,261,0,19,1588,649,0,19
1400000US36005038200,"Census Tract 382, Bronx County, New York",Bronx,2964,450,1818,381,1461,325,141,86,6,10,28,35,107,76,0,14,216,178,20,28,12,20,184,170,1146,247,743,166,16,25,12,28,94,68,0,14,621,164,0,14,403,173,37,63,3,7,57,41,0,14,306,154,0,14
1400000US36005038301,"Census Tract 383.01, Bronx County, New York",Bronx,4553,544,2053,357,1783,300,124,93,55,70,0,14,36,41,33,41,146,76,102,65,0,14,44,42,2500,497,1053,270,0,14,0,14,275,170,0,14,778,246,0,14,1447,537,7,11,0,14,73,88,0,14,1367,530,0,14
1400000US36005038303,"Census Tract 383.03, Bronx County, New York",Bronx,3662,700,2098,677,1798,614,63,57,0,14,7,12,56,55,0,14,237,174,114,124,0,14,123,106,1564,315,1110,274,0,14,0,14,262,301,0,14,848,285,0,14,454,201,0,14,0,14,12,20,0,14,442,203,0,14
1400000US36005038304,"Census Tract 383.04, Bronx County, New York",Bronx,2231,365,1760,414,1357,390,283,254,19,22,0,14,264,253,0,14,120,78,98,74,0,14,22,34,471,208,297,151,6,10,6,10,57,67,0,14,228,129,0,14,174,126,0,14,8,14,0,14,0,14,166,128,0,14
1400000US36005038500,"Census Tract 385, Bronx County, New York",Bronx,5218,990,4173,940,3449,971,169,107,134,112,0,19,16,27,19,31,555,292,454,197,0,19,101,166,1045,379,497,253,0,19,0,19,0,19,0,19,497,253,0,19,548,323,0,19,0,19,57,79,0,19,491,325,0,19
1400000US36005038600,"Census Tract 386, Bronx County, New York",Bronx,8012,1540,4425,863,3984,884,226,171,33,52,0,19,90,94,103,129,215,137,131,89,0,19,84,125,3587,1226,2095,833,10,19,15,27,167,164,0,19,1903,831,0,19,1492,791,103,107,53,82,452,535,0,19,884,653,0,19
1400000US36005038700,"Census Tract 387, Bronx County, New York",Bronx,3610,764,2177,456,1538,320,474,275,168,154,67,55,69,66,170,146,165,114,59,76,38,60,68,68,1433,771,309,180,0,14,43,65,55,82,0,14,211,151,0,14,1124,789,0,14,0,14,20,31,0,14,1104,789,0,14
1400000US36005038800,"Census Tract 388, Bronx County, New York",Bronx,2752,445,1805,309,1489,314,220,134,6,9,0,14,110,83,104,107,96,66,14,19,7,11,75,59,947,295,725,287,12,20,0,14,218,140,0,14,495,247,0,14,222,110,0,14,0,14,49,51,0,14,173,87,0,14
1400000US36005038900,"Census Tract 389, Bronx County, New York",Bronx,5412,824,3469,493,2562,488,791,261,332,159,215,148,83,73,161,106,116,90,100,85,0,19,16,22,1943,562,449,201,5,23,61,67,20,40,0,19,363,196,0,19,1494,539,6,25,75,79,99,83,3,5,1311,533,0,19
1400000US36005039000,"Census Tract 390, Bronx County, New York",Bronx,3054,672,1649,329,1336,324,87,70,0,14,0,14,58,57,29,46,226,111,108,78,5,7,113,78,1405,532,841,274,27,43,0,14,190,133,0,14,624,262,0,14,564,315,15,28,0,14,114,103,0,14,435,295,0,14
1400000US36005039100,"Census Tract 391, Bronx County, New York",Bronx,6071,1238,2550,734,2005,734,75,108,7,14,0,19,68,107,0,19,470,206,315,164,0,19,155,117,3521,1195,1589,772,229,159,0,19,564,483,0,19,796,536,0,19,1932,1012,28,44,0,19,83,105,0,19,1821,990,0,19
1400000US36005039200,"Census Tract 392, Bronx County, New York",Bronx,1590,282,942,222,733,174,74,72,25,33,0,14,8,11,41,60,135,116,74,75,18,30,43,49,648,181,461,142,12,21,0,14,129,100,0,14,320,115,0,14,187,89,13,19,0,14,49,50,0,14,125,77,0,14
1400000US36005039300,"Census Tract 393, Bronx County, New York",Bronx,8847,1413,5665,1198,4044,1054,372,217,122,143,0,19,233,178,17,26,1249,613,797,439,0,19,452,354,3182,1034,1001,373,150,142,95,142,27,42,0,19,729,285,0,19,2181,917,12,26,18,29,530,631,0,19,1621,700,0,19
1400000US36005039400,"Census Tract 394, Bronx County, New York",Bronx,4323,640,2112,424,1487,373,244,133,62,66,8,13,174,114,0,14,381,221,114,80,0,14,267,202,2211,463,1023,234,32,40,32,42,240,137,0,14,719,230,0,14,1188,356,0,14,30,48,380,234,0,14,748,252,30,47
1400000US36005039500,"Census Tract 395, Bronx County, New York",Bronx,4389,958,2564,583,1883,584,205,101,46,49,0,14,93,63,66,66,476,294,266,135,0,14,210,266,1825,544,1112,453,0,14,28,43,194,87,0,14,890,446,0,14,713,383,0,14,0,14,75,58,0,14,638,384,0,14
1400000US36005039600,"Census Tract 396, Bronx County, New York",Bronx,3763,680,2160,425,1695,406,221,105,175,97,0,14,46,45,0,14,244,116,36,33,17,26,191,114,1603,476,1161,349,48,68,115,144,0,14,0,14,998,314,0,14,442,270,0,14,0,14,13,19,0,14,429,265,0,14
1400000US36005039700,"Census Tract 397, Bronx County, New York",Bronx,4219,173,3479,199,1317,264,2074,232,1199,201,202,102,348,154,325,127,88,60,51,42,0,14,37,42,740,147,295,76,5,10,45,39,0,14,0,14,245,65,0,14,445,126,89,52,122,89,34,32,5,9,156,95,39,41
1400000US36005039800,"Census Tract 398, Bronx County, New York",Bronx,3540,773,2614,764,2095,698,141,101,82,71,0,14,59,50,0,14,378,225,0,14,0,14,378,225,926,318,668,235,13,21,0,14,146,101,0,14,509,216,0,14,258,125,0,14,0,14,75,63,0,14,183,108,0,14
1400000US36005039901,"Census Tract 399.01, Bronx County, New York",Bronx,4855,718,2292,513,1937,485,143,85,84,80,0,14,16,23,43,50,212,113,144,93,0,14,68,68,2563,539,1056,392,0,14,46,39,132,108,0,14,878,379,0,14,1507,454,0,14,37,38,31,48,0,14,1439,459,0,14
1400000US36005039902,"Census Tract 399.02, Bronx County, New York",Bronx,4719,694,2614,519,2084,456,161,139,50,64,0,14,111,120,0,14,369,178,175,109,0,14,194,177,2105,483,783,247,0,14,35,41,10,17,0,14,738,244,0,14,1322,388,18,29,24,34,34,35,0,14,1246,388,0,14
1400000US36005040100,"Census Tract 401, Bronx County, New York",Bronx,4749,647,3078,741,2566,624,277,185,124,104,20,35,128,119,5,7,235,163,189,146,0,14,46,55,1671,408,718,235,0,14,28,34,87,82,0,14,603,214,0,14,953,373,0,14,26,37,0,14,0,14,927,365,0,14
1400000US36005040302,"Census Tract 403.02, Bronx County, New York",Bronx,4008,1374,2294,1042,1864,915,120,98,86,89,5,8,29,42,0,14,310,246,310,246,0,14,0,14,1714,495,816,236,15,25,9,13,56,65,0,14,736,246,0,14,898,332,0,14,0,14,10,18,0,14,888,332,0,14
1400000US36005040303,"Census Tract 403.03, Bronx County, New York",Bronx,3999,380,1849,400,1630,384,113,68,67,63,9,15,37,43,0,14,106,65,39,38,0,14,67,51,2150,362,979,196,0,14,56,51,62,60,0,14,861,186,0,14,1171,322,0,14,7,10,10,21,0,14,1154,325,0,14
1400000US36005040304,"Census Tract 403.04, Bronx County, New York",Bronx,3502,550,1649,436,1451,414,108,88,34,53,0,14,74,70,0,14,90,63,63,48,0,14,27,37,1853,341,761,163,0,14,49,74,0,14,0,14,712,168,0,14,1092,388,30,50,90,149,35,56,0,14,937,375,0,14
1400000US36005040400,"Census Tract 404, Bronx County, New York",Bronx,3408,757,1950,534,1612,483,167,120,71,70,0,14,96,95,0,14,171,104,1,3,0,14,170,104,1458,440,789,341,0,14,1,2,18,29,0,14,770,335,0,14,669,391,0,14,0,14,33,51,0,14,636,405,0,14
1400000US36005040501,"Census Tract 405.01, Bronx County, New York",Bronx,3327,648,1694,491,1282,437,158,102,90,83,0,14,41,44,27,46,254,131,207,106,0,14,47,63,1633,416,717,229,29,32,18,29,8,20,0,14,662,218,0,14,916,267,0,14,62,103,33,41,0,14,821,255,0,14
1400000US36005040502,"Census Tract 405.02, Bronx County, New York",Bronx,5615,1145,3785,1042,3250,824,321,243,187,218,0,19,134,117,0,19,214,154,142,111,0,19,72,115,1830,503,951,358,71,99,50,59,159,180,0,19,671,321,0,19,879,432,16,27,8,17,118,144,10,19,727,399,0,19
1400000US36005040600,"Census Tract 406, Bronx County, New York",Bronx,3451,664,2144,427,1634,365,395,239,101,161,77,53,161,192,56,87,115,104,32,50,0,14,83,93,1307,347,892,250,0,14,0,14,144,137,0,14,748,286,0,14,415,266,0,14,0,14,124,188,0,14,291,194,0,14
1400000US36005040701,"Census Tract 407.01, Bronx County, New York",Bronx,2839,690,1484,342,1179,325,156,120,0,14,0,14,156,120,0,14,149,95,108,91,0,14,41,34,1355,532,441,129,97,74,27,30,51,45,0,14,266,109,0,14,914,509,150,111,3,8,31,50,0,14,730,502,0,14
1400000US36005040702,"Census Tract 407.02, Bronx County, New York",Bronx,6233,870,3716,894,2880,810,327,195,125,130,46,53,156,144,0,19,509,271,274,173,0,19,235,238,2517,418,1206,299,32,56,205,160,150,50,0,19,819,266,0,19,1311,401,44,65,372,269,53,94,0,19,842,300,0,19
1400000US36005040800,"Census Tract 408, Bronx County, New York",Bronx,4381,903,2426,668,2034,639,235,125,0,14,37,61,149,87,49,60,157,115,106,97,0,14,51,65,1955,569,1007,333,55,58,58,72,159,154,0,14,735,231,0,14,948,426,0,14,95,127,202,166,0,14,651,398,0,14
1400000US36005040900,"Census Tract 409, Bronx County, New York",Bronx,3323,562,1884,449,1562,429,108,84,16,27,22,36,43,46,27,42,214,113,156,96,0,14,58,58,1439,320,1007,267,162,130,60,60,614,227,8,13,163,107,0,14,432,207,63,43,3,33,240,186,0,14,126,85,0,14
1400000US36005041100,"Census Tract 411, Bronx County, New York",Bronx,3418,576,1647,329,1268,298,111,92,74,78,0,14,37,60,0,14,268,187,169,133,0,14,99,117,1771,550,889,350,11,17,173,195,8,12,0,14,697,229,0,14,882,387,0,14,52,63,0,14,0,14,830,371,0,14
1400000US36005041300,"Census Tract 413, Bronx County, New York",Bronx,7329,1057,4495,676,3833,691,312,190,111,122,71,72,31,51,99,79,350,188,198,161,0,19,152,116,2834,626,1305,349,148,122,62,67,63,100,0,19,1032,297,0,19,1529,526,118,119,5,16,34,40,0,19,1335,524,37,62
1400000US36005041400,"Census Tract 414, Bronx County, New York",Bronx,5483,969,2881,671,2075,589,302,230,136,145,0,19,49,60,117,177,504,229,302,264,21,44,181,160,2602,744,1936,560,136,188,23,34,149,126,0,19,1628,568,0,19,666,377,37,56,1,3,0,19,0,19,628,370,0,19
1400000US36005041500,"Census Tract 415, Bronx County, New York",Bronx,5555,981,2954,749,2094,526,353,177,9,14,0,19,262,144,82,83,507,240,507,240,0,19,0,19,2601,681,1044,256,70,98,254,153,54,62,0,19,666,194,0,19,1557,627,28,47,218,204,35,42,0,19,1276,626,0,19
1400000US36005041800,"Census Tract 418, Bronx County, New York",Bronx,3396,751,1715,356,1198,343,302,173,155,142,31,46,104,113,12,26,215,125,116,93,0,14,99,77,1681,510,1402,503,13,26,223,185,357,416,0,14,809,240,0,14,279,116,0,14,16,24,43,37,0,14,220,108,0,14
1400000US36005041900,"Census Tract 419, Bronx County, New York",Bronx,6215,873,3444,633,2797,502,166,143,45,84,0,19,27,33,94,106,481,355,295,250,0,19,186,295,2771,616,1250,395,17,28,389,293,92,103,0,19,740,259,12,21,1521,452,0,19,185,130,101,162,0,19,1235,444,0,19
1400000US36005042000,"Census Tract 420, Bronx County, New York",Bronx,4660,790,3094,570,2531,549,98,101,38,63,0,14,20,31,40,67,465,224,208,107,0,14,257,193,1566,470,898,339,0,14,57,57,39,46,0,14,802,340,0,14,668,269,0,14,7,16,51,50,0,14,610,255,0,14
1400000US36005042100,"Census Tract 421, Bronx County, New York",Bronx,5780,977,2775,787,1947,685,348,199,201,153,0,19,147,117,0,19,480,306,408,316,0,19,72,89,3005,594,1206,315,129,204,138,113,104,120,0,19,835,271,0,19,1799,490,0,19,99,75,4,27,0,19,1696,499,0,19
1400000US36005042200,"Census Tract 422, Bronx County, New York",Bronx,3209,756,1514,553,1101,510,123,74,0,14,0,14,123,74,0,14,290,210,0,14,0,14,290,210,1695,464,1048,371,17,28,0,14,124,118,0,14,907,372,0,14,647,248,22,47,0,14,48,57,0,14,577,237,0,14
1400000US36005042300,"Census Tract 423, Bronx County, New York",Bronx,4189,495,2388,467,2105,423,127,94,29,50,13,19,85,71,0,14,156,135,75,75,0,14,81,88,1801,415,679,281,109,103,68,64,41,54,0,14,461,247,0,14,1122,404,75,81,99,104,71,60,0,14,877,375,0,14
1400000US36005042400,"Census Tract 424, Bronx County, New York",Bronx,2479,647,1493,521,1366,503,84,73,6,12,0,14,78,70,0,14,43,26,34,23,0,14,9,13,986,297,632,223,0,14,28,27,210,177,0,14,394,127,0,14,354,180,17,24,9,15,62,58,0,14,266,164,0,14
1400000US36005042500,"Census Tract 425, Bronx County, New York",Bronx,6810,1171,3327,773,2492,666,320,205,81,108,118,124,62,92,59,91,515,368,152,141,16,31,347,390,3483,861,1597,412,165,121,325,156,62,113,0,19,1045,358,0,19,1886,689,356,296,233,118,0,19,0,19,1297,642,0,19
1400000US36005042600,"Census Tract 426, Bronx County, New York",Bronx,6669,1373,2877,606,2371,569,261,253,0,19,147,148,114,151,0,19,245,180,37,5,0,19,208,180,3792,1005,2536,638,24,41,82,123,106,122,0,19,2324,563,0,19,1256,648,0,19,118,152,41,73,0,19,1097,640,0,19
1400000US36005042800,"Census Tract 428, Bronx County, New York",Bronx,2381,587,1218,320,1021,275,80,69,20,24,48,64,12,18,0,14,117,54,4,8,42,47,71,31,1163,486,784,443,0,14,0,14,159,76,0,14,625,451,0,14,379,131,0,14,20,33,58,46,0,14,301,118,0,14
1400000US36005042901,"Census Tract 429.01, Bronx County, New York",Bronx,3397,524,1822,429,1391,366,90,72,10,17,8,13,25,40,47,53,341,190,255,175,0,14,86,84,1575,421,655,201,0,14,164,109,58,58,0,14,433,173,0,14,920,325,21,27,202,128,118,138,0,14,579,261,0,14
1400000US36005042902,"Census Tract 429.02, Bronx County, New York",Bronx,3656,368,2010,306,1742,264,30,32,8,12,0,14,14,24,8,12,238,108,157,88,0,14,81,62,1646,329,657,202,35,43,59,35,86,63,0,14,477,195,0,14,989,258,28,40,113,85,44,55,0,14,804,260,0,14
1400000US36005043000,"Census Tract 430, Bronx County, New York",Bronx,3004,812,1515,528,956,444,95,71,0,14,15,27,80,66,0,14,464,282,124,171,0,14,340,222,1489,489,1056,334,34,55,0,14,232,176,0,14,790,312,0,14,433,290,0,14,19,29,92,98,0,14,322,281,0,14
1400000US36005043101,"Census Tract 431.01, Bronx County, New York",Bronx,5051,1105,2442,465,2170,417,78,59,33,42,0,19,45,42,0,19,194,133,155,109,0,19,39,61,2609,872,1231,360,18,31,253,120,128,127,0,19,832,332,0,19,1378,571,38,62,256,171,34,46,0,19,1050,579,0,19
1400000US36005043102,"Census Tract 431.02, Bronx County, New York",Bronx,4458,693,2922,598,2327,447,136,99,36,41,0,14,43,43,57,89,459,252,402,264,0,14,57,105,1536,437,800,303,17,23,20,21,5,10,0,14,758,299,0,14,736,324,0,14,0,14,0,14,0,14,736,324,0,14
1400000US36005043400,"Census Tract 434, Bronx County, New York",Bronx,3921,650,1903,534,1542,472,172,160,103,119,0,14,69,151,0,14,189,183,60,82,0,14,129,166,2018,536,1190,388,0,14,5,16,69,94,0,14,1116,370,0,14,828,348,0,14,113,137,53,86,0,14,662,290,0,14
1400000US36005043501,"Census Tract 435.01, Bronx County, New York",Bronx,1011,138,840,138,677,144,108,50,21,22,0,14,87,43,0,14,55,35,55,35,0,14,0,14,171,72,109,51,0,14,5,8,30,25,0,14,74,51,0,14,62,52,0,14,0,14,53,50,0,14,9,11,0,14
1400000US36005043502,"Census Tract 435.02, Bronx County, New York",Bronx,0,14,0,14,0,14,0,14,0,14,0,14,0,14,0,14,0,14,0,14,0,14,0,14,0,14,0,14,0,14,0,14,0,14,0,14,0,14,0,14,0,14,0,14,0,14,0,14,0,14,0,14,0,14
1400000US36005043503,"Census Tract 435.03, Bronx County, New York",Bronx,0,14,0,14,0,14,0,14,0,14,0,14,0,14,0,14,0,14,0,14,0,14,0,14,0,14,0,14,0,14,0,14,0,14,0,14,0,14,0,14,0,14,0,14,0,14,0,14,0,14,0,14,0,14
1400000US36005043600,"Census Tract 436, Bronx County, New York",Bronx,2362,354,1304,240,1003,268,145,83,88,47,20,24,37,51,0,14,156,96,79,64,0,14,77,81,1058,231,612,172,0,14,7,14,80,65,0,14,525,165,0,14,446,261,0,14,3,7,36,43,0,14,407,263,0,14
1400000US36005044200,"Census Tract 442, Bronx County, New York",Bronx,4007,1283,2292,515,1770,452,199,116,9,20,28,45,162,110,0,14,323,236,164,188,0,14,159,170,1715,880,1541,867,0,14,17,27,93,140,0,14,1431,882,0,14,174,128,0,14,0,14,19,32,0,14,155,125,0,14
1400000US36005044400,"Census Tract 444, Bronx County, New York",Bronx,4293,906,2676,860,2049,521,226,158,31,51,0,14,195,152,0,14,401,623,321,525,0,14,80,104,1617,663,1364,498,179,131,0,14,201,232,0,14,984,449,0,14,253,226,0,14,35,85,27,43,0,14,191,208,0,14
1400000US36005044800,"Census Tract 448, Bronx County, New York",Bronx,2374,404,1251,263,1169,266,26,28,14,24,0,14,12,16,0,14,56,65,0,14,0,14,56,65,1123,402,974,373,0,14,0,14,187,157,0,14,787,332,0,14,149,74,0,14,0,14,13,22,0,14,136,78,0,14
1400000US36005044901,"Census Tract 449.01, Bronx County, New York",Bronx,2045,298,1480,323,1168,271,281,105,148,79,31,44,86,62,16,21,31,38,0,14,0,14,31,38,565,235,330,196,224,174,4,8,12,17,0,14,90,65,0,14,235,146,194,144,11,16,0,14,0,14,30,31,0,14
1400000US36005044902,"Census Tract 449.02, Bronx County, New York",Bronx,2175,377,1798,378,1450,340,291,145,232,133,12,18,26,25,21,21,57,40,12,17,0,14,45,36,377,123,160,61,83,43,9,13,0,14,0,14,68,53,0,14,217,103,133,71,0,14,15,24,0,14,69,74,0,14
1400000US36005045101,"Census Tract 451.01, Bronx County, New York",Bronx,1695,302,1440,315,1158,322,255,112,87,55,108,86,41,46,19,33,27,33,16,28,0,14,11,20,255,102,133,61,119,59,0,14,0,14,0,14,14,21,0,14,122,79,20,24,24,28,0,14,0,14,78,69,0,14
1400000US36005045102,"Census Tract 451.02, Bronx County, New York",Bronx,2068,428,1613,322,1539,321,62,40,48,32,10,16,0,14,4,6,12,14,0,14,0,14,12,14,455,202,301,144,126,49,108,127,0,14,0,14,67,60,0,14,154,129,121,119,0,14,0,14,0,14,33,47,0,14
1400000US36005045600,"Census Tract 456, Bronx County, New York",Bronx,3552,725,2592,663,1913,703,562,393,111,111,0,14,451,373,0,14,117,91,117,91,0,14,0,14,960,308,656,238,37,44,0,14,0,14,0,14,619,247,0,14,304,214,0,14,3,5,60,97,0,14,241,177,0,14
1400000US36005045800,"Census Tract 458, Bronx County, New York",Bronx,5523,945,4466,933,3775,780,328,245,0,19,58,69,270,238,0,19,363,268,188,160,0,19,175,284,1057,390,518,274,0,19,0,19,60,93,0,19,458,251,0,19,539,279,0,19,0,19,44,69,0,19,495,277,0,19
1400000US36005046000,"Census Tract 460, Bronx County, New York",Bronx,2800,602,1895,506,1547,460,112,74,52,52,6,11,44,39,10,17,236,148,213,144,0,14,23,39,905,314,564,234,0,14,5,12,168,142,0,14,391,172,0,14,341,189,5,9,0,14,0,14,0,14,336,189,0,14
1400000US36005046203,"Census Tract 462.03, Bronx County, New York",Bronx,6756,1629,4781,1578,2550,496,1276,1033,34,35,16,42,1077,1005,149,148,955,880,856,872,0,19,99,64,1975,558,1363,457,469,344,55,54,113,127,0,19,726,334,0,19,612,375,13,30,13,28,24,37,0,19,562,368,0,19
1400000US36005046204,"Census Tract 462.04, Bronx County, New York",Bronx,5259,1082,4418,991,3531,968,590,334,172,219,43,70,375,264,0,19,297,199,215,166,14,22,68,95,841,253,710,256,18,27,54,63,92,98,0,19,546,243,0,19,131,109,0,19,0,19,32,48,0,19,99,97,0,19
1400000US36005046205,"Census Tract 462.05, Bronx County, New York",Bronx,3633,360,2428,357,2166,377,142,175,0,14,0,14,142,175,0,14,120,68,91,63,29,33,0,14,1205,351,973,252,26,44,0,14,172,164,0,14,775,249,0,14,232,180,0,14,0,14,0,14,0,14,232,180,0,14
1400000US36005046206,"Census Tract 462.06, Bronx County, New York",Bronx,3971,503,2561,609,2013,509,367,362,77,100,0,14,290,302,0,14,181,138,125,136,0,14,56,58,1410,418,1234,464,26,41,27,45,169,162,0,14,1012,439,0,14,176,197,0,14,0,14,60,100,0,14,116,159,0,14
1400000US36005046207,"Census Tract 462.07, Bronx County, New York",Bronx,6535,1418,5348,1331,4323,1282,750,303,41,53,13,21,681,290,15,23,275,122,256,120,0,19,19,37,1187,484,1108,462,0,19,24,40,31,50,0,19,1053,463,0,19,79,89,0,19,11,18,54,84,0,19,14,24,0,19
1400000US36005046208,"Census Tract 462.08, Bronx County, New York",Bronx,5145,982,3514,802,2381,435,364,207,8,13,44,53,312,206,0,19,769,685,153,54,25,34,591,704,1631,504,1338,490,15,23,16,24,207,157,0,19,1050,460,50,77,293,131,0,19,0,19,57,65,0,19,236,134,0,19
1400000US36005046209,"Census Tract 462.09, Bronx County, New York",Bronx,4436,1594,3683,1524,3349,1495,216,139,26,29,0,14,190,142,0,14,118,83,90,79,0,14,28,46,753,368,545,253,18,24,3,7,194,226,0,14,330,148,0,14,208,147,16,24,1,3,100,127,0,14,91,69,0,14
1400000US36005048401,"Census Tract 484.01, Bronx County, New York",Bronx,3892,812,2470,622,2000,669,222,203,0,14,25,40,144,173,53,83,248,185,64,77,0,14,184,167,1422,350,920,325,73,71,27,35,258,190,0,14,562,202,0,14,502,266,40,62,0,14,350,240,0,14,112,67,0,14
1400000US36005048402,"Census Tract 484.02, Bronx County, New York",Bronx,0,14,0,14,0,14,0,14,0,14,0,14,0,14,0,14,0,14,0,14,0,14,0,14,0,14,0,14,0,14,0,14,0,14,0,14,0,14,0,14,0,14,0,14,0,14,0,14,0,14,0,14,0,14
1400000US36005050400,"Census Tract 504, Bronx County, New York",Bronx,0,14,0,14,0,14,0,14,0,14,0,14,0,14,0,14,0,14,0,14,0,14,0,14,0,14,0,14,0,14,0,14,0,14,0,14,0,14,0,14,0,14,0,14,0,14,0,14,0,14,0,14,0,14
1400000US36005051601,"Census Tract 516.01, Bronx County, New York",Bronx,3828,753,3223,799,2602,627,534,254,231,213,120,84,117,91,66,108,87,62,62,44,0,14,25,42,605,383,450,287,212,147,75,81,1,5,0,14,162,254,0,14,155,134,32,37,0,14,13,22,0,14,110,109,0,14
1400000US36005051602,"Census Tract 516.02, Bronx County, New York",Bronx,0,14,0,14,0,14,0,14,0,14,0,14,0,14,0,14,0,14,0,14,0,14,0,14,0,14,0,14,0,14,0,14,0,14,0,14,0,14,0,14,0,14,0,14,0,14,0,14,0,14,0,14,0,14
1400000US36047000100,"Census Tract 1, Kings County, New York",Brooklyn,4815,646,4027,636,2153,434,1738,433,584,236,276,121,730,305,148,86,136,106,56,54,0,14,80,95,788,315,500,207,272,179,174,86,15,24,0,14,39,64,0,14,288,197,119,111,12,19,19,31,20,33,88,141,30,51
1400000US36047000200,"Census Tract 2, Kings County, New York",Brooklyn,1288,294,827,164,690,179,103,67,19,19,4,8,52,52,28,25,34,40,34,40,0,14,0,14,461,196,166,89,8,12,64,62,0,14,0,14,94,65,0,14,295,146,0,14,12,12,0,14,0,14,283,144,0,14
1400000US36047000301,"Census Tract 3.01, Kings County, New York",Brooklyn,4501,701,3881,683,2362,549,1372,329,437,172,288,144,499,257,148,104,147,94,13,22,0,14,134,93,620,198,362,155,152,111,76,64,0,14,0,14,134,87,0,14,258,144,55,51,137,109,5,14,0,14,46,72,15,25
1400000US36047000501,"Census Tract 5.01, Kings County, New York",Brooklyn,4541,466,3619,396,1984,359,1560,275,390,150,328,143,588,206,254,142,75,75,67,69,0,14,8,12,922,208,411,128,137,83,219,115,12,18,0,14,11,18,32,35,511,191,178,107,235,149,0,14,0,14,82,78,16,30
1400000US36047000502,"Census Tract 5.02, Kings County, New York",Brooklyn,2704,292,2349,294,1278,222,991,179,311,104,210,80,323,111,147,79,80,73,13,21,0,14,67,70,355,116,150,69,52,52,62,44,10,16,0,14,26,19,0,14,205,102,47,38,156,89,0,14,0,14,2,5,0,14
1400000US36047000700,"Census Tract 7, Kings County, New York",Brooklyn,4243,580,3523,494,1721,355,1664,373,592,179,422,165,385,168,265,195,138,76,0,14,0,14,138,76,720,256,366,145,115,70,167,108,14,23,34,51,36,44,0,14,354,205,210,180,46,42,17,33,49,42,1,6,31,41
1400000US36047000900,"Census Tract 9, Kings County, New York",Brooklyn,5227,910,4211,745,2049,542,2066,635,690,302,432,216,620,471,324,168,96,94,0,19,0,19,96,94,1016,364,401,211,124,100,162,100,0,19,0,19,115,161,0,19,615,255,250,167,62,63,0,19,31,51,129,146,143,139
1400000US36047001100,"Census Tract 11, Kings County, New York",Brooklyn,1580,260,1291,252,435,110,770,259,193,117,121,51,300,146,156,86,86,64,36,31,0,14,50,55,289,77,136,49,35,31,76,35,0,14,0,14,25,17,0,14,153,58,18,15,93,51,0,14,0,14,25,19,17,17
1400000US36047001300,"Census Tract 13, Kings County, New York",Brooklyn,2518,303,2039,291,1040,205,984,267,506,238,137,66,110,72,231,121,15,23,15,23,0,14,0,14,479,191,223,92,38,34,72,57,1,2,18,21,83,61,11,17,256,153,92,76,124,116,0,14,0,14,25,28,15,33
1400000US36047001501,"Census Tract 15.01, Kings County, New York",Brooklyn,4565,581,3513,638,2009,617,1329,338,469,233,289,226,267,148,304,177,175,116,175,116,0,14,0,14,1052,268,559,226,23,52,333,111,78,130,0,14,125,143,0,14,493,185,166,103,191,107,16,25,0,14,120,125,0,14
1400000US36047001502,"Census Tract 15.02, Kings County, New York",Brooklyn,5238,769,3291,673,1810,588,1382,287,364,148,193,112,534,205,291,129,99,75,23,36,0,19,76,63,1947,503,570,233,224,172,228,158,0,19,0,19,94,75,24,38,1377,433,197,120,828,419,58,58,0,19,200,114,94,68
1400000US36047001801,"Census Tract 18.01, Kings County, New York",Brooklyn,1588,100,1063,113,796,160,215,106,41,39,61,26,92,70,21,19,52,41,52,41,0,14,0,14,525,110,111,64,10,19,20,26,11,20,0,14,70,46,0,14,414,69,0,14,29,32,10,19,0,14,375,69,0,14
1400000US36047001802,"Census Tract 18.02, Kings County, New York",Brooklyn,0,14,0,14,0,14,0,14,0,14,0,14,0,14,0,14,0,14,0,14,0,14,0,14,0,14,0,14,0,14,0,14,0,14,0,14,0,14,0,14,0,14,0,14,0,14,0,14,0,14,0,14,0,14
1400000US36047001803,"Census Tract 18.03, Kings County, New York",Brooklyn,11,2,10,4,7,4,3,3,0,14,3,3,0,14,0,14,0,14,0,14,0,14,0,14,1,3,0,14,0,14,0,14,0,14,0,14,0,14,0,14,1,3,1,3,0,14,0,14,0,14,0,14,0,14
1400000US36047001804,"Census Tract 18.04, Kings County, New York",Brooklyn,0,14,0,14,0,14,0,14,0,14,0,14,0,14,0,14,0,14,0,14,0,14,0,14,0,14,0,14,0,14,0,14,0,14,0,14,0,14,0,14,0,14,0,14,0,14,0,14,0,14,0,14,0,14
1400000US36047002000,"Census Tract 20, Kings County, New York",Brooklyn,1733,560,1101,322,948,336,56,77,5,8,17,17,20,58,14,31,97,52,88,51,0,14,9,13,632,276,177,90,0,14,44,39,0,14,0,14,133,74,0,14,455,277,0,14,28,29,0,14,0,14,427,286,0,14
1400000US36047002100,"Census Tract 21, Kings County, New York",Brooklyn,6452,1005,4939,844,2429,785,2239,441,679,256,653,240,494,182,413,241,271,241,0,19,0,19,271,241,1513,428,741,235,403,205,161,101,82,98,0,19,95,87,0,19,772,329,433,282,178,116,0,19,0,19,132,133,29,40
1400000US36047002200,"Census Tract 22, Kings County, New York",Brooklyn,4650,931,2466,446,1828,441,228,90,74,45,59,47,60,62,35,30,410,137,312,127,0,14,98,85,2184,719,1020,399,177,143,436,277,69,107,0,14,338,193,0,14,1164,500,0,14,367,188,211,288,0,14,586,353,0,14
1400000US36047002300,"Census Tract 23, Kings County, New York",Brooklyn,3385,701,2513,530,1915,437,239,110,27,33,28,41,159,126,25,28,359,163,132,154,0,14,227,169,872,405,657,263,0,14,195,129,0,14,0,14,462,233,0,14,215,184,0,14,58,93,0,14,0,14,157,166,0,14
1400000US36047002901,"Census Tract 29.01, Kings County, New York",Brooklyn,3177,570,2629,602,2057,569,304,184,0,14,40,64,194,146,70,62,268,124,177,167,0,14,91,81,548,185,298,137,11,24,180,89,0,14,0,14,107,131,0,14,250,129,18,38,141,105,0,14,0,14,91,78,0,14
1400000US36047003000,"Census Tract 30, Kings County, New York",Brooklyn,1844,314,1131,204,909,198,192,58,14,16,56,37,58,56,64,34,30,28,8,13,3,7,19,23,713,225,482,132,214,125,236,93,0,14,16,24,16,24,0,14,231,181,60,59,160,149,0,14,0,14,7,11,4,7
1400000US36047003101,"Census Tract 31.01, Kings County, New York",Brooklyn,4074,391,2939,402,1593,340,1282,395,292,117,238,100,539,313,213,77,64,59,24,28,0,14,40,52,1135,271,607,157,116,62,218,141,72,56,0,14,150,86,51,75,528,207,180,119,108,62,44,45,0,14,163,112,33,27
1400000US36047003102,"Census Tract 31.02, Kings County, New York",Brooklyn,0,14,0,14,0,14,0,14,0,14,0,14,0,14,0,14,0,14,0,14,0,14,0,14,0,14,0,14,0,14,0,14,0,14,0,14,0,14,0,14,0,14,0,14,0,14,0,14,0,14,0,14,0,14
1400000US36047003300,"Census Tract 33, Kings County, New York",Brooklyn,4125,580,3202,610,1882,530,1166,263,420,146,221,134,324,134,201,97,154,90,40,42,10,18,104,79,923,258,423,165,37,36,170,88,69,85,65,63,82,72,0,14,500,227,178,127,174,98,64,83,0,14,43,43,41,43
1400000US36047003400,"Census Tract 34, Kings County, New York",Brooklyn,3351,515,2280,359,1833,312,388,144,132,95,71,68,40,31,145,89,59,56,1,2,0,14,58,56,1071,428,682,235,177,108,343,149,111,166,0,14,35,33,16,26,389,285,20,33,88,59,132,193,0,14,149,211,0,14
1400000US36047003500,"Census Tract 35, Kings County, New York",Brooklyn,2178,262,1789,278,987,210,740,160,283,112,102,69,255,82,100,45,62,39,35,30,0,14,27,26,389,120,295,111,63,41,117,85,16,24,0,14,99,56,0,14,94,59,53,52,26,25,0,14,0,14,9,17,6,9
1400000US36047003600,"Census Tract 36, Kings County, New York",Brooklyn,3843,396,2566,398,1952,376,593,274,210,121,132,100,191,162,60,74,21,22,8,14,0,14,13,16,1277,246,1011,217,508,159,386,142,80,76,0,14,37,77,0,14,266,102,53,36,94,74,68,65,0,14,51,56,0,14
1400000US36047003700,"Census Tract 37, Kings County, New York",Brooklyn,4385,472,2749,445,1055,282,1694,331,554,172,118,74,558,190,464,227,0,14,0,14,0,14,0,14,1636,402,690,263,151,100,309,204,21,33,0,14,119,158,90,137,946,365,255,135,496,234,0,14,65,111,107,142,23,42
1400000US36047003800,"Census Tract 38, Kings County, New York",Brooklyn,1539,364,1081,226,934,223,132,55,29,23,42,40,54,49,7,11,15,13,7,10,0,14,8,8,458,216,344,201,87,60,215,174,8,13,0,14,34,32,0,14,114,72,7,11,20,20,6,9,0,14,81,66,0,14
1400000US36047003900,"Census Tract 39, Kings County, New York",Brooklyn,2986,504,2447,424,1186,337,1150,238,316,128,190,75,470,180,174,78,111,74,49,65,7,12,55,47,539,192,423,183,57,45,9,14,80,122,0,14,253,147,24,36,116,55,49,35,11,16,0,14,8,13,39,31,9,14
1400000US36047004100,"Census Tract 41, Kings County, New York",Brooklyn,3314,485,2891,442,1634,360,1220,223,402,103,164,72,388,131,266,107,37,29,6,11,0,14,31,28,423,136,179,84,68,44,54,49,10,16,8,14,39,34,0,14,244,99,138,89,40,28,0,14,22,24,34,41,10,15
1400000US36047004300,"Census Tract 43, Kings County, New York",Brooklyn,3769,429,2963,360,1508,303,1332,239,406,135,601,196,225,96,100,65,123,92,54,75,0,14,69,53,806,273,403,148,53,44,200,99,0,14,0,14,84,74,66,51,403,219,111,70,145,97,0,14,0,14,141,139,6,11
1400000US36047004400,"Census Tract 44, Kings County, New York",Brooklyn,2255,267,1808,250,1532,239,224,80,32,36,89,53,54,35,49,44,52,40,7,11,0,14,45,39,447,112,369,97,152,84,144,62,0,14,7,12,66,51,0,14,78,47,51,39,15,22,0,14,0,14,12,15,0,14
1400000US36047004500,"Census Tract 45, Kings County, New York",Brooklyn,3898,612,2848,428,1367,263,1408,302,536,197,250,165,294,124,328,127,73,54,15,25,0,14,58,48,1050,413,447,222,196,132,79,53,2,5,0,14,170,156,0,14,603,315,434,287,19,19,12,14,11,14,122,117,5,7
1400000US36047004600,"Census Tract 46, Kings County, New York",Brooklyn,1143,223,784,199,677,199,101,41,49,37,8,12,9,12,35,36,6,10,0,14,0,14,6,10,359,114,254,87,116,66,138,68,0,14,0,14,0,14,0,14,105,79,47,64,28,33,0,14,0,14,30,30,0,14
1400000US36047004700,"Census Tract 47, Kings County, New York",Brooklyn,1999,292,1714,269,1109,275,527,113,154,73,112,49,78,44,183,91,78,43,65,42,0,14,13,14,285,80,196,69,42,31,39,32,15,27,0,14,95,63,5,8,89,52,40,40,40,33,0,14,0,14,1,3,8,9
1400000US36047004900,"Census Tract 49, Kings County, New York",Brooklyn,2795,419,2465,409,1379,228,1011,280,319,113,210,87,328,197,154,81,75,52,33,35,0,14,42,40,330,97,130,67,51,40,14,20,0,14,0,14,65,50,0,14,200,78,108,60,15,18,21,31,0,14,32,29,24,29
1400000US36047005000,"Census Tract 50, Kings County, New York",Brooklyn,2564,450,2049,411,1738,403,255,149,86,60,67,66,74,76,28,40,56,55,0,14,0,14,56,55,515,182,414,159,80,48,195,113,0,14,0,14,139,121,0,14,101,79,34,46,36,55,19,29,0,14,12,18,0,14
1400000US36047005100,"Census Tract 51, Kings County, New York",Brooklyn,2439,548,2198,537,1124,295,1045,291,450,149,229,95,197,168,169,73,29,28,0,14,0,14,29,28,241,111,133,75,57,57,65,50,0,14,0,14,0,14,11,18,108,90,64,74,36,38,0,14,0,14,0,14,8,13
1400000US36047005201,"Census Tract 52.01, Kings County, New York",Brooklyn,1751,214,1099,200,872,172,216,85,131,49,21,25,53,50,11,18,11,18,11,18,0,14,0,14,652,185,497,140,345,136,127,51,0,14,0,14,14,20,11,16,155,82,84,63,71,46,0,14,0,14,0,14,0,14
1400000US36047005202,"Census Tract 52.02, Kings County, New York",Brooklyn,2681,369,1927,275,1714,262,170,86,83,55,0,14,76,54,11,18,43,39,17,26,0,14,26,30,754,257,552,230,309,180,179,140,12,20,0,14,52,55,0,14,202,123,71,44,59,82,33,50,0,14,39,57,0,14
1400000US36047005301,"Census Tract 53.01, Kings County, New York",Brooklyn,2095,402,1542,221,955,172,508,130,146,57,104,50,148,59,110,107,79,64,57,60,0,14,22,25,553,350,261,132,150,76,31,38,0,14,0,14,80,117,0,14,292,253,85,50,24,62,0,14,10,16,173,231,0,14
1400000US36047005302,"Census Tract 53.02, Kings County, New York",Brooklyn,123,113,116,114,71,64,45,52,0,14,9,12,0,14,36,51,0,14,0,14,0,14,0,14,7,9,0,14,0,14,0,14,0,14,0,14,0,14,0,14,7,9,7,9,0,14,0,14,0,14,0,14,0,14
1400000US36047005303,"Census Tract 53.03, Kings County, New York",Brooklyn,136,70,122,70,15,20,107,66,21,21,70,73,16,21,0,14,0,14,0,14,0,14,0,14,14,20,14,20,0,14,0,14,0,14,0,14,14,20,0,14,0,14,0,14,0,14,0,14,0,14,0,14,0,14
1400000US36047005400,"Census Tract 54, Kings County, New York",Brooklyn,3425,503,2569,449,2070,484,453,184,153,80,31,26,155,98,114,130,46,39,20,31,0,14,26,26,856,218,607,163,222,106,180,125,58,61,0,14,147,104,0,14,249,130,141,90,48,41,0,14,0,14,60,79,0,14
1400000US36047005601,"Census Tract 56.01, Kings County, New York",Brooklyn,2577,461,1819,297,1384,253,426,168,121,75,134,97,72,56,99,79,9,15,0,14,0,14,9,15,758,405,519,381,118,62,286,362,22,34,0,14,93,62,0,14,239,135,101,82,65,49,0,14,0,14,73,59,0,14
1400000US36047005602,"Census Tract 56.02, Kings County, New York",Brooklyn,1791,273,1326,233,1183,226,107,41,50,36,23,21,34,25,0,14,36,24,7,11,0,14,29,21,465,178,394,181,133,76,252,146,0,14,0,14,9,14,0,14,71,48,33,28,37,31,0,14,0,14,1,3,0,14
1400000US36047005800,"Census Tract 58, Kings County, New York",Brooklyn,3115,469,2208,404,1799,408,359,117,161,90,40,32,56,37,102,76,50,38,0,14,0,14,50,38,907,280,657,240,389,191,188,103,0,14,0,14,80,82,0,14,250,126,76,53,103,70,0,14,40,59,31,28,0,14
1400000US36047005900,"Census Tract 59, Kings County, New York",Brooklyn,1518,181,1347,160,804,152,507,144,222,103,101,56,101,61,83,48,36,39,13,23,0,14,23,33,171,87,59,50,0,14,22,35,0,14,0,14,35,33,2,9,112,66,24,27,23,25,0,14,38,30,27,38,0,14
1400000US36047006000,"Census Tract 60, Kings County, New York",Brooklyn,2793,597,1537,411,1336,414,131,62,14,16,67,45,40,39,10,16,70,45,25,24,0,14,45,40,1256,382,833,319,188,108,318,155,167,250,0,14,160,103,0,14,423,173,33,34,113,117,8,12,0,14,269,152,0,14
1400000US36047006200,"Census Tract 62, Kings County, New York",Brooklyn,2653,609,1551,367,1230,292,254,134,69,54,35,53,109,87,41,49,67,54,48,44,0,14,19,31,1102,351,562,191,125,80,241,155,136,104,0,14,60,51,0,14,540,283,51,49,269,182,4,9,0,14,197,205,19,30
1400000US36047006300,"Census Tract 63, Kings County, New York",Brooklyn,1904,333,1588,327,802,219,781,202,183,58,350,162,127,48,121,70,5,8,0,14,0,14,5,8,316,71,157,44,43,28,48,23,0,14,0,14,60,36,6,10,159,59,71,36,56,44,0,14,5,9,9,10,18,17
1400000US36047006400,"Census Tract 64, Kings County, New York",Brooklyn,3463,400,2503,426,2124,445,298,142,122,82,103,77,66,85,7,12,81,64,41,54,0,14,40,31,960,310,611,229,70,46,234,142,207,161,0,14,100,62,0,14,349,205,123,134,109,82,76,73,0,14,41,61,0,14
1400000US36047006500,"Census Tract 65, Kings County, New York",Brooklyn,6089,1389,5506,1368,2918,936,2531,638,994,362,650,254,713,371,174,90,57,79,0,19,0,19,57,79,583,244,386,206,129,79,164,173,51,53,0,19,42,52,0,19,197,100,84,69,23,26,50,59,0,19,23,32,17,27
1400000US36047006600,"Census Tract 66, Kings County, New York",Brooklyn,4104,499,2634,445,2028,312,461,294,318,286,30,22,92,53,21,26,145,140,54,63,0,14,91,129,1470,317,1030,270,288,137,391,163,152,137,0,14,199,165,0,14,440,199,86,78,58,43,0,14,0,14,283,193,13,20
1400000US36047006700,"Census Tract 67, Kings County, New York",Brooklyn,4032,611,3504,589,2155,502,1196,302,412,133,180,74,247,103,357,225,153,97,98,95,0,14,55,30,528,178,305,123,57,32,81,60,24,24,0,14,124,99,19,22,223,112,115,74,19,28,53,60,0,14,0,14,36,43
1400000US36047006800,"Census Tract 68, Kings County, New York",Brooklyn,4117,589,2064,381,1855,357,170,95,88,51,23,24,31,35,28,45,39,42,21,35,0,14,18,23,2053,447,1579,427,171,112,559,211,194,134,12,19,643,340,0,14,474,171,102,71,132,95,89,69,0,14,142,118,9,13
1400000US36047006901,"Census Tract 69.01, Kings County, New York",Brooklyn,1785,256,1562,245,809,197,691,158,294,100,131,62,175,84,91,46,62,63,45,63,0,14,17,19,223,86,91,36,41,25,43,29,0,14,0,14,7,9,0,14,132,76,53,37,56,50,0,14,5,9,18,21,0,14
1400000US36047006902,"Census Tract 69.02, Kings County, New York",Brooklyn,1906,305,1575,317,741,244,770,169,262,79,203,109,169,57,136,52,64,54,50,54,0,14,14,15,331,126,73,35,16,18,44,29,0,14,0,14,7,11,6,10,258,126,110,92,21,14,51,72,25,29,14,21,37,26
1400000US36047007000,"Census Tract 70, Kings County, New York",Brooklyn,2591,350,1566,326,1272,254,145,90,81,69,20,26,28,37,16,23,149,108,112,95,0,14,37,58,1025,300,828,274,458,272,129,79,9,14,0,14,232,144,0,14,197,122,58,68,24,31,0,14,0,14,115,95,0,14
1400000US36047007100,"Census Tract 71, Kings County, New York",Brooklyn,4050,721,3118,454,2245,484,654,176,116,62,74,58,365,174,99,50,219,140,185,141,0,14,34,29,932,472,510,371,26,40,137,78,0,14,0,14,347,360,0,14,422,229,86,88,170,129,27,43,0,14,125,108,14,21
1400000US36047007200,"Census Tract 72, Kings County, New York",Brooklyn,1759,353,903,237,704,243,97,92,19,26,60,84,18,20,0,14,102,74,102,74,0,14,0,14,856,274,272,107,22,23,129,73,0,14,0,14,121,78,0,14,584,305,9,14,126,122,0,14,0,14,449,269,0,14
1400000US36047007400,"Census Tract 74, Kings County, New York",Brooklyn,5478,1143,2814,666,2371,674,190,120,50,51,22,26,112,76,6,12,253,193,90,77,0,19,163,174,2664,650,978,265,14,22,570,203,0,19,0,19,394,150,0,19,1686,555,0,19,487,244,0,19,8,16,1191,489,0,19
1400000US36047007500,"Census Tract 75, Kings County, New York",Brooklyn,4766,774,3749,649,2024,508,1588,377,496,208,426,215,438,206,228,134,137,105,74,102,0,14,63,64,1017,441,545,312,281,272,75,66,0,14,18,29,171,133,0,14,472,323,225,158,125,143,0,14,11,20,111,161,0,14
1400000US36047007600,"Census Tract 76, Kings County, New York",Brooklyn,4096,885,2223,617,1742,574,267,112,14,20,37,54,205,105,11,16,214,141,172,119,0,14,42,62,1873,412,722,300,110,67,219,174,0,14,0,14,393,241,0,14,1151,378,29,32,356,223,0,14,0,14,753,376,13,21
1400000US36047007700,"Census Tract 77, Kings County, New York",Brooklyn,5974,732,5051,687,2598,580,2251,468,595,241,413,197,911,358,332,178,202,133,176,125,0,19,26,32,923,333,546,295,233,160,54,52,173,234,0,19,59,60,27,43,377,167,188,120,48,47,0,19,14,23,52,77,75,91
1400000US36047007800,"Census Tract 78, Kings County, New York",Brooklyn,4713,877,3107,688,2571,644,401,146,130,82,93,81,110,73,68,56,135,115,127,114,0,14,8,14,1606,312,539,170,0,14,161,90,0,14,0,14,378,148,0,14,1067,261,54,51,240,147,0,14,0,14,773,282,0,14
1400000US36047008000,"Census Tract 80, Kings County, New York",Brooklyn,3296,452,1918,427,1318,381,384,126,134,66,45,38,83,50,122,97,216,110,187,108,0,14,29,36,1378,330,567,190,11,17,179,89,0,14,0,14,377,195,0,14,811,331,39,38,180,114,0,14,0,14,582,294,10,14
1400000US36047008200,"Census Tract 82, Kings County, New York",Brooklyn,3985,676,2279,495,1384,324,712,269,454,243,76,53,107,60,75,57,183,107,181,108,0,14,2,5,1706,368,944,325,44,43,163,97,0,14,0,14,737,316,0,14,762,246,0,14,123,82,0,14,0,14,639,218,0,14
1400000US36047008400,"Census Tract 84, Kings County, New York",Brooklyn,2994,875,1528,315,1030,262,396,157,127,87,137,99,53,47,79,66,102,98,102,98,0,14,0,14,1466,836,226,157,11,19,53,50,22,27,0,14,140,136,0,14,1240,757,8,11,91,65,0,14,0,14,1141,753,0,14
1400000US36047008500,"Census Tract 85, Kings County, New York",Brooklyn,6401,1256,4659,886,3675,915,357,293,59,86,0,19,276,273,22,34,627,340,412,202,0,19,215,255,1742,632,948,420,0,19,130,116,0,19,0,19,818,396,0,19,794,506,0,19,181,183,24,43,0,19,589,477,0,19
1400000US36047008600,"Census Tract 86, Kings County, New York",Brooklyn,0,14,0,14,0,14,0,14,0,14,0,14,0,14,0,14,0,14,0,14,0,14,0,14,0,14,0,14,0,14,0,14,0,14,0,14,0,14,0,14,0,14,0,14,0,14,0,14,0,14,0,14,0,14
1400000US36047008800,"Census Tract 88, Kings County, New York",Brooklyn,3221,527,1869,331,1210,323,616,255,168,187,111,87,85,56,252,145,43,60,0,14,0,14,43,60,1352,329,668,216,31,38,490,253,0,14,0,14,147,126,0,14,684,375,30,51,20,32,0,14,0,14,634,376,0,14
1400000US36047009001,"Census Tract 90.01, Kings County, New York",Brooklyn,1305,289,682,226,620,210,10,16,0,14,0,14,0,14,10,16,52,46,29,40,0,14,23,26,623,145,337,121,81,58,147,65,0,14,0,14,109,85,0,14,286,142,12,18,35,32,0,14,0,14,239,144,0,14
1400000US36047009002,"Census Tract 90.02, Kings County, New York",Brooklyn,1549,620,772,449,689,442,54,49,27,32,6,20,11,17,10,16,29,49,29,49,0,14,0,14,777,272,255,103,6,12,127,99,0,14,0,14,122,62,0,14,522,255,0,14,221,145,0,14,0,14,301,237,0,14
1400000US36047009201,"Census Tract 92.01, Kings County, New York",Brooklyn,1986,336,851,320,522,164,198,109,38,32,25,23,83,83,52,47,131,156,30,33,0,14,101,150,1135,299,430,115,0,14,309,93,0,14,0,14,121,89,0,14,705,285,18,20,323,148,0,14,0,14,364,307,0,14
1400000US36047009202,"Census Tract 92.02, Kings County, New York",Brooklyn,2648,666,1003,411,816,400,157,85,100,75,32,30,25,29,0,14,30,32,30,32,0,14,0,14,1645,397,713,221,41,45,362,177,0,14,0,14,310,128,0,14,932,356,13,20,364,194,20,33,0,14,535,306,0,14
1400000US36047009401,"Census Tract 94.01, Kings County, New York",Brooklyn,1946,336,806,176,713,182,49,43,19,24,0,14,26,30,4,11,44,41,30,35,0,14,14,14,1140,192,574,150,11,17,513,141,0,14,0,14,50,43,0,14,566,109,5,10,457,111,0,14,0,14,104,53,0,14
1400000US36047009402,"Census Tract 94.02, Kings County, New York",Brooklyn,3280,665,1488,415,1273,366,118,112,16,23,0,14,64,100,38,41,97,64,6,12,0,14,91,65,1792,414,676,241,138,77,436,211,21,33,0,14,81,77,0,14,1116,347,238,190,574,231,0,14,0,14,304,196,0,14
1400000US36047009600,"Census Tract 96, Kings County, New York",Brooklyn,6040,740,3403,597,2593,417,537,355,164,146,59,52,37,35,277,215,273,172,273,172,0,19,0,19,2637,436,864,231,32,35,476,162,0,19,0,19,356,156,0,19,1773,419,21,35,779,321,0,19,0,19,973,379,0,19
1400000US36047009800,"Census Tract 98, Kings County, New York",Brooklyn,6713,901,2894,559,2620,560,105,97,0,19,15,24,44,53,46,73,169,97,139,100,0,19,30,56,3819,659,983,265,0,19,591,161,21,35,0,19,359,209,12,19,2836,595,0,19,1309,386,9,13,13,20,1505,513,0,19
1400000US36047010000,"Census Tract 100, Kings County, New York",Brooklyn,5489,1131,2388,654,1946,572,129,109,80,90,23,31,11,18,15,24,313,246,313,246,0,19,0,19,3101,713,1095,326,0,19,781,333,0,19,0,19,314,178,0,19,2006,672,8,21,1023,369,12,18,0,19,963,696,0,19
1400000US36047010100,"Census Tract 101, Kings County, New York",Brooklyn,4606,722,3395,508,2242,443,746,217,334,112,168,93,175,140,69,55,407,182,216,135,0,14,191,148,1211,394,396,225,34,43,30,35,14,24,0,14,318,206,0,14,815,403,72,66,58,85,11,27,0,14,674,401,0,14
1400000US36047010200,"Census Tract 102, Kings County, New York",Brooklyn,5201,809,2321,489,1851,401,343,223,25,29,101,84,137,123,80,96,127,115,127,115,0,19,0,19,2880,536,832,184,97,95,611,149,0,19,0,19,124,86,0,19,2048,491,21,19,1456,504,34,44,0,19,537,229,0,19
1400000US36047010401,"Census Tract 104.01, Kings County, New York",Brooklyn,2060,422,633,162,571,141,30,89,19,51,0,14,11,38,0,14,32,35,23,36,0,14,9,13,1427,369,490,114,0,14,437,108,23,42,0,14,30,38,0,14,937,328,10,33,825,327,0,14,0,14,102,90,0,14
1400000US36047010402,"Census Tract 104.02, Kings County, New York",Brooklyn,2174,675,676,178,647,171,4,6,0,14,0,14,0,14,4,6,25,30,18,27,0,14,7,11,1498,599,541,163,57,66,432,144,0,14,0,14,52,43,0,14,957,567,32,49,821,555,0,14,0,14,104,81,0,14
1400000US36047010601,"Census Tract 106.01, Kings County, New York",Brooklyn,2138,457,821,294,716,280,76,109,0,14,0,14,76,109,0,14,29,30,0,14,0,14,29,30,1317,350,529,222,0,14,481,219,0,14,0,14,48,61,0,14,788,261,0,14,500,183,0,14,0,14,288,212,0,14
1400000US36047010602,"Census Tract 106.02, Kings County, New York",Brooklyn,2088,717,477,193,395,181,40,51,10,20,10,20,12,19,8,13,42,48,0,14,0,14,42,48,1611,600,737,432,27,41,710,427,0,14,0,14,0,14,0,14,874,341,0,14,786,319,0,14,0,14,88,140,0,14
1400000US36047010801,"Census Tract 108.01, Kings County, New York",Brooklyn,1878,346,449,178,428,175,0,14,0,14,0,14,0,14,0,14,21,25,0,14,0,14,21,25,1429,305,424,149,0,14,416,150,0,14,0,14,8,12,0,14,1005,292,0,14,890,252,0,14,0,14,115,156,0,14
1400000US36047010802,"Census Tract 108.02, Kings County, New York",Brooklyn,2419,737,746,219,687,213,59,55,47,50,0,14,12,18,0,14,0,14,0,14,0,14,0,14,1673,728,503,150,38,38,329,131,0,14,0,14,136,138,0,14,1170,689,8,18,1106,685,20,30,0,14,36,33,0,14
1400000US36047011000,"Census Tract 110, Kings County, New York",Brooklyn,2535,722,1275,322,1074,340,80,64,34,30,0,14,46,58,0,14,121,89,73,70,0,14,48,56,1260,637,570,167,5,11,271,87,0,14,0,14,294,159,0,14,690,617,35,48,569,607,0,14,0,14,86,90,0,14
1400000US36047011200,"Census Tract 112, Kings County, New York",Brooklyn,6611,1138,3571,1073,3223,1077,65,67,0,19,0,19,41,57,24,38,283,178,90,97,0,19,193,157,3040,593,1421,409,146,120,820,297,0,19,0,19,455,331,0,19,1619,577,344,397,361,203,0,19,0,19,914,450,0,19
1400000US36047011400,"Census Tract 114, Kings County, New York",Brooklyn,3683,1021,2310,726,2129,663,128,201,30,133,20,26,68,74,10,15,53,47,39,40,0,14,14,19,1373,478,486,216,197,183,199,112,0,14,0,14,90,69,0,14,887,461,0,14,541,326,6,16,0,14,297,271,43,47
1400000US36047011600,"Census Tract 116, Kings County, New York",Brooklyn,3233,754,1057,332,993,322,37,37,2,5,20,31,3,7,12,16,27,30,0,14,0,14,27,30,2176,555,1050,454,25,31,942,437,0,14,0,14,83,79,0,14,1126,312,5,8,976,304,0,14,0,14,145,128,0,14
1400000US36047011700,"Census Tract 117, Kings County, New York",Brooklyn,2792,450,2294,317,1238,388,921,272,314,124,197,100,226,94,184,104,135,94,91,77,0,14,44,57,498,235,193,85,40,44,63,48,0,14,0,14,90,68,0,14,305,200,83,58,123,156,0,14,0,14,88,114,11,18
1400000US36047011800,"Census Tract 118, Kings County, New York",Brooklyn,1867,364,598,162,528,156,31,34,6,10,20,27,5,7,0,14,39,34,0,14,0,14,39,34,1269,296,561,140,9,10,455,137,30,60,0,14,67,97,0,14,708,260,0,14,635,266,18,29,0,14,38,48,17,26
1400000US36047011901,"Census Tract 119.01, Kings County, New York",Brooklyn,1378,187,1041,184,590,144,425,94,154,53,94,63,127,52,50,29,26,24,0,14,0,14,26,24,337,117,178,83,54,37,28,24,0,14,14,19,82,63,0,14,159,81,14,20,59,52,4,6,13,19,51,52,18,21
1400000US36047011902,"Census Tract 119.02, Kings County, New York",Brooklyn,0,14,0,14,0,14,0,14,0,14,0,14,0,14,0,14,0,14,0,14,0,14,0,14,0,14,0,14,0,14,0,14,0,14,0,14,0,14,0,14,0,14,0,14,0,14,0,14,0,14,0,14,0,14
1400000US36047012000,"Census Tract 120, Kings County, New York",Brooklyn,1225,416,557,261,482,183,75,101,8,13,53,99,0,14,14,16,0,14,0,14,0,14,0,14,668,190,402,182,0,14,332,184,0,14,0,14,70,107,0,14,266,89,0,14,222,85,0,14,0,14,44,50,0,14
1400000US36047012100,"Census Tract 121, Kings County, New York",Brooklyn,2157,482,1745,479,968,434,644,91,216,62,160,68,120,48,148,64,133,91,33,28,0,14,100,89,412,104,232,71,50,30,83,42,33,34,0,14,66,42,0,14,180,68,48,37,44,34,0,14,0,14,59,47,29,35
1400000US36047012200,"Census Tract 122, Kings County, New York",Brooklyn,4655,984,2107,581,1879,560,190,124,85,74,24,38,20,30,61,97,38,37,38,37,0,14,0,14,2548,653,987,319,54,92,543,192,0,14,0,14,390,248,0,14,1561,575,46,56,523,324,12,18,17,20,963,457,0,14
1400000US36047012600,"Census Tract 126, Kings County, New York",Brooklyn,3020,477,1529,271,1114,206,182,151,68,73,5,8,90,82,19,14,233,218,9,13,0,14,224,218,1491,279,754,202,85,57,374,152,181,127,0,14,112,71,2,5,737,197,0,14,382,150,90,81,16,24,249,131,0,14
1400000US36047012700,"Census Tract 127, Kings County, New York",Brooklyn,4286,464,3808,453,2603,377,931,322,287,99,119,66,414,285,111,72,274,126,245,125,0,14,29,26,478,204,251,165,27,30,87,80,0,14,0,14,137,127,0,14,227,122,52,45,127,92,26,41,0,14,11,27,11,17
1400000US36047012801,"Census Tract 128.01, Kings County, New York",Brooklyn,1987,289,1110,264,836,233,158,80,32,34,79,56,30,46,17,17,116,116,27,31,0,14,89,114,877,220,528,183,25,27,338,123,89,114,0,14,76,65,0,14,349,114,13,16,306,113,0,14,0,14,16,24,14,23
1400000US36047012901,"Census Tract 129.01, Kings County, New York",Brooklyn,2539,404,2024,350,859,255,1128,357,395,173,134,94,381,131,218,157,37,35,24,30,0,14,13,21,515,182,240,100,131,80,46,33,15,24,0,14,48,42,0,14,275,148,89,74,11,13,0,14,0,14,168,139,7,13
1400000US36047012902,"Census Tract 129.02, Kings County, New York",Brooklyn,3822,462,3165,434,1438,315,1587,340,437,166,345,157,471,174,334,191,140,104,53,60,0,14,87,80,657,280,265,100,89,58,70,68,0,14,0,14,65,62,41,39,392,257,95,100,27,25,99,134,11,17,120,119,40,48
1400000US36047013000,"Census Tract 130, Kings County, New York",Brooklyn,5598,856,3441,664,2725,532,440,135,215,107,58,47,114,66,53,41,276,273,26,34,0,19,250,269,2157,437,1114,359,160,111,683,327,102,75,0,19,169,83,0,19,1043,425,55,57,170,87,0,19,0,19,818,422,0,19
1400000US36047013100,"Census Tract 131, Kings County, New York",Brooklyn,3533,548,2992,479,1518,437,1319,209,361,109,249,84,468,133,241,103,155,75,92,63,0,14,63,45,541,216,385,194,37,32,49,47,50,79,0,14,204,140,45,40,156,82,45,42,42,36,0,14,40,43,19,29,10,18
1400000US36047013200,"Census Tract 132, Kings County, New York",Brooklyn,2088,566,1113,340,1031,338,76,45,14,16,25,26,23,19,14,16,6,11,0,14,0,14,6,11,975,308,490,141,139,118,331,100,0,14,0,14,20,22,0,14,485,265,60,83,193,116,0,14,0,14,232,232,0,14
1400000US36047013300,"Census Tract 133, Kings County, New York",Brooklyn,4264,560,3654,551,1890,388,1523,329,596,209,363,150,345,135,219,84,241,121,62,95,0,14,179,97,610,139,331,100,83,55,149,90,0,14,0,14,99,65,0,14,279,102,87,41,46,32,14,23,0,14,104,81,28,32
1400000US36047013400,"Census Tract 134, Kings County, New York",Brooklyn,4209,628,2863,453,2096,429,596,215,206,99,122,77,257,161,11,19,171,86,30,42,0,14,141,82,1346,320,716,190,51,49,483,166,23,27,0,14,159,102,0,14,630,226,36,35,409,194,0,14,0,14,174,115,11,17
1400000US36047013500,"Census Tract 135, Kings County, New York",Brooklyn,4294,526,3744,533,2081,395,1432,321,338,123,382,139,306,132,406,201,231,132,30,27,0,14,201,131,550,134,283,100,58,55,139,58,0,14,16,25,57,45,13,21,267,102,146,78,58,41,0,14,0,14,47,53,16,26
1400000US36047013600,"Census Tract 136, Kings County, New York",Brooklyn,4090,534,3168,514,2609,490,468,182,193,112,87,69,122,85,66,47,91,80,67,78,12,18,12,18,922,247,685,234,250,146,285,166,0,14,0,14,150,109,0,14,237,100,64,45,120,71,0,14,0,14,53,57,0,14
1400000US36047013700,"Census Tract 137, Kings County, New York",Brooklyn,3101,448,2676,442,1409,345,1233,266,407,151,309,110,296,139,221,91,34,31,23,26,0,14,11,16,425,140,200,87,41,37,54,39,0,14,0,14,88,75,17,25,225,104,66,55,30,27,8,13,35,41,49,52,37,37
1400000US36047013800,"Census Tract 138, Kings County, New York",Brooklyn,3800,600,2586,532,2014,426,442,209,143,90,63,75,48,36,188,153,130,81,53,59,0,14,77,73,1214,275,772,213,161,89,310,199,170,90,0,14,131,94,0,14,442,165,79,60,259,148,8,17,0,14,89,98,7,14
1400000US36047013900,"Census Tract 139, Kings County, New York",Brooklyn,3574,500,2958,462,1866,383,1050,243,398,115,198,131,229,96,225,106,42,44,0,14,0,14,42,44,616,211,395,175,129,91,145,131,7,13,0,14,114,63,0,14,221,129,50,78,57,64,0,14,19,27,95,80,0,14
1400000US36047014000,"Census Tract 140, Kings County, New York",Brooklyn,1791,459,1051,265,960,264,81,43,43,27,0,14,22,18,16,18,10,12,6,10,0,14,4,7,740,359,483,253,101,72,204,93,159,213,0,14,14,22,5,9,257,144,79,95,104,77,67,89,0,14,5,8,2,5
1400000US36047014101,"Census Tract 141.01, Kings County, New York",Brooklyn,1483,181,1195,162,605,137,530,105,192,68,74,44,120,63,144,68,60,37,11,16,0,14,49,34,288,89,192,78,65,52,107,55,0,14,0,14,0,14,20,12,96,50,27,26,47,26,5,8,0,14,17,30,0,14
1400000US36047014102,"Census Tract 141.02, Kings County, New York",Brooklyn,2032,396,1339,209,684,170,532,115,248,66,102,54,98,46,84,53,123,103,70,62,0,14,53,52,693,341,497,332,64,40,191,191,23,26,0,14,196,275,23,20,196,82,103,67,71,40,0,14,8,11,14,22,0,14
1400000US36047014200,"Census Tract 142, Kings County, New York",Brooklyn,3534,687,2345,594,1762,524,381,238,81,100,19,22,210,177,71,67,202,159,49,52,0,14,153,155,1189,288,858,246,296,192,309,147,157,72,0,14,96,82,0,14,331,142,176,116,29,33,93,76,0,14,33,29,0,14
1400000US36047014300,"Census Tract 143, Kings County, New York",Brooklyn,3675,642,2890,465,1830,417,977,274,216,129,215,106,317,134,229,117,83,81,20,25,0,14,63,80,785,314,491,274,61,69,36,30,6,11,13,18,237,196,138,190,294,146,45,34,4,6,0,14,89,108,147,97,9,15
1400000US36047014500,"Census Tract 145, Kings County, New York",Brooklyn,4681,693,3812,652,2231,535,1474,324,505,175,173,79,484,170,312,207,107,68,86,63,0,14,21,24,869,279,444,155,61,56,107,70,0,14,0,14,276,142,0,14,425,243,71,68,113,78,0,14,0,14,228,174,13,21
1400000US36047014700,"Census Tract 147, Kings County, New York",Brooklyn,2373,400,2051,388,1239,284,657,154,263,86,135,70,178,76,81,51,155,58,51,32,0,14,104,55,322,104,217,73,60,49,63,37,0,14,6,10,77,41,11,12,105,53,59,38,23,24,0,14,8,12,0,14,15,15
1400000US36047014800,"Census Tract 148, Kings County, New York",Brooklyn,1233,323,813,232,732,221,60,54,23,25,0,14,37,34,0,14,21,27,17,25,0,14,4,11,420,127,253,81,91,54,142,83,0,14,3,6,17,23,0,14,167,93,40,55,99,62,0,14,0,14,28,38,0,14
1400000US36047014901,"Census Tract 149.01, Kings County, New York",Brooklyn,1540,217,1261,230,760,220,423,106,133,71,136,70,80,51,74,38,78,42,45,35,0,14,33,36,279,69,231,70,80,46,75,37,0,14,0,14,66,48,10,15,48,34,15,22,23,20,0,14,0,14,2,12,8,13
1400000US36047014902,"Census Tract 149.02, Kings County, New York",Brooklyn,4054,738,3091,704,1207,273,1823,609,469,264,443,303,692,496,219,86,61,67,12,19,49,64,0,14,963,330,649,267,266,243,226,112,0,14,0,14,157,108,0,14,314,178,43,46,102,66,0,14,0,14,169,163,0,14
1400000US36047015000,"Census Tract 150, Kings County, New York",Brooklyn,1437,280,872,185,693,161,107,71,8,13,39,56,31,28,29,30,72,56,0,14,0,14,72,56,565,174,357,112,157,83,162,88,17,14,0,14,21,33,0,14,208,149,109,142,98,57,1,2,0,14,0,14,0,14
1400000US36047015100,"Census Tract 151, Kings County, New York",Brooklyn,4060,408,3413,389,2138,327,1201,211,653,163,244,89,127,74,177,85,74,43,50,33,0,14,24,25,647,180,307,119,127,81,108,56,14,21,0,14,47,41,11,17,340,160,203,132,93,51,0,14,0,14,19,31,25,23
1400000US36047015200,"Census Tract 152, Kings County, New York",Brooklyn,2294,411,1388,240,1121,181,168,90,29,23,9,11,75,64,55,40,99,102,77,94,0,14,22,23,906,262,748,228,212,111,377,210,64,49,0,14,95,47,0,14,158,68,69,39,82,56,0,14,0,14,7,9,0,14
1400000US36047015300,"Census Tract 153, Kings County, New York",Brooklyn,2638,351,2115,324,1147,207,809,162,266,86,192,81,185,85,166,101,159,174,106,165,0,14,53,45,523,138,239,86,72,45,159,82,0,14,0,14,8,15,0,14,284,119,131,93,13,16,0,14,0,14,140,102,0,14
1400000US36047015400,"Census Tract 154, Kings County, New York",Brooklyn,0,14,0,14,0,14,0,14,0,14,0,14,0,14,0,14,0,14,0,14,0,14,0,14,0,14,0,14,0,14,0,14,0,14,0,14,0,14,0,14,0,14,0,14,0,14,0,14,0,14,0,14,0,14
1400000US36047015500,"Census Tract 155, Kings County, New York",Brooklyn,3443,504,2953,494,1539,372,1265,313,555,215,276,177,181,89,253,137,149,97,13,20,0,14,136,97,490,149,296,127,144,96,54,47,0,14,18,27,80,85,0,14,194,113,84,83,72,53,0,14,28,32,0,14,10,16
1400000US36047015700,"Census Tract 157, Kings County, New York",Brooklyn,5071,800,4301,662,2589,500,1609,569,733,433,345,203,400,174,131,82,103,70,0,19,0,19,103,70,770,350,308,132,102,96,82,65,0,19,0,19,124,109,0,19,462,299,245,230,156,191,0,19,0,19,43,58,18,31
1400000US36047015900,"Census Tract 159, Kings County, New York",Brooklyn,5377,747,4643,690,2111,391,2427,500,772,288,883,409,343,148,429,221,105,79,0,19,19,32,86,73,734,287,340,166,69,76,198,125,0,19,0,19,73,90,0,19,394,251,179,198,81,107,0,19,0,19,81,70,53,78
1400000US36047016000,"Census Tract 160, Kings County, New York",Brooklyn,4426,556,2626,460,2164,380,385,194,152,122,89,75,130,115,14,22,77,92,20,32,0,14,57,62,1800,307,1013,252,135,84,494,135,61,56,0,14,323,233,0,14,787,285,306,190,311,192,69,68,0,14,101,89,0,14
1400000US36047016100,"Census Tract 161, Kings County, New York",Brooklyn,3468,371,2671,368,1394,325,1144,220,432,209,214,90,382,101,116,49,133,80,76,78,0,14,57,36,797,213,568,165,140,82,140,81,0,14,0,14,288,155,0,14,229,124,60,47,67,44,0,14,0,14,84,90,18,34
1400000US36047016200,"Census Tract 162, Kings County, New York",Brooklyn,2267,408,1631,360,1473,354,98,61,54,42,0,14,34,41,10,17,60,67,35,54,0,14,25,39,636,180,406,111,152,98,80,46,36,34,0,14,138,75,0,14,230,158,93,128,76,57,6,12,0,14,55,74,0,14
1400000US36047016300,"Census Tract 163, Kings County, New York",Brooklyn,4370,586,3590,558,1683,348,1816,389,484,217,321,131,726,349,285,128,91,60,10,16,0,14,81,60,780,241,388,161,38,32,56,42,44,51,0,14,204,129,46,56,392,183,125,105,42,34,0,14,20,23,189,160,16,18
1400000US36047016400,"Census Tract 164, Kings County, New York",Brooklyn,980,289,887,265,350,145,511,199,33,23,28,33,292,148,158,79,26,27,2,9,0,14,24,26,93,61,61,47,0,14,56,47,0,14,0,14,0,14,5,7,32,36,24,35,8,11,0,14,0,14,0,14,0,14
1400000US36047016500,"Census Tract 165, Kings County, New York",Brooklyn,5742,818,4578,691,2390,449,1940,412,549,188,407,181,827,351,157,102,248,187,22,36,0,19,226,186,1164,413,884,375,394,255,249,189,0,19,0,19,241,214,0,19,280,183,98,81,102,157,0,19,26,44,54,73,0,19
1400000US36047016600,"Census Tract 166, Kings County, New York",Brooklyn,2201,279,1614,253,1472,210,102,62,16,19,35,47,51,42,0,14,40,37,8,12,0,14,32,34,587,175,349,127,154,70,187,101,8,14,0,14,0,14,0,14,238,135,15,17,179,121,0,14,0,14,44,52,0,14
1400000US36047016700,"Census Tract 167, Kings County, New York",Brooklyn,4800,809,3774,564,2004,526,1720,357,726,267,188,118,439,201,367,232,50,56,0,14,0,14,50,56,1026,537,658,496,61,56,471,491,25,35,0,14,101,88,0,14,368,191,121,124,63,66,0,14,0,14,49,48,135,133
1400000US36047016800,"Census Tract 168, Kings County, New York",Brooklyn,1763,407,1274,353,1076,270,193,125,129,114,3,5,38,41,23,28,5,7,0,14,0,14,5,7,489,156,413,132,100,81,291,98,7,10,9,13,6,9,0,14,76,61,6,9,70,59,0,14,0,14,0,14,0,14
1400000US36047016900,"Census Tract 169, Kings County, New York",Brooklyn,4714,933,3861,858,2590,799,1184,324,450,246,408,182,183,109,143,83,87,88,81,86,0,14,6,17,853,290,542,191,236,147,231,117,0,14,0,14,75,89,0,14,311,221,188,233,70,66,0,14,0,14,0,14,53,65
1400000US36047017000,"Census Tract 170, Kings County, New York",Brooklyn,3503,625,2123,511,1957,507,108,69,26,39,39,39,22,27,21,21,58,42,20,30,0,14,38,30,1380,313,1010,261,173,116,640,203,0,14,0,14,197,125,0,14,370,198,0,14,134,108,0,14,0,14,219,174,17,27
1400000US36047017100,"Census Tract 171, Kings County, New York",Brooklyn,4139,683,3414,494,2166,333,1189,379,548,183,131,73,236,102,274,197,59,58,14,22,0,14,45,54,725,357,586,338,82,61,140,83,11,17,31,48,298,313,24,23,139,108,11,18,61,55,0,14,0,14,62,101,5,9
1400000US36047017200,"Census Tract 172, Kings County, New York",Brooklyn,2746,584,1731,554,1429,463,121,114,54,57,1,2,66,72,0,14,181,187,0,14,0,14,181,187,1015,236,643,209,170,116,415,154,12,20,0,14,46,73,0,14,372,152,36,54,275,134,10,15,0,14,51,63,0,14
1400000US36047017400,"Census Tract 174, Kings County, New York",Brooklyn,1925,297,1082,233,1022,228,29,36,16,24,7,10,6,11,0,14,31,34,3,6,0,14,28,31,843,174,609,136,93,66,508,129,0,14,0,14,0,14,8,12,234,109,55,64,119,63,4,7,0,14,56,63,0,14
1400000US36047017500,"Census Tract 175, Kings County, New York",Brooklyn,0,14,0,14,0,14,0,14,0,14,0,14,0,14,0,14,0,14,0,14,0,14,0,14,0,14,0,14,0,14,0,14,0,14,0,14,0,14,0,14,0,14,0,14,0,14,0,14,0,14,0,14,0,14
1400000US36047017600,"Census Tract 176, Kings County, New York",Brooklyn,2228,404,967,237,828,211,35,32,6,9,24,28,5,7,0,14,104,72,45,43,0,14,59,57,1261,322,774,242,277,134,468,207,5,8,0,14,24,32,0,14,487,204,154,94,164,60,6,9,0,14,163,183,0,14
1400000US36047017700,"Census Tract 177, Kings County, New York",Brooklyn,0,14,0,14,0,14,0,14,0,14,0,14,0,14,0,14,0,14,0,14,0,14,0,14,0,14,0,14,0,14,0,14,0,14,0,14,0,14,0,14,0,14,0,14,0,14,0,14,0,14,0,14,0,14
1400000US36047017800,"Census Tract 178, Kings County, New York",Brooklyn,2517,477,1321,382,1247,370,43,33,6,12,0,14,17,19,20,24,31,30,0,14,0,14,31,30,1196,232,744,206,139,111,469,149,112,85,0,14,24,23,0,14,452,143,23,21,308,120,13,23,0,14,108,80,0,14
1400000US36047017900,"Census Tract 179, Kings County, New York",Brooklyn,4183,605,3439,588,2169,418,1170,354,145,69,185,94,514,177,326,395,100,76,65,66,0,14,35,44,744,215,524,193,32,26,189,111,73,120,0,14,230,123,0,14,220,109,34,31,90,65,0,14,0,14,96,69,0,14
1400000US36047018000,"Census Tract 180, Kings County, New York",Brooklyn,2948,883,1294,404,1217,400,62,46,22,21,0,14,40,40,0,14,15,21,0,14,0,14,15,21,1654,617,898,194,230,100,594,181,0,14,0,14,74,50,0,14,756,585,432,539,190,109,0,14,0,14,134,152,0,14
1400000US36047018100,"Census Tract 181, Kings County, New York",Brooklyn,3905,544,3117,484,1285,311,1682,441,328,202,419,177,584,338,351,144,150,154,131,152,0,14,19,30,788,268,566,227,239,158,154,101,0,14,0,14,155,153,18,44,222,133,142,122,25,28,0,14,0,14,20,33,35,41
1400000US36047018200,"Census Tract 182, Kings County, New York",Brooklyn,3708,541,1786,446,1503,437,141,87,45,63,37,34,28,44,31,38,142,98,60,73,0,14,82,64,1922,409,869,234,236,153,558,198,0,14,0,14,75,55,0,14,1053,381,172,97,381,162,0,14,0,14,500,352,0,14
1400000US36047018300,"Census Tract 183, Kings County, New York",Brooklyn,2821,462,2205,425,995,290,1163,228,344,131,215,124,368,135,236,118,47,70,0,14,0,14,47,70,616,186,351,167,28,43,44,43,71,71,0,14,201,163,7,13,265,161,113,110,20,20,0,14,0,14,102,109,30,45
1400000US36047018400,"Census Tract 184, Kings County, New York",Brooklyn,2108,386,1092,217,962,195,100,69,6,9,34,38,24,27,36,35,30,24,6,8,0,14,24,23,1016,258,796,232,247,179,482,108,17,23,0,14,43,32,7,10,220,101,0,14,182,79,0,14,0,14,38,35,0,14
1400000US36047018501,"Census Tract 185.01, Kings County, New York",Brooklyn,4583,787,3422,584,2123,502,537,319,206,247,27,30,254,218,50,49,762,549,209,203,71,100,482,619,1161,440,679,322,46,76,170,141,20,30,0,14,443,319,0,14,482,269,13,19,273,255,0,14,0,14,196,135,0,14
1400000US36047018600,"Census Tract 186, Kings County, New York",Brooklyn,1907,427,1046,269,949,267,75,49,34,31,29,42,0,14,12,20,22,19,0,14,0,14,22,19,861,289,600,244,79,86,455,209,0,14,0,14,66,68,0,14,261,96,7,11,207,69,0,14,0,14,47,59,0,14
1400000US36047018700,"Census Tract 187, Kings County, New York",Brooklyn,1356,218,1096,177,503,119,529,99,137,49,159,53,184,77,49,31,64,52,12,19,0,14,52,48,260,101,130,86,50,52,25,20,0,14,0,14,55,50,0,14,130,52,41,27,17,25,19,21,0,14,41,33,12,16
1400000US36047018800,"Census Tract 188, Kings County, New York",Brooklyn,2865,450,1766,405,1491,383,208,130,0,14,7,13,133,104,68,51,67,61,0,14,0,14,67,61,1099,264,672,191,314,151,348,109,1,3,0,14,9,17,0,14,427,191,65,84,263,176,0,14,0,14,99,81,0,14
1400000US36047019000,"Census Tract 190, Kings County, New York",Brooklyn,4171,775,1641,394,1359,374,187,110,78,77,1,8,78,76,30,36,95,84,67,75,0,14,28,40,2530,777,1208,436,210,178,798,412,18,28,0,14,182,112,0,14,1322,595,8,12,557,403,59,77,0,14,698,430,0,14
1400000US36047019100,"Census Tract 191, Kings County, New York",Brooklyn,3029,506,2256,330,1419,316,788,173,330,106,87,63,278,109,93,58,49,47,39,44,0,14,10,17,773,270,309,162,39,35,43,40,47,44,0,14,160,163,20,30,464,213,204,170,66,48,10,17,43,44,65,90,76,55
1400000US36047019200,"Census Tract 192, Kings County, New York",Brooklyn,3118,714,1770,518,1650,526,71,66,1,2,8,12,18,17,44,61,49,40,0,14,0,14,49,40,1348,406,443,154,0,14,375,127,14,21,0,14,54,53,0,14,905,392,0,14,497,337,0,14,0,14,400,228,8,12
1400000US36047019300,"Census Tract 193, Kings County, New York",Brooklyn,6619,772,5389,652,2537,458,2596,393,592,211,291,133,1142,265,571,224,256,166,114,98,0,19,142,125,1230,343,552,221,52,46,144,115,66,108,0,19,290,157,0,19,678,213,94,94,500,162,40,42,0,19,44,45,0,19
1400000US36047019400,"Census Tract 194, Kings County, New York",Brooklyn,3293,877,1010,402,721,270,97,76,53,63,0,14,32,39,12,20,192,116,48,80,0,14,144,104,2283,796,1266,573,127,127,958,523,89,130,0,14,92,113,0,14,1017,381,56,63,585,307,18,32,0,14,358,246,0,14
1400000US36047019500,"Census Tract 195, Kings County, New York",Brooklyn,4104,495,3355,490,2045,417,1266,314,460,166,254,165,323,154,229,77,44,35,0,14,0,14,44,35,749,229,367,119,48,42,26,30,24,35,0,14,255,109,14,21,382,157,94,55,19,19,12,22,64,59,184,145,9,14
1400000US36047019600,"Census Tract 196, Kings County, New York",Brooklyn,3872,724,1996,405,1812,347,156,117,30,29,92,115,34,27,0,14,28,32,0,14,0,14,28,32,1876,514,987,270,173,114,708,265,0,14,0,14,106,90,0,14,889,452,97,80,564,329,71,111,0,14,157,244,0,14
1400000US36047019700,"Census Tract 197, Kings County, New York",Brooklyn,3619,526,2966,450,1506,282,1372,317,438,194,224,120,364,161,346,170,88,74,38,57,0,14,50,48,653,241,401,207,122,145,79,88,0,14,0,14,200,116,0,14,252,156,132,132,15,18,0,14,11,16,63,46,31,42
1400000US36047019800,"Census Tract 198, Kings County, New York",Brooklyn,1823,369,1098,297,935,251,163,138,106,98,7,11,5,10,45,55,0,14,0,14,0,14,0,14,725,187,442,173,110,59,297,146,0,14,0,14,35,52,0,14,283,128,29,40,169,91,0,14,0,14,85,72,0,14
1400000US36047019900,"Census Tract 199, Kings County, New York",Brooklyn,4311,612,3461,516,1532,416,1843,369,502,191,144,92,528,218,669,260,86,67,38,56,0,14,48,49,850,331,367,237,25,38,92,87,141,187,0,14,109,94,0,14,483,224,153,101,154,158,54,76,0,14,122,87,0,14
1400000US36047020000,"Census Tract 200, Kings County, New York",Brooklyn,2337,464,1174,315,1046,290,100,58,34,27,6,9,41,48,19,24,28,24,0,14,0,14,28,24,1163,331,514,128,74,43,361,116,9,11,0,14,70,55,0,14,649,290,209,223,379,165,0,14,0,14,61,69,0,14
1400000US36047020100,"Census Tract 201, Kings County, New York",Brooklyn,3993,601,3259,468,1748,343,1311,262,437,158,158,88,477,211,239,105,200,104,0,14,0,14,200,104,734,244,382,171,114,105,36,36,35,53,0,14,197,109,0,14,352,154,145,78,57,92,23,25,26,25,62,59,39,33
1400000US36047020200,"Census Tract 202, Kings County, New York",Brooklyn,1717,342,1036,260,994,253,21,18,3,8,4,6,0,14,14,18,21,29,0,14,0,14,21,29,681,125,568,119,129,55,334,93,16,26,0,14,89,55,0,14,113,52,18,35,35,25,15,18,0,14,45,38,0,14
1400000US36047020300,"Census Tract 203, Kings County, New York",Brooklyn,2074,302,1658,317,871,272,729,136,237,91,162,79,141,73,189,94,58,48,38,42,0,14,20,22,416,107,168,72,39,38,82,51,11,19,0,14,36,33,0,14,248,78,67,60,92,51,0,14,0,14,38,40,51,46
1400000US36047020400,"Census Tract 204, Kings County, New York",Brooklyn,2037,278,1485,273,1195,286,147,85,76,78,8,13,44,35,19,24,143,152,0,14,0,14,143,152,552,163,425,127,149,67,211,123,65,60,0,14,0,14,0,14,127,83,40,61,75,58,0,14,0,14,12,17,0,14
1400000US36047020500,"Census Tract 205, Kings County, New York",Brooklyn,3834,594,3235,622,1603,370,1457,288,389,148,344,109,450,168,274,121,175,148,0,14,0,14,175,148,599,208,386,172,30,27,127,91,15,22,0,14,198,158,16,26,213,109,111,75,78,73,12,20,0,14,12,19,0,14
1400000US36047020600,"Census Tract 206, Kings County, New York",Brooklyn,2590,466,1596,332,1434,332,76,43,29,31,14,19,33,30,0,14,86,86,19,22,0,14,67,84,994,267,550,195,181,122,289,141,46,63,0,14,34,36,0,14,444,176,115,98,317,150,8,16,0,14,4,10,0,14
1400000US36047020700,"Census Tract 207, Kings County, New York",Brooklyn,4628,654,3982,668,1963,420,2019,462,602,205,296,172,645,260,476,223,0,14,0,14,0,14,0,14,646,194,383,140,84,60,82,79,0,14,0,14,199,126,18,27,263,139,220,116,14,23,0,14,0,14,0,14,29,38
1400000US36047020800,"Census Tract 208, Kings County, New York",Brooklyn,2573,490,1101,280,923,258,71,51,7,11,18,23,8,13,38,39,107,56,13,20,0,14,94,55,1472,506,673,205,69,61,519,166,50,66,0,14,35,59,0,14,799,429,5,11,689,408,82,122,0,14,23,25,0,14
1400000US36047021000,"Census Tract 210, Kings County, New York",Brooklyn,3794,706,1925,510,1727,493,155,137,45,42,0,14,110,131,0,14,43,35,12,20,0,14,31,31,1869,394,919,229,15,20,753,225,81,69,0,14,70,54,0,14,950,332,77,94,540,266,55,84,0,14,278,270,0,14
1400000US36047021100,"Census Tract 211, Kings County, New York",Brooklyn,2778,439,2116,442,1520,408,473,127,152,66,120,66,161,70,40,29,123,112,45,37,58,82,20,25,662,245,295,86,28,31,54,37,18,20,0,14,195,97,0,14,367,229,238,224,61,55,9,16,0,14,51,41,8,14
1400000US36047021200,"Census Tract 212, Kings County, New York",Brooklyn,3150,536,989,299,860,293,86,78,74,78,12,19,0,14,0,14,43,45,14,23,0,14,29,36,2161,437,1047,355,134,96,608,213,260,265,0,14,18,20,27,39,1114,289,139,145,923,271,0,14,0,14,52,37,0,14
1400000US36047021300,"Census Tract 213, Kings County, New York",Brooklyn,4523,803,2735,589,1714,628,930,319,431,268,140,81,303,146,56,42,91,66,0,14,0,14,91,66,1788,454,1210,288,36,40,31,45,172,153,0,14,971,287,0,14,578,290,35,33,103,79,34,48,0,14,406,295,0,14
1400000US36047021400,"Census Tract 214, Kings County, New York",Brooklyn,2580,626,1682,582,1418,489,178,238,10,16,0,14,140,206,28,34,86,88,0,14,0,14,86,88,898,284,309,121,0,14,265,100,0,14,0,14,44,63,0,14,589,248,47,55,339,122,12,19,0,14,191,216,0,14
1400000US36047021500,"Census Tract 215, Kings County, New York",Brooklyn,5595,962,4356,897,2362,608,1840,530,700,287,330,151,558,262,252,130,154,109,0,19,0,19,154,109,1239,455,800,386,45,54,58,49,42,54,0,19,608,369,47,44,439,211,105,99,56,50,74,116,17,28,104,104,83,99
1400000US36047021600,"Census Tract 216, Kings County, New York",Brooklyn,3885,708,3059,673,2763,679,107,65,67,42,40,48,0,14,0,14,189,103,0,14,0,14,189,103,826,323,417,186,125,128,136,104,41,40,0,14,65,72,50,50,409,245,185,181,54,8,20,31,0,14,150,114,0,14
1400000US36047021700,"Census Tract 217, Kings County, New York",Brooklyn,4210,488,3091,417,1695,382,1260,266,399,110,142,94,513,176,206,95,136,78,9,13,0,14,127,77,1119,288,870,262,119,82,173,97,0,14,0,14,578,220,0,14,249,98,18,15,105,55,45,40,0,14,73,62,8,11
1400000US36047021800,"Census Tract 218, Kings County, New York",Brooklyn,2760,777,2392,759,2173,813,140,119,12,19,9,16,119,120,0,14,79,78,0,14,0,14,79,78,368,195,98,94,53,52,31,47,0,14,0,14,14,23,0,14,270,223,68,87,77,74,0,14,0,14,125,202,0,14
1400000US36047021900,"Census Tract 219, Kings County, New York",Brooklyn,4258,656,3209,389,1634,372,1543,251,453,178,196,90,576,195,318,104,32,31,7,11,15,26,10,17,1049,477,730,450,50,35,32,32,0,14,0,14,642,452,6,10,319,116,56,43,111,74,11,26,23,37,109,78,9,16
1400000US36047022000,"Census Tract 220, Kings County, New York",Brooklyn,5854,1131,5176,1064,4625,1028,152,127,52,75,0,19,26,35,74,85,399,326,30,50,0,19,369,333,678,258,578,237,247,104,52,61,0,19,0,19,228,236,51,58,100,73,33,38,11,16,0,19,0,19,7,18,49,57
1400000US36047022100,"Census Tract 221, Kings County, New York",Brooklyn,3724,512,2953,373,1511,285,1392,273,337,115,303,142,553,213,199,78,50,47,18,33,18,28,14,23,771,434,540,421,23,26,26,23,64,65,0,14,427,414,0,14,231,92,12,19,65,45,27,30,0,14,115,69,12,21
1400000US36047022200,"Census Tract 222, Kings County, New York",Brooklyn,4050,833,3136,865,2864,848,58,47,12,19,31,27,15,23,0,14,214,172,57,91,0,14,157,141,914,363,464,181,375,180,62,50,0,14,0,14,27,31,0,14,450,298,69,68,62,97,0,14,0,14,319,270,0,14
1400000US36047022400,"Census Tract 224, Kings County, New York",Brooklyn,5786,1207,5154,1093,4768,1085,129,83,46,50,48,53,20,23,15,25,257,201,77,66,0,19,180,188,632,299,421,240,157,186,178,140,0,19,0,19,61,68,25,26,211,136,50,54,39,43,0,19,13,23,109,124,0,19
1400000US36047022600,"Census Tract 226, Kings County, New York",Brooklyn,2844,773,2110,695,1925,691,32,24,10,15,16,18,6,10,0,14,153,150,0,14,0,14,153,150,734,279,275,81,47,35,81,46,0,14,0,14,138,71,9,15,459,275,0,14,96,99,0,14,0,14,363,254,0,14
1400000US36047022700,"Census Tract 227, Kings County, New York",Brooklyn,4833,811,3744,686,2236,472,1338,412,444,210,79,71,567,381,248,128,170,186,0,14,0,14,170,186,1089,381,423,294,0,14,42,40,135,270,0,14,246,206,0,14,666,306,224,159,191,101,68,97,0,14,128,93,55,69
1400000US36047022800,"Census Tract 228, Kings County, New York",Brooklyn,3496,763,2303,716,1794,630,245,126,145,114,46,42,35,19,19,27,264,284,0,14,0,14,264,284,1193,400,735,308,160,118,545,275,0,14,0,14,30,29,0,14,458,247,0,14,438,247,0,14,0,14,20,27,0,14
1400000US36047022900,"Census Tract 229, Kings County, New York",Brooklyn,3650,543,3078,548,1273,292,1674,474,485,144,359,144,556,313,274,113,131,106,52,56,0,14,79,83,572,174,243,98,30,27,66,63,0,14,0,14,133,70,14,22,329,120,75,69,46,35,19,30,53,43,75,58,61,52
1400000US36047023000,"Census Tract 230, Kings County, New York",Brooklyn,4202,1347,3236,1299,2979,1262,157,142,10,15,43,38,104,136,0,14,100,65,0,14,0,14,100,65,966,343,632,292,206,207,235,199,10,17,0,14,133,91,48,73,334,162,0,14,97,99,0,14,0,14,237,135,0,14
1400000US36047023100,"Census Tract 231, Kings County, New York",Brooklyn,3530,434,2619,353,1225,208,1343,250,298,132,291,106,595,223,159,92,51,51,0,14,0,14,51,51,911,256,614,216,173,141,19,26,17,26,0,14,393,170,12,17,297,109,64,48,134,65,10,15,43,62,20,30,26,38
1400000US36047023200,"Census Tract 232, Kings County, New York",Brooklyn,6611,1427,5669,1527,5283,1545,337,202,163,140,158,159,16,25,0,19,49,45,0,19,0,19,49,45,942,321,519,181,171,81,186,90,0,19,0,19,162,158,0,19,423,256,176,180,228,169,0,19,0,19,19,36,0,19
1400000US36047023300,"Census Tract 233, Kings County, New York",Brooklyn,5988,1169,5211,1155,3186,1156,1811,406,341,175,410,204,758,293,302,198,214,183,0,19,0,19,214,183,777,334,353,230,66,88,126,146,34,74,0,19,103,132,24,38,424,255,74,73,307,231,0,19,13,22,30,57,0,19
1400000US36047023400,"Census Tract 234, Kings County, New York",Brooklyn,5663,1011,5004,992,4775,973,75,58,0,19,38,53,31,29,6,12,154,193,96,155,0,19,58,66,659,278,459,197,275,170,78,76,0,19,0,19,60,80,46,43,200,183,49,62,62,88,0,19,0,19,89,147,0,19
1400000US36047023500,"Census Tract 235, Kings County, New York",Brooklyn,5527,1088,4721,1120,3976,1108,490,237,128,69,73,50,145,106,144,110,255,237,19,30,0,19,236,233,806,251,452,179,54,46,66,79,20,34,0,19,312,189,0,19,354,191,76,68,200,162,0,19,0,19,78,63,0,19
1400000US36047023600,"Census Tract 236, Kings County, New York",Brooklyn,6444,1010,5887,1009,5746,1015,68,60,53,55,11,15,4,6,0,19,73,43,0,19,0,19,73,43,557,196,428,176,247,118,147,152,0,19,0,19,34,42,0,19,129,93,79,76,0,19,0,19,0,19,34,53,16,26
1400000US36047023800,"Census Tract 238, Kings County, New York",Brooklyn,5584,1046,4895,1032,4703,1046,50,56,44,54,0,19,0,19,6,15,142,79,20,30,0,19,122,75,689,194,487,158,319,116,89,75,0,19,0,19,79,107,0,19,202,127,122,111,54,86,0,19,0,19,26,35,0,19
1400000US36047024000,"Census Tract 240, Kings County, New York",Brooklyn,5598,1115,4772,1162,4626,1125,92,128,85,128,0,19,7,15,0,19,54,43,18,24,0,19,36,33,826,244,535,185,276,114,119,93,8,19,0,19,55,63,77,94,291,157,46,50,120,131,0,19,0,19,116,119,9,17
1400000US36047024100,"Census Tract 241, Kings County, New York",Brooklyn,3154,743,2659,736,1536,678,1075,239,221,70,358,105,270,116,226,131,48,30,5,8,0,14,43,28,495,152,261,121,28,25,63,49,12,20,0,14,158,112,0,14,234,104,70,58,126,80,0,14,28,35,10,31,0,14
1400000US36047024200,"Census Tract 242, Kings County, New York",Brooklyn,3402,597,2812,591,2750,596,42,32,12,29,0,14,15,30,15,35,20,27,5,9,0,14,15,26,590,174,404,122,205,86,161,88,23,35,0,14,8,13,7,11,186,127,2,5,97,123,0,14,0,14,75,61,12,14
1400000US36047024300,"Census Tract 243, Kings County, New York",Brooklyn,4419,868,3423,727,2075,679,1266,288,384,137,262,125,487,214,133,87,82,51,0,14,0,14,82,51,996,381,576,298,24,37,13,20,0,14,0,14,539,294,0,14,420,166,140,96,1,3,19,31,0,14,241,148,19,30
1400000US36047024400,"Census Tract 244, Kings County, New York",Brooklyn,3556,795,2613,978,2388,953,106,68,54,52,21,23,31,37,0,14,119,224,0,14,0,14,119,224,943,525,489,251,133,92,276,209,10,16,0,14,70,98,0,14,454,411,21,33,210,295,17,26,0,14,206,263,0,14
1400000US36047024500,"Census Tract 245, Kings County, New York",Brooklyn,4383,539,3339,499,2105,455,1138,262,281,110,245,98,414,153,198,91,96,104,19,29,0,14,77,100,1044,281,573,234,103,104,101,82,138,153,0,14,231,163,0,14,471,193,153,164,124,104,59,65,13,20,122,85,0,14
1400000US36047024600,"Census Tract 246, Kings County, New York",Brooklyn,3298,651,2050,431,1923,426,83,50,49,37,18,25,0,14,16,24,44,37,27,32,0,14,17,19,1248,343,667,201,157,73,492,204,0,14,0,14,18,28,0,14,581,276,115,90,277,189,14,21,0,14,175,249,0,14
1400000US36047024700,"Census Tract 247, Kings County, New York",Brooklyn,2547,405,1907,391,1084,330,779,304,214,134,93,85,122,73,350,238,44,73,44,73,0,14,0,14,640,179,469,130,10,18,139,95,117,134,0,14,203,115,0,14,171,106,95,96,33,29,0,14,0,14,43,45,0,14
1400000US36047024800,"Census Tract 248, Kings County, New York",Brooklyn,2543,478,1464,440,1383,442,64,65,25,37,0,14,39,54,0,14,17,28,0,14,0,14,17,28,1079,292,509,124,82,52,310,93,69,89,0,14,32,49,16,21,570,253,26,23,241,131,73,101,0,14,230,199,0,14
1400000US36047024900,"Census Tract 249, Kings County, New York",Brooklyn,4147,610,3151,442,1706,314,1383,303,342,210,191,104,497,146,353,188,62,57,0,14,0,14,62,57,996,390,540,262,39,33,61,43,27,31,0,14,370,235,43,91,456,237,50,45,133,93,8,12,33,33,232,215,0,14
1400000US36047025000,"Census Tract 250, Kings County, New York",Brooklyn,1433,449,650,300,555,226,51,66,0,14,5,8,46,66,0,14,44,56,36,54,0,14,8,11,783,207,557,171,19,22,450,110,0,14,0,14,88,119,0,14,226,93,7,11,200,91,0,14,0,14,19,30,0,14
1400000US36047025100,"Census Tract 251, Kings County, New York",Brooklyn,3990,648,2908,657,1829,572,828,225,92,49,279,170,338,122,119,76,251,227,129,176,80,87,42,57,1082,458,820,453,16,33,51,61,99,58,0,14,643,447,11,17,262,101,16,26,21,25,83,49,14,23,128,99,0,14
1400000US36047025200,"Census Tract 252, Kings County, New York",Brooklyn,4460,658,1632,332,1486,296,94,82,0,14,25,22,48,72,21,30,52,54,0,14,0,14,52,54,2828,521,1816,482,550,320,911,340,169,112,0,14,186,95,0,14,1012,243,207,121,460,176,53,60,0,14,292,147,0,14
1400000US36047025300,"Census Tract 253, Kings County, New York",Brooklyn,3904,605,3400,643,2306,679,1023,240,367,142,168,120,362,145,126,94,71,53,0,14,0,14,71,53,504,169,241,105,65,55,39,43,26,30,0,14,111,74,0,14,263,154,45,47,126,144,25,37,0,14,67,78,0,14
1400000US36047025400,"Census Tract 254, Kings County, New York",Brooklyn,3437,910,1747,746,1592,735,85,98,57,91,11,16,10,15,7,11,70,52,28,36,0,14,42,39,1690,517,982,358,101,80,760,349,78,101,0,14,43,42,0,14,708,341,40,53,503,310,34,51,0,14,131,133,0,14
1400000US36047025500,"Census Tract 255, Kings County, New York",Brooklyn,4940,658,3800,591,3122,668,365,204,12,20,131,181,209,110,13,25,313,194,266,167,0,14,47,65,1140,374,688,222,0,14,8,39,0,14,0,14,680,215,0,14,452,251,0,14,6,19,0,14,0,14,446,251,0,14
1400000US36047025600,"Census Tract 256, Kings County, New York",Brooklyn,2815,745,1174,358,1022,339,51,39,16,26,26,28,0,14,9,13,101,102,0,14,28,52,73,80,1641,651,889,216,185,111,628,173,29,32,0,14,47,49,0,14,752,590,26,34,620,534,9,15,0,14,97,86,0,14
1400000US36047025700,"Census Tract 257, Kings County, New York",Brooklyn,3370,494,2811,437,2204,407,498,269,99,66,69,45,275,259,55,62,109,108,109,108,0,14,0,14,559,258,201,158,45,54,39,71,0,14,0,14,117,108,0,14,358,188,0,14,64,70,0,14,0,14,294,201,0,14
1400000US36047025800,"Census Tract 258, Kings County, New York",Brooklyn,4068,835,1472,512,1378,484,82,62,40,41,32,35,10,18,0,14,12,20,12,20,0,14,0,14,2596,641,1201,260,321,130,770,223,83,125,0,14,24,29,3,7,1395,536,279,353,982,411,7,12,0,14,127,168,0,14
1400000US36047025901,"Census Tract 259.01, Kings County, New York",Brooklyn,2217,326,1854,301,1235,244,493,163,41,35,111,101,159,103,182,85,126,61,81,42,0,14,45,43,363,161,167,97,0,14,17,17,34,54,0,14,108,84,8,8,196,86,17,25,13,21,13,18,0,14,153,79,0,14
1400000US36047025902,"Census Tract 259.02, Kings County, New York",Brooklyn,3796,749,3247,711,3022,715,77,64,0,14,0,14,77,64,0,14,148,122,112,108,0,14,36,55,549,238,277,108,0,14,0,14,39,56,0,14,238,93,0,14,272,201,0,14,0,14,0,14,0,14,272,201,0,14
1400000US36047026000,"Census Tract 260, Kings County, New York",Brooklyn,2909,599,1322,345,1176,313,65,48,20,24,5,8,40,38,0,14,81,73,47,50,0,14,34,48,1587,410,761,171,60,55,635,151,0,14,0,14,66,52,0,14,826,403,86,56,215,117,167,257,0,14,358,290,0,14
1400000US36047026100,"Census Tract 261, Kings County, New York",Brooklyn,5743,706,4188,722,2341,719,1680,461,656,272,70,70,504,306,450,179,167,153,116,137,0,19,51,63,1555,381,621,271,38,52,265,212,0,19,0,19,266,169,52,78,934,302,130,100,159,124,167,133,72,109,406,265,0,19
1400000US36047026200,"Census Tract 262, Kings County, New York",Brooklyn,2645,512,1297,336,1182,324,91,64,41,43,0,14,18,15,32,42,24,28,0,14,0,14,24,28,1348,299,567,127,121,53,375,116,0,14,0,14,50,60,21,30,781,241,41,33,610,221,0,14,0,14,130,112,0,14
1400000US36047026300,"Census Tract 263, Kings County, New York",Brooklyn,2216,342,1894,364,1314,355,482,119,209,84,36,35,137,65,100,64,98,115,17,18,0,14,81,111,322,123,184,85,34,36,4,6,0,14,0,14,146,79,0,14,138,62,15,18,31,27,7,10,0,14,85,60,0,14
1400000US36047026400,"Census Tract 264, Kings County, New York",Brooklyn,4554,755,1518,396,1295,293,180,194,16,25,13,28,61,90,90,101,43,33,10,16,0,14,33,28,3036,667,1374,437,523,312,775,288,23,37,0,14,53,53,0,14,1662,502,383,190,523,269,0,14,0,14,756,420,0,14
1400000US36047026500,"Census Tract 265, Kings County, New York",Brooklyn,4101,504,3119,471,1876,351,1182,332,322,153,257,127,414,211,189,110,61,56,25,40,0,14,36,37,982,496,584,445,13,21,47,57,50,91,0,14,457,424,17,30,398,189,50,44,207,163,0,14,54,62,87,50,0,14
1400000US36047026600,"Census Tract 266, Kings County, New York",Brooklyn,3431,469,1726,362,1636,353,84,81,11,19,12,19,5,14,56,71,6,12,6,12,0,14,0,14,1705,270,934,231,238,157,618,150,73,78,0,14,5,8,0,14,771,204,50,56,495,168,0,14,0,14,226,191,0,14
1400000US36047026700,"Census Tract 267, Kings County, New York",Brooklyn,4057,571,3166,566,1829,480,1245,283,272,118,143,77,497,222,333,156,92,72,53,60,0,14,39,49,891,334,579,227,75,65,64,50,23,36,0,14,417,218,0,14,312,196,64,63,95,88,0,14,11,17,142,111,0,14
1400000US36047026800,"Census Tract 268, Kings County, New York",Brooklyn,4416,692,1746,373,1585,361,115,89,57,70,0,14,21,26,37,57,46,38,4,9,0,14,42,37,2670,561,1407,322,630,309,657,122,82,96,0,14,38,37,0,14,1263,471,527,407,639,228,17,22,0,14,80,48,0,14
1400000US36047026900,"Census Tract 269, Kings County, New York",Brooklyn,3444,672,2710,663,1582,404,1097,610,388,176,83,81,253,234,373,301,31,35,0,14,14,22,17,26,734,212,628,197,56,57,0,14,0,14,0,14,572,206,0,14,106,86,12,19,0,14,0,14,0,14,94,78,0,14
1400000US36047027000,"Census Tract 270, Kings County, New York",Brooklyn,2582,497,1235,277,1131,293,69,58,46,53,11,14,0,14,12,15,35,28,7,10,0,14,28,26,1347,286,887,269,336,99,362,95,167,241,0,14,22,30,0,14,460,139,176,128,240,92,12,17,0,14,32,35,0,14
1400000US36047027100,"Census Tract 271, Kings County, New York",Brooklyn,3652,545,2972,506,1969,381,949,339,230,119,199,154,466,298,54,51,54,67,0,14,0,14,54,67,680,234,306,155,0,14,8,15,26,41,0,14,272,152,0,14,374,151,56,63,71,61,0,14,0,14,247,137,0,14
1400000US36047027200,"Census Tract 272, Kings County, New York",Brooklyn,3750,533,1538,457,1457,429,81,78,39,65,0,14,14,23,28,34,0,14,0,14,0,14,0,14,2212,408,1145,221,316,132,792,239,0,14,0,14,37,44,0,14,1067,406,201,139,345,160,0,14,0,14,505,365,16,25
1400000US36047027300,"Census Tract 273, Kings County, New York",Brooklyn,4176,894,3772,919,2669,823,1050,365,564,314,53,64,272,141,161,91,53,66,18,31,0,14,35,56,404,136,305,133,2,9,34,40,19,27,0,14,250,120,0,14,99,119,0,14,19,27,0,14,9,13,55,106,16,24
1400000US36047027400,"Census Tract 274, Kings County, New York",Brooklyn,2943,569,1000,402,962,405,26,31,16,27,9,16,0,14,1,2,12,18,0,14,0,14,12,18,1943,458,1039,338,363,223,480,222,196,210,0,14,0,14,0,14,904,487,327,284,427,378,0,14,0,14,150,183,0,14
1400000US36047027500,"Census Tract 275, Kings County, New York",Brooklyn,5272,1064,4407,1012,3388,959,899,265,194,105,168,125,412,213,125,54,120,129,79,122,0,19,41,52,865,293,630,267,46,43,13,21,123,121,0,19,448,227,0,19,235,117,134,100,30,32,0,19,22,34,49,41,0,19
1400000US36047027600,"Census Tract 276, Kings County, New York",Brooklyn,3680,704,1454,400,1280,403,90,62,45,50,36,35,9,15,0,14,84,56,27,28,0,14,57,47,2226,515,1236,305,331,137,759,299,45,48,0,14,101,116,0,14,990,426,117,105,593,339,15,21,0,14,265,236,0,14
1400000US36047027700,"Census Tract 277, Kings County, New York",Brooklyn,4303,785,3440,660,2489,633,892,255,86,74,121,81,536,193,149,113,59,73,0,14,0,14,59,73,863,376,405,182,47,62,37,50,18,29,11,16,292,158,0,14,458,373,71,92,25,29,0,14,0,14,358,359,4,7
1400000US36047027800,"Census Tract 278, Kings County, New York",Brooklyn,3134,500,1290,406,1179,391,53,49,30,35,8,17,0,14,15,24,58,45,13,20,0,14,45,38,1844,328,1232,278,376,235,724,205,89,121,0,14,43,47,0,14,612,229,153,104,385,211,0,14,0,14,74,98,0,14
1400000US36047027900,"Census Tract 279, Kings County, New York",Brooklyn,4266,629,3393,609,2074,440,1193,312,315,175,109,93,436,155,333,193,126,98,18,25,0,14,108,91,873,335,446,217,40,37,15,25,0,14,0,14,391,208,0,14,427,285,261,267,35,45,0,14,0,14,103,102,28,43
1400000US36047028000,"Census Tract 280, Kings County, New York",Brooklyn,1708,376,636,155,552,152,68,48,40,44,12,14,0,14,16,17,16,16,0,14,0,14,16,16,1072,315,620,147,200,111,361,114,0,14,0,14,49,46,10,12,452,256,23,21,195,129,0,14,0,14,229,233,5,8
1400000US36047028100,"Census Tract 281, Kings County, New York",Brooklyn,5240,960,3783,1093,3062,1064,658,222,124,90,145,113,281,159,108,95,63,63,32,36,0,19,31,51,1457,497,779,366,231,294,50,47,0,19,0,19,482,223,16,26,678,282,75,71,54,49,47,60,0,19,502,254,0,19
1400000US36047028200,"Census Tract 282, Kings County, New York",Brooklyn,3239,531,1457,429,1313,434,109,98,19,17,49,62,41,53,0,14,35,38,0,14,0,14,35,38,1782,355,874,196,204,116,561,192,78,77,0,14,31,29,0,14,908,334,195,146,399,212,28,35,0,14,286,273,0,14
1400000US36047028300,"Census Tract 283, Kings County, New York",Brooklyn,3976,635,2966,534,2168,535,575,218,210,113,103,68,90,76,172,107,223,128,132,97,0,14,91,82,1010,403,460,240,22,32,18,30,22,33,0,14,398,237,0,14,550,259,52,89,18,34,0,14,0,14,480,241,0,14
1400000US36047028400,"Census Tract 284, Kings County, New York",Brooklyn,3675,573,1784,559,1447,529,172,111,75,62,0,14,41,64,56,74,165,120,112,105,0,14,53,53,1891,333,1137,294,449,220,605,219,38,59,0,14,45,52,0,14,754,278,291,210,367,199,51,62,0,14,45,52,0,14
1400000US36047028501,"Census Tract 285.01, Kings County, New York",Brooklyn,589,151,489,146,228,87,246,129,68,51,87,84,73,76,18,17,15,24,15,24,0,14,0,14,100,52,16,16,0,14,0,14,0,14,0,14,16,16,0,14,84,44,16,18,13,16,8,12,6,10,41,35,0,14
1400000US36047028502,"Census Tract 285.02, Kings County, New York",Brooklyn,3144,684,2713,598,2207,607,230,178,50,117,0,14,180,99,0,14,276,158,276,158,0,14,0,14,431,218,370,202,0,14,0,14,0,14,0,14,370,202,0,14,61,79,0,14,0,14,0,14,0,14,61,79,0,14
1400000US36047028600,"Census Tract 286, Kings County, New York",Brooklyn,5092,1063,2053,722,1588,514,52,63,11,22,0,19,41,61,0,19,413,467,36,57,0,19,377,464,3039,630,1467,368,605,240,512,295,221,157,0,19,129,119,0,19,1572,548,422,478,876,562,54,68,0,19,123,140,97,114
1400000US36047028700,"Census Tract 287, Kings County, New York",Brooklyn,3398,681,2810,585,1887,512,810,246,219,142,138,83,219,113,234,143,113,96,81,85,0,14,32,41,588,231,308,162,32,36,53,53,44,67,0,14,179,154,0,14,280,135,32,37,132,88,54,81,0,14,62,69,0,14
1400000US36047028800,"Census Tract 288, Kings County, New York",Brooklyn,3578,1057,1579,868,1453,853,47,41,28,35,0,14,12,19,7,12,79,75,39,50,0,14,40,61,1999,393,992,256,271,122,571,218,16,25,0,14,134,118,0,14,1007,347,45,40,643,264,0,14,0,14,319,211,0,14
1400000US36047028900,"Census Tract 289, Kings County, New York",Brooklyn,4147,787,2865,446,1908,419,869,256,90,70,176,107,448,225,155,86,88,81,44,39,0,14,44,71,1282,593,687,452,12,24,34,54,238,373,38,48,365,186,0,14,595,438,141,175,32,36,17,33,12,20,393,422,0,14
1400000US36047029000,"Census Tract 290, Kings County, New York",Brooklyn,3710,509,1903,485,1661,417,109,79,66,72,5,9,29,40,9,14,133,163,8,12,0,14,125,163,1807,367,1137,336,796,273,266,164,0,14,0,14,75,65,0,14,670,256,199,125,417,212,0,14,0,14,54,57,0,14
1400000US36047029100,"Census Tract 291, Kings County, New York",Brooklyn,3461,501,2892,504,1614,381,1278,291,181,121,322,142,571,161,204,186,0,14,0,14,0,14,0,14,569,223,419,183,30,38,18,23,0,14,0,14,371,184,0,14,150,103,46,53,74,86,0,14,0,14,13,21,17,27
1400000US36047029200,"Census Tract 292, Kings County, New York",Brooklyn,2501,310,846,153,732,162,53,56,12,25,8,16,9,14,24,30,61,42,16,25,18,31,27,20,1655,286,1055,237,329,141,481,155,12,24,0,14,233,185,0,14,600,187,15,23,494,185,24,47,0,14,67,74,0,14
1400000US36047029300,"Census Tract 293, Kings County, New York",Brooklyn,3181,500,2502,498,1814,447,544,220,203,182,34,36,225,119,82,52,144,70,90,39,0,14,54,65,679,201,481,150,0,14,42,47,0,14,44,47,395,147,0,14,198,102,15,24,3,5,0,14,0,14,166,98,14,24
1400000US36047029400,"Census Tract 294, Kings County, New York",Brooklyn,2072,387,1187,298,962,251,199,110,20,24,10,15,162,103,7,14,26,25,17,18,0,14,9,18,885,244,512,138,177,74,268,118,50,34,0,14,17,15,0,14,373,160,111,76,161,113,12,16,0,14,89,85,0,14
1400000US36047029500,"Census Tract 295, Kings County, New York",Brooklyn,4043,821,3509,774,2166,811,1276,335,205,102,196,129,341,148,534,233,67,56,51,52,0,14,16,25,534,260,277,194,37,41,6,12,0,14,0,14,234,185,0,14,257,149,106,68,28,48,25,40,0,14,28,49,70,71
1400000US36047029600,"Census Tract 296, Kings County, New York",Brooklyn,6463,1069,2774,809,2492,768,146,107,53,61,17,28,14,24,62,70,136,189,0,19,0,19,136,189,3689,644,1942,420,855,357,800,281,61,93,0,19,226,232,0,19,1747,619,328,182,819,472,57,87,0,19,543,410,0,19
1400000US36047029700,"Census Tract 297, Kings County, New York",Brooklyn,4004,594,3382,632,2105,522,1209,316,93,67,223,114,747,252,146,129,68,57,17,28,0,14,51,49,622,314,530,297,0,14,81,101,234,280,0,14,194,94,21,35,92,74,0,14,0,14,37,58,0,14,55,44,0,14
1400000US36047029800,"Census Tract 298, Kings County, New York",Brooklyn,3877,759,1730,546,1564,493,139,100,33,52,69,73,36,28,1,3,27,25,0,14,0,14,27,25,2147,448,982,282,412,248,494,176,22,31,0,14,54,44,0,14,1165,416,166,139,738,396,21,29,0,14,234,150,6,10
1400000US36047029900,"Census Tract 299, Kings County, New York",Brooklyn,3328,614,2544,501,2132,470,377,117,49,42,23,27,246,104,59,42,35,38,35,38,0,14,0,14,784,410,499,224,6,12,47,62,150,123,0,14,296,165,0,14,285,323,6,13,0,14,0,14,0,14,279,322,0,14
1400000US36047030000,"Census Tract 300, Kings County, New York",Brooklyn,4165,775,2068,638,1923,618,100,82,55,63,23,37,6,10,16,25,45,38,0,14,0,14,45,38,2097,424,1296,312,210,150,904,258,55,60,0,14,127,127,0,14,801,275,34,54,311,132,0,14,0,14,438,253,18,27
1400000US36047030100,"Census Tract 301, Kings County, New York",Brooklyn,3171,792,2112,601,1687,515,361,165,82,75,69,59,141,89,69,94,64,62,0,14,0,14,64,62,1059,455,470,190,0,14,22,34,239,133,0,14,209,153,0,14,589,423,0,14,0,14,517,397,0,14,55,88,17,26
1400000US36047030200,"Census Tract 302, Kings County, New York",Brooklyn,3850,680,1640,405,1464,383,98,53,7,12,40,37,37,32,14,18,78,69,0,14,0,14,78,69,2210,454,1385,340,143,87,1136,313,0,14,0,14,98,80,8,13,825,288,135,117,549,272,0,14,0,14,141,132,0,14
1400000US36047030300,"Census Tract 303, Kings County, New York",Brooklyn,5477,535,4332,607,3132,537,1023,452,185,138,200,225,529,335,109,107,177,103,74,93,0,19,103,68,1145,356,669,227,0,19,20,28,42,56,0,19,607,219,0,19,476,214,0,19,20,29,12,25,0,19,444,213,0,19
1400000US36047030400,"Census Tract 304, Kings County, New York",Brooklyn,4525,541,1270,366,1192,359,52,57,52,57,0,14,0,14,0,14,26,37,0,14,0,14,26,37,3255,584,2098,336,375,170,1628,283,17,26,0,14,78,70,0,14,1157,436,428,332,590,301,21,32,0,14,118,102,0,14
1400000US36047030500,"Census Tract 305, Kings County, New York",Brooklyn,6968,669,5665,599,2947,470,2523,418,552,238,459,164,974,399,538,198,195,232,0,19,0,19,195,232,1303,391,819,298,213,124,59,77,0,19,0,19,547,251,0,19,484,306,150,178,83,97,6,15,0,19,245,238,0,19
1400000US36047030600,"Census Tract 306, Kings County, New York",Brooklyn,1903,346,992,276,865,240,80,61,0,14,34,32,5,7,41,50,47,56,10,12,0,14,37,54,911,195,660,172,182,111,384,119,53,53,0,14,41,38,0,14,251,100,92,65,117,80,14,16,0,14,28,26,0,14
1400000US36047030700,"Census Tract 307, Kings County, New York",Brooklyn,6299,1115,4144,1029,3459,1042,483,282,80,62,63,63,316,244,24,40,202,153,166,151,0,19,36,51,2155,719,1409,445,16,29,141,87,261,122,0,19,991,431,0,19,746,608,0,19,406,546,25,43,0,19,315,218,0,19
1400000US36047030800,"Census Tract 308, Kings County, New York",Brooklyn,1792,343,772,180,665,145,37,33,12,16,0,14,14,15,11,17,70,63,70,63,0,14,0,14,1020,308,830,291,430,197,375,140,0,14,0,14,25,42,0,14,190,73,40,45,144,68,6,10,0,14,0,14,0,14
1400000US36047030900,"Census Tract 309, Kings County, New York",Brooklyn,2279,515,2005,505,1590,481,281,170,169,154,25,30,87,53,0,14,134,108,26,33,0,14,108,103,274,114,150,75,0,14,14,16,16,19,0,14,120,75,0,14,124,66,0,14,14,22,6,9,0,14,104,62,0,14
1400000US36047031100,"Census Tract 311, Kings County, New York",Brooklyn,3534,730,2382,594,1557,478,728,251,197,110,80,47,323,156,128,90,97,84,5,10,0,14,92,84,1152,316,893,302,53,67,246,160,1,2,0,14,487,169,106,161,259,138,67,50,28,45,14,22,0,14,122,122,28,43
1400000US36047031300,"Census Tract 313, Kings County, New York",Brooklyn,4415,808,3226,736,1850,561,1252,467,257,184,243,350,631,249,121,79,124,133,32,49,0,14,92,141,1189,415,732,326,79,107,0,14,21,35,24,40,559,299,49,53,457,281,60,75,0,14,21,25,63,70,313,254,0,14
1400000US36047031401,"Census Tract 314.01, Kings County, New York",Brooklyn,4912,991,2050,566,1748,536,250,194,11,17,65,103,28,72,146,160,52,63,31,52,0,14,21,33,2862,572,1888,412,779,299,1025,312,0,14,0,14,84,110,0,14,974,556,62,101,664,473,0,14,0,14,248,257,0,14
1400000US36047031402,"Census Tract 314.02, Kings County, New York",Brooklyn,0,14,0,14,0,14,0,14,0,14,0,14,0,14,0,14,0,14,0,14,0,14,0,14,0,14,0,14,0,14,0,14,0,14,0,14,0,14,0,14,0,14,0,14,0,14,0,14,0,14,0,14,0,14
1400000US36047031500,"Census Tract 315, Kings County, New York",Brooklyn,5179,816,3802,686,1843,524,1916,528,451,181,225,188,885,412,355,160,43,69,43,69,0,19,0,19,1377,436,867,351,86,91,59,60,162,183,0,19,560,250,0,19,510,214,186,92,81,78,0,19,19,24,224,167,0,19
1400000US36047031701,"Census Tract 317.01, Kings County, New York",Brooklyn,4300,808,3333,716,2268,685,1048,222,188,112,328,116,333,144,199,165,17,19,0,14,0,14,17,19,967,355,535,273,101,96,30,37,14,22,0,14,390,275,0,14,432,193,163,134,29,32,15,23,33,49,155,121,37,46
1400000US36047031702,"Census Tract 317.02, Kings County, New York",Brooklyn,3622,723,2805,651,1666,604,1080,216,462,144,231,107,284,115,103,47,59,54,0,14,0,14,59,54,817,275,615,249,0,14,37,39,38,44,0,14,525,239,15,25,202,88,16,31,26,29,46,30,0,14,90,63,24,32
1400000US36047031900,"Census Tract 319, Kings County, New York",Brooklyn,3412,646,2198,637,1177,557,789,410,154,88,49,68,110,79,476,358,232,156,12,18,22,35,198,150,1214,306,930,352,43,61,79,90,72,111,0,14,732,349,4,12,284,179,21,29,0,14,0,14,20,33,231,170,12,18
1400000US36047032100,"Census Tract 321, Kings County, New York",Brooklyn,4995,752,3083,582,1834,474,1121,301,341,199,191,118,264,166,325,191,128,121,92,105,0,14,36,58,1912,512,1159,493,32,52,31,52,0,14,0,14,1096,490,0,14,753,319,163,139,80,88,10,24,0,14,500,317,0,14
1400000US36047032300,"Census Tract 323, Kings County, New York",Brooklyn,3589,840,2740,812,1838,786,790,190,148,80,140,89,398,149,104,59,112,86,41,50,32,50,39,44,849,200,687,180,41,61,22,34,0,14,0,14,624,170,0,14,162,71,0,14,31,40,0,14,0,14,105,62,26,37
1400000US36047032500,"Census Tract 325, Kings County, New York",Brooklyn,7964,985,4970,1485,3041,1144,1598,563,296,162,323,237,734,384,245,143,331,325,13,28,0,19,318,334,2994,1362,1379,509,0,19,0,19,295,182,0,19,1084,498,0,19,1615,1041,98,97,16,24,241,127,0,19,1260,1050,0,19
1400000US36047032600,"Census Tract 326, Kings County, New York",Brooklyn,10531,2308,6743,1733,6048,1708,289,183,83,107,22,33,183,145,1,6,406,326,303,294,0,21,103,137,3788,1468,2453,940,182,112,1148,653,794,725,0,21,329,312,0,21,1335,926,0,21,752,916,235,216,0,21,348,285,0,21
1400000US36047032700,"Census Tract 327, Kings County, New York",Brooklyn,2980,608,2032,610,1173,437,840,332,267,217,246,126,189,109,138,112,19,19,2,5,0,14,17,19,948,292,480,183,114,131,8,12,45,52,0,14,313,153,0,14,468,207,42,68,25,40,0,14,28,33,357,195,16,26
1400000US36047032800,"Census Tract 328, Kings County, New York",Brooklyn,2921,433,1501,350,1154,214,234,190,72,119,78,107,25,28,59,72,113,88,87,85,0,14,26,35,1420,359,901,182,215,116,444,138,21,38,0,14,221,137,0,14,519,338,0,14,364,310,0,14,0,14,155,137,0,14
1400000US36047032900,"Census Tract 329, Kings County, New York",Brooklyn,5411,1531,4224,1509,3203,1304,840,308,302,164,337,262,142,107,59,60,181,147,0,19,0,19,181,147,1187,279,867,223,71,71,18,31,0,19,0,19,757,215,21,33,320,146,26,42,0,19,0,19,0,19,271,151,23,42
1400000US36047033000,"Census Tract 330, Kings County, New York",Brooklyn,4721,658,3239,523,2975,512,116,79,20,32,20,33,76,69,0,14,148,121,112,118,15,25,21,24,1482,409,1097,301,512,138,189,126,30,47,0,14,366,265,0,14,385,232,14,33,150,172,85,93,0,14,136,119,0,14
1400000US36047033100,"Census Tract 331, Kings County, New York",Brooklyn,3822,665,2566,463,1982,504,394,177,61,58,138,81,135,118,60,56,190,99,0,14,0,14,190,99,1256,351,814,246,252,127,93,85,0,14,0,14,448,221,21,32,442,270,16,26,70,72,13,20,0,14,343,250,0,14
1400000US36047033300,"Census Tract 333, Kings County, New York",Brooklyn,4519,1039,3308,892,2588,827,461,186,207,104,112,78,118,117,24,31,259,138,15,25,0,14,244,138,1211,552,787,340,373,223,108,84,11,16,0,14,279,231,16,25,424,298,48,64,16,29,0,14,0,14,278,257,82,124
1400000US36047033500,"Census Tract 335, Kings County, New York",Brooklyn,3743,556,2884,496,2177,391,595,242,89,52,7,11,235,129,264,209,112,111,0,14,0,14,112,111,859,218,604,188,29,25,83,52,0,14,0,14,423,171,69,68,255,149,19,33,167,114,0,14,0,14,69,78,0,14
1400000US36047033600,"Census Tract 336, Kings County, New York",Brooklyn,4762,724,2447,564,1925,443,487,249,296,216,34,55,66,83,91,96,35,36,0,14,0,14,35,36,2315,410,1496,432,1130,422,153,118,61,97,0,14,108,107,44,65,819,301,734,274,85,87,0,14,0,14,0,14,0,14
1400000US36047033701,"Census Tract 337.01, Kings County, New York",Brooklyn,2742,664,1906,543,1341,493,504,200,71,53,155,145,211,146,67,50,61,59,0,14,0,14,61,59,836,285,661,265,124,101,18,27,46,68,0,14,464,231,9,14,175,96,52,43,16,25,0,14,0,14,100,97,7,11
1400000US36047033702,"Census Tract 337.02, Kings County, New York",Brooklyn,1993,285,1633,281,1080,242,522,122,207,78,33,42,169,115,113,78,31,40,31,40,0,14,0,14,360,103,256,98,88,63,68,57,30,40,12,20,58,53,0,14,104,51,23,22,29,35,0,14,18,25,34,33,0,14
1400000US36047033900,"Census Tract 339, Kings County, New York",Brooklyn,5012,720,3445,723,2285,644,1060,325,252,121,177,153,398,186,233,173,100,116,12,19,0,19,88,116,1567,521,683,238,0,19,119,129,9,15,9,19,546,216,0,19,884,486,0,19,223,201,0,19,0,19,661,476,0,19
1400000US36047034000,"Census Tract 340, Kings County, New York",Brooklyn,2172,219,1700,250,1279,207,329,139,59,86,11,17,238,117,21,31,92,65,84,63,0,14,8,12,472,125,378,108,226,107,35,29,0,14,5,10,112,91,0,14,94,85,59,75,31,30,0,14,0,14,4,8,0,14
1400000US36047034100,"Census Tract 341, Kings County, New York",Brooklyn,2564,584,2102,513,1254,475,737,206,140,111,36,32,329,172,232,104,111,90,71,72,0,14,40,49,462,179,359,169,9,16,27,27,0,14,0,14,306,161,17,28,103,79,11,18,17,28,0,14,0,14,64,71,11,17
1400000US36047034200,"Census Tract 342, Kings County, New York",Brooklyn,6667,1341,3987,1003,3698,1009,203,149,31,50,0,19,168,142,4,15,86,63,69,61,0,19,17,19,2680,690,1996,435,1184,349,431,338,26,43,0,19,355,224,0,19,684,594,57,92,103,115,297,487,0,19,227,329,0,19
1400000US36047034300,"Census Tract 343, Kings County, New York",Brooklyn,4548,763,3140,577,2358,533,782,415,466,379,31,50,285,158,0,14,0,14,0,14,0,14,0,14,1408,705,1115,539,85,94,49,69,11,18,0,14,970,533,0,14,293,231,0,14,58,67,88,132,0,14,147,170,0,14
1400000US36047034500,"Census Tract 345, Kings County, New York",Brooklyn,2703,656,2054,608,1261,467,575,242,263,128,1,2,240,145,71,82,218,111,60,65,0,14,158,102,649,361,297,189,9,14,68,115,0,14,0,14,220,142,0,14,352,277,9,13,39,71,0,14,0,14,288,260,16,26
1400000US36047034700,"Census Tract 347, Kings County, New York",Brooklyn,3728,445,2459,401,1916,385,375,185,48,79,64,68,263,154,0,14,168,92,37,47,83,78,48,53,1269,351,811,238,89,100,0,14,109,143,0,14,613,217,0,14,458,263,21,33,0,14,109,103,0,14,328,217,0,14
1400000US36047034800,"Census Tract 348, Kings County, New York",Brooklyn,3011,536,1436,332,1289,306,62,45,18,17,0,14,9,15,35,42,85,80,69,80,0,14,16,16,1575,413,698,359,71,54,248,74,17,19,0,14,362,348,0,14,877,205,75,61,198,93,8,15,0,14,596,185,0,14
1400000US36047034901,"Census Tract 349.01, Kings County, New York",Brooklyn,2324,418,1272,335,1089,338,162,150,5,14,93,139,64,63,0,14,21,33,21,33,0,14,0,14,1052,343,718,328,27,40,25,38,0,14,0,14,666,316,0,14,334,211,28,43,0,14,0,14,41,62,265,208,0,14
1400000US36047034902,"Census Tract 349.02, Kings County, New York",Brooklyn,3396,774,2242,784,1360,629,591,274,67,65,0,14,372,237,152,165,291,241,12,19,5,25,274,230,1154,412,815,318,0,14,61,63,46,54,0,14,708,287,0,14,339,278,0,14,0,14,30,47,0,14,309,275,0,14
1400000US36047035000,"Census Tract 350, Kings County, New York",Brooklyn,3169,400,828,259,813,260,8,14,8,14,0,14,0,14,0,14,7,15,0,14,0,14,7,15,2341,357,2149,357,2037,357,112,95,0,14,0,14,0,14,0,14,192,88,168,85,18,30,0,14,0,14,6,11,0,14
1400000US36047035101,"Census Tract 351.01, Kings County, New York",Brooklyn,1735,482,1307,462,1134,450,173,87,30,27,54,73,75,37,14,22,0,14,0,14,0,14,0,14,428,121,319,128,61,75,0,14,0,14,0,14,258,85,0,14,109,64,8,13,0,14,15,26,0,14,86,60,0,14
1400000US36047035102,"Census Tract 351.02, Kings County, New York",Brooklyn,3400,844,1837,283,1197,345,265,138,72,101,94,38,99,81,0,14,375,114,11,18,11,17,353,115,1563,693,904,210,103,75,32,40,0,14,0,14,769,226,0,14,659,595,33,44,52,52,0,14,0,14,574,580,0,14
1400000US36047035200,"Census Tract 352, Kings County, New York",Brooklyn,1529,198,969,90,839,95,104,55,25,32,17,20,46,40,16,26,26,20,11,13,0,14,15,16,560,202,513,193,402,195,94,48,0,14,6,12,11,13,0,14,47,41,21,26,0,14,5,10,0,14,21,27,0,14
1400000US36047035301,"Census Tract 353.01, Kings County, New York",Brooklyn,2483,599,1716,530,831,334,714,287,204,110,82,100,389,238,39,36,171,168,153,166,0,14,18,23,767,440,254,155,0,14,13,17,28,33,0,14,213,142,0,14,513,353,0,14,286,321,0,14,0,14,227,210,0,14
1400000US36047035302,"Census Tract 353.02, Kings County, New York",Brooklyn,3064,511,2174,406,1627,381,377,152,159,114,96,68,63,47,59,49,170,102,10,15,0,14,160,100,890,256,572,186,85,49,49,49,0,14,0,14,438,180,0,14,318,183,0,14,0,14,0,14,0,14,310,183,8,13
1400000US36047035400,"Census Tract 354, Kings County, New York",Brooklyn,6075,805,2122,559,2027,559,20,32,0,19,20,32,0,19,0,19,75,74,33,39,0,19,42,63,3953,650,3383,597,3026,579,298,183,36,57,0,19,14,23,9,16,570,252,533,247,0,19,37,59,0,19,0,19,0,19
1400000US36047035500,"Census Tract 355, Kings County, New York",Brooklyn,5046,711,2316,563,1897,547,268,141,98,73,20,33,138,110,12,22,151,102,94,86,0,19,57,55,2730,477,1928,431,106,113,9,23,0,19,9,23,1794,378,10,16,802,245,21,32,0,19,0,19,0,19,781,247,0,19
1400000US36047035601,"Census Tract 356.01, Kings County, New York",Brooklyn,2326,299,540,172,461,165,79,81,0,14,67,78,0,14,12,20,0,14,0,14,0,14,0,14,1786,249,1651,237,1502,228,116,77,0,14,0,14,33,39,0,14,135,84,81,69,38,39,0,14,0,14,16,25,0,14
1400000US36047035602,"Census Tract 356.02, Kings County, New York",Brooklyn,6581,830,2087,536,1597,432,258,239,133,152,25,44,100,133,0,19,232,241,147,232,0,19,85,70,4494,732,3352,672,3181,673,156,125,15,24,0,19,0,19,0,19,1142,434,699,331,392,315,0,19,0,19,1,3,50,58
1400000US36047035701,"Census Tract 357.01, Kings County, New York",Brooklyn,2398,427,1384,287,1257,274,66,39,27,27,7,11,32,36,0,14,61,49,16,23,0,14,45,40,1014,315,656,187,0,14,0,14,47,41,0,14,609,188,0,14,358,269,0,14,0,14,43,48,0,14,315,256,0,14
1400000US36047035702,"Census Tract 357.02, Kings County, New York",Brooklyn,0,14,0,14,0,14,0,14,0,14,0,14,0,14,0,14,0,14,0,14,0,14,0,14,0,14,0,14,0,14,0,14,0,14,0,14,0,14,0,14,0,14,0,14,0,14,0,14,0,14,0,14,0,14
1400000US36047035900,"Census Tract 359, Kings County, New York",Brooklyn,6794,1151,4549,816,3842,850,619,245,0,19,8,17,566,237,45,61,88,98,38,56,0,19,50,79,2245,999,1087,419,16,26,14,30,60,66,0,19,997,414,0,19,1158,807,80,108,111,114,49,79,0,19,918,810,0,19
1400000US36047036001,"Census Tract 360.01, Kings County, New York",Brooklyn,2844,262,700,219,621,211,40,34,0,14,29,27,11,19,0,14,39,36,9,14,0,14,30,34,2144,273,1535,235,1189,194,322,151,0,14,0,14,24,27,0,14,609,202,343,165,266,140,0,14,0,14,0,14,0,14
1400000US36047036002,"Census Tract 360.02, Kings County, New York",Brooklyn,3731,546,870,449,650,415,220,133,16,27,54,69,76,93,74,93,0,14,0,14,0,14,0,14,2861,413,1901,386,1511,419,375,175,0,14,0,14,15,26,0,14,960,334,280,166,680,337,0,14,0,14,0,14,0,14
1400000US36047036100,"Census Tract 361, Kings County, New York",Brooklyn,3358,578,2134,439,1913,471,147,101,0,14,39,55,108,82,0,14,74,72,37,51,0,14,37,46,1224,547,929,526,23,36,3,6,0,14,0,14,903,526,0,14,295,205,0,14,1,3,17,35,0,14,277,203,0,14
1400000US36047036200,"Census Tract 362, Kings County, New York",Brooklyn,3090,545,1164,358,1007,335,82,69,71,68,0,14,11,14,0,14,75,85,42,50,0,14,33,71,1926,386,1210,342,438,161,740,290,0,14,0,14,32,38,0,14,716,237,232,168,256,114,8,12,0,14,220,168,0,14
1400000US36047036300,"Census Tract 363, Kings County, New York",Brooklyn,5430,1053,3413,906,2881,722,354,263,0,19,0,19,354,263,0,19,178,197,0,19,0,19,178,197,2017,568,1488,511,0,19,0,19,81,75,0,19,1407,501,0,19,529,192,0,19,0,19,211,197,0,19,318,163,0,19
1400000US36047036400,"Census Tract 364, Kings County, New York",Brooklyn,2288,448,620,234,538,208,10,10,1,2,0,14,3,6,6,10,72,71,24,38,0,14,48,61,1668,397,971,248,466,175,394,166,0,14,0,14,111,123,0,14,697,267,85,72,367,205,10,15,0,14,218,182,17,27
1400000US36047036501,"Census Tract 365.01, Kings County, New York",Brooklyn,3139,657,1718,297,1435,308,234,107,15,24,14,25,205,101,0,14,49,61,0,14,33,54,16,30,1421,537,835,362,18,31,0,14,250,194,0,14,567,318,0,14,586,278,21,35,78,113,174,168,0,14,313,225,0,14
1400000US36047036502,"Census Tract 365.02, Kings County, New York",Brooklyn,2389,512,1694,509,1538,494,100,62,30,24,0,14,23,25,47,58,56,50,14,22,0,14,42,47,695,229,346,149,0,14,9,14,16,19,0,14,321,146,0,14,349,167,0,14,10,18,71,86,0,14,268,135,0,14
1400000US36047036600,"Census Tract 366, Kings County, New York",Brooklyn,4362,780,1539,387,1150,327,137,92,17,26,3,7,109,83,8,14,252,183,71,75,14,24,167,169,2823,580,1144,230,660,206,400,119,8,15,0,14,76,63,0,14,1679,566,244,169,796,511,0,14,9,14,630,240,0,14
1400000US36047036700,"Census Tract 367, Kings County, New York",Brooklyn,2091,696,1258,489,974,456,225,141,34,52,21,23,118,92,52,69,59,64,52,53,0,14,7,16,833,322,354,157,14,20,18,30,8,14,0,14,314,160,0,14,479,273,15,22,0,14,16,33,0,14,440,267,8,12
1400000US36047036900,"Census Tract 369, Kings County, New York",Brooklyn,5626,1029,3580,611,1998,557,1406,384,530,260,220,163,563,278,93,93,176,121,127,130,0,19,49,58,2046,884,897,344,61,92,72,98,128,164,0,19,636,279,0,19,1149,685,0,19,203,244,0,19,0,19,946,736,0,19
1400000US36047037000,"Census Tract 370, Kings County, New York",Brooklyn,4171,487,1884,426,1659,381,60,88,0,14,2,15,54,86,4,14,165,122,67,67,0,14,98,78,2287,370,1690,340,741,284,856,239,55,51,0,14,38,39,0,14,597,287,155,154,401,242,0,14,0,14,41,38,0,14
1400000US36047037100,"Census Tract 371, Kings County, New York",Brooklyn,4309,649,3026,648,2369,615,655,268,77,58,36,40,443,234,99,72,2,1,2,1,0,14,0,14,1283,378,752,348,0,14,37,36,44,52,0,14,671,342,0,14,531,168,20,29,15,24,125,135,0,14,371,138,0,14
1400000US36047037300,"Census Tract 373, Kings County, New York",Brooklyn,4952,827,3486,664,2327,587,1027,341,219,106,123,152,441,270,244,108,132,84,120,82,12,18,0,14,1466,472,892,406,97,147,151,189,0,14,0,14,644,351,0,14,574,208,81,97,57,61,47,44,0,14,389,152,0,14
1400000US36047037401,"Census Tract 374.01, Kings County, New York",Brooklyn,4758,778,2182,490,1918,471,107,75,67,63,0,14,8,19,32,37,157,161,26,30,0,14,131,160,2576,486,1960,492,977,257,872,378,21,34,0,14,90,92,0,14,616,301,280,181,221,218,2,15,0,14,113,132,0,14
1400000US36047037402,"Census Tract 374.02, Kings County, New York",Brooklyn,5843,809,2144,565,1883,554,152,159,0,19,0,19,58,71,94,142,109,91,0,19,0,19,109,91,3699,632,2613,453,2007,490,461,259,22,35,0,19,106,72,17,27,1086,509,692,399,155,112,20,31,0,19,219,303,0,19
1400000US36047037500,"Census Tract 375, Kings County, New York",Brooklyn,3748,619,2889,504,1801,500,980,272,226,190,123,107,466,202,165,97,108,85,0,14,0,14,108,85,859,256,599,157,102,85,63,76,95,68,0,14,339,143,0,14,260,155,17,28,16,25,0,14,0,14,227,162,0,14
1400000US36047037700,"Census Tract 377, Kings County, New York",Brooklyn,5090,650,3962,654,2851,614,1072,361,211,99,224,172,405,333,232,124,39,36,13,20,0,19,26,31,1128,389,526,218,114,89,41,44,0,19,0,19,371,170,0,19,602,261,116,80,18,23,68,110,4,11,354,200,42,53
1400000US36047037900,"Census Tract 379, Kings County, New York",Brooklyn,4012,921,3113,852,2289,599,741,517,268,279,68,77,283,239,122,100,83,64,0,14,0,14,83,64,899,309,628,266,39,62,0,14,0,14,0,14,568,256,21,34,271,160,34,40,0,14,47,61,0,14,190,150,0,14
1400000US36047038100,"Census Tract 381, Kings County, New York",Brooklyn,5138,639,4079,699,2945,623,996,391,362,174,271,197,171,106,192,117,138,170,121,168,0,19,17,28,1059,450,739,360,121,174,114,124,0,19,0,19,504,286,0,19,320,196,0,19,61,65,0,19,0,19,204,171,55,83
1400000US36047038200,"Census Tract 382, Kings County, New York",Brooklyn,5225,880,3845,836,3565,824,99,101,0,19,8,14,91,101,0,19,181,137,136,118,0,19,45,65,1380,421,1067,348,64,55,779,281,0,19,0,19,224,182,0,19,313,181,0,19,167,134,0,19,0,19,146,138,0,19
1400000US36047038300,"Census Tract 383, Kings County, New York",Brooklyn,5466,684,3933,643,2599,586,1202,308,137,112,329,164,588,237,148,93,132,112,65,81,0,19,67,61,1533,541,1173,427,44,41,0,19,0,19,0,19,1129,427,0,19,360,255,0,19,0,19,41,48,0,19,288,251,31,47
1400000US36047038500,"Census Tract 385, Kings County, New York",Brooklyn,3823,961,3177,853,1971,875,1135,231,284,126,273,125,307,136,271,132,71,64,5,12,0,14,66,63,646,225,488,213,39,36,67,57,10,16,5,8,367,206,0,14,158,74,48,52,60,52,28,33,6,10,16,27,0,14
1400000US36047038600,"Census Tract 386, Kings County, New York",Brooklyn,3042,711,1312,434,988,408,174,131,53,68,45,72,24,26,52,62,150,119,31,41,0,14,119,128,1730,441,1170,382,213,122,614,199,9,14,0,14,334,330,0,14,560,230,19,22,518,223,0,14,0,14,23,28,0,14
1400000US36047038700,"Census Tract 387, Kings County, New York",Brooklyn,5312,947,4186,729,2399,619,1755,322,430,175,190,163,748,128,387,125,32,34,0,19,0,19,32,34,1126,489,771,472,52,75,329,444,9,14,0,19,381,215,0,19,355,137,125,76,95,85,0,19,17,34,118,76,0,19
1400000US36047038800,"Census Tract 388, Kings County, New York",Brooklyn,5353,1019,2808,781,2439,677,328,354,69,51,19,22,9,13,231,350,41,42,8,13,0,19,33,42,2545,736,1456,630,809,590,616,208,11,18,0,19,20,23,0,19,1089,448,493,352,187,178,0,19,0,19,409,311,0,19
1400000US36047038900,"Census Tract 389, Kings County, New York",Brooklyn,3277,664,2171,650,1300,587,809,258,252,181,198,124,207,123,152,133,62,60,6,10,0,14,56,58,1106,319,491,156,30,47,106,80,0,14,0,14,355,117,0,14,615,292,149,110,14,22,16,27,0,14,436,281,0,14
1400000US36047039000,"Census Tract 390, Kings County, New York",Brooklyn,2681,536,1728,408,1665,401,38,41,12,11,0,14,26,38,0,14,25,20,0,14,0,14,25,20,953,223,826,199,309,109,492,179,12,13,0,14,13,22,0,14,127,61,30,36,97,49,0,14,0,14,0,14,0,14
1400000US36047039100,"Census Tract 391, Kings County, New York",Brooklyn,5428,630,4006,526,2759,513,1201,314,410,207,262,144,364,196,165,124,46,58,46,58,0,19,0,19,1422,355,735,294,224,177,240,159,0,19,0,19,271,218,0,19,687,241,207,139,154,128,0,19,0,19,271,202,55,79
1400000US36047039200,"Census Tract 392, Kings County, New York",Brooklyn,3091,879,1769,663,1472,455,297,449,13,21,0,14,0,14,284,448,0,14,0,14,0,14,0,14,1322,367,923,339,469,247,244,146,36,46,0,14,174,197,0,14,399,127,128,108,44,58,83,109,0,14,144,131,0,14
1400000US36047039300,"Census Tract 393, Kings County, New York",Brooklyn,3798,743,2665,517,1495,415,1045,268,314,142,199,119,267,140,265,155,125,119,100,110,0,14,25,32,1133,426,490,151,69,53,155,147,32,51,0,14,234,122,0,14,643,379,195,159,49,54,32,40,13,20,343,323,11,18
1400000US36047039400,"Census Tract 394, Kings County, New York",Brooklyn,2259,432,1472,407,1445,399,27,26,0,14,0,14,27,26,0,14,0,14,0,14,0,14,0,14,787,212,567,160,138,93,371,128,52,73,0,14,6,9,0,14,220,133,82,96,98,68,0,14,0,14,40,68,0,14
1400000US36047039500,"Census Tract 395, Kings County, New York",Brooklyn,4083,530,2868,534,1610,436,1162,313,291,160,173,129,555,240,143,93,96,72,76,70,0,14,20,26,1215,299,592,261,7,12,140,91,9,25,0,14,436,267,0,14,623,262,34,42,61,56,81,104,0,14,447,238,0,14
1400000US36047039600,"Census Tract 396, Kings County, New York",Brooklyn,1708,464,1331,364,1238,350,75,54,48,43,0,14,6,9,21,23,18,42,6,36,0,14,12,21,377,198,313,189,88,59,95,72,90,109,0,14,40,41,0,14,64,57,16,21,19,29,0,14,0,14,29,45,0,14
1400000US36047039700,"Census Tract 397, Kings County, New York",Brooklyn,3356,510,2305,463,1320,464,896,205,220,118,103,69,443,163,130,98,89,93,18,34,13,19,58,99,1051,317,325,125,24,24,12,18,78,103,0,14,211,97,0,14,726,272,73,55,11,16,85,136,0,14,557,233,0,14
1400000US36047039800,"Census Tract 398, Kings County, New York",Brooklyn,2586,509,1389,459,1268,409,106,110,15,16,84,107,7,10,0,14,15,17,6,10,0,14,9,13,1197,208,812,180,127,61,632,178,0,14,0,14,53,44,0,14,385,129,87,75,210,101,0,14,0,14,88,86,0,14
1400000US36047039900,"Census Tract 399, Kings County, New York",Brooklyn,3745,675,2386,494,1547,488,705,217,52,47,105,60,471,196,77,61,134,111,102,108,0,14,32,38,1359,483,807,348,0,14,34,54,0,14,0,14,773,346,0,14,552,290,50,51,32,48,0,14,0,14,470,290,0,14
1400000US36047040000,"Census Tract 400, Kings County, New York",Brooklyn,2570,622,1065,268,854,234,33,38,24,36,0,14,9,15,0,14,178,158,32,36,113,147,33,43,1505,482,859,427,71,53,725,422,0,14,0,14,63,72,0,14,646,303,36,41,343,231,0,14,0,14,267,245,0,14
1400000US36047040100,"Census Tract 401, Kings County, New York",Brooklyn,3354,615,2567,482,1438,411,988,250,156,110,49,52,629,229,154,84,141,123,57,79,0,14,84,105,787,322,268,119,8,16,13,22,0,14,0,14,247,111,0,14,519,273,0,14,51,56,9,18,0,14,459,276,0,14
1400000US36047040200,"Census Tract 402, Kings County, New York",Brooklyn,2414,428,976,245,891,235,69,54,12,19,20,23,6,9,31,36,16,23,0,14,0,14,16,23,1438,334,998,305,16,18,847,302,33,49,0,14,92,68,10,15,440,181,10,17,258,113,0,14,0,14,162,121,10,14
1400000US36047040300,"Census Tract 403, Kings County, New York",Brooklyn,3982,577,3383,566,2028,549,1266,341,531,158,71,47,568,282,96,68,89,85,35,45,0,14,54,77,599,181,361,119,0,14,102,94,0,14,0,14,240,90,19,27,238,144,43,55,51,57,0,14,0,14,92,101,52,79
1400000US36047040400,"Census Tract 404, Kings County, New York",Brooklyn,2604,359,1265,305,1187,298,23,21,0,14,8,15,0,14,15,15,55,51,32,40,0,14,23,33,1339,252,930,215,184,111,727,192,0,14,0,14,19,18,0,14,409,140,102,65,304,119,0,14,0,14,3,4,0,14
1400000US36047040500,"Census Tract 405, Kings County, New York",Brooklyn,1653,356,1025,266,779,246,217,91,25,29,3,6,129,73,60,46,29,41,29,41,0,14,0,14,628,256,424,239,24,24,47,43,0,14,0,14,353,225,0,14,204,94,59,46,35,47,0,14,0,14,110,67,0,14
1400000US36047040600,"Census Tract 406, Kings County, New York",Brooklyn,3726,548,1582,463,1469,451,84,71,36,46,6,9,9,14,33,52,29,38,0,14,0,14,29,38,2144,375,1287,267,69,55,1058,237,34,56,0,14,126,96,0,14,857,334,48,54,442,260,50,54,0,14,317,230,0,14
1400000US36047040700,"Census Tract 407, Kings County, New York",Brooklyn,0,14,0,14,0,14,0,14,0,14,0,14,0,14,0,14,0,14,0,14,0,14,0,14,0,14,0,14,0,14,0,14,0,14,0,14,0,14,0,14,0,14,0,14,0,14,0,14,0,14,0,14,0,14
1400000US36047040800,"Census Tract 408, Kings County, New York",Brooklyn,3676,627,1925,428,1783,417,51,54,35,47,0,14,0,14,16,25,91,108,0,14,0,14,91,108,1751,432,1045,354,96,88,823,344,64,60,0,14,62,49,0,14,706,263,4,7,392,169,51,81,0,14,259,220,0,14
1400000US36047040900,"Census Tract 409, Kings County, New York",Brooklyn,3891,756,2683,735,1927,627,702,302,160,97,145,82,247,154,150,117,54,63,54,63,0,14,0,14,1208,571,742,333,0,14,77,61,17,27,0,14,648,329,0,14,466,327,0,14,0,14,18,29,0,14,448,324,0,14
1400000US36047041000,"Census Tract 410, Kings County, New York",Brooklyn,1899,490,1277,555,1159,561,88,60,34,32,8,12,46,49,0,14,30,28,4,7,0,14,26,27,622,152,474,122,134,74,301,116,0,14,0,14,39,60,0,14,148,110,114,110,34,33,0,14,0,14,0,14,0,14
1400000US36047041100,"Census Tract 411, Kings County, New York",Brooklyn,2631,727,1515,436,1067,375,411,157,220,99,61,48,101,85,29,32,37,52,0,14,17,29,20,25,1116,498,624,320,48,51,146,90,0,14,0,14,430,295,0,14,492,251,24,37,112,134,0,14,0,14,356,222,0,14
1400000US36047041200,"Census Tract 412, Kings County, New York",Brooklyn,2789,848,1074,332,1032,339,19,20,0,14,0,14,0,14,19,20,23,29,0,14,0,14,23,29,1715,608,996,368,274,150,676,378,0,14,0,14,46,60,0,14,719,376,62,86,551,348,0,14,0,14,106,108,0,14
1400000US36047041300,"Census Tract 413, Kings County, New York",Brooklyn,3851,887,2852,904,1529,544,1019,494,153,142,29,47,593,395,244,179,304,286,97,95,0,14,207,259,999,382,838,349,115,108,22,36,0,14,0,14,701,338,0,14,161,93,0,14,70,94,0,14,0,14,91,71,0,14
1400000US36047041401,"Census Tract 414.01, Kings County, New York",Brooklyn,1237,222,814,236,659,208,84,66,19,29,5,15,60,58,0,14,71,31,7,10,0,14,64,29,423,119,263,94,170,87,47,33,22,37,0,14,24,23,0,14,160,83,80,53,14,11,0,14,0,14,66,66,0,14
1400000US36047041402,"Census Tract 414.02, Kings County, New York",Brooklyn,2062,360,997,241,835,196,127,87,100,75,0,14,22,30,5,32,35,43,21,33,0,14,14,30,1065,304,453,188,136,80,226,136,7,16,0,14,84,115,0,14,612,216,37,63,506,190,7,11,0,14,62,71,0,14
1400000US36047041500,"Census Tract 415, Kings County, New York",Brooklyn,4300,836,2617,595,1308,549,935,318,308,171,76,85,373,218,178,109,374,197,193,107,0,14,181,178,1683,679,899,368,0,14,35,44,289,301,0,14,575,217,0,14,784,484,6,12,23,31,65,88,0,14,690,483,0,14
1400000US36047041600,"Census Tract 416, Kings County, New York",Brooklyn,1784,438,991,436,821,361,165,109,61,81,26,21,78,70,0,14,5,7,0,14,0,14,5,7,793,169,597,159,138,95,272,110,53,49,0,14,134,97,0,14,196,99,35,33,112,92,0,14,0,14,37,38,6,9
1400000US36047041700,"Census Tract 417, Kings County, New York",Brooklyn,3402,668,2404,552,1584,421,414,170,38,38,7,18,307,134,62,76,406,289,239,138,0,14,167,253,998,372,719,295,4,27,126,122,236,242,0,14,353,174,0,14,279,175,0,14,10,56,0,14,0,14,269,146,0,14
1400000US36047041800,"Census Tract 418, Kings County, New York",Brooklyn,2350,484,1284,357,1162,345,122,79,19,25,5,9,55,42,43,63,0,14,0,14,0,14,0,14,1066,251,805,204,303,103,426,170,23,24,0,14,53,42,0,14,261,148,44,38,197,145,6,9,0,14,14,22,0,14
1400000US36047041900,"Census Tract 419, Kings County, New York",Brooklyn,3479,890,2791,807,1916,778,761,246,209,141,89,68,366,145,97,79,114,128,114,128,0,14,0,14,688,352,509,310,0,14,61,65,0,14,0,14,285,182,163,270,179,106,35,55,40,38,0,14,4,12,100,89,0,14
1400000US36047042000,"Census Tract 420, Kings County, New York",Brooklyn,1662,286,1254,260,1085,246,123,94,55,78,36,29,31,29,1,3,46,44,29,32,0,14,17,20,408,126,275,100,59,56,157,79,33,34,0,14,26,23,0,14,133,95,50,68,50,52,0,14,0,14,33,42,0,14
1400000US36047042100,"Census Tract 421, Kings County, New York",Brooklyn,4712,592,3601,549,1790,355,1469,324,425,199,192,141,438,194,414,204,342,191,285,186,0,14,57,59,1111,368,493,164,16,24,194,98,0,14,0,14,283,122,0,14,618,348,14,22,28,29,64,52,0,14,512,339,0,14
1400000US36047042200,"Census Tract 422, Kings County, New York",Brooklyn,3163,837,2018,561,1671,504,310,158,104,57,117,103,44,44,45,42,37,32,16,21,0,14,21,23,1145,418,478,280,116,72,327,261,0,14,0,14,35,33,0,14,667,367,119,69,184,145,0,14,0,14,364,320,0,14
1400000US36047042300,"Census Tract 423, Kings County, New York",Brooklyn,4523,828,2904,613,1910,507,913,313,183,101,115,95,226,121,389,239,81,71,72,70,9,16,0,14,1619,548,443,162,5,13,56,52,23,38,0,14,359,163,0,14,1176,510,29,33,175,153,18,27,0,14,903,516,51,75
1400000US36047042400,"Census Tract 424, Kings County, New York",Brooklyn,3723,701,1622,276,1402,246,86,68,13,18,0,14,60,59,13,20,134,111,10,17,0,14,124,109,2101,620,1202,546,259,120,790,530,49,60,0,14,104,80,0,14,899,310,435,245,405,211,0,14,0,14,59,67,0,14
1400000US36047042500,"Census Tract 425, Kings County, New York",Brooklyn,2709,579,2050,515,1037,485,753,224,179,90,119,79,395,195,60,70,260,220,198,201,0,14,62,59,659,161,376,154,23,28,9,15,0,14,0,14,344,151,0,14,283,118,52,54,21,26,0,14,0,14,210,93,0,14
1400000US36047042600,"Census Tract 426, Kings County, New York",Brooklyn,4528,931,2366,859,2106,857,147,79,101,82,6,11,0,14,40,46,113,114,77,107,0,14,36,42,2162,311,1282,277,313,137,829,165,27,33,0,14,113,131,0,14,880,222,195,149,464,205,8,14,0,14,213,134,0,14
1400000US36047042700,"Census Tract 427, Kings County, New York",Brooklyn,4098,499,3084,472,1546,262,1390,347,522,223,219,150,445,182,204,100,148,132,95,82,0,14,53,70,1014,363,471,231,42,48,57,62,14,25,0,14,358,206,0,14,543,327,6,11,35,47,0,14,0,14,502,320,0,14
1400000US36047042800,"Census Tract 428, Kings County, New York",Brooklyn,3636,591,1441,496,1273,436,95,71,12,18,8,13,48,61,27,31,73,71,64,70,0,14,9,13,2195,542,1237,327,594,246,611,199,0,14,0,14,32,41,0,14,958,443,259,328,611,344,36,60,0,14,52,58,0,14
1400000US36047042900,"Census Tract 429, Kings County, New York",Brooklyn,4630,828,2997,732,1687,628,966,353,254,214,229,128,259,153,224,157,344,272,305,264,0,14,39,65,1633,452,387,223,88,95,102,109,50,78,0,14,147,151,0,14,1246,383,99,83,199,175,2,4,0,14,946,382,0,14
1400000US36047043000,"Census Tract 430, Kings County, New York",Brooklyn,3666,445,1071,271,886,245,147,141,14,25,0,14,48,56,85,100,38,32,9,16,0,14,29,27,2595,390,1294,238,611,186,609,187,28,39,0,14,39,50,7,11,1301,396,219,152,666,319,47,69,0,14,369,216,0,14
1400000US36047043100,"Census Tract 431, Kings County, New York",Brooklyn,3864,686,2676,509,1134,364,1445,294,384,141,213,133,484,214,364,175,97,117,97,117,0,14,0,14,1188,518,213,167,0,14,92,102,0,14,0,14,121,145,0,14,975,493,369,410,151,109,39,61,0,14,399,207,17,27
1400000US36047043200,"Census Tract 432, Kings County, New York",Brooklyn,3874,630,1397,507,1241,492,106,85,12,22,30,40,55,59,9,16,50,82,0,14,0,14,50,82,2477,443,1531,310,573,200,794,201,28,38,0,14,136,112,0,14,946,406,105,71,687,396,0,14,0,14,154,108,0,14
1400000US36047043300,"Census Tract 433, Kings County, New York",Brooklyn,4029,686,2646,561,1950,593,428,166,129,80,25,38,184,120,90,80,268,149,230,148,0,14,38,48,1383,419,859,331,13,21,147,164,0,14,0,14,699,319,0,14,524,264,24,40,28,24,0,14,0,14,472,268,0,14
1400000US36047043400,"Census Tract 434, Kings County, New York",Brooklyn,4095,782,1796,622,1555,549,198,188,15,18,0,14,68,64,115,174,43,56,0,14,0,14,43,56,2299,456,1213,301,520,263,478,204,0,14,0,14,189,138,26,29,1086,398,177,125,599,345,0,14,0,14,310,249,0,14
1400000US36047043500,"Census Tract 435, Kings County, New York",Brooklyn,4897,670,3320,629,2089,487,1068,424,222,135,148,120,270,200,428,273,163,122,88,73,16,24,59,87,1577,329,609,170,21,36,48,76,0,14,0,14,540,176,0,14,968,312,10,16,205,149,3,5,0,14,750,275,0,14
1400000US36047043600,"Census Tract 436, Kings County, New York",Brooklyn,4341,933,1658,511,1424,469,141,134,19,30,0,14,71,64,51,62,93,65,49,55,0,14,44,37,2683,668,1359,263,536,165,741,234,59,66,0,14,23,33,0,14,1324,631,267,160,370,162,41,63,0,14,646,581,0,14
1400000US36047043700,"Census Tract 437, Kings County, New York",Brooklyn,5034,1236,3460,726,1918,491,1250,514,371,133,109,86,289,167,481,438,292,192,71,84,0,19,221,191,1574,723,745,363,12,18,20,24,0,19,0,19,713,360,0,19,829,589,56,63,52,39,0,19,0,19,721,603,0,19
1400000US36047043800,"Census Tract 438, Kings County, New York",Brooklyn,2530,522,1454,430,1295,397,119,83,44,52,0,14,54,49,21,22,40,43,0,14,0,14,40,43,1076,226,623,183,373,164,217,105,19,28,0,14,14,17,0,14,453,149,89,66,276,116,0,14,0,14,88,122,0,14
1400000US36047043900,"Census Tract 439, Kings County, New York",Brooklyn,4172,928,2386,478,1813,435,369,192,143,144,42,48,7,11,177,133,204,202,166,198,0,14,38,68,1786,901,584,284,35,63,220,184,0,14,0,14,329,192,0,14,1202,718,26,43,151,136,0,14,27,44,998,703,0,14
1400000US36047044000,"Census Tract 440, Kings County, New York",Brooklyn,2586,430,1909,394,1496,339,364,237,63,65,236,230,65,53,0,14,49,33,9,16,0,14,40,29,677,203,324,119,102,58,197,103,15,16,0,14,4,7,6,11,353,142,95,73,171,95,11,16,0,14,76,79,0,14
1400000US36047044100,"Census Tract 441, Kings County, New York",Brooklyn,4638,1011,3258,768,2297,674,793,249,230,119,210,143,213,160,140,81,168,163,99,150,0,14,69,79,1380,434,512,303,17,28,179,183,0,14,36,57,280,164,0,14,868,276,61,65,35,47,0,14,0,14,772,260,0,14
1400000US36047044200,"Census Tract 442, Kings County, New York",Brooklyn,2268,535,1556,528,1343,473,187,138,133,137,46,44,8,13,0,14,26,30,20,29,0,14,6,10,712,183,525,145,239,108,234,117,29,34,0,14,23,33,0,14,187,146,113,100,51,52,0,14,0,14,23,28,0,14
1400000US36047044300,"Census Tract 443, Kings County, New York",Brooklyn,4740,581,3564,540,1633,390,1685,486,558,225,104,74,891,446,132,78,246,145,102,71,0,14,144,135,1176,315,651,225,79,60,110,73,0,14,0,14,462,210,0,14,525,228,71,72,124,101,0,14,0,14,330,187,0,14
1400000US36047044400,"Census Tract 444, Kings County, New York",Brooklyn,2677,691,1754,446,1455,375,276,154,134,90,30,52,112,88,0,14,23,26,0,14,0,14,23,26,923,430,548,271,348,229,141,139,12,20,0,14,47,38,0,14,375,237,250,241,65,63,0,14,0,14,60,65,0,14
1400000US36047044500,"Census Tract 445, Kings County, New York",Brooklyn,3944,586,2533,588,1548,522,913,239,242,104,225,139,307,164,139,100,72,74,57,71,0,14,15,24,1411,352,764,223,148,119,260,135,15,24,0,14,324,149,17,25,647,259,5,11,235,180,0,14,0,14,407,157,0,14
1400000US36047044600,"Census Tract 446, Kings County, New York",Brooklyn,2123,464,1082,372,893,331,90,54,15,21,43,39,32,36,0,14,99,105,5,13,0,14,94,104,1041,247,592,142,108,61,450,135,0,14,0,14,34,35,0,14,449,250,178,99,112,72,0,14,0,14,159,254,0,14
1400000US36047044700,"Census Tract 447, Kings County, New York",Brooklyn,2337,287,1803,264,1066,211,654,211,334,175,105,64,162,92,53,51,83,46,43,37,0,14,40,30,534,192,242,133,47,66,18,33,0,14,0,14,153,96,24,38,292,96,125,108,14,23,17,34,0,14,136,78,0,14
1400000US36047044800,"Census Tract 448, Kings County, New York",Brooklyn,1914,236,1338,218,1199,218,83,62,46,50,6,9,31,30,0,14,56,44,37,36,0,14,19,28,576,152,324,92,141,63,154,78,21,27,0,14,8,13,0,14,252,128,44,30,145,90,0,14,0,14,63,65,0,14
1400000US36047044901,"Census Tract 449.01, Kings County, New York",Brooklyn,2715,632,2105,617,1799,614,214,127,33,69,37,44,144,98,0,14,92,84,92,84,0,14,0,14,610,325,144,135,0,14,26,42,0,14,0,14,118,121,0,14,466,300,40,48,181,227,116,167,0,14,100,70,29,48
1400000US36047044902,"Census Tract 449.02, Kings County, New York",Brooklyn,0,14,0,14,0,14,0,14,0,14,0,14,0,14,0,14,0,14,0,14,0,14,0,14,0,14,0,14,0,14,0,14,0,14,0,14,0,14,0,14,0,14,0,14,0,14,0,14,0,14,0,14,0,14
1400000US36047045000,"Census Tract 450, Kings County, New York",Brooklyn,1147,432,1051,432,991,414,11,11,6,8,0,14,0,14,5,7,49,52,33,46,0,14,16,25,96,51,96,51,62,38,20,28,0,14,0,14,14,20,0,14,0,14,0,14,0,14,0,14,0,14,0,14,0,14
1400000US36047045200,"Census Tract 452, Kings County, New York",Brooklyn,2543,584,2016,553,1701,553,160,70,80,62,20,18,50,33,10,14,155,133,0,14,0,14,155,133,527,175,469,163,242,114,174,104,16,15,0,14,11,17,26,23,58,48,8,13,32,43,8,12,0,14,10,16,0,14
1400000US36047045300,"Census Tract 453, Kings County, New York",Brooklyn,1823,200,1377,223,660,147,628,127,280,105,132,62,84,84,132,74,89,55,72,51,0,14,17,24,446,209,188,134,19,29,18,25,0,14,0,14,151,126,0,14,258,164,146,146,9,16,0,14,3,5,100,85,0,14
1400000US36047045400,"Census Tract 454, Kings County, New York",Brooklyn,2075,613,1334,398,1115,344,137,65,67,53,24,22,46,44,0,14,82,64,21,28,0,14,61,57,741,543,348,327,35,37,33,31,0,14,0,14,280,323,0,14,393,282,28,44,31,52,52,74,0,14,282,259,0,14
1400000US36047045600,"Census Tract 456, Kings County, New York",Brooklyn,2362,426,1496,418,1333,332,44,33,28,26,0,14,16,21,0,14,119,148,106,147,0,14,13,15,866,212,463,129,227,73,214,102,0,14,0,14,22,28,0,14,403,184,13,17,254,157,0,14,0,14,136,97,0,14
1400000US36047045800,"Census Tract 458, Kings County, New York",Brooklyn,1373,283,1120,270,1082,286,38,49,22,37,6,13,5,12,5,10,0,14,0,14,0,14,0,14,253,116,156,65,114,54,34,34,0,14,0,14,8,14,0,14,97,97,97,97,0,14,0,14,0,14,0,14,0,14
1400000US36047046000,"Census Tract 460, Kings County, New York",Brooklyn,2997,525,1762,411,1512,395,156,80,81,68,7,13,35,27,33,31,94,57,0,14,0,14,94,57,1235,254,947,203,249,116,498,164,78,74,0,14,122,98,0,14,288,162,31,29,194,117,0,14,0,14,63,82,0,14
1400000US36047046201,"Census Tract 462.01, Kings County, New York",Brooklyn,2311,467,967,254,851,226,82,85,29,29,0,14,53,81,0,14,34,37,13,21,0,14,21,32,1344,470,842,186,536,155,289,164,0,14,0,14,17,29,0,14,502,470,66,101,114,85,0,14,0,14,322,463,0,14
1400000US36047046202,"Census Tract 462.02, Kings County, New York",Brooklyn,1914,380,1500,365,1420,354,68,48,36,36,5,9,19,21,8,12,12,17,0,14,0,14,12,17,414,168,168,86,50,35,96,74,0,14,0,14,22,26,0,14,246,151,39,34,189,139,0,14,0,14,0,14,18,25
1400000US36047046400,"Census Tract 464, Kings County, New York",Brooklyn,3327,669,3012,654,2866,668,76,72,16,18,5,8,36,45,19,22,70,96,0,14,0,14,70,96,315,97,260,92,64,38,165,77,19,29,0,14,12,19,0,14,55,36,18,15,11,13,0,14,0,14,26,29,0,14
1400000US36047046800,"Census Tract 468, Kings County, New York",Brooklyn,1826,504,1637,445,1637,445,0,14,0,14,0,14,0,14,0,14,0,14,0,14,0,14,0,14,189,173,186,172,129,163,57,68,0,14,0,14,0,14,0,14,3,6,0,14,0,14,0,14,0,14,3,6,0,14
1400000US36047047000,"Census Tract 470, Kings County, New York",Brooklyn,2629,431,2318,439,2200,443,89,79,27,35,0,14,28,37,34,39,29,36,0,14,0,14,29,36,311,115,245,98,100,64,111,78,6,10,0,14,28,45,0,14,66,52,46,48,7,12,0,14,0,14,13,19,0,14
1400000US36047047200,"Census Tract 472, Kings County, New York",Brooklyn,2840,665,2413,634,2234,617,109,56,62,47,27,31,14,17,6,11,70,55,7,11,0,14,63,55,427,158,353,123,284,126,54,36,10,18,0,14,0,14,5,9,74,95,17,28,0,14,0,14,0,14,0,14,57,90
1400000US36047047400,"Census Tract 474, Kings County, New York",Brooklyn,3211,662,2718,687,2589,685,64,49,41,35,0,14,23,27,0,14,65,57,0,14,0,14,65,57,493,189,372,146,177,96,44,63,35,58,0,14,50,48,66,51,121,92,12,13,74,75,19,31,0,14,16,27,0,14
1400000US36047047600,"Census Tract 476, Kings County, New York",Brooklyn,3865,847,3462,881,3352,876,54,58,13,25,0,14,41,52,0,14,56,43,10,16,0,14,46,46,403,222,274,166,138,88,37,55,0,14,0,14,99,148,0,14,129,145,9,14,0,14,35,50,0,14,55,92,30,51
1400000US36047047700,"Census Tract 477, Kings County, New York",Brooklyn,3918,522,2872,488,1232,375,1552,334,482,197,352,163,343,148,375,163,88,60,0,14,0,14,88,60,1046,311,320,196,244,187,23,19,0,14,0,14,53,69,0,14,726,306,471,290,184,94,18,29,53,54,0,14,0,14
1400000US36047047800,"Census Tract 478, Kings County, New York",Brooklyn,5251,1102,4065,1115,3708,1087,81,112,0,19,72,110,0,19,9,24,276,218,27,43,0,19,249,214,1186,422,561,240,143,112,204,131,71,93,0,19,143,136,0,19,625,367,195,225,71,69,0,19,0,19,359,368,0,19
1400000US36047048000,"Census Tract 480, Kings County, New York",Brooklyn,3863,733,2455,696,2046,585,226,107,39,62,70,75,75,57,42,66,183,260,0,14,0,14,183,260,1408,403,668,295,3,15,453,208,0,14,0,14,212,204,0,14,740,289,22,36,473,286,0,14,0,14,245,249,0,14
1400000US36047048100,"Census Tract 481, Kings County, New York",Brooklyn,3010,824,1942,323,1051,278,720,179,234,119,135,81,212,89,139,61,171,115,145,97,0,14,26,30,1068,629,319,123,118,72,106,73,0,14,0,14,95,73,0,14,749,633,111,78,97,114,128,112,0,14,413,623,0,14
1400000US36047048200,"Census Tract 482, Kings County, New York",Brooklyn,5580,1078,3119,962,2655,887,341,212,73,62,68,62,154,169,46,58,123,120,92,108,0,19,31,52,2461,446,1449,401,367,181,844,339,0,19,0,19,238,190,0,19,1012,394,169,147,835,331,8,22,0,19,0,19,0,19
1400000US36047048400,"Census Tract 484, Kings County, New York",Brooklyn,4912,1239,3460,1209,2834,1195,385,232,116,98,95,96,165,127,9,19,241,184,75,95,0,14,166,162,1452,377,986,282,269,122,605,262,14,23,0,14,98,95,0,14,466,195,117,129,203,124,11,19,0,14,122,63,13,22
1400000US36047048500,"Census Tract 485, Kings County, New York",Brooklyn,2369,308,1900,299,742,182,1058,278,138,73,223,122,309,120,388,144,100,88,57,69,0,14,43,49,469,149,201,112,33,37,45,39,0,14,0,14,123,100,0,14,268,100,54,44,82,66,0,14,0,14,89,76,43,53
1400000US36047048600,"Census Tract 486, Kings County, New York",Brooklyn,3189,1057,2014,860,1695,845,179,80,42,40,76,42,37,60,24,38,140,93,59,60,0,14,81,60,1175,277,640,234,58,51,336,111,128,187,0,14,118,88,0,14,535,162,45,40,380,158,0,14,0,14,110,66,0,14
1400000US36047048800,"Census Tract 488, Kings County, New York",Brooklyn,4933,831,3680,860,2932,859,586,187,248,119,44,37,197,100,97,73,162,90,7,11,0,14,155,90,1253,364,710,270,70,46,406,205,18,25,0,14,216,159,0,14,543,297,161,217,295,165,5,8,0,14,53,50,29,36
1400000US36047048900,"Census Tract 489, Kings County, New York",Brooklyn,3597,961,3218,935,2695,786,224,177,0,14,0,14,224,177,0,14,299,232,269,228,0,14,30,48,379,197,243,164,0,14,12,22,0,14,0,14,231,153,0,14,136,122,0,14,0,14,18,37,0,14,118,118,0,14
1400000US36047049000,"Census Tract 490, Kings County, New York",Brooklyn,5371,876,2684,801,1213,400,1270,528,174,114,166,114,506,360,424,289,201,185,108,128,0,19,93,129,2687,652,1598,533,338,153,1123,522,0,19,0,19,137,121,0,19,1089,418,118,124,892,406,0,19,0,19,79,114,0,19
1400000US36047049100,"Census Tract 491, Kings County, New York",Brooklyn,6213,1122,4026,1179,3028,1194,833,356,142,135,87,137,548,303,56,67,165,113,163,113,0,19,2,10,2187,482,1609,446,228,195,1127,372,0,19,0,19,254,168,0,19,578,215,78,98,307,160,73,116,0,19,120,98,0,19
1400000US36047049200,"Census Tract 492, Kings County, New York",Brooklyn,3115,568,2063,594,1514,519,549,226,191,103,196,160,76,77,86,69,0,14,0,14,0,14,0,14,1052,252,662,261,142,132,351,177,7,14,0,14,162,150,0,14,390,167,107,113,165,90,0,14,0,14,98,65,20,35
1400000US36047049301,"Census Tract 493.01, Kings County, New York",Brooklyn,1941,525,1711,552,1412,558,46,54,32,51,7,11,0,14,7,11,253,97,253,97,0,14,0,14,230,119,144,83,0,14,7,12,0,14,0,14,137,82,0,14,86,60,0,14,0,14,0,14,0,14,86,60,0,14
1400000US36047049302,"Census Tract 493.02, Kings County, New York",Brooklyn,4714,615,3809,638,1862,544,1346,355,637,245,371,170,209,144,129,106,601,298,560,294,0,14,41,49,905,280,310,160,32,51,82,96,0,14,0,14,196,123,0,14,595,238,129,114,185,153,0,14,0,14,281,176,0,14
1400000US36047049400,"Census Tract 494, Kings County, New York",Brooklyn,5710,854,2897,578,1763,482,966,356,305,141,210,125,93,61,358,284,168,141,15,24,0,19,153,138,2813,951,1782,594,961,542,376,124,47,52,0,19,398,265,0,19,1031,820,80,70,679,819,129,136,0,19,132,156,11,17
1400000US36047049500,"Census Tract 495, Kings County, New York",Brooklyn,3284,481,2352,457,1004,312,1206,358,236,136,209,108,340,276,421,187,142,85,69,59,0,14,73,58,932,233,429,167,180,138,67,53,31,30,9,16,142,98,0,14,503,242,187,148,43,52,32,31,0,14,218,175,23,27
1400000US36047049600,"Census Tract 496, Kings County, New York",Brooklyn,4225,562,2481,480,1713,363,436,209,57,50,93,76,81,62,205,153,332,237,243,203,0,14,89,61,1744,492,959,284,245,119,629,284,0,14,0,14,85,87,0,14,785,345,24,30,493,287,0,14,20,26,248,192,0,14
1400000US36047049700,"Census Tract 497, Kings County, New York",Brooklyn,3361,428,2586,345,1357,316,1197,310,272,95,168,87,559,279,198,90,32,32,0,14,0,14,32,32,775,255,438,193,167,75,197,156,13,21,0,14,41,40,20,22,337,140,193,112,23,27,0,14,49,49,53,54,19,29
1400000US36047049800,"Census Tract 498, Kings County, New York",Brooklyn,3950,612,2283,355,1619,324,524,155,288,99,42,47,104,65,90,59,140,166,15,21,0,14,125,165,1667,620,999,341,129,84,756,330,0,14,0,14,111,73,3,5,668,350,26,31,470,353,24,37,0,14,148,124,0,14
1400000US36047049900,"Census Tract 499, Kings County, New York",Brooklyn,2480,409,1960,346,1095,310,761,164,269,129,128,66,243,119,121,73,104,131,0,14,0,14,104,131,520,180,329,131,177,99,63,49,39,59,16,26,34,37,0,14,191,110,147,101,6,9,0,14,0,14,27,42,11,17
1400000US36047050001,"Census Tract 500.01, Kings County, New York",Brooklyn,2282,399,1920,361,1424,334,429,103,121,51,142,88,91,37,75,45,67,38,24,21,0,14,43,34,362,153,220,111,106,95,52,32,19,18,0,14,43,52,0,14,142,95,14,16,1,3,0,14,17,18,104,94,6,9
1400000US36047050002,"Census Tract 500.02, Kings County, New York",Brooklyn,1548,355,1290,364,700,206,446,204,92,53,180,111,128,96,46,37,144,109,54,55,0,14,90,62,258,110,183,116,107,68,27,31,0,14,0,14,41,52,8,13,75,51,47,47,28,26,0,14,0,14,0,14,0,14
1400000US36047050100,"Census Tract 501, Kings County, New York",Brooklyn,3089,513,2295,414,1011,252,1153,277,191,79,316,162,338,175,308,121,131,99,94,81,0,14,37,62,794,270,401,214,139,121,110,109,0,14,0,14,152,134,0,14,393,191,264,173,39,35,0,14,14,21,49,50,27,41
1400000US36047050202,"Census Tract 502.02, Kings County, New York",Brooklyn,2413,390,1975,394,1249,247,540,148,167,72,174,86,127,59,72,60,186,205,174,204,0,14,12,19,438,142,208,99,127,83,57,43,24,33,0,14,0,14,0,14,230,113,117,81,62,60,0,14,30,46,21,30,0,14
1400000US36047050300,"Census Tract 503, Kings County, New York",Brooklyn,2803,582,2232,545,1102,475,1056,240,392,125,288,131,273,121,103,71,74,46,41,30,0,14,33,35,571,215,229,106,44,44,68,53,0,14,0,14,111,81,6,10,342,183,66,57,146,139,0,14,26,39,94,96,10,16
1400000US36047050401,"Census Tract 504.01, Kings County, New York",Brooklyn,2518,381,1924,374,1200,370,705,180,310,145,191,100,160,112,44,36,19,27,1,2,0,14,18,26,594,182,497,162,220,120,75,50,27,43,0,14,175,104,0,14,97,77,61,68,28,28,0,14,0,14,8,13,0,14
1400000US36047050402,"Census Tract 504.02, Kings County, New York",Brooklyn,1950,704,1132,193,859,182,264,108,145,73,15,16,40,30,64,72,9,14,9,14,0,14,0,14,818,717,442,378,79,50,63,54,6,11,0,14,289,378,5,7,376,355,113,88,35,28,0,14,211,334,17,28,0,14
1400000US36047050500,"Census Tract 505, Kings County, New York",Brooklyn,4121,849,3216,917,2268,858,635,212,144,104,51,51,198,172,242,135,313,230,256,221,0,14,57,59,905,349,546,265,0,14,66,83,0,14,0,14,480,263,0,14,359,169,51,79,81,89,0,14,24,38,203,131,0,14
1400000US36047050600,"Census Tract 506, Kings County, New York",Brooklyn,5233,1153,2834,686,2103,697,636,151,210,83,82,56,254,97,90,49,95,97,0,19,36,47,59,67,2399,789,1289,481,28,28,363,277,35,35,14,22,849,329,0,19,1110,464,41,47,399,343,32,61,9,13,629,288,0,19
1400000US36047050700,"Census Tract 507, Kings County, New York",Brooklyn,4369,738,4152,743,3853,689,158,126,32,36,18,26,62,76,46,68,141,113,16,18,0,14,125,112,217,60,188,47,17,16,64,45,0,14,0,14,107,57,0,14,29,33,18,29,0,14,0,14,0,14,11,16,0,14
1400000US36047050801,"Census Tract 508.01, Kings County, New York",Brooklyn,3910,665,2401,502,1855,528,448,173,117,94,36,41,111,69,184,133,98,84,72,74,0,14,26,32,1509,512,970,347,0,14,74,53,98,91,0,14,798,292,0,14,539,244,26,27,29,33,72,99,0,14,395,191,17,28
1400000US36047050803,"Census Tract 508.03, Kings County, New York",Brooklyn,2282,470,1451,423,681,232,649,285,152,75,184,189,191,96,122,64,121,126,82,118,0,14,39,49,831,222,527,213,32,48,33,34,0,14,0,14,462,209,0,14,304,137,38,34,0,14,0,14,0,14,266,130,0,14
1400000US36047050804,"Census Tract 508.04, Kings County, New York",Brooklyn,6637,1019,4443,895,2786,841,1445,290,533,197,239,122,435,180,238,137,212,131,32,51,18,28,162,118,2194,474,1250,352,17,28,98,100,235,156,0,19,900,342,0,19,944,360,127,92,0,19,92,87,0,19,606,297,119,191
1400000US36047050900,"Census Tract 509, Kings County, New York",Brooklyn,5206,1250,4695,1251,4223,1231,303,157,187,96,32,35,60,76,24,38,169,126,34,49,0,19,135,104,511,160,264,242,177,217,17,26,0,19,0,19,70,88,0,19,247,206,0,19,0,19,0,19,0,19,247,206,0,19
1400000US36047051001,"Census Tract 510.01, Kings County, New York",Brooklyn,4488,1017,2703,656,2011,673,517,152,210,87,18,20,146,95,143,98,175,137,21,21,0,14,154,142,1785,631,1152,550,0,14,22,35,74,64,0,14,1056,547,0,14,633,281,0,14,63,99,72,110,0,14,498,223,0,14
1400000US36047051002,"Census Tract 510.02, Kings County, New York",Brooklyn,3675,470,1950,325,1333,322,513,140,122,65,88,53,155,72,148,83,104,66,19,32,0,14,85,58,1725,300,1111,185,22,30,51,44,59,55,0,14,979,166,0,14,614,248,31,35,0,14,36,43,0,14,547,241,0,14
1400000US36047051100,"Census Tract 511, Kings County, New York",Brooklyn,3817,578,2812,579,1160,305,1303,367,409,219,167,103,345,117,382,151,349,168,288,149,0,14,61,74,1005,258,593,213,149,118,301,138,0,14,0,14,143,104,0,14,412,164,92,69,209,129,0,14,0,14,111,73,0,14
1400000US36047051200,"Census Tract 512, Kings County, New York",Brooklyn,6227,1128,3747,1015,2944,993,748,221,233,111,96,73,251,149,168,123,55,62,0,19,0,19,55,62,2480,557,1275,401,64,63,136,107,183,190,0,19,892,310,0,19,1205,371,159,164,144,150,36,67,0,19,866,303,0,19
1400000US36047051300,"Census Tract 513, Kings County, New York",Brooklyn,5970,803,4623,796,2391,726,1791,478,396,168,216,108,895,398,284,132,441,270,169,169,0,19,272,220,1347,339,572,197,138,110,101,79,47,54,0,19,286,160,0,19,775,306,104,86,121,86,20,31,89,73,337,191,104,116
1400000US36047051400,"Census Tract 514, Kings County, New York",Brooklyn,7213,888,4053,726,2778,608,1017,252,282,141,231,133,302,167,202,131,258,186,54,85,0,19,204,164,3160,760,1656,424,0,19,189,116,255,256,0,19,1175,380,37,59,1504,638,29,46,35,40,54,72,0,19,1386,630,0,19
1400000US36047051500,"Census Tract 515, Kings County, New York",Brooklyn,2891,411,2085,292,959,295,982,209,453,197,88,49,202,105,239,97,144,98,57,83,0,14,87,63,806,256,186,79,36,28,70,48,0,14,0,14,69,61,11,15,620,244,253,136,232,190,42,35,14,23,71,62,8,14
1400000US36047051601,"Census Tract 516.01, Kings County, New York",Brooklyn,4936,693,2622,562,2095,510,437,169,177,79,89,65,151,105,20,33,90,67,14,23,0,14,76,70,2314,559,1620,477,40,47,176,128,48,43,0,14,1356,459,0,14,694,264,35,39,190,156,14,21,48,66,406,174,0,14
1400000US36047051602,"Census Tract 516.02, Kings County, New York",Brooklyn,3477,671,1868,467,1321,304,489,318,162,113,80,90,73,64,174,242,58,68,0,14,0,14,58,68,1609,457,748,373,12,18,0,14,19,38,0,14,706,386,11,22,861,361,18,23,0,14,22,44,0,14,821,365,0,14
1400000US36047051700,"Census Tract 517, Kings County, New York",Brooklyn,3087,499,2321,450,1111,254,983,250,251,111,133,81,280,129,319,135,227,130,7,11,0,14,220,129,766,200,214,98,72,61,53,52,10,18,0,14,79,62,0,14,552,194,358,167,98,63,29,42,5,8,62,53,0,14
1400000US36047051800,"Census Tract 518, Kings County, New York",Brooklyn,3391,486,2415,466,1844,425,530,140,192,90,168,79,139,77,31,28,41,45,6,11,0,14,35,44,976,296,678,205,1,3,173,89,106,116,8,14,358,134,32,37,298,220,61,65,41,39,0,14,0,14,196,205,0,14
1400000US36047051900,"Census Tract 519, Kings County, New York",Brooklyn,6051,798,4555,770,1787,543,2731,626,931,234,413,202,860,532,527,197,37,50,0,19,0,19,37,50,1496,487,558,295,149,175,96,85,0,19,0,19,292,193,21,34,938,407,262,150,186,143,0,19,96,94,346,372,48,47
1400000US36047052000,"Census Tract 520, Kings County, New York",Brooklyn,3511,735,2280,482,1631,420,494,156,221,87,106,61,130,91,37,37,155,78,98,60,0,14,57,52,1231,432,880,369,122,73,370,187,21,33,0,14,319,316,48,39,351,189,161,144,66,53,0,14,0,14,124,106,0,14
1400000US36047052300,"Census Tract 523, Kings County, New York",Brooklyn,5077,686,3473,681,1490,570,1497,324,458,220,261,188,261,146,517,191,486,188,261,160,0,19,225,120,1604,353,860,214,28,43,142,86,0,19,0,19,690,215,0,19,744,244,285,221,22,37,54,60,19,31,332,129,32,50
1400000US36047052500,"Census Tract 525, Kings County, New York",Brooklyn,3321,734,2531,726,1818,697,429,153,163,124,136,80,84,80,46,40,284,154,229,145,0,14,55,44,790,203,357,147,118,78,67,75,0,14,0,14,172,117,0,14,433,195,147,122,154,145,0,14,0,14,132,130,0,14
1400000US36047052600,"Census Tract 526, Kings County, New York",Brooklyn,3938,544,2482,479,1611,324,717,206,278,147,198,93,170,70,71,64,154,115,95,102,0,14,59,54,1456,340,1021,293,228,120,304,107,21,33,0,14,468,206,0,14,435,160,83,53,146,75,0,14,11,18,195,133,0,14
1400000US36047052700,"Census Tract 527, Kings County, New York",Brooklyn,5553,841,3590,396,2208,410,816,241,420,180,90,90,145,93,161,109,566,229,393,167,0,19,173,164,1963,685,1277,620,81,101,416,545,0,19,0,19,780,335,0,19,686,273,179,111,59,81,0,19,19,31,429,224,0,19
1400000US36047052800,"Census Tract 528, Kings County, New York",Brooklyn,1764,249,1059,237,798,192,222,93,68,51,93,52,27,24,34,27,39,42,0,14,0,14,39,42,705,177,391,108,60,55,308,100,0,14,0,14,23,15,0,14,314,149,5,9,282,153,0,14,0,14,27,24,0,14
1400000US36047052900,"Census Tract 529, Kings County, New York",Brooklyn,3723,1268,3123,1497,2862,1469,65,107,0,14,65,107,0,14,0,14,196,232,196,232,0,14,0,14,600,355,307,211,55,68,203,190,0,14,0,14,0,14,49,94,293,355,0,14,249,348,0,14,0,14,44,60,0,14
1400000US36047053000,"Census Tract 530, Kings County, New York",Brooklyn,3329,736,1609,310,1315,264,189,104,84,71,11,19,57,46,37,36,105,68,0,14,0,14,105,68,1720,746,999,328,413,247,404,197,0,14,0,14,182,110,0,14,721,527,306,234,401,335,5,14,0,14,9,10,0,14
1400000US36047053101,"Census Tract 531.01, Kings County, New York",Brooklyn,3020,621,2900,637,2840,641,60,41,34,4,0,14,26,40,0,14,0,14,0,14,0,14,0,14,120,75,66,33,17,26,0,14,0,14,0,14,36,3,13,21,54,70,12,19,42,67,0,14,0,14,0,14,0,14
1400000US36047053102,"Census Tract 531.02, Kings County, New York",Brooklyn,7846,1697,7651,1686,6630,1714,1021,654,33,53,811,702,0,19,177,212,0,19,0,19,0,19,0,19,195,114,136,97,25,29,111,96,0,19,0,19,0,19,0,19,59,67,0,19,0,19,0,19,59,67,0,19,0,19
1400000US36047053200,"Census Tract 532, Kings County, New York",Brooklyn,2280,343,1567,296,1264,265,297,135,149,115,58,32,58,60,32,24,6,10,0,14,0,14,6,10,713,193,423,108,99,57,232,106,0,14,0,14,89,68,3,7,290,134,33,29,128,72,0,14,0,14,129,121,0,14
1400000US36047053300,"Census Tract 533, Kings County, New York",Brooklyn,6551,1223,6106,1162,5461,1058,215,228,45,52,0,19,0,19,170,228,430,394,0,19,0,19,430,394,445,200,342,184,192,149,77,88,71,93,0,19,2,5,0,19,103,124,6,9,79,121,0,19,0,19,18,27,0,19
1400000US36047053400,"Census Tract 534, Kings County, New York",Brooklyn,4620,711,3161,645,2678,675,460,312,100,84,168,168,179,148,13,19,23,27,0,14,0,14,23,27,1459,279,1024,287,173,95,772,274,25,42,0,14,54,56,0,14,435,195,169,136,242,132,0,14,0,14,24,41,0,14
1400000US36047053500,"Census Tract 535, Kings County, New York",Brooklyn,4611,1305,4053,1419,3789,1381,55,46,24,36,0,14,31,28,0,14,209,174,42,72,0,14,167,157,558,294,368,214,227,161,43,70,0,14,0,14,98,109,0,14,190,158,0,14,26,38,0,14,0,14,164,150,0,14
1400000US36047053700,"Census Tract 537, Kings County, New York",Brooklyn,4803,824,4504,817,4397,817,49,41,6,14,0,14,43,35,0,14,58,57,6,10,0,14,52,56,299,128,264,95,198,96,54,39,0,14,0,14,12,14,0,14,35,43,29,42,6,10,0,14,0,14,0,14,0,14
1400000US36047053800,"Census Tract 538, Kings County, New York",Brooklyn,5186,988,2799,858,2371,700,231,165,112,98,61,95,56,87,2,20,197,195,0,19,0,19,197,195,2387,443,1595,334,519,184,495,233,122,159,0,19,457,189,2,25,792,358,272,149,451,350,43,70,0,19,24,38,2,25
1400000US36047053900,"Census Tract 539, Kings County, New York",Brooklyn,2470,335,1794,342,1531,318,160,118,52,56,18,23,42,46,48,38,103,106,92,105,0,14,11,15,676,235,491,171,284,160,12,17,0,14,0,14,146,79,49,61,185,177,6,10,131,173,0,14,0,14,29,33,19,14
1400000US36047054200,"Census Tract 542, Kings County, New York",Brooklyn,4061,706,2049,533,1732,464,223,121,93,68,47,50,68,52,15,27,94,118,7,13,0,14,87,117,2012,429,1235,223,861,210,298,133,0,14,0,14,72,65,4,9,777,368,94,92,287,154,0,14,0,14,396,326,0,14
1400000US36047054300,"Census Tract 543, Kings County, New York",Brooklyn,0,14,0,14,0,14,0,14,0,14,0,14,0,14,0,14,0,14,0,14,0,14,0,14,0,14,0,14,0,14,0,14,0,14,0,14,0,14,0,14,0,14,0,14,0,14,0,14,0,14,0,14,0,14
1400000US36047054400,"Census Tract 544, Kings County, New York",Brooklyn,3544,527,2024,483,1677,407,207,119,0,14,0,14,98,64,109,98,140,112,27,45,0,14,113,98,1520,339,963,215,529,214,416,147,0,14,0,14,10,16,8,15,557,291,277,197,280,189,0,14,0,14,0,14,0,14
1400000US36047054500,"Census Tract 545, Kings County, New York",Brooklyn,8349,1896,7171,1813,6636,1771,305,191,61,106,79,101,165,144,0,19,230,211,27,45,95,141,108,159,1178,433,1041,427,137,133,191,190,0,19,0,19,713,385,0,19,137,157,0,19,0,19,0,19,0,19,137,157,0,19
1400000US36047054600,"Census Tract 546, Kings County, New York",Brooklyn,5373,739,2677,580,2428,492,79,93,64,77,0,19,13,20,2,5,170,133,0,19,0,19,170,133,2696,650,1730,506,766,282,785,390,1,3,0,19,178,118,0,19,966,390,535,349,258,195,69,114,0,19,104,100,0,19
1400000US36047054700,"Census Tract 547, Kings County, New York",Brooklyn,9666,1443,8584,1577,7094,1697,1363,391,726,343,149,110,163,118,325,165,127,80,52,66,0,19,75,69,1082,460,573,330,104,101,243,187,29,46,0,19,197,169,0,19,509,418,385,391,30,47,0,19,24,36,28,44,42,46
1400000US36047054800,"Census Tract 548, Kings County, New York",Brooklyn,2304,419,1676,450,1489,465,168,146,130,144,0,14,33,28,5,7,19,30,0,14,0,14,19,30,628,218,543,197,178,75,268,167,0,14,0,14,92,120,5,8,85,88,13,24,56,80,0,14,0,14,16,19,0,14
1400000US36047054900,"Census Tract 549, Kings County, New York",Brooklyn,4530,858,3727,854,2345,814,1218,278,226,111,243,133,436,167,313,138,164,99,88,86,0,14,76,53,803,219,358,153,65,53,130,98,0,14,24,38,116,95,23,33,445,164,97,62,207,137,0,14,23,26,81,66,37,37
1400000US36047055000,"Census Tract 550, Kings County, New York",Brooklyn,3408,528,1359,445,1177,434,109,77,23,27,0,14,33,30,53,63,73,56,0,14,0,14,73,56,2049,306,1208,238,509,145,338,108,98,93,0,14,247,201,16,27,841,221,268,160,391,137,24,22,0,14,158,145,0,14
1400000US36047055100,"Census Tract 551, Kings County, New York",Brooklyn,6185,673,4697,558,1604,360,2546,450,674,259,337,145,1119,391,416,160,547,152,424,118,0,19,123,82,1488,595,686,486,145,138,93,89,0,19,0,19,448,455,0,19,802,330,201,235,218,151,47,44,137,119,180,154,19,30
1400000US36047055200,"Census Tract 552, Kings County, New York",Brooklyn,3359,522,1588,461,1327,414,261,195,31,32,122,108,108,98,0,14,0,14,0,14,0,14,0,14,1771,357,1254,326,794,254,379,203,11,20,0,14,60,47,10,17,517,237,200,169,286,166,0,14,0,14,31,39,0,14
1400000US36047055300,"Census Tract 553, Kings County, New York",Brooklyn,3605,676,2507,516,1127,432,1267,234,419,139,268,154,335,132,245,137,113,76,80,62,0,14,33,37,1098,299,775,289,180,105,131,87,17,29,0,14,447,290,0,14,323,134,134,83,62,59,23,37,24,25,50,52,30,34
1400000US36047055400,"Census Tract 554, Kings County, New York",Brooklyn,3989,619,1325,318,1122,304,130,57,47,47,21,26,62,43,0,14,73,67,36,50,0,14,37,46,2664,545,1567,386,979,283,357,151,8,14,0,14,201,186,22,33,1097,389,278,151,689,343,13,19,0,14,117,85,0,14
1400000US36047055500,"Census Tract 555, Kings County, New York",Brooklyn,8974,1157,6300,898,2864,742,3079,606,914,312,600,323,941,344,624,325,357,191,41,70,0,19,316,180,2674,715,1113,431,516,279,125,162,0,19,56,86,402,257,14,27,1561,480,652,284,254,131,47,62,308,260,300,187,0,19
1400000US36047055600,"Census Tract 556, Kings County, New York",Brooklyn,3353,570,2022,449,1694,412,303,180,117,99,79,97,83,84,24,36,25,37,0,14,0,14,25,37,1331,313,1046,263,407,197,478,153,73,69,0,14,79,71,9,17,285,196,30,29,238,196,0,14,0,14,3,8,14,22
1400000US36047055700,"Census Tract 557, Kings County, New York",Brooklyn,1702,375,1324,284,534,242,754,187,287,108,46,47,266,121,155,79,36,32,0,14,0,14,36,32,378,275,76,47,16,24,43,36,0,14,0,14,17,28,0,14,302,274,66,53,24,25,0,14,15,23,182,270,15,24
1400000US36047055800,"Census Tract 558, Kings County, New York",Brooklyn,2145,304,963,256,815,241,64,55,27,35,0,14,37,43,0,14,84,81,0,14,0,14,84,81,1182,211,855,219,300,144,517,175,11,14,24,31,3,4,0,14,327,148,90,69,237,117,0,14,0,14,0,14,0,14
1400000US36047056000,"Census Tract 560, Kings County, New York",Brooklyn,3477,559,1674,438,1473,379,144,86,16,24,85,51,34,56,9,15,57,69,0,14,0,14,57,69,1803,410,1116,330,606,267,415,163,0,14,0,14,95,97,0,14,687,296,117,100,457,240,0,14,0,14,113,151,0,14
1400000US36047056100,"Census Tract 561, Kings County, New York",Brooklyn,3698,554,2837,407,1074,223,1698,359,685,235,156,83,287,94,570,250,65,76,53,76,0,14,12,13,861,262,500,170,309,132,66,60,0,14,0,14,125,87,0,14,361,208,276,200,14,20,34,40,0,14,37,36,0,14
1400000US36047056200,"Census Tract 562, Kings County, New York",Brooklyn,1779,379,1405,323,1236,244,125,82,97,72,6,10,22,22,0,14,44,71,0,14,0,14,44,71,374,116,284,83,105,41,163,72,6,9,0,14,0,14,10,11,90,82,0,14,90,82,0,14,0,14,0,14,0,14
1400000US36047056301,"Census Tract 563.01, Kings County, New York",Brooklyn,4688,690,3523,707,1830,422,1523,521,658,307,225,120,336,199,304,140,170,117,77,98,0,14,93,90,1165,306,403,178,239,142,125,87,0,14,0,14,39,67,0,14,762,235,320,157,89,75,0,14,138,130,208,129,7,25
1400000US36047056302,"Census Tract 563.02, Kings County, New York",Brooklyn,2449,371,1864,367,976,243,852,348,351,277,56,49,214,167,231,122,36,41,0,14,0,14,36,41,585,169,245,111,43,36,60,50,0,14,0,14,142,93,0,14,340,124,73,57,65,49,17,27,42,66,143,122,0,14
1400000US36047056400,"Census Tract 564, Kings County, New York",Brooklyn,2631,409,1485,367,1183,344,247,124,49,42,23,27,78,65,97,97,55,40,6,12,0,14,49,38,1146,297,938,256,453,186,406,175,16,25,0,14,63,62,0,14,208,84,61,47,127,66,0,14,0,14,20,33,0,14
1400000US36047056500,"Census Tract 565, Kings County, New York",Brooklyn,3332,336,2344,379,925,234,1387,319,313,107,295,149,309,138,470,247,32,31,10,16,0,14,22,25,988,219,520,144,228,96,141,90,0,14,10,16,110,96,31,38,468,151,244,138,81,78,0,14,60,56,59,48,24,29
1400000US36047056600,"Census Tract 566, Kings County, New York",Brooklyn,2287,462,1067,187,947,171,111,58,70,48,27,26,14,24,0,14,9,9,0,14,0,14,9,9,1220,470,827,443,245,94,461,436,24,28,0,14,97,60,0,14,393,152,116,95,249,140,6,9,0,14,22,25,0,14
1400000US36047056800,"Census Tract 568, Kings County, New York",Brooklyn,1319,303,802,207,788,208,0,14,0,14,0,14,0,14,0,14,14,16,0,14,0,14,14,16,517,174,446,148,162,89,201,89,4,7,0,14,79,87,0,14,71,54,36,41,25,25,5,9,0,14,5,7,0,14
1400000US36047056900,"Census Tract 569, Kings County, New York",Brooklyn,1662,206,1349,196,548,157,726,138,252,55,215,109,176,64,83,42,75,70,43,65,0,14,32,26,313,133,110,68,57,54,15,17,4,9,0,14,34,34,0,14,203,89,117,77,62,38,0,14,0,14,11,18,13,14
1400000US36047057000,"Census Tract 570, Kings County, New York",Brooklyn,3480,429,2097,432,1967,427,59,34,25,29,0,14,34,23,0,14,71,51,14,18,0,14,57,43,1383,202,1051,190,282,101,650,144,23,49,0,14,96,63,0,14,332,140,34,42,156,73,0,14,0,14,128,119,14,22
1400000US36047057100,"Census Tract 571, Kings County, New York",Brooklyn,3923,542,2738,422,1295,319,1362,272,666,308,306,158,124,109,266,162,81,73,0,14,0,14,81,73,1185,360,734,229,587,196,133,111,0,14,0,14,1,2,13,22,451,220,308,163,49,49,1,4,0,14,70,86,23,36
1400000US36047057200,"Census Tract 572, Kings County, New York",Brooklyn,5501,930,4427,848,3744,849,122,97,0,19,0,19,55,51,67,84,561,323,285,168,0,19,276,253,1074,395,826,368,298,287,191,176,71,87,0,19,266,140,0,19,248,136,0,19,53,52,0,19,0,19,195,129,0,19
1400000US36047057300,"Census Tract 573, Kings County, New York",Brooklyn,2720,448,1911,356,690,173,1116,268,351,143,172,84,407,185,186,91,105,68,16,25,0,14,89,66,809,282,450,190,234,77,128,142,0,14,0,14,74,86,14,23,359,209,232,170,37,45,11,16,54,61,25,28,0,14
1400000US36047057400,"Census Tract 574, Kings County, New York",Brooklyn,2647,374,890,151,773,144,69,72,45,67,10,15,14,18,0,14,48,55,34,52,0,14,14,15,1757,358,1063,215,238,91,786,196,0,14,0,14,39,45,0,14,694,241,48,33,614,239,0,14,0,14,32,33,0,14
1400000US36047057500,"Census Tract 575, Kings County, New York",Brooklyn,4596,661,3351,625,1467,441,1699,378,630,249,36,47,832,279,201,117,185,146,111,117,0,14,74,82,1245,423,756,282,352,171,135,117,84,88,0,14,155,126,30,50,489,257,138,91,82,93,0,14,19,34,227,217,23,38
1400000US36047057600,"Census Tract 576, Kings County, New York",Brooklyn,2649,525,987,250,901,230,40,48,0,14,0,14,40,48,0,14,46,45,0,14,0,14,46,45,1662,429,1134,260,342,185,781,194,0,14,0,14,11,18,0,14,528,359,14,17,484,349,0,14,0,14,30,42,0,14
1400000US36047057800,"Census Tract 578, Kings County, New York",Brooklyn,2923,357,1320,379,1183,360,116,86,50,45,29,49,37,55,0,14,21,30,21,30,0,14,0,14,1603,299,1035,233,269,124,659,220,17,81,0,14,90,99,0,14,568,274,95,63,471,274,0,14,0,14,2,17,0,14
1400000US36047057901,"Census Tract 579.01, Kings County, New York",Brooklyn,1512,230,1173,249,579,143,551,146,212,60,101,41,150,91,88,38,43,37,17,30,0,14,26,23,339,111,151,62,49,46,27,28,0,14,0,14,50,38,25,21,188,96,61,40,21,21,0,14,23,20,83,79,0,14
1400000US36047057902,"Census Tract 579.02, Kings County, New York",Brooklyn,0,14,0,14,0,14,0,14,0,14,0,14,0,14,0,14,0,14,0,14,0,14,0,14,0,14,0,14,0,14,0,14,0,14,0,14,0,14,0,14,0,14,0,14,0,14,0,14,0,14,0,14,0,14
1400000US36047058000,"Census Tract 580, Kings County, New York",Brooklyn,3008,650,1354,412,918,293,29,29,8,15,9,14,12,20,0,14,407,304,52,84,0,14,355,293,1654,469,1162,482,535,364,559,210,26,40,0,14,42,44,0,14,492,211,73,92,325,174,0,14,0,14,94,89,0,14
1400000US36047058200,"Census Tract 582, Kings County, New York",Brooklyn,2585,878,1090,566,927,507,106,129,6,10,0,14,100,128,0,14,57,57,25,28,0,14,32,35,1495,549,623,189,156,95,357,127,65,73,0,14,45,72,0,14,872,464,119,107,459,258,0,14,0,14,294,388,0,14
1400000US36047058400,"Census Tract 584, Kings County, New York",Brooklyn,3588,565,1405,390,1192,333,149,170,49,60,39,59,27,24,34,52,64,103,0,14,0,14,64,103,2183,443,1779,456,1081,395,535,207,0,14,0,14,163,169,0,14,404,175,119,94,245,161,0,14,0,14,40,50,0,14
1400000US36047058600,"Census Tract 586, Kings County, New York",Brooklyn,2264,427,1085,403,932,383,135,88,0,14,135,88,0,14,0,14,18,12,5,8,0,14,13,9,1179,244,732,174,259,179,437,97,0,14,0,14,36,35,0,14,447,166,21,20,382,159,0,14,0,14,44,49,0,14
1400000US36047058800,"Census Tract 588, Kings County, New York",Brooklyn,3539,602,1385,328,1017,312,56,58,0,14,24,31,32,52,0,14,312,176,9,14,0,14,303,176,2154,516,1774,454,1080,345,610,335,0,14,0,14,84,89,0,14,380,196,171,140,128,119,0,14,0,14,81,96,0,14
1400000US36047058901,"Census Tract 589.01, Kings County, New York",Brooklyn,2103,258,1707,221,1010,211,666,133,155,58,279,103,179,82,53,41,31,27,0,14,0,14,31,27,396,127,187,90,177,93,0,14,0,14,0,14,0,14,10,15,209,94,126,71,70,65,0,14,0,14,8,12,5,8
1400000US36047058902,"Census Tract 589.02, Kings County, New York",Brooklyn,0,14,0,14,0,14,0,14,0,14,0,14,0,14,0,14,0,14,0,14,0,14,0,14,0,14,0,14,0,14,0,14,0,14,0,14,0,14,0,14,0,14,0,14,0,14,0,14,0,14,0,14,0,14
1400000US36047059000,"Census Tract 590, Kings County, New York",Brooklyn,1903,348,735,181,659,171,7,10,0,14,0,14,7,10,0,14,69,61,64,62,0,14,5,8,1168,294,630,144,213,109,380,89,10,15,0,14,18,18,9,13,538,276,85,61,246,173,0,14,0,14,207,225,0,14
1400000US36047059100,"Census Tract 591, Kings County, New York",Brooklyn,3952,482,3069,439,1128,274,1941,404,421,145,421,132,715,260,384,220,0,14,0,14,0,14,0,14,883,259,619,233,396,176,65,39,0,14,0,14,131,136,27,42,264,103,77,60,23,33,0,14,7,14,118,79,39,42
1400000US36047059200,"Census Tract 592, Kings County, New York",Brooklyn,3747,633,1246,308,1142,306,79,66,0,14,0,14,67,64,12,15,25,22,0,14,0,14,25,22,2501,501,1852,339,948,280,772,205,132,188,0,14,0,14,0,14,649,279,69,68,550,285,8,12,0,14,22,34,0,14
1400000US36047059300,"Census Tract 593, Kings County, New York",Brooklyn,2669,337,2128,339,1335,320,670,170,322,111,121,82,117,81,110,67,123,84,50,75,0,14,73,56,541,155,430,149,278,143,35,28,0,14,0,14,106,86,11,17,111,61,97,58,6,9,0,14,0,14,8,12,0,14
1400000US36047059402,"Census Tract 594.02, Kings County, New York",Brooklyn,5713,728,2513,414,2333,400,82,65,26,39,18,31,38,43,0,19,98,97,50,59,0,19,48,78,3200,535,2486,435,1719,494,696,247,0,19,0,19,71,68,0,19,714,347,220,189,438,257,0,19,0,19,26,42,30,49
1400000US36047059403,"Census Tract 594.03, Kings County, New York",Brooklyn,3062,560,1236,410,1165,384,71,72,36,53,0,14,0,14,35,53,0,14,0,14,0,14,0,14,1826,345,1506,323,809,297,666,176,0,14,0,14,31,54,0,14,320,142,105,96,173,103,0,14,0,14,42,62,0,14
1400000US36047059404,"Census Tract 594.04, Kings County, New York",Brooklyn,3934,610,1656,449,1609,439,18,31,0,14,0,14,0,14,18,31,29,48,29,48,0,14,0,14,2278,428,1295,276,808,253,456,142,19,31,0,14,12,18,0,14,983,327,499,274,337,185,0,14,0,14,147,165,0,14
1400000US36047059600,"Census Tract 596, Kings County, New York",Brooklyn,2261,411,765,198,744,195,10,14,10,14,0,14,0,14,0,14,11,16,11,16,0,14,0,14,1496,434,1108,317,977,313,121,61,0,14,0,14,10,18,0,14,388,191,192,163,185,94,0,14,0,14,11,17,0,14
1400000US36047059800,"Census Tract 598, Kings County, New York",Brooklyn,3212,1045,1603,719,1469,712,54,70,0,14,0,14,40,66,14,22,80,78,0,14,0,14,80,78,1609,464,1144,371,730,340,289,104,0,14,0,14,125,79,0,14,465,314,203,282,184,136,55,56,0,14,23,30,0,14
1400000US36047060000,"Census Tract 600, Kings County, New York",Brooklyn,6451,894,2863,663,2329,510,154,142,62,76,51,68,41,38,0,19,380,243,108,167,0,19,272,206,3588,692,2657,633,2013,597,485,267,17,29,0,19,142,175,0,19,931,559,325,271,594,430,12,22,0,19,0,19,0,19
1400000US36047060600,"Census Tract 606, Kings County, New York",Brooklyn,2792,402,958,242,846,230,49,43,49,43,0,14,0,14,0,14,63,61,41,55,0,14,22,26,1834,362,1364,290,825,258,372,148,0,14,0,14,167,246,0,14,470,176,252,94,205,147,0,14,0,14,13,21,0,14
1400000US36047060800,"Census Tract 608, Kings County, New York",Brooklyn,3549,472,1422,463,1241,462,122,93,25,34,70,58,27,40,0,14,59,45,0,14,0,14,59,45,2127,357,1521,252,1078,214,356,155,27,38,0,14,60,53,0,14,606,230,206,99,389,195,0,14,0,14,11,18,0,14
1400000US36047061002,"Census Tract 610.02, Kings County, New York",Brooklyn,4696,955,1212,540,1140,566,17,28,17,28,0,14,0,14,0,14,55,69,0,14,0,14,55,69,3484,603,2679,411,2450,408,229,137,0,14,0,14,0,14,0,14,805,393,736,403,69,76,0,14,0,14,0,14,0,14
1400000US36047061003,"Census Tract 610.03, Kings County, New York",Brooklyn,2038,334,1016,232,948,221,21,29,21,29,0,14,0,14,0,14,47,66,41,66,0,14,6,10,1022,192,417,145,133,47,251,127,0,14,0,14,33,23,0,14,605,165,24,21,176,120,31,48,0,14,374,112,0,14
1400000US36047061004,"Census Tract 610.04, Kings County, New York",Brooklyn,5278,725,1215,299,1130,304,61,55,34,44,0,19,11,18,16,25,24,31,0,19,0,19,24,31,4063,604,2624,578,1989,511,572,324,0,19,0,19,63,100,0,19,1439,470,655,291,604,326,81,145,0,19,99,100,0,19
1400000US36047061200,"Census Tract 612, Kings County, New York",Brooklyn,1118,150,461,105,386,93,71,65,58,71,13,19,0,14,0,14,4,6,0,14,0,14,4,6,657,113,504,95,397,93,64,36,0,14,0,14,43,34,0,14,153,92,114,81,31,30,0,14,0,14,8,14,0,14
1400000US36047061600,"Census Tract 616, Kings County, New York",Brooklyn,1626,185,908,138,812,136,89,43,7,13,0,14,75,55,7,14,7,13,0,14,0,14,7,13,718,147,653,144,634,145,11,18,0,14,0,14,8,17,0,14,65,34,56,33,3,9,0,14,6,10,0,14,0,14
1400000US36047062000,"Census Tract 620, Kings County, New York",Brooklyn,1516,307,796,283,770,275,25,28,19,28,6,8,0,14,0,14,1,4,0,14,0,14,1,4,720,226,583,188,319,110,206,112,11,11,0,14,0,14,47,53,137,81,91,52,46,77,0,14,0,14,0,14,0,14
1400000US36047062200,"Census Tract 622, Kings County, New York",Brooklyn,2822,476,1477,457,1275,428,93,69,5,15,0,14,77,61,11,17,109,165,109,165,0,14,0,14,1345,322,703,160,529,165,107,80,0,14,0,14,67,66,0,14,642,310,310,241,194,122,16,34,0,14,122,116,0,14
1400000US36047062600,"Census Tract 626, Kings County, New York",Brooklyn,3046,455,1513,318,1401,316,62,64,0,14,8,13,54,59,0,14,50,43,20,31,0,14,30,30,1533,327,1241,338,754,298,384,124,15,25,0,14,88,107,0,14,292,114,56,49,229,101,7,11,0,14,0,14,0,14
1400000US36047062800,"Census Tract 628, Kings County, New York",Brooklyn,4838,592,4120,571,3902,586,113,67,79,69,0,14,21,25,13,21,105,87,59,67,0,14,46,55,718,205,601,187,304,164,175,103,49,68,0,14,73,72,0,14,117,61,61,40,56,43,0,14,0,14,0,14,0,14
1400000US36047063200,"Census Tract 632, Kings County, New York",Brooklyn,1409,250,865,229,778,204,17,20,6,9,0,14,8,12,3,8,70,55,37,37,0,14,33,34,544,167,462,175,248,123,178,105,0,14,0,14,36,40,0,14,82,55,27,38,49,48,0,14,0,14,6,10,0,14
1400000US36047063600,"Census Tract 636, Kings County, New York",Brooklyn,1093,245,871,229,788,198,64,54,41,44,0,14,17,16,6,17,19,22,19,22,0,14,0,14,222,120,165,81,48,31,108,73,0,14,0,14,9,14,0,14,57,45,0,14,49,39,0,14,0,14,8,12,0,14
1400000US36047063800,"Census Tract 638, Kings County, New York",Brooklyn,1882,316,1299,290,1269,289,30,36,6,9,3,6,21,33,0,14,0,14,0,14,0,14,0,14,583,177,323,138,176,89,136,102,0,14,0,14,11,16,0,14,260,139,37,36,180,128,0,14,0,14,43,71,0,14
1400000US36047064000,"Census Tract 640, Kings County, New York",Brooklyn,1327,380,1155,358,1085,345,44,34,10,12,27,30,7,10,0,14,26,21,4,6,0,14,22,20,172,72,164,69,61,47,90,55,6,9,0,14,7,12,0,14,8,10,0,14,2,3,0,14,0,14,6,9,0,14
1400000US36047064200,"Census Tract 642, Kings County, New York",Brooklyn,2379,408,1449,375,1288,346,140,75,93,58,38,44,9,15,0,14,21,36,0,14,0,14,21,36,930,197,686,189,346,102,140,98,48,61,56,72,60,64,36,38,244,85,72,62,143,79,0,14,0,14,3,6,26,35
1400000US36047064400,"Census Tract 644, Kings County, New York",Brooklyn,2182,574,1589,470,1427,443,68,43,23,24,14,20,23,28,8,9,94,72,22,16,0,14,72,71,593,179,470,128,82,62,292,126,0,14,0,14,82,74,14,23,123,110,0,14,42,36,0,14,0,14,81,101,0,14
1400000US36047064600,"Census Tract 646, Kings County, New York",Brooklyn,2154,403,1582,261,1494,254,68,70,46,52,4,6,18,22,0,14,20,18,7,12,0,14,13,18,572,354,382,286,63,41,253,258,0,14,0,14,66,85,0,14,190,113,24,38,120,103,0,14,0,14,46,48,0,14
1400000US36047064800,"Census Tract 648, Kings County, New York",Brooklyn,1828,274,1485,302,1250,255,150,82,103,66,0,14,39,45,8,11,85,98,85,98,0,14,0,14,343,128,295,116,70,42,142,88,0,14,0,14,75,77,8,12,48,42,39,42,9,14,0,14,0,14,0,14,0,14
1400000US36047065000,"Census Tract 650, Kings County, New York",Brooklyn,1286,318,1042,307,757,249,136,123,26,25,0,14,40,68,70,95,149,72,83,64,26,32,40,47,244,115,202,111,5,8,23,19,31,35,0,14,143,100,0,14,42,31,7,11,18,21,0,14,0,14,17,19,0,14
1400000US36047065200,"Census Tract 652, Kings County, New York",Brooklyn,1121,140,988,152,954,149,26,18,8,12,5,8,7,11,6,9,8,11,8,11,0,14,0,14,133,89,122,87,73,48,2,5,0,14,0,14,47,44,0,14,11,13,0,14,0,14,0,14,0,14,4,7,7,11
1400000US36047065400,"Census Tract 654, Kings County, New York",Brooklyn,1654,300,1155,185,1105,171,34,31,0,14,34,31,0,14,0,14,16,16,0,14,0,14,16,16,499,245,406,245,77,56,314,237,0,14,0,14,15,14,0,14,93,55,12,18,57,43,0,14,0,14,24,29,0,14
1400000US36047065600,"Census Tract 656, Kings County, New York",Brooklyn,1675,313,1341,310,1253,301,70,38,26,27,32,24,12,17,0,14,18,44,0,14,0,14,18,44,334,119,260,106,48,45,186,96,0,14,0,14,26,32,0,14,74,43,8,13,56,39,0,14,0,14,10,15,0,14
1400000US36047065800,"Census Tract 658, Kings County, New York",Brooklyn,1756,303,1188,242,1054,219,99,64,58,38,1,5,9,13,31,47,35,30,0,14,0,14,35,30,568,177,410,124,61,43,344,120,0,14,0,14,0,14,5,9,158,72,11,12,138,66,0,14,0,14,9,10,0,14
1400000US36047066000,"Census Tract 660, Kings County, New York",Brooklyn,1893,288,1533,295,1354,211,157,162,6,10,13,13,73,82,65,81,22,26,0,14,0,14,22,26,360,113,286,95,35,29,185,68,0,14,0,14,66,60,0,14,74,49,0,14,66,49,0,14,0,14,8,11,0,14
1400000US36047066200,"Census Tract 662, Kings County, New York",Brooklyn,1159,340,735,235,704,228,11,13,6,10,1,3,0,14,4,8,20,33,20,33,0,14,0,14,424,236,189,84,40,37,133,75,0,14,0,14,16,19,0,14,235,201,45,49,76,88,0,14,0,14,114,186,0,14
1400000US36047066600,"Census Tract 666, Kings County, New York",Brooklyn,0,14,0,14,0,14,0,14,0,14,0,14,0,14,0,14,0,14,0,14,0,14,0,14,0,14,0,14,0,14,0,14,0,14,0,14,0,14,0,14,0,14,0,14,0,14,0,14,0,14,0,14,0,14
1400000US36047067000,"Census Tract 670, Kings County, New York",Brooklyn,2486,430,1447,357,1224,284,78,75,0,14,0,14,74,76,4,6,145,164,7,11,0,14,138,161,1039,317,656,267,86,85,156,122,7,12,0,14,407,163,0,14,383,206,0,14,101,128,7,11,0,14,268,157,7,12
1400000US36047067200,"Census Tract 672, Kings County, New York",Brooklyn,1389,444,921,364,763,315,152,149,85,125,14,21,53,61,0,14,6,9,0,14,0,14,6,9,468,259,350,190,0,14,35,55,8,15,0,14,307,198,0,14,118,98,0,14,0,14,0,14,0,14,118,98,0,14
1400000US36047067400,"Census Tract 674, Kings County, New York",Brooklyn,1909,310,1195,221,1006,237,48,48,0,14,0,14,20,22,28,45,141,76,0,14,0,14,141,76,714,179,570,153,0,14,57,41,12,17,0,14,501,146,0,14,144,68,0,14,6,12,0,14,0,14,138,69,0,14
1400000US36047067600,"Census Tract 676, Kings County, New York",Brooklyn,1510,414,935,320,916,320,16,18,3,4,3,6,10,17,0,14,3,4,0,14,0,14,3,4,575,196,467,166,10,11,12,37,0,14,0,14,445,163,0,14,108,97,0,14,8,13,0,14,0,14,100,95,0,14
1400000US36047067800,"Census Tract 678, Kings County, New York",Brooklyn,2569,614,1176,461,1036,359,28,26,5,8,10,17,13,15,0,14,112,140,8,17,0,14,104,140,1393,344,983,256,23,26,1,3,9,20,0,14,950,250,0,14,410,250,13,16,85,85,0,14,0,14,312,218,0,14
1400000US36047068000,"Census Tract 680, Kings County, New York",Brooklyn,1759,499,1145,465,981,441,55,39,7,11,0,14,36,29,12,18,109,79,19,28,20,29,70,68,614,162,417,152,0,14,0,14,27,31,0,14,390,154,0,14,197,129,0,14,0,14,8,14,0,14,189,130,0,14
1400000US36047068200,"Census Tract 682, Kings County, New York",Brooklyn,2907,437,1841,277,1585,282,115,106,0,14,0,14,92,102,23,34,141,127,0,14,0,14,141,127,1066,346,778,310,0,14,102,58,23,28,0,14,653,307,0,14,288,140,11,20,73,63,0,14,0,14,204,111,0,14
1400000US36047068600,"Census Tract 686, Kings County, New York",Brooklyn,1649,344,1120,260,912,181,76,29,0,14,0,14,49,37,27,34,132,138,4,6,0,14,128,137,529,173,371,123,33,33,114,57,19,22,0,14,205,112,0,14,158,113,64,97,43,30,0,14,0,14,51,47,0,14
1400000US36047068800,"Census Tract 688, Kings County, New York",Brooklyn,1584,343,1054,247,1012,234,23,19,16,16,0,14,7,10,0,14,19,31,0,14,0,14,19,31,530,154,430,134,14,22,76,50,0,14,0,14,340,133,0,14,100,67,0,14,62,55,0,14,0,14,38,34,0,14
1400000US36047069000,"Census Tract 690, Kings County, New York",Brooklyn,1668,529,1002,306,888,284,70,65,49,57,0,14,0,14,21,31,44,39,6,9,0,14,38,39,666,292,441,169,9,13,95,79,0,14,0,14,337,151,0,14,225,198,0,14,34,52,1,2,0,14,190,195,0,14
1400000US36047069200,"Census Tract 692, Kings County, New York",Brooklyn,2301,417,1413,309,1267,291,83,47,31,28,0,14,26,30,26,29,63,50,26,26,0,14,37,42,888,185,823,177,0,14,30,28,45,33,0,14,748,181,0,14,65,44,0,14,6,9,0,14,0,14,59,44,0,14
1400000US36047069601,"Census Tract 696.01, Kings County, New York",Brooklyn,3434,499,2187,362,2067,359,66,71,0,14,39,45,27,42,0,14,54,73,54,73,0,14,0,14,1247,314,734,198,99,70,70,65,25,29,0,14,540,186,0,14,513,259,66,101,23,28,0,14,0,14,424,249,0,14
1400000US36047069602,"Census Tract 696.02, Kings County, New York",Brooklyn,5847,1142,3065,668,2832,623,134,147,54,90,38,58,42,73,0,19,99,111,1,3,0,19,98,111,2782,786,2093,589,655,325,297,239,16,27,0,19,1125,582,0,19,689,368,204,167,108,181,0,19,0,19,377,273,0,19
1400000US36047069800,"Census Tract 698, Kings County, New York",Brooklyn,1397,274,1042,251,936,228,56,39,45,36,0,14,6,2,5,9,50,81,31,51,0,14,19,30,355,158,183,109,108,103,57,42,0,14,0,14,18,29,0,14,172,118,63,48,65,91,0,14,0,14,44,51,0,14
1400000US36047070000,"Census Tract 700, Kings County, New York",Brooklyn,1214,278,835,207,753,194,58,56,55,56,0,14,0,14,3,6,24,19,0,14,0,14,24,19,379,204,236,112,59,42,74,50,0,14,0,14,103,81,0,14,143,119,18,29,29,28,0,14,0,14,96,114,0,14
1400000US36047070201,"Census Tract 702.01, Kings County, New York",Brooklyn,6531,879,5008,917,4690,849,121,128,40,49,6,10,41,73,34,58,197,148,0,19,0,19,197,148,1523,427,1142,413,795,368,289,225,0,19,0,19,58,88,0,19,381,241,125,128,256,190,0,19,0,19,0,19,0,19
1400000US36047070202,"Census Tract 702.02, Kings County, New York",Brooklyn,14,18,9,12,0,14,9,12,9,12,0,14,0,14,0,14,0,14,0,14,0,14,0,14,5,6,5,6,0,14,0,14,0,14,0,14,5,6,0,14,0,14,0,14,0,14,0,14,0,14,0,14,0,14
1400000US36047070203,"Census Tract 702.03, Kings County, New York",Brooklyn,0,14,0,14,0,14,0,14,0,14,0,14,0,14,0,14,0,14,0,14,0,14,0,14,0,14,0,14,0,14,0,14,0,14,0,14,0,14,0,14,0,14,0,14,0,14,0,14,0,14,0,14,0,14
1400000US36047070601,"Census Tract 706.01, Kings County, New York",Brooklyn,2437,593,2096,579,2034,508,62,94,62,94,0,14,0,14,0,14,0,14,0,14,0,14,0,14,341,128,329,126,259,118,70,60,0,14,0,14,0,14,0,14,12,12,0,14,12,12,0,14,0,14,0,14,0,14
1400000US36047070602,"Census Tract 706.02, Kings County, New York",Brooklyn,0,14,0,14,0,14,0,14,0,14,0,14,0,14,0,14,0,14,0,14,0,14,0,14,0,14,0,14,0,14,0,14,0,14,0,14,0,14,0,14,0,14,0,14,0,14,0,14,0,14,0,14,0,14
1400000US36047072000,"Census Tract 720, Kings County, New York",Brooklyn,1678,429,810,271,762,259,25,31,2,3,0,14,23,30,0,14,23,34,0,14,23,34,0,14,868,270,613,237,12,20,201,182,0,14,0,14,400,151,0,14,255,121,0,14,20,22,0,14,0,14,235,118,0,14
1400000US36047072200,"Census Tract 722, Kings County, New York",Brooklyn,2242,607,919,328,858,317,28,35,21,33,0,14,7,10,0,14,33,50,17,25,0,14,16,25,1323,421,994,228,1,3,13,21,0,14,0,14,980,227,0,14,329,343,0,14,202,328,0,14,0,14,127,83,0,14
1400000US36047072400,"Census Tract 724, Kings County, New York",Brooklyn,1586,406,645,223,561,205,74,59,44,44,0,14,30,37,0,14,10,16,10,16,0,14,0,14,941,287,814,259,0,14,0,14,0,14,0,14,814,259,0,14,127,90,0,14,0,14,0,14,0,14,127,90,0,14
1400000US36047072600,"Census Tract 726, Kings County, New York",Brooklyn,2672,644,1549,312,1226,265,170,105,59,60,0,14,87,86,24,39,153,100,27,32,0,14,126,95,1123,493,812,201,11,16,2,5,0,14,0,14,799,194,0,14,311,329,10,15,0,14,0,14,0,14,301,321,0,14
1400000US36047072800,"Census Tract 728, Kings County, New York",Brooklyn,3153,686,1715,542,1619,521,96,69,0,14,0,14,52,38,44,57,0,14,0,14,0,14,0,14,1438,342,1130,250,13,22,11,17,49,69,0,14,1057,253,0,14,308,215,0,14,113,183,12,19,0,14,183,108,0,14
1400000US36047073000,"Census Tract 730, Kings County, New York",Brooklyn,2109,475,1232,447,1095,365,125,108,67,101,0,14,33,26,25,29,12,16,2,5,0,14,10,15,877,218,721,183,13,19,21,29,0,14,0,14,687,177,0,14,156,96,7,11,6,8,10,16,0,14,91,59,42,61
1400000US36047073200,"Census Tract 732, Kings County, New York",Brooklyn,1877,409,1171,356,1055,340,92,78,28,37,9,15,55,48,0,14,24,29,0,14,0,14,24,29,706,180,550,138,6,9,34,33,36,40,0,14,474,139,0,14,156,83,0,14,40,54,32,37,0,14,84,65,0,14
1400000US36047073400,"Census Tract 734, Kings County, New York",Brooklyn,1142,411,352,139,314,124,38,42,0,14,0,14,38,42,0,14,0,14,0,14,0,14,0,14,790,372,656,339,7,11,58,47,0,14,0,14,591,330,0,14,134,95,0,14,15,29,0,14,0,14,119,96,0,14
1400000US36047073600,"Census Tract 736, Kings County, New York",Brooklyn,2918,631,1326,344,1123,328,25,27,1,4,0,14,24,26,0,14,178,103,0,14,0,14,178,103,1592,427,1337,383,0,14,238,204,32,50,0,14,1067,394,0,14,255,191,0,14,29,34,56,86,0,14,170,164,0,14
1400000US36047073800,"Census Tract 738, Kings County, New York",Brooklyn,3517,594,2168,420,1839,408,203,137,15,24,10,19,135,140,43,62,126,159,95,153,0,14,31,47,1349,447,972,302,148,142,146,102,0,14,0,14,678,271,0,14,377,240,0,14,20,33,0,14,0,14,357,241,0,14
1400000US36047074000,"Census Tract 740, Kings County, New York",Brooklyn,3287,810,1515,443,1296,422,109,96,49,79,10,17,50,48,0,14,110,145,65,118,0,14,45,49,1772,653,917,293,0,14,171,74,0,14,0,14,746,283,0,14,855,600,12,20,106,206,0,14,0,14,737,541,0,14
1400000US36047074200,"Census Tract 742, Kings County, New York",Brooklyn,2516,445,1604,412,1320,394,110,54,15,16,30,25,58,43,7,11,174,113,19,21,36,30,119,97,912,175,685,140,33,23,74,58,0,14,0,14,578,138,0,14,227,117,0,14,30,31,0,14,0,14,197,114,0,14
1400000US36047074400,"Census Tract 744, Kings County, New York",Brooklyn,2648,584,2451,584,2107,575,216,83,75,59,27,24,96,57,18,30,128,114,0,14,0,14,128,114,197,109,167,105,23,27,32,32,9,15,0,14,103,90,0,14,30,31,12,19,0,14,0,14,0,14,0,14,18,24
1400000US36047074600,"Census Tract 746, Kings County, New York",Brooklyn,2385,720,1855,641,1689,647,129,91,6,10,60,50,58,74,5,8,37,34,12,21,0,14,25,27,530,226,411,213,147,136,178,153,32,48,0,14,54,38,0,14,119,79,36,32,61,52,0,14,0,14,22,30,0,14
1400000US36047074800,"Census Tract 748, Kings County, New York",Brooklyn,1504,432,1221,414,1084,399,99,83,20,22,18,19,61,78,0,14,38,42,0,14,0,14,38,42,283,91,191,68,63,41,27,27,29,33,0,14,68,40,4,8,92,93,0,14,0,14,0,14,0,14,92,93,0,14
1400000US36047075000,"Census Tract 750, Kings County, New York",Brooklyn,2804,476,2292,432,1920,403,136,67,54,56,24,21,33,25,25,23,236,175,58,62,0,14,178,155,512,229,417,176,113,85,85,72,45,68,9,13,165,113,0,14,95,93,10,14,0,14,0,14,0,14,85,92,0,14
1400000US36047075200,"Census Tract 752, Kings County, New York",Brooklyn,1146,340,1070,323,1017,316,29,31,20,29,0,14,5,8,4,6,24,34,0,14,0,14,24,34,76,51,76,51,36,35,29,24,0,14,0,14,11,16,0,14,0,14,0,14,0,14,0,14,0,14,0,14,0,14
1400000US36047075400,"Census Tract 754, Kings County, New York",Brooklyn,1000,431,721,408,678,395,30,33,0,14,0,14,9,14,21,30,13,25,0,14,0,14,13,25,279,268,279,268,107,83,120,183,52,86,0,14,0,14,0,14,0,14,0,14,0,14,0,14,0,14,0,14,0,14
1400000US36047075600,"Census Tract 756, Kings County, New York",Brooklyn,1720,364,913,260,815,251,59,48,14,15,0,14,20,23,25,28,39,41,0,14,0,14,39,41,807,304,736,299,367,224,322,225,0,14,0,14,47,36,0,14,71,42,19,24,42,39,0,14,0,14,10,13,0,14
1400000US36047075800,"Census Tract 758, Kings County, New York",Brooklyn,1400,273,880,220,747,196,103,80,7,10,12,17,69,65,15,18,30,31,0,14,0,14,30,31,520,230,502,229,393,226,73,49,0,14,0,14,20,22,16,17,18,23,0,14,6,9,0,14,0,14,12,21,0,14
1400000US36047076000,"Census Tract 760, Kings County, New York",Brooklyn,3205,661,1683,705,1429,637,127,82,39,49,18,21,28,49,42,48,127,103,28,44,0,14,99,86,1522,392,1013,347,679,280,247,151,0,14,0,14,87,81,0,14,509,217,170,171,236,186,0,14,0,14,103,85,0,14
1400000US36047076200,"Census Tract 762, Kings County, New York",Brooklyn,4224,893,2094,821,1788,652,267,222,37,42,31,34,165,189,34,47,39,29,7,11,0,14,32,28,2130,379,1201,282,328,125,509,211,39,46,0,14,325,137,0,14,929,358,68,42,525,307,4,7,0,14,332,184,0,14
1400000US36047076400,"Census Tract 764, Kings County, New York",Brooklyn,4302,451,2103,360,1444,296,604,154,136,93,33,50,298,131,137,103,55,56,12,40,0,14,43,39,2199,551,1025,312,75,66,172,164,110,146,9,22,659,276,0,14,1174,430,163,108,332,444,0,14,16,23,663,335,0,14
1400000US36047076600,"Census Tract 766, Kings County, New York",Brooklyn,2126,426,1164,299,966,273,147,73,41,34,20,19,69,52,17,17,51,92,0,14,0,14,51,92,962,206,599,173,16,18,101,79,16,23,0,14,466,148,0,14,363,138,74,67,53,35,55,65,0,14,181,88,0,14
1400000US36047076800,"Census Tract 768, Kings County, New York",Brooklyn,3895,698,2495,633,2085,582,392,168,116,93,51,42,172,90,53,62,18,27,0,14,0,14,18,27,1400,433,958,396,303,186,610,345,0,14,0,14,45,39,0,14,442,192,74,61,274,181,13,20,39,59,42,49,0,14
1400000US36047077000,"Census Tract 770, Kings County, New York",Brooklyn,2780,470,1719,273,1371,260,273,146,44,56,106,114,62,50,61,65,75,64,5,15,0,14,70,64,1061,439,579,177,14,22,58,67,62,79,0,14,445,167,0,14,482,411,10,11,109,132,0,14,0,14,363,400,0,14
1400000US36047077200,"Census Tract 772, Kings County, New York",Brooklyn,3068,864,1963,667,1448,611,449,249,160,109,67,60,153,100,69,71,66,62,0,14,0,14,66,62,1105,355,803,304,54,57,180,134,0,14,0,14,569,315,0,14,302,119,24,37,67,78,0,14,0,14,211,96,0,14
1400000US36047077400,"Census Tract 774, Kings County, New York",Brooklyn,2906,609,1561,482,1174,300,341,258,91,77,14,22,236,244,0,14,46,58,0,14,0,14,46,58,1345,421,1077,424,11,17,82,81,16,28,0,14,968,425,0,14,268,115,14,21,14,20,12,20,0,14,228,111,0,14
1400000US36047077600,"Census Tract 776, Kings County, New York",Brooklyn,3448,518,1635,319,1461,300,139,82,11,15,28,32,100,81,0,14,35,46,9,15,0,14,26,43,1813,355,1475,334,171,182,99,62,91,100,0,14,1114,283,0,14,338,128,17,31,131,73,0,14,0,14,190,105,0,14
1400000US36047078000,"Census Tract 780, Kings County, New York",Brooklyn,2170,530,1248,341,1134,342,77,65,38,58,1,3,31,26,7,12,37,31,5,9,0,14,32,29,922,276,780,240,0,14,55,62,13,24,0,14,712,245,0,14,142,116,0,14,0,14,0,14,0,14,142,116,0,14
1400000US36047078200,"Census Tract 782, Kings County, New York",Brooklyn,4086,680,1939,542,1491,429,346,235,113,164,10,18,223,168,0,14,102,71,31,32,55,65,16,29,2147,380,1610,285,55,66,42,64,59,56,0,14,1454,281,0,14,537,218,0,14,0,14,11,18,0,14,526,218,0,14
1400000US36047078400,"Census Tract 784, Kings County, New York",Brooklyn,2463,359,1305,277,1007,250,221,104,28,28,0,14,164,102,29,44,77,72,17,26,7,13,53,69,1158,235,908,212,0,14,48,41,15,23,0,14,845,210,0,14,250,128,0,14,10,11,23,27,0,14,217,126,0,14
1400000US36047078601,"Census Tract 786.01, Kings County, New York",Brooklyn,2220,702,891,359,652,229,70,54,0,14,42,40,28,33,0,14,169,204,14,21,0,14,155,201,1329,414,1066,368,33,26,215,187,127,72,0,14,691,338,0,14,263,143,0,14,48,69,37,43,0,14,178,109,0,14
1400000US36047078602,"Census Tract 786.02, Kings County, New York",Brooklyn,2104,304,1164,186,989,166,118,72,42,42,14,15,56,39,6,9,57,69,0,14,0,14,57,69,940,225,567,135,21,33,5,8,36,31,0,14,505,122,0,14,373,184,26,26,0,14,9,13,0,14,338,184,0,14
1400000US36047078801,"Census Tract 788.01, Kings County, New York",Brooklyn,1695,419,980,287,801,251,114,59,10,14,18,20,36,30,50,37,65,60,0,14,10,16,55,58,715,213,494,138,14,21,11,19,0,14,0,14,469,135,0,14,221,119,0,14,0,14,0,14,0,14,221,119,0,14
1400000US36047078802,"Census Tract 788.02, Kings County, New York",Brooklyn,1790,539,981,324,777,271,34,34,0,14,25,30,9,15,0,14,170,184,8,12,27,38,135,183,809,318,392,147,13,20,20,26,21,26,0,14,338,147,0,14,417,227,0,14,7,10,55,62,0,14,355,224,0,14
1400000US36047079001,"Census Tract 790.01, Kings County, New York",Brooklyn,1664,1088,1037,1070,896,1065,133,87,63,55,19,22,42,68,9,14,8,12,0,14,0,14,8,12,627,166,467,131,10,16,24,25,19,29,0,14,414,120,0,14,160,88,10,17,25,30,0,14,0,14,125,87,0,14
1400000US36047079002,"Census Tract 790.02, Kings County, New York",Brooklyn,2768,542,1202,353,919,275,172,114,82,69,16,22,69,54,5,12,111,177,103,176,0,14,8,15,1566,404,962,254,0,14,41,69,77,89,0,14,844,236,0,14,604,339,0,14,153,203,0,14,0,14,451,279,0,14
1400000US36047079201,"Census Tract 792.01, Kings County, New York",Brooklyn,1382,437,743,230,534,194,154,94,68,52,15,24,53,82,18,21,55,56,17,27,0,14,38,49,639,365,505,342,7,11,0,14,0,14,0,14,498,341,0,14,134,103,0,14,0,14,50,66,0,14,84,69,0,14
1400000US36047079202,"Census Tract 792.02, Kings County, New York",Brooklyn,1942,394,1256,358,1029,353,163,83,54,35,35,34,57,48,17,17,64,69,40,46,0,14,24,32,686,206,405,154,42,60,10,13,29,36,0,14,324,145,0,14,281,116,34,26,12,16,0,14,0,14,235,117,0,14
1400000US36047079400,"Census Tract 794, Kings County, New York",Brooklyn,2366,422,1666,377,1380,322,216,142,52,48,0,14,156,136,8,22,70,50,24,20,0,14,46,45,700,186,485,144,0,14,8,15,14,21,0,14,463,142,0,14,215,112,0,14,19,22,26,39,0,14,158,91,12,18
1400000US36047079601,"Census Tract 796.01, Kings County, New York",Brooklyn,3232,335,2087,322,1146,215,773,224,354,190,94,47,206,84,119,67,168,105,34,33,0,14,134,97,1145,236,777,195,57,59,9,13,38,55,0,14,673,191,0,14,368,151,118,114,17,21,7,11,0,14,159,116,67,84
1400000US36047079602,"Census Tract 796.02, Kings County, New York",Brooklyn,5073,854,2566,577,1876,483,604,247,211,118,148,114,91,67,154,87,86,72,0,19,0,19,86,72,2507,627,1749,497,33,28,169,107,44,40,4,16,1499,505,0,19,758,323,0,19,74,97,22,36,0,19,662,296,0,19
1400000US36047079801,"Census Tract 798.01, Kings County, New York",Brooklyn,3316,887,2247,700,1403,695,844,275,224,126,245,137,256,145,119,64,0,14,0,14,0,14,0,14,1069,444,795,333,196,237,145,124,31,49,0,14,398,174,25,36,274,216,198,207,18,20,0,14,6,13,52,62,0,14
1400000US36047079802,"Census Tract 798.02, Kings County, New York",Brooklyn,5004,598,3246,563,1798,482,1375,352,472,244,126,99,595,243,182,109,73,82,0,19,0,19,73,82,1758,463,1044,397,0,19,33,37,197,277,0,19,814,336,0,19,714,278,63,57,288,195,24,37,0,19,339,230,0,19
1400000US36047080000,"Census Tract 800, Kings County, New York",Brooklyn,3217,554,2106,552,1319,456,721,250,220,119,251,122,174,91,76,75,66,49,0,14,0,14,66,49,1111,320,840,258,89,61,68,71,0,14,0,14,670,258,13,20,271,165,80,90,27,30,0,14,0,14,164,129,0,14
1400000US36047080200,"Census Tract 802, Kings County, New York",Brooklyn,3878,542,2484,384,1638,312,749,248,200,91,139,96,273,99,137,146,97,64,0,14,0,14,97,64,1394,510,918,399,30,33,22,23,86,112,0,14,771,388,9,14,476,178,47,70,17,28,16,26,0,14,396,177,0,14
1400000US36047080400,"Census Tract 804, Kings County, New York",Brooklyn,3033,563,1790,373,805,237,861,264,250,158,81,53,444,216,86,61,124,80,3,8,0,14,121,80,1243,422,926,406,47,53,49,37,0,14,0,14,830,398,0,14,317,216,20,32,68,61,34,30,13,20,182,186,0,14
1400000US36047080600,"Census Tract 806, Kings County, New York",Brooklyn,4038,686,2966,644,1874,556,824,303,196,110,358,242,251,116,19,29,268,150,18,28,0,14,250,148,1072,356,720,268,120,84,15,24,0,14,0,14,585,244,0,14,352,178,58,54,35,38,0,14,29,41,230,143,0,14
1400000US36047080800,"Census Tract 808, Kings County, New York",Brooklyn,2044,249,1627,292,1136,318,366,242,62,54,7,13,237,130,60,96,125,69,113,69,12,18,0,14,417,169,336,162,23,30,135,90,0,14,0,14,178,115,0,14,81,62,12,27,0,14,0,14,0,14,69,58,0,14
1400000US36047081000,"Census Tract 810, Kings County, New York",Brooklyn,2101,510,1200,423,844,410,356,194,161,111,19,28,127,88,49,55,0,14,0,14,0,14,0,14,901,437,524,259,0,14,63,97,72,114,0,14,389,222,0,14,377,249,0,14,56,52,80,121,0,14,212,216,29,46
1400000US36047081400,"Census Tract 814, Kings County, New York",Brooklyn,2692,479,1307,450,1113,403,112,67,29,33,29,43,45,47,9,14,82,71,29,47,0,14,53,54,1385,241,838,181,0,14,33,36,4,17,0,14,801,169,0,14,547,144,0,14,23,27,210,229,0,14,314,169,0,14
1400000US36047081600,"Census Tract 816, Kings County, New York",Brooklyn,2893,658,1670,492,1214,351,406,300,18,31,56,58,276,256,56,87,50,59,0,14,0,14,50,59,1223,283,763,200,5,15,56,60,0,14,0,14,702,196,0,14,460,191,0,14,0,14,0,14,0,14,460,191,0,14
1400000US36047081800,"Census Tract 818, Kings County, New York",Brooklyn,4639,986,2940,924,2105,972,795,215,226,116,107,69,331,156,131,92,40,52,0,14,0,14,40,52,1699,337,1071,335,0,14,27,34,27,46,0,14,984,322,33,34,628,292,49,50,108,85,108,175,10,16,336,227,17,28
1400000US36047082000,"Census Tract 820, Kings County, New York",Brooklyn,4651,961,2127,502,1437,480,619,271,268,146,81,90,76,105,194,133,71,84,20,30,0,14,51,81,2524,649,1666,568,96,91,32,39,112,173,0,14,1426,554,0,14,858,339,76,56,52,63,51,88,0,14,679,351,0,14
1400000US36047082200,"Census Tract 822, Kings County, New York",Brooklyn,7104,1350,4048,1196,3055,1237,938,303,189,134,134,82,410,194,205,121,55,63,7,15,0,19,48,62,3056,651,1846,478,18,22,34,35,51,65,0,19,1743,465,0,19,1210,395,108,77,74,86,0,19,0,19,1016,385,12,20
1400000US36047082400,"Census Tract 824, Kings County, New York",Brooklyn,5125,894,2510,693,2098,594,341,182,109,98,81,83,87,97,64,62,71,80,0,19,0,19,71,80,2615,532,1819,450,44,60,91,110,39,70,0,19,1645,459,0,19,796,332,0,19,62,90,21,36,0,19,713,314,0,19
1400000US36047082600,"Census Tract 826, Kings County, New York",Brooklyn,4122,718,2230,493,1896,519,217,115,40,59,0,14,160,102,17,29,117,104,0,14,0,14,117,104,1892,525,1361,396,0,14,0,14,95,118,0,14,1262,378,4,15,531,296,0,14,127,158,0,14,0,14,404,236,0,14
1400000US36047082800,"Census Tract 828, Kings County, New York",Brooklyn,3604,664,2008,444,1695,427,260,133,107,82,61,62,78,54,14,23,53,54,3,4,0,14,50,53,1596,366,988,296,0,14,83,55,3,10,0,14,902,305,0,14,608,243,72,106,104,93,0,14,0,14,432,181,0,14
1400000US36047083000,"Census Tract 830, Kings County, New York",Brooklyn,5673,1120,2483,998,2333,985,140,152,46,50,0,19,94,143,0,19,10,18,0,19,0,19,10,18,3190,850,2084,665,0,19,20,31,74,118,0,19,1990,672,0,19,1106,504,0,19,0,19,114,162,0,19,992,474,0,19
1400000US36047083200,"Census Tract 832, Kings County, New York",Brooklyn,2094,316,962,182,735,156,215,106,26,29,34,37,112,70,43,46,12,18,0,14,0,14,12,18,1132,295,929,265,7,11,90,78,0,14,0,14,832,259,0,14,203,96,0,14,1,4,0,14,0,14,202,96,0,14
1400000US36047083400,"Census Tract 834, Kings County, New York",Brooklyn,1839,296,967,185,843,220,114,65,64,51,0,14,46,34,4,9,10,11,0,14,0,14,10,11,872,257,580,197,6,9,30,47,0,14,0,14,544,189,0,14,292,129,0,14,28,36,0,14,0,14,264,137,0,14
1400000US36047083600,"Census Tract 836, Kings County, New York",Brooklyn,1984,382,1045,255,867,226,111,114,5,9,17,17,89,110,0,14,67,58,30,43,0,14,37,38,939,243,571,136,0,14,0,14,0,14,0,14,571,136,0,14,368,184,0,14,5,7,0,14,0,14,363,184,0,14
1400000US36047083800,"Census Tract 838, Kings County, New York",Brooklyn,1931,339,633,187,473,156,130,84,0,14,7,12,123,83,0,14,30,31,0,14,0,14,30,31,1298,267,1187,263,7,10,23,23,7,11,0,14,1150,267,0,14,111,65,0,14,6,9,0,14,0,14,105,65,0,14
1400000US36047084000,"Census Tract 840, Kings County, New York",Brooklyn,2226,463,1184,407,1107,404,77,68,0,14,3,4,66,67,8,13,0,14,0,14,0,14,0,14,1042,239,992,239,9,10,2,5,47,34,0,14,928,235,6,10,50,32,0,14,0,14,0,14,0,14,50,32,0,14
1400000US36047084600,"Census Tract 846, Kings County, New York",Brooklyn,2038,318,915,271,853,263,50,48,24,42,0,14,25,22,1,4,12,19,0,14,0,14,12,19,1123,228,814,154,0,14,0,14,0,14,0,14,814,154,0,14,309,164,0,14,5,8,0,14,0,14,304,163,0,14
1400000US36047084800,"Census Tract 848, Kings County, New York",Brooklyn,1445,335,486,195,453,191,20,28,0,14,1,2,19,28,0,14,13,21,0,14,0,14,13,21,959,201,852,181,16,25,0,14,37,38,0,14,799,170,0,14,107,95,0,14,0,14,15,17,0,14,92,94,0,14
1400000US36047085000,"Census Tract 850, Kings County, New York",Brooklyn,1383,342,735,224,604,195,52,38,0,14,0,14,52,38,0,14,79,78,0,14,19,28,60,72,648,222,586,199,0,14,0,14,17,26,0,14,557,198,12,18,62,60,0,14,0,14,0,14,0,14,62,60,0,14
1400000US36047085200,"Census Tract 852, Kings County, New York",Brooklyn,0,14,0,14,0,14,0,14,0,14,0,14,0,14,0,14,0,14,0,14,0,14,0,14,0,14,0,14,0,14,0,14,0,14,0,14,0,14,0,14,0,14,0,14,0,14,0,14,0,14,0,14,0,14
1400000US36047085400,"Census Tract 854, Kings County, New York",Brooklyn,2062,330,873,242,809,222,51,46,32,41,7,11,12,16,0,14,13,15,5,9,0,14,8,12,1189,284,871,215,28,36,14,23,41,39,0,14,778,211,10,17,318,180,24,20,29,48,7,16,0,14,258,164,0,14
1400000US36047085600,"Census Tract 856, Kings County, New York",Brooklyn,3161,562,1695,409,1434,390,195,101,0,14,109,86,86,72,0,14,66,68,0,14,0,14,66,68,1466,381,996,246,0,14,14,16,0,14,0,14,982,246,0,14,470,287,0,14,55,89,0,14,0,14,403,268,12,19
1400000US36047085800,"Census Tract 858, Kings County, New York",Brooklyn,1951,482,845,284,722,282,78,62,4,12,5,8,69,61,0,14,45,46,0,14,0,14,45,46,1106,331,938,305,24,27,59,66,107,90,0,14,748,281,0,14,168,87,0,14,0,14,19,28,0,14,149,89,0,14
1400000US36047086000,"Census Tract 860, Kings County, New York",Brooklyn,2627,641,1422,509,1192,408,59,41,15,24,0,14,44,33,0,14,171,153,0,14,0,14,171,153,1205,284,789,213,0,14,0,14,28,43,0,14,761,212,0,14,416,199,0,14,0,14,13,21,0,14,403,201,0,14
1400000US36047086200,"Census Tract 862, Kings County, New York",Brooklyn,2626,512,1593,445,1452,417,68,60,42,50,0,14,26,32,0,14,73,80,0,14,0,14,73,80,1033,270,808,231,0,14,20,32,0,14,0,14,788,232,0,14,225,132,0,14,0,14,0,14,0,14,225,132,0,14
1400000US36047086400,"Census Tract 864, Kings County, New York",Brooklyn,2219,432,1068,333,911,288,114,71,41,45,0,14,64,45,9,13,43,47,21,34,0,14,22,34,1151,257,915,210,6,10,10,16,0,14,0,14,899,214,0,14,236,102,0,14,0,14,0,14,0,14,236,102,0,14
1400000US36047086600,"Census Tract 866, Kings County, New York",Brooklyn,2984,578,1316,387,1072,358,233,176,158,161,0,14,75,85,0,14,11,19,0,14,0,14,11,19,1668,404,1140,368,0,14,0,14,0,14,0,14,1140,368,0,14,528,194,2,4,0,14,21,33,0,14,505,185,0,14
1400000US36047086800,"Census Tract 868, Kings County, New York",Brooklyn,2952,556,1592,364,1424,351,120,123,0,14,0,14,108,131,12,19,48,39,0,14,12,19,36,35,1360,372,864,217,32,39,65,71,0,14,0,14,758,215,9,15,496,298,12,20,4,14,0,14,0,14,480,297,0,14
1400000US36047087000,"Census Tract 870, Kings County, New York",Brooklyn,3006,730,1519,552,1362,458,62,69,0,14,0,14,62,69,0,14,95,117,0,14,26,41,69,109,1487,313,1061,271,0,14,153,135,25,4,0,14,883,240,0,14,426,155,0,14,0,14,33,52,0,14,393,148,0,14
1400000US36047087200,"Census Tract 872, Kings County, New York",Brooklyn,3127,656,1759,456,1653,446,106,85,46,52,23,34,37,40,0,14,0,14,0,14,0,14,0,14,1368,353,1071,269,0,14,70,82,56,88,0,14,945,246,0,14,297,194,0,14,11,17,14,22,0,14,259,186,13,21
1400000US36047087401,"Census Tract 874.01, Kings County, New York",Brooklyn,3127,640,1808,483,1657,476,86,68,0,14,7,11,79,71,0,14,65,54,0,14,0,14,65,54,1319,370,1010,332,28,45,20,33,0,14,0,14,962,326,0,14,309,160,30,40,29,47,0,14,0,14,250,150,0,14
1400000US36047087600,"Census Tract 876, Kings County, New York",Brooklyn,1798,387,1206,204,874,188,283,124,59,44,69,45,141,112,14,28,49,55,0,14,0,14,49,55,592,303,365,113,6,9,36,58,14,29,0,14,309,96,0,14,227,276,12,19,0,14,0,14,0,14,215,275,0,14
1400000US36047087800,"Census Tract 878, Kings County, New York",Brooklyn,2592,386,1202,203,974,207,165,81,24,22,3,10,138,84,0,14,63,49,0,14,0,14,63,49,1390,359,878,296,9,15,37,47,9,16,0,14,823,287,0,14,512,189,0,14,8,16,54,81,0,14,450,165,0,14
1400000US36047088001,"Census Tract 880.01, Kings County, New York",Brooklyn,1702,504,825,188,690,163,108,87,0,14,0,14,96,84,12,23,27,42,0,14,0,14,27,42,877,411,702,407,16,26,0,14,0,14,0,14,686,404,0,14,175,86,0,14,7,10,0,14,0,14,168,84,0,14
1400000US36047088002,"Census Tract 880.02, Kings County, New York",Brooklyn,1220,308,896,269,616,259,274,175,112,119,107,81,55,67,0,14,6,10,0,14,0,14,6,10,324,126,177,94,25,26,0,14,0,14,0,14,152,93,0,14,147,104,0,14,0,14,49,71,0,14,98,86,0,14
1400000US36047088200,"Census Tract 882, Kings County, New York",Brooklyn,6535,1453,3707,1374,3052,1151,431,230,116,118,125,146,144,138,46,77,224,234,0,19,0,19,224,234,2828,788,1917,704,0,19,138,168,142,199,0,19,1637,637,0,19,911,435,0,19,0,19,0,19,0,19,911,435,0,19
1400000US36047088400,"Census Tract 884, Kings County, New York",Brooklyn,5208,1962,2892,1347,2646,1387,142,137,0,19,0,19,142,137,0,19,104,120,0,19,0,19,104,120,2316,922,1143,552,0,19,0,19,31,49,0,19,1071,555,41,67,1173,734,13,27,0,19,0,19,0,19,1160,733,0,19
1400000US36047088600,"Census Tract 886, Kings County, New York",Brooklyn,4340,911,2874,942,2444,943,391,183,110,113,54,54,227,151,0,14,39,63,0,14,0,14,39,63,1466,612,1012,575,0,14,0,14,15,24,0,14,997,573,0,14,454,187,0,14,0,14,0,14,0,14,454,187,0,14
1400000US36047088800,"Census Tract 888, Kings County, New York",Brooklyn,3783,637,1680,425,1317,414,260,154,27,43,0,14,233,148,0,14,103,103,0,14,0,14,103,103,2103,384,1608,344,17,28,19,29,34,42,0,14,1538,347,0,14,495,241,0,14,19,31,20,33,0,14,456,237,0,14
1400000US36047089000,"Census Tract 890, Kings County, New York",Brooklyn,7674,1114,4581,1154,3747,1090,580,314,99,144,78,82,377,245,26,38,254,133,65,96,189,121,0,19,3093,1111,1945,878,141,194,12,24,0,19,0,19,1792,833,0,19,1148,511,0,19,0,19,41,68,0,19,1107,507,0,19
1400000US36047089200,"Census Tract 892, Kings County, New York",Brooklyn,2876,803,1226,385,1110,362,93,98,0,14,0,14,81,95,12,25,23,35,23,35,0,14,0,14,1650,772,1158,767,18,31,0,14,522,725,0,14,618,301,0,14,492,167,41,55,0,14,44,52,0,14,407,170,0,14
1400000US36047089400,"Census Tract 894, Kings County, New York",Brooklyn,3513,847,1856,556,1515,479,92,80,20,26,8,21,64,75,0,14,249,221,171,187,0,14,78,115,1657,673,1250,658,0,14,11,24,15,33,0,14,1224,659,0,14,407,174,0,14,0,14,4,8,0,14,403,174,0,14
1400000US36047089600,"Census Tract 896, Kings County, New York",Brooklyn,3956,702,1875,512,1661,482,59,70,0,14,0,14,59,70,0,14,155,148,99,126,0,14,56,91,2081,560,1224,416,0,14,13,116,0,14,0,14,1211,335,0,14,857,487,0,14,3,25,0,14,0,14,854,489,0,14
1400000US36047089800,"Census Tract 898, Kings County, New York",Brooklyn,2316,614,962,289,844,249,118,78,0,14,17,24,74,74,27,31,0,14,0,14,0,14,0,14,1354,625,780,340,0,14,80,95,0,14,0,14,700,317,0,14,574,328,45,61,103,52,40,40,0,14,386,324,0,14
1400000US36047090000,"Census Tract 900, Kings County, New York",Brooklyn,4964,857,3760,883,3200,762,317,262,15,24,0,14,302,263,0,14,243,200,67,119,21,33,155,167,1204,389,786,338,0,14,0,14,8,14,0,14,761,333,17,27,418,194,0,14,0,14,13,29,0,14,405,196,0,14
1400000US36047090200,"Census Tract 902, Kings County, New York",Brooklyn,4017,497,3124,447,2731,443,333,241,15,30,0,14,282,220,36,69,60,49,20,24,19,31,21,28,893,253,539,173,20,27,56,89,7,20,2,4,454,158,0,14,354,178,6,14,57,60,0,14,0,14,291,164,0,14
1400000US36047090600,"Census Tract 906, Kings County, New York",Brooklyn,4344,747,3859,704,3482,647,287,132,0,14,0,14,287,132,0,14,90,104,27,41,0,14,63,98,485,194,327,199,0,14,38,59,59,79,0,14,230,143,0,14,158,174,8,18,0,14,0,14,0,14,150,174,0,14
1400000US36047090800,"Census Tract 908, Kings County, New York",Brooklyn,6230,912,5268,822,4436,870,794,445,189,257,10,27,474,290,121,115,38,46,24,31,0,19,14,33,962,444,450,278,0,19,14,34,40,172,0,19,396,250,0,19,512,318,14,33,0,19,47,63,0,19,451,292,0,19
1400000US36047091000,"Census Tract 910, Kings County, New York",Brooklyn,5837,1344,4091,1193,3302,1277,445,252,34,52,0,19,411,251,0,19,344,245,344,245,0,19,0,19,1746,535,766,370,0,19,92,129,28,49,0,19,646,352,0,19,980,427,0,19,448,308,0,19,0,19,532,457,0,19
1400000US36047091200,"Census Tract 912, Kings County, New York",Brooklyn,6301,1256,3917,944,3417,840,257,245,0,19,37,65,220,240,0,19,243,265,243,265,0,19,0,19,2384,1162,1286,623,0,19,0,19,525,508,0,19,761,317,0,19,1098,1027,0,19,0,19,0,19,0,19,1098,1027,0,19
1400000US36047091600,"Census Tract 916, Kings County, New York",Brooklyn,5619,933,3345,774,3005,728,195,142,42,70,0,19,153,129,0,19,145,142,22,44,0,19,123,150,2274,526,1627,448,90,134,167,240,118,141,0,19,1252,474,0,19,647,301,0,19,166,222,8,21,0,19,473,275,0,19
1400000US36047091800,"Census Tract 918, Kings County, New York",Brooklyn,2453,333,1612,319,1139,296,296,100,108,68,29,32,148,88,11,17,177,97,102,72,0,14,75,53,841,201,751,193,36,51,0,14,85,62,0,14,630,186,0,14,90,43,0,14,0,14,0,14,0,14,90,43,0,14
1400000US36047092000,"Census Tract 920, Kings County, New York",Brooklyn,3202,631,2700,627,2387,641,313,180,105,142,60,77,81,68,67,13,0,14,0,14,0,14,0,14,502,332,463,328,0,14,0,14,0,14,0,14,463,328,0,14,39,63,0,14,0,14,0,14,0,14,39,63,0,14
1400000US36047092200,"Census Tract 922, Kings County, New York",Brooklyn,2842,633,2014,759,1636,776,351,218,0,14,19,31,332,217,0,14,27,28,17,22,0,14,10,15,828,528,688,447,0,14,8,13,11,17,0,14,669,446,0,14,140,139,0,14,7,12,10,15,0,14,123,137,0,14
1400000US36047092400,"Census Tract 924, Kings County, New York",Brooklyn,3420,613,2461,605,2043,500,276,151,11,23,123,97,142,105,0,14,142,128,67,82,0,14,75,96,959,415,414,155,0,14,42,26,0,14,0,14,372,156,0,14,545,339,0,14,76,48,9,22,0,14,460,338,0,14
1400000US36047092800,"Census Tract 928, Kings County, New York",Brooklyn,2663,517,1289,343,912,262,243,186,101,159,0,14,142,96,0,14,134,105,2,4,20,17,112,103,1374,332,1198,319,0,14,0,14,56,67,0,14,1142,317,0,14,176,89,0,14,0,14,13,21,0,14,163,88,0,14
1400000US36047093000,"Census Tract 930, Kings County, New York",Brooklyn,2986,468,1706,377,1512,343,155,104,0,14,0,14,149,104,6,10,39,47,0,14,0,14,39,47,1280,242,1004,199,6,9,0,14,32,29,0,14,966,202,0,14,276,135,8,12,0,14,19,21,0,14,249,132,0,14
1400000US36047093200,"Census Tract 932, Kings County, New York",Brooklyn,1565,464,819,430,733,362,22,33,0,14,0,14,22,33,0,14,64,102,64,102,0,14,0,14,746,176,600,165,0,14,0,14,0,14,0,14,600,165,0,14,146,90,0,14,0,14,16,27,0,14,130,78,0,14
1400000US36047093400,"Census Tract 934, Kings County, New York",Brooklyn,2175,382,1039,290,919,296,40,42,0,14,0,14,40,42,0,14,80,70,27,28,0,14,53,49,1136,243,912,198,22,23,0,14,17,24,0,14,873,187,0,14,224,113,0,14,0,14,0,14,0,14,224,113,0,14
1400000US36047093600,"Census Tract 936, Kings County, New York",Brooklyn,1529,276,696,171,611,155,65,40,12,12,11,18,37,38,5,8,20,26,0,14,0,14,20,26,833,193,639,163,10,15,2,5,0,14,0,14,627,163,0,14,194,93,0,14,0,14,0,14,0,14,194,93,0,14
1400000US36047093800,"Census Tract 938, Kings County, New York",Brooklyn,2227,528,822,254,732,223,26,27,0,14,0,14,25,27,1,3,64,60,10,15,0,14,54,55,1405,479,710,164,2,7,28,31,0,14,0,14,680,165,0,14,695,444,145,226,133,198,76,120,0,14,341,136,0,14
1400000US36047094401,"Census Tract 944.01, Kings County, New York",Brooklyn,3158,569,1383,364,1284,358,69,63,29,45,18,40,22,25,0,14,30,49,0,14,0,14,30,49,1775,360,1185,275,12,18,67,106,0,14,0,14,1106,270,0,14,590,199,40,47,0,14,100,97,0,14,424,187,26,31
1400000US36047094402,"Census Tract 944.02, Kings County, New York",Brooklyn,2371,754,1965,723,1685,732,187,119,0,14,51,66,136,105,0,14,93,84,72,79,0,14,21,33,406,174,187,89,0,14,0,14,0,14,6,10,181,88,0,14,219,153,0,14,0,14,0,14,0,14,219,153,0,14
1400000US36047094600,"Census Tract 946, Kings County, New York",Brooklyn,1772,470,925,384,801,300,66,78,0,14,0,14,66,78,0,14,58,64,0,14,0,14,58,64,847,197,786,185,13,19,16,25,0,14,0,14,757,180,0,14,61,42,0,14,0,14,0,14,0,14,61,42,0,14
1400000US36047095000,"Census Tract 950, Kings County, New York",Brooklyn,2333,452,901,255,773,210,106,96,62,60,0,14,44,79,0,14,22,35,0,14,0,14,22,35,1432,346,1151,296,0,14,0,14,0,14,0,14,1151,296,0,14,281,148,0,14,0,14,7,12,0,14,274,149,0,14
1400000US36047095400,"Census Tract 954, Kings County, New York",Brooklyn,3875,662,1494,355,1238,324,108,107,16,23,0,14,92,105,0,14,148,135,12,19,0,14,136,135,2381,463,1727,406,23,23,26,44,86,83,0,14,1592,379,0,14,654,248,46,72,0,14,107,134,0,14,501,206,0,14
1400000US36047095600,"Census Tract 956, Kings County, New York",Brooklyn,3666,906,1925,556,1600,516,237,202,35,45,28,58,117,119,57,94,88,81,0,14,0,14,88,81,1741,642,1397,521,0,14,0,14,16,28,0,14,1381,518,0,14,344,198,0,14,0,14,0,14,0,14,344,198,0,14
1400000US36047095800,"Census Tract 958, Kings County, New York",Brooklyn,2760,592,1474,507,1301,453,153,151,49,63,6,17,97,135,1,3,20,23,6,12,0,14,14,21,1286,433,1098,401,0,14,24,38,0,14,17,28,1057,401,0,14,188,105,0,14,0,14,0,14,0,14,188,105,0,14
1400000US36047096000,"Census Tract 960, Kings County, New York",Brooklyn,0,14,0,14,0,14,0,14,0,14,0,14,0,14,0,14,0,14,0,14,0,14,0,14,0,14,0,14,0,14,0,14,0,14,0,14,0,14,0,14,0,14,0,14,0,14,0,14,0,14,0,14,0,14
1400000US36047096200,"Census Tract 962, Kings County, New York",Brooklyn,1315,509,810,404,789,403,16,22,3,5,9,18,4,9,0,14,5,8,0,14,0,14,5,8,505,131,234,99,6,9,9,15,0,14,0,14,219,96,0,14,271,85,6,9,16,27,29,20,0,14,220,75,0,14
1400000US36047096400,"Census Tract 964, Kings County, New York",Brooklyn,2086,480,1052,285,903,276,79,48,0,14,0,14,79,48,0,14,70,66,33,57,0,14,37,42,1034,298,652,183,18,15,33,37,12,20,0,14,589,192,0,14,382,214,0,14,12,18,0,14,0,14,370,212,0,14
1400000US36047096600,"Census Tract 966, Kings County, New York",Brooklyn,1883,485,1202,413,977,328,211,238,0,14,0,14,211,238,0,14,14,23,0,14,0,14,14,23,681,174,529,146,25,24,33,48,123,91,0,14,348,116,0,14,152,96,0,14,0,14,7,12,0,14,145,96,0,14
1400000US36047096800,"Census Tract 968, Kings County, New York",Brooklyn,1224,468,727,361,613,327,114,108,64,76,0,14,50,64,0,14,0,14,0,14,0,14,0,14,497,174,375,138,5,9,76,78,0,14,0,14,294,130,0,14,122,69,0,14,19,33,0,14,0,14,103,67,0,14
1400000US36047097000,"Census Tract 970, Kings County, New York",Brooklyn,1935,495,774,235,640,208,56,45,0,14,12,18,31,24,13,21,78,81,14,30,0,14,64,73,1161,422,985,404,6,11,7,11,22,33,0,14,950,402,0,14,176,91,0,14,0,14,18,28,0,14,158,85,0,14
1400000US36047097400,"Census Tract 974, Kings County, New York",Brooklyn,2415,411,1634,355,1319,365,195,105,28,37,27,38,122,74,18,31,120,84,25,40,17,27,78,69,781,262,457,165,24,31,0,14,0,14,0,14,433,160,0,14,324,164,0,14,37,41,0,14,0,14,287,157,0,14
1400000US36047098200,"Census Tract 982, Kings County, New York",Brooklyn,3962,818,3284,852,3016,723,189,165,0,14,0,14,189,165,0,14,79,87,31,49,48,66,0,14,678,270,448,210,0,14,0,14,57,84,0,14,391,195,0,14,230,144,0,14,12,32,30,48,0,14,178,111,10,23
1400000US36047098400,"Census Tract 984, Kings County, New York",Brooklyn,1924,374,1087,235,992,228,52,36,42,32,0,14,10,16,0,14,43,35,10,15,0,14,33,28,837,251,651,191,17,19,21,30,38,56,0,14,575,200,0,14,186,131,0,14,0,14,3,6,0,14,183,130,0,14
1400000US36047098600,"Census Tract 986, Kings County, New York",Brooklyn,2341,437,1212,341,1024,337,78,89,0,14,0,14,67,86,11,21,110,101,19,30,0,14,91,94,1129,283,789,232,24,38,29,29,24,30,0,14,712,225,0,14,340,160,0,14,32,39,32,36,0,14,276,154,0,14
1400000US36047098800,"Census Tract 988, Kings County, New York",Brooklyn,2752,471,1643,380,1283,289,162,92,67,67,0,14,86,47,9,16,198,191,0,14,35,66,163,178,1109,212,846,203,11,21,14,23,0,14,0,14,821,201,0,14,263,145,0,14,0,14,0,14,0,14,263,145,0,14
1400000US36047099000,"Census Tract 990, Kings County, New York",Brooklyn,1479,311,805,219,712,203,56,37,1,2,24,31,15,23,16,25,37,45,0,14,0,14,37,45,674,186,415,124,0,14,41,48,30,23,0,14,344,111,0,14,259,131,0,14,3,5,4,6,0,14,252,131,0,14
1400000US36047099200,"Census Tract 992, Kings County, New York",Brooklyn,1642,431,790,251,699,249,70,55,7,11,9,13,33,35,21,32,21,35,0,14,0,14,21,35,852,354,710,321,0,14,109,85,0,14,0,14,601,318,0,14,142,132,0,14,13,21,0,14,0,14,129,130,0,14
1400000US36047099400,"Census Tract 994, Kings County, New York",Brooklyn,1525,373,727,227,676,218,46,41,0,14,0,14,46,41,0,14,5,9,5,9,0,14,0,14,798,236,681,200,0,14,16,17,0,14,0,14,665,201,0,14,117,73,0,14,21,32,0,14,0,14,96,71,0,14
1400000US36047099600,"Census Tract 996, Kings County, New York",Brooklyn,3079,950,1479,571,1417,582,17,4,0,14,0,14,12,9,5,9,45,62,0,14,0,14,45,62,1600,482,1040,347,0,14,42,36,0,14,0,14,998,350,0,14,560,254,0,14,50,81,47,73,0,14,463,227,0,14
1400000US36047099800,"Census Tract 998, Kings County, New York",Brooklyn,3348,679,1778,584,1570,501,208,185,0,14,0,14,103,90,105,167,0,14,0,14,0,14,0,14,1570,389,1161,392,26,30,12,18,24,25,0,14,1079,397,20,31,409,164,0,14,0,14,4,6,0,14,405,164,0,14
1400000US36047100400,"Census Tract 1004, Kings County, New York",Brooklyn,2423,531,1242,407,1160,392,30,31,0,14,6,11,14,23,10,15,52,64,0,14,0,14,52,64,1181,257,925,202,69,77,26,28,74,82,0,14,756,177,0,14,256,172,0,14,0,14,0,14,0,14,256,172,0,14
1400000US36047100600,"Census Tract 1006, Kings County, New York",Brooklyn,2670,510,1234,287,1039,262,91,63,19,35,0,14,72,53,0,14,104,79,0,14,0,14,104,79,1436,351,1059,250,7,10,13,20,110,67,0,14,929,239,0,14,377,236,0,14,4,10,9,16,0,14,364,233,0,14
1400000US36047100800,"Census Tract 1008, Kings County, New York",Brooklyn,2161,436,926,313,889,309,31,36,18,31,0,14,12,18,1,2,6,9,6,9,0,14,0,14,1235,273,919,191,39,40,33,29,40,30,0,14,807,189,0,14,316,156,0,14,0,14,20,22,0,14,296,156,0,14
1400000US36047101000,"Census Tract 1010, Kings County, New York",Brooklyn,2577,510,1563,399,1406,392,4,5,1,3,0,14,3,4,0,14,153,119,121,112,0,14,32,48,1014,342,835,286,40,41,28,25,9,13,0,14,758,290,0,14,179,135,0,14,11,19,22,29,0,14,146,122,0,14
1400000US36047101200,"Census Tract 1012, Kings County, New York",Brooklyn,2119,452,909,233,717,222,97,65,0,14,27,41,70,50,0,14,95,60,28,31,0,14,67,51,1210,342,923,323,10,16,59,42,150,156,0,14,704,264,0,14,287,92,0,14,25,21,18,29,0,14,228,86,16,23
1400000US36047101400,"Census Tract 1014, Kings County, New York",Brooklyn,1796,456,935,393,801,341,88,74,7,12,0,14,35,32,46,69,46,42,22,24,0,14,24,37,861,200,773,183,0,14,50,54,0,14,0,14,719,174,4,7,88,70,0,14,0,14,0,14,0,14,88,70,0,14
1400000US36047101600,"Census Tract 1016, Kings County, New York",Brooklyn,1897,335,1181,270,968,259,61,57,0,14,1,2,60,57,0,14,152,66,0,14,8,14,144,67,716,145,557,126,0,14,0,14,29,28,0,14,528,125,0,14,159,73,13,21,0,14,0,14,0,14,146,70,0,14
1400000US36047101800,"Census Tract 1018, Kings County, New York",Brooklyn,1789,419,966,208,957,206,0,14,0,14,0,14,0,14,0,14,9,13,9,13,0,14,0,14,823,333,630,213,20,24,5,8,48,69,0,14,557,218,0,14,193,147,0,14,0,14,6,8,0,14,187,147,0,14
1400000US36047102000,"Census Tract 1020, Kings County, New York",Brooklyn,2151,485,1310,358,1283,337,5,13,5,13,0,14,0,14,0,14,22,32,0,14,0,14,22,32,841,258,644,180,19,23,63,69,0,14,0,14,562,198,0,14,197,172,0,14,3,6,0,14,0,14,194,172,0,14
1400000US36047102200,"Census Tract 1022, Kings County, New York",Brooklyn,2067,574,1174,467,911,347,66,60,40,44,0,14,26,43,0,14,197,127,21,23,0,14,176,125,893,197,767,166,24,24,90,58,12,18,0,14,641,179,0,14,126,100,0,14,63,90,0,14,0,14,63,46,0,14
1400000US36047102400,"Census Tract 1024, Kings County, New York",Brooklyn,1834,475,928,368,821,352,35,37,28,40,7,11,0,14,0,14,72,64,0,14,0,14,72,64,906,182,650,129,30,32,38,35,71,64,0,14,511,142,0,14,256,120,0,14,0,14,39,44,0,14,217,134,0,14
1400000US36047102600,"Census Tract 1026, Kings County, New York",Brooklyn,2935,493,1210,379,1159,381,29,22,0,14,15,18,14,12,0,14,22,34,0,14,0,14,22,34,1725,281,1323,261,25,30,41,42,22,35,0,14,1235,274,0,14,402,171,0,14,18,28,0,14,0,14,384,172,0,14
1400000US36047102801,"Census Tract 1028.01, Kings County, New York",Brooklyn,1146,272,643,192,610,186,29,28,0,14,0,14,13,14,16,25,4,7,4,7,0,14,0,14,503,143,445,142,0,14,60,65,3,6,0,14,382,135,0,14,58,35,0,14,6,10,0,14,0,14,52,36,0,14
1400000US36047102802,"Census Tract 1028.02, Kings County, New York",Brooklyn,0,14,0,14,0,14,0,14,0,14,0,14,0,14,0,14,0,14,0,14,0,14,0,14,0,14,0,14,0,14,0,14,0,14,0,14,0,14,0,14,0,14,0,14,0,14,0,14,0,14,0,14,0,14
1400000US36047103401,"Census Tract 1034.01, Kings County, New York",Brooklyn,3637,643,3202,632,2999,631,108,79,0,14,39,62,69,53,0,14,95,64,73,57,0,14,22,34,435,176,284,126,24,30,31,33,34,39,0,14,179,121,16,20,151,124,0,14,0,14,0,14,0,14,151,124,0,14
1400000US36047103402,"Census Tract 1034.02, Kings County, New York",Brooklyn,0,14,0,14,0,14,0,14,0,14,0,14,0,14,0,14,0,14,0,14,0,14,0,14,0,14,0,14,0,14,0,14,0,14,0,14,0,14,0,14,0,14,0,14,0,14,0,14,0,14,0,14,0,14
1400000US36047105801,"Census Tract 1058.01, Kings County, New York",Brooklyn,5655,850,3266,655,2525,621,443,196,27,39,79,106,285,143,52,79,298,176,269,178,0,19,29,33,2389,549,2130,500,909,463,368,209,163,148,0,19,690,276,0,19,259,162,86,107,54,63,0,19,0,19,119,116,0,19
1400000US36047105804,"Census Tract 1058.04, Kings County, New York",Brooklyn,6083,874,4039,983,3590,974,391,223,6,13,18,29,367,220,0,19,58,56,14,21,21,36,23,37,2044,509,1759,432,538,186,454,248,110,130,8,15,649,357,0,19,285,200,86,136,48,61,36,41,0,19,115,149,0,19
1400000US36047107001,"Census Tract 1070.01, Kings County, New York",Brooklyn,4672,811,3687,730,3306,729,209,125,66,83,22,30,121,84,0,14,172,138,157,136,0,14,15,24,985,313,829,264,0,14,0,14,97,91,0,14,732,256,0,14,156,105,0,14,0,14,49,65,0,14,107,80,0,14
1400000US36047107002,"Census Tract 1070.02, Kings County, New York",Brooklyn,0,14,0,14,0,14,0,14,0,14,0,14,0,14,0,14,0,14,0,14,0,14,0,14,0,14,0,14,0,14,0,14,0,14,0,14,0,14,0,14,0,14,0,14,0,14,0,14,0,14,0,14,0,14
1400000US36047107003,"Census Tract 1070.03, Kings County, New York",Brooklyn,0,14,0,14,0,14,0,14,0,14,0,14,0,14,0,14,0,14,0,14,0,14,0,14,0,14,0,14,0,14,0,14,0,14,0,14,0,14,0,14,0,14,0,14,0,14,0,14,0,14,0,14,0,14
1400000US36047107800,"Census Tract 1078, Kings County, New York",Brooklyn,3716,681,2613,628,2226,615,286,117,62,57,0,14,220,88,4,11,101,75,101,75,0,14,0,14,1103,281,902,232,39,45,4,8,32,47,0,14,827,231,0,14,201,125,16,26,0,14,0,14,0,14,175,121,10,16
1400000US36047109800,"Census Tract 1098, Kings County, New York",Brooklyn,2348,500,993,302,935,286,50,50,23,40,0,14,11,17,16,24,8,14,0,14,0,14,8,14,1355,410,840,230,26,36,58,65,3,8,0,14,753,219,0,14,515,304,0,14,12,17,0,14,0,14,503,303,0,14
1400000US36047110400,"Census Tract 1104, Kings County, New York",Brooklyn,5199,762,3728,637,3456,693,217,143,12,21,0,19,205,141,0,19,55,63,55,63,0,19,0,19,1471,547,1223,537,0,19,0,19,22,35,0,19,1201,536,0,19,248,152,0,19,0,19,24,38,0,19,224,148,0,19
1400000US36047110600,"Census Tract 1106, Kings County, New York",Brooklyn,4117,616,3833,602,3315,530,447,216,64,62,0,14,383,216,0,14,71,81,71,81,0,14,0,14,284,182,230,176,0,14,0,14,0,14,0,14,230,176,0,14,54,54,0,14,0,14,0,14,0,14,54,54,0,14
1400000US36047111000,"Census Tract 1110, Kings County, New York",Brooklyn,2984,470,2449,470,2071,484,378,160,70,70,0,14,292,149,16,26,0,14,0,14,0,14,0,14,535,336,352,214,17,26,0,14,0,14,0,14,335,212,0,14,183,153,0,14,0,14,0,14,0,14,183,153,0,14
1400000US36047111600,"Census Tract 1116, Kings County, New York",Brooklyn,3810,845,2610,803,2133,634,234,109,52,65,5,10,172,101,5,12,243,222,181,213,30,54,32,34,1200,436,669,276,0,14,0,14,0,14,0,14,669,276,0,14,531,288,19,31,0,14,0,14,0,14,512,287,0,14
1400000US36047111800,"Census Tract 1118, Kings County, New York",Brooklyn,3872,880,2384,703,2184,689,124,98,7,11,0,14,117,90,0,14,76,64,34,34,0,14,42,39,1488,425,925,329,15,22,179,200,102,125,0,14,629,304,0,14,563,234,0,14,80,106,0,14,0,14,483,214,0,14
1400000US36047112000,"Census Tract 1120, Kings County, New York",Brooklyn,3249,724,2194,742,1873,762,165,142,0,14,0,14,165,142,0,14,156,153,156,153,0,14,0,14,1055,415,809,376,0,14,0,14,25,39,0,14,784,383,0,14,246,223,0,14,0,14,0,14,0,14,246,223,0,14
1400000US36047112200,"Census Tract 1122, Kings County, New York",Brooklyn,3500,561,2253,573,1855,571,136,46,0,14,0,14,136,46,0,14,262,211,96,86,0,14,166,178,1247,406,1003,434,9,21,8,31,282,189,0,14,704,408,0,14,244,136,0,14,0,14,29,46,0,14,215,128,0,14
1400000US36047112400,"Census Tract 1124, Kings County, New York",Brooklyn,3380,763,2130,558,1934,542,159,121,65,99,0,14,94,62,0,14,37,68,0,14,0,14,37,68,1250,588,636,261,0,14,14,30,81,123,0,14,541,250,0,14,614,444,24,37,0,14,0,14,0,14,590,440,0,14
1400000US36047112600,"Census Tract 1126, Kings County, New York",Brooklyn,4406,775,2392,555,2124,530,189,143,0,14,0,14,144,114,45,72,79,91,79,91,0,14,0,14,2014,655,1263,547,0,14,0,14,161,225,0,14,1102,483,0,14,751,360,0,14,0,14,16,37,0,14,735,362,0,14
1400000US36047112800,"Census Tract 1128, Kings County, New York",Brooklyn,3933,944,2453,772,1834,642,543,354,309,296,0,14,234,217,0,14,76,83,23,37,53,75,0,14,1480,568,806,262,0,14,33,52,31,44,0,14,742,262,0,14,674,503,0,14,0,14,440,518,0,14,234,142,0,14
1400000US36047113000,"Census Tract 1130, Kings County, New York",Brooklyn,4490,731,2516,600,2288,565,228,162,0,14,0,14,228,162,0,14,0,14,0,14,0,14,0,14,1974,578,1011,256,0,14,155,178,85,91,0,14,771,250,0,14,963,531,18,28,111,105,82,133,0,14,701,405,51,79
1400000US36047113200,"Census Tract 1132, Kings County, New York",Brooklyn,2637,500,1597,339,1506,321,63,60,16,20,0,14,45,51,2,11,28,27,28,27,0,14,0,14,1040,397,751,318,0,14,14,25,53,93,0,14,684,308,0,14,289,229,0,14,0,14,79,133,0,14,210,119,0,14
1400000US36047113400,"Census Tract 1134, Kings County, New York",Brooklyn,2615,369,2439,374,2163,394,227,126,40,60,23,35,164,118,0,14,49,39,22,24,0,14,27,33,176,88,176,88,0,14,0,14,0,14,0,14,176,88,0,14,0,14,0,14,0,14,0,14,0,14,0,14,0,14
1400000US36047114201,"Census Tract 1142.01, Kings County, New York",Brooklyn,1548,335,986,394,649,289,112,69,31,29,0,14,66,57,15,25,225,202,225,202,0,14,0,14,562,224,232,103,0,14,45,38,0,14,0,14,187,100,0,14,330,166,0,14,70,88,0,14,0,14,260,144,0,14
1400000US36047114202,"Census Tract 1142.02, Kings County, New York",Brooklyn,2331,602,1550,414,1240,379,180,96,0,14,15,17,109,82,56,57,130,89,84,72,0,14,46,48,781,288,442,141,16,21,0,14,11,18,0,14,415,139,0,14,339,268,44,69,0,14,32,50,0,14,263,249,0,14
1400000US36047114400,"Census Tract 1144, Kings County, New York",Brooklyn,2423,458,1924,496,1715,503,188,149,0,14,0,14,156,141,32,46,21,25,21,25,0,14,0,14,499,218,374,174,0,14,22,33,0,14,0,14,352,174,0,14,125,84,0,14,21,28,0,14,0,14,104,84,0,14
1400000US36047114600,"Census Tract 1146, Kings County, New York",Brooklyn,3130,807,1936,609,1615,506,32,44,25,41,0,14,7,16,0,14,289,192,118,85,0,14,171,174,1194,403,681,323,0,14,14,13,17,18,0,14,650,325,0,14,513,228,8,18,24,30,0,14,0,14,481,208,0,14
1400000US36047115000,"Census Tract 1150, Kings County, New York",Brooklyn,2962,637,1840,575,1595,574,125,101,0,14,5,8,43,43,77,92,120,91,55,67,0,14,65,51,1122,327,737,300,0,14,0,14,273,255,0,14,464,175,0,14,385,266,0,14,0,14,49,51,0,14,336,253,0,14
1400000US36047115200,"Census Tract 1152, Kings County, New York",Brooklyn,2558,778,1674,661,1385,570,165,125,0,14,0,14,131,98,34,55,124,113,124,113,0,14,0,14,884,394,532,272,0,14,0,14,56,64,0,14,476,256,0,14,352,306,0,14,0,14,53,85,0,14,299,300,0,14
1400000US36047115600,"Census Tract 1156, Kings County, New York",Brooklyn,4108,612,2724,521,2138,516,261,154,189,151,26,44,46,55,0,14,325,266,150,108,0,14,175,265,1384,440,743,259,44,63,33,51,22,36,0,14,644,250,0,14,641,363,0,14,106,183,0,14,0,14,535,335,0,14
1400000US36047115800,"Census Tract 1158, Kings County, New York",Brooklyn,2529,696,1398,580,1203,534,162,127,16,40,6,11,140,123,0,14,33,43,25,28,0,14,8,27,1131,471,754,337,0,14,0,14,0,14,0,14,754,337,0,14,377,244,0,14,39,60,0,14,0,14,338,234,0,14
1400000US36047116000,"Census Tract 1160, Kings County, New York",Brooklyn,2420,494,1743,439,1472,360,156,77,56,45,6,10,94,64,0,14,115,78,0,14,0,14,115,78,677,197,428,155,0,14,46,68,47,70,0,14,335,110,0,14,249,109,0,14,11,23,0,14,0,14,238,104,0,14
1400000US36047116200,"Census Tract 1162, Kings County, New York",Brooklyn,2571,662,1627,554,1445,502,143,95,0,14,28,31,115,85,0,14,39,64,39,64,0,14,0,14,944,276,812,221,0,14,9,13,52,70,0,14,751,215,0,14,132,96,0,14,0,14,60,66,0,14,66,71,6,9
1400000US36047116400,"Census Tract 1164, Kings County, New York",Brooklyn,3936,839,2765,610,2491,660,141,133,0,14,9,14,132,137,0,14,133,114,114,111,0,14,19,25,1171,500,983,442,27,40,169,249,0,14,0,14,787,364,0,14,188,192,0,14,0,14,104,168,0,14,84,82,0,14
1400000US36047116600,"Census Tract 1166, Kings County, New York",Brooklyn,2998,699,1922,403,1799,426,77,72,22,37,0,14,55,64,0,14,46,66,46,66,0,14,0,14,1076,545,609,225,0,14,64,98,2,15,0,14,543,208,0,14,467,473,0,14,0,14,0,14,0,14,467,473,0,14
1400000US36047116800,"Census Tract 1168, Kings County, New York",Brooklyn,2661,582,1278,452,1175,445,25,42,0,14,0,14,0,14,25,42,78,124,20,31,0,14,58,95,1383,373,606,257,0,14,7,10,126,113,0,14,473,233,0,14,777,301,242,226,30,47,7,11,0,14,498,323,0,14
1400000US36047117000,"Census Tract 1170, Kings County, New York",Brooklyn,1952,528,1110,512,790,323,19,29,0,14,19,29,0,14,0,14,301,368,258,359,0,14,43,63,842,220,419,164,0,14,0,14,0,14,0,14,419,164,0,14,423,179,0,14,0,14,0,14,0,14,423,179,0,14
1400000US36047117201,"Census Tract 1172.01, Kings County, New York",Brooklyn,1961,301,1301,266,1089,276,51,50,5,10,33,35,0,14,13,18,161,94,115,81,0,14,46,40,660,244,493,168,23,27,25,28,0,14,0,14,445,159,0,14,167,122,0,14,7,11,0,14,0,14,160,121,0,14
1400000US36047117202,"Census Tract 1172.02, Kings County, New York",Brooklyn,4720,1093,2934,565,2382,529,424,238,115,93,21,34,232,189,56,62,128,106,128,106,0,14,0,14,1786,760,1115,732,27,34,0,14,0,14,0,14,1088,730,0,14,671,225,53,86,8,11,0,14,0,14,610,226,0,14
1400000US36047117400,"Census Tract 1174, Kings County, New York",Brooklyn,3827,762,2286,627,1972,578,115,116,53,85,51,77,11,18,0,14,199,120,197,120,0,14,2,8,1541,475,933,389,111,101,131,181,0,14,0,14,691,324,0,14,608,250,0,14,2,9,0,14,0,14,606,250,0,14
1400000US36047117601,"Census Tract 1176.01, Kings County, New York",Brooklyn,3029,748,1392,340,1177,321,73,48,0,14,0,14,43,38,30,28,142,70,54,37,0,14,88,55,1637,594,907,407,0,14,39,36,23,39,0,14,845,407,0,14,730,374,0,14,0,14,0,14,0,14,730,374,0,14
1400000US36047117602,"Census Tract 1176.02, Kings County, New York",Brooklyn,3393,742,2219,642,1933,535,227,99,34,57,34,51,0,14,159,122,59,123,59,123,0,14,0,14,1174,355,927,322,0,14,77,134,0,14,0,14,850,310,0,14,247,187,0,14,69,83,0,14,0,14,178,171,0,14
1400000US36047117800,"Census Tract 1178, Kings County, New York",Brooklyn,1777,556,621,283,596,283,19,26,0,14,8,12,0,14,11,21,6,8,0,14,0,14,6,8,1156,410,967,435,0,14,80,60,0,14,0,14,887,436,0,14,189,92,0,14,22,35,0,14,0,14,167,99,0,14
1400000US36047118000,"Census Tract 1180, Kings County, New York",Brooklyn,0,14,0,14,0,14,0,14,0,14,0,14,0,14,0,14,0,14,0,14,0,14,0,14,0,14,0,14,0,14,0,14,0,14,0,14,0,14,0,14,0,14,0,14,0,14,0,14,0,14,0,14,0,14
1400000US36047118201,"Census Tract 1182.01, Kings County, New York",Brooklyn,3674,620,1803,398,1709,408,33,39,0,14,12,20,21,34,0,14,61,62,33,55,0,14,28,25,1871,557,899,252,0,14,126,119,21,31,0,14,752,256,0,14,972,514,0,14,10,14,0,14,0,14,962,514,0,14
1400000US36047118202,"Census Tract 1182.02, Kings County, New York",Brooklyn,3288,614,1370,500,1304,504,11,16,0,14,0,14,11,16,0,14,55,37,44,38,0,14,11,16,1918,455,897,219,0,14,51,59,0,14,0,14,846,222,0,14,1021,377,18,28,107,163,0,14,0,14,896,377,0,14
1400000US36047118400,"Census Tract 1184, Kings County, New York",Brooklyn,4826,878,1503,561,1358,563,68,75,0,14,28,47,40,58,0,14,77,93,76,93,0,14,1,3,3323,874,2032,676,0,14,13,19,0,14,0,14,2019,679,0,14,1291,526,0,14,76,110,0,14,0,14,1215,528,0,14
1400000US36047118600,"Census Tract 1186, Kings County, New York",Brooklyn,3099,576,1477,441,1370,416,6,11,6,11,0,14,0,14,0,14,101,94,20,32,0,14,81,93,1622,496,1114,440,0,14,538,422,0,14,0,14,576,226,0,14,508,221,0,14,117,102,0,14,0,14,391,216,0,14
1400000US36047118800,"Census Tract 1188, Kings County, New York",Brooklyn,4778,1016,2033,743,1836,723,23,36,0,14,23,36,0,14,0,14,174,117,0,14,0,14,174,117,2745,672,2104,612,14,23,1147,508,38,59,0,14,905,351,0,14,641,241,15,25,375,223,0,14,0,14,251,131,0,14
1400000US36047119000,"Census Tract 1190, Kings County, New York",Brooklyn,1785,516,871,201,784,184,43,68,0,14,0,14,43,68,0,14,44,42,44,42,0,14,0,14,914,469,529,224,0,14,105,104,97,116,0,14,327,161,0,14,385,339,0,14,0,14,0,14,0,14,385,339,0,14
1400000US36047119200,"Census Tract 1192, Kings County, New York",Brooklyn,3885,724,2340,572,2017,578,183,118,61,66,0,14,122,102,0,14,140,136,84,109,0,14,56,99,1545,512,1122,448,24,37,141,130,17,27,0,14,940,511,0,14,423,310,0,14,0,14,0,14,0,14,423,310,0,14
1400000US36047119400,"Census Tract 1194, Kings County, New York",Brooklyn,4816,1084,2978,752,2692,781,286,143,138,118,0,14,96,92,52,81,0,14,0,14,0,14,0,14,1838,739,965,267,0,14,172,166,117,114,0,14,676,237,0,14,873,622,0,14,450,525,0,14,0,14,423,340,0,14
1400000US36047119600,"Census Tract 1196, Kings County, New York",Brooklyn,5979,804,3294,875,2767,757,35,35,0,19,16,26,19,21,0,19,492,378,389,363,28,46,75,92,2685,570,1692,510,0,19,705,432,25,40,0,19,962,423,0,19,993,439,0,19,726,406,24,41,0,19,243,255,0,19
1400000US36047119800,"Census Tract 1198, Kings County, New York",Brooklyn,3514,938,1956,576,1811,554,75,61,15,33,0,14,60,49,0,14,70,76,70,76,0,14,0,14,1558,946,674,323,26,35,5,13,0,14,0,14,643,313,0,14,884,721,53,41,120,189,0,14,0,14,711,728,0,14
1400000US36047120000,"Census Tract 1200, Kings County, New York",Brooklyn,2922,440,1421,332,1337,333,57,40,13,15,14,25,22,23,8,14,27,28,27,28,0,14,0,14,1501,391,896,179,14,21,339,160,151,135,0,14,392,139,0,14,605,398,8,12,321,335,176,181,0,14,100,84,0,14
1400000US36047120200,"Census Tract 1202, Kings County, New York",Brooklyn,1999,407,933,340,912,336,21,25,21,25,0,14,0,14,0,14,0,14,0,14,0,14,0,14,1066,278,628,237,0,14,358,183,17,24,0,14,253,126,0,14,438,210,0,14,81,62,16,24,0,14,341,219,0,14
1400000US36047120801,"Census Tract 1208.01, Kings County, New York",Brooklyn,4834,984,2503,717,2013,707,373,325,141,166,0,14,230,183,2,5,117,129,16,25,10,17,91,128,2331,734,1556,642,87,131,419,231,14,37,0,14,1036,584,0,14,775,255,0,14,559,248,16,41,0,14,200,221,0,14
1400000US36047120802,"Census Tract 1208.02, Kings County, New York",Brooklyn,5247,1381,3675,1020,3596,1024,49,43,0,19,0,19,49,43,0,19,30,50,30,50,0,19,0,19,1572,601,1268,583,39,62,0,19,1134,578,0,19,95,79,0,19,304,143,0,19,59,94,170,124,0,19,75,96,0,19
1400000US36047120803,"Census Tract 1208.03, Kings County, New York",Brooklyn,1350,233,965,196,770,220,154,80,20,23,0,14,89,37,45,69,41,46,41,46,0,14,0,14,385,149,275,97,0,14,1,10,34,36,0,14,240,105,0,14,110,77,22,34,0,14,0,14,0,14,88,69,0,14
1400000US36047121000,"Census Tract 1210, Kings County, New York",Brooklyn,3738,755,2935,569,2735,565,134,92,19,30,0,14,115,95,0,14,66,67,56,65,0,14,10,21,803,390,352,166,0,14,0,14,0,14,0,14,352,166,0,14,451,370,0,14,19,29,0,14,0,14,432,368,0,14
1400000US36047121400,"Census Tract 1214, Kings County, New York",Brooklyn,4512,837,3424,888,3125,895,241,126,53,66,0,14,188,96,0,14,58,61,25,39,0,14,33,49,1088,406,883,386,0,14,0,14,0,14,0,14,883,386,0,14,205,140,0,14,18,28,0,14,0,14,187,142,0,14
1400000US36047122000,"Census Tract 1220, Kings County, New York",Brooklyn,6991,1232,4665,1013,4184,1024,211,163,77,126,0,19,134,99,0,19,270,241,214,222,0,19,56,95,2326,748,1730,679,0,19,30,51,552,447,0,19,1148,547,0,19,596,462,0,19,202,334,50,83,0,19,344,341,0,19
1400000US36047123700,"Census Tract 1237, Kings County, New York",Brooklyn,9642,1611,9099,1595,8964,1625,0,19,0,19,0,19,0,19,0,19,135,100,15,24,0,19,120,98,543,292,288,210,0,19,127,103,0,19,0,19,35,32,126,188,255,213,73,106,0,19,0,19,0,19,182,193,0,19
1400000US36047150200,"Census Tract 1502, Kings County, New York",Brooklyn,2884,426,2466,423,1588,316,814,222,311,120,204,107,212,97,87,65,64,59,0,14,0,14,64,59,418,120,240,104,74,59,16,18,11,16,9,14,108,99,22,26,178,92,87,67,51,45,0,14,0,14,15,25,25,38
1400000US36047152200,"Census Tract 1522, Kings County, New York",Brooklyn,2913,647,2053,243,1256,268,783,217,200,99,128,75,375,206,80,59,14,22,0,14,0,14,14,22,860,546,666,517,78,58,480,522,0,14,0,14,108,68,0,14,194,148,62,73,29,36,0,14,27,41,76,96,0,14
1400000US36047990100,"Census Tract 9901, Kings County, New York",Brooklyn,0,14,0,14,0,14,0,14,0,14,0,14,0,14,0,14,0,14,0,14,0,14,0,14,0,14,0,14,0,14,0,14,0,14,0,14,0,14,0,14,0,14,0,14,0,14,0,14,0,14,0,14,0,14
1400000US36061000100,"Census Tract 1, New York County, New York",Manhattan,0,14,0,14,0,14,0,14,0,14,0,14,0,14,0,14,0,14,0,14,0,14,0,14,0,14,0,14,0,14,0,14,0,14,0,14,0,14,0,14,0,14,0,14,0,14,0,14,0,14,0,14,0,14
1400000US36061000201,"Census Tract 2.01, New York County, New York",Manhattan,2666,1277,2216,1276,1792,1273,210,115,51,70,34,32,56,35,69,69,214,151,197,151,0,14,17,23,450,153,317,120,19,31,250,111,0,14,0,14,48,40,0,14,133,79,29,36,54,41,0,14,0,14,39,58,11,16
1400000US36061000202,"Census Tract 2.02, New York County, New York",Manhattan,6763,777,4931,728,3833,625,692,280,366,268,112,92,88,79,126,97,406,171,366,156,0,19,40,61,1832,546,1460,399,97,101,752,245,0,19,20,33,567,300,24,42,372,330,12,19,331,329,0,19,0,19,29,34,0,19
1400000US36061000500,"Census Tract 5, New York County, New York",Manhattan,0,14,0,14,0,14,0,14,0,14,0,14,0,14,0,14,0,14,0,14,0,14,0,14,0,14,0,14,0,14,0,14,0,14,0,14,0,14,0,14,0,14,0,14,0,14,0,14,0,14,0,14,0,14
1400000US36061000600,"Census Tract 6, New York County, New York",Manhattan,10302,1393,5466,1051,3681,867,916,446,382,390,55,98,263,198,216,169,869,356,706,342,6,13,157,131,4836,902,3088,623,127,155,2388,460,73,114,0,21,471,385,29,46,1748,800,0,21,1703,802,7,17,0,21,38,55,0,21
1400000US36061000700,"Census Tract 7, New York County, New York",Manhattan,9134,1087,6872,997,3239,717,3532,693,1102,494,778,357,1050,415,602,293,101,104,61,86,0,19,40,71,2262,614,1150,514,105,121,650,366,63,104,0,19,266,241,66,87,1112,419,304,157,178,167,62,102,152,202,244,249,172,168
1400000US36061000800,"Census Tract 8, New York County, New York",Manhattan,8747,1467,3159,773,2367,693,785,388,356,246,125,108,157,139,147,135,7,14,0,19,0,19,7,14,5588,1089,2657,690,76,63,2460,653,0,19,0,19,121,170,0,19,2931,849,159,149,2752,867,0,19,0,19,20,35,0,19
1400000US36061000900,"Census Tract 9, New York County, New York",Manhattan,1966,288,1604,284,764,233,779,189,311,181,162,75,227,101,79,55,61,32,28,28,0,14,33,25,362,112,203,100,10,13,153,93,3,5,0,14,37,34,0,14,159,60,35,40,45,26,0,14,5,7,25,28,49,37
1400000US36061001001,"Census Tract 10.01, New York County, New York",Manhattan,1745,211,1562,206,1172,213,343,105,105,53,81,48,115,52,42,28,47,26,23,18,0,14,24,22,183,76,145,68,7,10,101,60,0,14,0,14,25,20,12,13,38,29,2,3,17,22,0,14,0,14,6,9,13,14
1400000US36061001002,"Census Tract 10.02, New York County, New York",Manhattan,6513,862,4482,773,3830,740,98,78,30,40,13,25,55,69,0,19,554,340,398,232,156,277,0,19,2031,566,1599,514,33,38,971,443,0,19,0,19,595,317,0,19,432,222,18,30,103,79,69,75,0,19,242,186,0,19
1400000US36061001200,"Census Tract 12, New York County, New York",Manhattan,4173,520,3023,398,2101,353,759,185,152,63,160,113,216,116,231,109,163,97,62,44,0,14,101,73,1150,269,726,186,193,104,318,152,54,60,10,16,151,78,0,14,424,226,142,173,169,103,34,53,26,40,53,58,0,14
1400000US36061001300,"Census Tract 13, New York County, New York",Manhattan,5062,767,3183,614,1631,376,1513,475,289,138,392,250,483,365,349,181,39,42,0,19,0,19,39,42,1879,643,510,185,94,92,276,156,0,19,0,19,107,125,33,52,1369,648,437,220,824,635,0,19,0,19,85,82,23,38
1400000US36061001401,"Census Tract 14.01, New York County, New York",Manhattan,3707,682,3116,637,2218,525,687,257,177,90,95,77,150,86,265,197,211,103,133,80,48,72,30,28,591,183,520,181,133,98,225,142,21,23,0,14,96,67,45,55,71,47,27,24,21,32,10,15,13,20,0,14,0,14
1400000US36061001402,"Census Tract 14.02, New York County, New York",Manhattan,3463,694,1965,389,985,303,914,327,262,213,179,106,274,131,199,128,66,57,39,49,0,14,27,28,1498,537,787,200,28,36,560,113,13,31,0,14,146,119,40,64,711,509,76,73,372,456,5,10,30,48,156,127,72,102
1400000US36061001501,"Census Tract 15.01, New York County, New York",Manhattan,7677,1806,5976,1707,3868,1319,2000,777,857,557,451,354,447,185,245,124,108,94,25,41,0,19,83,81,1701,421,1263,402,281,204,891,325,7,16,0,19,84,90,0,19,438,193,235,123,180,132,0,19,0,19,11,24,12,23
1400000US36061001502,"Census Tract 15.02, New York County, New York",Manhattan,8375,873,6572,739,2519,489,3905,655,1602,416,529,274,992,420,782,274,148,126,0,19,0,19,148,126,1803,463,855,381,300,281,442,211,0,19,0,19,113,114,0,19,948,271,374,173,346,181,0,19,28,37,139,74,61,84
1400000US36061001600,"Census Tract 16, New York County, New York",Manhattan,7221,1171,3319,704,2322,575,897,351,342,174,229,155,237,148,89,70,100,94,0,19,0,19,100,94,3902,945,2603,784,51,80,2459,764,61,69,0,19,32,52,0,19,1299,424,15,29,1170,404,0,19,16,26,48,38,50,75
1400000US36061001800,"Census Tract 18, New York County, New York",Manhattan,6706,943,3586,589,1431,431,1914,501,666,406,611,343,204,112,433,182,241,123,64,69,12,19,165,103,3120,750,1848,653,19,31,1462,587,34,39,0,19,264,173,69,113,1272,482,157,97,922,468,0,19,35,42,101,67,57,71
1400000US36061002000,"Census Tract 20, New York County, New York",Manhattan,5048,723,3540,733,2832,632,138,99,42,60,27,47,40,50,29,32,570,223,436,192,0,19,134,98,1508,361,1145,407,28,31,528,171,13,20,0,19,576,398,0,19,363,247,0,19,85,88,0,19,0,19,278,265,0,19
1400000US36061002100,"Census Tract 21, New York County, New York",Manhattan,7441,996,5989,1011,3147,649,2783,911,1294,504,561,283,404,245,524,433,59,58,0,19,0,19,59,58,1452,385,664,238,359,171,188,115,99,137,0,19,18,33,0,19,788,331,170,122,357,222,92,108,0,19,127,181,42,52
1400000US36061002201,"Census Tract 22.01, New York County, New York",Manhattan,6795,838,4839,761,3333,625,1122,368,609,302,33,62,369,191,111,111,384,174,353,169,0,19,31,38,1956,499,1316,417,275,235,565,218,0,19,24,35,452,228,0,19,640,266,122,113,253,146,62,102,31,48,172,158,0,19
1400000US36061002202,"Census Tract 22.02, New York County, New York",Manhattan,2502,569,1854,518,650,181,1136,477,287,129,270,252,109,98,470,243,68,50,0,14,0,14,68,50,648,193,358,134,58,45,141,74,0,14,32,48,127,83,0,14,290,109,41,26,138,69,7,12,13,20,81,83,10,15
1400000US36061002400,"Census Tract 24, New York County, New York",Manhattan,4523,773,2845,356,2130,436,288,175,0,14,41,71,237,157,10,16,427,156,352,132,0,14,75,80,1678,664,847,302,0,14,229,102,65,52,0,14,553,294,0,14,831,544,0,14,358,355,0,14,0,14,473,433,0,14
1400000US36061002500,"Census Tract 25, New York County, New York",Manhattan,4476,900,2871,849,2119,456,421,421,30,41,53,60,326,409,12,20,331,138,289,122,0,14,42,64,1605,249,1260,215,37,45,1064,192,0,14,0,14,159,100,0,14,345,160,25,33,169,99,35,59,0,14,116,95,0,14
1400000US36061002601,"Census Tract 26.01, New York County, New York",Manhattan,4199,756,3237,627,1890,396,810,332,370,276,149,92,158,98,133,102,537,247,377,189,0,14,160,132,962,476,680,454,346,436,140,85,0,14,0,14,194,85,0,14,282,146,89,63,20,29,122,106,4,9,42,56,5,14
1400000US36061002602,"Census Tract 26.02, New York County, New York",Manhattan,3528,547,2473,443,1111,404,1236,287,251,139,413,229,346,124,226,127,126,127,98,115,0,14,28,48,1055,493,403,238,156,114,132,99,5,16,0,14,110,185,0,14,652,423,448,401,125,105,0,14,0,14,45,52,34,54
1400000US36061002700,"Census Tract 27, New York County, New York",Manhattan,1101,320,685,293,533,298,122,74,29,19,0,14,57,58,36,25,30,35,0,14,0,14,30,35,416,97,300,91,10,12,268,91,0,14,0,14,21,16,1,2,116,47,49,27,66,40,0,14,0,14,1,2,0,14
1400000US36061002800,"Census Tract 28, New York County, New York",Manhattan,6509,1033,4866,985,3043,654,1200,475,301,185,247,130,500,350,152,93,623,363,460,298,0,19,163,220,1643,428,995,251,138,109,461,190,0,19,0,19,396,173,0,19,648,315,61,65,273,162,16,35,193,259,105,99,0,19
1400000US36061002901,"Census Tract 29.01, New York County, New York",Manhattan,562,74,364,59,290,57,46,40,5,13,1,3,40,35,0,14,28,23,19,21,0,14,9,22,198,90,94,67,0,14,57,56,0,14,0,14,37,39,0,14,104,74,14,21,8,22,0,14,0,14,82,66,0,14
1400000US36061002902,"Census Tract 29.02, New York County, New York",Manhattan,3493,898,1968,730,1568,677,311,161,112,75,24,27,101,83,74,73,89,80,59,86,0,14,30,37,1525,385,1153,317,21,34,1084,294,48,76,0,14,0,14,0,14,372,191,46,50,315,194,0,14,11,21,0,14,0,14
1400000US36061003001,"Census Tract 30.01, New York County, New York",Manhattan,4270,581,3083,530,1530,424,1473,270,353,185,440,198,301,156,379,178,80,95,65,87,0,14,15,36,1187,352,523,216,109,82,203,107,0,14,0,14,211,159,0,14,664,280,134,96,140,90,13,29,0,14,361,284,16,27
1400000US36061003002,"Census Tract 30.02, New York County, New York",Manhattan,2833,258,2047,268,732,192,1160,265,309,145,351,125,377,195,123,73,155,91,134,92,0,14,21,22,786,183,346,132,80,79,211,103,23,36,0,14,32,28,0,14,440,184,67,53,193,140,7,12,54,48,36,45,83,101
1400000US36061003100,"Census Tract 31, New York County, New York",Manhattan,2910,323,2109,164,928,154,1135,164,377,145,136,49,247,96,375,100,46,33,7,12,0,14,39,31,801,271,406,224,59,61,308,212,0,14,0,14,36,36,3,6,395,109,121,65,202,74,0,14,7,11,36,31,29,33
1400000US36061003200,"Census Tract 32, New York County, New York",Manhattan,7866,1300,6659,1295,3417,920,3128,726,1007,527,565,266,812,403,744,312,114,139,0,19,0,19,114,139,1207,360,526,221,266,198,147,128,0,19,0,19,70,77,43,72,681,308,219,209,203,181,0,19,37,60,137,132,85,114
1400000US36061003300,"Census Tract 33, New York County, New York",Manhattan,5951,720,4912,743,2362,445,2468,634,1178,467,497,380,552,311,241,176,82,90,0,19,0,19,82,90,1039,267,613,215,105,72,354,180,36,52,25,41,83,94,10,21,426,207,225,159,81,102,19,31,0,19,69,79,32,50
1400000US36061003400,"Census Tract 34, New York County, New York",Manhattan,6990,1061,5659,1034,1815,555,3388,691,1120,454,703,520,905,415,660,322,456,381,0,19,0,19,456,381,1331,351,687,294,187,164,352,247,0,19,0,19,148,164,0,19,644,281,165,158,320,204,0,19,14,23,134,71,11,18
1400000US36061003601,"Census Tract 36.01, New York County, New York",Manhattan,3050,406,1886,331,1193,265,664,310,133,92,267,261,158,91,106,82,29,34,14,22,0,14,15,26,1164,220,891,218,177,174,401,96,0,14,0,14,313,170,0,14,273,143,51,56,31,33,11,27,0,14,172,147,8,12
1400000US36061003602,"Census Tract 36.02, New York County, New York",Manhattan,3444,515,2817,503,1219,287,1438,370,373,123,260,113,385,177,420,254,160,97,28,22,0,14,132,93,627,146,324,130,120,71,64,49,0,14,0,14,140,100,0,14,303,119,105,75,94,54,4,10,0,14,97,72,3,5
1400000US36061003700,"Census Tract 37, New York County, New York",Manhattan,3460,656,2879,604,1101,312,1546,617,393,163,355,156,613,549,185,111,232,197,16,26,0,14,216,195,581,282,245,258,55,40,0,14,0,14,0,14,190,259,0,14,336,139,122,101,51,66,67,76,34,44,31,45,31,46
1400000US36061003800,"Census Tract 38, New York County, New York",Manhattan,7282,1161,5578,1020,2032,679,3089,650,1156,421,679,429,456,208,798,292,457,361,78,137,0,19,379,336,1704,539,934,391,274,188,406,278,109,185,0,19,145,167,0,19,770,381,374,286,375,324,0,19,0,19,17,26,4,9
1400000US36061003900,"Census Tract 39, New York County, New York",Manhattan,5699,1143,4381,759,2926,698,1370,376,697,272,193,111,253,103,227,136,85,92,18,29,0,19,67,84,1318,884,1135,860,84,92,954,852,3,5,0,19,94,131,0,19,183,104,60,47,61,75,0,19,17,26,40,51,5,8
1400000US36061004001,"Census Tract 40.01, New York County, New York",Manhattan,3304,539,2514,535,697,286,1817,520,484,289,306,182,469,357,558,303,0,14,0,14,0,14,0,14,790,202,398,192,118,101,180,128,0,14,0,14,82,61,18,30,392,121,206,131,117,46,11,20,24,38,16,48,18,29
1400000US36061004002,"Census Tract 40.02, New York County, New York",Manhattan,6268,1660,4816,1040,1941,745,2759,820,570,226,483,338,659,223,1047,459,116,98,14,26,0,19,102,95,1452,928,394,207,61,72,153,137,0,19,57,79,111,154,12,17,1058,890,191,137,242,126,13,21,515,774,97,92,0,19
1400000US36061004100,"Census Tract 41, New York County, New York",Manhattan,6889,1593,3942,743,2113,626,1745,455,845,387,180,106,394,177,326,146,84,73,0,19,0,19,84,73,2947,1139,2324,1100,864,1029,1362,394,23,34,0,19,75,65,0,19,623,286,54,54,448,274,0,19,18,40,65,59,38,40
1400000US36061004200,"Census Tract 42, New York County, New York",Manhattan,5141,395,4181,454,1314,272,2814,406,1020,280,367,121,789,171,638,154,53,39,12,23,0,19,41,32,960,188,208,58,43,47,112,55,17,18,0,19,36,37,0,19,752,174,133,90,527,147,11,17,11,21,30,43,40,40
1400000US36061004300,"Census Tract 43, New York County, New York",Manhattan,3524,469,2436,516,587,226,1828,495,246,169,697,405,423,190,462,214,21,37,0,14,0,14,21,37,1088,322,921,323,164,152,357,230,0,14,17,26,315,241,68,89,167,119,30,37,137,113,0,14,0,14,0,14,0,14
1400000US36061004400,"Census Tract 44, New York County, New York",Manhattan,16963,2244,12542,1817,7682,1380,4600,1266,1080,527,933,376,1557,650,1030,608,260,396,0,21,0,21,260,396,4421,1334,2163,602,1007,439,1053,505,0,21,0,21,103,133,0,21,2258,1080,800,557,848,758,0,21,0,21,227,250,383,329
1400000US36061004500,"Census Tract 45, New York County, New York",Manhattan,957,186,773,168,391,108,379,100,143,66,23,26,106,67,107,50,3,20,3,20,0,14,0,14,184,84,86,52,29,20,40,33,0,14,0,14,17,24,0,14,98,62,67,54,10,13,0,14,4,7,0,14,17,18
1400000US36061004700,"Census Tract 47, New York County, New York",Manhattan,2187,438,1364,317,575,179,778,211,186,103,142,79,373,154,77,63,11,17,0,14,0,14,11,17,823,334,179,102,36,29,79,81,11,17,0,14,33,32,20,34,644,328,274,166,79,115,10,14,244,364,37,46,0,14
1400000US36061004800,"Census Tract 48, New York County, New York",Manhattan,6972,724,5713,705,2981,547,2614,434,850,232,631,293,710,213,423,132,118,94,66,80,17,25,35,43,1259,309,638,239,191,156,342,133,24,39,23,38,58,51,0,19,621,195,63,51,397,155,5,10,0,19,72,56,84,73
1400000US36061004900,"Census Tract 49, New York County, New York",Manhattan,4203,835,3410,793,1237,329,2130,702,745,341,453,207,580,342,352,190,43,50,16,26,0,14,27,44,793,266,425,186,239,129,147,128,0,14,19,31,0,14,20,27,368,197,205,147,5,8,0,14,20,33,105,109,33,38
1400000US36061005000,"Census Tract 50, New York County, New York",Manhattan,4774,783,4093,578,2301,557,1730,288,715,191,299,141,390,142,326,134,62,54,0,14,0,14,62,54,681,332,461,296,257,264,135,90,0,14,0,14,49,51,20,33,220,140,88,115,84,62,9,22,17,28,0,14,22,36
1400000US36061005200,"Census Tract 52, New York County, New York",Manhattan,3543,360,2966,322,1367,255,1577,239,546,155,136,74,532,158,363,120,22,28,12,23,0,14,10,17,577,192,360,136,141,97,124,66,28,31,0,14,25,23,42,40,217,139,60,45,110,100,13,21,8,14,0,14,26,34
1400000US36061005400,"Census Tract 54, New York County, New York",Manhattan,4453,541,3284,368,2081,324,1153,285,522,219,172,112,277,113,182,110,50,59,0,14,0,14,50,59,1169,492,729,460,105,90,246,150,0,14,0,14,20,33,358,402,440,218,48,49,176,148,90,132,0,14,39,42,87,64
1400000US36061005501,"Census Tract 55.01, New York County, New York",Manhattan,5346,775,3308,572,1734,554,1465,303,365,163,139,84,520,230,441,158,109,88,16,33,0,19,93,73,2038,570,931,239,269,165,458,219,0,19,46,51,158,97,0,19,1107,527,183,96,814,529,0,19,0,19,81,70,29,33
1400000US36061005502,"Census Tract 55.02, New York County, New York",Manhattan,1899,278,1240,222,434,124,692,183,193,88,181,86,90,50,228,89,114,99,49,75,0,14,65,67,659,231,432,200,119,66,253,188,17,29,11,18,17,29,15,27,227,91,76,59,15,17,34,57,18,30,63,66,21,34
1400000US36061005600,"Census Tract 56, New York County, New York",Manhattan,3822,703,2653,367,1505,345,1024,244,516,187,155,110,228,107,125,93,124,111,25,38,0,14,99,100,1169,631,655,433,273,211,103,78,15,26,0,14,264,355,0,14,514,282,68,62,64,71,13,22,3,5,326,273,40,50
1400000US36061005700,"Census Tract 57, New York County, New York",Manhattan,2600,578,2433,573,1474,528,934,251,409,141,115,60,304,204,106,57,25,23,0,14,0,14,25,23,167,73,117,61,12,18,50,39,0,14,0,14,36,43,19,21,50,40,13,20,18,21,0,14,0,14,12,24,7,11
1400000US36061005800,"Census Tract 58, New York County, New York",Manhattan,3986,581,3290,610,1666,522,1456,328,581,281,444,191,248,127,183,132,168,134,0,14,0,14,168,134,696,335,413,246,87,81,300,257,0,14,0,14,26,42,0,14,283,176,39,50,118,140,0,14,0,14,126,111,0,14
1400000US36061005900,"Census Tract 59, New York County, New York",Manhattan,5120,629,4089,591,2054,410,2012,464,829,313,177,94,731,277,275,110,23,36,0,19,0,19,23,36,1031,313,559,258,291,201,77,68,13,20,0,19,104,124,74,66,472,181,144,112,218,140,7,14,0,19,83,83,20,31
1400000US36061006000,"Census Tract 60, New York County, New York",Manhattan,5077,940,3967,885,2413,597,1443,527,510,231,174,119,559,337,200,114,111,91,14,24,0,19,97,87,1110,274,569,225,219,137,275,157,16,27,0,19,52,50,7,11,541,220,64,69,389,238,0,19,24,39,64,68,0,19
1400000US36061006100,"Census Tract 61, New York County, New York",Manhattan,5319,632,4363,631,2342,507,1992,317,522,149,443,159,589,198,438,106,29,35,0,19,0,19,29,35,956,252,363,174,43,43,222,156,0,19,0,19,82,68,16,27,593,189,154,119,348,117,0,19,0,19,7,14,84,51
1400000US36061006200,"Census Tract 62, New York County, New York",Manhattan,3886,586,2373,427,1359,269,872,235,257,99,258,178,176,78,181,110,142,93,10,18,0,14,132,92,1513,425,535,250,92,50,228,200,18,35,0,14,188,128,9,17,978,381,193,93,363,92,242,331,0,14,140,153,40,35
1400000US36061006300,"Census Tract 63, New York County, New York",Manhattan,5759,847,4821,830,1965,446,2820,736,818,305,982,509,672,217,348,177,36,40,0,19,0,19,36,40,938,275,445,178,179,122,191,116,0,19,0,19,64,66,11,19,493,222,333,200,69,64,16,32,0,19,27,35,48,57
1400000US36061006400,"Census Tract 64, New York County, New York",Manhattan,7729,1102,6045,1091,3243,820,2747,503,1032,270,291,166,792,355,632,313,55,60,0,19,0,19,55,60,1684,501,724,338,316,224,306,206,0,19,0,19,102,98,0,19,960,365,120,125,446,272,0,19,0,19,153,157,241,201
1400000US36061006500,"Census Tract 65, New York County, New York",Manhattan,5585,754,4713,641,1136,375,3356,552,781,263,461,187,1253,369,861,342,221,132,0,19,0,19,221,132,872,352,355,306,257,302,17,30,0,19,0,19,39,46,42,47,517,219,192,136,240,160,12,23,0,19,50,57,23,44
1400000US36061006600,"Census Tract 66, New York County, New York",Manhattan,11034,1832,8956,1866,5455,1597,2947,681,1308,588,309,301,771,396,559,284,554,461,412,461,0,21,142,150,2078,638,1527,638,383,290,891,604,15,34,0,21,238,174,0,21,551,207,162,131,294,148,50,70,27,44,18,32,0,21
1400000US36061006700,"Census Tract 67, New York County, New York",Manhattan,4652,858,3780,876,1403,341,2297,813,1035,734,410,145,472,178,380,176,80,97,0,14,0,14,80,97,872,242,343,172,119,74,88,82,37,60,0,14,95,108,4,7,529,180,366,183,41,49,11,18,29,39,45,59,37,45
1400000US36061006800,"Census Tract 68, New York County, New York",Manhattan,6430,970,5428,882,2359,699,3008,570,1264,434,480,241,849,343,415,162,61,79,0,19,0,19,61,79,1002,443,471,217,141,125,194,144,86,135,0,19,50,63,0,19,531,427,227,359,201,115,0,19,0,19,24,40,79,90
1400000US36061006900,"Census Tract 69, New York County, New York",Manhattan,2681,339,2119,317,855,201,1185,256,571,200,209,159,307,119,98,43,79,55,22,33,0,14,57,46,562,174,248,101,80,49,120,88,24,27,0,14,6,12,18,23,314,132,110,68,66,41,0,14,28,41,71,80,39,32
1400000US36061007001,"Census Tract 70.01, New York County, New York",Manhattan,3997,1249,2957,996,1608,927,1340,365,588,205,93,80,440,237,219,197,9,15,0,14,0,14,9,15,1040,427,732,417,283,112,192,154,0,14,0,14,257,353,0,14,308,189,50,57,190,147,9,13,0,14,59,57,0,14
1400000US36061007002,"Census Tract 70.02, New York County, New York",Manhattan,3479,486,2980,455,1360,374,1597,384,507,180,233,160,585,315,272,152,23,28,9,20,0,14,14,23,499,175,319,157,76,76,144,95,0,14,0,14,86,95,13,21,180,84,69,53,67,48,0,14,0,14,31,49,13,22
1400000US36061007100,"Census Tract 71, New York County, New York",Manhattan,5231,1164,4455,1039,2514,892,1892,418,1021,364,254,155,407,191,210,122,49,51,0,19,0,19,49,51,776,381,348,256,82,71,266,246,0,19,0,19,0,19,0,19,428,200,128,88,184,170,0,19,61,60,20,31,35,40
1400000US36061007200,"Census Tract 72, New York County, New York",Manhattan,7113,1004,5411,837,2914,698,2239,507,1161,396,520,253,449,246,109,90,258,228,47,74,0,19,211,220,1702,486,582,383,72,75,305,180,0,19,0,19,200,320,5,14,1120,393,449,316,356,231,130,157,3,8,170,141,12,20
1400000US36061007300,"Census Tract 73, New York County, New York",Manhattan,5393,819,4563,738,1549,428,2926,700,884,403,671,479,736,412,635,292,88,97,0,19,0,19,88,97,830,381,444,275,136,144,91,146,0,19,0,19,188,181,29,46,386,264,146,158,87,89,1,3,0,19,95,157,57,68
1400000US36061007400,"Census Tract 74, New York County, New York",Manhattan,5355,653,3939,608,1225,321,2519,611,656,211,339,140,845,418,679,278,195,159,20,31,47,79,128,120,1416,410,558,266,124,109,355,280,0,19,0,19,79,67,0,19,858,341,185,157,424,270,14,35,45,70,155,102,35,30
1400000US36061007500,"Census Tract 75, New York County, New York",Manhattan,3898,613,3024,527,1751,458,1273,284,449,173,209,111,384,189,231,98,0,14,0,14,0,14,0,14,874,372,453,224,215,185,101,107,21,33,0,14,61,71,55,49,421,212,229,188,99,105,18,30,21,35,15,25,39,63
1400000US36061007600,"Census Tract 76, New York County, New York",Manhattan,2362,399,1331,429,495,238,644,217,202,108,169,151,181,103,92,56,192,132,77,70,0,14,115,116,1031,207,412,164,144,98,181,111,0,14,0,14,87,84,0,14,619,149,241,82,242,113,25,42,0,14,78,59,33,56
1400000US36061007700,"Census Tract 77, New York County, New York",Manhattan,5600,633,4556,625,1497,308,2907,509,1445,364,488,238,633,236,341,141,152,122,7,20,0,19,145,121,1044,308,453,199,146,127,129,86,71,110,0,19,85,86,22,35,591,217,308,197,126,98,57,93,0,19,44,67,56,78
1400000US36061007800,"Census Tract 78, New York County, New York",Manhattan,8015,1174,5144,891,2843,800,2259,615,695,281,552,365,747,329,265,152,42,69,0,19,0,19,42,69,2871,832,1257,546,243,252,652,346,0,19,0,19,273,392,89,104,1614,537,442,403,1052,428,0,19,62,74,0,19,58,79
1400000US36061007900,"Census Tract 79, New York County, New York",Manhattan,4458,774,3492,761,1604,552,1708,499,756,277,486,260,191,94,275,154,180,109,0,14,0,14,180,109,966,275,596,253,310,219,166,128,22,35,14,25,42,66,42,63,370,189,239,181,47,51,0,14,60,67,0,14,24,38
1400000US36061008000,"Census Tract 80, New York County, New York",Manhattan,5319,718,4184,715,1974,489,2099,597,1048,585,318,144,387,220,346,154,111,130,16,4,0,19,95,129,1135,383,479,161,59,46,226,120,0,19,63,66,94,78,37,44,656,316,346,246,260,154,1,6,0,19,49,76,0,19
1400000US36061008100,"Census Tract 81, New York County, New York",Manhattan,6191,1160,4766,1054,2451,1073,2230,478,749,293,401,203,613,321,467,261,85,82,0,19,0,19,85,82,1425,422,730,345,255,218,192,170,25,40,28,50,230,180,0,19,695,312,160,139,179,171,118,192,38,45,115,106,85,118
1400000US36061008200,"Census Tract 82, New York County, New York",Manhattan,3450,591,2364,406,1334,374,991,279,294,136,138,98,352,215,207,155,39,48,29,45,0,14,10,17,1086,353,659,250,155,106,484,226,0,14,0,14,20,45,0,14,427,263,113,90,52,49,0,14,0,14,187,220,75,66
1400000US36061008300,"Census Tract 83, New York County, New York",Manhattan,3614,544,2785,661,1240,567,1044,317,349,192,64,63,329,191,302,178,501,268,399,255,0,14,102,103,829,285,735,271,80,85,334,192,0,14,12,21,309,212,0,14,94,80,50,67,13,18,0,14,0,14,20,32,11,17
1400000US36061008400,"Census Tract 84, New York County, New York",Manhattan,1765,418,823,230,496,215,327,128,88,58,39,37,116,76,84,56,0,14,0,14,0,14,0,14,942,309,442,274,114,172,171,105,0,14,0,14,157,194,0,14,500,204,79,61,234,144,44,65,21,33,117,139,5,9
1400000US36061008601,"Census Tract 86.01, New York County, New York",Manhattan,3332,509,1843,460,985,302,801,276,445,244,126,76,197,85,33,43,57,71,57,71,0,14,0,14,1489,281,486,149,0,14,361,118,10,23,0,14,61,63,54,79,1003,308,178,109,691,311,32,49,0,14,67,76,35,42
1400000US36061008602,"Census Tract 86.02, New York County, New York",Manhattan,0,14,0,14,0,14,0,14,0,14,0,14,0,14,0,14,0,14,0,14,0,14,0,14,0,14,0,14,0,14,0,14,0,14,0,14,0,14,0,14,0,14,0,14,0,14,0,14,0,14,0,14,0,14
1400000US36061008603,"Census Tract 86.03, New York County, New York",Manhattan,4970,856,3885,700,2535,670,1314,373,705,283,199,108,287,133,123,84,36,39,0,14,0,14,36,39,1085,340,766,304,352,183,339,166,0,14,0,14,56,69,19,29,319,135,88,65,184,95,0,14,0,14,31,51,16,26
1400000US36061008700,"Census Tract 87, New York County, New York",Manhattan,5376,778,4075,651,1544,534,2189,450,796,318,429,169,700,277,264,184,342,272,175,195,0,19,167,172,1301,641,964,632,84,95,387,300,0,19,0,19,493,543,0,19,337,168,122,96,134,108,0,19,0,19,69,80,12,21
1400000US36061008800,"Census Tract 88, New York County, New York",Manhattan,7567,1017,4609,899,2676,802,1855,479,661,259,433,223,481,290,280,157,78,127,0,19,0,19,78,127,2958,760,1937,715,192,201,981,515,0,19,0,19,451,365,313,460,1021,351,199,159,433,251,0,19,71,102,233,175,85,129
1400000US36061008900,"Census Tract 89, New York County, New York",Manhattan,5890,824,4946,756,1882,519,2776,568,980,357,473,241,689,253,634,219,288,169,180,158,0,19,108,83,944,312,693,280,94,79,295,183,64,105,0,19,224,192,16,27,251,113,110,81,109,69,7,12,0,19,0,19,25,40
1400000US36061009000,"Census Tract 90, New York County, New York",Manhattan,7239,1066,4996,838,2495,667,2235,560,1172,431,371,216,489,311,203,154,266,229,33,54,0,19,233,220,2243,565,1139,390,446,316,255,158,0,19,0,19,418,334,20,37,1104,464,220,159,440,358,150,194,0,19,125,137,169,172
1400000US36061009100,"Census Tract 91, New York County, New York",Manhattan,6539,589,5535,671,2260,587,2985,575,730,333,842,328,835,307,578,300,290,174,109,75,0,19,181,160,1004,411,593,298,0,19,379,165,0,19,0,19,214,214,0,19,411,228,242,200,77,60,0,19,0,19,61,77,31,45
1400000US36061009200,"Census Tract 92, New York County, New York",Manhattan,1387,241,825,197,464,169,332,111,208,94,51,42,13,14,60,48,29,33,0,14,0,14,29,33,562,155,310,105,75,94,149,61,0,14,0,14,86,46,0,14,252,114,84,64,130,119,0,14,0,14,31,35,7,12
1400000US36061009300,"Census Tract 93, New York County, New York",Manhattan,9559,1076,7142,914,4668,838,2436,577,717,269,500,238,630,331,589,289,38,75,35,75,0,19,3,5,2417,985,1566,824,769,629,561,480,0,19,0,19,159,131,77,94,851,369,436,260,95,101,195,223,0,19,89,142,36,60
1400000US36061009400,"Census Tract 94, New York County, New York",Manhattan,70,46,53,44,24,23,29,50,0,14,12,18,0,14,17,36,0,14,0,14,0,14,0,14,17,18,17,18,0,14,11,16,0,14,0,14,6,9,0,14,0,14,0,14,0,14,0,14,0,14,0,14,0,14
1400000US36061009500,"Census Tract 95, New York County, New York",Manhattan,3765,442,2713,370,1392,324,1267,210,447,120,187,76,325,120,308,137,54,44,6,10,0,14,48,43,1052,254,355,157,171,109,159,110,0,14,0,14,25,37,0,14,697,219,250,118,202,69,22,27,0,14,65,66,158,131
1400000US36061009600,"Census Tract 96, New York County, New York",Manhattan,560,61,319,77,191,65,119,67,32,53,20,40,62,132,5,8,9,9,0,14,0,14,9,9,241,88,7,11,0,14,0,14,0,14,0,14,7,11,0,14,234,85,37,37,65,36,0,14,0,14,128,48,4,6
1400000US36061009700,"Census Tract 97, New York County, New York",Manhattan,4875,739,3845,648,2548,522,966,322,181,103,340,215,332,167,113,95,331,266,40,68,0,14,291,248,1030,329,788,271,66,71,467,232,0,14,0,14,195,129,60,81,242,139,49,56,49,101,0,14,0,14,113,93,31,36
1400000US36061009800,"Census Tract 98, New York County, New York",Manhattan,8874,1231,6572,1095,3590,1100,2816,680,1264,496,338,237,599,315,615,306,166,120,0,19,0,19,166,120,2302,660,1626,522,560,335,823,422,97,103,0,19,110,114,36,56,676,375,87,129,432,316,26,42,19,35,85,94,27,44
1400000US36061009901,"Census Tract 99.01, New York County, New York",Manhattan,1948,462,1423,422,554,187,800,454,457,450,80,53,92,73,171,88,69,47,3,3,0,14,66,46,525,147,198,109,23,26,135,103,0,14,0,14,40,47,0,14,327,119,121,94,82,63,0,14,28,37,69,48,27,43
1400000US36061009902,"Census Tract 99.02, New York County, New York",Manhattan,4019,576,2555,575,1237,482,1152,340,440,250,197,124,393,174,122,87,166,132,37,48,0,14,129,125,1464,333,549,200,82,56,171,77,44,73,0,14,252,156,0,14,915,293,295,154,362,179,0,14,44,70,120,87,94,80
1400000US36061009903,"Census Tract 99.03, New York County, New York",Manhattan,1465,196,778,157,166,104,558,125,94,72,191,93,114,77,159,90,54,51,0,14,0,14,54,51,687,130,201,112,50,79,103,71,0,14,0,14,48,45,0,14,486,134,44,39,319,113,0,14,0,14,91,81,32,38
1400000US36061010000,"Census Tract 100, New York County, New York",Manhattan,1618,352,1030,173,665,150,359,100,133,62,42,38,126,54,58,50,6,8,2,4,0,14,4,6,588,332,381,324,4,19,139,100,0,14,0,14,233,307,5,21,207,91,79,78,83,56,0,14,25,30,20,23,0,14
1400000US36061010100,"Census Tract 101, New York County, New York",Manhattan,1862,258,1050,270,527,183,493,186,141,100,88,58,238,161,26,29,30,63,7,48,0,14,23,37,812,225,333,152,54,41,213,127,0,14,0,14,66,83,0,14,479,171,79,127,333,112,0,14,29,31,27,29,11,16
1400000US36061010200,"Census Tract 102, New York County, New York",Manhattan,267,160,214,137,143,129,71,60,10,9,6,9,13,20,42,51,0,14,0,14,0,14,0,14,53,53,38,51,4,7,9,14,25,48,0,14,0,14,0,14,15,13,9,9,6,9,0,14,0,14,0,14,0,14
1400000US36061010300,"Census Tract 103, New York County, New York",Manhattan,3410,699,2193,573,1016,379,1112,289,317,124,163,127,426,191,206,157,65,104,0,14,0,14,65,104,1217,302,464,199,76,91,320,221,27,39,0,14,17,24,24,38,753,208,163,99,420,171,87,109,0,14,27,42,56,61
1400000US36061010400,"Census Tract 104, New York County, New York",Manhattan,1058,210,705,179,404,173,294,91,92,56,73,45,82,53,47,37,7,10,0,14,7,10,0,14,353,129,200,91,117,83,75,43,0,14,0,14,8,13,0,14,153,61,70,42,68,44,0,14,0,14,4,7,11,16
1400000US36061010601,"Census Tract 106.01, New York County, New York",Manhattan,7753,1702,6631,1742,4965,1616,1629,379,771,272,286,171,331,168,241,175,37,60,0,19,0,19,37,60,1122,508,815,425,590,414,121,100,0,19,0,19,104,102,0,19,307,207,114,89,85,89,0,19,0,19,0,19,108,174
1400000US36061010602,"Census Tract 106.02, New York County, New York",Manhattan,5214,573,3584,502,1872,379,1528,361,489,137,406,220,446,185,187,106,184,131,0,19,0,19,184,131,1630,318,739,237,224,135,330,183,87,83,16,27,46,48,36,46,891,285,363,194,432,192,15,26,18,33,63,42,0,19
1400000US36061010801,"Census Tract 108.01, New York County, New York",Manhattan,3161,527,2443,507,1404,351,1028,354,554,324,76,83,294,168,104,81,11,12,0,14,0,14,11,12,718,234,266,138,38,45,194,122,0,14,0,14,33,38,1,3,452,204,111,103,175,149,0,14,1,2,150,122,15,23
1400000US36061010802,"Census Tract 108.02, New York County, New York",Manhattan,4136,1356,3194,1246,1979,994,997,306,727,265,60,61,164,106,46,61,218,303,0,14,0,14,218,303,942,372,656,386,159,188,123,108,103,100,0,14,245,361,26,44,286,155,110,109,160,118,0,14,0,14,0,14,16,23
1400000US36061010803,"Census Tract 108.03, New York County, New York",Manhattan,1922,391,1430,314,908,241,506,159,266,129,11,18,206,94,23,20,16,26,0,14,0,14,16,26,492,173,358,165,180,144,99,74,0,14,0,14,51,52,28,43,134,79,17,22,45,47,0,14,0,14,69,63,3,7
1400000US36061010900,"Census Tract 109, New York County, New York",Manhattan,208,47,139,32,75,20,61,27,23,22,9,8,7,7,22,16,3,6,0,14,0,14,3,6,69,30,33,27,12,17,21,23,0,14,0,14,0,14,0,14,36,18,13,10,16,10,0,14,0,14,7,12,0,14
1400000US36061011000,"Census Tract 110, New York County, New York",Manhattan,6760,1057,5113,1025,2754,720,2327,718,963,460,199,196,906,374,259,166,32,53,0,19,0,19,32,53,1647,458,875,411,344,370,186,108,0,19,0,19,345,123,0,19,772,275,87,103,280,158,34,59,23,34,240,201,108,123
1400000US36061011100,"Census Tract 111, New York County, New York",Manhattan,4711,648,2968,531,1096,353,1724,379,484,271,414,212,268,144,558,245,148,106,0,14,0,14,148,106,1743,392,843,297,146,99,481,215,0,14,0,14,216,161,0,14,900,333,188,126,578,268,32,49,36,43,66,78,0,14
1400000US36061011201,"Census Tract 112.01, New York County, New York",Manhattan,862,182,542,125,271,73,262,86,140,63,45,27,62,39,15,16,9,12,0,14,0,14,9,12,320,115,142,67,49,37,57,53,6,11,0,14,30,23,0,14,178,103,89,69,81,73,0,14,0,14,8,12,0,14
1400000US36061011202,"Census Tract 112.02, New York County, New York",Manhattan,518,122,357,88,243,78,108,46,51,29,13,13,38,33,6,9,6,10,0,14,0,14,6,10,161,67,79,54,44,44,24,33,0,14,0,14,11,12,0,14,82,41,30,30,34,23,0,14,7,10,0,14,11,12
1400000US36061011203,"Census Tract 112.03, New York County, New York",Manhattan,986,203,702,159,359,113,339,82,131,66,55,28,118,54,35,25,4,6,0,14,0,14,4,6,284,110,153,58,63,35,74,47,0,14,0,14,8,14,8,12,131,88,51,47,58,52,0,14,11,24,11,15,0,14
1400000US36061011300,"Census Tract 113, New York County, New York",Manhattan,136,35,59,38,45,35,14,13,7,11,0,14,5,7,2,3,0,14,0,14,0,14,0,14,77,38,31,26,0,14,31,26,0,14,0,14,0,14,0,14,46,33,0,14,6,8,23,42,0,14,17,34,0,14
1400000US36061011401,"Census Tract 114.01, New York County, New York",Manhattan,1026,307,792,242,342,114,450,189,262,160,55,45,91,57,42,59,0,14,0,14,0,14,0,14,234,130,101,53,46,32,30,37,6,11,9,15,3,5,7,10,133,118,36,40,54,71,0,14,0,14,19,27,24,27
1400000US36061011402,"Census Tract 114.02, New York County, New York",Manhattan,2298,583,1767,566,974,292,710,335,472,315,90,58,54,42,94,73,83,77,0,14,0,14,83,77,531,227,475,219,125,95,257,191,0,14,0,14,85,75,8,13,56,45,30,33,3,6,0,14,14,22,9,15,0,14
1400000US36061011500,"Census Tract 115, New York County, New York",Manhattan,3947,692,2193,421,920,279,1238,365,500,236,393,266,239,107,106,61,35,43,15,26,0,14,20,37,1754,498,868,409,69,70,608,384,0,14,0,14,191,102,0,14,886,291,264,188,499,252,0,14,0,14,86,56,37,53
1400000US36061011600,"Census Tract 116, New York County, New York",Manhattan,2721,531,1635,410,769,268,842,256,467,191,68,54,80,77,227,133,24,33,0,14,0,14,24,33,1086,416,769,368,66,73,609,347,15,26,0,14,79,74,0,14,317,152,76,77,182,121,0,14,1,4,49,52,9,15
1400000US36061011700,"Census Tract 117, New York County, New York",Manhattan,5363,743,3392,746,1551,510,1665,603,835,547,222,130,408,188,200,109,176,113,83,70,0,19,93,71,1971,377,1002,308,171,115,291,169,128,109,0,19,285,160,127,194,969,277,288,169,374,173,30,36,0,19,213,128,64,103
1400000US36061011800,"Census Tract 118, New York County, New York",Manhattan,9264,1317,7067,1084,4782,968,2235,599,880,422,448,321,632,358,275,218,50,81,0,19,0,19,50,81,2197,707,1327,455,371,264,525,300,30,51,0,19,264,195,137,168,870,528,349,273,458,389,0,19,21,37,2,4,40,65
1400000US36061011900,"Census Tract 119, New York County, New York",Manhattan,1352,168,1084,176,660,178,358,141,96,60,14,15,243,145,5,8,66,61,66,61,0,14,0,14,268,121,113,76,69,66,11,13,0,14,0,14,33,33,0,14,155,102,0,14,28,29,0,14,0,14,127,92,0,14
1400000US36061012000,"Census Tract 120, New York County, New York",Manhattan,3489,653,2455,486,1748,488,668,231,343,124,150,103,84,58,91,71,39,42,0,14,0,14,39,42,1034,402,789,323,304,240,222,164,137,106,0,14,69,106,57,65,245,177,40,46,133,147,8,14,0,14,64,75,0,14
1400000US36061012101,"Census Tract 121.01, New York County, New York",Manhattan,3217,698,2249,634,736,262,1513,596,623,358,222,139,542,277,126,72,0,14,0,14,0,14,0,14,968,431,184,130,134,111,0,14,24,44,26,53,0,14,0,14,784,428,577,430,116,82,0,14,0,14,91,72,0,14
1400000US36061012102,"Census Tract 121.02, New York County, New York",Manhattan,5029,834,4105,788,1785,454,1963,340,550,237,426,209,524,198,463,210,357,452,330,451,0,19,27,43,924,283,602,208,195,128,110,104,0,19,0,19,297,159,0,19,322,173,18,28,107,114,0,19,0,19,197,180,0,19
1400000US36061012200,"Census Tract 122, New York County, New York",Manhattan,3103,797,2383,617,1517,609,768,255,358,177,168,77,190,104,52,52,98,74,18,29,0,14,80,72,720,273,456,174,178,133,183,76,0,14,24,40,56,72,15,22,264,145,25,30,70,83,0,14,0,14,0,14,169,126
1400000US36061012400,"Census Tract 124, New York County, New York",Manhattan,8984,1241,6776,940,3818,784,2758,562,1533,433,336,184,260,134,629,429,200,130,114,148,0,19,86,109,2208,655,1231,310,574,236,494,257,49,81,0,19,95,124,19,31,977,528,223,180,671,444,15,22,32,54,33,30,3,8
1400000US36061012500,"Census Tract 125, New York County, New York",Manhattan,2704,387,1541,320,821,340,712,154,223,101,140,78,243,98,106,80,8,16,8,16,0,14,0,14,1163,338,408,211,28,45,181,166,110,150,0,14,14,17,75,66,755,291,115,132,490,233,0,14,10,16,133,93,7,11
1400000US36061012601,"Census Tract 126.01, New York County, New York",Manhattan,7014,1565,5620,1552,3393,1122,2111,691,936,385,76,78,603,513,496,270,116,119,0,19,0,19,116,119,1394,450,544,266,103,126,318,208,34,54,0,19,62,98,27,47,850,428,225,314,145,152,0,19,172,198,308,363,0,19
1400000US36061012602,"Census Tract 126.02, New York County, New York",Manhattan,4980,986,4327,876,2349,579,1891,469,775,314,173,146,704,292,239,138,87,77,18,28,0,14,69,74,653,363,349,216,290,200,42,51,0,14,0,14,17,28,0,14,304,269,255,274,17,29,0,14,0,14,12,23,20,32
1400000US36061012700,"Census Tract 127, New York County, New York",Manhattan,6307,844,5108,863,1690,594,3100,647,833,284,625,307,1025,389,617,310,318,200,76,122,0,19,242,181,1199,340,947,331,264,148,425,283,0,19,109,174,149,130,0,19,252,127,75,69,66,57,0,19,9,19,32,52,70,71
1400000US36061012800,"Census Tract 128, New York County, New York",Manhattan,5163,791,4253,631,2962,573,1057,258,413,146,275,129,301,179,68,51,234,149,0,19,0,19,234,149,910,322,646,293,308,149,264,245,0,19,17,26,41,51,16,26,264,172,110,84,103,146,0,19,2,4,49,41,0,19
1400000US36061012901,"Census Tract 129.01, New York County, New York",Manhattan,6806,979,4499,869,1746,467,2546,621,651,351,435,375,891,368,569,288,207,130,150,109,0,19,57,70,2307,546,725,325,296,137,251,246,0,19,0,19,147,135,31,53,1582,452,209,150,1151,411,0,19,49,81,173,153,0,19
1400000US36061012902,"Census Tract 129.02, New York County, New York",Manhattan,2594,471,1674,458,885,311,707,260,203,123,161,97,300,160,43,44,82,79,77,79,0,14,5,8,920,291,329,156,80,64,142,104,12,28,0,14,95,63,0,14,591,253,37,46,188,110,58,80,0,14,308,184,0,14
1400000US36061013000,"Census Tract 130, New York County, New York",Manhattan,3336,684,2726,567,1943,421,742,301,153,82,194,120,376,289,19,32,41,47,0,14,0,14,41,47,610,274,381,176,40,47,167,89,56,53,0,14,118,118,0,14,229,197,114,145,43,29,0,14,0,14,72,110,0,14
1400000US36061013100,"Census Tract 131, New York County, New York",Manhattan,3485,384,2334,397,1432,347,846,226,156,96,246,138,306,171,138,71,56,54,19,31,0,14,37,44,1151,317,466,210,67,65,274,122,0,14,0,14,125,140,0,14,685,243,123,97,380,165,1,3,0,14,174,138,7,10
1400000US36061013201,"Census Tract 132.01, New York County, New York",Manhattan,2364,514,1871,510,1094,446,697,171,182,74,93,62,367,123,55,27,80,85,0,14,0,14,80,85,493,198,153,97,0,14,98,94,0,14,0,14,55,62,0,14,340,173,166,121,141,118,0,14,0,14,33,52,0,14
1400000US36061013202,"Census Tract 132.02, New York County, New York",Manhattan,3616,725,2778,689,1808,500,970,364,288,175,207,160,311,248,164,119,0,14,0,14,0,14,0,14,838,337,591,289,121,124,223,146,23,31,0,14,224,160,0,14,247,197,170,188,77,76,0,14,0,14,0,14,0,14
1400000US36061013203,"Census Tract 132.03, New York County, New York",Manhattan,4276,1102,2972,993,1190,348,1744,1162,719,591,240,158,154,152,631,587,38,47,19,32,0,14,19,35,1304,614,215,244,0,14,22,37,0,14,27,45,141,230,25,38,1089,709,29,51,705,501,355,521,0,14,0,14,0,14
1400000US36061013300,"Census Tract 133, New York County, New York",Manhattan,6146,776,3977,811,1378,395,2559,761,292,214,495,234,841,345,931,521,40,57,0,19,0,19,40,57,2169,518,959,351,118,120,608,292,69,86,0,19,164,162,0,19,1210,373,147,130,589,287,0,19,55,70,354,238,65,72
1400000US36061013400,"Census Tract 134, New York County, New York",Manhattan,10475,1409,8758,1294,5718,1433,2634,869,789,393,677,381,586,425,582,511,406,323,0,21,0,21,406,323,1717,642,1117,523,637,498,262,161,44,82,0,21,56,93,118,136,600,368,113,120,204,179,61,98,195,239,27,42,0,21
1400000US36061013501,"Census Tract 135.01, New York County, New York",Manhattan,4872,711,2828,771,1562,592,1148,399,565,375,103,79,233,131,247,137,118,129,118,129,0,14,0,14,2044,491,923,340,149,193,131,84,38,57,0,14,557,313,48,84,1121,401,149,118,358,219,99,80,12,25,474,300,29,46
1400000US36061013502,"Census Tract 135.02, New York County, New York",Manhattan,5873,925,3714,854,1965,551,1413,586,387,230,541,610,139,87,346,200,336,335,0,19,0,19,336,335,2159,523,1138,374,94,65,402,238,17,29,0,19,625,328,0,19,1021,259,352,179,218,118,0,19,0,19,436,255,15,24
1400000US36061013601,"Census Tract 136.01, New York County, New York",Manhattan,1979,430,1832,444,1542,452,261,89,84,50,93,54,59,33,25,25,29,28,0,14,0,14,29,28,147,96,147,96,36,30,79,83,8,12,0,14,7,11,17,21,0,14,0,14,0,14,0,14,0,14,0,14,0,14
1400000US36061013602,"Census Tract 136.02, New York County, New York",Manhattan,6373,2281,5320,2187,4073,2130,1247,309,698,270,241,131,249,164,59,62,0,19,0,19,0,19,0,19,1053,380,848,341,291,183,359,208,9,17,0,19,189,249,0,19,205,112,91,83,92,87,0,19,0,19,0,19,22,35
1400000US36061013603,"Census Tract 136.03, New York County, New York",Manhattan,4459,732,3647,714,2409,415,1184,546,777,503,161,102,195,109,51,52,54,47,40,48,0,14,14,24,812,319,460,161,352,141,75,72,0,14,0,14,1,2,32,36,352,294,116,92,55,64,161,245,15,25,5,11,0,14
1400000US36061013604,"Census Tract 136.04, New York County, New York",Manhattan,4030,781,3428,790,1953,793,1444,338,741,268,420,250,83,73,200,157,31,56,0,14,0,14,31,56,602,204,348,157,81,113,144,130,0,14,0,14,108,87,15,24,254,136,177,124,43,49,0,14,0,14,0,14,34,40
1400000US36061013700,"Census Tract 137, New York County, New York",Manhattan,6600,1196,4311,1054,1873,548,2393,805,1094,511,305,242,626,273,368,200,45,73,0,19,0,19,45,73,2289,749,1514,653,547,325,558,478,168,179,0,19,206,245,35,51,775,328,85,100,451,291,64,74,14,32,119,147,42,67
1400000US36061013800,"Census Tract 138, New York County, New York",Manhattan,11607,1840,9780,1730,5482,835,4228,1680,1919,1041,287,209,1116,617,906,620,70,78,39,67,9,19,22,37,1827,574,1031,444,364,243,388,278,48,82,0,21,173,116,58,94,796,428,204,169,378,351,0,21,22,47,192,193,0,21
1400000US36061013900,"Census Tract 139, New York County, New York",Manhattan,9952,1633,7376,1497,3615,997,3533,1168,1236,785,628,277,982,670,687,436,228,195,123,149,0,19,105,122,2576,520,1111,488,121,144,329,289,34,62,65,107,562,366,0,19,1465,290,803,172,347,102,0,19,0,19,254,168,61,100
1400000US36061014000,"Census Tract 140, New York County, New York",Manhattan,8051,1055,6824,992,4068,709,2536,466,1193,335,459,295,520,316,364,196,220,241,13,24,0,19,207,240,1227,505,572,338,339,315,114,87,0,19,0,19,56,53,63,59,655,348,227,169,26,38,0,19,82,101,150,165,170,200
1400000US36061014200,"Census Tract 142, New York County, New York",Manhattan,3979,855,2863,589,1618,414,1152,390,536,210,154,115,353,241,109,64,93,76,30,46,0,14,63,62,1116,541,495,300,360,299,85,62,24,37,0,14,26,42,0,14,621,384,51,60,16,26,0,14,61,68,347,314,146,197
1400000US36061014300,"Census Tract 143, New York County, New York",Manhattan,0,14,0,14,0,14,0,14,0,14,0,14,0,14,0,14,0,14,0,14,0,14,0,14,0,14,0,14,0,14,0,14,0,14,0,14,0,14,0,14,0,14,0,14,0,14,0,14,0,14,0,14,0,14
1400000US36061014401,"Census Tract 144.01, New York County, New York",Manhattan,5006,778,4282,770,2672,766,1481,288,518,184,443,180,416,184,104,78,129,112,0,19,0,19,129,112,724,275,447,191,154,81,80,89,14,23,0,19,180,176,19,32,277,158,61,72,173,132,0,19,0,19,43,55,0,19
1400000US36061014402,"Census Tract 144.02, New York County, New York",Manhattan,6799,1031,5679,1020,3342,765,2287,528,1239,367,387,283,415,230,246,145,50,75,0,19,0,19,50,75,1120,466,808,435,104,90,276,199,62,98,111,132,191,301,64,79,312,153,43,46,213,123,0,19,0,19,36,55,20,36
1400000US36061014500,"Census Tract 145, New York County, New York",Manhattan,7329,1012,4894,663,2394,501,2283,452,984,359,315,180,539,216,445,205,217,133,0,19,0,19,217,133,2435,728,744,302,203,152,467,254,5,12,0,19,34,39,35,39,1691,667,485,281,801,571,85,96,0,19,297,174,23,37
1400000US36061014601,"Census Tract 146.01, New York County, New York",Manhattan,3940,596,3046,553,1721,486,1245,412,387,168,26,30,686,392,146,99,80,76,58,69,0,14,22,36,894,292,455,223,81,71,192,134,0,14,0,14,182,165,0,14,439,180,224,174,142,96,0,14,0,14,73,53,0,14
1400000US36061014602,"Census Tract 146.02, New York County, New York",Manhattan,8144,1094,6548,1012,3593,837,2796,563,1574,506,299,174,419,202,504,280,159,151,68,98,0,19,91,92,1596,440,1121,349,432,250,404,180,42,76,0,19,210,154,33,54,475,218,116,102,68,64,101,133,96,111,94,85,0,19
1400000US36061014700,"Census Tract 147, New York County, New York",Manhattan,2840,711,1787,505,933,320,799,281,374,220,90,53,181,78,154,103,55,44,8,13,0,14,47,41,1053,311,467,143,87,60,277,107,32,39,0,14,71,66,0,14,586,244,141,80,381,241,0,14,0,14,37,31,27,32
1400000US36061014801,"Census Tract 148.01, New York County, New York",Manhattan,3127,423,2688,379,1700,282,923,199,439,148,261,147,177,74,46,31,65,46,18,22,0,14,47,40,439,193,250,119,98,65,29,42,59,69,0,14,56,58,8,12,189,113,70,54,43,44,0,14,0,14,58,91,18,28
1400000US36061014802,"Census Tract 148.02, New York County, New York",Manhattan,7150,1096,5086,664,3115,552,1888,429,652,193,653,243,374,192,209,92,83,68,0,19,0,19,83,68,2064,664,1534,625,719,321,184,106,0,19,45,71,569,557,17,30,530,213,140,110,197,139,0,19,38,42,110,81,45,65
1400000US36061014900,"Census Tract 149, New York County, New York",Manhattan,6074,798,4324,640,2126,532,2129,436,918,252,365,177,600,224,246,156,69,67,10,28,11,27,48,53,1750,509,819,314,379,270,298,145,35,42,0,19,107,80,0,19,931,398,378,312,383,290,8,18,7,17,139,81,16,20
1400000US36061015001,"Census Tract 150.01, New York County, New York",Manhattan,2141,308,1663,306,944,241,650,169,398,131,46,37,123,66,83,83,69,63,0,14,0,14,69,63,478,149,223,80,115,56,33,28,0,14,0,14,22,33,53,68,255,122,73,63,45,38,0,14,52,69,49,53,36,40
1400000US36061015002,"Census Tract 150.02, New York County, New York",Manhattan,4904,552,3944,522,2335,404,1561,323,741,219,306,143,411,177,103,74,48,48,0,14,0,14,48,48,960,255,809,249,338,151,280,130,0,14,38,44,153,110,0,14,151,105,69,79,41,51,1,2,0,14,0,14,40,64
1400000US36061015101,"Census Tract 151.01, New York County, New York",Manhattan,3476,432,2541,447,1928,383,418,196,125,100,20,26,170,111,103,103,195,139,120,121,14,25,61,60,935,260,656,255,22,35,372,277,28,50,0,14,234,144,0,14,279,175,17,28,134,111,61,107,18,30,49,45,0,14
1400000US36061015102,"Census Tract 151.02, New York County, New York",Manhattan,9611,1640,6504,1611,4409,1389,1980,619,715,338,257,193,857,403,151,136,115,115,70,106,0,19,45,53,3107,840,1532,551,241,173,773,313,122,130,42,67,354,244,0,19,1575,628,368,255,778,439,56,108,42,57,208,230,123,154
1400000US36061015200,"Census Tract 152, New York County, New York",Manhattan,7667,846,5958,781,3883,719,1608,372,1103,365,187,105,225,148,93,70,467,282,243,239,0,19,224,133,1709,554,966,303,192,156,216,122,209,234,0,19,329,160,20,32,743,452,155,189,247,186,25,40,0,19,240,284,76,74
1400000US36061015301,"Census Tract 153.01, New York County, New York",Manhattan,4799,903,3827,777,2022,568,1573,531,495,277,278,190,443,254,357,318,232,206,122,182,0,14,110,119,972,282,682,263,386,225,178,164,0,14,27,42,91,72,0,14,290,150,46,55,136,106,0,14,10,15,84,103,14,24
1400000US36061015302,"Census Tract 153.02, New York County, New York",Manhattan,5448,672,4030,626,2351,484,1438,352,404,159,467,180,342,202,225,154,241,167,32,41,0,19,209,155,1418,472,599,262,110,133,381,212,0,19,0,19,90,120,18,31,819,433,471,344,277,248,0,19,0,19,59,60,12,20
1400000US36061015401,"Census Tract 154.01, New York County, New York",Manhattan,4594,896,3332,722,1580,455,1639,544,908,498,222,165,207,128,302,162,113,116,12,20,0,14,101,123,1262,621,478,257,147,190,231,130,0,14,0,14,43,49,57,65,784,506,62,100,284,184,271,414,129,210,0,14,38,59
1400000US36061015402,"Census Tract 154.02, New York County, New York",Manhattan,3724,1120,2575,930,990,374,1482,866,452,384,167,113,562,488,301,225,103,119,0,14,0,14,103,119,1149,427,656,310,78,88,228,134,0,14,0,14,320,277,30,42,493,303,51,64,397,292,0,14,0,14,45,61,0,14
1400000US36061015403,"Census Tract 154.03, New York County, New York",Manhattan,5055,885,3556,639,2505,567,1017,281,347,172,213,143,119,81,338,156,34,39,34,39,0,19,0,19,1499,678,822,238,329,193,255,152,152,163,0,19,86,107,0,19,677,595,37,47,479,563,33,56,0,19,128,185,0,19
1400000US36061015501,"Census Tract 155.01, New York County, New York",Manhattan,4969,1209,3625,829,2424,688,1124,381,612,250,37,42,191,112,284,236,77,108,0,14,0,14,77,108,1344,635,823,544,332,184,166,129,286,448,0,14,0,14,39,46,521,290,13,30,402,275,0,14,0,14,92,97,14,23
1400000US36061015502,"Census Tract 155.02, New York County, New York",Manhattan,5500,945,4556,900,2675,505,1622,741,361,165,661,584,429,226,171,98,259,257,0,19,0,19,259,257,944,257,674,248,414,259,189,133,0,19,14,24,22,36,35,44,270,144,54,56,85,83,0,19,88,97,0,19,43,68
1400000US36061015601,"Census Tract 156.01, New York County, New York",Manhattan,5172,579,3554,506,1654,323,1639,432,442,177,280,167,653,307,264,115,261,218,216,208,0,19,45,46,1618,472,686,317,8,21,349,147,232,236,0,19,97,92,0,19,932,267,254,142,382,211,141,145,0,19,106,78,49,92
1400000US36061015602,"Census Tract 156.02, New York County, New York",Manhattan,2244,396,1576,460,909,395,612,275,27,27,103,104,179,121,303,241,55,38,49,38,0,14,6,10,668,229,574,242,66,72,255,195,44,85,0,14,209,158,0,14,94,85,9,14,61,79,6,11,0,14,7,11,11,22
1400000US36061015700,"Census Tract 157, New York County, New York",Manhattan,10669,1158,7991,1300,3246,943,4330,1070,1433,595,1290,778,967,498,640,467,415,250,140,85,0,21,275,189,2678,1047,966,466,520,387,439,244,0,21,0,21,7,16,0,21,1712,990,639,433,795,895,0,21,119,123,109,122,50,76
1400000US36061015801,"Census Tract 158.01, New York County, New York",Manhattan,5188,688,4282,578,1903,379,1957,391,728,249,418,184,530,275,281,171,422,248,60,69,0,19,362,220,906,321,368,201,95,68,148,86,0,19,0,19,125,167,0,19,538,254,163,123,165,121,0,19,8,13,171,199,31,39
1400000US36061015802,"Census Tract 158.02, New York County, New York",Manhattan,4260,460,3066,522,1490,476,1442,315,587,236,300,160,368,130,187,93,134,111,76,95,0,14,58,38,1194,220,310,114,10,21,117,66,12,20,0,14,171,90,0,14,884,192,258,82,556,199,9,15,0,14,60,40,1,2
1400000US36061015900,"Census Tract 159, New York County, New York",Manhattan,9194,1493,7112,1352,4062,965,2804,669,1402,536,311,196,616,255,475,230,246,192,129,160,0,19,117,116,2082,599,885,270,112,77,584,216,9,14,0,19,23,39,157,127,1197,555,469,409,353,262,42,70,45,59,236,245,52,59
1400000US36061016001,"Census Tract 160.01, New York County, New York",Manhattan,3118,460,2476,450,1775,341,681,187,187,81,208,121,171,88,115,73,20,21,0,14,0,14,20,21,642,210,421,182,237,128,161,106,0,14,0,14,12,20,11,18,221,122,66,55,80,78,0,14,0,14,69,74,6,9
1400000US36061016002,"Census Tract 160.02, New York County, New York",Manhattan,3183,817,1902,279,887,232,909,203,236,83,251,97,249,145,173,85,106,84,42,63,0,14,64,54,1281,773,536,516,56,45,72,50,0,14,0,14,397,508,11,18,745,319,259,135,249,132,1,6,33,35,189,237,14,25
1400000US36061016100,"Census Tract 161, New York County, New York",Manhattan,5756,821,4527,811,2087,414,2256,700,647,220,344,159,721,576,544,260,184,108,37,42,0,19,147,105,1229,305,703,216,234,116,114,74,89,85,117,169,132,116,17,27,526,241,251,151,79,59,67,93,48,62,69,65,12,18
1400000US36061016200,"Census Tract 162, New York County, New York",Manhattan,9320,1665,6638,1537,5608,1524,730,324,114,155,0,19,395,227,221,246,300,204,300,204,0,19,0,19,2682,898,1887,768,58,87,252,193,89,94,0,19,1488,697,0,19,795,414,93,151,336,219,63,108,0,19,303,267,0,19
1400000US36061016300,"Census Tract 163, New York County, New York",Manhattan,7253,1572,5835,1584,3129,953,2563,773,1373,596,429,209,481,222,280,143,143,100,0,19,7,13,136,100,1418,393,917,349,213,89,415,245,60,77,0,19,210,196,19,31,501,319,244,284,115,114,0,19,18,31,39,46,85,80
1400000US36061016400,"Census Tract 164, New York County, New York",Manhattan,8310,1129,6597,1064,4586,734,773,220,203,114,70,74,302,163,198,132,1238,742,1019,728,0,19,219,162,1713,523,956,310,53,64,239,154,71,74,0,19,593,253,0,19,757,383,50,59,174,157,83,106,58,81,392,271,0,19
1400000US36061016500,"Census Tract 165, New York County, New York",Manhattan,7098,924,5410,724,3162,556,2055,442,836,271,439,177,576,240,204,115,193,110,0,19,0,19,193,110,1688,720,884,481,241,153,158,116,27,42,0,19,458,468,0,19,804,463,361,382,275,247,0,19,17,28,93,91,58,57
1400000US36061016600,"Census Tract 166, New York County, New York",Manhattan,6888,879,4931,722,3405,671,1120,319,299,124,253,177,340,177,228,147,406,208,361,203,0,19,45,53,1957,643,1108,566,35,44,626,575,16,22,0,19,409,234,22,36,849,355,144,203,300,158,24,34,0,19,381,226,0,19
1400000US36061016700,"Census Tract 167, New York County, New York",Manhattan,7884,937,6327,840,4011,745,2209,440,1002,346,381,144,407,184,419,184,107,90,22,32,0,19,85,86,1557,595,420,214,138,120,202,151,18,30,0,19,62,70,0,19,1137,575,354,202,100,81,64,81,447,445,61,79,111,67
1400000US36061016800,"Census Tract 168, New York County, New York",Manhattan,5041,645,4107,653,3254,692,526,198,113,80,66,49,182,88,165,139,327,119,242,102,0,19,85,62,934,305,506,168,51,58,63,66,42,41,0,19,350,142,0,19,428,251,60,84,87,86,46,74,0,19,205,215,30,46
1400000US36061016900,"Census Tract 169, New York County, New York",Manhattan,8103,1049,6476,888,3207,778,3209,597,1266,476,704,259,912,410,327,216,60,71,0,19,0,19,60,71,1627,581,621,284,102,104,282,143,0,19,0,19,191,215,46,79,1006,534,408,394,447,300,118,181,0,19,33,55,0,19
1400000US36061017000,"Census Tract 170, New York County, New York",Manhattan,8791,1602,5252,944,4044,906,573,210,76,109,119,68,257,148,121,113,635,245,586,244,0,19,49,49,3539,1159,2126,1093,37,50,1501,1096,0,19,0,19,530,209,58,92,1413,524,38,45,287,166,200,322,0,19,888,342,0,19
1400000US36061017100,"Census Tract 171, New York County, New York",Manhattan,8464,1620,6451,1112,3494,684,2882,695,926,420,301,166,1050,505,605,337,75,77,0,19,0,19,75,77,2013,1244,1249,680,789,662,125,143,47,67,0,19,209,156,79,89,764,612,553,600,89,106,0,19,0,19,55,62,67,77
1400000US36061017200,"Census Tract 172, New York County, New York",Manhattan,5630,1252,4610,1300,3750,1315,484,172,123,102,9,15,218,134,134,98,376,159,298,133,0,19,78,88,1020,308,570,233,57,70,126,106,61,81,0,19,262,167,0,19,450,245,0,19,111,97,92,146,0,19,247,171,0,19
1400000US36061017300,"Census Tract 173, New York County, New York",Manhattan,9343,1095,7568,1201,4671,903,2673,682,928,395,886,413,383,207,476,306,224,247,78,83,0,19,146,220,1775,558,632,332,130,116,218,148,0,19,0,19,284,282,0,19,1143,460,333,239,278,208,0,19,29,52,368,303,135,93
1400000US36061017401,"Census Tract 174.01, New York County, New York",Manhattan,5321,793,3685,723,2680,742,564,208,205,132,77,80,264,144,18,29,441,207,381,211,0,19,60,73,1636,455,987,326,0,19,299,212,17,29,0,19,671,309,0,19,649,322,0,19,202,172,189,199,0,19,258,169,0,19
1400000US36061017402,"Census Tract 174.02, New York County, New York",Manhattan,2887,454,2099,332,1471,321,510,128,84,54,130,89,256,95,40,36,118,81,33,30,18,29,67,87,788,276,328,190,61,60,120,154,77,73,0,14,70,65,0,14,460,236,33,37,139,171,137,138,11,16,140,64,0,14
1400000US36061017500,"Census Tract 175, New York County, New York",Manhattan,10499,1812,8658,1056,5656,989,2770,538,1099,342,590,243,648,273,433,260,232,154,79,70,0,21,153,131,1841,1153,1006,799,148,81,183,79,73,102,0,21,602,782,0,21,835,444,476,279,87,83,7,13,45,73,184,272,36,62
1400000US36061017700,"Census Tract 177, New York County, New York",Manhattan,10030,2436,7958,2394,5064,2404,2612,604,954,420,342,221,759,417,557,299,282,216,215,210,0,21,67,69,2072,604,820,310,192,133,239,153,0,21,37,64,352,232,0,21,1252,562,195,193,126,97,0,21,37,64,894,623,0,21
1400000US36061017800,"Census Tract 178, New York County, New York",Manhattan,3786,655,2736,577,1607,439,947,343,373,209,43,43,145,124,386,230,182,126,182,126,0,14,0,14,1050,379,420,255,1,7,301,257,0,14,0,14,97,79,21,33,630,278,99,88,118,99,0,14,0,14,413,261,0,14
1400000US36061017900,"Census Tract 179, New York County, New York",Manhattan,9875,2061,7752,1940,4942,1567,2494,602,1271,537,551,275,603,290,69,71,316,167,115,118,0,19,201,150,2123,801,901,470,113,130,366,315,0,19,115,117,177,125,130,202,1222,632,183,154,276,271,19,33,48,79,680,558,16,28
1400000US36061018000,"Census Tract 180, New York County, New York",Manhattan,6980,1048,5268,720,4047,798,781,296,155,129,52,44,438,260,136,96,440,345,259,228,0,19,181,279,1712,696,879,355,70,80,235,132,0,19,0,19,574,324,0,19,833,482,56,53,66,65,0,19,9,20,668,476,34,56
1400000US36061018100,"Census Tract 181, New York County, New York",Manhattan,8408,1289,6922,1162,4613,986,2272,651,1025,321,327,207,834,487,86,111,37,59,37,59,0,19,0,19,1486,493,1015,387,347,303,253,222,51,93,98,114,234,180,32,52,471,349,190,163,281,318,0,19,0,19,0,19,0,19
1400000US36061018200,"Census Tract 182, New York County, New York",Manhattan,7266,945,5750,910,4754,986,688,269,154,109,91,69,317,220,126,119,308,172,260,154,48,75,0,19,1516,405,903,325,25,40,273,202,104,148,0,19,496,278,5,8,613,233,174,160,118,87,79,127,0,19,232,133,10,14
1400000US36061018300,"Census Tract 183, New York County, New York",Manhattan,8440,1430,6394,1048,4060,844,2266,651,738,384,204,166,638,442,686,361,68,81,15,58,0,19,53,67,2046,749,1393,715,563,279,115,114,0,19,0,19,366,263,349,514,653,287,152,115,306,196,22,34,0,19,173,119,0,19
1400000US36061018400,"Census Tract 184, New York County, New York",Manhattan,8225,1272,6687,1190,5716,1155,577,254,228,160,32,35,289,195,28,32,394,215,338,192,0,19,56,86,1538,583,858,349,17,36,269,170,117,142,0,19,455,283,0,19,680,432,0,19,50,70,77,88,0,19,553,422,0,19
1400000US36061018500,"Census Tract 185, New York County, New York",Manhattan,5060,716,3934,656,2507,618,1323,312,526,191,380,198,213,97,204,101,104,113,40,46,0,19,64,102,1126,363,495,244,188,97,94,71,60,58,18,29,135,140,0,19,631,354,149,116,410,319,0,19,0,19,72,84,0,19
1400000US36061018600,"Census Tract 186, New York County, New York",Manhattan,6104,1122,3998,663,3292,669,513,230,99,70,45,49,327,198,42,49,193,176,176,174,0,19,17,28,2106,841,1364,511,0,19,0,19,600,393,0,19,764,364,0,19,742,451,124,126,10,22,309,311,0,19,299,222,0,19
1400000US36061018700,"Census Tract 187, New York County, New York",Manhattan,9907,2526,7683,1893,4859,1400,2505,758,1257,604,360,201,531,263,357,195,319,101,146,118,0,19,173,133,2224,844,1631,777,313,254,440,224,48,57,0,19,830,736,0,19,593,404,124,143,94,73,123,142,0,19,242,296,10,17
1400000US36061018800,"Census Tract 188, New York County, New York",Manhattan,4685,809,2571,524,1982,507,430,184,67,68,99,87,219,119,45,71,159,121,126,114,0,14,33,36,2114,637,804,218,53,72,175,139,17,60,0,14,559,221,0,14,1310,561,157,127,77,92,51,78,0,14,1025,542,0,14
1400000US36061018900,"Census Tract 189, New York County, New York",Manhattan,10267,1409,7649,1163,4789,1188,2092,512,483,243,336,150,720,270,553,370,768,423,584,402,56,71,128,175,2618,743,1266,452,162,170,333,261,145,209,0,21,595,295,31,54,1352,527,98,84,535,353,187,221,32,54,500,276,0,21
1400000US36061019000,"Census Tract 190, New York County, New York",Manhattan,3735,481,2629,408,1626,321,900,212,259,97,184,91,343,110,114,118,103,67,55,52,0,14,48,45,1106,250,711,184,22,26,218,111,238,138,0,14,175,96,58,47,395,174,52,59,113,91,48,43,0,14,125,101,57,67
1400000US36061019100,"Census Tract 191, New York County, New York",Manhattan,8055,1111,6418,963,3370,654,2885,657,1019,350,490,222,772,400,604,387,163,138,53,81,0,19,110,107,1637,412,950,351,34,45,313,196,182,189,0,19,391,199,30,48,687,304,281,218,124,135,0,19,0,19,253,184,29,48
1400000US36061019200,"Census Tract 192, New York County, New York",Manhattan,3868,593,3222,607,2456,513,532,266,108,93,14,21,375,245,35,45,234,119,219,118,0,14,15,24,646,206,276,93,17,27,0,14,45,75,0,14,214,84,0,14,370,188,21,34,35,46,0,14,0,14,314,179,0,14
1400000US36061019300,"Census Tract 193, New York County, New York",Manhattan,9211,1198,6951,943,4270,877,1913,512,776,377,191,138,752,387,194,127,768,425,291,250,0,19,477,325,2260,724,707,292,34,55,279,136,0,19,0,19,394,257,0,19,1553,651,551,283,439,285,0,19,18,34,545,457,0,19
1400000US36061019400,"Census Tract 194, New York County, New York",Manhattan,5879,657,4597,666,3277,605,738,264,188,140,136,136,358,201,56,54,582,331,526,308,0,19,56,72,1282,574,622,347,0,19,93,93,0,19,0,19,529,310,0,19,660,385,0,19,249,191,12,20,0,19,398,331,1,3
1400000US36061019500,"Census Tract 195, New York County, New York",Manhattan,7632,928,5655,728,3491,690,1961,384,650,266,383,189,704,195,224,105,203,166,135,150,0,19,68,71,1977,501,924,359,157,88,261,160,131,202,0,19,368,174,7,17,1053,356,136,117,400,262,259,187,0,19,241,154,17,27
1400000US36061019600,"Census Tract 196, New York County, New York",Manhattan,4166,655,2877,596,2110,538,384,171,37,41,49,81,254,146,44,42,383,178,375,179,8,14,0,14,1289,343,1039,339,60,58,245,155,49,79,0,14,685,296,0,14,250,109,14,36,72,55,0,14,0,14,164,97,0,14
1400000US36061019701,"Census Tract 197.01, New York County, New York",Manhattan,962,135,608,136,265,83,300,88,69,44,44,42,101,47,86,58,43,34,15,22,0,14,28,26,354,79,94,42,32,22,32,26,8,13,0,14,22,21,0,14,260,65,37,28,184,64,6,9,0,14,10,14,23,21
1400000US36061019702,"Census Tract 197.02, New York County, New York",Manhattan,2531,518,1787,416,955,333,743,273,97,68,130,61,323,152,193,174,89,45,30,34,0,14,59,35,744,246,307,125,110,66,94,74,8,13,0,14,95,76,0,14,437,180,61,54,172,117,0,14,0,14,157,108,47,55
1400000US36061019800,"Census Tract 198, New York County, New York",Manhattan,2511,644,2095,640,1254,282,768,513,409,487,55,71,243,109,61,48,73,70,46,51,0,14,27,52,416,155,268,126,6,14,86,72,10,15,12,20,146,91,8,12,148,71,27,24,62,60,0,14,6,11,50,43,3,5
1400000US36061019900,"Census Tract 199, New York County, New York",Manhattan,8918,864,6180,486,3118,387,2749,499,786,249,555,234,691,205,717,192,313,133,146,114,0,19,167,94,2738,663,1080,443,257,133,619,416,0,19,0,19,203,112,1,3,1658,531,526,484,794,224,131,116,19,27,153,86,35,61
1400000US36061020000,"Census Tract 200, New York County, New York",Manhattan,2763,445,2190,352,1128,289,1021,296,254,159,186,121,437,183,144,96,41,55,0,14,0,14,41,55,573,206,380,177,154,143,45,58,78,63,0,14,103,88,0,14,193,107,80,53,10,17,68,80,0,14,35,73,0,14
1400000US36061020101,"Census Tract 201.01, New York County, New York",Manhattan,1968,170,1364,207,922,299,392,129,81,41,82,47,165,83,64,39,50,36,0,14,0,14,50,36,604,241,175,96,143,87,5,8,14,21,0,14,1,3,12,23,429,194,58,56,278,117,17,20,11,23,53,81,12,23
1400000US36061020102,"Census Tract 201.02, New York County, New York",Manhattan,4148,633,2808,501,1826,316,952,298,321,130,131,98,358,207,142,88,30,31,0,14,0,14,30,31,1340,472,688,301,96,74,85,64,169,276,0,14,338,190,0,14,652,283,108,106,81,55,67,91,0,14,345,258,51,53
1400000US36061020300,"Census Tract 203, New York County, New York",Manhattan,3989,244,2602,263,939,255,1491,192,401,132,138,62,514,147,438,162,172,84,59,59,0,14,113,49,1387,205,158,74,1,2,119,68,0,14,0,14,33,33,5,13,1229,202,90,58,1059,201,12,15,0,14,48,32,20,18
1400000US36061020500,"Census Tract 205, New York County, New York",Manhattan,5532,412,4168,397,2124,355,1893,270,638,162,199,71,356,101,700,179,151,82,9,17,0,19,142,84,1364,274,352,100,165,67,110,53,14,18,0,19,50,48,13,20,1012,278,352,228,467,147,32,37,13,15,128,77,20,24
1400000US36061020600,"Census Tract 206, New York County, New York",Manhattan,3481,564,2509,402,1762,336,559,182,223,115,44,46,165,98,127,122,188,126,122,113,0,14,66,65,972,550,505,392,326,318,5,8,49,75,0,14,125,94,0,14,467,285,139,134,176,240,32,54,0,14,82,66,38,52
1400000US36061020701,"Census Tract 207.01, New York County, New York",Manhattan,2826,350,1394,276,646,253,696,143,201,67,136,77,145,71,214,71,52,35,0,14,0,14,52,35,1432,302,169,93,6,11,97,66,21,29,0,14,45,42,0,14,1263,298,183,99,522,172,12,19,228,244,269,122,49,37
1400000US36061020800,"Census Tract 208, New York County, New York",Manhattan,5391,1032,4097,822,3059,786,887,389,308,219,152,114,349,218,78,72,151,148,0,19,12,19,139,149,1294,416,561,269,18,29,83,81,270,194,0,19,190,150,0,19,733,289,421,248,112,103,116,114,0,19,42,40,42,68
1400000US36061020901,"Census Tract 209.01, New York County, New York",Manhattan,3656,648,2842,684,2368,604,437,296,239,249,78,71,98,57,22,37,37,37,21,26,0,14,16,25,814,230,567,200,0,14,170,129,35,29,0,14,362,166,0,14,247,131,0,14,0,14,71,53,0,14,176,119,0,14
1400000US36061021000,"Census Tract 210, New York County, New York",Manhattan,6552,1071,5675,929,4112,784,1515,499,612,296,56,52,804,345,43,49,48,54,0,19,0,19,48,54,877,392,440,222,0,19,52,61,28,48,0,19,360,213,0,19,437,342,0,19,0,19,197,272,0,19,240,203,0,19
1400000US36061021100,"Census Tract 211, New York County, New York",Manhattan,9865,1532,6702,1267,3584,950,2997,723,885,473,767,369,1097,467,248,204,121,108,53,71,0,19,68,77,3163,752,930,448,142,171,220,201,29,53,0,19,539,362,0,19,2233,532,250,144,1077,397,96,79,13,27,619,317,178,219
1400000US36061021200,"Census Tract 212, New York County, New York",Manhattan,5225,643,4364,747,3068,614,1128,315,236,126,218,157,651,269,23,27,168,116,148,115,7,14,13,19,861,340,308,162,29,43,104,86,56,62,0,19,119,79,0,19,553,271,30,36,42,45,298,223,0,19,183,181,0,19
1400000US36061021303,"Census Tract 213.03, New York County, New York",Manhattan,5804,944,4114,905,2948,791,976,337,259,146,275,147,361,203,81,76,190,179,49,70,0,19,141,174,1690,519,760,339,0,19,95,98,279,198,0,19,386,209,0,19,930,353,74,135,198,126,330,189,26,46,302,191,0,19
1400000US36061021400,"Census Tract 214, New York County, New York",Manhattan,2953,355,2599,343,1482,336,1117,282,273,150,136,77,695,259,13,20,0,14,0,14,0,14,0,14,354,179,187,131,0,14,4,12,17,28,0,14,166,124,0,14,167,145,112,125,7,24,48,76,0,14,0,14,0,14
1400000US36061021500,"Census Tract 215, New York County, New York",Manhattan,3863,490,2878,509,2022,494,822,201,149,107,170,96,379,123,124,77,34,39,34,39,0,14,0,14,985,261,563,202,0,14,96,66,264,173,0,14,203,124,0,14,422,172,27,31,28,31,42,60,0,14,325,154,0,14
1400000US36061021600,"Census Tract 216, New York County, New York",Manhattan,8912,1212,6687,787,4614,758,2011,349,451,173,208,121,800,284,552,246,62,63,0,19,0,19,62,63,2225,854,1447,860,197,122,117,75,613,656,0,19,520,421,0,19,778,464,55,77,57,48,397,368,0,19,253,188,16,26
1400000US36061021703,"Census Tract 217.03, New York County, New York",Manhattan,348,14,280,36,158,125,93,109,24,33,10,20,45,54,14,36,29,27,0,14,0,14,29,27,68,35,38,12,0,14,10,20,0,14,0,14,28,26,0,14,30,27,0,14,15,36,0,14,0,14,15,24,0,14
1400000US36061021800,"Census Tract 218, New York County, New York",Manhattan,6128,1129,3924,661,2131,517,1629,416,413,211,334,166,516,216,366,178,164,131,0,19,8,30,156,122,2204,899,1401,672,171,162,552,588,146,145,0,19,515,238,17,26,803,532,150,206,31,43,118,105,193,304,284,269,27,45
1400000US36061021900,"Census Tract 219, New York County, New York",Manhattan,5390,1027,4423,1077,3619,1014,604,334,75,89,44,71,318,173,167,194,200,150,200,150,0,19,0,19,967,352,380,130,27,26,16,30,31,53,0,19,306,124,0,19,587,304,0,19,0,19,112,113,0,19,475,279,0,19
1400000US36061022000,"Census Tract 220, New York County, New York",Manhattan,6087,901,5008,899,3069,712,1879,716,724,624,241,150,635,263,279,189,60,79,5,12,0,19,55,73,1079,384,613,259,28,37,18,30,134,123,0,19,433,253,0,19,466,266,150,118,9,17,156,184,13,21,73,88,65,98
1400000US36061022102,"Census Tract 221.02, New York County, New York",Manhattan,2350,479,1795,423,1024,279,673,242,128,72,89,67,389,197,67,42,98,71,5,8,0,14,93,70,555,154,260,71,43,40,20,30,0,14,0,14,197,69,0,14,295,139,103,96,0,14,85,81,0,14,98,90,9,15
1400000US36061022200,"Census Tract 222, New York County, New York",Manhattan,3595,584,2790,513,1693,504,1058,283,349,191,266,103,350,196,93,75,39,44,7,13,0,14,32,37,805,273,511,213,58,46,177,131,49,61,0,14,206,146,21,26,294,124,37,33,20,28,60,79,17,25,88,70,72,83
1400000US36061022301,"Census Tract 223.01, New York County, New York",Manhattan,7226,994,4532,818,2303,675,1712,594,352,197,143,105,976,539,241,158,517,366,195,204,0,19,322,333,2694,577,1818,452,170,182,142,123,94,156,0,19,1412,394,0,19,876,422,37,55,83,105,77,129,0,19,679,392,0,19
1400000US36061022302,"Census Tract 223.02, New York County, New York",Manhattan,2870,387,1805,327,987,249,651,184,268,159,89,58,214,85,80,54,167,102,167,102,0,14,0,14,1065,238,766,200,17,25,35,42,0,14,0,14,714,198,0,14,299,155,17,28,32,39,0,14,0,14,241,157,9,14
1400000US36061022400,"Census Tract 224, New York County, New York",Manhattan,6682,1280,5165,990,4469,953,565,214,159,112,141,116,225,140,40,40,131,90,131,90,0,19,0,19,1517,475,1029,383,22,38,6,18,110,128,0,19,891,357,0,19,488,245,60,66,52,60,131,133,0,19,245,187,0,19
1400000US36061022500,"Census Tract 225, New York County, New York",Manhattan,11327,1519,6406,1316,4602,1003,1562,469,464,251,271,141,707,383,120,88,242,162,182,129,0,21,60,90,4921,800,2584,629,48,58,135,104,50,77,0,21,2351,628,0,21,2337,481,316,200,113,80,92,87,0,21,1787,414,29,44
1400000US36061022600,"Census Tract 226, New York County, New York",Manhattan,5673,844,4265,713,3282,684,921,254,363,200,80,85,314,127,164,118,62,61,2,4,14,30,46,53,1408,419,896,321,78,85,171,195,335,210,0,19,312,157,0,19,512,240,26,44,80,132,56,65,0,19,350,177,0,19
1400000US36061022700,"Census Tract 227, New York County, New York",Manhattan,5887,902,4172,781,2722,490,1262,583,411,173,61,76,232,129,558,499,188,130,68,74,0,19,120,109,1715,708,920,443,0,19,77,72,0,19,0,19,817,458,26,42,795,370,10,21,39,51,20,47,0,19,667,377,59,84
1400000US36061022800,"Census Tract 228, New York County, New York",Manhattan,5713,973,4435,866,2949,848,1304,378,444,226,81,74,477,211,302,220,182,134,45,67,0,19,137,124,1278,540,570,268,10,24,42,47,161,153,0,19,357,228,0,19,708,521,58,88,22,33,166,225,0,19,425,437,37,62
1400000US36061022900,"Census Tract 229, New York County, New York",Manhattan,7702,1177,4577,1052,2968,950,1357,383,422,285,138,82,505,242,292,166,252,241,204,229,0,19,48,67,3125,599,1960,496,128,99,155,111,0,19,0,19,1677,438,0,19,1165,316,77,87,141,98,0,19,0,19,914,283,33,64
1400000US36061023000,"Census Tract 230, New York County, New York",Manhattan,8773,1063,6273,842,4691,910,1304,430,90,93,115,124,1037,426,62,92,278,223,0,19,0,19,278,223,2500,666,1261,434,0,19,101,93,240,154,0,19,920,370,0,19,1239,525,67,107,558,381,192,127,0,19,422,427,0,19
1400000US36061023100,"Census Tract 231, New York County, New York",Manhattan,7132,1432,4950,1253,2665,694,2096,746,295,170,348,205,967,655,486,252,189,154,148,156,0,19,41,62,2182,850,1428,532,107,95,43,52,68,38,0,19,1118,503,92,138,754,505,0,19,71,75,0,19,8,16,675,497,0,19
1400000US36061023200,"Census Tract 232, New York County, New York",Manhattan,9183,1338,6985,1109,5792,1055,948,384,293,234,170,188,346,167,139,115,245,172,96,85,0,19,149,146,2198,642,1209,394,0,19,28,44,363,136,0,19,818,378,0,19,989,541,22,36,78,77,248,172,0,19,641,514,0,19
1400000US36061023300,"Census Tract 233, New York County, New York",Manhattan,7367,994,4433,863,2393,838,1867,353,282,106,380,173,633,198,572,192,173,126,36,43,0,19,137,112,2934,742,1014,270,26,40,103,82,45,58,15,24,795,223,30,48,1920,637,91,84,107,112,17,28,0,19,1705,638,0,19
1400000US36061023400,"Census Tract 234, New York County, New York",Manhattan,5442,727,4009,778,2712,776,1199,417,220,158,339,340,425,225,215,177,98,98,48,77,0,19,50,57,1433,515,497,258,0,19,73,104,232,136,0,19,192,153,0,19,936,425,0,19,16,26,327,200,0,19,503,291,90,147
1400000US36061023501,"Census Tract 235.01, New York County, New York",Manhattan,7506,1195,4529,805,2962,705,1324,491,396,257,171,135,470,210,287,231,243,176,44,59,17,37,182,152,2977,938,1550,533,167,163,17,27,364,283,16,27,986,482,0,19,1427,748,16,26,500,634,110,129,0,19,801,327,0,19
1400000US36061023502,"Census Tract 235.02, New York County, New York",Manhattan,1858,294,1462,304,1023,271,395,124,64,43,41,39,252,97,38,33,44,43,0,14,0,14,44,43,396,133,241,91,17,16,5,10,105,43,0,14,114,78,0,14,155,84,5,9,8,15,37,44,0,14,105,78,0,14
1400000US36061023600,"Census Tract 236, New York County, New York",Manhattan,11042,1496,8976,1461,7296,1328,1660,970,104,105,563,507,837,533,156,216,20,45,20,45,0,21,0,21,2066,947,619,356,0,21,30,52,124,198,0,21,465,272,0,21,1447,998,51,86,0,21,0,21,0,21,1396,1000,0,21
1400000US36061023700,"Census Tract 237, New York County, New York",Manhattan,6677,826,4116,710,2894,505,997,404,161,123,136,89,506,315,194,128,225,174,112,125,88,147,25,41,2561,653,1669,466,96,89,215,233,9,21,0,19,1311,394,38,60,892,419,0,19,101,85,225,273,0,19,566,332,0,19
1400000US36061023802,"Census Tract 238.02, New York County, New York",Manhattan,4704,465,1868,331,1293,327,487,144,177,99,85,65,225,105,0,14,88,36,69,33,5,13,14,22,2836,440,886,222,388,187,185,98,66,63,0,14,247,136,0,14,1950,429,279,217,1047,335,313,217,0,14,291,161,20,31
1400000US36061023803,"Census Tract 238.03, New York County, New York",Manhattan,3270,593,1896,414,1225,333,567,158,287,146,119,74,109,80,52,41,104,84,26,31,0,14,78,84,1374,367,832,234,186,108,256,119,77,87,0,14,273,151,40,42,542,285,124,92,288,219,57,70,0,14,49,42,24,39
1400000US36061023804,"Census Tract 238.04, New York County, New York",Manhattan,3546,569,1716,496,767,318,814,290,208,135,36,46,271,149,299,218,135,107,17,28,0,14,118,104,1830,528,179,122,98,86,73,62,0,14,0,14,8,20,0,14,1651,554,272,166,1204,465,0,14,0,14,163,149,12,15
1400000US36061023900,"Census Tract 239, New York County, New York",Manhattan,3184,508,2013,462,1238,405,717,233,81,63,142,116,242,145,252,137,58,49,34,36,0,14,24,30,1171,324,457,115,24,38,16,35,44,65,0,14,373,84,0,14,714,277,43,51,35,74,111,144,29,47,486,246,10,14
1400000US36061024000,"Census Tract 240, New York County, New York",Manhattan,2395,108,2051,198,1677,239,274,143,85,72,0,14,115,78,74,78,100,63,49,47,26,54,25,38,344,150,93,55,0,14,16,32,24,35,0,14,53,47,0,14,251,116,38,65,0,14,19,26,0,14,194,96,0,14
1400000US36061024100,"Census Tract 241, New York County, New York",Manhattan,7915,1161,4054,804,2355,702,1570,505,526,282,238,157,570,288,236,224,129,168,0,19,0,19,129,168,3861,1110,2618,720,112,122,101,95,65,71,0,19,2316,730,24,43,1243,695,70,106,51,50,0,19,0,19,1106,698,16,26
1400000US36061024200,"Census Tract 242, New York County, New York",Manhattan,5847,1030,4583,921,4088,823,289,149,37,49,0,19,243,123,9,15,206,179,194,178,0,19,12,26,1264,425,504,228,22,48,128,179,16,26,0,19,338,163,0,19,760,395,41,42,0,19,56,77,0,19,663,391,0,19
1400000US36061024301,"Census Tract 243.01, New York County, New York",Manhattan,4681,902,2917,611,1999,408,804,332,252,134,151,91,291,193,110,94,114,131,45,50,0,14,69,117,1764,653,1221,565,159,155,56,71,0,14,0,14,1006,499,0,14,543,274,134,85,44,51,35,54,0,14,310,238,20,29
1400000US36061024302,"Census Tract 243.02, New York County, New York",Manhattan,7627,1178,5914,955,5164,897,685,358,92,118,57,92,536,331,0,19,65,76,38,62,0,19,27,42,1713,597,1312,497,0,19,0,19,0,19,0,19,1312,497,0,19,401,303,0,19,87,142,64,90,0,19,250,250,0,19
1400000US36061024500,"Census Tract 245, New York County, New York",Manhattan,14577,1590,8413,1038,6175,1114,1879,692,213,155,248,205,1077,482,341,195,359,289,306,273,0,21,53,96,6164,1429,3476,907,0,21,306,284,97,119,0,21,3073,773,0,21,2688,853,105,142,308,256,0,21,0,21,2275,797,0,21
1400000US36061024700,"Census Tract 247, New York County, New York",Manhattan,6102,1040,3324,692,2402,558,842,304,207,132,187,160,342,170,106,74,80,98,57,91,0,19,23,37,2778,798,1976,673,40,45,95,114,0,19,0,19,1821,655,20,35,802,305,50,50,265,170,60,91,0,19,427,216,0,19
1400000US36061024900,"Census Tract 249, New York County, New York",Manhattan,984,211,493,159,322,129,140,84,13,14,0,14,54,47,73,73,31,41,0,14,25,39,6,10,491,172,264,130,26,29,21,28,0,14,0,14,217,117,0,14,227,116,15,22,7,11,0,14,0,14,205,114,0,14
1400000US36061025100,"Census Tract 251, New York County, New York",Manhattan,2502,327,1308,237,864,235,331,109,62,52,27,28,177,87,65,50,113,88,44,45,0,14,69,68,1194,237,637,179,0,14,48,76,0,14,0,14,589,163,0,14,557,211,12,18,39,34,0,14,0,14,506,205,0,14
1400000US36061025300,"Census Tract 253, New York County, New York",Manhattan,10189,1586,4767,767,2997,723,1435,416,487,336,241,120,206,103,501,222,335,185,109,76,24,37,202,171,5422,1421,2671,424,75,89,219,184,0,21,0,21,2364,371,13,21,2751,1476,82,74,214,207,0,21,0,21,2455,1476,0,21
1400000US36061025500,"Census Tract 255, New York County, New York",Manhattan,5562,1094,3162,573,1764,510,1277,364,375,187,286,187,391,208,225,110,121,76,28,38,0,19,93,75,2400,769,1432,558,86,105,601,544,0,19,0,19,745,307,0,19,968,389,268,218,263,104,7,14,0,19,416,269,14,21
1400000US36061025700,"Census Tract 257, New York County, New York",Manhattan,4443,566,3759,479,2106,373,1541,375,349,136,155,93,496,225,541,297,112,77,20,32,0,14,92,71,684,235,434,168,77,65,119,79,57,74,0,14,181,126,0,14,250,159,121,100,9,13,75,115,16,26,29,36,0,14
1400000US36061025900,"Census Tract 259, New York County, New York",Manhattan,4790,633,2986,456,2029,427,783,237,454,125,155,129,128,106,46,34,174,106,59,62,20,33,95,87,1804,478,828,232,22,23,92,62,83,62,0,14,590,203,41,51,976,395,138,121,34,29,183,144,0,14,615,353,6,11
1400000US36061026100,"Census Tract 261, New York County, New York",Manhattan,12041,1824,5917,1249,5170,1068,559,299,104,93,76,103,181,124,198,186,188,193,43,72,0,21,145,179,6124,1131,3663,709,0,21,0,21,0,21,0,21,3634,707,29,49,2461,973,107,113,32,37,0,21,98,148,2224,928,0,21
1400000US36061026300,"Census Tract 263, New York County, New York",Manhattan,8342,1309,4357,977,3064,965,1074,483,487,282,74,70,310,224,203,167,219,157,74,81,0,19,145,135,3985,983,2177,526,0,19,48,51,25,41,0,19,2104,517,0,19,1808,790,22,36,0,19,0,19,0,19,1786,792,0,19
1400000US36061026500,"Census Tract 265, New York County, New York",Manhattan,7702,1168,5018,974,2601,669,2051,557,609,269,431,214,761,350,250,162,366,251,186,207,0,19,180,165,2684,924,2038,839,427,198,256,266,33,65,0,19,1322,767,0,19,646,344,28,32,226,125,62,131,0,19,330,317,0,19
1400000US36061026700,"Census Tract 267, New York County, New York",Manhattan,2227,192,1569,199,1106,189,437,92,262,86,20,19,84,31,71,50,26,27,0,14,0,14,26,27,658,152,388,111,17,21,13,16,0,14,0,14,350,111,8,16,270,118,52,56,12,25,11,18,0,14,174,101,21,32
1400000US36061026900,"Census Tract 269, New York County, New York",Manhattan,7601,1450,3855,1104,2840,970,834,507,139,81,106,89,506,467,83,100,181,149,96,115,0,19,85,106,3746,861,2241,604,108,143,103,91,37,61,0,19,1993,567,0,19,1505,495,64,94,87,123,3,8,0,19,1351,463,0,19
1400000US36061027100,"Census Tract 271, New York County, New York",Manhattan,7742,1095,4572,864,2919,731,1057,346,259,118,454,276,229,131,115,85,596,507,439,419,0,19,157,254,3170,707,1921,405,162,176,168,124,0,19,0,19,1591,372,0,19,1249,483,0,19,199,147,0,19,0,19,1022,472,28,49
1400000US36061027300,"Census Tract 273, New York County, New York",Manhattan,7434,1102,6324,1042,3951,1112,2232,382,714,227,562,239,640,200,316,121,141,116,63,75,24,39,54,52,1110,296,631,212,297,169,122,89,1,4,28,45,183,114,0,19,479,217,181,124,59,49,0,19,42,69,136,130,61,74
1400000US36061027500,"Census Tract 275, New York County, New York",Manhattan,3164,573,2619,552,1401,526,1135,216,277,75,372,151,309,93,177,87,83,53,0,14,0,14,83,53,545,152,365,117,134,71,62,54,11,16,0,14,147,97,11,17,180,86,109,63,23,24,0,14,11,16,36,42,1,6
1400000US36061027700,"Census Tract 277, New York County, New York",Manhattan,6441,1211,3565,690,2537,566,722,255,219,125,112,118,265,128,126,103,306,237,161,141,0,19,145,139,2876,979,1600,726,14,23,52,109,0,19,0,19,1534,779,0,19,1276,629,135,106,0,19,0,19,0,19,1141,631,0,19
1400000US36061027900,"Census Tract 279, New York County, New York",Manhattan,9587,1522,5033,1186,3238,1133,1654,471,399,209,284,212,388,223,583,259,141,114,89,91,0,19,52,69,4554,1029,2329,799,316,394,188,151,50,75,0,19,1775,677,0,19,2225,665,53,47,53,63,0,19,0,19,2119,664,0,19
1400000US36061028100,"Census Tract 281, New York County, New York",Manhattan,3308,444,2774,404,1740,304,1016,241,303,105,265,108,318,172,130,79,18,22,6,13,0,14,12,17,534,145,431,131,206,106,110,54,0,14,8,17,70,46,37,41,103,55,46,44,0,14,13,23,0,14,34,31,10,17
1400000US36061028300,"Census Tract 283, New York County, New York",Manhattan,8040,1661,3300,599,2376,507,654,198,146,106,171,129,159,95,178,141,270,166,66,61,0,19,204,160,4740,1603,2544,829,533,259,153,121,49,85,0,19,1809,771,0,19,2196,915,277,191,47,47,0,19,20,32,1852,882,0,19
1400000US36061028500,"Census Tract 285, New York County, New York",Manhattan,7094,1361,3398,780,2766,757,460,198,139,105,121,88,81,81,119,118,172,163,99,129,0,19,73,98,3696,1055,2254,819,20,30,0,19,0,19,0,19,2167,810,67,104,1442,650,0,19,0,19,0,19,0,19,1442,650,0,19
1400000US36061028700,"Census Tract 287, New York County, New York",Manhattan,3690,589,2300,401,1380,273,748,211,158,93,256,109,232,133,102,74,172,117,73,57,0,14,99,81,1390,382,949,256,179,84,84,71,0,14,0,14,686,228,0,14,441,217,20,23,0,14,96,116,0,14,325,181,0,14
1400000US36061029100,"Census Tract 291, New York County, New York",Manhattan,10870,1553,5543,1240,4560,1173,563,238,127,98,178,161,141,101,117,124,420,265,119,147,0,21,301,225,5327,734,3336,673,15,26,133,147,0,21,0,21,3188,620,0,21,1991,601,11,17,0,21,0,21,0,21,1977,601,3,18
1400000US36061029300,"Census Tract 293, New York County, New York",Manhattan,8011,1864,4083,1386,2978,1241,631,258,117,155,104,111,198,144,212,130,474,357,101,93,0,19,373,352,3928,840,1929,525,0,19,85,104,0,19,0,19,1844,527,0,19,1999,763,100,160,44,72,0,19,0,19,1855,701,0,19
1400000US36061029500,"Census Tract 295, New York County, New York",Manhattan,7565,1046,4600,1025,2817,938,1484,390,600,291,231,118,464,243,189,83,299,187,67,58,0,19,232,167,2965,715,2042,669,104,76,182,198,0,19,0,19,1756,587,0,19,923,394,214,246,133,139,36,58,0,19,528,346,12,25
1400000US36061029700,"Census Tract 297, New York County, New York",Manhattan,13,5,13,5,11,4,0,14,0,14,0,14,0,14,0,14,2,4,0,14,0,14,2,4,0,14,0,14,0,14,0,14,0,14,0,14,0,14,0,14,0,14,0,14,0,14,0,14,0,14,0,14,0,14
1400000US36061029900,"Census Tract 299, New York County, New York",Manhattan,3532,611,2187,588,1800,524,161,105,77,82,1,3,60,49,23,35,226,189,70,55,0,14,156,165,1345,224,706,209,0,14,0,14,38,59,0,14,668,211,0,14,639,191,19,32,0,14,0,14,0,14,620,202,0,14
1400000US36061030300,"Census Tract 303, New York County, New York",Manhattan,3309,586,2161,412,1172,309,901,206,280,102,209,85,314,171,98,69,88,64,43,39,0,14,45,39,1148,371,857,358,46,34,101,81,14,23,0,14,682,342,14,24,291,111,12,21,60,48,0,14,0,14,218,101,1,3
1400000US36061030700,"Census Tract 307, New York County, New York",Manhattan,3563,549,3021,492,1519,363,1287,276,497,213,301,154,391,109,98,60,215,111,10,18,19,24,186,113,542,187,409,155,192,135,30,36,0,14,0,14,177,81,10,15,133,73,18,23,46,35,10,16,15,19,44,44,0,14
1400000US36061030900,"Census Tract 309, New York County, New York",Manhattan,10253,1556,6509,1339,5236,1161,865,375,300,197,91,89,302,240,172,157,408,297,312,285,0,21,96,100,3744,984,2317,578,19,38,18,29,20,31,0,21,2260,572,0,21,1427,632,19,36,19,34,0,21,0,21,1371,630,18,29
1400000US36061031100,"Census Tract 311, New York County, New York",Manhattan,0,14,0,14,0,14,0,14,0,14,0,14,0,14,0,14,0,14,0,14,0,14,0,14,0,14,0,14,0,14,0,14,0,14,0,14,0,14,0,14,0,14,0,14,0,14,0,14,0,14,0,14,0,14
1400000US36061031703,"Census Tract 317.03, New York County, New York",Manhattan,5887,1028,4604,925,2960,820,1620,543,546,223,381,175,396,193,297,225,24,45,0,19,0,19,24,45,1283,376,779,332,325,276,266,177,63,99,12,21,100,90,13,21,504,229,121,103,134,122,174,194,0,19,0,19,75,81
1400000US36061031704,"Census Tract 317.04, New York County, New York",Manhattan,10097,1409,7022,1169,4343,968,2550,648,1090,427,533,385,420,221,507,263,129,162,0,21,0,21,129,162,3075,1002,1708,644,501,258,1116,571,0,21,0,21,91,98,0,21,1367,601,273,249,1013,555,0,21,0,21,26,46,55,89
1400000US36061031900,"Census Tract 319, New York County, New York",Manhattan,0,14,0,14,0,14,0,14,0,14,0,14,0,14,0,14,0,14,0,14,0,14,0,14,0,14,0,14,0,14,0,14,0,14,0,14,0,14,0,14,0,14,0,14,0,14,0,14,0,14,0,14,0,14
1400000US36081000101,"Census Tract 1.01, Queens County, New York",Queens,4665,808,2972,572,1744,451,1008,298,435,217,250,149,129,94,194,145,220,158,17,26,0,14,203,156,1693,536,535,191,98,90,247,140,0,14,0,14,190,146,0,14,1158,520,325,237,447,404,0,14,17,28,166,220,203,204
1400000US36081000102,"Census Tract 1.02, Queens County, New York",Queens,6790,877,4485,731,3074,719,1295,368,678,283,191,115,215,127,211,130,116,94,35,53,43,68,38,41,2305,674,620,287,41,46,347,279,11,18,0,19,221,77,0,19,1685,567,783,365,684,306,0,19,46,53,114,84,58,65
1400000US36081000103,"Census Tract 1.03, Queens County, New York",Queens,35,45,35,45,19,20,16,26,0,14,16,26,0,14,0,14,0,14,0,14,0,14,0,14,0,14,0,14,0,14,0,14,0,14,0,14,0,14,0,14,0,14,0,14,0,14,0,14,0,14,0,14,0,14
1400000US36081000104,"Census Tract 1.04, Queens County, New York",Queens,281,123,168,53,127,48,30,28,0,14,10,26,8,14,12,22,11,16,11,16,0,14,0,14,113,131,62,86,0,14,0,14,0,14,0,14,62,86,0,14,51,57,0,14,0,14,0,14,0,14,51,57,0,14
1400000US36081000200,"Census Tract 2, Queens County, New York",Queens,2439,483,1050,220,784,190,87,80,49,45,13,15,25,39,0,14,179,142,150,137,0,14,29,36,1389,362,882,279,22,20,319,186,0,14,0,14,541,225,0,14,507,224,0,14,209,171,0,14,0,14,284,156,14,19
1400000US36081000400,"Census Tract 4, Queens County, New York",Queens,4102,1069,2028,726,1792,690,65,74,10,15,0,14,0,14,55,73,171,133,113,102,0,14,58,97,2074,487,1012,309,28,33,390,193,0,14,0,14,594,258,0,14,1062,472,0,14,326,195,0,14,0,14,736,457,0,14
1400000US36081000600,"Census Tract 6, Queens County, New York",Queens,3549,762,1816,488,1640,451,57,48,15,18,0,14,19,29,23,31,119,82,59,56,0,14,60,58,1733,479,769,202,8,18,286,151,0,14,0,14,475,169,0,14,964,406,0,14,240,148,0,14,0,14,724,382,0,14
1400000US36081000701,"Census Tract 7.01, Queens County, New York",Queens,3691,478,2329,310,1467,332,727,197,187,124,184,99,137,81,219,96,135,79,16,26,28,38,91,68,1362,317,553,185,108,86,299,154,0,14,0,14,115,77,31,27,809,335,248,136,217,140,152,160,0,14,178,109,14,22
1400000US36081000702,"Census Tract 7.02, Queens County, New York",Queens,4643,739,2638,497,1579,418,932,279,349,173,249,120,195,102,139,97,127,156,106,141,0,14,21,33,2005,431,921,308,145,129,553,292,25,40,0,14,162,115,36,43,1084,299,308,189,522,177,0,14,0,14,101,105,153,176
1400000US36081000800,"Census Tract 8, Queens County, New York",Queens,3768,592,1736,448,1283,351,254,300,193,299,8,14,46,72,7,16,199,126,178,123,0,14,21,26,2032,354,1259,374,32,42,330,101,0,14,0,14,897,344,0,14,773,260,47,77,237,151,0,14,0,14,489,221,0,14
1400000US36081001000,"Census Tract 10, Queens County, New York",Queens,4636,845,2614,780,2130,521,165,217,28,43,0,14,22,36,115,159,319,338,90,65,0,14,229,343,2022,320,1181,241,65,63,328,131,0,14,0,14,760,229,28,32,841,237,71,80,100,105,0,14,0,14,668,217,2,18
1400000US36081001200,"Census Tract 12, Queens County, New York",Queens,4603,766,2137,576,1906,565,144,72,48,56,23,31,21,37,52,45,87,72,32,36,0,14,55,61,2466,617,1439,414,84,68,429,154,21,32,0,14,905,422,0,14,1027,463,24,35,375,204,0,14,0,14,628,429,0,14
1400000US36081001400,"Census Tract 14, Queens County, New York",Queens,3609,799,1442,473,1201,482,10,20,0,14,0,14,10,20,0,14,231,140,207,127,0,14,24,37,2167,718,1577,659,322,307,648,528,4,49,0,14,603,311,0,14,590,161,102,132,233,80,0,14,0,14,255,128,0,14
1400000US36081001600,"Census Tract 16, Queens County, New York",Queens,2650,547,871,176,804,152,4,8,0,14,0,14,0,14,4,8,63,57,38,32,0,14,25,33,1779,596,1007,369,15,23,371,110,0,14,0,14,621,335,0,14,772,276,0,14,165,66,0,14,0,14,607,279,0,14
1400000US36081001800,"Census Tract 18, Queens County, New York",Queens,3025,650,1299,317,1119,302,130,94,20,31,33,46,75,77,2,7,50,54,28,34,0,14,22,23,1726,523,1102,411,0,14,179,52,0,14,0,14,923,408,0,14,624,259,0,14,64,49,0,14,0,14,560,249,0,14
1400000US36081001901,"Census Tract 19.01, Queens County, New York",Queens,1738,414,1097,395,660,242,425,210,238,175,24,34,129,80,34,32,12,21,0,14,0,14,12,21,641,237,202,96,31,37,112,78,23,34,0,14,36,39,0,14,439,175,68,81,260,124,22,33,0,14,49,44,40,58
1400000US36081001902,"Census Tract 19.02, Queens County, New York",Queens,6561,984,3692,885,2028,817,1607,427,540,208,279,128,526,312,262,178,57,62,27,45,0,19,30,47,2869,761,750,334,169,153,530,269,0,19,0,19,51,76,0,19,2119,678,189,174,1776,671,0,19,0,19,92,140,62,80
1400000US36081001903,"Census Tract 19.03, Queens County, New York",Queens,2060,279,981,225,610,193,371,118,96,57,72,49,141,95,62,60,0,14,0,14,0,14,0,14,1079,240,260,137,78,64,182,113,0,14,0,14,0,14,0,14,819,229,61,75,700,220,58,48,0,14,0,14,0,14
1400000US36081002000,"Census Tract 20, Queens County, New York",Queens,1774,286,875,191,675,168,91,67,55,62,16,25,0,14,20,14,109,60,32,38,0,14,77,48,899,258,669,201,13,20,273,167,0,14,0,14,383,151,0,14,230,135,0,14,54,38,0,14,0,14,176,124,0,14
1400000US36081002200,"Census Tract 22, Queens County, New York",Queens,2021,413,1177,302,981,266,75,94,67,92,0,14,8,16,0,14,121,55,17,19,0,14,104,54,844,231,572,169,31,29,143,101,0,14,0,14,398,143,0,14,272,105,11,16,29,34,21,31,0,14,211,95,0,14
1400000US36081002400,"Census Tract 24, Queens County, New York",Queens,2080,531,1086,262,1013,257,22,16,0,14,8,12,8,12,6,8,51,40,25,34,5,8,21,21,994,343,664,185,22,27,123,77,18,30,0,14,501,186,0,14,330,188,86,130,61,57,0,14,0,14,183,123,0,14
1400000US36081002500,"Census Tract 25, Queens County, New York",Queens,6530,991,3914,727,3098,700,528,279,150,178,136,160,218,132,24,43,288,206,151,149,0,19,137,125,2616,616,1318,428,44,51,697,392,0,19,0,19,577,243,0,19,1298,524,234,330,549,366,22,36,0,19,493,280,0,19
1400000US36081002600,"Census Tract 26, Queens County, New York",Queens,2236,430,1205,303,1013,303,165,81,52,42,54,40,47,34,12,18,27,25,7,11,0,14,20,21,1031,380,779,345,44,56,150,81,0,14,0,14,585,346,0,14,252,97,23,36,26,18,0,14,0,14,203,91,0,14
1400000US36081002800,"Census Tract 28, Queens County, New York",Queens,2883,519,1343,275,1176,302,105,79,42,44,24,33,9,15,30,44,62,56,62,56,0,14,0,14,1540,370,1074,417,51,85,258,208,0,14,47,50,702,364,16,21,466,223,0,14,162,95,0,14,0,14,304,185,0,14
1400000US36081003000,"Census Tract 30, Queens County, New York",Queens,1410,461,788,449,759,446,0,14,0,14,0,14,0,14,0,14,29,28,0,14,0,14,29,28,622,129,441,108,60,73,99,79,0,14,0,14,282,120,0,14,181,89,0,14,57,47,0,14,0,14,116,86,8,14
1400000US36081003100,"Census Tract 31, Queens County, New York",Queens,1715,224,943,169,395,121,540,156,251,109,74,80,124,75,91,50,8,13,0,14,0,14,8,13,772,166,259,91,40,31,59,47,12,19,0,14,148,75,0,14,513,154,50,42,170,77,5,7,0,14,247,124,41,45
1400000US36081003200,"Census Tract 32, Queens County, New York",Queens,1902,389,918,287,839,276,0,14,0,14,0,14,0,14,0,14,79,56,10,10,0,14,69,54,984,206,612,179,0,14,114,80,34,48,0,14,460,149,4,7,372,170,0,14,34,36,0,14,0,14,338,169,0,14
1400000US36081003301,"Census Tract 33.01, Queens County, New York",Queens,4042,530,2007,337,954,293,938,234,154,110,321,179,280,139,183,106,115,78,0,14,0,14,115,78,2035,475,606,265,118,131,377,180,0,14,0,14,96,75,15,23,1429,410,185,87,960,391,141,124,42,46,37,37,64,80
1400000US36081003302,"Census Tract 33.02, Queens County, New York",Queens,1056,193,640,178,481,149,146,98,80,73,6,9,42,51,18,23,13,19,13,19,0,14,0,14,416,135,238,90,38,35,109,62,0,14,0,14,91,66,0,14,178,109,0,14,85,90,0,14,0,14,90,70,3,6
1400000US36081003400,"Census Tract 34, Queens County, New York",Queens,2619,399,1219,292,1105,296,38,34,0,14,27,30,10,15,1,6,76,60,58,54,0,14,18,29,1400,328,757,203,0,14,203,88,11,17,0,14,543,203,0,14,643,222,0,14,208,106,11,17,0,14,424,195,0,14
1400000US36081003600,"Census Tract 36, Queens County, New York",Queens,3330,729,1330,361,1116,347,52,81,52,81,0,14,0,14,0,14,162,117,94,100,0,14,68,44,2000,585,1243,456,270,295,442,246,11,18,0,14,520,240,0,14,757,343,0,14,156,112,0,14,0,14,601,356,0,14
1400000US36081003700,"Census Tract 37, Queens County, New York",Queens,0,14,0,14,0,14,0,14,0,14,0,14,0,14,0,14,0,14,0,14,0,14,0,14,0,14,0,14,0,14,0,14,0,14,0,14,0,14,0,14,0,14,0,14,0,14,0,14,0,14,0,14,0,14
1400000US36081003800,"Census Tract 38, Queens County, New York",Queens,2185,347,1112,228,915,237,83,44,0,14,47,49,1,4,35,33,114,86,64,58,0,14,50,46,1073,254,585,233,38,67,211,135,0,14,0,14,336,163,0,14,488,175,72,119,60,52,0,14,0,14,356,169,0,14
1400000US36081003900,"Census Tract 39, Queens County, New York",Queens,1480,399,979,388,510,126,238,189,109,88,0,14,122,165,7,30,231,200,231,200,0,14,0,14,501,124,199,85,8,15,50,41,38,44,0,14,103,64,0,14,302,132,15,23,58,55,10,13,0,14,219,105,0,14
1400000US36081004001,"Census Tract 40.01, Queens County, New York",Queens,2063,283,912,176,796,155,63,48,21,18,12,21,30,33,0,14,53,30,5,9,0,14,48,28,1151,209,772,152,134,72,217,85,0,14,0,14,403,134,18,18,379,118,28,26,32,29,0,14,0,14,319,116,0,14
1400000US36081004002,"Census Tract 40.02, Queens County, New York",Queens,1766,656,689,248,668,235,21,30,21,30,0,14,0,14,0,14,0,14,0,14,0,14,0,14,1077,618,927,629,0,14,696,631,15,23,0,14,216,86,0,14,150,78,0,14,74,65,8,12,0,14,68,48,0,14
1400000US36081004200,"Census Tract 42, Queens County, New York",Queens,4651,649,1945,370,1835,370,22,44,9,42,0,14,13,19,0,14,88,68,24,37,0,14,64,54,2706,512,1411,419,0,14,914,359,0,14,0,14,497,244,0,14,1295,344,31,51,719,298,32,52,0,14,513,281,0,14
1400000US36081004300,"Census Tract 43, Queens County, New York",Queens,2033,457,1457,413,1197,391,179,165,0,14,0,14,179,165,0,14,81,66,81,66,0,14,0,14,576,231,376,172,0,14,86,85,33,40,0,14,257,145,0,14,200,113,0,14,42,49,0,14,0,14,158,114,0,14
1400000US36081004401,"Census Tract 44.01, Queens County, New York",Queens,3493,570,1619,350,1442,346,29,37,0,14,22,35,7,11,0,14,148,99,36,41,0,14,112,90,1874,382,1220,286,0,14,824,281,0,14,0,14,396,139,0,14,654,264,0,14,551,257,0,14,0,14,103,75,0,14
1400000US36081004500,"Census Tract 45, Queens County, New York",Queens,2758,417,1719,316,1386,289,301,132,143,84,42,37,83,54,33,38,32,26,10,15,0,14,22,23,1039,254,838,235,251,116,343,175,0,14,0,14,206,103,38,58,201,109,38,61,124,76,0,14,0,14,39,45,0,14
1400000US36081004700,"Census Tract 47, Queens County, New York",Queens,3963,628,2635,654,2111,524,436,181,125,88,49,46,127,84,135,128,88,96,88,96,0,14,0,14,1328,335,946,269,180,108,245,165,153,143,0,14,368,168,0,14,382,177,72,75,117,116,51,68,25,39,82,51,35,54
1400000US36081005000,"Census Tract 50, Queens County, New York",Queens,0,14,0,14,0,14,0,14,0,14,0,14,0,14,0,14,0,14,0,14,0,14,0,14,0,14,0,14,0,14,0,14,0,14,0,14,0,14,0,14,0,14,0,14,0,14,0,14,0,14,0,14,0,14
1400000US36081005100,"Census Tract 51, Queens County, New York",Queens,2303,492,1169,257,815,231,318,121,40,30,83,63,89,52,106,79,36,31,9,14,0,14,27,27,1134,385,656,235,64,43,448,216,7,13,4,6,118,74,15,24,478,196,32,24,229,160,0,14,0,14,217,127,0,14
1400000US36081005200,"Census Tract 52, Queens County, New York",Queens,2303,563,1174,413,1102,410,37,26,7,10,30,23,0,14,0,14,35,37,27,34,0,14,8,13,1129,285,704,185,48,55,403,125,23,38,0,14,230,104,0,14,425,224,14,22,178,108,0,14,0,14,233,217,0,14
1400000US36081005300,"Census Tract 53, Queens County, New York",Queens,5188,883,3280,745,1908,326,1355,646,288,241,313,245,280,246,474,299,17,26,0,19,0,19,17,26,1908,478,871,293,231,128,423,258,0,19,0,19,217,155,0,19,1037,385,235,161,378,235,0,19,6,9,418,266,0,19
1400000US36081005400,"Census Tract 54, Queens County, New York",Queens,5341,750,2916,584,2565,548,257,173,16,24,0,19,201,169,40,65,94,65,22,40,0,19,72,58,2425,420,1730,357,265,190,530,212,18,28,0,19,917,250,0,19,695,287,119,71,228,139,29,47,0,19,319,224,0,19
1400000US36081005500,"Census Tract 55, Queens County, New York",Queens,1350,285,623,192,494,184,92,43,49,26,7,9,34,34,2,5,37,31,13,20,0,14,24,23,727,180,308,113,16,17,151,67,28,45,0,14,113,81,0,14,419,179,62,90,111,69,0,14,0,14,246,164,0,14
1400000US36081005700,"Census Tract 57, Queens County, New York",Queens,3800,481,2479,408,1493,395,940,243,231,97,213,96,334,143,162,103,46,42,0,14,0,14,46,42,1321,391,671,220,263,157,136,87,22,23,0,14,194,103,56,73,650,284,163,94,101,63,0,14,0,14,386,243,0,14
1400000US36081005800,"Census Tract 58, Queens County, New York",Queens,6242,971,4200,992,3633,899,234,163,45,67,31,32,41,46,117,135,333,235,150,116,0,19,183,171,2042,413,1535,313,81,75,710,254,0,19,0,19,744,264,0,19,507,227,35,36,247,178,0,19,0,19,225,108,0,19
1400000US36081005900,"Census Tract 59, Queens County, New York",Queens,4208,830,2587,580,1792,565,693,246,210,133,34,40,253,137,196,105,102,106,59,91,0,14,43,54,1621,438,797,275,302,131,101,75,0,14,17,28,377,196,0,14,824,339,82,61,20,27,178,142,0,14,544,314,0,14
1400000US36081006100,"Census Tract 61, Queens County, New York",Queens,5207,635,3368,555,2442,533,880,240,441,161,84,76,282,153,73,68,46,58,0,19,0,19,46,58,1839,442,1108,351,261,258,643,209,0,19,0,19,204,126,0,19,731,240,293,155,190,146,20,27,0,19,214,140,14,22
1400000US36081006201,"Census Tract 62.01, Queens County, New York",Queens,5870,1127,4712,693,3916,616,539,283,136,110,46,73,357,216,0,19,257,156,85,74,0,19,172,153,1158,577,1035,547,297,188,304,412,0,19,0,19,434,185,0,19,123,119,0,19,0,19,0,19,0,19,123,119,0,19
1400000US36081006202,"Census Tract 62.02, Queens County, New York",Queens,7327,1107,5901,1076,5319,858,199,130,71,81,0,19,20,32,108,99,383,449,383,449,0,19,0,19,1426,594,1281,555,183,123,206,221,100,117,0,19,792,518,0,19,145,96,55,59,35,52,0,19,0,19,55,58,0,19
1400000US36081006300,"Census Tract 63, Queens County, New York",Queens,5613,764,3314,548,2072,521,1212,342,607,179,52,48,379,191,174,108,30,34,13,20,0,19,17,27,2299,692,1313,460,414,223,481,357,19,29,0,19,365,236,34,39,986,469,557,494,134,80,59,97,0,19,191,124,45,54
1400000US36081006501,"Census Tract 65.01, Queens County, New York",Queens,2983,473,1946,342,1306,346,595,153,239,95,58,41,224,96,74,62,45,41,24,31,0,14,21,25,1037,251,498,167,189,134,224,100,12,19,0,14,73,50,0,14,539,231,128,154,151,102,0,14,7,12,253,145,0,14
1400000US36081006502,"Census Tract 65.02, Queens County, New York",Queens,3975,629,2413,445,1638,368,718,218,287,139,67,49,200,124,164,91,57,47,11,18,0,14,46,44,1562,410,916,307,525,273,136,101,99,119,0,14,156,99,0,14,646,340,183,122,49,44,0,14,0,14,414,318,0,14
1400000US36081006900,"Census Tract 69, Queens County, New York",Queens,4767,738,3133,594,2114,581,945,310,274,125,182,153,114,84,375,185,74,74,66,73,0,14,8,21,1634,403,971,282,426,208,204,89,26,36,40,62,275,182,0,14,663,332,77,63,113,63,61,73,0,14,412,327,0,14
1400000US36081007100,"Census Tract 71, Queens County, New York",Queens,3488,420,2482,391,1565,391,834,257,504,206,86,71,87,70,157,107,83,66,18,29,22,31,43,54,1006,227,616,200,357,165,157,119,0,14,0,14,102,75,0,14,390,180,114,84,94,99,11,17,0,14,148,102,23,37
1400000US36081007300,"Census Tract 73, Queens County, New York",Queens,3813,425,2156,333,1483,234,650,220,137,77,147,85,172,129,194,120,23,36,0,14,0,14,23,36,1657,344,897,252,433,230,210,109,34,52,0,14,220,119,0,14,760,264,140,90,388,247,0,14,0,14,232,111,0,14
1400000US36081007500,"Census Tract 75, Queens County, New York",Queens,5002,974,2820,706,1213,394,1333,512,389,311,283,145,367,199,294,215,274,388,0,19,0,19,274,388,2182,608,1362,493,241,105,506,360,19,30,0,19,596,335,0,19,820,360,199,134,243,146,0,19,0,19,378,338,0,19
1400000US36081007700,"Census Tract 77, Queens County, New York",Queens,1913,365,1091,247,660,229,368,155,85,51,144,139,104,60,35,30,63,48,17,18,0,14,46,41,822,233,390,152,86,72,85,67,95,119,0,14,110,75,14,22,432,182,97,82,181,116,0,14,8,12,146,120,0,14
1400000US36081007900,"Census Tract 79, Queens County, New York",Queens,2742,494,1241,321,839,280,327,144,52,51,37,30,146,92,92,106,75,65,21,23,0,14,54,64,1501,381,615,186,87,72,203,95,64,69,0,14,186,86,75,119,886,324,189,138,301,172,0,14,0,14,396,204,0,14
1400000US36081008100,"Census Tract 81, Queens County, New York",Queens,1530,267,994,217,743,201,220,91,76,41,36,39,49,27,59,53,31,19,7,10,0,14,24,16,536,167,342,92,128,68,84,65,0,14,0,14,109,49,21,31,194,159,36,25,109,152,0,14,0,14,49,43,0,14
1400000US36081008300,"Census Tract 83, Queens County, New York",Queens,2405,531,1360,350,975,278,293,139,111,63,113,111,56,36,13,22,92,64,2,7,0,14,90,62,1045,288,527,215,41,46,61,47,6,10,0,14,419,196,0,14,518,192,118,89,134,93,14,21,0,14,252,150,0,14
1400000US36081008500,"Census Tract 85, Queens County, New York",Queens,1821,430,968,280,771,238,97,65,25,44,6,11,60,38,6,9,100,91,25,34,0,14,75,87,853,275,431,201,64,61,29,27,105,97,0,14,233,176,0,14,422,210,17,27,89,141,12,18,0,14,304,154,0,14
1400000US36081008600,"Census Tract 86, Queens County, New York",Queens,3341,504,2032,392,1724,380,224,128,30,29,100,112,63,58,31,36,84,63,23,33,0,14,61,56,1309,306,716,211,85,97,215,168,33,43,0,14,383,150,0,14,593,205,141,116,15,25,0,14,0,14,437,172,0,14
1400000US36081008700,"Census Tract 87, Queens County, New York",Queens,3480,687,2422,571,1881,483,378,186,144,125,56,62,104,85,74,92,163,99,96,81,0,14,67,57,1058,370,710,291,46,51,75,84,112,95,0,14,477,269,0,14,348,231,19,34,80,115,47,67,0,14,202,204,0,14
1400000US36081008800,"Census Tract 88, Queens County, New York",Queens,3679,492,2565,401,2247,361,197,83,106,49,0,14,36,35,55,71,121,143,93,136,0,14,28,33,1114,341,831,323,52,43,187,99,12,20,0,14,580,294,0,14,283,123,49,63,59,63,0,14,0,14,175,99,0,14
1400000US36081009100,"Census Tract 91, Queens County, New York",Queens,1928,326,1211,266,901,222,246,113,92,67,34,39,61,48,59,49,64,68,28,45,0,14,36,44,717,202,478,168,103,95,122,105,20,35,0,14,233,109,0,14,239,122,152,90,36,44,9,15,0,14,42,67,0,14
1400000US36081009400,"Census Tract 94, Queens County, New York",Queens,2707,555,1155,323,1076,299,63,59,33,39,0,14,30,45,0,14,16,25,0,14,0,14,16,25,1552,333,959,258,0,14,88,55,0,14,0,14,871,264,0,14,593,188,0,14,92,64,0,14,0,14,492,181,9,13
1400000US36081009500,"Census Tract 95, Queens County, New York",Queens,1959,317,1378,247,930,227,424,129,78,55,91,53,177,124,78,54,24,22,0,14,0,14,24,22,581,183,396,161,215,142,99,65,11,17,12,18,54,27,5,9,185,82,104,74,57,30,0,14,0,14,24,21,0,14
1400000US36081009600,"Census Tract 96, Queens County, New York",Queens,3072,708,1118,333,1064,330,10,15,0,14,10,15,0,14,0,14,44,41,22,31,0,14,22,26,1954,577,1503,473,40,28,171,121,0,14,0,14,1292,442,0,14,451,199,0,14,53,28,0,14,0,14,398,195,0,14
1400000US36081009700,"Census Tract 97, Queens County, New York",Queens,3837,543,2606,465,1859,431,561,173,223,118,179,122,119,75,40,39,186,151,22,26,0,14,164,153,1231,402,919,380,519,242,263,291,28,43,0,14,109,57,0,14,312,161,221,152,35,36,0,14,0,14,56,51,0,14
1400000US36081009800,"Census Tract 98, Queens County, New York",Queens,2216,471,735,227,687,225,39,25,22,25,17,2,0,14,0,14,9,15,0,14,9,15,0,14,1481,401,853,223,49,54,52,44,0,14,0,14,752,224,0,14,628,268,0,14,229,126,0,14,0,14,369,232,30,34
1400000US36081009900,"Census Tract 99, Queens County, New York",Queens,0,14,0,14,0,14,0,14,0,14,0,14,0,14,0,14,0,14,0,14,0,14,0,14,0,14,0,14,0,14,0,14,0,14,0,14,0,14,0,14,0,14,0,14,0,14,0,14,0,14,0,14,0,14
1400000US36081010000,"Census Tract 100, Queens County, New York",Queens,3082,745,1666,510,1412,408,177,197,0,14,13,21,164,195,0,14,77,51,0,14,0,14,77,51,1416,427,1176,408,0,14,66,65,0,14,0,14,1110,403,0,14,240,125,0,14,108,113,0,14,0,14,132,59,0,14
1400000US36081010100,"Census Tract 101, Queens County, New York",Queens,2686,597,2234,511,1534,478,654,213,226,105,71,55,247,143,110,81,46,58,36,53,0,14,10,19,452,162,338,146,217,79,0,14,16,24,0,14,105,107,0,14,114,68,32,37,39,32,0,14,0,14,26,40,17,26
1400000US36081010200,"Census Tract 102, Queens County, New York",Queens,2731,466,1013,258,950,248,28,30,0,14,17,26,11,9,0,14,35,29,0,14,0,14,35,29,1718,382,1192,344,0,14,181,96,0,14,0,14,1011,338,0,14,526,212,0,14,234,128,0,14,0,14,292,176,0,14
1400000US36081010300,"Census Tract 103, Queens County, New York",Queens,3915,565,2382,401,1665,345,439,153,89,59,125,86,181,106,44,35,278,147,16,26,0,14,262,148,1533,391,1079,292,296,130,398,236,144,150,0,14,241,117,0,14,454,185,52,40,218,143,51,58,0,14,91,98,42,64
1400000US36081010400,"Census Tract 104, Queens County, New York",Queens,3746,742,1502,458,1289,372,146,172,36,49,0,14,110,167,0,14,67,61,19,26,0,14,48,58,2244,535,1640,441,56,57,188,127,0,14,0,14,1396,457,0,14,604,204,43,52,139,117,0,14,0,14,422,189,0,14
1400000US36081010500,"Census Tract 105, Queens County, New York",Queens,4668,735,2592,538,1887,451,305,146,65,50,11,14,215,154,14,21,400,322,263,312,0,14,137,87,2076,608,1333,367,161,95,311,265,449,222,0,14,412,166,0,14,743,375,207,208,160,93,290,302,0,14,86,68,0,14
1400000US36081010600,"Census Tract 106, Queens County, New York",Queens,2785,633,998,275,929,268,22,25,11,14,0,14,11,16,0,14,47,62,39,61,0,14,8,14,1787,567,1417,569,0,14,52,50,26,30,0,14,1339,568,0,14,370,121,0,14,20,18,9,14,0,14,341,125,0,14
1400000US36081010701,"Census Tract 107.01, Queens County, New York",Queens,0,14,0,14,0,14,0,14,0,14,0,14,0,14,0,14,0,14,0,14,0,14,0,14,0,14,0,14,0,14,0,14,0,14,0,14,0,14,0,14,0,14,0,14,0,14,0,14,0,14,0,14,0,14
1400000US36081010800,"Census Tract 108, Queens County, New York",Queens,3304,654,1033,270,913,245,42,40,28,32,0,14,0,14,14,22,78,61,75,62,0,14,3,5,2271,512,1518,311,0,14,551,225,0,14,0,14,967,252,0,14,753,353,0,14,269,110,0,14,0,14,484,346,0,14
1400000US36081011000,"Census Tract 110, Queens County, New York",Queens,2818,584,691,175,633,169,3,7,0,14,0,14,3,7,0,14,55,37,0,14,0,14,55,37,2127,519,1250,286,5,6,333,151,0,14,0,14,912,243,0,14,877,349,0,14,24,17,3,5,0,14,850,347,0,14
1400000US36081011100,"Census Tract 111, Queens County, New York",Queens,2939,438,2297,445,1698,401,578,192,287,126,206,135,25,27,60,72,21,24,13,21,0,14,8,12,642,179,446,148,176,91,82,59,26,31,0,14,162,108,0,14,196,106,80,73,45,51,0,14,0,14,71,64,0,14
1400000US36081011200,"Census Tract 112, Queens County, New York",Queens,2375,442,1019,298,975,295,18,23,7,16,0,14,11,17,0,14,26,31,0,14,0,14,26,31,1356,332,945,276,81,72,330,147,0,14,0,14,534,259,0,14,411,152,0,14,131,112,0,14,0,14,280,138,0,14
1400000US36081011300,"Census Tract 113, Queens County, New York",Queens,4445,586,3042,397,2105,349,742,246,343,158,128,77,116,84,155,123,195,114,44,49,0,14,151,101,1403,456,572,148,120,75,167,110,75,58,0,14,210,89,0,14,831,433,389,256,77,74,36,60,0,14,329,297,0,14
1400000US36081011400,"Census Tract 114, Queens County, New York",Queens,1908,584,1202,368,1065,352,30,34,8,13,0,14,0,14,22,32,107,96,9,14,0,14,98,95,706,332,372,200,19,23,35,60,0,14,0,14,318,196,0,14,334,232,0,14,43,54,0,14,0,14,291,234,0,14
1400000US36081011500,"Census Tract 115, Queens County, New York",Queens,2539,468,1953,438,1506,425,432,144,189,104,123,107,91,56,29,31,15,17,0,14,0,14,15,17,586,197,238,87,79,64,64,58,0,14,0,14,95,71,0,14,348,173,55,44,73,60,54,46,0,14,166,156,0,14
1400000US36081011600,"Census Tract 116, Queens County, New York",Queens,2226,371,802,335,718,317,0,14,0,14,0,14,0,14,0,14,84,71,58,67,0,14,26,23,1424,241,1177,312,48,46,181,110,0,14,0,14,948,298,0,14,247,147,35,37,34,33,0,14,0,14,178,138,0,14
1400000US36081011700,"Census Tract 117, Queens County, New York",Queens,4015,592,3067,623,1989,468,931,396,213,99,263,233,316,272,139,93,147,121,15,24,0,14,132,118,948,282,522,164,106,64,192,124,72,74,0,14,152,81,0,14,426,173,134,117,123,82,51,74,0,14,118,71,0,14
1400000US36081011800,"Census Tract 118, Queens County, New York",Queens,2689,528,949,299,835,250,65,50,22,28,0,14,18,21,25,40,49,36,26,32,0,14,23,23,1740,485,966,229,68,46,252,149,0,14,0,14,646,203,0,14,774,429,36,41,459,440,0,14,0,14,279,138,0,14
1400000US36081011900,"Census Tract 119, Queens County, New York",Queens,1602,384,1083,240,672,223,335,104,139,67,78,52,52,36,66,41,76,62,8,12,0,14,68,61,519,219,204,82,94,59,37,25,38,32,0,14,35,27,0,14,315,200,74,48,83,51,3,5,0,14,155,198,0,14
1400000US36081012000,"Census Tract 120, Queens County, New York",Queens,2355,570,954,347,811,308,131,80,39,41,0,14,32,28,60,54,12,19,0,14,0,14,12,19,1401,354,811,210,0,14,449,167,0,14,0,14,362,152,0,14,590,238,0,14,199,113,16,25,0,14,363,202,12,19
1400000US36081012100,"Census Tract 121, Queens County, New York",Queens,2141,406,1317,305,967,262,301,102,123,61,84,54,71,50,23,38,49,39,6,10,0,14,43,38,824,223,487,138,287,124,108,52,0,14,0,14,92,58,0,14,337,139,141,100,124,81,4,7,0,14,68,48,0,14
1400000US36081012200,"Census Tract 122, Queens County, New York",Queens,2939,827,1674,765,1588,764,49,49,28,40,21,30,0,14,0,14,37,49,12,19,0,14,25,45,1265,230,759,131,27,26,284,74,0,14,0,14,448,125,0,14,506,192,16,24,177,99,0,14,0,14,313,159,0,14
1400000US36081012301,"Census Tract 123.01, Queens County, New York",Queens,3343,826,2513,586,1877,575,563,197,121,70,69,58,215,111,158,103,73,75,18,29,0,14,55,70,830,351,661,317,482,290,35,42,38,56,0,14,106,88,0,14,169,112,120,104,0,14,0,14,0,14,49,46,0,14
1400000US36081012400,"Census Tract 124, Queens County, New York",Queens,2913,621,1470,554,1193,548,121,98,37,40,0,14,44,66,40,57,156,120,72,92,0,14,84,51,1443,268,1108,210,73,77,413,198,0,14,0,14,622,136,0,14,335,164,0,14,105,68,0,14,0,14,230,148,0,14
1400000US36081012500,"Census Tract 125, Queens County, New York",Queens,1360,247,890,184,538,144,278,97,161,76,0,14,77,53,40,31,74,77,68,76,0,14,6,10,470,123,288,86,93,43,100,61,0,14,0,14,95,66,0,14,182,73,95,54,15,14,0,14,0,14,72,46,0,14
1400000US36081012601,"Census Tract 126.01, Queens County, New York",Queens,2787,651,1495,474,1428,456,67,68,4,13,0,14,44,57,19,31,0,14,0,14,0,14,0,14,1292,350,751,223,9,13,37,43,0,14,0,14,705,221,0,14,541,194,0,14,90,112,0,14,0,14,451,170,0,14
1400000US36081012602,"Census Tract 126.02, Queens County, New York",Queens,2215,431,962,398,946,395,16,25,0,14,0,14,16,25,0,14,0,14,0,14,0,14,0,14,1253,285,783,209,18,25,280,182,34,49,0,14,451,150,0,14,470,269,0,14,208,227,0,14,0,14,262,200,0,14
1400000US36081012800,"Census Tract 128, Queens County, New York",Queens,2129,443,1472,429,1306,411,104,64,84,65,10,15,0,14,10,18,62,54,54,53,0,14,8,12,657,165,446,109,101,66,98,69,0,14,0,14,239,84,8,12,211,106,11,18,117,83,0,14,0,14,79,78,4,8
1400000US36081013000,"Census Tract 130, Queens County, New York",Queens,1829,353,1113,360,1019,343,58,33,24,27,0,14,26,22,8,11,36,38,3,6,0,14,33,36,716,136,591,132,176,110,101,63,0,14,0,14,303,129,11,16,125,57,0,14,61,41,0,14,0,14,64,37,0,14
1400000US36081013200,"Census Tract 132, Queens County, New York",Queens,1960,330,1121,220,1006,202,99,58,23,23,35,35,17,19,24,26,16,20,8,15,0,14,8,13,839,257,508,209,32,29,332,194,5,11,0,14,139,89,0,14,331,186,39,41,95,76,0,14,0,14,197,177,0,14
1400000US36081013400,"Census Tract 134, Queens County, New York",Queens,5802,1006,2926,743,2297,730,629,334,358,292,52,81,159,166,60,58,0,19,0,19,0,19,0,19,2876,762,1959,497,777,307,512,216,0,19,0,19,670,339,0,19,917,525,251,162,437,488,31,50,0,19,183,153,15,31
1400000US36081013500,"Census Tract 135, Queens County, New York",Queens,1332,360,1143,367,969,366,161,91,67,72,44,43,44,40,6,10,13,15,0,14,0,14,13,15,189,84,161,69,76,50,19,27,14,14,0,14,52,41,0,14,28,31,20,29,0,14,0,14,0,14,8,12,0,14
1400000US36081013600,"Census Tract 136, Queens County, New York",Queens,1981,334,1252,253,989,261,222,96,112,70,42,47,30,22,38,26,41,35,27,32,0,14,14,14,729,256,489,114,63,37,163,75,8,11,0,14,242,83,13,14,240,230,4,6,143,226,9,13,0,14,84,51,0,14
1400000US36081013700,"Census Tract 137, Queens County, New York",Queens,1874,215,1372,173,1019,158,265,63,126,43,18,19,75,34,46,26,88,63,28,40,0,14,60,49,502,155,322,119,155,70,91,73,0,14,0,14,76,47,0,14,180,102,58,42,7,11,52,81,0,14,63,44,0,14
1400000US36081013800,"Census Tract 138, Queens County, New York",Queens,4018,881,2495,672,1992,614,244,106,15,24,104,70,54,58,71,51,259,137,24,31,0,14,235,129,1523,381,1210,287,171,114,475,162,58,61,0,14,506,230,0,14,313,152,26,30,284,152,0,14,0,14,3,27,0,14
1400000US36081014000,"Census Tract 140, Queens County, New York",Queens,4409,1057,3153,850,2834,866,263,140,65,45,18,19,166,133,14,20,56,60,26,46,0,14,30,36,1256,347,860,289,61,50,437,198,96,121,0,14,266,86,0,14,396,205,57,54,97,81,0,14,0,14,242,182,0,14
1400000US36081014100,"Census Tract 141, Queens County, New York",Queens,1613,289,842,146,562,139,244,80,108,46,0,14,51,38,85,60,36,43,25,39,0,14,11,17,771,275,524,258,95,48,231,232,72,64,0,14,126,75,0,14,247,106,43,31,17,18,18,27,0,14,166,86,3,5
1400000US36081014201,"Census Tract 142.01, Queens County, New York",Queens,4388,1116,1447,536,1330,518,86,74,19,30,67,74,0,14,0,14,31,34,0,14,0,14,31,34,2941,784,1040,322,0,14,395,278,0,14,0,14,645,211,0,14,1901,795,65,103,664,645,4,6,0,14,1168,483,0,14
1400000US36081014202,"Census Tract 142.02, Queens County, New York",Queens,2755,486,1394,239,1186,221,103,53,41,34,0,14,62,37,0,14,105,63,20,24,0,14,85,59,1361,416,1009,404,3,8,204,136,0,14,0,14,802,393,0,14,352,149,0,14,60,63,0,14,0,14,292,145,0,14
1400000US36081014300,"Census Tract 143, Queens County, New York",Queens,3853,542,2705,417,1789,329,848,224,323,149,184,115,219,100,122,69,68,62,12,24,0,14,56,55,1148,311,691,239,192,87,164,125,56,65,0,14,279,181,0,14,457,172,90,58,101,56,28,46,0,14,223,138,15,24
1400000US36081014400,"Census Tract 144, Queens County, New York",Queens,1671,505,714,206,637,193,0,14,0,14,0,14,0,14,0,14,77,56,42,37,0,14,35,41,957,434,699,404,4,7,435,407,0,14,0,14,260,120,0,14,258,158,7,12,140,111,0,14,0,14,111,102,0,14
1400000US36081014500,"Census Tract 145, Queens County, New York",Queens,2429,414,1402,342,986,253,336,180,12,18,22,24,251,184,51,40,80,48,12,19,0,14,68,44,1027,337,426,150,193,94,171,126,43,40,0,14,19,23,0,14,601,282,214,139,42,21,31,35,0,14,314,222,0,14
1400000US36081014700,"Census Tract 147, Queens County, New York",Queens,3066,448,1963,451,1443,411,440,209,100,59,117,164,143,119,80,61,80,74,0,14,0,14,80,74,1103,290,653,190,323,151,177,168,45,64,0,14,108,61,0,14,450,212,61,54,103,93,2,6,0,14,284,263,0,14
1400000US36081014800,"Census Tract 148, Queens County, New York",Queens,2015,376,631,227,572,226,38,36,0,14,0,14,34,36,4,7,21,24,12,18,0,14,9,15,1384,357,954,299,13,20,383,276,5,9,0,14,525,141,28,43,430,184,0,14,181,181,13,18,0,14,236,111,0,14
1400000US36081014900,"Census Tract 149, Queens County, New York",Queens,2163,462,1484,352,887,211,502,247,111,89,43,37,269,170,79,50,95,85,47,61,0,14,48,54,679,285,430,242,101,68,115,106,35,54,0,14,179,132,0,14,249,127,29,31,35,40,4,11,10,16,171,114,0,14
1400000US36081015000,"Census Tract 150, Queens County, New York",Queens,2233,600,699,240,618,240,0,14,0,14,0,14,0,14,0,14,81,79,66,75,0,14,15,24,1534,457,690,176,0,14,186,117,0,14,0,14,504,139,0,14,844,369,0,14,418,329,0,14,0,14,426,207,0,14
1400000US36081015100,"Census Tract 151, Queens County, New York",Queens,2769,424,1429,334,1143,317,225,94,56,43,45,46,66,43,58,47,61,42,0,14,0,14,61,42,1340,266,779,234,357,201,113,105,18,38,0,14,289,80,2,4,561,206,250,204,64,62,12,23,0,14,235,116,0,14
1400000US36081015200,"Census Tract 152, Queens County, New York",Queens,2599,461,939,211,801,213,56,44,32,34,0,14,16,26,8,12,82,51,54,41,0,14,28,34,1660,420,1082,422,28,33,156,95,0,14,0,14,882,423,16,14,578,274,7,13,105,71,0,14,0,14,466,271,0,14
1400000US36081015300,"Census Tract 153, Queens County, New York",Queens,1821,342,1161,277,600,155,539,234,125,64,46,40,239,138,129,84,22,24,4,11,0,14,18,21,660,166,427,123,208,116,64,51,17,27,0,14,112,59,26,32,233,107,51,43,61,69,17,28,0,14,104,56,0,14
1400000US36081015400,"Census Tract 154, Queens County, New York",Queens,2296,388,906,210,688,124,114,92,29,41,14,22,62,57,9,13,104,93,32,42,0,14,72,79,1390,311,757,258,0,14,215,200,0,14,0,14,542,185,0,14,633,210,4,6,319,200,0,14,0,14,310,141,0,14
1400000US36081015500,"Census Tract 155, Queens County, New York",Queens,2119,579,1270,547,808,534,462,151,241,135,32,33,131,71,58,44,0,14,0,14,0,14,0,14,849,295,285,116,44,39,123,82,0,14,0,14,118,70,0,14,564,297,203,165,109,70,0,14,0,14,231,240,21,23
1400000US36081015600,"Census Tract 156, Queens County, New York",Queens,3184,653,1279,424,969,277,71,80,0,14,0,14,56,62,15,23,239,254,0,14,0,14,239,254,1905,380,1330,308,12,20,338,211,18,27,0,14,962,227,0,14,575,186,13,19,434,188,0,14,0,14,128,84,0,14
1400000US36081015700,"Census Tract 157, Queens County, New York",Queens,1371,277,753,195,504,152,186,68,75,52,25,20,71,43,15,19,63,51,44,44,0,14,19,21,618,189,238,122,5,8,138,107,9,13,0,14,86,46,0,14,380,130,18,15,171,106,17,26,7,11,167,83,0,14
1400000US36081015801,"Census Tract 158.01, Queens County, New York",Queens,3841,848,1456,467,1204,433,72,82,0,14,0,14,72,82,0,14,180,102,51,45,0,14,129,99,2385,653,1450,590,0,14,629,529,27,40,0,14,794,349,0,14,935,265,0,14,303,235,0,14,0,14,632,225,0,14
1400000US36081015802,"Census Tract 158.02, Queens County, New York",Queens,5464,1197,1569,425,1377,386,0,19,0,19,0,19,0,19,0,19,192,130,19,33,0,19,173,125,3895,935,2315,524,0,19,184,132,1,5,0,19,2119,509,11,18,1580,739,0,19,219,200,0,19,0,19,1361,726,0,19
1400000US36081015900,"Census Tract 159, Queens County, New York",Queens,3699,480,2321,374,1322,216,923,295,296,135,206,137,337,237,84,60,76,64,0,14,0,14,76,64,1378,365,721,266,246,173,170,119,26,34,0,14,279,137,0,14,657,287,169,102,33,37,0,14,0,14,455,274,0,14
1400000US36081016100,"Census Tract 161, Queens County, New York",Queens,2028,373,980,231,797,217,171,78,51,35,60,39,36,44,24,27,12,18,11,18,1,2,0,14,1048,245,467,120,91,46,167,61,38,42,0,14,171,107,0,14,581,232,97,84,211,103,4,6,0,14,269,200,0,14
1400000US36081016300,"Census Tract 163, Queens County, New York",Queens,3956,625,2836,493,2297,496,336,146,107,76,49,42,155,91,25,27,203,123,203,123,0,14,0,14,1120,284,512,211,26,30,183,129,0,14,0,14,303,157,0,14,608,231,39,54,216,103,0,14,0,14,353,159,0,14
1400000US36081016400,"Census Tract 164, Queens County, New York",Queens,3180,747,1433,423,1247,378,22,32,0,14,0,14,22,32,0,14,164,105,8,14,0,14,156,103,1747,487,1274,473,2,8,47,45,0,14,0,14,1225,465,0,14,473,146,0,14,38,48,0,14,0,14,435,144,0,14
1400000US36081016600,"Census Tract 166, Queens County, New York",Queens,4015,768,1387,337,1328,342,0,14,0,14,0,14,0,14,0,14,59,64,0,14,0,14,59,64,2628,656,1659,415,13,20,73,98,0,14,0,14,1573,416,0,14,969,581,0,14,10,17,0,14,0,14,959,583,0,14
1400000US36081016800,"Census Tract 168, Queens County, New York",Queens,2923,617,1024,278,985,284,10,14,10,14,0,14,0,14,0,14,29,37,13,14,0,14,16,36,1899,428,1196,300,3,5,65,66,0,14,0,14,1128,300,0,14,703,338,0,14,0,14,0,14,0,14,703,338,0,14
1400000US36081016900,"Census Tract 169, Queens County, New York",Queens,5859,714,3678,699,2789,578,816,304,392,161,108,74,100,101,216,230,73,74,1,2,0,19,72,74,2181,550,1285,340,134,98,850,321,0,19,0,19,301,196,0,19,896,472,233,172,351,196,0,19,0,19,312,344,0,19
1400000US36081017000,"Census Tract 170, Queens County, New York",Queens,2738,605,1295,406,1099,360,170,108,61,78,1,4,80,65,28,39,26,32,8,13,0,14,18,28,1443,320,1218,328,0,14,123,84,0,14,0,14,1095,343,0,14,225,96,0,14,47,46,0,14,0,14,178,94,0,14
1400000US36081017101,"Census Tract 171.01, Queens County, New York",Queens,0,14,0,14,0,14,0,14,0,14,0,14,0,14,0,14,0,14,0,14,0,14,0,14,0,14,0,14,0,14,0,14,0,14,0,14,0,14,0,14,0,14,0,14,0,14,0,14,0,14,0,14,0,14
1400000US36081017102,"Census Tract 171.02, Queens County, New York",Queens,344,320,23,4,12,24,11,24,0,14,0,14,11,24,0,14,0,14,0,14,0,14,0,14,321,319,0,14,0,14,0,14,0,14,0,14,0,14,0,14,321,319,0,14,321,319,0,14,0,14,0,14,0,14
1400000US36081017200,"Census Tract 172, Queens County, New York",Queens,2355,497,1113,319,1048,309,65,54,11,12,0,14,39,39,15,23,0,14,0,14,0,14,0,14,1242,354,818,210,27,39,41,39,0,14,0,14,750,185,0,14,424,229,0,14,69,83,0,14,0,14,355,210,0,14
1400000US36081017400,"Census Tract 174, Queens County, New York",Queens,2805,399,1127,234,971,224,82,63,0,14,38,43,44,45,0,14,74,57,12,20,0,14,62,49,1678,294,1045,269,0,14,71,68,0,14,0,14,974,263,0,14,633,208,0,14,196,121,14,22,0,14,418,183,5,8
1400000US36081017600,"Census Tract 176, Queens County, New York",Queens,2302,332,1184,254,1033,255,110,55,23,35,0,14,87,54,0,14,41,40,33,37,0,14,8,13,1118,267,841,166,26,24,90,89,0,14,0,14,725,162,0,14,277,148,0,14,28,30,0,14,0,14,249,145,0,14
1400000US36081017800,"Census Tract 178, Queens County, New York",Queens,2086,422,747,195,681,196,38,23,0,14,17,20,9,11,12,21,28,41,27,41,0,14,1,2,1339,308,738,223,0,14,179,168,15,23,0,14,544,152,0,14,601,176,0,14,62,64,23,36,0,14,516,184,0,14
1400000US36081017901,"Census Tract 179.01, Queens County, New York",Queens,1045,213,568,170,393,135,140,80,40,32,57,74,0,14,43,35,35,28,21,23,4,6,10,14,477,110,342,113,45,34,112,59,6,10,0,14,179,120,0,14,135,72,25,26,67,63,0,14,0,14,43,34,0,14
1400000US36081017902,"Census Tract 179.02, Queens County, New York",Queens,69,6,26,38,26,38,0,14,0,14,0,14,0,14,0,14,0,14,0,14,0,14,0,14,43,38,0,14,0,14,0,14,0,14,0,14,0,14,0,14,43,38,0,14,0,14,0,14,0,14,43,38,0,14
1400000US36081018000,"Census Tract 180, Queens County, New York",Queens,1652,314,775,247,737,253,14,21,14,21,0,14,0,14,0,14,24,20,13,17,0,14,11,13,877,192,592,190,0,14,168,136,52,70,0,14,372,142,0,14,285,137,5,8,45,63,0,14,0,14,235,125,0,14
1400000US36081018101,"Census Tract 181.01, Queens County, New York",Queens,3532,555,1560,388,890,293,479,167,165,87,72,45,103,67,139,141,191,131,89,59,0,14,102,86,1972,452,582,159,107,69,231,116,9,14,0,14,235,119,0,14,1390,454,191,132,461,224,8,70,0,14,722,465,8,12
1400000US36081018102,"Census Tract 181.02, Queens County, New York",Queens,3680,491,2160,317,1422,332,604,137,162,75,206,88,209,98,27,25,134,65,33,44,0,14,101,53,1520,333,929,275,215,97,403,230,44,33,16,26,251,117,0,14,591,197,24,28,382,181,27,44,0,14,138,92,20,21
1400000US36081018200,"Census Tract 182, Queens County, New York",Queens,2613,490,1130,286,951,255,82,44,1,4,0,14,81,44,0,14,97,48,14,23,11,12,72,48,1483,378,1045,357,17,24,45,38,51,36,0,14,932,357,0,14,438,157,23,26,0,14,41,34,0,14,374,156,0,14
1400000US36081018300,"Census Tract 183, Queens County, New York",Queens,5058,779,2776,470,2122,432,527,207,264,140,42,48,116,93,105,95,127,85,20,35,0,19,107,89,2282,487,702,230,181,144,220,91,49,57,0,19,252,151,0,19,1580,540,184,127,530,385,0,19,0,19,866,380,0,19
1400000US36081018401,"Census Tract 184.01, Queens County, New York",Queens,2089,301,1033,278,912,264,96,68,25,38,8,12,63,55,0,14,25,41,0,14,0,14,25,41,1056,283,565,140,0,14,63,73,0,14,0,14,502,148,0,14,491,235,0,14,39,43,51,72,0,14,401,201,0,14
1400000US36081018402,"Census Tract 184.02, Queens County, New York",Queens,2855,479,1650,440,1392,398,180,82,0,14,0,14,180,82,0,14,78,53,55,44,7,12,16,26,1205,287,1029,253,0,14,55,37,20,31,0,14,954,253,0,14,176,135,0,14,0,14,0,14,0,14,176,135,0,14
1400000US36081018501,"Census Tract 185.01, Queens County, New York",Queens,3696,487,2197,364,1709,350,416,154,187,122,69,42,81,63,79,70,72,45,46,37,0,14,26,31,1499,338,760,165,180,100,286,87,13,21,0,14,269,118,12,19,739,308,82,69,367,256,0,14,8,13,282,186,0,14
1400000US36081018502,"Census Tract 185.02, Queens County, New York",Queens,3071,349,1942,293,1373,211,502,163,182,83,140,115,129,76,51,36,67,43,12,21,0,14,55,39,1129,299,744,179,208,121,246,117,0,14,0,14,290,156,0,14,385,222,16,32,263,177,0,14,0,14,106,111,0,14
1400000US36081018600,"Census Tract 186, Queens County, New York",Queens,1886,389,876,212,788,190,27,33,0,14,1,2,26,34,0,14,61,56,37,52,6,9,18,23,1010,339,698,203,0,14,43,50,64,99,0,14,591,195,0,14,312,222,0,14,27,38,20,32,0,14,265,219,0,14
1400000US36081018700,"Census Tract 187, Queens County, New York",Queens,2760,504,1642,460,1346,334,186,107,50,38,22,21,90,86,24,31,110,141,84,110,0,14,26,32,1118,267,518,162,38,34,303,162,16,29,0,14,161,97,0,14,600,203,75,65,315,177,58,63,0,14,152,107,0,14
1400000US36081018800,"Census Tract 188, Queens County, New York",Queens,1356,335,809,217,718,196,91,54,14,18,0,14,77,53,0,14,0,14,0,14,0,14,0,14,547,306,414,288,0,14,18,25,0,14,0,14,396,284,0,14,133,85,0,14,18,18,0,14,0,14,115,83,0,14
1400000US36081018900,"Census Tract 189, Queens County, New York",Queens,3106,596,1516,311,969,260,450,172,103,68,16,25,176,102,155,77,97,84,46,72,0,14,51,49,1590,464,743,334,44,41,506,284,0,14,0,14,193,121,0,14,847,361,55,47,354,277,98,136,0,14,340,166,0,14
1400000US36081019000,"Census Tract 190, Queens County, New York",Queens,2736,391,1451,287,1331,270,113,103,0,14,0,14,113,103,0,14,7,10,0,14,0,14,7,10,1285,293,945,208,0,14,104,74,0,14,0,14,841,214,0,14,340,134,0,14,27,30,0,14,0,14,313,132,0,14
1400000US36081019200,"Census Tract 192, Queens County, New York",Queens,2214,432,1212,283,1057,263,134,64,12,17,0,14,122,63,0,14,21,26,0,14,0,14,21,26,1002,290,696,193,0,14,118,101,8,11,0,14,570,190,0,14,306,173,0,14,37,36,7,11,0,14,262,171,0,14
1400000US36081019400,"Census Tract 194, Queens County, New York",Queens,2977,411,1672,312,1596,309,58,43,0,14,7,11,51,41,0,14,18,28,18,28,0,14,0,14,1305,237,784,168,0,14,103,64,4,10,0,14,677,157,0,14,521,130,0,14,105,76,0,14,0,14,416,114,0,14
1400000US36081019600,"Census Tract 196, Queens County, New York",Queens,3175,693,2068,601,1885,579,135,86,17,27,0,14,118,83,0,14,48,35,3,6,0,14,45,34,1107,265,859,237,0,14,138,122,58,67,0,14,663,210,0,14,248,121,0,14,7,17,0,14,0,14,241,124,0,14
1400000US36081019800,"Census Tract 198, Queens County, New York",Queens,3189,468,1365,435,1307,448,31,50,0,14,0,14,31,50,0,14,27,41,27,41,0,14,0,14,1824,357,1010,367,0,14,328,191,0,14,0,14,682,290,0,14,814,247,0,14,334,218,34,56,0,14,446,206,0,14
1400000US36081019901,"Census Tract 199.01, Queens County, New York",Queens,459,97,345,84,292,88,34,33,11,22,0,14,7,10,16,30,19,26,1,4,0,14,18,25,114,49,33,28,0,14,0,14,0,14,0,14,33,28,0,14,81,36,0,14,7,11,7,11,0,14,67,46,0,14
1400000US36081019902,"Census Tract 199.02, Queens County, New York",Queens,181,19,120,60,94,26,26,38,0,14,0,14,15,37,11,29,0,14,0,14,0,14,0,14,61,59,0,14,0,14,0,14,0,14,0,14,0,14,0,14,61,59,0,14,0,14,0,14,0,14,61,59,0,14
1400000US36081019903,"Census Tract 199.03, Queens County, New York",Queens,0,14,0,14,0,14,0,14,0,14,0,14,0,14,0,14,0,14,0,14,0,14,0,14,0,14,0,14,0,14,0,14,0,14,0,14,0,14,0,14,0,14,0,14,0,14,0,14,0,14,0,14,0,14
1400000US36081020200,"Census Tract 202, Queens County, New York",Queens,1688,464,892,248,786,246,106,75,0,14,0,14,69,53,37,54,0,14,0,14,0,14,0,14,796,470,387,177,0,14,71,87,0,14,0,14,316,164,0,14,409,328,0,14,72,61,7,10,0,14,330,325,0,14
1400000US36081020400,"Census Tract 204, Queens County, New York",Queens,1986,426,760,227,584,182,81,57,2,4,0,14,68,53,11,17,95,100,75,98,0,14,20,28,1226,336,676,199,0,14,89,56,6,9,0,14,581,196,0,14,550,243,12,20,50,50,6,9,0,14,482,237,0,14
1400000US36081020500,"Census Tract 205, Queens County, New York",Queens,1324,279,606,172,548,175,36,35,29,30,4,8,0,14,3,8,22,18,7,11,0,14,15,15,718,179,408,117,53,59,78,32,0,14,0,14,277,104,0,14,310,119,0,14,48,25,18,27,0,14,244,115,0,14
1400000US36081020600,"Census Tract 206, Queens County, New York",Queens,1585,308,679,197,611,187,6,10,0,14,0,14,6,10,0,14,62,52,38,40,0,14,24,31,906,255,307,122,15,25,93,97,0,14,0,14,199,91,0,14,599,252,60,71,98,126,0,14,0,14,441,214,0,14
1400000US36081020800,"Census Tract 208, Queens County, New York",Queens,4190,814,1997,503,1800,517,186,112,94,96,0,14,92,71,0,14,11,18,11,18,0,14,0,14,2193,569,1118,283,46,47,282,200,35,56,0,14,755,227,0,14,1075,484,194,291,75,79,139,231,0,14,667,334,0,14
1400000US36081021200,"Census Tract 212, Queens County, New York",Queens,2517,456,1005,336,775,201,37,44,14,28,0,14,23,36,0,14,193,214,187,217,0,14,6,9,1512,307,684,287,0,14,149,102,5,15,0,14,530,268,0,14,828,237,13,20,164,95,0,14,0,14,651,235,0,14
1400000US36081021400,"Census Tract 214, Queens County, New York",Queens,5874,1225,2395,609,1760,472,483,389,14,22,34,41,400,389,35,63,152,129,54,86,0,19,98,104,3479,974,1602,462,177,115,820,236,76,72,0,19,512,351,17,26,1877,955,21,35,497,286,424,630,0,19,935,671,0,19
1400000US36081021601,"Census Tract 216.01, Queens County, New York",Queens,2512,463,1622,339,1262,311,336,118,166,84,27,26,63,41,80,80,24,27,12,20,0,14,12,18,890,234,600,224,344,224,59,40,12,18,0,14,185,89,0,14,290,91,11,18,175,76,15,22,0,14,89,58,0,14
1400000US36081021602,"Census Tract 216.02, Queens County, New York",Queens,1479,455,849,335,662,332,72,64,12,20,7,11,31,34,22,32,115,130,98,129,0,14,17,23,630,197,453,156,28,41,85,73,16,23,0,14,324,148,0,14,177,85,0,14,27,33,0,14,0,14,150,80,0,14
1400000US36081021603,"Census Tract 216.03, Queens County, New York",Queens,0,14,0,14,0,14,0,14,0,14,0,14,0,14,0,14,0,14,0,14,0,14,0,14,0,14,0,14,0,14,0,14,0,14,0,14,0,14,0,14,0,14,0,14,0,14,0,14,0,14,0,14,0,14
1400000US36081021900,"Census Tract 219, Queens County, New York",Queens,0,14,0,14,0,14,0,14,0,14,0,14,0,14,0,14,0,14,0,14,0,14,0,14,0,14,0,14,0,14,0,14,0,14,0,14,0,14,0,14,0,14,0,14,0,14,0,14,0,14,0,14,0,14
1400000US36081022001,"Census Tract 220.01, Queens County, New York",Queens,6402,920,3596,864,3182,791,321,218,117,153,26,31,137,119,41,38,93,83,51,57,0,19,42,65,2806,625,1920,445,322,330,780,282,60,76,0,19,758,270,0,19,886,355,32,36,213,166,104,118,0,19,537,291,0,19
1400000US36081022002,"Census Tract 220.02, Queens County, New York",Queens,6098,1180,2649,557,2547,548,39,43,20,33,15,24,4,7,0,19,63,60,63,60,0,19,0,19,3449,1046,2808,982,820,854,1269,331,83,79,0,19,636,292,0,19,641,330,94,89,236,249,16,24,0,19,295,204,0,19
1400000US36081022900,"Census Tract 229, Queens County, New York",Queens,0,14,0,14,0,14,0,14,0,14,0,14,0,14,0,14,0,14,0,14,0,14,0,14,0,14,0,14,0,14,0,14,0,14,0,14,0,14,0,14,0,14,0,14,0,14,0,14,0,14,0,14,0,14
1400000US36081023000,"Census Tract 230, Queens County, New York",Queens,1848,389,814,277,762,263,27,43,25,42,0,14,2,4,0,14,25,25,12,18,0,14,13,16,1034,315,927,306,213,188,426,171,91,79,0,14,197,129,0,14,107,70,10,16,74,62,0,14,0,14,23,21,0,14
1400000US36081023200,"Census Tract 232, Queens County, New York",Queens,4896,837,2057,477,1715,401,265,250,66,49,0,14,199,239,0,14,77,62,60,57,0,14,17,20,2839,638,2121,615,166,245,1226,537,8,14,0,14,721,245,0,14,718,264,25,24,511,275,9,16,0,14,173,95,0,14
1400000US36081023501,"Census Tract 235.01, Queens County, New York",Queens,3614,777,1550,578,1323,537,210,140,18,28,40,38,60,86,92,78,17,28,0,14,0,14,17,28,2064,455,719,259,0,14,361,178,0,14,0,14,358,182,0,14,1345,392,0,14,195,135,0,14,0,14,1150,410,0,14
1400000US36081023502,"Census Tract 235.02, Queens County, New York",Queens,2739,802,1114,336,715,299,362,163,98,63,43,34,149,130,72,60,37,38,12,23,0,14,25,29,1625,692,620,345,14,21,201,120,0,14,0,14,405,342,0,14,1005,634,10,16,243,129,0,14,0,14,752,616,0,14
1400000US36081023600,"Census Tract 236, Queens County, New York",Queens,3594,618,1596,366,1264,319,183,101,126,81,0,14,44,43,13,21,149,120,117,111,0,14,32,50,1998,365,1123,279,15,26,525,184,0,14,0,14,577,246,6,13,875,242,0,14,367,145,160,135,0,14,348,181,0,14
1400000US36081023800,"Census Tract 238, Queens County, New York",Queens,4502,631,1529,307,1189,304,152,111,45,69,0,14,107,89,0,14,188,162,15,25,0,14,173,162,2973,529,1825,425,15,23,936,318,34,41,0,14,840,252,0,14,1148,302,0,14,304,133,0,14,0,14,844,277,0,14
1400000US36081024000,"Census Tract 240, Queens County, New York",Queens,6558,1249,2474,619,2159,553,106,102,47,62,0,19,59,80,0,19,209,220,209,220,0,19,0,19,4084,971,2055,675,136,209,682,402,0,19,0,19,1237,561,0,19,2029,672,13,21,553,398,60,94,0,19,1403,626,0,19
1400000US36081024300,"Census Tract 243, Queens County, New York",Queens,5607,694,2542,506,2169,496,191,107,38,43,44,50,85,71,24,35,182,134,128,114,0,19,54,61,3065,570,1522,410,317,222,683,232,0,19,0,19,522,332,0,19,1543,408,143,138,627,356,0,19,0,19,773,263,0,19
1400000US36081024500,"Census Tract 245, Queens County, New York",Queens,5102,976,2875,664,2707,674,151,112,37,47,0,19,114,103,0,19,17,27,17,27,0,19,0,19,2227,574,1422,348,388,232,640,172,40,54,0,19,354,160,0,19,805,493,53,87,509,413,0,19,0,19,243,259,0,19
1400000US36081024600,"Census Tract 246, Queens County, New York",Queens,0,14,0,14,0,14,0,14,0,14,0,14,0,14,0,14,0,14,0,14,0,14,0,14,0,14,0,14,0,14,0,14,0,14,0,14,0,14,0,14,0,14,0,14,0,14,0,14,0,14,0,14,0,14
1400000US36081024700,"Census Tract 247, Queens County, New York",Queens,1506,345,639,210,590,203,36,34,7,11,18,30,11,13,0,14,13,21,0,14,0,14,13,21,867,214,438,152,52,37,245,145,0,14,0,14,141,62,0,14,429,166,7,11,314,157,0,14,0,14,108,51,0,14
1400000US36081024900,"Census Tract 249, Queens County, New York",Queens,5228,1328,1661,641,1473,615,152,93,85,62,39,59,20,32,8,18,36,47,7,13,0,19,29,46,3567,815,1487,494,230,161,1107,386,49,80,0,19,101,122,0,19,2080,847,346,231,574,195,93,146,0,19,1067,812,0,19
1400000US36081025100,"Census Tract 251, Queens County, New York",Queens,5703,1027,2778,433,2133,416,593,244,133,132,204,105,147,93,109,118,52,45,24,31,0,19,28,37,2925,804,1332,457,381,213,728,292,0,19,0,19,223,203,0,19,1593,697,100,82,358,198,0,19,0,19,1135,683,0,19
1400000US36081025301,"Census Tract 253.01, Queens County, New York",Queens,3660,442,1818,267,1244,221,415,163,170,106,112,130,96,93,37,35,159,103,135,95,0,14,24,39,1842,460,903,253,53,47,408,197,0,14,0,14,442,208,0,14,939,384,50,62,636,329,0,14,0,14,253,141,0,14
1400000US36081025302,"Census Tract 253.02, Queens County, New York",Queens,3026,851,1394,330,1115,321,189,78,39,35,0,14,49,41,101,60,90,78,59,67,0,14,31,37,1632,608,359,163,59,55,90,76,0,14,0,14,210,130,0,14,1273,602,89,83,473,196,0,14,0,14,700,578,11,17
1400000US36081025401,"Census Tract 254.01, Queens County, New York",Queens,3750,1236,1898,1296,1767,1153,116,154,0,14,0,14,116,154,0,14,15,62,10,62,0,14,5,11,1852,400,1007,322,0,14,405,223,65,63,0,14,537,195,0,14,845,389,0,14,526,417,4,47,0,14,315,226,0,14
1400000US36081025402,"Census Tract 254.02, Queens County, New York",Queens,6013,1063,3326,575,2876,580,450,251,0,19,0,19,383,232,67,110,0,19,0,19,0,19,0,19,2687,779,1711,520,0,19,766,467,0,19,0,19,945,356,0,19,976,495,0,19,422,375,22,43,0,19,532,340,0,19
1400000US36081025500,"Census Tract 255, Queens County, New York",Queens,1390,321,678,229,516,192,135,71,57,48,33,28,12,17,33,25,27,33,0,14,0,14,27,33,712,248,248,94,4,9,188,85,0,14,0,14,56,52,0,14,464,233,0,14,300,193,0,14,0,14,164,156,0,14
1400000US36081025700,"Census Tract 257, Queens County, New York",Queens,1453,300,592,195,520,173,72,48,39,34,0,14,20,29,13,19,0,14,0,14,0,14,0,14,861,242,312,122,30,33,163,78,0,14,10,15,109,100,0,14,549,196,16,25,326,172,0,14,0,14,207,116,0,14
1400000US36081025800,"Census Tract 258, Queens County, New York",Queens,2693,586,1429,557,1241,535,160,87,12,17,0,14,148,83,0,14,28,44,0,14,0,14,28,44,1264,298,737,176,0,14,261,128,60,95,0,14,416,165,0,14,527,248,0,14,423,250,47,4,0,14,57,52,0,14
1400000US36081025900,"Census Tract 259, Queens County, New York",Queens,3060,403,1147,243,899,227,233,122,68,42,0,14,117,76,48,53,15,24,0,14,0,14,15,24,1913,351,841,197,11,17,453,129,46,53,0,14,331,157,0,14,1072,325,16,23,208,99,0,14,0,14,848,323,0,14
1400000US36081026000,"Census Tract 260, Queens County, New York",Queens,2894,636,1839,530,1757,536,74,53,0,14,0,14,74,53,0,14,8,12,0,14,0,14,8,12,1055,324,662,266,0,14,321,166,126,203,10,15,205,103,0,14,393,148,0,14,308,157,12,19,0,14,73,61,0,14
1400000US36081026100,"Census Tract 261, Queens County, New York",Queens,7175,1096,2544,740,2181,637,185,128,39,43,40,44,37,43,69,76,178,165,0,19,0,19,178,165,4631,765,1549,461,110,90,905,373,0,19,0,19,534,253,0,19,3082,840,132,136,1337,605,0,19,0,19,1613,710,0,19
1400000US36081026200,"Census Tract 262, Queens County, New York",Queens,1554,470,767,271,641,253,86,43,19,18,0,14,67,37,0,14,40,43,2,12,0,14,38,40,787,246,524,176,0,14,102,114,28,32,0,14,394,130,0,14,263,122,0,14,110,102,24,20,0,14,129,59,0,14
1400000US36081026300,"Census Tract 263, Queens County, New York",Queens,4559,1185,1069,382,941,367,128,103,25,39,0,14,79,98,24,38,0,14,0,14,0,14,0,14,3490,1035,1337,620,0,14,1267,609,0,14,0,14,70,87,0,14,2153,724,23,35,1472,552,34,55,0,14,599,616,25,41
1400000US36081026400,"Census Tract 264, Queens County, New York",Queens,2479,441,1535,319,1372,317,115,55,0,14,0,14,115,55,0,14,48,34,21,26,9,16,18,23,944,230,682,207,7,10,82,77,5,11,0,14,588,197,0,14,262,135,0,14,15,22,13,16,0,14,234,122,0,14
1400000US36081026501,"Census Tract 265.01, Queens County, New York",Queens,3031,529,936,382,758,311,176,110,26,35,41,44,49,75,60,57,2,3,2,3,0,14,0,14,2095,398,876,215,87,59,445,163,39,59,0,14,305,181,0,14,1219,321,45,62,753,273,0,14,0,14,421,253,0,14
1400000US36081026502,"Census Tract 265.02, Queens County, New York",Queens,1393,392,507,182,356,184,94,85,63,59,18,28,6,9,7,11,57,61,45,59,7,10,5,9,886,288,132,68,7,10,91,58,0,14,0,14,34,33,0,14,754,290,0,14,281,167,0,14,0,14,473,271,0,14
1400000US36081026600,"Census Tract 266, Queens County, New York",Queens,1941,433,748,236,687,236,61,34,0,14,18,24,37,25,6,9,0,14,0,14,0,14,0,14,1193,339,854,207,16,23,114,62,0,14,0,14,724,215,0,14,339,210,0,14,53,34,0,14,0,14,286,210,0,14
1400000US36081026700,"Census Tract 267, Queens County, New York",Queens,5219,645,1166,391,920,372,31,34,30,35,0,19,1,2,0,19,215,168,58,99,0,19,157,147,4053,752,2170,461,30,49,1105,504,0,19,0,19,1035,407,0,19,1883,800,16,21,851,460,0,19,0,19,1016,662,0,19
1400000US36081026901,"Census Tract 269.01, Queens County, New York",Queens,4532,698,1600,461,1509,461,41,38,12,18,10,16,0,14,19,30,50,44,18,21,0,14,32,38,2932,362,1477,258,29,34,770,264,17,23,0,14,661,174,0,14,1455,373,0,14,292,140,0,14,0,14,1163,355,0,14
1400000US36081026902,"Census Tract 269.02, Queens County, New York",Queens,4447,610,1557,404,1441,399,71,58,39,42,23,31,7,13,2,9,45,53,0,14,0,14,45,53,2890,440,988,246,47,56,608,188,7,14,0,14,326,161,0,14,1902,455,22,34,1021,356,8,14,0,14,846,327,5,11
1400000US36081027000,"Census Tract 270, Queens County, New York",Queens,1937,608,1127,432,1108,431,19,15,0,14,0,14,19,15,0,14,0,14,0,14,0,14,0,14,810,259,528,171,52,40,38,55,0,14,0,14,438,179,0,14,282,154,0,14,95,89,0,14,0,14,187,140,0,14
1400000US36081027101,"Census Tract 271.01, Queens County, New York",Queens,5409,1042,2532,1000,2343,945,32,43,19,37,0,19,13,23,0,19,157,133,67,113,0,19,90,76,2877,384,1073,188,0,19,827,213,0,19,0,19,246,137,0,19,1804,352,27,55,946,274,0,19,0,19,831,352,0,19
1400000US36081027102,"Census Tract 271.02, Queens County, New York",Queens,2643,373,865,290,697,236,0,14,0,14,0,14,0,14,0,14,168,207,127,206,0,14,41,44,1778,252,747,143,41,49,182,66,0,14,0,14,524,149,0,14,1031,235,26,40,154,112,0,14,0,14,851,230,0,14
1400000US36081027200,"Census Tract 272, Queens County, New York",Queens,1921,437,1027,363,858,337,161,92,16,25,24,40,98,76,23,33,8,13,0,14,0,14,8,13,894,256,611,239,28,34,33,53,48,53,0,14,502,238,0,14,283,165,0,14,55,63,31,48,0,14,197,157,0,14
1400000US36081027301,"Census Tract 273.01, Queens County, New York",Queens,3098,995,998,400,943,400,0,14,0,14,0,14,0,14,0,14,55,69,42,64,0,14,13,21,2100,682,687,280,0,14,180,89,0,14,0,14,507,272,0,14,1413,466,20,30,266,175,0,14,0,14,1127,474,0,14
1400000US36081027302,"Census Tract 273.02, Queens County, New York",Queens,3813,705,1353,354,1337,356,16,21,0,14,0,14,6,7,10,22,0,14,0,14,0,14,0,14,2460,472,861,216,16,38,271,154,12,19,0,14,562,188,0,14,1599,487,101,98,186,161,4,7,0,14,1308,445,0,14
1400000US36081027400,"Census Tract 274, Queens County, New York",Queens,1871,341,970,271,877,257,87,89,10,16,3,8,22,18,52,86,6,9,0,14,0,14,6,9,901,211,674,179,0,14,187,144,27,40,0,14,460,141,0,14,227,133,0,14,14,15,0,14,0,14,213,134,0,14
1400000US36081027500,"Census Tract 275, Queens County, New York",Queens,6454,1078,1664,485,1559,477,105,99,23,38,20,38,48,76,14,34,0,19,0,19,0,19,0,19,4790,897,2122,544,138,203,705,285,0,19,0,19,1279,463,0,19,2668,837,25,43,721,386,28,82,0,19,1894,757,0,19
1400000US36081027600,"Census Tract 276, Queens County, New York",Queens,1551,442,614,187,504,195,90,63,6,10,0,14,84,63,0,14,20,19,0,14,0,14,20,19,937,358,628,310,0,14,50,49,16,27,0,14,562,309,0,14,309,163,0,14,56,41,0,14,0,14,253,169,0,14
1400000US36081027701,"Census Tract 277.01, Queens County, New York",Queens,3553,765,1807,724,1714,697,54,77,54,77,0,14,0,14,0,14,39,58,39,58,0,14,0,14,1746,345,604,251,53,64,123,143,0,14,0,14,428,208,0,14,1142,280,0,14,65,126,0,14,0,14,1077,297,0,14
1400000US36081027702,"Census Tract 277.02, Queens County, New York",Queens,3397,757,1462,485,1171,410,219,164,28,31,3,7,132,158,56,44,72,49,16,26,10,15,46,44,1935,558,1215,501,159,117,274,146,0,14,0,14,782,523,0,14,720,236,12,18,49,42,0,14,0,14,659,238,0,14
1400000US36081027800,"Census Tract 278, Queens County, New York",Queens,2497,381,1923,355,1639,317,252,77,34,43,0,14,218,65,0,14,32,46,0,14,0,14,32,46,574,186,388,129,0,14,0,14,0,14,0,14,388,129,0,14,186,112,0,14,0,14,0,14,0,14,186,112,0,14
1400000US36081027900,"Census Tract 279, Queens County, New York",Queens,8551,1825,2627,703,1792,552,412,207,116,127,132,75,156,128,8,14,423,432,117,112,85,122,221,291,5924,1498,2052,638,51,57,509,133,13,27,0,19,1159,474,320,463,3872,1352,10,19,120,146,250,328,6,22,3358,1275,128,176
1400000US36081028000,"Census Tract 280, Queens County, New York",Queens,1717,357,1087,352,989,347,74,39,0,14,0,14,74,39,0,14,24,25,14,21,0,14,10,14,630,143,390,121,12,15,80,70,0,14,0,14,298,116,0,14,240,113,0,14,89,101,21,35,0,14,130,73,0,14
1400000US36081028100,"Census Tract 281, Queens County, New York",Queens,6090,708,3117,568,2481,451,557,213,248,140,110,80,64,64,135,102,79,66,41,49,0,19,38,44,2973,619,1563,463,259,120,28,42,0,19,0,19,1276,445,0,19,1410,532,30,36,25,29,0,19,0,19,1355,521,0,19
1400000US36081028200,"Census Tract 282, Queens County, New York",Queens,2028,462,1302,332,1129,335,141,85,46,53,19,31,76,40,0,14,32,33,0,14,0,14,32,33,726,257,381,147,7,10,76,69,19,28,0,14,279,141,0,14,345,172,0,14,47,70,54,86,0,14,244,135,0,14
1400000US36081028300,"Census Tract 283, Queens County, New York",Queens,7578,1094,3437,446,2434,366,891,282,231,143,169,116,294,135,197,147,112,86,0,19,0,19,112,86,4141,1010,2131,484,102,90,406,213,10,18,0,19,1613,507,0,19,2010,894,119,132,248,168,409,658,0,19,1234,586,0,19
1400000US36081028400,"Census Tract 284, Queens County, New York",Queens,3343,641,1611,508,1287,464,222,117,0,14,67,72,155,96,0,14,102,98,53,75,0,14,49,64,1732,534,1184,376,0,14,77,106,57,79,0,14,1050,380,0,14,548,224,0,14,0,14,90,110,0,14,458,236,0,14
1400000US36081028500,"Census Tract 285, Queens County, New York",Queens,4811,826,2908,588,2255,528,487,214,160,103,96,68,168,105,63,65,166,141,31,36,0,14,135,138,1903,485,1102,375,317,114,181,132,0,14,0,14,592,324,12,19,801,383,245,254,149,90,0,14,0,14,407,206,0,14
1400000US36081028700,"Census Tract 287, Queens County, New York",Queens,6422,1220,2933,640,2069,656,597,178,235,94,166,102,94,116,102,95,267,150,147,104,0,19,120,110,3489,830,2578,717,380,144,1066,519,236,335,0,19,860,343,36,39,911,309,41,43,327,203,15,25,0,19,528,299,0,19
1400000US36081028801,"Census Tract 288.01, Queens County, New York",Queens,2813,593,2067,606,1706,584,205,107,2,4,10,15,193,105,0,14,156,87,33,38,0,14,123,107,746,171,552,152,0,14,14,22,42,43,0,14,496,145,0,14,194,129,0,14,0,14,10,16,0,14,184,128,0,14
1400000US36081028802,"Census Tract 288.02, Queens County, New York",Queens,2343,567,1371,450,1183,433,135,107,20,31,2,6,99,101,14,24,53,48,29,46,0,14,24,23,972,254,673,159,0,14,75,119,69,70,0,14,529,143,0,14,299,155,0,14,42,67,48,38,0,14,209,135,0,14
1400000US36081028803,"Census Tract 288.03, Queens County, New York",Queens,0,14,0,14,0,14,0,14,0,14,0,14,0,14,0,14,0,14,0,14,0,14,0,14,0,14,0,14,0,14,0,14,0,14,0,14,0,14,0,14,0,14,0,14,0,14,0,14,0,14,0,14,0,14
1400000US36081028900,"Census Tract 289, Queens County, New York",Queens,4859,1353,2112,672,1748,680,258,141,124,106,100,76,34,39,0,14,106,100,7,11,0,14,99,100,2747,800,2217,806,840,720,836,296,19,30,0,14,522,219,0,14,530,200,59,59,247,161,0,14,0,14,224,142,0,14
1400000US36081029100,"Census Tract 291, Queens County, New York",Queens,6259,864,1940,445,1426,356,479,248,118,86,224,152,58,49,79,66,35,40,21,33,0,19,14,23,4319,723,1753,415,91,85,1064,346,11,30,0,19,554,321,33,53,2566,676,210,202,1707,662,0,19,6,13,626,345,17,27
1400000US36081029300,"Census Tract 293, Queens County, New York",Queens,1214,226,437,158,280,96,154,163,95,95,50,73,0,14,9,14,3,4,0,14,0,14,3,4,777,155,375,104,33,35,291,94,0,14,0,14,51,51,0,14,402,116,0,14,321,120,0,14,0,14,81,55,0,14
1400000US36081029400,"Census Tract 294, Queens County, New York",Queens,8578,1369,5212,1030,4591,978,457,197,8,17,0,19,430,199,19,36,164,138,118,119,0,19,46,75,3366,997,2696,853,0,19,0,19,208,139,0,19,2488,856,0,19,670,364,0,19,5,11,0,19,0,19,665,365,0,19
1400000US36081029500,"Census Tract 295, Queens County, New York",Queens,3527,569,1807,320,1445,276,300,140,131,105,38,37,96,57,35,31,62,43,22,32,0,14,40,31,1720,469,1089,414,320,133,573,346,14,26,0,14,182,106,0,14,631,288,166,134,292,183,75,115,0,14,98,83,0,14
1400000US36081029700,"Census Tract 297, Queens County, New York",Queens,2391,337,1215,307,1141,297,70,46,39,33,0,14,29,29,2,4,4,7,4,7,0,14,0,14,1176,189,319,122,121,54,157,86,0,14,0,14,41,32,0,14,857,181,118,76,323,189,0,14,0,14,416,149,0,14
1400000US36081029900,"Census Tract 299, Queens County, New York",Queens,0,14,0,14,0,14,0,14,0,14,0,14,0,14,0,14,0,14,0,14,0,14,0,14,0,14,0,14,0,14,0,14,0,14,0,14,0,14,0,14,0,14,0,14,0,14,0,14,0,14,0,14,0,14
1400000US36081030600,"Census Tract 306, Queens County, New York",Queens,5516,840,3187,660,2830,638,265,120,55,64,1,2,209,102,0,19,92,78,0,19,0,19,92,78,2329,445,1733,335,0,19,316,178,241,117,0,19,1176,290,0,19,596,222,0,19,50,47,62,50,0,19,484,226,0,19
1400000US36081030903,"Census Tract 309.03, Queens County, New York",Queens,5176,953,2468,728,2262,757,206,261,197,262,4,9,0,19,5,9,0,19,0,19,0,19,0,19,2708,611,1789,452,167,168,934,490,73,79,0,19,615,356,0,19,919,413,93,88,410,331,0,19,0,19,416,257,0,19
1400000US36081030904,"Census Tract 309.04, Queens County, New York",Queens,2721,467,1072,239,909,208,113,129,0,14,0,14,113,129,0,14,50,55,24,38,0,14,26,41,1649,402,1269,350,152,101,551,261,0,14,0,14,566,230,0,14,380,148,13,21,143,96,0,14,0,14,224,127,0,14
1400000US36081030905,"Census Tract 309.05, Queens County, New York",Queens,3780,861,1842,475,1755,472,37,32,11,18,0,14,26,26,0,14,50,53,13,20,0,14,37,49,1938,516,1057,450,58,59,528,379,27,54,0,14,444,221,0,14,881,358,0,14,413,259,0,14,0,14,468,265,0,14
1400000US36081030906,"Census Tract 309.06, Queens County, New York",Queens,4116,669,1705,500,1452,436,146,137,57,79,0,14,0,14,89,114,107,96,58,86,0,14,49,50,2411,433,1577,253,68,61,902,232,19,35,0,14,588,198,0,14,834,388,43,66,275,231,0,14,0,14,516,348,0,14
1400000US36081031700,"Census Tract 317, Queens County, New York",Queens,5965,1055,4008,822,3123,727,483,288,201,218,84,91,150,129,48,63,402,300,43,63,0,19,359,293,1957,599,1377,591,794,354,186,128,345,480,0,19,52,88,0,19,580,241,141,133,85,103,0,19,0,19,354,189,0,19
1400000US36081032000,"Census Tract 320, Queens County, New York",Queens,5501,620,3636,491,2952,448,358,201,121,120,0,19,226,132,11,31,326,191,88,79,90,122,148,148,1865,411,1259,345,12,19,20,31,30,36,0,19,1197,344,0,19,606,186,19,47,27,64,46,52,0,19,514,189,0,19
1400000US36081032700,"Census Tract 327, Queens County, New York",Queens,3742,685,1469,392,1224,380,80,86,0,14,18,28,12,18,50,71,165,87,27,46,0,14,138,78,2273,504,928,313,61,40,500,254,0,14,0,14,367,193,0,14,1345,553,0,14,85,74,0,14,0,14,1260,569,0,14
1400000US36081032800,"Census Tract 328, Queens County, New York",Queens,2882,478,1523,329,1393,313,100,50,18,22,0,14,82,52,0,14,30,29,26,29,0,14,4,7,1359,284,1022,231,7,10,4,6,39,55,0,14,972,233,0,14,337,169,9,14,0,14,0,14,0,14,328,168,0,14
1400000US36081032900,"Census Tract 329, Queens County, New York",Queens,3715,536,1836,426,1732,417,52,52,27,47,0,14,25,27,0,14,52,52,0,14,0,14,52,52,1879,460,1037,272,12,19,271,185,45,44,0,14,709,208,0,14,842,412,0,14,298,348,52,60,0,14,492,201,0,14
1400000US36081033000,"Census Tract 330, Queens County, New York",Queens,6943,1116,4329,935,3592,841,658,279,79,98,37,43,518,257,24,39,79,75,21,33,30,48,28,40,2614,633,1706,387,12,21,20,31,241,220,0,19,1433,377,0,19,908,412,22,36,89,115,123,94,0,19,674,405,0,19
1400000US36081033100,"Census Tract 331, Queens County, New York",Queens,0,14,0,14,0,14,0,14,0,14,0,14,0,14,0,14,0,14,0,14,0,14,0,14,0,14,0,14,0,14,0,14,0,14,0,14,0,14,0,14,0,14,0,14,0,14,0,14,0,14,0,14,0,14
1400000US36081033401,"Census Tract 334.01, Queens County, New York",Queens,3928,524,2269,590,1765,504,462,344,57,54,12,18,379,298,14,22,42,49,17,26,0,14,25,32,1659,380,1365,346,22,36,36,41,0,14,0,14,1307,343,0,14,294,152,0,14,0,14,0,14,0,14,294,152,0,14
1400000US36081033403,"Census Tract 334.03, Queens County, New York",Queens,4328,676,3061,687,2532,722,511,228,0,14,34,56,477,233,0,14,18,28,18,28,0,14,0,14,1267,383,971,316,45,71,55,65,37,59,0,14,834,303,0,14,296,233,0,14,53,64,43,70,0,14,200,217,0,14
1400000US36081033404,"Census Tract 334.04, Queens County, New York",Queens,6091,1358,4407,1218,3951,1200,391,196,83,90,0,19,308,168,0,19,65,101,0,19,65,101,0,19,1684,523,1384,448,26,44,36,43,0,19,0,19,1322,440,0,19,300,201,0,19,102,124,58,94,0,19,140,128,0,19
1400000US36081033405,"Census Tract 334.05, Queens County, New York",Queens,3643,563,2276,400,1937,438,263,140,51,60,0,14,212,139,0,14,76,101,9,15,67,100,0,14,1367,496,1317,501,0,14,0,14,224,212,0,14,1093,550,0,14,50,61,0,14,0,14,0,14,0,14,50,61,0,14
1400000US36081033700,"Census Tract 337, Queens County, New York",Queens,2791,518,1282,407,917,317,313,317,177,190,0,14,39,60,97,148,52,39,34,39,0,14,18,22,1509,374,798,264,38,62,148,95,0,14,0,14,612,251,0,14,711,281,0,14,183,165,0,14,0,14,518,264,10,16
1400000US36081033900,"Census Tract 339, Queens County, New York",Queens,3166,538,1741,501,1476,481,252,141,44,45,8,16,115,73,85,95,13,20,0,14,0,14,13,20,1425,359,1086,288,178,185,273,90,0,14,0,14,635,207,0,14,339,230,0,14,91,55,0,14,0,14,248,235,0,14
1400000US36081034700,"Census Tract 347, Queens County, New York",Queens,3976,709,2074,549,1791,590,237,157,113,124,0,14,53,65,71,83,46,60,1,4,0,14,45,59,1902,424,933,254,0,14,253,168,80,106,0,14,600,196,0,14,969,425,0,14,72,53,0,14,0,14,897,438,0,14
1400000US36081035100,"Census Tract 351, Queens County, New York",Queens,3598,515,1646,311,1495,291,120,93,81,78,0,14,21,31,18,30,31,39,0,14,0,14,31,39,1952,503,1062,259,106,90,322,119,0,14,0,14,634,219,0,14,890,408,0,14,70,69,20,30,0,14,800,401,0,14
1400000US36081035200,"Census Tract 352, Queens County, New York",Queens,2833,492,1612,305,1335,322,187,111,66,84,22,25,99,60,0,14,90,67,0,14,0,14,90,67,1221,430,960,367,0,14,12,18,78,77,0,14,848,357,22,31,261,129,0,14,13,21,7,10,0,14,241,130,0,14
1400000US36081035300,"Census Tract 353, Queens County, New York",Queens,2143,557,720,193,647,196,30,30,0,14,0,14,14,16,16,26,43,42,8,12,0,14,35,39,1423,577,844,420,0,14,14,17,0,14,0,14,830,424,0,14,579,268,0,14,81,95,0,14,0,14,498,260,0,14
1400000US36081035700,"Census Tract 357, Queens County, New York",Queens,4448,808,2428,429,2116,430,247,119,72,61,21,28,135,103,19,31,65,53,29,36,5,12,31,38,2020,590,1451,574,19,26,370,231,32,67,0,14,1019,516,11,16,569,225,0,14,60,47,36,47,0,14,473,214,0,14
1400000US36081035800,"Census Tract 358, Queens County, New York",Queens,4547,717,2547,556,2242,514,248,138,60,59,2,4,186,133,0,14,57,48,0,14,0,14,57,48,2000,548,1568,450,37,41,26,41,76,101,0,14,1429,432,0,14,432,200,0,14,0,14,31,50,0,14,401,199,0,14
1400000US36081036100,"Census Tract 361, Queens County, New York",Queens,2608,539,1269,332,1176,321,59,42,6,9,25,39,28,23,0,14,34,32,0,14,0,14,34,32,1339,354,653,167,0,14,98,66,57,86,0,14,498,158,0,14,686,280,0,14,96,81,41,65,0,14,549,289,0,14
1400000US36081036300,"Census Tract 363, Queens County, New York",Queens,2033,354,1136,243,975,242,155,80,49,50,5,9,101,60,0,14,6,9,0,14,0,14,6,9,897,240,440,134,17,28,70,63,10,15,0,14,343,131,0,14,457,180,0,14,28,36,0,14,0,14,429,184,0,14
1400000US36081036500,"Census Tract 365, Queens County, New York",Queens,3289,607,1619,467,1387,438,217,120,0,14,0,14,217,120,0,14,15,14,0,14,0,14,15,14,1670,381,485,179,10,20,105,104,0,14,0,14,370,138,0,14,1185,376,0,14,129,128,0,14,0,14,1056,356,0,14
1400000US36081036600,"Census Tract 366, Queens County, New York",Queens,3131,535,1776,449,1398,474,368,199,6,9,13,20,349,200,0,14,10,13,0,14,0,14,10,13,1355,491,1076,480,0,14,0,14,45,66,0,14,1031,472,0,14,279,214,0,14,0,14,0,14,0,14,279,214,0,14
1400000US36081036700,"Census Tract 367, Queens County, New York",Queens,2935,489,1289,439,1065,419,210,113,12,16,23,37,108,77,67,63,14,16,0,14,0,14,14,16,1646,568,725,347,0,14,121,69,38,33,0,14,566,325,0,14,921,598,11,17,73,87,70,69,0,14,767,573,0,14
1400000US36081036800,"Census Tract 368, Queens County, New York",Queens,2918,688,1662,639,1393,579,132,94,23,34,6,12,74,75,29,35,137,113,34,47,0,14,103,101,1256,295,850,181,8,14,0,14,69,94,0,14,773,181,0,14,406,196,0,14,0,14,21,36,0,14,385,178,0,14
1400000US36081037100,"Census Tract 371, Queens County, New York",Queens,1526,252,936,264,800,244,101,71,0,14,7,8,79,59,15,21,35,53,0,14,0,14,35,53,590,122,381,96,6,9,26,27,7,11,0,14,342,95,0,14,209,114,0,14,18,25,0,14,0,14,191,111,0,14
1400000US36081037300,"Census Tract 373, Queens County, New York",Queens,2420,555,1186,295,1081,257,28,22,0,14,0,14,23,19,5,11,77,76,7,11,0,14,70,76,1234,336,659,195,0,14,98,65,0,14,0,14,561,196,0,14,575,212,68,59,2,4,0,14,0,14,505,208,0,14
1400000US36081037501,"Census Tract 375.01, Queens County, New York",Queens,1487,352,678,285,678,285,0,14,0,14,0,14,0,14,0,14,0,14,0,14,0,14,0,14,809,180,202,115,0,14,28,45,0,14,0,14,174,109,0,14,607,190,0,14,67,77,0,14,0,14,540,203,0,14
1400000US36081037502,"Census Tract 375.02, Queens County, New York",Queens,2669,760,1263,581,1212,583,12,14,6,10,0,14,6,9,0,14,39,42,32,38,0,14,7,14,1406,428,416,179,0,14,44,42,0,14,0,14,372,177,0,14,990,425,0,14,13,29,0,14,0,14,977,425,0,14
1400000US36081037600,"Census Tract 376, Queens County, New York",Queens,6883,1266,4464,1137,4040,1121,360,171,27,37,28,42,305,150,0,19,64,71,13,21,0,19,51,66,2419,507,1937,413,14,24,0,19,16,26,0,19,1907,413,0,19,482,311,0,19,2,4,106,170,0,19,374,263,0,19
1400000US36081037700,"Census Tract 377, Queens County, New York",Queens,3567,940,1444,538,1357,535,78,67,71,67,0,14,7,8,0,14,9,21,9,21,0,14,0,14,2123,558,368,186,2,4,14,27,0,14,0,14,352,183,0,14,1755,570,0,14,56,76,0,14,0,14,1699,565,0,14
1400000US36081037900,"Census Tract 379, Queens County, New York",Queens,5841,1049,1812,547,1687,516,50,53,0,19,0,19,24,35,26,41,75,90,0,19,0,19,75,90,4029,870,1028,366,0,19,285,179,0,19,0,19,743,281,0,19,3001,773,0,19,217,105,0,19,0,19,2784,788,0,19
1400000US36081038100,"Census Tract 381, Queens County, New York",Queens,6999,1076,3170,568,2677,524,414,343,28,50,0,19,339,324,47,45,79,82,67,78,0,19,12,20,3829,919,808,267,35,42,187,153,16,39,0,19,570,196,0,19,3021,911,9,15,208,228,0,19,31,50,2773,895,0,19
1400000US36081038301,"Census Tract 383.01, Queens County, New York",Queens,0,14,0,14,0,14,0,14,0,14,0,14,0,14,0,14,0,14,0,14,0,14,0,14,0,14,0,14,0,14,0,14,0,14,0,14,0,14,0,14,0,14,0,14,0,14,0,14,0,14,0,14,0,14
1400000US36081038302,"Census Tract 383.02, Queens County, New York",Queens,0,14,0,14,0,14,0,14,0,14,0,14,0,14,0,14,0,14,0,14,0,14,0,14,0,14,0,14,0,14,0,14,0,14,0,14,0,14,0,14,0,14,0,14,0,14,0,14,0,14,0,14,0,14
1400000US36081038400,"Census Tract 384, Queens County, New York",Queens,2634,490,1591,410,1317,327,241,126,15,17,0,14,207,125,19,2,33,37,0,14,0,14,33,37,1043,338,830,262,17,26,0,14,30,45,0,14,783,262,0,14,213,165,0,14,0,14,0,14,0,14,213,165,0,14
1400000US36081039400,"Census Tract 394, Queens County, New York",Queens,3289,518,1969,311,1735,309,166,82,27,33,12,15,116,72,11,18,68,36,0,14,29,32,39,47,1320,379,972,327,0,14,58,60,22,33,0,14,892,325,0,14,348,209,0,14,12,19,125,173,0,14,187,115,24,36
1400000US36081039800,"Census Tract 398, Queens County, New York",Queens,1485,333,833,228,748,216,64,41,0,14,0,14,64,41,0,14,21,32,0,14,0,14,21,32,652,228,561,206,0,14,30,65,116,95,0,14,415,211,0,14,91,68,0,14,0,14,0,14,0,14,91,68,0,14
1400000US36081039901,"Census Tract 399.01, Queens County, New York",Queens,2504,483,1021,370,989,368,32,31,0,14,0,14,24,29,8,14,0,14,0,14,0,14,0,14,1483,322,463,206,37,47,167,131,0,14,0,14,259,125,0,14,1020,266,25,37,95,75,0,14,0,14,900,272,0,14
1400000US36081039902,"Census Tract 399.02, Queens County, New York",Queens,1982,455,880,281,821,284,51,50,15,34,17,22,19,31,0,14,8,12,8,12,0,14,0,14,1102,289,389,207,0,14,179,174,75,112,0,14,135,93,0,14,713,214,0,14,74,58,40,61,0,14,599,214,0,14
1400000US36081040000,"Census Tract 400, Queens County, New York",Queens,1410,315,792,212,644,184,131,77,0,14,23,28,108,61,0,14,17,2,17,2,0,14,0,14,618,202,522,200,0,14,27,41,12,27,0,14,483,211,0,14,96,62,0,14,0,14,2,7,0,14,94,62,0,14
1400000US36081040101,"Census Tract 401.01, Queens County, New York",Queens,2251,590,620,247,576,230,44,70,44,70,0,14,0,14,0,14,0,14,0,14,0,14,0,14,1631,505,679,485,0,14,112,81,8,14,0,14,559,481,0,14,952,256,0,14,75,59,0,14,0,14,877,236,0,14
1400000US36081040102,"Census Tract 401.02, Queens County, New York",Queens,3966,759,1648,499,1443,394,41,61,0,14,0,14,0,14,41,61,164,176,52,77,0,14,112,164,2318,579,584,249,0,14,157,103,0,14,0,14,427,236,0,14,1734,572,0,14,133,107,0,14,0,14,1601,562,0,14
1400000US36081040200,"Census Tract 402, Queens County, New York",Queens,1557,366,865,290,703,226,162,125,19,27,6,10,110,82,27,42,0,14,0,14,0,14,0,14,692,208,448,125,0,14,12,19,92,71,0,14,344,112,0,14,244,143,0,14,7,11,0,14,0,14,237,142,0,14
1400000US36081040301,"Census Tract 403.01, Queens County, New York",Queens,2603,595,774,282,733,277,18,30,0,14,0,14,18,30,0,14,23,37,23,37,0,14,0,14,1829,459,657,313,0,14,465,305,0,14,0,14,192,153,0,14,1172,366,0,14,8,12,0,14,0,14,1164,366,0,14
1400000US36081040302,"Census Tract 403.02, Queens County, New York",Queens,4409,883,1652,416,1551,408,28,47,0,14,0,14,0,14,28,47,73,95,21,35,0,14,52,63,2757,756,427,153,0,14,260,113,0,14,0,14,167,114,0,14,2330,757,0,14,192,98,0,14,0,14,2138,751,0,14
1400000US36081040400,"Census Tract 404, Queens County, New York",Queens,3671,552,1731,416,1449,395,178,95,52,42,8,14,118,92,0,14,104,83,0,14,84,81,20,28,1940,331,1381,315,0,14,133,114,35,55,0,14,1194,320,19,34,559,220,14,24,51,49,0,14,0,14,494,214,0,14
1400000US36081040501,"Census Tract 405.01, Queens County, New York",Queens,964,351,317,110,266,98,45,49,31,44,14,22,0,14,0,14,6,9,0,14,0,14,6,9,647,312,74,58,0,14,16,19,0,14,0,14,58,46,0,14,573,309,0,14,15,23,0,14,0,14,558,305,0,14
1400000US36081040502,"Census Tract 405.02, Queens County, New York",Queens,1686,551,494,207,445,198,17,27,0,14,17,27,0,14,0,14,32,44,0,14,0,14,32,44,1192,416,306,104,0,14,23,23,0,14,0,14,283,101,0,14,886,408,0,14,25,24,0,14,0,14,861,407,0,14
1400000US36081040701,"Census Tract 407.01, Queens County, New York",Queens,3181,955,1404,462,1290,458,114,116,66,63,0,14,48,57,0,14,0,14,0,14,0,14,0,14,1777,585,560,206,0,14,115,80,0,14,0,14,445,195,0,14,1217,490,0,14,50,43,0,14,0,14,1167,484,0,14
1400000US36081040702,"Census Tract 407.02, Queens County, New York",Queens,4430,1082,1394,477,1360,463,0,14,0,14,0,14,0,14,0,14,34,57,0,14,0,14,34,57,3036,859,825,309,0,14,133,179,0,14,0,14,692,276,0,14,2211,840,0,14,11,17,0,14,0,14,2200,841,0,14
1400000US36081040901,"Census Tract 409.01, Queens County, New York",Queens,1818,460,642,273,637,272,0,14,0,14,0,14,0,14,0,14,5,7,0,14,0,14,5,7,1176,301,418,233,2,6,78,68,0,14,0,14,338,234,0,14,758,250,30,44,23,23,0,14,0,14,705,249,0,14
1400000US36081040902,"Census Tract 409.02, Queens County, New York",Queens,2972,750,1034,326,921,315,38,45,0,14,0,14,31,49,7,10,75,74,42,65,0,14,33,37,1938,532,514,271,13,19,15,17,0,14,0,14,486,272,0,14,1424,402,120,122,14,17,0,14,0,14,1290,384,0,14
1400000US36081041100,"Census Tract 411, Queens County, New York",Queens,4250,856,1341,454,1341,454,0,14,0,14,0,14,0,14,0,14,0,14,0,14,0,14,0,14,2909,683,1258,534,0,14,200,122,0,14,0,14,1058,539,0,14,1651,422,0,14,190,136,0,14,0,14,1461,404,0,14
1400000US36081041300,"Census Tract 413, Queens County, New York",Queens,4596,944,1352,432,1160,427,62,68,62,68,0,14,0,14,0,14,130,129,0,14,0,14,130,129,3244,640,955,338,51,77,363,230,0,14,0,14,541,259,0,14,2289,724,0,14,381,294,0,14,0,14,1908,719,0,14
1400000US36081041400,"Census Tract 414, Queens County, New York",Queens,4561,763,2726,578,2382,578,141,100,0,14,0,14,141,100,0,14,203,187,0,14,0,14,203,187,1835,465,1350,407,0,14,320,249,44,71,0,14,986,312,0,14,485,196,0,14,54,46,0,14,0,14,420,197,11,16
1400000US36081041500,"Census Tract 415, Queens County, New York",Queens,3999,954,1593,656,1524,661,1,2,0,14,0,14,1,2,0,14,68,76,0,14,0,14,68,76,2406,707,773,318,95,130,120,99,0,14,0,14,558,287,0,14,1633,753,0,14,18,22,0,14,0,14,1615,748,0,14
1400000US36081042400,"Census Tract 424, Queens County, New York",Queens,2652,407,2037,332,1824,329,190,69,7,11,0,14,174,67,9,13,23,29,0,14,0,14,23,29,615,229,503,207,0,14,0,14,4,9,0,14,490,207,9,14,112,94,0,14,0,14,8,18,0,14,104,93,0,14
1400000US36081042600,"Census Tract 426, Queens County, New York",Queens,445,8,334,53,216,73,69,46,19,18,5,11,45,33,0,14,49,35,38,30,6,10,5,10,111,52,69,58,35,52,0,14,0,14,0,14,34,28,0,14,42,51,7,14,0,14,0,14,0,14,35,43,0,14
1400000US36081042700,"Census Tract 427, Queens County, New York",Queens,4260,797,1751,598,1574,432,138,208,0,14,0,14,138,208,0,14,39,46,15,24,0,14,24,39,2509,461,1328,323,26,38,339,267,59,92,0,14,904,256,0,14,1181,482,0,14,84,67,0,14,0,14,1097,467,0,14
1400000US36081043200,"Census Tract 432, Queens County, New York",Queens,1200,272,876,179,689,180,151,63,20,22,10,15,121,50,0,14,36,33,0,14,0,14,36,33,324,132,251,100,0,14,0,14,0,14,0,14,251,100,0,14,73,48,0,14,11,16,0,14,0,14,62,43,0,14
1400000US36081043400,"Census Tract 434, Queens County, New York",Queens,1962,423,1192,342,1023,286,169,139,90,124,5,9,74,57,0,14,0,14,0,14,0,14,0,14,770,213,523,159,0,14,32,36,15,22,0,14,476,166,0,14,247,132,0,14,31,35,6,9,0,14,210,133,0,14
1400000US36081043701,"Census Tract 437.01, Queens County, New York",Queens,3468,601,1595,385,1270,317,139,122,58,55,14,21,62,86,5,9,186,102,61,55,9,18,116,79,1873,422,691,151,42,30,105,69,0,14,0,14,544,122,0,14,1182,411,0,14,65,53,4,8,0,14,1113,391,0,14
1400000US36081043702,"Census Tract 437.02, Queens County, New York",Queens,5982,992,2217,533,1860,527,263,186,49,65,45,74,146,121,23,38,94,56,15,25,0,19,79,49,3765,684,1680,407,38,54,756,310,56,69,0,19,830,332,0,19,2085,681,98,156,721,495,0,19,0,19,1266,475,0,19
1400000US36081043900,"Census Tract 439, Queens County, New York",Queens,4150,729,2042,602,1923,592,73,79,28,32,45,73,0,14,0,14,46,64,36,56,0,14,10,24,2108,348,435,173,0,14,78,91,15,23,0,14,342,148,0,14,1673,350,20,31,72,85,0,14,0,14,1581,361,0,14
1400000US36081044000,"Census Tract 440, Queens County, New York",Queens,3824,912,2158,817,2018,817,78,60,14,23,0,14,64,55,0,14,62,60,52,57,0,14,10,16,1666,363,1128,296,0,14,422,205,0,14,0,14,706,231,0,14,538,200,0,14,60,61,68,109,0,14,410,176,0,14
1400000US36081044301,"Census Tract 443.01, Queens County, New York",Queens,4217,1031,1772,569,1541,543,199,146,91,113,13,21,93,81,2,3,32,57,32,57,0,14,0,14,2445,668,1135,383,48,50,192,109,111,137,0,14,784,373,0,14,1310,640,0,14,133,125,0,14,0,14,1177,627,0,14
1400000US36081044302,"Census Tract 443.02, Queens County, New York",Queens,4864,836,1877,414,1467,378,226,183,0,14,35,51,156,137,35,38,184,105,20,30,0,14,164,101,2987,658,1297,247,37,44,770,205,35,60,15,23,440,172,0,14,1690,620,0,14,674,195,46,56,0,14,970,589,0,14
1400000US36081044400,"Census Tract 444, Queens County, New York",Queens,4178,853,1935,346,1607,339,225,128,36,43,0,14,182,119,7,17,103,96,10,19,25,40,68,92,2243,765,1431,572,11,17,658,553,14,23,0,14,748,297,0,14,812,310,0,14,242,206,0,14,0,14,532,249,38,18
1400000US36081044601,"Census Tract 446.01, Queens County, New York",Queens,3779,389,1704,365,1536,372,114,69,11,33,8,22,77,51,18,29,54,43,13,21,0,14,41,38,2075,387,1074,329,17,29,503,286,20,32,0,14,534,195,0,14,1001,302,10,36,157,107,55,69,0,14,779,266,0,14
1400000US36081044602,"Census Tract 446.02, Queens County, New York",Queens,4774,790,2006,450,1743,403,208,141,108,87,0,14,100,84,0,14,55,44,16,31,0,14,39,41,2768,593,1618,385,48,71,845,265,64,62,0,14,661,272,0,14,1150,488,0,14,524,371,27,37,0,14,599,260,0,14
1400000US36081044800,"Census Tract 448, Queens County, New York",Queens,2871,536,1277,307,1141,299,77,41,18,27,0,14,59,36,0,14,59,40,0,14,0,14,59,40,1594,378,780,189,40,44,435,154,25,27,10,17,270,133,0,14,814,326,0,14,476,287,4,6,0,14,327,169,7,11
1400000US36081045000,"Census Tract 450, Queens County, New York",Queens,2088,507,881,241,708,187,50,43,30,38,2,6,0,14,18,20,123,174,0,14,0,14,123,174,1207,402,889,427,29,25,790,433,6,13,0,14,64,51,0,14,318,151,18,28,209,124,8,12,0,14,83,95,0,14
1400000US36081045200,"Census Tract 452, Queens County, New York",Queens,911,284,427,178,355,167,38,29,8,14,0,14,30,27,0,14,34,23,27,21,0,14,7,15,484,187,424,165,17,15,319,167,16,20,0,14,72,28,0,14,60,44,0,14,41,36,0,14,0,14,19,22,0,14
1400000US36081045400,"Census Tract 454, Queens County, New York",Queens,4950,1077,1750,787,1684,773,28,40,0,14,0,14,28,40,0,14,38,48,10,17,0,14,28,46,3200,673,1803,538,41,53,1142,301,24,39,0,14,596,465,0,14,1397,408,0,14,1110,429,0,14,0,14,287,143,0,14
1400000US36081045500,"Census Tract 455, Queens County, New York",Queens,12747,1637,5930,1106,5319,1174,573,387,119,180,8,13,446,352,0,21,38,58,38,58,0,21,0,21,6817,1387,3993,968,269,220,774,569,1274,700,0,21,1676,626,0,21,2824,1149,66,88,933,905,583,383,0,21,1242,691,0,21
1400000US36081045600,"Census Tract 456, Queens County, New York",Queens,1183,330,289,141,271,138,4,6,0,14,0,14,0,14,4,6,14,14,0,14,0,14,14,14,894,234,642,243,6,7,499,194,4,6,0,14,131,103,2,3,252,166,25,38,89,54,0,14,0,14,138,137,0,14
1400000US36081045700,"Census Tract 457, Queens County, New York",Queens,3185,596,1343,487,1207,468,121,131,38,47,22,32,4,7,57,106,15,23,0,14,0,14,15,23,1842,367,685,220,30,38,548,203,0,14,0,14,107,95,0,14,1157,391,0,14,403,249,0,14,0,14,754,333,0,14
1400000US36081045800,"Census Tract 458, Queens County, New York",Queens,2347,361,956,246,803,206,120,90,34,35,0,14,86,88,0,14,33,25,16,16,0,14,17,18,1391,250,911,187,20,29,677,198,13,20,0,14,201,136,0,14,480,225,32,34,353,206,0,14,0,14,95,82,0,14
1400000US36081045900,"Census Tract 459, Queens County, New York",Queens,3480,655,1210,238,1127,224,39,48,0,14,28,43,0,14,11,20,44,48,0,14,0,14,44,48,2270,514,940,282,0,14,625,230,1,17,0,14,314,175,0,14,1330,464,0,14,572,373,18,25,0,14,740,311,0,14
1400000US36081046000,"Census Tract 460, Queens County, New York",Queens,6027,892,2842,671,2600,691,51,49,0,19,0,19,51,49,0,19,191,103,0,19,0,19,191,103,3185,578,1586,339,9,14,765,255,21,36,0,19,791,257,0,19,1599,503,0,19,472,254,22,34,0,19,1105,506,0,19
1400000US36081046100,"Census Tract 461, Queens County, New York",Queens,2739,471,902,209,835,216,38,38,38,38,0,14,0,14,0,14,29,32,0,14,0,14,29,32,1837,388,664,177,53,72,429,143,0,14,0,14,182,72,0,14,1173,375,0,14,353,164,0,14,0,14,820,331,0,14
1400000US36081046200,"Census Tract 462, Queens County, New York",Queens,6102,1199,2412,660,2109,616,115,89,26,39,0,19,89,80,0,19,188,94,30,23,0,19,158,92,3690,750,2046,591,4,9,1316,498,46,56,0,19,680,319,0,19,1644,423,79,95,970,380,20,32,0,19,575,296,0,19
1400000US36081046300,"Census Tract 463, Queens County, New York",Queens,4020,555,1463,330,1440,332,23,38,0,14,0,14,23,38,0,14,0,14,0,14,0,14,0,14,2557,390,748,255,17,27,343,154,0,14,0,14,388,191,0,14,1809,339,0,14,421,228,70,86,0,14,1318,342,0,14
1400000US36081046400,"Census Tract 464, Queens County, New York",Queens,1998,347,1248,303,1069,321,130,80,40,36,22,29,42,58,26,37,49,37,3,6,0,14,46,35,750,195,606,181,89,70,252,125,7,12,0,14,258,103,0,14,144,56,0,14,30,32,23,26,0,14,91,49,0,14
1400000US36081046500,"Census Tract 465, Queens County, New York",Queens,4147,1156,1477,441,1169,609,220,229,196,229,0,14,0,14,24,27,88,130,65,128,0,14,23,30,2670,845,823,347,0,14,190,163,0,14,0,14,633,323,0,14,1847,653,43,58,37,52,0,14,0,14,1767,668,0,14
1400000US36081046600,"Census Tract 466, Queens County, New York",Queens,4066,803,1502,241,1343,245,130,104,0,14,15,23,41,34,74,84,29,32,0,14,0,14,29,32,2564,739,1551,404,60,61,987,388,8,13,0,14,496,210,0,14,1013,530,0,14,567,290,0,14,0,14,446,446,0,14
1400000US36081046700,"Census Tract 467, Queens County, New York",Queens,6774,1181,3090,737,2887,732,175,114,83,79,63,68,20,26,9,15,28,43,6,18,0,19,22,35,3684,775,1271,443,42,69,566,214,0,19,0,19,663,364,0,19,2413,694,38,60,513,199,0,19,0,19,1862,663,0,19
1400000US36081046800,"Census Tract 468, Queens County, New York",Queens,3763,710,1398,427,1246,425,49,40,0,14,26,33,9,14,14,21,103,84,6,9,0,14,97,83,2365,539,1641,453,0,14,798,254,129,213,0,14,714,414,0,14,724,293,0,14,354,184,66,76,0,14,304,160,0,14
1400000US36081046901,"Census Tract 469.01, Queens County, New York",Queens,4691,1065,1580,546,1428,543,101,77,26,28,0,14,0,14,75,71,51,41,16,23,0,14,35,39,3111,718,1404,614,0,14,1135,593,0,14,0,14,269,140,0,14,1707,441,0,14,793,346,0,14,0,14,914,385,0,14
1400000US36081046902,"Census Tract 469.02, Queens County, New York",Queens,3177,565,1046,399,867,406,179,115,98,91,41,48,19,31,21,29,0,14,0,14,0,14,0,14,2131,292,832,224,0,14,294,195,0,14,0,14,538,151,0,14,1299,340,21,32,198,104,0,14,0,14,1080,351,0,14
1400000US36081047000,"Census Tract 470, Queens County, New York",Queens,3187,587,1019,250,935,225,51,61,11,19,0,14,36,58,4,8,33,26,0,14,0,14,33,26,2168,447,1580,457,0,14,524,313,5,8,0,14,1051,338,0,14,588,202,0,14,150,69,5,10,0,14,433,208,0,14
1400000US36081047100,"Census Tract 471, Queens County, New York",Queens,4244,659,1209,296,1018,228,87,64,33,40,0,14,54,53,0,14,104,126,13,21,0,14,91,126,3035,590,1494,528,13,22,1245,494,11,17,0,14,225,125,0,14,1541,337,34,54,1034,372,0,14,0,14,473,264,0,14
1400000US36081047200,"Census Tract 472, Queens County, New York",Queens,3655,637,1646,410,1312,321,243,110,96,84,43,36,91,41,13,34,91,85,41,63,0,14,50,62,2009,523,1551,349,27,28,578,223,75,62,0,14,871,298,0,14,458,367,0,14,125,69,212,342,0,14,121,79,0,14
1400000US36081047300,"Census Tract 473, Queens County, New York",Queens,4242,558,1408,269,1213,265,121,84,53,60,13,22,42,59,13,21,74,80,17,26,0,14,57,75,2834,479,1600,308,15,22,1188,274,22,34,4,16,371,176,0,14,1234,328,0,14,938,315,0,14,0,14,296,217,0,14
1400000US36081047500,"Census Tract 475, Queens County, New York",Queens,5006,645,1439,240,1216,227,159,80,79,68,14,17,23,24,43,40,64,60,0,19,0,19,64,60,3567,602,1722,396,70,62,1169,361,13,22,0,19,470,222,0,19,1845,445,94,74,890,333,7,10,0,19,854,354,0,19
1400000US36081047600,"Census Tract 476, Queens County, New York",Queens,1604,384,999,330,920,334,66,52,48,50,11,11,5,8,2,4,13,15,7,11,0,14,6,9,605,191,537,152,101,67,300,151,0,14,0,14,136,78,0,14,68,58,7,10,22,21,0,14,0,14,39,54,0,14
1400000US36081047801,"Census Tract 478.01, Queens County, New York",Queens,4075,666,1732,425,1636,409,39,33,0,14,12,20,17,20,10,15,57,90,57,90,0,14,0,14,2343,591,1609,443,180,197,326,267,0,14,0,14,1091,370,12,19,734,419,40,64,54,83,0,14,0,14,640,412,0,14
1400000US36081047802,"Census Tract 478.02, Queens County, New York",Queens,1422,409,638,330,493,243,56,87,0,14,0,14,56,87,0,14,89,55,37,41,0,14,52,40,784,234,442,121,0,14,161,128,0,14,0,14,281,75,0,14,342,204,0,14,96,74,0,14,0,14,246,205,0,14
1400000US36081047900,"Census Tract 479, Queens County, New York",Queens,6032,1045,1961,482,1705,438,128,105,21,31,0,19,107,119,0,19,128,124,13,23,67,104,48,60,4071,835,2100,432,88,74,1549,375,59,89,0,19,404,203,0,19,1971,779,12,19,1841,785,12,27,0,19,106,74,0,19
1400000US36081048000,"Census Tract 480, Queens County, New York",Queens,2370,420,628,159,511,117,16,22,15,22,0,14,0,14,1,3,101,76,17,22,0,14,84,73,1742,410,1270,374,0,14,563,202,5,12,0,14,702,323,0,14,472,189,0,14,257,166,4,10,0,14,211,110,0,14
1400000US36081048100,"Census Tract 481, Queens County, New York",Queens,6551,1088,1725,504,1471,440,101,70,33,30,17,20,51,56,0,19,153,136,39,51,0,19,114,131,4826,835,2017,815,39,46,1577,785,8,19,0,19,393,201,0,19,2809,615,0,19,1157,389,9,19,0,19,1643,635,0,19
1400000US36081048200,"Census Tract 482, Queens County, New York",Queens,1311,228,586,158,414,104,79,79,51,78,0,14,24,33,4,8,93,72,2,3,0,14,91,72,725,150,485,128,17,20,205,92,11,24,0,14,252,92,0,14,240,84,41,39,135,74,0,14,0,14,64,54,0,14
1400000US36081048301,"Census Tract 483.01, Queens County, New York",Queens,2061,360,594,174,572,168,11,15,11,15,0,14,0,14,0,14,11,17,0,14,0,14,11,17,1467,262,679,145,30,30,498,137,34,53,0,14,117,73,0,14,788,215,0,14,649,202,28,42,0,14,111,67,0,14
1400000US36081048302,"Census Tract 483.02, Queens County, New York",Queens,1719,448,671,218,495,205,160,79,31,24,31,33,91,63,7,11,16,15,7,9,0,14,9,13,1048,309,238,98,21,26,165,82,0,14,0,14,52,47,0,14,810,311,7,10,496,186,0,14,0,14,307,223,0,14
1400000US36081048400,"Census Tract 484, Queens County, New York",Queens,4942,875,1874,375,1628,405,223,131,41,47,20,39,162,121,0,14,23,24,11,17,0,14,12,17,3068,713,2364,683,0,14,1034,627,0,14,0,14,1317,371,13,23,704,270,9,15,218,115,0,14,0,14,477,249,0,14
1400000US36081048500,"Census Tract 485, Queens County, New York",Queens,5205,834,2042,571,1959,565,32,28,11,16,11,17,0,19,10,15,51,64,0,19,0,19,51,64,3163,544,1758,408,11,18,1402,376,13,21,0,19,332,221,0,19,1405,358,0,19,792,236,0,19,0,19,613,324,0,19
1400000US36081048900,"Census Tract 489, Queens County, New York",Queens,1838,433,537,165,519,159,18,35,7,11,7,33,0,14,4,8,0,14,0,14,0,14,0,14,1301,379,409,113,12,19,309,110,0,14,0,14,88,53,0,14,892,374,0,14,453,277,0,14,0,14,439,268,0,14
1400000US36081049201,"Census Tract 492.01, Queens County, New York",Queens,2545,377,1518,340,1201,355,202,109,0,14,0,14,202,109,0,14,115,101,68,80,0,14,47,55,1027,280,603,191,8,14,166,98,0,14,0,14,429,158,0,14,424,225,0,14,9,14,0,14,0,14,415,225,0,14
1400000US36081049202,"Census Tract 492.02, Queens County, New York",Queens,2338,669,1388,549,1338,552,11,20,7,12,0,14,4,16,0,14,39,36,29,33,0,14,10,15,950,309,841,297,0,14,396,216,0,14,0,14,445,197,0,14,109,68,0,14,55,47,0,14,0,14,54,40,0,14
1400000US36081049301,"Census Tract 493.01, Queens County, New York",Queens,2306,396,933,208,868,202,14,15,14,15,0,14,0,14,0,14,51,59,39,56,0,14,12,19,1373,296,725,198,73,43,334,108,0,14,0,14,318,157,0,14,648,265,246,242,303,151,0,14,0,14,99,54,0,14
1400000US36081049302,"Census Tract 493.02, Queens County, New York",Queens,3320,607,1909,489,1701,478,75,57,29,20,0,14,9,18,37,54,133,160,0,14,9,15,124,159,1411,338,701,184,66,53,359,153,8,15,0,14,268,131,0,14,710,315,17,22,190,178,23,23,0,14,480,289,0,14
1400000US36081049500,"Census Tract 495, Queens County, New York",Queens,1272,315,750,245,670,228,72,52,17,19,27,25,10,15,18,24,8,24,8,24,0,14,0,14,522,169,260,105,126,73,75,55,0,14,0,14,59,49,0,14,262,114,53,42,73,46,0,14,0,14,136,105,0,14
1400000US36081049600,"Census Tract 496, Queens County, New York",Queens,3040,518,1325,325,1248,326,71,48,36,44,0,14,31,35,4,6,6,11,6,11,0,14,0,14,1715,327,1301,226,0,14,458,200,0,14,0,14,843,175,0,14,414,162,0,14,137,74,0,14,0,14,277,146,0,14
1400000US36081049700,"Census Tract 497, Queens County, New York",Queens,2693,548,1394,386,1165,281,39,35,12,18,2,5,25,29,0,14,190,262,161,262,0,14,29,31,1299,321,719,210,184,148,361,129,14,22,0,14,145,106,15,27,580,237,81,112,320,167,15,24,0,14,164,161,0,14
1400000US36081049900,"Census Tract 499, Queens County, New York",Queens,5121,880,1860,447,1715,443,41,41,30,35,11,18,0,19,0,19,104,89,60,69,0,19,44,48,3261,691,1686,410,131,87,1167,293,0,19,0,19,388,239,0,19,1575,543,37,32,1247,545,0,19,0,19,239,153,52,54
1400000US36081050000,"Census Tract 500, Queens County, New York",Queens,4434,601,2561,578,2376,569,146,62,7,15,0,14,139,65,0,14,39,38,27,30,0,14,12,18,1873,321,1205,308,14,18,143,98,176,119,0,14,872,269,0,14,668,208,25,40,117,136,41,37,0,14,485,158,0,14
1400000US36081050201,"Census Tract 502.01, Queens County, New York",Queens,1358,371,745,297,618,245,127,96,16,24,0,14,111,94,0,14,0,14,0,14,0,14,0,14,613,235,409,134,0,14,0,14,27,45,0,14,382,132,0,14,204,157,0,14,0,14,0,14,0,14,204,157,0,14
1400000US36081050202,"Census Tract 502.02, Queens County, New York",Queens,1398,242,779,201,717,205,60,36,4,7,9,15,47,29,0,14,2,2,0,14,0,14,2,2,619,166,407,116,0,14,83,73,70,37,14,22,240,90,0,14,212,113,0,14,96,92,4,9,0,14,112,79,0,14
1400000US36081050400,"Census Tract 504, Queens County, New York",Queens,1733,331,876,190,762,191,49,36,0,14,10,15,39,24,0,14,65,98,0,14,0,14,65,98,857,290,582,198,0,14,58,41,0,14,0,14,524,182,0,14,275,125,0,14,4,12,0,14,0,14,271,126,0,14
1400000US36081050500,"Census Tract 505, Queens County, New York",Queens,1749,438,916,378,796,380,75,50,6,11,12,18,7,9,50,35,45,69,0,14,0,14,45,69,833,200,603,181,177,142,316,113,0,14,0,14,110,51,0,14,230,146,28,25,32,26,0,14,0,14,170,147,0,14
1400000US36081050600,"Census Tract 506, Queens County, New York",Queens,1504,307,928,297,785,285,105,72,0,14,0,14,105,72,0,14,38,29,15,23,0,14,23,18,576,195,370,130,0,14,74,65,0,14,0,14,296,125,0,14,206,160,0,14,72,108,0,14,0,14,111,112,23,36
1400000US36081050700,"Census Tract 507, Queens County, New York",Queens,3305,496,1756,352,1565,335,120,65,37,33,14,21,8,13,61,53,71,74,0,14,0,14,71,74,1549,432,932,291,371,217,393,172,17,27,0,14,118,105,33,55,617,323,27,25,254,119,13,21,0,14,323,305,0,14
1400000US36081050800,"Census Tract 508, Queens County, New York",Queens,2035,481,1434,388,1231,361,169,65,9,9,0,14,160,65,0,14,34,41,0,14,22,34,12,19,601,235,527,210,0,14,130,111,2,11,0,14,395,209,0,14,74,68,0,14,4,9,2,10,0,14,68,71,0,14
1400000US36081051000,"Census Tract 510, Queens County, New York",Queens,1490,377,946,244,756,229,190,162,29,44,0,14,126,89,35,52,0,14,0,14,0,14,0,14,544,247,400,152,0,14,126,43,0,14,0,14,274,155,0,14,144,115,0,14,32,39,22,32,0,14,90,99,0,14
1400000US36081051100,"Census Tract 511, Queens County, New York",Queens,2494,426,1626,355,1558,355,44,42,18,28,19,28,0,14,7,12,24,29,0,14,0,14,24,29,868,218,554,154,173,79,138,85,33,54,0,14,210,91,0,14,314,117,52,47,50,64,0,14,0,14,212,93,0,14
1400000US36081051200,"Census Tract 512, Queens County, New York",Queens,2683,474,1566,371,1260,367,247,61,102,65,0,14,131,74,14,21,59,71,0,14,0,14,59,71,1117,297,882,263,9,14,186,107,47,38,0,14,627,254,13,18,235,107,0,14,39,39,5,9,0,14,191,109,0,14
1400000US36081051300,"Census Tract 513, Queens County, New York",Queens,2621,404,1458,340,1340,349,39,38,27,34,0,14,12,17,0,14,79,52,0,14,0,14,79,52,1163,236,588,166,172,74,280,142,0,14,0,14,136,84,0,14,575,208,57,68,252,113,0,14,0,14,258,173,8,11
1400000US36081051500,"Census Tract 515, Queens County, New York",Queens,3062,562,1771,359,1613,336,126,68,62,52,12,19,11,17,41,42,32,41,0,14,0,14,32,41,1291,295,966,208,407,171,226,150,0,14,0,14,323,92,10,24,325,142,129,106,69,43,0,14,0,14,55,61,72,54
1400000US36081051600,"Census Tract 516, Queens County, New York",Queens,2161,528,1300,278,1035,223,180,92,22,35,10,16,148,85,0,14,85,58,15,21,46,49,24,31,861,458,401,148,0,14,12,17,0,14,0,14,389,146,0,14,460,402,80,114,0,14,40,52,0,14,340,290,0,14
1400000US36081051700,"Census Tract 517, Queens County, New York",Queens,2068,360,1329,312,1258,309,71,43,25,23,14,15,32,26,0,14,0,14,0,14,0,14,0,14,739,197,358,94,153,70,82,53,0,14,0,14,123,69,0,14,381,199,294,200,29,27,0,14,0,14,58,46,0,14
1400000US36081051800,"Census Tract 518, Queens County, New York",Queens,2186,530,1456,418,1339,376,52,44,0,14,0,14,46,43,6,9,65,45,26,26,12,20,27,34,730,241,473,165,0,14,0,14,0,14,0,14,473,165,0,14,257,146,15,24,0,14,0,14,0,14,242,138,0,14
1400000US36081052000,"Census Tract 520, Queens County, New York",Queens,1753,335,1161,211,830,200,250,122,79,94,83,88,88,64,0,14,81,57,0,14,10,17,71,54,592,256,354,183,0,14,109,148,0,14,0,14,240,92,5,11,238,146,0,14,26,41,41,62,0,14,171,126,0,14
1400000US36081052100,"Census Tract 521, Queens County, New York",Queens,1841,407,1141,382,1042,366,42,41,21,28,0,14,21,30,0,14,57,49,0,14,0,14,57,49,700,188,415,121,167,64,44,50,2,32,0,14,202,101,0,14,285,165,70,66,131,131,0,14,0,14,84,65,0,14
1400000US36081052200,"Census Tract 522, Queens County, New York",Queens,2233,293,1277,222,1096,208,123,98,0,14,38,51,83,76,2,4,58,66,42,65,0,14,16,15,956,329,544,163,18,20,34,51,42,45,0,14,450,156,0,14,412,216,7,10,53,80,6,9,0,14,346,198,0,14
1400000US36081052400,"Census Tract 524, Queens County, New York",Queens,2150,337,1091,263,1018,259,44,36,0,14,12,20,16,16,16,26,29,26,15,24,0,14,14,12,1059,202,821,181,0,14,92,94,32,53,0,14,697,207,0,14,238,95,0,14,75,61,0,14,0,14,163,75,0,14
1400000US36081052500,"Census Tract 525, Queens County, New York",Queens,2152,364,1190,260,1017,239,16,17,0,14,0,14,9,12,7,11,157,93,18,25,0,14,139,92,962,210,539,114,237,91,169,74,11,16,0,14,122,62,0,14,423,173,110,58,66,51,0,14,0,14,247,163,0,14
1400000US36081052600,"Census Tract 526, Queens County, New York",Queens,2352,390,1206,293,1140,286,31,29,0,14,0,14,16,17,15,24,35,30,0,14,0,14,35,30,1146,269,874,218,17,23,83,68,97,91,0,14,677,201,0,14,272,172,0,14,112,140,0,14,0,14,160,112,0,14
1400000US36081052800,"Census Tract 528, Queens County, New York",Queens,1577,383,985,278,832,240,137,81,9,14,0,14,128,86,0,14,16,18,10,15,0,14,6,9,592,203,455,190,26,42,84,119,22,29,0,14,306,136,17,27,137,62,0,14,0,14,15,23,0,14,122,63,0,14
1400000US36081053000,"Census Tract 530, Queens County, New York",Queens,2510,543,1612,430,1384,420,162,88,27,32,14,22,85,46,36,45,66,68,0,14,33,50,33,48,898,288,632,210,14,22,0,14,56,83,0,14,562,205,0,14,266,126,0,14,0,14,52,79,0,14,214,101,0,14
1400000US36081053100,"Census Tract 531, Queens County, New York",Queens,3244,572,1840,459,1745,416,12,21,0,14,0,14,12,21,0,14,83,85,83,85,0,14,0,14,1404,341,957,275,711,252,24,26,0,14,0,14,222,95,0,14,447,169,293,158,5,16,0,14,0,14,136,80,13,20
1400000US36081053200,"Census Tract 532, Queens County, New York",Queens,2163,387,1465,295,1301,277,141,70,16,19,41,40,84,54,0,14,23,27,13,21,0,14,10,16,698,210,545,181,0,14,50,80,0,14,0,14,495,171,0,14,153,99,0,14,7,10,0,14,0,14,146,98,0,14
1400000US36081053401,"Census Tract 534.01, Queens County, New York",Queens,1968,501,1170,257,1082,258,50,33,10,23,0,14,40,28,0,14,38,35,24,28,0,14,14,18,798,339,472,186,0,14,15,2,17,21,0,14,440,185,0,14,326,188,8,14,32,38,13,15,0,14,273,184,0,14
1400000US36081053501,"Census Tract 535.01, Queens County, New York",Queens,1162,421,822,387,754,384,33,35,0,14,20,33,13,18,0,14,35,46,27,42,0,14,8,14,340,127,182,92,0,14,71,22,0,14,0,14,111,89,0,14,158,111,0,14,44,19,0,14,0,14,114,111,0,14
1400000US36081053502,"Census Tract 535.02, Queens County, New York",Queens,0,14,0,14,0,14,0,14,0,14,0,14,0,14,0,14,0,14,0,14,0,14,0,14,0,14,0,14,0,14,0,14,0,14,0,14,0,14,0,14,0,14,0,14,0,14,0,14,0,14,0,14,0,14
1400000US36081053601,"Census Tract 536.01, Queens County, New York",Queens,1761,515,1013,437,588,167,126,114,0,14,0,14,126,114,0,14,299,375,272,373,9,13,18,27,748,381,712,377,0,14,323,393,0,14,0,14,389,158,0,14,36,33,17,26,0,14,0,14,0,14,19,21,0,14
1400000US36081053800,"Census Tract 538, Queens County, New York",Queens,1714,345,941,272,858,251,69,48,0,14,19,30,45,35,5,9,14,15,0,14,0,14,14,15,773,244,635,196,0,14,45,42,78,87,0,14,493,190,19,26,138,88,0,14,26,37,0,14,0,14,112,80,0,14
1400000US36081053901,"Census Tract 539.01, Queens County, New York",Queens,4129,580,2649,457,1802,417,763,311,160,116,210,124,154,92,239,252,84,81,68,78,0,14,16,25,1480,338,1013,226,227,132,389,144,0,14,0,14,376,210,21,26,467,193,49,43,122,126,70,106,0,14,209,113,17,28
1400000US36081053902,"Census Tract 539.02, Queens County, New York",Queens,27,23,19,14,19,14,0,14,0,14,0,14,0,14,0,14,0,14,0,14,0,14,0,14,8,12,4,6,4,6,0,14,0,14,0,14,0,14,0,14,4,6,4,6,0,14,0,14,0,14,0,14,0,14
1400000US36081054000,"Census Tract 540, Queens County, New York",Queens,4325,604,1841,489,1493,446,294,203,0,14,0,14,294,203,0,14,54,45,33,38,0,14,21,27,2484,406,1704,341,0,14,164,99,43,68,0,14,1497,324,0,14,780,247,0,14,96,91,0,14,0,14,684,236,0,14
1400000US36081054200,"Census Tract 542, Queens County, New York",Queens,5520,1053,2357,542,1907,457,94,57,56,37,19,37,19,30,0,19,356,334,319,328,0,19,37,46,3163,765,2209,487,8,12,547,260,0,19,0,19,1654,440,0,19,954,531,0,19,106,71,100,151,0,19,738,515,10,20
1400000US36081054500,"Census Tract 545, Queens County, New York",Queens,3675,685,1613,355,1120,368,445,181,128,76,123,73,102,71,92,85,48,53,48,53,0,14,0,14,2062,625,944,479,266,335,48,49,0,14,0,14,630,297,0,14,1118,359,88,59,130,109,0,14,0,14,900,368,0,14
1400000US36081054700,"Census Tract 547, Queens County, New York",Queens,5210,863,2727,505,2192,550,450,169,203,126,71,67,127,78,49,47,85,58,24,24,0,19,61,53,2483,557,1141,382,148,181,272,220,21,33,0,19,688,304,12,19,1342,474,72,91,279,256,0,19,0,19,991,339,0,19
1400000US36081054800,"Census Tract 548, Queens County, New York",Queens,2382,314,1022,267,878,260,85,68,19,26,0,14,66,77,0,14,59,67,0,14,0,14,59,67,1360,245,1116,251,0,14,498,200,0,14,0,14,618,150,0,14,244,99,0,14,160,86,0,14,0,14,84,49,0,14
1400000US36081054900,"Census Tract 549, Queens County, New York",Queens,5287,826,3312,584,2433,592,769,206,287,112,141,105,197,80,144,72,110,75,35,46,0,19,75,77,1975,571,734,201,127,83,152,105,14,25,0,19,441,158,0,19,1241,543,77,64,139,93,24,29,24,36,977,547,0,19
1400000US36081055100,"Census Tract 551, Queens County, New York",Queens,4363,543,2606,465,1818,366,671,239,259,121,150,108,140,78,122,72,117,81,66,61,0,14,51,43,1757,436,687,194,318,137,142,93,44,49,0,14,183,129,0,14,1070,380,608,320,99,73,49,49,0,14,314,224,0,14
1400000US36081055200,"Census Tract 552, Queens County, New York",Queens,2913,680,1248,355,1112,346,61,53,18,34,20,29,23,32,0,14,75,66,63,69,0,14,12,20,1665,640,1185,352,15,20,557,205,10,16,0,14,603,301,0,14,480,396,0,14,160,145,0,14,0,14,320,374,0,14
1400000US36081055300,"Census Tract 553, Queens County, New York",Queens,2911,526,1490,269,908,236,425,166,68,37,158,151,59,34,140,68,157,116,103,88,0,14,54,54,1421,495,421,165,0,14,46,31,0,14,0,14,375,165,0,14,1000,505,11,16,290,207,0,14,0,14,692,481,7,11
1400000US36081055400,"Census Tract 554, Queens County, New York",Queens,2599,484,997,215,782,208,82,48,36,38,0,14,29,25,17,20,133,114,7,11,0,14,126,114,1602,382,1053,282,131,115,437,189,15,17,0,14,470,169,0,14,549,202,27,39,332,178,9,14,0,14,181,93,0,14
1400000US36081055500,"Census Tract 555, Queens County, New York",Queens,2295,423,1074,207,747,171,181,72,73,52,0,14,67,55,41,27,146,76,67,55,0,14,79,50,1221,389,642,221,41,39,60,49,0,14,0,14,541,223,0,14,579,271,0,14,20,25,0,14,0,14,559,279,0,14
1400000US36081055600,"Census Tract 556, Queens County, New York",Queens,2233,438,820,263,797,263,7,11,7,11,0,14,0,14,0,14,16,20,12,19,0,14,4,7,1413,285,1241,239,0,14,632,166,19,30,0,14,590,227,0,14,172,77,0,14,110,58,0,14,0,14,62,52,0,14
1400000US36081055700,"Census Tract 557, Queens County, New York",Queens,3386,626,1891,339,807,230,792,278,125,79,215,170,345,209,107,113,292,101,167,92,0,14,125,93,1495,570,914,438,347,372,88,66,32,36,0,14,447,200,0,14,581,345,68,59,14,23,69,89,0,14,430,341,0,14
1400000US36081055800,"Census Tract 558, Queens County, New York",Queens,1649,341,851,242,731,227,45,32,14,20,13,21,13,20,5,7,75,59,0,14,0,14,75,59,798,230,661,199,6,10,240,156,13,20,0,14,402,149,0,14,137,84,0,14,79,65,0,14,0,14,58,56,0,14
1400000US36081055900,"Census Tract 559, Queens County, New York",Queens,1129,272,603,222,369,174,177,100,30,31,85,67,62,41,0,14,57,60,44,58,0,14,13,19,526,186,314,159,15,15,78,89,0,14,0,14,221,132,0,14,212,130,35,29,17,19,0,14,0,14,160,120,0,14
1400000US36081056000,"Census Tract 560, Queens County, New York",Queens,1695,331,563,120,538,118,11,14,0,14,0,14,4,8,7,11,14,17,7,11,0,14,7,15,1132,317,820,199,29,29,544,187,0,14,0,14,247,100,0,14,312,254,57,84,191,157,20,30,0,14,44,43,0,14
1400000US36081056100,"Census Tract 561, Queens County, New York",Queens,12,16,12,16,8,11,4,5,0,14,0,14,4,5,0,14,0,14,0,14,0,14,0,14,0,14,0,14,0,14,0,14,0,14,0,14,0,14,0,14,0,14,0,14,0,14,0,14,0,14,0,14,0,14
1400000US36081056200,"Census Tract 562, Queens County, New York",Queens,1399,286,775,234,704,220,59,45,5,7,0,14,54,45,0,14,12,13,0,14,6,9,6,11,624,187,505,184,45,51,209,118,7,11,0,14,244,141,0,14,119,93,0,14,5,8,0,14,0,14,114,97,0,14
1400000US36081056400,"Census Tract 564, Queens County, New York",Queens,1580,335,941,311,760,265,95,150,95,150,0,14,0,14,0,14,86,74,33,41,0,14,53,62,639,178,450,145,58,57,96,61,0,14,0,14,283,133,13,17,189,93,40,62,55,54,0,14,0,14,94,52,0,14
1400000US36081056500,"Census Tract 565, Queens County, New York",Queens,1850,312,1262,276,1032,292,73,77,0,14,25,23,7,11,41,63,157,73,102,62,0,14,55,44,588,166,357,113,8,14,13,22,7,13,0,14,329,119,0,14,231,121,0,14,24,30,0,14,0,14,145,88,62,81
1400000US36081056600,"Census Tract 566, Queens County, New York",Queens,1546,426,689,174,546,195,77,88,25,36,0,14,52,80,0,14,66,69,66,69,0,14,0,14,857,379,604,342,0,14,35,47,12,17,0,14,557,338,0,14,253,130,0,14,106,87,0,14,0,14,147,110,0,14
1400000US36081056700,"Census Tract 567, Queens County, New York",Queens,4601,903,2722,611,2088,459,471,354,140,143,25,40,277,328,29,44,163,109,139,101,0,14,24,40,1879,609,1128,250,480,235,40,40,0,14,0,14,593,213,15,24,751,462,175,127,5,30,0,14,0,14,571,464,0,14
1400000US36081056800,"Census Tract 568, Queens County, New York",Queens,4373,727,2171,449,1888,410,166,92,55,50,0,14,111,81,0,14,117,91,27,42,0,14,90,86,2202,550,1757,494,170,95,210,186,10,14,0,14,1353,445,14,27,445,187,0,14,48,47,11,17,0,14,386,179,0,14
1400000US36081057700,"Census Tract 577, Queens County, New York",Queens,3926,762,2370,596,2007,589,141,95,28,33,46,72,14,24,53,48,222,143,128,80,0,14,94,130,1556,461,732,266,415,179,60,65,0,14,0,14,257,183,0,14,824,395,358,250,84,95,25,41,0,14,357,318,0,14
1400000US36081057900,"Census Tract 579, Queens County, New York",Queens,1671,331,875,187,781,152,77,66,60,62,0,14,17,25,0,14,17,19,9,14,0,14,8,14,796,250,451,193,184,84,7,12,32,44,0,14,228,186,0,14,345,148,100,92,11,20,50,69,0,14,184,121,0,14
1400000US36081058000,"Census Tract 580, Queens County, New York",Queens,4287,932,2003,422,1544,395,257,140,24,28,0,14,233,139,0,14,202,190,0,14,0,14,202,190,2284,716,1543,445,24,27,55,67,58,57,0,14,1406,437,0,14,741,369,0,14,2,5,13,20,0,14,726,369,0,14
1400000US36081058100,"Census Tract 581, Queens County, New York",Queens,2779,687,1993,469,1526,360,340,167,200,148,42,41,73,64,25,30,127,74,127,74,0,14,0,14,786,300,612,302,250,138,89,63,0,14,0,14,273,258,0,14,174,78,65,64,12,19,0,14,0,14,97,65,0,14
1400000US36081058200,"Census Tract 582, Queens County, New York",Queens,5141,1011,2667,663,2089,546,433,227,169,170,46,56,218,141,0,19,145,127,29,45,0,19,116,119,2474,808,1473,421,24,34,201,180,85,144,0,19,1163,383,0,19,1001,496,2,3,42,41,0,19,0,19,957,490,0,19
1400000US36081058300,"Census Tract 583, Queens County, New York",Queens,3495,529,2478,494,1906,487,475,180,205,123,101,67,156,125,13,24,97,95,47,63,0,14,50,71,1017,233,806,216,409,156,156,124,0,14,0,14,241,153,0,14,211,108,135,77,41,39,0,14,0,14,35,37,0,14
1400000US36081058500,"Census Tract 585, Queens County, New York",Queens,4010,520,2642,506,1846,449,683,247,183,122,185,111,160,101,155,120,113,91,33,44,0,14,80,77,1368,354,772,234,353,215,151,86,0,14,0,14,268,120,0,14,596,201,391,193,58,57,0,14,0,14,147,125,0,14
1400000US36081058700,"Census Tract 587, Queens County, New York",Queens,3486,476,1872,391,1597,402,172,98,76,65,31,43,53,53,12,20,103,97,69,93,0,14,34,41,1614,402,1112,343,592,272,262,169,27,43,0,14,231,139,0,14,502,243,300,205,79,71,0,14,0,14,109,110,14,25
1400000US36081058900,"Census Tract 589, Queens County, New York",Queens,4618,669,2798,557,2270,540,448,257,132,77,255,238,24,30,37,46,80,69,0,14,0,14,80,69,1820,472,743,220,395,172,39,41,20,33,0,14,289,194,0,14,1077,395,431,295,59,51,68,80,0,14,506,280,13,21
1400000US36081059000,"Census Tract 590, Queens County, New York",Queens,1258,315,688,206,581,199,71,45,0,14,22,35,49,26,0,14,36,36,15,21,0,14,21,33,570,179,359,133,0,14,6,16,0,14,0,14,353,133,0,14,211,135,0,14,12,37,8,13,0,14,191,137,0,14
1400000US36081059100,"Census Tract 591, Queens County, New York",Queens,4799,901,2225,605,1426,539,368,198,144,113,112,118,85,110,27,47,431,215,250,147,0,14,181,172,2574,829,1101,501,185,137,270,297,90,145,0,14,556,354,0,14,1473,670,372,191,0,14,0,14,0,14,1101,640,0,14
1400000US36081059200,"Census Tract 592, Queens County, New York",Queens,1240,259,835,209,755,206,46,35,0,14,0,14,34,22,12,17,34,40,0,14,34,40,0,14,405,151,381,143,12,15,36,38,20,22,0,14,313,133,0,14,24,18,0,14,13,13,7,10,0,14,4,6,0,14
1400000US36081059300,"Census Tract 593, Queens County, New York",Queens,4040,712,2087,501,1557,497,428,187,158,137,108,71,39,35,123,122,102,84,55,54,0,14,47,62,1953,446,1128,287,689,273,163,111,103,126,0,14,173,89,0,14,825,309,356,180,23,27,0,14,0,14,435,278,11,17
1400000US36081059400,"Census Tract 594, Queens County, New York",Queens,1667,365,1033,243,909,228,108,57,0,14,0,14,108,57,0,14,16,23,0,14,0,14,16,23,634,227,412,140,0,14,7,9,78,112,0,14,327,94,0,14,222,114,0,14,0,14,58,92,0,14,164,89,0,14
1400000US36081059501,"Census Tract 595.01, Queens County, New York",Queens,1903,271,1105,246,799,245,241,142,124,84,26,41,91,67,0,14,65,46,58,45,0,14,7,11,798,285,347,140,177,88,71,74,0,14,0,14,90,93,9,13,451,209,258,156,51,53,9,13,0,14,133,123,0,14
1400000US36081059502,"Census Tract 595.02, Queens County, New York",Queens,2676,667,1755,446,1570,448,78,54,41,40,2,6,20,32,15,21,107,72,28,37,0,14,79,62,921,372,518,210,237,103,156,175,0,14,0,14,125,78,0,14,403,318,183,196,13,10,0,14,0,14,207,175,0,14
1400000US36081059600,"Census Tract 596, Queens County, New York",Queens,1674,375,1049,254,944,246,78,63,7,11,0,14,71,60,0,14,27,30,0,14,22,27,5,9,625,223,496,226,0,14,12,16,0,14,0,14,475,221,9,12,129,62,0,14,0,14,0,14,0,14,121,60,8,13
1400000US36081059800,"Census Tract 598, Queens County, New York",Queens,1691,566,875,520,645,380,223,164,60,70,0,14,125,97,38,63,7,11,0,14,0,14,7,11,816,210,561,172,66,62,93,112,25,38,0,14,377,145,0,14,255,129,0,14,24,36,0,14,0,14,192,116,39,58
1400000US36081059900,"Census Tract 599, Queens County, New York",Queens,1493,329,820,224,747,211,46,37,16,18,8,11,22,20,0,14,27,28,2,4,0,14,25,28,673,258,470,192,226,106,49,38,25,40,0,14,170,172,0,14,203,170,69,57,134,165,0,14,0,14,0,14,0,14
1400000US36081060000,"Census Tract 600, Queens County, New York",Queens,1132,182,709,135,607,128,74,103,6,8,0,14,68,102,0,14,28,24,7,10,0,14,21,22,423,133,341,129,9,13,0,14,0,14,0,14,332,126,0,14,82,52,0,14,0,14,11,16,0,14,71,42,0,14
1400000US36081060100,"Census Tract 601, Queens County, New York",Queens,2084,387,1038,269,831,233,17,21,17,21,0,14,0,14,0,14,190,124,57,75,0,14,133,104,1046,258,333,146,234,121,42,68,25,38,0,14,32,29,0,14,713,245,395,195,74,89,0,14,0,14,244,137,0,14
1400000US36081060300,"Census Tract 603, Queens County, New York",Queens,1924,361,1181,252,988,249,141,63,31,34,26,27,77,46,7,12,52,48,44,46,0,14,8,12,743,266,418,158,151,70,32,32,28,35,0,14,207,142,0,14,325,198,213,177,7,11,0,14,0,14,105,77,0,14
1400000US36081060600,"Census Tract 606, Queens County, New York",Queens,1176,209,620,209,517,189,64,49,9,12,27,41,28,24,0,14,39,43,0,14,0,14,39,43,556,170,377,124,0,14,25,30,16,21,0,14,336,116,0,14,179,88,0,14,20,32,16,21,0,14,143,83,0,14
1400000US36081060701,"Census Tract 607.01, Queens County, New York",Queens,0,14,0,14,0,14,0,14,0,14,0,14,0,14,0,14,0,14,0,14,0,14,0,14,0,14,0,14,0,14,0,14,0,14,0,14,0,14,0,14,0,14,0,14,0,14,0,14,0,14,0,14,0,14
1400000US36081060800,"Census Tract 608, Queens County, New York",Queens,1592,305,1032,322,937,315,74,44,1,2,18,26,55,38,0,14,21,29,0,14,0,14,21,29,560,141,427,105,0,14,34,37,0,14,0,14,393,98,0,14,133,69,0,14,29,35,0,14,0,14,104,62,0,14
1400000US36081061000,"Census Tract 610, Queens County, New York",Queens,1318,247,728,206,553,166,126,50,8,14,6,9,106,47,6,9,49,59,34,48,0,14,15,13,590,145,523,147,10,13,0,14,26,36,0,14,487,150,0,14,67,47,0,14,0,14,0,14,0,14,59,45,8,12
1400000US36081061200,"Census Tract 612, Queens County, New York",Queens,1839,524,848,181,637,189,184,113,15,16,0,14,144,78,25,40,27,31,0,14,0,14,27,31,991,464,825,387,0,14,11,12,18,29,0,14,796,389,0,14,166,94,0,14,6,9,17,27,0,14,143,92,0,14
1400000US36081061301,"Census Tract 613.01, Queens County, New York",Queens,5205,967,3137,688,2606,623,376,154,169,120,47,46,139,78,21,28,155,118,73,72,0,19,82,93,2068,677,1124,306,443,188,98,108,55,60,0,19,528,218,0,19,944,582,183,125,67,64,0,19,5,9,681,549,8,13
1400000US36081061302,"Census Tract 613.02, Queens County, New York",Queens,0,14,0,14,0,14,0,14,0,14,0,14,0,14,0,14,0,14,0,14,0,14,0,14,0,14,0,14,0,14,0,14,0,14,0,14,0,14,0,14,0,14,0,14,0,14,0,14,0,14,0,14,0,14
1400000US36081061400,"Census Tract 614, Queens County, New York",Queens,1357,351,893,313,754,311,139,63,32,51,0,14,100,40,7,13,0,14,0,14,0,14,0,14,464,128,405,125,0,14,6,8,15,24,0,14,384,131,0,14,59,45,5,7,0,14,0,14,0,14,54,45,0,14
1400000US36081061601,"Census Tract 616.01, Queens County, New York",Queens,2257,444,1368,307,1246,284,109,65,33,46,0,14,76,49,0,14,13,24,13,24,0,14,0,14,889,289,782,263,0,14,0,14,81,102,0,14,701,259,0,14,107,71,0,14,0,14,0,14,0,14,107,71,0,14
1400000US36081061602,"Census Tract 616.02, Queens County, New York",Queens,968,151,696,154,583,134,45,41,3,7,0,14,20,20,22,35,68,62,0,14,3,6,65,63,272,96,222,85,12,20,4,7,0,14,0,14,206,89,0,14,50,50,0,14,5,8,0,14,0,14,45,49,0,14
1400000US36081061800,"Census Tract 618, Queens County, New York",Queens,2037,429,1240,304,1079,313,141,75,36,36,0,14,93,61,12,19,20,31,20,31,0,14,0,14,797,195,692,183,19,26,51,53,7,10,0,14,615,187,0,14,105,70,0,14,9,14,0,14,0,14,96,70,0,14
1400000US36081061900,"Census Tract 619, Queens County, New York",Queens,3046,731,1874,663,1709,667,17,29,0,14,0,14,17,29,0,14,148,102,31,36,0,14,117,93,1172,324,494,216,254,107,145,168,36,44,0,14,59,56,0,14,678,232,260,125,169,183,33,42,0,14,147,82,69,69
1400000US36081062000,"Census Tract 620, Queens County, New York",Queens,1545,235,868,200,682,181,144,70,0,14,0,14,110,58,34,44,42,66,0,14,0,14,42,66,677,167,611,158,1,7,0,14,87,90,0,14,523,165,0,14,66,46,0,14,0,14,18,28,0,14,48,36,0,14
1400000US36081062100,"Census Tract 621, Queens County, New York",Queens,2667,580,1895,512,1633,456,164,85,44,41,0,14,70,78,50,47,98,77,12,22,0,14,86,71,772,187,467,138,260,103,53,59,0,14,0,14,154,55,0,14,305,131,160,97,0,14,0,14,0,14,145,109,0,14
1400000US36081062200,"Census Tract 622, Queens County, New York",Queens,2069,438,1390,415,1175,407,201,99,21,23,0,14,172,96,8,13,14,15,6,9,8,12,0,14,679,151,588,116,7,10,17,26,74,71,0,14,490,99,0,14,91,74,0,14,0,14,0,14,0,14,91,74,0,14
1400000US36081062300,"Census Tract 623, Queens County, New York",Queens,2111,379,1359,231,1258,213,69,66,27,32,0,14,21,49,21,27,32,34,27,31,0,14,5,8,752,286,545,190,298,146,10,8,15,16,0,14,222,107,0,14,207,137,159,124,0,14,0,14,0,14,48,59,0,14
1400000US36081062400,"Census Tract 624, Queens County, New York",Queens,0,14,0,14,0,14,0,14,0,14,0,14,0,14,0,14,0,14,0,14,0,14,0,14,0,14,0,14,0,14,0,14,0,14,0,14,0,14,0,14,0,14,0,14,0,14,0,14,0,14,0,14,0,14
1400000US36081062500,"Census Tract 625, Queens County, New York",Queens,2637,499,1591,313,1423,266,160,117,43,64,0,14,16,16,101,104,8,12,8,12,0,14,0,14,1046,338,765,282,434,175,31,25,15,15,0,14,285,165,0,14,281,184,42,33,18,17,18,25,0,14,203,183,0,14
1400000US36081062600,"Census Tract 626, Queens County, New York",Queens,3298,478,2108,334,1822,303,220,113,58,58,0,14,162,96,0,14,66,43,4,7,7,12,55,39,1190,301,922,239,10,11,82,103,125,73,0,14,702,219,3,4,268,137,0,14,14,23,16,18,0,14,238,133,0,14
1400000US36081062700,"Census Tract 627, Queens County, New York",Queens,2831,551,1954,557,1779,501,61,66,25,39,0,14,36,54,0,14,114,108,114,108,0,14,0,14,877,272,823,284,384,196,88,61,0,14,0,14,351,234,0,14,54,52,24,29,30,43,0,14,0,14,0,14,0,14
1400000US36081062900,"Census Tract 629, Queens County, New York",Queens,3289,669,1912,475,1800,462,84,85,35,39,14,22,0,14,35,57,28,30,4,8,0,14,24,29,1377,488,894,355,280,158,192,278,0,14,0,14,422,185,0,14,483,370,111,89,0,14,0,14,0,14,372,359,0,14
1400000US36081063000,"Census Tract 630, Queens County, New York",Queens,1614,377,1225,402,1060,358,140,80,51,47,0,14,84,63,5,8,25,27,11,19,0,14,14,20,389,131,321,117,44,35,0,14,6,8,0,14,271,112,0,14,68,44,0,14,0,14,0,14,0,14,68,44,0,14
1400000US36081063200,"Census Tract 632, Queens County, New York",Queens,2499,389,1444,261,1180,247,200,101,17,19,21,33,123,88,39,31,64,49,15,17,6,9,43,45,1055,232,655,151,0,14,14,22,45,54,0,14,596,152,0,14,400,182,0,14,0,14,0,14,0,14,400,182,0,14
1400000US36081063301,"Census Tract 633.01, Queens County, New York",Queens,1584,409,1153,367,1047,319,46,33,26,26,0,14,6,10,14,20,60,71,45,68,0,14,15,23,431,171,262,136,100,69,24,25,0,14,0,14,138,114,0,14,169,125,29,33,12,17,87,118,0,14,41,45,0,14
1400000US36081063302,"Census Tract 633.02, Queens County, New York",Queens,1862,568,1338,310,1193,249,140,124,7,11,53,52,80,112,0,14,5,8,0,14,0,14,5,8,524,340,436,253,215,100,41,34,0,14,0,14,180,230,0,14,88,96,25,23,0,14,0,14,0,14,63,92,0,14
1400000US36081063500,"Census Tract 635, Queens County, New York",Queens,2655,599,1995,576,1918,560,52,38,30,30,4,6,18,19,0,14,25,40,0,14,0,14,25,40,660,205,547,195,289,161,69,60,43,67,46,43,100,119,0,14,113,108,64,95,17,21,0,14,0,14,32,33,0,14
1400000US36081063700,"Census Tract 637, Queens County, New York",Queens,3455,616,2625,581,2439,579,75,81,22,31,37,50,6,15,10,17,111,89,36,47,0,14,75,68,830,209,452,174,306,140,102,82,0,14,0,14,44,50,0,14,378,160,99,59,31,28,0,14,0,14,248,161,0,14
1400000US36081063800,"Census Tract 638, Queens County, New York",Queens,3893,763,2664,766,2228,645,296,266,80,73,0,14,204,258,12,21,140,129,69,111,0,14,71,70,1229,334,745,220,21,37,32,41,108,162,0,14,584,208,0,14,484,315,0,14,45,69,0,14,0,14,439,312,0,14
1400000US36081063900,"Census Tract 639, Queens County, New York",Queens,3113,708,1800,714,1465,610,263,267,10,15,30,49,0,14,223,252,72,61,57,56,0,14,15,23,1313,481,674,208,213,106,85,66,100,155,0,14,276,185,0,14,639,404,109,128,26,39,0,14,0,14,504,376,0,14
1400000US36081064101,"Census Tract 641.01, Queens County, New York",Queens,2328,294,1170,233,924,237,159,81,8,13,39,37,84,73,28,31,87,77,40,63,0,14,47,46,1158,177,904,186,617,143,205,98,13,19,0,14,69,47,0,14,254,122,141,85,82,71,0,14,0,14,31,28,0,14
1400000US36081064102,"Census Tract 641.02, Queens County, New York",Queens,0,14,0,14,0,14,0,14,0,14,0,14,0,14,0,14,0,14,0,14,0,14,0,14,0,14,0,14,0,14,0,14,0,14,0,14,0,14,0,14,0,14,0,14,0,14,0,14,0,14,0,14,0,14
1400000US36081064500,"Census Tract 645, Queens County, New York",Queens,2016,426,1190,396,1112,401,54,44,17,18,0,14,37,40,0,14,24,32,0,14,0,14,24,32,826,203,642,164,152,109,251,89,0,14,0,14,234,121,5,10,184,92,37,36,61,40,18,28,0,14,68,77,0,14
1400000US36081064600,"Census Tract 646, Queens County, New York",Queens,3076,438,1553,297,1365,292,126,48,59,43,1,2,35,23,31,7,62,52,7,10,0,14,55,52,1523,335,1189,311,11,18,42,58,115,132,0,14,1021,298,0,14,334,99,0,14,0,14,0,14,0,14,334,99,0,14
1400000US36081065000,"Census Tract 650, Queens County, New York",Queens,2862,472,1921,432,1652,392,242,146,49,43,0,14,193,139,0,14,27,23,0,14,10,14,17,17,941,214,832,166,0,14,0,14,19,30,0,14,813,163,0,14,109,80,0,14,0,14,0,14,0,14,109,80,0,14
1400000US36081065401,"Census Tract 654.01, Queens County, New York",Queens,3098,474,1833,384,1697,381,86,62,17,26,25,29,27,28,17,23,50,41,12,20,0,14,38,34,1265,358,860,230,19,30,19,28,16,23,0,14,806,217,0,14,405,254,0,14,0,14,0,14,0,14,405,254,0,14
1400000US36081065402,"Census Tract 654.02, Queens County, New York",Queens,0,14,0,14,0,14,0,14,0,14,0,14,0,14,0,14,0,14,0,14,0,14,0,14,0,14,0,14,0,14,0,14,0,14,0,14,0,14,0,14,0,14,0,14,0,14,0,14,0,14,0,14,0,14
1400000US36081065501,"Census Tract 655.01, Queens County, New York",Queens,0,14,0,14,0,14,0,14,0,14,0,14,0,14,0,14,0,14,0,14,0,14,0,14,0,14,0,14,0,14,0,14,0,14,0,14,0,14,0,14,0,14,0,14,0,14,0,14,0,14,0,14,0,14
1400000US36081065600,"Census Tract 656, Queens County, New York",Queens,5282,851,3257,692,2943,734,266,147,48,62,36,39,182,135,0,19,48,75,1,3,0,19,47,75,2025,546,1535,398,0,19,10,14,117,128,0,19,1408,389,0,19,490,254,17,26,0,19,29,44,0,19,444,250,0,19
1400000US36081065702,"Census Tract 657.02, Queens County, New York",Queens,1264,175,943,174,885,181,34,32,3,5,0,14,0,14,31,31,24,27,17,26,0,14,7,11,321,93,261,87,191,79,8,13,19,28,5,9,38,31,0,14,60,41,16,18,8,13,0,14,0,14,36,36,0,14
1400000US36081065703,"Census Tract 657.03, Queens County, New York",Queens,3229,940,1760,399,1651,389,89,62,43,39,22,36,9,15,15,23,20,22,10,17,0,14,10,15,1469,843,1232,850,367,152,51,42,81,96,0,14,733,844,0,14,237,124,81,84,38,42,17,26,0,14,101,72,0,14
1400000US36081065900,"Census Tract 659, Queens County, New York",Queens,1974,329,1363,243,1330,238,33,25,12,15,13,18,8,14,0,14,0,14,0,14,0,14,0,14,611,193,509,176,259,107,184,155,0,14,0,14,66,76,0,14,102,67,89,65,0,14,0,14,0,14,13,19,0,14
1400000US36081066000,"Census Tract 660, Queens County, New York",Queens,3564,586,2064,551,1866,510,127,81,51,53,0,14,57,49,19,31,71,89,16,27,0,14,55,85,1500,477,1172,374,21,26,31,50,37,45,0,14,1083,359,0,14,328,173,0,14,0,14,0,14,0,14,328,173,0,14
1400000US36081066100,"Census Tract 661, Queens County, New York",Queens,1573,194,1064,171,996,174,53,37,16,20,30,35,7,11,0,14,15,15,11,13,0,14,4,8,509,151,414,129,358,126,34,45,0,14,0,14,22,22,0,14,95,60,53,44,25,35,0,14,0,14,17,18,0,14
1400000US36081066301,"Census Tract 663.01, Queens County, New York",Queens,2712,328,1764,292,1684,287,33,24,0,14,0,14,21,19,12,13,47,26,5,8,0,14,42,24,948,206,724,180,346,148,280,107,13,19,0,14,85,40,0,14,224,99,30,24,170,94,0,14,0,14,24,26,0,14
1400000US36081066302,"Census Tract 663.02, Queens County, New York",Queens,0,14,0,14,0,14,0,14,0,14,0,14,0,14,0,14,0,14,0,14,0,14,0,14,0,14,0,14,0,14,0,14,0,14,0,14,0,14,0,14,0,14,0,14,0,14,0,14,0,14,0,14,0,14
1400000US36081066401,"Census Tract 664.01, Queens County, New York",Queens,2241,794,1471,808,1350,796,83,64,17,34,0,14,37,37,29,52,38,44,10,30,18,28,10,16,770,396,410,194,37,60,0,14,0,14,0,14,373,191,0,14,360,228,38,59,0,14,0,14,0,14,322,232,0,14
1400000US36081066402,"Census Tract 664.02, Queens County, New York",Queens,3525,580,1764,569,1538,541,129,100,117,100,0,14,12,18,0,14,97,94,0,14,0,14,97,94,1761,673,1344,563,11,18,8,14,266,233,0,14,1059,580,0,14,417,353,0,14,10,14,0,14,0,14,407,352,0,14
1400000US36081066403,"Census Tract 664.03, Queens County, New York",Queens,5738,1351,3639,899,3396,883,101,71,16,26,11,20,74,62,0,19,142,151,0,19,0,19,142,151,2099,654,1670,438,2,4,56,61,154,108,0,19,1458,428,0,19,429,289,0,19,15,25,15,23,0,19,399,286,0,19
1400000US36081066404,"Census Tract 664.04, Queens County, New York",Queens,0,14,0,14,0,14,0,14,0,14,0,14,0,14,0,14,0,14,0,14,0,14,0,14,0,14,0,14,0,14,0,14,0,14,0,14,0,14,0,14,0,14,0,14,0,14,0,14,0,14,0,14,0,14
1400000US36081066501,"Census Tract 665.01, Queens County, New York",Queens,4003,696,2653,433,2385,422,168,112,70,46,12,19,11,16,75,102,100,80,0,14,0,14,100,80,1350,523,880,335,392,153,91,78,84,104,0,14,313,297,0,14,470,244,143,99,25,38,0,14,0,14,302,224,0,14
1400000US36081066701,"Census Tract 667.01, Queens County, New York",Queens,2576,582,1780,418,1620,358,100,92,40,39,60,71,0,14,0,14,60,91,0,14,0,14,60,91,796,355,521,255,84,56,282,225,0,14,0,14,155,90,0,14,275,153,63,72,64,60,0,14,0,14,148,118,0,14
1400000US36081066900,"Census Tract 669, Queens County, New York",Queens,1692,328,1199,329,1104,301,30,24,6,9,7,10,10,16,7,11,65,90,0,14,0,14,65,90,493,247,274,117,208,96,49,41,0,14,0,14,17,19,0,14,219,261,30,47,8,10,0,14,0,14,181,235,0,14
1400000US36081067100,"Census Tract 671, Queens County, New York",Queens,2339,337,1507,306,1427,299,50,49,9,14,28,45,13,19,0,14,30,28,0,14,0,14,30,28,832,177,712,169,387,139,269,94,12,17,0,14,44,35,0,14,120,62,9,14,80,45,0,14,0,14,31,38,0,14
1400000US36081067700,"Census Tract 677, Queens County, New York",Queens,1893,280,1478,292,1342,278,125,49,29,27,12,11,56,34,28,27,11,17,11,17,0,14,0,14,415,194,241,63,140,67,76,41,0,14,0,14,25,33,0,14,174,189,45,51,9,10,0,14,0,14,120,178,0,14
1400000US36081067900,"Census Tract 679, Queens County, New York",Queens,4303,503,2445,412,2143,393,112,79,13,27,0,14,68,62,31,41,190,107,61,63,8,16,121,97,1858,453,1134,311,215,109,357,139,56,59,0,14,506,212,0,14,724,261,89,87,239,105,0,14,0,14,396,230,0,14
1400000US36081068000,"Census Tract 680, Queens County, New York",Queens,5594,764,2813,697,2491,650,313,179,35,56,40,42,230,147,8,15,9,18,0,19,0,19,9,18,2781,489,2321,440,64,62,29,35,98,130,0,19,2130,427,0,19,460,198,32,49,24,40,12,19,0,19,392,200,0,19
1400000US36081068200,"Census Tract 682, Queens County, New York",Queens,1091,209,656,178,627,172,14,17,0,14,0,14,10,15,4,7,15,24,15,24,0,14,0,14,435,130,337,122,0,14,0,14,58,86,0,14,279,85,0,14,98,50,0,14,17,28,0,14,0,14,81,44,0,14
1400000US36081068300,"Census Tract 683, Queens County, New York",Queens,4059,472,1258,202,1101,196,28,31,13,16,0,14,0,14,15,26,129,82,0,14,0,14,129,82,2801,436,1780,270,107,107,933,227,9,15,12,21,719,253,0,14,1021,365,16,23,729,340,70,106,0,14,206,92,0,14
1400000US36081068700,"Census Tract 687, Queens County, New York",Queens,4405,664,1914,419,1482,296,301,249,18,21,175,213,26,31,82,126,131,90,23,24,0,14,108,91,2491,486,1689,424,353,137,1086,410,10,15,0,14,240,102,0,14,802,319,159,118,297,158,0,14,0,14,332,263,14,22
1400000US36081069000,"Census Tract 690, Queens County, New York",Queens,3756,855,1802,576,1714,576,65,56,0,14,22,36,36,35,7,14,23,24,23,24,0,14,0,14,1954,436,1248,246,9,14,0,14,0,14,0,14,1239,247,0,14,706,345,0,14,14,27,0,14,0,14,692,342,0,14
1400000US36081069300,"Census Tract 693, Queens County, New York",Queens,2902,596,1254,392,1087,394,161,67,24,30,7,21,67,36,63,35,6,8,0,14,0,14,6,8,1648,374,946,283,143,103,448,156,0,14,0,14,355,197,0,14,702,257,94,120,287,141,0,14,0,14,321,197,0,14
1400000US36081069400,"Census Tract 694, Queens County, New York",Queens,4091,603,2358,457,1860,393,436,254,29,46,18,31,389,228,0,14,62,57,14,22,0,14,48,55,1733,483,1299,379,24,38,68,67,170,209,0,14,1037,297,0,14,434,219,0,14,77,91,0,14,0,14,357,203,0,14
1400000US36081069500,"Census Tract 695, Queens County, New York",Queens,2363,382,937,218,783,219,103,70,27,29,18,20,38,36,20,15,51,48,27,40,0,14,24,24,1426,334,890,200,186,81,557,176,17,26,0,14,112,54,18,20,536,300,28,31,422,285,78,127,0,14,8,12,0,14
1400000US36081069701,"Census Tract 697.01, Queens County, New York",Queens,4054,476,2177,382,1793,372,215,97,102,68,80,59,24,27,9,14,169,92,9,12,0,14,160,91,1877,305,1128,261,101,66,830,239,11,18,0,14,175,117,11,17,749,268,85,77,434,138,0,14,0,14,230,214,0,14
1400000US36081069702,"Census Tract 697.02, Queens County, New York",Queens,4269,719,2240,599,1883,490,309,213,87,69,21,36,111,121,90,117,48,50,28,48,0,14,20,24,2029,469,1424,357,232,139,1040,310,25,38,0,14,127,124,0,14,605,272,113,157,285,210,113,127,0,14,94,101,0,14
1400000US36081070300,"Census Tract 703, Queens County, New York",Queens,2324,353,1025,239,818,166,111,101,5,8,4,8,81,94,21,25,96,90,91,90,0,14,5,8,1299,273,930,255,69,46,515,212,12,25,0,14,334,154,0,14,369,141,22,27,113,55,0,14,0,14,234,142,0,14
1400000US36081070700,"Census Tract 707, Queens County, New York",Queens,2504,329,1479,281,1130,234,333,98,153,78,72,43,79,44,29,25,16,17,0,14,0,14,16,17,1025,142,822,134,206,90,501,145,0,14,0,14,115,58,0,14,203,82,9,14,161,78,0,14,18,28,15,18,0,14
1400000US36081070900,"Census Tract 709, Queens County, New York",Queens,2765,541,1707,501,1378,483,329,132,147,57,26,29,111,115,45,31,0,14,0,14,0,14,0,14,1058,188,830,177,310,152,403,146,0,14,0,14,82,76,35,41,228,105,0,14,146,87,16,28,0,14,66,66,0,14
1400000US36081071100,"Census Tract 711, Queens County, New York",Queens,5759,575,3601,574,2769,529,658,251,259,143,90,79,184,144,125,94,174,122,37,53,0,19,137,113,2158,385,1519,333,321,188,838,222,72,92,0,19,279,159,9,18,639,248,75,68,425,205,0,19,0,19,139,146,0,19
1400000US36081071303,"Census Tract 713.03, Queens County, New York",Queens,5303,815,3120,591,2587,445,517,242,88,62,182,181,105,77,142,131,16,28,16,28,0,19,0,19,2183,718,1168,306,354,222,616,212,0,19,0,19,198,117,0,19,1015,650,91,82,761,590,0,19,0,19,163,165,0,19
1400000US36081071304,"Census Tract 713.04, Queens County, New York",Queens,6352,691,2914,660,2485,596,268,178,86,81,23,37,67,96,92,124,161,227,161,227,0,19,0,19,3438,525,2716,469,761,274,1577,339,109,128,0,19,269,157,0,19,722,305,194,245,334,154,0,19,0,19,170,168,24,39
1400000US36081071305,"Census Tract 713.05, Queens County, New York",Queens,6007,1179,3758,1024,3081,921,519,246,157,131,16,25,236,178,110,146,158,93,40,46,0,19,118,81,2249,472,1258,361,204,137,751,326,19,30,19,31,246,145,19,31,991,406,251,165,362,191,19,30,0,19,359,343,0,19
1400000US36081071306,"Census Tract 713.06, Queens County, New York",Queens,7192,1213,3464,868,3054,859,264,127,48,59,58,59,129,88,29,55,146,113,0,19,0,19,146,113,3728,550,1935,402,671,358,619,195,193,175,0,19,452,168,0,19,1793,533,356,268,617,316,212,315,0,19,608,427,0,19
1400000US36081071600,"Census Tract 716, Queens County, New York",Queens,0,14,0,14,0,14,0,14,0,14,0,14,0,14,0,14,0,14,0,14,0,14,0,14,0,14,0,14,0,14,0,14,0,14,0,14,0,14,0,14,0,14,0,14,0,14,0,14,0,14,0,14,0,14
1400000US36081071701,"Census Tract 717.01, Queens County, New York",Queens,4979,1017,2316,674,1949,660,241,179,0,14,9,13,139,112,93,153,126,110,61,51,0,14,65,93,2663,594,2051,505,902,468,958,327,0,14,0,14,191,126,0,14,612,333,210,230,369,248,0,14,0,14,33,65,0,14
1400000US36081071702,"Census Tract 717.02, Queens County, New York",Queens,4448,500,1896,343,1705,335,92,62,0,14,36,47,51,54,5,10,99,96,29,41,0,14,70,91,2552,354,1846,247,305,188,983,219,63,65,0,14,495,236,0,14,706,301,101,132,561,252,0,14,0,14,25,43,19,33
1400000US36081071900,"Census Tract 719, Queens County, New York",Queens,3299,559,1601,456,1417,446,59,41,9,14,18,18,16,15,16,29,125,145,115,144,0,14,10,15,1698,305,909,259,309,199,475,164,8,13,0,14,115,92,2,9,789,233,43,62,318,108,0,14,0,14,388,268,40,56
1400000US36081072100,"Census Tract 721, Queens County, New York",Queens,5595,958,1759,457,1611,450,62,50,0,19,16,26,21,34,25,27,86,85,26,44,0,19,60,73,3836,756,2461,384,802,345,1222,309,16,28,0,19,407,168,14,25,1375,744,261,300,1042,746,0,19,0,19,72,89,0,19
1400000US36081072300,"Census Tract 723, Queens County, New York",Queens,2270,331,1211,177,940,165,227,72,121,53,59,38,32,19,15,18,44,34,2,3,0,14,42,34,1059,292,821,265,194,110,408,175,45,43,0,14,174,71,0,14,238,129,88,75,83,79,2,3,0,14,58,47,7,10
1400000US36081072900,"Census Tract 729, Queens County, New York",Queens,1406,258,866,182,822,178,44,31,19,18,13,18,8,14,4,9,0,14,0,14,0,14,0,14,540,179,371,113,63,40,245,93,0,14,0,14,55,47,8,12,169,137,27,18,129,134,0,14,0,14,13,16,0,14
1400000US36081073100,"Census Tract 731, Queens County, New York",Queens,1724,267,1160,234,925,201,204,72,114,51,12,14,33,21,45,40,31,23,16,23,0,14,15,14,564,155,329,82,28,27,224,65,0,14,0,14,77,52,0,14,235,147,21,20,113,120,43,61,0,14,38,45,20,31
1400000US36081073700,"Census Tract 737, Queens County, New York",Queens,2088,311,1438,315,1174,257,248,120,110,68,50,46,58,48,30,25,16,19,0,14,0,14,16,19,650,183,346,126,59,48,188,94,0,14,0,14,99,79,0,14,304,135,76,73,139,90,0,14,0,14,89,94,0,14
1400000US36081073900,"Census Tract 739, Queens County, New York",Queens,5420,638,3523,611,2766,439,655,302,269,225,169,165,121,92,96,72,102,97,20,33,0,19,82,76,1897,462,1437,405,199,120,995,345,0,19,0,19,227,143,16,27,460,186,35,41,292,158,24,42,0,19,50,61,59,84
1400000US36081074100,"Census Tract 741, Queens County, New York",Queens,3102,491,1940,460,1739,489,155,102,108,92,13,19,0,14,34,34,46,42,38,41,0,14,8,14,1162,225,898,168,221,114,451,133,0,14,0,14,218,103,8,13,264,107,69,44,164,74,0,14,0,14,31,49,0,14
1400000US36081074300,"Census Tract 743, Queens County, New York",Queens,3953,775,1537,363,1494,359,23,25,23,25,0,14,0,14,0,14,20,25,12,19,0,14,8,16,2416,526,1849,475,580,233,1127,450,0,14,0,14,109,70,33,51,567,286,35,38,239,141,220,270,0,14,73,89,0,14
1400000US36081074500,"Census Tract 745, Queens County, New York",Queens,4275,749,2149,658,1917,619,203,216,0,14,25,40,178,211,0,14,29,43,29,43,0,14,0,14,2126,533,1645,497,421,234,902,413,0,14,0,14,289,175,33,38,481,259,21,32,283,168,22,37,0,14,155,195,0,14
1400000US36081074700,"Census Tract 747, Queens County, New York",Queens,3681,578,1664,387,1193,310,301,155,82,63,11,28,146,163,62,53,170,105,53,67,0,14,117,74,2017,513,1195,287,172,146,685,205,13,21,0,14,325,185,0,14,822,511,13,24,480,407,0,14,0,14,329,245,0,14
1400000US36081074900,"Census Tract 749, Queens County, New York",Queens,1620,247,1087,168,909,164,128,55,78,42,8,12,0,14,42,44,50,41,0,14,0,14,50,41,533,172,285,87,20,24,148,53,6,9,0,14,111,90,0,14,248,166,24,28,190,159,0,14,0,14,34,38,0,14
1400000US36081075701,"Census Tract 757.01, Queens County, New York",Queens,5031,757,3127,552,2497,463,492,234,52,50,194,128,94,115,152,106,138,144,90,123,0,19,48,75,1904,421,1143,386,167,121,590,346,46,75,0,19,305,151,35,53,761,247,43,64,439,194,0,19,0,19,279,198,0,19
1400000US36081075702,"Census Tract 757.02, Queens County, New York",Queens,5237,1033,2585,559,2248,464,154,89,18,28,98,87,33,32,5,13,183,247,6,12,0,19,177,246,2652,894,2078,722,686,498,934,426,30,35,0,19,428,264,0,19,574,291,123,128,411,251,5,11,0,19,35,16,0,19
1400000US36081076901,"Census Tract 769.01, Queens County, New York",Queens,5452,802,3174,593,2688,509,450,205,210,135,43,40,134,100,63,52,36,42,0,19,0,19,36,42,2278,630,1861,711,500,323,682,340,535,409,0,19,144,94,0,19,417,232,18,33,246,197,0,19,32,51,121,95,0,19
1400000US36081076902,"Census Tract 769.02, Queens County, New York",Queens,1570,336,952,192,824,202,117,63,11,17,58,47,15,14,33,25,11,12,0,14,0,14,11,12,618,213,439,189,30,32,333,214,6,10,0,14,70,58,0,14,179,90,16,16,92,44,14,23,0,14,57,77,0,14
1400000US36081077300,"Census Tract 773, Queens County, New York",Queens,2203,277,1508,257,1119,208,352,141,140,62,60,56,99,75,53,52,37,31,16,25,0,14,21,15,695,167,487,120,216,115,113,78,0,14,0,14,158,72,0,14,208,104,40,35,118,101,0,14,0,14,50,43,0,14
1400000US36081077500,"Census Tract 775, Queens County, New York",Queens,2144,367,1325,253,1134,239,144,77,54,43,13,19,47,54,30,28,47,79,0,14,0,14,47,79,819,265,684,238,256,167,306,145,28,44,0,14,70,60,24,27,135,99,0,14,59,53,0,14,0,14,76,76,0,14
1400000US36081077902,"Census Tract 779.02, Queens County, New York",Queens,5643,1071,4139,873,3764,892,207,138,63,45,12,23,85,121,47,48,168,173,2,5,0,19,166,173,1504,577,1128,514,236,268,722,412,18,26,0,19,152,152,0,19,376,229,0,19,143,98,0,19,0,19,233,213,0,19
1400000US36081077903,"Census Tract 779.03, Queens County, New York",Queens,3410,757,1746,530,1625,516,46,34,18,19,14,17,14,21,0,14,75,49,0,14,0,14,75,49,1664,528,1290,520,298,262,610,436,97,52,0,14,285,146,0,14,374,174,91,76,218,148,0,14,0,14,65,74,0,14
1400000US36081077904,"Census Tract 779.04, Queens County, New York",Queens,5096,1237,2788,857,2091,626,642,423,32,41,46,48,425,407,139,116,55,60,24,37,0,19,31,47,2308,687,1835,584,437,363,969,501,8,21,0,19,421,265,0,19,473,260,140,224,282,141,0,19,0,19,51,57,0,19
1400000US36081077905,"Census Tract 779.05, Queens County, New York",Queens,3284,740,2251,686,1946,670,232,109,42,38,51,50,88,71,51,38,73,59,68,58,0,14,5,12,1033,316,604,169,144,105,276,126,42,68,0,14,142,84,0,14,429,289,0,14,319,287,49,76,0,14,61,42,0,14
1400000US36081077906,"Census Tract 779.06, Queens County, New York",Queens,3946,656,2609,735,2179,724,247,148,14,22,69,52,102,92,62,69,183,130,39,48,34,56,110,119,1337,291,948,235,170,123,609,207,15,24,0,14,154,104,0,14,389,175,17,29,303,157,32,52,0,14,37,58,0,14
1400000US36081077907,"Census Tract 779.07, Queens County, New York",Queens,3294,586,2260,534,1871,426,247,112,28,36,15,22,106,85,98,85,142,156,103,148,0,14,39,36,1034,435,885,414,65,64,284,128,10,21,0,14,512,406,14,22,149,87,9,15,52,52,0,14,0,14,88,76,0,14
1400000US36081077908,"Census Tract 779.08, Queens County, New York",Queens,3061,419,2028,496,1588,452,284,122,53,53,64,70,128,83,39,42,156,116,101,92,0,14,55,63,1033,290,757,248,14,23,363,218,61,72,0,14,319,148,0,14,276,160,32,39,62,59,51,83,0,14,131,95,0,14
1400000US36081078800,"Census Tract 788, Queens County, New York",Queens,2183,459,860,309,794,304,66,54,0,14,31,33,35,34,0,14,0,14,0,14,0,14,0,14,1323,361,723,243,0,14,0,14,37,43,0,14,686,239,0,14,600,307,0,14,16,17,0,14,0,14,584,302,0,14
1400000US36081079000,"Census Tract 790, Queens County, New York",Queens,3137,463,1530,269,1467,269,46,34,17,18,0,14,26,30,3,6,17,14,8,9,0,14,9,12,1607,459,872,307,6,11,74,46,16,17,0,14,776,305,0,14,735,294,22,32,83,71,78,65,0,14,552,289,0,14
1400000US36081079200,"Census Tract 792, Queens County, New York",Queens,2732,428,1805,415,1391,324,289,190,21,34,18,26,250,184,0,14,125,76,82,63,0,14,43,47,927,226,524,160,0,14,57,51,30,35,0,14,437,164,0,14,403,177,0,14,53,72,35,40,0,14,315,167,0,14
1400000US36081079300,"Census Tract 793, Queens County, New York",Queens,0,14,0,14,0,14,0,14,0,14,0,14,0,14,0,14,0,14,0,14,0,14,0,14,0,14,0,14,0,14,0,14,0,14,0,14,0,14,0,14,0,14,0,14,0,14,0,14,0,14,0,14,0,14
1400000US36081079701,"Census Tract 797.01, Queens County, New York",Queens,6565,1140,1377,383,1178,369,57,56,0,19,18,31,23,38,16,28,142,111,0,19,0,19,142,111,5188,1092,2897,490,154,119,2612,477,0,19,0,19,131,119,0,19,2291,1023,4,7,2285,1024,0,19,0,19,2,3,0,19
1400000US36081079702,"Census Tract 797.02, Queens County, New York",Queens,3627,638,887,311,762,292,66,49,13,21,22,38,31,51,0,14,59,62,18,27,0,14,41,56,2740,507,1242,308,10,16,1037,292,0,14,0,14,195,136,0,14,1498,508,0,14,1400,499,0,14,0,14,98,70,0,14
1400000US36081079900,"Census Tract 799, Queens County, New York",Queens,3151,726,1103,429,950,360,83,111,16,25,67,107,0,14,0,14,70,78,0,14,0,14,70,78,2048,551,947,304,53,48,806,271,0,14,0,14,88,104,0,14,1101,430,0,14,831,400,0,14,0,14,255,272,15,22
1400000US36081080301,"Census Tract 803.01, Queens County, New York",Queens,3964,842,1418,437,1232,391,111,91,69,78,0,14,42,41,0,14,75,81,0,14,0,14,75,81,2546,681,712,260,27,37,496,239,0,14,0,14,189,170,0,14,1834,577,0,14,1326,495,0,14,0,14,508,351,0,14
1400000US36081080302,"Census Tract 803.02, Queens County, New York",Queens,3616,773,1587,390,1431,398,120,91,14,24,0,14,51,62,55,66,36,40,0,14,0,14,36,40,2029,756,1022,638,26,33,842,632,0,14,0,14,154,115,0,14,1007,360,3,8,751,328,0,14,0,14,253,239,0,14
1400000US36081080900,"Census Tract 809, Queens County, New York",Queens,7864,1044,4995,921,4377,856,413,226,230,216,72,67,82,75,29,37,205,182,165,179,0,19,40,54,2869,685,1978,568,215,229,1120,331,10,25,0,19,633,361,0,19,891,364,0,19,666,365,0,19,0,19,225,160,0,19
1400000US36081081400,"Census Tract 814, Queens County, New York",Queens,3997,857,2322,794,1990,678,250,211,128,164,0,14,37,55,85,124,82,82,39,46,0,14,43,66,1675,379,1008,266,0,14,238,141,17,26,0,14,753,227,0,14,667,223,42,66,286,175,0,14,0,14,339,183,0,14
1400000US36081081800,"Census Tract 818, Queens County, New York",Queens,3739,707,2077,518,1776,443,258,131,9,14,37,58,212,125,0,14,43,54,39,54,0,14,4,11,1662,550,1076,281,43,67,230,151,0,14,0,14,803,230,0,14,586,459,0,14,410,435,0,14,0,14,176,119,0,14
1400000US36081083700,"Census Tract 837, Queens County, New York",Queens,5254,821,1742,478,1700,483,21,24,2,10,11,17,8,12,0,19,21,22,0,19,0,19,21,22,3512,653,1669,403,104,119,1295,303,0,19,0,19,270,161,0,19,1843,549,0,19,1487,505,0,19,0,19,356,287,0,19
1400000US36081083800,"Census Tract 838, Queens County, New York",Queens,5291,790,2839,553,2415,543,232,120,18,28,0,19,202,118,12,17,192,102,95,72,0,19,97,71,2452,607,1727,486,11,17,141,100,0,19,0,19,1575,501,0,19,725,376,22,29,180,242,0,19,0,19,523,302,0,19
1400000US36081084000,"Census Tract 840, Queens County, New York",Queens,6942,986,2805,830,2425,802,125,113,75,100,0,19,41,58,9,15,255,236,31,50,0,19,224,230,4137,665,3064,401,76,97,257,182,0,19,0,19,2731,491,0,19,1073,540,0,19,39,43,0,19,0,19,1034,538,0,19
1400000US36081084500,"Census Tract 845, Queens County, New York",Queens,4460,807,929,457,724,380,87,74,0,14,10,17,77,71,0,14,118,103,25,40,0,14,93,92,3531,579,1952,444,182,185,1099,405,99,153,0,14,572,262,0,14,1579,499,0,14,1029,288,0,14,0,14,550,421,0,14
1400000US36081084601,"Census Tract 846.01, Queens County, New York",Queens,2687,420,1429,412,1375,410,2,4,0,14,2,4,0,14,0,14,52,36,8,12,0,14,44,34,1258,192,962,166,41,39,136,94,1,2,0,14,777,153,7,10,296,88,15,22,104,68,0,14,0,14,156,79,21,23
1400000US36081084602,"Census Tract 846.02, Queens County, New York",Queens,1600,497,1161,522,1062,507,78,71,12,24,20,20,33,65,13,31,21,27,8,11,0,14,13,25,439,251,198,88,0,14,33,31,17,26,0,14,148,82,0,14,241,216,0,14,22,25,0,14,0,14,219,212,0,14
1400000US36081084901,"Census Tract 849.01, Queens County, New York",Queens,3038,751,642,242,593,234,0,14,0,14,0,14,0,14,0,14,49,59,49,59,0,14,0,14,2396,760,666,190,0,14,517,164,0,14,0,14,149,143,0,14,1730,762,0,14,1702,762,0,14,0,14,14,23,14,23
1400000US36081084902,"Census Tract 849.02, Queens County, New York",Queens,3774,805,891,281,790,271,44,54,15,23,29,48,0,14,0,14,57,73,49,52,0,14,8,28,2883,746,1056,234,0,14,944,233,0,14,0,14,112,93,0,14,1827,739,0,14,1721,717,0,14,0,14,106,126,0,14
1400000US36081085300,"Census Tract 853, Queens County, New York",Queens,4828,668,1285,439,1178,417,107,99,0,14,38,48,45,65,24,37,0,14,0,14,0,14,0,14,3543,583,1888,524,156,205,1417,506,21,36,0,14,294,193,0,14,1655,515,0,14,1574,516,0,14,0,14,81,103,0,14
1400000US36081085500,"Census Tract 855, Queens County, New York",Queens,5807,1195,1463,532,1302,521,111,117,0,19,90,113,21,34,0,19,50,80,50,80,0,19,0,19,4344,899,1905,602,0,19,1317,511,0,19,0,19,588,287,0,19,2439,922,91,145,2086,918,0,19,0,19,262,169,0,19
1400000US36081085700,"Census Tract 857, Queens County, New York",Queens,5814,852,1318,385,1055,322,117,98,0,19,15,25,102,96,0,19,146,126,85,111,0,19,61,85,4496,789,2137,528,205,219,1536,498,0,19,0,19,396,299,0,19,2359,482,7,14,1643,455,0,19,0,19,709,392,0,19
1400000US36081085900,"Census Tract 859, Queens County, New York",Queens,5586,929,1561,431,1429,367,46,75,46,75,0,19,0,19,0,19,86,91,0,19,0,19,86,91,4025,784,1844,727,70,94,1618,752,0,19,0,19,156,70,0,19,2181,442,0,19,1966,403,0,19,0,19,215,297,0,19
1400000US36081086100,"Census Tract 861, Queens County, New York",Queens,2007,399,489,140,488,140,1,4,1,4,0,14,0,14,0,14,0,14,0,14,0,14,0,14,1518,366,608,140,31,34,502,125,36,52,0,14,39,43,0,14,910,364,0,14,770,340,7,12,0,14,133,111,0,14
1400000US36081086300,"Census Tract 863, Queens County, New York",Queens,7479,1484,1935,746,1840,737,38,78,37,64,0,19,1,42,0,19,57,48,0,19,0,19,57,48,5544,1078,2522,618,106,121,2214,688,0,19,0,19,202,182,0,19,3022,949,0,19,2205,803,0,19,0,19,817,515,0,19
1400000US36081086400,"Census Tract 864, Queens County, New York",Queens,2884,389,1568,306,1395,263,29,34,0,14,0,14,29,34,0,14,144,109,81,54,0,14,63,74,1316,313,853,211,51,46,144,93,36,39,0,14,622,200,0,14,463,251,0,14,120,87,0,14,0,14,343,238,0,14
1400000US36081086500,"Census Tract 865, Queens County, New York",Queens,4679,642,805,310,805,310,0,14,0,14,0,14,0,14,0,14,0,14,0,14,0,14,0,14,3874,655,2041,601,299,217,1473,557,0,14,0,14,269,199,0,14,1833,500,0,14,1633,486,0,14,0,14,200,104,0,14
1400000US36081086900,"Census Tract 869, Queens County, New York",Queens,1980,355,609,218,437,158,35,28,13,19,13,19,9,20,0,14,137,165,106,157,0,14,31,29,1371,332,711,257,0,14,649,249,0,14,0,14,62,52,0,14,660,184,0,14,548,168,0,14,0,14,112,76,0,14
1400000US36081087100,"Census Tract 871, Queens County, New York",Queens,5400,545,2066,455,1661,385,223,153,125,114,1,2,97,99,0,19,182,133,0,19,0,19,182,133,3334,540,1516,327,0,19,1194,265,0,19,0,19,322,179,0,19,1818,529,25,39,1523,486,197,243,0,19,50,50,23,37
1400000US36081088400,"Census Tract 884, Queens County, New York",Queens,8995,1340,6730,1076,6257,1043,189,145,55,54,17,30,63,80,54,87,284,186,156,101,0,19,128,123,2265,782,1731,640,1083,530,142,174,234,360,0,19,272,221,0,19,534,406,75,93,1,3,109,96,0,19,349,384,0,19
1400000US36081088902,"Census Tract 889.02, Queens County, New York",Queens,6357,866,2433,685,2059,613,294,239,49,77,176,204,69,74,0,19,80,77,60,67,0,19,20,32,3924,617,1744,361,146,174,1111,267,0,19,0,19,487,319,0,19,2180,630,0,19,1599,409,30,50,0,19,551,660,0,19
1400000US36081088903,"Census Tract 889.03, Queens County, New York",Queens,4707,906,1571,417,1450,419,77,43,25,21,11,17,40,33,1,3,44,37,8,12,0,14,36,35,3136,729,1804,466,30,36,1608,443,0,14,0,14,166,145,0,14,1332,621,16,19,1251,620,0,14,0,14,65,50,0,14
1400000US36081089201,"Census Tract 892.01, Queens County, New York",Queens,9116,1661,7726,1686,6863,1604,818,503,97,85,80,95,641,462,0,19,45,69,0,19,0,19,45,69,1390,392,1142,300,553,229,174,136,0,19,0,19,415,258,0,19,248,183,206,173,0,19,0,19,0,19,42,49,0,19
1400000US36081089202,"Census Tract 892.02, Queens County, New York",Queens,0,14,0,14,0,14,0,14,0,14,0,14,0,14,0,14,0,14,0,14,0,14,0,14,0,14,0,14,0,14,0,14,0,14,0,14,0,14,0,14,0,14,0,14,0,14,0,14,0,14,0,14,0,14
1400000US36081090700,"Census Tract 907, Queens County, New York",Queens,1533,283,628,168,612,160,6,15,0,14,6,15,0,14,0,14,10,14,0,14,0,14,10,14,905,264,662,204,101,77,396,193,0,14,0,14,165,92,0,14,243,129,36,58,70,66,0,14,0,14,117,78,20,28
1400000US36081091602,"Census Tract 916.02, Queens County, New York",Queens,16,23,16,23,16,23,0,14,0,14,0,14,0,14,0,14,0,14,0,14,0,14,0,14,0,14,0,14,0,14,0,14,0,14,0,14,0,14,0,14,0,14,0,14,0,14,0,14,0,14,0,14,0,14
1400000US36081091603,"Census Tract 916.03, Queens County, New York",Queens,4413,868,4252,874,4021,868,209,118,129,104,34,30,15,26,31,39,22,24,0,14,12,19,10,15,161,86,147,82,111,65,1,2,0,14,0,14,35,53,0,14,14,25,0,14,14,25,0,14,0,14,0,14,0,14
1400000US36081091604,"Census Tract 916.04, Queens County, New York",Queens,0,14,0,14,0,14,0,14,0,14,0,14,0,14,0,14,0,14,0,14,0,14,0,14,0,14,0,14,0,14,0,14,0,14,0,14,0,14,0,14,0,14,0,14,0,14,0,14,0,14,0,14,0,14
1400000US36081091800,"Census Tract 918, Queens County, New York",Queens,8,12,4,6,4,6,0,14,0,14,0,14,0,14,0,14,0,14,0,14,0,14,0,14,4,6,4,6,4,6,0,14,0,14,0,14,0,14,0,14,0,14,0,14,0,14,0,14,0,14,0,14,0,14
1400000US36081091900,"Census Tract 919, Queens County, New York",Queens,5235,986,2359,599,2022,579,266,168,27,30,109,134,130,92,0,19,71,49,27,25,0,19,44,45,2876,622,1987,559,136,74,1022,333,0,19,0,19,829,469,0,19,889,223,13,21,624,192,0,19,0,19,252,123,0,19
1400000US36081092200,"Census Tract 922, Queens County, New York",Queens,2338,338,2262,335,2214,335,23,19,8,15,0,14,8,12,7,10,25,27,14,21,0,14,11,17,76,61,28,28,8,12,17,19,0,14,0,14,3,7,0,14,48,48,31,43,17,19,0,14,0,14,0,14,0,14
1400000US36081092500,"Census Tract 925, Queens County, New York",Queens,3799,771,1879,649,1570,569,271,199,18,29,0,14,90,80,163,145,38,44,28,42,0,14,10,17,1920,492,1295,348,21,24,886,410,0,14,0,14,388,201,0,14,625,318,0,14,313,152,0,14,0,14,213,165,99,158
1400000US36081092800,"Census Tract 928, Queens County, New York",Queens,3341,693,3038,664,2756,670,240,130,77,52,0,14,134,118,29,33,42,69,42,69,0,14,0,14,303,138,288,136,152,105,90,91,16,23,0,14,4,8,26,40,15,22,15,22,0,14,0,14,0,14,0,14,0,14
1400000US36081092900,"Census Tract 929, Queens County, New York",Queens,7003,1475,3029,972,2661,693,272,410,2,4,0,19,154,235,116,177,96,98,48,87,0,19,48,47,3974,962,2235,639,386,281,1197,534,0,19,0,19,652,344,0,19,1739,655,0,19,789,360,0,19,0,19,950,575,0,19
1400000US36081093401,"Census Tract 934.01, Queens County, New York",Queens,4231,842,3831,860,3631,878,200,89,63,41,24,36,113,75,0,14,0,14,0,14,0,14,0,14,400,169,337,155,246,136,56,51,23,26,0,14,12,20,0,14,63,47,45,42,7,14,0,14,0,14,11,16,0,14
1400000US36081093402,"Census Tract 934.02, Queens County, New York",Queens,4165,846,3449,755,2875,678,421,164,157,95,42,32,147,91,75,59,153,136,38,61,0,14,115,118,716,293,476,224,263,126,177,176,24,24,0,14,12,17,0,14,240,192,131,171,63,82,0,14,0,14,46,68,0,14
1400000US36081093800,"Census Tract 938, Queens County, New York",Queens,5001,888,4081,815,3639,722,388,204,153,124,43,48,87,77,105,105,54,56,27,33,0,19,27,44,920,275,470,169,184,111,152,135,54,86,0,19,80,76,0,19,450,221,191,195,94,99,0,19,17,32,148,115,0,19
1400000US36081093900,"Census Tract 939, Queens County, New York",Queens,5819,1251,2587,825,2190,657,369,388,26,32,58,82,60,57,225,305,28,40,0,19,0,19,28,40,3232,653,1814,380,104,164,1068,286,33,52,0,19,609,235,0,19,1418,606,5,26,868,307,0,19,0,19,545,540,0,19
1400000US36081094201,"Census Tract 942.01, Queens County, New York",Queens,3533,629,2989,616,2383,580,543,167,186,104,11,18,332,129,14,21,63,64,46,57,0,14,17,27,544,201,406,179,166,93,161,149,0,14,0,14,79,50,0,14,138,106,24,38,43,63,0,14,0,14,53,54,18,29
1400000US36081094202,"Census Tract 942.02, Queens County, New York",Queens,5623,751,4394,779,3976,759,332,142,156,101,58,43,71,62,47,57,86,66,47,53,0,19,39,38,1229,295,669,210,248,153,54,38,58,70,0,19,309,146,0,19,560,235,8,12,59,47,138,128,0,19,344,194,11,17
1400000US36081094203,"Census Tract 942.03, Queens County, New York",Queens,5730,847,4018,785,3480,817,202,108,19,32,19,31,153,94,11,17,336,218,219,188,0,19,117,98,1712,362,1495,346,914,272,0,19,49,80,0,19,532,263,0,19,217,118,72,76,0,19,18,30,0,19,127,102,0,19
1400000US36081094500,"Census Tract 945, Queens County, New York",Queens,3958,594,2183,347,2052,352,80,71,47,47,0,14,33,55,0,14,51,49,12,20,0,14,39,44,1775,485,1219,421,285,133,762,367,0,14,0,14,172,122,0,14,556,216,26,30,320,140,33,55,0,14,177,163,0,14
1400000US36081094700,"Census Tract 947, Queens County, New York",Queens,2773,534,1272,216,1137,197,67,49,0,14,0,14,58,47,9,16,68,81,0,14,0,14,68,81,1501,463,579,184,22,25,332,159,0,14,0,14,225,101,0,14,922,441,7,11,276,106,0,14,0,14,639,420,0,14
1400000US36081095400,"Census Tract 954, Queens County, New York",Queens,7184,1217,4889,1231,4153,1225,597,277,179,140,73,72,345,189,0,19,139,83,24,42,0,19,115,65,2295,593,1341,461,45,54,34,28,183,152,0,19,1079,431,0,19,954,348,77,108,78,95,196,164,0,19,561,319,42,46
1400000US36081096400,"Census Tract 964, Queens County, New York",Queens,6865,878,3989,890,3359,850,523,369,118,102,145,171,207,186,53,73,107,143,19,22,0,19,88,142,2876,556,1995,381,118,96,529,217,129,110,0,19,1219,343,0,19,881,479,94,98,93,99,171,158,0,19,523,460,0,19
1400000US36081097202,"Census Tract 972.02, Queens County, New York",Queens,3479,817,2951,894,2711,905,162,103,0,14,22,35,140,95,0,14,78,59,26,42,0,14,52,60,528,231,320,169,0,14,0,14,204,158,0,14,116,86,0,14,208,160,0,14,0,14,0,14,0,14,208,160,0,14
1400000US36081097204,"Census Tract 972.04, Queens County, New York",Queens,4254,681,2602,500,2300,508,216,108,25,28,21,31,170,90,0,14,86,48,80,47,6,11,0,14,1652,384,1159,357,23,30,47,25,224,108,0,14,865,324,0,14,493,252,0,14,71,75,62,56,0,14,360,242,0,14
1400000US36081097205,"Census Tract 972.05, Queens County, New York",Queens,3318,293,2506,376,2163,395,257,194,8,13,0,14,249,194,0,14,86,81,86,81,0,14,0,14,812,251,582,198,0,14,50,79,52,63,0,14,480,181,0,14,230,202,0,14,162,188,0,14,0,14,68,82,0,14
1400000US36081097206,"Census Tract 972.06, Queens County, New York",Queens,2635,596,1612,475,1322,467,280,177,13,21,0,14,267,175,0,14,10,18,10,18,0,14,0,14,1023,550,748,431,0,14,65,57,44,70,0,14,639,442,0,14,275,198,0,14,0,14,26,41,0,14,249,196,0,14
1400000US36081097207,"Census Tract 972.07, Queens County, New York",Queens,0,14,0,14,0,14,0,14,0,14,0,14,0,14,0,14,0,14,0,14,0,14,0,14,0,14,0,14,0,14,0,14,0,14,0,14,0,14,0,14,0,14,0,14,0,14,0,14,0,14,0,14,0,14
1400000US36081097300,"Census Tract 973, Queens County, New York",Queens,2116,338,1349,232,1263,230,42,26,19,16,4,8,11,12,8,11,44,30,6,10,0,14,38,28,767,181,638,180,424,196,102,73,0,14,0,14,112,56,0,14,129,74,4,6,97,70,0,14,0,14,28,22,0,14
1400000US36081098100,"Census Tract 981, Queens County, New York",Queens,2486,333,1469,263,1293,238,99,57,48,44,37,34,7,11,7,12,77,54,0,14,0,14,77,54,1017,187,804,157,305,129,246,107,79,94,0,14,174,73,0,14,213,94,30,27,128,80,0,14,0,14,48,50,7,12
1400000US36081098700,"Census Tract 987, Queens County, New York",Queens,2591,353,1780,305,1619,303,55,30,0,14,11,15,0,14,44,29,106,77,47,67,0,14,59,49,811,204,625,175,439,167,122,48,0,14,0,14,59,37,5,9,186,95,42,40,127,85,0,14,0,14,17,26,0,14
1400000US36081099100,"Census Tract 991, Queens County, New York",Queens,7613,1355,5721,1341,5451,1317,213,138,102,62,21,34,22,35,68,110,57,53,21,34,0,19,36,41,1892,708,1535,509,543,246,704,405,0,19,0,19,288,171,0,19,357,292,65,60,267,266,0,19,0,19,25,39,0,19
1400000US36081099200,"Census Tract 992, Queens County, New York",Queens,4359,696,3642,701,3076,595,238,198,124,143,0,14,114,98,0,14,328,176,214,153,0,14,114,89,717,240,466,180,69,56,91,87,51,59,0,14,255,144,0,14,251,171,39,62,13,24,0,14,0,14,199,151,0,14
1400000US36081099701,"Census Tract 997.01, Queens County, New York",Queens,2507,456,1668,438,1525,432,143,88,91,76,26,34,14,22,12,19,0,14,0,14,0,14,0,14,839,229,640,192,278,172,304,122,0,14,0,14,58,61,0,14,199,129,74,108,125,69,0,14,0,14,0,14,0,14
1400000US36081099703,"Census Tract 997.03, Queens County, New York",Queens,3931,501,2777,441,2499,381,248,139,56,57,81,83,111,94,0,14,30,29,21,32,0,14,9,13,1154,291,935,243,179,108,606,196,0,14,0,14,150,84,0,14,219,177,38,45,181,173,0,14,0,14,0,14,0,14
1400000US36081099704,"Census Tract 997.04, Queens County, New York",Queens,7118,1516,5046,1464,4551,1454,471,174,317,148,16,31,91,93,47,52,24,23,0,19,0,19,24,23,2072,414,1645,359,359,185,789,225,0,19,0,19,497,233,0,19,427,169,41,49,279,130,53,87,0,19,54,70,0,19
1400000US36081099705,"Census Tract 997.05, Queens County, New York",Queens,2813,624,1333,421,1289,419,44,46,0,14,21,29,23,32,0,14,0,14,0,14,0,14,0,14,1480,500,1116,394,213,169,713,277,0,14,0,14,190,206,0,14,364,247,0,14,300,231,0,14,0,14,64,85,0,14
1400000US36081099801,"Census Tract 998.01, Queens County, New York",Queens,9023,1782,4794,1201,4355,1138,330,216,3,7,0,19,185,125,142,155,109,98,65,70,0,19,44,71,4229,1057,2737,854,72,66,107,130,326,227,0,19,2232,792,0,19,1492,499,4,7,228,133,205,143,0,19,1055,461,0,19
1400000US36081099802,"Census Tract 998.02, Queens County, New York",Queens,5375,958,3035,705,2347,603,329,198,50,57,63,100,216,166,0,19,359,256,358,257,0,19,1,2,2340,713,1592,451,472,202,278,137,48,58,0,19,794,459,0,19,748,447,40,50,19,32,192,300,0,19,497,334,0,19
1400000US36081099900,"Census Tract 999, Queens County, New York",Queens,0,14,0,14,0,14,0,14,0,14,0,14,0,14,0,14,0,14,0,14,0,14,0,14,0,14,0,14,0,14,0,14,0,14,0,14,0,14,0,14,0,14,0,14,0,14,0,14,0,14,0,14,0,14
1400000US36081100801,"Census Tract 1008.01, Queens County, New York",Queens,2911,787,1726,607,1551,651,175,121,0,14,0,14,104,109,71,69,0,14,0,14,0,14,0,14,1185,475,743,307,19,21,39,36,100,119,7,11,572,271,6,9,442,520,0,14,0,14,26,37,0,14,416,520,0,14
1400000US36081100803,"Census Tract 1008.03, Queens County, New York",Queens,4732,845,2636,632,2354,611,190,122,0,14,11,17,179,120,0,14,92,75,46,57,0,14,46,52,2096,407,1203,329,2,3,127,119,42,62,0,14,1032,310,0,14,893,319,0,14,11,18,33,47,0,14,849,315,0,14
1400000US36081100804,"Census Tract 1008.04, Queens County, New York",Queens,5308,1011,3807,836,3170,700,375,196,216,141,6,11,103,78,50,63,262,202,103,140,0,19,159,108,1501,534,1134,336,49,71,2,5,75,87,0,19,1008,343,0,19,367,260,7,13,0,19,25,40,0,19,293,264,42,70
1400000US36081101002,"Census Tract 1010.02, Queens County, New York",Queens,6112,1328,5203,841,3705,828,742,364,240,185,168,157,334,307,0,19,756,479,129,153,0,19,627,462,909,787,879,784,230,154,579,782,0,19,0,19,66,51,4,7,30,33,0,19,0,19,0,19,0,19,30,33,0,19
1400000US36081101003,"Census Tract 1010.03, Queens County, New York",Queens,4533,911,3495,907,2966,810,464,379,254,341,62,99,148,130,0,14,65,53,41,46,7,13,17,20,1038,492,593,264,18,26,131,119,8,13,0,14,436,276,0,14,445,302,0,14,44,57,0,14,0,14,401,314,0,14
1400000US36081101004,"Census Tract 1010.04, Queens County, New York",Queens,6314,989,3953,911,2776,806,866,353,314,198,295,231,198,139,59,96,311,260,148,109,0,19,163,245,2361,595,1588,460,262,167,125,92,0,19,0,19,1201,408,0,19,773,425,28,44,233,343,0,19,0,19,512,260,0,19
1400000US36081101700,"Census Tract 1017, Queens County, New York",Queens,6826,971,4267,895,3819,777,312,234,140,143,33,40,74,70,65,84,136,107,48,79,0,19,88,76,2559,589,2215,576,469,234,1282,517,18,29,0,19,428,373,18,30,344,192,0,19,278,182,0,19,0,19,49,68,17,29
1400000US36081102900,"Census Tract 1029, Queens County, New York",Queens,3814,588,2629,433,2364,421,131,103,47,52,7,15,77,88,0,14,134,112,84,64,0,14,50,61,1185,361,749,248,312,216,296,145,13,20,0,14,128,100,0,14,436,247,0,14,270,128,129,198,0,14,37,54,0,14
1400000US36081103201,"Census Tract 1032.01, Queens County, New York",Queens,6296,947,3735,939,3081,809,488,641,378,604,0,19,110,100,0,19,166,178,128,163,0,19,38,64,2561,709,1064,549,0,19,84,79,58,90,0,19,922,537,0,19,1497,552,0,19,24,42,162,159,0,19,1311,541,0,19
1400000US36081103202,"Census Tract 1032.02, Queens County, New York",Queens,7864,1510,5551,1473,4910,1373,419,213,109,104,44,50,232,174,34,50,222,180,23,31,0,19,199,178,2313,833,864,409,73,76,33,44,8,14,0,19,750,413,0,19,1449,717,0,19,43,72,47,79,0,19,1321,699,38,63
1400000US36081103300,"Census Tract 1033, Queens County, New York",Queens,4387,643,2469,326,2157,315,218,119,123,82,19,31,76,50,0,14,94,82,0,14,0,14,94,82,1918,546,1451,459,225,92,1005,428,6,32,0,14,215,181,0,14,467,183,19,24,383,173,10,15,0,14,55,68,0,14
1400000US36081103900,"Census Tract 1039, Queens County, New York",Queens,6540,1055,3906,752,2995,612,559,353,131,98,65,70,337,330,26,43,352,285,264,264,0,19,88,97,2634,577,1566,333,193,123,949,275,0,19,0,19,424,222,0,19,1068,398,0,19,768,376,0,19,0,19,300,253,0,19
1400000US36081104700,"Census Tract 1047, Queens County, New York",Queens,6679,1379,2417,703,2273,716,68,53,7,12,22,37,21,25,18,29,76,79,0,19,0,19,76,79,4262,1136,2617,507,378,208,1655,315,86,48,0,19,498,393,0,19,1645,800,192,274,870,355,147,81,0,19,436,680,0,19
1400000US36081105900,"Census Tract 1059, Queens County, New York",Queens,3641,833,2337,732,2257,730,15,21,0,14,0,14,15,21,0,14,65,65,25,39,0,14,40,53,1304,369,837,304,328,174,465,229,0,14,0,14,44,34,0,14,467,291,11,18,426,296,0,14,0,14,22,24,8,14
1400000US36081107201,"Census Tract 1072.01, Queens County, New York",Queens,2294,426,1921,303,1848,295,73,41,0,14,11,16,62,41,0,14,0,14,0,14,0,14,0,14,373,300,118,81,32,35,28,36,0,14,0,14,47,41,11,17,255,288,62,74,5,8,1,4,0,14,187,280,0,14
1400000US36081107202,"Census Tract 1072.02, Queens County, New York",Queens,0,14,0,14,0,14,0,14,0,14,0,14,0,14,0,14,0,14,0,14,0,14,0,14,0,14,0,14,0,14,0,14,0,14,0,14,0,14,0,14,0,14,0,14,0,14,0,14,0,14,0,14,0,14
1400000US36081108500,"Census Tract 1085, Queens County, New York",Queens,2795,404,1514,385,1271,361,234,134,56,64,0,14,113,101,65,49,9,12,0,14,0,14,9,12,1281,254,795,164,229,117,481,117,0,14,0,14,85,66,0,14,486,238,25,30,220,102,112,170,0,14,129,142,0,14
1400000US36081109300,"Census Tract 1093, Queens County, New York",Queens,2899,594,1913,416,1655,417,204,101,74,64,14,17,67,54,49,59,54,41,7,12,0,14,47,39,986,251,870,247,257,200,513,172,11,20,0,14,66,54,23,29,116,56,24,26,75,48,0,14,0,14,17,30,0,14
1400000US36081109700,"Census Tract 1097, Queens County, New York",Queens,1900,272,1186,158,954,145,160,73,51,49,7,11,71,51,31,33,72,34,0,14,0,14,72,34,714,219,543,187,148,161,320,81,0,14,0,14,75,50,0,14,171,81,12,18,149,81,0,14,0,14,10,17,0,14
1400000US36081109900,"Census Tract 1099, Queens County, New York",Queens,3398,623,2148,669,1958,643,89,97,21,22,0,14,68,95,0,14,101,73,31,42,0,14,70,60,1250,278,901,236,153,130,461,215,0,14,0,14,278,120,9,16,349,166,15,28,150,81,0,14,0,14,184,145,0,14
1400000US36081111300,"Census Tract 1113, Queens County, New York",Queens,2714,394,1737,383,1606,373,97,65,34,23,4,8,59,60,0,14,34,33,5,9,18,27,11,19,977,162,767,127,37,23,636,138,0,14,0,14,94,77,0,14,210,86,0,14,173,84,2,6,0,14,31,30,4,8
1400000US36081112300,"Census Tract 1123, Queens County, New York",Queens,2341,363,1384,275,1223,291,133,83,76,65,0,14,40,29,17,19,28,32,10,15,0,14,18,29,957,189,502,132,62,37,305,93,0,14,0,14,135,73,0,14,455,155,37,36,328,142,4,7,0,14,86,83,0,14
1400000US36081112900,"Census Tract 1129, Queens County, New York",Queens,2204,427,1371,411,1234,399,117,56,45,43,23,23,46,34,3,4,20,22,12,17,0,14,8,14,833,229,510,140,103,76,390,123,0,14,0,14,17,16,0,14,323,176,18,27,205,125,0,14,0,14,100,116,0,14
1400000US36081113300,"Census Tract 1133, Queens County, New York",Queens,1428,279,862,187,802,184,33,29,12,14,7,11,8,13,6,12,27,37,0,14,0,14,27,37,566,184,388,154,50,41,294,151,0,14,0,14,44,42,0,14,178,92,19,30,159,94,0,14,0,14,0,14,0,14
1400000US36081113900,"Census Tract 1139, Queens County, New York",Queens,4051,540,2037,357,1851,365,142,149,23,26,3,6,116,145,0,14,44,43,13,21,0,14,31,28,2014,352,1213,296,400,207,544,207,0,14,0,14,269,139,0,14,801,299,41,61,582,275,0,14,0,14,178,150,0,14
1400000US36081114100,"Census Tract 1141, Queens County, New York",Queens,2458,373,1702,364,1499,344,134,91,83,64,0,14,51,64,0,14,69,55,0,14,0,14,69,55,756,141,483,121,149,77,295,84,0,14,0,14,39,30,0,14,273,114,5,7,248,108,0,14,0,14,20,21,0,14
1400000US36081114700,"Census Tract 1147, Queens County, New York",Queens,1854,332,940,170,854,179,49,28,49,28,0,14,0,14,0,14,37,38,7,10,0,14,30,36,914,306,391,108,55,39,303,103,0,14,0,14,33,30,0,14,523,309,198,265,287,118,0,14,0,14,38,61,0,14
1400000US36081115100,"Census Tract 1151, Queens County, New York",Queens,982,159,502,103,488,101,5,7,5,7,0,14,0,14,0,14,9,10,0,14,0,14,9,10,480,133,399,108,25,18,247,81,43,53,0,14,84,55,0,14,81,61,0,14,81,61,0,14,0,14,0,14,0,14
1400000US36081115500,"Census Tract 1155, Queens County, New York",Queens,2189,391,1069,262,986,253,47,34,31,25,8,11,8,12,0,14,36,41,0,14,0,14,36,41,1120,320,513,162,40,39,361,146,0,14,0,14,112,72,0,14,607,249,91,131,219,147,0,14,0,14,297,153,0,14
1400000US36081115700,"Census Tract 1157, Queens County, New York",Queens,3136,638,1375,334,1239,340,121,82,61,61,17,26,26,28,17,26,15,25,0,14,0,14,15,25,1761,453,1001,368,59,88,693,232,20,32,0,14,229,267,0,14,760,315,54,83,637,310,46,52,0,14,23,26,0,14
1400000US36081115900,"Census Tract 1159, Queens County, New York",Queens,3888,562,1306,350,1210,327,67,59,19,22,0,14,29,44,19,30,29,27,0,14,0,14,29,27,2582,338,1452,333,29,45,1255,319,36,57,0,14,132,106,0,14,1130,261,0,14,750,171,0,14,101,166,266,212,13,21
1400000US36081116100,"Census Tract 1161, Queens County, New York",Queens,3624,592,892,294,769,252,70,61,28,32,6,15,36,34,0,14,53,43,6,13,0,14,47,41,2732,443,1574,389,23,23,1188,330,0,14,0,14,363,175,0,14,1158,507,2,7,1072,469,0,14,0,14,84,92,0,14
1400000US36081116301,"Census Tract 1163.01, Queens County, New York",Queens,4331,616,1202,351,986,292,144,125,74,81,0,14,62,86,8,23,72,51,15,19,0,14,57,50,3129,527,1399,259,140,136,958,192,0,14,0,14,301,158,0,14,1730,504,31,49,1314,493,0,14,5,12,380,169,0,14
1400000US36081116302,"Census Tract 1163.02, Queens County, New York",Queens,3687,807,1537,549,1495,549,30,33,0,14,0,14,30,33,0,14,12,19,0,14,0,14,12,19,2150,513,1163,318,32,49,908,333,0,14,0,14,223,123,0,14,987,529,0,14,666,472,0,14,0,14,321,254,0,14
1400000US36081116700,"Census Tract 1167, Queens County, New York",Queens,1892,407,671,199,559,190,106,69,46,56,1,2,59,48,0,14,6,10,0,14,0,14,6,10,1221,271,575,173,8,11,489,139,0,14,0,14,78,100,0,14,646,203,0,14,524,193,0,14,0,14,122,65,0,14
1400000US36081117100,"Census Tract 1171, Queens County, New York",Queens,2525,379,904,185,801,174,58,40,55,40,0,14,0,14,3,4,45,50,0,14,0,14,45,50,1621,346,987,268,107,87,812,261,0,14,0,14,68,42,0,14,634,209,18,28,467,208,0,14,0,14,149,93,0,14
1400000US36081117500,"Census Tract 1175, Queens County, New York",Queens,4464,826,2033,459,1850,466,152,146,15,24,0,14,47,53,90,109,31,36,0,14,0,14,31,36,2431,639,1532,523,161,113,1067,521,0,14,0,14,304,121,0,14,899,284,23,35,700,279,0,14,0,14,176,126,0,14
1400000US36081118100,"Census Tract 1181, Queens County, New York",Queens,1952,318,1079,298,1023,303,49,30,8,12,8,12,33,31,0,14,7,11,0,14,0,14,7,11,873,179,564,139,116,67,305,117,13,14,0,14,126,64,4,7,309,111,11,11,276,106,0,14,0,14,22,20,0,14
1400000US36081118500,"Census Tract 1185, Queens County, New York",Queens,1999,354,719,187,643,169,0,14,0,14,0,14,0,14,0,14,76,55,25,40,0,14,51,39,1280,248,755,180,42,30,455,124,26,26,0,14,232,125,0,14,525,175,6,11,235,103,0,14,0,14,284,168,0,14
1400000US36081118700,"Census Tract 1187, Queens County, New York",Queens,2507,451,720,196,664,185,13,14,5,8,0,14,8,12,0,14,43,42,38,41,0,14,5,9,1787,385,841,301,6,10,567,145,0,14,0,14,268,274,0,14,946,216,0,14,854,213,0,14,0,14,92,95,0,14
1400000US36081118900,"Census Tract 1189, Queens County, New York",Queens,2100,504,563,193,457,155,7,10,0,14,7,10,0,14,0,14,99,79,0,14,0,14,99,79,1537,447,913,382,31,28,733,392,0,14,0,14,149,76,0,14,624,196,0,14,550,191,0,14,0,14,74,73,0,14
1400000US36081119100,"Census Tract 1191, Queens County, New York",Queens,3222,611,847,250,765,242,16,27,16,27,0,14,0,14,0,14,66,59,0,14,0,14,66,59,2375,514,1281,262,119,103,937,260,0,14,0,14,225,86,0,14,1094,452,0,14,976,446,0,14,0,14,118,82,0,14
1400000US36081119300,"Census Tract 1193, Queens County, New York",Queens,2534,558,936,177,746,161,76,65,19,21,0,14,57,62,0,14,114,104,44,64,0,14,70,53,1598,529,1030,422,75,39,538,167,0,14,0,14,417,367,0,14,568,273,41,65,260,134,0,14,0,14,267,259,0,14
1400000US36081119500,"Census Tract 1195, Queens County, New York",Queens,1363,309,600,225,555,221,14,11,1,4,0,14,5,7,8,11,31,24,1,3,0,14,30,24,763,150,364,107,34,25,244,83,0,14,0,14,86,65,0,14,399,145,0,14,317,141,0,14,0,14,82,75,0,14
1400000US36081119900,"Census Tract 1199, Queens County, New York",Queens,1681,304,972,225,803,216,52,45,8,12,7,11,23,35,14,22,117,101,9,14,0,14,108,101,709,272,368,106,6,10,291,100,0,14,0,14,71,63,0,14,341,204,0,14,322,202,0,14,0,14,19,17,0,14
1400000US36081120100,"Census Tract 1201, Queens County, New York",Queens,1546,355,570,299,547,296,16,16,7,11,2,4,0,14,7,10,7,10,0,14,0,14,7,10,976,176,522,143,7,11,416,135,0,14,0,14,99,76,0,14,454,116,0,14,380,121,1,3,0,14,73,71,0,14
1400000US36081120300,"Census Tract 1203, Queens County, New York",Queens,1551,282,515,140,426,134,69,97,1,3,0,14,68,96,0,14,20,28,0,14,0,14,20,28,1036,220,644,149,107,113,471,122,0,14,0,14,66,57,0,14,392,163,0,14,345,147,0,14,0,14,47,66,0,14
1400000US36081120500,"Census Tract 1205, Queens County, New York",Queens,2669,531,702,295,593,277,102,65,37,38,0,14,8,14,57,47,7,15,0,14,0,14,7,15,1967,412,1156,378,49,54,997,347,0,14,0,14,110,154,0,14,811,209,0,14,800,208,0,14,0,14,11,16,0,14
1400000US36081120701,"Census Tract 1207.01, Queens County, New York",Queens,3132,706,1308,268,1171,267,61,39,20,24,19,20,22,27,0,14,76,47,36,33,0,14,40,31,1824,607,1273,571,95,77,952,556,0,14,0,14,226,105,0,14,551,145,0,14,465,126,9,13,0,14,77,67,0,14
1400000US36081120702,"Census Tract 1207.02, Queens County, New York",Queens,0,14,0,14,0,14,0,14,0,14,0,14,0,14,0,14,0,14,0,14,0,14,0,14,0,14,0,14,0,14,0,14,0,14,0,14,0,14,0,14,0,14,0,14,0,14,0,14,0,14,0,14,0,14
1400000US36081121100,"Census Tract 1211, Queens County, New York",Queens,0,14,0,14,0,14,0,14,0,14,0,14,0,14,0,14,0,14,0,14,0,14,0,14,0,14,0,14,0,14,0,14,0,14,0,14,0,14,0,14,0,14,0,14,0,14,0,14,0,14,0,14,0,14
1400000US36081121500,"Census Tract 1215, Queens County, New York",Queens,4420,707,2119,544,1847,466,203,145,50,59,0,14,66,76,87,128,69,52,22,25,0,14,47,45,2301,484,1351,386,85,66,904,290,0,14,0,14,362,240,0,14,950,297,33,39,734,283,0,14,0,14,183,136,0,14
1400000US36081122300,"Census Tract 1223, Queens County, New York",Queens,3166,676,1541,439,1214,348,97,85,20,21,19,28,58,69,0,14,230,206,0,14,0,14,230,206,1625,468,1214,441,115,87,1007,435,12,18,0,14,80,81,0,14,411,166,48,62,282,162,29,48,0,14,52,47,0,14
1400000US36081122702,"Census Tract 1227.02, Queens County, New York",Queens,6209,940,3563,751,3218,730,276,206,28,46,0,19,248,205,0,19,69,84,69,84,0,19,0,19,2646,689,2252,575,368,229,861,356,44,70,0,19,979,472,0,19,394,228,0,19,127,101,0,19,0,19,267,193,0,19
1400000US36081122703,"Census Tract 1227.03, Queens County, New York",Queens,5896,774,4118,861,3674,904,115,102,35,58,42,69,17,27,21,34,329,222,202,215,0,19,127,85,1778,457,1015,323,54,65,645,243,0,19,0,19,316,176,0,19,763,416,8,15,183,99,63,86,0,19,509,400,0,19
1400000US36081122704,"Census Tract 1227.04, Queens County, New York",Queens,5015,1508,2699,885,2362,894,215,186,80,116,22,34,35,51,78,82,122,154,93,127,0,19,29,56,2316,1099,1707,1090,19,27,557,226,87,140,0,19,1044,1024,0,19,609,332,0,19,392,254,0,19,0,19,217,232,0,19
1400000US36081124100,"Census Tract 1241, Queens County, New York",Queens,3822,579,1916,370,1763,382,104,64,6,10,44,44,19,26,35,41,49,67,43,64,0,14,6,11,1906,405,1292,332,210,143,727,179,26,43,0,14,329,241,0,14,614,247,10,18,529,226,21,33,0,14,54,55,0,14
1400000US36081124700,"Census Tract 1247, Queens County, New York",Queens,3911,691,2349,392,2267,396,53,51,0,14,25,28,16,19,12,21,29,27,0,14,0,14,29,27,1562,488,1104,328,144,128,935,279,16,26,0,14,9,16,0,14,458,378,0,14,458,378,0,14,0,14,0,14,0,14
1400000US36081125700,"Census Tract 1257, Queens County, New York",Queens,3162,571,1296,279,1184,273,52,42,10,13,0,14,42,39,0,14,60,59,35,46,0,14,25,38,1866,466,1345,424,13,14,689,409,4,7,0,14,639,221,0,14,521,235,4,14,328,210,0,14,0,14,189,147,0,14
1400000US36081126500,"Census Tract 1265, Queens County, New York",Queens,2085,407,936,295,781,151,138,186,12,22,48,66,78,109,0,14,17,19,0,14,0,14,17,19,1149,327,960,317,31,30,707,192,5,7,0,14,217,234,0,14,189,93,4,7,158,100,0,14,0,14,27,30,0,14
1400000US36081126700,"Census Tract 1267, Queens County, New York",Queens,4332,413,3085,357,2195,364,814,187,363,175,103,68,250,129,98,77,76,49,13,20,0,14,63,45,1247,261,734,192,66,54,311,100,21,34,0,14,336,158,0,14,513,174,7,14,171,104,84,78,0,14,251,146,0,14
1400000US36081127700,"Census Tract 1277, Queens County, New York",Queens,2980,574,1697,610,1469,566,181,161,100,84,81,87,0,14,0,14,47,55,0,14,0,14,47,55,1283,363,1040,264,96,93,860,275,8,13,0,14,63,65,13,20,243,271,0,14,28,25,184,283,0,14,31,30,0,14
1400000US36081128300,"Census Tract 1283, Queens County, New York",Queens,0,14,0,14,0,14,0,14,0,14,0,14,0,14,0,14,0,14,0,14,0,14,0,14,0,14,0,14,0,14,0,14,0,14,0,14,0,14,0,14,0,14,0,14,0,14,0,14,0,14,0,14,0,14
1400000US36081129102,"Census Tract 1291.02, Queens County, New York",Queens,3807,788,2199,576,2040,554,104,85,40,63,0,14,0,14,64,58,55,64,0,14,0,14,55,64,1608,447,1455,410,291,275,1106,331,0,14,0,14,58,61,0,14,153,150,0,14,140,152,0,14,0,14,13,19,0,14
1400000US36081129103,"Census Tract 1291.03, Queens County, New York",Queens,4179,833,2800,805,2626,791,130,81,94,73,18,26,0,14,18,26,44,52,0,14,0,14,44,52,1379,262,1105,256,314,197,500,146,60,92,0,14,231,109,0,14,274,118,9,15,265,119,0,14,0,14,0,14,0,14
1400000US36081129104,"Census Tract 1291.04, Queens County, New York",Queens,4192,471,2471,403,2256,409,202,114,94,76,47,62,48,40,13,21,13,22,0,14,0,14,13,22,1721,363,1251,285,84,63,1016,283,53,80,0,14,88,56,10,15,470,221,24,31,330,214,54,80,0,14,62,46,0,14
1400000US36081130100,"Census Tract 1301, Queens County, New York",Queens,4044,601,2347,577,2055,569,156,79,47,38,12,19,68,51,29,37,136,110,109,103,15,20,12,20,1697,312,1306,258,25,27,549,208,20,29,0,14,712,208,0,14,391,207,17,26,346,203,0,14,0,14,28,45,0,14
1400000US36081133300,"Census Tract 1333, Queens County, New York",Queens,3886,779,2193,449,2030,467,154,108,0,14,19,22,115,104,20,23,9,15,0,14,0,14,9,15,1693,479,1458,423,179,124,1192,424,14,20,0,14,64,60,9,13,235,234,0,14,142,126,72,116,0,14,21,32,0,14
1400000US36081133900,"Census Tract 1339, Queens County, New York",Queens,1429,206,850,163,749,160,53,34,32,24,0,14,21,24,0,14,48,30,15,23,0,14,33,25,579,143,532,136,70,73,403,126,0,14,0,14,59,53,0,14,47,31,0,14,47,31,0,14,0,14,0,14,0,14
1400000US36081134100,"Census Tract 1341, Queens County, New York",Queens,2857,554,1053,267,892,231,62,41,24,24,7,12,31,31,0,14,99,76,0,14,17,19,82,67,1804,494,1330,448,135,129,1184,429,0,14,0,14,0,14,11,17,474,205,0,14,407,184,0,14,0,14,67,63,0,14
1400000US36081134701,"Census Tract 1347.01, Queens County, New York",Queens,4809,633,3039,671,2761,642,212,153,26,42,56,88,48,55,82,90,66,103,66,103,0,14,0,14,1770,396,1191,314,32,38,1090,306,0,14,0,14,69,108,0,14,579,268,0,14,372,243,21,35,0,14,186,284,0,14
1400000US36081134702,"Census Tract 1347.02, Queens County, New York",Queens,4532,856,2571,418,2292,419,205,237,0,14,36,40,22,23,147,232,74,65,13,20,0,14,61,62,1961,649,829,270,0,14,598,178,20,30,0,14,211,178,0,14,1132,574,0,14,901,506,10,16,0,14,221,327,0,14
1400000US36081136700,"Census Tract 1367, Queens County, New York",Queens,5903,1043,2603,411,2389,389,131,93,17,29,8,19,15,23,91,83,83,106,0,19,0,19,83,106,3300,951,2139,799,244,229,1754,775,0,19,0,19,141,87,0,19,1161,590,10,17,1151,590,0,19,0,19,0,19,0,19
1400000US36081137700,"Census Tract 1377, Queens County, New York",Queens,6759,1016,4221,1059,3929,1109,148,159,11,31,0,19,41,61,96,136,144,153,0,19,0,19,144,153,2538,455,1922,393,15,35,1462,387,35,57,0,19,410,196,0,19,616,263,0,19,532,243,0,19,0,19,84,71,0,19
1400000US36081138501,"Census Tract 1385.01, Queens County, New York",Queens,4189,757,2256,518,2071,463,77,93,0,14,0,14,11,18,66,92,108,82,0,14,0,14,108,82,1933,424,1285,289,209,122,957,295,0,14,0,14,108,82,11,18,648,293,12,21,615,290,0,14,0,14,21,30,0,14
1400000US36081138502,"Census Tract 1385.02, Queens County, New York",Queens,92,5,72,22,66,23,6,10,6,10,0,14,0,14,0,14,0,14,0,14,0,14,0,14,20,22,7,8,2,5,2,7,0,14,0,14,3,5,0,14,13,21,0,14,9,19,0,14,0,14,4,11,0,14
1400000US36081139900,"Census Tract 1399, Queens County, New York",Queens,1547,315,735,202,665,192,40,28,2,8,5,9,33,23,0,14,30,35,0,14,0,14,30,35,812,171,659,166,14,21,477,113,0,14,0,14,168,126,0,14,153,64,12,22,128,57,0,14,0,14,13,19,0,14
1400000US36081140300,"Census Tract 1403, Queens County, New York",Queens,2214,363,822,220,783,220,28,35,27,34,0,14,1,4,0,14,11,16,0,14,0,14,11,16,1392,303,1128,248,193,196,903,174,0,14,0,14,32,37,0,14,264,139,0,14,257,139,0,14,0,14,7,11,0,14
1400000US36081140901,"Census Tract 1409.01, Queens County, New York",Queens,930,526,264,91,237,85,27,26,12,11,0,14,15,23,0,14,0,14,0,14,0,14,0,14,666,513,380,178,58,39,223,68,0,14,0,14,99,162,0,14,286,346,0,14,75,46,0,14,0,14,211,344,0,14
1400000US36081140902,"Census Tract 1409.02, Queens County, New York",Queens,2505,295,1296,189,1156,163,114,97,79,92,25,24,10,16,0,14,26,22,9,11,0,14,17,20,1209,222,849,142,116,52,705,143,0,14,0,14,28,29,0,14,360,154,0,14,360,154,0,14,0,14,0,14,0,14
1400000US36081141700,"Census Tract 1417, Queens County, New York",Queens,4300,730,2041,417,1772,423,144,85,37,32,19,29,60,63,28,35,125,106,66,77,0,14,59,69,2259,496,1447,329,276,216,1084,263,0,14,0,14,87,59,0,14,812,271,7,10,591,233,13,21,0,14,201,133,0,14
1400000US36081142900,"Census Tract 1429, Queens County, New York",Queens,3678,535,1920,450,1832,449,77,73,28,42,0,14,49,58,0,14,11,17,0,14,0,14,11,17,1758,239,1061,211,246,125,673,219,0,14,0,14,142,141,0,14,697,203,49,39,560,183,0,14,0,14,88,134,0,14
1400000US36081143500,"Census Tract 1435, Queens County, New York",Queens,2343,484,1438,397,1325,394,68,40,34,36,7,11,21,20,6,11,45,31,7,11,0,14,38,27,905,193,722,164,95,52,566,133,0,14,0,14,55,63,6,10,183,82,17,24,132,66,0,14,7,11,27,35,0,14
1400000US36081144100,"Census Tract 1441, Queens County, New York",Queens,3002,452,1596,249,1546,244,46,36,18,20,0,14,13,20,15,25,4,17,4,17,0,14,0,14,1406,367,1029,264,124,65,857,255,11,17,13,20,24,26,0,14,377,175,42,50,289,166,0,14,0,14,46,50,0,14
1400000US36081144700,"Census Tract 1447, Queens County, New York",Queens,3470,697,1663,435,1600,434,26,21,7,11,0,14,19,20,0,14,37,54,0,14,0,14,37,54,1807,428,1165,318,32,41,897,238,0,14,0,14,236,203,0,14,642,255,34,45,502,255,0,14,0,14,97,87,9,14
1400000US36081145101,"Census Tract 1451.01, Queens County, New York",Queens,1103,233,514,117,504,116,10,12,5,8,5,9,0,14,0,14,0,14,0,14,0,14,0,14,589,205,348,103,72,48,276,91,0,14,0,14,0,14,0,14,241,168,10,11,225,167,0,14,0,14,0,14,6,9
1400000US36081145102,"Census Tract 1451.02, Queens County, New York",Queens,2361,456,1507,372,1193,178,29,30,17,25,0,14,12,16,0,14,285,326,234,316,0,14,51,73,854,305,582,167,86,58,429,159,9,15,0,14,58,36,0,14,272,196,5,8,267,196,0,14,0,14,0,14,0,14
1400000US36081145900,"Census Tract 1459, Queens County, New York",Queens,2781,492,1630,405,1523,395,64,38,19,20,7,11,35,30,3,6,43,39,0,14,0,14,43,39,1151,246,718,181,171,106,458,142,0,14,0,14,89,62,0,14,433,180,17,19,345,170,0,14,0,14,71,55,0,14
1400000US36081146300,"Census Tract 1463, Queens County, New York",Queens,2934,791,1992,686,1681,612,266,318,225,315,0,14,25,40,16,27,45,32,11,17,0,14,34,29,942,223,664,174,115,63,382,136,7,13,0,14,155,91,5,10,278,121,26,29,180,135,0,14,0,14,72,73,0,14
1400000US36081146700,"Census Tract 1467, Queens County, New York",Queens,2762,348,1816,327,1509,318,256,102,119,67,11,18,78,60,48,47,51,65,0,14,0,14,51,65,946,225,516,123,30,28,368,115,35,46,0,14,83,63,0,14,430,173,14,22,293,133,0,14,12,20,111,108,0,14
1400000US36081147100,"Census Tract 1471, Queens County, New York",Queens,3810,446,2409,360,2302,341,90,69,66,59,14,22,10,16,0,14,17,26,0,14,0,14,17,26,1401,388,1105,298,142,102,688,259,23,38,0,14,252,171,0,14,296,148,0,14,161,139,21,34,0,14,114,83,0,14
1400000US36081147900,"Census Tract 1479, Queens County, New York",Queens,4249,675,2831,475,2330,450,404,187,158,102,35,52,190,131,21,23,97,98,15,25,0,14,82,97,1418,435,919,253,71,54,597,171,0,14,0,14,251,190,0,14,499,240,0,14,315,144,0,14,0,14,184,190,0,14
1400000US36081148300,"Census Tract 1483, Queens County, New York",Queens,2974,571,2164,389,1858,366,306,151,189,98,46,43,60,69,11,19,0,14,0,14,0,14,0,14,810,395,663,306,158,148,481,253,0,14,0,14,24,27,0,14,147,147,104,141,43,40,0,14,0,14,0,14,0,14
1400000US36081150701,"Census Tract 1507.01, Queens County, New York",Queens,3123,456,1963,382,1764,311,199,233,82,79,106,151,11,16,0,14,0,14,0,14,0,14,0,14,1160,276,1009,220,148,93,596,214,0,14,0,14,233,175,32,38,151,127,15,24,136,124,0,14,0,14,0,14,0,14
1400000US36081150702,"Census Tract 1507.02, Queens County, New York",Queens,3134,423,2000,450,1829,456,160,104,30,27,94,87,13,20,23,25,11,15,0,14,0,14,11,15,1134,251,789,175,232,107,477,136,20,31,0,14,60,63,0,14,345,158,7,13,331,160,0,14,0,14,7,17,0,14
1400000US36081152901,"Census Tract 1529.01, Queens County, New York",Queens,5613,702,3269,648,2905,623,252,168,67,76,21,35,164,153,0,19,112,117,19,39,0,19,93,113,2344,509,1846,465,200,208,1306,375,14,22,0,19,326,206,0,19,498,227,0,19,368,195,36,59,0,19,94,141,0,19
1400000US36081152902,"Census Tract 1529.02, Queens County, New York",Queens,6530,1121,3471,666,3037,520,278,183,117,110,0,19,132,137,29,35,156,130,0,19,0,19,156,130,3059,918,2558,853,222,127,2150,820,0,19,0,19,186,143,0,19,501,209,0,19,501,209,0,19,0,19,0,19,0,19
1400000US36081155101,"Census Tract 1551.01, Queens County, New York",Queens,2174,444,2002,444,1783,413,206,101,128,97,33,30,36,37,9,14,13,20,0,14,0,14,13,20,172,90,171,90,67,57,69,53,0,14,0,14,35,41,0,14,1,3,0,14,1,3,0,14,0,14,0,14,0,14
1400000US36081155103,"Census Tract 1551.03, Queens County, New York",Queens,4328,594,3273,498,2953,502,304,213,97,102,11,20,144,119,52,69,16,25,0,14,0,14,16,25,1055,303,738,233,44,42,353,133,0,14,53,82,268,186,20,31,317,174,34,54,158,114,0,14,55,84,70,92,0,14
1400000US36081155104,"Census Tract 1551.04, Queens County, New York",Queens,3239,851,2094,329,1814,331,190,114,72,61,12,18,92,56,14,23,90,76,33,46,0,14,57,60,1145,650,792,409,40,41,660,405,10,19,0,14,82,53,0,14,353,288,0,14,333,286,0,14,0,14,20,24,0,14
1400000US36081156700,"Census Tract 1567, Queens County, New York",Queens,1751,299,1140,172,961,209,145,85,77,59,4,9,46,48,18,21,34,52,22,45,0,14,12,21,611,228,369,185,12,21,245,112,0,14,0,14,112,151,0,14,242,114,0,14,166,109,20,27,0,14,56,44,0,14
1400000US36081157101,"Census Tract 1571.01, Queens County, New York",Queens,8073,1338,3762,791,3224,621,250,227,115,142,27,44,26,43,82,71,288,293,252,281,0,19,36,53,4311,1006,3139,1006,32,38,2446,1016,0,19,0,19,643,319,18,29,1172,381,0,19,1048,371,0,19,0,19,124,123,0,19
1400000US36081157102,"Census Tract 1571.02, Queens County, New York",Queens,1840,417,844,221,669,196,51,50,51,50,0,14,0,14,0,14,124,102,62,61,0,14,62,88,996,313,812,304,47,49,574,283,13,19,0,14,178,86,0,14,184,84,0,14,83,61,13,19,0,14,88,68,0,14
1400000US36081157901,"Census Tract 1579.01, Queens County, New York",Queens,5064,953,2064,515,1886,494,36,26,10,16,7,11,7,12,12,20,142,120,114,117,0,19,28,26,3000,767,2177,663,90,64,1759,602,20,35,0,19,308,272,0,19,823,520,0,19,788,520,0,19,0,19,35,31,0,19
1400000US36081157902,"Census Tract 1579.02, Queens County, New York",Queens,3681,719,1307,258,1189,275,93,86,38,30,0,14,0,14,55,83,25,20,11,13,0,14,14,22,2374,642,1907,480,17,17,1467,442,0,14,0,14,423,182,0,14,467,386,14,23,439,384,0,14,0,14,14,16,0,14
1400000US36081157903,"Census Tract 1579.03, Queens County, New York",Queens,3671,484,1779,348,1649,345,70,57,58,57,12,16,0,14,0,14,60,58,15,31,0,14,45,49,1892,339,1611,305,73,50,1291,299,40,54,0,14,207,125,0,14,281,172,17,22,200,150,0,14,0,14,64,84,0,14
1400000US36081161700,"Census Tract 1617, Queens County, New York",Queens,4843,668,3215,590,3024,564,54,40,6,9,26,29,15,23,7,12,137,115,91,112,0,14,46,44,1628,340,1321,295,79,60,798,261,11,17,0,14,395,175,38,41,307,133,0,14,209,102,0,14,0,14,98,106,0,14
1400000US36081162100,"Census Tract 1621, Queens County, New York",Queens,6340,796,2714,718,2548,720,104,74,0,19,0,19,103,74,1,4,62,90,21,68,0,19,41,54,3626,667,2733,720,104,114,2062,696,118,144,0,19,449,230,0,19,893,287,82,103,520,317,49,78,0,19,242,104,0,19
1400000US36081990100,"Census Tract 9901, Queens County, New York",Queens,0,14,0,14,0,14,0,14,0,14,0,14,0,14,0,14,0,14,0,14,0,14,0,14,0,14,0,14,0,14,0,14,0,14,0,14,0,14,0,14,0,14,0,14,0,14,0,14,0,14,0,14,0,14
1400000US36085000300,"Census Tract 3, Richmond County, New York",Staten Island,1889,295,1244,214,912,197,285,100,123,55,41,41,86,84,35,38,47,34,13,22,0,14,34,23,645,204,347,85,64,47,220,79,21,19,0,14,42,47,0,14,298,192,12,17,185,170,0,14,0,14,101,74,0,14
1400000US36085000600,"Census Tract 6, Richmond County, New York",Staten Island,2568,429,1746,351,1307,295,413,123,23,28,158,110,198,115,34,41,26,42,0,14,0,14,26,42,822,292,687,292,258,173,197,170,49,36,0,14,183,146,0,14,135,95,90,83,0,14,0,14,0,14,45,47,0,14
1400000US36085000700,"Census Tract 7, Richmond County, New York",Staten Island,5482,934,4689,811,4048,800,488,175,141,138,4,6,343,193,0,19,153,125,105,105,0,19,48,60,793,354,614,307,106,118,128,147,144,128,0,19,236,219,0,19,179,149,99,115,67,91,0,19,0,19,13,26,0,19
1400000US36085000800,"Census Tract 8, Richmond County, New York",Staten Island,5178,798,2908,701,2688,639,58,58,0,19,0,19,33,44,25,41,162,197,119,182,0,19,43,69,2270,564,1759,472,490,332,1161,413,3,15,0,19,105,112,0,19,511,328,201,258,221,127,0,19,0,19,77,134,12,21
1400000US36085000900,"Census Tract 9, Richmond County, New York",Staten Island,2209,565,1484,558,1224,503,227,102,61,53,20,18,96,62,50,38,33,35,33,35,0,14,0,14,725,183,273,166,24,27,52,38,109,91,0,14,88,137,0,14,452,203,107,109,13,16,128,101,0,14,204,180,0,14
1400000US36085001100,"Census Tract 11, Richmond County, New York",Staten Island,4852,669,3861,555,3174,515,603,312,101,83,21,27,461,294,20,21,84,76,84,76,0,14,0,14,991,293,365,141,49,51,76,77,97,93,0,14,143,104,0,14,626,248,39,46,148,117,48,74,9,15,382,204,0,14
1400000US36085001700,"Census Tract 17, Richmond County, New York",Staten Island,1638,337,1224,274,1087,203,137,120,28,29,89,118,0,14,20,19,0,14,0,14,0,14,0,14,414,191,274,152,47,36,66,50,2,6,0,14,159,134,0,14,140,118,0,14,86,99,40,62,0,14,14,23,0,14
1400000US36085001800,"Census Tract 18, Richmond County, New York",Staten Island,449,235,419,227,230,142,124,96,31,36,11,16,62,43,20,29,65,80,65,80,0,14,0,14,30,24,26,23,1,2,2,3,0,14,0,14,23,22,0,14,4,7,0,14,0,14,0,14,0,14,4,7,0,14
1400000US36085002001,"Census Tract 20.01, Richmond County, New York",Staten Island,2904,472,2271,440,1973,430,174,173,27,33,0,14,108,138,39,69,124,120,106,114,0,14,18,33,633,221,510,198,164,117,228,111,0,14,0,14,118,135,0,14,123,80,82,67,41,39,0,14,0,14,0,14,0,14
1400000US36085002002,"Census Tract 20.02, Richmond County, New York",Staten Island,2727,370,1696,349,1521,347,135,91,42,61,47,60,25,27,21,31,40,38,13,21,0,14,27,30,1031,258,754,181,454,174,277,111,0,14,0,14,23,23,0,14,277,153,31,40,152,99,0,14,0,14,94,125,0,14
1400000US36085002100,"Census Tract 21, Richmond County, New York",Staten Island,5623,906,3835,584,3038,665,669,218,21,28,23,26,389,228,236,165,128,106,34,43,0,19,94,93,1788,694,585,249,97,101,121,111,169,158,0,19,198,128,0,19,1203,649,449,423,161,144,0,19,0,19,593,437,0,19
1400000US36085002700,"Census Tract 27, Richmond County, New York",Staten Island,2627,808,1645,572,1517,572,87,46,30,33,0,14,22,22,35,29,41,38,41,38,0,14,0,14,982,361,447,220,29,29,90,82,0,14,0,14,313,219,15,20,535,256,0,14,65,79,6,12,0,14,464,260,0,14
1400000US36085002900,"Census Tract 29, Richmond County, New York",Staten Island,5495,1012,4344,905,3348,932,537,224,78,70,0,19,459,224,0,19,459,253,400,253,0,19,59,57,1151,459,731,324,44,51,343,259,86,119,0,19,258,142,0,19,420,270,0,19,219,159,8,54,0,19,193,197,0,19
1400000US36085003300,"Census Tract 33, Richmond County, New York",Staten Island,3821,596,2866,566,2591,565,214,126,102,72,25,31,12,18,75,63,61,59,17,28,0,14,44,56,955,219,608,175,81,79,238,131,172,73,8,14,109,96,0,14,347,148,121,136,77,72,0,14,0,14,149,108,0,14
1400000US36085003600,"Census Tract 36, Richmond County, New York",Staten Island,2615,491,1428,368,1378,363,37,30,6,10,15,23,9,14,7,11,13,26,0,14,0,14,13,26,1187,261,647,222,246,126,277,148,6,10,0,14,118,90,0,14,540,206,12,17,359,134,32,49,0,14,137,127,0,14
1400000US36085003900,"Census Tract 39, Richmond County, New York",Staten Island,2215,297,1660,273,1413,278,208,97,182,97,5,8,12,21,9,15,39,36,24,29,0,14,15,21,555,217,365,186,44,44,214,161,12,20,0,14,95,78,0,14,190,102,23,37,1,3,10,16,71,29,85,91,0,14
1400000US36085004001,"Census Tract 40.01, Richmond County, New York",Staten Island,2787,824,1366,443,1234,424,109,78,15,26,44,44,50,46,0,14,23,31,0,14,0,14,23,31,1421,754,1178,730,0,14,739,683,379,199,0,14,60,64,0,14,243,129,0,14,56,45,34,61,0,14,140,130,13,25
1400000US36085004002,"Census Tract 40.02, Richmond County, New York",Staten Island,2411,364,1026,290,967,290,26,34,0,14,9,14,17,29,0,14,33,36,15,28,0,14,18,23,1385,319,1070,304,151,202,632,207,0,14,0,14,287,211,0,14,315,126,0,14,315,126,0,14,0,14,0,14,0,14
1400000US36085004003,"Census Tract 40.03, Richmond County, New York",Staten Island,3517,724,2117,563,1777,552,168,126,35,59,0,14,133,118,0,14,172,129,172,129,0,14,0,14,1400,405,780,331,0,14,0,14,552,278,0,14,228,183,0,14,620,252,0,14,84,109,305,160,0,14,231,189,0,14
1400000US36085004004,"Census Tract 40.04, Richmond County, New York",Staten Island,3834,1160,2350,1007,2158,1021,78,90,6,10,6,10,66,89,0,14,114,127,114,127,0,14,0,14,1484,548,801,266,0,14,375,160,152,84,0,14,274,215,0,14,683,408,0,14,476,372,58,44,0,14,149,129,0,14
1400000US36085004700,"Census Tract 47, Richmond County, New York",Staten Island,2941,431,2372,346,2094,366,264,84,127,57,10,18,109,78,18,24,14,25,0,14,0,14,14,25,569,276,359,211,70,59,134,170,92,74,0,14,63,57,0,14,210,145,19,27,85,121,8,17,51,29,36,59,11,18
1400000US36085005000,"Census Tract 50, Richmond County, New York",Staten Island,4669,660,2610,550,2460,546,98,71,72,53,9,12,17,27,0,14,52,59,0,14,0,14,52,59,2059,406,1568,374,551,164,749,266,20,31,0,14,248,134,0,14,491,220,161,140,187,168,36,51,0,14,65,67,42,58
1400000US36085005901,"Census Tract 59.01, Richmond County, New York",Staten Island,3062,535,2744,573,2545,562,110,72,33,32,10,18,51,60,16,27,89,61,33,26,0,14,56,65,318,144,211,136,76,94,53,51,49,73,0,14,33,50,0,14,107,76,49,65,10,17,0,14,0,14,48,59,0,14
1400000US36085005902,"Census Tract 59.02, Richmond County, New York",Staten Island,0,14,0,14,0,14,0,14,0,14,0,14,0,14,0,14,0,14,0,14,0,14,0,14,0,14,0,14,0,14,0,14,0,14,0,14,0,14,0,14,0,14,0,14,0,14,0,14,0,14,0,14,0,14
1400000US36085006400,"Census Tract 64, Richmond County, New York",Staten Island,3425,505,2224,529,2003,556,84,83,57,71,0,14,27,47,0,14,137,91,110,82,0,14,27,40,1201,317,756,183,342,133,362,117,0,14,0,14,52,65,0,14,445,213,116,114,238,154,0,14,0,14,91,91,0,14
1400000US36085006700,"Census Tract 67, Richmond County, New York",Staten Island,3069,399,2678,323,2407,347,149,129,61,62,47,72,35,34,6,15,122,121,7,13,0,14,115,120,391,216,227,174,92,65,106,147,9,17,0,14,20,23,0,14,164,93,0,14,8,17,52,76,0,14,104,55,0,14
1400000US36085007001,"Census Tract 70.01, Richmond County, New York",Staten Island,2739,711,1904,653,1838,647,20,22,5,8,0,14,13,20,2,5,46,39,27,31,0,14,19,21,835,247,584,205,178,109,406,167,0,14,0,14,0,14,0,14,251,137,98,77,146,91,0,14,0,14,7,11,0,14
1400000US36085007002,"Census Tract 70.02, Richmond County, New York",Staten Island,5914,1194,3034,728,2899,727,47,42,2,6,12,19,16,26,17,28,88,85,77,83,0,19,11,18,2880,656,2310,665,1449,600,696,262,133,127,0,19,32,39,0,19,570,245,83,68,299,178,0,19,0,19,188,185,0,19
1400000US36085007400,"Census Tract 74, Richmond County, New York",Staten Island,4854,640,2914,595,2580,552,161,90,39,52,33,54,53,44,36,39,173,73,117,47,0,14,56,46,1940,411,1406,356,564,256,659,277,107,64,0,14,76,77,0,14,534,199,139,116,269,132,59,80,0,14,53,66,14,23
1400000US36085007500,"Census Tract 75, Richmond County, New York",Staten Island,3150,592,2411,584,2203,590,137,81,81,68,12,19,22,30,22,37,71,56,50,42,0,14,21,34,739,238,359,137,130,102,65,42,35,42,0,14,129,79,0,14,380,184,120,107,66,49,12,18,0,14,182,144,0,14
1400000US36085007700,"Census Tract 77, Richmond County, New York",Staten Island,1793,347,1421,274,1270,258,102,77,70,74,0,14,32,28,0,14,49,52,49,52,0,14,0,14,372,196,208,145,9,14,51,51,0,14,0,14,148,133,0,14,164,106,0,14,41,41,17,28,0,14,106,89,0,14
1400000US36085008100,"Census Tract 81, Richmond County, New York",Staten Island,4784,632,3983,549,3195,523,635,280,227,183,60,58,229,137,119,129,153,79,153,79,0,14,0,14,801,283,594,167,110,73,205,92,33,32,0,14,225,124,21,36,207,192,16,26,62,55,0,14,0,14,129,182,0,14
1400000US36085009601,"Census Tract 96.01, Richmond County, New York",Staten Island,4326,639,3031,508,2770,517,102,78,93,76,0,14,0,14,9,16,159,90,13,18,0,14,146,85,1295,338,1040,297,457,198,364,181,165,146,0,14,54,73,0,14,255,114,106,66,73,59,0,14,0,14,76,92,0,14
1400000US36085009602,"Census Tract 96.02, Richmond County, New York",Staten Island,3800,538,2363,424,2198,435,126,89,61,52,45,57,0,14,20,36,39,35,8,12,0,14,31,33,1437,243,1012,260,512,169,406,171,37,50,0,14,57,85,0,14,425,177,0,14,342,168,0,14,0,14,83,86,0,14
1400000US36085009701,"Census Tract 97.01, Richmond County, New York",Staten Island,4523,644,3212,529,2882,546,208,94,28,27,7,14,173,87,0,14,122,87,68,63,0,14,54,65,1311,503,669,281,230,195,140,159,75,61,0,14,224,160,0,14,642,317,147,137,84,86,42,48,0,14,369,262,0,14
1400000US36085009702,"Census Tract 97.02, Richmond County, New York",Staten Island,40,41,40,41,40,41,0,14,0,14,0,14,0,14,0,14,0,14,0,14,0,14,0,14,0,14,0,14,0,14,0,14,0,14,0,14,0,14,0,14,0,14,0,14,0,14,0,14,0,14,0,14,0,14
1400000US36085010500,"Census Tract 105, Richmond County, New York",Staten Island,5637,852,4026,701,3688,667,212,102,87,69,10,15,88,71,27,25,126,131,10,13,0,19,116,130,1611,603,713,241,61,53,115,81,105,108,0,19,432,213,0,19,898,506,33,49,45,25,57,53,0,19,763,482,0,19
1400000US36085011201,"Census Tract 112.01, Richmond County, New York",Staten Island,5411,754,3644,607,2937,406,516,380,389,347,84,119,31,52,12,20,191,148,148,137,0,19,43,67,1767,418,1388,328,608,271,618,181,120,76,0,19,42,49,0,19,379,195,158,175,190,97,0,19,0,19,31,37,0,19
1400000US36085011203,"Census Tract 112.03, Richmond County, New York",Staten Island,7029,1187,3625,908,3316,873,183,175,13,25,104,158,47,56,19,31,126,100,18,31,0,19,108,96,3404,735,1457,321,286,155,1090,298,52,74,0,19,29,35,0,19,1947,721,669,674,993,455,0,19,0,19,285,292,0,19
1400000US36085011204,"Census Tract 112.04, Richmond County, New York",Staten Island,75,87,59,67,59,67,0,14,0,14,0,14,0,14,0,14,0,14,0,14,0,14,0,14,16,21,16,21,0,14,0,14,0,14,0,14,16,21,0,14,0,14,0,14,0,14,0,14,0,14,0,14,0,14
1400000US36085011401,"Census Tract 114.01, Richmond County, New York",Staten Island,2918,600,2084,603,1884,572,133,88,16,24,25,41,92,103,0,14,67,68,25,52,0,14,42,49,834,290,570,178,187,137,301,77,0,14,0,14,82,101,0,14,264,238,117,161,147,174,0,14,0,14,0,14,0,14
1400000US36085011402,"Census Tract 114.02, Richmond County, New York",Staten Island,3192,465,2201,488,2040,480,132,65,56,47,13,19,27,30,36,33,29,24,0,14,8,14,21,25,991,264,649,201,403,174,215,113,0,14,0,14,31,35,0,14,342,191,117,92,140,75,0,14,0,14,85,83,0,14
1400000US36085012100,"Census Tract 121, Richmond County, New York",Staten Island,3134,547,2657,272,2463,292,192,113,42,33,87,99,63,62,0,14,2,8,2,8,0,14,0,14,477,510,450,503,409,500,21,29,0,14,0,14,20,27,0,14,27,35,12,21,0,14,0,14,0,14,15,24,0,14
1400000US36085012200,"Census Tract 122, Richmond County, New York",Staten Island,4783,881,4319,853,4136,840,155,83,53,43,45,43,5,8,52,55,28,44,28,44,0,14,0,14,464,175,368,152,119,90,208,113,0,14,0,14,41,38,0,14,96,60,8,13,62,48,0,14,0,14,26,51,0,14
1400000US36085012500,"Census Tract 125, Richmond County, New York",Staten Island,3229,408,2474,348,2193,334,170,92,98,76,6,10,64,57,2,10,111,63,82,57,0,14,29,29,755,340,380,115,30,27,95,60,75,75,0,14,180,81,0,14,375,272,134,149,4,10,29,34,19,26,189,176,0,14
1400000US36085012804,"Census Tract 128.04, Richmond County, New York",Staten Island,4820,683,2719,454,2579,445,122,101,45,39,6,11,11,18,60,90,18,21,5,10,0,14,13,20,2101,619,1268,352,558,251,603,315,54,80,0,14,53,47,0,14,833,481,46,45,496,304,10,17,0,14,281,375,0,14
1400000US36085012805,"Census Tract 128.05, Richmond County, New York",Staten Island,2384,498,1911,491,1807,495,94,60,49,46,0,14,18,24,27,42,10,12,0,14,0,14,10,12,473,190,397,167,187,103,131,89,70,63,0,14,0,14,9,16,76,49,14,20,51,39,0,14,0,14,11,17,0,14
1400000US36085012806,"Census Tract 128.06, Richmond County, New York",Staten Island,6075,750,4286,680,3893,717,285,223,215,167,0,19,70,106,0,19,108,131,108,131,0,19,0,19,1789,490,1201,444,646,297,433,270,74,95,0,19,48,50,0,19,588,284,338,236,139,122,69,96,0,19,42,53,0,19
1400000US36085013201,"Census Tract 132.01, Richmond County, New York",Staten Island,1657,261,1438,269,1314,267,88,47,75,44,0,14,13,16,0,14,36,27,36,27,0,14,0,14,219,107,178,96,100,83,54,61,12,18,0,14,4,7,8,11,41,30,25,25,4,6,12,17,0,14,0,14,0,14
1400000US36085013203,"Census Tract 132.03, Richmond County, New York",Staten Island,7305,976,5568,912,5435,904,95,121,0,19,95,121,0,19,0,19,38,48,0,19,0,19,38,48,1737,557,1397,504,690,428,453,215,114,180,0,19,140,152,0,19,340,207,243,192,50,43,0,19,0,19,47,77,0,19
1400000US36085013204,"Census Tract 132.04, Richmond County, New York",Staten Island,4948,504,4205,529,4019,540,109,74,59,45,0,14,50,55,0,14,77,68,33,38,0,14,44,43,743,223,487,136,159,97,263,97,0,14,0,14,65,46,0,14,256,176,23,24,206,175,0,14,0,14,27,33,0,14
1400000US36085013301,"Census Tract 133.01, Richmond County, New York",Staten Island,1176,228,1010,226,753,222,176,136,87,128,0,14,89,60,0,14,81,49,81,49,0,14,0,14,166,116,134,109,0,14,0,14,35,58,0,14,99,93,0,14,32,35,0,14,0,14,0,14,0,14,32,35,0,14
1400000US36085013302,"Census Tract 133.02, Richmond County, New York",Staten Island,3216,858,2240,780,2030,754,168,129,20,26,13,18,135,118,0,14,42,51,42,51,0,14,0,14,976,299,295,137,0,14,93,90,48,75,0,14,154,91,0,14,681,264,0,14,108,89,122,129,0,14,451,227,0,14
1400000US36085013400,"Census Tract 134, Richmond County, New York",Staten Island,3868,675,3102,693,2894,682,143,73,55,44,50,38,3,6,35,28,65,68,50,65,0,14,15,25,766,207,466,131,132,93,305,109,12,19,0,14,17,47,0,14,300,164,34,38,259,165,0,14,0,14,7,13,0,14
1400000US36085013800,"Census Tract 138, Richmond County, New York",Staten Island,6090,764,5153,770,4432,751,561,230,271,162,136,145,64,99,90,90,160,134,0,19,0,19,160,134,937,310,712,254,349,175,296,144,0,19,0,19,50,88,17,28,225,211,57,53,168,203,0,19,0,19,0,19,0,19
1400000US36085014100,"Census Tract 141, Richmond County, New York",Staten Island,2554,414,1869,371,1556,324,119,65,52,53,23,25,44,50,0,14,194,155,29,30,0,14,165,154,685,213,295,109,13,14,141,90,33,34,0,14,108,62,0,14,390,160,19,29,50,44,112,93,0,14,209,135,0,14
1400000US36085014604,"Census Tract 146.04, Richmond County, New York",Staten Island,7039,1347,5284,1126,4784,1131,472,246,298,190,102,141,72,75,0,19,28,45,28,45,0,19,0,19,1755,769,1338,610,596,483,295,167,216,253,0,19,231,192,0,19,417,259,55,45,118,109,0,19,0,19,244,231,0,19
1400000US36085014605,"Census Tract 146.05, Richmond County, New York",Staten Island,3724,622,3228,498,3144,470,29,29,19,23,0,14,10,15,0,14,55,67,20,34,0,14,35,55,496,270,448,263,285,279,150,136,13,20,0,14,0,14,0,14,48,41,26,40,11,18,11,19,0,14,0,14,0,14
1400000US36085014606,"Census Tract 146.06, Richmond County, New York",Staten Island,6450,1009,5308,933,4884,994,270,180,78,55,120,134,39,45,33,52,154,126,30,54,0,19,124,104,1142,603,991,579,665,552,288,181,0,19,0,19,17,34,21,30,151,93,44,53,92,70,0,19,0,19,15,29,0,19
1400000US36085014607,"Census Tract 146.07, Richmond County, New York",Staten Island,4754,624,3883,592,3786,577,97,70,79,62,18,30,0,14,0,14,0,14,0,14,0,14,0,14,871,250,686,235,374,192,269,139,24,27,0,14,19,26,0,14,185,78,10,17,175,79,0,14,0,14,0,14,0,14
1400000US36085014608,"Census Tract 146.08, Richmond County, New York",Staten Island,3592,540,2568,570,2451,546,74,67,47,58,14,18,0,14,13,23,43,41,0,14,0,14,43,41,1024,217,937,205,461,153,142,76,134,103,0,14,156,127,44,59,87,62,46,50,24,21,17,27,0,14,0,14,0,14
1400000US36085014700,"Census Tract 147, Richmond County, New York",Staten Island,3367,560,2900,589,2768,594,118,61,101,62,9,15,8,13,0,14,14,24,0,14,0,14,14,24,467,233,293,156,156,120,119,107,0,14,0,14,0,14,18,26,174,142,102,129,44,45,0,14,0,14,28,38,0,14
1400000US36085015100,"Census Tract 151, Richmond County, New York",Staten Island,5070,1084,4488,1057,4314,1011,129,134,32,61,0,19,75,117,22,34,45,140,0,19,0,19,45,140,582,244,468,217,119,106,333,186,15,27,0,19,1,21,0,19,114,85,24,49,64,43,0,19,0,19,26,50,0,19
1400000US36085015400,"Census Tract 154, Richmond County, New York",Staten Island,0,14,0,14,0,14,0,14,0,14,0,14,0,14,0,14,0,14,0,14,0,14,0,14,0,14,0,14,0,14,0,14,0,14,0,14,0,14,0,14,0,14,0,14,0,14,0,14,0,14,0,14,0,14
1400000US36085015601,"Census Tract 156.01, Richmond County, New York",Staten Island,6214,827,4891,792,4726,800,97,73,90,72,7,12,0,19,0,19,68,69,32,56,0,19,36,46,1323,485,781,336,269,226,246,167,113,128,0,19,153,115,0,19,542,304,197,279,209,169,0,19,0,19,136,58,0,19
1400000US36085015602,"Census Tract 156.02, Richmond County, New York",Staten Island,3650,521,3176,573,3011,568,154,91,81,70,26,43,19,29,28,39,11,18,11,18,0,14,0,14,474,281,456,280,153,99,55,49,0,14,0,14,248,269,0,14,18,21,0,14,17,21,0,14,0,14,1,3,0,14
1400000US36085015603,"Census Tract 156.03, Richmond County, New York",Staten Island,5417,835,4190,741,3675,761,422,203,222,157,90,108,80,59,30,49,93,52,36,40,0,19,57,43,1227,418,835,279,308,157,501,220,22,34,0,19,4,8,0,19,392,192,56,55,276,153,20,31,0,19,40,58,0,19
1400000US36085016901,"Census Tract 169.01, Richmond County, New York",Staten Island,3586,702,2391,480,2075,485,150,94,48,62,0,14,95,65,7,12,166,118,46,78,23,27,97,82,1195,420,676,223,307,244,363,204,6,10,0,14,0,14,0,14,519,318,59,59,211,229,84,93,0,14,165,207,0,14
1400000US36085017005,"Census Tract 170.05, Richmond County, New York",Staten Island,4526,729,3671,721,3486,710,133,75,63,53,11,18,45,47,14,22,52,48,8,13,0,14,44,48,855,182,769,194,384,151,209,146,176,150,0,14,0,14,0,14,86,78,0,14,72,75,0,14,0,14,14,23,0,14
1400000US36085017007,"Census Tract 170.07, Richmond County, New York",Staten Island,6346,1130,4434,1155,4171,1153,165,89,81,64,55,63,19,24,10,16,98,68,20,32,0,19,78,56,1912,395,1401,359,535,245,637,181,96,83,0,19,133,86,0,19,511,180,192,130,289,126,11,17,0,19,19,24,0,19
1400000US36085017009,"Census Tract 170.09, Richmond County, New York",Staten Island,4880,919,4152,849,3747,804,282,190,90,67,159,125,0,14,33,42,123,122,0,14,0,14,123,122,728,275,600,241,287,180,240,142,64,94,0,14,9,15,0,14,128,94,46,74,82,61,0,14,0,14,0,14,0,14
1400000US36085017011,"Census Tract 170.11, Richmond County, New York",Staten Island,4745,673,3352,482,3053,413,241,163,102,70,30,31,9,15,100,142,58,50,24,27,0,14,34,40,1393,557,945,431,513,371,354,210,38,58,0,14,26,28,14,22,448,293,77,61,140,100,209,271,0,14,8,14,14,21
1400000US36085017012,"Census Tract 170.12, Richmond County, New York",Staten Island,5363,618,4366,616,3988,612,147,79,121,73,26,21,0,19,0,19,231,204,19,28,0,19,212,201,997,237,867,223,470,188,197,76,191,179,0,19,9,15,0,19,130,55,59,51,71,35,0,19,0,19,0,19,0,19
1400000US36085017013,"Census Tract 170.13, Richmond County, New York",Staten Island,4617,809,3286,659,3096,650,128,103,14,21,13,21,21,47,80,74,62,57,0,14,0,14,62,57,1331,536,994,399,184,164,512,329,57,51,0,14,241,150,0,14,337,175,34,30,99,136,34,39,0,14,170,125,0,14
1400000US36085017014,"Census Tract 170.14, Richmond County, New York",Staten Island,4141,581,3582,571,3185,516,316,246,261,239,34,43,21,25,0,14,81,76,61,71,0,14,20,31,559,205,438,167,166,99,164,94,49,79,0,14,59,76,0,14,121,96,24,30,40,38,0,14,0,14,57,87,0,14
1400000US36085017015,"Census Tract 170.15, Richmond County, New York",Staten Island,3167,471,2923,474,2846,468,77,71,23,26,0,14,35,41,19,42,0,14,0,14,0,14,0,14,244,153,166,116,73,84,0,14,0,14,0,14,93,76,0,14,78,97,57,92,0,14,0,14,0,14,21,29,0,14
1400000US36085017016,"Census Tract 170.16, Richmond County, New York",Staten Island,4461,640,3717,657,3647,655,59,57,7,12,9,15,43,53,0,14,11,18,0,14,0,14,11,18,744,216,583,168,113,89,261,111,156,108,0,14,53,71,0,14,161,105,45,69,111,80,0,14,0,14,5,10,0,14
1400000US36085017300,"Census Tract 173, Richmond County, New York",Staten Island,2791,388,1786,264,1586,278,161,112,8,12,0,14,92,79,61,82,39,50,39,50,0,14,0,14,1005,257,660,221,94,66,339,116,10,16,0,14,217,196,0,14,345,127,49,51,63,40,12,20,0,14,221,97,0,14
1400000US36085017600,"Census Tract 176, Richmond County, New York",Staten Island,5169,875,3986,914,3876,914,81,50,59,44,2,5,12,20,8,13,29,31,15,26,0,19,14,20,1183,358,1026,325,536,234,361,215,110,106,0,19,19,24,0,19,157,130,113,119,18,18,26,42,0,19,0,19,0,19
1400000US36085017701,"Census Tract 177.01, Richmond County, New York",Staten Island,4246,619,3022,508,2824,507,143,127,102,116,11,18,30,41,0,14,55,60,3,5,0,14,52,60,1224,360,1069,290,205,121,577,240,0,14,0,14,274,294,13,21,155,135,100,117,53,65,0,14,0,14,2,4,0,14
1400000US36085017702,"Census Tract 177.02, Richmond County, New York",Staten Island,2117,597,1666,603,1448,579,205,113,84,66,29,25,82,57,10,14,13,20,13,20,0,14,0,14,451,131,276,112,137,85,86,68,0,14,0,14,53,34,0,14,175,69,12,19,50,50,113,72,0,14,0,14,0,14
1400000US36085018100,"Census Tract 181, Richmond County, New York",Staten Island,3599,562,2649,503,2417,481,215,117,81,63,9,14,95,96,30,43,17,26,8,20,0,14,9,15,950,300,786,269,187,92,264,128,24,32,0,14,277,204,34,54,164,120,90,92,70,74,0,14,0,14,4,9,0,14
1400000US36085018701,"Census Tract 187.01, Richmond County, New York",Staten Island,1915,324,1512,267,1402,260,59,45,42,42,0,14,6,9,11,13,51,59,39,55,12,18,0,14,403,195,189,141,39,36,150,133,0,14,0,14,0,14,0,14,214,116,105,93,109,75,0,14,0,14,0,14,0,14
1400000US36085018703,"Census Tract 187.03, Richmond County, New York",Staten Island,3835,838,2511,663,2307,637,105,75,44,42,0,14,61,60,0,14,99,72,30,28,0,14,69,64,1324,296,953,306,168,224,656,166,10,18,0,14,119,101,0,14,371,178,0,14,148,95,14,25,0,14,76,95,133,145
1400000US36085018704,"Census Tract 187.04, Richmond County, New York",Staten Island,4659,1020,3490,1012,3410,937,64,83,5,12,0,14,59,82,0,14,16,30,0,14,16,30,0,14,1169,334,1122,326,340,169,682,265,0,14,0,14,100,127,0,14,47,58,0,14,46,58,0,14,0,14,1,2,0,14
1400000US36085018901,"Census Tract 189.01, Richmond County, New York",Staten Island,5814,713,4255,648,3781,567,399,384,125,110,0,19,272,375,2,6,75,81,58,72,0,19,17,42,1559,375,783,314,274,146,382,235,15,26,0,19,112,104,0,19,776,277,74,81,193,157,49,74,0,19,460,212,0,19
1400000US36085018902,"Census Tract 189.02, Richmond County, New York",Staten Island,5643,1237,4385,1191,4174,1130,54,42,31,31,23,28,0,19,0,19,157,128,50,82,0,19,107,93,1258,313,1043,283,212,127,736,227,0,19,0,19,95,108,0,19,215,165,0,19,189,160,0,19,0,19,26,34,0,19
1400000US36085019700,"Census Tract 197, Richmond County, New York",Staten Island,1975,324,1698,209,1621,216,67,42,21,20,0,14,17,20,29,34,10,14,0,14,0,14,10,14,277,166,249,165,27,27,175,160,0,14,0,14,47,33,0,14,28,17,0,14,17,15,8,11,0,14,3,6,0,14
1400000US36085019800,"Census Tract 198, Richmond County, New York",Staten Island,7350,994,6162,1004,5691,945,439,279,139,124,13,20,178,207,109,116,32,45,12,23,0,19,20,37,1188,497,1113,481,365,339,484,342,86,95,0,19,63,73,115,155,75,108,73,108,0,19,0,19,0,19,2,3,0,19
1400000US36085020100,"Census Tract 201, Richmond County, New York",Staten Island,3356,734,2973,724,2802,720,51,31,30,21,0,14,11,14,10,16,120,97,120,97,0,14,0,14,383,201,288,156,0,14,151,102,0,14,0,14,137,121,0,14,95,117,0,14,28,42,0,14,0,14,67,108,0,14
1400000US36085020701,"Census Tract 207.01, Richmond County, New York",Staten Island,3364,1121,2218,838,1823,751,317,346,2,31,25,48,67,82,223,336,78,93,50,80,0,14,28,46,1146,529,517,310,0,14,0,14,290,246,0,14,227,216,0,14,629,463,0,14,114,169,22,37,0,14,493,413,0,14
1400000US36085020702,"Census Tract 207.02, Richmond County, New York",Staten Island,2928,642,1612,486,1525,501,50,55,11,19,0,14,39,51,0,14,37,57,37,57,0,14,0,14,1316,330,949,357,35,59,102,153,0,14,0,14,812,406,0,14,367,195,11,19,90,66,0,14,0,14,266,192,0,14
1400000US36085020803,"Census Tract 208.03, Richmond County, New York",Staten Island,7627,1025,6614,1102,5867,1072,542,318,171,123,144,133,174,259,53,86,205,204,2,7,0,19,203,204,1013,436,656,250,405,233,72,85,179,263,0,19,0,19,0,19,357,275,140,146,76,77,112,192,24,44,1,5,4,8
1400000US36085020804,"Census Tract 208.04, Richmond County, New York",Staten Island,5124,774,4553,788,4179,792,338,141,184,119,13,20,90,72,51,45,36,35,19,30,0,19,17,20,571,179,482,155,290,132,165,90,0,19,0,19,27,44,0,19,89,51,26,35,9,14,0,19,0,19,54,32,0,19
1400000US36085020805,"Census Tract 208.05, Richmond County, New York",Staten Island,6559,1130,5503,1128,5280,1128,133,100,117,95,0,19,0,19,16,27,90,89,75,85,0,19,15,25,1056,403,795,353,413,267,243,123,123,137,0,19,16,26,0,19,261,128,83,82,169,118,9,12,0,19,0,19,0,19
1400000US36085020806,"Census Tract 208.06, Richmond County, New York",Staten Island,2533,344,2009,309,1944,307,29,29,15,19,0,14,0,14,14,22,36,50,2,5,0,14,34,50,524,204,339,151,52,57,211,132,39,49,0,14,28,33,9,16,185,154,99,134,51,60,10,16,0,14,25,37,0,14
1400000US36085021300,"Census Tract 213, Richmond County, New York",Staten Island,5680,1084,4155,700,3812,650,159,106,32,36,0,19,97,85,30,53,184,127,82,61,0,19,102,105,1525,580,825,320,43,52,215,146,58,75,0,19,509,257,0,19,700,348,11,17,73,66,0,19,0,19,616,331,0,19
1400000US36085022300,"Census Tract 223, Richmond County, New York",Staten Island,3263,491,2173,465,1878,410,228,114,70,53,0,14,96,92,62,77,67,50,15,22,0,14,52,47,1090,297,882,279,44,40,144,105,215,112,0,14,479,204,0,14,208,128,0,14,13,17,15,26,0,14,180,127,0,14
1400000US36085022601,"Census Tract 226.01, Richmond County, New York",Staten Island,7483,872,5505,728,5088,780,163,194,53,66,54,87,0,19,56,89,254,231,0,19,0,19,254,231,1978,703,1029,370,635,306,196,145,57,67,0,19,121,94,20,36,949,545,406,305,265,280,0,19,0,19,278,333,0,19
1400000US36085022602,"Census Tract 226.02, Richmond County, New York",Staten Island,1373,471,1313,468,1158,451,155,156,139,155,7,13,9,16,0,14,0,14,0,14,0,14,0,14,60,45,60,45,23,27,25,32,0,14,0,14,12,10,0,14,0,14,0,14,0,14,0,14,0,14,0,14,0,14
1400000US36085022801,"Census Tract 228.01, Richmond County, New York",Staten Island,37,26,26,24,26,24,0,14,0,14,0,14,0,14,0,14,0,14,0,14,0,14,0,14,11,15,11,15,11,15,0,14,0,14,0,14,0,14,0,14,0,14,0,14,0,14,0,14,0,14,0,14,0,14
1400000US36085022802,"Census Tract 228.02, Richmond County, New York",Staten Island,0,14,0,14,0,14,0,14,0,14,0,14,0,14,0,14,0,14,0,14,0,14,0,14,0,14,0,14,0,14,0,14,0,14,0,14,0,14,0,14,0,14,0,14,0,14,0,14,0,14,0,14,0,14
1400000US36085023100,"Census Tract 231, Richmond County, New York",Staten Island,4759,841,3198,672,2647,609,389,233,119,134,0,14,244,188,26,40,162,116,130,91,0,14,32,40,1561,436,1013,267,87,88,441,228,75,67,0,14,410,170,0,14,548,312,0,14,112,108,0,14,0,14,436,301,0,14
1400000US36085023900,"Census Tract 239, Richmond County, New York",Staten Island,3108,552,2220,421,1981,412,101,113,0,14,0,14,95,113,6,9,138,80,107,67,0,14,31,37,888,324,615,252,103,96,265,218,0,14,0,14,247,100,0,14,273,159,0,14,133,137,11,21,0,14,129,80,0,14
1400000US36085024401,"Census Tract 244.01, Richmond County, New York",Staten Island,6270,1046,5620,887,5275,856,308,134,204,101,11,24,30,38,63,95,37,43,14,21,0,19,23,38,650,406,279,153,145,129,99,97,0,19,0,19,35,58,0,19,371,385,243,357,128,183,0,19,0,19,0,19,0,19
1400000US36085024402,"Census Tract 244.02, Richmond County, New York",Staten Island,5013,826,4085,671,3894,676,169,104,49,43,35,38,74,60,11,18,22,36,0,19,0,19,22,36,928,374,684,290,509,304,59,56,116,104,0,19,0,19,0,19,244,185,120,130,90,106,34,50,0,19,0,19,0,19
1400000US36085024700,"Census Tract 247, Richmond County, New York",Staten Island,2835,520,2036,499,1776,506,194,103,63,49,30,20,78,74,23,30,66,37,56,34,0,14,10,15,799,256,504,130,11,11,252,104,114,75,0,14,127,68,0,14,295,199,26,34,0,14,76,74,0,14,193,172,0,14
1400000US36085024800,"Census Tract 248, Richmond County, New York",Staten Island,4769,704,4063,588,3923,598,103,79,65,51,38,60,0,14,0,14,37,59,2,5,0,14,35,58,706,282,399,204,179,129,18,28,34,51,0,14,168,146,0,14,307,180,10,16,0,14,12,20,0,14,285,180,0,14
1400000US36085025100,"Census Tract 251, Richmond County, New York",Staten Island,6459,787,5287,710,4953,726,294,138,180,115,61,57,34,36,19,30,40,53,25,43,0,19,15,31,1172,481,892,420,89,113,674,403,1,6,0,19,128,80,0,19,280,261,0,19,70,84,0,19,0,19,150,227,60,98
1400000US36085027301,"Census Tract 273.01, Richmond County, New York",Staten Island,4494,570,3439,447,3225,453,149,103,21,16,0,14,58,58,70,76,65,63,46,60,0,14,19,23,1055,318,834,297,103,64,546,212,0,14,0,14,185,175,0,14,221,138,0,14,138,117,33,43,0,14,50,69,0,14
1400000US36085027302,"Census Tract 273.02, Richmond County, New York",Staten Island,4872,885,3803,841,3569,823,199,123,75,98,51,41,73,52,0,14,35,38,0,14,0,14,35,38,1069,306,897,260,295,213,471,148,57,57,0,14,47,48,27,33,172,115,0,14,110,80,55,86,0,14,0,14,7,12
1400000US36085027702,"Census Tract 277.02, Richmond County, New York",Staten Island,6161,783,3414,493,3155,529,214,158,105,130,0,19,109,102,0,19,45,47,18,28,0,19,27,38,2747,642,2275,553,499,315,1014,351,417,247,0,19,345,291,0,19,472,190,91,120,163,126,18,29,0,19,174,149,26,40
1400000US36085027704,"Census Tract 277.04, Richmond County, New York",Staten Island,5174,816,3265,643,3146,632,47,38,16,19,0,19,24,30,7,13,72,53,19,31,0,19,53,43,1909,489,981,247,186,88,528,220,211,151,0,19,46,66,10,15,928,387,92,121,589,228,69,109,0,19,178,264,0,19
1400000US36085027705,"Census Tract 277.05, Richmond County, New York",Staten Island,6119,785,3792,567,3528,493,206,181,77,70,23,37,106,158,0,19,58,54,45,50,0,19,13,17,2327,540,1450,393,403,176,635,193,359,325,0,19,53,72,0,19,877,316,73,58,532,239,93,96,0,19,179,156,0,19
1400000US36085027706,"Census Tract 277.06, Richmond County, New York",Staten Island,3107,689,1770,406,1668,389,71,80,11,22,11,24,16,34,33,45,31,40,19,22,0,14,12,19,1337,409,935,415,201,112,693,404,41,35,0,14,0,14,0,14,402,121,37,46,222,109,73,69,0,14,70,62,0,14
1400000US36085027900,"Census Tract 279, Richmond County, New York",Staten Island,2148,393,1853,425,1738,362,109,76,55,35,53,69,1,2,0,14,6,13,6,13,0,14,0,14,295,110,278,109,109,52,106,61,11,14,0,14,52,45,0,14,17,15,16,16,1,2,0,14,0,14,0,14,0,14
1400000US36085029102,"Census Tract 291.02, Richmond County, New York",Staten Island,3355,933,2752,827,2276,838,199,101,76,68,102,78,21,34,0,14,277,162,156,158,0,14,121,96,603,277,360,188,146,111,92,67,13,22,0,14,109,125,0,14,243,145,58,73,40,45,55,86,0,14,90,80,0,14
1400000US36085029104,"Census Tract 291.04, Richmond County, New York",Staten Island,6879,1195,4826,1162,4547,1157,116,66,61,51,0,19,35,32,20,34,163,115,73,73,0,19,90,91,2053,655,1476,527,350,257,498,193,387,443,0,19,241,260,0,19,577,353,12,20,304,304,9,14,0,19,252,215,0,19
1400000US36085029105,"Census Tract 291.05, Richmond County, New York",Staten Island,4467,670,3476,601,3269,592,155,94,22,34,27,43,69,85,37,44,52,43,0,14,0,14,52,43,991,318,866,297,156,107,572,254,97,113,0,14,41,69,0,14,125,82,24,39,69,55,14,24,0,14,18,30,0,14
1400000US36085029106,"Census Tract 291.06, Richmond County, New York",Staten Island,2845,492,2312,456,2081,431,220,159,118,90,37,56,65,73,0,14,11,16,0,14,0,14,11,16,533,213,444,172,140,127,183,109,110,118,0,14,11,21,0,14,89,68,0,14,17,21,59,62,0,14,13,23,0,14
1400000US36085030301,"Census Tract 303.01, Richmond County, New York",Staten Island,5384,818,3617,564,3329,572,70,47,35,38,0,19,35,33,0,19,218,138,104,94,0,19,114,106,1767,560,1177,325,145,99,726,249,131,83,0,19,175,140,0,19,590,329,95,125,281,236,59,32,0,19,155,205,0,19
1400000US36085030302,"Census Tract 303.02, Richmond County, New York",Staten Island,6123,545,3969,551,3484,480,155,119,40,50,0,19,11,19,104,106,330,190,233,191,0,19,97,85,2154,377,1687,306,426,194,459,106,401,188,0,19,401,215,0,19,467,218,113,53,81,53,48,46,0,19,225,210,0,19
1400000US36085031901,"Census Tract 319.01, Richmond County, New York",Staten Island,3948,695,3221,698,2866,691,95,83,53,61,0,14,42,46,0,14,260,197,222,183,0,14,38,55,727,292,678,296,0,14,283,240,141,143,0,14,254,169,0,14,49,47,0,14,24,39,0,14,0,14,25,29,0,14
1400000US36085031902,"Census Tract 319.02, Richmond County, New York",Staten Island,4657,721,3406,622,2793,594,366,246,68,65,0,14,298,229,0,14,247,170,212,171,0,14,35,51,1251,485,636,244,147,147,41,72,172,133,0,14,276,166,0,14,615,385,121,142,1,2,118,83,0,14,375,359,0,14
1400000US36085032300,"Census Tract 323, Richmond County, New York",Staten Island,1030,301,795,277,721,280,0,14,0,14,0,14,0,14,0,14,74,60,68,61,0,14,6,7,235,99,183,78,0,14,43,34,43,40,0,14,97,45,0,14,52,46,0,14,7,8,6,9,0,14,39,44,0,14
1400000US36085990100,"Census Tract 9901, Richmond County, New York",Staten Island,0,14,0,14,0,14,0,14,0,14,0,14,0,14,0,14,0,14,0,14,0,14,0,14,0,14,0,14,0,14,0,14,0,14,0,14,0,14,0,14,0,14,0,14,0,14,0,14,0,14,0,14,0,14
