geoid,tract_name,borough,B08301_E001,B08301_M001,B08301_E002,B08301_M002,B08301_E003,B08301_M003,B08301_E004,B08301_M004,B08301_E005,B08301_M005,B08301_E006,B08301_M006,B08301_E007,B08301_M007,B08301_E008,B08301_M008,B08301_E009,B08301_M009,B08301_E010,B08301_M010,B08301_E011,B08301_M011,B08301_E012,B08301_M012,B08301_E013,B08301_M013,B08301_E014,B08301_M014,B08301_E015,B08301_M015,B08301_E016,B08301_M016,B08301_E017,B08301_M017,B08301_E018,B08301_M018,B08301_E019,B08301_M019,B08301_E020,B08301_M020,B08301_E021,B08301_M021
1400000US36005000100,"Census Tract 1, Bronx County, New York",Bronx,0,14,0,14,0,14,0,14,0,14,0,14,0,14,0,14,0,14,0,14,0,14,0,14,0,14,0,14,0,14,0,14,0,14,0,14,0,14,0,14,0,14
1400000US36005000200,"Census Tract 2, Bronx County, New York",Bronx,2433,462,1158,379,1084,382,74,64,74,64,0,19,0,19,0,19,0,19,820,273,391,188,147,114,0,19,0,19,282,242,23,34,0,19,0,19,219,192,163,173,50,59
1400000US36005000400,"Census Tract 4, Bronx County, New York",Bronx,3044,598,1851,573,1517,554,334,181,126,94,134,183,74,118,0,19,0,19,665,303,289,172,307,217,0,19,0,19,69,72,0,19,0,19,138,149,285,351,6,17,99,92
1400000US36005001600,"Census Tract 16, Bronx County, New York",Bronx,2465,436,1326,349,1287,354,39,53,39,53,0,19,0,19,0,19,0,19,659,289,387,175,257,161,0,19,0,19,15,24,0,19,0,19,12,21,246,132,14,27,208,138
1400000US36005001901,"Census Tract 19.01, Bronx County, New York",Bronx,1234,244,198,128,165,116,33,49,33,49,0,14,0,14,0,14,0,14,582,182,67,55,515,181,0,14,0,14,0,14,16,24,0,14,21,25,71,57,18,26,328,131
1400000US36005001902,"Census Tract 19.02, Bronx County, New York",Bronx,958,247,243,100,243,100,0,14,0,14,0,14,0,14,0,14,0,14,427,175,82,50,330,171,15,28,0,14,0,14,0,14,0,14,0,14,264,94,0,14,24,29
1400000US36005001903,"Census Tract 19.03, Bronx County, New York",Bronx,0,14,0,14,0,14,0,14,0,14,0,14,0,14,0,14,0,14,0,14,0,14,0,14,0,14,0,14,0,14,0,14,0,14,0,14,0,14,0,14,0,14
1400000US36005001904,"Census Tract 19.04, Bronx County, New York",Bronx,0,14,0,14,0,14,0,14,0,14,0,14,0,14,0,14,0,14,0,14,0,14,0,14,0,14,0,14,0,14,0,14,0,14,0,14,0,14,0,14,0,14
1400000US36005002001,"Census Tract 20.01, Bronx County, New York",Bronx,1041,292,119,101,77,88,42,65,42,65,0,14,0,14,0,14,0,14,684,318,403,263,281,135,0,14,0,14,0,14,0,14,0,14,0,14,148,94,22,40,68,66
1400000US36005002002,"Census Tract 20.02, Bronx County, New York",Bronx,1241,563,529,301,529,301,0,14,0,14,0,14,0,14,0,14,0,14,676,344,240,219,436,297,0,14,0,14,0,14,0,14,0,14,0,14,13,24,0,14,23,39
1400000US36005002300,"Census Tract 23, Bronx County, New York",Bronx,978,268,124,169,45,50,79,122,0,14,79,122,0,14,0,14,0,14,659,211,276,114,383,211,0,14,0,14,0,14,0,14,0,14,0,14,151,107,26,48,18,35
1400000US36005002400,"Census Tract 24, Bronx County, New York",Bronx,29,55,0,14,0,14,0,14,0,14,0,14,0,14,0,14,0,14,29,55,0,14,29,55,0,14,0,14,0,14,0,14,0,14,0,14,0,14,0,14,0,14
1400000US36005002500,"Census Tract 25, Bronx County, New York",Bronx,1816,382,128,74,128,74,0,19,0,19,0,19,0,19,0,19,0,19,1358,375,101,81,1217,357,40,61,0,19,0,19,0,19,0,19,87,74,232,162,0,19,11,16
1400000US36005002701,"Census Tract 27.01, Bronx County, New York",Bronx,731,218,30,42,30,42,0,14,0,14,0,14,0,14,0,14,0,14,606,199,142,103,464,202,0,14,0,14,0,14,0,14,0,14,0,14,79,73,0,14,16,25
1400000US36005002702,"Census Tract 27.02, Bronx County, New York",Bronx,1443,317,238,113,218,106,20,33,20,33,0,14,0,14,0,14,0,14,956,264,207,116,749,249,0,14,0,14,0,14,0,14,0,14,0,14,100,70,83,111,66,62
1400000US36005002800,"Census Tract 28, Bronx County, New York",Bronx,2630,446,1232,386,1087,364,145,138,93,106,52,88,0,19,0,19,0,19,935,317,76,92,859,307,0,19,0,19,0,19,59,73,0,19,0,19,26,48,0,19,378,266
1400000US36005003100,"Census Tract 31, Bronx County, New York",Bronx,1252,290,204,115,196,114,8,17,0,14,8,17,0,14,0,14,0,14,804,287,42,32,739,278,23,34,0,14,0,14,21,33,0,14,0,14,84,71,42,47,97,98
1400000US36005003300,"Census Tract 33, Bronx County, New York",Bronx,1103,334,162,126,138,120,24,40,24,40,0,14,0,14,0,14,0,14,739,266,98,79,641,242,0,14,0,14,0,14,0,14,0,14,0,14,80,76,0,14,122,113
1400000US36005003500,"Census Tract 35, Bronx County, New York",Bronx,992,217,315,144,240,133,75,53,16,24,0,14,59,46,0,14,0,14,491,173,62,54,429,171,0,14,0,14,0,14,0,14,0,14,0,14,101,69,0,14,85,56
1400000US36005003700,"Census Tract 37, Bronx County, New York",Bronx,119,76,10,14,10,14,0,14,0,14,0,14,0,14,0,14,0,14,62,59,0,14,62,59,0,14,0,14,0,14,25,35,0,14,0,14,0,14,22,34,0,14
1400000US36005003800,"Census Tract 38, Bronx County, New York",Bronx,407,178,170,124,170,124,0,14,0,14,0,14,0,14,0,14,0,14,179,84,19,34,110,58,20,31,0,14,30,38,27,33,0,14,0,14,0,14,0,14,31,30
1400000US36005003900,"Census Tract 39, Bronx County, New York",Bronx,1931,572,335,380,322,381,13,25,13,25,0,19,0,19,0,19,0,19,1270,404,105,164,1165,380,0,19,0,19,0,19,70,99,0,19,0,19,108,180,39,50,109,99
1400000US36005004001,"Census Tract 40.01, Bronx County, New York",Bronx,495,115,116,52,104,47,12,18,12,18,0,14,0,14,0,14,0,14,254,105,9,16,245,109,0,14,0,14,0,14,0,14,0,14,0,14,38,35,0,14,87,29
1400000US36005004100,"Census Tract 41, Bronx County, New York",Bronx,1462,585,0,19,0,19,0,19,0,19,0,19,0,19,0,19,0,19,967,421,135,119,832,391,0,19,0,19,0,19,127,158,0,19,28,44,105,101,0,19,235,357
1400000US36005004200,"Census Tract 42, Bronx County, New York",Bronx,2827,599,1266,390,1103,368,163,126,110,116,0,19,22,38,31,53,0,19,1246,344,677,261,569,253,0,19,0,19,0,19,0,19,0,19,0,19,94,80,0,19,221,168
1400000US36005004300,"Census Tract 43, Bronx County, New York",Bronx,1495,382,144,134,144,134,0,19,0,19,0,19,0,19,0,19,0,19,838,342,358,249,480,200,0,19,0,19,0,19,0,19,0,19,14,23,311,201,0,19,188,132
1400000US36005004400,"Census Tract 44, Bronx County, New York",Bronx,1146,363,229,142,176,123,53,62,37,56,0,14,16,26,0,14,0,14,727,224,324,162,403,191,0,14,0,14,0,14,19,32,0,14,0,14,57,52,22,36,92,88
1400000US36005004600,"Census Tract 46, Bronx County, New York",Bronx,452,126,105,53,105,53,0,14,0,14,0,14,0,14,0,14,0,14,243,103,67,49,176,84,0,14,0,14,0,14,0,14,0,14,0,14,34,30,23,36,47,40
1400000US36005004800,"Census Tract 48, Bronx County, New York",Bronx,1640,342,249,135,227,127,22,33,22,33,0,14,0,14,0,14,0,14,1256,338,332,175,924,326,0,14,0,14,0,14,16,27,0,14,0,14,98,62,0,14,21,25
1400000US36005005001,"Census Tract 50.01, Bronx County, New York",Bronx,1493,344,426,146,310,120,116,78,74,64,15,29,0,14,27,44,0,14,815,194,210,104,581,172,24,30,0,14,0,14,0,14,0,14,0,14,134,92,0,14,118,73
1400000US36005005002,"Census Tract 50.02, Bronx County, New York",Bronx,2085,558,498,229,373,199,125,99,110,101,0,19,0,19,15,27,0,19,1233,509,118,90,1040,492,75,78,0,19,0,19,91,106,0,19,48,65,114,87,31,52,70,64
1400000US36005005100,"Census Tract 51, Bronx County, New York",Bronx,1823,425,190,152,190,152,0,19,0,19,0,19,0,19,0,19,0,19,1171,365,249,174,770,313,117,134,35,60,0,19,0,19,0,19,0,19,251,205,46,58,165,160
1400000US36005005200,"Census Tract 52, Bronx County, New York",Bronx,586,160,218,119,136,65,82,88,82,88,0,14,0,14,0,14,0,14,294,102,85,65,209,101,0,14,0,14,0,14,5,9,0,14,5,11,64,41,0,14,0,14
1400000US36005005300,"Census Tract 53, Bronx County, New York",Bronx,1212,493,203,156,203,156,0,14,0,14,0,14,0,14,0,14,0,14,771,514,124,170,647,479,0,14,0,14,0,14,0,14,0,14,0,14,93,97,0,14,145,111
1400000US36005005400,"Census Tract 54, Bronx County, New York",Bronx,2208,418,395,201,253,165,142,94,60,65,0,19,82,92,0,19,0,19,1740,415,213,142,1387,381,140,109,0,19,0,19,0,19,0,19,0,19,0,19,7,16,66,69
1400000US36005005600,"Census Tract 56, Bronx County, New York",Bronx,1013,386,277,162,270,161,7,8,0,14,0,14,7,8,0,14,0,14,544,271,137,76,407,240,0,14,0,14,0,14,0,14,0,14,8,17,106,104,0,14,78,62
1400000US36005005902,"Census Tract 59.02, Bronx County, New York",Bronx,1329,287,115,77,97,66,18,33,18,33,0,14,0,14,0,14,0,14,872,254,138,103,703,241,31,46,0,14,0,14,0,14,0,14,31,24,173,95,0,14,138,93
1400000US36005006000,"Census Tract 60, Bronx County, New York",Bronx,406,131,83,56,42,31,41,48,41,48,0,14,0,14,0,14,0,14,217,78,81,58,125,73,11,16,0,14,0,14,0,14,0,14,32,51,22,27,0,14,52,50
1400000US36005006100,"Census Tract 61, Bronx County, New York",Bronx,1405,419,422,190,355,170,67,99,0,14,0,14,67,99,0,14,0,14,636,351,277,297,346,161,13,24,0,14,0,14,0,14,0,14,0,14,153,72,31,34,163,120
1400000US36005006200,"Census Tract 62, Bronx County, New York",Bronx,2005,599,566,315,507,304,59,90,49,80,0,19,0,19,10,51,0,19,1176,428,288,168,888,357,0,19,0,19,0,19,0,19,0,19,44,65,35,41,18,31,166,206
1400000US36005006301,"Census Tract 63.01, Bronx County, New York",Bronx,3419,962,643,398,557,388,86,99,39,60,25,41,0,19,0,19,22,45,1850,786,308,393,1542,622,0,19,0,19,0,19,80,122,0,19,0,19,261,214,293,273,292,207
1400000US36005006302,"Census Tract 63.02, Bronx County, New York",Bronx,0,14,0,14,0,14,0,14,0,14,0,14,0,14,0,14,0,14,0,14,0,14,0,14,0,14,0,14,0,14,0,14,0,14,0,14,0,14,0,14,0,14
1400000US36005006400,"Census Tract 64, Bronx County, New York",Bronx,1483,336,426,217,391,207,35,39,22,36,3,7,10,16,0,14,0,14,848,311,63,50,785,312,0,14,0,14,0,14,39,42,0,14,0,14,28,43,9,14,133,107
1400000US36005006500,"Census Tract 65, Bronx County, New York",Bronx,1478,380,123,108,123,108,0,19,0,19,0,19,0,19,0,19,0,19,927,303,113,81,814,284,0,19,0,19,0,19,19,36,0,19,0,19,152,123,0,19,257,186
1400000US36005006700,"Census Tract 67, Bronx County, New York",Bronx,2350,771,176,147,176,147,0,19,0,19,0,19,0,19,0,19,0,19,1511,751,592,418,869,559,50,75,0,19,0,19,0,19,0,19,114,94,424,320,0,19,125,191
1400000US36005006800,"Census Tract 68, Bronx County, New York",Bronx,718,261,52,36,52,36,0,14,0,14,0,14,0,14,0,14,0,14,533,242,164,111,317,156,52,70,0,14,0,14,1,7,0,14,4,23,47,36,0,14,81,61
1400000US36005006900,"Census Tract 69, Bronx County, New York",Bronx,2019,594,195,181,195,181,0,19,0,19,0,19,0,19,0,19,0,19,1427,468,754,422,673,251,0,19,0,19,0,19,0,19,0,19,30,51,192,144,0,19,175,146
1400000US36005007000,"Census Tract 70, Bronx County, New York",Bronx,1440,294,444,193,406,184,38,47,0,14,18,28,20,38,0,14,0,14,817,235,212,114,605,194,0,14,0,14,0,14,0,14,0,14,26,33,117,93,13,19,23,37
1400000US36005007100,"Census Tract 71, Bronx County, New York",Bronx,1053,314,98,81,52,51,46,63,46,63,0,14,0,14,0,14,0,14,555,231,131,100,424,187,0,14,0,14,0,14,67,75,0,14,0,14,36,39,48,71,249,166
1400000US36005007200,"Census Tract 72, Bronx County, New York",Bronx,2096,391,510,178,412,147,98,78,33,29,47,54,18,29,0,14,0,14,1157,313,321,126,784,287,43,52,0,14,9,14,0,14,0,14,0,14,284,157,9,15,136,102
1400000US36005007300,"Census Tract 73, Bronx County, New York",Bronx,1492,420,180,118,180,118,0,14,0,14,0,14,0,14,0,14,0,14,1110,352,165,107,945,291,0,14,0,14,0,14,0,14,0,14,0,14,99,79,0,14,103,75
1400000US36005007400,"Census Tract 74, Bronx County, New York",Bronx,1507,304,541,181,491,169,50,52,36,47,14,21,0,14,0,14,0,14,848,224,88,71,731,234,0,14,0,14,29,40,23,40,0,14,0,14,0,14,63,90,32,34
1400000US36005007500,"Census Tract 75, Bronx County, New York",Bronx,2050,500,620,209,524,217,96,92,65,83,0,19,0,19,31,38,0,19,810,385,387,257,412,229,11,18,0,19,0,19,0,19,0,19,0,19,211,176,200,201,209,118
1400000US36005007600,"Census Tract 76, Bronx County, New York",Bronx,2097,411,371,225,294,201,77,88,77,88,0,19,0,19,0,19,0,19,1424,294,336,131,1075,248,13,22,0,19,0,19,0,19,0,19,0,19,109,70,0,19,193,89
1400000US36005007700,"Census Tract 77, Bronx County, New York",Bronx,817,327,75,60,75,60,0,14,0,14,0,14,0,14,0,14,0,14,468,127,127,100,341,112,0,14,0,14,0,14,0,14,0,14,0,14,37,44,13,23,224,234
1400000US36005007800,"Census Tract 78, Bronx County, New York",Bronx,2086,416,844,244,788,209,56,80,56,80,0,19,0,19,0,19,0,19,1018,299,201,133,817,288,0,19,0,19,0,19,0,19,0,19,0,19,93,102,21,34,110,94
1400000US36005007900,"Census Tract 79, Bronx County, New York",Bronx,2364,651,128,162,128,162,0,19,0,19,0,19,0,19,0,19,0,19,758,433,178,171,580,430,0,19,0,19,0,19,0,19,0,19,62,101,554,223,454,406,408,270
1400000US36005008300,"Census Tract 83, Bronx County, New York",Bronx,2344,534,430,279,280,254,150,134,150,134,0,19,0,19,0,19,0,19,1331,362,637,292,694,237,0,19,0,19,0,19,29,46,0,19,0,19,287,171,7,12,260,187
1400000US36005008400,"Census Tract 84, Bronx County, New York",Bronx,1295,464,482,150,348,119,134,87,134,87,0,14,0,14,0,14,0,14,771,412,259,209,434,321,0,14,0,14,78,104,0,14,0,14,8,11,0,14,0,14,34,33
1400000US36005008500,"Census Tract 85, Bronx County, New York",Bronx,2009,448,233,128,223,127,10,21,0,19,10,21,0,19,0,19,0,19,1183,346,434,243,727,266,22,35,0,19,0,19,58,56,65,91,5,13,200,181,0,19,265,156
1400000US36005008600,"Census Tract 86, Bronx County, New York",Bronx,915,358,151,103,79,69,72,79,41,62,31,52,0,14,0,14,0,14,412,194,240,157,145,112,16,25,0,14,11,15,73,84,0,14,15,21,173,258,0,14,91,99
1400000US36005008700,"Census Tract 87, Bronx County, New York",Bronx,2222,518,279,159,182,143,97,95,84,93,13,20,0,19,0,19,0,19,1517,368,387,234,1130,294,0,19,0,19,0,19,71,71,0,19,34,58,77,85,0,19,244,195
1400000US36005008900,"Census Tract 89, Bronx County, New York",Bronx,877,253,100,106,41,64,59,71,44,69,0,14,0,14,0,14,15,24,469,210,105,103,349,147,0,14,0,14,15,25,59,63,0,14,0,14,79,69,64,65,106,86
1400000US36005009000,"Census Tract 90, Bronx County, New York",Bronx,1296,294,530,305,431,249,99,107,77,106,22,32,0,14,0,14,0,14,644,224,278,137,330,147,36,46,0,14,0,14,9,13,0,14,0,14,61,97,0,14,52,68
1400000US36005009200,"Census Tract 92, Bronx County, New York",Bronx,2391,363,654,195,496,177,158,79,94,59,0,19,0,19,0,19,64,59,1048,265,396,158,652,265,0,19,0,19,0,19,0,19,0,19,12,28,249,143,0,19,428,275
1400000US36005009301,"Census Tract 93.01, Bronx County, New York",Bronx,2358,573,712,297,637,246,75,95,55,87,0,19,0,19,20,33,0,19,1289,513,336,197,681,230,272,424,0,19,0,19,0,19,0,19,0,19,229,155,43,69,85,103
1400000US36005009302,"Census Tract 93.02, Bronx County, New York",Bronx,0,14,0,14,0,14,0,14,0,14,0,14,0,14,0,14,0,14,0,14,0,14,0,14,0,14,0,14,0,14,0,14,0,14,0,14,0,14,0,14,0,14
1400000US36005009600,"Census Tract 96, Bronx County, New York",Bronx,728,152,274,114,226,102,48,50,48,50,0,14,0,14,0,14,0,14,281,95,83,58,167,84,0,14,0,14,31,36,7,11,24,35,9,16,90,47,0,14,43,35
1400000US36005009800,"Census Tract 98, Bronx County, New York",Bronx,1659,325,1017,226,864,192,153,114,105,113,48,65,0,14,0,14,0,14,451,262,180,168,236,149,0,14,0,14,35,57,0,14,0,14,0,14,74,86,0,14,117,117
1400000US36005011000,"Census Tract 110, Bronx County, New York",Bronx,0,14,0,14,0,14,0,14,0,14,0,14,0,14,0,14,0,14,0,14,0,14,0,14,0,14,0,14,0,14,0,14,0,14,0,14,0,14,0,14,0,14
1400000US36005011502,"Census Tract 115.02, Bronx County, New York",Bronx,1440,431,321,194,181,117,140,114,86,101,54,58,0,14,0,14,0,14,884,334,397,225,481,230,6,9,0,14,0,14,0,14,0,14,0,14,66,70,0,14,169,142
1400000US36005011701,"Census Tract 117.01, Bronx County, New York",Bronx,443,130,80,53,31,28,49,42,37,35,0,14,0,14,0,14,12,24,276,69,90,53,186,92,0,14,0,14,0,14,0,14,0,14,7,11,29,51,0,14,51,52
1400000US36005011702,"Census Tract 117.02, Bronx County, New York",Bronx,0,14,0,14,0,14,0,14,0,14,0,14,0,14,0,14,0,14,0,14,0,14,0,14,0,14,0,14,0,14,0,14,0,14,0,14,0,14,0,14,0,14
1400000US36005011800,"Census Tract 118, Bronx County, New York",Bronx,1842,365,962,245,888,238,74,61,74,61,0,19,0,19,0,19,0,19,290,115,110,87,180,79,0,19,0,19,0,19,0,19,0,19,0,19,209,74,7,12,374,215
1400000US36005011900,"Census Tract 119, Bronx County, New York",Bronx,2142,524,548,214,483,208,65,61,31,49,24,30,0,19,10,16,0,19,1209,360,386,167,810,339,13,20,0,19,0,19,0,19,0,19,76,88,145,86,0,19,164,90
1400000US36005012101,"Census Tract 121.01, Bronx County, New York",Bronx,1052,278,313,150,232,121,81,66,81,66,0,14,0,14,0,14,0,14,613,220,40,34,560,219,13,21,0,14,0,14,0,14,0,14,3,7,0,14,0,14,123,78
1400000US36005012102,"Census Tract 121.02, Bronx County, New York",Bronx,399,143,66,45,66,45,0,14,0,14,0,14,0,14,0,14,0,14,268,109,36,61,230,90,2,12,0,14,0,14,0,14,0,14,0,14,21,23,0,14,44,36
1400000US36005012300,"Census Tract 123, Bronx County, New York",Bronx,1811,510,476,245,449,245,27,33,13,24,0,14,14,24,0,14,0,14,989,249,300,231,668,230,21,35,0,14,0,14,18,30,0,14,0,14,56,79,0,14,272,195
1400000US36005012500,"Census Tract 125, Bronx County, New York",Bronx,1781,319,335,147,284,136,51,64,51,64,0,14,0,14,0,14,0,14,902,288,417,250,485,211,0,14,0,14,0,14,16,24,0,14,0,14,323,172,0,14,205,175
1400000US36005012701,"Census Tract 127.01, Bronx County, New York",Bronx,709,245,156,104,126,103,30,30,30,30,0,14,0,14,0,14,0,14,425,199,114,112,284,185,27,42,0,14,0,14,0,14,0,14,0,14,79,55,14,21,35,35
1400000US36005012901,"Census Tract 129.01, Bronx County, New York",Bronx,1181,476,196,182,160,178,36,42,0,14,13,23,0,14,23,37,0,14,541,224,145,113,383,171,13,22,0,14,0,14,31,43,0,14,103,146,234,264,0,14,76,76
1400000US36005013000,"Census Tract 130, Bronx County, New York",Bronx,666,244,504,232,490,231,14,15,14,15,0,14,0,14,0,14,0,14,99,55,63,43,25,24,0,14,0,14,11,20,0,14,0,14,0,14,10,19,0,14,53,41
1400000US36005013100,"Census Tract 131, Bronx County, New York",Bronx,1515,355,530,284,530,284,0,19,0,19,0,19,0,19,0,19,0,19,849,297,230,118,499,239,120,128,0,19,0,19,0,19,0,19,29,44,9,18,0,19,98,89
1400000US36005013200,"Census Tract 132, Bronx County, New York",Bronx,3393,807,2236,777,2066,720,170,160,170,160,0,19,0,19,0,19,0,19,805,385,613,344,192,142,0,19,0,19,0,19,0,19,0,19,0,19,40,66,0,19,312,206
1400000US36005013300,"Census Tract 133, Bronx County, New York",Bronx,1765,392,401,229,304,238,97,111,0,19,0,19,0,19,32,48,65,90,1061,423,501,299,560,365,0,19,0,19,0,19,0,19,0,19,0,19,303,307,0,19,0,19
1400000US36005013500,"Census Tract 135, Bronx County, New York",Bronx,1328,559,601,385,443,283,158,143,0,14,0,14,0,14,0,14,158,143,490,283,351,304,139,134,0,14,0,14,0,14,92,109,0,14,0,14,68,85,12,20,65,102
1400000US36005013800,"Census Tract 138, Bronx County, New York",Bronx,1326,314,987,266,822,270,165,76,19,26,146,71,0,14,0,14,0,14,185,98,136,77,19,26,0,14,0,14,30,42,0,14,0,14,38,43,9,15,0,14,107,105
1400000US36005014100,"Census Tract 141, Bronx County, New York",Bronx,3083,503,560,262,460,219,100,110,24,41,0,19,0,19,0,19,76,101,1725,407,468,271,1257,361,0,19,0,19,0,19,56,55,0,19,0,19,331,158,23,37,388,212
1400000US36005014300,"Census Tract 143, Bronx County, New York",Bronx,485,135,190,104,190,104,0,14,0,14,0,14,0,14,0,14,0,14,181,100,81,55,100,74,0,14,0,14,0,14,13,20,0,14,0,14,91,62,0,14,10,19
1400000US36005014400,"Census Tract 144, Bronx County, New York",Bronx,1843,665,753,430,691,431,62,53,15,25,27,44,20,31,0,19,0,19,668,412,353,247,315,270,0,19,0,19,0,19,41,66,0,19,0,19,12,18,39,65,330,178
1400000US36005014500,"Census Tract 145, Bronx County, New York",Bronx,1628,604,493,320,433,324,60,61,60,61,0,19,0,19,0,19,0,19,796,451,444,412,352,202,0,19,0,19,0,19,33,57,0,19,0,19,210,192,29,49,67,91
1400000US36005014701,"Census Tract 147.01, Bronx County, New York",Bronx,1805,694,180,276,163,257,17,45,17,45,0,19,0,19,0,19,0,19,1203,541,834,495,369,258,0,19,0,19,0,19,0,19,0,19,0,19,385,456,37,61,0,19
1400000US36005014702,"Census Tract 147.02, Bronx County, New York",Bronx,1509,656,324,322,324,322,0,14,0,14,0,14,0,14,0,14,0,14,1077,389,667,307,410,185,0,14,0,14,0,14,0,14,0,14,0,14,0,14,108,88,0,14
1400000US36005014900,"Census Tract 149, Bronx County, New York",Bronx,1779,393,680,246,557,286,123,112,123,112,0,14,0,14,0,14,0,14,634,296,292,175,303,178,39,62,0,14,0,14,39,63,0,14,155,127,176,147,53,82,42,65
1400000US36005015100,"Census Tract 151, Bronx County, New York",Bronx,1681,563,520,211,520,211,0,19,0,19,0,19,0,19,0,19,0,19,730,375,258,177,472,317,0,19,0,19,0,19,68,78,0,19,0,19,49,40,0,19,314,302
1400000US36005015200,"Census Tract 152, Bronx County, New York",Bronx,1107,249,694,184,655,179,39,36,39,36,0,14,0,14,0,14,0,14,171,104,66,42,105,99,0,14,0,14,0,14,0,14,0,14,16,26,77,45,62,65,87,61
1400000US36005015300,"Census Tract 153, Bronx County, New York",Bronx,1022,335,368,252,297,174,71,107,71,107,0,14,0,14,0,14,0,14,561,238,152,135,349,157,60,91,0,14,0,14,20,34,0,14,0,14,0,14,29,43,44,52
1400000US36005015500,"Census Tract 155, Bronx County, New York",Bronx,1027,358,124,71,98,78,26,13,26,13,0,14,0,14,0,14,0,14,710,339,212,156,457,232,41,69,0,14,0,14,26,46,0,14,43,64,45,26,0,14,79,60
1400000US36005015700,"Census Tract 157, Bronx County, New York",Bronx,2724,597,573,281,529,271,44,54,44,54,0,19,0,19,0,19,0,19,2060,606,408,353,1618,553,34,43,0,19,0,19,24,38,0,19,0,19,35,40,0,19,32,52
1400000US36005015800,"Census Tract 158, Bronx County, New York",Bronx,667,179,386,162,282,126,104,52,104,52,0,14,0,14,0,14,0,14,199,83,107,45,92,60,0,14,0,14,0,14,0,14,0,14,0,14,23,32,2,4,57,46
1400000US36005015900,"Census Tract 159, Bronx County, New York",Bronx,1067,404,491,257,449,252,42,47,42,47,0,14,0,14,0,14,0,14,220,106,46,59,174,103,0,14,0,14,0,14,25,39,0,14,38,57,234,250,0,14,59,65
1400000US36005016000,"Census Tract 160, Bronx County, New York",Bronx,1701,366,959,338,660,204,299,253,151,142,38,46,110,111,0,14,0,14,414,148,206,116,208,88,0,14,0,14,0,14,10,17,0,14,12,15,41,31,59,66,206,130
1400000US36005016100,"Census Tract 161, Bronx County, New York",Bronx,1439,419,222,227,118,130,104,144,104,144,0,14,0,14,0,14,0,14,833,337,417,311,416,184,0,14,0,14,0,14,0,14,0,14,18,31,185,186,0,14,181,122
1400000US36005016200,"Census Tract 162, Bronx County, New York",Bronx,795,137,460,108,312,78,148,73,119,71,29,26,0,14,0,14,0,14,281,79,131,74,128,59,0,14,0,14,22,15,0,14,0,14,10,15,37,47,0,14,7,10
1400000US36005016300,"Census Tract 163, Bronx County, New York",Bronx,0,14,0,14,0,14,0,14,0,14,0,14,0,14,0,14,0,14,0,14,0,14,0,14,0,14,0,14,0,14,0,14,0,14,0,14,0,14,0,14,0,14
1400000US36005016400,"Census Tract 164, Bronx County, New York",Bronx,459,133,243,76,225,65,18,26,18,26,0,14,0,14,0,14,0,14,153,96,53,38,66,57,0,14,0,14,34,36,15,18,0,14,0,14,48,38,0,14,0,14
1400000US36005016500,"Census Tract 165, Bronx County, New York",Bronx,595,150,284,97,271,100,13,18,13,18,0,14,0,14,0,14,0,14,210,120,76,56,120,92,14,22,0,14,0,14,43,47,0,14,0,14,31,32,0,14,27,40
1400000US36005016600,"Census Tract 166, Bronx County, New York",Bronx,997,192,463,120,373,118,90,65,42,37,48,49,0,14,0,14,0,14,354,129,199,93,155,83,0,14,0,14,0,14,7,11,0,14,0,14,58,81,13,22,102,72
1400000US36005016700,"Census Tract 167, Bronx County, New York",Bronx,989,270,222,133,222,133,0,14,0,14,0,14,0,14,0,14,0,14,534,162,263,138,271,122,0,14,0,14,0,14,0,14,0,14,0,14,223,254,6,9,4,8
1400000US36005016900,"Census Tract 169, Bronx County, New York",Bronx,732,223,30,27,30,27,0,14,0,14,0,14,0,14,0,14,0,14,377,157,200,89,177,152,0,14,0,14,0,14,58,29,0,14,0,14,101,53,0,14,166,144
1400000US36005017100,"Census Tract 171, Bronx County, New York",Bronx,0,14,0,14,0,14,0,14,0,14,0,14,0,14,0,14,0,14,0,14,0,14,0,14,0,14,0,14,0,14,0,14,0,14,0,14,0,14,0,14,0,14
1400000US36005017300,"Census Tract 173, Bronx County, New York",Bronx,1820,618,319,221,272,215,47,73,0,19,0,19,47,73,0,19,0,19,1423,479,377,316,1046,358,0,19,0,19,0,19,49,69,0,19,0,19,12,103,0,19,17,46
1400000US36005017500,"Census Tract 175, Bronx County, New York",Bronx,1831,564,237,226,172,201,65,94,0,19,0,19,0,19,0,19,65,94,1342,432,704,414,584,276,54,85,0,19,0,19,66,90,0,19,0,19,149,148,37,70,0,19
1400000US36005017701,"Census Tract 177.01, Bronx County, New York",Bronx,2457,640,373,187,289,197,84,90,45,72,39,64,0,19,0,19,0,19,1774,554,711,453,1063,287,0,19,0,19,0,19,0,19,0,19,8,17,14,45,137,153,151,138
1400000US36005017702,"Census Tract 177.02, Bronx County, New York",Bronx,1730,484,474,248,455,246,19,30,19,30,0,19,0,19,0,19,0,19,1015,416,475,198,540,332,0,19,0,19,0,19,0,19,0,19,0,19,193,132,0,19,48,54
1400000US36005017901,"Census Tract 179.01, Bronx County, New York",Bronx,1998,429,421,182,251,106,170,119,170,119,0,14,0,14,0,14,0,14,1405,355,414,244,991,290,0,14,0,14,0,14,0,14,0,14,0,14,102,97,41,46,29,37
1400000US36005017902,"Census Tract 179.02, Bronx County, New York",Bronx,1187,290,66,76,66,76,0,14,0,14,0,14,0,14,0,14,0,14,805,280,140,122,665,293,0,14,0,14,0,14,20,31,0,14,0,14,119,79,100,88,77,94
1400000US36005018101,"Census Tract 181.01, Bronx County, New York",Bronx,1289,376,460,287,460,287,0,14,0,14,0,14,0,14,0,14,0,14,740,272,321,189,419,206,0,14,0,14,0,14,39,44,0,14,0,14,0,14,14,22,36,45
1400000US36005018102,"Census Tract 181.02, Bronx County, New York",Bronx,2276,441,525,290,391,272,134,108,134,108,0,19,0,19,0,19,0,19,1341,372,332,194,1009,303,0,19,0,19,0,19,0,19,0,19,0,19,300,180,72,71,38,45
1400000US36005018301,"Census Tract 183.01, Bronx County, New York",Bronx,1642,262,284,134,212,127,72,55,60,52,12,18,0,14,0,14,0,14,881,231,167,109,714,194,0,14,0,14,0,14,19,29,0,14,37,41,253,163,0,14,168,86
1400000US36005018302,"Census Tract 183.02, Bronx County, New York",Bronx,1572,420,200,192,200,192,0,14,0,14,0,14,0,14,0,14,0,14,932,210,306,143,626,220,0,14,0,14,0,14,230,343,0,14,10,17,83,64,39,50,78,78
1400000US36005018400,"Census Tract 184, Bronx County, New York",Bronx,1844,415,964,253,929,233,35,52,18,27,17,25,0,14,0,14,0,14,628,180,111,63,499,170,0,14,0,14,18,30,0,14,10,24,0,14,27,49,30,45,185,121
1400000US36005018501,"Census Tract 185.01, Bronx County, New York",Bronx,1474,530,365,136,365,136,0,14,0,14,0,14,0,14,0,14,0,14,866,460,443,216,423,314,0,14,0,14,0,14,155,186,0,14,26,43,0,14,0,14,62,75
1400000US36005018502,"Census Tract 185.02, Bronx County, New York",Bronx,1643,526,570,284,570,284,0,19,0,19,0,19,0,19,0,19,0,19,693,459,405,330,288,232,0,19,0,19,0,19,18,35,0,19,16,24,119,117,0,19,227,101
1400000US36005018900,"Census Tract 189, Bronx County, New York",Bronx,3670,540,662,303,503,257,159,144,120,135,39,63,0,19,0,19,0,19,2174,435,450,232,1713,376,0,19,0,19,11,18,249,175,0,19,73,120,133,161,0,19,379,273
1400000US36005019300,"Census Tract 193, Bronx County, New York",Bronx,2653,902,434,243,185,126,249,205,137,192,0,19,0,19,0,19,112,154,1977,895,528,331,1449,846,0,19,0,19,0,19,40,63,0,19,0,19,75,117,0,19,127,198
1400000US36005019400,"Census Tract 194, Bronx County, New York",Bronx,1054,259,408,145,309,115,99,80,91,79,8,14,0,14,0,14,0,14,466,183,91,71,355,171,0,14,20,23,0,14,0,14,0,14,0,14,64,48,0,14,116,75
1400000US36005019500,"Census Tract 195, Bronx County, New York",Bronx,2498,666,639,383,577,391,62,83,56,80,0,19,0,19,0,19,6,20,1420,472,89,95,1331,460,0,19,0,19,0,19,49,60,0,19,54,87,150,188,0,19,186,125
1400000US36005019700,"Census Tract 197, Bronx County, New York",Bronx,2631,701,267,234,198,175,69,112,69,112,0,19,0,19,0,19,0,19,1770,544,193,146,1538,501,39,63,0,19,0,19,134,112,0,19,0,19,294,216,71,116,95,88
1400000US36005019900,"Census Tract 199, Bronx County, New York",Bronx,3114,649,745,337,460,232,285,198,101,92,0,19,35,55,149,167,0,19,1961,559,718,373,1174,551,69,77,0,19,0,19,45,53,0,19,0,19,75,89,0,19,288,217
1400000US36005020000,"Census Tract 200, Bronx County, New York",Bronx,1657,320,340,125,316,120,24,47,24,47,0,14,0,14,0,14,0,14,871,243,120,92,700,230,27,39,24,39,0,14,18,22,0,14,20,29,293,152,42,38,73,70
1400000US36005020100,"Census Tract 201, Bronx County, New York",Bronx,969,178,221,132,139,106,82,83,53,72,0,14,29,47,0,14,0,14,731,173,315,168,351,184,65,83,0,14,0,14,4,9,0,14,0,14,13,23,0,14,0,14
1400000US36005020200,"Census Tract 202, Bronx County, New York",Bronx,1137,195,235,85,223,84,12,20,12,20,0,14,0,14,0,14,0,14,647,172,126,73,503,159,18,26,0,14,0,14,31,34,7,11,0,14,114,87,0,14,103,80
1400000US36005020400,"Census Tract 204, Bronx County, New York",Bronx,1074,262,320,162,284,129,36,54,36,54,0,14,0,14,0,14,0,14,630,234,196,130,404,193,30,36,0,14,0,14,0,14,0,14,0,14,113,80,0,14,11,16
1400000US36005020501,"Census Tract 205.01, Bronx County, New York",Bronx,2409,679,731,614,616,588,115,98,21,35,0,19,0,19,0,19,94,89,1347,449,725,354,488,258,60,85,74,119,0,19,30,46,0,19,0,19,116,136,0,19,185,129
1400000US36005020502,"Census Tract 205.02, Bronx County, New York",Bronx,882,187,125,62,117,58,8,13,0,14,8,13,0,14,0,14,0,14,610,163,154,104,376,151,80,47,0,14,0,14,20,22,0,14,0,14,48,61,13,22,66,62
1400000US36005020601,"Census Tract 206.01, Bronx County, New York",Bronx,1317,350,337,136,297,132,40,48,25,38,15,26,0,14,0,14,0,14,856,299,250,171,590,212,16,27,0,14,0,14,12,16,28,46,0,14,62,56,0,14,22,32
1400000US36005020900,"Census Tract 209, Bronx County, New York",Bronx,1895,339,312,156,251,140,61,74,45,70,0,14,0,14,16,25,0,14,1096,309,183,106,897,269,16,26,0,14,0,14,57,68,0,14,0,14,341,189,18,29,71,71
1400000US36005021001,"Census Tract 210.01, Bronx County, New York",Bronx,2821,374,471,200,376,163,95,86,95,86,0,19,0,19,0,19,0,19,1779,320,727,254,1032,333,0,19,0,19,20,32,167,130,0,19,0,19,180,124,33,55,191,135
1400000US36005021002,"Census Tract 210.02, Bronx County, New York",Bronx,3297,734,947,481,929,481,18,32,0,19,18,32,0,19,0,19,0,19,1464,469,357,165,1033,426,0,19,0,19,74,93,86,97,0,19,0,19,295,133,11,19,494,199
1400000US36005021100,"Census Tract 211, Bronx County, New York",Bronx,2132,535,427,228,380,224,47,66,47,66,0,19,0,19,0,19,0,19,1124,277,451,171,673,230,0,19,0,19,0,19,0,19,0,19,4,15,139,118,32,51,406,324
1400000US36005021200,"Census Tract 212, Bronx County, New York",Bronx,2152,463,463,201,300,146,163,141,68,81,60,98,0,19,35,46,0,19,1280,386,254,234,1026,262,0,19,0,19,0,19,6,9,0,19,0,19,229,136,56,56,118,94
1400000US36005021301,"Census Tract 213.01, Bronx County, New York",Bronx,365,101,80,54,80,54,0,14,0,14,0,14,0,14,0,14,0,14,211,76,134,78,77,54,0,14,0,14,0,14,0,14,0,14,15,22,0,14,0,14,59,66
1400000US36005021302,"Census Tract 213.02, Bronx County, New York",Bronx,2178,389,455,139,284,137,171,86,171,86,0,19,0,19,0,19,0,19,1183,353,253,156,890,285,40,59,0,19,0,19,69,94,0,19,0,19,66,73,241,174,164,139
1400000US36005021501,"Census Tract 215.01, Bronx County, New York",Bronx,1872,559,294,188,215,168,79,90,28,43,51,83,0,14,0,14,0,14,1240,542,476,222,720,378,21,32,23,38,0,14,107,79,0,14,45,67,0,14,44,70,142,109
1400000US36005021502,"Census Tract 215.02, Bronx County, New York",Bronx,1771,498,274,161,145,100,129,139,47,75,0,19,82,116,0,19,0,19,1184,414,400,232,666,254,118,159,0,19,0,19,0,19,0,19,0,19,180,248,56,71,77,75
1400000US36005021601,"Census Tract 216.01, Bronx County, New York",Bronx,1843,414,350,154,350,154,0,14,0,14,0,14,0,14,0,14,0,14,1368,423,497,171,826,380,45,58,0,14,0,14,24,36,0,14,18,28,38,38,0,14,45,44
1400000US36005021602,"Census Tract 216.02, Bronx County, New York",Bronx,2539,616,459,182,459,182,0,19,0,19,0,19,0,19,0,19,0,19,1731,454,549,338,1127,343,55,62,0,19,0,19,0,19,0,19,0,19,72,68,0,19,277,289
1400000US36005021700,"Census Tract 217, Bronx County, New York",Bronx,1988,388,223,133,223,133,0,19,0,19,0,19,0,19,0,19,0,19,1259,298,267,146,968,276,24,34,0,19,0,19,44,34,0,19,27,35,243,192,0,19,192,153
1400000US36005021800,"Census Tract 218, Bronx County, New York",Bronx,2824,429,516,194,451,167,65,77,65,77,0,19,0,19,0,19,0,19,1626,337,305,170,1241,364,80,64,0,19,0,19,14,21,0,19,143,121,110,112,68,81,347,311
1400000US36005021900,"Census Tract 219, Bronx County, New York",Bronx,673,117,20,23,5,7,15,22,15,22,0,14,0,14,0,14,0,14,480,108,0,14,441,96,39,41,0,14,0,14,0,14,0,14,0,14,138,74,27,10,8,11
1400000US36005022000,"Census Tract 220, Bronx County, New York",Bronx,427,141,123,88,71,61,52,61,52,61,0,14,0,14,0,14,0,14,282,96,30,38,252,86,0,14,0,14,0,14,0,14,0,14,0,14,0,14,0,14,22,27
1400000US36005022101,"Census Tract 221.01, Bronx County, New York",Bronx,1291,257,120,66,120,66,0,14,0,14,0,14,0,14,0,14,0,14,757,192,73,64,682,189,2,3,0,14,0,14,55,59,0,14,0,14,281,181,0,14,78,61
1400000US36005022102,"Census Tract 221.02, Bronx County, New York",Bronx,1882,424,323,121,263,126,60,71,17,17,0,19,0,19,0,19,43,69,1196,374,420,219,776,286,0,19,0,19,0,19,129,94,0,19,0,19,142,102,39,61,53,58
1400000US36005022200,"Census Tract 222, Bronx County, New York",Bronx,1359,279,418,171,374,176,44,37,35,35,0,14,0,14,9,14,0,14,703,232,121,92,582,211,0,14,0,14,0,14,0,14,0,14,0,14,113,84,32,35,93,55
1400000US36005022300,"Census Tract 223, Bronx County, New York",Bronx,2272,490,178,124,125,91,53,65,0,14,23,37,0,14,0,14,30,50,1555,441,445,186,1094,426,16,26,0,14,0,14,97,147,0,14,0,14,416,289,26,33,0,14
1400000US36005022401,"Census Tract 224.01, Bronx County, New York",Bronx,888,172,240,114,185,100,55,57,47,56,8,13,0,14,0,14,0,14,438,134,96,66,337,118,5,7,0,14,0,14,0,14,0,14,0,14,51,53,54,57,105,69
1400000US36005022403,"Census Tract 224.03, Bronx County, New York",Bronx,1391,300,350,162,318,159,32,28,15,17,17,21,0,14,0,14,0,14,583,154,200,115,383,125,0,14,0,14,0,14,40,45,0,14,20,33,35,41,6,12,357,179
1400000US36005022404,"Census Tract 224.04, Bronx County, New York",Bronx,2049,375,554,206,463,198,91,61,39,34,52,55,0,14,0,14,0,14,1132,350,307,182,793,230,32,48,0,14,0,14,0,14,0,14,83,100,48,33,0,14,232,140
1400000US36005022500,"Census Tract 225, Bronx County, New York",Bronx,2713,448,456,221,370,203,86,115,0,19,0,19,0,19,0,19,86,115,2006,387,596,224,1388,347,22,45,0,19,0,19,0,19,0,19,0,19,103,98,0,19,148,123
1400000US36005022701,"Census Tract 227.01, Bronx County, New York",Bronx,2099,601,376,337,319,292,57,107,46,97,0,14,0,14,0,14,11,36,1411,466,233,162,1178,465,0,14,0,14,0,14,44,68,0,14,0,14,234,280,0,14,34,41
1400000US36005022702,"Census Tract 227.02, Bronx County, New York",Bronx,462,130,90,82,41,54,49,66,49,66,0,14,0,14,0,14,0,14,314,123,80,64,206,83,28,41,0,14,0,14,15,22,0,14,0,14,43,50,0,14,0,14
1400000US36005022703,"Census Tract 227.03, Bronx County, New York",Bronx,635,171,65,36,42,34,23,33,23,33,0,14,0,14,0,14,0,14,323,146,15,16,308,148,0,14,0,14,0,14,15,21,0,14,0,14,155,76,0,14,77,84
1400000US36005022800,"Census Tract 228, Bronx County, New York",Bronx,3060,497,855,350,794,349,61,65,61,65,0,19,0,19,0,19,0,19,1768,425,483,243,1285,340,0,19,0,19,0,19,0,19,0,19,8,18,173,155,0,19,256,170
1400000US36005022901,"Census Tract 229.01, Bronx County, New York",Bronx,2310,479,277,202,277,202,0,19,0,19,0,19,0,19,0,19,0,19,1820,494,617,305,1151,396,52,75,0,19,0,19,0,19,0,19,0,19,49,42,35,40,129,163
1400000US36005022902,"Census Tract 229.02, Bronx County, New York",Bronx,1832,572,378,222,378,222,0,14,0,14,0,14,0,14,0,14,0,14,1221,589,330,151,891,607,0,14,0,14,0,14,17,28,0,14,0,14,165,142,0,14,51,63
1400000US36005023000,"Census Tract 230, Bronx County, New York",Bronx,1157,286,317,170,267,154,50,54,50,54,0,14,0,14,0,14,0,14,627,216,140,114,487,173,0,14,0,14,0,14,67,61,0,14,42,63,70,62,13,22,21,25
1400000US36005023100,"Census Tract 231, Bronx County, New York",Bronx,523,183,130,64,130,64,0,14,0,14,0,14,0,14,0,14,0,14,317,146,84,78,233,101,0,14,0,14,0,14,0,14,0,14,0,14,76,58,0,14,0,14
1400000US36005023200,"Census Tract 232, Bronx County, New York",Bronx,1015,185,343,114,308,110,35,27,35,27,0,14,0,14,0,14,0,14,486,136,193,68,263,103,30,48,0,14,0,14,16,25,0,14,0,14,91,49,0,14,79,50
1400000US36005023301,"Census Tract 233.01, Bronx County, New York",Bronx,1344,263,253,135,253,135,0,14,0,14,0,14,0,14,0,14,0,14,905,274,386,199,508,217,11,17,0,14,0,14,0,14,0,14,0,14,56,73,0,14,130,89
1400000US36005023302,"Census Tract 233.02, Bronx County, New York",Bronx,1524,277,139,121,99,75,40,57,40,57,0,14,0,14,0,14,0,14,1014,329,393,228,533,181,88,106,0,14,0,14,0,14,0,14,0,14,278,123,0,14,93,113
1400000US36005023501,"Census Tract 235.01, Bronx County, New York",Bronx,1356,349,106,90,106,90,0,14,0,14,0,14,0,14,0,14,0,14,943,313,320,145,623,247,0,14,0,14,0,14,49,92,0,14,0,14,54,51,21,34,183,170
1400000US36005023502,"Census Tract 235.02, Bronx County, New York",Bronx,1870,530,156,92,120,84,36,36,36,36,0,14,0,14,0,14,0,14,1362,498,445,233,913,382,4,6,0,14,0,14,37,55,0,14,0,14,104,121,27,41,184,136
1400000US36005023600,"Census Tract 236, Bronx County, New York",Bronx,806,167,170,92,90,61,80,64,68,62,0,14,12,17,0,14,0,14,417,117,180,91,237,105,0,14,0,14,0,14,15,24,8,12,46,66,86,52,14,22,50,38
1400000US36005023702,"Census Tract 237.02, Bronx County, New York",Bronx,362,148,110,74,81,61,29,39,29,39,0,14,0,14,0,14,0,14,202,111,22,34,147,109,0,14,33,52,0,14,6,9,0,14,0,14,29,36,0,14,15,16
1400000US36005023703,"Census Tract 237.03, Bronx County, New York",Bronx,1272,305,241,163,105,93,136,174,136,174,0,14,0,14,0,14,0,14,786,255,104,61,682,241,0,14,0,14,0,14,45,68,0,14,0,14,129,142,14,30,57,71
1400000US36005023704,"Census Tract 237.04, Bronx County, New York",Bronx,1240,326,235,157,36,57,199,150,113,97,0,14,0,14,0,14,86,86,675,171,174,103,501,165,0,14,0,14,0,14,0,14,0,14,0,14,154,95,0,14,176,173
1400000US36005023800,"Census Tract 238, Bronx County, New York",Bronx,1075,189,513,154,361,119,152,77,110,58,36,44,6,10,0,14,0,14,371,104,196,87,175,64,0,14,0,14,0,14,33,34,0,14,22,19,42,33,7,11,87,58
1400000US36005023900,"Census Tract 239, Bronx County, New York",Bronx,3550,984,401,302,375,285,26,91,26,91,0,19,0,19,0,19,0,19,2704,713,814,560,1890,473,0,19,0,19,0,19,35,63,0,19,0,19,92,105,207,299,111,148
1400000US36005024000,"Census Tract 240, Bronx County, New York",Bronx,1894,410,676,276,676,276,0,14,0,14,0,14,0,14,0,14,0,14,877,254,219,98,658,244,0,14,0,14,0,14,0,14,0,14,82,91,103,120,40,53,116,86
1400000US36005024100,"Census Tract 241, Bronx County, New York",Bronx,1929,526,199,185,197,185,2,5,0,19,0,19,0,19,0,19,2,5,1333,403,317,237,1016,338,0,19,0,19,0,19,215,324,0,19,0,19,5,10,10,39,167,108
1400000US36005024300,"Census Tract 243, Bronx County, New York",Bronx,1485,341,222,149,185,137,37,59,37,59,0,14,0,14,0,14,0,14,1052,262,280,143,772,284,0,14,0,14,0,14,0,14,0,14,39,63,90,89,0,14,82,107
1400000US36005024400,"Census Tract 244, Bronx County, New York",Bronx,1057,224,368,102,345,103,23,33,23,33,0,14,0,14,0,14,0,14,268,113,54,44,214,104,0,14,0,14,0,14,25,38,0,14,0,14,54,40,0,14,342,187
1400000US36005024501,"Census Tract 245.01, Bronx County, New York",Bronx,2166,502,678,209,475,199,203,103,46,57,0,14,0,14,0,14,157,109,1120,480,424,242,696,281,0,14,0,14,0,14,53,64,0,14,0,14,94,81,30,46,191,139
1400000US36005024502,"Census Tract 245.02, Bronx County, New York",Bronx,1936,526,805,470,805,470,0,14,0,14,0,14,0,14,0,14,0,14,885,393,310,157,568,272,7,11,0,14,0,14,0,14,0,14,0,14,161,134,0,14,85,131
1400000US36005024600,"Census Tract 246, Bronx County, New York",Bronx,910,200,449,119,405,119,44,26,44,26,0,14,0,14,0,14,0,14,283,112,75,43,203,104,5,8,0,14,0,14,12,13,0,14,0,14,26,20,18,20,122,67
1400000US36005024700,"Census Tract 247, Bronx County, New York",Bronx,849,187,223,85,205,85,18,14,18,14,0,14,0,14,0,14,0,14,457,139,164,91,268,123,25,23,0,14,0,14,0,14,0,14,35,55,8,12,0,14,126,130
1400000US36005024800,"Census Tract 248, Bronx County, New York",Bronx,1681,392,724,243,409,206,315,290,289,290,0,14,25,39,1,2,0,14,825,282,326,202,496,146,3,5,0,14,0,14,10,17,0,14,0,14,29,26,11,17,82,52
1400000US36005024900,"Census Tract 249, Bronx County, New York",Bronx,0,14,0,14,0,14,0,14,0,14,0,14,0,14,0,14,0,14,0,14,0,14,0,14,0,14,0,14,0,14,0,14,0,14,0,14,0,14,0,14,0,14
1400000US36005025000,"Census Tract 250, Bronx County, New York",Bronx,1134,240,454,177,332,154,122,117,116,115,0,14,6,11,0,14,0,14,350,165,109,73,182,123,59,70,0,14,0,14,69,52,0,14,0,14,186,101,12,18,63,50
1400000US36005025100,"Census Tract 251, Bronx County, New York",Bronx,2711,701,692,451,548,432,144,157,144,157,0,19,0,19,0,19,0,19,1356,462,492,267,753,354,111,182,0,19,0,19,106,112,0,19,0,19,396,242,0,19,161,199
1400000US36005025200,"Census Tract 252, Bronx County, New York",Bronx,1253,249,527,161,427,163,100,92,68,63,32,50,0,14,0,14,0,14,234,95,65,48,158,82,0,14,11,17,0,14,0,14,0,14,0,14,394,202,0,14,98,59
1400000US36005025300,"Census Tract 253, Bronx County, New York",Bronx,2113,512,373,263,271,198,102,112,19,31,0,19,0,19,0,19,83,112,1380,322,234,138,1146,280,0,19,0,19,0,19,51,53,0,19,0,19,113,98,0,19,196,167
1400000US36005025400,"Census Tract 254, Bronx County, New York",Bronx,1120,195,359,106,300,95,59,41,23,23,36,34,0,14,0,14,0,14,448,143,130,94,293,104,0,14,25,48,0,14,7,12,0,14,0,14,220,88,0,14,86,64
1400000US36005025500,"Census Tract 255, Bronx County, New York",Bronx,2600,567,289,219,247,181,42,65,0,19,42,65,0,19,0,19,0,19,2081,574,768,402,1236,386,54,53,23,47,0,19,56,90,0,19,0,19,88,90,0,19,86,96
1400000US36005025600,"Census Tract 256, Bronx County, New York",Bronx,766,188,333,120,312,109,21,25,21,25,0,14,0,14,0,14,0,14,322,105,108,52,201,87,13,14,0,14,0,14,15,23,0,14,0,14,28,28,0,14,68,56
1400000US36005025700,"Census Tract 257, Bronx County, New York",Bronx,565,167,121,85,109,86,12,29,12,29,0,14,0,14,0,14,0,14,297,146,23,35,255,151,19,27,0,14,0,14,36,52,0,14,0,14,0,14,26,37,85,81
1400000US36005026100,"Census Tract 261, Bronx County, New York",Bronx,862,158,199,99,178,95,21,28,21,28,0,14,0,14,0,14,0,14,537,149,210,119,283,112,44,49,0,14,0,14,30,46,0,14,0,14,10,18,0,14,86,67
1400000US36005026300,"Census Tract 263, Bronx County, New York",Bronx,2261,496,244,168,158,107,86,103,0,19,0,19,86,103,0,19,0,19,1531,425,707,341,824,285,0,19,0,19,0,19,0,19,0,19,0,19,259,208,21,33,206,177
1400000US36005026400,"Census Tract 264, Bronx County, New York",Bronx,2604,472,1117,459,1035,450,82,86,82,86,0,19,0,19,0,19,0,19,1175,368,75,70,1088,361,0,19,0,19,12,23,47,71,0,19,0,19,90,79,41,67,134,120
1400000US36005026500,"Census Tract 265, Bronx County, New York",Bronx,3062,638,1096,450,839,408,257,259,60,64,197,255,0,19,0,19,0,19,1696,515,449,366,1134,304,113,109,0,19,0,19,0,19,0,19,0,19,161,127,0,19,109,79
1400000US36005026601,"Census Tract 266.01, Bronx County, New York",Bronx,1444,343,471,167,410,160,61,60,48,56,13,24,0,14,0,14,0,14,661,281,104,90,557,234,0,14,0,14,0,14,0,14,0,14,0,14,129,83,13,15,170,96
1400000US36005026602,"Census Tract 266.02, Bronx County, New York",Bronx,2553,547,778,315,430,175,348,227,69,64,279,211,0,19,0,19,0,19,1325,360,216,119,1068,351,0,19,0,19,41,42,69,82,0,19,0,19,10,26,92,146,279,165
1400000US36005026701,"Census Tract 267.01, Bronx County, New York",Bronx,1377,265,261,123,261,123,0,14,0,14,0,14,0,14,0,14,0,14,933,241,230,113,703,210,0,14,0,14,0,14,0,14,0,14,0,14,130,95,35,57,18,25
1400000US36005026702,"Census Tract 267.02, Bronx County, New York",Bronx,2870,452,579,221,573,222,6,9,0,19,6,9,0,19,0,19,0,19,1710,355,566,196,1089,265,55,83,0,19,0,19,28,39,0,19,0,19,132,121,0,19,421,294
1400000US36005026900,"Census Tract 269, Bronx County, New York",Bronx,1577,248,404,182,384,167,20,31,20,31,0,14,0,14,0,14,0,14,910,246,311,128,599,194,0,14,0,14,0,14,0,14,0,14,41,46,50,53,24,27,148,111
1400000US36005027300,"Census Tract 273, Bronx County, New York",Bronx,3111,788,482,239,462,229,20,32,0,19,20,32,0,19,0,19,0,19,2156,562,691,419,1383,491,82,90,0,19,0,19,22,37,0,19,0,19,125,80,206,332,120,106
1400000US36005027401,"Census Tract 274.01, Bronx County, New York",Bronx,2586,465,1556,455,1380,463,176,93,128,72,48,50,0,14,0,14,0,14,688,261,230,139,458,180,0,14,0,14,0,14,12,18,0,14,0,14,35,59,9,15,286,159
1400000US36005027402,"Census Tract 274.02, Bronx County, New York",Bronx,1710,494,1064,356,967,328,97,76,97,76,0,14,0,14,0,14,0,14,412,231,147,132,265,194,0,14,0,14,0,14,0,14,0,14,0,14,14,21,0,14,220,107
1400000US36005027600,"Census Tract 276, Bronx County, New York",Bronx,95,158,92,158,92,158,0,14,0,14,0,14,0,14,0,14,0,14,3,5,3,5,0,14,0,14,0,14,0,14,0,14,0,14,0,14,0,14,0,14,0,14
1400000US36005027700,"Census Tract 277, Bronx County, New York",Bronx,2019,371,333,174,251,155,82,101,18,30,0,14,0,14,0,14,64,99,1320,338,420,159,857,345,43,69,0,14,0,14,0,14,0,14,50,72,141,82,44,54,131,88
1400000US36005027900,"Census Tract 279, Bronx County, New York",Bronx,3797,693,734,262,363,143,371,213,371,213,0,19,0,19,0,19,0,19,2220,507,667,295,1553,462,0,19,0,19,0,19,0,19,0,19,0,19,468,251,74,72,301,167
1400000US36005028100,"Census Tract 281, Bronx County, New York",Bronx,1353,298,361,144,337,138,24,39,0,14,13,21,11,18,0,14,0,14,757,156,407,139,350,121,0,14,0,14,0,14,0,14,0,14,0,14,85,53,29,41,121,114
1400000US36005028300,"Census Tract 283, Bronx County, New York",Bronx,493,185,81,80,81,80,0,14,0,14,0,14,0,14,0,14,0,14,320,152,97,56,223,121,0,14,0,14,0,14,0,14,0,14,21,32,16,23,0,14,55,45
1400000US36005028400,"Census Tract 284, Bronx County, New York",Bronx,39,60,0,14,0,14,0,14,0,14,0,14,0,14,0,14,0,14,0,14,0,14,0,14,0,14,0,14,0,14,39,60,0,14,0,14,0,14,0,14,0,14
1400000US36005028500,"Census Tract 285, Bronx County, New York",Bronx,1922,493,660,324,613,322,47,54,37,44,10,16,0,14,0,14,0,14,667,160,116,83,551,130,0,14,0,14,0,14,10,18,0,14,25,29,88,53,17,26,455,248
1400000US36005028600,"Census Tract 286, Bronx County, New York",Bronx,604,219,307,148,285,148,22,20,15,17,7,11,0,14,0,14,0,14,202,150,70,83,132,133,0,14,0,14,0,14,0,14,0,14,0,14,83,95,0,14,12,16
1400000US36005028700,"Census Tract 287, Bronx County, New York",Bronx,1541,319,505,242,410,224,95,70,95,70,0,14,0,14,0,14,0,14,708,209,198,107,506,175,4,8,0,14,0,14,0,14,0,14,0,14,171,111,73,78,84,60
1400000US36005028800,"Census Tract 288, Bronx County, New York",Bronx,1334,277,661,245,648,245,13,20,13,20,0,14,0,14,0,14,0,14,364,138,92,60,272,134,0,14,0,14,0,14,11,18,0,14,21,18,113,66,0,14,164,70
1400000US36005028900,"Census Tract 289, Bronx County, New York",Bronx,2260,365,279,115,245,105,34,42,34,42,0,14,0,14,0,14,0,14,1589,374,229,150,1322,358,38,52,0,14,0,14,0,14,0,14,0,14,206,143,0,14,186,102
1400000US36005029301,"Census Tract 293.01, Bronx County, New York",Bronx,872,119,182,65,158,63,24,21,15,17,0,14,9,12,0,14,0,14,284,79,30,22,96,59,158,63,0,14,0,14,7,11,0,14,0,14,24,17,0,14,375,82
1400000US36005029302,"Census Tract 293.02, Bronx County, New York",Bronx,2420,441,809,270,717,241,92,155,89,112,3,53,0,19,0,19,0,19,980,306,149,93,579,299,252,157,0,19,0,19,0,19,0,19,0,19,76,125,7,14,548,229
1400000US36005029500,"Census Tract 295, Bronx County, New York",Bronx,2535,450,535,246,303,161,232,183,160,150,0,14,72,116,0,14,0,14,887,291,234,150,613,212,40,43,0,14,0,14,69,90,0,14,0,14,458,246,32,50,554,232
1400000US36005029600,"Census Tract 296, Bronx County, New York",Bronx,1064,178,169,69,91,55,78,55,64,52,14,22,0,14,0,14,0,14,380,148,186,114,194,89,0,14,0,14,0,14,0,14,0,14,0,14,408,117,55,65,52,53
1400000US36005029700,"Census Tract 297, Bronx County, New York",Bronx,1435,189,477,158,383,135,94,71,74,71,20,30,0,14,0,14,0,14,565,171,156,94,384,124,25,35,0,14,0,14,25,27,0,14,0,14,69,51,0,14,299,149
1400000US36005030000,"Census Tract 300, Bronx County, New York",Bronx,3311,647,1839,435,1319,337,520,237,340,212,52,76,42,61,0,19,86,130,1040,307,146,126,820,295,26,35,0,19,48,76,42,64,41,65,29,46,112,122,111,113,97,75
1400000US36005030100,"Census Tract 301, Bronx County, New York",Bronx,561,138,215,73,162,61,53,46,41,42,0,14,0,14,0,14,12,16,115,43,45,34,27,20,43,28,0,14,0,14,3,11,3,6,0,14,22,23,0,14,203,92
1400000US36005030201,"Census Tract 302.01, Bronx County, New York",Bronx,1914,607,452,192,348,161,104,87,104,87,0,14,0,14,0,14,0,14,1158,594,602,354,556,341,0,14,0,14,0,14,8,14,0,14,0,14,12,18,0,14,284,156
1400000US36005030202,"Census Tract 302.02, Bronx County, New York",Bronx,2838,626,919,390,742,396,177,156,114,118,0,19,0,19,28,43,35,53,1361,426,602,292,682,224,77,114,0,19,0,19,15,26,0,19,0,19,43,57,0,19,500,233
1400000US36005030701,"Census Tract 307.01, Bronx County, New York",Bronx,2383,415,897,260,625,152,272,223,166,155,106,97,0,19,0,19,0,19,776,426,158,109,289,120,329,387,0,19,0,19,26,41,43,63,29,38,41,50,43,55,528,230
1400000US36005030900,"Census Tract 309, Bronx County, New York",Bronx,1127,241,555,172,413,123,142,91,142,91,0,14,0,14,0,14,0,14,269,120,54,38,98,81,117,102,0,14,0,14,0,14,0,14,26,31,90,77,32,35,155,62
1400000US36005031000,"Census Tract 310, Bronx County, New York",Bronx,2084,413,1459,401,1200,373,259,127,176,109,27,31,0,14,38,22,18,10,358,132,80,35,278,129,0,14,0,14,0,14,10,16,0,14,47,73,30,39,86,59,94,72
1400000US36005031200,"Census Tract 312, Bronx County, New York",Bronx,633,168,318,129,301,126,17,16,17,16,0,14,0,14,0,14,0,14,166,78,104,53,62,44,0,14,0,14,0,14,0,14,0,14,0,14,66,37,6,10,77,56
1400000US36005031400,"Census Tract 314, Bronx County, New York",Bronx,897,199,354,118,255,92,99,91,61,53,38,44,0,14,0,14,0,14,344,141,145,90,199,95,0,14,0,14,0,14,0,14,0,14,0,14,93,108,0,14,106,64
1400000US36005031600,"Census Tract 316, Bronx County, New York",Bronx,640,196,298,117,288,113,10,16,8,15,1,6,1,3,0,14,0,14,183,120,32,38,151,111,0,14,0,14,0,14,0,14,0,14,8,13,8,14,10,25,133,78
1400000US36005031800,"Census Tract 318, Bronx County, New York",Bronx,783,220,428,154,426,154,2,3,2,3,0,14,0,14,0,14,0,14,194,84,73,47,121,71,0,14,0,14,0,14,0,14,0,14,0,14,28,32,29,44,104,91
1400000US36005031900,"Census Tract 319, Bronx County, New York",Bronx,136,47,33,38,28,38,5,10,0,14,0,14,5,10,0,14,0,14,9,20,9,20,0,14,0,14,0,14,0,14,2,4,0,14,0,14,62,66,0,14,30,23
1400000US36005032300,"Census Tract 323, Bronx County, New York",Bronx,2042,293,869,215,796,207,73,90,73,90,0,14,0,14,0,14,0,14,604,195,238,123,224,95,142,90,0,14,0,14,28,44,27,41,25,42,40,54,51,56,398,204
1400000US36005032400,"Census Tract 324, Bronx County, New York",Bronx,997,255,272,115,214,99,58,70,20,33,38,62,0,14,0,14,0,14,591,224,172,98,419,184,0,14,0,14,0,14,0,14,0,14,0,14,43,53,0,14,91,78
1400000US36005032600,"Census Tract 326, Bronx County, New York",Bronx,1466,368,669,221,487,150,182,166,122,136,0,14,0,14,0,14,60,102,439,127,106,60,322,117,11,17,0,14,0,14,13,19,0,14,0,14,164,129,0,14,181,138
1400000US36005032800,"Census Tract 328, Bronx County, New York",Bronx,1662,294,403,203,326,162,77,86,65,83,0,14,12,19,0,14,0,14,897,254,420,175,477,209,0,14,0,14,0,14,8,14,0,14,60,68,201,129,0,14,93,54
1400000US36005033000,"Census Tract 330, Bronx County, New York",Bronx,1807,386,856,324,649,271,207,205,187,202,0,19,20,31,0,19,0,19,769,246,219,139,550,196,0,19,0,19,0,19,15,25,0,19,0,19,127,120,0,19,40,48
1400000US36005033201,"Census Tract 332.01, Bronx County, New York",Bronx,1550,399,404,140,320,104,84,100,84,100,0,14,0,14,0,14,0,14,918,353,88,63,765,337,46,52,0,14,19,28,0,14,0,14,18,28,137,108,7,10,66,62
1400000US36005033202,"Census Tract 332.02, Bronx County, New York",Bronx,1283,255,318,126,209,91,109,96,102,96,0,14,7,11,0,14,0,14,681,187,220,112,449,156,0,14,12,19,0,14,12,21,0,14,10,17,135,99,48,53,79,65
1400000US36005033400,"Census Tract 334, Bronx County, New York",Bronx,14,14,0,14,0,14,0,14,0,14,0,14,0,14,0,14,0,14,12,13,0,14,12,13,0,14,0,14,0,14,0,14,0,14,0,14,0,14,0,14,2,3
1400000US36005033500,"Census Tract 335, Bronx County, New York",Bronx,1007,190,373,148,343,147,30,27,30,27,0,14,0,14,0,14,0,14,217,86,0,14,199,85,18,17,0,14,0,14,27,36,0,14,10,15,158,69,43,33,179,68
1400000US36005033601,"Census Tract 336.01, Bronx County, New York",Bronx,1414,423,200,101,116,59,84,65,57,51,0,14,0,14,0,14,27,40,963,424,450,280,365,151,148,191,0,14,0,14,20,30,0,14,27,31,156,123,10,16,38,42
1400000US36005033602,"Census Tract 336.02, Bronx County, New York",Bronx,552,163,219,117,198,116,21,23,0,14,12,18,9,15,0,14,0,14,300,150,81,89,219,129,0,14,0,14,0,14,7,12,0,14,0,14,19,30,0,14,7,11
1400000US36005033700,"Census Tract 337, Bronx County, New York",Bronx,1097,202,475,161,355,150,120,122,120,122,0,14,0,14,0,14,0,14,218,104,103,86,83,49,32,50,0,14,0,14,0,14,0,14,0,14,88,48,0,14,316,156
1400000US36005033801,"Census Tract 338.01, Bronx County, New York",Bronx,809,321,148,66,141,60,7,25,7,25,0,14,0,14,0,14,0,14,620,321,194,98,421,312,5,9,0,14,0,14,0,14,0,14,0,14,0,14,0,14,41,44
1400000US36005033802,"Census Tract 338.02, Bronx County, New York",Bronx,705,193,60,48,46,40,14,23,14,23,0,14,0,14,0,14,0,14,493,171,45,44,448,164,0,14,0,14,0,14,0,14,0,14,0,14,12,19,0,14,140,99
1400000US36005034000,"Census Tract 340, Bronx County, New York",Bronx,2187,462,848,248,674,212,174,119,157,114,17,22,0,19,0,19,0,19,1003,319,237,112,696,261,70,115,0,19,0,19,0,19,0,19,0,19,151,80,0,19,185,104
1400000US36005034200,"Census Tract 342, Bronx County, New York",Bronx,793,264,226,57,162,49,64,41,52,31,12,16,0,14,0,14,0,14,421,263,149,109,272,176,0,14,0,14,0,14,34,27,0,14,0,14,12,17,0,14,100,64
1400000US36005034300,"Census Tract 343, Bronx County, New York",Bronx,597,166,231,114,159,79,72,66,48,63,0,14,24,22,0,14,0,14,186,76,50,60,136,66,0,14,0,14,0,14,0,14,0,14,17,25,0,14,39,63,124,61
1400000US36005034400,"Census Tract 344, Bronx County, New York",Bronx,815,187,434,134,371,136,63,48,57,47,6,9,0,14,0,14,0,14,287,144,97,105,190,98,0,14,0,14,0,14,0,14,0,14,0,14,36,44,0,14,58,42
1400000US36005034500,"Census Tract 345, Bronx County, New York",Bronx,1867,352,1027,366,987,372,40,36,27,31,13,21,0,14,0,14,0,14,428,118,25,34,403,118,0,14,0,14,0,14,0,14,0,14,17,28,50,37,10,10,335,128
1400000US36005034800,"Census Tract 348, Bronx County, New York",Bronx,2362,719,1225,604,1101,556,124,124,106,119,18,29,0,19,0,19,0,19,993,336,640,263,353,179,0,19,0,19,0,19,0,19,0,19,0,19,41,70,0,19,103,108
1400000US36005035000,"Census Tract 350, Bronx County, New York",Bronx,996,244,431,201,409,199,22,34,13,25,0,14,0,14,0,14,9,17,447,158,208,106,239,97,0,14,0,14,0,14,0,14,0,14,0,14,72,47,0,14,46,37
1400000US36005035100,"Census Tract 351, Bronx County, New York",Bronx,1712,364,413,204,395,200,18,25,11,21,0,14,7,15,0,14,0,14,731,208,243,121,488,179,0,14,0,14,0,14,0,14,0,14,0,14,165,72,34,39,369,190
1400000US36005035600,"Census Tract 356, Bronx County, New York",Bronx,949,183,534,157,380,112,154,112,154,112,0,14,0,14,0,14,0,14,264,91,87,47,152,73,25,27,0,14,0,14,19,21,0,14,0,14,85,48,22,26,25,25
1400000US36005035800,"Census Tract 358, Bronx County, New York",Bronx,3081,862,1255,373,1037,331,218,168,196,168,22,35,0,19,0,19,0,19,1306,772,629,471,677,384,0,19,0,19,0,19,0,19,0,19,0,19,252,181,70,84,198,214
1400000US36005035900,"Census Tract 359, Bronx County, New York",Bronx,1308,355,356,163,320,145,36,44,36,44,0,14,0,14,0,14,0,14,780,298,153,119,627,302,0,14,0,14,0,14,15,25,0,14,0,14,0,14,0,14,157,137
1400000US36005036000,"Census Tract 360, Bronx County, New York",Bronx,1123,273,608,173,538,173,70,49,49,45,21,34,0,14,0,14,0,14,367,118,154,74,213,116,0,14,0,14,0,14,0,14,0,14,6,9,16,20,0,14,126,67
1400000US36005036100,"Census Tract 361, Bronx County, New York",Bronx,1513,286,309,183,279,171,30,44,19,35,11,28,0,14,0,14,0,14,915,255,343,146,572,251,0,14,0,14,0,14,0,14,0,14,0,14,78,82,0,14,211,145
1400000US36005036300,"Census Tract 363, Bronx County, New York",Bronx,1917,420,478,199,394,165,84,97,0,19,84,97,0,19,0,19,0,19,1136,339,619,279,450,231,67,75,0,19,0,19,0,19,0,19,0,19,185,144,0,19,118,111
1400000US36005036400,"Census Tract 364, Bronx County, New York",Bronx,940,191,396,145,331,136,65,50,55,48,10,16,0,14,0,14,0,14,440,128,174,117,248,107,8,12,0,14,10,14,33,25,0,14,0,14,42,37,0,14,29,25
1400000US36005036501,"Census Tract 365.01, Bronx County, New York",Bronx,1604,372,560,247,519,243,41,64,41,64,0,14,0,14,0,14,0,14,747,219,458,213,260,110,29,42,0,14,0,14,33,49,0,14,0,14,147,109,12,18,105,87
1400000US36005036502,"Census Tract 365.02, Bronx County, New York",Bronx,832,256,315,146,253,116,62,83,57,81,5,14,0,14,0,14,0,14,370,124,128,82,242,104,0,14,0,14,0,14,0,14,16,23,0,14,0,14,0,14,131,190
1400000US36005036700,"Census Tract 367, Bronx County, New York",Bronx,928,250,86,52,77,49,9,16,9,16,0,14,0,14,0,14,0,14,660,206,238,115,353,148,69,105,0,14,0,14,0,14,0,14,0,14,63,67,34,36,85,74
1400000US36005036800,"Census Tract 368, Bronx County, New York",Bronx,601,132,241,100,214,91,27,22,19,21,8,11,0,14,0,14,0,14,283,99,156,80,127,62,0,14,0,14,0,14,7,12,0,14,0,14,9,16,19,28,42,34
1400000US36005036901,"Census Tract 369.01, Bronx County, New York",Bronx,489,131,113,62,78,51,35,37,35,37,0,14,0,14,0,14,0,14,271,121,84,53,187,112,0,14,0,14,0,14,30,34,0,14,8,13,32,39,0,14,35,25
1400000US36005036902,"Census Tract 369.02, Bronx County, New York",Bronx,747,160,226,141,173,139,53,41,53,41,0,14,0,14,0,14,0,14,375,99,216,77,159,90,0,14,0,14,0,14,0,14,0,14,28,27,10,16,15,23,93,53
1400000US36005037000,"Census Tract 370, Bronx County, New York",Bronx,1048,247,529,211,515,205,14,18,11,13,3,13,0,14,0,14,0,14,440,106,208,76,232,87,0,14,0,14,0,14,21,33,0,14,0,14,5,11,27,22,26,24
1400000US36005037100,"Census Tract 371, Bronx County, New York",Bronx,1401,350,229,131,229,131,0,14,0,14,0,14,0,14,0,14,0,14,911,289,251,124,660,222,0,14,0,14,0,14,8,15,0,14,0,14,46,44,17,28,190,129
1400000US36005037200,"Census Tract 372, Bronx County, New York",Bronx,1025,195,357,105,335,103,22,23,22,23,0,14,0,14,0,14,0,14,574,141,217,72,332,108,25,37,0,14,0,14,0,14,0,14,0,14,12,19,0,14,82,65
1400000US36005037300,"Census Tract 373, Bronx County, New York",Bronx,1916,421,472,293,307,263,165,164,79,92,45,68,41,61,0,19,0,19,1220,392,804,243,416,310,0,19,0,19,0,19,0,19,0,19,0,19,42,67,12,53,170,192
1400000US36005037400,"Census Tract 374, Bronx County, New York",Bronx,1308,267,378,189,365,190,13,22,13,22,0,14,0,14,0,14,0,14,781,211,311,151,459,166,0,14,11,18,0,14,54,64,0,14,0,14,43,51,0,14,52,55
1400000US36005037504,"Census Tract 375.04, Bronx County, New York",Bronx,1493,322,608,290,517,272,91,88,91,88,0,14,0,14,0,14,0,14,625,211,288,139,294,157,43,69,0,14,0,14,14,29,0,14,0,14,86,94,0,14,160,115
1400000US36005037600,"Census Tract 376, Bronx County, New York",Bronx,756,213,283,126,254,116,29,34,13,23,16,30,0,14,0,14,0,14,298,108,138,69,147,84,13,18,0,14,0,14,28,35,0,14,8,12,30,28,0,14,109,89
1400000US36005037800,"Census Tract 378, Bronx County, New York",Bronx,1282,342,520,216,384,168,136,90,136,90,0,14,0,14,0,14,0,14,568,187,106,82,377,159,85,60,0,14,0,14,0,14,0,14,0,14,32,34,54,53,108,80
1400000US36005037900,"Census Tract 379, Bronx County, New York",Bronx,2550,431,408,209,390,202,18,28,18,28,0,19,0,19,0,19,0,19,1358,351,329,172,903,286,0,19,126,193,0,19,179,172,0,19,0,19,314,204,10,11,281,214
1400000US36005038000,"Census Tract 380, Bronx County, New York",Bronx,1958,465,527,222,527,222,0,19,0,19,0,19,0,19,0,19,0,19,1106,333,429,230,677,235,0,19,0,19,0,19,21,35,0,19,65,71,42,50,0,19,197,127
1400000US36005038100,"Census Tract 381, Bronx County, New York",Bronx,2546,467,238,188,238,188,0,19,0,19,0,19,0,19,0,19,0,19,1994,424,393,188,1601,514,0,19,0,19,0,19,68,100,0,19,0,19,136,135,0,19,110,134
1400000US36005038200,"Census Tract 382, Bronx County, New York",Bronx,1268,266,569,226,498,177,71,92,71,92,0,14,0,14,0,14,0,14,419,118,157,81,262,95,0,14,0,14,0,14,34,33,0,14,0,14,72,47,34,28,140,96
1400000US36005038301,"Census Tract 383.01, Bronx County, New York",Bronx,1996,361,408,287,264,167,144,162,103,151,0,14,0,14,0,14,41,65,1211,303,201,115,968,286,42,58,0,14,0,14,20,32,0,14,67,70,192,113,0,14,98,81
1400000US36005038303,"Census Tract 383.03, Bronx County, New York",Bronx,1534,453,255,147,218,147,37,50,37,50,0,14,0,14,0,14,0,14,1089,421,524,255,565,327,0,14,0,14,0,14,0,14,0,14,0,14,190,123,0,14,0,14
1400000US36005038304,"Census Tract 383.04, Bronx County, New York",Bronx,685,187,40,47,16,27,24,38,24,38,0,14,0,14,0,14,0,14,426,156,167,100,259,114,0,14,0,14,0,14,23,37,0,14,0,14,133,68,0,14,63,66
1400000US36005038500,"Census Tract 385, Bronx County, New York",Bronx,979,501,175,139,129,114,46,79,46,79,0,19,0,19,0,19,0,19,482,272,82,89,328,217,72,86,0,19,0,19,13,22,0,19,0,19,162,215,0,19,147,149
1400000US36005038600,"Census Tract 386, Bronx County, New York",Bronx,2764,712,1245,489,1150,470,95,96,77,91,0,19,18,30,0,19,0,19,1171,485,789,375,382,184,0,19,0,19,0,19,135,137,0,19,0,19,113,113,0,19,100,107
1400000US36005038700,"Census Tract 387, Bronx County, New York",Bronx,1822,663,193,108,101,59,92,98,48,55,44,89,0,14,0,14,0,14,1263,598,613,445,403,213,247,173,0,14,0,14,23,34,0,14,94,140,129,107,4,9,116,123
1400000US36005038800,"Census Tract 388, Bronx County, New York",Bronx,1038,295,406,149,369,148,37,32,12,15,25,27,0,14,0,14,0,14,492,191,184,135,308,124,0,14,0,14,0,14,24,38,4,6,0,14,0,14,0,14,112,96
1400000US36005038900,"Census Tract 389, Bronx County, New York",Bronx,2552,456,458,187,343,141,115,127,80,85,35,44,0,19,0,19,0,19,810,263,220,117,582,201,8,15,0,19,0,19,91,148,0,19,41,71,663,294,166,157,323,168
1400000US36005039000,"Census Tract 390, Bronx County, New York",Bronx,1188,417,257,123,234,120,23,33,19,28,4,18,0,14,0,14,0,14,669,375,251,113,402,347,16,27,0,14,0,14,0,14,0,14,0,14,50,54,68,82,144,121
1400000US36005039100,"Census Tract 391, Bronx County, New York",Bronx,3217,947,920,659,663,491,257,339,257,339,0,19,0,19,0,19,0,19,1329,697,965,626,302,274,62,87,0,19,0,19,19,119,0,19,354,218,419,299,0,19,176,174
1400000US36005039200,"Census Tract 392, Bronx County, New York",Bronx,685,242,307,141,307,141,0,14,0,14,0,14,0,14,0,14,0,14,322,137,107,80,169,91,46,47,0,14,0,14,6,9,0,14,0,14,37,30,0,14,13,19
1400000US36005039300,"Census Tract 393, Bronx County, New York",Bronx,2950,826,574,299,481,272,93,93,18,29,25,42,0,19,0,19,50,81,2018,677,816,460,1151,450,51,72,0,19,0,19,0,19,0,19,0,19,190,209,0,19,168,196
1400000US36005039400,"Census Tract 394, Bronx County, New York",Bronx,1722,368,344,130,344,130,0,14,0,14,0,14,0,14,0,14,0,14,1127,346,229,137,898,314,0,14,0,14,0,14,0,14,0,14,0,14,119,95,63,64,69,53
1400000US36005039500,"Census Tract 395, Bronx County, New York",Bronx,1516,339,227,154,227,154,0,14,0,14,0,14,0,14,0,14,0,14,913,287,316,134,567,234,30,34,0,14,0,14,0,14,13,23,0,14,204,143,78,75,81,79
1400000US36005039600,"Census Tract 396, Bronx County, New York",Bronx,1507,440,400,184,201,107,199,148,53,63,146,132,0,14,0,14,0,14,881,362,295,201,550,222,36,60,0,14,0,14,0,14,0,14,0,14,153,130,31,50,42,33
1400000US36005039700,"Census Tract 397, Bronx County, New York",Bronx,1147,226,122,80,107,76,15,22,0,14,0,14,9,18,0,14,6,13,260,116,102,60,137,92,21,30,0,14,0,14,40,59,0,14,1,2,542,155,41,38,141,76
1400000US36005039800,"Census Tract 398, Bronx County, New York",Bronx,1106,284,527,195,397,166,130,93,130,93,0,14,0,14,0,14,0,14,455,215,357,209,70,51,28,42,0,14,0,14,11,18,0,14,0,14,0,14,65,84,48,73
1400000US36005039901,"Census Tract 399.01, Bronx County, New York",Bronx,2027,348,349,262,223,152,126,126,109,123,0,14,0,14,0,14,17,34,1368,264,515,182,853,243,0,14,0,14,0,14,7,13,0,14,38,36,152,103,12,20,101,115
1400000US36005039902,"Census Tract 399.02, Bronx County, New York",Bronx,1880,484,169,105,149,101,20,33,20,33,0,14,0,14,0,14,0,14,1049,375,156,86,857,349,36,46,0,14,0,14,0,14,0,14,0,14,338,192,0,14,324,243
1400000US36005040100,"Census Tract 401, Bronx County, New York",Bronx,1657,276,287,164,233,152,54,50,54,50,0,14,0,14,0,14,0,14,1043,223,194,127,849,190,0,14,0,14,0,14,0,14,0,14,14,22,211,118,0,14,102,83
1400000US36005040302,"Census Tract 403.02, Bronx County, New York",Bronx,1414,309,177,100,177,100,0,14,0,14,0,14,0,14,0,14,0,14,809,215,179,106,630,201,0,14,0,14,0,14,0,14,0,14,24,40,261,206,0,14,143,103
1400000US36005040303,"Census Tract 403.03, Bronx County, New York",Bronx,1686,260,210,81,169,75,41,44,25,30,0,14,0,14,0,14,16,31,1054,221,241,119,813,197,0,14,0,14,0,14,54,64,0,14,22,26,72,47,0,14,274,145
1400000US36005040304,"Census Tract 403.04, Bronx County, New York",Bronx,1347,267,241,121,186,105,55,69,35,41,20,30,0,14,0,14,0,14,656,172,158,94,491,172,7,12,0,14,0,14,10,16,0,14,0,14,78,56,14,21,348,232
1400000US36005040400,"Census Tract 404, Bronx County, New York",Bronx,1339,304,546,266,511,247,35,57,35,57,0,14,0,14,0,14,0,14,624,228,188,120,436,159,0,14,0,14,0,14,0,14,0,14,0,14,38,26,63,93,68,73
1400000US36005040501,"Census Tract 405.01, Bronx County, New York",Bronx,1243,299,137,87,127,87,10,15,10,15,0,14,0,14,0,14,0,14,800,237,168,84,564,191,68,66,0,14,0,14,0,14,0,14,0,14,185,108,22,35,99,70
1400000US36005040502,"Census Tract 405.02, Bronx County, New York",Bronx,2453,571,628,261,567,243,61,78,0,19,0,19,0,19,15,27,46,73,1315,444,190,147,1087,388,38,60,0,19,0,19,42,63,0,19,0,19,205,145,12,20,251,237
1400000US36005040600,"Census Tract 406, Bronx County, New York",Bronx,1690,378,648,194,508,146,140,104,88,88,52,58,0,14,0,14,0,14,673,317,296,278,306,142,71,92,0,14,0,14,72,71,0,14,0,14,79,72,0,14,218,182
1400000US36005040701,"Census Tract 407.01, Bronx County, New York",Bronx,1117,302,108,71,100,68,8,14,8,14,0,14,0,14,0,14,0,14,873,269,201,131,659,227,13,20,0,14,0,14,0,14,0,14,0,14,0,14,0,14,136,102
1400000US36005040702,"Census Tract 407.02, Bronx County, New York",Bronx,2308,383,382,176,190,92,192,151,90,139,70,59,32,40,0,19,0,19,1125,332,470,195,655,244,0,19,0,19,0,19,20,33,0,19,0,19,522,249,0,19,259,150
1400000US36005040800,"Census Tract 408, Bronx County, New York",Bronx,1721,486,395,158,344,147,51,78,0,14,51,78,0,14,0,14,0,14,1092,447,313,275,652,304,127,102,0,14,0,14,0,14,0,14,0,14,18,26,0,14,216,124
1400000US36005040900,"Census Tract 409, Bronx County, New York",Bronx,1480,339,158,66,158,66,0,14,0,14,0,14,0,14,0,14,0,14,1118,338,164,98,903,333,51,60,0,14,0,14,1,10,0,14,0,14,80,82,0,14,123,106
1400000US36005041100,"Census Tract 411, Bronx County, New York",Bronx,1475,385,158,108,158,108,0,14,0,14,0,14,0,14,0,14,0,14,1142,368,377,299,765,196,0,14,0,14,0,14,26,46,0,14,0,14,33,34,0,14,116,68
1400000US36005041300,"Census Tract 413, Bronx County, New York",Bronx,3364,667,689,261,610,251,79,126,79,126,0,19,0,19,0,19,0,19,1753,493,274,183,1306,380,126,152,47,54,0,19,0,19,0,19,0,19,306,175,12,20,604,263
1400000US36005041400,"Census Tract 414, Bronx County, New York",Bronx,2613,586,1192,421,1034,414,158,130,158,130,0,19,0,19,0,19,0,19,1050,404,364,251,686,292,0,19,0,19,0,19,46,53,0,19,0,19,4,27,63,92,258,209
1400000US36005041500,"Census Tract 415, Bronx County, New York",Bronx,2104,481,373,206,350,207,23,37,23,37,0,19,0,19,0,19,0,19,1382,447,185,123,1197,454,0,19,0,19,0,19,33,60,0,19,9,19,54,64,0,19,253,170
1400000US36005041800,"Census Tract 418, Bronx County, New York",Bronx,1767,496,550,330,522,331,28,47,28,47,0,14,0,14,0,14,0,14,833,263,338,176,385,219,110,93,0,14,0,14,50,43,0,14,26,27,99,76,43,37,166,129
1400000US36005041900,"Census Tract 419, Bronx County, New York",Bronx,3123,567,681,320,613,288,68,87,68,87,0,19,0,19,0,19,0,19,1987,552,659,338,1309,544,19,32,0,19,0,19,36,57,0,19,0,19,81,90,18,29,320,239
1400000US36005042000,"Census Tract 420, Bronx County, New York",Bronx,1429,314,394,205,336,186,58,60,58,60,0,14,0,14,0,14,0,14,838,300,368,224,425,211,45,68,0,14,0,14,0,14,0,14,0,14,71,70,0,14,126,105
1400000US36005042100,"Census Tract 421, Bronx County, New York",Bronx,2783,667,227,126,210,120,17,28,0,19,0,19,17,28,0,19,0,19,1751,637,510,259,1181,446,60,90,0,19,0,19,0,19,75,116,0,19,498,214,79,101,153,109
1400000US36005042200,"Census Tract 422, Bronx County, New York",Bronx,1533,296,658,272,564,269,94,84,94,84,0,14,0,14,0,14,0,14,784,196,239,115,545,211,0,14,0,14,0,14,0,14,0,14,16,25,0,14,12,18,63,63
1400000US36005042300,"Census Tract 423, Bronx County, New York",Bronx,1620,251,357,152,327,147,30,36,16,19,10,17,4,11,0,14,0,14,1016,233,244,105,686,186,86,88,0,14,0,14,12,22,0,14,35,45,59,78,5,12,136,79
1400000US36005042400,"Census Tract 424, Bronx County, New York",Bronx,851,195,425,144,373,137,52,45,33,39,0,14,19,24,0,14,0,14,294,121,43,37,232,117,19,30,0,14,0,14,4,6,0,14,10,15,12,19,0,14,106,92
1400000US36005042500,"Census Tract 425, Bronx County, New York",Bronx,2618,673,563,327,495,304,68,70,22,33,0,19,46,55,0,19,0,19,1494,464,466,237,1028,399,0,19,0,19,0,19,53,72,0,19,0,19,268,141,4,11,236,152
1400000US36005042600,"Census Tract 426, Bronx County, New York",Bronx,2949,779,1291,591,731,225,560,553,435,400,125,195,0,19,0,19,0,19,1055,379,509,339,546,253,0,19,0,19,0,19,37,63,0,19,0,19,193,218,0,19,373,419
1400000US36005042800,"Census Tract 428, Bronx County, New York",Bronx,1252,354,927,318,659,171,268,226,268,226,0,14,0,14,0,14,0,14,260,79,141,70,119,52,0,14,0,14,0,14,18,28,0,14,0,14,7,10,4,7,36,26
1400000US36005042901,"Census Tract 429.01, Bronx County, New York",Bronx,1567,364,286,169,286,169,0,14,0,14,0,14,0,14,0,14,0,14,1055,339,386,214,658,221,11,16,0,14,0,14,0,14,0,14,0,14,65,52,0,14,161,95
1400000US36005042902,"Census Tract 429.02, Bronx County, New York",Bronx,1421,222,219,102,213,102,6,12,6,12,0,14,0,14,0,14,0,14,934,203,215,112,705,177,14,22,0,14,0,14,30,36,0,14,0,14,42,54,60,71,136,66
1400000US36005043000,"Census Tract 430, Bronx County, New York",Bronx,1299,421,294,113,294,113,0,14,0,14,0,14,0,14,0,14,0,14,790,381,62,67,728,368,0,14,0,14,0,14,0,14,0,14,0,14,69,113,12,20,134,92
1400000US36005043101,"Census Tract 431.01, Bronx County, New York",Bronx,1906,442,480,331,256,128,224,284,224,284,0,19,0,19,0,19,0,19,1009,253,358,165,651,238,0,19,0,19,0,19,69,79,0,19,11,19,109,94,0,19,228,218
1400000US36005043102,"Census Tract 431.02, Bronx County, New York",Bronx,1768,310,441,218,393,222,48,70,48,70,0,14,0,14,0,14,0,14,672,210,134,101,538,199,0,14,0,14,0,14,0,14,0,14,19,32,491,221,52,55,93,72
1400000US36005043400,"Census Tract 434, Bronx County, New York",Bronx,2087,449,847,309,736,278,111,163,111,163,0,14,0,14,0,14,0,14,1062,381,319,161,688,289,55,67,0,14,0,14,59,78,0,14,0,14,70,65,0,14,49,78
1400000US36005043501,"Census Tract 435.01, Bronx County, New York",Bronx,381,91,131,69,131,69,0,14,0,14,0,14,0,14,0,14,0,14,181,74,73,44,108,60,0,14,0,14,0,14,14,19,0,14,0,14,12,16,12,18,31,24
1400000US36005043502,"Census Tract 435.02, Bronx County, New York",Bronx,0,14,0,14,0,14,0,14,0,14,0,14,0,14,0,14,0,14,0,14,0,14,0,14,0,14,0,14,0,14,0,14,0,14,0,14,0,14,0,14,0,14
1400000US36005043503,"Census Tract 435.03, Bronx County, New York",Bronx,0,14,0,14,0,14,0,14,0,14,0,14,0,14,0,14,0,14,0,14,0,14,0,14,0,14,0,14,0,14,0,14,0,14,0,14,0,14,0,14,0,14
1400000US36005043600,"Census Tract 436, Bronx County, New York",Bronx,977,182,404,148,372,129,32,43,32,43,0,14,0,14,0,14,0,14,349,107,82,70,267,96,0,14,0,14,0,14,7,15,0,14,0,14,25,21,25,31,167,88
1400000US36005044200,"Census Tract 442, Bronx County, New York",Bronx,1232,336,744,216,658,161,86,89,86,89,0,14,0,14,0,14,0,14,315,172,179,125,136,117,0,14,0,14,0,14,95,100,0,14,0,14,0,14,0,14,78,72
1400000US36005044400,"Census Tract 444, Bronx County, New York",Bronx,1727,416,1069,293,923,257,146,146,146,146,0,14,0,14,0,14,0,14,598,282,117,184,481,232,0,14,0,14,0,14,0,14,0,14,0,14,22,36,0,14,38,65
1400000US36005044800,"Census Tract 448, Bronx County, New York",Bronx,1134,243,633,190,578,198,55,58,55,58,0,14,0,14,0,14,0,14,326,160,83,65,243,119,0,14,0,14,0,14,9,24,0,14,0,14,49,45,0,14,117,79
1400000US36005044901,"Census Tract 449.01, Bronx County, New York",Bronx,1119,261,493,175,465,174,28,24,28,24,0,14,0,14,0,14,0,14,281,134,69,72,169,79,31,36,12,18,0,14,71,71,0,14,0,14,22,26,21,22,231,101
1400000US36005044902,"Census Tract 449.02, Bronx County, New York",Bronx,1296,331,615,212,591,209,24,27,15,23,9,13,0,14,0,14,0,14,502,183,112,90,304,143,86,57,0,14,0,14,0,14,0,14,0,14,48,40,0,14,131,55
1400000US36005045101,"Census Tract 451.01, Bronx County, New York",Bronx,827,113,312,83,302,83,10,15,0,14,10,15,0,14,0,14,0,14,338,129,0,14,127,68,211,116,0,14,0,14,0,14,0,14,16,24,69,62,0,14,92,59
1400000US36005045102,"Census Tract 451.02, Bronx County, New York",Bronx,1108,234,680,247,563,225,117,86,60,63,19,30,0,14,0,14,38,54,290,117,21,26,188,86,81,46,0,14,0,14,30,45,0,14,0,14,0,14,0,14,108,49
1400000US36005045600,"Census Tract 456, Bronx County, New York",Bronx,1810,397,1011,348,909,313,102,130,102,130,0,14,0,14,0,14,0,14,731,275,124,96,607,238,0,14,0,14,0,14,0,14,0,14,0,14,0,14,0,14,68,83
1400000US36005045800,"Census Tract 458, Bronx County, New York",Bronx,1640,513,442,239,442,239,0,19,0,19,0,19,0,19,0,19,0,19,625,268,216,173,334,197,75,104,0,19,0,19,0,19,0,19,0,19,302,208,0,19,271,231
1400000US36005046000,"Census Tract 460, Bronx County, New York",Bronx,1223,380,380,215,339,192,41,70,41,70,0,14,0,14,0,14,0,14,529,258,247,166,282,164,0,14,0,14,0,14,28,65,0,14,0,14,10,17,233,245,43,44
1400000US36005046203,"Census Tract 462.03, Bronx County, New York",Bronx,1956,449,374,191,374,191,0,19,0,19,0,19,0,19,0,19,0,19,1197,399,843,308,354,205,0,19,0,19,0,19,0,19,0,19,0,19,128,101,0,19,257,147
1400000US36005046204,"Census Tract 462.04, Bronx County, New York",Bronx,2281,548,659,293,619,279,40,65,40,65,0,19,0,19,0,19,0,19,974,361,529,270,419,221,0,19,26,43,0,19,19,49,0,19,0,19,224,170,0,19,405,251
1400000US36005046205,"Census Tract 462.05, Bronx County, New York",Bronx,1612,319,367,283,367,283,0,14,0,14,0,14,0,14,0,14,0,14,641,234,511,185,130,123,0,14,0,14,0,14,20,36,0,14,0,14,352,217,0,14,232,161
1400000US36005046206,"Census Tract 462.06, Bronx County, New York",Bronx,1873,316,497,185,438,175,59,64,59,64,0,14,0,14,0,14,0,14,900,259,499,227,371,140,0,14,30,36,0,14,0,14,0,14,0,14,181,171,0,14,295,234
1400000US36005046207,"Census Tract 462.07, Bronx County, New York",Bronx,2676,587,1293,420,1293,420,0,19,0,19,0,19,0,19,0,19,0,19,756,363,371,215,385,310,0,19,0,19,0,19,52,90,0,19,0,19,146,159,0,19,429,304
1400000US36005046208,"Census Tract 462.08, Bronx County, New York",Bronx,2226,760,1260,457,1110,437,150,108,150,108,0,19,0,19,0,19,0,19,743,474,235,210,425,297,83,107,0,19,0,19,9,19,0,19,0,19,83,76,95,75,36,53
1400000US36005046209,"Census Tract 462.09, Bronx County, New York",Bronx,1425,519,411,194,319,175,92,95,92,95,0,14,0,14,0,14,0,14,853,459,238,133,615,437,0,14,0,14,0,14,26,31,0,14,0,14,54,65,0,14,81,81
1400000US36005048401,"Census Tract 484.01, Bronx County, New York",Bronx,1773,467,930,351,760,290,170,148,170,148,0,14,0,14,0,14,0,14,669,239,176,123,493,208,0,14,0,14,0,14,0,14,0,14,0,14,55,69,0,14,119,77
1400000US36005048402,"Census Tract 484.02, Bronx County, New York",Bronx,0,14,0,14,0,14,0,14,0,14,0,14,0,14,0,14,0,14,0,14,0,14,0,14,0,14,0,14,0,14,0,14,0,14,0,14,0,14,0,14,0,14
1400000US36005050400,"Census Tract 504, Bronx County, New York",Bronx,0,14,0,14,0,14,0,14,0,14,0,14,0,14,0,14,0,14,0,14,0,14,0,14,0,14,0,14,0,14,0,14,0,14,0,14,0,14,0,14,0,14
1400000US36005051601,"Census Tract 516.01, Bronx County, New York",Bronx,1338,454,823,439,613,275,210,195,210,195,0,14,0,14,0,14,0,14,184,123,30,37,129,108,0,14,0,14,25,42,0,14,0,14,27,45,168,121,0,14,136,119
1400000US36005051602,"Census Tract 516.02, Bronx County, New York",Bronx,0,14,0,14,0,14,0,14,0,14,0,14,0,14,0,14,0,14,0,14,0,14,0,14,0,14,0,14,0,14,0,14,0,14,0,14,0,14,0,14,0,14
1400000US36047000100,"Census Tract 1, Kings County, New York",Brooklyn,2876,573,221,112,221,112,0,14,0,14,0,14,0,14,0,14,0,14,1017,334,0,14,990,330,13,23,0,14,14,23,47,44,0,14,101,84,419,212,34,39,1037,533
1400000US36047000200,"Census Tract 2, Kings County, New York",Brooklyn,622,141,101,60,69,52,32,26,24,23,0,14,0,14,0,14,8,13,319,92,72,62,230,76,0,14,17,26,0,14,0,14,0,14,0,14,106,60,4,8,92,53
1400000US36047000301,"Census Tract 3.01, Kings County, New York",Brooklyn,2452,389,149,84,124,79,25,40,25,40,0,14,0,14,0,14,0,14,1029,255,0,14,1029,255,0,14,0,14,0,14,56,63,0,14,94,65,204,181,0,14,920,234
1400000US36047000501,"Census Tract 5.01, Kings County, New York",Brooklyn,2467,367,193,103,176,101,17,30,17,30,0,14,0,14,0,14,0,14,705,228,13,27,692,223,0,14,0,14,0,14,23,26,0,14,38,43,424,162,20,31,1064,310
1400000US36047000502,"Census Tract 5.02, Kings County, New York",Brooklyn,1524,187,76,68,76,68,0,14,0,14,0,14,0,14,0,14,0,14,695,168,0,14,695,168,0,14,0,14,0,14,12,19,0,14,38,46,103,84,0,14,600,154
1400000US36047000700,"Census Tract 7, Kings County, New York",Brooklyn,2638,429,111,76,81,58,30,48,30,48,0,14,0,14,0,14,0,14,1375,315,1,3,1328,315,0,14,0,14,46,58,58,63,0,14,98,74,254,101,45,50,697,284
1400000US36047000900,"Census Tract 9, Kings County, New York",Brooklyn,3239,535,290,191,260,183,30,42,30,42,0,19,0,19,0,19,0,19,1296,309,0,19,1281,308,15,25,0,19,0,19,0,19,0,19,18,30,350,170,36,62,1249,498
1400000US36047001100,"Census Tract 11, Kings County, New York",Brooklyn,1214,198,74,39,74,39,0,14,0,14,0,14,0,14,0,14,0,14,604,90,9,11,595,90,0,14,0,14,0,14,8,12,0,14,48,48,10,13,106,138,364,112
1400000US36047001300,"Census Tract 13, Kings County, New York",Brooklyn,1595,314,83,50,64,48,19,29,19,29,0,14,0,14,0,14,0,14,537,172,13,20,524,167,0,14,0,14,0,14,30,33,0,14,56,39,254,115,0,14,635,244
1400000US36047001501,"Census Tract 15.01, Kings County, New York",Brooklyn,2596,350,188,135,141,116,47,75,47,75,0,14,0,14,0,14,0,14,1184,352,187,159,966,281,31,49,0,14,0,14,28,46,17,28,170,135,122,99,20,32,867,306
1400000US36047001502,"Census Tract 15.02, Kings County, New York",Brooklyn,3414,381,287,177,287,177,0,19,0,19,0,19,0,19,0,19,0,19,1542,325,29,40,1513,321,0,19,0,19,0,19,38,59,0,19,152,119,202,103,0,19,1193,265
1400000US36047001801,"Census Tract 18.01, Kings County, New York",Brooklyn,0,14,0,14,0,14,0,14,0,14,0,14,0,14,0,14,0,14,0,14,0,14,0,14,0,14,0,14,0,14,0,14,0,14,0,14,0,14,0,14,0,14
1400000US36047001802,"Census Tract 18.02, Kings County, New York",Brooklyn,0,14,0,14,0,14,0,14,0,14,0,14,0,14,0,14,0,14,0,14,0,14,0,14,0,14,0,14,0,14,0,14,0,14,0,14,0,14,0,14,0,14
1400000US36047001803,"Census Tract 18.03, Kings County, New York",Brooklyn,0,14,0,14,0,14,0,14,0,14,0,14,0,14,0,14,0,14,0,14,0,14,0,14,0,14,0,14,0,14,0,14,0,14,0,14,0,14,0,14,0,14
1400000US36047001804,"Census Tract 18.04, Kings County, New York",Brooklyn,0,14,0,14,0,14,0,14,0,14,0,14,0,14,0,14,0,14,0,14,0,14,0,14,0,14,0,14,0,14,0,14,0,14,0,14,0,14,0,14,0,14
1400000US36047002000,"Census Tract 20, Kings County, New York",Brooklyn,685,247,176,92,157,69,19,28,19,28,0,14,0,14,0,14,0,14,293,148,61,56,224,133,0,14,0,14,8,11,0,14,0,14,0,14,109,84,13,17,94,55
1400000US36047002100,"Census Tract 21, Kings County, New York",Brooklyn,4350,600,367,232,367,232,0,19,0,19,0,19,0,19,0,19,0,19,1733,299,49,75,1634,305,0,19,0,19,50,60,229,258,0,19,367,213,250,143,46,45,1358,351
1400000US36047002200,"Census Tract 22, Kings County, New York",Brooklyn,1730,340,467,161,338,144,129,98,38,53,0,14,41,46,50,48,0,14,720,173,165,89,514,166,0,14,0,14,41,63,0,14,0,14,63,104,255,122,0,14,225,147
1400000US36047002300,"Census Tract 23, Kings County, New York",Brooklyn,1176,329,51,59,50,60,1,3,1,3,0,14,0,14,0,14,0,14,879,281,137,125,742,270,0,14,0,14,0,14,0,14,0,14,13,20,38,51,35,45,160,107
1400000US36047002901,"Census Tract 29.01, Kings County, New York",Brooklyn,708,242,2,5,2,5,0,14,0,14,0,14,0,14,0,14,0,14,502,257,43,50,459,253,0,14,0,14,0,14,99,119,0,14,0,14,101,89,4,18,0,14
1400000US36047003000,"Census Tract 30, Kings County, New York",Brooklyn,942,152,183,86,153,77,30,25,30,25,0,14,0,14,0,14,0,14,414,90,122,60,289,75,0,14,0,14,3,5,0,14,0,14,4,10,68,50,6,10,267,97
1400000US36047003101,"Census Tract 31.01, Kings County, New York",Brooklyn,2277,405,205,106,184,91,21,27,21,27,0,14,0,14,0,14,0,14,1080,232,49,50,1031,221,0,14,0,14,0,14,0,14,0,14,81,62,167,87,9,14,735,220
1400000US36047003102,"Census Tract 31.02, Kings County, New York",Brooklyn,0,14,0,14,0,14,0,14,0,14,0,14,0,14,0,14,0,14,0,14,0,14,0,14,0,14,0,14,0,14,0,14,0,14,0,14,0,14,0,14,0,14
1400000US36047003300,"Census Tract 33, Kings County, New York",Brooklyn,2751,486,39,41,39,41,0,14,0,14,0,14,0,14,0,14,0,14,1249,274,114,114,1135,278,0,14,0,14,0,14,0,14,0,14,65,66,470,359,0,14,928,221
1400000US36047003400,"Census Tract 34, Kings County, New York",Brooklyn,1729,370,489,173,369,131,120,73,113,76,0,14,0,14,7,17,0,14,593,294,74,72,467,292,0,14,0,14,52,63,5,9,0,14,20,26,111,96,70,71,441,229
1400000US36047003500,"Census Tract 35, Kings County, New York",Brooklyn,1446,219,104,48,104,48,0,14,0,14,0,14,0,14,0,14,0,14,711,166,35,33,676,166,0,14,0,14,0,14,8,13,0,14,44,52,60,45,0,14,519,155
1400000US36047003600,"Census Tract 36, Kings County, New York",Brooklyn,1812,262,553,174,445,155,108,73,59,42,0,14,49,68,0,14,0,14,654,220,136,86,518,211,0,14,0,14,0,14,0,14,0,14,0,14,101,69,23,27,481,178
1400000US36047003700,"Census Tract 37, Kings County, New York",Brooklyn,2956,401,75,56,75,56,0,14,0,14,0,14,0,14,0,14,0,14,1781,347,21,35,1735,343,0,14,25,38,0,14,0,14,0,14,63,64,163,86,19,32,855,223
1400000US36047003800,"Census Tract 38, Kings County, New York",Brooklyn,729,264,270,82,229,77,41,30,41,30,0,14,0,14,0,14,0,14,182,77,80,52,102,61,0,14,0,14,0,14,5,8,0,14,33,49,12,15,0,14,227,254
1400000US36047003900,"Census Tract 39, Kings County, New York",Brooklyn,1857,270,32,36,23,34,9,11,9,11,0,14,0,14,0,14,0,14,911,198,0,14,911,198,0,14,0,14,0,14,0,14,0,14,116,73,77,57,0,14,721,172
1400000US36047004100,"Census Tract 41, Kings County, New York",Brooklyn,1983,298,42,40,42,40,0,14,0,14,0,14,0,14,0,14,0,14,1083,195,0,14,1055,192,28,31,0,14,0,14,28,42,0,14,73,56,159,84,45,45,553,163
1400000US36047004300,"Census Tract 43, Kings County, New York",Brooklyn,2418,396,87,50,57,38,30,33,30,33,0,14,0,14,0,14,0,14,1203,327,0,14,1203,327,0,14,0,14,0,14,0,14,0,14,73,57,237,116,0,14,818,188
1400000US36047004400,"Census Tract 44, Kings County, New York",Brooklyn,926,152,323,85,319,85,4,7,4,7,0,14,0,14,0,14,0,14,316,126,125,69,191,85,0,14,0,14,0,14,13,20,0,14,9,15,36,35,0,14,229,75
1400000US36047004500,"Census Tract 45, Kings County, New York",Brooklyn,2499,394,38,30,32,28,6,13,0,14,0,14,6,13,0,14,0,14,1095,275,0,14,1047,263,35,40,0,14,13,20,0,14,9,18,16,20,305,106,97,116,939,306
1400000US36047004600,"Census Tract 46, Kings County, New York",Brooklyn,496,103,188,77,185,80,3,7,3,7,0,14,0,14,0,14,0,14,193,71,46,30,147,60,0,14,0,14,0,14,0,14,0,14,0,14,27,20,22,31,66,43
1400000US36047004700,"Census Tract 47, Kings County, New York",Brooklyn,1024,176,102,62,89,51,13,19,13,19,0,14,0,14,0,14,0,14,330,83,24,27,281,78,0,14,0,14,25,23,0,14,0,14,30,24,72,45,4,7,486,148
1400000US36047004900,"Census Tract 49, Kings County, New York",Brooklyn,1263,214,147,85,132,80,15,23,15,23,0,14,0,14,0,14,0,14,510,101,23,30,467,111,10,15,0,14,10,16,29,32,0,14,49,40,137,55,0,14,391,138
1400000US36047005000,"Census Tract 50, Kings County, New York",Brooklyn,1110,263,426,156,378,153,48,42,48,42,0,14,0,14,0,14,0,14,295,134,105,82,173,98,0,14,0,14,17,26,21,32,0,14,0,14,137,86,0,14,231,99
1400000US36047005100,"Census Tract 51, Kings County, New York",Brooklyn,1497,354,90,59,79,54,11,17,11,17,0,14,0,14,0,14,0,14,550,184,19,22,475,183,29,38,0,14,27,37,14,23,0,14,108,54,198,183,87,65,450,146
1400000US36047005201,"Census Tract 52.01, Kings County, New York",Brooklyn,674,189,183,94,157,94,26,11,22,7,4,7,0,14,0,14,0,14,270,119,72,63,198,106,0,14,0,14,0,14,0,14,0,14,0,14,24,8,37,43,160,98
1400000US36047005202,"Census Tract 52.02, Kings County, New York",Brooklyn,1395,199,275,120,214,104,61,52,30,29,0,14,0,14,31,40,0,14,640,167,197,97,443,165,0,14,0,14,0,14,0,14,0,14,10,16,65,54,0,14,405,116
1400000US36047005301,"Census Tract 53.01, Kings County, New York",Brooklyn,1278,382,387,246,371,246,16,18,16,18,0,14,0,14,0,14,0,14,156,64,57,40,88,46,0,14,0,14,11,12,0,14,0,14,191,77,185,70,42,59,317,148
1400000US36047005302,"Census Tract 53.02, Kings County, New York",Brooklyn,45,32,9,12,9,12,0,14,0,14,0,14,0,14,0,14,0,14,0,14,0,14,0,14,0,14,0,14,0,14,0,14,0,14,0,14,0,14,0,14,36,32
1400000US36047005303,"Census Tract 53.03, Kings County, New York",Brooklyn,105,66,54,59,46,64,8,11,0,14,8,11,0,14,0,14,0,14,7,10,0,14,0,14,0,14,0,14,7,10,0,14,0,14,6,9,0,14,24,34,14,19
1400000US36047005400,"Census Tract 54, Kings County, New York",Brooklyn,2113,463,583,240,542,242,41,46,41,46,0,14,0,14,0,14,0,14,848,288,192,81,645,283,0,14,0,14,11,16,0,14,0,14,0,14,87,68,30,32,565,211
1400000US36047005601,"Census Tract 56.01, Kings County, New York",Brooklyn,1424,340,443,300,431,299,12,20,12,20,0,14,0,14,0,14,0,14,547,138,158,69,389,116,0,14,0,14,0,14,0,14,0,14,0,14,52,42,0,14,382,122
1400000US36047005602,"Census Tract 56.02, Kings County, New York",Brooklyn,1075,194,372,125,328,121,44,55,44,55,0,14,0,14,0,14,0,14,462,112,161,61,301,101,0,14,0,14,0,14,0,14,0,14,19,20,10,15,5,8,207,77
1400000US36047005800,"Census Tract 58, Kings County, New York",Brooklyn,1543,259,440,157,282,108,158,112,149,109,0,14,0,14,9,17,0,14,739,169,152,99,576,154,0,14,0,14,11,17,38,57,0,14,0,14,33,28,38,27,255,88
1400000US36047005900,"Census Tract 59, Kings County, New York",Brooklyn,822,183,206,85,162,74,44,40,26,36,18,20,0,14,0,14,0,14,229,82,0,14,213,83,2,8,0,14,14,15,0,14,0,14,10,16,98,60,0,14,279,94
1400000US36047006000,"Census Tract 60, Kings County, New York",Brooklyn,1159,260,331,160,303,151,28,37,28,37,0,14,0,14,0,14,0,14,514,185,91,92,423,161,0,14,0,14,0,14,0,14,0,14,20,22,104,79,0,14,190,80
1400000US36047006200,"Census Tract 62, Kings County, New York",Brooklyn,1244,206,360,126,331,120,29,33,29,33,0,14,0,14,0,14,0,14,488,152,77,77,411,131,0,14,0,14,0,14,0,14,0,14,34,39,33,45,12,20,317,148
1400000US36047006300,"Census Tract 63, Kings County, New York",Brooklyn,1172,183,92,68,36,25,56,59,48,59,8,11,0,14,0,14,0,14,405,125,0,14,377,126,10,11,0,14,18,19,20,16,0,14,74,45,118,53,26,26,437,93
1400000US36047006400,"Census Tract 64, Kings County, New York",Brooklyn,1626,250,510,183,444,149,66,62,0,14,0,14,0,14,66,62,0,14,630,201,145,137,485,167,0,14,0,14,0,14,0,14,0,14,11,18,124,63,14,23,337,157
1400000US36047006500,"Census Tract 65, Kings County, New York",Brooklyn,3771,675,276,163,246,158,30,43,30,43,0,19,0,19,0,19,0,19,1341,371,27,44,1314,365,0,19,0,19,0,19,216,304,0,19,211,136,371,181,0,19,1356,354
1400000US36047006600,"Census Tract 66, Kings County, New York",Brooklyn,2194,429,364,162,323,166,41,27,41,27,0,14,0,14,0,14,0,14,1087,363,166,79,909,354,0,14,0,14,12,19,28,44,0,14,15,23,105,64,62,68,533,241
1400000US36047006700,"Census Tract 67, Kings County, New York",Brooklyn,2080,313,125,70,104,67,21,25,0,14,0,14,21,25,0,14,0,14,834,191,43,47,780,182,0,14,0,14,11,17,39,37,0,14,80,44,320,197,0,14,682,158
1400000US36047006800,"Census Tract 68, Kings County, New York",Brooklyn,1917,266,350,181,316,175,34,38,17,27,17,25,0,14,0,14,0,14,1098,218,271,130,827,230,0,14,0,14,0,14,0,14,0,14,93,64,161,86,12,21,203,84
1400000US36047006901,"Census Tract 69.01, Kings County, New York",Brooklyn,1072,184,142,93,94,93,48,42,8,11,40,39,0,14,0,14,0,14,548,103,0,14,548,103,0,14,0,14,0,14,0,14,0,14,0,14,63,35,0,14,319,118
1400000US36047006902,"Census Tract 69.02, Kings County, New York",Brooklyn,1123,151,33,22,33,22,0,14,0,14,0,14,0,14,0,14,0,14,514,116,0,14,503,115,11,16,0,14,0,14,0,14,0,14,13,15,87,40,4,7,472,136
1400000US36047007000,"Census Tract 70, Kings County, New York",Brooklyn,1089,198,275,140,193,123,82,60,82,60,0,14,0,14,0,14,0,14,518,139,176,94,342,119,0,14,0,14,0,14,14,25,0,14,10,21,110,68,0,14,162,118
1400000US36047007100,"Census Tract 71, Kings County, New York",Brooklyn,1478,324,233,162,99,96,134,116,134,116,0,14,0,14,0,14,0,14,726,227,54,60,672,215,0,14,0,14,0,14,0,14,0,14,63,49,216,102,0,14,240,116
1400000US36047007200,"Census Tract 72, Kings County, New York",Brooklyn,834,159,188,65,168,69,20,20,11,14,0,14,9,14,0,14,0,14,508,135,28,26,480,138,0,14,0,14,0,14,0,14,0,14,16,22,79,70,10,14,33,31
1400000US36047007400,"Census Tract 74, Kings County, New York",Brooklyn,2547,549,374,157,260,108,114,99,79,90,22,34,13,21,0,19,0,19,1438,427,301,174,1110,373,27,36,0,19,0,19,0,19,24,27,81,71,438,289,12,19,180,94
1400000US36047007500,"Census Tract 75, Kings County, New York",Brooklyn,2604,534,226,156,132,88,94,141,94,141,0,14,0,14,0,14,0,14,1182,318,34,52,1145,311,3,22,0,14,0,14,0,14,24,38,50,76,296,207,97,146,729,276
1400000US36047007600,"Census Tract 76, Kings County, New York",Brooklyn,1735,397,178,92,40,39,138,91,83,26,55,85,0,14,0,14,0,14,970,272,281,201,605,217,22,34,0,14,62,97,0,14,12,20,20,23,423,179,0,14,132,87
1400000US36047007700,"Census Tract 77, Kings County, New York",Brooklyn,3680,504,293,246,207,171,86,99,86,99,0,19,0,19,0,19,0,19,1734,420,0,19,1724,419,10,16,0,19,0,19,0,19,0,19,188,170,181,115,0,19,1284,385
1400000US36047007800,"Census Tract 78, Kings County, New York",Brooklyn,2142,380,308,199,273,179,35,44,0,14,0,14,0,14,14,28,21,34,1018,274,138,96,880,253,0,14,0,14,0,14,0,14,0,14,61,73,364,195,40,65,351,121
1400000US36047008000,"Census Tract 80, Kings County, New York",Brooklyn,1517,273,259,199,223,156,36,54,0,14,36,54,0,14,0,14,0,14,752,183,53,52,699,188,0,14,0,14,0,14,73,77,0,14,22,33,210,112,0,14,201,140
1400000US36047008200,"Census Tract 82, Kings County, New York",Brooklyn,1845,463,115,74,105,69,10,19,0,14,0,14,0,14,0,14,10,19,1029,372,105,98,924,334,0,14,0,14,0,14,13,20,0,14,0,14,264,211,52,57,372,179
1400000US36047008400,"Census Tract 84, Kings County, New York",Brooklyn,1660,498,185,186,185,186,0,14,0,14,0,14,0,14,0,14,0,14,1037,362,131,195,875,300,31,49,0,14,0,14,30,35,0,14,17,28,234,181,0,14,157,80
1400000US36047008500,"Census Tract 85, Kings County, New York",Brooklyn,2138,804,102,126,102,126,0,19,0,19,0,19,0,19,0,19,0,19,1094,324,104,108,990,335,0,19,0,19,0,19,0,19,0,19,4,7,499,620,0,19,439,373
1400000US36047008600,"Census Tract 86, Kings County, New York",Brooklyn,0,14,0,14,0,14,0,14,0,14,0,14,0,14,0,14,0,14,0,14,0,14,0,14,0,14,0,14,0,14,0,14,0,14,0,14,0,14,0,14,0,14
1400000US36047008800,"Census Tract 88, Kings County, New York",Brooklyn,1559,299,67,74,45,66,22,29,22,29,0,14,0,14,0,14,0,14,916,292,271,197,626,232,19,31,0,14,0,14,13,22,10,15,57,49,181,121,77,106,238,185
1400000US36047009001,"Census Tract 90.01, Kings County, New York",Brooklyn,620,183,210,136,107,87,103,90,35,56,11,15,9,13,0,14,48,73,345,183,93,63,252,147,0,14,0,14,0,14,0,14,9,13,0,14,36,40,9,15,11,17
1400000US36047009002,"Census Tract 90.02, Kings County, New York",Brooklyn,592,191,41,35,41,35,0,14,0,14,0,14,0,14,0,14,0,14,354,157,57,41,263,149,34,56,0,14,0,14,0,14,0,14,45,45,27,28,48,45,77,48
1400000US36047009201,"Census Tract 92.01, Kings County, New York",Brooklyn,1076,285,310,165,164,75,146,156,146,156,0,14,0,14,0,14,0,14,460,176,61,62,399,145,0,14,0,14,0,14,0,14,81,137,18,21,131,76,0,14,76,75
1400000US36047009202,"Census Tract 92.02, Kings County, New York",Brooklyn,1329,287,242,164,114,90,128,135,128,135,0,14,0,14,0,14,0,14,605,156,106,78,499,121,0,14,0,14,0,14,0,14,0,14,13,21,156,95,56,72,257,134
1400000US36047009401,"Census Tract 94.01, Kings County, New York",Brooklyn,802,173,281,101,183,80,98,56,24,29,26,27,46,35,2,5,0,14,329,118,81,66,248,86,0,14,0,14,0,14,2,5,0,14,0,14,129,75,27,27,34,29
1400000US36047009402,"Census Tract 94.02, Kings County, New York",Brooklyn,1425,293,390,151,229,95,161,111,111,107,0,14,50,52,0,14,0,14,569,162,171,83,398,128,0,14,0,14,0,14,56,79,0,14,11,17,243,77,19,28,137,92
1400000US36047009600,"Census Tract 96, Kings County, New York",Brooklyn,2976,579,554,313,322,253,232,166,25,49,20,34,90,74,89,123,8,12,1364,303,156,135,1182,286,26,42,0,19,0,19,0,19,0,19,62,57,481,161,85,54,430,212
1400000US36047009800,"Census Tract 98, Kings County, New York",Brooklyn,2764,533,723,264,484,229,239,141,50,37,127,125,19,24,43,54,0,19,1253,279,318,161,848,235,87,141,0,19,0,19,0,19,0,19,65,106,465,171,159,184,99,66
1400000US36047010000,"Census Tract 100, Kings County, New York",Brooklyn,2487,396,635,210,230,138,405,203,152,135,74,68,112,130,67,58,0,19,1105,371,130,109,954,334,21,35,0,19,0,19,6,15,0,19,9,14,573,327,15,24,144,118
1400000US36047010100,"Census Tract 101, Kings County, New York",Brooklyn,2575,623,630,311,562,292,68,50,68,50,0,14,0,14,0,14,0,14,1343,392,74,58,1269,386,0,14,0,14,0,14,21,30,0,14,53,85,139,93,12,20,377,163
1400000US36047010200,"Census Tract 102, Kings County, New York",Brooklyn,2105,336,556,234,188,93,368,211,53,49,225,195,70,58,9,15,11,16,1023,304,276,130,700,225,47,49,0,19,0,19,29,51,0,19,29,36,334,219,10,14,124,92
1400000US36047010401,"Census Tract 104.01, Kings County, New York",Brooklyn,927,176,189,76,37,26,152,75,19,22,26,43,79,43,10,16,18,20,353,137,68,58,285,105,0,14,0,14,0,14,0,14,0,14,12,21,253,124,23,27,97,57
1400000US36047010402,"Census Tract 104.02, Kings County, New York",Brooklyn,782,201,191,128,43,32,148,124,15,24,10,15,73,117,9,13,41,37,297,109,34,33,263,101,0,14,0,14,0,14,0,14,0,14,36,27,180,95,17,26,61,41
1400000US36047010601,"Census Tract 106.01, Kings County, New York",Brooklyn,843,235,180,82,97,61,83,71,1,5,79,70,3,7,0,14,0,14,414,208,118,64,296,197,0,14,0,14,0,14,0,14,0,14,2,10,204,101,0,14,43,41
1400000US36047010602,"Census Tract 106.02, Kings County, New York",Brooklyn,979,512,208,100,94,57,114,59,35,40,55,24,24,36,0,14,0,14,330,158,61,41,269,145,0,14,0,14,0,14,0,14,0,14,0,14,140,111,0,14,301,370
1400000US36047010801,"Census Tract 108.01, Kings County, New York",Brooklyn,837,230,271,89,144,63,127,73,46,48,76,44,0,14,5,8,0,14,255,102,40,31,215,102,0,14,0,14,0,14,0,14,0,14,107,156,177,140,0,14,27,34
1400000US36047010802,"Census Tract 108.02, Kings County, New York",Brooklyn,1051,245,426,171,271,147,155,76,22,20,83,48,33,33,17,22,0,14,354,110,20,22,334,113,0,14,0,14,0,14,0,14,0,14,0,14,199,113,0,14,72,51
1400000US36047011000,"Census Tract 110, Kings County, New York",Brooklyn,903,227,238,113,207,113,31,27,10,14,17,21,4,7,0,14,0,14,484,192,56,48,428,160,0,14,0,14,0,14,0,14,0,14,4,7,15,15,0,14,162,76
1400000US36047011200,"Census Tract 112, Kings County, New York",Brooklyn,2479,626,505,172,273,145,232,131,55,51,50,72,46,44,0,19,81,95,735,384,18,29,717,386,0,19,0,19,0,19,126,139,0,19,0,19,934,499,22,37,157,116
1400000US36047011400,"Census Tract 114, Kings County, New York",Brooklyn,1223,415,351,232,140,142,211,183,148,169,25,40,38,62,0,14,0,14,274,123,161,99,113,109,0,14,0,14,0,14,0,14,0,14,19,25,456,232,69,103,54,55
1400000US36047011600,"Census Tract 116, Kings County, New York",Brooklyn,1437,433,558,352,171,95,387,349,116,72,221,322,23,31,27,47,0,14,475,166,117,98,345,157,13,22,0,14,0,14,3,25,21,33,0,14,262,187,0,14,118,77
1400000US36047011700,"Census Tract 117, Kings County, New York",Brooklyn,1574,298,79,54,71,55,8,13,8,13,0,14,0,14,0,14,0,14,747,240,0,14,747,240,0,14,0,14,0,14,29,42,0,14,52,48,92,85,24,29,551,168
1400000US36047011800,"Census Tract 118, Kings County, New York",Brooklyn,920,176,157,90,57,43,100,68,27,29,36,35,37,42,0,14,0,14,520,178,55,58,465,178,0,14,0,14,0,14,0,14,0,14,8,12,99,57,0,14,136,67
1400000US36047011901,"Census Tract 119.01, Kings County, New York",Brooklyn,823,170,31,22,31,22,0,14,0,14,0,14,0,14,0,14,0,14,311,72,0,14,311,72,0,14,0,14,0,14,39,55,0,14,33,28,145,96,0,14,264,62
1400000US36047011902,"Census Tract 119.02, Kings County, New York",Brooklyn,0,14,0,14,0,14,0,14,0,14,0,14,0,14,0,14,0,14,0,14,0,14,0,14,0,14,0,14,0,14,0,14,0,14,0,14,0,14,0,14,0,14
1400000US36047012000,"Census Tract 120, Kings County, New York",Brooklyn,443,113,149,66,102,42,47,40,6,7,41,40,0,14,0,14,0,14,226,85,88,71,130,56,8,10,0,14,0,14,0,14,0,14,0,14,35,27,0,14,33,24
1400000US36047012100,"Census Tract 121, Kings County, New York",Brooklyn,1361,195,141,66,83,44,58,60,58,60,0,14,0,14,0,14,0,14,587,126,0,14,583,126,4,6,0,14,0,14,11,12,0,14,9,14,148,75,0,14,465,102
1400000US36047012200,"Census Tract 122, Kings County, New York",Brooklyn,2233,516,359,162,282,140,77,66,32,40,23,39,22,35,0,14,0,14,1037,318,133,114,904,314,0,14,0,14,0,14,41,69,0,14,0,14,360,216,25,42,411,185
1400000US36047012600,"Census Tract 126, Kings County, New York",Brooklyn,1433,252,369,112,188,97,181,67,160,70,5,7,16,18,0,14,0,14,667,194,83,49,584,193,0,14,0,14,0,14,0,14,0,14,51,40,223,104,0,14,123,65
1400000US36047012700,"Census Tract 127, Kings County, New York",Brooklyn,2061,240,143,82,130,77,13,15,13,15,0,14,0,14,0,14,0,14,1262,231,202,165,1049,308,11,18,0,14,0,14,0,14,0,14,0,14,232,151,9,14,415,134
1400000US36047012801,"Census Tract 128.01, Kings County, New York",Brooklyn,857,201,239,88,220,91,19,16,14,13,5,8,0,14,0,14,0,14,381,106,65,42,316,102,0,14,0,14,0,14,0,14,0,14,9,14,45,28,5,7,178,130
1400000US36047012901,"Census Tract 129.01, Kings County, New York",Brooklyn,1736,297,22,23,20,22,2,3,2,3,0,14,0,14,0,14,0,14,883,217,44,65,839,232,0,14,0,14,0,14,8,14,10,17,20,23,177,88,9,14,607,201
1400000US36047012902,"Census Tract 129.02, Kings County, New York",Brooklyn,2726,391,47,37,47,37,0,14,0,14,0,14,0,14,0,14,0,14,1244,305,43,64,1166,337,35,43,0,14,0,14,0,14,0,14,122,118,221,164,126,120,966,273
1400000US36047013000,"Census Tract 130, Kings County, New York",Brooklyn,2237,312,509,170,509,170,0,19,0,19,0,19,0,19,0,19,0,19,810,202,54,57,756,203,0,19,0,19,0,19,52,59,26,38,81,87,118,86,62,53,579,168
1400000US36047013100,"Census Tract 131, Kings County, New York",Brooklyn,1954,236,48,37,37,32,11,18,0,14,0,14,0,14,11,18,0,14,1026,186,30,37,968,179,0,14,0,14,28,42,0,14,0,14,0,14,113,67,11,17,756,156
1400000US36047013200,"Census Tract 132, Kings County, New York",Brooklyn,705,258,143,52,141,50,2,7,0,14,0,14,0,14,2,7,0,14,342,134,66,53,274,96,2,9,0,14,0,14,0,14,0,14,19,28,27,39,0,14,174,187
1400000US36047013300,"Census Tract 133, Kings County, New York",Brooklyn,2450,327,148,107,145,107,3,15,3,15,0,14,0,14,0,14,0,14,1213,248,22,36,1152,260,39,46,0,14,0,14,0,14,0,14,33,30,185,78,50,70,821,189
1400000US36047013400,"Census Tract 134, Kings County, New York",Brooklyn,2068,289,517,171,476,159,41,34,33,28,8,15,0,14,0,14,0,14,836,177,109,62,707,182,20,23,0,14,0,14,23,36,67,68,41,46,154,73,25,28,405,153
1400000US36047013500,"Census Tract 135, Kings County, New York",Brooklyn,2326,341,248,145,174,134,74,60,53,57,21,23,0,14,0,14,0,14,817,173,75,86,734,164,8,14,0,14,0,14,14,23,31,36,157,128,150,132,24,38,885,229
1400000US36047013600,"Census Tract 136, Kings County, New York",Brooklyn,2115,489,248,107,180,92,68,56,68,56,0,14,0,14,0,14,0,14,1002,317,69,65,933,306,0,14,0,14,0,14,0,14,0,14,10,16,52,36,75,66,728,409
1400000US36047013700,"Census Tract 137, Kings County, New York",Brooklyn,1937,229,79,84,70,84,9,14,9,14,0,14,0,14,0,14,0,14,852,167,0,14,835,167,17,20,0,14,0,14,0,14,0,14,14,21,164,69,11,17,817,198
1400000US36047013800,"Census Tract 138, Kings County, New York",Brooklyn,1743,277,506,153,430,136,76,66,43,50,33,42,0,14,0,14,0,14,940,210,249,126,691,227,0,14,0,14,0,14,7,11,0,14,7,14,95,66,0,14,188,100
1400000US36047013900,"Census Tract 139, Kings County, New York",Brooklyn,2222,362,153,87,112,80,41,44,41,44,0,14,0,14,0,14,0,14,990,189,36,38,916,188,38,53,0,14,0,14,0,14,0,14,53,47,303,141,0,14,723,208
1400000US36047014000,"Census Tract 140, Kings County, New York",Brooklyn,618,158,226,92,187,82,39,36,39,36,0,14,0,14,0,14,0,14,185,65,58,33,127,63,0,14,0,14,0,14,8,12,0,14,4,7,25,17,2,5,168,92
1400000US36047014101,"Census Tract 141.01, Kings County, New York",Brooklyn,787,115,95,58,72,50,23,33,23,33,0,14,0,14,0,14,0,14,379,90,4,7,375,90,0,14,0,14,0,14,0,14,0,14,21,28,43,34,7,10,242,66
1400000US36047014102,"Census Tract 141.02, Kings County, New York",Brooklyn,958,181,31,29,16,17,15,22,15,22,0,14,0,14,0,14,0,14,509,128,0,14,500,127,9,13,0,14,0,14,0,14,0,14,40,41,39,30,22,28,317,94
1400000US36047014200,"Census Tract 142, Kings County, New York",Brooklyn,1606,313,161,83,140,75,21,23,21,23,0,14,0,14,0,14,0,14,1001,270,152,80,849,288,0,14,0,14,0,14,88,90,0,14,7,12,200,152,10,15,139,74
1400000US36047014300,"Census Tract 143, Kings County, New York",Brooklyn,2120,403,363,188,351,193,12,24,12,24,0,14,0,14,0,14,0,14,815,196,77,37,738,193,0,14,0,14,0,14,0,14,0,14,127,79,297,216,0,14,518,154
1400000US36047014500,"Census Tract 145, Kings County, New York",Brooklyn,2755,525,425,224,245,97,180,188,50,38,130,198,0,14,0,14,0,14,943,254,39,44,904,254,0,14,0,14,0,14,80,101,0,14,283,124,233,90,0,14,791,305
1400000US36047014700,"Census Tract 147, Kings County, New York",Brooklyn,1228,210,141,63,87,52,54,36,50,34,0,14,4,7,0,14,0,14,465,108,7,10,446,105,0,14,0,14,12,18,7,11,0,14,84,47,143,78,18,28,370,114
1400000US36047014800,"Census Tract 148, Kings County, New York",Brooklyn,536,201,245,117,212,104,33,29,30,27,0,14,0,14,3,6,0,14,106,51,51,40,55,38,0,14,0,14,0,14,0,14,0,14,12,18,59,45,3,7,111,74
1400000US36047014901,"Census Tract 149.01, Kings County, New York",Brooklyn,872,125,129,121,129,121,0,14,0,14,0,14,0,14,0,14,0,14,364,88,0,14,358,86,0,14,0,14,6,9,0,14,0,14,42,33,46,37,15,22,276,92
1400000US36047014902,"Census Tract 149.02, Kings County, New York",Brooklyn,2561,634,215,126,181,99,34,37,34,37,0,14,0,14,0,14,0,14,989,290,14,21,975,290,0,14,0,14,0,14,13,21,0,14,60,41,65,57,112,93,1107,544
1400000US36047015000,"Census Tract 150, Kings County, New York",Brooklyn,492,159,140,71,104,64,36,25,22,20,0,14,14,21,0,14,0,14,197,88,7,11,190,87,0,14,0,14,0,14,0,14,0,14,0,14,36,34,20,19,99,60
1400000US36047015100,"Census Tract 151, Kings County, New York",Brooklyn,2316,309,262,131,262,131,0,14,0,14,0,14,0,14,0,14,0,14,875,158,39,47,823,155,0,14,13,29,0,14,8,12,0,14,55,48,110,52,0,14,1006,281
1400000US36047015200,"Census Tract 152, Kings County, New York",Brooklyn,1063,264,479,147,411,154,68,52,0,14,40,48,16,16,12,19,0,14,276,121,94,65,177,76,0,14,0,14,5,7,0,14,11,15,4,7,117,104,0,14,176,81
1400000US36047015300,"Census Tract 153, Kings County, New York",Brooklyn,1665,272,128,79,88,61,40,52,33,49,0,14,7,11,0,14,0,14,620,156,10,15,610,158,0,14,0,14,0,14,58,69,0,14,28,22,30,28,12,19,789,234
1400000US36047015400,"Census Tract 154, Kings County, New York",Brooklyn,0,14,0,14,0,14,0,14,0,14,0,14,0,14,0,14,0,14,0,14,0,14,0,14,0,14,0,14,0,14,0,14,0,14,0,14,0,14,0,14,0,14
1400000US36047015500,"Census Tract 155, Kings County, New York",Brooklyn,1896,370,101,77,92,76,9,15,0,14,0,14,9,15,0,14,0,14,757,236,0,14,749,235,0,14,8,13,0,14,103,151,18,28,124,82,100,67,29,45,664,188
1400000US36047015700,"Census Tract 157, Kings County, New York",Brooklyn,3083,639,114,93,61,57,53,70,53,70,0,19,0,19,0,19,0,19,1452,334,0,19,1452,334,0,19,0,19,0,19,0,19,13,24,27,42,90,71,16,25,1371,522
1400000US36047015900,"Census Tract 159, Kings County, New York",Brooklyn,3512,538,260,170,242,165,18,28,18,28,0,19,0,19,0,19,0,19,1251,301,0,19,1230,302,21,33,0,19,0,19,0,19,17,28,121,107,184,115,64,58,1615,493
1400000US36047016000,"Census Tract 160, Kings County, New York",Brooklyn,2513,394,706,221,596,197,110,107,110,107,0,14,0,14,0,14,0,14,1068,226,239,105,829,234,0,14,0,14,0,14,0,14,0,14,51,38,85,78,0,14,603,273
1400000US36047016100,"Census Tract 161, Kings County, New York",Brooklyn,2189,267,55,72,55,72,0,14,0,14,0,14,0,14,0,14,0,14,1021,195,20,22,990,198,11,16,0,14,0,14,0,14,0,14,93,48,170,64,33,33,817,215
1400000US36047016200,"Census Tract 162, Kings County, New York",Brooklyn,1157,252,377,165,368,165,9,16,9,16,0,14,0,14,0,14,0,14,434,198,50,44,384,194,0,14,0,14,0,14,10,17,0,14,0,14,74,57,0,14,262,108
1400000US36047016300,"Census Tract 163, Kings County, New York",Brooklyn,2467,356,86,60,86,60,0,14,0,14,0,14,0,14,0,14,0,14,1089,280,49,55,1029,275,11,19,0,14,0,14,0,14,0,14,106,76,132,81,0,14,1054,225
1400000US36047016400,"Census Tract 164, Kings County, New York",Brooklyn,438,120,175,90,147,73,28,28,20,20,8,11,0,14,0,14,0,14,8,11,0,14,8,11,0,14,0,14,0,14,0,14,0,14,0,14,75,43,0,14,180,173
1400000US36047016500,"Census Tract 165, Kings County, New York",Brooklyn,3594,505,393,207,348,189,45,71,23,36,22,35,0,19,0,19,0,19,1090,285,0,19,1038,272,52,59,0,19,0,19,0,19,0,19,30,44,529,217,17,29,1535,352
1400000US36047016600,"Census Tract 166, Kings County, New York",Brooklyn,951,84,443,73,362,93,81,60,73,58,0,14,8,12,0,14,0,14,229,86,136,62,93,48,0,14,0,14,0,14,16,26,0,14,14,24,21,20,0,14,228,93
1400000US36047016700,"Census Tract 167, Kings County, New York",Brooklyn,2786,641,161,119,93,100,68,61,62,61,6,12,0,14,0,14,0,14,1101,458,55,63,1046,449,0,14,0,14,0,14,0,14,0,14,69,49,155,100,0,14,1300,354
1400000US36047016800,"Census Tract 168, Kings County, New York",Brooklyn,937,284,400,234,374,232,26,26,26,26,0,14,0,14,0,14,0,14,344,137,229,142,115,45,0,14,0,14,0,14,0,14,0,14,0,14,9,13,12,14,172,82
1400000US36047016900,"Census Tract 169, Kings County, New York",Brooklyn,2820,700,298,254,271,251,27,42,0,14,0,14,0,14,27,42,0,14,1313,337,15,27,1298,334,0,14,0,14,0,14,0,14,0,14,99,77,441,318,0,14,669,224
1400000US36047017000,"Census Tract 170, Kings County, New York",Brooklyn,1630,370,626,273,491,261,135,78,109,69,26,33,0,14,0,14,0,14,554,218,272,136,282,163,0,14,0,14,0,14,0,14,0,14,74,77,44,27,0,14,332,198
1400000US36047017100,"Census Tract 171, Kings County, New York",Brooklyn,2086,305,229,107,171,81,58,56,31,47,27,31,0,14,0,14,0,14,996,199,10,17,986,196,0,14,0,14,0,14,0,14,0,14,194,120,96,48,0,14,571,161
1400000US36047017200,"Census Tract 172, Kings County, New York",Brooklyn,1114,279,539,177,392,96,147,146,126,139,0,14,21,29,0,14,0,14,383,169,82,54,301,160,0,14,0,14,0,14,0,14,0,14,49,41,9,14,0,14,134,110
1400000US36047017400,"Census Tract 174, Kings County, New York",Brooklyn,986,202,416,128,363,120,53,44,53,44,0,14,0,14,0,14,0,14,396,158,143,84,253,133,0,14,0,14,0,14,0,14,0,14,18,20,24,23,0,14,132,62
1400000US36047017500,"Census Tract 175, Kings County, New York",Brooklyn,0,14,0,14,0,14,0,14,0,14,0,14,0,14,0,14,0,14,0,14,0,14,0,14,0,14,0,14,0,14,0,14,0,14,0,14,0,14,0,14,0,14
1400000US36047017600,"Census Tract 176, Kings County, New York",Brooklyn,1222,277,464,166,401,160,63,41,43,34,0,14,0,14,20,29,0,14,565,194,226,143,339,107,0,14,0,14,0,14,21,27,0,14,0,14,70,49,0,14,102,55
1400000US36047017700,"Census Tract 177, Kings County, New York",Brooklyn,0,14,0,14,0,14,0,14,0,14,0,14,0,14,0,14,0,14,0,14,0,14,0,14,0,14,0,14,0,14,0,14,0,14,0,14,0,14,0,14,0,14
1400000US36047017800,"Census Tract 178, Kings County, New York",Brooklyn,1087,203,258,155,209,130,49,55,7,9,38,54,0,14,4,7,0,14,587,144,109,65,470,147,8,13,0,14,0,14,0,14,0,14,26,27,76,47,30,32,110,53
1400000US36047017900,"Census Tract 179, Kings County, New York",Brooklyn,1681,273,228,123,150,108,78,59,65,52,13,21,0,14,0,14,0,14,694,191,154,124,500,142,0,14,0,14,40,66,35,43,30,44,27,26,16,20,22,27,629,234
1400000US36047018000,"Census Tract 180, Kings County, New York",Brooklyn,1132,431,289,103,215,86,74,41,55,33,0,14,9,14,0,14,10,16,555,348,77,49,478,338,0,14,0,14,0,14,0,14,0,14,50,39,53,62,9,15,176,95
1400000US36047018100,"Census Tract 181, Kings County, New York",Brooklyn,2679,456,155,153,155,153,0,14,0,14,0,14,0,14,0,14,0,14,1087,330,47,43,1024,328,16,25,0,14,0,14,66,105,0,14,94,74,208,134,0,14,1069,365
1400000US36047018200,"Census Tract 182, Kings County, New York",Brooklyn,1694,379,448,189,385,180,63,50,32,28,31,36,0,14,0,14,0,14,743,309,187,124,556,253,0,14,0,14,0,14,0,14,57,89,50,58,116,75,0,14,280,117
1400000US36047018300,"Census Tract 183, Kings County, New York",Brooklyn,1907,271,207,114,197,115,10,16,10,16,0,14,0,14,0,14,0,14,605,136,0,14,586,135,0,14,0,14,19,19,13,22,0,14,54,49,210,86,0,14,818,245
1400000US36047018400,"Census Tract 184, Kings County, New York",Brooklyn,1020,200,242,75,187,57,55,37,47,35,8,13,0,14,0,14,0,14,381,143,117,76,264,121,0,14,0,14,0,14,0,14,0,14,18,26,179,80,0,14,200,87
1400000US36047018501,"Census Tract 185.01, Kings County, New York",Brooklyn,1699,448,135,120,61,59,74,109,0,14,74,109,0,14,0,14,0,14,781,225,221,119,560,173,0,14,0,14,0,14,0,14,0,14,22,37,407,228,36,56,318,247
1400000US36047018600,"Census Tract 186, Kings County, New York",Brooklyn,1068,297,230,70,167,64,63,45,28,31,35,30,0,14,0,14,0,14,615,287,113,88,502,274,0,14,0,14,0,14,0,14,0,14,10,15,94,60,17,18,102,42
1400000US36047018700,"Census Tract 187, Kings County, New York",Brooklyn,737,127,101,62,72,55,29,27,29,27,0,14,0,14,0,14,0,14,166,67,15,17,105,44,0,14,0,14,46,39,0,14,0,14,28,23,42,29,51,36,349,109
1400000US36047018800,"Census Tract 188, Kings County, New York",Brooklyn,1281,255,441,163,417,163,24,25,24,25,0,14,0,14,0,14,0,14,485,168,4,6,469,165,0,14,0,14,12,20,54,82,0,14,0,14,43,29,0,14,258,115
1400000US36047019000,"Census Tract 190, Kings County, New York",Brooklyn,2077,507,520,295,262,151,258,259,83,53,168,267,0,14,7,11,0,14,1157,357,98,91,1039,317,20,32,0,14,0,14,0,14,0,14,0,14,202,103,9,30,189,176
1400000US36047019100,"Census Tract 191, Kings County, New York",Brooklyn,1736,274,181,121,111,106,70,76,65,75,0,14,0,14,0,14,5,17,752,171,50,56,658,158,15,26,0,14,29,32,9,14,0,14,47,38,161,100,19,25,567,141
1400000US36047019200,"Census Tract 192, Kings County, New York",Brooklyn,1070,231,254,127,210,126,44,44,44,44,0,14,0,14,0,14,0,14,370,156,19,33,351,156,0,14,0,14,0,14,0,14,0,14,14,22,293,141,8,10,131,78
1400000US36047019300,"Census Tract 193, Kings County, New York",Brooklyn,3026,523,503,278,464,270,39,46,22,28,0,19,17,34,0,19,0,19,1256,441,64,57,1149,409,0,19,0,19,43,67,18,27,46,52,19,30,530,243,0,19,654,254
1400000US36047019400,"Census Tract 194, Kings County, New York",Brooklyn,1750,509,309,144,240,130,69,59,47,47,0,14,0,14,22,35,0,14,675,213,110,92,565,192,0,14,0,14,0,14,0,14,0,14,58,86,102,86,26,42,580,434
1400000US36047019500,"Census Tract 195, Kings County, New York",Brooklyn,2094,222,341,169,332,165,9,14,9,14,0,14,0,14,0,14,0,14,889,236,132,74,734,212,0,14,0,14,23,27,0,14,0,14,85,53,222,115,8,12,549,100
1400000US36047019600,"Census Tract 196, Kings County, New York",Brooklyn,1359,375,232,132,143,108,89,59,26,39,10,15,13,22,40,48,0,14,869,308,169,122,700,299,0,14,0,14,0,14,0,14,0,14,21,36,140,113,0,14,97,56
1400000US36047019700,"Census Tract 197, Kings County, New York",Brooklyn,2084,333,187,98,172,88,15,24,15,24,0,14,0,14,0,14,0,14,882,232,12,19,857,235,13,19,0,14,0,14,19,30,0,14,80,51,100,67,0,14,816,213
1400000US36047019800,"Census Tract 198, Kings County, New York",Brooklyn,872,212,293,124,171,99,122,94,16,14,60,77,46,53,0,14,0,14,334,175,175,153,159,103,0,14,0,14,0,14,0,14,0,14,46,42,38,26,0,14,161,108
1400000US36047019900,"Census Tract 199, Kings County, New York",Brooklyn,2825,396,192,116,174,112,18,30,18,30,0,14,0,14,0,14,0,14,1425,345,63,57,1326,312,0,14,36,55,0,14,0,14,0,14,38,41,339,174,8,15,823,262
1400000US36047020000,"Census Tract 200, Kings County, New York",Brooklyn,1041,220,270,94,233,92,37,26,36,26,1,3,0,14,0,14,0,14,441,158,124,85,317,114,0,14,0,14,0,14,0,14,98,140,47,46,79,44,19,28,87,45
1400000US36047020100,"Census Tract 201, Kings County, New York",Brooklyn,2431,408,248,128,199,105,49,40,35,33,14,22,0,14,0,14,0,14,1061,270,111,92,945,229,5,10,0,14,0,14,38,39,0,14,54,47,162,102,172,211,696,152
1400000US36047020200,"Census Tract 202, Kings County, New York",Brooklyn,743,164,328,120,244,95,84,65,84,65,0,14,0,14,0,14,0,14,193,64,78,50,115,45,0,14,0,14,0,14,0,14,0,14,8,10,69,43,7,11,138,74
1400000US36047020300,"Census Tract 203, Kings County, New York",Brooklyn,1346,215,70,42,64,41,6,9,6,9,0,14,0,14,0,14,0,14,508,115,13,26,495,113,0,14,0,14,0,14,0,14,0,14,19,21,154,143,14,22,581,156
1400000US36047020400,"Census Tract 204, Kings County, New York",Brooklyn,951,169,189,82,181,79,8,10,5,9,0,14,3,5,0,14,0,14,437,187,49,37,384,175,0,14,4,9,0,14,0,14,0,14,11,11,118,71,0,14,196,83
1400000US36047020500,"Census Tract 205, Kings County, New York",Brooklyn,2194,297,64,52,53,43,11,16,0,14,0,14,0,14,0,14,11,16,920,204,22,23,875,199,12,18,0,14,11,17,0,14,0,14,88,56,201,164,8,15,913,282
1400000US36047020600,"Census Tract 206, Kings County, New York",Brooklyn,929,172,466,146,385,147,81,59,50,55,7,10,7,12,17,26,0,14,248,85,53,35,176,89,19,23,0,14,0,14,6,9,0,14,0,14,48,39,24,18,137,62
1400000US36047020700,"Census Tract 207, Kings County, New York",Brooklyn,2961,411,54,51,54,51,0,14,0,14,0,14,0,14,0,14,0,14,1507,376,12,19,1495,376,0,14,0,14,0,14,0,14,0,14,139,85,180,108,33,44,1048,255
1400000US36047020800,"Census Tract 208, Kings County, New York",Brooklyn,1306,376,312,192,210,116,102,101,11,16,12,21,48,70,24,35,7,10,466,152,84,60,353,157,29,28,0,14,0,14,0,14,0,14,268,357,62,38,11,17,187,94
1400000US36047021000,"Census Tract 210, Kings County, New York",Brooklyn,1378,281,481,211,253,130,228,206,39,32,175,206,14,23,0,14,0,14,511,145,126,104,385,113,0,14,0,14,0,14,5,10,0,14,32,36,232,160,25,29,92,60
1400000US36047021100,"Census Tract 211, Kings County, New York",Brooklyn,1430,264,229,110,198,109,31,36,19,32,6,12,6,9,0,14,0,14,482,170,83,46,351,155,0,14,0,14,48,41,0,14,0,14,117,68,72,49,52,53,478,166
1400000US36047021200,"Census Tract 212, Kings County, New York",Brooklyn,1327,267,245,95,162,65,83,67,70,59,13,21,0,14,0,14,0,14,530,150,40,45,490,136,0,14,0,14,0,14,0,14,0,14,10,15,176,91,55,59,311,201
1400000US36047021300,"Census Tract 213, Kings County, New York",Brooklyn,2151,302,303,243,211,227,92,60,82,57,10,18,0,14,0,14,0,14,1205,298,2,3,1203,298,0,14,0,14,0,14,27,30,0,14,45,42,57,59,0,14,514,160
1400000US36047021400,"Census Tract 214, Kings County, New York",Brooklyn,981,252,189,78,90,64,99,57,38,30,16,18,21,30,24,34,0,14,370,210,74,85,296,194,0,14,0,14,0,14,0,14,0,14,16,26,294,112,20,32,92,49
1400000US36047021500,"Census Tract 215, Kings County, New York",Brooklyn,3595,670,333,222,333,222,0,19,0,19,0,19,0,19,0,19,0,19,1750,462,0,19,1743,463,7,18,0,19,0,19,6,16,0,19,190,123,95,86,61,79,1160,341
1400000US36047021600,"Census Tract 216, Kings County, New York",Brooklyn,1058,204,279,119,160,91,119,76,59,71,11,18,26,4,23,37,0,14,226,104,54,50,172,82,0,14,0,14,0,14,23,35,0,14,0,14,452,134,0,14,78,63
1400000US36047021700,"Census Tract 217, Kings County, New York",Brooklyn,2218,303,190,71,127,63,63,52,35,38,9,14,19,32,0,14,0,14,1170,173,17,28,1143,174,10,16,0,14,0,14,14,23,0,14,0,14,103,78,90,60,651,206
1400000US36047021800,"Census Tract 218, Kings County, New York",Brooklyn,975,239,350,183,276,167,74,72,62,69,12,18,0,14,0,14,0,14,112,87,24,29,48,48,40,65,0,14,0,14,0,14,0,14,26,31,346,151,0,14,141,163
1400000US36047021900,"Census Tract 219, Kings County, New York",Brooklyn,2744,372,399,232,367,230,32,36,17,27,0,14,0,14,15,24,0,14,1292,218,135,85,1119,188,38,48,0,14,0,14,0,14,0,14,89,70,46,58,19,20,899,169
1400000US36047022000,"Census Tract 220, Kings County, New York",Brooklyn,1578,444,356,198,280,198,76,70,14,22,62,66,0,19,0,19,0,19,266,196,8,16,258,196,0,19,0,19,0,19,30,29,0,19,0,19,639,188,0,19,287,309
1400000US36047022100,"Census Tract 221, Kings County, New York",Brooklyn,2141,296,236,123,190,118,46,42,46,42,0,14,0,14,0,14,0,14,865,204,81,66,768,195,16,24,0,14,0,14,0,14,0,14,92,57,128,114,0,14,820,191
1400000US36047022200,"Census Tract 222, Kings County, New York",Brooklyn,1451,377,482,132,246,109,236,130,190,124,13,20,0,14,33,50,0,14,411,216,24,36,365,172,22,34,0,14,0,14,0,14,0,14,25,37,354,148,0,14,179,144
1400000US36047022400,"Census Tract 224, Kings County, New York",Brooklyn,1503,334,171,106,161,100,10,17,0,19,0,19,10,17,0,19,0,19,512,238,181,149,331,165,0,19,0,19,0,19,24,28,0,19,60,69,642,194,0,19,94,84
1400000US36047022600,"Census Tract 226, Kings County, New York",Brooklyn,852,226,152,78,139,81,13,14,13,14,0,14,0,14,0,14,0,14,264,130,95,99,169,85,0,14,0,14,0,14,9,13,0,14,9,13,294,186,0,14,124,80
1400000US36047022700,"Census Tract 227, Kings County, New York",Brooklyn,2746,542,119,69,74,60,45,48,45,48,0,14,0,14,0,14,0,14,1877,522,52,64,1808,485,17,72,0,14,0,14,22,34,0,14,94,64,29,43,62,111,543,239
1400000US36047022800,"Census Tract 228, Kings County, New York",Brooklyn,938,210,121,78,104,71,17,24,17,24,0,14,0,14,0,14,0,14,491,155,42,45,449,134,0,14,0,14,0,14,9,14,0,14,26,49,176,99,32,45,83,47
1400000US36047022900,"Census Tract 229, Kings County, New York",Brooklyn,2529,383,60,39,54,39,6,10,6,10,0,14,0,14,0,14,0,14,1193,246,94,86,1089,239,10,17,0,14,0,14,13,21,23,34,153,101,221,159,0,14,866,238
1400000US36047023000,"Census Tract 230, Kings County, New York",Brooklyn,887,304,169,107,156,108,13,20,0,14,0,14,13,20,0,14,0,14,196,132,51,57,145,117,0,14,0,14,0,14,0,14,0,14,9,16,383,169,11,16,119,82
1400000US36047023100,"Census Tract 231, Kings County, New York",Brooklyn,2166,287,293,117,292,117,1,2,1,2,0,14,0,14,0,14,0,14,807,203,42,36,750,197,15,23,0,14,0,14,0,14,0,14,135,78,206,80,27,41,698,192
1400000US36047023200,"Census Tract 232, Kings County, New York",Brooklyn,1873,335,656,174,431,140,225,127,182,117,32,50,0,19,11,17,0,19,408,191,109,85,299,160,0,19,0,19,0,19,0,19,0,19,9,17,671,194,0,19,129,116
1400000US36047023300,"Census Tract 233, Kings County, New York",Brooklyn,2834,586,555,228,454,223,101,135,101,135,0,19,0,19,0,19,0,19,1313,534,193,197,1120,440,0,19,0,19,0,19,0,19,0,19,224,139,61,71,0,19,681,258
1400000US36047023400,"Census Tract 234, Kings County, New York",Brooklyn,1716,339,519,217,304,155,215,162,119,127,96,96,0,19,0,19,0,19,365,266,39,63,301,252,25,44,0,19,0,19,0,19,0,19,10,16,694,224,0,19,128,112
1400000US36047023500,"Census Tract 235, Kings County, New York",Brooklyn,2085,267,332,194,210,107,122,167,111,167,11,16,0,19,0,19,0,19,602,171,31,40,571,170,0,19,0,19,0,19,99,66,0,19,29,33,683,233,19,31,321,123
1400000US36047023600,"Census Tract 236, Kings County, New York",Brooklyn,1796,250,349,125,284,111,65,60,38,53,14,23,0,19,0,19,13,16,320,197,200,150,120,86,0,19,0,19,0,19,33,41,0,19,34,53,917,192,0,19,143,83
1400000US36047023800,"Census Tract 238, Kings County, New York",Brooklyn,1073,219,340,151,308,146,32,55,19,33,0,19,13,22,0,19,0,19,189,101,82,75,107,84,0,19,0,19,0,19,56,56,0,19,24,39,386,142,0,19,78,53
1400000US36047024000,"Census Tract 240, Kings County, New York",Brooklyn,1714,264,554,232,554,232,0,19,0,19,0,19,0,19,0,19,0,19,428,242,112,82,316,228,0,19,0,19,0,19,0,19,30,49,0,19,597,140,53,70,52,50
1400000US36047024100,"Census Tract 241, Kings County, New York",Brooklyn,1902,538,291,92,199,84,92,38,0,14,0,14,0,14,92,38,0,14,810,243,108,56,702,238,0,14,0,14,0,14,0,14,0,14,30,28,264,218,69,52,438,202
1400000US36047024200,"Census Tract 242, Kings County, New York",Brooklyn,830,172,398,116,281,90,117,76,117,76,0,14,0,14,0,14,0,14,121,63,16,22,105,58,0,14,0,14,0,14,0,14,0,14,5,8,244,85,13,18,49,38
1400000US36047024300,"Census Tract 243, Kings County, New York",Brooklyn,2591,642,413,172,413,172,0,14,0,14,0,14,0,14,0,14,0,14,1341,538,97,99,1244,515,0,14,0,14,0,14,39,42,0,14,116,88,74,78,0,14,608,200
1400000US36047024400,"Census Tract 244, Kings County, New York",Brooklyn,1158,401,284,128,220,134,64,58,53,55,11,18,0,14,0,14,0,14,507,241,115,95,320,165,72,86,0,14,0,14,11,17,0,14,0,14,187,131,0,14,169,162
1400000US36047024500,"Census Tract 245, Kings County, New York",Brooklyn,2711,405,281,129,281,129,0,14,0,14,0,14,0,14,0,14,0,14,1704,353,150,87,1503,353,51,56,0,14,0,14,56,71,30,44,36,37,81,55,22,34,501,149
1400000US36047024600,"Census Tract 246, Kings County, New York",Brooklyn,1204,310,327,136,261,91,66,62,63,63,0,14,3,13,0,14,0,14,580,178,75,58,505,196,0,14,0,14,0,14,0,14,0,14,75,78,152,82,0,14,70,46
1400000US36047024700,"Census Tract 247, Kings County, New York",Brooklyn,1464,364,276,138,223,127,53,48,35,41,18,26,0,14,0,14,0,14,487,161,49,50,438,152,0,14,0,14,0,14,58,90,0,14,84,61,117,134,0,14,442,271
1400000US36047024800,"Census Tract 248, Kings County, New York",Brooklyn,1030,202,383,129,329,124,54,38,33,35,21,29,0,14,0,14,0,14,289,160,70,100,212,97,0,14,7,10,0,14,0,14,0,14,96,80,181,84,9,15,72,66
1400000US36047024900,"Census Tract 249, Kings County, New York",Brooklyn,2444,439,76,64,43,52,33,33,0,14,0,14,33,33,0,14,0,14,1397,304,92,98,1243,263,15,26,0,14,47,65,0,14,0,14,118,78,207,98,0,14,646,229
1400000US36047025000,"Census Tract 250, Kings County, New York",Brooklyn,624,233,153,131,116,125,37,29,13,14,20,23,4,7,0,14,0,14,330,123,120,101,210,83,0,14,0,14,0,14,0,14,0,14,4,7,106,50,4,7,27,25
1400000US36047025100,"Census Tract 251, Kings County, New York",Brooklyn,1845,495,222,122,172,97,50,53,50,53,0,14,0,14,0,14,0,14,1023,443,40,55,983,435,0,14,0,14,0,14,27,30,0,14,116,82,91,66,0,14,366,181
1400000US36047025200,"Census Tract 252, Kings County, New York",Brooklyn,1718,270,410,143,313,126,97,72,57,49,40,56,0,14,0,14,0,14,893,240,148,96,745,242,0,14,0,14,0,14,32,40,0,14,9,14,122,68,13,21,239,155
1400000US36047025300,"Census Tract 253, Kings County, New York",Brooklyn,2033,325,173,127,173,127,0,14,0,14,0,14,0,14,0,14,0,14,1162,324,57,61,1085,308,20,29,0,14,0,14,0,14,0,14,61,50,126,77,86,65,425,169
1400000US36047025400,"Census Tract 254, Kings County, New York",Brooklyn,1404,398,478,284,230,116,248,232,104,85,0,14,9,13,0,14,135,217,545,184,45,51,462,145,38,59,0,14,0,14,0,14,0,14,18,22,162,91,0,14,201,125
1400000US36047025500,"Census Tract 255, Kings County, New York",Brooklyn,1753,334,324,132,225,95,99,106,60,85,39,68,0,14,0,14,0,14,1095,347,286,176,784,277,25,39,0,14,0,14,0,14,0,14,0,14,144,122,11,21,179,116
1400000US36047025600,"Census Tract 256, Kings County, New York",Brooklyn,1044,251,273,136,229,117,44,44,25,37,19,29,0,14,0,14,0,14,544,170,79,58,465,161,0,14,0,14,0,14,9,15,0,14,13,18,111,100,30,39,64,38
1400000US36047025700,"Census Tract 257, Kings County, New York",Brooklyn,1795,353,408,200,395,202,13,15,7,10,0,14,0,14,6,10,0,14,719,246,142,120,545,232,32,52,0,14,0,14,0,14,0,14,78,73,329,71,66,104,195,115
1400000US36047025800,"Census Tract 258, Kings County, New York",Brooklyn,1715,354,306,105,182,92,124,69,99,65,6,11,0,14,19,17,0,14,1148,343,279,165,839,260,30,51,0,14,0,14,0,14,0,14,22,25,34,39,12,19,193,99
1400000US36047025901,"Census Tract 259.01, Kings County, New York",Brooklyn,1216,239,332,127,286,122,46,20,46,20,0,14,0,14,0,14,0,14,505,128,10,16,495,128,0,14,0,14,0,14,0,14,0,14,18,20,92,65,0,14,269,123
1400000US36047025902,"Census Tract 259.02, Kings County, New York",Brooklyn,1165,341,175,122,175,122,0,14,0,14,0,14,0,14,0,14,0,14,762,283,237,269,525,138,0,14,0,14,0,14,0,14,0,14,0,14,48,63,0,14,180,111
1400000US36047026000,"Census Tract 260, Kings County, New York",Brooklyn,1248,216,417,143,299,133,118,90,103,91,0,14,0,14,15,20,0,14,565,166,115,78,450,151,0,14,0,14,0,14,0,14,0,14,13,21,98,61,10,16,145,91
1400000US36047026100,"Census Tract 261, Kings County, New York",Brooklyn,3408,353,487,256,478,249,9,23,9,23,0,19,0,19,0,19,0,19,1239,341,148,88,1091,351,0,19,0,19,0,19,0,19,0,19,155,111,270,226,0,19,1257,401
1400000US36047026200,"Census Tract 262, Kings County, New York",Brooklyn,1226,236,371,166,215,86,156,124,131,123,6,10,15,18,4,7,0,14,464,158,20,22,444,148,0,14,0,14,0,14,13,14,11,18,15,20,130,95,6,9,216,97
1400000US36047026300,"Census Tract 263, Kings County, New York",Brooklyn,1161,213,219,101,156,76,63,57,9,14,54,55,0,14,0,14,0,14,447,140,35,26,412,139,0,14,0,14,0,14,0,14,0,14,43,41,152,121,0,14,300,90
1400000US36047026400,"Census Tract 264, Kings County, New York",Brooklyn,1925,305,359,119,265,113,94,63,68,50,9,15,17,28,0,14,0,14,1141,266,174,123,967,213,0,14,0,14,0,14,0,14,0,14,90,107,175,102,27,39,133,53
1400000US36047026500,"Census Tract 265, Kings County, New York",Brooklyn,2331,387,343,171,277,141,66,90,0,14,66,90,0,14,0,14,0,14,953,326,127,134,826,306,0,14,0,14,0,14,0,14,0,14,44,50,106,111,0,14,885,201
1400000US36047026600,"Census Tract 266, Kings County, New York",Brooklyn,1339,249,413,138,332,122,81,74,46,48,0,14,35,55,0,14,0,14,588,183,167,99,421,180,0,14,0,14,0,14,0,14,0,14,28,36,165,88,0,14,145,85
1400000US36047026700,"Census Tract 267, Kings County, New York",Brooklyn,2502,369,264,132,235,127,29,32,14,21,0,14,0,14,15,24,0,14,1341,344,260,177,1081,263,0,14,0,14,0,14,0,14,0,14,101,70,100,74,59,68,637,200
1400000US36047026800,"Census Tract 268, Kings County, New York",Brooklyn,2042,481,659,210,475,189,184,141,144,147,3,7,0,14,0,14,37,39,741,188,125,88,616,180,0,14,0,14,0,14,29,56,0,14,261,397,131,74,22,39,199,88
1400000US36047026900,"Census Tract 269, Kings County, New York",Brooklyn,1809,308,296,118,296,118,0,14,0,14,0,14,0,14,0,14,0,14,953,246,88,79,865,236,0,14,0,14,0,14,24,34,0,14,12,21,105,90,26,33,393,174
1400000US36047027000,"Census Tract 270, Kings County, New York",Brooklyn,1005,153,413,89,281,67,132,65,109,62,12,15,11,20,0,14,0,14,278,99,88,51,190,83,0,14,0,14,0,14,10,12,0,14,7,10,151,39,20,15,126,59
1400000US36047027100,"Census Tract 271, Kings County, New York",Brooklyn,2043,369,279,157,265,156,14,23,14,23,0,14,0,14,0,14,0,14,714,252,131,116,564,221,19,43,0,14,0,14,0,14,0,14,84,98,131,99,0,14,835,360
1400000US36047027200,"Census Tract 272, Kings County, New York",Brooklyn,1922,391,530,169,476,165,54,64,54,64,0,14,0,14,0,14,0,14,963,362,253,124,710,352,0,14,0,14,0,14,0,14,0,14,0,14,124,93,0,14,305,200
1400000US36047027300,"Census Tract 273, Kings County, New York",Brooklyn,2179,373,730,370,500,214,230,247,230,247,0,14,0,14,0,14,0,14,849,257,58,74,791,234,0,14,0,14,0,14,0,14,0,14,71,61,34,49,22,33,473,220
1400000US36047027400,"Census Tract 274, Kings County, New York",Brooklyn,1065,290,259,162,227,152,32,47,3,5,29,46,0,14,0,14,0,14,577,174,123,99,454,170,0,14,0,14,0,14,0,14,0,14,38,51,110,65,0,14,81,60
1400000US36047027500,"Census Tract 275, Kings County, New York",Brooklyn,2369,409,289,147,270,142,19,23,19,23,0,19,0,19,0,19,0,19,1199,372,170,124,1029,357,0,19,0,19,0,19,10,17,0,19,265,147,114,98,62,69,430,145
1400000US36047027600,"Census Tract 276, Kings County, New York",Brooklyn,1526,391,463,172,392,163,71,67,49,62,22,30,0,14,0,14,0,14,651,206,195,118,456,194,0,14,0,14,0,14,0,14,0,14,0,14,257,247,21,28,134,107
1400000US36047027700,"Census Tract 277, Kings County, New York",Brooklyn,1594,295,480,232,433,217,47,61,47,61,0,14,0,14,0,14,0,14,808,178,215,87,593,197,0,14,0,14,0,14,0,14,0,14,39,44,102,102,0,14,165,82
1400000US36047027800,"Census Tract 278, Kings County, New York",Brooklyn,1326,285,477,147,410,141,67,47,58,45,9,13,0,14,0,14,0,14,613,182,68,57,545,174,0,14,0,14,0,14,0,14,0,14,13,21,58,50,34,39,131,101
1400000US36047027900,"Census Tract 279, Kings County, New York",Brooklyn,2180,346,355,190,258,128,97,92,55,60,0,14,0,14,42,66,0,14,987,258,106,86,881,238,0,14,0,14,0,14,0,14,0,14,78,92,220,119,73,88,467,178
1400000US36047028000,"Census Tract 280, Kings County, New York",Brooklyn,734,171,228,108,206,101,22,20,22,20,0,14,0,14,0,14,0,14,260,76,103,47,157,59,0,14,0,14,0,14,0,14,26,41,0,14,124,57,4,7,92,53
1400000US36047028100,"Census Tract 281, Kings County, New York",Brooklyn,2308,366,314,168,260,151,54,74,7,22,0,19,0,19,47,70,0,19,1341,357,199,123,1142,319,0,19,0,19,0,19,63,72,0,19,101,83,66,64,50,57,373,161
1400000US36047028200,"Census Tract 282, Kings County, New York",Brooklyn,1343,323,389,137,227,96,162,109,150,107,12,20,0,14,0,14,0,14,747,306,118,75,629,305,0,14,0,14,0,14,0,14,50,58,13,16,39,41,6,10,99,82
1400000US36047028300,"Census Tract 283, Kings County, New York",Brooklyn,1555,351,193,127,193,127,0,14,0,14,0,14,0,14,0,14,0,14,1057,294,196,144,843,232,18,27,0,14,0,14,0,14,0,14,93,73,88,74,16,37,108,70
1400000US36047028400,"Census Tract 284, Kings County, New York",Brooklyn,1635,350,445,197,367,199,78,75,68,73,0,14,0,14,10,17,0,14,703,263,249,218,454,135,0,14,0,14,0,14,0,14,0,14,0,14,248,147,32,48,207,83
1400000US36047028501,"Census Tract 285.01, Kings County, New York",Brooklyn,379,126,18,28,18,28,0,14,0,14,0,14,0,14,0,14,0,14,282,118,28,39,254,108,0,14,0,14,0,14,6,9,0,14,6,10,0,14,0,14,67,63
1400000US36047028502,"Census Tract 285.02, Kings County, New York",Brooklyn,683,257,66,91,66,91,0,14,0,14,0,14,0,14,0,14,0,14,421,229,199,156,222,173,0,14,0,14,0,14,53,70,0,14,0,14,74,101,6,10,63,45
1400000US36047028600,"Census Tract 286, Kings County, New York",Brooklyn,1353,358,391,158,391,158,0,19,0,19,0,19,0,19,0,19,0,19,451,207,92,94,359,193,0,19,0,19,0,19,52,64,0,19,16,29,86,93,0,19,357,182
1400000US36047028700,"Census Tract 287, Kings County, New York",Brooklyn,1763,399,181,159,76,57,105,123,105,123,0,14,0,14,0,14,0,14,1068,345,210,177,829,262,29,44,0,14,0,14,0,14,0,14,57,80,32,56,0,14,425,179
1400000US36047028800,"Census Tract 288, Kings County, New York",Brooklyn,1531,486,247,99,241,98,6,11,0,14,0,14,6,11,0,14,0,14,777,261,145,81,632,233,0,14,0,14,0,14,0,14,0,14,58,70,134,117,0,14,315,205
1400000US36047028900,"Census Tract 289, Kings County, New York",Brooklyn,1893,560,435,386,320,223,115,179,0,14,115,179,0,14,0,14,0,14,865,293,77,56,788,299,0,14,0,14,0,14,0,14,0,14,68,89,154,128,23,34,348,164
1400000US36047029000,"Census Tract 290, Kings County, New York",Brooklyn,1446,234,347,141,295,141,52,40,52,40,0,14,0,14,0,14,0,14,667,190,168,70,499,184,0,14,0,14,0,14,0,14,0,14,0,14,201,144,60,72,171,88
1400000US36047029100,"Census Tract 291, Kings County, New York",Brooklyn,1972,396,255,138,193,134,62,78,62,78,0,14,0,14,0,14,0,14,909,303,116,86,793,305,0,14,0,14,0,14,0,14,0,14,96,92,19,31,0,14,693,350
1400000US36047029200,"Census Tract 292, Kings County, New York",Brooklyn,991,165,252,101,192,72,60,46,23,30,0,14,0,14,0,14,37,31,547,183,146,95,401,131,0,14,0,14,0,14,0,14,0,14,0,14,53,54,11,16,128,72
1400000US36047029300,"Census Tract 293, Kings County, New York",Brooklyn,1066,279,189,176,189,176,0,14,0,14,0,14,0,14,0,14,0,14,627,266,94,70,522,234,11,25,0,14,0,14,7,20,0,14,41,41,8,13,12,19,182,110
1400000US36047029400,"Census Tract 294, Kings County, New York",Brooklyn,689,196,172,92,138,90,34,21,22,23,12,12,0,14,0,14,0,14,326,148,119,73,207,115,0,14,0,14,0,14,0,14,0,14,18,19,42,38,0,14,131,80
1400000US36047029500,"Census Tract 295, Kings County, New York",Brooklyn,2196,279,361,160,244,125,117,70,55,59,62,45,0,14,0,14,0,14,939,268,202,114,737,227,0,14,0,14,0,14,0,14,0,14,127,82,132,100,0,14,637,294
1400000US36047029600,"Census Tract 296, Kings County, New York",Brooklyn,2628,564,326,207,163,87,163,186,163,186,0,19,0,19,0,19,0,19,1548,439,492,295,1056,436,0,19,0,19,0,19,0,19,0,19,87,72,266,201,35,42,366,181
1400000US36047029700,"Census Tract 297, Kings County, New York",Brooklyn,1649,289,221,174,145,112,76,78,67,77,0,14,0,14,9,14,0,14,861,230,122,124,724,201,15,25,0,14,0,14,0,14,0,14,86,65,54,62,13,21,414,171
1400000US36047029800,"Census Tract 298, Kings County, New York",Brooklyn,1455,212,312,122,201,96,111,84,94,80,17,19,0,14,0,14,0,14,636,194,129,81,507,192,0,14,0,14,0,14,0,14,0,14,15,16,307,141,41,32,144,97
1400000US36047029900,"Census Tract 299, Kings County, New York",Brooklyn,1429,335,136,87,128,85,8,11,8,11,0,14,0,14,0,14,0,14,837,230,58,39,779,237,0,14,0,14,0,14,0,14,0,14,0,14,54,40,0,14,402,161
1400000US36047030000,"Census Tract 300, Kings County, New York",Brooklyn,1937,565,478,163,371,168,107,71,48,47,0,14,59,58,0,14,0,14,1030,496,198,113,832,475,0,14,0,14,0,14,0,14,19,31,27,43,202,123,0,14,181,118
1400000US36047030100,"Census Tract 301, Kings County, New York",Brooklyn,1554,450,331,159,288,161,43,65,43,65,0,14,0,14,0,14,0,14,946,348,119,149,809,303,18,29,0,14,0,14,42,56,0,14,56,92,2,3,22,27,155,110
1400000US36047030200,"Census Tract 302, Kings County, New York",Brooklyn,1620,364,418,131,345,118,73,48,66,45,7,11,0,14,0,14,0,14,692,203,303,168,388,145,1,2,0,14,0,14,0,14,0,14,19,25,222,131,0,14,269,157
1400000US36047030300,"Census Tract 303, Kings County, New York",Brooklyn,2160,450,338,135,338,135,0,19,0,19,0,19,0,19,0,19,0,19,1354,428,213,175,1120,393,21,36,0,19,0,19,56,97,0,19,58,101,137,113,15,24,202,90
1400000US36047030400,"Census Tract 304, Kings County, New York",Brooklyn,1828,225,401,141,346,136,55,45,1,3,13,22,24,27,17,27,0,14,675,232,226,148,449,167,0,14,0,14,0,14,0,14,0,14,9,13,218,101,75,122,450,279
1400000US36047030500,"Census Tract 305, Kings County, New York",Brooklyn,4337,587,597,311,432,288,165,133,72,111,0,19,0,19,93,145,0,19,1778,421,175,150,1603,387,0,19,0,19,0,19,44,56,0,19,39,48,152,117,137,153,1590,321
1400000US36047030600,"Census Tract 306, Kings County, New York",Brooklyn,802,172,376,123,344,120,32,24,16,24,5,7,11,18,0,14,0,14,349,121,78,53,271,107,0,14,0,14,0,14,4,6,0,14,0,14,18,27,0,14,55,33
1400000US36047030700,"Census Tract 307, Kings County, New York",Brooklyn,2326,536,494,200,463,195,31,49,0,19,0,19,31,49,0,19,0,19,1223,455,482,325,741,294,0,19,0,19,0,19,104,82,0,19,0,19,14,24,25,42,466,429
1400000US36047030800,"Census Tract 308, Kings County, New York",Brooklyn,696,225,191,68,177,66,14,22,14,22,0,14,0,14,0,14,0,14,233,71,33,31,168,62,0,14,0,14,32,22,0,14,0,14,5,7,103,103,61,87,103,71
1400000US36047030900,"Census Tract 309, Kings County, New York",Brooklyn,820,224,97,75,69,68,28,40,28,40,0,14,0,14,0,14,0,14,606,224,93,53,513,224,0,14,0,14,0,14,11,19,0,14,0,14,15,21,4,7,87,64
1400000US36047031100,"Census Tract 311, Kings County, New York",Brooklyn,1941,389,378,144,378,144,0,14,0,14,0,14,0,14,0,14,0,14,965,216,111,73,854,222,0,14,0,14,0,14,30,34,0,14,9,17,145,122,23,30,391,227
1400000US36047031300,"Census Tract 313, Kings County, New York",Brooklyn,2455,587,272,160,218,144,54,61,54,61,0,14,0,14,0,14,0,14,1423,574,77,65,1346,568,0,14,0,14,0,14,0,14,71,112,166,97,126,99,0,14,397,228
1400000US36047031401,"Census Tract 314.01, Kings County, New York",Brooklyn,2284,487,703,351,647,349,56,50,51,50,5,8,0,14,0,14,0,14,963,286,399,162,564,247,0,14,0,14,0,14,87,146,0,14,39,45,15,28,90,103,387,211
1400000US36047031402,"Census Tract 314.02, Kings County, New York",Brooklyn,0,14,0,14,0,14,0,14,0,14,0,14,0,14,0,14,0,14,0,14,0,14,0,14,0,14,0,14,0,14,0,14,0,14,0,14,0,14,0,14,0,14
1400000US36047031500,"Census Tract 315, Kings County, New York",Brooklyn,3364,553,264,113,208,107,56,44,56,44,0,19,0,19,0,19,0,19,1600,403,177,154,1328,396,95,108,0,19,0,19,0,19,0,19,288,174,127,119,55,88,1030,292
1400000US36047031701,"Census Tract 317.01, Kings County, New York",Brooklyn,2818,461,540,292,412,291,128,121,0,14,0,14,0,14,128,121,0,14,1331,264,186,127,1145,243,0,14,0,14,0,14,24,34,21,30,66,54,329,200,0,14,507,153
1400000US36047031702,"Census Tract 317.02, Kings County, New York",Brooklyn,2316,410,224,132,224,132,0,14,0,14,0,14,0,14,0,14,0,14,1152,254,52,45,1094,247,6,9,0,14,0,14,0,14,0,14,20,31,42,43,40,52,838,214
1400000US36047031900,"Census Tract 319, Kings County, New York",Brooklyn,1459,342,87,71,52,64,35,46,35,46,0,14,0,14,0,14,0,14,881,303,215,179,615,230,12,18,39,44,0,14,0,14,0,14,104,87,124,70,0,14,263,200
1400000US36047032100,"Census Tract 321, Kings County, New York",Brooklyn,2930,526,126,91,126,91,0,14,0,14,0,14,0,14,0,14,0,14,1933,401,88,86,1845,405,0,14,0,14,0,14,0,14,0,14,192,193,32,43,71,84,576,244
1400000US36047032300,"Census Tract 323, Kings County, New York",Brooklyn,1844,457,529,359,459,346,70,62,52,53,18,29,0,14,0,14,0,14,718,166,130,87,576,160,0,14,12,18,0,14,51,55,0,14,34,43,132,125,0,14,380,140
1400000US36047032500,"Census Tract 325, Kings County, New York",Brooklyn,4340,672,552,267,540,272,12,28,12,28,0,19,0,19,0,19,0,19,2946,717,176,244,2770,719,0,19,0,19,0,19,0,19,25,43,0,19,179,112,0,19,638,356
1400000US36047032600,"Census Tract 326, Kings County, New York",Brooklyn,3019,744,739,348,577,299,162,165,162,165,0,21,0,21,0,21,0,21,1218,417,241,206,926,325,51,83,0,21,0,21,0,21,0,21,0,21,149,148,86,98,827,639
1400000US36047032700,"Census Tract 327, Kings County, New York",Brooklyn,1560,280,227,164,196,155,31,47,0,14,0,14,0,14,0,14,31,47,930,230,5,39,925,227,0,14,0,14,0,14,11,17,0,14,33,34,31,27,0,14,328,145
1400000US36047032800,"Census Tract 328, Kings County, New York",Brooklyn,1072,222,368,104,223,99,145,89,97,80,48,59,0,14,0,14,0,14,547,213,200,207,347,185,0,14,0,14,0,14,0,14,0,14,0,14,118,101,13,15,26,30
1400000US36047032900,"Census Tract 329, Kings County, New York",Brooklyn,2323,368,594,291,498,292,96,84,0,19,55,63,0,19,0,19,41,62,932,288,111,87,821,283,0,19,0,19,0,19,0,19,0,19,14,24,374,223,21,39,388,216
1400000US36047033000,"Census Tract 330, Kings County, New York",Brooklyn,1395,456,236,124,197,114,39,58,39,58,0,14,0,14,0,14,0,14,827,417,243,151,584,377,0,14,0,14,0,14,0,14,0,14,0,14,220,173,0,14,112,93
1400000US36047033100,"Census Tract 331, Kings County, New York",Brooklyn,1588,381,264,117,215,107,49,45,15,23,34,38,0,14,0,14,0,14,747,314,206,235,541,232,0,14,0,14,0,14,0,14,0,14,17,27,288,161,42,47,230,116
1400000US36047033300,"Census Tract 333, Kings County, New York",Brooklyn,1490,359,526,205,329,143,197,130,197,130,0,14,0,14,0,14,0,14,319,148,149,77,170,119,0,14,0,14,0,14,2,25,31,46,0,14,452,169,0,14,160,98
1400000US36047033500,"Census Tract 335, Kings County, New York",Brooklyn,1653,334,232,127,190,111,42,40,39,40,0,14,0,14,3,6,0,14,696,208,123,88,560,176,13,18,0,14,0,14,13,20,0,14,0,14,425,117,33,29,254,109
1400000US36047033600,"Census Tract 336, Kings County, New York",Brooklyn,2019,425,1323,430,1033,363,290,175,250,151,0,14,40,47,0,14,0,14,378,184,193,131,157,111,28,43,0,14,0,14,0,14,0,14,38,58,0,14,17,27,263,121
1400000US36047033701,"Census Tract 337.01, Kings County, New York",Brooklyn,1107,248,233,93,200,84,33,42,9,15,0,14,0,14,24,38,0,14,561,196,98,78,463,191,0,14,0,14,0,14,0,14,0,14,0,14,230,147,0,14,83,55
1400000US36047033702,"Census Tract 337.02, Kings County, New York",Brooklyn,757,135,151,59,151,59,0,14,0,14,0,14,0,14,0,14,0,14,240,88,0,14,195,84,0,14,45,48,0,14,0,14,0,14,82,51,170,103,0,14,114,56
1400000US36047033900,"Census Tract 339, Kings County, New York",Brooklyn,2212,440,410,243,328,217,82,76,82,76,0,19,0,19,0,19,0,19,1005,325,191,174,729,290,0,19,74,108,11,16,29,53,0,19,32,32,98,105,28,45,610,280
1400000US36047034000,"Census Tract 340, Kings County, New York",Brooklyn,291,105,11,12,11,12,0,14,0,14,0,14,0,14,0,14,0,14,153,87,20,19,133,85,0,14,0,14,0,14,0,14,0,14,0,14,62,54,0,14,65,58
1400000US36047034100,"Census Tract 341, Kings County, New York",Brooklyn,1315,312,102,60,89,58,13,22,13,22,0,14,0,14,0,14,0,14,789,242,100,126,636,194,11,18,42,64,0,14,0,14,0,14,41,35,37,38,0,14,346,193
1400000US36047034200,"Census Tract 342, Kings County, New York",Brooklyn,1312,418,115,123,106,123,9,15,9,15,0,19,0,19,0,19,0,19,990,454,84,127,906,436,0,19,0,19,0,19,24,43,0,19,0,19,77,85,6,35,100,61
1400000US36047034300,"Census Tract 343, Kings County, New York",Brooklyn,1342,410,171,124,94,83,77,67,77,67,0,14,0,14,0,14,0,14,740,298,152,104,588,290,0,14,0,14,0,14,37,71,0,14,57,70,88,132,0,14,249,137
1400000US36047034500,"Census Tract 345, Kings County, New York",Brooklyn,1607,438,156,90,156,90,0,14,0,14,0,14,0,14,0,14,0,14,1038,295,55,63,983,297,0,14,0,14,0,14,0,14,0,14,0,14,109,69,13,21,291,235
1400000US36047034700,"Census Tract 347, Kings County, New York",Brooklyn,1545,302,463,208,327,175,136,136,136,136,0,14,0,14,0,14,0,14,973,293,229,182,744,274,0,14,0,14,0,14,0,14,0,14,18,30,0,14,0,14,91,82
1400000US36047034800,"Census Tract 348, Kings County, New York",Brooklyn,1276,253,354,207,344,204,10,19,10,19,0,14,0,14,0,14,0,14,675,231,91,58,575,210,9,12,0,14,0,14,19,27,0,14,0,14,127,71,9,16,92,67
1400000US36047034901,"Census Tract 349.01, Kings County, New York",Brooklyn,1076,504,151,108,151,108,0,14,0,14,0,14,0,14,0,14,0,14,670,350,80,78,590,295,0,14,0,14,0,14,0,14,0,14,0,14,0,14,26,39,229,222
1400000US36047034902,"Census Tract 349.02, Kings County, New York",Brooklyn,1362,377,100,145,100,145,0,14,0,14,0,14,0,14,0,14,0,14,1048,332,258,123,761,291,29,46,0,14,0,14,0,14,0,14,0,14,77,67,30,46,107,97
1400000US36047035000,"Census Tract 350, Kings County, New York",Brooklyn,1164,269,230,105,230,105,0,14,0,14,0,14,0,14,0,14,0,14,603,205,171,107,432,163,0,14,0,14,0,14,0,14,0,14,0,14,163,102,18,31,150,78
1400000US36047035101,"Census Tract 351.01, Kings County, New York",Brooklyn,602,202,110,72,82,64,28,45,28,45,0,14,0,14,0,14,0,14,402,202,32,34,370,201,0,14,0,14,0,14,13,22,0,14,17,26,15,22,0,14,45,39
1400000US36047035102,"Census Tract 351.02, Kings County, New York",Brooklyn,1501,299,197,128,140,110,57,54,57,54,0,14,0,14,0,14,0,14,979,340,84,69,895,305,0,14,0,14,0,14,33,44,0,14,33,39,88,58,0,14,171,87
1400000US36047035200,"Census Tract 352, Kings County, New York",Brooklyn,245,88,155,42,41,41,114,8,114,8,0,14,0,14,0,14,0,14,85,70,8,9,77,70,0,14,0,14,0,14,0,14,0,14,0,14,5,8,0,14,0,14
1400000US36047035301,"Census Tract 353.01, Kings County, New York",Brooklyn,1248,327,328,206,259,157,69,69,69,69,0,14,0,14,0,14,0,14,545,191,80,73,455,188,10,18,0,14,0,14,0,14,0,14,0,14,34,42,0,14,341,151
1400000US36047035302,"Census Tract 353.02, Kings County, New York",Brooklyn,1328,262,233,192,212,184,21,31,21,31,0,14,0,14,0,14,0,14,604,171,15,22,578,166,11,18,0,14,0,14,0,14,0,14,150,139,142,97,24,33,175,72
1400000US36047035400,"Census Tract 354, Kings County, New York",Brooklyn,2228,433,793,267,708,235,85,119,85,119,0,19,0,19,0,19,0,19,899,272,326,194,573,219,0,19,0,19,0,19,0,19,0,19,0,19,259,142,70,74,207,131
1400000US36047035500,"Census Tract 355, Kings County, New York",Brooklyn,2469,495,621,296,592,277,29,74,29,74,0,19,0,19,0,19,0,19,1317,357,507,243,810,271,0,19,0,19,0,19,33,50,0,19,0,19,257,155,0,19,241,114
1400000US36047035601,"Census Tract 356.01, Kings County, New York",Brooklyn,691,189,262,174,249,176,13,22,13,22,0,14,0,14,0,14,0,14,189,77,27,28,162,75,0,14,0,14,0,14,0,14,0,14,0,14,61,47,12,18,167,134
1400000US36047035602,"Census Tract 356.02, Kings County, New York",Brooklyn,2304,450,865,364,841,360,24,44,24,44,0,19,0,19,0,19,0,19,802,276,142,118,660,235,0,19,0,19,0,19,75,82,0,19,0,19,342,218,0,19,220,153
1400000US36047035701,"Census Tract 357.01, Kings County, New York",Brooklyn,941,237,108,89,108,89,0,14,0,14,0,14,0,14,0,14,0,14,639,213,192,159,447,152,0,14,0,14,0,14,13,20,0,14,0,14,105,69,16,23,60,42
1400000US36047035702,"Census Tract 357.02, Kings County, New York",Brooklyn,0,14,0,14,0,14,0,14,0,14,0,14,0,14,0,14,0,14,0,14,0,14,0,14,0,14,0,14,0,14,0,14,0,14,0,14,0,14,0,14,0,14
1400000US36047035900,"Census Tract 359, Kings County, New York",Brooklyn,2886,700,313,224,305,222,8,16,0,19,8,16,0,19,0,19,0,19,1842,535,313,231,1529,383,0,19,0,19,0,19,46,65,0,19,129,119,243,291,33,53,280,191
1400000US36047036001,"Census Tract 360.01, Kings County, New York",Brooklyn,1049,177,290,101,260,90,30,29,30,29,0,14,0,14,0,14,0,14,405,135,85,64,320,142,0,14,0,14,0,14,9,16,0,14,0,14,244,96,0,14,101,67
1400000US36047036002,"Census Tract 360.02, Kings County, New York",Brooklyn,1342,354,156,104,156,104,0,14,0,14,0,14,0,14,0,14,0,14,297,176,0,14,297,176,0,14,0,14,0,14,20,37,0,14,0,14,540,235,62,72,267,123
1400000US36047036100,"Census Tract 361, Kings County, New York",Brooklyn,1067,357,111,119,48,80,63,88,63,88,0,14,0,14,0,14,0,14,755,335,198,115,557,347,0,14,0,14,0,14,0,14,0,14,42,88,70,74,0,14,89,87
1400000US36047036200,"Census Tract 362, Kings County, New York",Brooklyn,1495,358,427,166,321,89,106,131,14,23,79,128,13,19,0,14,0,14,359,134,66,51,293,120,0,14,0,14,0,14,9,13,0,14,91,89,350,266,13,20,246,149
1400000US36047036300,"Census Tract 363, Kings County, New York",Brooklyn,2409,454,861,273,861,273,0,19,0,19,0,19,0,19,0,19,0,19,1294,319,371,213,923,341,0,19,0,19,0,19,69,102,0,19,0,19,0,19,21,32,164,127
1400000US36047036400,"Census Tract 364, Kings County, New York",Brooklyn,995,242,284,160,206,112,78,69,78,69,0,14,0,14,0,14,0,14,427,162,75,55,352,158,0,14,0,14,0,14,8,14,0,14,0,14,150,89,19,24,107,58
1400000US36047036501,"Census Tract 365.01, Kings County, New York",Brooklyn,1428,300,427,196,328,185,99,171,99,171,0,14,0,14,0,14,0,14,766,232,156,120,610,203,0,14,0,14,0,14,0,14,14,23,0,14,189,160,14,22,18,30
1400000US36047036502,"Census Tract 365.02, Kings County, New York",Brooklyn,1100,276,155,90,155,90,0,14,0,14,0,14,0,14,0,14,0,14,868,246,184,139,684,199,0,14,0,14,0,14,0,14,0,14,0,14,30,33,0,14,47,56
1400000US36047036600,"Census Tract 366, Kings County, New York",Brooklyn,1934,467,617,453,498,444,119,73,110,73,9,13,0,14,0,14,0,14,733,175,267,110,466,126,0,14,0,14,0,14,27,36,0,14,95,106,284,120,15,15,163,87
1400000US36047036700,"Census Tract 367, Kings County, New York",Brooklyn,925,277,345,174,330,170,15,17,15,17,0,14,0,14,0,14,0,14,469,205,129,72,340,200,0,14,0,14,0,14,0,14,0,14,0,14,53,50,0,14,58,40
1400000US36047036900,"Census Tract 369, Kings County, New York",Brooklyn,2399,617,532,341,334,274,198,184,198,184,0,19,0,19,0,19,0,19,1288,420,315,230,973,368,0,19,0,19,0,19,0,19,0,19,49,93,62,71,89,136,379,242
1400000US36047037000,"Census Tract 370, Kings County, New York",Brooklyn,1673,322,341,139,299,113,42,46,37,47,0,14,5,10,0,14,0,14,766,264,87,76,640,259,39,51,0,14,0,14,0,14,0,14,0,14,291,123,0,14,275,135
1400000US36047037100,"Census Tract 371, Kings County, New York",Brooklyn,2565,437,1183,325,996,303,187,126,107,102,80,118,0,14,0,14,0,14,987,260,120,118,867,245,0,14,0,14,0,14,17,26,0,14,10,15,35,41,0,14,333,156
1400000US36047037300,"Census Tract 373, Kings County, New York",Brooklyn,2367,427,414,190,309,163,105,95,68,79,0,14,37,55,0,14,0,14,1216,398,235,158,981,372,0,14,0,14,0,14,19,29,0,14,9,14,59,62,0,14,650,203
1400000US36047037401,"Census Tract 374.01, Kings County, New York",Brooklyn,1690,331,537,169,443,167,94,54,32,37,62,44,0,14,0,14,0,14,826,252,186,104,640,217,0,14,0,14,0,14,29,32,0,14,0,14,186,82,8,18,104,72
1400000US36047037402,"Census Tract 374.02, Kings County, New York",Brooklyn,2160,362,849,271,613,243,236,188,236,188,0,19,0,19,0,19,0,19,653,224,156,103,497,185,0,19,0,19,0,19,0,19,0,19,22,37,525,212,20,30,91,70
1400000US36047037500,"Census Tract 375, Kings County, New York",Brooklyn,2022,409,222,101,190,109,32,36,32,36,0,14,0,14,0,14,0,14,1065,329,60,68,953,295,52,80,0,14,0,14,43,30,0,14,0,14,28,36,0,14,664,256
1400000US36047037700,"Census Tract 377, Kings County, New York",Brooklyn,2525,422,685,252,564,196,121,135,121,135,0,19,0,19,0,19,0,19,1027,245,86,91,922,229,19,29,0,19,0,19,0,19,0,19,139,134,112,106,41,64,521,232
1400000US36047037900,"Census Tract 379, Kings County, New York",Brooklyn,1692,406,400,208,360,200,40,40,31,37,9,14,0,14,0,14,0,14,909,322,97,81,812,333,0,14,0,14,0,14,37,48,0,14,5,8,102,89,0,14,239,121
1400000US36047038100,"Census Tract 381, Kings County, New York",Brooklyn,2537,428,446,271,446,271,0,19,0,19,0,19,0,19,0,19,0,19,1361,362,310,225,982,327,69,64,0,19,0,19,0,19,0,19,41,59,161,99,0,19,528,214
1400000US36047038200,"Census Tract 382, Kings County, New York",Brooklyn,828,237,32,56,32,56,0,19,0,19,0,19,0,19,0,19,0,19,608,208,33,41,575,205,0,19,0,19,0,19,0,19,16,30,0,19,12,18,9,10,151,124
1400000US36047038300,"Census Tract 383, Kings County, New York",Brooklyn,2850,514,870,365,760,321,110,118,28,45,82,110,0,19,0,19,0,19,1211,350,194,170,945,326,72,114,0,19,0,19,0,19,0,19,139,88,75,96,0,19,555,229
1400000US36047038500,"Census Tract 385, Kings County, New York",Brooklyn,1971,458,474,353,474,353,0,14,0,14,0,14,0,14,0,14,0,14,1017,187,156,120,861,183,0,14,0,14,0,14,0,14,0,14,57,53,31,52,0,14,392,133
1400000US36047038600,"Census Tract 386, Kings County, New York",Brooklyn,1233,336,428,125,327,101,101,60,82,45,19,33,0,14,0,14,0,14,439,174,33,29,406,168,0,14,0,14,0,14,0,14,0,14,0,14,43,67,18,21,305,231
1400000US36047038700,"Census Tract 387, Kings County, New York",Brooklyn,2907,468,1252,325,772,182,480,239,480,239,0,19,0,19,0,19,0,19,1396,280,277,181,1119,328,0,19,0,19,0,19,0,19,0,19,0,19,11,26,26,56,222,141
1400000US36047038800,"Census Tract 388, Kings County, New York",Brooklyn,2167,636,1030,399,441,148,589,368,189,130,374,348,26,41,0,19,0,19,629,290,104,70,525,282,0,19,0,19,0,19,8,12,0,19,46,45,277,243,21,25,156,99
1400000US36047038900,"Census Tract 389, Kings County, New York",Brooklyn,2104,414,369,225,284,190,85,141,85,141,0,14,0,14,0,14,0,14,1252,414,16,27,1236,416,0,14,0,14,0,14,0,14,0,14,22,34,118,85,14,21,329,177
1400000US36047039000,"Census Tract 390, Kings County, New York",Brooklyn,743,146,391,135,253,92,138,111,125,108,13,19,0,14,0,14,0,14,106,52,34,33,72,43,0,14,0,14,0,14,5,9,0,14,0,14,174,99,16,25,51,33
1400000US36047039100,"Census Tract 391, Kings County, New York",Brooklyn,3212,434,235,197,176,127,59,86,54,86,5,8,0,19,0,19,0,19,1877,415,68,15,1809,414,0,19,0,19,0,19,0,19,0,19,26,41,229,203,6,10,839,238
1400000US36047039200,"Census Tract 392, Kings County, New York",Brooklyn,1168,239,473,184,457,184,16,20,16,20,0,14,0,14,0,14,0,14,511,184,59,67,347,132,105,125,0,14,0,14,0,14,0,14,15,23,91,62,33,35,45,57
1400000US36047039300,"Census Tract 393, Kings County, New York",Brooklyn,2293,429,125,81,84,56,41,62,41,62,0,14,0,14,0,14,0,14,1453,374,7,6,1446,374,0,14,0,14,0,14,9,14,0,14,41,43,97,84,27,31,541,181
1400000US36047039400,"Census Tract 394, Kings County, New York",Brooklyn,661,163,331,142,278,128,53,45,17,27,0,14,36,34,0,14,0,14,126,67,37,33,89,60,0,14,0,14,0,14,0,14,0,14,0,14,171,86,22,35,11,13
1400000US36047039500,"Census Tract 395, Kings County, New York",Brooklyn,2822,470,237,135,171,94,66,79,22,57,0,14,44,53,0,14,0,14,1775,458,50,47,1725,471,0,14,0,14,0,14,0,14,0,14,38,46,76,53,54,90,642,215
1400000US36047039600,"Census Tract 396, Kings County, New York",Brooklyn,703,276,223,154,174,143,49,37,20,19,12,21,17,22,0,14,0,14,201,91,0,14,201,91,0,14,0,14,0,14,64,56,0,14,8,12,85,86,0,14,122,78
1400000US36047039700,"Census Tract 397, Kings County, New York",Brooklyn,2233,342,382,187,312,160,70,82,70,82,0,14,0,14,0,14,0,14,1505,328,181,151,1324,307,0,14,0,14,0,14,0,14,0,14,55,54,16,24,30,47,245,133
1400000US36047039800,"Census Tract 398, Kings County, New York",Brooklyn,1058,237,412,200,343,183,69,56,60,55,9,13,0,14,0,14,0,14,386,109,45,32,341,96,0,14,0,14,0,14,0,14,0,14,9,16,121,115,0,14,130,66
1400000US36047039900,"Census Tract 399, Kings County, New York",Brooklyn,1887,382,258,158,175,152,83,80,21,31,15,23,47,66,0,14,0,14,1102,274,235,136,867,277,0,14,0,14,0,14,0,14,0,14,82,81,29,31,22,38,394,178
1400000US36047040000,"Census Tract 400, Kings County, New York",Brooklyn,972,230,495,131,417,120,78,60,78,60,0,14,0,14,0,14,0,14,351,161,2,5,349,162,0,14,0,14,0,14,0,14,0,14,0,14,24,36,0,14,102,70
1400000US36047040100,"Census Tract 401, Kings County, New York",Brooklyn,1792,424,359,164,316,151,43,64,43,64,0,14,0,14,0,14,0,14,871,410,84,46,766,409,21,41,0,14,0,14,0,14,0,14,0,14,0,14,0,14,562,284
1400000US36047040200,"Census Tract 402, Kings County, New York",Brooklyn,1061,190,232,93,196,84,36,36,23,34,0,14,7,10,6,9,0,14,535,136,30,42,505,122,0,14,0,14,0,14,0,14,0,14,30,23,37,32,13,20,214,119
1400000US36047040300,"Census Tract 403, Kings County, New York",Brooklyn,2465,484,334,178,254,154,80,93,16,27,0,14,48,87,16,25,0,14,1519,347,95,96,1424,349,0,14,0,14,0,14,25,41,14,23,110,83,56,55,74,86,333,127
1400000US36047040400,"Census Tract 404, Kings County, New York",Brooklyn,1287,211,275,111,215,100,60,45,60,45,0,14,0,14,0,14,0,14,641,124,17,15,624,123,0,14,0,14,0,14,0,14,0,14,11,16,88,32,4,7,268,154
1400000US36047040500,"Census Tract 405, Kings County, New York",Brooklyn,1049,272,162,90,156,86,6,11,6,11,0,14,0,14,0,14,0,14,797,282,68,55,729,284,0,14,0,14,0,14,0,14,0,14,0,14,19,28,0,14,71,41
1400000US36047040600,"Census Tract 406, Kings County, New York",Brooklyn,1791,388,494,205,454,199,40,42,30,38,0,14,0,14,0,14,10,16,792,258,186,156,606,160,0,14,0,14,0,14,0,14,0,14,18,29,68,55,0,14,419,244
1400000US36047040700,"Census Tract 407, Kings County, New York",Brooklyn,0,14,0,14,0,14,0,14,0,14,0,14,0,14,0,14,0,14,0,14,0,14,0,14,0,14,0,14,0,14,0,14,0,14,0,14,0,14,0,14,0,14
1400000US36047040800,"Census Tract 408, Kings County, New York",Brooklyn,1384,255,457,168,318,141,139,85,90,49,0,14,0,14,0,14,49,70,563,207,12,19,551,208,0,14,0,14,0,14,0,14,0,14,0,14,88,93,13,22,263,75
1400000US36047040900,"Census Tract 409, Kings County, New York",Brooklyn,2053,345,490,239,308,172,182,147,103,85,0,14,79,132,0,14,0,14,1095,291,245,242,850,217,0,14,0,14,0,14,15,24,0,14,0,14,69,61,10,19,374,179
1400000US36047041000,"Census Tract 410, Kings County, New York",Brooklyn,647,148,209,106,175,101,34,33,31,32,0,14,3,6,0,14,0,14,276,168,26,28,250,164,0,14,0,14,0,14,0,14,0,14,0,14,72,42,0,14,90,80
1400000US36047041100,"Census Tract 411, Kings County, New York",Brooklyn,1263,340,375,194,335,194,40,45,40,45,0,14,0,14,0,14,0,14,593,199,18,28,549,197,26,28,0,14,0,14,0,14,0,14,32,40,46,41,0,14,217,125
1400000US36047041200,"Census Tract 412, Kings County, New York",Brooklyn,1159,318,556,302,309,212,247,241,83,95,164,219,0,14,0,14,0,14,366,136,65,71,301,129,0,14,0,14,0,14,0,14,0,14,0,14,29,27,0,14,208,108
1400000US36047041300,"Census Tract 413, Kings County, New York",Brooklyn,2353,656,485,361,393,252,92,120,24,41,0,14,0,14,0,14,68,109,1064,413,0,14,1064,413,0,14,0,14,0,14,0,14,0,14,53,85,144,164,0,14,607,341
1400000US36047041401,"Census Tract 414.01, Kings County, New York",Brooklyn,416,86,164,87,159,85,5,15,0,14,5,15,0,14,0,14,0,14,134,69,22,21,112,61,0,14,0,14,0,14,0,14,0,14,19,31,20,23,0,14,79,46
1400000US36047041402,"Census Tract 414.02, Kings County, New York",Brooklyn,643,183,234,88,177,85,57,43,30,28,6,8,21,33,0,14,0,14,284,100,104,84,180,90,0,14,0,14,0,14,24,39,0,14,9,18,23,32,0,14,69,38
1400000US36047041500,"Census Tract 415, Kings County, New York",Brooklyn,2490,496,776,465,731,460,45,72,25,40,20,33,0,14,0,14,0,14,833,235,118,70,715,232,0,14,0,14,0,14,96,120,0,14,159,150,146,124,29,47,451,203
1400000US36047041600,"Census Tract 416, Kings County, New York",Brooklyn,634,201,263,123,189,109,74,69,63,67,11,19,0,14,0,14,0,14,152,113,76,98,76,46,0,14,0,14,0,14,0,14,0,14,32,32,76,39,8,12,103,45
1400000US36047041700,"Census Tract 417, Kings County, New York",Brooklyn,1363,397,342,158,325,155,17,24,0,14,0,14,0,14,0,14,17,24,913,285,413,228,500,222,0,14,0,14,0,14,0,14,0,14,7,39,74,92,0,14,27,125
1400000US36047041800,"Census Tract 418, Kings County, New York",Brooklyn,679,183,266,145,246,145,20,17,20,17,0,14,0,14,0,14,0,14,137,57,58,42,79,42,0,14,0,14,0,14,5,7,0,14,52,55,120,54,6,9,93,72
1400000US36047041900,"Census Tract 419, Kings County, New York",Brooklyn,1313,338,252,162,252,162,0,14,0,14,0,14,0,14,0,14,0,14,780,241,63,92,717,258,0,14,0,14,0,14,0,14,0,14,50,63,42,68,0,14,189,103
1400000US36047042000,"Census Tract 420, Kings County, New York",Brooklyn,633,140,127,52,96,40,31,33,15,24,0,14,6,9,6,11,4,7,253,114,75,50,178,86,0,14,0,14,0,14,0,14,0,14,0,14,199,52,0,14,54,34
1400000US36047042100,"Census Tract 421, Kings County, New York",Brooklyn,2516,399,277,143,191,110,86,70,48,49,38,57,0,14,0,14,0,14,1247,286,187,108,1015,237,45,78,0,14,0,14,0,14,0,14,86,76,434,249,0,14,472,180
1400000US36047042200,"Census Tract 422, Kings County, New York",Brooklyn,1137,518,365,147,307,144,58,40,46,39,0,14,12,17,0,14,0,14,427,275,138,99,289,237,0,14,0,14,0,14,0,14,0,14,11,18,93,51,6,14,235,222
1400000US36047042300,"Census Tract 423, Kings County, New York",Brooklyn,2826,543,414,290,268,241,146,158,146,158,0,14,0,14,0,14,0,14,1633,538,183,177,1437,442,13,19,0,14,0,14,0,14,0,14,66,78,57,59,36,57,620,243
1400000US36047042400,"Census Tract 424, Kings County, New York",Brooklyn,1507,307,416,240,306,138,110,134,110,134,0,14,0,14,0,14,0,14,762,193,57,43,705,195,0,14,0,14,0,14,23,25,0,14,11,16,78,60,7,9,210,83
1400000US36047042500,"Census Tract 425, Kings County, New York",Brooklyn,1441,303,119,86,64,51,55,51,55,51,0,14,0,14,0,14,0,14,994,265,50,55,944,259,0,14,0,14,0,14,0,14,0,14,69,59,65,56,50,51,144,92
1400000US36047042600,"Census Tract 426, Kings County, New York",Brooklyn,1761,361,572,267,290,200,282,171,225,146,0,14,0,14,0,14,57,87,783,176,126,89,657,176,0,14,0,14,0,14,0,14,0,14,17,30,195,111,9,14,185,75
1400000US36047042700,"Census Tract 427, Kings County, New York",Brooklyn,2534,342,262,139,183,111,79,59,64,61,0,14,0,14,15,27,0,14,1402,299,137,138,1205,297,32,50,28,47,0,14,31,50,0,14,18,21,144,96,0,14,677,237
1400000US36047042800,"Census Tract 428, Kings County, New York",Brooklyn,1728,322,616,190,488,174,128,80,128,80,0,14,0,14,0,14,0,14,654,212,83,85,571,168,0,14,0,14,0,14,0,14,0,14,47,54,212,126,28,36,171,82
1400000US36047042900,"Census Tract 429, Kings County, New York",Brooklyn,2452,399,141,111,120,105,21,37,21,37,0,14,0,14,0,14,0,14,1235,335,73,74,1143,322,0,14,19,30,0,14,0,14,181,135,96,85,69,97,76,80,654,215
1400000US36047043000,"Census Tract 430, Kings County, New York",Brooklyn,1691,294,313,114,256,108,57,45,57,45,0,14,0,14,0,14,0,14,958,231,125,75,833,249,0,14,0,14,0,14,0,14,0,14,19,32,174,100,4,6,223,149
1400000US36047043100,"Census Tract 431, Kings County, New York",Brooklyn,2678,542,79,116,79,116,0,14,0,14,0,14,0,14,0,14,0,14,1628,517,73,109,1555,532,0,14,0,14,0,14,10,26,0,14,102,73,46,51,31,46,782,312
1400000US36047043200,"Census Tract 432, Kings County, New York",Brooklyn,2031,439,583,341,486,300,97,91,97,91,0,14,0,14,0,14,0,14,991,206,126,80,865,183,0,14,0,14,0,14,0,14,0,14,0,14,153,97,5,10,299,141
1400000US36047043300,"Census Tract 433, Kings County, New York",Brooklyn,1646,410,249,207,234,206,15,23,15,23,0,14,0,14,0,14,0,14,887,301,218,173,669,274,0,14,0,14,0,14,0,14,0,14,1,3,178,124,26,41,305,150
1400000US36047043400,"Census Tract 434, Kings County, New York",Brooklyn,1335,286,259,141,206,110,53,56,53,56,0,14,0,14,0,14,0,14,700,206,111,94,589,166,0,14,0,14,0,14,0,14,0,14,82,94,135,83,9,15,150,129
1400000US36047043500,"Census Tract 435, Kings County, New York",Brooklyn,2500,489,399,178,383,172,16,21,2,5,0,14,0,14,14,21,0,14,1503,300,300,154,1203,252,0,14,0,14,0,14,28,40,0,14,17,20,126,79,8,12,419,221
1400000US36047043600,"Census Tract 436, Kings County, New York",Brooklyn,2185,601,538,158,432,131,106,123,34,45,69,117,3,5,0,14,0,14,1122,494,473,474,591,157,58,39,0,14,0,14,0,14,0,14,17,26,220,114,0,14,288,233
1400000US36047043700,"Census Tract 437, Kings County, New York",Brooklyn,2821,677,612,303,612,303,0,19,0,19,0,19,0,19,0,19,0,19,1403,636,23,40,1026,295,354,575,0,19,0,19,80,73,0,19,19,41,87,95,0,19,620,207
1400000US36047043800,"Census Tract 438, Kings County, New York",Brooklyn,999,215,460,156,339,124,121,74,67,60,14,20,40,45,0,14,0,14,301,100,53,34,248,96,0,14,0,14,0,14,0,14,0,14,0,14,110,100,11,16,117,79
1400000US36047043900,"Census Tract 439, Kings County, New York",Brooklyn,1846,534,378,188,378,188,0,14,0,14,0,14,0,14,0,14,0,14,894,338,128,124,749,247,17,19,0,14,0,14,0,14,0,14,41,64,163,127,14,24,356,161
1400000US36047044000,"Census Tract 440, Kings County, New York",Brooklyn,890,146,218,75,181,69,37,23,26,20,11,14,0,14,0,14,0,14,362,124,43,27,319,123,0,14,0,14,0,14,21,28,0,14,5,7,95,55,2,5,187,84
1400000US36047044100,"Census Tract 441, Kings County, New York",Brooklyn,2480,527,347,226,167,113,180,180,169,180,11,20,0,14,0,14,0,14,1368,333,172,111,1196,319,0,14,0,14,0,14,0,14,0,14,13,24,385,444,0,14,367,190
1400000US36047044200,"Census Tract 442, Kings County, New York",Brooklyn,829,200,255,106,150,70,105,87,64,81,22,27,13,20,6,9,0,14,311,131,73,56,238,123,0,14,0,14,0,14,41,60,0,14,26,42,72,59,12,14,112,61
1400000US36047044300,"Census Tract 443, Kings County, New York",Brooklyn,3125,533,352,115,339,115,13,20,13,20,0,14,0,14,0,14,0,14,1623,449,226,166,1375,384,22,31,0,14,0,14,0,14,0,14,0,14,192,110,0,14,958,319
1400000US36047044400,"Census Tract 444, Kings County, New York",Brooklyn,1082,304,326,165,326,165,0,14,0,14,0,14,0,14,0,14,0,14,371,146,47,45,324,128,0,14,0,14,0,14,8,13,0,14,52,56,172,174,0,14,153,90
1400000US36047044500,"Census Tract 445, Kings County, New York",Brooklyn,2051,288,256,173,256,173,0,14,0,14,0,14,0,14,0,14,0,14,1120,261,32,51,1088,252,0,14,0,14,0,14,0,14,0,14,33,38,115,77,13,20,514,197
1400000US36047044600,"Census Tract 446, Kings County, New York",Brooklyn,838,237,192,123,127,64,65,97,65,97,0,14,0,14,0,14,0,14,499,191,28,27,457,193,14,16,0,14,0,14,0,14,0,14,0,14,65,42,8,11,74,66
1400000US36047044700,"Census Tract 447, Kings County, New York",Brooklyn,1013,207,57,40,57,40,0,14,0,14,0,14,0,14,0,14,0,14,600,188,18,21,582,191,0,14,0,14,0,14,0,14,0,14,87,76,22,19,0,14,247,68
1400000US36047044800,"Census Tract 448, Kings County, New York",Brooklyn,735,127,116,65,90,62,26,27,26,27,0,14,0,14,0,14,0,14,253,95,36,35,214,90,3,11,0,14,0,14,28,37,0,14,8,12,95,62,0,14,235,75
1400000US36047044901,"Census Tract 449.01, Kings County, New York",Brooklyn,1253,389,231,187,223,184,8,13,8,13,0,14,0,14,0,14,0,14,580,257,136,53,444,252,0,14,0,14,0,14,0,14,0,14,85,78,88,110,23,33,246,110
1400000US36047044902,"Census Tract 449.02, Kings County, New York",Brooklyn,0,14,0,14,0,14,0,14,0,14,0,14,0,14,0,14,0,14,0,14,0,14,0,14,0,14,0,14,0,14,0,14,0,14,0,14,0,14,0,14,0,14
1400000US36047045000,"Census Tract 450, Kings County, New York",Brooklyn,301,125,114,67,85,47,29,31,29,31,0,14,0,14,0,14,0,14,44,29,20,25,24,17,0,14,0,14,0,14,0,14,0,14,18,25,34,28,0,14,91,89
1400000US36047045200,"Census Tract 452, Kings County, New York",Brooklyn,975,234,434,133,370,121,64,44,17,19,28,28,19,29,0,14,0,14,289,102,100,61,189,83,0,14,0,14,0,14,0,14,0,14,0,14,135,81,8,11,109,53
1400000US36047045300,"Census Tract 453, Kings County, New York",Brooklyn,970,195,44,46,20,20,24,37,24,37,0,14,0,14,0,14,0,14,454,160,55,49,399,149,0,14,0,14,0,14,0,14,0,14,80,64,63,44,93,64,236,119
1400000US36047045400,"Census Tract 454, Kings County, New York",Brooklyn,913,294,289,93,235,82,54,44,26,31,7,11,20,29,0,14,1,2,367,263,104,83,263,246,0,14,0,14,0,14,0,14,0,14,8,13,142,99,0,14,107,68
1400000US36047045600,"Census Tract 456, Kings County, New York",Brooklyn,967,188,289,117,251,113,38,24,32,21,0,14,6,9,0,14,0,14,439,192,329,177,110,85,0,14,0,14,0,14,14,18,0,14,0,14,145,73,0,14,80,44
1400000US36047045800,"Census Tract 458, Kings County, New York",Brooklyn,422,103,159,38,133,42,26,25,21,24,0,14,5,7,0,14,0,14,118,55,7,13,111,55,0,14,0,14,0,14,38,45,0,14,13,21,38,43,7,10,49,36
1400000US36047046000,"Census Tract 460, Kings County, New York",Brooklyn,1355,249,429,128,389,129,40,46,0,14,0,14,10,14,30,43,0,14,443,135,76,54,367,104,0,14,0,14,0,14,19,25,0,14,20,23,44,41,5,10,395,170
1400000US36047046201,"Census Tract 462.01, Kings County, New York",Brooklyn,915,279,324,168,220,120,104,162,104,162,0,14,0,14,0,14,0,14,403,178,52,54,351,163,0,14,0,14,0,14,0,14,0,14,18,28,53,45,11,28,106,61
1400000US36047046202,"Census Tract 462.02, Kings County, New York",Brooklyn,674,143,175,69,133,58,42,34,33,26,9,14,0,14,0,14,0,14,162,61,90,51,72,44,0,14,0,14,0,14,37,35,0,14,30,47,188,88,0,14,82,52
1400000US36047046400,"Census Tract 464, Kings County, New York",Brooklyn,798,242,383,194,298,107,85,119,82,119,0,14,0,14,0,14,3,5,45,34,15,16,26,26,4,7,0,14,0,14,47,34,0,14,15,18,243,129,0,14,65,50
1400000US36047046800,"Census Tract 468, Kings County, New York",Brooklyn,699,215,153,85,153,85,0,14,0,14,0,14,0,14,0,14,0,14,167,173,112,165,55,51,0,14,0,14,0,14,10,18,0,14,0,14,231,102,0,14,138,116
1400000US36047047000,"Census Tract 470, Kings County, New York",Brooklyn,767,149,406,117,320,108,86,75,57,70,0,14,0,14,16,23,13,19,62,42,19,29,43,33,0,14,0,14,0,14,12,20,0,14,10,14,180,69,9,15,88,69
1400000US36047047200,"Census Tract 472, Kings County, New York",Brooklyn,719,156,226,106,207,109,19,24,19,24,0,14,0,14,0,14,0,14,44,32,14,15,30,28,0,14,0,14,0,14,36,44,0,14,0,14,245,83,20,22,148,82
1400000US36047047400,"Census Tract 474, Kings County, New York",Brooklyn,892,210,236,98,215,98,21,23,0,14,0,14,21,23,0,14,0,14,133,82,18,21,115,76,0,14,0,14,0,14,48,43,0,14,0,14,391,163,0,14,84,68
1400000US36047047600,"Census Tract 476, Kings County, New York",Brooklyn,1088,231,475,142,366,137,109,71,109,71,0,14,0,14,0,14,0,14,155,105,16,25,104,79,35,54,0,14,0,14,0,14,0,14,0,14,363,107,0,14,95,92
1400000US36047047700,"Census Tract 477, Kings County, New York",Brooklyn,3079,396,172,108,163,107,9,17,9,17,0,14,0,14,0,14,0,14,1446,324,0,14,1446,324,0,14,0,14,0,14,12,19,0,14,91,79,174,114,61,69,1123,261
1400000US36047047800,"Census Tract 478, Kings County, New York",Brooklyn,1956,353,514,215,433,221,81,60,81,60,0,19,0,19,0,19,0,19,597,337,107,86,490,350,0,19,0,19,0,19,0,19,0,19,10,21,727,207,0,19,108,78
1400000US36047048000,"Census Tract 480, Kings County, New York",Brooklyn,1316,307,384,148,304,120,80,66,20,33,10,15,31,48,0,14,19,30,336,160,94,91,242,115,0,14,0,14,0,14,6,11,0,14,0,14,450,152,27,42,113,71
1400000US36047048100,"Census Tract 481, Kings County, New York",Brooklyn,1640,219,86,54,65,46,21,30,21,30,0,14,0,14,0,14,0,14,812,193,148,126,664,161,0,14,0,14,0,14,0,14,0,14,47,73,75,58,61,53,559,141
1400000US36047048200,"Census Tract 482, Kings County, New York",Brooklyn,2414,737,931,359,852,355,79,95,0,19,79,95,0,19,0,19,0,19,801,434,63,63,738,412,0,19,0,19,0,19,0,19,0,19,0,19,207,105,122,120,353,194
1400000US36047048400,"Census Tract 484, Kings County, New York",Brooklyn,2585,668,786,458,526,400,260,204,210,167,0,14,41,64,9,17,0,14,805,201,240,141,565,192,0,14,0,14,0,14,0,14,0,14,121,117,290,187,26,20,557,232
1400000US36047048500,"Census Tract 485, Kings County, New York",Brooklyn,1608,272,89,64,73,64,16,17,16,17,0,14,0,14,0,14,0,14,710,171,11,26,698,172,1,3,0,14,0,14,0,14,0,14,73,49,53,52,25,29,658,198
1400000US36047048600,"Census Tract 486, Kings County, New York",Brooklyn,1080,186,90,57,65,50,25,24,11,16,4,8,0,14,0,14,10,15,618,156,55,45,558,144,1,3,4,11,0,14,0,14,0,14,58,57,127,70,38,35,149,78
1400000US36047048800,"Census Tract 488, Kings County, New York",Brooklyn,1951,313,699,253,553,223,146,95,60,49,16,25,48,73,22,37,0,14,623,169,66,53,557,155,0,14,0,14,0,14,29,33,0,14,62,62,133,92,0,14,405,141
1400000US36047048900,"Census Tract 489, Kings County, New York",Brooklyn,937,276,116,151,109,150,7,13,7,13,0,14,0,14,0,14,0,14,724,227,39,48,685,204,0,14,0,14,0,14,0,14,0,14,0,14,97,148,0,14,0,14
1400000US36047049000,"Census Tract 490, Kings County, New York",Brooklyn,2693,418,850,375,850,375,0,19,0,19,0,19,0,19,0,19,0,19,924,267,88,64,836,238,0,19,0,19,0,19,119,134,0,19,87,66,145,71,28,35,540,221
1400000US36047049100,"Census Tract 491, Kings County, New York",Brooklyn,2431,387,187,119,143,103,44,53,14,21,0,19,0,19,0,19,30,48,1588,345,91,77,1451,338,0,19,0,19,46,72,0,19,0,19,39,44,408,275,0,19,209,132
1400000US36047049200,"Census Tract 492, Kings County, New York",Brooklyn,1518,376,373,167,325,162,48,73,26,40,22,33,0,14,0,14,0,14,631,207,149,80,469,178,13,21,0,14,0,14,0,14,0,14,0,14,116,96,0,14,398,201
1400000US36047049301,"Census Tract 493.01, Kings County, New York",Brooklyn,506,148,62,58,47,52,15,24,15,24,0,14,0,14,0,14,0,14,320,125,12,18,308,126,0,14,0,14,0,14,0,14,0,14,0,14,82,68,20,22,22,26
1400000US36047049302,"Census Tract 493.02, Kings County, New York",Brooklyn,2571,447,111,75,111,75,0,14,0,14,0,14,0,14,0,14,0,14,1530,403,99,148,1399,373,32,50,0,14,0,14,22,35,0,14,0,14,107,115,67,107,734,247
1400000US36047049400,"Census Tract 494, Kings County, New York",Brooklyn,3150,846,665,581,628,594,37,54,37,54,0,19,0,19,0,19,0,19,1219,350,309,164,903,293,7,11,0,19,0,19,68,59,0,19,73,92,81,73,93,95,951,352
1400000US36047049500,"Census Tract 495, Kings County, New York",Brooklyn,2256,336,191,104,148,86,43,46,43,46,0,14,0,14,0,14,0,14,848,204,16,24,832,204,0,14,0,14,0,14,31,30,10,15,122,82,140,94,58,84,856,322
1400000US36047049600,"Census Tract 496, Kings County, New York",Brooklyn,1754,353,286,122,174,94,112,85,39,54,15,27,0,14,58,93,0,14,761,189,139,122,622,158,0,14,0,14,0,14,0,14,0,14,56,56,52,37,61,40,538,215
1400000US36047049700,"Census Tract 497, Kings County, New York",Brooklyn,2333,374,168,89,168,89,0,14,0,14,0,14,0,14,0,14,0,14,1201,276,12,18,1098,246,32,49,0,14,59,85,0,14,0,14,98,73,112,78,32,35,722,181
1400000US36047049800,"Census Tract 498, Kings County, New York",Brooklyn,2087,456,410,147,378,140,32,36,32,36,0,14,0,14,0,14,0,14,970,420,4,5,966,420,0,14,0,14,0,14,0,14,0,14,94,72,43,38,29,33,541,182
1400000US36047049900,"Census Tract 499, Kings County, New York",Brooklyn,1717,257,76,51,76,51,0,14,0,14,0,14,0,14,0,14,0,14,847,238,33,40,814,246,0,14,0,14,0,14,26,29,0,14,34,30,119,80,10,17,605,201
1400000US36047050001,"Census Tract 500.01, Kings County, New York",Brooklyn,886,144,142,50,107,45,35,29,29,27,6,9,0,14,0,14,0,14,447,123,38,30,409,112,0,14,0,14,0,14,6,9,0,14,12,14,58,46,6,10,215,84
1400000US36047050002,"Census Tract 500.02, Kings County, New York",Brooklyn,868,211,106,59,83,51,23,20,15,16,8,12,0,14,0,14,0,14,361,101,1,3,360,101,0,14,0,14,0,14,0,14,0,14,10,14,38,49,34,54,319,187
1400000US36047050100,"Census Tract 501, Kings County, New York",Brooklyn,1864,293,76,44,76,44,0,14,0,14,0,14,0,14,0,14,0,14,860,231,12,20,848,231,0,14,0,14,0,14,0,14,0,14,87,76,330,151,0,14,511,139
1400000US36047050202,"Census Tract 502.02, Kings County, New York",Brooklyn,1246,237,88,76,63,54,25,38,0,14,25,38,0,14,0,14,0,14,592,159,16,25,576,152,0,14,0,14,0,14,8,12,0,14,139,138,47,36,25,28,347,132
1400000US36047050300,"Census Tract 503, Kings County, New York",Brooklyn,2295,553,72,75,41,61,31,45,0,14,31,45,0,14,0,14,0,14,1126,385,0,14,1126,385,0,14,0,14,0,14,17,27,0,14,136,106,107,77,0,14,837,304
1400000US36047050401,"Census Tract 504.01, Kings County, New York",Brooklyn,1587,307,121,92,121,92,0,14,0,14,0,14,0,14,0,14,0,14,742,240,48,62,694,215,0,14,0,14,0,14,0,14,0,14,57,81,148,127,4,11,515,166
1400000US36047050402,"Census Tract 504.02, Kings County, New York",Brooklyn,1228,695,162,102,157,102,5,8,0,14,0,14,5,8,0,14,0,14,681,389,24,29,657,388,0,14,0,14,0,14,0,14,0,14,0,14,47,41,0,14,338,316
1400000US36047050500,"Census Tract 505, Kings County, New York",Brooklyn,2280,484,378,228,353,235,25,41,0,14,0,14,0,14,0,14,25,41,1174,438,0,14,1174,438,0,14,0,14,0,14,0,14,0,14,68,90,218,150,36,57,406,190
1400000US36047050600,"Census Tract 506, Kings County, New York",Brooklyn,2868,702,582,452,531,405,51,63,37,57,0,19,0,19,0,19,14,24,1590,592,137,81,1423,570,0,19,0,19,30,36,0,19,6,9,90,65,142,66,38,47,420,135
1400000US36047050700,"Census Tract 507, Kings County, New York",Brooklyn,973,174,250,90,250,90,0,14,0,14,0,14,0,14,0,14,0,14,142,66,17,28,102,52,0,14,0,14,23,31,7,26,0,14,23,20,434,140,0,14,117,88
1400000US36047050801,"Census Tract 508.01, Kings County, New York",Brooklyn,1792,441,268,166,268,166,0,14,0,14,0,14,0,14,0,14,0,14,1185,309,93,65,1092,313,0,14,0,14,0,14,0,14,0,14,14,22,117,93,23,33,185,79
1400000US36047050803,"Census Tract 508.03, Kings County, New York",Brooklyn,1459,383,204,154,204,154,0,14,0,14,0,14,0,14,0,14,0,14,912,299,0,14,912,299,0,14,0,14,0,14,0,14,0,14,33,31,24,22,19,21,267,109
1400000US36047050804,"Census Tract 508.04, Kings County, New York",Brooklyn,3507,442,441,172,441,172,0,19,0,19,0,19,0,19,0,19,0,19,1919,400,261,145,1658,378,0,19,0,19,0,19,0,19,0,19,173,162,24,36,19,30,931,236
1400000US36047050900,"Census Tract 509, Kings County, New York",Brooklyn,1724,410,350,161,262,149,88,80,64,71,0,19,0,19,24,37,0,19,429,201,56,67,373,194,0,19,0,19,0,19,0,19,0,19,43,63,620,211,0,19,282,212
1400000US36047051001,"Census Tract 510.01, Kings County, New York",Brooklyn,1963,481,413,362,402,356,11,35,11,35,0,14,0,14,0,14,0,14,1014,232,175,103,839,239,0,14,0,14,0,14,0,14,0,14,71,96,162,153,0,14,303,155
1400000US36047051002,"Census Tract 510.02, Kings County, New York",Brooklyn,1972,276,308,151,226,123,82,69,69,62,13,20,0,14,0,14,0,14,1272,256,218,105,1047,233,7,11,0,14,0,14,0,14,0,14,32,51,84,52,0,14,276,113
1400000US36047051100,"Census Tract 511, Kings County, New York",Brooklyn,2234,458,148,123,148,123,0,14,0,14,0,14,0,14,0,14,0,14,1157,349,0,14,1157,349,0,14,0,14,0,14,0,14,0,14,73,110,172,90,33,50,651,255
1400000US36047051200,"Census Tract 512, Kings County, New York",Brooklyn,3756,847,354,201,354,201,0,19,0,19,0,19,0,19,0,19,0,19,2846,810,167,192,2645,695,34,53,0,19,0,19,0,19,0,19,99,88,180,123,0,19,277,137
1400000US36047051300,"Census Tract 513, Kings County, New York",Brooklyn,3424,457,314,196,265,188,49,68,49,68,0,19,0,19,0,19,0,19,1864,317,65,59,1799,306,0,19,0,19,0,19,14,23,0,19,129,88,216,146,0,19,887,220
1400000US36047051400,"Census Tract 514, Kings County, New York",Brooklyn,3905,618,763,399,574,389,189,116,189,116,0,19,0,19,0,19,0,19,1904,447,284,199,1565,416,55,63,0,19,0,19,102,113,0,19,158,155,230,132,38,60,710,243
1400000US36047051500,"Census Tract 515, Kings County, New York",Brooklyn,2144,297,320,151,320,151,0,14,0,14,0,14,0,14,0,14,0,14,1152,216,10,14,1135,216,0,14,0,14,7,11,0,14,0,14,54,43,115,94,78,114,425,125
1400000US36047051601,"Census Tract 516.01, Kings County, New York",Brooklyn,2626,438,577,214,455,210,122,89,99,84,23,34,0,14,0,14,0,14,1506,347,596,247,899,238,11,17,0,14,0,14,0,14,0,14,140,116,38,42,58,66,307,139
1400000US36047051602,"Census Tract 516.02, Kings County, New York",Brooklyn,1787,460,272,145,126,90,146,122,146,122,0,14,0,14,0,14,0,14,1304,478,329,165,975,380,0,14,0,14,0,14,0,14,0,14,63,47,12,15,4,19,132,94
1400000US36047051700,"Census Tract 517, Kings County, New York",Brooklyn,2111,367,224,268,197,264,27,29,27,29,0,14,0,14,0,14,0,14,888,233,0,14,843,222,0,14,0,14,45,43,7,12,0,14,40,29,72,48,44,55,836,209
1400000US36047051800,"Census Tract 518, Kings County, New York",Brooklyn,2209,398,201,99,198,100,3,9,3,9,0,14,0,14,0,14,0,14,1445,380,88,58,1357,379,0,14,0,14,0,14,0,14,0,14,25,30,0,14,30,28,508,112
1400000US36047051900,"Census Tract 519, Kings County, New York",Brooklyn,4985,720,109,76,89,70,20,27,15,26,5,8,0,19,0,19,0,19,2498,456,0,19,2454,459,0,19,0,19,44,43,9,19,60,94,166,101,146,82,203,254,1794,572
1400000US36047052000,"Census Tract 520, Kings County, New York",Brooklyn,1767,318,255,138,177,110,78,97,78,97,0,14,0,14,0,14,0,14,825,261,55,48,770,251,0,14,0,14,0,14,0,14,0,14,15,16,58,66,7,12,607,148
1400000US36047052300,"Census Tract 523, Kings County, New York",Brooklyn,2851,493,162,130,128,118,34,57,34,57,0,19,0,19,0,19,0,19,1482,350,123,95,1359,353,0,19,0,19,0,19,25,39,33,53,47,50,330,171,0,19,772,221
1400000US36047052500,"Census Tract 525, Kings County, New York",Brooklyn,1401,312,348,169,151,80,197,147,72,92,0,14,99,108,26,39,0,14,669,210,16,30,644,209,9,29,0,14,0,14,35,51,0,14,0,14,189,105,0,14,160,93
1400000US36047052600,"Census Tract 526, Kings County, New York",Brooklyn,2204,337,315,196,306,196,9,14,9,14,0,14,0,14,0,14,0,14,1019,252,113,63,888,261,18,27,0,14,0,14,9,14,0,14,23,28,127,74,47,50,664,212
1400000US36047052700,"Census Tract 527, Kings County, New York",Brooklyn,2637,428,200,150,181,146,19,31,19,31,0,19,0,19,0,19,0,19,1322,313,32,53,1290,300,0,19,0,19,0,19,0,19,0,19,170,130,436,248,0,19,509,181
1400000US36047052800,"Census Tract 528, Kings County, New York",Brooklyn,881,163,213,84,185,79,28,27,22,23,6,13,0,14,0,14,0,14,359,141,37,33,322,130,0,14,0,14,0,14,0,14,0,14,18,26,94,51,8,12,189,76
1400000US36047052900,"Census Tract 529, Kings County, New York",Brooklyn,1344,418,287,215,203,166,84,102,53,62,0,14,31,50,0,14,0,14,306,267,24,40,282,274,0,14,0,14,0,14,0,14,0,14,0,14,707,155,0,14,44,55
1400000US36047053000,"Census Tract 530, Kings County, New York",Brooklyn,1421,439,423,206,341,209,82,51,54,33,0,14,0,14,0,14,28,27,608,297,99,88,509,270,0,14,0,14,0,14,15,17,0,14,7,11,114,60,21,29,233,125
1400000US36047053101,"Census Tract 531.01, Kings County, New York",Brooklyn,914,194,41,42,41,42,0,14,0,14,0,14,0,14,0,14,0,14,11,17,0,14,11,17,0,14,0,14,0,14,0,14,0,14,0,14,807,205,3,10,52,29
1400000US36047053102,"Census Tract 531.02, Kings County, New York",Brooklyn,2200,481,425,210,294,189,131,116,131,116,0,19,0,19,0,19,0,19,373,269,47,78,326,260,0,19,0,19,0,19,0,19,0,19,115,109,1004,300,94,98,189,158
1400000US36047053200,"Census Tract 532, Kings County, New York",Brooklyn,966,169,257,95,123,53,134,79,98,76,0,14,0,14,30,35,6,10,399,137,25,19,351,132,23,29,0,14,0,14,13,13,0,14,15,18,139,64,8,12,135,56
1400000US36047053300,"Census Tract 533, Kings County, New York",Brooklyn,1731,315,236,107,196,96,40,41,19,24,0,19,0,19,21,34,0,19,236,165,115,124,121,108,0,19,0,19,0,19,0,19,0,19,0,19,1156,320,0,19,103,89
1400000US36047053400,"Census Tract 534, Kings County, New York",Brooklyn,1823,495,516,175,286,110,230,134,192,120,38,59,0,14,0,14,0,14,932,449,185,112,747,430,0,14,0,14,0,14,0,14,0,14,10,11,228,118,52,66,85,67
1400000US36047053500,"Census Tract 535, Kings County, New York",Brooklyn,1132,328,147,109,113,104,34,40,24,36,0,14,0,14,10,15,0,14,221,223,86,94,135,193,0,14,0,14,0,14,0,14,0,14,0,14,563,267,0,14,201,136
1400000US36047053700,"Census Tract 537, Kings County, New York",Brooklyn,928,197,151,79,136,77,15,22,15,22,0,14,0,14,0,14,0,14,85,61,71,55,14,24,0,14,0,14,0,14,48,43,0,14,53,88,515,169,14,20,62,46
1400000US36047053800,"Census Tract 538, Kings County, New York",Brooklyn,2233,542,553,194,402,146,151,133,151,133,0,19,0,19,0,19,0,19,836,311,176,163,617,219,43,70,0,19,0,19,5,43,0,19,39,62,202,165,207,215,391,237
1400000US36047053900,"Census Tract 539, Kings County, New York",Brooklyn,791,155,330,122,225,93,105,102,64,64,0,14,0,14,41,46,0,14,131,78,24,29,107,74,0,14,0,14,0,14,0,14,0,14,0,14,241,91,8,13,81,68
1400000US36047054200,"Census Tract 542, Kings County, New York",Brooklyn,1581,261,470,135,367,95,103,95,94,95,9,15,0,14,0,14,0,14,675,212,105,75,570,198,0,14,0,14,0,14,15,24,0,14,0,14,108,89,71,110,242,156
1400000US36047054300,"Census Tract 543, Kings County, New York",Brooklyn,0,14,0,14,0,14,0,14,0,14,0,14,0,14,0,14,0,14,0,14,0,14,0,14,0,14,0,14,0,14,0,14,0,14,0,14,0,14,0,14,0,14
1400000US36047054400,"Census Tract 544, Kings County, New York",Brooklyn,1401,283,504,146,391,138,113,58,95,57,18,24,0,14,0,14,0,14,409,146,155,115,254,106,0,14,0,14,0,14,8,13,0,14,24,36,104,81,8,14,344,192
1400000US36047054500,"Census Tract 545, Kings County, New York",Brooklyn,2171,610,186,156,149,117,37,62,37,62,0,19,0,19,0,19,0,19,1247,425,180,264,1067,389,0,19,0,19,0,19,0,19,0,19,0,19,418,279,30,64,290,313
1400000US36047054600,"Census Tract 546, Kings County, New York",Brooklyn,2591,628,848,390,503,170,345,340,278,330,67,85,0,19,0,19,0,19,1222,359,409,196,765,273,48,78,0,19,0,19,16,26,0,19,0,19,168,154,0,19,337,179
1400000US36047054700,"Census Tract 547, Kings County, New York",Brooklyn,3751,450,282,137,144,86,138,102,138,102,0,19,0,19,0,19,0,19,1609,427,80,69,859,264,0,19,0,19,670,334,18,27,0,19,93,119,800,256,0,19,949,383
1400000US36047054800,"Census Tract 548, Kings County, New York",Brooklyn,933,217,536,236,491,208,45,51,36,49,9,14,0,14,0,14,0,14,189,108,20,22,169,105,0,14,0,14,0,14,8,13,0,14,3,5,97,75,0,14,100,72
1400000US36047054900,"Census Tract 549, Kings County, New York",Brooklyn,2700,271,359,124,276,107,83,79,83,79,0,14,0,14,0,14,0,14,993,258,18,29,894,258,0,14,0,14,81,108,43,48,0,14,184,118,220,124,68,71,833,202
1400000US36047055000,"Census Tract 550, Kings County, New York",Brooklyn,1392,257,485,180,454,179,31,36,31,36,0,14,0,14,0,14,0,14,511,138,210,84,301,113,0,14,0,14,0,14,8,16,33,46,20,25,160,87,22,34,153,71
1400000US36047055100,"Census Tract 551, Kings County, New York",Brooklyn,4092,469,342,221,243,158,99,161,80,159,0,19,0,19,0,19,19,31,1189,289,0,19,1135,289,0,19,0,19,54,71,69,106,0,19,262,153,282,178,0,19,1948,346
1400000US36047055200,"Census Tract 552, Kings County, New York",Brooklyn,1744,394,570,152,362,110,208,143,127,102,71,99,0,14,10,17,0,14,569,243,101,61,468,236,0,14,0,14,0,14,18,27,0,14,41,61,151,83,55,69,340,178
1400000US36047055300,"Census Tract 553, Kings County, New York",Brooklyn,2290,270,193,124,193,124,0,14,0,14,0,14,0,14,0,14,0,14,1157,281,0,14,1118,274,0,14,0,14,39,48,0,14,0,14,71,56,58,41,12,20,799,223
1400000US36047055400,"Census Tract 554, Kings County, New York",Brooklyn,1836,282,401,121,379,112,22,28,16,26,0,14,0,14,0,14,6,11,867,222,139,88,697,211,31,43,0,14,0,14,23,24,0,14,0,14,268,147,5,9,272,142
1400000US36047055500,"Census Tract 555, Kings County, New York",Brooklyn,6805,910,550,332,487,323,63,75,12,20,51,72,0,19,0,19,0,19,3356,879,0,19,2936,840,10,18,0,19,410,199,69,115,0,19,334,188,326,210,62,83,2108,594
1400000US36047055600,"Census Tract 556, Kings County, New York",Brooklyn,1155,222,356,80,322,72,34,42,34,42,0,14,0,14,0,14,0,14,377,147,59,51,298,133,0,14,0,14,20,30,0,14,0,14,10,16,177,103,0,14,235,125
1400000US36047055700,"Census Tract 557, Kings County, New York",Brooklyn,1286,329,15,24,15,24,0,14,0,14,0,14,0,14,0,14,0,14,464,172,0,14,399,140,50,76,0,14,15,23,28,30,0,14,14,24,76,60,28,30,661,308
1400000US36047055800,"Census Tract 558, Kings County, New York",Brooklyn,936,173,166,78,160,77,6,16,6,16,0,14,0,14,0,14,0,14,351,85,72,50,266,78,13,16,0,14,0,14,26,28,0,14,0,14,95,56,75,69,223,122
1400000US36047056000,"Census Tract 560, Kings County, New York",Brooklyn,1460,256,496,174,483,173,13,21,0,14,13,21,0,14,0,14,0,14,609,193,241,143,368,155,0,14,0,14,0,14,0,14,0,14,0,14,102,78,19,28,234,93
1400000US36047056100,"Census Tract 561, Kings County, New York",Brooklyn,2482,462,153,87,144,87,9,15,9,15,0,14,0,14,0,14,0,14,1002,215,7,11,945,205,13,19,0,14,37,33,8,14,0,14,126,80,182,57,24,31,987,412
1400000US36047056200,"Census Tract 562, Kings County, New York",Brooklyn,583,207,299,171,215,110,84,77,78,78,0,14,6,9,0,14,0,14,146,69,22,20,124,66,0,14,0,14,0,14,0,14,0,14,18,22,0,14,68,70,52,28
1400000US36047056301,"Census Tract 563.01, Kings County, New York",Brooklyn,3044,469,440,245,374,175,66,103,66,103,0,14,0,14,0,14,0,14,1097,274,54,59,894,272,0,14,0,14,149,139,0,14,23,37,333,215,169,127,33,39,949,235
1400000US36047056302,"Census Tract 563.02, Kings County, New York",Brooklyn,1468,270,180,115,144,107,36,42,36,42,0,14,0,14,0,14,0,14,749,175,95,61,634,169,0,14,0,14,20,27,0,14,0,14,62,63,91,68,23,37,363,226
1400000US36047056400,"Census Tract 564, Kings County, New York",Brooklyn,1140,216,469,136,416,137,53,39,30,34,0,14,23,30,0,14,0,14,370,131,81,49,289,132,0,14,0,14,0,14,25,27,0,14,127,88,21,26,11,16,117,68
1400000US36047056500,"Census Tract 565, Kings County, New York",Brooklyn,2268,289,243,111,111,60,132,85,88,70,44,65,0,14,0,14,0,14,954,199,68,60,819,205,0,14,0,14,67,45,0,14,0,14,73,49,141,100,25,28,832,215
1400000US36047056600,"Census Tract 566, Kings County, New York",Brooklyn,823,150,265,82,174,59,91,47,91,47,0,14,0,14,0,14,0,14,404,110,100,44,299,115,0,14,0,14,5,10,0,14,0,14,4,7,79,41,7,10,64,45
1400000US36047056800,"Census Tract 568, Kings County, New York",Brooklyn,581,163,236,90,178,84,58,38,58,38,0,14,0,14,0,14,0,14,280,110,79,57,201,79,0,14,0,14,0,14,0,14,0,14,0,14,11,13,4,7,50,31
1400000US36047056900,"Census Tract 569, Kings County, New York",Brooklyn,1018,113,62,36,62,36,0,14,0,14,0,14,0,14,0,14,0,14,397,84,24,22,372,86,0,14,0,14,1,3,0,14,0,14,26,23,78,33,0,14,455,70
1400000US36047057000,"Census Tract 570, Kings County, New York",Brooklyn,1364,261,398,99,319,90,79,50,79,50,0,14,0,14,0,14,0,14,695,246,299,173,277,93,32,33,0,14,87,133,15,23,0,14,18,22,43,42,11,16,184,89
1400000US36047057100,"Census Tract 571, Kings County, New York",Brooklyn,2527,370,226,111,226,111,0,14,0,14,0,14,0,14,0,14,0,14,900,222,92,76,766,216,0,14,0,14,42,49,0,14,0,14,180,90,199,181,105,131,917,278
1400000US36047057200,"Census Tract 572, Kings County, New York",Brooklyn,1805,443,325,166,277,164,48,46,3,5,17,27,0,19,0,19,28,38,782,317,362,175,420,214,0,19,0,19,0,19,18,24,0,19,59,91,187,207,23,37,411,222
1400000US36047057300,"Census Tract 573, Kings County, New York",Brooklyn,1837,395,314,142,314,142,0,14,0,14,0,14,0,14,0,14,0,14,729,247,11,15,708,241,10,18,0,14,0,14,0,14,0,14,47,36,64,55,92,108,591,209
1400000US36047057400,"Census Tract 574, Kings County, New York",Brooklyn,1263,284,506,126,367,100,139,55,102,48,24,29,0,14,0,14,13,18,339,84,57,32,282,79,0,14,0,14,0,14,0,14,0,14,34,52,155,128,4,6,225,124
1400000US36047057500,"Census Tract 575, Kings County, New York",Brooklyn,3348,492,278,163,207,122,71,110,71,110,0,14,0,14,0,14,0,14,1640,363,118,88,1508,374,0,14,0,14,14,22,0,14,0,14,50,53,233,159,71,92,1076,331
1400000US36047057600,"Census Tract 576, Kings County, New York",Brooklyn,1290,314,340,121,299,123,41,42,41,42,0,14,0,14,0,14,0,14,495,255,90,81,405,245,0,14,0,14,0,14,0,14,0,14,20,33,75,54,55,41,305,151
1400000US36047057800,"Census Tract 578, Kings County, New York",Brooklyn,1098,260,372,94,298,103,74,52,67,48,7,14,0,14,0,14,0,14,470,208,54,50,416,207,0,14,0,14,0,14,32,31,0,14,0,14,40,47,36,42,148,91
1400000US36047057901,"Census Tract 579.01, Kings County, New York",Brooklyn,1032,227,123,52,93,42,30,31,30,31,0,14,0,14,0,14,0,14,483,124,2,3,465,117,16,15,0,14,0,14,3,4,12,17,45,27,37,66,7,11,322,176
1400000US36047057902,"Census Tract 579.02, Kings County, New York",Brooklyn,0,14,0,14,0,14,0,14,0,14,0,14,0,14,0,14,0,14,0,14,0,14,0,14,0,14,0,14,0,14,0,14,0,14,0,14,0,14,0,14,0,14
1400000US36047058000,"Census Tract 580, Kings County, New York",Brooklyn,1292,423,102,52,83,46,19,21,19,21,0,14,0,14,0,14,0,14,839,421,111,101,728,408,0,14,0,14,0,14,20,31,0,14,31,37,91,60,0,14,209,137
1400000US36047058200,"Census Tract 582, Kings County, New York",Brooklyn,1095,316,160,93,120,82,40,50,40,50,0,14,0,14,0,14,0,14,649,257,84,86,565,227,0,14,0,14,0,14,79,101,0,14,0,14,141,114,8,13,58,58
1400000US36047058400,"Census Tract 584, Kings County, New York",Brooklyn,1596,359,451,251,427,251,24,27,16,25,8,12,0,14,0,14,0,14,568,177,72,52,496,163,0,14,0,14,0,14,20,23,0,14,8,13,263,125,10,16,276,107
1400000US36047058600,"Census Tract 586, Kings County, New York",Brooklyn,902,186,299,92,256,86,43,31,35,29,8,11,0,14,0,14,0,14,313,114,17,16,296,112,0,14,0,14,0,14,5,7,0,14,12,12,88,47,0,14,185,137
1400000US36047058800,"Census Tract 588, Kings County, New York",Brooklyn,1788,389,475,157,399,124,76,66,27,31,49,61,0,14,0,14,0,14,838,275,15,24,823,275,0,14,0,14,0,14,0,14,0,14,0,14,218,146,8,14,249,150
1400000US36047058901,"Census Tract 589.01, Kings County, New York",Brooklyn,1036,183,174,63,130,57,44,32,34,29,10,14,0,14,0,14,0,14,386,96,19,17,364,94,0,14,0,14,3,4,9,14,0,14,115,62,71,42,0,14,281,131
1400000US36047058902,"Census Tract 589.02, Kings County, New York",Brooklyn,0,14,0,14,0,14,0,14,0,14,0,14,0,14,0,14,0,14,0,14,0,14,0,14,0,14,0,14,0,14,0,14,0,14,0,14,0,14,0,14,0,14
1400000US36047059000,"Census Tract 590, Kings County, New York",Brooklyn,781,169,166,95,152,95,14,17,14,17,0,14,0,14,0,14,0,14,451,140,74,58,377,134,0,14,0,14,0,14,0,14,0,14,18,23,30,26,37,36,79,40
1400000US36047059100,"Census Tract 591, Kings County, New York",Brooklyn,2419,293,380,184,367,184,13,20,13,20,0,14,0,14,0,14,0,14,888,210,40,50,848,216,0,14,0,14,0,14,22,24,0,14,124,85,246,148,0,14,759,196
1400000US36047059200,"Census Tract 592, Kings County, New York",Brooklyn,1472,264,329,134,268,101,61,78,0,14,61,78,0,14,0,14,0,14,800,237,99,72,701,235,0,14,0,14,0,14,0,14,0,14,0,14,87,61,24,29,232,104
1400000US36047059300,"Census Tract 593, Kings County, New York",Brooklyn,1421,217,102,60,56,38,46,44,30,35,16,25,0,14,0,14,0,14,708,224,60,45,648,221,0,14,0,14,0,14,0,14,0,14,94,71,185,101,51,40,281,107
1400000US36047059402,"Census Tract 594.02, Kings County, New York",Brooklyn,2705,445,879,340,821,339,58,53,47,48,0,19,11,18,0,19,0,19,793,280,101,84,692,269,0,19,0,19,0,19,26,39,0,19,27,33,149,123,36,40,795,286
1400000US36047059403,"Census Tract 594.03, Kings County, New York",Brooklyn,1213,303,381,188,374,187,7,13,7,13,0,14,0,14,0,14,0,14,488,159,102,73,386,141,0,14,0,14,0,14,10,18,0,14,0,14,95,69,7,12,232,112
1400000US36047059404,"Census Tract 594.04, Kings County, New York",Brooklyn,1767,314,503,211,351,180,152,112,142,111,10,17,0,14,0,14,0,14,910,268,292,158,618,228,0,14,0,14,0,14,0,14,0,14,15,18,189,147,0,14,150,103
1400000US36047059600,"Census Tract 596, Kings County, New York",Brooklyn,1161,386,139,62,139,62,0,14,0,14,0,14,0,14,0,14,0,14,401,165,149,107,252,128,0,14,0,14,0,14,7,11,0,14,0,14,278,174,4,15,332,204
1400000US36047059800,"Census Tract 598, Kings County, New York",Brooklyn,1021,246,665,185,618,168,47,49,47,49,0,14,0,14,0,14,0,14,230,107,39,65,191,90,0,14,0,14,0,14,0,14,0,14,0,14,84,74,28,25,14,16
1400000US36047060000,"Census Tract 600, Kings County, New York",Brooklyn,2825,382,890,323,659,271,231,288,231,288,0,19,0,19,0,19,0,19,1050,273,219,157,831,234,0,19,0,19,0,19,0,19,0,19,0,19,292,219,74,81,519,222
1400000US36047060600,"Census Tract 606, Kings County, New York",Brooklyn,1424,250,519,190,519,190,0,14,0,14,0,14,0,14,0,14,0,14,444,166,45,59,399,151,0,14,0,14,0,14,52,44,0,14,11,19,182,94,0,14,216,114
1400000US36047060800,"Census Tract 608, Kings County, New York",Brooklyn,1727,437,629,265,538,269,91,50,83,50,0,14,8,14,0,14,0,14,394,136,33,35,361,131,0,14,0,14,0,14,0,14,0,14,31,50,133,99,7,14,533,242
1400000US36047061002,"Census Tract 610.02, Kings County, New York",Brooklyn,2299,459,728,273,613,271,115,72,83,64,0,14,16,33,0,14,16,27,925,346,86,70,839,339,0,14,0,14,0,14,0,14,0,14,0,14,446,247,0,14,200,104
1400000US36047061003,"Census Tract 610.03, Kings County, New York",Brooklyn,672,131,161,76,161,76,0,14,0,14,0,14,0,14,0,14,0,14,165,61,32,35,133,52,0,14,0,14,0,14,0,14,0,14,23,25,213,71,4,6,106,84
1400000US36047061004,"Census Tract 610.04, Kings County, New York",Brooklyn,2185,399,466,185,374,165,92,91,73,90,0,19,0,19,0,19,19,32,825,285,259,143,566,234,0,19,0,19,0,19,0,19,43,52,0,19,334,216,92,64,425,148
1400000US36047061200,"Census Tract 612, Kings County, New York",Brooklyn,574,111,188,63,180,63,8,8,8,8,0,14,0,14,0,14,0,14,274,99,52,31,222,94,0,14,0,14,0,14,0,14,0,14,0,14,41,28,10,15,61,46
1400000US36047061600,"Census Tract 616, Kings County, New York",Brooklyn,591,129,315,89,249,87,66,30,57,25,0,14,9,13,0,14,0,14,136,85,0,14,136,85,0,14,0,14,0,14,0,14,0,14,0,14,43,34,4,10,93,52
1400000US36047062000,"Census Tract 620, Kings County, New York",Brooklyn,679,176,349,212,294,176,55,91,55,91,0,14,0,14,0,14,0,14,181,80,45,42,136,68,0,14,0,14,0,14,0,14,0,14,0,14,36,25,39,28,74,62
1400000US36047062200,"Census Tract 622, Kings County, New York",Brooklyn,935,240,566,192,532,194,34,30,34,30,0,14,0,14,0,14,0,14,193,122,26,33,167,113,0,14,0,14,0,14,11,18,0,14,5,14,21,26,0,14,139,89
1400000US36047062600,"Census Tract 626, Kings County, New York",Brooklyn,1307,266,748,248,646,207,102,80,58,64,0,14,0,14,26,25,18,30,459,150,177,77,272,138,10,16,0,14,0,14,0,14,0,14,0,14,67,55,0,14,33,36
1400000US36047062800,"Census Tract 628, Kings County, New York",Brooklyn,1841,245,1028,208,889,187,139,81,96,62,14,23,0,14,29,33,0,14,589,182,230,112,359,152,0,14,0,14,0,14,0,14,0,14,0,14,83,57,23,35,118,66
1400000US36047063200,"Census Tract 632, Kings County, New York",Brooklyn,624,150,209,75,179,66,30,34,13,24,17,24,0,14,0,14,0,14,177,86,162,78,15,20,0,14,0,14,0,14,0,14,0,14,19,24,64,28,34,50,121,100
1400000US36047063600,"Census Tract 636, Kings County, New York",Brooklyn,471,146,267,114,127,72,140,117,59,45,81,97,0,14,0,14,0,14,60,41,18,19,42,28,0,14,0,14,0,14,0,14,0,14,5,9,31,27,0,14,108,51
1400000US36047063800,"Census Tract 638, Kings County, New York",Brooklyn,798,189,353,116,290,107,63,65,63,65,0,14,0,14,0,14,0,14,234,91,84,59,150,65,0,14,0,14,0,14,0,14,0,14,6,9,51,39,0,14,154,84
1400000US36047064000,"Census Tract 640, Kings County, New York",Brooklyn,541,179,308,106,220,86,88,61,88,61,0,14,0,14,0,14,0,14,147,128,19,17,128,132,0,14,0,14,0,14,0,14,0,14,0,14,10,11,0,14,76,52
1400000US36047064200,"Census Tract 642, Kings County, New York",Brooklyn,846,180,300,92,235,84,65,72,41,43,24,32,0,14,0,14,0,14,282,106,171,100,111,63,0,14,0,14,0,14,0,14,0,14,0,14,81,56,20,17,163,67
1400000US36047064400,"Census Tract 644, Kings County, New York",Brooklyn,955,218,338,120,238,91,100,105,21,23,15,19,0,14,64,100,0,14,290,113,68,38,222,98,0,14,0,14,0,14,10,15,0,14,6,9,149,92,13,17,149,71
1400000US36047064600,"Census Tract 646, Kings County, New York",Brooklyn,740,128,453,107,414,107,39,31,39,31,0,14,0,14,0,14,0,14,192,74,50,34,142,53,0,14,0,14,0,14,11,18,0,14,0,14,30,26,0,14,54,32
1400000US36047064800,"Census Tract 648, Kings County, New York",Brooklyn,673,167,317,97,214,77,103,62,95,63,8,12,0,14,0,14,0,14,182,83,48,29,134,84,0,14,0,14,0,14,14,14,0,14,10,16,44,47,38,53,68,58
1400000US36047065000,"Census Tract 650, Kings County, New York",Brooklyn,584,155,270,101,248,97,22,25,22,25,0,14,0,14,0,14,0,14,180,95,80,70,94,68,6,11,0,14,0,14,5,9,0,14,0,14,14,21,40,47,75,44
1400000US36047065200,"Census Tract 652, Kings County, New York",Brooklyn,349,76,188,57,157,55,31,40,31,40,0,14,0,14,0,14,0,14,101,68,62,62,39,26,0,14,0,14,0,14,3,4,0,14,0,14,57,49,0,14,0,14
1400000US36047065400,"Census Tract 654, Kings County, New York",Brooklyn,633,112,426,89,367,74,59,37,49,34,10,15,0,14,0,14,0,14,115,52,18,16,97,49,0,14,0,14,0,14,0,14,0,14,0,14,47,35,0,14,45,34
1400000US36047065600,"Census Tract 656, Kings County, New York",Brooklyn,784,146,311,88,222,63,89,54,82,53,0,14,7,10,0,14,0,14,247,83,53,33,187,72,0,14,0,14,7,11,0,14,0,14,0,14,51,33,26,23,149,72
1400000US36047065800,"Census Tract 658, Kings County, New York",Brooklyn,706,167,325,101,262,93,63,44,63,44,0,14,0,14,0,14,0,14,161,72,83,59,78,36,0,14,0,14,0,14,0,14,0,14,7,10,55,69,0,14,158,68
1400000US36047066000,"Census Tract 660, Kings County, New York",Brooklyn,938,236,402,87,370,77,32,27,12,13,5,7,15,18,0,14,0,14,331,182,145,160,186,72,0,14,0,14,0,14,4,7,0,14,0,14,6,10,0,14,195,123
1400000US36047066200,"Census Tract 662, Kings County, New York",Brooklyn,446,87,184,81,154,80,30,31,30,31,0,14,0,14,0,14,0,14,196,81,68,53,128,48,0,14,0,14,0,14,9,16,0,14,0,14,41,32,0,14,16,19
1400000US36047066600,"Census Tract 666, Kings County, New York",Brooklyn,0,14,0,14,0,14,0,14,0,14,0,14,0,14,0,14,0,14,0,14,0,14,0,14,0,14,0,14,0,14,0,14,0,14,0,14,0,14,0,14,0,14
1400000US36047067000,"Census Tract 670, Kings County, New York",Brooklyn,1168,284,419,139,324,127,95,88,82,86,13,15,0,14,0,14,0,14,544,227,382,180,162,147,0,14,0,14,0,14,0,14,0,14,0,14,50,45,20,32,135,85
1400000US36047067200,"Census Tract 672, Kings County, New York",Brooklyn,729,255,310,176,297,175,13,21,0,14,0,14,13,21,0,14,0,14,378,163,228,216,150,180,0,14,0,14,0,14,0,14,0,14,0,14,0,14,0,14,41,57
1400000US36047067400,"Census Tract 674, Kings County, New York",Brooklyn,906,220,325,112,245,92,80,52,80,52,0,14,0,14,0,14,0,14,381,103,169,64,212,88,0,14,0,14,0,14,0,14,0,14,0,14,32,28,0,14,168,91
1400000US36047067600,"Census Tract 676, Kings County, New York",Brooklyn,709,249,413,226,413,226,0,14,0,14,0,14,0,14,0,14,0,14,222,86,132,96,90,54,0,14,0,14,0,14,0,14,0,14,0,14,0,14,0,14,74,55
1400000US36047067800,"Census Tract 678, Kings County, New York",Brooklyn,1157,259,345,107,315,103,30,29,30,29,0,14,0,14,0,14,0,14,675,184,406,168,269,85,0,14,0,14,0,14,0,14,0,14,0,14,7,11,29,35,101,72
1400000US36047068000,"Census Tract 680, Kings County, New York",Brooklyn,736,204,172,85,165,82,7,10,7,10,0,14,0,14,0,14,0,14,331,116,152,76,172,79,7,13,0,14,0,14,7,10,0,14,24,37,7,11,8,14,187,120
1400000US36047068200,"Census Tract 682, Kings County, New York",Brooklyn,1269,223,524,165,470,153,54,57,54,57,0,14,0,14,0,14,0,14,621,231,177,89,444,222,0,14,0,14,0,14,25,32,0,14,0,14,20,22,7,16,72,57
1400000US36047068600,"Census Tract 686, Kings County, New York",Brooklyn,873,186,306,99,280,92,26,32,3,6,0,14,23,31,0,14,0,14,325,85,133,48,176,80,16,23,0,14,0,14,10,15,0,14,0,14,36,32,9,14,187,167
1400000US36047068800,"Census Tract 688, Kings County, New York",Brooklyn,888,246,484,140,453,136,31,34,18,28,0,14,0,14,13,20,0,14,370,168,183,125,187,121,0,14,0,14,0,14,0,14,0,14,0,14,28,18,0,14,6,9
1400000US36047069000,"Census Tract 690, Kings County, New York",Brooklyn,819,338,348,181,301,174,47,42,38,40,9,12,0,14,0,14,0,14,326,228,218,224,108,62,0,14,0,14,0,14,22,35,8,11,7,11,24,25,0,14,84,52
1400000US36047069200,"Census Tract 692, Kings County, New York",Brooklyn,1229,250,503,186,473,186,30,24,19,18,11,17,0,14,0,14,0,14,558,139,254,104,296,89,8,12,0,14,0,14,15,18,0,14,6,9,43,35,14,17,90,56
1400000US36047069601,"Census Tract 696.01, Kings County, New York",Brooklyn,1852,312,974,258,887,248,87,60,87,60,0,14,0,14,0,14,0,14,547,211,399,160,148,123,0,14,0,14,0,14,0,14,0,14,18,28,71,62,93,82,149,102
1400000US36047069602,"Census Tract 696.02, Kings County, New York",Brooklyn,2888,842,1005,362,748,355,257,201,257,201,0,19,0,19,0,19,0,19,1185,753,496,329,689,505,0,19,0,19,0,19,0,19,0,19,0,19,147,147,37,54,514,221
1400000US36047069800,"Census Tract 698, Kings County, New York",Brooklyn,554,151,292,97,212,78,80,69,76,70,4,7,0,14,0,14,0,14,107,54,59,45,48,39,0,14,0,14,0,14,0,14,0,14,0,14,13,22,0,14,142,93
1400000US36047070000,"Census Tract 700, Kings County, New York",Brooklyn,631,220,383,137,252,106,131,70,87,54,44,38,0,14,0,14,0,14,118,115,87,108,31,30,0,14,0,14,0,14,0,14,0,14,9,13,37,41,0,14,84,54
1400000US36047070201,"Census Tract 702.01, Kings County, New York",Brooklyn,2299,426,1514,359,1336,346,178,182,178,182,0,19,0,19,0,19,0,19,401,191,213,158,188,98,0,19,0,19,0,19,0,19,0,19,0,19,0,19,0,19,384,166
1400000US36047070202,"Census Tract 702.02, Kings County, New York",Brooklyn,14,18,9,12,9,12,0,14,0,14,0,14,0,14,0,14,0,14,0,14,0,14,0,14,0,14,0,14,0,14,0,14,0,14,0,14,0,14,0,14,5,6
1400000US36047070203,"Census Tract 702.03, Kings County, New York",Brooklyn,0,14,0,14,0,14,0,14,0,14,0,14,0,14,0,14,0,14,0,14,0,14,0,14,0,14,0,14,0,14,0,14,0,14,0,14,0,14,0,14,0,14
1400000US36047070601,"Census Tract 706.01, Kings County, New York",Brooklyn,1115,285,812,271,666,209,146,122,85,66,61,93,0,14,0,14,0,14,149,87,101,75,48,37,0,14,0,14,0,14,15,26,0,14,0,14,47,36,0,14,92,56
1400000US36047070602,"Census Tract 706.02, Kings County, New York",Brooklyn,0,14,0,14,0,14,0,14,0,14,0,14,0,14,0,14,0,14,0,14,0,14,0,14,0,14,0,14,0,14,0,14,0,14,0,14,0,14,0,14,0,14
1400000US36047072000,"Census Tract 720, Kings County, New York",Brooklyn,806,220,304,135,206,132,98,75,91,75,7,10,0,14,0,14,0,14,276,104,116,76,160,74,0,14,0,14,0,14,14,21,0,14,0,14,89,87,0,14,123,69
1400000US36047072200,"Census Tract 722, Kings County, New York",Brooklyn,1167,446,628,363,622,363,6,10,6,10,0,14,0,14,0,14,0,14,400,172,228,117,172,100,0,14,0,14,0,14,0,14,0,14,13,19,0,14,0,14,126,86
1400000US36047072400,"Census Tract 724, Kings County, New York",Brooklyn,732,237,263,102,236,90,27,29,7,10,5,8,15,27,0,14,0,14,392,155,137,102,255,117,0,14,0,14,0,14,6,12,0,14,0,14,11,12,0,14,60,50
1400000US36047072600,"Census Tract 726, Kings County, New York",Brooklyn,1126,213,534,125,522,126,12,14,12,14,0,14,0,14,0,14,0,14,518,181,134,141,384,128,0,14,0,14,0,14,10,15,0,14,0,14,0,14,0,14,64,49
1400000US36047072800,"Census Tract 728, Kings County, New York",Brooklyn,1241,268,533,191,401,167,132,86,44,39,77,74,0,14,0,14,11,18,535,133,321,119,214,95,0,14,0,14,0,14,0,14,0,14,39,56,82,69,18,29,34,33
1400000US36047073000,"Census Tract 730, Kings County, New York",Brooklyn,1095,285,323,123,292,107,31,42,0,14,0,14,0,14,1,5,30,40,664,273,245,128,419,260,0,14,0,14,0,14,0,14,0,14,0,14,9,13,25,23,74,45
1400000US36047073200,"Census Tract 732, Kings County, New York",Brooklyn,717,147,443,132,376,108,67,73,67,73,0,14,0,14,0,14,0,14,254,95,73,60,161,70,20,30,0,14,0,14,0,14,0,14,0,14,0,14,0,14,20,24
1400000US36047073400,"Census Tract 734, Kings County, New York",Brooklyn,692,359,465,319,403,312,62,44,17,21,16,26,29,31,0,14,0,14,196,124,60,60,136,105,0,14,0,14,0,14,0,14,0,14,0,14,0,14,9,16,22,21
1400000US36047073600,"Census Tract 736, Kings County, New York",Brooklyn,1637,344,712,284,595,214,117,118,81,74,36,54,0,14,0,14,0,14,688,176,382,157,271,122,35,53,0,14,0,14,14,26,0,14,0,14,49,52,47,53,127,119
1400000US36047073800,"Census Tract 738, Kings County, New York",Brooklyn,1526,358,501,191,455,187,46,39,43,40,0,14,3,10,0,14,0,14,882,347,332,173,550,219,0,14,0,14,0,14,0,14,0,14,0,14,39,45,13,25,91,62
1400000US36047074000,"Census Tract 740, Kings County, New York",Brooklyn,1377,518,363,154,269,130,94,56,48,50,0,14,34,34,0,14,12,18,750,443,703,430,47,54,0,14,0,14,0,14,5,8,0,14,13,21,28,18,25,41,193,117
1400000US36047074200,"Census Tract 742, Kings County, New York",Brooklyn,1103,222,420,236,402,230,18,22,18,22,0,14,0,14,0,14,0,14,448,128,211,66,237,102,0,14,0,14,0,14,23,36,0,14,0,14,140,92,0,14,72,48
1400000US36047074400,"Census Tract 744, Kings County, New York",Brooklyn,867,169,380,86,316,69,64,51,55,51,0,14,9,13,0,14,0,14,73,41,56,37,17,19,0,14,0,14,0,14,49,47,0,14,0,14,277,140,0,14,88,47
1400000US36047074600,"Census Tract 746, Kings County, New York",Brooklyn,983,153,389,118,308,123,81,59,64,53,17,18,0,14,0,14,0,14,316,79,106,53,210,73,0,14,0,14,0,14,0,14,0,14,30,33,173,133,10,12,65,58
1400000US36047074800,"Census Tract 748, Kings County, New York",Brooklyn,637,224,215,95,193,89,22,21,7,11,0,14,15,18,0,14,0,14,268,164,113,59,127,133,0,14,0,14,28,41,9,14,0,14,0,14,54,34,5,9,86,41
1400000US36047075000,"Census Tract 750, Kings County, New York",Brooklyn,1246,285,684,137,551,138,133,61,133,61,0,14,0,14,0,14,0,14,257,189,123,145,134,133,0,14,0,14,0,14,0,14,0,14,0,14,169,100,0,14,136,76
1400000US36047075200,"Census Tract 752, Kings County, New York",Brooklyn,340,104,100,49,91,47,9,13,9,13,0,14,0,14,0,14,0,14,46,31,0,14,46,31,0,14,0,14,0,14,0,14,0,14,0,14,71,46,0,14,123,59
1400000US36047075400,"Census Tract 754, Kings County, New York",Brooklyn,476,234,389,192,230,120,159,142,146,140,0,14,0,14,8,12,5,7,75,94,0,14,75,94,0,14,0,14,0,14,0,14,0,14,0,14,0,14,0,14,12,25
1400000US36047075600,"Census Tract 756, Kings County, New York",Brooklyn,709,167,319,142,206,87,113,110,113,110,0,14,0,14,0,14,0,14,99,60,19,30,80,55,0,14,0,14,0,14,0,14,0,14,0,14,145,80,14,17,132,70
1400000US36047075800,"Census Tract 758, Kings County, New York",Brooklyn,385,104,108,48,108,48,0,14,0,14,0,14,0,14,0,14,0,14,80,47,7,11,73,45,0,14,0,14,0,14,0,14,0,14,6,9,69,48,10,15,112,58
1400000US36047076000,"Census Tract 760, Kings County, New York",Brooklyn,1454,270,392,97,266,95,126,95,115,94,0,14,0,14,11,17,0,14,600,209,182,107,418,204,0,14,0,14,0,14,0,14,0,14,0,14,136,70,0,14,326,194
1400000US36047076200,"Census Tract 762, Kings County, New York",Brooklyn,1622,334,334,137,255,121,79,73,65,72,9,14,0,14,5,10,0,14,823,307,196,107,627,312,0,14,0,14,0,14,42,42,0,14,17,20,120,70,75,54,211,113
1400000US36047076400,"Census Tract 764, Kings County, New York",Brooklyn,2184,274,568,217,492,219,76,68,65,67,11,23,0,14,0,14,0,14,1137,215,357,143,780,211,0,14,0,14,0,14,0,14,53,72,104,78,34,40,53,82,235,183
1400000US36047076600,"Census Tract 766, Kings County, New York",Brooklyn,1259,224,291,105,168,75,123,89,84,71,34,44,5,7,0,14,0,14,678,154,209,129,469,112,0,14,0,14,0,14,42,37,4,13,12,14,47,30,71,59,114,76
1400000US36047076800,"Census Tract 768, Kings County, New York",Brooklyn,1513,453,631,367,472,231,159,166,159,166,0,14,0,14,0,14,0,14,392,164,80,96,312,142,0,14,0,14,0,14,0,14,0,14,75,99,149,82,30,47,236,127
1400000US36047077000,"Census Tract 770, Kings County, New York",Brooklyn,1442,406,377,203,357,203,20,33,20,33,0,14,0,14,0,14,0,14,756,278,140,116,581,263,35,57,0,14,0,14,0,14,0,14,0,14,31,33,72,73,206,107
1400000US36047077200,"Census Tract 772, Kings County, New York",Brooklyn,1401,480,345,191,218,92,127,157,127,157,0,14,0,14,0,14,0,14,784,413,340,275,371,228,0,14,73,79,0,14,0,14,0,14,0,14,47,74,0,14,225,116
1400000US36047077400,"Census Tract 774, Kings County, New York",Brooklyn,1596,459,178,115,178,115,0,14,0,14,0,14,0,14,0,14,0,14,1085,398,207,107,869,385,9,15,0,14,0,14,0,14,0,14,0,14,57,47,25,30,251,239
1400000US36047077600,"Census Tract 776, Kings County, New York",Brooklyn,1532,306,381,134,303,142,78,60,78,60,0,14,0,14,0,14,0,14,863,237,139,85,707,231,17,25,0,14,0,14,0,14,0,14,10,15,0,14,43,36,235,135
1400000US36047078000,"Census Tract 780, Kings County, New York",Brooklyn,952,244,295,113,266,109,29,21,29,21,0,14,0,14,0,14,0,14,563,177,123,75,391,201,49,45,0,14,0,14,0,14,0,14,25,34,0,14,0,14,69,41
1400000US36047078200,"Census Tract 782, Kings County, New York",Brooklyn,1691,361,533,168,494,165,39,42,39,42,0,14,0,14,0,14,0,14,831,284,262,173,569,177,0,14,0,14,0,14,52,58,0,14,0,14,126,88,11,18,138,105
1400000US36047078400,"Census Tract 784, Kings County, New York",Brooklyn,1106,220,487,158,433,144,54,50,54,50,0,14,0,14,0,14,0,14,390,142,96,71,294,122,0,14,0,14,0,14,0,14,11,16,0,14,55,39,0,14,163,65
1400000US36047078601,"Census Tract 786.01, Kings County, New York",Brooklyn,1221,504,395,333,361,317,34,51,34,51,0,14,0,14,0,14,0,14,665,369,115,67,550,373,0,14,0,14,0,14,7,13,0,14,0,14,49,55,0,14,105,58
1400000US36047078602,"Census Tract 786.02, Kings County, New York",Brooklyn,868,151,144,60,102,58,42,45,23,39,19,22,0,14,0,14,0,14,503,121,136,62,367,97,0,14,0,14,0,14,22,32,0,14,0,14,51,47,13,15,135,79
1400000US36047078801,"Census Tract 788.01, Kings County, New York",Brooklyn,817,244,132,56,106,50,26,39,26,39,0,14,0,14,0,14,0,14,423,215,176,91,247,202,0,14,0,14,0,14,9,14,0,14,7,13,0,14,0,14,246,131
1400000US36047078802,"Census Tract 788.02, Kings County, New York",Brooklyn,699,171,186,82,186,82,0,14,0,14,0,14,0,14,0,14,0,14,370,107,127,54,243,119,0,14,0,14,0,14,18,27,0,14,59,83,37,44,7,10,22,21
1400000US36047079001,"Census Tract 790.01, Kings County, New York",Brooklyn,576,247,172,167,172,167,0,14,0,14,0,14,0,14,0,14,0,14,312,150,78,52,234,150,0,14,0,14,0,14,0,14,0,14,0,14,37,37,8,12,47,39
1400000US36047079002,"Census Tract 790.02, Kings County, New York",Brooklyn,1388,283,289,194,275,194,14,23,14,23,0,14,0,14,0,14,0,14,938,256,220,117,712,246,6,13,0,14,0,14,22,31,0,14,0,14,19,31,0,14,120,104
1400000US36047079201,"Census Tract 792.01, Kings County, New York",Brooklyn,643,331,138,75,138,75,0,14,0,14,0,14,0,14,0,14,0,14,445,318,0,14,445,318,0,14,0,14,0,14,0,14,0,14,0,14,0,14,0,14,60,49
1400000US36047079202,"Census Tract 792.02, Kings County, New York",Brooklyn,730,196,116,70,102,66,14,14,14,14,0,14,0,14,0,14,0,14,311,144,63,45,248,119,0,14,0,14,0,14,57,51,0,14,10,13,18,19,13,16,205,116
1400000US36047079400,"Census Tract 794, Kings County, New York",Brooklyn,1155,252,182,116,182,116,0,14,0,14,0,14,0,14,0,14,0,14,714,186,130,65,554,173,30,45,0,14,0,14,0,14,0,14,0,14,23,26,10,17,226,138
1400000US36047079601,"Census Tract 796.01, Kings County, New York",Brooklyn,1814,304,125,90,124,90,1,3,0,14,1,3,0,14,0,14,0,14,936,195,79,63,857,186,0,14,0,14,0,14,0,14,0,14,37,42,28,33,4,8,684,227
1400000US36047079602,"Census Tract 796.02, Kings County, New York",Brooklyn,2628,474,489,218,379,179,110,119,110,119,0,19,0,19,0,19,0,19,1755,364,486,212,1269,322,0,19,0,19,0,19,25,40,0,19,76,75,16,26,0,19,267,129
1400000US36047079801,"Census Tract 798.01, Kings County, New York",Brooklyn,1818,378,296,108,242,87,54,65,13,24,0,14,41,64,0,14,0,14,837,212,10,15,827,213,0,14,0,14,0,14,0,14,0,14,31,38,0,14,0,14,654,279
1400000US36047079802,"Census Tract 798.02, Kings County, New York",Brooklyn,3169,609,252,179,227,165,25,41,25,41,0,19,0,19,0,19,0,19,1801,492,67,81,1734,482,0,19,0,19,0,19,0,19,18,27,128,133,20,32,0,19,950,293
1400000US36047080000,"Census Tract 800, Kings County, New York",Brooklyn,1533,396,238,168,204,149,34,52,34,52,0,14,0,14,0,14,0,14,828,208,79,114,749,202,0,14,0,14,0,14,0,14,47,71,52,80,49,70,0,14,319,132
1400000US36047080200,"Census Tract 802, Kings County, New York",Brooklyn,2154,325,373,204,311,220,62,69,62,69,0,14,0,14,0,14,0,14,862,190,90,81,772,180,0,14,0,14,0,14,0,14,10,15,57,50,234,217,14,22,604,191
1400000US36047080400,"Census Tract 804, Kings County, New York",Brooklyn,1715,464,301,165,130,92,171,124,171,124,0,14,0,14,0,14,0,14,586,194,86,66,500,157,0,14,0,14,0,14,240,286,0,14,29,30,100,67,44,58,415,158
1400000US36047080600,"Census Tract 806, Kings County, New York",Brooklyn,1676,316,298,138,298,138,0,14,0,14,0,14,0,14,0,14,0,14,669,255,93,100,571,214,0,14,0,14,5,13,0,14,16,25,16,24,257,138,0,14,420,134
1400000US36047080800,"Census Tract 808, Kings County, New York",Brooklyn,180,84,63,54,63,54,0,14,0,14,0,14,0,14,0,14,0,14,22,24,0,14,11,16,11,17,0,14,0,14,0,14,0,14,2,9,59,42,0,14,34,38
1400000US36047081000,"Census Tract 810, Kings County, New York",Brooklyn,1177,428,246,141,231,130,15,24,15,24,0,14,0,14,0,14,0,14,487,253,59,74,428,248,0,14,0,14,0,14,21,33,0,14,0,14,80,67,0,14,343,231
1400000US36047081400,"Census Tract 814, Kings County, New York",Brooklyn,1279,381,349,237,349,237,0,14,0,14,0,14,0,14,0,14,0,14,537,234,231,126,260,235,46,67,0,14,0,14,128,158,0,14,4,17,198,114,29,44,34,41
1400000US36047081600,"Census Tract 816, Kings County, New York",Brooklyn,1219,251,401,134,312,106,89,71,22,28,32,52,22,38,0,14,13,21,507,151,130,64,377,127,0,14,0,14,0,14,7,11,0,14,0,14,191,78,0,14,113,71
1400000US36047081800,"Census Tract 818, Kings County, New York",Brooklyn,2127,409,119,102,82,80,37,63,37,63,0,14,0,14,0,14,0,14,1126,291,225,174,901,232,0,14,0,14,0,14,0,14,0,14,80,89,304,200,0,14,498,251
1400000US36047082000,"Census Tract 820, Kings County, New York",Brooklyn,2597,534,280,157,258,154,22,36,22,36,0,14,0,14,0,14,0,14,1408,516,490,346,918,351,0,14,0,14,0,14,28,48,0,14,31,47,173,205,36,59,641,287
1400000US36047082200,"Census Tract 822, Kings County, New York",Brooklyn,3789,651,593,244,493,227,100,110,61,91,0,19,0,19,39,60,0,19,2487,572,506,264,1981,489,0,19,0,19,0,19,66,84,0,19,183,155,122,100,0,19,338,205
1400000US36047082400,"Census Tract 824, Kings County, New York",Brooklyn,2659,666,495,263,473,264,22,24,22,24,0,19,0,19,0,19,0,19,1758,509,242,171,1443,417,73,112,0,19,0,19,60,70,0,19,0,19,246,229,0,19,100,111
1400000US36047082600,"Census Tract 826, Kings County, New York",Brooklyn,1904,444,264,137,257,134,7,11,7,11,0,14,0,14,0,14,0,14,1445,465,166,111,1255,458,24,36,0,14,0,14,29,47,0,14,0,14,0,14,0,14,166,134
1400000US36047082800,"Census Tract 828, Kings County, New York",Brooklyn,1948,447,357,162,311,165,46,50,0,14,37,49,0,14,0,14,9,14,1248,319,307,172,941,288,0,14,0,14,0,14,0,14,0,14,0,14,94,82,0,14,249,165
1400000US36047083000,"Census Tract 830, Kings County, New York",Brooklyn,3022,713,645,301,443,205,202,157,132,106,70,95,0,19,0,19,0,19,2118,790,836,448,1282,498,0,19,0,19,0,19,0,19,0,19,0,19,80,101,36,60,143,107
1400000US36047083200,"Census Tract 832, Kings County, New York",Brooklyn,1045,194,428,112,383,113,45,31,39,32,6,9,0,14,0,14,0,14,444,156,68,53,376,148,0,14,0,14,0,14,0,14,21,31,0,14,0,14,27,30,125,90
1400000US36047083400,"Census Tract 834, Kings County, New York",Brooklyn,784,193,298,120,258,120,40,36,40,36,0,14,0,14,0,14,0,14,433,113,206,87,227,100,0,14,0,14,0,14,0,14,0,14,0,14,12,13,14,16,27,26
1400000US36047083600,"Census Tract 836, Kings County, New York",Brooklyn,880,187,401,133,357,130,44,43,21,19,23,38,0,14,0,14,0,14,388,151,118,67,270,135,0,14,0,14,0,14,13,18,0,14,0,14,7,12,5,7,66,49
1400000US36047083800,"Census Tract 838, Kings County, New York",Brooklyn,834,191,265,104,265,104,0,14,0,14,0,14,0,14,0,14,0,14,415,141,136,69,279,136,0,14,0,14,0,14,8,12,0,14,0,14,38,41,18,26,90,60
1400000US36047084000,"Census Tract 840, Kings County, New York",Brooklyn,855,208,262,132,262,132,0,14,0,14,0,14,0,14,0,14,0,14,481,159,201,87,263,124,17,27,0,14,0,14,0,14,0,14,0,14,21,25,12,20,79,52
1400000US36047084600,"Census Tract 846, Kings County, New York",Brooklyn,888,201,246,89,228,86,18,20,8,13,10,14,0,14,0,14,0,14,546,162,273,120,270,108,0,14,0,14,3,13,6,12,0,14,0,14,28,30,0,14,62,44
1400000US36047084800,"Census Tract 848, Kings County, New York",Brooklyn,571,154,179,82,157,75,22,25,22,25,0,14,0,14,0,14,0,14,276,114,105,73,171,95,0,14,0,14,0,14,0,14,0,14,0,14,71,60,1,6,44,40
1400000US36047085000,"Census Tract 850, Kings County, New York",Brooklyn,730,195,321,116,297,110,24,24,24,24,0,14,0,14,0,14,0,14,332,170,75,67,239,148,18,28,0,14,0,14,0,14,0,14,0,14,0,14,19,20,58,60
1400000US36047085200,"Census Tract 852, Kings County, New York",Brooklyn,0,14,0,14,0,14,0,14,0,14,0,14,0,14,0,14,0,14,0,14,0,14,0,14,0,14,0,14,0,14,0,14,0,14,0,14,0,14,0,14,0,14
1400000US36047085400,"Census Tract 854, Kings County, New York",Brooklyn,1000,235,236,93,193,89,43,50,43,50,0,14,0,14,0,14,0,14,610,216,95,64,508,178,7,13,0,14,0,14,0,14,0,14,0,14,11,13,4,7,139,73
1400000US36047085600,"Census Tract 856, Kings County, New York",Brooklyn,1523,327,450,184,407,181,43,63,13,22,0,14,30,49,0,14,0,14,716,219,126,72,590,208,0,14,0,14,0,14,25,41,0,14,36,32,96,76,0,14,200,117
1400000US36047085800,"Census Tract 858, Kings County, New York",Brooklyn,824,144,192,81,192,81,0,14,0,14,0,14,0,14,0,14,0,14,385,123,58,37,300,97,27,36,0,14,0,14,73,67,0,14,31,38,33,47,5,8,105,77
1400000US36047086000,"Census Tract 860, Kings County, New York",Brooklyn,1266,330,202,109,175,104,27,43,27,43,0,14,0,14,0,14,0,14,787,267,247,151,540,217,0,14,0,14,0,14,72,67,0,14,0,14,105,101,0,14,100,120
1400000US36047086200,"Census Tract 862, Kings County, New York",Brooklyn,1289,318,339,204,325,201,14,23,14,23,0,14,0,14,0,14,0,14,814,243,289,145,525,192,0,14,0,14,0,14,27,44,0,14,0,14,59,73,0,14,50,77
1400000US36047086400,"Census Tract 864, Kings County, New York",Brooklyn,1025,239,86,51,67,41,19,20,19,20,0,14,0,14,0,14,0,14,605,157,220,103,342,112,43,40,0,14,0,14,102,92,0,14,0,14,56,61,10,14,166,105
1400000US36047086600,"Census Tract 866, Kings County, New York",Brooklyn,1459,445,335,168,253,135,82,96,82,96,0,14,0,14,0,14,0,14,681,264,243,130,423,210,15,23,0,14,0,14,0,14,47,77,15,25,65,62,25,41,291,293
1400000US36047086800,"Census Tract 868, Kings County, New York",Brooklyn,1536,352,296,129,204,101,92,79,92,79,0,14,0,14,0,14,0,14,977,342,399,256,530,219,48,62,0,14,0,14,43,57,0,14,0,14,84,64,0,14,136,75
1400000US36047087000,"Census Tract 870, Kings County, New York",Brooklyn,1193,268,273,127,273,127,0,14,0,14,0,14,0,14,0,14,0,14,736,233,154,85,555,198,0,14,27,31,0,14,13,23,0,14,0,14,127,67,4,7,40,40
1400000US36047087200,"Census Tract 872, Kings County, New York",Brooklyn,1488,270,728,196,671,187,57,56,57,56,0,14,0,14,0,14,0,14,569,196,194,110,342,149,33,50,0,14,0,14,0,14,0,14,0,14,66,63,0,14,125,99
1400000US36047087401,"Census Tract 874.01, Kings County, New York",Brooklyn,1239,391,264,222,154,124,110,131,110,131,0,14,0,14,0,14,0,14,705,294,221,194,484,244,0,14,0,14,0,14,9,14,0,14,0,14,184,113,0,14,77,67
1400000US36047087600,"Census Tract 876, Kings County, New York",Brooklyn,662,155,205,71,147,57,58,46,58,46,0,14,0,14,0,14,0,14,329,122,12,18,299,114,18,21,0,14,0,14,13,21,0,14,5,11,38,20,6,10,66,56
1400000US36047087800,"Census Tract 878, Kings County, New York",Brooklyn,1061,272,201,115,194,116,7,13,7,13,0,14,0,14,0,14,0,14,757,206,245,116,512,187,0,14,0,14,0,14,26,33,0,14,0,14,36,43,0,14,41,39
1400000US36047088001,"Census Tract 880.01, Kings County, New York",Brooklyn,529,119,115,77,77,63,38,33,38,33,0,14,0,14,0,14,0,14,293,94,46,37,247,82,0,14,0,14,0,14,0,14,0,14,0,14,65,63,27,37,29,24
1400000US36047088002,"Census Tract 880.02, Kings County, New York",Brooklyn,682,229,273,194,273,194,0,14,0,14,0,14,0,14,0,14,0,14,261,153,9,15,252,154,0,14,0,14,0,14,0,14,0,14,0,14,27,32,10,16,111,147
1400000US36047088200,"Census Tract 882, Kings County, New York",Brooklyn,2614,681,646,396,590,383,56,92,56,92,0,19,0,19,0,19,0,19,1628,657,459,253,1169,521,0,19,0,19,0,19,109,110,0,19,0,19,134,210,65,103,32,60
1400000US36047088400,"Census Tract 884, Kings County, New York",Brooklyn,2001,756,608,379,530,400,78,92,78,92,0,19,0,19,0,19,0,19,1336,664,366,368,970,489,0,19,0,19,0,19,0,19,0,19,0,19,12,19,45,77,0,19
1400000US36047088600,"Census Tract 886, Kings County, New York",Brooklyn,2031,446,588,335,501,306,87,91,39,46,0,14,48,79,0,14,0,14,1212,299,422,187,769,276,21,31,0,14,0,14,31,49,0,14,13,19,0,14,15,24,172,133
1400000US36047088800,"Census Tract 888, Kings County, New York",Brooklyn,1393,271,413,186,368,183,45,55,45,55,0,14,0,14,0,14,0,14,845,306,379,268,466,173,0,14,0,14,0,14,15,22,0,14,0,14,13,19,107,100,0,14
1400000US36047089000,"Census Tract 890, Kings County, New York",Brooklyn,3135,799,917,394,474,271,443,253,443,253,0,19,0,19,0,19,0,19,1934,710,547,264,1340,668,47,89,0,19,0,19,62,109,0,19,0,19,222,258,0,19,0,19
1400000US36047089200,"Census Tract 892, Kings County, New York",Brooklyn,817,278,334,149,296,153,38,44,0,14,0,14,38,44,0,14,0,14,458,219,181,150,277,174,0,14,0,14,0,14,13,27,0,14,0,14,0,14,0,14,12,25
1400000US36047089400,"Census Tract 894, Kings County, New York",Brooklyn,1453,346,374,288,214,169,160,156,106,143,0,14,54,88,0,14,0,14,826,274,152,121,528,285,146,125,0,14,0,14,0,14,0,14,0,14,156,88,0,14,97,110
1400000US36047089600,"Census Tract 896, Kings County, New York",Brooklyn,1890,370,254,254,148,144,106,132,106,132,0,14,0,14,0,14,0,14,1428,435,481,216,896,313,51,89,0,14,0,14,61,94,0,14,0,14,124,133,23,37,0,14
1400000US36047089800,"Census Tract 898, Kings County, New York",Brooklyn,1100,528,190,99,131,82,59,70,7,11,0,14,0,14,0,14,52,69,757,500,129,77,620,499,8,16,0,14,0,14,0,14,0,14,26,27,44,44,0,14,83,54
1400000US36047090000,"Census Tract 900, Kings County, New York",Brooklyn,1392,438,426,390,197,154,229,259,91,124,0,14,0,14,0,14,138,149,797,335,97,124,700,336,0,14,0,14,0,14,21,30,0,14,0,14,44,63,0,14,104,93
1400000US36047090200,"Census Tract 902, Kings County, New York",Brooklyn,1097,228,258,128,193,81,65,79,20,32,0,14,0,14,0,14,45,70,681,209,158,104,523,160,0,14,0,14,0,14,0,14,0,14,20,27,98,79,6,10,34,41
1400000US36047090600,"Census Tract 906, Kings County, New York",Brooklyn,1047,278,117,141,117,141,0,14,0,14,0,14,0,14,0,14,0,14,794,243,180,140,614,185,0,14,0,14,0,14,40,35,0,14,0,14,64,72,0,14,32,40
1400000US36047090800,"Census Tract 908, Kings County, New York",Brooklyn,1973,583,78,69,37,36,41,56,41,56,0,19,0,19,0,19,0,19,1389,530,209,147,1180,521,0,19,0,19,0,19,114,150,0,19,0,19,140,136,55,59,197,167
1400000US36047091000,"Census Tract 910, Kings County, New York",Brooklyn,1668,542,254,246,238,244,16,38,16,38,0,19,0,19,0,19,0,19,1287,524,179,213,1108,492,0,19,0,19,0,19,39,66,0,19,33,64,15,38,40,68,0,19
1400000US36047091200,"Census Tract 912, Kings County, New York",Brooklyn,2625,911,238,266,238,266,0,19,0,19,0,19,0,19,0,19,0,19,2155,756,501,366,1654,727,0,19,0,19,0,19,0,19,0,19,0,19,232,190,0,19,0,19
1400000US36047091600,"Census Tract 916, Kings County, New York",Brooklyn,1492,366,388,200,308,164,80,103,23,37,57,95,0,19,0,19,0,19,829,282,238,170,591,235,0,19,0,19,0,19,127,198,0,19,0,19,28,42,78,84,42,70
1400000US36047091800,"Census Tract 918, Kings County, New York",Brooklyn,747,223,263,127,235,121,28,28,6,10,22,26,0,14,0,14,0,14,347,121,101,69,177,74,69,60,0,14,0,14,13,20,0,14,0,14,65,72,0,14,59,58
1400000US36047092000,"Census Tract 920, Kings County, New York",Brooklyn,1195,398,248,159,216,153,32,64,32,64,0,14,0,14,0,14,0,14,599,221,101,58,498,225,0,14,0,14,0,14,203,207,0,14,0,14,145,172,0,14,0,14
1400000US36047092200,"Census Tract 922, Kings County, New York",Brooklyn,1331,412,227,238,220,236,7,12,7,12,0,14,0,14,0,14,0,14,893,343,275,250,596,277,22,34,0,14,0,14,17,25,0,14,0,14,32,48,0,14,162,176
1400000US36047092400,"Census Tract 924, Kings County, New York",Brooklyn,956,269,63,71,53,53,10,25,10,25,0,14,0,14,0,14,0,14,792,249,364,212,428,200,0,14,0,14,0,14,0,14,0,14,32,51,0,14,24,32,45,45
1400000US36047092800,"Census Tract 928, Kings County, New York",Brooklyn,1201,271,450,200,332,172,118,120,118,120,0,14,0,14,0,14,0,14,601,192,234,110,360,194,7,12,0,14,0,14,27,42,0,14,0,14,52,44,0,14,71,62
1400000US36047093000,"Census Tract 930, Kings County, New York",Brooklyn,1267,254,376,140,365,140,11,19,11,19,0,14,0,14,0,14,0,14,745,209,212,87,474,168,59,46,0,14,0,14,17,28,0,14,0,14,12,18,7,10,110,56
1400000US36047093200,"Census Tract 932, Kings County, New York",Brooklyn,515,247,73,41,73,41,0,14,0,14,0,14,0,14,0,14,0,14,407,250,190,206,217,134,0,14,0,14,0,14,5,8,0,14,15,14,0,14,10,13,5,7
1400000US36047093400,"Census Tract 934, Kings County, New York",Brooklyn,818,257,302,128,271,118,31,47,31,47,0,14,0,14,0,14,0,14,507,176,242,145,265,94,0,14,0,14,0,14,2,9,0,14,0,14,3,4,4,6,0,14
1400000US36047093600,"Census Tract 936, Kings County, New York",Brooklyn,597,156,298,122,276,116,22,24,22,24,0,14,0,14,0,14,0,14,262,101,64,48,184,85,14,22,0,14,0,14,0,14,0,14,0,14,7,11,0,14,30,34
1400000US36047093800,"Census Tract 938, Kings County, New York",Brooklyn,1094,351,365,142,291,110,74,78,69,78,5,9,0,14,0,14,0,14,588,218,272,139,270,123,46,72,0,14,0,14,26,41,0,14,16,22,0,14,0,14,99,140
1400000US36047094401,"Census Tract 944.01, Kings County, New York",Brooklyn,1401,467,612,305,515,286,97,77,97,77,0,14,0,14,0,14,0,14,650,281,200,166,373,176,77,56,0,14,0,14,0,14,0,14,0,14,39,53,0,14,100,108
1400000US36047094402,"Census Tract 944.02, Kings County, New York",Brooklyn,864,295,82,79,42,51,40,53,0,14,40,53,0,14,0,14,0,14,782,259,468,202,314,202,0,14,0,14,0,14,0,14,0,14,0,14,0,14,0,14,0,14
1400000US36047094600,"Census Tract 946, Kings County, New York",Brooklyn,738,209,176,103,164,103,12,17,0,14,0,14,12,17,0,14,0,14,492,191,198,108,263,156,29,41,0,14,2,6,0,14,0,14,0,14,0,14,0,14,70,41
1400000US36047095000,"Census Tract 950, Kings County, New York",Brooklyn,887,224,349,134,349,134,0,14,0,14,0,14,0,14,0,14,0,14,341,161,245,143,96,81,0,14,0,14,0,14,41,48,0,14,0,14,0,14,7,11,149,114
1400000US36047095400,"Census Tract 954, Kings County, New York",Brooklyn,2068,420,952,289,853,241,99,88,56,66,43,54,0,14,0,14,0,14,994,267,344,147,637,269,13,20,0,14,0,14,54,54,0,14,0,14,10,17,11,19,47,45
1400000US36047095600,"Census Tract 956, Kings County, New York",Brooklyn,1685,479,579,242,386,189,193,134,169,117,24,41,0,14,0,14,0,14,973,361,483,230,472,242,18,27,0,14,0,14,0,14,0,14,0,14,61,68,14,26,58,73
1400000US36047095800,"Census Tract 958, Kings County, New York",Brooklyn,1378,330,429,200,335,165,94,107,94,107,0,14,0,14,0,14,0,14,829,268,151,159,678,264,0,14,0,14,0,14,0,14,0,14,0,14,45,68,9,14,66,74
1400000US36047096000,"Census Tract 960, Kings County, New York",Brooklyn,0,14,0,14,0,14,0,14,0,14,0,14,0,14,0,14,0,14,0,14,0,14,0,14,0,14,0,14,0,14,0,14,0,14,0,14,0,14,0,14,0,14
1400000US36047096200,"Census Tract 962, Kings County, New York",Brooklyn,553,308,118,85,112,86,6,8,6,8,0,14,0,14,0,14,0,14,387,296,11,13,340,239,36,58,0,14,0,14,0,14,0,14,0,14,0,14,3,5,45,44
1400000US36047096400,"Census Tract 964, Kings County, New York",Brooklyn,904,227,182,64,148,57,34,25,24,26,0,14,10,17,0,14,0,14,525,139,211,100,314,105,0,14,0,14,0,14,23,34,0,14,0,14,36,49,39,54,99,62
1400000US36047096600,"Census Tract 966, Kings County, New York",Brooklyn,865,265,297,101,210,66,87,79,5,8,82,79,0,14,0,14,0,14,440,239,149,66,291,234,0,14,0,14,0,14,5,8,0,14,0,14,8,15,0,14,115,84
1400000US36047096800,"Census Tract 968, Kings County, New York",Brooklyn,473,251,125,71,125,71,0,14,0,14,0,14,0,14,0,14,0,14,230,184,37,35,193,180,0,14,0,14,0,14,0,14,0,14,0,14,17,31,0,14,101,71
1400000US36047097000,"Census Tract 970, Kings County, New York",Brooklyn,692,193,240,96,225,88,15,23,0,14,15,23,0,14,0,14,0,14,390,130,109,54,281,122,0,14,0,14,0,14,0,14,0,14,9,15,0,14,0,14,53,42
1400000US36047097400,"Census Tract 974, Kings County, New York",Brooklyn,856,237,301,120,255,110,46,32,46,32,0,14,0,14,0,14,0,14,413,165,66,51,347,163,0,14,0,14,0,14,44,47,0,14,15,34,9,13,15,16,59,45
1400000US36047098200,"Census Tract 982, Kings County, New York",Brooklyn,1208,301,179,69,116,60,63,50,63,50,0,14,0,14,0,14,0,14,982,304,322,146,630,261,0,14,30,48,0,14,17,27,0,14,0,14,30,36,0,14,0,14
1400000US36047098400,"Census Tract 984, Kings County, New York",Brooklyn,784,173,248,89,238,89,10,12,10,12,0,14,0,14,0,14,0,14,284,108,86,42,193,93,0,14,5,7,0,14,0,14,0,14,0,14,87,69,0,14,165,106
1400000US36047098600,"Census Tract 986, Kings County, New York",Brooklyn,1138,264,257,103,257,103,0,14,0,14,0,14,0,14,0,14,0,14,735,274,260,158,475,211,0,14,0,14,0,14,0,14,0,14,18,20,11,16,0,14,117,69
1400000US36047098800,"Census Tract 988, Kings County, New York",Brooklyn,966,230,323,147,293,142,30,39,30,39,0,14,0,14,0,14,0,14,534,171,142,101,392,169,0,14,0,14,0,14,13,23,0,14,0,14,21,35,13,20,62,58
1400000US36047099000,"Census Tract 990, Kings County, New York",Brooklyn,733,167,321,116,260,98,61,66,47,62,0,14,14,22,0,14,0,14,252,83,99,65,153,61,0,14,0,14,0,14,38,44,0,14,0,14,72,55,0,14,50,62
1400000US36047099200,"Census Tract 992, Kings County, New York",Brooklyn,706,292,386,261,360,251,26,37,26,37,0,14,0,14,0,14,0,14,217,111,63,98,154,67,0,14,0,14,0,14,12,18,0,14,0,14,34,38,0,14,57,44
1400000US36047099400,"Census Tract 994, Kings County, New York",Brooklyn,706,237,325,112,318,110,7,11,7,11,0,14,0,14,0,14,0,14,343,153,87,69,256,131,0,14,0,14,0,14,0,14,0,14,0,14,7,12,0,14,31,24
1400000US36047099600,"Census Tract 996, Kings County, New York",Brooklyn,1181,338,421,165,421,165,0,14,0,14,0,14,0,14,0,14,0,14,575,227,260,182,315,144,0,14,0,14,0,14,79,82,0,14,0,14,15,23,0,14,91,78
1400000US36047099800,"Census Tract 998, Kings County, New York",Brooklyn,1539,342,859,340,688,274,171,174,97,104,74,86,0,14,0,14,0,14,492,162,159,94,333,147,0,14,0,14,0,14,28,44,0,14,0,14,0,14,0,14,160,109
1400000US36047100400,"Census Tract 1004, Kings County, New York",Brooklyn,1008,310,406,156,339,140,67,72,67,72,0,14,0,14,0,14,0,14,424,154,151,115,254,121,19,29,0,14,0,14,20,32,0,14,0,14,6,17,0,14,152,160
1400000US36047100600,"Census Tract 1006, Kings County, New York",Brooklyn,1223,269,521,156,462,146,59,62,14,18,0,14,45,62,0,14,0,14,562,193,315,138,247,109,0,14,0,14,0,14,74,79,0,14,0,14,0,14,0,14,66,47
1400000US36047100800,"Census Tract 1008, Kings County, New York",Brooklyn,870,236,362,97,309,87,53,40,20,23,0,14,33,32,0,14,0,14,444,167,270,127,174,79,0,14,0,14,0,14,0,14,0,14,0,14,0,14,24,37,40,26
1400000US36047101000,"Census Tract 1010, Kings County, New York",Brooklyn,944,199,359,189,359,189,0,14,0,14,0,14,0,14,0,14,0,14,432,150,153,111,279,104,0,14,0,14,0,14,0,14,0,14,0,14,15,45,8,13,130,56
1400000US36047101200,"Census Tract 1012, Kings County, New York",Brooklyn,973,227,499,200,404,156,95,66,64,51,31,42,0,14,0,14,0,14,356,128,119,66,237,104,0,14,0,14,0,14,12,18,0,14,0,14,30,31,0,14,76,56
1400000US36047101400,"Census Tract 1014, Kings County, New York",Brooklyn,632,178,210,105,206,104,4,7,4,7,0,14,0,14,0,14,0,14,398,151,147,103,184,91,67,80,0,14,0,14,0,14,0,14,0,14,0,14,6,10,18,31
1400000US36047101600,"Census Tract 1016, Kings County, New York",Brooklyn,890,167,398,128,377,130,21,25,8,12,13,21,0,14,0,14,0,14,285,83,86,43,199,53,0,14,0,14,0,14,0,14,0,14,0,14,47,37,0,14,160,86
1400000US36047101800,"Census Tract 1018, Kings County, New York",Brooklyn,967,306,517,215,517,215,0,14,0,14,0,14,0,14,0,14,0,14,352,178,201,117,119,70,0,14,0,14,32,51,9,36,0,14,0,14,4,13,0,14,85,47
1400000US36047102000,"Census Tract 1020, Kings County, New York",Brooklyn,1213,396,857,359,839,358,18,21,18,21,0,14,0,14,0,14,0,14,252,161,164,116,88,73,0,14,0,14,0,14,30,33,0,14,0,14,33,32,9,14,32,53
1400000US36047102200,"Census Tract 1022, Kings County, New York",Brooklyn,936,184,475,118,396,108,79,47,73,46,6,10,0,14,0,14,0,14,332,128,93,66,239,98,0,14,0,14,0,14,38,36,0,14,0,14,36,46,0,14,55,34
1400000US36047102400,"Census Tract 1024, Kings County, New York",Brooklyn,790,180,462,146,375,157,87,88,50,68,0,14,0,14,37,59,0,14,183,87,111,58,72,59,0,14,0,14,0,14,14,26,0,14,0,14,5,8,26,23,100,63
1400000US36047102600,"Census Tract 1026, Kings County, New York",Brooklyn,1105,255,276,117,276,117,0,14,0,14,0,14,0,14,0,14,0,14,648,217,260,152,353,185,35,39,0,14,0,14,0,14,0,14,30,48,0,14,6,10,145,104
1400000US36047102801,"Census Tract 1028.01, Kings County, New York",Brooklyn,459,125,346,126,310,120,36,45,29,43,7,10,0,14,0,14,0,14,98,59,28,27,70,56,0,14,0,14,0,14,5,9,0,14,0,14,0,14,0,14,10,17
1400000US36047102802,"Census Tract 1028.02, Kings County, New York",Brooklyn,0,14,0,14,0,14,0,14,0,14,0,14,0,14,0,14,0,14,0,14,0,14,0,14,0,14,0,14,0,14,0,14,0,14,0,14,0,14,0,14,0,14
1400000US36047103401,"Census Tract 1034.01, Kings County, New York",Brooklyn,950,280,303,166,303,166,0,14,0,14,0,14,0,14,0,14,0,14,506,177,218,109,288,149,0,14,0,14,0,14,12,19,0,14,0,14,53,51,15,25,61,70
1400000US36047103402,"Census Tract 1034.02, Kings County, New York",Brooklyn,0,14,0,14,0,14,0,14,0,14,0,14,0,14,0,14,0,14,0,14,0,14,0,14,0,14,0,14,0,14,0,14,0,14,0,14,0,14,0,14,0,14
1400000US36047105801,"Census Tract 1058.01, Kings County, New York",Brooklyn,1862,471,591,266,544,264,47,54,47,54,0,19,0,19,0,19,0,19,881,302,410,191,471,230,0,19,0,19,0,19,0,19,0,19,0,19,170,129,86,115,134,93
1400000US36047105804,"Census Tract 1058.04, Kings County, New York",Brooklyn,1873,499,443,232,418,228,25,43,25,43,0,19,0,19,0,19,0,19,812,273,323,186,489,218,0,19,0,19,0,19,57,68,0,19,35,40,115,108,60,56,351,182
1400000US36047107001,"Census Tract 1070.01, Kings County, New York",Brooklyn,2128,366,510,189,380,170,130,115,66,88,0,14,64,68,0,14,0,14,1173,293,441,202,671,251,61,77,0,14,0,14,25,44,0,14,0,14,148,170,0,14,272,155
1400000US36047107002,"Census Tract 1070.02, Kings County, New York",Brooklyn,0,14,0,14,0,14,0,14,0,14,0,14,0,14,0,14,0,14,0,14,0,14,0,14,0,14,0,14,0,14,0,14,0,14,0,14,0,14,0,14,0,14
1400000US36047107003,"Census Tract 1070.03, Kings County, New York",Brooklyn,0,14,0,14,0,14,0,14,0,14,0,14,0,14,0,14,0,14,0,14,0,14,0,14,0,14,0,14,0,14,0,14,0,14,0,14,0,14,0,14,0,14
1400000US36047107800,"Census Tract 1078, Kings County, New York",Brooklyn,1963,410,511,150,486,148,25,31,11,17,14,24,0,14,0,14,0,14,894,205,424,127,470,230,0,14,0,14,0,14,116,142,0,14,0,14,111,99,35,45,296,211
1400000US36047109800,"Census Tract 1098, Kings County, New York",Brooklyn,822,221,282,93,190,76,92,50,92,50,0,14,0,14,0,14,0,14,397,166,23,30,374,162,0,14,0,14,0,14,0,14,0,14,0,14,4,8,0,14,139,120
1400000US36047110400,"Census Tract 1104, Kings County, New York",Brooklyn,2114,480,1125,480,917,345,208,195,208,195,0,19,0,19,0,19,0,19,840,280,292,215,548,267,0,19,0,19,0,19,0,19,0,19,0,19,0,19,25,38,124,111
1400000US36047110600,"Census Tract 1106, Kings County, New York",Brooklyn,853,321,272,200,244,203,28,34,23,33,5,8,0,14,0,14,0,14,515,238,154,104,361,195,0,14,0,14,0,14,0,14,0,14,0,14,66,73,0,14,0,14
1400000US36047111000,"Census Tract 1110, Kings County, New York",Brooklyn,822,232,22,28,12,19,10,23,10,23,0,14,0,14,0,14,0,14,518,214,266,164,252,127,0,14,0,14,0,14,0,14,0,14,0,14,15,24,122,111,145,115
1400000US36047111600,"Census Tract 1116, Kings County, New York",Brooklyn,1273,283,352,150,252,136,100,100,76,82,24,44,0,14,0,14,0,14,740,210,208,107,488,183,44,46,0,14,0,14,14,28,0,14,0,14,62,94,19,33,86,80
1400000US36047111800,"Census Tract 1118, Kings County, New York",Brooklyn,1383,421,586,303,531,240,55,84,0,14,0,14,0,14,0,14,55,84,514,165,167,131,210,108,31,48,0,14,106,73,14,21,0,14,20,33,33,49,51,56,165,145
1400000US36047112000,"Census Tract 1120, Kings County, New York",Brooklyn,1482,436,485,205,379,199,106,123,106,123,0,14,0,14,0,14,0,14,655,327,257,204,278,171,0,14,0,14,120,166,0,14,0,14,49,43,50,69,0,14,243,150
1400000US36047112200,"Census Tract 1122, Kings County, New York",Brooklyn,1354,292,487,292,448,285,39,47,39,47,0,14,0,14,0,14,0,14,803,217,325,155,452,150,26,41,0,14,0,14,0,14,0,14,0,14,0,14,0,14,64,84
1400000US36047112400,"Census Tract 1124, Kings County, New York",Brooklyn,1679,437,296,217,296,217,0,14,0,14,0,14,0,14,0,14,0,14,986,328,238,178,748,285,0,14,0,14,0,14,58,67,0,14,0,14,72,71,126,127,141,134
1400000US36047112600,"Census Tract 1126, Kings County, New York",Brooklyn,1758,456,396,146,393,144,3,13,0,14,3,13,0,14,0,14,0,14,939,390,54,74,860,388,25,37,0,14,0,14,0,14,0,14,0,14,147,126,11,24,265,158
1400000US36047112800,"Census Tract 1128, Kings County, New York",Brooklyn,1664,310,514,201,467,196,47,76,47,76,0,14,0,14,0,14,0,14,1057,251,208,106,849,243,0,14,0,14,0,14,45,52,0,14,0,14,0,14,15,30,33,48
1400000US36047113000,"Census Tract 1130, Kings County, New York",Brooklyn,1735,399,698,200,698,200,0,14,0,14,0,14,0,14,0,14,0,14,968,365,90,84,878,367,0,14,0,14,0,14,57,82,0,14,0,14,0,14,0,14,12,20
1400000US36047113200,"Census Tract 1132, Kings County, New York",Brooklyn,1200,205,229,102,166,83,63,64,63,64,0,14,0,14,0,14,0,14,630,170,159,105,437,186,34,31,0,14,0,14,0,14,0,14,0,14,0,14,0,14,341,120
1400000US36047113400,"Census Tract 1134, Kings County, New York",Brooklyn,1014,237,189,151,171,142,18,29,18,29,0,14,0,14,0,14,0,14,596,151,156,63,440,149,0,14,0,14,0,14,0,14,0,14,0,14,0,14,55,62,174,106
1400000US36047114201,"Census Tract 1142.01, Kings County, New York",Brooklyn,716,209,304,128,304,128,0,14,0,14,0,14,0,14,0,14,0,14,334,149,44,79,290,130,0,14,0,14,0,14,0,14,0,14,18,30,0,14,0,14,60,76
1400000US36047114202,"Census Tract 1142.02, Kings County, New York",Brooklyn,847,267,265,134,183,112,82,69,57,57,0,14,0,14,0,14,25,43,418,180,155,110,263,139,0,14,0,14,0,14,9,15,0,14,0,14,0,14,0,14,155,90
1400000US36047114400,"Census Tract 1144, Kings County, New York",Brooklyn,865,256,212,161,155,110,57,73,57,73,0,14,0,14,0,14,0,14,555,170,98,87,457,158,0,14,0,14,0,14,0,14,0,14,0,14,48,54,0,14,50,55
1400000US36047114600,"Census Tract 1146, Kings County, New York",Brooklyn,1408,428,329,138,304,131,25,32,0,14,0,14,25,32,0,14,0,14,862,364,22,29,840,362,0,14,0,14,0,14,0,14,0,14,8,65,59,58,9,13,141,91
1400000US36047115000,"Census Tract 1150, Kings County, New York",Brooklyn,1212,284,267,133,207,124,60,60,60,60,0,14,0,14,0,14,0,14,621,131,72,59,490,126,59,54,0,14,0,14,0,14,33,48,0,14,2,3,0,14,289,158
1400000US36047115200,"Census Tract 1152, Kings County, New York",Brooklyn,941,412,153,139,153,139,0,14,0,14,0,14,0,14,0,14,0,14,596,348,130,142,466,247,0,14,0,14,0,14,0,14,0,14,0,14,0,14,0,14,192,166
1400000US36047115600,"Census Tract 1156, Kings County, New York",Brooklyn,1543,380,563,361,375,241,188,176,0,14,0,14,188,176,0,14,0,14,869,268,178,100,691,238,0,14,0,14,0,14,0,14,0,14,0,14,85,97,26,44,0,14
1400000US36047115800,"Census Tract 1158, Kings County, New York",Brooklyn,894,302,211,149,211,149,0,14,0,14,0,14,0,14,0,14,0,14,576,215,59,53,434,210,83,62,0,14,0,14,27,42,0,14,0,14,1,3,0,14,79,57
1400000US36047116000,"Census Tract 1160, Kings County, New York",Brooklyn,978,288,395,173,348,170,47,64,7,11,0,14,40,64,0,14,0,14,404,215,0,14,404,215,0,14,0,14,0,14,0,14,0,14,0,14,147,95,0,14,32,33
1400000US36047116200,"Census Tract 1162, Kings County, New York",Brooklyn,1123,299,326,164,228,120,98,101,98,101,0,14,0,14,0,14,0,14,578,190,133,79,445,172,0,14,0,14,0,14,7,11,0,14,0,14,81,64,0,14,131,81
1400000US36047116400,"Census Tract 1164, Kings County, New York",Brooklyn,1540,538,428,221,328,194,100,71,71,62,0,14,29,41,0,14,0,14,714,208,230,133,484,160,0,14,0,14,0,14,168,194,0,14,0,14,14,26,0,14,216,228
1400000US36047116600,"Census Tract 1166, Kings County, New York",Brooklyn,1271,360,368,234,203,122,165,175,165,175,0,14,0,14,0,14,0,14,583,233,118,90,465,235,0,14,0,14,0,14,121,137,0,14,0,14,97,101,0,14,102,67
1400000US36047116800,"Census Tract 1168, Kings County, New York",Brooklyn,1202,278,527,203,486,189,41,22,41,22,0,14,0,14,0,14,0,14,538,147,152,86,386,110,0,14,0,14,0,14,18,32,0,14,0,14,37,53,0,14,82,70
1400000US36047117000,"Census Tract 1170, Kings County, New York",Brooklyn,656,250,162,88,139,78,23,34,0,14,23,34,0,14,0,14,0,14,294,118,0,14,294,118,0,14,0,14,0,14,0,14,0,14,0,14,175,146,0,14,25,33
1400000US36047117201,"Census Tract 1172.01, Kings County, New York",Brooklyn,952,278,241,110,226,105,15,25,13,22,2,12,0,14,0,14,0,14,522,238,117,89,405,212,0,14,0,14,0,14,0,14,0,14,0,14,22,28,0,14,167,99
1400000US36047117202,"Census Tract 1172.02, Kings County, New York",Brooklyn,2081,519,275,110,217,122,58,73,58,73,0,14,0,14,0,14,0,14,914,216,32,50,772,192,110,87,0,14,0,14,32,48,0,14,30,48,29,48,84,110,717,498
1400000US36047117400,"Census Tract 1174, Kings County, New York",Brooklyn,1756,437,601,218,488,167,113,86,67,72,0,14,46,70,0,14,0,14,899,411,74,74,716,410,109,75,0,14,0,14,0,14,0,14,0,14,20,32,9,19,227,178
1400000US36047117601,"Census Tract 1176.01, Kings County, New York",Brooklyn,1571,560,443,285,332,265,111,88,90,82,7,12,0,14,0,14,14,20,956,340,125,97,831,313,0,14,0,14,0,14,0,14,0,14,0,14,91,89,33,30,48,36
1400000US36047117602,"Census Tract 1176.02, Kings County, New York",Brooklyn,1050,290,436,192,325,225,111,117,91,116,20,33,0,14,0,14,0,14,462,233,9,14,453,232,0,14,0,14,0,14,0,14,0,14,58,63,15,25,0,14,79,96
1400000US36047117800,"Census Tract 1178, Kings County, New York",Brooklyn,635,130,331,121,331,121,0,14,0,14,0,14,0,14,0,14,0,14,86,59,9,17,77,59,0,14,0,14,0,14,0,14,0,14,0,14,145,66,25,34,48,44
1400000US36047118000,"Census Tract 1180, Kings County, New York",Brooklyn,0,14,0,14,0,14,0,14,0,14,0,14,0,14,0,14,0,14,0,14,0,14,0,14,0,14,0,14,0,14,0,14,0,14,0,14,0,14,0,14,0,14
1400000US36047118201,"Census Tract 1182.01, Kings County, New York",Brooklyn,1483,379,492,237,467,229,25,38,25,38,0,14,0,14,0,14,0,14,775,214,160,152,615,152,0,14,0,14,0,14,0,14,0,14,0,14,22,24,14,24,180,114
1400000US36047118202,"Census Tract 1182.02, Kings County, New York",Brooklyn,1453,301,398,191,373,169,25,39,0,14,25,39,0,14,0,14,0,14,786,191,331,143,455,180,0,14,0,14,0,14,11,16,0,14,0,14,78,56,122,175,58,51
1400000US36047118400,"Census Tract 1184, Kings County, New York",Brooklyn,2717,613,936,292,789,294,147,136,33,51,114,132,0,14,0,14,0,14,1038,493,232,169,738,391,68,69,0,14,0,14,44,48,0,14,107,134,0,14,514,446,78,114
1400000US36047118600,"Census Tract 1186, Kings County, New York",Brooklyn,1303,295,575,173,566,166,9,17,0,14,9,17,0,14,0,14,0,14,544,172,166,85,363,135,15,21,0,14,0,14,0,14,0,14,0,14,0,14,0,14,184,130
1400000US36047118800,"Census Tract 1188, Kings County, New York",Brooklyn,2209,499,1015,365,953,337,62,64,62,64,0,14,0,14,0,14,0,14,966,204,155,121,701,233,110,79,0,14,0,14,26,40,0,14,0,14,37,59,65,67,100,77
1400000US36047119000,"Census Tract 1190, Kings County, New York",Brooklyn,544,185,53,43,53,43,0,14,0,14,0,14,0,14,0,14,0,14,244,131,0,14,244,131,0,14,0,14,0,14,0,14,0,14,0,14,75,112,33,34,139,83
1400000US36047119200,"Census Tract 1192, Kings County, New York",Brooklyn,1465,324,688,296,544,288,144,122,127,117,17,30,0,14,0,14,0,14,398,146,64,96,334,157,0,14,0,14,0,14,20,33,0,14,22,28,101,93,0,14,236,188
1400000US36047119400,"Census Tract 1194, Kings County, New York",Brooklyn,1963,457,586,337,531,275,55,91,55,91,0,14,0,14,0,14,0,14,1022,299,205,180,817,232,0,14,0,14,0,14,0,14,0,14,0,14,140,135,0,14,215,219
1400000US36047119600,"Census Tract 1196, Kings County, New York",Brooklyn,2551,599,821,292,600,283,221,147,221,147,0,19,0,19,0,19,0,19,1456,384,751,238,682,318,23,26,0,19,0,19,0,19,0,19,0,19,42,49,0,19,232,174
1400000US36047119800,"Census Tract 1198, Kings County, New York",Brooklyn,1222,600,540,271,540,271,0,14,0,14,0,14,0,14,0,14,0,14,611,320,0,14,542,253,69,108,0,14,0,14,0,14,0,14,0,14,0,14,3,23,68,108
1400000US36047120000,"Census Tract 1200, Kings County, New York",Brooklyn,1232,402,277,107,202,104,75,56,75,56,0,14,0,14,0,14,0,14,538,183,46,37,492,188,0,14,0,14,0,14,50,46,0,14,0,14,262,363,55,35,50,52
1400000US36047120200,"Census Tract 1202, Kings County, New York",Brooklyn,844,229,467,171,434,174,33,33,21,17,0,14,12,22,0,14,0,14,243,115,9,13,234,114,0,14,0,14,0,14,0,14,0,14,0,14,21,26,54,62,59,43
1400000US36047120801,"Census Tract 1208.01, Kings County, New York",Brooklyn,2149,459,390,190,271,151,119,98,119,98,0,14,0,14,0,14,0,14,1530,446,232,138,1298,434,0,14,0,14,0,14,0,14,0,14,0,14,68,55,55,62,106,114
1400000US36047120802,"Census Tract 1208.02, Kings County, New York",Brooklyn,1523,399,124,105,111,98,13,20,0,19,0,19,13,20,0,19,0,19,1077,335,271,156,806,305,0,19,0,19,0,19,119,189,0,19,0,19,88,115,67,68,48,72
1400000US36047120803,"Census Tract 1208.03, Kings County, New York",Brooklyn,517,174,175,121,144,96,31,39,14,24,17,30,0,14,0,14,0,14,323,121,49,34,274,122,0,14,0,14,0,14,0,14,0,14,0,14,0,14,0,14,19,31
1400000US36047121000,"Census Tract 1210, Kings County, New York",Brooklyn,1148,193,93,69,93,69,0,14,0,14,0,14,0,14,0,14,0,14,1027,239,575,174,452,162,0,14,0,14,0,14,19,31,0,14,0,14,0,14,9,24,0,14
1400000US36047121400,"Census Tract 1214, Kings County, New York",Brooklyn,1475,267,322,186,322,186,0,14,0,14,0,14,0,14,0,14,0,14,807,259,564,258,243,163,0,14,0,14,0,14,72,63,0,14,16,27,0,14,72,67,186,115
1400000US36047122000,"Census Tract 1220, Kings County, New York",Brooklyn,3158,636,1231,487,1082,492,149,192,149,192,0,19,0,19,0,19,0,19,1321,514,672,375,649,332,0,19,0,19,0,19,41,66,0,19,0,19,47,37,0,19,518,322
1400000US36047123700,"Census Tract 1237, Kings County, New York",Brooklyn,2160,533,527,223,400,203,127,105,23,35,0,19,0,19,59,80,45,70,298,220,173,145,82,93,43,59,0,19,0,19,21,36,0,19,0,19,1061,384,84,108,169,142
1400000US36047150200,"Census Tract 1502, Kings County, New York",Brooklyn,1480,215,235,111,235,111,0,14,0,14,0,14,0,14,0,14,0,14,561,146,37,35,524,139,0,14,0,14,0,14,0,14,10,16,48,50,128,95,0,14,498,129
1400000US36047152200,"Census Tract 1522, Kings County, New York",Brooklyn,1709,572,544,512,537,511,7,16,7,16,0,14,0,14,0,14,0,14,558,146,40,38,518,147,0,14,0,14,0,14,0,14,0,14,80,63,24,23,0,14,503,156
1400000US36047990100,"Census Tract 9901, Kings County, New York",Brooklyn,0,14,0,14,0,14,0,14,0,14,0,14,0,14,0,14,0,14,0,14,0,14,0,14,0,14,0,14,0,14,0,14,0,14,0,14,0,14,0,14,0,14
1400000US36061000100,"Census Tract 1, New York County, New York",Manhattan,0,14,0,14,0,14,0,14,0,14,0,14,0,14,0,14,0,14,0,14,0,14,0,14,0,14,0,14,0,14,0,14,0,14,0,14,0,14,0,14,0,14
1400000US36061000201,"Census Tract 2.01, New York County, New York",Manhattan,629,139,43,47,28,34,15,23,15,23,0,14,0,14,0,14,0,14,252,87,108,76,128,71,0,14,0,14,16,23,5,10,0,14,18,17,82,80,34,43,195,98
1400000US36061000202,"Census Tract 2.02, New York County, New York",Manhattan,2223,562,241,152,148,79,93,106,91,105,2,5,0,19,0,19,0,19,778,281,161,75,577,291,10,17,0,19,30,33,18,28,0,19,283,162,328,325,42,42,533,298
1400000US36061000500,"Census Tract 5, New York County, New York",Manhattan,0,14,0,14,0,14,0,14,0,14,0,14,0,14,0,14,0,14,0,14,0,14,0,14,0,14,0,14,0,14,0,14,0,14,0,14,0,14,0,14,0,14
1400000US36061000600,"Census Tract 6, New York County, New York",Manhattan,4094,902,436,242,287,209,149,144,99,120,0,21,0,21,50,79,0,21,1911,468,279,169,1581,495,37,60,0,21,14,25,0,21,0,21,0,21,1113,502,159,166,475,253
1400000US36061000700,"Census Tract 7, New York County, New York",Manhattan,7318,844,342,238,183,210,159,122,0,19,159,122,0,19,0,19,0,19,3635,731,0,19,3386,735,64,98,0,19,185,149,185,154,0,19,92,109,1456,484,0,19,1608,519
1400000US36061000800,"Census Tract 8, New York County, New York",Manhattan,3449,621,137,106,114,100,23,35,22,35,0,19,0,19,1,3,0,19,1377,435,282,207,1095,360,0,19,0,19,0,19,0,19,0,19,274,184,1117,414,1,23,543,236
1400000US36061000900,"Census Tract 9, New York County, New York",Manhattan,1382,275,54,59,15,18,39,56,5,6,0,14,0,14,34,55,0,14,523,173,21,27,486,168,0,14,0,14,16,16,6,9,0,14,9,15,373,198,8,14,409,121
1400000US36061001001,"Census Tract 10.01, New York County, New York",Manhattan,983,142,155,63,120,57,35,26,35,26,0,14,0,14,0,14,0,14,349,109,157,91,181,60,0,14,0,14,11,13,23,31,0,14,91,47,89,49,0,14,276,91
1400000US36061001002,"Census Tract 10.02, New York County, New York",Manhattan,1542,463,175,136,175,136,0,19,0,19,0,19,0,19,0,19,0,19,993,446,567,393,426,153,0,19,0,19,0,19,0,19,0,19,76,79,214,161,8,14,76,83
1400000US36061001200,"Census Tract 12, New York County, New York",Manhattan,1898,272,410,173,236,119,174,111,29,39,145,116,0,14,0,14,0,14,732,192,120,73,592,180,0,14,0,14,20,30,0,14,0,14,194,94,299,125,13,20,250,109
1400000US36061001300,"Census Tract 13, New York County, New York",Manhattan,3612,514,121,112,121,112,0,19,0,19,0,19,0,19,0,19,0,19,1630,381,129,132,1393,305,31,43,19,33,58,95,0,19,0,19,97,92,637,222,63,77,1064,463
1400000US36061001401,"Census Tract 14.01, New York County, New York",Manhattan,1689,353,54,40,54,40,0,14,0,14,0,14,0,14,0,14,0,14,568,235,87,56,470,227,11,18,0,14,0,14,0,14,0,14,116,92,536,222,10,17,405,156
1400000US36061001402,"Census Tract 14.02, New York County, New York",Manhattan,2125,456,156,114,135,107,21,40,21,40,0,14,0,14,0,14,0,14,1046,319,92,95,920,326,5,11,0,14,29,47,0,14,27,48,200,202,360,299,0,14,336,147
1400000US36061001501,"Census Tract 15.01, New York County, New York",Manhattan,3630,826,441,238,363,222,78,92,78,92,0,19,0,19,0,19,0,19,1260,379,90,91,1170,334,0,19,0,19,0,19,72,73,0,19,0,19,637,214,89,139,1131,684
1400000US36061001502,"Census Tract 15.02, New York County, New York",Manhattan,6598,858,89,56,72,78,17,36,17,36,0,19,0,19,0,19,0,19,2900,652,0,19,2758,669,142,162,0,19,0,19,0,19,0,19,15,21,1850,589,0,19,1744,511
1400000US36061001600,"Census Tract 16, New York County, New York",Manhattan,3318,606,249,165,141,101,108,108,47,51,55,95,6,10,0,19,0,19,1163,341,101,70,1060,330,2,4,0,19,0,19,0,19,0,19,95,112,1169,476,49,66,593,175
1400000US36061001800,"Census Tract 18, New York County, New York",Manhattan,3548,522,187,120,147,110,40,55,24,38,0,19,0,19,16,26,0,19,1754,423,227,143,1527,409,0,19,0,19,0,19,158,187,0,19,224,142,611,229,0,19,614,197
1400000US36061002000,"Census Tract 20, New York County, New York",Manhattan,1157,319,112,90,111,90,1,2,0,19,0,19,0,19,1,2,0,19,466,234,225,154,241,136,0,19,0,19,0,19,0,19,0,19,9,16,347,186,58,66,165,189
1400000US36061002100,"Census Tract 21, New York County, New York",Manhattan,4699,659,213,152,69,68,144,132,89,99,55,85,0,19,0,19,0,19,1985,451,0,19,1961,453,24,40,0,19,0,19,99,94,0,19,48,43,960,411,64,79,1330,524
1400000US36061002201,"Census Tract 22.01, New York County, New York",Manhattan,2819,546,463,219,429,213,34,38,34,38,0,19,0,19,0,19,0,19,1417,380,199,136,1218,381,0,19,0,19,0,19,14,24,0,19,134,117,320,134,0,19,471,210
1400000US36061002202,"Census Tract 22.02, New York County, New York",Manhattan,1773,508,58,33,58,33,0,14,0,14,0,14,0,14,0,14,0,14,684,195,111,68,544,160,0,14,29,39,0,14,42,31,0,14,357,290,434,199,0,14,198,86
1400000US36061002400,"Census Tract 24, New York County, New York",Manhattan,1120,336,105,79,105,79,0,14,0,14,0,14,0,14,0,14,0,14,714,325,401,223,313,155,0,14,0,14,0,14,50,68,0,14,27,44,147,110,36,37,41,41
1400000US36061002500,"Census Tract 25, New York County, New York",Manhattan,975,249,127,94,116,92,11,16,11,16,0,14,0,14,0,14,0,14,481,168,92,59,389,148,0,14,0,14,0,14,37,45,0,14,0,14,220,84,0,14,110,96
1400000US36061002601,"Census Tract 26.01, New York County, New York",Manhattan,1592,336,92,69,81,62,11,17,11,17,0,14,0,14,0,14,0,14,609,215,133,77,437,192,39,51,0,14,0,14,15,26,34,54,107,84,377,153,19,28,339,193
1400000US36061002602,"Census Tract 26.02, New York County, New York",Manhattan,2073,499,175,124,104,103,71,80,22,37,49,74,0,14,0,14,0,14,861,475,109,115,664,438,88,92,0,14,0,14,0,14,0,14,111,119,400,171,23,38,503,227
1400000US36061002700,"Census Tract 27, New York County, New York",Manhattan,445,101,73,46,42,28,31,41,31,41,0,14,0,14,0,14,0,14,141,62,40,28,101,52,0,14,0,14,0,14,0,14,0,14,0,14,100,52,7,11,124,45
1400000US36061002800,"Census Tract 28, New York County, New York",Manhattan,3390,849,547,348,526,342,21,42,21,42,0,19,0,19,0,19,0,19,1447,466,184,125,1162,418,101,127,0,19,0,19,12,20,0,19,189,136,454,233,37,40,704,356
1400000US36061002901,"Census Tract 29.01, New York County, New York",Manhattan,3,3,0,14,0,14,0,14,0,14,0,14,0,14,0,14,0,14,2,3,2,3,0,14,0,14,0,14,0,14,0,14,0,14,0,14,0,14,0,14,1,3
1400000US36061002902,"Census Tract 29.02, New York County, New York",Manhattan,1453,385,167,172,35,42,132,168,72,116,60,90,0,14,0,14,0,14,291,161,12,22,279,159,0,14,0,14,0,14,0,14,0,14,157,109,695,271,0,14,143,91
1400000US36061003001,"Census Tract 30.01, New York County, New York",Manhattan,2912,459,199,159,199,159,0,14,0,14,0,14,0,14,0,14,0,14,1574,476,112,106,1462,445,0,14,0,14,0,14,125,116,0,14,192,149,343,156,48,81,431,213
1400000US36061003002,"Census Tract 30.02, New York County, New York",Manhattan,1795,269,49,34,49,34,0,14,0,14,0,14,0,14,0,14,0,14,1035,270,48,38,987,261,0,14,0,14,0,14,0,14,0,14,21,27,288,134,8,14,394,150
1400000US36061003100,"Census Tract 31, New York County, New York",Manhattan,1477,307,226,200,221,200,5,7,5,7,0,14,0,14,0,14,0,14,493,128,16,25,477,120,0,14,0,14,0,14,42,33,0,14,25,18,391,86,6,10,294,129
1400000US36061003200,"Census Tract 32, New York County, New York",Manhattan,4731,723,490,358,490,358,0,19,0,19,0,19,0,19,0,19,0,19,2149,736,36,50,2113,736,0,19,0,19,0,19,0,19,39,67,177,142,636,316,87,124,1153,382
1400000US36061003300,"Census Tract 33, New York County, New York",Manhattan,3661,577,420,244,420,244,0,19,0,19,0,19,0,19,0,19,0,19,1266,348,0,19,1253,342,0,19,0,19,13,24,62,67,0,19,43,49,541,182,47,52,1282,506
1400000US36061003400,"Census Tract 34, New York County, New York",Manhattan,5284,1008,23,41,23,41,0,19,0,19,0,19,0,19,0,19,0,19,2776,701,352,268,2424,628,0,19,0,19,0,19,38,45,0,19,78,98,847,459,92,137,1430,477
1400000US36061003601,"Census Tract 36.01, New York County, New York",Manhattan,1550,310,140,98,131,97,9,16,9,16,0,14,0,14,0,14,0,14,596,171,104,122,492,132,0,14,0,14,0,14,35,45,0,14,45,33,279,118,12,18,443,279
1400000US36061003602,"Census Tract 36.02, New York County, New York",Manhattan,1927,342,74,49,55,43,19,23,19,23,0,14,0,14,0,14,0,14,797,215,15,21,775,209,7,14,0,14,0,14,48,63,0,14,91,98,318,119,0,14,599,183
1400000US36061003700,"Census Tract 37, New York County, New York",Manhattan,2434,616,173,121,154,120,19,30,0,14,0,14,0,14,19,30,0,14,1202,546,0,14,1187,545,15,25,0,14,0,14,206,196,0,14,77,62,253,146,0,14,523,181
1400000US36061003800,"Census Tract 38, New York County, New York",Manhattan,5025,996,76,109,68,106,8,24,8,24,0,19,0,19,0,19,0,19,1795,537,55,82,1564,454,176,282,0,19,0,19,0,19,0,19,238,162,1411,606,41,64,1464,741
1400000US36061003900,"Census Tract 39, New York County, New York",Manhattan,2844,738,286,161,242,151,44,73,44,73,0,19,0,19,0,19,0,19,977,575,46,53,916,570,15,25,0,19,0,19,73,74,0,19,134,108,482,195,13,16,879,353
1400000US36061004001,"Census Tract 40.01, New York County, New York",Manhattan,2291,513,30,39,30,39,0,14,0,14,0,14,0,14,0,14,0,14,891,172,11,20,880,171,0,14,0,14,0,14,0,14,0,14,98,84,384,192,0,14,888,486
1400000US36061004002,"Census Tract 40.02, New York County, New York",Manhattan,3555,1131,67,51,47,48,20,32,20,32,0,19,0,19,0,19,0,19,1547,874,57,79,1471,877,19,30,0,19,0,19,26,44,0,19,54,87,698,192,0,19,1163,756
1400000US36061004100,"Census Tract 41, New York County, New York",Manhattan,3236,668,69,53,69,53,0,19,0,19,0,19,0,19,0,19,0,19,988,373,3,12,985,372,0,19,0,19,0,19,33,46,0,19,192,157,797,271,0,19,1157,423
1400000US36061004200,"Census Tract 42, New York County, New York",Manhattan,2428,383,144,62,118,55,26,33,26,33,0,19,0,19,0,19,0,19,608,172,42,34,566,172,0,19,0,19,0,19,17,20,0,19,21,26,1054,234,34,32,550,180
1400000US36061004300,"Census Tract 43, New York County, New York",Manhattan,2441,528,380,401,141,143,239,374,239,374,0,14,0,14,0,14,0,14,1005,335,0,14,944,328,61,74,0,14,0,14,0,14,12,20,0,14,338,162,108,123,598,202
1400000US36061004400,"Census Tract 44, New York County, New York",Manhattan,9868,1344,463,356,463,356,0,21,0,21,0,21,0,21,0,21,0,21,4079,1000,933,371,2993,949,0,21,0,21,153,166,0,21,0,21,359,300,1318,626,381,385,3268,1005
1400000US36061004500,"Census Tract 45, New York County, New York",Manhattan,458,110,0,14,0,14,0,14,0,14,0,14,0,14,0,14,0,14,116,65,0,14,113,63,0,14,0,14,3,7,25,24,0,14,91,56,73,59,0,14,153,64
1400000US36061004700,"Census Tract 47, New York County, New York",Manhattan,1524,402,78,73,68,70,10,16,10,16,0,14,0,14,0,14,0,14,674,343,0,14,674,343,0,14,0,14,0,14,0,14,0,14,112,126,325,126,0,14,335,150
1400000US36061004800,"Census Tract 48, New York County, New York",Manhattan,3819,657,208,146,177,126,31,38,19,32,0,19,0,19,0,19,12,19,1299,326,5,10,1291,327,3,7,0,19,0,19,85,110,0,19,266,169,723,295,0,19,1238,419
1400000US36061004900,"Census Tract 49, New York County, New York",Manhattan,2919,744,127,96,81,75,46,64,46,64,0,14,0,14,0,14,0,14,986,304,0,14,972,304,14,23,0,14,0,14,57,47,0,14,157,126,642,266,28,43,922,621
1400000US36061005000,"Census Tract 50, New York County, New York",Manhattan,3041,435,38,48,38,48,0,14,0,14,0,14,0,14,0,14,0,14,1318,386,57,52,1243,376,18,32,0,14,0,14,213,234,0,14,17,27,591,181,44,55,820,284
1400000US36061005200,"Census Tract 52, New York County, New York",Manhattan,1985,271,73,61,73,61,0,14,0,14,0,14,0,14,0,14,0,14,554,134,11,23,534,131,9,14,0,14,0,14,17,21,0,14,33,28,675,155,83,71,550,186
1400000US36061005400,"Census Tract 54, New York County, New York",Manhattan,2561,540,120,88,86,64,34,57,34,57,0,14,0,14,0,14,0,14,1465,497,0,14,1449,499,16,27,0,14,0,14,51,62,0,14,0,14,297,153,20,26,608,207
1400000US36061005501,"Census Tract 55.01, New York County, New York",Manhattan,3009,428,119,81,119,81,0,19,0,19,0,19,0,19,0,19,0,19,629,220,45,52,536,216,48,76,0,19,0,19,16,25,0,19,86,75,1485,439,17,26,657,194
1400000US36061005502,"Census Tract 55.02, New York County, New York",Manhattan,1165,201,30,35,12,20,18,29,18,29,0,14,0,14,0,14,0,14,448,128,8,22,440,126,0,14,0,14,0,14,85,64,30,31,64,47,186,77,29,42,293,118
1400000US36061005600,"Census Tract 56, New York County, New York",Manhattan,2294,666,287,345,282,343,5,20,5,20,0,14,0,14,0,14,0,14,508,189,77,64,431,161,0,14,0,14,0,14,0,14,24,38,36,46,604,347,47,49,788,251
1400000US36061005700,"Census Tract 57, New York County, New York",Manhattan,1331,326,82,73,36,29,46,64,40,63,6,9,0,14,0,14,0,14,331,119,0,14,321,117,0,14,0,14,10,17,27,32,0,14,24,32,220,91,0,14,647,302
1400000US36061005800,"Census Tract 58, New York County, New York",Manhattan,2874,437,99,110,99,110,0,14,0,14,0,14,0,14,0,14,0,14,1444,331,0,14,1444,331,0,14,0,14,0,14,42,41,0,14,78,77,382,157,44,42,785,333
1400000US36061005900,"Census Tract 59, New York County, New York",Manhattan,2650,428,117,86,117,86,0,19,0,19,0,19,0,19,0,19,0,19,875,244,26,30,831,245,18,30,0,19,0,19,104,115,8,15,0,19,761,262,29,40,756,280
1400000US36061006000,"Census Tract 60, New York County, New York",Manhattan,2622,483,172,121,172,121,0,19,0,19,0,19,0,19,0,19,0,19,718,188,128,76,552,197,0,19,0,19,38,44,45,52,0,19,89,71,697,342,0,19,901,324
1400000US36061006100,"Census Tract 61, New York County, New York",Manhattan,2677,592,159,99,121,91,38,45,38,45,0,19,0,19,0,19,0,19,817,196,86,64,719,197,12,19,0,19,0,19,0,19,0,19,33,39,618,258,146,135,904,497
1400000US36061006200,"Census Tract 62, New York County, New York",Manhattan,1730,354,69,50,69,50,0,14,0,14,0,14,0,14,0,14,0,14,452,216,193,89,134,91,125,173,0,14,0,14,19,20,0,14,47,70,733,192,0,14,410,179
1400000US36061006300,"Census Tract 63, New York County, New York",Manhattan,3544,717,333,224,323,219,10,18,0,19,0,19,0,19,10,18,0,19,1242,288,64,80,1127,277,51,46,0,19,0,19,17,29,14,22,138,107,427,154,0,19,1373,543
1400000US36061006400,"Census Tract 64, New York County, New York",Manhattan,4993,706,247,172,194,149,53,58,0,19,33,50,0,19,0,19,20,33,1807,468,532,237,1274,385,1,3,0,19,0,19,101,136,0,19,168,133,1177,338,25,41,1468,511
1400000US36061006500,"Census Tract 65, New York County, New York",Manhattan,3751,626,201,111,153,83,48,75,0,19,0,19,48,75,0,19,0,19,1061,360,0,19,988,347,73,121,0,19,0,19,126,205,295,271,52,60,1067,297,0,19,949,327
1400000US36061006600,"Census Tract 66, New York County, New York",Manhattan,6014,944,96,129,14,23,82,127,82,127,0,21,0,21,0,21,0,21,2239,713,292,234,1871,696,0,21,0,21,76,91,373,254,162,213,44,81,953,411,54,88,2093,775
1400000US36061006700,"Census Tract 67, New York County, New York",Manhattan,3403,833,135,115,135,115,0,14,0,14,0,14,0,14,0,14,0,14,1139,296,53,54,1050,286,36,43,0,14,0,14,37,43,0,14,157,101,817,508,39,59,1079,336
1400000US36061006800,"Census Tract 68, New York County, New York",Manhattan,3814,668,20,32,20,32,0,19,0,19,0,19,0,19,0,19,0,19,956,360,114,99,842,328,0,19,0,19,0,19,28,48,0,19,0,19,1087,372,33,52,1690,511
1400000US36061006900,"Census Tract 69, New York County, New York",Manhattan,1662,277,132,79,125,80,7,11,7,11,0,14,0,14,0,14,0,14,544,135,0,14,544,135,0,14,0,14,0,14,48,47,0,14,47,50,285,115,36,43,570,179
1400000US36061007001,"Census Tract 70.01, New York County, New York",Manhattan,2568,482,74,72,56,66,18,25,18,25,0,14,0,14,0,14,0,14,562,159,66,52,462,136,34,48,0,14,0,14,0,14,5,12,253,167,1023,266,0,14,651,382
1400000US36061007002,"Census Tract 70.02, New York County, New York",Manhattan,2534,438,136,113,96,91,40,68,40,68,0,14,0,14,0,14,0,14,685,234,114,95,525,214,46,47,0,14,0,14,47,56,21,35,56,59,628,152,88,70,873,379
1400000US36061007100,"Census Tract 71, New York County, New York",Manhattan,3232,754,40,45,40,45,0,19,0,19,0,19,0,19,0,19,0,19,1114,362,76,85,1022,311,16,26,0,19,0,19,81,71,0,19,204,127,594,305,72,68,1127,445
1400000US36061007200,"Census Tract 72, New York County, New York",Manhattan,5086,764,420,386,420,386,0,19,0,19,0,19,0,19,0,19,0,19,1797,398,276,164,1467,345,54,87,0,19,0,19,65,77,0,19,89,89,1441,373,10,18,1264,493
1400000US36061007300,"Census Tract 73, New York County, New York",Manhattan,3865,700,0,19,0,19,0,19,0,19,0,19,0,19,0,19,0,19,1537,524,53,62,1374,478,110,130,0,19,0,19,222,195,0,19,113,111,740,294,0,19,1253,390
1400000US36061007400,"Census Tract 74, New York County, New York",Manhattan,3748,601,106,96,106,96,0,19,0,19,0,19,0,19,0,19,0,19,1314,384,101,100,1151,357,45,63,0,19,17,29,120,112,0,19,20,31,1353,529,10,16,825,263
1400000US36061007500,"Census Tract 75, New York County, New York",Manhattan,2424,462,80,101,80,101,0,14,0,14,0,14,0,14,0,14,0,14,768,266,47,43,661,252,43,70,17,26,0,14,226,194,0,14,288,200,426,184,23,38,613,242
1400000US36061007600,"Census Tract 76, New York County, New York",Manhattan,1643,269,65,73,22,32,43,64,43,64,0,14,0,14,0,14,0,14,606,179,68,62,520,166,18,31,0,14,0,14,8,12,0,14,177,130,430,138,36,41,321,158
1400000US36061007700,"Census Tract 77, New York County, New York",Manhattan,3909,499,70,60,54,53,16,25,16,25,0,19,0,19,0,19,0,19,1821,436,23,30,1766,440,32,52,0,19,0,19,85,80,0,19,86,58,526,175,110,121,1211,410
1400000US36061007800,"Census Tract 78, New York County, New York",Manhattan,5482,810,327,248,327,248,0,19,0,19,0,19,0,19,0,19,0,19,1034,362,258,197,642,286,30,47,0,19,104,117,74,87,0,19,79,73,1851,529,0,19,2117,686
1400000US36061007900,"Census Tract 79, New York County, New York",Manhattan,2577,524,51,48,51,48,0,14,0,14,0,14,0,14,0,14,0,14,1164,467,259,183,738,252,115,187,16,22,36,57,22,39,0,14,131,112,487,193,0,14,722,192
1400000US36061008000,"Census Tract 80, New York County, New York",Manhattan,3931,663,155,112,138,108,17,28,17,28,0,19,0,19,0,19,0,19,1061,280,176,107,744,212,41,45,0,19,100,94,42,63,0,19,58,59,1502,564,0,19,1113,403
1400000US36061008100,"Census Tract 81, New York County, New York",Manhattan,4177,891,212,133,212,133,0,19,0,19,0,19,0,19,0,19,0,19,1960,784,56,69,1861,784,43,67,0,19,0,19,27,42,0,19,40,45,891,269,118,123,929,320
1400000US36061008200,"Census Tract 82, New York County, New York",Manhattan,2204,419,76,61,76,61,0,14,0,14,0,14,0,14,0,14,0,14,686,255,59,71,554,220,73,53,0,14,0,14,10,17,0,14,0,14,710,243,90,141,632,223
1400000US36061008300,"Census Tract 83, New York County, New York",Manhattan,1798,353,19,43,19,43,0,14,0,14,0,14,0,14,0,14,0,14,997,268,94,90,903,271,0,14,0,14,0,14,33,44,0,14,49,62,497,182,0,14,203,128
1400000US36061008400,"Census Tract 84, New York County, New York",Manhattan,1091,204,34,37,34,37,0,14,0,14,0,14,0,14,0,14,0,14,302,107,11,19,291,108,0,14,0,14,0,14,40,62,0,14,22,36,438,182,0,14,255,139
1400000US36061008601,"Census Tract 86.01, New York County, New York",Manhattan,2022,327,127,108,51,51,76,97,76,97,0,14,0,14,0,14,0,14,266,122,141,88,105,75,6,9,0,14,14,22,81,70,0,14,18,22,658,258,19,30,853,248
1400000US36061008602,"Census Tract 86.02, New York County, New York",Manhattan,0,14,0,14,0,14,0,14,0,14,0,14,0,14,0,14,0,14,0,14,0,14,0,14,0,14,0,14,0,14,0,14,0,14,0,14,0,14,0,14,0,14
1400000US36061008603,"Census Tract 86.03, New York County, New York",Manhattan,2583,459,223,107,195,100,28,34,8,13,0,14,0,14,0,14,20,32,484,196,23,37,461,192,0,14,0,14,0,14,73,60,0,14,65,60,617,199,85,88,1036,363
1400000US36061008700,"Census Tract 87, New York County, New York",Manhattan,3677,675,81,79,81,79,0,19,0,19,0,19,0,19,0,19,0,19,1452,412,96,86,1333,431,23,39,0,19,0,19,105,94,0,19,108,99,657,325,30,50,1244,454
1400000US36061008800,"Census Tract 88, New York County, New York",Manhattan,5288,1013,130,136,130,136,0,19,0,19,0,19,0,19,0,19,0,19,1456,589,213,207,1243,567,0,19,0,19,0,19,0,19,0,19,39,65,2356,721,0,19,1307,453
1400000US36061008900,"Census Tract 89, New York County, New York",Manhattan,3407,635,80,78,61,54,19,30,19,30,0,19,0,19,0,19,0,19,1182,370,53,53,1129,366,0,19,0,19,0,19,90,99,0,19,135,126,815,317,77,84,1028,340
1400000US36061009000,"Census Tract 90, New York County, New York",Manhattan,5079,999,478,356,284,319,194,220,194,220,0,19,0,19,0,19,0,19,1362,522,38,59,1291,520,0,19,0,19,33,56,48,62,0,19,0,19,1628,455,91,101,1472,539
1400000US36061009100,"Census Tract 91, New York County, New York",Manhattan,4515,658,392,249,320,233,72,93,0,19,0,19,0,19,0,19,72,93,1594,455,0,19,1594,455,0,19,0,19,0,19,81,82,0,19,72,85,902,315,171,233,1303,537
1400000US36061009200,"Census Tract 92, New York County, New York",Manhattan,969,199,77,44,77,44,0,14,0,14,0,14,0,14,0,14,0,14,290,153,8,12,276,154,6,11,0,14,0,14,0,14,0,14,19,25,432,132,0,14,151,70
1400000US36061009300,"Census Tract 93, New York County, New York",Manhattan,5221,848,441,267,441,267,0,19,0,19,0,19,0,19,0,19,0,19,1686,464,132,131,1492,409,22,37,1,3,39,61,0,19,0,19,520,379,1022,370,97,95,1455,549
1400000US36061009400,"Census Tract 94, New York County, New York",Manhattan,35,21,0,14,0,14,0,14,0,14,0,14,0,14,0,14,0,14,0,14,0,14,0,14,0,14,0,14,0,14,0,14,0,14,0,14,19,19,0,14,16,17
1400000US36061009500,"Census Tract 95, New York County, New York",Manhattan,1934,308,58,44,58,44,0,14,0,14,0,14,0,14,0,14,0,14,468,234,23,32,439,232,6,10,0,14,0,14,37,46,0,14,33,34,918,231,7,12,413,121
1400000US36061009600,"Census Tract 96, New York County, New York",Manhattan,238,156,20,40,0,14,20,40,20,40,0,14,0,14,0,14,0,14,100,135,14,31,75,129,11,18,0,14,0,14,6,9,0,14,0,14,40,46,0,14,72,78
1400000US36061009700,"Census Tract 97, New York County, New York",Manhattan,2454,571,294,313,158,131,136,200,136,200,0,14,0,14,0,14,0,14,1025,305,199,158,812,296,14,22,0,14,0,14,22,37,0,14,0,14,555,295,32,38,526,264
1400000US36061009800,"Census Tract 98, New York County, New York",Manhattan,5411,811,210,114,210,114,0,19,0,19,0,19,0,19,0,19,0,19,1563,646,83,96,1214,600,266,201,0,19,0,19,134,134,0,19,126,102,1594,468,0,19,1784,488
1400000US36061009901,"Census Tract 99.01, New York County, New York",Manhattan,1432,466,39,40,32,38,7,13,7,13,0,14,0,14,0,14,0,14,320,113,23,24,297,107,0,14,0,14,0,14,31,41,0,14,71,44,254,104,0,14,717,471
1400000US36061009902,"Census Tract 99.02, New York County, New York",Manhattan,2338,329,152,96,142,93,10,17,10,17,0,14,0,14,0,14,0,14,424,181,70,68,332,158,0,14,0,14,22,36,74,71,0,14,139,128,728,312,67,62,754,259
1400000US36061009903,"Census Tract 99.03, New York County, New York",Manhattan,991,199,87,53,87,53,0,14,0,14,0,14,0,14,0,14,0,14,343,120,0,14,294,121,24,28,0,14,25,40,25,29,0,14,0,14,296,125,0,14,240,94
1400000US36061010000,"Census Tract 100, New York County, New York",Manhattan,1055,190,59,42,45,37,14,22,0,14,0,14,14,22,0,14,0,14,293,89,41,40,252,77,0,14,0,14,0,14,13,20,0,14,0,14,392,143,0,14,298,149
1400000US36061010100,"Census Tract 101, New York County, New York",Manhattan,1325,265,60,100,2,15,58,98,58,98,0,14,0,14,0,14,0,14,577,146,91,54,486,145,0,14,0,14,0,14,0,14,0,14,0,14,303,119,13,18,372,153
1400000US36061010200,"Census Tract 102, New York County, New York",Manhattan,190,147,0,14,0,14,0,14,0,14,0,14,0,14,0,14,0,14,58,89,2,6,56,88,0,14,0,14,0,14,4,7,0,14,0,14,109,119,0,14,19,14
1400000US36061010300,"Census Tract 103, New York County, New York",Manhattan,2284,666,110,91,66,72,44,51,44,51,0,14,0,14,0,14,0,14,925,568,0,14,894,565,31,42,0,14,0,14,17,26,0,14,75,94,525,202,0,14,632,266
1400000US36061010400,"Census Tract 104, New York County, New York",Manhattan,672,170,16,18,16,18,0,14,0,14,0,14,0,14,0,14,0,14,141,70,33,27,99,59,9,14,0,14,0,14,0,14,0,14,10,15,310,141,19,21,176,86
1400000US36061010601,"Census Tract 106.01, New York County, New York",Manhattan,4441,1194,397,222,196,147,201,164,201,164,0,19,0,19,0,19,0,19,984,514,482,468,502,254,0,19,0,19,0,19,50,58,0,19,52,63,1002,409,146,103,1810,709
1400000US36061010602,"Census Tract 106.02, New York County, New York",Manhattan,3024,445,163,123,105,107,58,70,0,19,49,68,9,16,0,19,0,19,621,214,36,43,585,205,0,19,0,19,0,19,167,97,0,19,0,19,1647,389,0,19,426,140
1400000US36061010801,"Census Tract 108.01, New York County, New York",Manhattan,1947,425,4,12,4,12,0,14,0,14,0,14,0,14,0,14,0,14,481,223,46,57,435,219,0,14,0,14,0,14,62,57,0,14,46,59,723,209,0,14,631,268
1400000US36061010802,"Census Tract 108.02, New York County, New York",Manhattan,2165,583,162,97,162,97,0,14,0,14,0,14,0,14,0,14,0,14,612,209,195,97,326,147,0,14,0,14,91,93,0,14,0,14,0,14,794,444,0,14,597,345
1400000US36061010803,"Census Tract 108.03, New York County, New York",Manhattan,1162,263,172,109,123,101,49,56,14,23,0,14,0,14,0,14,35,49,357,128,41,42,289,112,9,16,0,14,18,29,0,14,0,14,0,14,437,149,0,14,196,85
1400000US36061010900,"Census Tract 109, New York County, New York",Manhattan,151,49,0,14,0,14,0,14,0,14,0,14,0,14,0,14,0,14,24,28,0,14,24,28,0,14,0,14,0,14,5,7,0,14,11,12,97,39,0,14,14,13
1400000US36061011000,"Census Tract 110, New York County, New York",Manhattan,4411,752,322,325,322,325,0,19,0,19,0,19,0,19,0,19,0,19,1279,332,110,102,956,303,213,198,0,19,0,19,310,326,0,19,187,180,1166,347,0,19,1147,481
1400000US36061011100,"Census Tract 111, New York County, New York",Manhattan,3391,453,180,124,156,119,24,37,24,37,0,14,0,14,0,14,0,14,1209,322,145,117,970,300,43,60,51,82,0,14,82,88,0,14,128,130,909,247,23,37,860,242
1400000US36061011201,"Census Tract 112.01, New York County, New York",Manhattan,436,114,26,20,26,20,0,14,0,14,0,14,0,14,0,14,0,14,129,51,6,9,107,49,16,15,0,14,0,14,15,13,0,14,5,8,138,65,21,18,102,61
1400000US36061011202,"Census Tract 112.02, New York County, New York",Manhattan,270,79,43,26,31,23,12,14,6,10,0,14,0,14,0,14,6,10,33,28,0,14,27,26,6,9,0,14,0,14,0,14,0,14,0,14,93,44,35,51,66,45
1400000US36061011203,"Census Tract 112.03, New York County, New York",Manhattan,525,121,13,14,13,14,0,14,0,14,0,14,0,14,0,14,0,14,177,63,32,32,142,58,3,6,0,14,0,14,28,27,0,14,0,14,171,84,0,14,136,61
1400000US36061011300,"Census Tract 113, New York County, New York",Manhattan,56,26,7,11,7,11,0,14,0,14,0,14,0,14,0,14,0,14,22,16,0,14,22,16,0,14,0,14,0,14,0,14,0,14,6,8,18,16,0,14,3,5
1400000US36061011401,"Census Tract 114.01, New York County, New York",Manhattan,416,190,24,22,16,18,8,12,8,12,0,14,0,14,0,14,0,14,34,25,11,14,14,15,9,13,0,14,0,14,11,16,0,14,0,14,206,161,0,14,141,90
1400000US36061011402,"Census Tract 114.02, New York County, New York",Manhattan,1291,496,41,37,41,37,0,14,0,14,0,14,0,14,0,14,0,14,546,318,49,39,467,315,30,42,0,14,0,14,40,62,0,14,0,14,421,183,0,14,243,141
1400000US36061011500,"Census Tract 115, New York County, New York",Manhattan,2400,407,36,52,6,10,30,52,30,52,0,14,0,14,0,14,0,14,952,318,36,45,896,312,20,36,0,14,0,14,0,14,0,14,133,121,763,283,0,14,516,191
1400000US36061011600,"Census Tract 116, New York County, New York",Manhattan,1538,345,123,157,123,157,0,14,0,14,0,14,0,14,0,14,0,14,428,188,88,88,306,154,34,58,0,14,0,14,19,33,0,14,18,23,595,244,33,42,322,169
1400000US36061011700,"Census Tract 117, New York County, New York",Manhattan,4044,670,241,175,241,175,0,19,0,19,0,19,0,19,0,19,0,19,1324,332,392,196,891,329,41,34,0,19,0,19,108,78,0,19,418,195,865,243,53,62,1035,552
1400000US36061011800,"Census Tract 118, New York County, New York",Manhattan,4724,799,75,89,75,89,0,19,0,19,0,19,0,19,0,19,0,19,1352,444,108,113,1166,422,78,89,0,19,0,19,115,126,0,19,277,226,1251,519,56,67,1598,511
1400000US36061011900,"Census Tract 119, New York County, New York",Manhattan,252,132,0,14,0,14,0,14,0,14,0,14,0,14,0,14,0,14,184,117,42,45,142,107,0,14,0,14,0,14,10,16,0,14,0,14,38,39,0,14,20,20
1400000US36061012000,"Census Tract 120, New York County, New York",Manhattan,1748,423,132,106,105,96,27,42,27,42,0,14,0,14,0,14,0,14,676,351,30,41,646,351,0,14,0,14,0,14,39,45,0,14,126,202,299,179,0,14,476,214
1400000US36061012101,"Census Tract 121.01, New York County, New York",Manhattan,1807,537,41,56,41,56,0,14,0,14,0,14,0,14,0,14,0,14,494,201,99,81,265,126,130,104,0,14,0,14,20,35,0,14,201,147,501,271,0,14,550,382
1400000US36061012102,"Census Tract 121.02, New York County, New York",Manhattan,2733,530,177,120,148,115,29,34,0,19,0,19,7,11,0,19,22,33,773,269,136,111,583,219,54,71,0,19,0,19,26,40,0,19,20,35,870,314,18,29,849,238
1400000US36061012200,"Census Tract 122, New York County, New York",Manhattan,1413,304,240,139,185,123,55,48,44,38,11,17,0,14,0,14,0,14,492,227,265,200,190,133,37,30,0,14,0,14,24,27,0,14,19,22,297,124,20,42,321,142
1400000US36061012400,"Census Tract 124, New York County, New York",Manhattan,5562,844,219,165,187,155,32,53,0,19,0,19,0,19,0,19,32,53,2690,630,600,347,2090,531,0,19,0,19,0,19,375,301,0,19,25,45,1369,470,19,43,865,300
1400000US36061012500,"Census Tract 125, New York County, New York",Manhattan,1884,335,59,66,59,66,0,14,0,14,0,14,0,14,0,14,0,14,676,231,39,33,627,231,10,14,0,14,0,14,60,93,0,14,11,21,491,237,0,14,587,166
1400000US36061012601,"Census Tract 126.01, New York County, New York",Manhattan,4191,907,194,189,153,181,41,67,41,67,0,19,0,19,0,19,0,19,1437,395,197,162,1240,384,0,19,0,19,0,19,39,65,0,19,0,19,360,204,0,19,2161,940
1400000US36061012602,"Census Tract 126.02, New York County, New York",Manhattan,3063,669,74,83,74,83,0,14,0,14,0,14,0,14,0,14,0,14,975,327,98,143,877,285,0,14,0,14,0,14,33,40,0,14,39,45,824,291,1,3,1117,459
1400000US36061012700,"Census Tract 127, New York County, New York",Manhattan,4691,803,120,115,120,115,0,19,0,19,0,19,0,19,0,19,0,19,1503,486,222,175,1246,527,35,65,0,19,0,19,183,152,0,19,166,165,1381,529,140,143,1198,406
1400000US36061012800,"Census Tract 128, New York County, New York",Manhattan,2479,572,406,260,384,250,22,44,22,44,0,19,0,19,0,19,0,19,570,244,242,191,328,144,0,19,0,19,0,19,127,89,0,19,11,18,609,271,69,76,687,271
1400000US36061012901,"Census Tract 129.01, New York County, New York",Manhattan,5056,704,67,110,67,110,0,19,0,19,0,19,0,19,0,19,0,19,2130,657,511,402,1543,432,35,56,0,19,41,61,26,40,0,19,102,86,1181,351,224,137,1326,350
1400000US36061012902,"Census Tract 129.02, New York County, New York",Manhattan,1596,315,97,48,88,49,9,14,9,14,0,14,0,14,0,14,0,14,474,209,137,133,324,152,13,28,0,14,0,14,17,29,0,14,135,74,413,147,0,14,460,186
1400000US36061013000,"Census Tract 130, New York County, New York",Manhattan,1750,399,239,167,207,168,32,36,32,36,0,14,0,14,0,14,0,14,290,172,149,111,141,101,0,14,0,14,0,14,103,78,0,14,110,66,246,125,29,47,733,276
1400000US36061013100,"Census Tract 131, New York County, New York",Manhattan,2271,389,98,83,98,83,0,14,0,14,0,14,0,14,0,14,0,14,747,250,1,3,642,236,104,98,0,14,0,14,26,34,0,14,0,14,747,243,0,14,653,238
1400000US36061013201,"Census Tract 132.01, New York County, New York",Manhattan,1631,423,31,49,31,49,0,14,0,14,0,14,0,14,0,14,0,14,950,387,267,315,677,195,6,12,0,14,0,14,21,24,0,14,12,20,302,152,16,31,299,109
1400000US36061013202,"Census Tract 132.02, New York County, New York",Manhattan,2121,336,116,85,116,85,0,14,0,14,0,14,0,14,0,14,0,14,645,260,170,121,475,185,0,14,0,14,0,14,34,41,0,14,48,58,583,197,0,14,695,292
1400000US36061013203,"Census Tract 132.03, New York County, New York",Manhattan,2641,463,173,126,173,126,0,14,0,14,0,14,0,14,0,14,0,14,867,375,190,154,642,328,20,36,15,26,0,14,140,118,0,14,21,45,1065,514,0,14,375,217
1400000US36061013300,"Census Tract 133, New York County, New York",Manhattan,4086,712,189,156,122,112,67,109,0,19,67,109,0,19,0,19,0,19,1790,637,138,149,1652,618,0,19,0,19,0,19,82,114,0,19,130,119,1192,454,61,52,642,215
1400000US36061013400,"Census Tract 134, New York County, New York",Manhattan,5908,968,632,411,586,408,46,75,0,21,0,21,46,75,0,21,0,21,2579,783,560,444,2005,566,14,39,0,21,0,21,0,21,0,21,0,21,1200,620,234,316,1263,474
1400000US36061013501,"Census Tract 135.01, New York County, New York",Manhattan,2817,539,121,113,85,92,36,61,36,61,0,14,0,14,0,14,0,14,1291,450,388,208,854,383,49,65,0,14,0,14,38,56,0,14,83,87,696,260,111,85,477,275
1400000US36061013502,"Census Tract 135.02, New York County, New York",Manhattan,3538,639,274,199,274,199,0,19,0,19,0,19,0,19,0,19,0,19,999,426,321,274,642,291,36,40,0,19,0,19,22,27,0,19,206,139,745,351,0,19,1292,613
1400000US36061013601,"Census Tract 136.01, New York County, New York",Manhattan,1022,172,133,65,126,68,7,12,0,14,7,12,0,14,0,14,0,14,250,101,75,48,166,65,9,15,0,14,0,14,118,103,0,14,8,13,299,136,15,23,199,79
1400000US36061013602,"Census Tract 136.02, New York County, New York",Manhattan,3292,1258,306,189,258,180,48,48,18,32,15,24,15,25,0,19,0,19,1190,671,534,561,612,308,44,56,0,19,0,19,43,52,0,19,16,24,831,650,75,110,831,246
1400000US36061013603,"Census Tract 136.03, New York County, New York",Manhattan,2840,553,160,116,160,116,0,14,0,14,0,14,0,14,0,14,0,14,1161,495,443,252,689,333,0,14,0,14,29,45,343,493,0,14,26,42,540,304,16,27,594,226
1400000US36061013604,"Census Tract 136.04, New York County, New York",Manhattan,2933,595,165,109,165,109,0,14,0,14,0,14,0,14,0,14,0,14,1340,316,87,73,1192,321,0,14,0,14,61,66,69,67,0,14,32,37,316,185,18,30,993,475
1400000US36061013700,"Census Tract 137, New York County, New York",Manhattan,4465,995,543,500,535,496,8,19,8,19,0,19,0,19,0,19,0,19,1737,558,27,33,1710,560,0,19,0,19,0,19,0,19,0,19,47,61,1272,480,21,39,845,364
1400000US36061013800,"Census Tract 138, New York County, New York",Manhattan,7448,1845,202,180,202,180,0,21,0,21,0,21,0,21,0,21,0,21,2997,893,409,252,2550,827,38,67,0,21,0,21,114,124,0,21,277,227,1457,731,23,64,2378,1261
1400000US36061013900,"Census Tract 139, New York County, New York",Manhattan,6826,1208,161,189,161,189,0,19,0,19,0,19,0,19,0,19,0,19,1887,530,128,165,1759,547,0,19,0,19,0,19,196,172,0,19,167,164,2231,744,407,276,1777,653
1400000US36061014000,"Census Tract 140, New York County, New York",Manhattan,4248,802,330,315,104,109,226,261,226,261,0,19,0,19,0,19,0,19,1751,484,285,218,1466,425,0,19,0,19,0,19,121,75,0,19,20,35,797,319,225,228,1004,374
1400000US36061014200,"Census Tract 142, New York County, New York",Manhattan,2055,631,162,102,101,68,61,73,61,73,0,14,0,14,0,14,0,14,348,148,45,53,303,154,0,14,0,14,0,14,86,70,0,14,61,68,678,460,0,14,720,383
1400000US36061014300,"Census Tract 143, New York County, New York",Manhattan,0,14,0,14,0,14,0,14,0,14,0,14,0,14,0,14,0,14,0,14,0,14,0,14,0,14,0,14,0,14,0,14,0,14,0,14,0,14,0,14,0,14
1400000US36061014401,"Census Tract 144.01, New York County, New York",Manhattan,2868,695,194,137,164,131,30,41,30,41,0,19,0,19,0,19,0,19,1301,277,56,58,1215,274,24,30,0,19,6,14,0,19,0,19,18,30,288,119,15,22,1052,629
1400000US36061014402,"Census Tract 144.02, New York County, New York",Manhattan,4118,750,299,172,280,161,19,30,19,30,0,19,0,19,0,19,0,19,1802,477,421,234,1320,404,10,18,0,19,51,56,40,59,0,19,23,40,570,256,6,21,1378,458
1400000US36061014500,"Census Tract 145, New York County, New York",Manhattan,3724,494,174,136,174,136,0,19,0,19,0,19,0,19,0,19,0,19,1353,349,66,67,1262,336,25,43,0,19,0,19,199,142,0,19,67,44,870,303,38,44,1023,287
1400000US36061014601,"Census Tract 146.01, New York County, New York",Manhattan,2270,394,168,92,168,92,0,14,0,14,0,14,0,14,0,14,0,14,1003,274,47,49,828,262,74,65,0,14,54,84,43,50,0,14,97,62,178,84,46,52,735,348
1400000US36061014602,"Census Tract 146.02, New York County, New York",Manhattan,4888,733,169,147,169,147,0,19,0,19,0,19,0,19,0,19,0,19,2913,603,267,141,2442,478,204,284,0,19,0,19,0,19,0,19,26,42,654,308,40,59,1086,338
1400000US36061014700,"Census Tract 147, New York County, New York",Manhattan,1811,446,104,98,69,59,35,45,35,45,0,14,0,14,0,14,0,14,812,292,52,47,733,282,27,32,0,14,0,14,19,23,0,14,71,55,464,194,34,38,307,112
1400000US36061014801,"Census Tract 148.01, New York County, New York",Manhattan,1522,236,143,77,85,68,58,39,58,39,0,14,0,14,0,14,0,14,692,184,56,47,621,181,15,24,0,14,0,14,19,21,0,14,0,14,371,128,0,14,297,103
1400000US36061014802,"Census Tract 148.02, New York County, New York",Manhattan,3994,503,148,109,112,89,36,40,36,40,0,19,0,19,0,19,0,19,1621,392,134,102,1439,395,48,43,0,19,0,19,229,133,0,19,66,64,198,113,42,53,1690,365
1400000US36061014900,"Census Tract 149, New York County, New York",Manhattan,3071,549,257,225,163,139,94,113,94,113,0,19,0,19,0,19,0,19,936,230,36,39,884,220,16,25,0,19,0,19,348,297,0,19,18,28,521,166,93,72,898,286
1400000US36061015001,"Census Tract 150.01, New York County, New York",Manhattan,1095,229,76,61,56,37,20,32,10,16,10,17,0,14,0,14,0,14,365,145,131,70,234,121,0,14,0,14,0,14,55,46,0,14,0,14,203,85,31,46,365,135
1400000US36061015002,"Census Tract 150.02, New York County, New York",Manhattan,2006,317,301,152,241,139,60,77,60,77,0,14,0,14,0,14,0,14,648,208,95,66,553,207,0,14,0,14,0,14,71,60,0,14,61,54,261,129,38,45,626,162
1400000US36061015101,"Census Tract 151.01, New York County, New York",Manhattan,1200,365,62,92,62,92,0,14,0,14,0,14,0,14,0,14,0,14,756,278,60,69,696,248,0,14,0,14,0,14,0,14,0,14,0,14,170,132,12,21,200,130
1400000US36061015102,"Census Tract 151.02, New York County, New York",Manhattan,5074,757,447,243,330,207,117,147,91,142,0,19,0,19,0,19,26,43,1770,488,208,154,1511,411,51,52,0,19,0,19,285,276,1,3,152,197,1084,384,42,67,1293,389
1400000US36061015200,"Census Tract 152, New York County, New York",Manhattan,3417,450,272,154,216,124,56,76,56,76,0,19,0,19,0,19,0,19,1310,362,251,167,999,319,29,51,0,19,31,53,31,36,0,19,102,73,326,150,75,75,1301,411
1400000US36061015301,"Census Tract 153.01, New York County, New York",Manhattan,2331,403,132,91,97,88,35,41,17,27,18,31,0,14,0,14,0,14,584,221,16,26,543,210,25,31,0,14,0,14,0,14,52,84,103,98,403,167,0,14,1057,380
1400000US36061015302,"Census Tract 153.02, New York County, New York",Manhattan,3136,394,194,100,173,102,21,35,21,35,0,19,0,19,0,19,0,19,1327,349,113,69,1197,339,17,27,0,19,0,19,0,19,0,19,145,70,443,182,42,54,985,295
1400000US36061015401,"Census Tract 154.01, New York County, New York",Manhattan,3209,789,54,50,54,50,0,14,0,14,0,14,0,14,0,14,0,14,1502,500,65,70,1369,524,37,60,0,14,31,51,0,14,0,14,0,14,586,460,114,186,953,491
1400000US36061015402,"Census Tract 154.02, New York County, New York",Manhattan,1904,340,140,120,140,120,0,14,0,14,0,14,0,14,0,14,0,14,1060,366,253,224,793,299,14,24,0,14,0,14,12,21,0,14,23,40,211,120,0,14,458,239
1400000US36061015403,"Census Tract 154.03, New York County, New York",Manhattan,2340,438,74,64,57,58,17,30,17,30,0,19,0,19,0,19,0,19,1243,307,137,121,1106,253,0,19,0,19,0,19,17,29,0,19,19,37,242,180,28,51,717,262
1400000US36061015501,"Census Tract 155.01, New York County, New York",Manhattan,2561,838,27,47,27,47,0,14,0,14,0,14,0,14,0,14,0,14,1331,521,88,63,1205,516,38,49,0,14,0,14,138,132,0,14,57,62,146,95,18,29,844,485
1400000US36061015502,"Census Tract 155.02, New York County, New York",Manhattan,2734,451,251,223,251,223,0,19,0,19,0,19,0,19,0,19,0,19,1093,337,76,61,1017,341,0,19,0,19,0,19,291,273,0,19,208,138,184,119,0,19,707,327
1400000US36061015601,"Census Tract 156.01, New York County, New York",Manhattan,3299,353,161,104,82,67,79,87,59,81,20,33,0,19,0,19,0,19,1872,362,269,133,1591,329,12,19,0,19,0,19,0,19,0,19,29,33,464,171,85,78,688,263
1400000US36061015602,"Census Tract 156.02, New York County, New York",Manhattan,1189,257,129,118,33,53,96,93,96,93,0,14,0,14,0,14,0,14,688,257,142,124,546,222,0,14,0,14,0,14,0,14,0,14,6,10,147,87,0,14,219,107
1400000US36061015700,"Census Tract 157, New York County, New York",Manhattan,6470,1105,10,29,10,29,0,21,0,21,0,21,0,21,0,21,0,21,3156,827,0,21,3001,856,155,194,0,21,0,21,0,21,0,21,627,454,294,170,0,21,2383,595
1400000US36061015801,"Census Tract 158.01, New York County, New York",Manhattan,3110,417,153,111,102,74,51,57,51,57,0,19,0,19,0,19,0,19,1202,285,194,117,977,285,31,42,0,19,0,19,112,101,0,19,77,75,528,198,22,34,1016,315
1400000US36061015802,"Census Tract 158.02, New York County, New York",Manhattan,2385,277,163,104,163,104,0,14,0,14,0,14,0,14,0,14,0,14,883,249,2,7,869,245,12,20,0,14,0,14,0,14,0,14,18,28,862,181,17,27,442,171
1400000US36061015900,"Census Tract 159, New York County, New York",Manhattan,5689,1125,320,169,174,125,146,128,146,128,0,19,0,19,0,19,0,19,2227,910,271,193,1800,899,156,203,0,19,0,19,131,161,0,19,150,122,766,315,172,118,1923,683
1400000US36061016001,"Census Tract 160.01, New York County, New York",Manhattan,1621,408,121,64,121,64,0,14,0,14,0,14,0,14,0,14,0,14,319,105,16,24,303,103,0,14,0,14,0,14,129,94,0,14,15,23,233,97,0,14,804,376
1400000US36061016002,"Census Tract 160.02, New York County, New York",Manhattan,1572,211,43,37,36,36,7,10,0,14,7,10,0,14,0,14,0,14,383,119,84,59,268,100,31,30,0,14,0,14,10,16,0,14,39,37,707,188,0,14,390,114
1400000US36061016100,"Census Tract 161, New York County, New York",Manhattan,3710,725,67,71,29,35,38,61,0,19,0,19,0,19,38,61,0,19,1891,687,54,52,1818,691,19,27,0,19,0,19,32,38,0,19,178,141,298,142,16,26,1228,263
1400000US36061016200,"Census Tract 162, New York County, New York",Manhattan,2594,578,313,220,258,211,55,72,55,72,0,19,0,19,0,19,0,19,1811,622,616,422,1195,603,0,19,0,19,0,19,0,19,0,19,16,32,102,93,0,19,352,247
1400000US36061016300,"Census Tract 163, New York County, New York",Manhattan,3839,828,334,161,227,132,107,106,98,103,0,19,9,16,0,19,0,19,1523,447,205,163,1286,434,32,38,0,19,0,19,185,221,0,19,58,61,423,220,64,53,1252,567
1400000US36061016400,"Census Tract 164, New York County, New York",Manhattan,2556,498,320,202,289,201,31,39,25,39,6,10,0,19,0,19,0,19,1478,363,313,170,1100,337,0,19,0,19,65,104,19,33,0,19,11,20,156,132,81,77,491,247
1400000US36061016500,"Census Tract 165, New York County, New York",Manhattan,3487,438,161,105,150,103,11,17,0,19,11,17,0,19,0,19,0,19,1729,323,183,101,1495,306,51,48,0,19,0,19,121,104,0,19,169,105,272,143,34,40,1001,290
1400000US36061016600,"Census Tract 166, New York County, New York",Manhattan,2712,410,71,56,58,54,13,21,0,19,13,21,0,19,0,19,0,19,1688,320,273,156,1408,310,7,20,0,19,0,19,0,19,0,19,64,73,344,251,40,61,505,233
1400000US36061016700,"Census Tract 167, New York County, New York",Manhattan,3674,532,286,179,271,175,15,23,15,23,0,19,0,19,0,19,0,19,1535,380,161,116,1346,349,28,47,0,19,0,19,31,44,0,19,51,49,307,132,0,19,1464,430
1400000US36061016800,"Census Tract 168, New York County, New York",Manhattan,1484,280,123,91,68,66,55,52,55,52,0,19,0,19,0,19,0,19,956,246,147,83,809,244,0,19,0,19,0,19,57,61,0,19,42,61,123,79,0,19,183,106
1400000US36061016900,"Census Tract 169, New York County, New York",Manhattan,5077,683,395,274,395,274,0,19,0,19,0,19,0,19,0,19,0,19,2591,533,142,115,2420,525,29,48,0,19,0,19,55,68,0,19,146,120,241,125,0,19,1649,450
1400000US36061017000,"Census Tract 170, New York County, New York",Manhattan,3666,1036,644,306,533,282,111,117,77,111,0,19,15,25,0,19,19,31,2176,963,234,177,1942,937,0,19,0,19,0,19,0,19,0,19,0,19,619,291,0,19,227,134
1400000US36061017100,"Census Tract 171, New York County, New York",Manhattan,4618,1328,243,161,145,111,98,121,98,121,0,19,0,19,0,19,0,19,1637,393,283,185,1354,360,0,19,0,19,0,19,0,19,0,19,59,58,354,170,0,19,2325,1381
1400000US36061017200,"Census Tract 172, New York County, New York",Manhattan,2521,502,145,121,89,81,56,84,56,84,0,19,0,19,0,19,0,19,1388,371,307,175,1056,363,25,45,0,19,0,19,0,19,0,19,0,19,532,238,49,78,407,227
1400000US36061017300,"Census Tract 173, New York County, New York",Manhattan,4929,640,1238,556,1220,556,18,29,0,19,18,29,0,19,0,19,0,19,2248,585,226,175,2022,579,0,19,0,19,0,19,130,109,0,19,0,19,423,349,49,63,841,414
1400000US36061017401,"Census Tract 174.01, New York County, New York",Manhattan,2275,579,119,101,119,101,0,19,0,19,0,19,0,19,0,19,0,19,1554,543,498,338,1027,350,29,49,0,19,0,19,101,112,0,19,42,65,93,86,17,29,349,213
1400000US36061017402,"Census Tract 174.02, New York County, New York",Manhattan,1692,340,75,60,75,60,0,14,0,14,0,14,0,14,0,14,0,14,964,260,114,69,839,252,11,17,0,14,0,14,13,20,54,88,4,8,324,197,39,58,219,97
1400000US36061017500,"Census Tract 175, New York County, New York",Manhattan,5541,1192,331,228,242,219,89,84,89,84,0,21,0,21,0,21,0,21,2090,438,137,101,1861,422,92,80,0,21,0,21,7,12,68,120,278,177,522,337,30,48,2215,972
1400000US36061017700,"Census Tract 177, New York County, New York",Manhattan,4934,2092,0,21,0,21,0,21,0,21,0,21,0,21,0,21,0,21,2594,1154,186,176,2408,1148,0,21,0,21,0,21,46,57,0,21,141,147,337,190,667,1000,1149,403
1400000US36061017800,"Census Tract 178, New York County, New York",Manhattan,1861,426,109,84,95,72,14,24,0,14,14,24,0,14,0,14,0,14,1440,394,176,113,1264,409,0,14,0,14,0,14,55,51,0,14,11,19,44,39,4,31,198,119
1400000US36061017900,"Census Tract 179, New York County, New York",Manhattan,5769,1033,240,176,240,176,0,19,0,19,0,19,0,19,0,19,0,19,3040,676,341,215,2699,711,0,19,0,19,0,19,121,129,0,19,378,346,517,454,19,31,1454,416
1400000US36061018000,"Census Tract 180, New York County, New York",Manhattan,2918,529,254,190,222,182,32,40,32,40,0,19,0,19,0,19,0,19,1332,310,453,214,879,294,0,19,0,19,0,19,136,119,0,19,135,142,436,267,0,19,625,332
1400000US36061018100,"Census Tract 181, New York County, New York",Manhattan,3671,817,326,232,228,161,98,166,98,166,0,19,0,19,0,19,0,19,1910,659,192,171,1718,645,0,19,0,19,0,19,86,156,0,19,100,120,294,183,0,19,955,326
1400000US36061018200,"Census Tract 182, New York County, New York",Manhattan,2877,509,438,270,317,219,121,162,104,160,0,19,0,19,0,19,17,31,1733,469,257,211,1476,409,0,19,0,19,0,19,103,160,0,19,33,53,307,265,0,19,263,146
1400000US36061018300,"Census Tract 183, New York County, New York",Manhattan,4862,1056,209,186,188,184,21,35,21,35,0,19,0,19,0,19,0,19,2749,819,149,128,2600,818,0,19,0,19,0,19,75,125,0,19,119,107,112,137,0,19,1598,921
1400000US36061018400,"Census Tract 184, New York County, New York",Manhattan,3225,715,126,152,126,152,0,19,0,19,0,19,0,19,0,19,0,19,2169,673,472,279,1665,494,32,50,0,19,0,19,74,109,0,19,48,77,132,115,0,19,676,290
1400000US36061018500,"Census Tract 185, New York County, New York",Manhattan,2628,402,41,38,26,30,15,25,15,25,0,19,0,19,0,19,0,19,1274,327,14,21,1239,324,21,29,0,19,0,19,20,34,0,19,218,244,328,158,0,19,747,367
1400000US36061018600,"Census Tract 186, New York County, New York",Manhattan,2328,474,203,166,135,105,68,117,0,19,68,117,0,19,0,19,0,19,1206,335,218,176,988,292,0,19,0,19,0,19,78,117,0,19,72,64,254,255,96,128,419,237
1400000US36061018700,"Census Tract 187, New York County, New York",Manhattan,4693,1351,96,81,96,81,0,19,0,19,0,19,0,19,0,19,0,19,2149,525,277,210,1872,485,0,19,0,19,0,19,24,41,0,19,93,108,261,203,13,22,2057,1336
1400000US36061018800,"Census Tract 188, New York County, New York",Manhattan,2638,648,174,146,92,100,82,102,82,102,0,14,0,14,0,14,0,14,1452,546,231,245,1221,401,0,14,0,14,0,14,0,14,0,14,472,177,257,208,39,79,244,131
1400000US36061018900,"Census Tract 189, New York County, New York",Manhattan,4037,701,324,296,117,146,207,209,73,103,0,21,122,190,0,21,12,20,2409,591,319,242,2018,587,72,113,0,21,0,21,0,21,0,21,195,142,197,162,32,53,880,328
1400000US36061019000,"Census Tract 190, New York County, New York",Manhattan,1937,283,213,134,204,132,9,14,0,14,0,14,9,14,0,14,0,14,1084,232,139,75,923,216,8,12,14,23,0,14,24,27,0,14,8,12,287,119,10,16,311,95
1400000US36061019100,"Census Tract 191, New York County, New York",Manhattan,4590,860,190,114,190,114,0,19,0,19,0,19,0,19,0,19,0,19,2061,623,62,88,1945,633,54,65,0,19,0,19,122,114,0,19,232,229,602,315,0,19,1383,470
1400000US36061019200,"Census Tract 192, New York County, New York",Manhattan,1297,247,89,75,75,67,14,24,0,14,0,14,0,14,14,24,0,14,825,250,189,114,593,232,43,60,0,14,0,14,125,97,0,14,0,14,92,64,0,14,166,97
1400000US36061019300,"Census Tract 193, New York County, New York",Manhattan,4514,920,293,264,165,192,128,195,128,195,0,19,0,19,0,19,0,19,2489,724,187,152,2302,780,0,19,0,19,0,19,0,19,0,19,31,50,483,312,0,19,1218,475
1400000US36061019400,"Census Tract 194, New York County, New York",Manhattan,3025,621,313,230,243,181,70,74,16,25,54,74,0,19,0,19,0,19,1449,456,301,179,1107,357,41,53,0,19,0,19,0,19,0,19,198,143,377,196,0,19,688,364
1400000US36061019500,"Census Tract 195, New York County, New York",Manhattan,4114,586,188,130,114,106,74,69,0,19,0,19,46,54,0,19,28,44,1889,405,156,87,1695,385,38,61,0,19,0,19,79,127,0,19,203,159,375,196,19,30,1361,369
1400000US36061019600,"Census Tract 196, New York County, New York",Manhattan,1359,310,146,141,146,141,0,14,0,14,0,14,0,14,0,14,0,14,1046,262,267,151,749,210,30,47,0,14,0,14,0,14,0,14,6,9,77,65,0,14,84,111
1400000US36061019701,"Census Tract 197.01, New York County, New York",Manhattan,468,89,27,20,27,20,0,14,0,14,0,14,0,14,0,14,0,14,169,60,36,29,133,58,0,14,0,14,0,14,29,20,0,14,25,20,63,35,0,14,155,60
1400000US36061019702,"Census Tract 197.02, New York County, New York",Manhattan,1391,249,78,57,78,57,0,14,0,14,0,14,0,14,0,14,0,14,776,181,59,60,689,155,28,29,0,14,0,14,0,14,0,14,83,51,65,59,35,29,354,181
1400000US36061019800,"Census Tract 198, New York County, New York",Manhattan,1469,502,349,444,349,444,0,14,0,14,0,14,0,14,0,14,0,14,690,172,55,41,612,163,23,29,0,14,0,14,32,53,0,14,20,27,61,69,33,53,284,123
1400000US36061019900,"Census Tract 199, New York County, New York",Manhattan,3895,525,76,59,76,59,0,19,0,19,0,19,0,19,0,19,0,19,1467,429,304,210,1114,364,49,42,0,19,0,19,34,30,0,19,156,89,1351,271,52,59,759,206
1400000US36061020000,"Census Tract 200, New York County, New York",Manhattan,1381,348,198,144,157,93,41,56,41,56,0,14,0,14,0,14,0,14,667,228,20,31,647,226,0,14,0,14,0,14,24,28,0,14,43,43,147,106,0,14,302,156
1400000US36061020101,"Census Tract 201.01, New York County, New York",Manhattan,1039,156,45,50,45,50,0,14,0,14,0,14,0,14,0,14,0,14,230,102,43,39,187,87,0,14,0,14,0,14,0,14,0,14,27,23,449,143,0,14,288,118
1400000US36061020102,"Census Tract 201.02, New York County, New York",Manhattan,2226,460,309,204,238,180,71,82,64,79,7,17,0,14,0,14,0,14,1225,341,193,181,1023,305,9,15,0,14,0,14,69,70,0,14,59,63,172,98,29,49,363,131
1400000US36061020300,"Census Tract 203, New York County, New York",Manhattan,1409,221,75,53,71,54,4,8,4,8,0,14,0,14,0,14,0,14,274,117,16,20,221,111,37,36,0,14,0,14,0,14,0,14,8,14,726,171,60,43,266,83
1400000US36061020500,"Census Tract 205, New York County, New York",Manhattan,2691,328,126,53,119,51,7,12,7,12,0,19,0,19,0,19,0,19,573,133,87,52,457,124,29,28,0,19,0,19,9,14,0,19,37,30,1088,169,51,28,807,259
1400000US36061020600,"Census Tract 206, New York County, New York",Manhattan,1714,445,64,55,62,55,2,7,2,7,0,14,0,14,0,14,0,14,1175,412,93,98,985,420,97,98,0,14,0,14,0,14,0,14,12,23,15,25,0,14,448,174
1400000US36061020701,"Census Tract 207.01, New York County, New York",Manhattan,1566,283,0,14,0,14,0,14,0,14,0,14,0,14,0,14,0,14,398,203,63,61,324,187,11,15,0,14,0,14,0,14,0,14,10,16,921,145,19,20,218,69
1400000US36061020800,"Census Tract 208, New York County, New York",Manhattan,2623,482,201,160,164,142,37,37,37,37,0,19,0,19,0,19,0,19,1526,379,355,232,1055,317,116,79,0,19,0,19,0,19,0,19,177,153,261,182,0,19,458,218
1400000US36061020901,"Census Tract 209.01, New York County, New York",Manhattan,1108,273,103,75,103,75,0,14,0,14,0,14,0,14,0,14,0,14,674,210,105,67,569,181,0,14,0,14,0,14,0,14,0,14,0,14,172,80,0,14,159,100
1400000US36061021000,"Census Tract 210, New York County, New York",Manhattan,2456,453,355,202,330,196,25,40,0,19,25,40,0,19,0,19,0,19,1366,369,412,257,930,252,24,38,0,19,0,19,104,93,0,19,24,39,88,68,47,56,472,292
1400000US36061021100,"Census Tract 211, New York County, New York",Manhattan,4484,894,272,233,272,233,0,19,0,19,0,19,0,19,0,19,0,19,1487,492,234,199,1253,406,0,19,0,19,0,19,11,17,0,19,70,86,1200,359,124,103,1320,586
1400000US36061021200,"Census Tract 212, New York County, New York",Manhattan,2504,475,292,190,261,183,31,37,7,12,0,19,24,37,0,19,0,19,1254,357,259,197,995,312,0,19,0,19,0,19,10,22,0,19,7,23,195,137,0,19,746,357
1400000US36061021303,"Census Tract 213.03, New York County, New York",Manhattan,2932,565,290,284,290,284,0,19,0,19,0,19,0,19,0,19,0,19,1310,357,53,69,1220,359,37,67,0,19,0,19,11,49,0,19,16,26,610,308,18,31,677,253
1400000US36061021400,"Census Tract 214, New York County, New York",Manhattan,1738,298,293,153,293,153,0,14,0,14,0,14,0,14,0,14,0,14,829,250,160,132,652,222,17,29,0,14,0,14,16,25,16,31,68,96,40,48,0,14,476,183
1400000US36061021500,"Census Tract 215, New York County, New York",Manhattan,2026,339,241,149,226,144,15,29,8,24,0,14,0,14,0,14,7,11,1204,273,243,214,942,230,19,32,0,14,0,14,0,14,0,14,113,91,120,88,23,36,325,158
1400000US36061021600,"Census Tract 216, New York County, New York",Manhattan,5162,896,473,213,463,213,10,17,10,17,0,19,0,19,0,19,0,19,2662,767,259,174,2403,724,0,19,0,19,0,19,33,38,0,19,225,136,530,246,70,48,1169,320
1400000US36061021703,"Census Tract 217.03, New York County, New York",Manhattan,128,82,14,36,14,36,0,14,0,14,0,14,0,14,0,14,0,14,49,50,0,14,49,50,0,14,0,14,0,14,0,14,0,14,0,14,50,51,0,14,15,24
1400000US36061021800,"Census Tract 218, New York County, New York",Manhattan,3223,810,147,109,96,94,51,65,51,65,0,19,0,19,0,19,0,19,2140,801,66,72,1967,771,107,99,0,19,0,19,27,63,0,19,0,19,203,125,34,46,672,207
1400000US36061021900,"Census Tract 219, New York County, New York",Manhattan,1465,459,17,28,17,28,0,19,0,19,0,19,0,19,0,19,0,19,894,328,235,194,659,310,0,19,0,19,0,19,0,19,0,19,58,90,170,138,47,96,279,188
1400000US36061022000,"Census Tract 220, New York County, New York",Manhattan,3515,802,461,205,310,157,151,149,41,52,96,132,14,37,0,19,0,19,1447,561,190,131,1257,545,0,19,0,19,0,19,0,19,0,19,0,19,365,219,0,19,1242,416
1400000US36061022102,"Census Tract 221.02, New York County, New York",Manhattan,1361,238,191,65,191,65,0,14,0,14,0,14,0,14,0,14,0,14,592,173,61,65,531,171,0,14,0,14,0,14,0,14,0,14,9,15,92,56,24,26,453,166
1400000US36061022200,"Census Tract 222, New York County, New York",Manhattan,1719,359,45,39,35,37,10,18,0,14,6,16,0,14,0,14,4,7,932,249,147,113,767,237,18,27,0,14,0,14,29,32,0,14,11,16,134,99,41,58,527,223
1400000US36061022301,"Census Tract 223.01, New York County, New York",Manhattan,3122,728,247,192,95,73,152,179,152,179,0,19,0,19,0,19,0,19,1431,470,152,121,1221,451,58,78,0,19,0,19,0,19,0,19,0,19,272,226,86,94,1086,419
1400000US36061022302,"Census Tract 223.02, New York County, New York",Manhattan,1289,241,100,85,100,85,0,14,0,14,0,14,0,14,0,14,0,14,803,240,82,81,678,199,43,69,0,14,0,14,0,14,0,14,66,80,97,52,45,50,178,93
1400000US36061022400,"Census Tract 224, New York County, New York",Manhattan,1849,535,138,153,129,148,9,25,9,25,0,19,0,19,0,19,0,19,1222,439,187,146,1035,362,0,19,0,19,0,19,0,19,0,19,0,19,100,88,13,21,376,204
1400000US36061022500,"Census Tract 225, New York County, New York",Manhattan,5499,924,360,153,307,157,53,61,53,61,0,21,0,21,0,21,0,21,3671,646,592,258,2971,639,108,122,0,21,0,21,71,115,29,45,103,140,517,375,19,33,729,331
1400000US36061022600,"Census Tract 226, New York County, New York",Manhattan,2691,520,399,245,391,246,8,13,0,19,8,13,0,19,0,19,0,19,1357,406,113,102,1238,376,6,12,0,19,0,19,0,19,0,19,56,97,286,153,34,49,559,217
1400000US36061022700,"Census Tract 227, New York County, New York",Manhattan,3129,711,45,45,45,45,0,19,0,19,0,19,0,19,0,19,0,19,1503,341,257,214,1246,288,0,19,0,19,0,19,0,19,0,19,203,177,158,112,0,19,1220,603
1400000US36061022800,"Census Tract 228, New York County, New York",Manhattan,2703,633,428,227,266,214,162,123,32,51,0,19,0,19,0,19,130,110,1358,481,360,249,998,383,0,19,0,19,0,19,0,19,10,16,2,4,127,131,0,19,778,380
1400000US36061022900,"Census Tract 229, New York County, New York",Manhattan,3492,608,337,179,187,123,150,134,48,83,34,53,0,19,0,19,68,101,2011,479,167,121,1791,466,53,76,0,19,0,19,13,26,0,19,190,147,101,100,0,19,840,375
1400000US36061023000,"Census Tract 230, New York County, New York",Manhattan,2765,764,28,34,28,34,0,19,0,19,0,19,0,19,0,19,0,19,1789,630,271,201,1446,593,72,107,0,19,0,19,161,170,0,19,0,19,99,67,42,70,646,309
1400000US36061023100,"Census Tract 231, New York County, New York",Manhattan,3664,763,448,296,378,232,70,86,61,83,0,19,9,19,0,19,0,19,2075,596,419,457,1656,489,0,19,0,19,0,19,83,115,0,19,0,19,126,152,0,19,932,419
1400000US36061023200,"Census Tract 232, New York County, New York",Manhattan,3403,539,146,128,80,77,66,100,66,100,0,19,0,19,0,19,0,19,2525,516,796,371,1729,501,0,19,0,19,0,19,0,19,0,19,239,195,227,149,36,58,230,138
1400000US36061023300,"Census Tract 233, New York County, New York",Manhattan,3918,765,263,197,226,187,37,57,37,57,0,19,0,19,0,19,0,19,2757,532,352,213,2405,436,0,19,0,19,0,19,17,28,0,19,26,40,29,28,10,18,816,382
1400000US36061023400,"Census Tract 234, New York County, New York",Manhattan,2673,571,23,36,23,36,0,19,0,19,0,19,0,19,0,19,0,19,1785,653,210,91,1575,627,0,19,0,19,0,19,49,65,0,19,0,19,147,192,0,19,669,242
1400000US36061023501,"Census Tract 235.01, New York County, New York",Manhattan,3743,1007,251,202,251,202,0,19,0,19,0,19,0,19,0,19,0,19,2029,527,539,273,1484,421,6,18,0,19,0,19,0,19,0,19,125,179,220,165,0,19,1118,729
1400000US36061023502,"Census Tract 235.02, New York County, New York",Manhattan,707,148,52,50,52,50,0,14,0,14,0,14,0,14,0,14,0,14,531,143,118,68,384,134,29,42,0,14,0,14,4,8,0,14,14,17,43,51,0,14,63,42
1400000US36061023600,"Census Tract 236, New York County, New York",Manhattan,3761,956,206,159,206,159,0,21,0,21,0,21,0,21,0,21,0,21,2940,971,926,446,2014,686,0,21,0,21,0,21,18,39,0,21,0,21,386,377,0,21,211,196
1400000US36061023700,"Census Tract 237, New York County, New York",Manhattan,3291,609,291,188,275,180,16,36,16,36,0,19,0,19,0,19,0,19,1951,493,368,148,1583,478,0,19,0,19,0,19,0,19,0,19,26,42,285,173,0,19,738,291
1400000US36061023802,"Census Tract 238.02, New York County, New York",Manhattan,1906,297,226,98,187,94,39,41,25,30,14,25,0,14,0,14,0,14,1118,250,96,84,1010,236,0,14,0,14,12,17,106,169,0,14,29,31,90,73,11,19,326,145
1400000US36061023803,"Census Tract 238.03, New York County, New York",Manhattan,1801,411,87,64,87,64,0,14,0,14,0,14,0,14,0,14,0,14,1000,294,41,47,871,271,15,24,11,19,62,58,15,23,0,14,9,14,64,56,124,197,502,187
1400000US36061023804,"Census Tract 238.04, New York County, New York",Manhattan,1989,372,93,109,78,108,15,24,15,24,0,14,0,14,0,14,0,14,1252,326,28,35,1179,303,0,14,0,14,45,70,0,14,0,14,19,27,103,49,85,68,437,231
1400000US36061023900,"Census Tract 239, New York County, New York",Manhattan,1591,250,0,14,0,14,0,14,0,14,0,14,0,14,0,14,0,14,948,247,0,14,948,247,0,14,0,14,0,14,0,14,0,14,65,62,57,62,175,122,346,141
1400000US36061024000,"Census Tract 240, New York County, New York",Manhattan,378,142,38,54,12,24,26,34,26,34,0,14,0,14,0,14,0,14,267,119,69,69,190,105,8,18,0,14,0,14,0,14,0,14,14,31,16,33,0,14,43,41
1400000US36061024100,"Census Tract 241, New York County, New York",Manhattan,2953,510,308,156,240,141,68,65,36,50,0,19,32,45,0,19,0,19,1896,506,374,291,1522,424,0,19,0,19,0,19,25,34,0,19,14,22,117,112,0,19,593,270
1400000US36061024200,"Census Tract 242, New York County, New York",Manhattan,1917,476,366,177,345,177,21,35,21,35,0,19,0,19,0,19,0,19,986,383,182,114,804,320,0,19,0,19,0,19,0,19,71,112,178,283,202,125,0,19,114,120
1400000US36061024301,"Census Tract 243.01, New York County, New York",Manhattan,2357,662,278,205,265,205,13,20,13,20,0,14,0,14,0,14,0,14,1269,416,93,61,1176,412,0,14,0,14,0,14,0,14,0,14,0,14,381,131,12,18,417,305
1400000US36061024302,"Census Tract 243.02, New York County, New York",Manhattan,2545,446,470,311,393,287,77,107,5,25,0,19,0,19,72,101,0,19,1509,364,355,212,1147,366,7,36,0,19,0,19,259,297,0,19,0,19,76,76,61,85,170,122
1400000US36061024500,"Census Tract 245, New York County, New York",Manhattan,5160,1013,126,109,126,109,0,21,0,21,0,21,0,21,0,21,0,21,2783,569,347,235,2436,572,0,21,0,21,0,21,170,209,0,21,259,197,1280,563,0,21,542,348
1400000US36061024700,"Census Tract 247, New York County, New York",Manhattan,3125,624,449,349,449,349,0,19,0,19,0,19,0,19,0,19,0,19,1942,497,131,134,1657,454,154,107,0,19,0,19,19,31,0,19,0,19,238,177,66,58,411,178
1400000US36061024900,"Census Tract 249, New York County, New York",Manhattan,538,125,38,40,14,22,24,32,5,8,19,32,0,14,0,14,0,14,254,107,36,34,218,97,0,14,0,14,0,14,0,14,0,14,0,14,94,52,9,14,143,92
1400000US36061025100,"Census Tract 251, New York County, New York",Manhattan,996,234,117,111,117,111,0,14,0,14,0,14,0,14,0,14,0,14,624,182,166,90,458,174,0,14,0,14,0,14,0,14,0,14,0,14,246,126,0,14,9,14
1400000US36061025300,"Census Tract 253, New York County, New York",Manhattan,4517,900,676,547,259,163,417,538,0,21,166,263,49,80,170,270,32,64,2107,406,347,215,1751,356,9,16,0,21,0,21,36,40,0,21,44,52,961,383,238,170,455,168
1400000US36061025500,"Census Tract 255, New York County, New York",Manhattan,3334,892,66,60,66,60,0,19,0,19,0,19,0,19,0,19,0,19,1727,729,219,145,1508,709,0,19,0,19,0,19,40,71,0,19,0,19,648,227,10,22,843,664
1400000US36061025700,"Census Tract 257, New York County, New York",Manhattan,2684,387,273,116,257,119,16,27,16,27,0,14,0,14,0,14,0,14,1170,313,155,131,1015,311,0,14,0,14,0,14,29,28,0,14,54,62,226,171,28,37,904,285
1400000US36061025900,"Census Tract 259, New York County, New York",Manhattan,2560,406,215,146,181,139,34,35,34,35,0,14,0,14,0,14,0,14,1653,393,278,129,1370,395,5,10,0,14,0,14,39,46,0,14,40,43,122,93,33,52,458,171
1400000US36061026100,"Census Tract 261, New York County, New York",Manhattan,4740,1029,574,276,275,143,299,228,61,74,132,183,58,70,0,21,48,75,2831,808,627,294,2008,568,196,177,0,21,0,21,0,21,0,21,72,84,477,270,129,114,657,318
1400000US36061026300,"Census Tract 263, New York County, New York",Manhattan,4262,839,751,471,520,428,231,199,111,163,0,19,0,19,0,19,120,115,2233,599,572,347,1612,516,49,76,0,19,0,19,52,82,0,19,344,267,251,160,0,19,631,285
1400000US36061026500,"Census Tract 265, New York County, New York",Manhattan,4126,674,638,338,501,311,137,108,51,58,0,19,0,19,86,98,0,19,2382,521,359,188,2023,522,0,19,0,19,0,19,67,104,0,19,35,41,185,83,149,223,670,255
1400000US36061026700,"Census Tract 267, New York County, New York",Manhattan,1006,134,187,78,145,57,42,42,0,14,0,14,0,14,20,29,22,32,406,117,31,22,367,127,8,16,0,14,0,14,0,14,0,14,0,14,229,130,18,22,166,56
1400000US36061026900,"Census Tract 269, New York County, New York",Manhattan,2987,778,336,191,289,180,47,73,47,73,0,19,0,19,0,19,0,19,1865,656,401,255,1456,627,8,20,0,19,0,19,184,171,0,19,34,44,505,298,0,19,63,69
1400000US36061027100,"Census Tract 271, New York County, New York",Manhattan,3996,851,184,127,82,57,102,111,59,95,0,19,43,69,0,19,0,19,2439,760,364,362,2031,624,44,58,0,19,0,19,3,5,0,19,17,31,424,209,0,19,929,347
1400000US36061027300,"Census Tract 273, New York County, New York",Manhattan,4117,603,420,206,262,147,158,141,31,37,56,70,71,110,0,19,0,19,1672,316,170,113,1502,320,0,19,0,19,0,19,6,13,0,19,41,49,339,174,107,112,1532,435
1400000US36061027500,"Census Tract 275, New York County, New York",Manhattan,1856,563,506,504,130,59,376,500,376,500,0,14,0,14,0,14,0,14,745,161,43,42,702,160,0,14,0,14,0,14,60,45,0,14,33,29,157,61,18,30,337,139
1400000US36061027700,"Census Tract 277, New York County, New York",Manhattan,2717,501,358,358,136,186,222,197,146,171,49,93,0,19,0,19,27,44,1750,532,123,121,1627,513,0,19,0,19,0,19,40,64,0,19,119,83,185,146,0,19,265,177
1400000US36061027900,"Census Tract 279, New York County, New York",Manhattan,5069,584,474,321,312,246,162,180,152,179,0,19,0,19,0,19,10,17,3146,534,501,262,2645,561,0,19,0,19,0,19,57,95,0,19,19,30,553,366,146,126,674,322
1400000US36061028100,"Census Tract 281, New York County, New York",Manhattan,1825,292,208,93,169,71,39,43,39,43,0,14,0,14,0,14,0,14,755,202,105,65,638,190,12,21,0,14,0,14,83,85,0,14,83,83,124,67,11,16,561,208
1400000US36061028300,"Census Tract 283, New York County, New York",Manhattan,3533,769,282,159,235,150,47,53,31,47,16,27,0,19,0,19,0,19,2035,507,157,102,1873,482,5,8,0,19,0,19,129,180,0,19,0,19,362,232,0,19,725,476
1400000US36061028500,"Census Tract 285, New York County, New York",Manhattan,2631,563,258,181,258,181,0,19,0,19,0,19,0,19,0,19,0,19,1646,385,374,254,1205,309,67,104,0,19,0,19,22,36,0,19,65,72,110,145,0,19,530,309
1400000US36061028700,"Census Tract 287, New York County, New York",Manhattan,1944,368,266,141,179,129,87,78,72,75,15,22,0,14,0,14,0,14,883,232,138,104,745,206,0,14,0,14,0,14,23,28,0,14,0,14,21,36,89,83,662,254
1400000US36061029100,"Census Tract 291, New York County, New York",Manhattan,5528,1086,718,300,548,241,170,142,30,49,140,134,0,21,0,21,0,21,3310,881,535,263,2746,834,29,59,0,21,0,21,0,21,0,21,100,99,565,279,239,276,596,360
1400000US36061029300,"Census Tract 293, New York County, New York",Manhattan,3328,784,435,256,338,230,97,117,97,117,0,19,0,19,0,19,0,19,2067,581,220,183,1808,580,39,46,0,19,0,19,34,59,0,19,0,19,348,276,0,19,444,251
1400000US36061029500,"Census Tract 295, New York County, New York",Manhattan,4540,755,532,264,395,203,137,184,12,21,0,19,12,20,113,185,0,19,2788,415,187,119,2562,455,39,47,0,19,0,19,0,19,0,19,6,12,310,224,77,73,827,578
1400000US36061029700,"Census Tract 297, New York County, New York",Manhattan,0,14,0,14,0,14,0,14,0,14,0,14,0,14,0,14,0,14,0,14,0,14,0,14,0,14,0,14,0,14,0,14,0,14,0,14,0,14,0,14,0,14
1400000US36061029900,"Census Tract 299, New York County, New York",Manhattan,1273,319,187,117,149,109,38,59,38,59,0,14,0,14,0,14,0,14,718,265,173,143,545,185,0,14,0,14,0,14,17,30,0,14,0,14,123,104,48,74,180,122
1400000US36061030300,"Census Tract 303, New York County, New York",Manhattan,1937,359,193,100,190,100,3,6,3,6,0,14,0,14,0,14,0,14,1239,341,153,144,1071,272,15,24,0,14,0,14,13,20,0,14,42,46,44,41,26,31,380,128
1400000US36061030700,"Census Tract 307, New York County, New York",Manhattan,2235,414,272,115,255,121,17,22,17,22,0,14,0,14,0,14,0,14,1090,292,297,183,728,215,65,50,0,14,0,14,21,25,0,14,22,25,137,92,7,12,686,307
1400000US36061030900,"Census Tract 309, New York County, New York",Manhattan,3739,853,593,324,525,324,68,83,68,83,0,21,0,21,0,21,0,21,1798,634,545,324,1253,495,0,21,0,21,0,21,121,155,0,21,0,21,726,293,76,125,425,242
1400000US36061031100,"Census Tract 311, New York County, New York",Manhattan,0,14,0,14,0,14,0,14,0,14,0,14,0,14,0,14,0,14,0,14,0,14,0,14,0,14,0,14,0,14,0,14,0,14,0,14,0,14,0,14,0,14
1400000US36061031703,"Census Tract 317.03, New York County, New York",Manhattan,3321,634,342,259,292,251,50,61,50,61,0,19,0,19,0,19,0,19,876,324,57,62,819,314,0,19,0,19,0,19,599,542,0,19,93,96,632,214,203,271,576,238
1400000US36061031704,"Census Tract 317.04, New York County, New York",Manhattan,6996,1229,533,257,533,257,0,21,0,21,0,21,0,21,0,21,0,21,2685,945,176,216,2509,849,0,21,0,21,0,21,47,75,0,21,28,57,1762,402,117,189,1824,716
1400000US36061031900,"Census Tract 319, New York County, New York",Manhattan,0,14,0,14,0,14,0,14,0,14,0,14,0,14,0,14,0,14,0,14,0,14,0,14,0,14,0,14,0,14,0,14,0,14,0,14,0,14,0,14,0,14
1400000US36081000101,"Census Tract 1.01, Queens County, New York",Queens,2895,514,416,236,383,240,33,45,33,45,0,14,0,14,0,14,0,14,1135,316,0,14,1020,263,0,14,0,14,115,113,21,36,0,14,103,82,101,72,0,14,1119,493
1400000US36081000102,"Census Tract 1.02, Queens County, New York",Queens,4547,406,586,202,586,202,0,19,0,19,0,19,0,19,0,19,0,19,2699,425,104,112,2363,452,24,38,0,19,208,101,40,45,0,19,27,34,16,22,87,112,1092,330
1400000US36081000103,"Census Tract 1.03, Queens County, New York",Queens,35,45,0,14,0,14,0,14,0,14,0,14,0,14,0,14,0,14,35,45,0,14,35,45,0,14,0,14,0,14,0,14,0,14,0,14,0,14,0,14,0,14
1400000US36081000104,"Census Tract 1.04, Queens County, New York",Queens,38,65,0,14,0,14,0,14,0,14,0,14,0,14,0,14,0,14,34,57,0,14,34,57,0,14,0,14,0,14,0,14,0,14,0,14,0,14,0,14,4,15
1400000US36081000200,"Census Tract 2, Queens County, New York",Queens,1192,343,251,99,211,86,40,38,26,33,6,12,0,14,8,13,0,14,794,317,109,67,676,300,0,14,0,14,9,15,0,14,0,14,7,11,17,20,0,14,123,70
1400000US36081000400,"Census Tract 4, Queens County, New York",Queens,1819,439,954,324,763,316,191,95,162,82,0,14,29,43,0,14,0,14,747,293,307,209,440,204,0,14,0,14,0,14,0,14,0,14,0,14,75,84,0,14,43,49
1400000US36081000600,"Census Tract 6, Queens County, New York",Queens,1364,280,542,196,498,195,44,65,44,65,0,14,0,14,0,14,0,14,738,209,229,123,493,161,16,28,0,14,0,14,0,14,0,14,0,14,12,20,38,56,34,38
1400000US36081000701,"Census Tract 7.01, Queens County, New York",Queens,2447,313,340,196,236,125,104,129,99,118,0,14,5,16,0,14,0,14,1029,261,9,15,948,276,12,19,11,18,49,51,0,14,0,14,66,110,242,148,26,30,744,214
1400000US36081000702,"Census Tract 7.02, Queens County, New York",Queens,2339,424,86,67,86,67,0,14,0,14,0,14,0,14,0,14,0,14,1246,275,90,118,1112,248,0,14,15,24,29,47,0,14,0,14,63,63,63,53,61,55,820,297
1400000US36081000800,"Census Tract 8, Queens County, New York",Queens,1591,309,435,154,279,115,156,99,156,99,0,14,0,14,0,14,0,14,955,241,87,59,845,247,0,14,0,14,23,35,0,14,0,14,0,14,0,14,31,43,170,82
1400000US36081001000,"Census Tract 10, Queens County, New York",Queens,2172,459,587,119,296,110,291,117,210,64,81,81,0,14,0,14,0,14,1313,430,150,93,1163,379,0,14,0,14,0,14,41,44,13,18,20,33,51,48,43,45,104,100
1400000US36081001200,"Census Tract 12, Queens County, New York",Queens,2144,545,500,186,294,160,206,141,169,136,37,45,0,14,0,14,0,14,1268,460,254,198,991,438,23,35,0,14,0,14,22,35,0,14,0,14,109,106,0,14,245,97
1400000US36081001400,"Census Tract 14, Queens County, New York",Queens,1891,603,443,165,351,161,92,59,51,50,0,14,41,52,0,14,0,14,1024,454,169,88,855,421,0,14,0,14,0,14,0,14,0,14,21,43,311,434,0,14,92,63
1400000US36081001600,"Census Tract 16, Queens County, New York",Queens,1156,212,300,96,270,95,30,23,30,23,0,14,0,14,0,14,0,14,722,215,197,107,525,137,0,14,0,14,0,14,0,14,11,13,0,14,28,23,0,14,95,36
1400000US36081001800,"Census Tract 18, Queens County, New York",Queens,1422,369,618,254,499,180,119,120,89,106,24,30,6,9,0,14,0,14,598,253,126,53,472,257,0,14,0,14,0,14,0,14,0,14,0,14,15,17,36,42,155,69
1400000US36081001901,"Census Tract 19.01, Queens County, New York",Queens,1456,382,77,58,77,58,0,14,0,14,0,14,0,14,0,14,0,14,986,357,0,14,986,357,0,14,0,14,0,14,16,24,0,14,0,14,42,48,0,14,335,125
1400000US36081001902,"Census Tract 19.02, Queens County, New York",Queens,5280,787,649,319,648,320,1,3,1,3,0,19,0,19,0,19,0,19,2729,623,0,19,2654,627,75,83,0,19,0,19,0,19,0,19,92,70,54,72,17,26,1739,444
1400000US36081001903,"Census Tract 19.03, Queens County, New York",Queens,1708,260,147,104,86,52,61,88,61,88,0,14,0,14,0,14,0,14,1126,262,14,20,1096,259,16,25,0,14,0,14,30,25,0,14,14,23,0,14,0,14,391,153
1400000US36081002000,"Census Tract 20, Queens County, New York",Queens,719,148,224,59,177,55,47,34,39,32,8,12,0,14,0,14,0,14,303,109,109,53,194,76,0,14,0,14,0,14,0,14,0,14,0,14,79,62,0,14,113,57
1400000US36081002200,"Census Tract 22, Queens County, New York",Queens,849,203,309,124,264,116,45,40,9,10,24,34,0,14,0,14,12,17,365,94,49,39,316,94,0,14,0,14,0,14,2,6,0,14,0,14,15,23,0,14,158,86
1400000US36081002400,"Census Tract 24, Queens County, New York",Queens,761,113,321,125,267,112,54,52,23,34,0,14,19,32,0,14,12,17,182,77,53,43,129,71,0,14,0,14,0,14,9,15,0,14,25,28,49,29,10,14,165,133
1400000US36081002500,"Census Tract 25, Queens County, New York",Queens,2768,606,399,362,187,143,212,327,0,19,212,327,0,19,0,19,0,19,1827,553,321,358,1475,440,0,19,0,19,31,55,30,49,0,19,0,19,278,187,25,41,209,155
1400000US36081002600,"Census Tract 26, Queens County, New York",Queens,916,203,367,117,302,91,65,70,65,70,0,14,0,14,0,14,0,14,401,114,147,89,201,65,53,60,0,14,0,14,0,14,18,19,0,14,70,75,4,6,56,34
1400000US36081002800,"Census Tract 28, Queens County, New York",Queens,1705,446,609,263,509,224,100,89,65,58,35,77,0,14,0,14,0,14,763,275,210,118,553,273,0,14,0,14,0,14,0,14,0,14,31,48,16,25,18,33,268,229
1400000US36081003000,"Census Tract 30, Queens County, New York",Queens,791,256,327,207,242,108,85,109,85,109,0,14,0,14,0,14,0,14,306,104,81,49,225,98,0,14,0,14,0,14,8,10,0,14,0,14,25,25,18,28,107,90
1400000US36081003100,"Census Tract 31, Queens County, New York",Queens,1064,179,138,71,138,71,0,14,0,14,0,14,0,14,0,14,0,14,593,145,14,15,579,144,0,14,0,14,0,14,25,24,12,19,45,42,20,25,0,14,231,73
1400000US36081003200,"Census Tract 32, Queens County, New York",Queens,952,229,178,65,178,65,0,14,0,14,0,14,0,14,0,14,0,14,527,152,232,94,295,120,0,14,0,14,0,14,29,32,0,14,13,20,18,20,4,7,183,137
1400000US36081003301,"Census Tract 33.01, Queens County, New York",Queens,3067,352,219,115,149,98,70,65,42,50,0,14,0,14,28,44,0,14,1961,307,25,39,1875,313,61,88,0,14,0,14,31,49,0,14,21,29,123,97,61,39,651,193
1400000US36081003302,"Census Tract 33.02, Queens County, New York",Queens,537,173,69,37,59,36,10,13,10,13,0,14,0,14,0,14,0,14,308,131,36,45,272,110,0,14,0,14,0,14,0,14,0,14,0,14,86,54,0,14,74,52
1400000US36081003400,"Census Tract 34, Queens County, New York",Queens,1001,196,366,102,336,95,30,30,30,30,0,14,0,14,0,14,0,14,497,145,152,116,345,121,0,14,0,14,0,14,30,48,0,14,0,14,19,13,0,14,89,51
1400000US36081003600,"Census Tract 36, Queens County, New York",Queens,1334,390,544,197,432,165,112,84,112,84,0,14,0,14,0,14,0,14,372,228,52,41,225,163,95,150,0,14,0,14,35,38,0,14,0,14,92,70,0,14,291,132
1400000US36081003700,"Census Tract 37, Queens County, New York",Queens,0,14,0,14,0,14,0,14,0,14,0,14,0,14,0,14,0,14,0,14,0,14,0,14,0,14,0,14,0,14,0,14,0,14,0,14,0,14,0,14,0,14
1400000US36081003800,"Census Tract 38, Queens County, New York",Queens,1034,184,323,113,232,100,91,45,28,30,63,33,0,14,0,14,0,14,496,149,107,53,389,137,0,14,0,14,0,14,0,14,0,14,0,14,145,85,0,14,70,47
1400000US36081003900,"Census Tract 39, Queens County, New York",Queens,712,216,136,93,129,87,7,30,7,30,0,14,0,14,0,14,0,14,365,182,5,10,360,184,0,14,0,14,0,14,10,15,0,14,16,19,59,40,0,14,126,85
1400000US36081004001,"Census Tract 40.01, Queens County, New York",Queens,1155,187,396,119,304,94,92,73,61,67,8,17,23,27,0,14,0,14,599,108,164,64,435,102,0,14,0,14,0,14,0,14,0,14,0,14,74,44,2,3,84,45
1400000US36081004002,"Census Tract 40.02, Queens County, New York",Queens,424,126,81,35,73,33,8,12,0,14,0,14,8,12,0,14,0,14,280,127,17,25,263,126,0,14,0,14,0,14,6,8,0,14,13,18,9,14,0,14,35,36
1400000US36081004200,"Census Tract 42, Queens County, New York",Queens,1817,348,487,174,393,171,94,67,17,23,0,14,50,50,27,42,0,14,877,304,107,97,715,267,55,85,0,14,0,14,6,15,0,14,31,51,158,163,181,143,77,97
1400000US36081004300,"Census Tract 43, Queens County, New York",Queens,599,158,227,138,224,138,3,9,3,9,0,14,0,14,0,14,0,14,251,106,135,92,116,70,0,14,0,14,0,14,54,63,0,14,20,31,16,27,0,14,31,31
1400000US36081004401,"Census Tract 44.01, Queens County, New York",Queens,1563,302,617,234,556,210,61,60,15,24,15,23,0,14,31,46,0,14,755,182,127,102,615,131,13,21,0,14,0,14,0,14,0,14,0,14,13,18,0,14,178,125
1400000US36081004500,"Census Tract 45, Queens County, New York",Queens,1423,279,253,146,206,128,47,42,47,42,0,14,0,14,0,14,0,14,798,234,103,72,688,210,0,14,0,14,7,13,34,43,0,14,27,33,99,64,48,60,164,99
1400000US36081004700,"Census Tract 47, Queens County, New York",Queens,1624,251,263,109,252,103,11,19,0,14,11,19,0,14,0,14,0,14,891,221,24,35,857,229,0,14,0,14,10,16,0,14,0,14,96,100,91,66,16,25,267,148
1400000US36081005000,"Census Tract 50, Queens County, New York",Queens,0,14,0,14,0,14,0,14,0,14,0,14,0,14,0,14,0,14,0,14,0,14,0,14,0,14,0,14,0,14,0,14,0,14,0,14,0,14,0,14,0,14
1400000US36081005100,"Census Tract 51, Queens County, New York",Queens,1317,219,168,71,120,54,48,46,44,46,4,7,0,14,0,14,0,14,728,164,27,30,697,164,4,7,0,14,0,14,4,8,27,31,42,37,158,84,6,10,184,63
1400000US36081005200,"Census Tract 52, Queens County, New York",Queens,1160,454,706,408,680,408,26,25,26,25,0,14,0,14,0,14,0,14,348,128,77,86,264,98,7,10,0,14,0,14,0,14,0,14,0,14,7,12,0,14,99,35
1400000US36081005300,"Census Tract 53, Queens County, New York",Queens,3392,732,464,303,356,192,108,160,108,160,0,19,0,19,0,19,0,19,1746,519,17,35,1644,510,40,47,0,19,45,54,0,19,0,19,73,81,131,113,0,19,978,510
1400000US36081005400,"Census Tract 54, Queens County, New York",Queens,2259,392,649,183,520,163,129,85,129,85,0,19,0,19,0,19,0,19,1144,251,75,53,1048,251,21,24,0,19,0,19,9,16,0,19,22,25,61,44,8,16,366,233
1400000US36081005500,"Census Tract 55, Queens County, New York",Queens,657,138,80,74,59,49,21,33,21,33,0,14,0,14,0,14,0,14,391,143,21,29,363,128,7,15,0,14,0,14,7,12,0,14,0,14,60,62,0,14,119,59
1400000US36081005700,"Census Tract 57, Queens County, New York",Queens,2406,344,151,80,109,63,42,46,15,23,27,40,0,14,0,14,0,14,1481,268,34,40,1426,275,21,31,0,14,0,14,0,14,41,63,66,67,34,34,14,17,619,231
1400000US36081005800,"Census Tract 58, Queens County, New York",Queens,2597,396,1173,309,906,308,267,135,109,78,51,78,0,19,107,105,0,19,960,379,345,246,615,226,0,19,0,19,0,19,0,19,0,19,27,42,34,45,24,38,379,177
1400000US36081005900,"Census Tract 59, Queens County, New York",Queens,2051,361,199,102,149,94,50,37,50,37,0,14,0,14,0,14,0,14,1284,335,206,135,1078,284,0,14,0,14,0,14,12,23,0,14,47,57,112,75,15,19,382,186
1400000US36081006100,"Census Tract 61, Queens County, New York",Queens,3686,488,184,128,138,127,46,57,46,57,0,19,0,19,0,19,0,19,2336,390,65,65,2248,388,23,38,0,19,0,19,36,41,0,19,84,71,215,153,0,19,831,260
1400000US36081006201,"Census Tract 62.01, Queens County, New York",Queens,2328,644,1351,500,1292,478,59,68,59,68,0,19,0,19,0,19,0,19,567,194,249,132,299,150,19,30,0,19,0,19,31,38,0,19,0,19,118,112,3,12,258,164
1400000US36081006202,"Census Tract 62.02, Queens County, New York",Queens,2782,580,1738,466,1565,438,173,165,84,134,21,33,0,19,68,104,0,19,574,285,121,100,453,290,0,19,0,19,0,19,0,19,60,91,0,19,183,136,26,40,201,169
1400000US36081006300,"Census Tract 63, Queens County, New York",Queens,4187,622,437,182,350,161,87,72,71,55,0,19,0,19,0,19,16,26,2459,508,38,42,2421,513,0,19,0,19,0,19,48,74,21,32,18,29,118,86,0,19,1086,300
1400000US36081006501,"Census Tract 65.01, Queens County, New York",Queens,1963,387,422,353,310,219,112,152,99,150,13,22,0,14,0,14,0,14,827,158,40,27,787,154,0,14,0,14,0,14,21,26,0,14,27,41,126,76,10,16,530,180
1400000US36081006502,"Census Tract 65.02, Queens County, New York",Queens,2423,363,265,183,254,181,11,19,11,19,0,14,0,14,0,14,0,14,1638,261,68,66,1570,270,0,14,0,14,0,14,1,10,0,14,14,21,216,153,0,14,289,162
1400000US36081006900,"Census Tract 69, Queens County, New York",Queens,2791,660,362,231,362,231,0,14,0,14,0,14,0,14,0,14,0,14,1038,350,165,119,873,297,0,14,0,14,0,14,0,14,0,14,69,102,125,63,3,7,1194,474
1400000US36081007100,"Census Tract 71, Queens County, New York",Queens,2267,358,195,84,176,81,19,30,19,30,0,14,0,14,0,14,0,14,1129,242,18,28,1111,241,0,14,0,14,0,14,10,18,0,14,0,14,183,161,20,35,730,203
1400000US36081007300,"Census Tract 73, Queens County, New York",Queens,2580,367,162,79,131,86,31,32,31,32,0,14,0,14,0,14,0,14,1409,301,27,43,1382,300,0,14,0,14,0,14,19,32,0,14,45,44,209,149,24,28,712,261
1400000US36081007500,"Census Tract 75, Queens County, New York",Queens,2531,494,77,63,77,63,0,19,0,19,0,19,0,19,0,19,0,19,1410,494,19,31,1316,495,39,45,0,19,36,42,27,42,0,19,0,19,171,106,76,96,770,269
1400000US36081007700,"Census Tract 77, Queens County, New York",Queens,1137,219,77,50,76,50,1,3,1,3,0,14,0,14,0,14,0,14,623,178,43,44,485,153,19,28,0,14,76,50,47,59,0,14,20,25,42,34,12,25,316,131
1400000US36081007900,"Census Tract 79, Queens County, New York",Queens,1672,408,201,109,178,101,23,36,23,36,0,14,0,14,0,14,0,14,957,325,31,30,854,313,72,58,0,14,0,14,0,14,0,14,31,48,41,38,6,9,436,124
1400000US36081008100,"Census Tract 81, Queens County, New York",Queens,951,173,220,73,166,70,54,53,51,53,3,4,0,14,0,14,0,14,456,142,46,36,338,131,0,14,0,14,72,35,33,53,0,14,11,13,52,32,20,25,159,55
1400000US36081008300,"Census Tract 83, Queens County, New York",Queens,1154,306,212,155,196,151,16,16,16,16,0,14,0,14,0,14,0,14,731,282,38,45,637,264,12,20,0,14,44,36,64,46,9,14,17,26,34,37,29,38,58,40
1400000US36081008500,"Census Tract 85, Queens County, New York",Queens,628,223,145,142,139,140,6,12,6,12,0,14,0,14,0,14,0,14,303,120,32,42,271,123,0,14,0,14,0,14,20,24,0,14,30,30,45,39,8,16,77,49
1400000US36081008600,"Census Tract 86, Queens County, New York",Queens,1339,229,498,197,402,145,96,75,51,42,45,65,0,14,0,14,0,14,609,188,157,81,412,170,40,35,0,14,0,14,0,14,0,14,14,19,99,61,0,14,119,65
1400000US36081008700,"Census Tract 87, Queens County, New York",Queens,1209,301,197,94,197,94,0,14,0,14,0,14,0,14,0,14,0,14,796,258,187,120,550,226,0,14,0,14,59,62,0,14,0,14,0,14,111,83,0,14,105,57
1400000US36081008800,"Census Tract 88, Queens County, New York",Queens,1878,353,1134,329,997,301,137,90,97,78,15,40,25,37,0,14,0,14,454,178,98,69,356,156,0,14,0,14,0,14,8,14,0,14,0,14,80,66,12,18,190,85
1400000US36081009100,"Census Tract 91, Queens County, New York",Queens,1164,206,298,133,280,132,18,27,10,17,8,18,0,14,0,14,0,14,562,164,208,110,289,116,0,14,0,14,65,72,0,14,12,20,9,18,27,32,14,23,242,106
1400000US36081009400,"Census Tract 94, Queens County, New York",Queens,1119,263,500,156,384,143,116,89,116,89,0,14,0,14,0,14,0,14,483,148,63,46,420,139,0,14,0,14,0,14,24,28,0,14,0,14,87,61,1,3,24,27
1400000US36081009500,"Census Tract 95, Queens County, New York",Queens,1263,211,228,91,223,91,5,8,5,8,0,14,0,14,0,14,0,14,649,161,71,65,574,152,4,7,0,14,0,14,20,18,5,8,9,14,44,39,22,34,286,104
1400000US36081009600,"Census Tract 96, Queens County, New York",Queens,1564,481,566,277,504,258,62,54,57,53,0,14,5,11,0,14,0,14,533,163,145,105,388,99,0,14,0,14,0,14,23,34,0,14,0,14,87,54,149,151,206,141
1400000US36081009700,"Census Tract 97, Queens County, New York",Queens,2007,307,389,168,267,148,122,107,122,107,0,14,0,14,0,14,0,14,983,209,0,14,983,209,0,14,0,14,0,14,0,14,50,44,14,23,210,137,0,14,361,203
1400000US36081009800,"Census Tract 98, Queens County, New York",Queens,1135,312,425,191,365,183,60,30,53,29,7,11,0,14,0,14,0,14,557,146,93,51,451,139,13,20,0,14,0,14,0,14,0,14,0,14,68,71,15,17,70,57
1400000US36081009900,"Census Tract 99, Queens County, New York",Queens,0,14,0,14,0,14,0,14,0,14,0,14,0,14,0,14,0,14,0,14,0,14,0,14,0,14,0,14,0,14,0,14,0,14,0,14,0,14,0,14,0,14
1400000US36081010000,"Census Tract 100, Queens County, New York",Queens,1550,560,982,446,893,443,89,73,73,64,0,14,16,25,0,14,0,14,348,125,52,45,249,105,47,50,0,14,0,14,0,14,0,14,0,14,33,30,0,14,187,132
1400000US36081010100,"Census Tract 101, Queens County, New York",Queens,1457,271,582,185,463,157,119,74,51,47,68,56,0,14,0,14,0,14,341,130,33,32,308,121,0,14,0,14,0,14,0,14,0,14,0,14,36,44,17,20,481,210
1400000US36081010200,"Census Tract 102, Queens County, New York",Queens,1522,319,730,164,584,152,146,114,74,42,0,14,0,14,0,14,72,104,652,251,153,79,499,231,0,14,0,14,0,14,0,14,0,14,0,14,26,24,0,14,114,70
1400000US36081010300,"Census Tract 103, Queens County, New York",Queens,1927,329,596,237,482,198,114,79,87,73,27,32,0,14,0,14,0,14,855,219,64,49,791,208,0,14,0,14,0,14,12,19,0,14,49,49,63,59,45,51,307,122
1400000US36081010400,"Census Tract 104, Queens County, New York",Queens,1520,331,554,256,463,212,91,71,91,71,0,14,0,14,0,14,0,14,693,214,156,88,537,192,0,14,0,14,0,14,0,14,0,14,77,71,117,82,5,8,74,65
1400000US36081010500,"Census Tract 105, Queens County, New York",Queens,1869,363,705,224,597,225,108,72,108,72,0,14,0,14,0,14,0,14,626,307,128,133,498,222,0,14,0,14,0,14,13,20,15,23,38,43,296,159,15,25,161,70
1400000US36081010600,"Census Tract 106, Queens County, New York",Queens,1200,225,465,136,411,133,54,38,46,38,8,12,0,14,0,14,0,14,575,218,235,165,340,140,0,14,0,14,0,14,0,14,0,14,0,14,47,42,15,24,98,82
1400000US36081010701,"Census Tract 107.01, Queens County, New York",Queens,0,14,0,14,0,14,0,14,0,14,0,14,0,14,0,14,0,14,0,14,0,14,0,14,0,14,0,14,0,14,0,14,0,14,0,14,0,14,0,14,0,14
1400000US36081010800,"Census Tract 108, Queens County, New York",Queens,1522,418,544,204,458,187,86,79,77,77,9,15,0,14,0,14,0,14,598,144,176,76,422,128,0,14,0,14,0,14,0,14,0,14,0,14,361,261,9,21,10,16
1400000US36081011000,"Census Tract 110, Queens County, New York",Queens,1227,286,310,157,148,69,162,137,134,135,4,10,0,14,0,14,24,37,653,151,331,114,322,107,0,14,0,14,0,14,0,14,0,14,27,43,92,70,0,14,145,85
1400000US36081011100,"Census Tract 111, Queens County, New York",Queens,1499,296,352,144,279,133,73,70,61,68,0,14,0,14,12,20,0,14,776,202,11,18,759,199,0,14,0,14,6,9,11,18,0,14,0,14,72,70,20,31,268,117
1400000US36081011200,"Census Tract 112, Queens County, New York",Queens,1078,298,479,149,336,128,143,83,123,81,0,14,0,14,0,14,20,24,390,223,50,36,340,216,0,14,0,14,0,14,0,14,0,14,35,37,27,24,0,14,147,77
1400000US36081011300,"Census Tract 113, Queens County, New York",Queens,2608,290,323,159,249,147,74,64,39,44,0,14,0,14,35,42,0,14,1460,264,126,92,1283,251,51,80,0,14,0,14,136,134,0,14,47,54,153,107,11,16,478,195
1400000US36081011400,"Census Tract 114, Queens County, New York",Queens,946,324,324,185,302,185,22,33,11,20,11,18,0,14,0,14,0,14,371,196,223,161,148,88,0,14,0,14,0,14,17,27,0,14,0,14,31,52,0,14,203,179
1400000US36081011500,"Census Tract 115, Queens County, New York",Queens,1490,267,133,81,133,81,0,14,0,14,0,14,0,14,0,14,0,14,851,258,36,30,786,255,29,43,0,14,0,14,35,54,0,14,7,14,134,99,24,29,306,110
1400000US36081011600,"Census Tract 116, Queens County, New York",Queens,1093,248,595,207,365,184,230,119,157,77,0,14,0,14,0,14,73,94,283,119,192,88,73,47,18,26,0,14,0,14,0,14,0,14,60,77,49,34,0,14,106,80
1400000US36081011700,"Census Tract 117, Queens County, New York",Queens,2463,567,414,164,364,157,50,49,40,47,0,14,0,14,0,14,10,16,1188,298,110,94,1063,285,15,23,0,14,0,14,31,29,0,14,55,55,63,50,0,14,712,313
1400000US36081011800,"Census Tract 118, Queens County, New York",Queens,1452,441,498,172,405,147,93,67,54,52,15,21,0,14,24,36,0,14,716,355,354,323,362,151,0,14,0,14,0,14,26,32,0,14,0,14,61,57,17,18,134,73
1400000US36081011900,"Census Tract 119, Queens County, New York",Queens,889,136,108,51,108,51,0,14,0,14,0,14,0,14,0,14,0,14,331,77,7,15,324,73,0,14,0,14,0,14,11,13,0,14,0,14,39,24,3,6,397,115
1400000US36081012000,"Census Tract 120, Queens County, New York",Queens,1185,309,542,213,434,207,108,58,71,47,37,40,0,14,0,14,0,14,460,135,157,83,303,114,0,14,0,14,0,14,10,16,0,14,1,2,126,67,0,14,46,41
1400000US36081012100,"Census Tract 121, Queens County, New York",Queens,1144,231,263,77,222,72,41,30,41,30,0,14,0,14,0,14,0,14,541,162,25,29,498,157,18,29,0,14,0,14,8,13,11,17,13,15,115,115,0,14,193,105
1400000US36081012200,"Census Tract 122, Queens County, New York",Queens,1272,455,481,335,410,318,71,59,38,38,33,50,0,14,0,14,0,14,594,153,186,101,408,131,0,14,0,14,0,14,0,14,0,14,0,14,89,70,4,11,104,89
1400000US36081012301,"Census Tract 123.01, Queens County, New York",Queens,1636,339,452,171,444,169,8,13,8,13,0,14,0,14,0,14,0,14,652,202,68,56,533,150,6,9,0,14,45,66,0,14,0,14,57,46,113,88,7,11,355,201
1400000US36081012400,"Census Tract 124, Queens County, New York",Queens,1709,441,400,140,277,90,123,99,99,94,0,14,24,38,0,14,0,14,1100,435,236,146,839,340,25,41,0,14,0,14,0,14,0,14,25,28,52,37,8,12,124,49
1400000US36081012500,"Census Tract 125, Queens County, New York",Queens,907,176,152,61,123,57,29,27,29,27,0,14,0,14,0,14,0,14,519,142,20,19,486,144,13,14,0,14,0,14,0,14,0,14,14,21,4,7,6,9,212,84
1400000US36081012601,"Census Tract 126.01, Queens County, New York",Queens,1280,281,583,163,500,148,83,64,83,64,0,14,0,14,0,14,0,14,414,175,106,56,308,178,0,14,0,14,0,14,0,14,0,14,21,25,89,82,24,34,149,110
1400000US36081012602,"Census Tract 126.02, Queens County, New York",Queens,1156,205,447,151,319,130,128,87,128,87,0,14,0,14,0,14,0,14,548,160,143,141,405,146,0,14,0,14,0,14,0,14,0,14,48,57,10,14,0,14,103,66
1400000US36081012800,"Census Tract 128, Queens County, New York",Queens,1100,197,382,136,343,124,39,36,30,26,0,14,0,14,0,14,9,14,506,164,119,74,368,137,19,29,0,14,0,14,0,14,0,14,0,14,76,50,0,14,136,71
1400000US36081013000,"Census Tract 130, Queens County, New York",Queens,858,266,258,79,238,77,20,21,20,21,0,14,0,14,0,14,0,14,437,231,60,56,377,216,0,14,0,14,0,14,0,14,0,14,0,14,8,11,20,29,135,75
1400000US36081013200,"Census Tract 132, Queens County, New York",Queens,1168,309,577,278,538,268,39,32,39,32,0,14,0,14,0,14,0,14,398,198,102,110,296,130,0,14,0,14,0,14,22,33,0,14,9,13,5,7,16,22,141,76
1400000US36081013400,"Census Tract 134, Queens County, New York",Queens,2863,526,667,274,524,201,143,125,91,93,0,19,52,75,0,19,0,19,1493,481,427,276,865,350,201,163,0,19,0,19,27,40,0,19,0,19,77,76,203,152,396,261
1400000US36081013500,"Census Tract 135, Queens County, New York",Queens,602,181,260,111,245,107,15,16,15,16,0,14,0,14,0,14,0,14,197,91,26,25,171,88,0,14,0,14,0,14,0,14,0,14,0,14,34,37,0,14,111,73
1400000US36081013600,"Census Tract 136, Queens County, New York",Queens,892,117,303,92,235,79,68,62,47,44,18,26,0,14,0,14,3,4,388,99,71,60,255,75,62,50,0,14,0,14,0,14,0,14,0,14,49,32,10,14,142,65
1400000US36081013700,"Census Tract 137, Queens County, New York",Queens,1122,183,318,109,286,101,32,29,32,29,0,14,0,14,0,14,0,14,390,94,26,19,364,93,0,14,0,14,0,14,42,59,0,14,15,17,39,28,0,14,318,132
1400000US36081013800,"Census Tract 138, Queens County, New York",Queens,1831,299,659,164,648,163,11,17,11,17,0,14,0,14,0,14,0,14,495,122,12,19,425,114,58,41,0,14,0,14,0,14,0,14,32,48,124,68,0,14,521,164
1400000US36081014000,"Census Tract 140, Queens County, New York",Queens,2276,342,882,265,777,246,105,69,53,30,52,65,0,14,0,14,0,14,760,198,126,101,543,178,91,80,0,14,0,14,98,119,0,14,0,14,287,128,0,14,249,173
1400000US36081014100,"Census Tract 141, Queens County, New York",Queens,1074,250,191,120,183,118,8,10,8,10,0,14,0,14,0,14,0,14,500,182,45,29,455,181,0,14,0,14,0,14,0,14,0,14,87,53,54,46,42,41,200,67
1400000US36081014201,"Census Tract 142.01, Queens County, New York",Queens,1961,700,967,661,967,661,0,14,0,14,0,14,0,14,0,14,0,14,891,248,113,108,778,224,0,14,0,14,0,14,0,14,0,14,0,14,39,58,0,14,64,83
1400000US36081014202,"Census Tract 142.02, Queens County, New York",Queens,798,162,244,107,243,107,1,9,0,14,0,14,1,9,0,14,0,14,403,111,93,77,310,86,0,14,0,14,0,14,0,14,0,14,0,14,15,22,0,14,136,78
1400000US36081014300,"Census Tract 143, Queens County, New York",Queens,2053,292,335,129,249,110,86,62,73,58,13,21,0,14,0,14,0,14,1005,229,113,69,892,213,0,14,0,14,0,14,10,16,0,14,43,40,238,120,0,14,422,151
1400000US36081014400,"Census Tract 144, Queens County, New York",Queens,652,158,182,58,118,46,64,51,30,33,0,14,34,45,0,14,0,14,364,125,156,102,208,118,0,14,0,14,0,14,8,12,0,14,0,14,74,49,0,14,24,26
1400000US36081014500,"Census Tract 145, Queens County, New York",Queens,1379,286,276,116,239,105,37,38,37,38,0,14,0,14,0,14,0,14,805,287,125,76,668,262,12,19,0,14,0,14,4,6,0,14,15,23,65,62,33,31,181,104
1400000US36081014700,"Census Tract 147, Queens County, New York",Queens,1726,241,296,149,231,115,65,99,65,99,0,14,0,14,0,14,0,14,938,163,42,63,881,151,15,24,0,14,0,14,23,46,0,14,29,44,81,79,0,14,359,170
1400000US36081014800,"Census Tract 148, Queens County, New York",Queens,939,294,622,282,549,271,73,51,47,47,0,14,26,21,0,14,0,14,215,76,34,34,163,70,18,23,0,14,0,14,15,23,0,14,0,14,30,28,0,14,57,33
1400000US36081014900,"Census Tract 149, Queens County, New York",Queens,1343,294,265,125,262,125,3,10,0,14,0,14,3,10,0,14,0,14,629,175,24,40,605,179,0,14,0,14,0,14,0,14,0,14,24,40,157,96,0,14,268,125
1400000US36081015000,"Census Tract 150, Queens County, New York",Queens,1007,360,414,237,381,234,33,22,33,22,0,14,0,14,0,14,0,14,287,123,79,94,203,83,5,8,0,14,0,14,45,50,0,14,0,14,186,152,0,14,75,48
1400000US36081015100,"Census Tract 151, Queens County, New York",Queens,1519,346,119,85,90,76,29,28,9,15,10,16,0,14,10,15,0,14,955,262,45,28,891,257,11,20,8,14,0,14,0,14,0,14,0,14,184,104,9,20,252,119
1400000US36081015200,"Census Tract 152, Queens County, New York",Queens,1047,200,578,118,463,113,115,64,87,59,22,31,6,10,0,14,0,14,327,124,75,56,245,111,7,13,0,14,0,14,43,41,0,14,0,14,41,56,13,25,45,42
1400000US36081015300,"Census Tract 153, Queens County, New York",Queens,1188,264,185,81,135,65,50,36,43,34,7,11,0,14,0,14,0,14,595,145,35,30,530,139,13,20,17,28,0,14,0,14,0,14,43,62,81,59,0,14,284,161
1400000US36081015400,"Census Tract 154, Queens County, New York",Queens,1172,234,497,153,424,147,73,55,56,54,0,14,14,18,3,6,0,14,537,155,253,139,284,86,0,14,0,14,0,14,24,36,0,14,0,14,45,30,12,13,57,31
1400000US36081015500,"Census Tract 155, Queens County, New York",Queens,1275,413,39,29,21,19,18,20,0,14,11,17,0,14,7,11,0,14,876,395,117,162,759,255,0,14,0,14,0,14,13,21,0,14,0,14,91,75,0,14,256,86
1400000US36081015600,"Census Tract 156, Queens County, New York",Queens,1548,393,615,181,500,157,115,65,115,65,0,14,0,14,0,14,0,14,730,323,181,124,549,306,0,14,0,14,0,14,21,25,0,14,0,14,19,29,31,32,132,76
1400000US36081015700,"Census Tract 157, Queens County, New York",Queens,880,192,133,89,133,89,0,14,0,14,0,14,0,14,0,14,0,14,433,127,28,20,367,102,0,14,0,14,38,45,9,14,0,14,51,37,71,50,0,14,183,75
1400000US36081015801,"Census Tract 158.01, Queens County, New York",Queens,1693,389,843,267,727,255,116,91,82,68,0,14,34,57,0,14,0,14,683,282,266,123,366,184,51,54,0,14,0,14,0,14,0,14,0,14,86,75,0,14,81,42
1400000US36081015802,"Census Tract 158.02, Queens County, New York",Queens,2462,670,907,324,794,324,113,102,24,30,38,65,0,19,51,61,0,19,887,404,341,162,546,332,0,19,0,19,0,19,0,19,0,19,0,19,315,314,3,5,350,265
1400000US36081015900,"Census Tract 159, Queens County, New York",Queens,2031,355,365,174,285,120,80,82,33,40,0,14,47,71,0,14,0,14,1220,326,226,158,951,281,43,43,0,14,0,14,31,35,0,14,82,110,21,30,0,14,312,95
1400000US36081016100,"Census Tract 161, Queens County, New York",Queens,1014,180,181,73,170,72,11,13,11,13,0,14,0,14,0,14,0,14,676,170,55,41,612,172,0,14,0,14,9,14,6,9,0,14,6,11,29,24,0,14,116,65
1400000US36081016300,"Census Tract 163, Queens County, New York",Queens,1126,323,151,98,151,98,0,14,0,14,0,14,0,14,0,14,0,14,519,207,39,31,430,170,50,72,0,14,0,14,0,14,0,14,0,14,325,188,11,17,120,77
1400000US36081016400,"Census Tract 164, Queens County, New York",Queens,1264,381,601,288,530,277,71,55,53,39,0,14,9,13,9,14,0,14,445,159,206,99,214,100,25,29,0,14,0,14,0,14,0,14,0,14,16,20,0,14,202,99
1400000US36081016600,"Census Tract 166, Queens County, New York",Queens,1696,411,882,365,806,332,76,72,62,68,14,22,0,14,0,14,0,14,544,217,201,164,326,155,17,28,0,14,0,14,22,34,0,14,0,14,49,52,0,14,199,111
1400000US36081016800,"Census Tract 168, Queens County, New York",Queens,1603,354,885,275,768,283,117,63,86,57,31,32,0,14,0,14,0,14,523,210,289,118,234,159,0,14,0,14,0,14,10,17,0,14,0,14,83,64,7,12,95,77
1400000US36081016900,"Census Tract 169, Queens County, New York",Queens,3249,463,607,261,558,264,49,62,49,62,0,19,0,19,0,19,0,19,1516,342,162,108,1354,306,0,19,0,19,0,19,50,70,0,19,148,110,287,194,0,19,641,300
1400000US36081017000,"Census Tract 170, Queens County, New York",Queens,1325,319,708,271,655,273,53,33,39,28,0,14,0,14,0,14,14,20,515,135,192,108,323,97,0,14,0,14,0,14,12,16,0,14,0,14,11,14,14,24,65,44
1400000US36081017101,"Census Tract 171.01, Queens County, New York",Queens,0,14,0,14,0,14,0,14,0,14,0,14,0,14,0,14,0,14,0,14,0,14,0,14,0,14,0,14,0,14,0,14,0,14,0,14,0,14,0,14,0,14
1400000US36081017102,"Census Tract 171.02, Queens County, New York",Queens,197,173,0,14,0,14,0,14,0,14,0,14,0,14,0,14,0,14,188,174,10,18,178,172,0,14,0,14,0,14,0,14,0,14,0,14,0,14,0,14,9,14
1400000US36081017200,"Census Tract 172, Queens County, New York",Queens,872,215,398,142,359,138,39,42,39,42,0,14,0,14,0,14,0,14,349,127,111,77,238,104,0,14,0,14,0,14,28,41,0,14,0,14,0,14,38,58,59,49
1400000US36081017400,"Census Tract 174, Queens County, New York",Queens,1354,251,939,266,743,228,196,146,61,46,0,14,135,145,0,14,0,14,351,149,251,139,100,62,0,14,0,14,0,14,0,14,0,14,0,14,0,14,6,11,58,54
1400000US36081017600,"Census Tract 176, Queens County, New York",Queens,875,212,362,119,316,116,46,32,14,14,30,29,0,14,2,4,0,14,424,151,218,115,206,90,0,14,0,14,0,14,14,23,0,14,0,14,30,28,0,14,45,33
1400000US36081017800,"Census Tract 178, Queens County, New York",Queens,1187,239,405,163,295,102,110,133,110,133,0,14,0,14,0,14,0,14,586,178,201,62,385,171,0,14,0,14,0,14,0,14,0,14,0,14,87,49,0,14,109,58
1400000US36081017901,"Census Tract 179.01, Queens County, New York",Queens,615,110,45,35,40,31,5,10,5,10,0,14,0,14,0,14,0,14,328,61,51,41,277,65,0,14,0,14,0,14,10,14,0,14,8,12,130,75,1,3,93,58
1400000US36081017902,"Census Tract 179.02, Queens County, New York",Queens,0,14,0,14,0,14,0,14,0,14,0,14,0,14,0,14,0,14,0,14,0,14,0,14,0,14,0,14,0,14,0,14,0,14,0,14,0,14,0,14,0,14
1400000US36081018000,"Census Tract 180, Queens County, New York",Queens,587,143,239,85,189,75,50,57,44,56,6,9,0,14,0,14,0,14,215,70,106,65,109,72,0,14,0,14,0,14,30,31,0,14,0,14,20,20,61,72,22,30
1400000US36081018101,"Census Tract 181.01, Queens County, New York",Queens,2005,431,245,195,132,71,113,186,0,14,0,14,0,14,113,186,0,14,1263,303,40,37,1223,298,0,14,0,14,0,14,0,14,0,14,15,23,172,164,0,14,310,125
1400000US36081018102,"Census Tract 181.02, Queens County, New York",Queens,1946,286,162,89,162,89,0,14,0,14,0,14,0,14,0,14,0,14,1108,305,50,51,1058,297,0,14,0,14,0,14,16,20,0,14,81,54,48,39,8,14,523,116
1400000US36081018200,"Census Tract 182, Queens County, New York",Queens,1248,238,599,151,580,147,19,17,19,17,0,14,0,14,0,14,0,14,491,142,197,95,285,102,9,13,0,14,0,14,3,6,0,14,0,14,6,10,0,14,149,70
1400000US36081018300,"Census Tract 183, Queens County, New York",Queens,2614,345,481,195,342,172,139,106,46,54,67,94,26,41,0,19,0,19,1197,275,201,134,996,282,0,19,0,19,0,19,0,19,0,19,171,150,352,163,17,32,396,170
1400000US36081018401,"Census Tract 184.01, Queens County, New York",Queens,889,207,496,141,439,128,57,41,49,42,8,13,0,14,0,14,0,14,332,131,145,86,187,86,0,14,0,14,0,14,32,34,0,14,0,14,29,33,0,14,0,14
1400000US36081018402,"Census Tract 184.02, Queens County, New York",Queens,1269,337,779,266,741,266,38,26,38,26,0,14,0,14,0,14,0,14,346,118,106,67,214,79,13,21,13,18,0,14,0,14,0,14,0,14,8,13,44,60,92,83
1400000US36081018501,"Census Tract 185.01, Queens County, New York",Queens,2164,343,390,151,313,134,77,73,8,13,28,45,9,13,32,53,0,14,1098,200,98,98,982,192,11,17,7,11,0,14,21,24,0,14,31,48,266,253,44,33,314,106
1400000US36081018502,"Census Tract 185.02, Queens County, New York",Queens,1991,247,249,156,235,153,14,21,14,21,0,14,0,14,0,14,0,14,1051,224,99,70,945,219,7,14,0,14,0,14,0,14,13,22,75,66,109,70,60,43,434,147
1400000US36081018600,"Census Tract 186, Queens County, New York",Queens,934,229,534,222,395,143,139,160,32,17,101,159,6,15,0,14,0,14,297,89,109,62,174,78,14,23,0,14,0,14,13,21,22,34,0,14,0,14,0,14,68,47
1400000US36081018700,"Census Tract 187, Queens County, New York",Queens,1478,325,246,94,205,85,41,42,41,42,0,14,0,14,0,14,0,14,792,267,268,187,507,149,17,27,0,14,0,14,0,14,0,14,10,16,76,56,47,58,307,161
1400000US36081018800,"Census Tract 188, Queens County, New York",Queens,626,233,420,219,400,215,20,29,20,29,0,14,0,14,0,14,0,14,117,57,63,44,54,35,0,14,0,14,0,14,0,14,0,14,0,14,14,16,0,14,75,50
1400000US36081018900,"Census Tract 189, Queens County, New York",Queens,1635,280,172,93,172,93,0,14,0,14,0,14,0,14,0,14,0,14,1063,243,113,69,940,270,10,17,0,14,0,14,0,14,0,14,54,52,40,48,0,14,306,113
1400000US36081019000,"Census Tract 190, Queens County, New York",Queens,1184,184,610,148,581,146,29,26,25,25,0,14,4,7,0,14,0,14,534,127,204,94,301,89,29,24,0,14,0,14,6,9,0,14,0,14,4,6,0,14,30,24
1400000US36081019200,"Census Tract 192, Queens County, New York",Queens,1085,295,488,168,488,168,0,14,0,14,0,14,0,14,0,14,0,14,487,190,122,90,365,167,0,14,0,14,0,14,12,12,0,14,0,14,13,23,0,14,85,55
1400000US36081019400,"Census Tract 194, Queens County, New York",Queens,1446,247,659,153,540,130,119,72,94,67,14,19,11,17,0,14,0,14,591,160,141,76,433,141,17,27,0,14,0,14,34,36,0,14,0,14,34,22,20,23,108,72
1400000US36081019600,"Census Tract 196, Queens County, New York",Queens,1321,292,552,147,498,125,54,49,20,22,0,14,34,38,0,14,0,14,717,222,352,136,338,136,27,45,0,14,0,14,22,28,0,14,0,14,7,17,0,14,23,25
1400000US36081019800,"Census Tract 198, Queens County, New York",Queens,1332,255,755,164,684,149,71,63,49,54,22,34,0,14,0,14,0,14,346,166,96,82,250,134,0,14,0,14,0,14,0,14,0,14,0,14,54,56,0,14,177,117
1400000US36081019901,"Census Tract 199.01, Queens County, New York",Queens,133,93,14,19,14,19,0,14,0,14,0,14,0,14,0,14,0,14,89,92,0,14,89,92,0,14,0,14,0,14,0,14,0,14,18,16,0,14,0,14,12,16
1400000US36081019902,"Census Tract 199.02, Queens County, New York",Queens,8,12,0,14,0,14,0,14,0,14,0,14,0,14,0,14,0,14,8,12,0,14,8,12,0,14,0,14,0,14,0,14,0,14,0,14,0,14,0,14,0,14
1400000US36081019903,"Census Tract 199.03, Queens County, New York",Queens,0,14,0,14,0,14,0,14,0,14,0,14,0,14,0,14,0,14,0,14,0,14,0,14,0,14,0,14,0,14,0,14,0,14,0,14,0,14,0,14,0,14
1400000US36081020200,"Census Tract 202, Queens County, New York",Queens,726,295,295,200,295,200,0,14,0,14,0,14,0,14,0,14,0,14,339,142,140,71,199,92,0,14,0,14,0,14,32,38,0,14,0,14,19,30,0,14,41,52
1400000US36081020400,"Census Tract 204, Queens County, New York",Queens,941,228,427,118,378,111,49,33,49,33,0,14,0,14,0,14,0,14,477,183,213,83,264,137,0,14,0,14,0,14,5,7,0,14,0,14,6,8,0,14,26,27
1400000US36081020500,"Census Tract 205, Queens County, New York",Queens,594,165,155,81,119,48,36,42,36,42,0,14,0,14,0,14,0,14,364,146,50,23,314,142,0,14,0,14,0,14,0,14,0,14,0,14,10,16,10,17,55,33
1400000US36081020600,"Census Tract 206, Queens County, New York",Queens,781,203,241,78,135,54,106,68,102,65,0,14,0,14,4,9,0,14,487,183,191,72,251,158,45,34,0,14,0,14,0,14,0,14,0,14,16,17,0,14,37,45
1400000US36081020800,"Census Tract 208, Queens County, New York",Queens,1935,424,428,167,234,88,194,129,136,116,0,14,21,31,37,59,0,14,1052,309,196,97,774,239,16,17,66,106,0,14,0,14,0,14,0,14,182,171,0,14,273,182
1400000US36081021200,"Census Tract 212, Queens County, New York",Queens,1123,354,247,129,181,68,66,108,0,14,66,108,0,14,0,14,0,14,717,287,197,82,485,281,35,36,0,14,0,14,19,28,0,14,0,14,60,42,0,14,80,56
1400000US36081021400,"Census Tract 214, Queens County, New York",Queens,2302,459,908,263,869,252,39,75,39,75,0,19,0,19,0,19,0,19,1091,418,244,167,824,306,23,38,0,19,0,19,18,31,0,19,0,19,100,77,0,19,185,119
1400000US36081021601,"Census Tract 216.01, Queens County, New York",Queens,1648,346,412,197,412,197,0,14,0,14,0,14,0,14,0,14,0,14,788,225,70,70,601,176,106,83,11,16,0,14,11,18,0,14,0,14,10,17,0,14,427,202
1400000US36081021602,"Census Tract 216.02, Queens County, New York",Queens,579,185,173,96,154,92,19,23,7,11,0,14,0,14,12,20,0,14,246,110,65,41,174,99,7,12,0,14,0,14,0,14,0,14,0,14,81,45,0,14,79,80
1400000US36081021603,"Census Tract 216.03, Queens County, New York",Queens,0,14,0,14,0,14,0,14,0,14,0,14,0,14,0,14,0,14,0,14,0,14,0,14,0,14,0,14,0,14,0,14,0,14,0,14,0,14,0,14,0,14
1400000US36081021900,"Census Tract 219, Queens County, New York",Queens,0,14,0,14,0,14,0,14,0,14,0,14,0,14,0,14,0,14,0,14,0,14,0,14,0,14,0,14,0,14,0,14,0,14,0,14,0,14,0,14,0,14
1400000US36081022001,"Census Tract 220.01, Queens County, New York",Queens,2732,468,817,258,753,254,64,62,0,19,0,19,0,19,64,62,0,19,1247,323,235,89,1012,290,0,19,0,19,0,19,0,19,0,19,0,19,49,56,0,19,619,295
1400000US36081022002,"Census Tract 220.02, Queens County, New York",Queens,2924,628,852,302,756,292,96,92,58,66,0,19,0,19,38,60,0,19,1473,299,266,104,1207,290,0,19,0,19,0,19,0,19,0,19,35,34,84,102,14,22,466,251
1400000US36081022900,"Census Tract 229, Queens County, New York",Queens,0,14,0,14,0,14,0,14,0,14,0,14,0,14,0,14,0,14,0,14,0,14,0,14,0,14,0,14,0,14,0,14,0,14,0,14,0,14,0,14,0,14
1400000US36081023000,"Census Tract 230, Queens County, New York",Queens,782,170,387,145,273,99,114,92,50,52,47,70,12,18,5,10,0,14,250,99,36,31,214,97,0,14,0,14,0,14,0,14,30,48,0,14,0,14,1,2,114,77
1400000US36081023200,"Census Tract 232, Queens County, New York",Queens,2243,510,685,170,654,171,31,34,31,34,0,14,0,14,0,14,0,14,975,304,146,118,829,294,0,14,0,14,0,14,0,14,0,14,41,60,86,109,93,79,363,217
1400000US36081023501,"Census Tract 235.01, Queens County, New York",Queens,1816,447,384,237,270,234,114,82,59,75,0,14,0,14,55,60,0,14,1070,381,113,87,957,362,0,14,0,14,0,14,0,14,0,14,19,29,181,136,10,20,152,87
1400000US36081023502,"Census Tract 235.02, Queens County, New York",Queens,1951,648,141,86,124,78,17,22,17,22,0,14,0,14,0,14,0,14,1196,453,93,70,1095,449,8,14,0,14,0,14,100,79,0,14,0,14,244,155,0,14,270,214
1400000US36081023600,"Census Tract 236, Queens County, New York",Queens,1596,252,494,169,448,150,46,48,40,48,1,3,0,14,5,11,0,14,662,199,204,86,446,183,12,19,0,14,0,14,76,88,0,14,0,14,42,46,12,18,310,160
1400000US36081023800,"Census Tract 238, Queens County, New York",Queens,1941,396,493,259,450,251,43,47,43,47,0,14,0,14,0,14,0,14,1076,259,378,126,664,191,34,54,0,14,0,14,0,14,0,14,13,21,156,66,19,24,184,77
1400000US36081024000,"Census Tract 240, Queens County, New York",Queens,3565,1073,619,273,540,258,79,79,54,64,0,19,25,47,0,19,0,19,2140,756,501,357,1639,653,0,19,0,19,0,19,72,111,0,19,0,19,269,173,0,19,465,470
1400000US36081024300,"Census Tract 243, Queens County, New York",Queens,2557,333,835,194,778,186,57,51,57,51,0,19,0,19,0,19,0,19,1165,348,344,248,821,239,0,19,0,19,0,19,10,16,44,50,137,134,165,114,11,17,190,90
1400000US36081024500,"Census Tract 245, Queens County, New York",Queens,2440,534,671,277,557,281,114,98,90,92,0,19,0,19,24,26,0,19,1340,354,174,125,1166,376,0,19,0,19,0,19,19,31,0,19,0,19,103,78,0,19,307,168
1400000US36081024600,"Census Tract 246, Queens County, New York",Queens,0,14,0,14,0,14,0,14,0,14,0,14,0,14,0,14,0,14,0,14,0,14,0,14,0,14,0,14,0,14,0,14,0,14,0,14,0,14,0,14,0,14
1400000US36081024700,"Census Tract 247, Queens County, New York",Queens,737,215,246,114,218,112,28,29,12,15,0,14,0,14,0,14,16,25,343,174,25,27,314,172,4,7,0,14,0,14,0,14,35,54,0,14,52,33,15,19,46,43
1400000US36081024900,"Census Tract 249, Queens County, New York",Queens,2923,828,751,320,622,226,129,207,0,19,0,19,129,207,0,19,0,19,1498,582,281,303,1159,340,58,54,0,19,0,19,0,19,13,30,0,19,100,68,29,34,532,220
1400000US36081025100,"Census Tract 251, Queens County, New York",Queens,2925,760,697,264,396,216,301,265,15,25,57,68,81,132,148,199,0,19,1480,721,40,42,1427,725,13,22,0,19,0,19,0,19,0,19,0,19,90,67,140,212,518,243
1400000US36081025301,"Census Tract 253.01, Queens County, New York",Queens,1947,309,197,149,136,99,61,89,53,87,3,5,5,9,0,14,0,14,1157,289,110,95,1047,302,0,14,0,14,0,14,25,41,0,14,38,47,146,106,39,43,345,158
1400000US36081025302,"Census Tract 253.02, Queens County, New York",Queens,1665,517,331,180,261,167,70,69,35,49,5,10,0,14,30,51,0,14,1100,359,13,21,1023,337,64,70,0,14,0,14,31,37,0,14,0,14,29,45,0,14,174,96
1400000US36081025401,"Census Tract 254.01, Queens County, New York",Queens,1607,545,698,443,698,443,0,14,0,14,0,14,0,14,0,14,0,14,646,222,303,176,312,189,31,50,0,14,0,14,111,108,0,14,0,14,0,14,9,15,143,117
1400000US36081025402,"Census Tract 254.02, Queens County, New York",Queens,2201,563,737,324,348,202,389,266,323,237,0,19,0,19,66,107,0,19,1314,355,314,162,1000,369,0,19,0,19,0,19,0,19,0,19,0,19,23,41,44,63,83,93
1400000US36081025500,"Census Tract 255, Queens County, New York",Queens,679,117,134,42,110,35,24,26,24,26,0,14,0,14,0,14,0,14,271,106,0,14,258,100,13,20,0,14,0,14,0,14,0,14,0,14,134,75,17,8,123,67
1400000US36081025700,"Census Tract 257, Queens County, New York",Queens,724,179,207,83,168,80,39,31,15,23,10,16,0,14,14,22,0,14,444,162,23,28,421,154,0,14,0,14,0,14,2,5,0,14,8,12,12,16,9,13,42,37
1400000US36081025800,"Census Tract 258, Queens County, New York",Queens,1166,282,510,147,427,145,83,50,66,42,0,14,17,28,0,14,0,14,474,253,101,83,338,183,35,54,0,14,0,14,4,6,0,14,0,14,68,72,30,30,80,65
1400000US36081025900,"Census Tract 259, Queens County, New York",Queens,1638,324,373,216,343,216,30,39,30,39,0,14,0,14,0,14,0,14,919,213,79,77,814,219,26,27,0,14,0,14,0,14,0,14,0,14,87,66,13,21,246,152
1400000US36081026000,"Census Tract 260, Queens County, New York",Queens,1186,337,491,181,441,161,50,35,47,35,0,14,0,14,3,5,0,14,555,237,202,105,325,166,28,33,0,14,0,14,18,26,0,14,0,14,82,59,19,21,21,24
1400000US36081026100,"Census Tract 261, Queens County, New York",Queens,3926,628,802,258,531,237,271,191,41,50,60,98,112,147,0,19,58,97,2515,641,136,100,2323,603,56,58,0,19,0,19,18,30,0,19,20,32,326,237,25,39,220,126
1400000US36081026200,"Census Tract 262, Queens County, New York",Queens,597,174,336,122,257,90,79,53,79,53,0,14,0,14,0,14,0,14,186,89,64,57,122,56,0,14,0,14,0,14,0,14,0,14,0,14,0,14,16,14,59,36
1400000US36081026300,"Census Tract 263, Queens County, New York",Queens,2785,786,590,481,570,482,20,33,20,33,0,14,0,14,0,14,0,14,1650,483,43,68,1607,476,0,14,0,14,0,14,0,14,0,14,0,14,480,388,0,14,65,58
1400000US36081026400,"Census Tract 264, Queens County, New York",Queens,1111,227,585,172,469,128,116,86,100,82,16,25,0,14,0,14,0,14,409,123,201,104,208,75,0,14,0,14,0,14,33,31,0,14,0,14,11,12,10,11,63,48
1400000US36081026501,"Census Tract 265.01, Queens County, New York",Queens,1556,268,493,212,439,201,54,54,54,54,0,14,0,14,0,14,0,14,722,232,0,14,696,233,26,30,0,14,0,14,25,25,0,14,15,19,94,73,29,37,178,107
1400000US36081026502,"Census Tract 265.02, Queens County, New York",Queens,695,266,272,171,53,29,219,169,35,53,0,14,54,47,130,153,0,14,311,139,15,24,290,136,6,9,0,14,0,14,0,14,0,14,5,12,73,45,7,11,27,24
1400000US36081026600,"Census Tract 266, Queens County, New York",Queens,852,276,538,212,505,204,33,35,33,35,0,14,0,14,0,14,0,14,275,126,52,33,223,113,0,14,0,14,0,14,0,14,0,14,0,14,0,14,13,21,26,27
1400000US36081026700,"Census Tract 267, Queens County, New York",Queens,3079,705,622,290,381,197,241,198,121,93,0,19,120,172,0,19,0,19,2187,595,173,165,2014,601,0,19,0,19,0,19,0,19,0,19,0,19,110,77,7,17,153,133
1400000US36081026901,"Census Tract 269.01, Queens County, New York",Queens,1978,283,261,112,232,110,29,30,10,15,0,14,19,18,0,14,0,14,1407,302,139,80,1268,289,0,14,0,14,0,14,0,14,0,14,43,48,66,49,70,59,131,74
1400000US36081026902,"Census Tract 269.02, Queens County, New York",Queens,2243,391,210,84,200,82,10,15,6,11,4,10,0,14,0,14,0,14,1594,344,197,96,1391,327,6,11,0,14,0,14,0,14,0,14,18,19,288,167,9,15,124,85
1400000US36081027000,"Census Tract 270, Queens County, New York",Queens,873,266,347,174,305,173,42,42,42,42,0,14,0,14,0,14,0,14,371,102,214,76,157,76,0,14,0,14,0,14,25,34,0,14,0,14,6,8,0,14,124,97
1400000US36081027101,"Census Tract 271.01, Queens County, New York",Queens,2414,597,290,150,243,147,47,46,0,19,0,19,0,19,35,45,12,20,1487,415,78,71,1409,414,0,19,0,19,0,19,130,134,0,19,0,19,97,79,47,63,363,434
1400000US36081027102,"Census Tract 271.02, Queens County, New York",Queens,1236,199,135,74,113,75,22,27,13,20,0,14,0,14,9,17,0,14,848,221,62,62,778,225,0,14,8,12,0,14,0,14,0,14,30,44,159,111,51,52,13,16
1400000US36081027200,"Census Tract 272, Queens County, New York",Queens,1088,267,415,154,381,151,34,37,16,25,0,14,18,28,0,14,0,14,532,180,183,93,349,171,0,14,0,14,0,14,0,14,0,14,0,14,46,33,12,13,83,58
1400000US36081027301,"Census Tract 273.01, Queens County, New York",Queens,1172,228,196,115,128,119,68,57,0,14,0,14,0,14,51,58,17,29,643,167,7,13,623,168,13,20,0,14,0,14,8,12,0,14,23,34,114,69,0,14,188,120
1400000US36081027302,"Census Tract 273.02, Queens County, New York",Queens,1884,348,300,114,281,110,19,25,19,25,0,14,0,14,0,14,0,14,1215,337,65,52,1150,326,0,14,0,14,0,14,0,14,0,14,0,14,192,132,27,34,150,94
1400000US36081027400,"Census Tract 274, Queens County, New York",Queens,892,245,514,235,449,230,65,50,65,50,0,14,0,14,0,14,0,14,240,90,111,71,129,60,0,14,0,14,0,14,42,36,5,8,0,14,14,15,7,11,70,39
1400000US36081027500,"Census Tract 275, Queens County, New York",Queens,3172,878,542,376,408,363,134,137,36,61,0,19,23,38,75,115,0,19,1959,780,332,245,1608,683,19,47,0,19,0,19,105,102,0,19,28,42,118,130,111,133,309,208
1400000US36081027600,"Census Tract 276, Queens County, New York",Queens,697,187,341,116,271,107,70,36,47,29,0,14,0,14,23,16,0,14,262,141,103,68,159,128,0,14,0,14,0,14,0,14,0,14,0,14,0,14,7,10,87,47
1400000US36081027701,"Census Tract 277.01, Queens County, New York",Queens,1918,678,742,586,277,176,465,557,32,44,0,14,0,14,433,551,0,14,706,284,151,242,555,162,0,14,0,14,0,14,0,14,0,14,0,14,399,208,21,37,50,51
1400000US36081027702,"Census Tract 277.02, Queens County, New York",Queens,1728,355,401,158,284,127,117,93,36,35,36,45,24,39,21,35,0,14,978,305,142,97,836,268,0,14,0,14,0,14,19,22,0,14,44,40,77,56,26,42,183,111
1400000US36081027800,"Census Tract 278, Queens County, New York",Queens,903,196,407,130,379,124,28,27,23,26,5,7,0,14,0,14,0,14,412,106,182,86,230,92,0,14,0,14,0,14,50,46,0,14,0,14,4,7,0,14,30,34
1400000US36081027900,"Census Tract 279, Queens County, New York",Queens,4018,787,1129,446,851,387,278,283,27,35,178,277,71,109,2,13,0,19,1691,486,135,106,1556,460,0,19,0,19,0,19,139,144,0,19,174,274,441,236,16,28,428,225
1400000US36081028000,"Census Tract 280, Queens County, New York",Queens,643,121,288,93,278,88,10,16,10,16,0,14,0,14,0,14,0,14,234,88,130,77,104,59,0,14,0,14,0,14,27,24,0,14,0,14,5,8,36,38,53,35
1400000US36081028100,"Census Tract 281, Queens County, New York",Queens,3209,512,887,467,724,398,163,170,97,97,66,85,0,19,0,19,0,19,1616,523,269,292,1292,407,55,77,0,19,0,19,14,23,0,19,33,42,112,82,109,118,438,214
1400000US36081028200,"Census Tract 282, Queens County, New York",Queens,791,167,289,118,272,108,17,26,17,26,0,14,0,14,0,14,0,14,311,119,163,94,123,65,25,41,0,14,0,14,0,14,0,14,0,14,0,14,49,51,142,127
1400000US36081028300,"Census Tract 283, Queens County, New York",Queens,3439,535,632,236,561,238,71,89,71,89,0,19,0,19,0,19,0,19,1955,469,113,98,1842,451,0,19,0,19,0,19,0,19,0,19,37,47,327,188,23,37,465,189
1400000US36081028400,"Census Tract 284, Queens County, New York",Queens,1597,444,1021,369,771,320,250,161,158,148,0,14,92,77,0,14,0,14,475,201,189,158,286,152,0,14,0,14,0,14,0,14,0,14,0,14,0,14,0,14,101,83
1400000US36081028500,"Census Tract 285, Queens County, New York",Queens,2617,451,380,220,232,191,148,108,105,93,0,14,13,24,14,25,16,27,1416,378,82,82,1287,374,47,75,0,14,0,14,0,14,0,14,50,63,104,63,79,125,588,186
1400000US36081028700,"Census Tract 287, Queens County, New York",Queens,3484,630,774,232,487,197,287,189,225,153,0,19,62,98,0,19,0,19,1209,309,9,15,1200,311,0,19,0,19,0,19,184,225,0,19,23,35,370,242,119,148,805,447
1400000US36081028801,"Census Tract 288.01, Queens County, New York",Queens,1075,233,551,197,531,191,20,25,7,11,0,14,0,14,13,22,0,14,393,119,118,61,275,101,0,14,0,14,0,14,49,53,0,14,0,14,45,71,0,14,37,57
1400000US36081028802,"Census Tract 288.02, Queens County, New York",Queens,858,228,510,197,454,190,56,54,32,42,24,36,0,14,0,14,0,14,288,120,170,77,118,100,0,14,0,14,0,14,8,14,0,14,0,14,0,14,23,27,29,37
1400000US36081028803,"Census Tract 288.03, Queens County, New York",Queens,0,14,0,14,0,14,0,14,0,14,0,14,0,14,0,14,0,14,0,14,0,14,0,14,0,14,0,14,0,14,0,14,0,14,0,14,0,14,0,14,0,14
1400000US36081028900,"Census Tract 289, Queens County, New York",Queens,2617,778,239,170,239,170,0,14,0,14,0,14,0,14,0,14,0,14,1124,252,85,96,1039,260,0,14,0,14,0,14,0,14,0,14,66,85,103,72,26,37,1059,701
1400000US36081029100,"Census Tract 291, Queens County, New York",Queens,2701,580,307,129,262,119,45,37,22,34,23,37,0,19,0,19,0,19,1738,511,132,173,1606,496,0,19,0,19,0,19,131,182,0,19,21,35,275,150,15,23,214,122
1400000US36081029300,"Census Tract 293, Queens County, New York",Queens,549,111,138,63,110,48,28,32,0,14,0,14,12,18,16,25,0,14,269,86,0,14,269,86,0,14,0,14,0,14,14,20,0,14,27,19,67,40,0,14,34,40
1400000US36081029400,"Census Tract 294, Queens County, New York",Queens,3816,804,1847,411,1625,387,222,177,176,166,46,56,0,19,0,19,0,19,1722,721,924,668,798,257,0,19,0,19,0,19,0,19,0,19,12,30,102,86,0,19,133,119
1400000US36081029500,"Census Tract 295, Queens County, New York",Queens,1798,397,390,129,340,124,50,61,20,23,30,54,0,14,0,14,0,14,1082,376,128,77,954,372,0,14,0,14,0,14,0,14,0,14,41,40,113,56,11,17,161,91
1400000US36081029700,"Census Tract 297, Queens County, New York",Queens,1083,164,383,118,282,99,101,66,51,40,0,14,19,28,31,29,0,14,487,125,52,34,435,123,0,14,0,14,0,14,9,12,0,14,33,28,78,54,0,14,93,54
1400000US36081029900,"Census Tract 299, Queens County, New York",Queens,0,14,0,14,0,14,0,14,0,14,0,14,0,14,0,14,0,14,0,14,0,14,0,14,0,14,0,14,0,14,0,14,0,14,0,14,0,14,0,14,0,14
1400000US36081030600,"Census Tract 306, Queens County, New York",Queens,2375,435,1348,346,1179,314,169,125,110,106,59,66,0,19,0,19,0,19,836,246,305,143,531,199,0,19,0,19,0,19,0,19,13,29,0,19,0,19,0,19,178,106
1400000US36081030903,"Census Tract 309.03, Queens County, New York",Queens,2111,458,804,269,705,245,99,107,99,107,0,19,0,19,0,19,0,19,661,242,163,135,498,228,0,19,0,19,0,19,21,37,0,19,159,183,41,52,93,97,332,219
1400000US36081030904,"Census Tract 309.04, Queens County, New York",Queens,1171,292,531,133,490,127,41,47,0,14,22,33,19,32,0,14,0,14,322,153,57,61,245,128,0,14,0,14,20,31,105,179,0,14,16,21,95,71,0,14,102,64
1400000US36081030905,"Census Tract 309.05, Queens County, New York",Queens,1578,397,755,256,611,233,144,100,144,100,0,14,0,14,0,14,0,14,472,150,70,67,402,154,0,14,0,14,0,14,0,14,0,14,72,81,137,88,0,14,142,145
1400000US36081030906,"Census Tract 309.06, Queens County, New York",Queens,2269,411,882,256,740,230,142,96,60,53,0,14,0,14,47,76,35,53,932,267,37,41,713,224,30,37,152,189,0,14,61,94,0,14,0,14,154,87,0,14,240,133
1400000US36081031700,"Census Tract 317, Queens County, New York",Queens,2455,547,779,251,677,238,102,87,102,87,0,19,0,19,0,19,0,19,1263,321,89,97,1029,346,85,92,60,88,0,19,0,19,0,19,0,19,16,26,0,19,397,225
1400000US36081032000,"Census Tract 320, Queens County, New York",Queens,2267,455,1193,361,1002,336,191,110,191,110,0,19,0,19,0,19,0,19,739,269,346,195,285,127,76,106,32,51,0,19,85,81,0,19,19,47,63,83,31,36,137,83
1400000US36081032700,"Census Tract 327, Queens County, New York",Queens,1645,368,406,136,373,123,33,48,29,48,0,14,0,14,4,9,0,14,1043,308,296,136,747,246,0,14,0,14,0,14,27,33,0,14,26,32,81,75,0,14,62,54
1400000US36081032800,"Census Tract 328, Queens County, New York",Queens,1160,197,593,142,477,115,116,91,85,87,14,14,17,24,0,14,0,14,406,122,234,103,150,63,19,22,3,7,0,14,54,42,0,14,0,14,4,8,0,14,103,55
1400000US36081032900,"Census Tract 329, Queens County, New York",Queens,1217,207,560,180,504,173,56,58,42,54,14,19,0,14,0,14,0,14,454,168,90,76,334,157,30,46,0,14,0,14,40,50,0,14,0,14,67,53,0,14,96,71
1400000US36081033000,"Census Tract 330, Queens County, New York",Queens,3034,497,1706,419,1387,386,319,162,291,158,28,44,0,19,0,19,0,19,1062,237,529,196,533,178,0,19,0,19,0,19,29,50,0,19,0,19,0,19,0,19,237,130
1400000US36081033100,"Census Tract 331, Queens County, New York",Queens,0,14,0,14,0,14,0,14,0,14,0,14,0,14,0,14,0,14,0,14,0,14,0,14,0,14,0,14,0,14,0,14,0,14,0,14,0,14,0,14,0,14
1400000US36081033401,"Census Tract 334.01, Queens County, New York",Queens,1631,274,719,215,657,220,62,98,52,97,0,14,0,14,10,16,0,14,581,191,226,105,295,133,18,33,42,59,0,14,22,34,0,14,0,14,0,14,0,14,309,141
1400000US36081033403,"Census Tract 334.03, Queens County, New York",Queens,2059,507,588,243,489,210,99,141,82,139,0,14,0,14,17,28,0,14,1221,417,674,342,388,197,104,91,55,89,0,14,0,14,0,14,0,14,0,14,31,35,219,195
1400000US36081033404,"Census Tract 334.04, Queens County, New York",Queens,2847,691,1334,437,1182,433,152,164,152,164,0,19,0,19,0,19,0,19,1198,375,690,299,463,217,45,50,0,19,0,19,49,78,0,19,92,129,20,34,90,115,64,91
1400000US36081033405,"Census Tract 334.05, Queens County, New York",Queens,1761,487,1056,433,982,426,74,84,38,63,36,56,0,14,0,14,0,14,599,260,259,201,217,102,81,75,42,67,0,14,24,30,0,14,0,14,0,14,0,14,82,80
1400000US36081033700,"Census Tract 337, Queens County, New York",Queens,1357,335,760,235,666,211,94,66,46,46,16,18,0,14,32,51,0,14,490,271,18,21,472,272,0,14,0,14,0,14,0,14,0,14,17,29,22,34,0,14,68,65
1400000US36081033900,"Census Tract 339, Queens County, New York",Queens,1119,316,464,208,422,209,42,43,42,43,0,14,0,14,0,14,0,14,489,249,93,100,360,221,0,14,36,36,0,14,0,14,0,14,0,14,66,54,0,14,100,73
1400000US36081034700,"Census Tract 347, Queens County, New York",Queens,1673,287,690,231,636,239,54,57,34,42,0,14,0,14,0,14,20,35,790,291,286,176,504,179,0,14,0,14,0,14,0,14,0,14,15,19,66,60,0,14,112,96
1400000US36081035100,"Census Tract 351, Queens County, New York",Queens,1826,261,589,216,569,218,20,24,0,14,20,24,0,14,0,14,0,14,976,237,181,110,779,238,16,26,0,14,0,14,22,28,0,14,20,34,16,19,17,20,186,128
1400000US36081035200,"Census Tract 352, Queens County, New York",Queens,1175,200,742,177,670,188,72,62,59,55,13,22,0,14,0,14,0,14,308,107,89,54,174,80,17,26,28,41,0,14,29,42,0,14,0,14,30,30,0,14,66,58
1400000US36081035300,"Census Tract 353, Queens County, New York",Queens,1041,268,309,100,270,92,39,40,20,27,4,6,0,14,0,14,15,25,611,277,159,81,452,279,0,14,0,14,0,14,0,14,0,14,11,18,27,29,19,24,64,53
1400000US36081035700,"Census Tract 357, Queens County, New York",Queens,1803,347,897,278,855,276,42,36,8,13,7,11,16,26,0,14,11,17,598,192,125,83,473,178,0,14,0,14,0,14,60,65,8,13,0,14,59,70,13,21,168,95
1400000US36081035800,"Census Tract 358, Queens County, New York",Queens,2359,434,1199,272,1082,257,117,65,92,58,0,14,13,20,12,18,0,14,762,282,476,239,157,78,55,70,74,82,0,14,65,44,0,14,30,46,46,35,0,14,257,123
1400000US36081036100,"Census Tract 361, Queens County, New York",Queens,1241,310,422,169,410,168,12,16,5,10,0,14,0,14,0,14,7,13,711,221,221,88,478,178,12,11,0,14,0,14,0,14,0,14,3,5,62,56,0,14,43,43
1400000US36081036300,"Census Tract 363, Queens County, New York",Queens,1036,267,281,115,222,91,59,49,14,16,0,14,6,8,15,24,24,26,663,230,136,80,527,204,0,14,0,14,0,14,0,14,0,14,18,21,40,32,0,14,34,32
1400000US36081036500,"Census Tract 365, Queens County, New York",Queens,1569,375,398,176,343,162,55,60,23,34,0,14,0,14,0,14,32,50,887,310,167,94,647,227,73,115,0,14,0,14,0,14,0,14,18,23,147,104,10,20,109,107
1400000US36081036600,"Census Tract 366, Queens County, New York",Queens,1272,455,629,344,600,344,29,30,16,26,0,14,0,14,0,14,13,14,503,243,252,144,251,152,0,14,0,14,0,14,43,41,0,14,24,27,34,49,9,13,30,40
1400000US36081036700,"Census Tract 367, Queens County, New York",Queens,1430,286,454,119,360,85,94,70,86,66,8,10,0,14,0,14,0,14,869,344,235,125,596,220,38,45,0,14,0,14,0,14,0,14,5,7,11,16,0,14,91,69
1400000US36081036800,"Census Tract 368, Queens County, New York",Queens,1485,322,676,165,633,164,43,41,7,13,36,39,0,14,0,14,0,14,644,257,317,195,325,133,2,5,0,14,0,14,70,54,0,14,0,14,0,14,0,14,95,54
1400000US36081037100,"Census Tract 371, Queens County, New York",Queens,742,218,239,76,215,74,24,30,24,30,0,14,0,14,0,14,0,14,269,95,109,63,160,95,0,14,0,14,0,14,0,14,14,21,0,14,23,21,0,14,197,191
1400000US36081037300,"Census Tract 373, Queens County, New York",Queens,967,191,507,125,442,113,65,51,29,32,17,19,19,28,0,14,0,14,363,128,107,61,249,115,7,7,0,14,0,14,8,12,0,14,6,10,21,34,0,14,62,58
1400000US36081037501,"Census Tract 375.01, Queens County, New York",Queens,626,126,87,64,87,64,0,14,0,14,0,14,0,14,0,14,0,14,425,134,0,14,374,154,51,51,0,14,0,14,0,14,0,14,63,62,30,35,0,14,21,32
1400000US36081037502,"Census Tract 375.02, Queens County, New York",Queens,1119,246,225,112,217,109,8,18,0,14,0,14,0,14,8,18,0,14,745,187,228,117,517,127,0,14,0,14,0,14,0,14,0,14,16,26,36,34,21,26,76,51
1400000US36081037600,"Census Tract 376, Queens County, New York",Queens,3019,543,1501,423,1363,421,138,94,82,75,48,55,0,19,8,13,0,19,898,231,418,171,396,182,84,120,0,19,0,19,0,19,0,19,0,19,161,118,0,19,459,185
1400000US36081037700,"Census Tract 377, Queens County, New York",Queens,1655,453,339,126,326,128,13,20,13,20,0,14,0,14,0,14,0,14,1051,394,195,104,856,354,0,14,0,14,0,14,32,52,0,14,0,14,105,108,0,14,128,149
1400000US36081037900,"Census Tract 379, Queens County, New York",Queens,3166,591,653,235,493,187,160,104,108,85,0,19,24,37,0,19,28,45,1884,510,434,211,1266,313,171,174,13,21,0,19,0,19,0,19,63,67,540,230,0,19,26,42
1400000US36081038100,"Census Tract 381, Queens County, New York",Queens,3846,901,547,162,547,162,0,19,0,19,0,19,0,19,0,19,0,19,2428,614,425,258,1802,548,201,190,0,19,0,19,13,20,44,64,264,175,338,310,64,76,148,87
1400000US36081038301,"Census Tract 383.01, Queens County, New York",Queens,0,14,0,14,0,14,0,14,0,14,0,14,0,14,0,14,0,14,0,14,0,14,0,14,0,14,0,14,0,14,0,14,0,14,0,14,0,14,0,14,0,14
1400000US36081038302,"Census Tract 383.02, Queens County, New York",Queens,0,14,0,14,0,14,0,14,0,14,0,14,0,14,0,14,0,14,0,14,0,14,0,14,0,14,0,14,0,14,0,14,0,14,0,14,0,14,0,14,0,14
1400000US36081038400,"Census Tract 384, Queens County, New York",Queens,1165,246,487,150,475,148,12,18,12,18,0,14,0,14,0,14,0,14,417,186,281,185,136,67,0,14,0,14,0,14,0,14,0,14,0,14,32,13,16,25,213,127
1400000US36081039400,"Census Tract 394, Queens County, New York",Queens,1164,201,593,166,528,144,65,51,52,47,13,18,0,14,0,14,0,14,417,152,194,107,216,99,7,9,0,14,0,14,29,44,0,14,0,14,21,27,0,14,104,76
1400000US36081039800,"Census Tract 398, Queens County, New York",Queens,821,221,527,189,527,189,0,14,0,14,0,14,0,14,0,14,0,14,191,96,104,83,79,63,8,17,0,14,0,14,0,14,0,14,0,14,30,31,0,14,73,56
1400000US36081039901,"Census Tract 399.01, Queens County, New York",Queens,926,248,250,127,133,109,117,86,117,86,0,14,0,14,0,14,0,14,483,188,70,55,413,190,0,14,0,14,0,14,0,14,0,14,0,14,69,91,39,51,85,64
1400000US36081039902,"Census Tract 399.02, Queens County, New York",Queens,756,198,250,129,92,61,158,117,22,35,66,69,20,25,22,29,28,46,425,159,46,76,369,143,10,15,0,14,0,14,0,14,0,14,26,21,39,44,16,21,0,14
1400000US36081040000,"Census Tract 400, Queens County, New York",Queens,775,197,419,145,395,145,24,14,24,14,0,14,0,14,0,14,0,14,308,119,164,114,132,65,9,16,3,11,0,14,0,14,0,14,0,14,0,14,0,14,48,38
1400000US36081040101,"Census Tract 401.01, Queens County, New York",Queens,1005,260,265,133,164,98,101,85,81,75,0,14,0,14,20,32,0,14,652,210,109,60,404,202,139,100,0,14,0,14,0,14,0,14,18,28,31,32,22,35,17,29
1400000US36081040102,"Census Tract 401.02, Queens County, New York",Queens,2155,508,345,194,294,159,51,64,23,34,0,14,28,44,0,14,0,14,1524,464,198,137,1326,409,0,14,0,14,0,14,0,14,0,14,51,77,124,95,47,52,64,67
1400000US36081040200,"Census Tract 402, Queens County, New York",Queens,780,162,389,132,305,108,84,90,84,90,0,14,0,14,0,14,0,14,311,98,50,44,233,100,28,29,0,14,0,14,22,28,0,14,0,14,0,14,0,14,58,65
1400000US36081040301,"Census Tract 403.01, Queens County, New York",Queens,1307,388,159,89,159,89,0,14,0,14,0,14,0,14,0,14,0,14,966,389,219,152,686,353,61,72,0,14,0,14,7,10,8,14,0,14,140,91,12,26,15,18
1400000US36081040302,"Census Tract 403.02, Queens County, New York",Queens,2118,612,274,143,241,149,33,52,0,14,33,52,0,14,0,14,0,14,1301,492,192,134,911,408,198,170,0,14,0,14,0,14,16,27,0,14,390,203,102,168,35,42
1400000US36081040400,"Census Tract 404, Queens County, New York",Queens,1875,353,1037,239,996,238,41,46,41,46,0,14,0,14,0,14,0,14,631,233,281,136,304,180,46,47,0,14,0,14,32,51,0,14,0,14,0,14,0,14,175,118
1400000US36081040501,"Census Tract 405.01, Queens County, New York",Queens,587,317,114,63,105,64,9,13,9,13,0,14,0,14,0,14,0,14,329,201,50,55,251,181,28,46,0,14,0,14,0,14,0,14,44,59,45,56,0,14,55,94
1400000US36081040502,"Census Tract 405.02, Queens County, New York",Queens,875,509,203,111,162,117,41,35,11,16,14,22,0,14,16,23,0,14,629,408,31,33,544,400,54,48,0,14,0,14,0,14,0,14,8,13,13,21,0,14,22,21
1400000US36081040701,"Census Tract 407.01, Queens County, New York",Queens,1437,499,302,208,163,157,139,153,21,29,0,14,0,14,118,143,0,14,900,456,24,38,797,437,79,124,0,14,0,14,0,14,0,14,27,43,83,91,33,42,92,77
1400000US36081040702,"Census Tract 407.02, Queens County, New York",Queens,2393,782,592,380,557,384,35,41,12,19,0,14,23,36,0,14,0,14,1555,482,73,85,1482,507,0,14,0,14,0,14,0,14,0,14,0,14,206,115,29,45,11,17
1400000US36081040901,"Census Tract 409.01, Queens County, New York",Queens,889,231,160,123,61,56,99,108,91,107,0,14,0,14,0,14,8,12,633,179,100,74,458,156,75,78,0,14,0,14,0,14,0,14,0,14,12,17,0,14,84,57
1400000US36081040902,"Census Tract 409.02, Queens County, New York",Queens,1535,374,216,106,122,67,94,78,74,68,20,42,0,14,0,14,0,14,1184,355,50,52,1090,340,44,41,0,14,0,14,7,12,25,38,0,14,57,52,0,14,46,37
1400000US36081041100,"Census Tract 411, Queens County, New York",Queens,2096,651,361,165,283,181,78,55,78,55,0,14,0,14,0,14,0,14,1402,526,259,203,1143,541,0,14,0,14,0,14,9,16,0,14,20,32,187,174,38,46,79,36
1400000US36081041300,"Census Tract 413, Queens County, New York",Queens,2073,517,511,251,427,233,84,134,0,14,0,14,0,14,84,134,0,14,1309,483,201,158,862,235,246,352,0,14,0,14,56,64,0,14,15,25,127,94,0,14,55,40
1400000US36081041400,"Census Tract 414, Queens County, New York",Queens,2053,482,820,247,759,237,61,69,61,69,0,14,0,14,0,14,0,14,903,313,429,256,432,192,42,59,0,14,0,14,1,2,0,14,0,14,67,65,12,20,250,230
1400000US36081041500,"Census Tract 415, Queens County, New York",Queens,1748,511,387,143,342,136,45,59,45,59,0,14,0,14,0,14,0,14,1151,482,66,94,952,427,133,199,0,14,0,14,0,14,0,14,21,30,118,127,53,86,18,29
1400000US36081042400,"Census Tract 424, Queens County, New York",Queens,1307,310,747,197,696,177,51,49,51,49,0,14,0,14,0,14,0,14,356,169,131,71,204,138,21,21,0,14,0,14,9,19,0,14,0,14,16,22,15,16,164,84
1400000US36081042600,"Census Tract 426, Queens County, New York",Queens,16,26,0,14,0,14,0,14,0,14,0,14,0,14,0,14,0,14,16,26,8,13,8,13,0,14,0,14,0,14,0,14,0,14,0,14,0,14,0,14,0,14
1400000US36081042700,"Census Tract 427, Queens County, New York",Queens,2271,529,650,224,576,224,74,70,50,59,0,14,0,14,24,37,0,14,951,284,294,147,526,240,131,110,0,14,0,14,14,22,0,14,24,39,380,377,0,14,252,113
1400000US36081043200,"Census Tract 432, Queens County, New York",Queens,523,156,263,118,263,118,0,14,0,14,0,14,0,14,0,14,0,14,227,96,79,58,133,81,15,22,0,14,0,14,0,14,0,14,0,14,0,14,0,14,33,28
1400000US36081043400,"Census Tract 434, Queens County, New York",Queens,779,148,534,136,423,133,111,80,92,79,19,32,0,14,0,14,0,14,118,63,28,27,90,60,0,14,0,14,0,14,0,14,0,14,0,14,0,14,0,14,127,68
1400000US36081043701,"Census Tract 437.01, Queens County, New York",Queens,1077,239,290,93,150,85,140,87,70,55,4,9,36,56,21,35,9,15,506,140,108,75,317,163,81,72,0,14,0,14,0,14,0,14,54,47,111,97,26,40,90,73
1400000US36081043702,"Census Tract 437.02, Queens County, New York",Queens,2671,592,350,178,279,154,71,87,50,66,0,19,0,19,21,35,0,19,2076,532,637,367,1439,421,0,19,0,19,0,19,0,19,0,19,100,124,16,25,24,33,105,92
1400000US36081043900,"Census Tract 439, Queens County, New York",Queens,1686,416,370,224,229,156,141,163,132,163,0,14,0,14,0,14,9,14,954,358,328,196,590,240,36,58,0,14,0,14,0,14,0,14,0,14,307,164,23,27,32,54
1400000US36081044000,"Census Tract 440, Queens County, New York",Queens,1607,291,802,242,788,247,14,25,14,25,0,14,0,14,0,14,0,14,593,185,136,74,457,184,0,14,0,14,0,14,3,4,0,14,0,14,19,30,24,38,166,103
1400000US36081044301,"Census Tract 443.01, Queens County, New York",Queens,1179,276,471,191,416,176,55,53,44,50,0,14,0,14,0,14,11,20,557,200,127,83,430,199,0,14,0,14,0,14,0,14,0,14,0,14,74,50,0,14,77,78
1400000US36081044302,"Census Tract 443.02, Queens County, New York",Queens,2346,624,639,252,375,157,264,183,127,117,31,53,0,14,106,166,0,14,1254,359,266,118,988,305,0,14,0,14,0,14,0,14,38,45,0,14,368,247,0,14,47,38
1400000US36081044400,"Census Tract 444, Queens County, New York",Queens,1700,505,552,312,527,315,25,40,25,40,0,14,0,14,0,14,0,14,821,297,385,160,436,236,0,14,0,14,0,14,32,50,0,14,20,32,156,90,0,14,119,81
1400000US36081044601,"Census Tract 446.01, Queens County, New York",Queens,1344,266,482,228,464,224,18,29,18,29,0,14,0,14,0,14,0,14,678,196,87,93,576,178,15,25,0,14,0,14,36,62,0,14,0,14,74,60,0,14,74,60
1400000US36081044602,"Census Tract 446.02, Queens County, New York",Queens,1959,585,440,186,345,128,95,85,95,85,0,14,0,14,0,14,0,14,1072,433,358,182,681,424,33,51,0,14,0,14,10,15,16,31,0,14,339,164,0,14,82,98
1400000US36081044800,"Census Tract 448, Queens County, New York",Queens,1271,284,517,238,462,241,55,36,43,33,0,14,0,14,12,17,0,14,470,155,208,106,262,106,0,14,0,14,0,14,5,7,0,14,0,14,86,71,0,14,193,92
1400000US36081045000,"Census Tract 450, Queens County, New York",Queens,843,157,379,114,243,85,136,77,136,77,0,14,0,14,0,14,0,14,224,87,48,34,176,82,0,14,0,14,0,14,7,11,0,14,0,14,76,61,0,14,157,92
1400000US36081045200,"Census Tract 452, Queens County, New York",Queens,257,145,69,47,42,32,27,34,0,14,27,34,0,14,0,14,0,14,128,123,70,79,58,49,0,14,0,14,0,14,0,14,0,14,0,14,11,15,10,16,39,34
1400000US36081045400,"Census Tract 454, Queens County, New York",Queens,2234,541,895,365,847,356,48,65,48,65,0,14,0,14,0,14,0,14,908,279,272,135,636,239,0,14,0,14,0,14,25,27,0,14,0,14,153,100,4,13,249,186
1400000US36081045500,"Census Tract 455, Queens County, New York",Queens,5181,909,1285,377,1042,306,243,271,243,271,0,21,0,21,0,21,0,21,3375,828,948,484,2369,760,58,94,0,21,0,21,0,21,0,21,146,211,117,154,0,21,258,237
1400000US36081045600,"Census Tract 456, Queens County, New York",Queens,480,154,179,69,148,61,31,23,27,23,0,14,4,6,0,14,0,14,234,105,122,74,101,45,0,14,11,17,0,14,15,23,0,14,0,14,6,10,0,14,46,42
1400000US36081045700,"Census Tract 457, Queens County, New York",Queens,1814,329,231,134,203,133,28,44,28,44,0,14,0,14,0,14,0,14,1255,284,187,121,1050,256,18,25,0,14,0,14,0,14,0,14,0,14,154,104,0,14,174,94
1400000US36081045800,"Census Tract 458, Queens County, New York",Queens,1015,191,381,119,325,119,56,35,21,24,21,34,14,15,0,14,0,14,382,124,69,55,297,121,16,18,0,14,0,14,14,22,0,14,8,14,117,79,8,11,105,71
1400000US36081045900,"Census Tract 459, Queens County, New York",Queens,1760,353,600,165,434,123,166,140,21,15,85,117,7,15,24,32,29,46,973,305,39,39,934,304,0,14,0,14,0,14,0,14,0,14,26,40,66,51,0,14,95,74
1400000US36081046000,"Census Tract 460, Queens County, New York",Queens,2302,701,357,161,267,143,90,88,62,95,0,19,0,19,11,18,17,26,1631,602,456,179,1175,585,0,19,0,19,0,19,0,19,0,19,9,14,169,122,0,19,136,116
1400000US36081046100,"Census Tract 461, Queens County, New York",Queens,1255,289,329,85,285,87,44,38,22,18,0,14,22,35,0,14,0,14,617,206,94,51,523,206,0,14,0,14,0,14,6,11,0,14,11,19,180,75,6,10,106,49
1400000US36081046200,"Census Tract 462, Queens County, New York",Queens,2232,307,470,172,404,166,66,78,66,78,0,19,0,19,0,19,0,19,1177,281,419,195,758,255,0,19,0,19,0,19,18,30,0,19,0,19,185,133,23,37,359,178
1400000US36081046300,"Census Tract 463, Queens County, New York",Queens,1992,341,282,118,222,113,60,50,39,46,0,14,0,14,21,33,0,14,1294,309,126,72,1168,284,0,14,0,14,0,14,5,10,0,14,105,93,196,110,0,14,110,90
1400000US36081046400,"Census Tract 464, Queens County, New York",Queens,847,117,474,127,366,111,108,78,103,77,5,8,0,14,0,14,0,14,212,85,55,55,157,73,0,14,0,14,0,14,0,14,0,14,0,14,44,50,8,13,109,61
1400000US36081046500,"Census Tract 465, Queens County, New York",Queens,2321,450,251,120,217,120,34,36,10,20,14,22,0,14,10,16,0,14,1612,306,114,84,1471,297,27,53,0,14,0,14,0,14,0,14,30,40,186,98,0,14,242,181
1400000US36081046600,"Census Tract 466, Queens County, New York",Queens,1806,400,586,166,496,154,90,65,60,42,0,14,30,48,0,14,0,14,690,269,300,200,390,147,0,14,0,14,0,14,30,31,0,14,0,14,208,224,0,14,292,139
1400000US36081046700,"Census Tract 467, Queens County, New York",Queens,3475,638,902,377,588,319,314,191,114,105,123,166,0,19,77,90,0,19,1882,637,170,178,1712,573,0,19,0,19,0,19,0,19,0,19,0,19,260,159,58,92,373,182
1400000US36081046800,"Census Tract 468, Queens County, New York",Queens,1714,489,392,163,357,159,35,34,35,34,0,14,0,14,0,14,0,14,833,277,244,181,589,194,0,14,0,14,0,14,119,74,0,14,0,14,64,48,217,341,89,77
1400000US36081046901,"Census Tract 469.01, Queens County, New York",Queens,2288,605,544,330,398,217,146,163,131,162,15,24,0,14,0,14,0,14,1465,368,106,104,1359,347,0,14,0,14,0,14,0,14,0,14,0,14,127,96,0,14,152,150
1400000US36081046902,"Census Tract 469.02, Queens County, New York",Queens,1713,320,101,81,101,81,0,14,0,14,0,14,0,14,0,14,0,14,1129,314,85,73,1044,299,0,14,0,14,0,14,0,14,0,14,0,14,282,140,0,14,201,112
1400000US36081047000,"Census Tract 470, Queens County, New York",Queens,1618,345,543,142,484,144,59,38,53,38,0,14,0,14,6,9,0,14,889,330,386,292,489,110,14,20,0,14,0,14,11,13,0,14,0,14,114,79,0,14,61,35
1400000US36081047100,"Census Tract 471, Queens County, New York",Queens,2157,493,436,290,395,287,41,34,22,25,19,22,0,14,0,14,0,14,1538,388,112,86,1396,363,30,48,0,14,0,14,0,14,0,14,29,30,88,72,13,20,53,37
1400000US36081047200,"Census Tract 472, Queens County, New York",Queens,1599,397,787,252,701,243,86,69,86,69,0,14,0,14,0,14,0,14,582,232,114,62,468,208,0,14,0,14,0,14,0,14,0,14,92,148,0,14,0,14,138,114
1400000US36081047300,"Census Tract 473, Queens County, New York",Queens,2312,382,586,173,484,149,102,88,61,70,0,14,14,26,27,44,0,14,1334,308,163,106,1171,266,0,14,0,14,0,14,0,14,0,14,103,156,51,50,7,12,231,145
1400000US36081047500,"Census Tract 475, Queens County, New York",Queens,2315,335,520,163,446,137,74,55,49,49,25,31,0,19,0,19,0,19,1310,284,147,97,1157,234,6,10,0,19,0,19,20,20,0,19,0,19,217,149,20,23,228,119
1400000US36081047600,"Census Tract 476, Queens County, New York",Queens,599,149,327,150,269,143,58,60,58,60,0,14,0,14,0,14,0,14,150,63,26,21,99,54,25,41,0,14,0,14,0,14,0,14,0,14,4,6,6,9,112,98
1400000US36081047801,"Census Tract 478.01, Queens County, New York",Queens,2106,380,1007,397,997,398,10,17,10,17,0,14,0,14,0,14,0,14,765,238,375,156,340,214,50,55,0,14,0,14,0,14,0,14,0,14,168,111,0,14,166,114
1400000US36081047802,"Census Tract 478.02, Queens County, New York",Queens,720,344,267,160,154,69,113,142,104,141,9,14,0,14,0,14,0,14,418,198,102,116,316,155,0,14,0,14,0,14,0,14,0,14,0,14,8,18,0,14,27,30
1400000US36081047900,"Census Tract 479, Queens County, New York",Queens,2729,561,1291,398,929,246,362,288,348,284,14,30,0,19,0,19,0,19,1136,414,166,123,970,390,0,19,0,19,0,19,0,19,0,19,15,23,74,70,0,19,213,125
1400000US36081048000,"Census Tract 480, Queens County, New York",Queens,1063,204,452,134,412,125,40,42,35,40,0,14,5,8,0,14,0,14,481,169,201,114,280,105,0,14,0,14,0,14,0,14,0,14,0,14,6,8,18,21,106,77
1400000US36081048100,"Census Tract 481, Queens County, New York",Queens,2762,617,202,130,202,130,0,19,0,19,0,19,0,19,0,19,0,19,2109,543,353,401,1749,449,7,16,0,19,0,19,41,46,0,19,0,19,73,69,0,19,337,178
1400000US36081048200,"Census Tract 482, Queens County, New York",Queens,741,187,393,173,362,168,31,22,31,22,0,14,0,14,0,14,0,14,278,76,160,87,91,43,27,32,0,14,0,14,0,14,0,14,0,14,42,36,0,14,28,22
1400000US36081048301,"Census Tract 483.01, Queens County, New York",Queens,1011,237,448,172,262,148,186,168,186,168,0,14,0,14,0,14,0,14,453,134,94,67,359,121,0,14,0,14,0,14,0,14,0,14,5,12,68,42,26,29,11,14
1400000US36081048302,"Census Tract 483.02, Queens County, New York",Queens,786,222,187,91,119,80,68,62,34,36,0,14,34,53,0,14,0,14,382,116,32,28,350,106,0,14,0,14,0,14,8,13,0,14,0,14,152,99,7,12,50,41
1400000US36081048400,"Census Tract 484, Queens County, New York",Queens,2242,444,1303,373,996,220,307,316,279,313,28,47,0,14,0,14,0,14,727,255,323,137,404,186,0,14,0,14,0,14,15,19,0,14,0,14,53,52,10,16,134,77
1400000US36081048500,"Census Tract 485, Queens County, New York",Queens,2525,597,687,313,570,309,117,80,107,78,0,19,0,19,10,15,0,19,1280,263,33,30,1247,268,0,19,0,19,0,19,11,16,0,19,11,17,371,259,77,87,88,59
1400000US36081048900,"Census Tract 489, Queens County, New York",Queens,751,223,254,96,137,87,117,59,18,17,93,58,6,8,0,14,0,14,354,172,51,53,303,159,0,14,0,14,0,14,6,10,0,14,8,12,77,54,23,29,29,19
1400000US36081049201,"Census Tract 492.01, Queens County, New York",Queens,1317,293,587,232,437,204,150,96,150,96,0,14,0,14,0,14,0,14,531,208,189,157,337,147,5,8,0,14,0,14,10,16,0,14,0,14,73,79,0,14,116,92
1400000US36081049202,"Census Tract 492.02, Queens County, New York",Queens,1091,286,776,275,746,277,30,31,23,25,0,14,7,11,0,14,0,14,216,96,141,91,75,42,0,14,0,14,0,14,0,14,0,14,5,11,5,10,41,36,48,42
1400000US36081049301,"Census Tract 493.01, Queens County, New York",Queens,952,207,385,122,341,124,44,33,33,30,0,14,0,14,11,14,0,14,470,163,75,68,376,153,19,23,0,14,0,14,0,14,0,14,0,14,15,17,1,3,81,39
1400000US36081049302,"Census Tract 493.02, Queens County, New York",Queens,1311,272,575,175,408,122,167,122,156,123,11,16,0,14,0,14,0,14,328,133,133,74,178,94,17,27,0,14,0,14,21,25,0,14,37,54,102,100,111,133,137,63
1400000US36081049500,"Census Tract 495, Queens County, New York",Queens,655,148,332,84,317,84,15,20,5,11,0,14,10,16,0,14,0,14,231,106,58,48,173,85,0,14,0,14,0,14,0,14,0,14,11,16,21,22,0,14,60,38
1400000US36081049600,"Census Tract 496, Queens County, New York",Queens,1388,249,742,171,691,168,51,34,50,34,1,2,0,14,0,14,0,14,444,158,236,142,208,75,0,14,0,14,0,14,4,8,0,14,0,14,12,13,47,52,139,83
1400000US36081049700,"Census Tract 497, Queens County, New York",Queens,1126,258,472,193,338,146,134,129,123,127,0,14,11,17,0,14,0,14,468,170,189,128,279,139,0,14,0,14,0,14,45,68,0,14,18,24,46,53,0,14,77,50
1400000US36081049900,"Census Tract 499, Queens County, New York",Queens,2523,531,664,213,554,207,110,87,92,85,18,28,0,19,0,19,0,19,1458,326,228,121,1210,303,20,31,0,19,0,19,0,19,0,19,0,19,96,84,17,27,288,131
1400000US36081050000,"Census Tract 500, Queens County, New York",Queens,2071,366,909,297,847,300,62,58,62,58,0,14,0,14,0,14,0,14,921,229,311,156,599,175,11,17,0,14,0,14,9,24,0,14,0,14,83,72,10,17,139,84
1400000US36081050201,"Census Tract 502.01, Queens County, New York",Queens,714,284,369,191,369,191,0,14,0,14,0,14,0,14,0,14,0,14,295,177,172,116,72,67,40,49,11,17,0,14,0,14,0,14,0,14,28,31,0,14,22,21
1400000US36081050202,"Census Tract 502.02, Queens County, New York",Queens,638,160,254,104,254,104,0,14,0,14,0,14,0,14,0,14,0,14,294,112,60,42,234,98,0,14,0,14,0,14,12,20,0,14,0,14,5,8,17,22,56,40
1400000US36081050400,"Census Tract 504, Queens County, New York",Queens,920,228,435,165,421,164,14,18,14,18,0,14,0,14,0,14,0,14,355,126,206,86,134,106,15,21,0,14,0,14,0,14,0,14,0,14,0,14,0,14,130,78
1400000US36081050500,"Census Tract 505, Queens County, New York",Queens,987,192,477,121,431,118,46,42,38,39,8,13,0,14,0,14,0,14,332,114,63,47,256,106,13,17,0,14,0,14,0,14,0,14,0,14,0,14,19,23,159,101
1400000US36081050600,"Census Tract 506, Queens County, New York",Queens,711,215,345,92,308,89,37,28,37,28,0,14,0,14,0,14,0,14,277,157,72,52,205,149,0,14,0,14,0,14,32,50,0,14,0,14,17,16,0,14,40,40
1400000US36081050700,"Census Tract 507, Queens County, New York",Queens,1611,385,499,165,400,149,99,61,99,61,0,14,0,14,0,14,0,14,710,216,254,127,456,190,0,14,0,14,0,14,0,14,7,11,0,14,6,10,0,14,389,216
1400000US36081050800,"Census Tract 508, Queens County, New York",Queens,925,257,399,165,345,136,54,47,54,47,0,14,0,14,0,14,0,14,318,96,52,45,247,98,19,27,0,14,0,14,65,64,0,14,0,14,48,72,25,36,70,71
1400000US36081051000,"Census Tract 510, Queens County, New York",Queens,632,235,257,129,232,136,25,26,25,26,0,14,0,14,0,14,0,14,307,160,48,51,227,149,32,46,0,14,0,14,0,14,0,14,0,14,10,14,0,14,58,54
1400000US36081051100,"Census Tract 511, Queens County, New York",Queens,1293,322,772,283,755,284,17,17,3,8,0,14,14,15,0,14,0,14,373,118,171,93,186,91,8,12,0,14,8,13,45,66,0,14,0,14,30,36,28,43,45,34
1400000US36081051200,"Census Tract 512, Queens County, New York",Queens,1258,336,560,268,512,262,48,50,30,42,18,27,0,14,0,14,0,14,572,184,278,151,294,129,0,14,0,14,0,14,49,51,0,14,0,14,0,14,0,14,77,53
1400000US36081051300,"Census Tract 513, Queens County, New York",Queens,1007,213,523,157,386,102,137,91,82,67,31,50,0,14,24,35,0,14,367,149,132,97,235,87,0,14,0,14,0,14,0,14,11,31,39,38,23,23,0,14,44,38
1400000US36081051500,"Census Tract 515, Queens County, New York",Queens,1600,283,786,214,490,160,296,193,289,197,0,14,0,14,0,14,7,19,406,172,269,147,137,90,0,14,0,14,0,14,19,33,0,14,30,35,9,15,15,22,335,145
1400000US36081051600,"Census Tract 516, Queens County, New York",Queens,1035,306,575,183,575,183,0,14,0,14,0,14,0,14,0,14,0,14,345,141,94,54,221,108,30,43,0,14,0,14,17,29,0,14,0,14,19,23,0,14,79,58
1400000US36081051700,"Census Tract 517, Queens County, New York",Queens,1221,320,607,273,510,275,97,59,56,46,0,14,0,14,41,47,0,14,415,168,127,73,284,139,4,8,0,14,0,14,0,14,8,12,8,11,91,88,0,14,92,58
1400000US36081051800,"Census Tract 518, Queens County, New York",Queens,1131,367,533,218,446,221,87,51,87,51,0,14,0,14,0,14,0,14,551,195,194,102,322,161,35,31,0,14,0,14,0,14,0,14,0,14,14,21,0,14,33,31
1400000US36081052000,"Census Tract 520, Queens County, New York",Queens,579,168,229,95,144,71,85,58,85,58,0,14,0,14,0,14,0,14,209,106,47,40,106,65,56,55,0,14,0,14,0,14,0,14,0,14,0,14,0,14,141,79
1400000US36081052100,"Census Tract 521, Queens County, New York",Queens,878,174,321,103,306,106,15,20,15,20,0,14,0,14,0,14,0,14,360,135,170,106,190,63,0,14,0,14,0,14,0,14,0,14,0,14,71,60,8,13,118,65
1400000US36081052200,"Census Tract 522, Queens County, New York",Queens,935,152,523,126,508,124,15,20,15,20,0,14,0,14,0,14,0,14,355,94,73,52,249,84,33,37,0,14,0,14,0,14,0,14,0,14,0,14,17,23,40,31
1400000US36081052400,"Census Tract 524, Queens County, New York",Queens,1040,213,466,140,413,134,53,47,45,46,8,11,0,14,0,14,0,14,376,121,216,101,160,63,0,14,0,14,0,14,18,29,0,14,0,14,0,14,29,32,151,88
1400000US36081052500,"Census Tract 525, Queens County, New York",Queens,1216,225,680,149,505,142,175,94,161,94,6,10,0,14,8,12,0,14,341,144,131,66,195,87,15,25,0,14,0,14,31,36,0,14,0,14,60,38,0,14,104,56
1400000US36081052600,"Census Tract 526, Queens County, New York",Queens,1163,231,480,163,465,161,15,23,15,23,0,14,0,14,0,14,0,14,593,149,318,96,275,120,0,14,0,14,0,14,25,29,0,14,0,14,0,14,14,22,51,44
1400000US36081052800,"Census Tract 528, Queens County, New York",Queens,557,168,320,146,316,147,4,8,0,14,4,8,0,14,0,14,0,14,219,114,91,54,91,75,37,45,0,14,0,14,0,14,0,14,0,14,0,14,0,14,18,19
1400000US36081053000,"Census Tract 530, Queens County, New York",Queens,964,217,481,128,480,128,1,2,0,14,0,14,0,14,1,2,0,14,309,118,181,95,109,41,19,31,0,14,0,14,9,10,0,14,39,39,0,14,0,14,126,58
1400000US36081053100,"Census Tract 531, Queens County, New York",Queens,1723,415,871,290,753,283,118,124,87,112,31,47,0,14,0,14,0,14,752,241,409,187,343,152,0,14,0,14,0,14,0,14,0,14,2,13,65,52,0,14,33,36
1400000US36081053200,"Census Tract 532, Queens County, New York",Queens,983,214,514,148,410,137,104,57,12,13,49,38,0,14,0,14,43,42,407,103,94,44,260,105,26,33,27,31,0,14,0,14,0,14,0,14,0,14,7,10,55,48
1400000US36081053401,"Census Tract 534.01, Queens County, New York",Queens,973,253,471,122,425,108,46,41,0,14,46,41,0,14,0,14,0,14,446,170,258,121,164,67,24,25,0,14,0,14,0,14,0,14,0,14,0,14,0,14,56,22
1400000US36081053501,"Census Tract 535.01, Queens County, New York",Queens,707,366,237,136,183,122,54,56,36,53,0,14,0,14,18,13,0,14,324,323,264,315,60,40,0,14,0,14,0,14,0,14,35,52,0,14,20,33,11,15,80,65
1400000US36081053502,"Census Tract 535.02, Queens County, New York",Queens,0,14,0,14,0,14,0,14,0,14,0,14,0,14,0,14,0,14,0,14,0,14,0,14,0,14,0,14,0,14,0,14,0,14,0,14,0,14,0,14,0,14
1400000US36081053601,"Census Tract 536.01, Queens County, New York",Queens,552,166,326,166,315,166,11,17,0,14,11,17,0,14,0,14,0,14,97,56,40,30,57,47,0,14,0,14,0,14,0,14,0,14,0,14,0,14,0,14,129,86
1400000US36081053800,"Census Tract 538, Queens County, New York",Queens,716,142,339,101,295,107,44,43,28,38,0,14,0,14,0,14,16,24,263,106,144,69,119,63,0,14,0,14,0,14,0,14,0,14,0,14,0,14,10,15,104,77
1400000US36081053901,"Census Tract 539.01, Queens County, New York",Queens,2423,457,517,189,434,186,83,74,64,58,0,14,0,14,19,29,0,14,923,208,111,79,812,199,0,14,0,14,0,14,0,14,0,14,164,113,229,156,39,64,551,256
1400000US36081053902,"Census Tract 539.02, Queens County, New York",Queens,17,13,4,6,4,6,0,14,0,14,0,14,0,14,0,14,0,14,13,11,0,14,13,11,0,14,0,14,0,14,0,14,0,14,0,14,0,14,0,14,0,14
1400000US36081054000,"Census Tract 540, Queens County, New York",Queens,2194,441,892,250,892,250,0,14,0,14,0,14,0,14,0,14,0,14,565,287,307,180,258,161,0,14,0,14,0,14,36,42,0,14,0,14,33,54,8,16,660,264
1400000US36081054200,"Census Tract 542, Queens County, New York",Queens,2365,461,1391,331,1218,281,173,97,47,43,77,63,0,19,5,12,44,64,625,255,378,202,247,132,0,19,0,19,0,19,7,16,0,19,0,19,55,48,13,22,274,166
1400000US36081054500,"Census Tract 545, Queens County, New York",Queens,1931,367,428,159,314,142,114,74,67,78,30,42,0,14,17,27,0,14,978,228,122,111,856,209,0,14,0,14,0,14,29,42,0,14,0,14,189,118,9,16,298,139
1400000US36081054700,"Census Tract 547, Queens County, New York",Queens,2512,495,636,267,520,254,116,71,41,34,48,51,0,19,27,39,0,19,1327,352,160,83,1167,351,0,19,0,19,0,19,20,34,48,43,6,10,169,87,0,19,306,115
1400000US36081054800,"Census Tract 548, Queens County, New York",Queens,1038,193,447,180,409,166,38,38,19,19,19,27,0,14,0,14,0,14,385,120,122,57,263,99,0,14,0,14,0,14,21,20,0,14,0,14,9,13,23,24,153,86
1400000US36081054900,"Census Tract 549, Queens County, New York",Queens,2889,434,537,202,453,187,84,71,21,25,49,56,0,19,14,20,0,19,1684,372,248,119,1424,319,0,19,12,18,0,19,23,37,0,19,68,52,150,104,20,35,407,146
1400000US36081055100,"Census Tract 551, Queens County, New York",Queens,2310,331,351,140,264,110,87,62,39,37,7,12,21,32,20,30,0,14,1296,322,249,174,1047,258,0,14,0,14,0,14,25,39,0,14,68,68,119,61,0,14,451,175
1400000US36081055200,"Census Tract 552, Queens County, New York",Queens,1607,529,536,178,359,142,177,84,137,77,18,24,22,29,0,14,0,14,768,546,515,564,253,122,0,14,0,14,0,14,50,60,0,14,20,31,16,24,0,14,217,197
1400000US36081055300,"Census Tract 553, Queens County, New York",Queens,1725,341,394,247,351,243,43,41,43,41,0,14,0,14,0,14,0,14,949,262,180,192,760,206,9,10,0,14,0,14,7,10,0,14,36,32,60,59,45,73,234,93
1400000US36081055400,"Census Tract 554, Queens County, New York",Queens,1110,243,627,201,549,186,78,64,65,62,8,14,0,14,5,8,0,14,398,110,177,60,215,93,6,8,0,14,0,14,0,14,0,14,4,7,17,20,26,37,38,30
1400000US36081055500,"Census Tract 555, Queens County, New York",Queens,1282,295,170,78,102,56,68,58,14,18,44,52,0,14,10,19,0,14,893,271,186,203,692,202,15,15,0,14,0,14,15,22,0,14,38,36,63,42,29,31,74,53
1400000US36081055600,"Census Tract 556, Queens County, New York",Queens,1067,263,534,222,525,224,9,12,9,12,0,14,0,14,0,14,0,14,280,77,59,34,199,73,22,23,0,14,0,14,37,26,0,14,0,14,8,12,0,14,208,78
1400000US36081055700,"Census Tract 557, Queens County, New York",Queens,1809,424,346,123,324,119,22,29,22,29,0,14,0,14,0,14,0,14,874,353,69,69,805,348,0,14,0,14,0,14,0,14,0,14,45,72,106,96,50,43,388,194
1400000US36081055800,"Census Tract 558, Queens County, New York",Queens,973,261,469,143,385,136,84,41,51,32,5,9,0,14,21,19,7,9,382,165,82,32,225,153,75,65,0,14,0,14,0,14,0,14,0,14,3,6,6,8,113,87
1400000US36081055900,"Census Tract 559, Queens County, New York",Queens,556,149,113,67,106,67,7,10,0,14,7,10,0,14,0,14,0,14,315,120,21,20,294,116,0,14,0,14,0,14,0,14,0,14,0,14,15,20,18,26,95,67
1400000US36081056000,"Census Tract 560, Queens County, New York",Queens,880,285,515,187,400,144,115,89,105,84,0,14,10,15,0,14,0,14,130,84,23,24,107,85,0,14,0,14,0,14,14,23,0,14,0,14,95,143,12,20,114,48
1400000US36081056100,"Census Tract 561, Queens County, New York",Queens,12,16,4,6,4,6,0,14,0,14,0,14,0,14,0,14,0,14,8,10,4,5,4,6,0,14,0,14,0,14,0,14,0,14,0,14,0,14,0,14,0,14
1400000US36081056200,"Census Tract 562, Queens County, New York",Queens,632,190,299,83,264,90,35,38,11,19,18,20,6,15,0,14,0,14,175,100,54,40,72,39,0,14,49,73,0,14,5,9,0,14,0,14,14,20,6,18,133,107
1400000US36081056400,"Census Tract 564, Queens County, New York",Queens,661,219,370,146,220,82,150,91,141,87,9,14,0,14,0,14,0,14,243,107,78,83,157,98,8,13,0,14,0,14,0,14,0,14,0,14,0,14,22,32,26,22
1400000US36081056500,"Census Tract 565, Queens County, New York",Queens,987,269,239,88,169,68,70,45,28,21,18,21,0,14,24,34,0,14,411,240,130,115,281,141,0,14,0,14,0,14,0,14,0,14,0,14,30,29,16,20,291,195
1400000US36081056600,"Census Tract 566, Queens County, New York",Queens,568,150,210,65,97,67,113,67,40,38,38,54,35,32,0,14,0,14,202,85,96,61,106,60,0,14,0,14,0,14,0,14,0,14,0,14,33,30,0,14,123,112
1400000US36081056700,"Census Tract 567, Queens County, New York",Queens,2578,697,947,362,768,329,179,117,30,34,93,109,30,44,26,40,0,14,954,200,226,132,717,168,11,18,0,14,0,14,0,14,0,14,5,8,282,354,22,36,368,217
1400000US36081056800,"Census Tract 568, Queens County, New York",Queens,2329,410,970,186,893,158,77,92,77,92,0,14,0,14,0,14,0,14,812,309,149,93,437,193,226,224,0,14,0,14,0,14,0,14,7,11,189,94,21,24,330,271
1400000US36081057700,"Census Tract 577, Queens County, New York",Queens,2136,483,659,297,450,240,209,171,104,82,105,158,0,14,0,14,0,14,1120,421,351,162,769,352,0,14,0,14,0,14,14,23,0,14,14,24,157,109,0,14,172,103
1400000US36081057900,"Census Tract 579, Queens County, New York",Queens,906,252,255,98,217,93,38,26,38,26,0,14,0,14,0,14,0,14,523,171,53,46,460,145,10,15,0,14,0,14,14,19,0,14,0,14,92,92,0,14,22,35
1400000US36081058000,"Census Tract 580, Queens County, New York",Queens,2102,579,1169,419,942,335,227,184,178,176,49,75,0,14,0,14,0,14,555,208,309,190,208,98,38,58,0,14,0,14,0,14,0,14,0,14,102,76,0,14,276,161
1400000US36081058100,"Census Tract 581, Queens County, New York",Queens,1553,381,299,149,261,151,38,32,29,29,9,17,0,14,0,14,0,14,773,378,105,80,653,375,15,24,0,14,0,14,0,14,0,14,88,66,21,33,21,34,351,103
1400000US36081058200,"Census Tract 582, Queens County, New York",Queens,2632,655,1302,493,1168,477,134,90,97,74,0,19,11,18,26,42,0,19,852,299,521,234,331,176,0,19,0,19,0,19,30,42,0,19,12,19,82,71,27,21,327,137
1400000US36081058300,"Census Tract 583, Queens County, New York",Queens,1750,262,378,139,319,123,59,43,23,26,24,29,0,14,12,18,0,14,676,173,161,87,515,143,0,14,0,14,0,14,6,9,18,28,77,48,119,58,35,53,441,182
1400000US36081058500,"Census Tract 585, Queens County, New York",Queens,2610,375,359,184,324,180,35,52,35,52,0,14,0,14,0,14,0,14,1515,266,248,140,1267,270,0,14,0,14,0,14,0,14,0,14,22,30,286,167,38,45,390,133
1400000US36081058700,"Census Tract 587, Queens County, New York",Queens,2045,329,394,150,354,149,40,50,15,27,23,28,0,14,2,36,0,14,1108,271,140,89,968,254,0,14,0,14,0,14,0,14,0,14,0,14,124,133,0,14,419,166
1400000US36081058900,"Census Tract 589, Queens County, New York",Queens,2249,454,383,165,316,142,67,56,45,51,22,26,0,14,0,14,0,14,1399,428,69,54,1330,425,0,14,0,14,0,14,0,14,0,14,90,75,50,54,12,20,315,184
1400000US36081059000,"Census Tract 590, Queens County, New York",Queens,592,207,365,181,238,112,127,119,127,119,0,14,0,14,0,14,0,14,204,74,149,64,55,35,0,14,0,14,0,14,0,14,0,14,0,14,0,14,0,14,23,26
1400000US36081059100,"Census Tract 591, Queens County, New York",Queens,2428,530,693,379,480,278,213,163,163,148,50,79,0,14,0,14,0,14,1259,304,284,191,975,314,0,14,0,14,0,14,0,14,0,14,0,14,41,53,0,14,435,230
1400000US36081059200,"Census Tract 592, Queens County, New York",Queens,584,204,433,173,345,141,88,64,56,60,13,20,19,24,0,14,0,14,139,69,78,63,39,29,22,25,0,14,0,14,5,7,0,14,0,14,0,14,0,14,7,10
1400000US36081059300,"Census Tract 593, Queens County, New York",Queens,1908,338,684,270,641,269,43,43,43,43,0,14,0,14,0,14,0,14,541,143,143,96,398,119,0,14,0,14,0,14,0,14,0,14,40,50,176,100,53,65,414,135
1400000US36081059400,"Census Tract 594, Queens County, New York",Queens,793,159,500,146,482,131,18,30,18,30,0,14,0,14,0,14,0,14,144,57,99,49,39,32,6,10,0,14,0,14,14,14,0,14,0,14,5,8,14,14,116,66
1400000US36081059501,"Census Tract 595.01, Queens County, New York",Queens,872,259,310,131,275,130,35,29,25,29,10,16,0,14,0,14,0,14,464,185,126,87,338,168,0,14,0,14,0,14,12,18,0,14,0,14,6,9,0,14,80,55
1400000US36081059502,"Census Tract 595.02, Queens County, New York",Queens,1152,329,308,112,250,102,58,50,52,50,0,14,0,14,6,9,0,14,547,298,243,193,304,176,0,14,0,14,0,14,19,32,0,14,64,53,93,69,0,14,121,70
1400000US36081059600,"Census Tract 596, Queens County, New York",Queens,536,135,335,103,321,98,14,16,11,14,0,14,3,6,0,14,0,14,187,97,60,50,102,72,25,38,0,14,0,14,0,14,0,14,0,14,0,14,0,14,14,16
1400000US36081059800,"Census Tract 598, Queens County, New York",Queens,766,229,552,158,400,114,152,109,76,42,27,41,49,80,0,14,0,14,124,65,92,59,32,29,0,14,0,14,0,14,0,14,0,14,25,36,11,16,0,14,54,66
1400000US36081059900,"Census Tract 599, Queens County, New York",Queens,719,133,288,77,256,68,32,30,32,30,0,14,0,14,0,14,0,14,248,119,202,109,46,40,0,14,0,14,0,14,8,13,0,14,0,14,26,21,37,35,112,74
1400000US36081060000,"Census Tract 600, Queens County, New York",Queens,588,135,310,72,250,73,60,12,7,11,53,5,0,14,0,14,0,14,107,47,63,34,44,33,0,14,0,14,0,14,0,14,0,14,4,6,0,14,0,14,167,108
1400000US36081060100,"Census Tract 601, Queens County, New York",Queens,1033,286,350,145,275,137,75,61,75,61,0,14,0,14,0,14,0,14,475,169,183,120,292,175,0,14,0,14,0,14,0,14,0,14,37,45,71,83,0,14,100,67
1400000US36081060300,"Census Tract 603, Queens County, New York",Queens,879,229,454,163,327,141,127,78,127,78,0,14,0,14,0,14,0,14,309,145,125,92,184,79,0,14,0,14,0,14,0,14,0,14,21,15,0,14,25,30,70,55
1400000US36081060600,"Census Tract 606, Queens County, New York",Queens,655,136,397,123,369,117,28,34,28,34,0,14,0,14,0,14,0,14,196,101,154,105,42,30,0,14,0,14,0,14,0,14,0,14,0,14,27,41,0,14,35,27
1400000US36081060701,"Census Tract 607.01, Queens County, New York",Queens,0,14,0,14,0,14,0,14,0,14,0,14,0,14,0,14,0,14,0,14,0,14,0,14,0,14,0,14,0,14,0,14,0,14,0,14,0,14,0,14,0,14
1400000US36081060800,"Census Tract 608, Queens County, New York",Queens,696,161,392,104,373,106,19,19,19,19,0,14,0,14,0,14,0,14,234,112,107,102,123,70,4,20,0,14,0,14,0,14,0,14,0,14,6,2,18,27,46,41
1400000US36081061000,"Census Tract 610, Queens County, New York",Queens,513,155,375,130,345,121,30,30,30,30,0,14,0,14,0,14,0,14,106,53,18,29,26,26,62,39,0,14,0,14,0,14,0,14,0,14,0,14,8,11,24,24
1400000US36081061200,"Census Tract 612, Queens County, New York",Queens,872,309,624,313,529,301,95,86,37,44,0,14,58,81,0,14,0,14,196,91,113,89,45,31,38,42,0,14,0,14,0,14,0,14,0,14,0,14,0,14,52,35
1400000US36081061301,"Census Tract 613.01, Queens County, New York",Queens,2873,494,656,305,656,305,0,19,0,19,0,19,0,19,0,19,0,19,1617,423,291,174,1326,382,0,19,0,19,0,19,20,32,0,19,79,70,130,87,0,19,371,131
1400000US36081061302,"Census Tract 613.02, Queens County, New York",Queens,0,14,0,14,0,14,0,14,0,14,0,14,0,14,0,14,0,14,0,14,0,14,0,14,0,14,0,14,0,14,0,14,0,14,0,14,0,14,0,14,0,14
1400000US36081061400,"Census Tract 614, Queens County, New York",Queens,515,109,326,108,278,97,48,55,42,54,6,11,0,14,0,14,0,14,167,78,36,33,131,54,0,14,0,14,0,14,0,14,0,14,0,14,0,14,0,14,22,18
1400000US36081061601,"Census Tract 616.01, Queens County, New York",Queens,888,190,587,205,479,191,108,79,108,79,0,14,0,14,0,14,0,14,245,80,63,32,151,65,31,25,0,14,0,14,0,14,0,14,0,14,0,14,0,14,56,36
1400000US36081061602,"Census Tract 616.02, Queens County, New York",Queens,548,130,210,105,205,105,5,2,0,14,0,14,0,14,5,2,0,14,221,81,62,60,97,69,56,61,6,9,0,14,0,14,0,14,0,14,0,14,31,32,86,56
1400000US36081061800,"Census Tract 618, Queens County, New York",Queens,1061,204,481,156,396,142,85,56,55,56,23,25,7,10,0,14,0,14,295,112,139,72,119,83,24,37,13,21,0,14,35,40,0,14,31,46,0,14,44,39,175,94
1400000US36081061900,"Census Tract 619, Queens County, New York",Queens,1716,641,915,434,883,437,32,51,32,51,0,14,0,14,0,14,0,14,520,241,117,80,370,228,24,26,9,16,0,14,13,20,0,14,0,14,31,47,74,77,163,64
1400000US36081062000,"Census Tract 620, Queens County, New York",Queens,825,209,554,189,506,187,48,34,16,16,12,18,0,14,20,25,0,14,176,123,49,63,127,102,0,14,0,14,0,14,0,14,0,14,0,14,0,14,0,14,95,45
1400000US36081062100,"Census Tract 621, Queens County, New York",Queens,1127,269,647,231,606,220,41,64,41,64,0,14,0,14,0,14,0,14,336,134,32,41,304,132,0,14,0,14,0,14,0,14,0,14,0,14,0,14,20,31,124,65
1400000US36081062200,"Census Tract 622, Queens County, New York",Queens,1054,289,714,250,619,236,95,61,55,41,15,16,0,14,25,40,0,14,239,102,89,64,150,83,0,14,0,14,0,14,0,14,0,14,0,14,0,14,0,14,101,77
1400000US36081062300,"Census Tract 623, Queens County, New York",Queens,891,142,437,97,396,97,41,36,41,36,0,14,0,14,0,14,0,14,295,98,113,54,182,79,0,14,0,14,0,14,0,14,0,14,0,14,44,35,56,48,59,34
1400000US36081062400,"Census Tract 624, Queens County, New York",Queens,0,14,0,14,0,14,0,14,0,14,0,14,0,14,0,14,0,14,0,14,0,14,0,14,0,14,0,14,0,14,0,14,0,14,0,14,0,14,0,14,0,14
1400000US36081062500,"Census Tract 625, Queens County, New York",Queens,1139,257,472,149,437,146,35,23,35,23,0,14,0,14,0,14,0,14,449,184,110,56,339,177,0,14,0,14,0,14,5,8,0,14,0,14,52,65,8,12,153,109
1400000US36081062600,"Census Tract 626, Queens County, New York",Queens,1613,312,829,179,720,177,109,75,47,36,62,66,0,14,0,14,0,14,477,177,213,123,219,94,45,54,0,14,0,14,31,49,0,14,0,14,28,21,20,29,228,128
1400000US36081062700,"Census Tract 627, Queens County, New York",Queens,1344,414,435,222,316,188,119,159,56,90,21,33,42,67,0,14,0,14,444,239,73,78,371,201,0,14,0,14,0,14,7,14,0,14,0,14,183,116,35,46,240,172
1400000US36081062900,"Census Tract 629, Queens County, New York",Queens,1502,278,747,208,621,176,126,110,115,109,11,19,0,14,0,14,0,14,608,204,87,71,521,214,0,14,0,14,0,14,0,14,0,14,10,18,65,70,18,22,54,48
1400000US36081063000,"Census Tract 630, Queens County, New York",Queens,728,184,359,131,353,129,6,9,6,9,0,14,0,14,0,14,0,14,254,150,42,42,166,114,6,9,40,63,0,14,0,14,0,14,0,14,0,14,23,19,92,63
1400000US36081063200,"Census Tract 632, Queens County, New York",Queens,1140,191,709,151,607,139,102,65,94,64,0,14,0,14,0,14,8,11,299,101,150,80,134,50,15,21,0,14,0,14,10,15,0,14,0,14,42,47,5,8,75,41
1400000US36081063301,"Census Tract 633.01, Queens County, New York",Queens,809,189,361,158,320,149,41,38,26,32,0,14,15,20,0,14,0,14,285,97,67,44,218,71,0,14,0,14,0,14,0,14,0,14,18,26,7,12,35,33,103,70
1400000US36081063302,"Census Tract 633.02, Queens County, New York",Queens,802,282,491,193,471,190,20,24,20,24,0,14,0,14,0,14,0,14,224,112,60,42,156,104,8,12,0,14,0,14,0,14,0,14,0,14,33,32,0,14,54,38
1400000US36081063500,"Census Tract 635, Queens County, New York",Queens,1153,305,571,205,546,208,25,23,20,23,0,14,0,14,5,8,0,14,276,161,108,65,168,139,0,14,0,14,0,14,0,14,0,14,0,14,180,130,19,29,107,63
1400000US36081063700,"Census Tract 637, Queens County, New York",Queens,1183,261,758,190,674,177,84,51,53,42,0,14,0,14,31,29,0,14,200,108,75,62,125,85,0,14,0,14,0,14,0,14,0,14,15,23,72,58,12,19,126,77
1400000US36081063800,"Census Tract 638, Queens County, New York",Queens,1872,352,1079,360,1051,359,28,33,28,33,0,14,0,14,0,14,0,14,415,175,129,92,107,95,116,117,63,71,0,14,66,110,0,14,0,14,49,65,41,49,222,119
1400000US36081063900,"Census Tract 639, Queens County, New York",Queens,1576,348,597,239,504,241,93,66,93,66,0,14,0,14,0,14,0,14,511,253,143,118,335,170,0,14,33,52,0,14,36,46,0,14,0,14,33,40,12,21,387,156
1400000US36081064101,"Census Tract 641.01, Queens County, New York",Queens,1030,176,352,117,336,108,16,24,16,24,0,14,0,14,0,14,0,14,572,122,170,95,402,107,0,14,0,14,0,14,0,14,0,14,52,59,0,14,19,28,35,38
1400000US36081064102,"Census Tract 641.02, Queens County, New York",Queens,0,14,0,14,0,14,0,14,0,14,0,14,0,14,0,14,0,14,0,14,0,14,0,14,0,14,0,14,0,14,0,14,0,14,0,14,0,14,0,14,0,14
1400000US36081064500,"Census Tract 645, Queens County, New York",Queens,885,150,254,131,243,129,11,13,6,9,0,14,5,9,0,14,0,14,403,120,96,56,245,87,62,71,0,14,0,14,0,14,0,14,29,33,42,41,0,14,157,72
1400000US36081064600,"Census Tract 646, Queens County, New York",Queens,1679,274,897,192,870,194,27,25,27,25,0,14,0,14,0,14,0,14,421,120,193,99,170,77,39,29,19,24,0,14,11,17,0,14,0,14,44,51,0,14,306,100
1400000US36081065000,"Census Tract 650, Queens County, New York",Queens,1291,213,680,182,662,180,18,18,0,14,18,18,0,14,0,14,0,14,384,150,50,23,201,123,69,55,64,55,0,14,35,40,0,14,0,14,8,11,0,14,184,96
1400000US36081065401,"Census Tract 654.01, Queens County, New York",Queens,1573,234,878,213,769,211,109,60,88,57,10,16,11,17,0,14,0,14,608,177,308,148,241,67,36,46,23,41,0,14,0,14,0,14,0,14,0,14,0,14,87,66
1400000US36081065402,"Census Tract 654.02, Queens County, New York",Queens,0,14,0,14,0,14,0,14,0,14,0,14,0,14,0,14,0,14,0,14,0,14,0,14,0,14,0,14,0,14,0,14,0,14,0,14,0,14,0,14,0,14
1400000US36081065501,"Census Tract 655.01, Queens County, New York",Queens,0,14,0,14,0,14,0,14,0,14,0,14,0,14,0,14,0,14,0,14,0,14,0,14,0,14,0,14,0,14,0,14,0,14,0,14,0,14,0,14,0,14
1400000US36081065600,"Census Tract 656, Queens County, New York",Queens,2820,521,1624,368,1514,351,110,82,70,71,0,19,14,22,26,41,0,19,913,415,297,159,293,219,286,224,37,59,0,19,0,19,0,19,0,19,38,48,0,19,245,138
1400000US36081065702,"Census Tract 657.02, Queens County, New York",Queens,558,112,225,60,214,56,11,15,3,5,0,14,0,14,7,13,1,7,299,105,66,40,233,108,0,14,0,14,0,14,0,14,0,14,0,14,15,16,0,14,19,31
1400000US36081065703,"Census Tract 657.03, Queens County, New York",Queens,1428,428,1099,413,917,391,182,92,124,78,15,24,43,51,0,14,0,14,145,67,63,53,82,52,0,14,0,14,0,14,0,14,0,14,26,41,0,14,0,14,158,93
1400000US36081065900,"Census Tract 659, Queens County, New York",Queens,897,194,467,117,358,132,109,62,109,62,0,14,0,14,0,14,0,14,286,179,156,144,130,75,0,14,0,14,0,14,22,25,0,14,0,14,38,31,5,8,79,57
1400000US36081066000,"Census Tract 660, Queens County, New York",Queens,1896,433,1218,356,937,324,281,175,270,175,11,18,0,14,0,14,0,14,388,149,47,39,206,149,60,84,75,71,0,14,19,28,0,14,0,14,44,39,40,54,187,120
1400000US36081066100,"Census Tract 661, Queens County, New York",Queens,677,152,229,98,168,80,61,42,61,42,0,14,0,14,0,14,0,14,275,111,30,32,245,109,0,14,0,14,0,14,9,11,0,14,0,14,30,23,18,16,116,51
1400000US36081066301,"Census Tract 663.01, Queens County, New York",Queens,1169,180,457,121,355,116,102,46,97,46,0,14,0,14,0,14,5,8,362,103,93,39,269,100,0,14,0,14,0,14,0,14,12,13,3,5,113,52,18,20,204,86
1400000US36081066302,"Census Tract 663.02, Queens County, New York",Queens,0,14,0,14,0,14,0,14,0,14,0,14,0,14,0,14,0,14,0,14,0,14,0,14,0,14,0,14,0,14,0,14,0,14,0,14,0,14,0,14,0,14
1400000US36081066401,"Census Tract 664.01, Queens County, New York",Queens,929,450,419,237,273,129,146,141,118,130,0,14,28,47,0,14,0,14,257,201,143,167,114,127,0,14,0,14,0,14,0,14,0,14,0,14,16,44,0,14,237,293
1400000US36081066402,"Census Tract 664.02, Queens County, New York",Queens,1675,322,706,260,656,246,50,51,39,49,0,14,0,14,0,14,11,17,818,236,439,212,379,178,0,14,0,14,0,14,0,14,0,14,0,14,41,64,0,14,110,99
1400000US36081066403,"Census Tract 664.03, Queens County, New York",Queens,2376,541,1411,348,1291,323,120,108,120,108,0,19,0,19,0,19,0,19,464,193,82,79,284,143,55,77,43,69,0,19,0,19,0,19,0,19,26,27,0,19,475,274
1400000US36081066404,"Census Tract 664.04, Queens County, New York",Queens,0,14,0,14,0,14,0,14,0,14,0,14,0,14,0,14,0,14,0,14,0,14,0,14,0,14,0,14,0,14,0,14,0,14,0,14,0,14,0,14,0,14
1400000US36081066501,"Census Tract 665.01, Queens County, New York",Queens,1926,369,1252,285,1066,247,186,120,137,104,34,47,15,21,0,14,0,14,299,144,81,68,218,108,0,14,0,14,0,14,0,14,0,14,0,14,36,38,48,56,291,126
1400000US36081066701,"Census Tract 667.01, Queens County, New York",Queens,1108,245,621,213,524,212,97,52,0,14,97,52,0,14,0,14,0,14,403,122,239,120,164,78,0,14,0,14,0,14,0,14,0,14,0,14,36,45,0,14,48,44
1400000US36081066900,"Census Tract 669, Queens County, New York",Queens,804,175,411,150,312,122,99,61,48,35,38,41,0,14,13,21,0,14,223,101,94,61,129,80,0,14,0,14,0,14,0,14,0,14,0,14,41,27,0,14,129,76
1400000US36081067100,"Census Tract 671, Queens County, New York",Queens,1168,238,685,183,564,159,121,67,121,67,0,14,0,14,0,14,0,14,242,81,120,56,122,54,0,14,0,14,0,14,0,14,0,14,21,23,14,15,38,56,168,95
1400000US36081067700,"Census Tract 677, Queens County, New York",Queens,898,130,344,82,296,76,48,32,43,30,0,14,0,14,0,14,5,9,328,121,120,89,208,93,0,14,0,14,0,14,0,14,10,14,56,53,106,49,23,28,31,24
1400000US36081067900,"Census Tract 679, Queens County, New York",Queens,1855,310,662,168,571,146,91,65,44,43,20,27,27,43,0,14,0,14,1050,260,221,104,829,225,0,14,0,14,0,14,13,21,0,14,0,14,65,82,0,14,65,43
1400000US36081068000,"Census Tract 680, Queens County, New York",Queens,3229,529,1827,439,1769,435,58,64,58,64,0,19,0,19,0,19,0,19,950,219,295,155,496,144,127,92,32,49,0,19,25,41,0,19,0,19,45,47,45,73,337,213
1400000US36081068200,"Census Tract 682, Queens County, New York",Queens,506,99,270,88,246,90,24,22,24,22,0,14,0,14,0,14,0,14,181,92,6,10,162,92,0,14,13,21,0,14,11,18,0,14,0,14,31,30,0,14,13,13
1400000US36081068300,"Census Tract 683, Queens County, New York",Queens,2050,245,464,162,382,143,82,58,16,24,22,33,31,45,0,14,13,20,1198,196,192,105,1006,182,0,14,0,14,0,14,77,105,0,14,0,14,100,51,0,14,211,128
1400000US36081068700,"Census Tract 687, Queens County, New York",Queens,1856,241,389,146,292,138,97,78,97,78,0,14,0,14,0,14,0,14,1095,239,220,153,875,200,0,14,0,14,0,14,12,19,0,14,1,3,24,27,30,44,305,132
1400000US36081069000,"Census Tract 690, Queens County, New York",Queens,1738,351,926,239,893,241,33,40,33,40,0,14,0,14,0,14,0,14,384,175,175,103,192,120,17,24,0,14,0,14,59,69,0,14,28,45,20,33,0,14,321,133
1400000US36081069300,"Census Tract 693, Queens County, New York",Queens,1553,456,544,377,481,373,63,40,63,40,0,14,0,14,0,14,0,14,588,148,101,65,487,129,0,14,0,14,0,14,47,33,0,14,10,11,39,45,81,120,244,155
1400000US36081069400,"Census Tract 694, Queens County, New York",Queens,1774,338,1058,261,951,227,107,92,107,92,0,14,0,14,0,14,0,14,437,160,141,99,264,133,0,14,32,50,0,14,17,27,0,14,0,14,27,43,111,134,124,92
1400000US36081069500,"Census Tract 695, Queens County, New York",Queens,1163,208,307,100,299,94,8,12,8,12,0,14,0,14,0,14,0,14,521,130,116,89,405,123,0,14,0,14,0,14,19,24,24,38,12,11,93,60,9,14,178,89
1400000US36081069701,"Census Tract 697.01, Queens County, New York",Queens,1998,224,508,152,390,113,118,98,118,98,0,14,0,14,0,14,0,14,914,190,95,73,819,183,0,14,0,14,0,14,0,14,0,14,26,28,81,58,0,14,469,170
1400000US36081069702,"Census Tract 697.02, Queens County, New York",Queens,1704,364,655,203,614,221,41,31,41,31,0,14,0,14,0,14,0,14,469,144,29,29,427,147,13,25,0,14,0,14,15,25,0,14,0,14,214,99,54,81,297,212
1400000US36081070300,"Census Tract 703, Queens County, New York",Queens,1059,169,386,123,373,122,13,17,13,17,0,14,0,14,0,14,0,14,358,123,90,62,268,115,0,14,0,14,0,14,0,14,0,14,4,9,16,16,1,4,294,186
1400000US36081070700,"Census Tract 707, Queens County, New York",Queens,1176,236,437,177,395,176,42,29,36,28,6,9,0,14,0,14,0,14,393,93,29,24,337,97,27,22,0,14,0,14,7,11,0,14,0,14,8,11,25,21,306,126
1400000US36081070900,"Census Tract 709, Queens County, New York",Queens,1433,240,323,130,248,92,75,100,43,52,32,48,0,14,0,14,0,14,710,212,0,14,680,214,30,33,0,14,0,14,0,14,0,14,12,18,69,46,0,14,319,122
1400000US36081071100,"Census Tract 711, Queens County, New York",Queens,3092,423,608,199,559,181,49,66,49,66,0,19,0,19,0,19,0,19,1329,242,130,92,1189,231,10,21,0,19,0,19,38,62,0,19,38,61,181,105,66,59,832,353
1400000US36081071303,"Census Tract 713.03, Queens County, New York",Queens,3121,673,742,287,631,294,111,174,111,174,0,19,0,19,0,19,0,19,1354,346,41,40,1313,342,0,19,0,19,0,19,0,19,0,19,0,19,189,174,0,19,836,349
1400000US36081071304,"Census Tract 713.04, Queens County, New York",Queens,3290,603,456,184,414,174,42,52,42,52,0,19,0,19,0,19,0,19,1625,377,12,26,1542,401,71,111,0,19,0,19,0,19,0,19,0,19,160,137,35,40,1014,381
1400000US36081071305,"Census Tract 713.05, Queens County, New York",Queens,2990,538,575,259,502,247,73,68,51,59,22,35,0,19,0,19,0,19,1362,364,168,164,1173,305,0,19,21,32,0,19,0,19,0,19,0,19,168,198,178,176,707,319
1400000US36081071306,"Census Tract 713.06, Queens County, New York",Queens,3407,663,475,231,417,212,58,68,58,68,0,19,0,19,0,19,0,19,2005,461,179,117,1826,472,0,19,0,19,0,19,49,61,0,19,41,67,472,305,0,19,365,188
1400000US36081071600,"Census Tract 716, Queens County, New York",Queens,0,14,0,14,0,14,0,14,0,14,0,14,0,14,0,14,0,14,0,14,0,14,0,14,0,14,0,14,0,14,0,14,0,14,0,14,0,14,0,14,0,14
1400000US36081071701,"Census Tract 717.01, Queens County, New York",Queens,2169,491,411,195,359,170,52,54,35,45,17,28,0,14,0,14,0,14,1037,264,181,132,856,269,0,14,0,14,0,14,160,151,0,14,0,14,39,45,0,14,522,394
1400000US36081071702,"Census Tract 717.02, Queens County, New York",Queens,2215,368,380,190,316,150,64,69,53,66,11,19,0,14,0,14,0,14,1224,258,63,50,1161,260,0,14,0,14,0,14,0,14,0,14,25,40,203,115,0,14,383,156
1400000US36081071900,"Census Tract 719, Queens County, New York",Queens,1637,253,545,153,508,155,37,40,37,40,0,14,0,14,0,14,0,14,739,184,370,165,369,136,0,14,0,14,0,14,0,14,0,14,0,14,140,52,33,38,180,97
1400000US36081072100,"Census Tract 721, Queens County, New York",Queens,2664,570,712,244,591,244,121,103,121,103,0,19,0,19,0,19,0,19,1077,385,244,154,833,317,0,19,0,19,0,19,0,19,0,19,0,19,289,178,18,32,568,525
1400000US36081072300,"Census Tract 723, Queens County, New York",Queens,1092,272,233,93,213,87,20,24,20,24,0,14,0,14,0,14,0,14,353,76,0,14,326,81,27,23,0,14,0,14,5,8,0,14,0,14,23,19,6,9,472,246
1400000US36081072900,"Census Tract 729, Queens County, New York",Queens,671,200,220,112,202,106,18,20,18,20,0,14,0,14,0,14,0,14,317,165,34,39,283,153,0,14,0,14,0,14,4,9,0,14,0,14,5,7,4,9,121,80
1400000US36081073100,"Census Tract 731, Queens County, New York",Queens,896,156,295,82,282,81,13,14,0,14,13,14,0,14,0,14,0,14,386,97,7,9,347,92,22,21,10,14,0,14,7,11,0,14,0,14,42,32,0,14,166,72
1400000US36081073700,"Census Tract 737, Queens County, New York",Queens,1301,223,260,136,243,134,17,23,17,23,0,14,0,14,0,14,0,14,593,156,5,8,545,150,43,46,0,14,0,14,0,14,0,14,31,50,29,48,36,40,352,126
1400000US36081073900,"Census Tract 739, Queens County, New York",Queens,2957,479,742,305,700,291,42,68,42,68,0,19,0,19,0,19,0,19,1253,341,44,46,1209,350,0,19,0,19,0,19,0,19,0,19,0,19,54,53,16,26,892,278
1400000US36081074100,"Census Tract 741, Queens County, New York",Queens,1918,463,383,196,325,186,58,72,58,72,0,14,0,14,0,14,0,14,1002,279,109,65,818,278,75,62,0,14,0,14,0,14,0,14,30,36,62,44,0,14,441,166
1400000US36081074300,"Census Tract 743, Queens County, New York",Queens,1904,722,674,440,665,439,9,14,0,14,0,14,0,14,9,14,0,14,601,187,52,55,549,163,0,14,0,14,0,14,0,14,0,14,0,14,321,258,0,14,308,112
1400000US36081074500,"Census Tract 745, Queens County, New York",Queens,1699,484,612,286,517,291,95,50,71,49,24,28,0,14,0,14,0,14,745,352,250,213,495,192,0,14,0,14,0,14,0,14,0,14,0,14,91,66,11,17,240,116
1400000US36081074700,"Census Tract 747, Queens County, New York",Queens,1933,391,611,208,544,184,67,93,61,92,0,14,6,15,0,14,0,14,985,264,137,90,848,242,0,14,0,14,0,14,15,21,0,14,0,14,112,83,49,35,161,92
1400000US36081074900,"Census Tract 749, Queens County, New York",Queens,796,156,185,93,165,93,20,18,5,8,15,17,0,14,0,14,0,14,279,92,19,25,243,89,10,12,7,10,0,14,0,14,0,14,5,8,17,18,0,14,310,104
1400000US36081075701,"Census Tract 757.01, Queens County, New York",Queens,2728,407,900,393,641,319,259,182,241,180,0,19,18,28,0,19,0,19,1079,291,62,62,1017,271,0,19,0,19,0,19,0,19,0,19,17,30,56,57,39,61,637,209
1400000US36081075702,"Census Tract 757.02, Queens County, New York",Queens,2865,779,589,297,550,287,39,65,39,65,0,19,0,19,0,19,0,19,1185,341,54,53,1131,332,0,19,0,19,0,19,0,19,0,19,0,19,196,140,276,143,619,486
1400000US36081076901,"Census Tract 769.01, Queens County, New York",Queens,2535,359,829,225,829,225,0,19,0,19,0,19,0,19,0,19,0,19,1052,184,0,19,981,176,71,90,0,19,0,19,0,19,0,19,0,19,81,67,32,36,541,235
1400000US36081076902,"Census Tract 769.02, Queens County, New York",Queens,828,149,131,75,131,75,0,14,0,14,0,14,0,14,0,14,0,14,434,129,11,14,389,132,34,29,0,14,0,14,0,14,0,14,0,14,23,16,52,44,188,74
1400000US36081077300,"Census Tract 773, Queens County, New York",Queens,1278,225,191,93,143,75,48,58,16,24,0,14,32,52,0,14,0,14,665,156,26,20,601,155,38,35,0,14,0,14,47,57,0,14,37,56,61,50,12,18,265,136
1400000US36081077500,"Census Tract 775, Queens County, New York",Queens,1152,243,422,158,362,147,60,35,50,32,10,16,0,14,0,14,0,14,544,163,95,89,300,109,149,102,0,14,0,14,26,24,0,14,0,14,24,28,13,21,123,74
1400000US36081077902,"Census Tract 779.02, Queens County, New York",Queens,2279,507,1175,244,919,202,256,153,226,153,11,17,0,19,0,19,19,27,650,403,404,381,226,143,20,24,0,19,0,19,13,20,0,19,0,19,135,124,47,51,259,130
1400000US36081077903,"Census Tract 779.03, Queens County, New York",Queens,1760,418,746,210,717,211,29,36,29,36,0,14,0,14,0,14,0,14,615,273,330,251,260,109,25,27,0,14,0,14,0,14,0,14,0,14,109,107,0,14,290,166
1400000US36081077904,"Census Tract 779.04, Queens County, New York",Queens,2269,499,1012,336,932,332,80,61,28,34,19,26,33,38,0,19,0,19,961,266,766,234,176,104,19,31,0,19,0,19,9,16,0,19,0,19,17,22,68,65,202,142
1400000US36081077905,"Census Tract 779.05, Queens County, New York",Queens,1647,466,723,293,657,292,66,49,66,49,0,14,0,14,0,14,0,14,452,183,101,86,340,118,11,17,0,14,0,14,1,2,0,14,0,14,45,37,127,194,299,147
1400000US36081077906,"Census Tract 779.06, Queens County, New York",Queens,1904,358,926,190,775,177,151,91,90,69,0,14,4,11,0,14,57,53,528,212,227,91,301,189,0,14,0,14,0,14,20,29,0,14,44,61,132,117,0,14,254,145
1400000US36081077907,"Census Tract 779.07, Queens County, New York",Queens,1108,179,510,144,389,132,121,80,42,33,0,14,41,61,0,14,38,57,252,140,119,79,133,116,0,14,0,14,0,14,0,14,0,14,0,14,228,28,14,24,104,68
1400000US36081077908,"Census Tract 779.08, Queens County, New York",Queens,1340,201,489,162,469,155,20,21,14,17,5,7,1,3,0,14,0,14,578,198,221,140,345,122,12,20,0,14,0,14,52,73,0,14,0,14,54,45,0,14,167,102
1400000US36081078800,"Census Tract 788, Queens County, New York",Queens,960,272,555,228,504,218,51,46,43,42,0,14,0,14,8,12,0,14,344,141,211,96,117,65,16,25,0,14,0,14,32,36,0,14,0,14,0,14,0,14,29,35
1400000US36081079000,"Census Tract 790, Queens County, New York",Queens,1548,272,753,250,630,234,123,92,115,91,0,14,8,13,0,14,0,14,580,144,271,93,305,103,4,6,0,14,0,14,8,12,0,14,0,14,109,128,0,14,98,96
1400000US36081079200,"Census Tract 792, Queens County, New York",Queens,1155,241,680,188,605,170,75,67,73,67,0,14,2,5,0,14,0,14,402,132,125,62,277,123,0,14,0,14,0,14,13,20,0,14,0,14,0,14,0,14,60,58
1400000US36081079300,"Census Tract 793, Queens County, New York",Queens,0,14,0,14,0,14,0,14,0,14,0,14,0,14,0,14,0,14,0,14,0,14,0,14,0,14,0,14,0,14,0,14,0,14,0,14,0,14,0,14,0,14
1400000US36081079701,"Census Tract 797.01, Queens County, New York",Queens,2587,606,994,388,713,390,281,162,158,115,35,57,0,19,73,100,15,24,813,221,336,174,477,159,0,19,0,19,0,19,0,19,0,19,0,19,224,136,194,286,362,181
1400000US36081079702,"Census Tract 797.02, Queens County, New York",Queens,1592,409,789,402,538,351,251,155,43,36,50,80,80,108,60,68,18,27,371,159,117,98,254,128,0,14,0,14,0,14,0,14,0,14,22,35,174,123,146,111,90,55
1400000US36081079900,"Census Tract 799, Queens County, New York",Queens,1202,449,527,253,332,174,195,180,79,94,18,27,0,14,98,149,0,14,211,118,88,64,123,103,0,14,0,14,0,14,0,14,0,14,0,14,175,116,0,14,289,257
1400000US36081080301,"Census Tract 803.01, Queens County, New York",Queens,1738,376,917,231,728,214,189,104,59,46,35,31,0,14,95,84,0,14,597,299,365,194,232,141,0,14,0,14,0,14,0,14,13,22,23,36,127,132,0,14,61,57
1400000US36081080302,"Census Tract 803.02, Queens County, New York",Queens,1518,336,835,238,645,218,190,78,19,26,35,42,81,43,55,52,0,14,303,138,126,104,177,93,0,14,0,14,0,14,0,14,0,14,0,14,43,70,0,14,337,152
1400000US36081080900,"Census Tract 809, Queens County, New York",Queens,3324,582,1821,428,1572,382,249,155,152,119,69,91,0,19,28,33,0,19,688,281,364,155,324,192,0,19,0,19,0,19,0,19,0,19,0,19,335,175,24,32,456,294
1400000US36081081400,"Census Tract 814, Queens County, New York",Queens,1936,415,1441,353,1263,311,178,112,104,68,25,39,49,66,0,14,0,14,384,174,216,151,168,95,0,14,0,14,0,14,0,14,0,14,0,14,12,19,0,14,99,99
1400000US36081081800,"Census Tract 818, Queens County, New York",Queens,1902,485,1136,464,708,208,428,349,377,350,51,61,0,14,0,14,0,14,622,243,430,159,192,145,0,14,0,14,0,14,0,14,0,14,0,14,15,19,50,78,79,41
1400000US36081083700,"Census Tract 837, Queens County, New York",Queens,2490,514,1136,330,878,260,258,118,125,82,105,88,0,19,28,43,0,19,842,333,602,269,218,133,22,29,0,19,0,19,0,19,0,19,0,19,200,180,26,25,286,154
1400000US36081083800,"Census Tract 838, Queens County, New York",Queens,2430,512,1506,482,1333,461,173,109,134,87,39,61,0,19,0,19,0,19,688,254,289,107,399,246,0,19,0,19,0,19,12,19,0,19,0,19,28,44,41,62,155,104
1400000US36081084000,"Census Tract 840, Queens County, New York",Queens,2810,548,1127,395,943,347,184,134,175,133,9,19,0,19,0,19,0,19,918,340,162,138,664,241,0,19,92,118,0,19,116,121,0,19,0,19,217,194,0,19,432,190
1400000US36081084500,"Census Tract 845, Queens County, New York",Queens,1656,413,733,189,515,159,218,172,65,74,70,85,44,69,17,29,22,36,603,252,261,162,321,175,0,14,21,33,0,14,0,14,36,58,84,117,125,99,0,14,75,85
1400000US36081084601,"Census Tract 846.01, Queens County, New York",Queens,1179,247,631,179,486,129,145,126,127,124,0,14,18,26,0,14,0,14,311,92,64,45,247,84,0,14,0,14,0,14,16,25,10,15,0,14,12,17,0,14,199,108
1400000US36081084602,"Census Tract 846.02, Queens County, New York",Queens,388,137,285,110,255,106,30,23,11,11,19,20,0,14,0,14,0,14,96,65,24,48,72,62,0,14,0,14,0,14,0,14,0,14,0,14,0,14,0,14,7,11
1400000US36081084901,"Census Tract 849.01, Queens County, New York",Queens,1296,273,511,249,272,166,239,184,174,166,0,14,16,25,49,53,0,14,482,184,196,128,286,141,0,14,0,14,0,14,0,14,0,14,60,59,78,93,39,48,126,87
1400000US36081084902,"Census Tract 849.02, Queens County, New York",Queens,1628,578,384,174,174,98,210,115,157,99,0,14,0,14,41,65,12,20,560,228,121,77,427,226,12,19,0,14,0,14,0,14,0,14,0,14,519,471,24,37,141,98
1400000US36081085300,"Census Tract 853, Queens County, New York",Queens,1964,329,496,178,360,171,136,114,73,76,0,14,14,24,49,78,0,14,631,270,297,177,313,193,21,35,0,14,0,14,46,74,0,14,62,70,380,219,138,203,211,125
1400000US36081085500,"Census Tract 855, Queens County, New York",Queens,2220,551,728,368,269,167,459,314,134,122,0,19,0,19,304,249,21,33,761,284,131,94,630,276,0,19,0,19,0,19,0,19,0,19,15,26,429,206,64,77,223,257
1400000US36081085700,"Census Tract 857, Queens County, New York",Queens,2813,574,625,294,426,209,199,163,88,100,20,35,9,21,82,135,0,19,1401,512,278,134,1091,491,32,49,0,19,0,19,0,19,0,19,16,46,542,162,0,19,229,127
1400000US36081085900,"Census Tract 859, Queens County, New York",Queens,2665,612,625,280,463,290,162,69,0,19,71,83,0,19,91,39,0,19,1076,502,184,175,892,459,0,19,0,19,0,19,0,19,0,19,78,106,512,205,86,119,288,223
1400000US36081086100,"Census Tract 861, Queens County, New York",Queens,784,135,335,91,214,68,121,68,36,34,4,7,0,14,44,48,37,33,254,109,73,49,181,80,0,14,0,14,0,14,0,14,0,14,0,14,132,76,0,14,63,37
1400000US36081086300,"Census Tract 863, Queens County, New York",Queens,3661,979,985,314,818,311,167,158,24,40,0,19,0,19,65,113,78,122,1418,652,629,390,789,404,0,19,0,19,0,19,42,69,0,19,0,19,976,455,17,23,223,151
1400000US36081086400,"Census Tract 864, Queens County, New York",Queens,1451,237,664,153,656,151,8,12,0,14,8,12,0,14,0,14,0,14,555,138,57,52,468,112,30,30,0,14,0,14,0,14,0,14,0,14,70,54,63,80,99,54
1400000US36081086500,"Census Tract 865, Queens County, New York",Queens,2480,455,609,276,259,141,350,248,75,103,31,50,0,14,216,146,28,45,1236,462,666,443,570,265,0,14,0,14,0,14,0,14,0,14,60,68,496,243,13,28,66,55
1400000US36081086900,"Census Tract 869, Queens County, New York",Queens,1259,287,348,98,210,68,138,90,122,80,0,14,0,14,16,18,0,14,466,176,288,176,178,72,0,14,0,14,0,14,34,46,0,14,0,14,277,220,27,41,107,61
1400000US36081087100,"Census Tract 871, Queens County, New York",Queens,2733,460,682,246,423,168,259,156,190,144,0,19,0,19,69,69,0,19,864,270,129,77,728,254,0,19,7,13,0,19,0,19,0,19,0,19,504,310,127,130,556,254
1400000US36081088400,"Census Tract 884, Queens County, New York",Queens,3049,603,1845,587,1689,552,156,140,156,140,0,19,0,19,0,19,0,19,597,278,111,81,486,262,0,19,0,19,0,19,0,19,0,19,0,19,178,135,52,85,377,179
1400000US36081088902,"Census Tract 889.02, Queens County, New York",Queens,3297,615,911,338,792,327,119,123,60,98,0,19,0,19,37,38,22,32,1415,424,345,177,1007,372,44,54,19,35,0,19,0,19,0,19,154,124,567,367,29,46,221,148
1400000US36081088903,"Census Tract 889.03, Queens County, New York",Queens,1631,586,692,329,426,221,266,187,144,112,0,14,122,154,0,14,0,14,295,119,84,55,211,110,0,14,0,14,0,14,38,61,0,14,0,14,450,407,0,14,156,129
1400000US36081089201,"Census Tract 892.01, Queens County, New York",Queens,3419,570,2420,610,2217,547,203,151,52,56,135,125,16,28,0,19,0,19,423,211,134,130,289,175,0,19,0,19,0,19,94,79,0,19,37,51,21,34,0,19,424,196
1400000US36081089202,"Census Tract 892.02, Queens County, New York",Queens,0,14,0,14,0,14,0,14,0,14,0,14,0,14,0,14,0,14,0,14,0,14,0,14,0,14,0,14,0,14,0,14,0,14,0,14,0,14,0,14,0,14
1400000US36081090700,"Census Tract 907, Queens County, New York",Queens,543,122,401,104,371,103,30,28,3,7,11,15,7,11,3,7,6,10,118,77,21,30,97,66,0,14,0,14,0,14,0,14,0,14,0,14,0,14,0,14,24,23
1400000US36081091602,"Census Tract 916.02, Queens County, New York",Queens,16,23,11,16,11,16,0,14,0,14,0,14,0,14,0,14,0,14,0,14,0,14,0,14,0,14,0,14,0,14,0,14,0,14,0,14,5,8,0,14,0,14
1400000US36081091603,"Census Tract 916.03, Queens County, New York",Queens,1919,458,1352,290,1306,289,46,47,21,28,25,38,0,14,0,14,0,14,339,230,98,76,241,203,0,14,0,14,0,14,0,14,0,14,10,15,75,74,0,14,143,77
1400000US36081091604,"Census Tract 916.04, Queens County, New York",Queens,0,14,0,14,0,14,0,14,0,14,0,14,0,14,0,14,0,14,0,14,0,14,0,14,0,14,0,14,0,14,0,14,0,14,0,14,0,14,0,14,0,14
1400000US36081091800,"Census Tract 918, Queens County, New York",Queens,4,6,4,6,4,6,0,14,0,14,0,14,0,14,0,14,0,14,0,14,0,14,0,14,0,14,0,14,0,14,0,14,0,14,0,14,0,14,0,14,0,14
1400000US36081091900,"Census Tract 919, Queens County, New York",Queens,1855,367,1126,293,932,274,194,114,174,109,0,19,19,29,1,3,0,19,663,262,106,75,557,251,0,19,0,19,0,19,0,19,0,19,0,19,16,28,22,32,28,32
1400000US36081092200,"Census Tract 922, Queens County, New York",Queens,1017,172,771,154,711,157,60,84,60,84,0,14,0,14,0,14,0,14,115,70,56,50,42,53,0,14,0,14,17,23,3,7,0,14,0,14,9,11,26,24,93,46
1400000US36081092500,"Census Tract 925, Queens County, New York",Queens,1563,367,681,267,542,246,139,97,127,94,12,19,0,14,0,14,0,14,614,230,266,134,348,190,0,14,0,14,0,14,15,22,15,26,16,26,36,55,11,18,175,98
1400000US36081092800,"Census Tract 928, Queens County, New York",Queens,1276,338,781,278,727,238,54,66,54,66,0,14,0,14,0,14,0,14,174,91,104,72,33,34,0,14,0,14,37,32,0,14,0,14,57,70,106,91,0,14,158,85
1400000US36081092900,"Census Tract 929, Queens County, New York",Queens,3562,806,1598,495,1225,433,373,212,170,134,46,57,0,19,121,116,36,58,1202,485,676,299,526,329,0,19,0,19,0,19,0,19,57,89,0,19,161,161,20,33,524,218
1400000US36081093401,"Census Tract 934.01, Queens County, New York",Queens,1646,521,1028,212,924,195,104,73,93,72,11,16,0,14,0,14,0,14,443,425,65,64,149,146,0,14,0,14,229,285,43,53,0,14,0,14,20,23,0,14,112,73
1400000US36081093402,"Census Tract 934.02, Queens County, New York",Queens,2116,350,1094,292,898,259,196,123,178,127,0,14,0,14,0,14,18,28,404,174,148,92,222,135,0,14,0,14,34,36,0,14,0,14,13,21,149,112,19,28,437,194
1400000US36081093800,"Census Tract 938, Queens County, New York",Queens,1810,485,902,353,852,351,50,56,45,51,5,13,0,19,0,19,0,19,773,346,316,241,384,283,0,19,0,19,73,66,0,19,0,19,0,19,90,93,0,19,45,53
1400000US36081093900,"Census Tract 939, Queens County, New York",Queens,2617,622,1636,548,1462,575,174,123,128,102,17,46,29,47,0,19,0,19,752,250,346,155,406,191,0,19,0,19,0,19,0,19,0,19,7,11,82,101,0,19,140,120
1400000US36081094201,"Census Tract 942.01, Queens County, New York",Queens,1420,308,517,188,517,188,0,14,0,14,0,14,0,14,0,14,0,14,654,248,191,118,401,181,0,14,0,14,62,70,0,14,0,14,0,14,49,62,0,14,200,104
1400000US36081094202,"Census Tract 942.02, Queens County, New York",Queens,2040,232,887,218,763,212,124,91,91,78,33,50,0,19,0,19,0,19,796,200,267,107,461,161,61,70,0,19,7,15,0,19,0,19,14,21,88,47,0,19,255,133
1400000US36081094203,"Census Tract 942.03, Queens County, New York",Queens,1932,420,836,299,836,299,0,19,0,19,0,19,0,19,0,19,0,19,663,257,194,106,469,223,0,19,0,19,0,19,0,19,0,19,56,72,115,113,32,54,230,137
1400000US36081094500,"Census Tract 945, Queens County, New York",Queens,1674,292,931,235,880,230,51,50,41,37,0,14,0,14,0,14,10,18,375,123,105,74,236,121,34,35,0,14,0,14,0,14,0,14,0,14,49,48,36,41,283,170
1400000US36081094700,"Census Tract 947, Queens County, New York",Queens,1239,243,721,170,661,156,60,45,37,35,15,22,0,14,8,11,0,14,309,152,218,145,91,56,0,14,0,14,0,14,0,14,0,14,0,14,93,74,18,20,98,55
1400000US36081095400,"Census Tract 954, Queens County, New York",Queens,3031,627,1484,481,1297,454,187,116,88,98,3,5,96,84,0,19,0,19,999,434,544,371,448,198,0,19,0,19,7,12,0,19,0,19,0,19,171,158,31,48,346,168
1400000US36081096400,"Census Tract 964, Queens County, New York",Queens,3061,613,1264,445,1168,467,96,89,76,82,0,19,0,19,20,31,0,19,1412,409,256,201,1122,391,0,19,0,19,34,44,0,19,0,19,0,19,12,21,38,44,335,167
1400000US36081097202,"Census Tract 972.02, Queens County, New York",Queens,580,158,225,70,225,70,0,14,0,14,0,14,0,14,0,14,0,14,243,122,143,118,100,66,0,14,0,14,0,14,66,69,0,14,0,14,22,35,0,14,24,41
1400000US36081097204,"Census Tract 972.04, Queens County, New York",Queens,1338,344,498,194,452,186,46,48,20,31,26,34,0,14,0,14,0,14,568,263,235,175,301,141,32,40,0,14,0,14,0,14,0,14,47,81,128,83,28,40,69,72
1400000US36081097205,"Census Tract 972.05, Queens County, New York",Queens,1052,189,254,99,246,97,8,13,8,13,0,14,0,14,0,14,0,14,686,217,351,175,335,132,0,14,0,14,0,14,0,14,0,14,0,14,66,74,0,14,46,49
1400000US36081097206,"Census Tract 972.06, Queens County, New York",Queens,903,261,114,92,75,69,39,62,39,62,0,14,0,14,0,14,0,14,564,232,301,184,263,172,0,14,0,14,0,14,19,31,0,14,22,38,31,51,0,14,153,181
1400000US36081097207,"Census Tract 972.07, Queens County, New York",Queens,0,14,0,14,0,14,0,14,0,14,0,14,0,14,0,14,0,14,0,14,0,14,0,14,0,14,0,14,0,14,0,14,0,14,0,14,0,14,0,14,0,14
1400000US36081097300,"Census Tract 973, Queens County, New York",Queens,936,234,594,154,545,162,49,33,41,31,8,12,0,14,0,14,0,14,153,93,103,105,50,49,0,14,0,14,0,14,0,14,0,14,0,14,3,7,46,40,140,87
1400000US36081098100,"Census Tract 981, Queens County, New York",Queens,1230,219,919,232,764,213,155,88,150,84,5,11,0,14,0,14,0,14,206,70,39,26,160,68,7,11,0,14,0,14,0,14,0,14,0,14,33,28,0,14,72,45
1400000US36081098700,"Census Tract 987, Queens County, New York",Queens,1356,238,976,215,705,177,271,144,198,122,13,15,24,38,36,34,0,14,193,67,98,46,95,54,0,14,0,14,0,14,0,14,0,14,0,14,85,44,0,14,102,57
1400000US36081099100,"Census Tract 991, Queens County, New York",Queens,3020,612,1879,480,1561,379,318,244,303,242,15,25,0,19,0,19,0,19,497,218,366,194,111,76,20,33,0,19,0,19,0,19,0,19,0,19,40,45,0,19,604,302
1400000US36081099200,"Census Tract 992, Queens County, New York",Queens,1326,312,556,199,278,161,278,135,200,142,34,49,14,22,16,25,14,22,452,169,235,124,217,129,0,14,0,14,0,14,60,73,0,14,19,23,33,45,0,14,206,182
1400000US36081099701,"Census Tract 997.01, Queens County, New York",Queens,989,241,730,215,650,195,80,70,77,69,3,8,0,14,0,14,0,14,123,86,70,53,53,48,0,14,0,14,0,14,0,14,0,14,0,14,14,21,6,9,116,64
1400000US36081099703,"Census Tract 997.03, Queens County, New York",Queens,1915,355,1069,261,828,176,241,174,171,108,58,83,0,14,12,20,0,14,356,163,156,128,90,80,110,88,0,14,0,14,44,38,0,14,0,14,20,22,23,25,403,142
1400000US36081099704,"Census Tract 997.04, Queens County, New York",Queens,2584,382,1263,330,1055,314,208,137,164,118,44,71,0,19,0,19,0,19,562,171,221,119,224,126,117,85,0,19,0,19,16,26,0,19,0,19,20,32,63,65,660,262
1400000US36081099705,"Census Tract 997.05, Queens County, New York",Queens,1277,393,683,308,560,252,123,73,123,73,0,14,0,14,0,14,0,14,282,121,187,93,55,58,40,37,0,14,0,14,0,14,0,14,27,42,17,30,23,25,245,113
1400000US36081099801,"Census Tract 998.01, Queens County, New York",Queens,4016,1202,1689,574,1561,551,128,135,128,135,0,19,0,19,0,19,0,19,1519,542,892,424,534,272,93,122,0,19,0,19,0,19,0,19,73,89,321,225,45,70,369,308
1400000US36081099802,"Census Tract 998.02, Queens County, New York",Queens,1773,474,957,300,845,277,112,99,112,99,0,19,0,19,0,19,0,19,473,305,71,84,379,300,23,37,0,19,0,19,62,67,0,19,0,19,100,85,0,19,181,146
1400000US36081099900,"Census Tract 999, Queens County, New York",Queens,0,14,0,14,0,14,0,14,0,14,0,14,0,14,0,14,0,14,0,14,0,14,0,14,0,14,0,14,0,14,0,14,0,14,0,14,0,14,0,14,0,14
1400000US36081100801,"Census Tract 1008.01, Queens County, New York",Queens,1362,519,890,470,742,367,148,139,124,132,0,14,0,14,24,38,0,14,417,236,203,245,214,135,0,14,0,14,0,14,0,14,0,14,0,14,0,14,29,45,26,31
1400000US36081100803,"Census Tract 1008.03, Queens County, New York",Queens,1762,466,713,275,494,190,219,176,175,138,44,74,0,14,0,14,0,14,622,210,246,130,376,183,0,14,0,14,0,14,26,42,0,14,0,14,275,142,34,37,92,80
1400000US36081100804,"Census Tract 1008.04, Queens County, New York",Queens,2107,504,1207,271,936,276,271,170,262,173,9,21,0,19,0,19,0,19,500,320,142,133,358,230,0,19,0,19,0,19,221,199,0,19,0,19,72,56,0,19,107,128
1400000US36081101002,"Census Tract 1010.02, Queens County, New York",Queens,1699,384,1119,317,883,362,236,210,223,209,13,20,0,19,0,19,0,19,136,116,56,75,54,87,26,31,0,19,0,19,0,19,0,19,0,19,254,132,12,20,178,116
1400000US36081101003,"Census Tract 1010.03, Queens County, New York",Queens,1495,580,578,249,495,252,83,104,25,44,0,14,58,91,0,14,0,14,188,169,182,169,6,13,0,14,0,14,0,14,0,14,0,14,0,14,351,255,23,39,355,355
1400000US36081101004,"Census Tract 1010.04, Queens County, New York",Queens,2093,467,513,232,401,171,112,118,112,118,0,19,0,19,0,19,0,19,553,243,345,200,179,147,29,48,0,19,0,19,48,78,0,19,163,102,634,405,0,19,182,173
1400000US36081101700,"Census Tract 1017, Queens County, New York",Queens,2432,484,1749,440,1579,447,170,100,169,100,0,19,0,19,0,19,1,4,330,182,155,115,150,129,25,36,0,19,0,19,0,19,0,19,0,19,24,36,22,26,307,163
1400000US36081102900,"Census Tract 1029, Queens County, New York",Queens,1684,317,1218,302,978,277,240,151,240,151,0,14,0,14,0,14,0,14,384,126,131,75,253,110,0,14,0,14,0,14,0,14,0,14,0,14,12,22,0,14,70,51
1400000US36081103201,"Census Tract 1032.01, Queens County, New York",Queens,2273,412,1041,381,872,326,169,143,80,82,0,19,45,61,44,60,0,19,1032,395,815,372,217,127,0,19,0,19,0,19,29,50,0,19,155,140,16,27,0,19,0,19
1400000US36081103202,"Census Tract 1032.02, Queens County, New York",Queens,3083,724,1875,617,1677,556,198,274,198,274,0,19,0,19,0,19,0,19,477,298,185,179,196,248,96,82,0,19,0,19,121,106,0,19,0,19,308,153,15,42,287,186
1400000US36081103300,"Census Tract 1033, Queens County, New York",Queens,2124,332,1526,283,1329,295,197,104,112,63,85,72,0,14,0,14,0,14,320,154,178,88,142,110,0,14,0,14,0,14,7,11,0,14,0,14,0,14,40,49,231,106
1400000US36081103900,"Census Tract 1039, Queens County, New York",Queens,2246,386,1558,335,1212,307,346,163,188,124,22,36,136,144,0,19,0,19,417,188,241,129,176,123,0,19,0,19,0,19,0,19,0,19,0,19,1,3,0,19,270,184
1400000US36081104700,"Census Tract 1047, Queens County, New York",Queens,3241,637,1521,485,1296,460,225,158,86,60,0,19,53,59,0,19,86,136,1179,289,311,169,868,283,0,19,0,19,0,19,0,19,0,19,0,19,176,131,153,129,212,128
1400000US36081105900,"Census Tract 1059, Queens County, New York",Queens,1710,424,1298,415,1044,361,254,204,124,104,119,177,11,20,0,14,0,14,194,101,59,57,125,80,10,15,0,14,0,14,0,14,0,14,16,31,0,14,0,14,202,100
1400000US36081107201,"Census Tract 1072.01, Queens County, New York",Queens,1008,240,705,223,586,215,119,63,92,60,27,24,0,14,0,14,0,14,132,66,33,32,99,59,0,14,0,14,0,14,0,14,0,14,0,14,9,14,29,36,133,79
1400000US36081107202,"Census Tract 1072.02, Queens County, New York",Queens,0,14,0,14,0,14,0,14,0,14,0,14,0,14,0,14,0,14,0,14,0,14,0,14,0,14,0,14,0,14,0,14,0,14,0,14,0,14,0,14,0,14
1400000US36081108500,"Census Tract 1085, Queens County, New York",Queens,1237,251,772,234,514,147,258,189,232,180,15,17,11,14,0,14,0,14,216,70,115,44,73,51,28,21,0,14,0,14,28,42,24,38,0,14,50,31,0,14,147,65
1400000US36081109300,"Census Tract 1093, Queens County, New York",Queens,1144,384,513,220,456,212,57,68,12,16,45,67,0,14,0,14,0,14,187,87,33,30,54,40,100,58,0,14,0,14,0,14,0,14,0,14,53,41,0,14,391,198
1400000US36081109700,"Census Tract 1097, Queens County, New York",Queens,973,168,640,120,386,107,254,78,220,79,34,29,0,14,0,14,0,14,156,81,99,72,17,18,40,19,0,14,0,14,0,14,0,14,0,14,22,35,0,14,155,87
1400000US36081109900,"Census Tract 1099, Queens County, New York",Queens,1428,253,742,148,581,145,161,103,158,104,3,8,0,14,0,14,0,14,360,135,138,101,106,66,116,99,0,14,0,14,6,11,0,14,9,14,6,10,86,76,219,150
1400000US36081111300,"Census Tract 1113, Queens County, New York",Queens,1200,217,565,177,411,168,154,86,78,45,0,14,38,58,38,37,0,14,320,128,90,61,153,84,71,62,6,9,0,14,0,14,0,14,0,14,111,76,0,14,204,102
1400000US36081112300,"Census Tract 1123, Queens County, New York",Queens,1101,196,675,146,546,119,129,83,77,56,30,44,22,23,0,14,0,14,218,72,47,29,80,52,91,48,0,14,0,14,6,9,0,14,0,14,19,21,0,14,183,94
1400000US36081112900,"Census Tract 1129, Queens County, New York",Queens,985,267,609,255,539,253,70,45,70,45,0,14,0,14,0,14,0,14,236,99,98,79,66,40,68,36,4,7,0,14,4,6,0,14,0,14,10,14,0,14,126,68
1400000US36081113300,"Census Tract 1133, Queens County, New York",Queens,743,196,385,111,329,107,56,46,25,30,15,15,16,25,0,14,0,14,297,133,155,117,118,61,24,27,0,14,0,14,0,14,0,14,6,10,0,14,9,14,46,28
1400000US36081113900,"Census Tract 1139, Queens County, New York",Queens,1847,384,924,248,768,230,156,89,156,89,0,14,0,14,0,14,0,14,552,214,242,178,195,120,115,73,0,14,0,14,0,14,0,14,0,14,112,120,23,31,236,100
1400000US36081114100,"Census Tract 1141, Queens County, New York",Queens,1159,271,705,185,650,185,55,38,23,22,32,30,0,14,0,14,0,14,298,140,19,21,190,115,89,67,0,14,0,14,0,14,0,14,0,14,26,22,5,7,125,49
1400000US36081114700,"Census Tract 1147, Queens County, New York",Queens,813,202,421,122,304,97,117,64,109,65,0,14,8,12,0,14,0,14,158,62,10,16,114,46,34,26,0,14,0,14,0,14,0,14,0,14,16,26,0,14,218,124
1400000US36081115100,"Census Tract 1151, Queens County, New York",Queens,454,119,222,92,172,75,50,43,14,14,36,39,0,14,0,14,0,14,110,52,41,26,69,47,0,14,0,14,0,14,0,14,0,14,0,14,13,19,28,28,81,39
1400000US36081115500,"Census Tract 1155, Queens County, New York",Queens,1022,272,620,186,574,183,46,40,38,39,7,12,0,14,1,3,0,14,276,171,84,30,179,168,13,25,0,14,0,14,0,14,0,14,0,14,5,7,0,14,121,62
1400000US36081115700,"Census Tract 1157, Queens County, New York",Queens,1439,486,765,354,629,290,136,100,82,87,54,57,0,14,0,14,0,14,331,152,48,43,263,136,20,32,0,14,0,14,11,17,0,14,0,14,99,85,0,14,233,118
1400000US36081115900,"Census Tract 1159, Queens County, New York",Queens,1765,304,679,242,650,240,29,29,22,28,7,12,0,14,0,14,0,14,495,207,274,169,221,94,0,14,0,14,0,14,2,8,0,14,0,14,88,59,169,178,332,176
1400000US36081116100,"Census Tract 1161, Queens County, New York",Queens,1450,254,498,173,423,152,75,70,52,61,12,19,0,14,0,14,11,17,523,232,35,32,488,229,0,14,0,14,0,14,0,14,9,14,19,42,293,130,0,14,108,67
1400000US36081116301,"Census Tract 1163.01, Queens County, New York",Queens,2331,475,1027,375,881,359,146,102,0,14,74,60,24,37,48,78,0,14,718,288,255,133,408,172,55,67,0,14,0,14,0,14,0,14,0,14,406,193,0,14,180,151
1400000US36081116302,"Census Tract 1163.02, Queens County, New York",Queens,1119,207,306,120,257,119,49,39,25,30,12,19,4,12,0,14,8,13,526,175,188,90,286,157,52,50,0,14,0,14,0,14,0,14,0,14,132,77,0,14,155,78
1400000US36081116700,"Census Tract 1167, Queens County, New York",Queens,850,202,258,110,103,49,155,97,82,73,29,39,0,14,38,55,6,9,366,104,124,59,236,105,6,10,0,14,0,14,11,16,0,14,24,38,65,64,7,11,119,54
1400000US36081117100,"Census Tract 1171, Queens County, New York",Queens,1233,300,738,238,526,191,212,123,137,103,51,70,6,8,18,29,0,14,279,141,136,115,98,60,45,38,0,14,0,14,0,14,0,14,17,28,23,27,36,34,140,90
1400000US36081117500,"Census Tract 1175, Queens County, New York",Queens,2005,284,753,252,648,255,105,78,37,39,47,70,0,14,21,30,0,14,1022,289,309,172,308,157,405,242,0,14,0,14,0,14,0,14,0,14,91,75,0,14,139,77
1400000US36081118100,"Census Tract 1181, Queens County, New York",Queens,1116,165,593,120,533,111,60,38,38,28,22,28,0,14,0,14,0,14,338,123,94,66,172,87,68,34,4,7,0,14,0,14,0,14,23,20,37,49,0,14,125,57
1400000US36081118500,"Census Tract 1185, Queens County, New York",Queens,1000,193,303,105,167,68,136,70,60,46,19,26,0,14,19,31,38,36,424,140,128,62,234,97,19,18,43,61,0,14,0,14,0,14,0,14,64,52,53,45,156,61
1400000US36081118700,"Census Tract 1187, Queens County, New York",Queens,1104,268,470,164,322,125,148,86,72,47,0,14,24,31,21,29,31,36,409,180,237,164,160,73,12,17,0,14,0,14,0,14,0,14,0,14,91,71,5,9,129,78
1400000US36081118900,"Census Tract 1189, Queens County, New York",Queens,914,226,399,134,342,121,57,49,50,46,0,14,0,14,7,11,0,14,279,110,5,8,274,111,0,14,0,14,0,14,0,14,0,14,0,14,80,50,16,17,140,87
1400000US36081119100,"Census Tract 1191, Queens County, New York",Queens,1551,416,706,351,625,338,81,62,81,62,0,14,0,14,0,14,0,14,447,160,176,101,271,123,0,14,0,14,0,14,0,14,0,14,11,18,64,59,0,14,323,174
1400000US36081119300,"Census Tract 1193, Queens County, New York",Queens,911,207,422,140,326,115,96,71,75,63,0,14,0,14,21,32,0,14,424,166,238,157,161,59,25,26,0,14,0,14,0,14,0,14,0,14,44,33,0,14,21,17
1400000US36081119500,"Census Tract 1195, Queens County, New York",Queens,592,145,235,76,202,79,33,28,32,28,0,14,0,14,1,3,0,14,190,88,46,32,133,82,11,15,0,14,0,14,0,14,0,14,6,9,36,26,21,27,104,64
1400000US36081119900,"Census Tract 1199, Queens County, New York",Queens,730,168,374,155,276,148,98,60,67,45,9,14,14,20,8,11,0,14,116,61,9,14,91,53,16,18,0,14,0,14,0,14,0,14,7,14,36,41,0,14,197,117
1400000US36081120100,"Census Tract 1201, Queens County, New York",Queens,724,217,207,56,104,51,103,39,38,33,0,14,65,31,0,14,0,14,246,83,127,77,119,51,0,14,0,14,0,14,4,7,0,14,45,37,80,82,61,60,81,75
1400000US36081120300,"Census Tract 1203, Queens County, New York",Queens,727,184,249,79,206,71,43,29,7,11,28,25,0,14,8,11,0,14,192,109,51,42,141,93,0,14,0,14,0,14,0,14,0,14,0,14,64,45,0,14,222,121
1400000US36081120500,"Census Tract 1205, Queens County, New York",Queens,1027,324,319,161,227,164,92,42,22,23,0,14,0,14,70,34,0,14,440,154,179,75,261,151,0,14,0,14,0,14,0,14,0,14,13,18,90,59,25,26,140,106
1400000US36081120701,"Census Tract 1207.01, Queens County, New York",Queens,1661,620,1050,552,937,551,113,46,59,35,4,9,13,14,3,8,34,38,394,128,185,83,193,102,16,17,0,14,0,14,0,14,6,9,5,7,15,17,58,37,133,70
1400000US36081120702,"Census Tract 1207.02, Queens County, New York",Queens,0,14,0,14,0,14,0,14,0,14,0,14,0,14,0,14,0,14,0,14,0,14,0,14,0,14,0,14,0,14,0,14,0,14,0,14,0,14,0,14,0,14
1400000US36081121100,"Census Tract 1211, Queens County, New York",Queens,0,14,0,14,0,14,0,14,0,14,0,14,0,14,0,14,0,14,0,14,0,14,0,14,0,14,0,14,0,14,0,14,0,14,0,14,0,14,0,14,0,14
1400000US36081121500,"Census Tract 1215, Queens County, New York",Queens,1985,428,916,178,675,165,241,123,50,41,67,51,19,29,82,80,23,32,671,188,241,100,430,175,0,14,0,14,0,14,0,14,0,14,32,48,53,41,12,19,301,293
1400000US36081122300,"Census Tract 1223, Queens County, New York",Queens,1511,417,1122,381,903,386,219,146,32,29,165,136,0,14,22,23,0,14,302,146,125,75,169,128,8,13,0,14,0,14,0,14,0,14,0,14,0,14,29,30,58,39
1400000US36081122702,"Census Tract 1227.02, Queens County, New York",Queens,2118,719,911,399,793,393,118,116,85,92,33,56,0,19,0,19,0,19,890,459,578,392,312,206,0,19,0,19,0,19,0,19,0,19,0,19,99,94,0,19,218,135
1400000US36081122703,"Census Tract 1227.03, Queens County, New York",Queens,2782,444,1427,299,1212,243,215,147,211,152,0,19,4,35,0,19,0,19,921,306,624,294,297,190,0,19,0,19,0,19,0,19,0,19,0,19,138,103,179,166,117,116
1400000US36081122704,"Census Tract 1227.04, Queens County, New York",Queens,1880,463,791,287,679,267,112,99,110,100,2,9,0,19,0,19,0,19,507,261,256,180,237,176,14,29,0,19,0,19,0,19,165,260,0,19,195,154,23,53,199,114
1400000US36081124100,"Census Tract 1241, Queens County, New York",Queens,1705,320,670,171,619,170,51,39,44,37,0,14,0,14,7,13,0,14,578,234,199,129,379,183,0,14,0,14,0,14,0,14,43,80,29,40,75,60,53,45,257,141
1400000US36081124700,"Census Tract 1247, Queens County, New York",Queens,1519,248,750,170,711,159,39,33,22,25,0,14,0,14,16,13,1,13,425,134,189,114,236,101,0,14,0,14,0,14,24,39,0,14,0,14,14,19,0,14,306,109
1400000US36081125700,"Census Tract 1257, Queens County, New York",Queens,1533,500,683,294,554,216,129,125,129,125,0,14,0,14,0,14,0,14,563,304,407,266,143,92,13,18,0,14,0,14,0,14,0,14,26,31,47,51,39,55,175,113
1400000US36081126500,"Census Tract 1265, Queens County, New York",Queens,923,212,419,105,305,84,114,60,89,68,25,33,0,14,0,14,0,14,325,136,119,93,206,85,0,14,0,14,0,14,0,14,0,14,20,17,81,78,16,21,62,36
1400000US36081126700,"Census Tract 1267, Queens County, New York",Queens,1528,238,597,193,509,195,88,70,73,65,15,23,0,14,0,14,0,14,529,134,190,82,331,100,8,11,0,14,0,14,13,18,0,14,0,14,166,91,0,14,223,108
1400000US36081127700,"Census Tract 1277, Queens County, New York",Queens,1445,273,907,204,595,214,312,224,235,221,49,15,0,14,0,14,28,49,307,149,134,116,157,94,16,25,0,14,0,14,0,14,3,9,0,14,38,50,41,69,149,108
1400000US36081128300,"Census Tract 1283, Queens County, New York",Queens,0,14,0,14,0,14,0,14,0,14,0,14,0,14,0,14,0,14,0,14,0,14,0,14,0,14,0,14,0,14,0,14,0,14,0,14,0,14,0,14,0,14
1400000US36081129102,"Census Tract 1291.02, Queens County, New York",Queens,1681,410,1067,304,992,282,75,77,75,77,0,14,0,14,0,14,0,14,282,141,61,44,216,132,5,11,0,14,0,14,0,14,0,14,0,14,0,14,0,14,332,124
1400000US36081129103,"Census Tract 1291.03, Queens County, New York",Queens,1643,269,909,215,830,189,79,115,79,115,0,14,0,14,0,14,0,14,393,127,251,126,121,65,21,29,0,14,0,14,0,14,0,14,0,14,71,57,46,52,224,148
1400000US36081129104,"Census Tract 1291.04, Queens County, New York",Queens,2221,326,1306,280,1064,234,242,170,226,170,16,26,0,14,0,14,0,14,572,217,285,183,263,104,24,26,0,14,0,14,0,14,0,14,0,14,42,40,13,21,288,91
1400000US36081130100,"Census Tract 1301, Queens County, New York",Queens,1494,238,875,185,758,174,117,91,90,85,15,38,12,18,0,14,0,14,384,199,241,158,110,70,33,39,0,14,0,14,0,14,0,14,0,14,22,26,0,14,213,105
1400000US36081133300,"Census Tract 1333, Queens County, New York",Queens,2045,607,630,200,568,187,62,50,52,48,0,14,10,16,0,14,0,14,695,247,294,112,390,206,11,17,0,14,0,14,0,14,0,14,0,14,25,29,70,75,625,415
1400000US36081133900,"Census Tract 1339, Queens County, New York",Queens,529,124,218,70,181,69,37,26,18,22,0,14,0,14,19,26,0,14,71,38,30,21,41,29,0,14,0,14,0,14,0,14,0,14,27,34,25,24,27,22,161,68
1400000US36081134100,"Census Tract 1341, Queens County, New York",Queens,1499,443,719,208,647,201,72,54,72,54,0,14,0,14,0,14,0,14,203,81,80,56,91,48,21,23,11,17,0,14,0,14,0,14,14,17,67,75,0,14,496,312
1400000US36081134701,"Census Tract 1347.01, Queens County, New York",Queens,2331,413,1330,353,1022,350,308,129,179,116,0,14,94,82,35,43,0,14,480,199,383,170,97,98,0,14,0,14,0,14,18,33,0,14,0,14,44,50,0,14,459,187
1400000US36081134702,"Census Tract 1347.02, Queens County, New York",Queens,2123,509,1374,434,925,160,449,362,377,353,40,49,0,14,8,13,24,24,304,182,197,121,107,82,0,14,0,14,0,14,29,43,0,14,0,14,52,50,24,37,340,181
1400000US36081136700,"Census Tract 1367, Queens County, New York",Queens,2618,529,1661,506,1330,439,331,178,191,134,35,42,20,33,30,35,55,88,592,182,350,136,153,123,67,63,22,34,0,19,0,19,0,19,0,19,111,78,0,19,254,113
1400000US36081137700,"Census Tract 1377, Queens County, New York",Queens,3422,600,2305,346,1750,356,555,250,528,260,12,39,0,19,15,24,0,19,716,414,577,311,64,106,75,74,0,19,0,19,34,52,0,19,0,19,14,23,0,19,353,168
1400000US36081138501,"Census Tract 1385.01, Queens County, New York",Queens,2008,409,1294,336,1213,329,81,42,63,37,0,14,0,14,18,19,0,14,299,154,174,118,116,63,9,14,0,14,0,14,0,14,0,14,0,14,27,44,14,25,374,141
1400000US36081138502,"Census Tract 1385.02, Queens County, New York",Queens,5,13,0,14,0,14,0,14,0,14,0,14,0,14,0,14,0,14,3,9,0,14,3,9,0,14,0,14,0,14,0,14,0,14,0,14,0,14,0,14,2,7
1400000US36081139900,"Census Tract 1399, Queens County, New York",Queens,726,178,295,100,261,95,34,25,5,8,2,7,7,10,20,23,0,14,215,110,33,27,108,110,74,41,0,14,0,14,0,14,0,14,12,13,51,43,0,14,153,65
1400000US36081140300,"Census Tract 1403, Queens County, New York",Queens,979,137,484,90,366,78,118,64,109,63,4,6,0,14,5,7,0,14,253,111,126,73,127,65,0,14,0,14,0,14,0,14,0,14,0,14,29,22,31,28,182,68
1400000US36081140901,"Census Tract 1409.01, Queens County, New York",Queens,365,184,283,175,262,174,21,19,21,19,0,14,0,14,0,14,0,14,70,35,30,25,40,24,0,14,0,14,0,14,0,14,0,14,0,14,0,14,0,14,12,13
1400000US36081140902,"Census Tract 1409.02, Queens County, New York",Queens,1178,156,705,163,469,120,236,107,225,106,2,3,9,10,0,14,0,14,306,83,79,45,209,75,18,27,0,14,0,14,0,14,0,14,0,14,12,13,6,9,149,72
1400000US36081141700,"Census Tract 1417, Queens County, New York",Queens,1891,259,822,165,623,173,199,68,111,45,52,45,36,57,0,14,0,14,652,216,443,189,209,129,0,14,0,14,0,14,0,14,0,14,17,29,47,45,43,51,310,124
1400000US36081142900,"Census Tract 1429, Queens County, New York",Queens,1683,301,799,192,672,182,127,82,106,75,0,14,0,14,21,36,0,14,666,233,275,138,391,155,0,14,0,14,0,14,0,14,0,14,0,14,0,14,24,26,194,95
1400000US36081143500,"Census Tract 1435, Queens County, New York",Queens,1066,306,657,272,593,268,64,40,49,32,15,14,0,14,0,14,0,14,223,71,127,52,82,34,14,15,0,14,0,14,0,14,0,14,0,14,27,23,13,12,146,79
1400000US36081144100,"Census Tract 1441, Queens County, New York",Queens,1506,292,1003,273,756,278,247,127,231,129,0,14,0,14,16,27,0,14,228,139,127,102,91,71,10,15,0,14,0,14,0,14,0,14,0,14,26,39,0,14,249,86
1400000US36081144700,"Census Tract 1447, Queens County, New York",Queens,1530,309,942,288,827,290,115,81,52,63,30,44,0,14,33,38,0,14,297,127,40,36,159,93,98,78,0,14,0,14,0,14,26,37,0,14,80,63,0,14,185,71
1400000US36081145101,"Census Tract 1451.01, Queens County, New York",Queens,488,195,267,164,260,165,7,8,7,8,0,14,0,14,0,14,0,14,62,40,5,7,35,33,22,24,0,14,0,14,0,14,0,14,0,14,36,42,24,24,99,45
1400000US36081145102,"Census Tract 1451.02, Queens County, New York",Queens,1239,237,587,140,545,140,42,34,28,26,14,22,0,14,0,14,0,14,231,91,36,35,174,76,21,20,0,14,0,14,0,14,0,14,0,14,94,57,62,48,265,180
1400000US36081145900,"Census Tract 1459, Queens County, New York",Queens,1469,345,921,212,779,203,142,67,114,57,0,14,0,14,28,30,0,14,224,82,89,44,107,62,28,24,0,14,0,14,12,17,0,14,6,11,75,72,12,13,219,117
1400000US36081146300,"Census Tract 1463, Queens County, New York",Queens,1391,305,592,240,428,207,164,121,86,52,43,59,0,14,0,14,35,53,451,194,110,90,202,88,139,98,0,14,0,14,10,17,0,14,0,14,152,114,13,19,173,81
1400000US36081146700,"Census Tract 1467, Queens County, New York",Queens,1666,200,911,214,708,198,203,109,110,79,66,70,0,14,15,19,12,19,489,122,110,69,161,94,218,82,0,14,0,14,0,14,0,14,0,14,81,68,0,14,185,97
1400000US36081147100,"Census Tract 1471, Queens County, New York",Queens,1724,283,1197,211,775,159,422,226,324,181,83,96,0,14,15,26,0,14,343,205,109,62,197,196,37,38,0,14,0,14,11,17,0,14,0,14,58,61,0,14,115,63
1400000US36081147900,"Census Tract 1479, Queens County, New York",Queens,2126,471,1301,431,1099,306,202,174,182,168,0,14,20,49,0,14,0,14,357,132,75,87,141,69,131,79,10,17,0,14,0,14,0,14,0,14,52,48,0,14,416,152
1400000US36081148300,"Census Tract 1483, Queens County, New York",Queens,1295,257,729,206,582,183,147,91,147,91,0,14,0,14,0,14,0,14,275,114,0,14,94,51,148,104,33,38,0,14,0,14,0,14,0,14,6,12,24,17,261,101
1400000US36081150701,"Census Tract 1507.01, Queens County, New York",Queens,1373,259,849,215,804,219,45,51,45,51,0,14,0,14,0,14,0,14,277,131,2,3,135,101,140,85,0,14,0,14,0,14,0,14,0,14,27,37,0,14,220,96
1400000US36081150702,"Census Tract 1507.02, Queens County, New York",Queens,1316,249,705,213,626,208,79,43,79,43,0,14,0,14,0,14,0,14,240,124,69,51,71,52,100,112,0,14,0,14,0,14,0,14,0,14,39,27,61,80,271,155
1400000US36081152901,"Census Tract 1529.01, Queens County, New York",Queens,2634,480,1691,304,1367,241,324,208,272,181,52,62,0,19,0,19,0,19,302,271,37,37,228,263,37,59,0,19,0,19,0,19,0,19,21,35,0,19,16,28,604,307
1400000US36081152902,"Census Tract 1529.02, Queens County, New York",Queens,3505,816,2594,740,1587,573,1007,468,737,416,39,37,231,268,0,19,0,19,219,93,40,39,117,98,62,53,0,19,0,19,0,19,0,19,0,19,0,19,31,53,661,302
1400000US36081155101,"Census Tract 1551.01, Queens County, New York",Queens,481,227,320,172,300,167,20,22,10,17,0,14,10,15,0,14,0,14,23,25,11,16,0,14,12,19,0,14,0,14,38,57,0,14,0,14,19,21,12,18,69,51
1400000US36081155103,"Census Tract 1551.03, Queens County, New York",Queens,2453,439,1755,417,1671,417,84,94,70,92,14,22,0,14,0,14,0,14,355,216,70,90,165,124,108,166,12,21,0,14,41,66,0,14,0,14,0,14,0,14,302,249
1400000US36081155104,"Census Tract 1551.04, Queens County, New York",Queens,1355,396,754,273,708,270,46,55,44,55,0,14,2,4,0,14,0,14,254,144,152,93,44,44,58,64,0,14,0,14,0,14,0,14,0,14,102,140,0,14,245,148
1400000US36081156700,"Census Tract 1567, Queens County, New York",Queens,562,188,358,173,326,170,32,29,25,27,0,14,7,9,0,14,0,14,82,48,21,37,42,34,19,29,0,14,0,14,0,14,0,14,0,14,0,14,0,14,122,56
1400000US36081157101,"Census Tract 1571.01, Queens County, New York",Queens,3854,733,2793,519,2109,425,684,286,523,219,71,78,90,101,0,19,0,19,722,467,147,119,566,423,9,16,0,19,0,19,53,87,0,19,0,19,48,73,0,19,238,159
1400000US36081157102,"Census Tract 1571.02, Queens County, New York",Queens,828,172,584,184,431,137,153,80,104,74,40,39,9,12,0,14,0,14,133,70,26,24,107,62,0,14,0,14,0,14,3,4,0,14,0,14,14,17,0,14,94,53
1400000US36081157901,"Census Tract 1579.01, Queens County, New York",Queens,2691,720,1632,521,1526,515,106,64,81,50,0,19,25,36,0,19,0,19,736,385,403,262,333,289,0,19,0,19,0,19,0,19,0,19,0,19,107,82,0,19,216,108
1400000US36081157902,"Census Tract 1579.02, Queens County, New York",Queens,1418,389,894,336,769,327,125,67,74,53,0,14,46,42,5,12,0,14,309,170,155,150,131,80,23,26,0,14,0,14,53,74,0,14,0,14,36,45,0,14,126,77
1400000US36081157903,"Census Tract 1579.03, Queens County, New York",Queens,1835,313,1200,264,1071,257,129,75,129,75,0,14,0,14,0,14,0,14,387,185,116,82,217,113,54,81,0,14,0,14,0,14,0,14,23,26,0,14,0,14,225,88
1400000US36081161700,"Census Tract 1617, Queens County, New York",Queens,2314,439,1518,378,1073,269,445,234,367,231,78,64,0,14,0,14,0,14,532,189,174,96,321,156,37,46,0,14,0,14,37,35,0,14,0,14,2,5,69,60,156,80
1400000US36081162100,"Census Tract 1621, Queens County, New York",Queens,3230,528,1918,405,1673,382,245,169,202,141,43,54,0,19,0,19,0,19,741,399,329,267,208,139,204,150,0,19,0,19,45,50,0,19,0,19,36,56,17,28,473,202
1400000US36081990100,"Census Tract 9901, Queens County, New York",Queens,0,14,0,14,0,14,0,14,0,14,0,14,0,14,0,14,0,14,0,14,0,14,0,14,0,14,0,14,0,14,0,14,0,14,0,14,0,14,0,14,0,14
1400000US36085000300,"Census Tract 3, Richmond County, New York",Staten Island,976,198,327,95,261,79,66,58,38,47,0,14,28,39,0,14,0,14,416,155,81,104,150,71,0,14,10,15,175,99,0,14,0,14,0,14,71,54,13,22,149,90
1400000US36085000600,"Census Tract 6, Richmond County, New York",Staten Island,1001,238,620,191,587,203,33,33,33,33,0,14,0,14,0,14,0,14,252,195,208,155,8,46,0,14,0,14,36,49,0,14,0,14,0,14,26,29,0,14,103,69
1400000US36085000700,"Census Tract 7, Richmond County, New York",Staten Island,1842,539,593,300,519,231,74,109,0,19,0,19,0,19,0,19,74,109,664,240,95,92,146,169,0,19,0,19,423,212,0,19,0,19,0,19,169,168,121,183,295,135
1400000US36085000800,"Census Tract 8, Richmond County, New York",Staten Island,2477,470,1116,360,820,298,296,180,229,178,67,53,0,19,0,19,0,19,1175,389,394,191,378,232,0,19,0,19,403,282,0,19,0,19,0,19,73,93,20,42,93,119
1400000US36085000900,"Census Tract 9, Richmond County, New York",Staten Island,928,183,223,132,207,111,16,32,16,32,0,14,0,14,0,14,0,14,479,116,131,87,52,34,0,14,0,14,296,114,0,14,0,14,0,14,76,52,6,9,144,80
1400000US36085001100,"Census Tract 11, Richmond County, New York",Staten Island,1721,327,882,297,838,275,44,48,19,31,25,41,0,14,0,14,0,14,591,199,201,178,56,47,0,14,0,14,334,146,15,22,0,14,0,14,93,77,0,14,140,74
1400000US36085001700,"Census Tract 17, Richmond County, New York",Staten Island,704,168,325,122,243,95,82,55,59,49,13,20,10,14,0,14,0,14,170,87,73,56,27,37,0,14,0,14,70,52,0,14,0,14,32,37,0,14,0,14,177,88
1400000US36085001800,"Census Tract 18, Richmond County, New York",Staten Island,168,62,146,65,139,62,7,12,7,12,0,14,0,14,0,14,0,14,0,14,0,14,0,14,0,14,0,14,0,14,0,14,0,14,0,14,12,13,6,9,4,10
1400000US36085002001,"Census Tract 20.01, Richmond County, New York",Staten Island,1323,330,750,295,625,283,125,105,125,105,0,14,0,14,0,14,0,14,329,141,271,141,49,46,0,14,0,14,9,17,0,14,32,48,0,14,42,45,39,55,131,82
1400000US36085002002,"Census Tract 20.02, Richmond County, New York",Staten Island,1491,284,375,147,303,117,72,64,42,57,30,34,0,14,0,14,0,14,771,172,647,162,124,93,0,14,0,14,0,14,0,14,0,14,0,14,3,10,37,40,305,208
1400000US36085002100,"Census Tract 21, Richmond County, New York",Staten Island,2812,646,790,336,715,308,75,84,75,84,0,19,0,19,0,19,0,19,1312,466,903,401,191,132,0,19,0,19,218,198,10,8,0,19,31,55,309,150,100,122,260,159
1400000US36085002700,"Census Tract 27, Richmond County, New York",Staten Island,646,255,318,145,245,122,73,64,27,51,46,34,0,14,0,14,0,14,317,188,87,70,117,140,0,14,0,14,113,149,0,14,0,14,0,14,0,14,0,14,11,21
1400000US36085002900,"Census Tract 29, Richmond County, New York",Staten Island,2080,479,1176,296,1008,259,168,121,148,120,0,19,20,29,0,19,0,19,561,291,366,185,132,154,0,19,0,19,63,70,0,19,0,19,0,19,239,149,0,19,104,72
1400000US36085003300,"Census Tract 33, Richmond County, New York",Staten Island,1708,353,815,217,665,202,150,88,134,82,0,14,0,14,16,28,0,14,570,209,269,122,37,23,0,14,0,14,264,155,0,14,0,14,0,14,41,36,50,58,232,99
1400000US36085003600,"Census Tract 36, Richmond County, New York",Staten Island,1280,251,757,218,684,212,73,51,58,52,0,14,13,15,2,4,0,14,370,134,259,104,44,29,0,14,0,14,67,63,7,11,0,14,0,14,96,116,8,14,42,32
1400000US36085003900,"Census Tract 39, Richmond County, New York",Staten Island,1150,180,661,120,603,119,58,49,58,49,0,14,0,14,0,14,0,14,360,132,149,79,141,90,0,14,0,14,70,61,0,14,0,14,0,14,0,14,9,14,120,84
1400000US36085004001,"Census Tract 40.01, Richmond County, New York",Staten Island,1283,470,655,251,536,240,119,74,91,67,0,14,0,14,0,14,28,27,598,401,438,387,98,41,0,14,0,14,62,45,0,14,0,14,0,14,16,19,14,25,0,14
1400000US36085004002,"Census Tract 40.02, Richmond County, New York",Staten Island,1439,258,902,270,806,273,96,51,62,38,18,31,0,14,16,19,0,14,419,170,217,151,99,57,0,14,0,14,103,58,0,14,0,14,0,14,56,51,37,44,25,27
1400000US36085004003,"Census Tract 40.03, Richmond County, New York",Staten Island,1211,356,468,238,468,238,0,14,0,14,0,14,0,14,0,14,0,14,467,266,420,254,0,14,0,14,0,14,47,56,117,145,0,14,0,14,25,48,0,14,134,102
1400000US36085004004,"Census Tract 40.04, Richmond County, New York",Staten Island,1987,872,1170,521,794,323,376,257,275,253,69,60,21,27,11,14,0,14,647,335,583,330,46,31,0,14,0,14,18,25,0,14,0,14,0,14,148,169,0,14,22,21
1400000US36085004700,"Census Tract 47, Richmond County, New York",Staten Island,1165,217,584,163,448,129,136,109,53,63,32,38,51,80,0,14,0,14,271,145,138,95,3,7,0,14,0,14,130,85,36,56,0,14,0,14,103,53,0,14,171,71
1400000US36085005000,"Census Tract 50, Richmond County, New York",Staten Island,2142,396,1054,314,844,297,210,134,189,128,0,14,21,30,0,14,0,14,626,249,406,173,170,159,0,14,0,14,50,61,0,14,0,14,0,14,32,39,0,14,430,198
1400000US36085005901,"Census Tract 59.01, Richmond County, New York",Staten Island,1417,287,759,210,461,165,298,134,265,122,0,14,33,59,0,14,0,14,387,201,150,105,36,43,0,14,0,14,201,148,0,14,0,14,0,14,102,141,0,14,169,119
1400000US36085005902,"Census Tract 59.02, Richmond County, New York",Staten Island,0,14,0,14,0,14,0,14,0,14,0,14,0,14,0,14,0,14,0,14,0,14,0,14,0,14,0,14,0,14,0,14,0,14,0,14,0,14,0,14,0,14
1400000US36085006400,"Census Tract 64, Richmond County, New York",Staten Island,1517,303,921,261,592,185,329,206,283,201,21,30,0,14,25,44,0,14,459,174,445,173,12,20,0,14,0,14,2,3,0,14,0,14,0,14,54,49,5,11,78,59
1400000US36085006700,"Census Tract 67, Richmond County, New York",Staten Island,1472,351,546,192,503,185,43,36,14,24,13,19,8,14,8,13,0,14,405,136,287,135,24,38,0,14,0,14,94,83,0,14,0,14,11,16,76,46,82,128,352,204
1400000US36085007001,"Census Tract 70.01, Richmond County, New York",Staten Island,1170,382,591,183,539,165,52,41,31,28,21,26,0,14,0,14,0,14,255,99,230,78,25,32,0,14,0,14,0,14,0,14,0,14,0,14,279,314,0,14,45,50
1400000US36085007002,"Census Tract 70.02, Richmond County, New York",Staten Island,2939,844,1994,638,1561,633,433,179,280,139,79,92,74,88,0,19,0,19,590,255,305,157,175,128,0,19,0,19,110,98,0,19,0,19,0,19,158,226,0,19,197,109
1400000US36085007400,"Census Tract 74, Richmond County, New York",Staten Island,2095,452,1204,221,755,228,449,159,218,109,222,110,9,15,0,14,0,14,734,390,690,389,44,41,0,14,0,14,0,14,0,14,0,14,39,52,33,34,5,10,80,59
1400000US36085007500,"Census Tract 75, Richmond County, New York",Staten Island,1294,314,842,240,750,242,92,64,0,14,31,41,0,14,61,52,0,14,291,154,127,111,61,54,0,14,0,14,103,81,0,14,0,14,67,72,13,22,23,25,58,49
1400000US36085007700,"Census Tract 77, Richmond County, New York",Staten Island,779,206,441,142,250,95,191,110,137,78,49,47,5,10,0,14,0,14,167,95,78,64,36,39,0,14,4,6,49,44,0,14,0,14,24,26,17,28,11,18,119,86
1400000US36085008100,"Census Tract 81, Richmond County, New York",Staten Island,1790,286,988,164,856,126,132,85,126,81,0,14,0,14,0,14,6,12,600,208,261,215,213,130,0,14,0,14,126,99,0,14,0,14,0,14,16,27,1,5,185,112
1400000US36085009601,"Census Tract 96.01, Richmond County, New York",Staten Island,1870,323,901,227,782,209,119,98,119,98,0,14,0,14,0,14,0,14,669,219,465,161,101,63,0,14,0,14,103,152,9,15,0,14,0,14,95,82,9,15,187,110
1400000US36085009602,"Census Tract 96.02, Richmond County, New York",Staten Island,2195,372,1190,324,1046,273,144,142,144,142,0,14,0,14,0,14,0,14,550,158,340,151,151,89,0,14,0,14,59,48,0,14,0,14,12,18,231,151,16,20,196,94
1400000US36085009701,"Census Tract 97.01, Richmond County, New York",Staten Island,2024,279,1234,234,1010,217,224,151,172,116,52,85,0,14,0,14,0,14,549,189,345,154,128,107,0,14,0,14,76,51,96,89,0,14,0,14,11,18,0,14,134,77
1400000US36085009702,"Census Tract 97.02, Richmond County, New York",Staten Island,21,19,4,2,4,2,0,14,0,14,0,14,0,14,0,14,0,14,0,14,0,14,0,14,0,14,0,14,0,14,17,19,0,14,0,14,0,14,0,14,0,14
1400000US36085010500,"Census Tract 105, Richmond County, New York",Staten Island,2286,524,1261,336,1053,280,208,162,134,135,74,98,0,19,0,19,0,19,595,221,354,204,118,87,0,19,0,19,123,102,57,57,0,19,0,19,129,142,27,42,217,142
1400000US36085011201,"Census Tract 112.01, Richmond County, New York",Staten Island,2611,543,1681,420,1280,276,401,310,163,87,238,297,0,19,0,19,0,19,519,179,323,130,196,147,0,19,0,19,0,19,24,27,0,19,0,19,152,155,26,31,209,157
1400000US36085011203,"Census Tract 112.03, Richmond County, New York",Staten Island,2525,407,1569,370,1300,337,269,135,219,149,20,31,30,41,0,19,0,19,643,245,533,214,87,79,0,19,0,19,23,38,0,19,0,19,0,19,22,35,67,77,224,163
1400000US36085011204,"Census Tract 112.04, Richmond County, New York",Staten Island,56,62,11,16,11,16,0,14,0,14,0,14,0,14,0,14,0,14,29,38,29,38,0,14,0,14,0,14,0,14,0,14,0,14,0,14,16,21,0,14,0,14
1400000US36085011401,"Census Tract 114.01, Richmond County, New York",Staten Island,1224,306,528,174,472,153,56,48,18,26,34,38,4,12,0,14,0,14,580,309,483,282,97,95,0,14,0,14,0,14,0,14,0,14,0,14,45,53,10,16,61,68
1400000US36085011402,"Census Tract 114.02, Richmond County, New York",Staten Island,1460,280,677,158,487,152,190,106,127,87,45,60,18,22,0,14,0,14,523,207,275,130,196,112,0,14,0,14,52,66,0,14,0,14,0,14,12,19,0,14,248,107
1400000US36085012100,"Census Tract 121, Richmond County, New York",Staten Island,1502,548,977,530,873,515,104,72,60,52,13,21,31,49,0,14,0,14,150,112,131,108,0,14,0,14,0,14,19,29,0,14,0,14,0,14,131,84,0,14,244,113
1400000US36085012200,"Census Tract 122, Richmond County, New York",Staten Island,1738,343,1226,317,1121,273,105,84,105,84,0,14,0,14,0,14,0,14,321,137,232,123,67,49,0,14,0,14,22,32,0,14,0,14,0,14,16,25,5,8,170,93
1400000US36085012500,"Census Tract 125, Richmond County, New York",Staten Island,1746,327,948,227,807,232,141,90,96,73,45,52,0,14,0,14,0,14,521,178,350,163,111,86,0,14,0,14,60,41,0,14,0,14,0,14,36,31,7,13,234,100
1400000US36085012804,"Census Tract 128.04, Richmond County, New York",Staten Island,2362,463,1294,257,975,226,319,165,240,153,69,48,0,14,0,14,10,15,759,286,728,286,31,36,0,14,0,14,0,14,0,14,0,14,0,14,23,41,69,70,217,124
1400000US36085012805,"Census Tract 128.05, Richmond County, New York",Staten Island,1263,269,575,136,499,131,76,51,57,45,11,18,8,14,0,14,0,14,341,146,333,146,8,11,0,14,0,14,0,14,0,14,0,14,0,14,0,14,20,23,327,157
1400000US36085012806,"Census Tract 128.06, Richmond County, New York",Staten Island,2619,464,1170,410,887,320,283,218,169,150,114,151,0,19,0,19,0,19,1036,344,942,296,94,138,0,19,0,19,0,19,0,19,29,49,0,19,77,80,10,17,297,173
1400000US36085013201,"Census Tract 132.01, Richmond County, New York",Staten Island,768,143,443,145,342,136,101,79,93,79,8,12,0,14,0,14,0,14,184,64,118,54,59,50,0,14,0,14,7,11,0,14,0,14,0,14,21,18,7,12,113,54
1400000US36085013203,"Census Tract 132.03, Richmond County, New York",Staten Island,3378,525,1878,331,1673,332,205,129,94,91,21,31,44,66,46,48,0,19,828,338,510,211,94,131,45,76,0,19,179,160,122,178,0,19,0,19,96,111,16,28,438,234
1400000US36085013204,"Census Tract 132.04, Richmond County, New York",Staten Island,2211,359,1309,310,1213,276,96,83,57,73,0,14,0,14,15,19,24,40,680,226,497,161,171,112,0,14,0,14,12,18,0,14,0,14,0,14,78,87,11,17,133,56
1400000US36085013301,"Census Tract 133.01, Richmond County, New York",Staten Island,331,96,188,86,130,74,58,56,52,56,6,10,0,14,0,14,0,14,103,48,103,48,0,14,0,14,0,14,0,14,0,14,0,14,0,14,23,34,0,14,17,30
1400000US36085013302,"Census Tract 133.02, Richmond County, New York",Staten Island,1513,589,1048,573,702,327,346,278,61,66,91,111,194,272,0,14,0,14,372,206,170,92,94,99,13,19,0,14,95,124,19,29,0,14,0,14,2,4,60,69,12,3
1400000US36085013400,"Census Tract 134, Richmond County, New York",Staten Island,1605,259,1089,212,938,187,151,78,98,55,0,14,53,42,0,14,0,14,270,124,171,100,57,42,0,14,0,14,42,45,24,37,0,14,0,14,18,26,46,40,158,105
1400000US36085013800,"Census Tract 138, Richmond County, New York",Staten Island,2952,527,1961,372,1778,375,183,172,126,141,22,35,35,65,0,19,0,19,537,240,423,214,114,99,0,19,0,19,0,19,0,19,0,19,0,19,55,85,36,56,363,248
1400000US36085014100,"Census Tract 141, Richmond County, New York",Staten Island,1209,204,784,190,583,171,201,108,166,105,35,40,0,14,0,14,0,14,215,81,80,52,44,44,0,14,0,14,91,75,13,21,0,14,0,14,20,22,5,9,172,90
1400000US36085014604,"Census Tract 146.04, Richmond County, New York",Staten Island,3387,761,2348,660,1731,538,617,339,564,339,38,55,0,19,15,25,0,19,758,268,458,193,252,131,0,19,0,19,48,52,0,19,0,19,0,19,0,19,63,70,218,151
1400000US36085014605,"Census Tract 146.05, Richmond County, New York",Staten Island,1939,448,1130,291,1004,280,126,89,126,89,0,14,0,14,0,14,0,14,408,180,316,172,68,88,0,14,0,14,24,38,0,14,0,14,0,14,25,28,0,14,376,352
1400000US36085014606,"Census Tract 146.06, Richmond County, New York",Staten Island,2805,618,1849,439,1805,440,44,44,0,19,0,19,44,44,0,19,0,19,417,152,164,102,152,99,0,19,0,19,101,70,0,19,0,19,0,19,32,39,0,19,507,417
1400000US36085014607,"Census Tract 146.07, Richmond County, New York",Staten Island,2198,379,1526,393,1439,382,87,74,83,75,0,14,4,8,0,14,0,14,220,116,140,101,43,40,0,14,0,14,37,39,0,14,0,14,0,14,11,19,0,14,441,218
1400000US36085014608,"Census Tract 146.08, Richmond County, New York",Staten Island,1802,289,1473,266,1335,247,138,83,124,82,14,17,0,14,0,14,0,14,133,87,115,83,8,15,0,14,0,14,10,16,0,14,0,14,0,14,50,50,21,24,125,81
1400000US36085014700,"Census Tract 147, Richmond County, New York",Staten Island,1640,362,964,301,842,302,122,91,113,90,0,14,9,16,0,14,0,14,387,221,361,218,22,30,0,14,0,14,4,10,0,14,0,14,0,14,27,41,49,59,213,109
1400000US36085015100,"Census Tract 151, Richmond County, New York",Staten Island,2103,445,1352,418,1216,385,136,142,80,93,56,74,0,19,0,19,0,19,346,145,311,147,35,60,0,19,0,19,0,19,0,19,0,19,0,19,9,20,49,76,347,183
1400000US36085015400,"Census Tract 154, Richmond County, New York",Staten Island,0,14,0,14,0,14,0,14,0,14,0,14,0,14,0,14,0,14,0,14,0,14,0,14,0,14,0,14,0,14,0,14,0,14,0,14,0,14,0,14,0,14
1400000US36085015601,"Census Tract 156.01, Richmond County, New York",Staten Island,3175,772,1964,682,1858,696,106,99,64,75,0,19,42,63,0,19,0,19,837,424,457,299,316,226,0,19,0,19,64,75,0,19,0,19,0,19,111,115,0,19,263,155
1400000US36085015602,"Census Tract 156.02, Richmond County, New York",Staten Island,1659,242,1117,202,922,192,195,191,189,191,6,10,0,14,0,14,0,14,229,83,188,78,0,14,0,14,0,14,41,48,0,14,0,14,12,20,8,13,14,39,279,126
1400000US36085015603,"Census Tract 156.03, Richmond County, New York",Staten Island,2537,429,1687,407,1353,406,334,128,241,112,0,19,93,97,0,19,0,19,479,157,372,157,55,51,0,19,0,19,52,64,0,19,0,19,0,19,97,83,0,19,274,125
1400000US36085016901,"Census Tract 169.01, Richmond County, New York",Staten Island,1927,374,1143,255,851,208,292,152,268,142,0,14,24,38,0,14,0,14,348,137,286,84,0,14,0,14,0,14,62,71,7,13,0,14,0,14,141,94,0,14,288,128
1400000US36085017005,"Census Tract 170.05, Richmond County, New York",Staten Island,2343,321,1541,368,1124,289,417,207,256,142,24,30,108,165,29,33,0,14,377,152,261,118,106,68,0,14,0,14,10,15,0,14,0,14,0,14,96,86,33,51,296,123
1400000US36085017007,"Census Tract 170.07, Richmond County, New York",Staten Island,2682,393,1782,344,1541,339,241,122,144,96,74,80,13,20,10,16,0,19,578,157,528,152,19,30,0,19,0,19,31,30,24,27,0,19,23,29,14,21,37,45,224,120
1400000US36085017009,"Census Tract 170.09, Richmond County, New York",Staten Island,1945,330,1182,219,1031,217,151,75,107,69,44,47,0,14,0,14,0,14,410,180,312,128,84,109,0,14,0,14,14,21,28,41,0,14,0,14,32,25,19,28,274,145
1400000US36085017011,"Census Tract 170.11, Richmond County, New York",Staten Island,2221,392,1559,396,1052,313,507,336,206,108,66,62,230,322,0,14,5,8,384,153,318,149,10,17,0,14,0,14,56,60,0,14,0,14,0,14,0,14,30,34,248,118
1400000US36085017012,"Census Tract 170.12, Richmond County, New York",Staten Island,2529,268,1564,233,1392,254,172,97,127,75,0,19,0,19,45,57,0,19,554,204,444,190,110,68,0,19,0,19,0,19,18,29,0,19,0,19,32,37,17,25,344,141
1400000US36085017013,"Census Tract 170.13, Richmond County, New York",Staten Island,1922,278,1336,264,1171,267,165,89,135,81,22,36,0,14,8,15,0,14,276,140,276,140,0,14,0,14,0,14,0,14,0,14,0,14,0,14,25,28,21,35,264,133
1400000US36085017014,"Census Tract 170.14, Richmond County, New York",Staten Island,2153,500,1627,445,1290,354,337,277,108,100,229,254,0,14,0,14,0,14,432,186,412,184,20,28,0,14,0,14,0,14,0,14,0,14,0,14,0,14,7,13,87,61
1400000US36085017015,"Census Tract 170.15, Richmond County, New York",Staten Island,1508,440,912,419,879,413,33,48,8,14,0,14,25,46,0,14,0,14,345,119,257,95,19,37,0,14,0,14,69,113,0,14,0,14,0,14,0,14,38,45,213,127
1400000US36085017016,"Census Tract 170.16, Richmond County, New York",Staten Island,2321,450,1811,415,1503,389,308,231,143,113,165,162,0,14,0,14,0,14,297,167,213,152,74,73,10,17,0,14,0,14,19,25,0,14,2,4,5,8,40,52,147,97
1400000US36085017300,"Census Tract 173, Richmond County, New York",Staten Island,1256,213,778,176,465,137,313,121,232,117,81,59,0,14,0,14,0,14,335,122,199,87,74,73,0,14,0,14,62,85,0,14,0,14,0,14,66,50,17,31,60,37
1400000US36085017600,"Census Tract 176, Richmond County, New York",Staten Island,2319,512,1367,353,1275,338,92,59,92,59,0,19,0,19,0,19,0,19,358,158,335,155,23,27,0,19,0,19,0,19,0,19,0,19,0,19,29,45,69,91,496,245
1400000US36085017701,"Census Tract 177.01, Richmond County, New York",Staten Island,1957,491,1147,323,967,311,180,132,123,121,27,46,0,14,30,48,0,14,449,251,387,244,37,39,0,14,0,14,25,31,7,13,0,14,0,14,0,14,140,106,214,128
1400000US36085017702,"Census Tract 177.02, Richmond County, New York",Staten Island,1074,319,601,270,515,265,86,53,86,53,0,14,0,14,0,14,0,14,214,81,181,87,0,14,0,14,0,14,33,38,0,14,0,14,0,14,36,34,49,42,174,85
1400000US36085018100,"Census Tract 181, Richmond County, New York",Staten Island,1152,364,844,348,732,293,112,84,102,84,10,15,0,14,0,14,0,14,66,49,49,45,8,12,0,14,0,14,9,15,0,14,0,14,0,14,40,52,10,15,192,76
1400000US36085018701,"Census Tract 187.01, Richmond County, New York",Staten Island,846,162,590,139,461,134,129,92,81,88,37,36,4,7,0,14,7,11,155,78,146,78,4,6,0,14,0,14,5,8,0,14,0,14,0,14,0,14,0,14,101,59
1400000US36085018703,"Census Tract 187.03, Richmond County, New York",Staten Island,1500,376,1264,337,940,302,324,155,283,163,0,14,41,52,0,14,0,14,88,56,77,53,11,16,0,14,0,14,0,14,0,14,0,14,0,14,6,11,15,20,127,102
1400000US36085018704,"Census Tract 187.04, Richmond County, New York",Staten Island,2044,457,1537,465,1493,457,44,46,16,30,28,34,0,14,0,14,0,14,100,78,88,73,0,14,0,14,0,14,12,21,0,14,0,14,0,14,31,44,4,15,372,224
1400000US36085018901,"Census Tract 189.01, Richmond County, New York",Staten Island,2534,589,1747,551,1120,356,627,341,493,242,36,47,86,146,0,19,12,31,417,231,417,231,0,19,0,19,0,19,0,19,0,19,0,19,0,19,67,77,0,19,303,180
1400000US36085018902,"Census Tract 189.02, Richmond County, New York",Staten Island,2003,342,1289,278,1105,221,184,169,44,55,140,159,0,19,0,19,0,19,433,166,423,167,10,16,0,19,0,19,0,19,0,19,0,19,0,19,0,19,53,62,228,122
1400000US36085019700,"Census Tract 197, Richmond County, New York",Staten Island,1101,189,665,120,617,128,48,44,46,44,2,4,0,14,0,14,0,14,207,58,199,57,8,10,0,14,0,14,0,14,0,14,0,14,0,14,17,21,7,8,205,149
1400000US36085019800,"Census Tract 198, Richmond County, New York",Staten Island,3330,496,2715,509,2468,506,247,161,138,154,79,93,0,19,30,49,0,19,73,76,73,76,0,19,0,19,0,19,0,19,0,19,0,19,0,19,51,67,16,34,475,238
1400000US36085020100,"Census Tract 201, Richmond County, New York",Staten Island,1484,344,877,334,725,261,152,182,138,180,0,14,14,24,0,14,0,14,332,201,218,143,0,14,0,14,0,14,114,89,0,14,0,14,0,14,9,15,26,43,240,192
1400000US36085020701,"Census Tract 207.01, Richmond County, New York",Staten Island,1162,590,627,415,539,426,88,105,32,40,0,14,56,93,0,14,0,14,521,426,417,373,59,98,0,14,0,14,45,70,0,14,0,14,0,14,0,14,0,14,14,56
1400000US36085020702,"Census Tract 207.02, Richmond County, New York",Staten Island,1096,345,609,208,412,221,197,110,197,110,0,14,0,14,0,14,0,14,323,189,230,170,37,56,11,19,0,14,45,50,0,14,0,14,0,14,129,114,0,14,35,59
1400000US36085020803,"Census Tract 208.03, Richmond County, New York",Staten Island,3533,516,2491,551,2248,522,243,159,243,159,0,19,0,19,0,19,0,19,585,238,480,222,47,50,0,19,0,19,58,56,0,19,0,19,0,19,11,22,0,19,446,305
1400000US36085020804,"Census Tract 208.04, Richmond County, New York",Staten Island,2051,389,1476,316,1169,245,307,209,307,209,0,19,0,19,0,19,0,19,294,132,240,131,30,29,0,19,0,19,24,27,0,19,0,19,0,19,50,45,0,19,231,114
1400000US36085020805,"Census Tract 208.05, Richmond County, New York",Staten Island,2919,561,2455,469,2163,444,292,202,264,200,28,32,0,19,0,19,0,19,228,120,228,120,0,19,0,19,0,19,0,19,0,19,0,19,0,19,16,26,27,33,193,174
1400000US36085020806,"Census Tract 208.06, Richmond County, New York",Staten Island,1234,219,978,224,824,193,154,118,94,70,60,96,0,14,0,14,0,14,111,86,111,86,0,14,0,14,0,14,0,14,0,14,0,14,0,14,9,16,0,14,136,103
1400000US36085021300,"Census Tract 213, Richmond County, New York",Staten Island,2441,408,1729,367,1168,308,561,260,358,237,145,136,58,100,0,19,0,19,517,219,302,162,156,125,0,19,0,19,59,49,0,19,0,19,0,19,56,53,0,19,139,94
1400000US36085022300,"Census Tract 223, Richmond County, New York",Staten Island,1238,224,861,216,622,196,239,142,221,138,0,14,18,29,0,14,0,14,321,134,216,113,5,11,47,38,0,14,53,61,7,16,0,14,1,3,0,14,0,14,48,45
1400000US36085022601,"Census Tract 226.01, Richmond County, New York",Staten Island,3917,483,2007,411,1807,377,200,134,178,129,22,35,0,19,0,19,0,19,874,325,820,322,54,87,0,19,0,19,0,19,34,50,0,19,0,19,291,402,117,108,594,302
1400000US36085022602,"Census Tract 226.02, Richmond County, New York",Staten Island,468,169,393,139,356,116,37,45,33,46,4,8,0,14,0,14,0,14,48,65,2,8,0,14,0,14,0,14,46,64,0,14,0,14,0,14,17,16,0,14,10,14
1400000US36085022801,"Census Tract 228.01, Richmond County, New York",Staten Island,26,21,21,22,10,7,11,16,11,16,0,14,0,14,0,14,0,14,5,7,5,7,0,14,0,14,0,14,0,14,0,14,0,14,0,14,0,14,0,14,0,14
1400000US36085022802,"Census Tract 228.02, Richmond County, New York",Staten Island,0,14,0,14,0,14,0,14,0,14,0,14,0,14,0,14,0,14,0,14,0,14,0,14,0,14,0,14,0,14,0,14,0,14,0,14,0,14,0,14,0,14
1400000US36085023100,"Census Tract 231, Richmond County, New York",Staten Island,1859,337,1181,248,1019,246,162,94,150,88,12,18,0,14,0,14,0,14,459,166,404,161,0,14,0,14,0,14,55,52,10,18,0,14,0,14,2,21,0,14,207,71
1400000US36085023900,"Census Tract 239, Richmond County, New York",Staten Island,1562,241,1020,177,747,164,273,131,261,130,12,19,0,14,0,14,0,14,362,161,227,108,113,113,0,14,0,14,22,41,36,40,0,14,0,14,25,36,0,14,119,82
1400000US36085024401,"Census Tract 244.01, Richmond County, New York",Staten Island,3057,506,2377,476,2272,481,105,143,105,143,0,19,0,19,0,19,0,19,147,97,112,85,0,19,0,19,0,19,35,59,0,19,0,19,0,19,71,81,18,29,444,343
1400000US36085024402,"Census Tract 244.02, Richmond County, New York",Staten Island,2335,403,1772,377,1620,364,152,80,152,80,0,19,0,19,0,19,0,19,269,158,269,158,0,19,0,19,0,19,0,19,0,19,0,19,0,19,81,69,0,19,213,138
1400000US36085024700,"Census Tract 247, Richmond County, New York",Staten Island,1263,244,887,215,760,183,127,104,96,102,21,21,10,14,0,14,0,14,226,119,184,112,32,37,0,14,0,14,10,13,3,6,0,14,10,16,6,10,0,14,131,80
1400000US36085024800,"Census Tract 248, Richmond County, New York",Staten Island,2310,341,1859,331,1765,335,94,63,77,56,17,26,0,14,0,14,0,14,357,131,220,114,64,52,32,35,0,14,41,61,77,114,0,14,0,14,0,14,0,14,17,27
1400000US36085025100,"Census Tract 251, Richmond County, New York",Staten Island,2662,486,1900,372,1606,318,294,179,276,178,18,28,0,19,0,19,0,19,462,234,381,220,0,19,22,36,0,19,59,95,0,19,0,19,0,19,19,30,0,19,281,179
1400000US36085027301,"Census Tract 273.01, Richmond County, New York",Staten Island,2290,413,1332,346,1183,325,149,85,139,84,10,19,0,14,0,14,0,14,538,170,479,162,19,24,0,14,0,14,40,42,33,30,0,14,0,14,94,36,0,14,293,79
1400000US36085027302,"Census Tract 273.02, Richmond County, New York",Staten Island,1594,297,1137,245,869,225,268,129,254,129,0,14,14,24,0,14,0,14,216,112,191,101,15,26,0,14,0,14,10,15,13,21,0,14,0,14,0,14,0,14,228,138
1400000US36085027702,"Census Tract 277.02, Richmond County, New York",Staten Island,3158,566,1940,382,1728,398,212,163,111,102,29,49,72,86,0,19,0,19,843,412,776,380,67,97,0,19,0,19,0,19,0,19,0,19,0,19,169,110,16,25,190,104
1400000US36085027704,"Census Tract 277.04, Richmond County, New York",Staten Island,1802,390,1460,350,1265,307,195,127,86,73,59,81,13,20,14,23,23,38,81,48,70,49,11,17,0,19,0,19,0,19,0,19,0,19,0,19,0,19,0,19,261,147
1400000US36085027705,"Census Tract 277.05, Richmond County, New York",Staten Island,3022,549,1980,462,1562,408,418,192,247,137,110,93,51,64,10,17,0,19,551,188,508,182,43,41,0,19,0,19,0,19,0,19,0,19,0,19,78,69,3,5,410,121
1400000US36085027706,"Census Tract 277.06, Richmond County, New York",Staten Island,1105,155,744,158,618,169,126,79,67,43,59,67,0,14,0,14,0,14,219,114,219,114,0,14,0,14,0,14,0,14,0,14,0,14,0,14,20,23,23,32,99,68
1400000US36085027900,"Census Tract 279, Richmond County, New York",Staten Island,799,134,500,96,418,92,82,64,51,48,0,14,0,14,0,14,31,43,133,83,81,48,0,14,0,14,0,14,52,80,0,14,0,14,0,14,0,14,37,28,129,58
1400000US36085029102,"Census Tract 291.02, Richmond County, New York",Staten Island,1801,662,1188,337,881,159,307,248,299,248,0,14,8,15,0,14,0,14,304,196,297,196,0,14,0,14,0,14,7,11,43,65,0,14,0,14,0,14,18,30,248,194
1400000US36085029104,"Census Tract 291.04, Richmond County, New York",Staten Island,2955,672,1541,496,1289,459,252,279,15,26,232,278,5,26,0,19,0,19,1096,487,1062,485,34,54,0,19,0,19,0,19,0,19,0,19,0,19,103,95,0,19,215,133
1400000US36085029105,"Census Tract 291.05, Richmond County, New York",Staten Island,2140,403,1564,425,1198,414,366,196,299,183,67,70,0,14,0,14,0,14,365,154,350,153,8,17,0,14,0,14,7,12,0,14,0,14,0,14,69,61,23,37,119,89
1400000US36085029106,"Census Tract 291.06, Richmond County, New York",Staten Island,1015,270,628,171,572,165,56,45,49,42,0,14,7,12,0,14,0,14,138,97,128,96,10,16,0,14,0,14,0,14,6,15,0,14,0,14,48,57,0,14,195,110
1400000US36085030301,"Census Tract 303.01, Richmond County, New York",Staten Island,2828,670,1753,420,1326,315,427,242,427,242,0,19,0,19,0,19,0,19,785,331,737,324,48,50,0,19,0,19,0,19,0,19,0,19,0,19,0,19,0,19,290,188
1400000US36085030302,"Census Tract 303.02, Richmond County, New York",Staten Island,2790,398,1641,347,1453,341,188,139,188,139,0,19,0,19,0,19,0,19,767,255,657,228,54,59,0,19,0,19,56,65,39,38,0,19,0,19,64,57,0,19,279,160
1400000US36085031901,"Census Tract 319.01, Richmond County, New York",Staten Island,1287,415,473,193,436,190,37,53,37,53,0,14,0,14,0,14,0,14,781,390,698,340,83,104,0,14,0,14,0,14,0,14,0,14,0,14,0,14,0,14,33,40
1400000US36085031902,"Census Tract 319.02, Richmond County, New York",Staten Island,1993,511,1284,264,1211,267,73,60,32,42,41,48,0,14,0,14,0,14,592,253,470,232,122,68,0,14,0,14,0,14,0,14,0,14,0,14,68,100,0,14,49,52
1400000US36085032300,"Census Tract 323, Richmond County, New York",Staten Island,569,209,208,87,198,81,10,16,0,14,10,16,0,14,0,14,0,14,341,190,302,196,32,38,0,14,0,14,7,15,0,14,0,14,0,14,9,13,0,14,11,13
1400000US36085990100,"Census Tract 9901, Richmond County, New York",Staten Island,0,14,0,14,0,14,0,14,0,14,0,14,0,14,0,14,0,14,0,14,0,14,0,14,0,14,0,14,0,14,0,14,0,14,0,14,0,14,0,14,0,14
