geoid,tract_name,borough,B11001_E001,B11001_M001,B11001_E002,B11001_M002,B11001_E003,B11001_M003,B11001_E004,B11001_M004,B11001_E005,B11001_M005,B11001_E006,B11001_M006,B11001_E007,B11001_M007,B11001_E008,B11001_M008,B11001_E009,B11001_M009
1400000US36005000100,"Census Tract 1, Bronx County, New York",Bronx,0,14,0,14,0,14,0,14,0,14,0,14,0,14,0,14,0,14
1400000US36005000200,"Census Tract 2, Bronx County, New York",Bronx,1416,197,1136,153,584,177,552,159,133,122,419,141,280,220,139,91,141,203
1400000US36005000400,"Census Tract 4, Bronx County, New York",Bronx,2218,277,1554,279,999,336,555,170,193,182,362,153,664,205,535,151,129,150
1400000US36005001600,"Census Tract 16, Bronx County, New York",Bronx,2083,201,1453,244,659,194,794,238,164,128,630,244,630,170,545,181,85,86
1400000US36005001901,"Census Tract 19.01, Bronx County, New York",Bronx,1149,117,545,131,200,91,345,126,93,66,252,126,604,162,519,136,85,98
1400000US36005001902,"Census Tract 19.02, Bronx County, New York",Bronx,624,78,346,99,284,97,62,54,15,20,47,46,278,78,269,81,9,15
1400000US36005001903,"Census Tract 19.03, Bronx County, New York",Bronx,0,14,0,14,0,14,0,14,0,14,0,14,0,14,0,14,0,14
1400000US36005001904,"Census Tract 19.04, Bronx County, New York",Bronx,0,14,0,14,0,14,0,14,0,14,0,14,0,14,0,14,0,14
1400000US36005002001,"Census Tract 20.01, Bronx County, New York",Bronx,1729,201,1091,222,217,142,874,189,41,48,833,192,638,178,638,178,0,14
1400000US36005002002,"Census Tract 20.02, Bronx County, New York",Bronx,1808,466,983,308,166,97,817,326,17,25,800,328,825,378,796,382,29,34
1400000US36005002300,"Census Tract 23, Bronx County, New York",Bronx,1904,206,1264,234,354,226,910,155,164,95,746,152,640,167,581,173,59,73
1400000US36005002400,"Census Tract 24, Bronx County, New York",Bronx,0,14,0,14,0,14,0,14,0,14,0,14,0,14,0,14,0,14
1400000US36005002500,"Census Tract 25, Bronx County, New York",Bronx,1872,149,1175,207,324,155,851,199,293,139,558,183,697,170,578,167,119,102
1400000US36005002701,"Census Tract 27.01, Bronx County, New York",Bronx,1197,114,789,151,205,115,584,154,178,131,406,157,408,124,403,122,5,10
1400000US36005002702,"Census Tract 27.02, Bronx County, New York",Bronx,1528,140,1061,227,459,189,602,212,78,94,524,173,467,167,401,159,66,97
1400000US36005002800,"Census Tract 28, Bronx County, New York",Bronx,2806,351,1320,389,366,193,954,403,78,91,876,376,1486,369,1351,381,135,118
1400000US36005003100,"Census Tract 31, Bronx County, New York",Bronx,1162,264,916,262,239,128,677,277,55,56,622,278,246,97,233,101,13,26
1400000US36005003300,"Census Tract 33, Bronx County, New York",Bronx,1243,175,888,193,346,130,542,159,66,64,476,143,355,165,355,165,0,14
1400000US36005003500,"Census Tract 35, Bronx County, New York",Bronx,1428,306,1060,301,355,109,705,307,30,48,675,299,368,145,352,150,16,24
1400000US36005003700,"Census Tract 37, Bronx County, New York",Bronx,149,74,105,58,0,14,105,58,0,14,105,58,44,52,12,16,32,51
1400000US36005003800,"Census Tract 38, Bronx County, New York",Bronx,392,27,226,62,109,56,117,56,9,16,108,56,166,66,166,66,0,14
1400000US36005003900,"Census Tract 39, Bronx County, New York",Bronx,2197,298,1039,233,493,280,546,236,88,112,458,234,1158,302,1019,309,139,136
1400000US36005004001,"Census Tract 40.01, Bronx County, New York",Bronx,489,70,389,74,249,68,140,60,21,28,119,57,100,44,100,44,0,14
1400000US36005004100,"Census Tract 41, Bronx County, New York",Bronx,2468,333,1235,371,632,365,603,265,163,175,440,149,1233,416,1233,416,0,19
1400000US36005004200,"Census Tract 42, Bronx County, New York",Bronx,2839,320,2117,389,642,264,1475,395,335,202,1140,392,722,219,662,215,60,76
1400000US36005004300,"Census Tract 43, Bronx County, New York",Bronx,2230,177,1308,230,349,168,959,209,67,86,892,199,922,271,922,271,0,19
1400000US36005004400,"Census Tract 44, Bronx County, New York",Bronx,1539,133,1030,175,265,123,765,157,87,93,678,173,509,135,438,125,71,58
1400000US36005004600,"Census Tract 46, Bronx County, New York",Bronx,664,86,352,98,129,57,223,91,46,45,177,84,312,83,269,85,43,53
1400000US36005004800,"Census Tract 48, Bronx County, New York",Bronx,1498,150,991,177,463,174,528,167,144,100,384,134,507,136,409,129,98,62
1400000US36005005001,"Census Tract 50.01, Bronx County, New York",Bronx,1406,137,966,187,376,149,590,181,100,85,490,154,440,143,330,116,110,83
1400000US36005005002,"Census Tract 50.02, Bronx County, New York",Bronx,1880,229,1264,239,531,227,733,182,377,146,356,138,616,164,542,162,74,70
1400000US36005005100,"Census Tract 51, Bronx County, New York",Bronx,2930,258,1730,291,294,174,1436,337,0,19,1436,337,1200,382,1104,367,96,138
1400000US36005005200,"Census Tract 52, Bronx County, New York",Bronx,813,105,586,104,88,48,498,113,61,56,437,114,227,86,219,86,8,13
1400000US36005005300,"Census Tract 53, Bronx County, New York",Bronx,1614,179,840,212,118,98,722,207,86,102,636,208,774,206,699,206,75,68
1400000US36005005400,"Census Tract 54, Bronx County, New York",Bronx,1756,209,1452,216,652,209,800,243,192,121,608,210,304,121,266,109,38,48
1400000US36005005600,"Census Tract 56, Bronx County, New York",Bronx,1006,197,615,175,191,127,424,127,140,94,284,105,391,111,352,110,39,39
1400000US36005005902,"Census Tract 59.02, Bronx County, New York",Bronx,1288,202,636,143,245,94,391,160,83,76,308,146,652,242,613,229,39,44
1400000US36005006000,"Census Tract 60, Bronx County, New York",Bronx,386,56,282,70,79,46,203,74,42,27,161,69,104,51,90,50,14,22
1400000US36005006100,"Census Tract 61, Bronx County, New York",Bronx,1875,345,917,334,229,91,688,333,157,125,531,326,958,209,938,211,20,34
1400000US36005006200,"Census Tract 62, Bronx County, New York",Bronx,2544,366,1720,419,282,178,1438,411,441,185,997,360,824,252,647,216,177,163
1400000US36005006301,"Census Tract 63.01, Bronx County, New York",Bronx,3045,275,1338,353,474,267,864,253,163,154,701,207,1707,449,1037,323,670,455
1400000US36005006302,"Census Tract 63.02, Bronx County, New York",Bronx,0,14,0,14,0,14,0,14,0,14,0,14,0,14,0,14,0,14
1400000US36005006400,"Census Tract 64, Bronx County, New York",Bronx,1574,222,1017,205,255,130,762,216,173,132,589,224,557,216,403,196,154,105
1400000US36005006500,"Census Tract 65, Bronx County, New York",Bronx,2245,243,1381,376,265,173,1116,371,178,118,938,350,864,305,843,304,21,41
1400000US36005006700,"Census Tract 67, Bronx County, New York",Bronx,2640,454,1389,586,276,237,1113,572,168,137,945,575,1251,441,1182,423,69,137
1400000US36005006800,"Census Tract 68, Bronx County, New York",Bronx,893,177,668,201,244,133,424,151,156,130,268,103,225,96,203,93,22,37
1400000US36005006900,"Census Tract 69, Bronx County, New York",Bronx,2705,393,1579,459,587,256,992,456,264,146,728,417,1126,332,990,346,136,206
1400000US36005007000,"Census Tract 70, Bronx County, New York",Bronx,1447,151,1007,190,534,140,473,169,117,87,356,155,440,147,342,144,98,70
1400000US36005007100,"Census Tract 71, Bronx County, New York",Bronx,1530,150,758,253,148,85,610,245,172,209,438,162,772,208,772,208,0,14
1400000US36005007200,"Census Tract 72, Bronx County, New York",Bronx,1625,241,1106,213,763,170,343,158,158,127,185,115,519,186,427,159,92,99
1400000US36005007300,"Census Tract 73, Bronx County, New York",Bronx,1602,241,1013,259,253,118,760,256,86,132,674,261,589,151,534,152,55,59
1400000US36005007400,"Census Tract 74, Bronx County, New York",Bronx,1429,117,944,165,353,133,591,166,121,84,470,158,485,142,485,142,0,14
1400000US36005007500,"Census Tract 75, Bronx County, New York",Bronx,2430,218,1660,273,523,213,1137,281,289,208,848,241,770,257,770,257,0,19
1400000US36005007600,"Census Tract 76, Bronx County, New York",Bronx,1822,250,1290,241,546,192,744,176,295,127,449,154,532,194,489,183,43,56
1400000US36005007700,"Census Tract 77, Bronx County, New York",Bronx,601,71,441,90,215,103,226,86,24,27,202,81,160,70,160,70,0,14
1400000US36005007800,"Census Tract 78, Bronx County, New York",Bronx,1932,211,1124,210,376,102,748,213,220,144,528,172,808,217,770,214,38,64
1400000US36005007900,"Census Tract 79, Bronx County, New York",Bronx,2225,239,1811,260,674,290,1137,338,189,176,948,301,414,204,337,212,77,91
1400000US36005008300,"Census Tract 83, Bronx County, New York",Bronx,2213,270,1488,336,572,324,916,247,101,87,815,251,725,218,537,235,188,103
1400000US36005008400,"Census Tract 84, Bronx County, New York",Bronx,1023,345,545,100,231,69,314,86,117,63,197,87,478,337,468,336,10,14
1400000US36005008500,"Census Tract 85, Bronx County, New York",Bronx,2189,256,1368,239,376,179,992,245,130,106,862,243,821,290,748,275,73,73
1400000US36005008600,"Census Tract 86, Bronx County, New York",Bronx,1550,276,1058,291,307,162,751,302,58,93,693,292,492,214,492,214,0,14
1400000US36005008700,"Census Tract 87, Bronx County, New York",Bronx,2091,218,1363,243,454,223,909,244,166,121,743,179,728,147,653,160,75,72
1400000US36005008900,"Census Tract 89, Bronx County, New York",Bronx,1346,189,727,183,303,170,424,165,15,22,409,161,619,234,571,223,48,47
1400000US36005009000,"Census Tract 90, Bronx County, New York",Bronx,1281,179,1071,218,333,129,738,199,153,167,585,160,210,90,195,85,15,27
1400000US36005009200,"Census Tract 92, Bronx County, New York",Bronx,1872,168,1357,230,669,151,688,247,236,171,452,192,515,186,515,186,0,19
1400000US36005009301,"Census Tract 93.01, Bronx County, New York",Bronx,1912,273,1255,299,520,224,735,205,76,111,659,199,657,237,547,228,110,94
1400000US36005009302,"Census Tract 93.02, Bronx County, New York",Bronx,0,14,0,14,0,14,0,14,0,14,0,14,0,14,0,14,0,14
1400000US36005009600,"Census Tract 96, Bronx County, New York",Bronx,818,149,435,98,240,82,195,78,32,28,163,76,383,137,371,137,12,11
1400000US36005009800,"Census Tract 98, Bronx County, New York",Bronx,1669,174,986,211,467,196,519,203,93,92,426,202,683,180,566,187,117,128
1400000US36005011000,"Census Tract 110, Bronx County, New York",Bronx,0,14,0,14,0,14,0,14,0,14,0,14,0,14,0,14,0,14
1400000US36005011502,"Census Tract 115.02, Bronx County, New York",Bronx,1513,191,942,250,175,108,767,239,254,215,513,192,571,177,458,168,113,86
1400000US36005011701,"Census Tract 117.01, Bronx County, New York",Bronx,474,38,262,63,28,25,234,59,17,26,217,63,212,59,190,57,22,36
1400000US36005011702,"Census Tract 117.02, Bronx County, New York",Bronx,0,14,0,14,0,14,0,14,0,14,0,14,0,14,0,14,0,14
1400000US36005011800,"Census Tract 118, Bronx County, New York",Bronx,1517,182,953,193,547,157,406,165,92,83,314,132,564,133,493,126,71,55
1400000US36005011900,"Census Tract 119, Bronx County, New York",Bronx,1875,187,1458,223,552,224,906,216,210,120,696,208,417,150,417,150,0,19
1400000US36005012101,"Census Tract 121.01, Bronx County, New York",Bronx,1057,105,669,145,292,126,377,146,83,70,294,107,388,128,376,130,12,19
1400000US36005012102,"Census Tract 121.02, Bronx County, New York",Bronx,572,135,341,114,82,29,259,112,22,27,237,112,231,111,231,111,0,14
1400000US36005012300,"Census Tract 123, Bronx County, New York",Bronx,1772,191,1261,246,386,208,875,164,125,80,750,172,511,136,480,143,31,40
1400000US36005012500,"Census Tract 125, Bronx County, New York",Bronx,1449,138,957,193,284,113,673,220,229,166,444,179,492,202,432,193,60,81
1400000US36005012701,"Census Tract 127.01, Bronx County, New York",Bronx,745,112,523,145,146,53,377,143,163,139,214,77,222,76,209,77,13,20
1400000US36005012901,"Census Tract 129.01, Bronx County, New York",Bronx,1744,243,1129,305,441,209,688,243,150,172,538,188,615,175,569,170,46,47
1400000US36005013000,"Census Tract 130, Bronx County, New York",Bronx,472,105,346,50,205,65,141,64,50,44,91,70,126,108,56,39,70,101
1400000US36005013100,"Census Tract 131, Bronx County, New York",Bronx,2225,228,1037,180,312,124,725,187,107,76,618,185,1188,276,1118,273,70,70
1400000US36005013200,"Census Tract 132, Bronx County, New York",Bronx,2605,343,2028,377,1121,369,907,267,304,233,603,228,577,210,522,207,55,53
1400000US36005013300,"Census Tract 133, Bronx County, New York",Bronx,2269,322,1647,361,386,347,1261,263,120,140,1141,243,622,211,622,211,0,19
1400000US36005013500,"Census Tract 135, Bronx County, New York",Bronx,1534,239,922,298,322,256,600,302,92,100,508,273,612,301,596,300,16,26
1400000US36005013800,"Census Tract 138, Bronx County, New York",Bronx,1255,212,752,145,413,122,339,94,62,48,277,92,503,220,444,212,59,60
1400000US36005014100,"Census Tract 141, Bronx County, New York",Bronx,3034,257,1879,254,462,221,1417,271,39,68,1378,281,1155,318,1074,328,81,83
1400000US36005014300,"Census Tract 143, Bronx County, New York",Bronx,743,60,234,70,56,49,178,71,65,44,113,67,509,62,497,63,12,18
1400000US36005014400,"Census Tract 144, Bronx County, New York",Bronx,2428,294,1402,294,507,244,895,257,238,196,657,180,1026,362,981,342,45,61
1400000US36005014500,"Census Tract 145, Bronx County, New York",Bronx,2433,417,1409,489,268,153,1141,525,94,111,1047,533,1024,274,1024,274,0,19
1400000US36005014701,"Census Tract 147.01, Bronx County, New York",Bronx,2009,432,1426,547,209,250,1217,520,20,40,1197,522,583,397,583,397,0,19
1400000US36005014702,"Census Tract 147.02, Bronx County, New York",Bronx,1924,472,1175,352,263,114,912,333,337,317,575,132,749,400,749,400,0,14
1400000US36005014900,"Census Tract 149, Bronx County, New York",Bronx,1546,179,830,215,192,98,638,171,103,90,535,163,716,146,598,161,118,92
1400000US36005015100,"Census Tract 151, Bronx County, New York",Bronx,2117,401,1095,360,557,372,538,207,107,122,431,197,1022,364,882,354,140,134
1400000US36005015200,"Census Tract 152, Bronx County, New York",Bronx,986,135,653,139,385,116,268,98,85,65,183,90,333,111,187,66,146,90
1400000US36005015300,"Census Tract 153, Bronx County, New York",Bronx,1781,331,804,217,224,120,580,183,104,72,476,204,977,302,973,305,4,21
1400000US36005015500,"Census Tract 155, Bronx County, New York",Bronx,1064,191,702,207,327,116,375,190,140,156,235,116,362,149,285,129,77,75
1400000US36005015700,"Census Tract 157, Bronx County, New York",Bronx,2321,111,1256,265,387,127,869,268,149,138,720,229,1065,277,986,274,79,121
1400000US36005015800,"Census Tract 158, Bronx County, New York",Bronx,534,59,301,68,223,81,78,39,40,29,38,26,233,55,224,55,9,15
1400000US36005015900,"Census Tract 159, Bronx County, New York",Bronx,1023,165,599,153,210,77,389,163,38,57,351,161,424,144,378,141,46,60
1400000US36005016000,"Census Tract 160, Bronx County, New York",Bronx,1521,143,1053,164,628,171,425,151,82,70,343,139,468,139,446,130,22,37
1400000US36005016100,"Census Tract 161, Bronx County, New York",Bronx,2224,264,1316,336,405,247,911,252,63,77,848,220,908,240,878,232,30,44
1400000US36005016200,"Census Tract 162, Bronx County, New York",Bronx,509,73,407,71,246,68,161,69,27,30,134,61,102,63,52,35,50,48
1400000US36005016300,"Census Tract 163, Bronx County, New York",Bronx,0,14,0,14,0,14,0,14,0,14,0,14,0,14,0,14,0,14
1400000US36005016400,"Census Tract 164, Bronx County, New York",Bronx,392,68,265,59,230,59,35,24,7,8,28,24,127,67,112,66,15,20
1400000US36005016500,"Census Tract 165, Bronx County, New York",Bronx,376,44,300,68,92,56,208,78,76,65,132,59,76,52,36,29,40,45
1400000US36005016600,"Census Tract 166, Bronx County, New York",Bronx,802,99,663,91,335,96,328,108,76,47,252,106,139,73,95,47,44,61
1400000US36005016700,"Census Tract 167, Bronx County, New York",Bronx,1154,128,702,157,136,64,566,147,134,88,432,134,452,147,422,145,30,39
1400000US36005016900,"Census Tract 169, Bronx County, New York",Bronx,607,157,353,104,125,56,228,107,65,42,163,96,254,172,254,172,0,14
1400000US36005017100,"Census Tract 171, Bronx County, New York",Bronx,0,14,0,14,0,14,0,14,0,14,0,14,0,14,0,14,0,14
1400000US36005017300,"Census Tract 173, Bronx County, New York",Bronx,2276,247,1300,302,455,307,845,284,156,166,689,314,976,243,924,239,52,66
1400000US36005017500,"Census Tract 175, Bronx County, New York",Bronx,2975,431,1410,313,133,181,1277,266,346,257,931,291,1565,473,1388,461,177,191
1400000US36005017701,"Census Tract 177.01, Bronx County, New York",Bronx,1462,199,1171,247,353,189,818,263,107,108,711,286,291,160,106,102,185,122
1400000US36005017702,"Census Tract 177.02, Bronx County, New York",Bronx,1675,192,1320,245,408,236,912,291,305,173,607,257,355,155,271,137,84,65
1400000US36005017901,"Census Tract 179.01, Bronx County, New York",Bronx,1688,297,1263,336,678,319,585,178,39,42,546,177,425,154,379,145,46,52
1400000US36005017902,"Census Tract 179.02, Bronx County, New York",Bronx,1216,219,932,242,244,220,688,198,139,116,549,206,284,145,284,145,0,14
1400000US36005018101,"Census Tract 181.01, Bronx County, New York",Bronx,1084,126,728,192,403,214,325,113,66,73,259,98,356,134,338,138,18,28
1400000US36005018102,"Census Tract 181.02, Bronx County, New York",Bronx,2150,542,960,205,479,180,481,193,145,123,336,168,1190,540,1117,529,73,75
1400000US36005018301,"Census Tract 183.01, Bronx County, New York",Bronx,1934,201,803,185,452,146,351,139,42,47,309,119,1131,234,933,223,198,104
1400000US36005018302,"Census Tract 183.02, Bronx County, New York",Bronx,1452,349,668,136,183,90,485,124,55,80,430,112,784,377,784,377,0,14
1400000US36005018400,"Census Tract 184, Bronx County, New York",Bronx,1340,131,974,150,558,162,416,122,198,104,218,86,366,119,285,116,81,65
1400000US36005018501,"Census Tract 185.01, Bronx County, New York",Bronx,1466,228,825,242,203,193,622,149,237,93,385,159,641,201,633,197,8,22
1400000US36005018502,"Census Tract 185.02, Bronx County, New York",Bronx,2106,232,1353,327,166,192,1187,246,231,175,956,261,753,223,724,224,29,41
1400000US36005018900,"Census Tract 189, Bronx County, New York",Bronx,3050,189,1998,364,717,294,1281,329,183,153,1098,317,1052,337,882,311,170,153
1400000US36005019300,"Census Tract 193, Bronx County, New York",Bronx,2519,363,1649,449,245,182,1404,408,579,377,825,292,870,316,812,309,58,95
1400000US36005019400,"Census Tract 194, Bronx County, New York",Bronx,696,96,518,100,282,87,236,98,105,74,131,66,178,72,163,67,15,23
1400000US36005019500,"Census Tract 195, Bronx County, New York",Bronx,2703,246,1501,348,395,257,1106,310,458,292,648,204,1202,329,901,297,301,257
1400000US36005019700,"Census Tract 197, Bronx County, New York",Bronx,2528,397,1667,291,827,283,840,302,157,155,683,283,861,430,651,411,210,158
1400000US36005019900,"Census Tract 199, Bronx County, New York",Bronx,3185,401,1857,475,878,446,979,296,158,136,821,273,1328,407,1029,370,299,244
1400000US36005020000,"Census Tract 200, Bronx County, New York",Bronx,1430,117,1000,135,546,135,454,122,72,58,382,125,430,120,376,119,54,53
1400000US36005020100,"Census Tract 201, Bronx County, New York",Bronx,1406,213,909,276,147,116,762,269,201,137,561,251,497,217,497,217,0,14
1400000US36005020200,"Census Tract 202, Bronx County, New York",Bronx,975,173,593,160,372,157,221,60,72,42,149,56,382,111,312,97,70,62
1400000US36005020400,"Census Tract 204, Bronx County, New York",Bronx,988,133,676,129,187,83,489,153,151,109,338,112,312,92,294,84,18,30
1400000US36005020501,"Census Tract 205.01, Bronx County, New York",Bronx,2681,164,1866,302,827,305,1039,333,103,129,936,260,815,252,719,243,96,114
1400000US36005020502,"Census Tract 205.02, Bronx County, New York",Bronx,1040,135,536,139,205,114,331,122,92,83,239,87,504,140,424,151,80,76
1400000US36005020601,"Census Tract 206.01, Bronx County, New York",Bronx,937,164,615,163,389,155,226,94,20,31,206,88,322,105,261,97,61,58
1400000US36005020900,"Census Tract 209, Bronx County, New York",Bronx,1944,266,1173,238,563,230,610,158,44,48,566,154,771,249,748,246,23,35
1400000US36005021001,"Census Tract 210.01, Bronx County, New York",Bronx,3563,291,1878,379,862,331,1016,256,153,128,863,255,1685,380,1469,339,216,194
1400000US36005021002,"Census Tract 210.02, Bronx County, New York",Bronx,3158,494,1871,418,921,222,950,421,327,291,623,326,1287,275,1256,278,31,39
1400000US36005021100,"Census Tract 211, Bronx County, New York",Bronx,2002,231,1056,177,431,162,625,168,133,125,492,141,946,242,808,251,138,152
1400000US36005021200,"Census Tract 212, Bronx County, New York",Bronx,2325,360,1275,324,933,281,342,165,231,158,111,81,1050,260,940,236,110,104
1400000US36005021301,"Census Tract 213.01, Bronx County, New York",Bronx,447,75,346,91,174,92,172,75,42,42,130,64,101,71,101,71,0,14
1400000US36005021302,"Census Tract 213.02, Bronx County, New York",Bronx,2324,372,1118,186,565,201,553,179,58,69,495,155,1206,367,867,280,339,301
1400000US36005021501,"Census Tract 215.01, Bronx County, New York",Bronx,1348,170,935,212,324,184,611,174,122,89,489,161,413,142,366,146,47,49
1400000US36005021502,"Census Tract 215.02, Bronx County, New York",Bronx,2322,254,1414,388,400,264,1014,404,70,81,944,417,908,344,891,345,17,38
1400000US36005021601,"Census Tract 216.01, Bronx County, New York",Bronx,1582,220,1088,244,489,171,599,270,159,199,440,185,494,131,430,117,64,58
1400000US36005021602,"Census Tract 216.02, Bronx County, New York",Bronx,2345,294,1446,372,980,359,466,182,107,96,359,170,899,231,820,221,79,67
1400000US36005021700,"Census Tract 217, Bronx County, New York",Bronx,1939,197,1183,271,454,182,729,276,240,176,489,222,756,179,721,185,35,55
1400000US36005021800,"Census Tract 218, Bronx County, New York",Bronx,2329,339,1464,316,449,142,1015,334,348,280,667,195,865,224,842,219,23,44
1400000US36005021900,"Census Tract 219, Bronx County, New York",Bronx,489,73,284,83,97,39,187,84,77,70,110,50,205,75,186,70,19,22
1400000US36005022000,"Census Tract 220, Bronx County, New York",Bronx,650,78,378,85,162,74,216,67,30,31,186,63,272,70,242,69,30,29
1400000US36005022101,"Census Tract 221.01, Bronx County, New York",Bronx,1339,161,925,217,355,195,570,164,68,68,502,164,414,159,329,156,85,64
1400000US36005022102,"Census Tract 221.02, Bronx County, New York",Bronx,1681,178,1198,226,421,164,777,267,253,118,524,257,483,152,483,152,0,19
1400000US36005022200,"Census Tract 222, Bronx County, New York",Bronx,1089,132,744,139,552,148,192,79,65,52,127,65,345,109,321,112,24,23
1400000US36005022300,"Census Tract 223, Bronx County, New York",Bronx,2103,443,1516,410,188,174,1328,396,184,132,1144,388,587,335,553,333,34,41
1400000US36005022401,"Census Tract 224.01, Bronx County, New York",Bronx,965,111,519,124,240,76,279,104,63,53,216,105,446,134,371,131,75,62
1400000US36005022403,"Census Tract 224.03, Bronx County, New York",Bronx,1154,132,717,178,336,136,381,134,64,58,317,129,437,109,410,101,27,33
1400000US36005022404,"Census Tract 224.04, Bronx County, New York",Bronx,1875,212,1130,228,453,157,677,234,240,131,437,195,745,166,620,151,125,82
1400000US36005022500,"Census Tract 225, Bronx County, New York",Bronx,2225,242,1631,312,666,214,965,287,406,259,559,198,594,203,524,188,70,67
1400000US36005022701,"Census Tract 227.01, Bronx County, New York",Bronx,2025,305,1288,272,295,151,993,295,254,201,739,277,737,307,666,304,71,67
1400000US36005022702,"Census Tract 227.02, Bronx County, New York",Bronx,545,68,319,103,107,77,212,91,71,69,141,75,226,78,175,76,51,64
1400000US36005022703,"Census Tract 227.03, Bronx County, New York",Bronx,695,143,393,148,135,64,258,146,53,39,205,143,302,114,264,111,38,37
1400000US36005022800,"Census Tract 228, Bronx County, New York",Bronx,2381,265,1488,291,583,228,905,284,243,146,662,289,893,318,801,308,92,82
1400000US36005022901,"Census Tract 229.01, Bronx County, New York",Bronx,1970,215,1409,209,355,201,1054,187,277,180,777,184,561,229,471,234,90,68
1400000US36005022902,"Census Tract 229.02, Bronx County, New York",Bronx,1186,179,721,153,253,134,468,161,0,14,468,161,465,250,269,137,196,176
1400000US36005023000,"Census Tract 230, Bronx County, New York",Bronx,965,154,725,187,227,91,498,199,139,91,359,172,240,117,232,119,8,13
1400000US36005023100,"Census Tract 231, Bronx County, New York",Bronx,404,92,271,89,132,81,139,90,35,50,104,77,133,71,80,53,53,52
1400000US36005023200,"Census Tract 232, Bronx County, New York",Bronx,867,83,569,83,239,76,330,74,71,55,259,74,298,75,188,64,110,57
1400000US36005023301,"Census Tract 233.01, Bronx County, New York",Bronx,1622,200,981,246,218,138,763,236,126,94,637,221,641,191,600,180,41,53
1400000US36005023302,"Census Tract 233.02, Bronx County, New York",Bronx,1082,135,894,167,480,173,414,181,104,96,310,168,188,115,136,99,52,65
1400000US36005023501,"Census Tract 235.01, Bronx County, New York",Bronx,1211,185,578,177,329,191,249,112,109,111,140,104,633,137,534,84,99,104
1400000US36005023502,"Census Tract 235.02, Bronx County, New York",Bronx,1703,164,1091,223,555,248,536,174,142,105,394,151,612,189,572,189,40,38
1400000US36005023600,"Census Tract 236, Bronx County, New York",Bronx,566,71,377,75,128,50,249,62,102,47,147,60,189,77,119,65,70,57
1400000US36005023702,"Census Tract 237.02, Bronx County, New York",Bronx,317,90,237,99,102,78,135,63,39,43,96,52,80,44,71,42,9,14
1400000US36005023703,"Census Tract 237.03, Bronx County, New York",Bronx,1835,399,1305,447,257,133,1048,464,210,109,838,467,530,196,515,197,15,23
1400000US36005023704,"Census Tract 237.04, Bronx County, New York",Bronx,1392,204,1005,251,344,134,661,212,48,57,613,222,387,149,326,149,61,75
1400000US36005023800,"Census Tract 238, Bronx County, New York",Bronx,802,81,612,93,329,85,283,76,29,23,254,70,190,74,132,65,58,42
1400000US36005023900,"Census Tract 239, Bronx County, New York",Bronx,2583,313,1965,405,493,334,1472,383,217,185,1255,350,618,221,531,202,87,97
1400000US36005024000,"Census Tract 240, Bronx County, New York",Bronx,1319,216,952,232,431,145,521,212,187,123,334,180,367,124,237,101,130,103
1400000US36005024100,"Census Tract 241, Bronx County, New York",Bronx,2309,509,1445,308,724,234,721,275,126,122,595,255,864,532,856,533,8,13
1400000US36005024300,"Census Tract 243, Bronx County, New York",Bronx,2007,162,904,209,177,112,727,203,112,82,615,194,1103,190,1070,197,33,40
1400000US36005024400,"Census Tract 244, Bronx County, New York",Bronx,830,153,597,132,246,90,351,111,94,61,257,121,233,75,190,76,43,40
1400000US36005024501,"Census Tract 245.01, Bronx County, New York",Bronx,1630,112,1129,194,368,167,761,195,297,152,464,148,501,167,487,166,14,22
1400000US36005024502,"Census Tract 245.02, Bronx County, New York",Bronx,1256,203,928,234,402,198,526,232,22,35,504,234,328,150,258,127,70,82
1400000US36005024600,"Census Tract 246, Bronx County, New York",Bronx,774,141,531,113,300,87,231,96,78,52,153,87,243,80,218,72,25,33
1400000US36005024700,"Census Tract 247, Bronx County, New York",Bronx,735,78,381,98,185,75,196,69,58,50,138,54,354,105,354,105,0,14
1400000US36005024800,"Census Tract 248, Bronx County, New York",Bronx,1250,164,736,200,460,114,276,182,82,135,194,116,514,146,362,113,152,140
1400000US36005024900,"Census Tract 249, Bronx County, New York",Bronx,0,14,0,14,0,14,0,14,0,14,0,14,0,14,0,14,0,14
1400000US36005025000,"Census Tract 250, Bronx County, New York",Bronx,905,147,662,167,388,140,274,122,83,67,191,103,243,80,207,68,36,43
1400000US36005025100,"Census Tract 251, Bronx County, New York",Bronx,2314,276,1638,338,559,256,1079,322,372,227,707,292,676,225,511,191,165,159
1400000US36005025200,"Census Tract 252, Bronx County, New York",Bronx,921,118,689,131,413,135,276,151,117,120,159,84,232,108,195,102,37,39
1400000US36005025300,"Census Tract 253, Bronx County, New York",Bronx,1862,193,1223,239,339,193,884,201,259,143,625,183,639,183,550,175,89,81
1400000US36005025400,"Census Tract 254, Bronx County, New York",Bronx,833,103,557,95,375,91,182,72,31,26,151,67,276,95,178,55,98,74
1400000US36005025500,"Census Tract 255, Bronx County, New York",Bronx,2311,404,1578,466,335,192,1243,456,258,201,985,416,733,234,723,234,10,20
1400000US36005025600,"Census Tract 256, Bronx County, New York",Bronx,626,107,328,85,274,87,54,30,5,8,49,29,298,126,253,126,45,34
1400000US36005025700,"Census Tract 257, Bronx County, New York",Bronx,656,98,377,105,257,109,120,77,8,12,112,78,279,92,262,93,17,24
1400000US36005026100,"Census Tract 261, Bronx County, New York",Bronx,1126,230,485,98,192,82,293,94,39,38,254,98,641,257,626,261,15,24
1400000US36005026300,"Census Tract 263, Bronx County, New York",Bronx,2248,330,1559,337,685,330,874,185,233,117,641,160,689,171,649,167,40,63
1400000US36005026400,"Census Tract 264, Bronx County, New York",Bronx,2227,280,1677,342,900,266,777,282,58,66,719,276,550,195,476,189,74,68
1400000US36005026500,"Census Tract 265, Bronx County, New York",Bronx,2181,323,1663,337,611,268,1052,378,435,313,617,273,518,196,414,184,104,79
1400000US36005026601,"Census Tract 266.01, Bronx County, New York",Bronx,1400,135,809,150,427,127,382,143,42,45,340,133,591,136,502,127,89,78
1400000US36005026602,"Census Tract 266.02, Bronx County, New York",Bronx,2532,378,1506,369,871,337,635,219,288,215,347,143,1026,253,832,218,194,109
1400000US36005026701,"Census Tract 267.01, Bronx County, New York",Bronx,1290,205,829,171,388,171,441,143,207,105,234,126,461,147,400,162,61,68
1400000US36005026702,"Census Tract 267.02, Bronx County, New York",Bronx,2546,495,1438,210,565,182,873,246,149,102,724,264,1108,498,953,490,155,118
1400000US36005026900,"Census Tract 269, Bronx County, New York",Bronx,1926,401,926,181,333,216,593,159,214,133,379,159,1000,388,916,408,84,73
1400000US36005027300,"Census Tract 273, Bronx County, New York",Bronx,2979,514,1397,330,383,199,1014,361,310,222,704,315,1582,534,1255,406,327,354
1400000US36005027401,"Census Tract 274.01, Bronx County, New York",Bronx,1840,166,1356,202,1005,211,351,138,87,72,264,140,484,151,375,128,109,85
1400000US36005027402,"Census Tract 274.02, Bronx County, New York",Bronx,1316,194,718,133,542,125,176,92,12,18,164,91,598,217,380,131,218,179
1400000US36005027600,"Census Tract 276, Bronx County, New York",Bronx,31,38,31,38,31,38,0,14,0,14,0,14,0,14,0,14,0,14
1400000US36005027700,"Census Tract 277, Bronx County, New York",Bronx,1790,174,1244,229,249,108,995,234,250,160,745,197,546,190,484,181,62,63
1400000US36005027900,"Census Tract 279, Bronx County, New York",Bronx,3017,323,2077,301,957,298,1120,261,187,116,933,243,940,260,725,196,215,191
1400000US36005028100,"Census Tract 281, Bronx County, New York",Bronx,1673,221,881,183,531,154,350,146,105,86,245,133,792,209,792,209,0,14
1400000US36005028300,"Census Tract 283, Bronx County, New York",Bronx,1044,312,601,302,136,91,465,305,12,19,453,304,443,181,356,180,87,79
1400000US36005028400,"Census Tract 284, Bronx County, New York",Bronx,0,14,0,14,0,14,0,14,0,14,0,14,0,14,0,14,0,14
1400000US36005028500,"Census Tract 285, Bronx County, New York",Bronx,1799,244,979,243,619,237,360,160,144,137,216,87,820,166,695,175,125,73
1400000US36005028600,"Census Tract 286, Bronx County, New York",Bronx,532,107,333,90,212,95,121,62,39,49,82,42,199,94,192,94,7,10
1400000US36005028700,"Census Tract 287, Bronx County, New York",Bronx,1244,129,943,144,551,176,392,145,91,68,301,137,301,104,277,99,24,31
1400000US36005028800,"Census Tract 288, Bronx County, New York",Bronx,1046,145,729,159,496,145,233,93,55,36,178,85,317,101,248,93,69,43
1400000US36005028900,"Census Tract 289, Bronx County, New York",Bronx,1861,242,992,239,505,155,487,233,69,52,418,232,869,240,797,233,72,58
1400000US36005029301,"Census Tract 293.01, Bronx County, New York",Bronx,939,81,470,85,367,71,103,63,0,14,103,63,469,85,420,81,49,44
1400000US36005029302,"Census Tract 293.02, Bronx County, New York",Bronx,2652,272,1142,230,867,236,275,147,99,105,176,110,1510,259,1284,265,226,139
1400000US36005029500,"Census Tract 295, Bronx County, New York",Bronx,2014,240,1037,230,852,222,185,100,68,59,117,85,977,228,823,221,154,101
1400000US36005029600,"Census Tract 296, Bronx County, New York",Bronx,1098,134,424,109,274,100,150,78,0,14,150,78,674,127,497,131,177,89
1400000US36005029700,"Census Tract 297, Bronx County, New York",Bronx,1887,235,948,166,710,131,238,110,87,91,151,68,939,267,839,270,100,93
1400000US36005030000,"Census Tract 300, Bronx County, New York",Bronx,2560,296,1695,299,1089,283,606,234,163,149,443,204,865,286,817,278,48,51
1400000US36005030100,"Census Tract 301, Bronx County, New York",Bronx,692,95,300,82,244,82,56,38,29,27,27,26,392,107,392,107,0,14
1400000US36005030201,"Census Tract 302.01, Bronx County, New York",Bronx,1686,184,960,219,488,165,472,214,142,132,330,186,726,183,632,168,94,87
1400000US36005030202,"Census Tract 302.02, Bronx County, New York",Bronx,2683,269,1577,313,608,257,969,271,373,126,596,231,1106,325,1060,324,46,46
1400000US36005030701,"Census Tract 307.01, Bronx County, New York",Bronx,2411,181,1388,196,1201,193,187,114,0,19,187,114,1023,213,854,179,169,150
1400000US36005030900,"Census Tract 309, Bronx County, New York",Bronx,1442,163,715,140,582,133,133,65,38,34,95,53,727,185,677,182,50,42
1400000US36005031000,"Census Tract 310, Bronx County, New York",Bronx,1291,201,936,211,809,219,127,84,31,33,96,77,355,154,355,154,0,14
1400000US36005031200,"Census Tract 312, Bronx County, New York",Bronx,532,77,357,77,218,72,139,44,28,30,111,34,175,62,161,57,14,16
1400000US36005031400,"Census Tract 314, Bronx County, New York",Bronx,596,127,391,79,277,76,114,62,61,49,53,43,205,118,158,120,47,38
1400000US36005031600,"Census Tract 316, Bronx County, New York",Bronx,711,125,528,124,319,114,209,98,66,70,143,81,183,93,154,92,29,26
1400000US36005031800,"Census Tract 318, Bronx County, New York",Bronx,542,84,452,79,279,82,173,73,22,18,151,75,90,50,84,49,6,10
1400000US36005031900,"Census Tract 319, Bronx County, New York",Bronx,6,10,0,14,0,14,0,14,0,14,0,14,6,10,6,10,0,14
1400000US36005032300,"Census Tract 323, Bronx County, New York",Bronx,2690,328,1189,260,995,252,194,100,53,58,141,92,1501,307,1460,312,41,46
1400000US36005032400,"Census Tract 324, Bronx County, New York",Bronx,1293,184,872,196,331,194,541,105,75,66,466,93,421,132,403,128,18,29
1400000US36005032600,"Census Tract 326, Bronx County, New York",Bronx,1065,154,833,156,598,131,235,153,33,53,202,147,232,79,217,75,15,24
1400000US36005032800,"Census Tract 328, Bronx County, New York",Bronx,1407,192,1053,183,340,99,713,205,119,78,594,189,354,120,318,111,36,45
1400000US36005033000,"Census Tract 330, Bronx County, New York",Bronx,2087,232,1243,281,739,262,504,254,84,132,420,226,844,273,814,279,30,34
1400000US36005033201,"Census Tract 332.01, Bronx County, New York",Bronx,2258,424,776,219,508,206,268,103,66,70,202,76,1482,435,1359,435,123,105
1400000US36005033202,"Census Tract 332.02, Bronx County, New York",Bronx,1478,226,741,183,340,155,401,138,48,41,353,136,737,196,725,196,12,21
1400000US36005033400,"Census Tract 334, Bronx County, New York",Bronx,8,8,8,8,4,5,4,6,0,14,4,6,0,14,0,14,0,14
1400000US36005033500,"Census Tract 335, Bronx County, New York",Bronx,801,136,483,122,337,69,146,105,41,30,105,104,318,95,311,96,7,10
1400000US36005033601,"Census Tract 336.01, Bronx County, New York",Bronx,2188,248,1090,317,373,271,717,221,82,84,635,207,1098,286,1041,289,57,62
1400000US36005033602,"Census Tract 336.02, Bronx County, New York",Bronx,589,87,282,84,106,56,176,81,15,21,161,83,307,116,307,116,0,14
1400000US36005033700,"Census Tract 337, Bronx County, New York",Bronx,1049,149,750,128,526,126,224,111,0,14,224,111,299,140,271,137,28,28
1400000US36005033801,"Census Tract 338.01, Bronx County, New York",Bronx,913,292,689,303,458,292,231,90,89,64,142,68,224,104,145,74,79,89
1400000US36005033802,"Census Tract 338.02, Bronx County, New York",Bronx,528,98,359,111,101,60,258,110,46,55,212,97,169,66,147,63,22,27
1400000US36005034000,"Census Tract 340, Bronx County, New York",Bronx,1762,253,1246,289,514,166,732,258,326,238,406,126,516,148,414,145,102,75
1400000US36005034200,"Census Tract 342, Bronx County, New York",Bronx,625,174,442,184,239,170,203,78,63,46,140,56,183,98,183,98,0,14
1400000US36005034300,"Census Tract 343, Bronx County, New York",Bronx,575,78,467,99,288,93,179,79,44,32,135,73,108,56,108,56,0,14
1400000US36005034400,"Census Tract 344, Bronx County, New York",Bronx,586,144,494,157,284,154,210,93,60,55,150,79,92,61,84,60,8,13
1400000US36005034500,"Census Tract 345, Bronx County, New York",Bronx,1680,143,1004,185,630,176,374,129,111,73,263,112,676,162,607,160,69,47
1400000US36005034800,"Census Tract 348, Bronx County, New York",Bronx,2106,309,1445,327,535,186,910,272,230,155,680,273,661,263,624,249,37,65
1400000US36005035000,"Census Tract 350, Bronx County, New York",Bronx,790,181,508,161,216,78,292,153,138,132,154,80,282,120,190,82,92,97
1400000US36005035100,"Census Tract 351, Bronx County, New York",Bronx,1258,207,683,206,533,199,150,79,12,27,138,76,575,123,511,121,64,62
1400000US36005035600,"Census Tract 356, Bronx County, New York",Bronx,678,76,523,78,186,81,337,75,77,60,260,67,155,65,98,50,57,41
1400000US36005035800,"Census Tract 358, Bronx County, New York",Bronx,2646,518,1791,389,904,357,887,258,107,83,780,261,855,513,855,513,0,19
1400000US36005035900,"Census Tract 359, Bronx County, New York",Bronx,1693,169,1014,206,202,132,812,175,84,72,728,166,679,161,617,164,62,68
1400000US36005036000,"Census Tract 360, Bronx County, New York",Bronx,962,128,721,135,447,133,274,78,80,59,194,65,241,77,232,74,9,13
1400000US36005036100,"Census Tract 361, Bronx County, New York",Bronx,1969,249,1073,292,170,91,903,291,110,93,793,298,896,230,790,222,106,120
1400000US36005036300,"Census Tract 363, Bronx County, New York",Bronx,2458,308,1754,327,279,168,1475,306,338,196,1137,305,704,252,559,239,145,116
1400000US36005036400,"Census Tract 364, Bronx County, New York",Bronx,857,150,612,150,219,57,393,149,100,62,293,147,245,67,231,64,14,18
1400000US36005036501,"Census Tract 365.01, Bronx County, New York",Bronx,1445,152,1098,184,444,147,654,186,223,102,431,162,347,131,301,120,46,52
1400000US36005036502,"Census Tract 365.02, Bronx County, New York",Bronx,768,94,561,118,141,52,420,131,135,101,285,84,207,83,156,79,51,51
1400000US36005036700,"Census Tract 367, Bronx County, New York",Bronx,777,174,552,153,229,98,323,133,110,111,213,80,225,151,225,151,0,14
1400000US36005036800,"Census Tract 368, Bronx County, New York",Bronx,624,139,484,146,167,46,317,150,52,37,265,146,140,60,114,51,26,33
1400000US36005036901,"Census Tract 369.01, Bronx County, New York",Bronx,763,104,402,140,144,79,258,122,31,28,227,119,361,93,341,92,20,21
1400000US36005036902,"Census Tract 369.02, Bronx County, New York",Bronx,850,63,549,90,147,72,402,105,98,66,304,85,301,80,232,74,69,44
1400000US36005037000,"Census Tract 370, Bronx County, New York",Bronx,735,100,543,120,288,112,255,91,95,71,160,60,192,76,137,56,55,39
1400000US36005037100,"Census Tract 371, Bronx County, New York",Bronx,1769,217,872,160,460,158,412,148,42,48,370,142,897,225,732,214,165,111
1400000US36005037200,"Census Tract 372, Bronx County, New York",Bronx,852,101,565,118,353,101,212,88,95,78,117,57,287,87,251,84,36,36
1400000US36005037300,"Census Tract 373, Bronx County, New York",Bronx,2382,338,1742,420,661,289,1081,438,154,167,927,425,640,286,539,231,101,152
1400000US36005037400,"Census Tract 374, Bronx County, New York",Bronx,1506,174,915,212,283,103,632,212,81,66,551,195,591,161,542,158,49,46
1400000US36005037504,"Census Tract 375.04, Bronx County, New York",Bronx,1560,175,1120,221,254,172,866,226,261,153,605,188,440,140,440,140,0,14
1400000US36005037600,"Census Tract 376, Bronx County, New York",Bronx,767,94,521,95,297,107,224,51,33,28,191,51,246,79,220,68,26,42
1400000US36005037800,"Census Tract 378, Bronx County, New York",Bronx,1186,147,833,176,283,112,550,180,141,113,409,149,353,138,348,138,5,8
1400000US36005037900,"Census Tract 379, Bronx County, New York",Bronx,2212,267,1258,387,574,279,684,309,169,131,515,282,954,310,620,199,334,226
1400000US36005038000,"Census Tract 380, Bronx County, New York",Bronx,2114,200,1181,233,209,112,972,229,272,159,700,215,933,192,842,191,91,83
1400000US36005038100,"Census Tract 381, Bronx County, New York",Bronx,2726,367,1493,339,483,253,1010,383,523,279,487,243,1233,403,1158,401,75,87
1400000US36005038200,"Census Tract 382, Bronx County, New York",Bronx,967,115,604,93,250,76,354,95,73,58,281,73,363,113,351,112,12,20
1400000US36005038301,"Census Tract 383.01, Bronx County, New York",Bronx,1601,203,1299,218,464,207,835,169,156,95,679,168,302,109,258,99,44,46
1400000US36005038303,"Census Tract 383.03, Bronx County, New York",Bronx,1237,121,790,148,211,115,579,150,47,59,532,166,447,163,382,155,65,53
1400000US36005038304,"Census Tract 383.04, Bronx County, New York",Bronx,844,222,528,105,88,68,440,112,76,80,364,109,316,242,310,241,6,10
1400000US36005038500,"Census Tract 385, Bronx County, New York",Bronx,1884,204,1013,259,283,162,730,284,167,165,563,227,871,261,796,258,75,86
1400000US36005038600,"Census Tract 386, Bronx County, New York",Bronx,2869,366,1766,462,941,361,825,305,84,70,741,300,1103,258,1092,255,11,22
1400000US36005038700,"Census Tract 387, Bronx County, New York",Bronx,1481,152,704,242,281,106,423,232,231,199,192,127,777,185,578,201,199,125
1400000US36005038800,"Census Tract 388, Bronx County, New York",Bronx,990,140,657,134,333,134,324,109,28,37,296,105,333,115,303,114,30,31
1400000US36005038900,"Census Tract 389, Bronx County, New York",Bronx,1954,262,920,160,387,171,533,162,205,140,328,110,1034,276,560,277,474,173
1400000US36005039000,"Census Tract 390, Bronx County, New York",Bronx,1104,210,945,218,475,194,470,167,84,70,386,158,159,107,159,107,0,14
1400000US36005039100,"Census Tract 391, Bronx County, New York",Bronx,3026,462,1797,495,648,354,1149,539,791,393,358,290,1229,413,1128,405,101,117
1400000US36005039200,"Census Tract 392, Bronx County, New York",Bronx,634,104,439,91,206,75,233,75,92,60,141,57,195,107,130,68,65,72
1400000US36005039300,"Census Tract 393, Bronx County, New York",Bronx,3092,248,1842,385,590,227,1252,374,65,90,1187,374,1250,294,1157,286,93,97
1400000US36005039400,"Census Tract 394, Bronx County, New York",Bronx,1701,189,1007,185,379,160,628,195,172,100,456,184,694,158,530,132,164,122
1400000US36005039500,"Census Tract 395, Bronx County, New York",Bronx,1821,375,1034,410,248,88,786,410,52,67,734,412,787,207,787,207,0,14
1400000US36005039600,"Census Tract 396, Bronx County, New York",Bronx,1436,182,819,206,250,103,569,192,119,97,450,188,617,162,485,166,132,122
1400000US36005039700,"Census Tract 397, Bronx County, New York",Bronx,521,57,144,54,104,44,40,42,28,35,12,21,377,76,257,77,120,63
1400000US36005039800,"Census Tract 398, Bronx County, New York",Bronx,1251,268,840,199,386,142,454,202,36,40,418,203,411,212,381,210,30,49
1400000US36005039901,"Census Tract 399.01, Bronx County, New York",Bronx,1678,203,1134,222,542,177,592,194,127,88,465,186,544,156,503,156,41,35
1400000US36005039902,"Census Tract 399.02, Bronx County, New York",Bronx,1727,204,1071,219,563,247,508,175,57,63,451,172,656,154,607,141,49,80
1400000US36005040100,"Census Tract 401, Bronx County, New York",Bronx,2172,452,1162,136,287,123,875,149,357,148,518,151,1010,464,891,458,119,116
1400000US36005040302,"Census Tract 403.02, Bronx County, New York",Bronx,1581,364,1053,365,352,306,701,266,93,82,608,254,528,124,473,123,55,42
1400000US36005040303,"Census Tract 403.03, Bronx County, New York",Bronx,1375,87,973,122,388,116,585,138,125,88,460,124,402,133,318,117,84,59
1400000US36005040304,"Census Tract 403.04, Bronx County, New York",Bronx,1267,144,893,173,306,124,587,172,94,73,493,164,374,120,262,96,112,82
1400000US36005040400,"Census Tract 404, Bronx County, New York",Bronx,1123,187,872,194,256,135,616,208,91,99,525,242,251,131,227,133,24,41
1400000US36005040501,"Census Tract 405.01, Bronx County, New York",Bronx,1325,144,777,166,281,134,496,132,52,49,444,118,548,122,457,112,91,73
1400000US36005040502,"Census Tract 405.02, Bronx County, New York",Bronx,2461,329,1394,377,383,190,1011,363,264,143,747,335,1067,231,906,251,161,103
1400000US36005040600,"Census Tract 406, Bronx County, New York",Bronx,1413,235,847,260,167,84,680,248,60,74,620,259,566,185,505,192,61,50
1400000US36005040701,"Census Tract 407.01, Bronx County, New York",Bronx,1205,302,774,312,231,88,543,301,288,296,255,113,431,96,364,94,67,56
1400000US36005040702,"Census Tract 407.02, Bronx County, New York",Bronx,2801,345,1414,258,817,206,597,262,34,43,563,262,1387,335,1199,328,188,116
1400000US36005040800,"Census Tract 408, Bronx County, New York",Bronx,1467,230,1020,248,422,191,598,199,40,43,558,200,447,149,377,145,70,62
1400000US36005040900,"Census Tract 409, Bronx County, New York",Bronx,1409,167,886,191,386,163,500,155,92,57,408,150,523,145,522,143,1,9
1400000US36005041100,"Census Tract 411, Bronx County, New York",Bronx,1571,268,950,275,522,260,428,174,57,53,371,178,621,140,562,154,59,75
1400000US36005041300,"Census Tract 413, Bronx County, New York",Bronx,3199,306,1562,311,801,193,761,260,197,162,564,216,1637,253,1300,249,337,199
1400000US36005041400,"Census Tract 414, Bronx County, New York",Bronx,1779,303,1452,356,618,278,834,273,330,216,504,168,327,166,210,129,117,120
1400000US36005041500,"Census Tract 415, Bronx County, New York",Bronx,2293,347,1345,373,684,341,661,213,150,126,511,196,948,237,812,232,136,107
1400000US36005041800,"Census Tract 418, Bronx County, New York",Bronx,1289,188,823,222,406,179,417,180,52,55,365,175,466,159,409,146,57,50
1400000US36005041900,"Census Tract 419, Bronx County, New York",Bronx,2592,258,1480,247,717,260,763,251,238,191,525,228,1112,308,996,309,116,107
1400000US36005042000,"Census Tract 420, Bronx County, New York",Bronx,1711,384,1079,190,551,146,528,183,109,95,419,165,632,369,534,357,98,90
1400000US36005042100,"Census Tract 421, Bronx County, New York",Bronx,2290,166,1344,256,590,197,754,243,262,201,492,177,946,227,765,206,181,135
1400000US36005042200,"Census Tract 422, Bronx County, New York",Bronx,1292,262,815,222,416,147,399,211,239,190,160,99,477,235,412,207,65,67
1400000US36005042300,"Census Tract 423, Bronx County, New York",Bronx,1485,149,1073,177,329,147,744,175,322,131,422,180,412,132,304,109,108,94
1400000US36005042400,"Census Tract 424, Bronx County, New York",Bronx,760,114,591,153,243,102,348,144,26,28,322,143,169,85,161,83,8,12
1400000US36005042500,"Census Tract 425, Bronx County, New York",Bronx,2369,266,1510,310,733,235,777,253,135,117,642,238,859,282,678,229,181,170
1400000US36005042600,"Census Tract 426, Bronx County, New York",Bronx,2165,356,1422,321,834,342,588,217,84,97,504,210,743,313,450,250,293,218
1400000US36005042800,"Census Tract 428, Bronx County, New York",Bronx,809,234,685,235,394,230,291,91,135,75,156,80,124,57,124,57,0,14
1400000US36005042901,"Census Tract 429.01, Bronx County, New York",Bronx,1249,198,791,134,497,148,294,108,29,41,265,106,458,186,426,187,32,41
1400000US36005042902,"Census Tract 429.02, Bronx County, New York",Bronx,1599,145,881,157,376,151,505,129,193,86,312,103,718,132,703,130,15,22
1400000US36005043000,"Census Tract 430, Bronx County, New York",Bronx,1327,395,826,292,386,123,440,310,82,78,358,302,501,305,451,297,50,62
1400000US36005043101,"Census Tract 431.01, Bronx County, New York",Bronx,1833,275,1238,314,731,326,507,199,237,170,270,143,595,170,504,167,91,70
1400000US36005043102,"Census Tract 431.02, Bronx County, New York",Bronx,1692,238,1003,241,468,226,535,155,67,63,468,142,689,217,631,212,58,71
1400000US36005043400,"Census Tract 434, Bronx County, New York",Bronx,1597,229,1055,225,557,219,498,179,85,121,413,170,542,219,497,221,45,71
1400000US36005043501,"Census Tract 435.01, Bronx County, New York",Bronx,446,40,255,66,63,48,192,65,40,53,152,36,191,66,184,65,7,10
1400000US36005043502,"Census Tract 435.02, Bronx County, New York",Bronx,0,14,0,14,0,14,0,14,0,14,0,14,0,14,0,14,0,14
1400000US36005043503,"Census Tract 435.03, Bronx County, New York",Bronx,0,14,0,14,0,14,0,14,0,14,0,14,0,14,0,14,0,14
1400000US36005043600,"Census Tract 436, Bronx County, New York",Bronx,753,94,534,96,330,94,204,62,61,42,143,69,219,95,167,90,52,41
1400000US36005044200,"Census Tract 442, Bronx County, New York",Bronx,1261,307,956,344,635,320,321,140,0,14,321,140,305,139,305,139,0,14
1400000US36005044400,"Census Tract 444, Bronx County, New York",Bronx,1424,247,1025,240,397,178,628,243,126,128,502,260,399,253,365,250,34,56
1400000US36005044800,"Census Tract 448, Bronx County, New York",Bronx,713,142,559,117,164,84,395,123,59,45,336,110,154,140,61,60,93,121
1400000US36005044901,"Census Tract 449.01, Bronx County, New York",Bronx,910,105,510,106,326,101,184,73,52,48,132,57,400,122,356,123,44,35
1400000US36005044902,"Census Tract 449.02, Bronx County, New York",Bronx,973,118,567,126,408,125,159,75,12,19,147,74,406,85,302,83,104,52
1400000US36005045101,"Census Tract 451.01, Bronx County, New York",Bronx,1030,282,340,66,208,67,132,38,11,17,121,40,690,292,650,292,40,39
1400000US36005045102,"Census Tract 451.02, Bronx County, New York",Bronx,966,118,374,135,289,116,85,52,30,34,55,36,592,66,477,97,115,76
1400000US36005045600,"Census Tract 456, Bronx County, New York",Bronx,1217,173,985,200,597,254,388,189,167,180,221,109,232,143,232,143,0,14
1400000US36005045800,"Census Tract 458, Bronx County, New York",Bronx,2071,249,1632,301,344,189,1288,268,200,215,1088,205,439,203,417,200,22,37
1400000US36005046000,"Census Tract 460, Bronx County, New York",Bronx,939,160,548,197,257,131,291,154,91,131,200,90,391,130,341,108,50,59
1400000US36005046203,"Census Tract 462.03, Bronx County, New York",Bronx,3104,662,1732,624,993,567,739,353,205,128,534,345,1372,377,1351,379,21,32
1400000US36005046204,"Census Tract 462.04, Bronx County, New York",Bronx,2450,288,1342,341,389,257,953,268,158,97,795,255,1108,315,1007,312,101,97
1400000US36005046205,"Census Tract 462.05, Bronx County, New York",Bronx,1840,189,898,225,522,218,376,163,127,80,249,161,942,297,840,274,102,156
1400000US36005046206,"Census Tract 462.06, Bronx County, New York",Bronx,2040,308,1279,208,703,241,576,235,338,184,238,120,761,338,737,330,24,79
1400000US36005046207,"Census Tract 462.07, Bronx County, New York",Bronx,2913,348,1679,443,628,310,1051,365,249,243,802,256,1234,257,1144,219,90,101
1400000US36005046208,"Census Tract 462.08, Bronx County, New York",Bronx,1403,295,1134,301,674,290,460,139,145,92,315,125,269,130,251,130,18,28
1400000US36005046209,"Census Tract 462.09, Bronx County, New York",Bronx,1410,425,1093,440,261,157,832,424,66,58,766,408,317,114,317,114,0,14
1400000US36005048401,"Census Tract 484.01, Bronx County, New York",Bronx,1251,193,906,188,367,195,539,141,271,117,268,123,345,161,315,153,30,46
1400000US36005048402,"Census Tract 484.02, Bronx County, New York",Bronx,0,14,0,14,0,14,0,14,0,14,0,14,0,14,0,14,0,14
1400000US36005050400,"Census Tract 504, Bronx County, New York",Bronx,0,14,0,14,0,14,0,14,0,14,0,14,0,14,0,14,0,14
1400000US36005051601,"Census Tract 516.01, Bronx County, New York",Bronx,1949,295,1008,297,731,176,277,239,80,128,197,197,941,260,861,264,80,70
1400000US36005051602,"Census Tract 516.02, Bronx County, New York",Bronx,0,14,0,14,0,14,0,14,0,14,0,14,0,14,0,14,0,14
1400000US36047000100,"Census Tract 1, Kings County, New York",Brooklyn,2594,325,1321,329,1095,319,226,130,0,14,226,130,1273,266,1156,267,117,69
1400000US36047000200,"Census Tract 2, Kings County, New York",Brooklyn,383,65,252,86,108,51,144,68,18,24,126,71,131,58,99,48,32,25
1400000US36047000301,"Census Tract 3.01, Kings County, New York",Brooklyn,2100,286,1051,240,949,229,102,82,51,58,51,61,1049,286,875,288,174,81
1400000US36047000501,"Census Tract 5.01, Kings County, New York",Brooklyn,1958,277,664,143,568,154,96,79,46,61,50,46,1294,306,1097,287,197,105
1400000US36047000502,"Census Tract 5.02, Kings County, New York",Brooklyn,1498,126,605,132,542,126,63,48,0,14,63,48,893,179,783,180,110,71
1400000US36047000700,"Census Tract 7, Kings County, New York",Brooklyn,2043,254,963,217,861,238,102,81,39,45,63,62,1080,209,821,192,259,127
1400000US36047000900,"Census Tract 9, Kings County, New York",Brooklyn,2408,475,1077,210,1056,213,21,32,0,19,21,32,1331,449,1019,481,312,147
1400000US36047001100,"Census Tract 11, Kings County, New York",Brooklyn,859,112,316,97,293,97,23,14,14,13,9,10,543,86,362,80,181,52
1400000US36047001300,"Census Tract 13, Kings County, New York",Brooklyn,1395,165,404,113,377,113,27,23,0,14,27,23,991,161,759,149,232,124
1400000US36047001501,"Census Tract 15.01, Kings County, New York",Brooklyn,2159,223,811,241,484,188,327,163,28,43,299,175,1348,255,951,228,397,204
1400000US36047001502,"Census Tract 15.02, Kings County, New York",Brooklyn,2990,306,932,327,590,303,342,180,87,90,255,153,2058,248,1444,233,614,193
1400000US36047001801,"Census Tract 18.01, Kings County, New York",Brooklyn,0,14,0,14,0,14,0,14,0,14,0,14,0,14,0,14,0,14
1400000US36047001802,"Census Tract 18.02, Kings County, New York",Brooklyn,0,14,0,14,0,14,0,14,0,14,0,14,0,14,0,14,0,14
1400000US36047001803,"Census Tract 18.03, Kings County, New York",Brooklyn,0,14,0,14,0,14,0,14,0,14,0,14,0,14,0,14,0,14
1400000US36047001804,"Census Tract 18.04, Kings County, New York",Brooklyn,0,14,0,14,0,14,0,14,0,14,0,14,0,14,0,14,0,14
1400000US36047002000,"Census Tract 20, Kings County, New York",Brooklyn,407,83,322,77,147,51,175,79,13,23,162,78,85,43,77,43,8,10
1400000US36047002100,"Census Tract 21, Kings County, New York",Brooklyn,2800,272,1451,294,1209,297,242,128,133,92,109,88,1349,230,766,210,583,219
1400000US36047002200,"Census Tract 22, Kings County, New York",Brooklyn,1592,183,986,197,649,171,337,124,103,66,234,113,606,155,467,144,139,83
1400000US36047002300,"Census Tract 23, Kings County, New York",Brooklyn,1475,218,847,296,129,101,718,266,23,31,695,267,628,184,600,179,28,32
1400000US36047002901,"Census Tract 29.01, Kings County, New York",Brooklyn,1337,171,896,192,137,60,759,201,74,70,685,182,441,145,441,145,0,14
1400000US36047003000,"Census Tract 30, Kings County, New York",Brooklyn,771,164,549,162,524,163,25,23,8,13,17,19,222,64,204,65,18,15
1400000US36047003101,"Census Tract 31.01, Kings County, New York",Brooklyn,1748,202,552,133,447,118,105,65,40,43,65,49,1196,220,823,145,373,162
1400000US36047003102,"Census Tract 31.02, Kings County, New York",Brooklyn,0,14,0,14,0,14,0,14,0,14,0,14,0,14,0,14,0,14
1400000US36047003300,"Census Tract 33, Kings County, New York",Brooklyn,2507,329,550,138,371,116,179,89,28,31,151,80,1957,320,1284,177,673,372
1400000US36047003400,"Census Tract 34, Kings County, New York",Brooklyn,1525,220,745,205,472,144,273,183,149,172,124,78,780,159,665,156,115,72
1400000US36047003500,"Census Tract 35, Kings County, New York",Brooklyn,1167,110,365,87,273,84,92,49,12,19,80,44,802,103,675,103,127,58
1400000US36047003600,"Census Tract 36, Kings County, New York",Brooklyn,1934,228,1010,193,839,195,171,87,76,76,95,54,924,203,816,206,108,59
1400000US36047003700,"Census Tract 37, Kings County, New York",Brooklyn,2727,271,834,229,492,174,342,175,25,40,317,174,1893,263,1601,285,292,142
1400000US36047003800,"Census Tract 38, Kings County, New York",Brooklyn,596,61,347,77,319,77,28,18,11,9,17,16,249,68,197,64,52,38
1400000US36047003900,"Census Tract 39, Kings County, New York",Brooklyn,1320,108,600,135,518,132,82,50,66,47,16,16,720,147,553,136,167,93
1400000US36047004100,"Census Tract 41, Kings County, New York",Brooklyn,1387,162,553,125,463,128,90,59,49,36,41,40,834,135,424,106,410,111
1400000US36047004300,"Census Tract 43, Kings County, New York",Brooklyn,1964,176,693,170,533,128,160,119,59,88,101,89,1271,210,849,167,422,164
1400000US36047004400,"Census Tract 44, Kings County, New York",Brooklyn,922,84,625,97,556,101,69,46,26,30,43,35,297,72,231,65,66,48
1400000US36047004500,"Census Tract 45, Kings County, New York",Brooklyn,1692,128,883,122,845,119,38,32,11,19,27,25,809,148,574,141,235,100
1400000US36047004600,"Census Tract 46, Kings County, New York",Brooklyn,512,141,271,53,248,57,23,20,0,14,23,20,241,143,234,140,7,10
1400000US36047004700,"Census Tract 47, Kings County, New York",Brooklyn,849,96,468,90,353,74,115,63,5,10,110,63,381,71,304,80,77,46
1400000US36047004900,"Census Tract 49, Kings County, New York",Brooklyn,1056,143,575,126,511,131,64,49,16,19,48,41,481,136,340,122,141,61
1400000US36047005000,"Census Tract 50, Kings County, New York",Brooklyn,1069,132,602,138,392,121,210,98,58,46,152,87,467,124,445,120,22,23
1400000US36047005100,"Census Tract 51, Kings County, New York",Brooklyn,1008,184,636,151,505,134,131,77,88,70,43,34,372,135,233,98,139,79
1400000US36047005201,"Census Tract 52.01, Kings County, New York",Brooklyn,968,111,402,85,344,79,58,41,12,20,46,35,566,126,504,107,62,72
1400000US36047005202,"Census Tract 52.02, Kings County, New York",Brooklyn,1496,151,660,145,518,136,142,77,52,54,90,49,836,130,794,132,42,35
1400000US36047005301,"Census Tract 53.01, Kings County, New York",Brooklyn,920,131,502,124,380,110,122,54,72,40,50,37,418,111,325,99,93,43
1400000US36047005302,"Census Tract 53.02, Kings County, New York",Brooklyn,45,32,25,26,16,23,9,12,0,14,9,12,20,21,20,21,0,14
1400000US36047005303,"Census Tract 53.03, Kings County, New York",Brooklyn,67,45,36,31,36,31,0,14,0,14,0,14,31,35,31,35,0,14
1400000US36047005400,"Census Tract 54, Kings County, New York",Brooklyn,1751,206,860,249,625,216,235,123,55,50,180,112,891,161,693,132,198,122
1400000US36047005601,"Census Tract 56.01, Kings County, New York",Brooklyn,1451,309,701,277,590,280,111,49,75,43,36,34,750,120,683,127,67,76
1400000US36047005602,"Census Tract 56.02, Kings County, New York",Brooklyn,965,123,421,120,372,116,49,32,14,15,35,28,544,103,434,87,110,93
1400000US36047005800,"Census Tract 58, Kings County, New York",Brooklyn,1459,145,732,170,542,154,190,84,29,27,161,88,727,130,590,133,137,66
1400000US36047005900,"Census Tract 59, Kings County, New York",Brooklyn,633,74,310,73,192,66,118,65,15,22,103,61,323,89,138,81,185,75
1400000US36047006000,"Census Tract 60, Kings County, New York",Brooklyn,969,152,726,135,563,139,163,77,57,53,106,62,243,114,223,112,20,23
1400000US36047006200,"Census Tract 62, Kings County, New York",Brooklyn,1098,120,610,151,466,137,144,102,45,45,99,88,488,128,400,125,88,53
1400000US36047006300,"Census Tract 63, Kings County, New York",Brooklyn,874,155,474,114,431,107,43,30,8,12,35,27,400,119,249,99,151,64
1400000US36047006400,"Census Tract 64, Kings County, New York",Brooklyn,1460,136,837,160,545,111,292,117,49,60,243,110,623,174,442,131,181,123
1400000US36047006500,"Census Tract 65, Kings County, New York",Brooklyn,2456,365,1336,362,1188,351,148,101,47,47,101,90,1120,249,492,207,628,195
1400000US36047006600,"Census Tract 66, Kings County, New York",Brooklyn,1714,168,937,157,663,138,274,131,123,88,151,95,777,184,700,180,77,44
1400000US36047006700,"Census Tract 67, Kings County, New York",Brooklyn,1587,273,984,158,856,156,128,62,45,35,83,48,603,236,395,238,208,91
1400000US36047006800,"Census Tract 68, Kings County, New York",Brooklyn,1637,190,941,180,569,146,372,146,124,70,248,121,696,164,553,175,143,74
1400000US36047006901,"Census Tract 69.01, Kings County, New York",Brooklyn,807,132,397,67,349,76,48,42,24,35,24,23,410,125,265,107,145,65
1400000US36047006902,"Census Tract 69.02, Kings County, New York",Brooklyn,826,112,338,65,303,65,35,28,8,13,27,25,488,123,243,70,245,107
1400000US36047007000,"Census Tract 70, Kings County, New York",Brooklyn,1210,169,701,123,469,121,232,89,101,62,131,56,509,164,399,146,110,81
1400000US36047007100,"Census Tract 71, Kings County, New York",Brooklyn,1631,196,925,181,323,99,602,167,104,80,498,150,706,215,671,214,35,31
1400000US36047007200,"Census Tract 72, Kings County, New York",Brooklyn,570,103,412,106,296,105,116,42,40,23,76,40,158,61,150,62,8,13
1400000US36047007400,"Census Tract 74, Kings County, New York",Brooklyn,1568,235,1082,214,562,178,520,225,321,205,199,105,486,217,447,212,39,29
1400000US36047007500,"Census Tract 75, Kings County, New York",Brooklyn,2101,296,1158,216,963,239,195,118,14,27,181,115,943,284,706,245,237,181
1400000US36047007600,"Census Tract 76, Kings County, New York",Brooklyn,1280,218,900,189,478,121,422,171,84,54,338,173,380,135,317,127,63,69
1400000US36047007700,"Census Tract 77, Kings County, New York",Brooklyn,2901,353,1258,246,1017,241,241,126,105,90,136,89,1643,344,1203,338,440,157
1400000US36047007800,"Census Tract 78, Kings County, New York",Brooklyn,1387,206,995,166,637,158,358,119,115,74,243,109,392,177,241,99,151,143
1400000US36047008000,"Census Tract 80, Kings County, New York",Brooklyn,1458,182,902,163,515,158,387,128,137,74,250,109,556,136,394,123,162,77
1400000US36047008200,"Census Tract 82, Kings County, New York",Brooklyn,1476,262,762,122,522,118,240,95,27,42,213,91,714,271,543,263,171,92
1400000US36047008400,"Census Tract 84, Kings County, New York",Brooklyn,1064,232,614,240,371,162,243,194,125,164,118,122,450,146,245,145,205,105
1400000US36047008500,"Census Tract 85, Kings County, New York",Brooklyn,2995,410,2001,475,576,296,1425,394,144,153,1281,371,994,307,994,307,0,19
1400000US36047008600,"Census Tract 86, Kings County, New York",Brooklyn,0,14,0,14,0,14,0,14,0,14,0,14,0,14,0,14,0,14
1400000US36047008800,"Census Tract 88, Kings County, New York",Brooklyn,1193,225,733,146,521,122,212,159,12,22,200,152,460,194,448,192,12,20
1400000US36047009001,"Census Tract 90.01, Kings County, New York",Brooklyn,472,65,257,64,117,51,140,57,63,56,77,53,215,79,163,63,52,54
1400000US36047009002,"Census Tract 90.02, Kings County, New York",Brooklyn,397,96,287,92,169,79,118,61,68,51,50,50,110,68,88,64,22,23
1400000US36047009201,"Census Tract 92.01, Kings County, New York",Brooklyn,586,72,437,85,270,86,167,65,80,60,87,37,149,64,61,40,88,60
1400000US36047009202,"Census Tract 92.02, Kings County, New York",Brooklyn,1019,204,638,198,560,185,78,58,61,53,17,21,381,131,174,76,207,120
1400000US36047009401,"Census Tract 94.01, Kings County, New York",Brooklyn,499,68,376,58,250,68,126,50,49,25,77,45,123,62,96,55,27,31
1400000US36047009402,"Census Tract 94.02, Kings County, New York",Brooklyn,937,217,834,208,591,210,243,96,109,76,134,64,103,62,39,32,64,52
1400000US36047009600,"Census Tract 96, Kings County, New York",Brooklyn,1932,237,1438,179,1033,183,405,126,129,78,276,105,494,195,208,98,286,175
1400000US36047009800,"Census Tract 98, Kings County, New York",Brooklyn,1835,230,1506,205,840,157,666,187,259,134,407,154,329,175,169,94,160,153
1400000US36047010000,"Census Tract 100, Kings County, New York",Brooklyn,1840,272,1310,263,733,213,577,291,279,189,298,225,530,216,458,207,72,59
1400000US36047010100,"Census Tract 101, Kings County, New York",Brooklyn,1579,323,918,144,755,143,163,103,9,14,154,102,661,345,284,95,377,341
1400000US36047010200,"Census Tract 102, Kings County, New York",Brooklyn,1297,145,1101,151,817,165,284,117,147,89,137,76,196,82,147,68,49,44
1400000US36047010401,"Census Tract 104.01, Kings County, New York",Brooklyn,607,117,507,121,365,70,142,103,16,20,126,105,100,55,61,47,39,30
1400000US36047010402,"Census Tract 104.02, Kings County, New York",Brooklyn,704,165,531,175,417,116,114,123,8,12,106,120,173,65,117,54,56,43
1400000US36047010601,"Census Tract 106.01, Kings County, New York",Brooklyn,562,73,495,82,287,83,208,85,112,78,96,61,67,45,49,37,18,28
1400000US36047010602,"Census Tract 106.02, Kings County, New York",Brooklyn,610,201,560,203,475,214,85,48,30,16,55,48,50,40,28,21,22,34
1400000US36047010801,"Census Tract 108.01, Kings County, New York",Brooklyn,564,113,408,112,270,110,138,62,49,40,89,50,156,80,78,50,78,64
1400000US36047010802,"Census Tract 108.02, Kings County, New York",Brooklyn,679,143,488,140,387,132,101,64,16,26,85,58,191,73,65,41,126,63
1400000US36047011000,"Census Tract 110, Kings County, New York",Brooklyn,650,96,513,112,320,91,193,97,38,22,155,93,137,69,90,61,47,42
1400000US36047011200,"Census Tract 112, Kings County, New York",Brooklyn,2096,326,1507,312,952,326,555,274,164,92,391,240,589,285,445,260,144,125
1400000US36047011400,"Census Tract 114, Kings County, New York",Brooklyn,864,177,607,170,488,168,119,84,16,22,103,79,257,135,220,119,37,44
1400000US36047011600,"Census Tract 116, Kings County, New York",Brooklyn,1058,249,871,257,564,126,307,241,181,210,126,94,187,89,172,86,15,14
1400000US36047011700,"Census Tract 117, Kings County, New York",Brooklyn,1251,184,791,187,640,210,151,103,72,62,79,64,460,128,328,112,132,72
1400000US36047011800,"Census Tract 118, Kings County, New York",Brooklyn,644,102,456,112,290,88,166,113,55,56,111,96,188,69,144,60,44,33
1400000US36047011901,"Census Tract 119.01, Kings County, New York",Brooklyn,576,97,354,100,306,99,48,22,12,11,36,23,222,49,135,43,87,36
1400000US36047011902,"Census Tract 119.02, Kings County, New York",Brooklyn,0,14,0,14,0,14,0,14,0,14,0,14,0,14,0,14,0,14
1400000US36047012000,"Census Tract 120, Kings County, New York",Brooklyn,341,115,305,117,222,119,83,48,28,40,55,33,36,25,8,8,28,24
1400000US36047012100,"Census Tract 121, Kings County, New York",Brooklyn,950,145,477,103,454,104,23,22,2,6,21,22,473,131,275,117,198,70
1400000US36047012200,"Census Tract 122, Kings County, New York",Brooklyn,1466,280,975,240,711,224,264,145,110,110,154,92,491,192,365,185,126,76
1400000US36047012600,"Census Tract 126, Kings County, New York",Brooklyn,892,91,600,91,462,87,138,52,52,37,86,35,292,107,155,70,137,87
1400000US36047012700,"Census Tract 127, Kings County, New York",Brooklyn,1788,215,794,180,356,103,438,172,61,70,377,165,994,200,624,192,370,102
1400000US36047012801,"Census Tract 128.01, Kings County, New York",Brooklyn,754,148,503,100,296,93,207,89,99,67,108,62,251,133,246,133,5,8
1400000US36047012901,"Census Tract 129.01, Kings County, New York",Brooklyn,1030,124,683,125,495,130,188,110,28,33,160,108,347,97,140,59,207,83
1400000US36047012902,"Census Tract 129.02, Kings County, New York",Brooklyn,1902,203,654,157,570,163,84,81,41,63,43,50,1248,200,797,194,451,127
1400000US36047013000,"Census Tract 130, Kings County, New York",Brooklyn,1799,133,1295,173,936,182,359,112,88,63,271,113,504,127,421,124,83,60
1400000US36047013100,"Census Tract 131, Kings County, New York",Brooklyn,1787,306,816,280,643,273,173,79,12,19,161,76,971,186,605,160,366,112
1400000US36047013200,"Census Tract 132, Kings County, New York",Brooklyn,722,114,491,128,255,109,236,126,52,47,184,125,231,84,197,84,34,26
1400000US36047013300,"Census Tract 133, Kings County, New York",Brooklyn,1807,186,1053,165,1018,164,35,29,0,14,35,29,754,168,555,130,199,116
1400000US36047013400,"Census Tract 134, Kings County, New York",Brooklyn,1398,126,989,161,707,157,282,119,134,92,148,68,409,124,327,114,82,63
1400000US36047013500,"Census Tract 135, Kings County, New York",Brooklyn,1591,198,1175,158,1075,160,100,57,0,14,100,57,416,151,228,79,188,131
1400000US36047013600,"Census Tract 136, Kings County, New York",Brooklyn,1560,258,922,179,672,155,250,97,103,62,147,75,638,220,519,207,119,73
1400000US36047013700,"Census Tract 137, Kings County, New York",Brooklyn,1498,196,619,129,519,107,100,91,60,83,40,42,879,172,529,127,350,114
1400000US36047013800,"Census Tract 138, Kings County, New York",Brooklyn,1253,147,865,146,691,145,174,112,80,77,94,76,388,103,270,97,118,55
1400000US36047013900,"Census Tract 139, Kings County, New York",Brooklyn,1430,182,829,181,672,163,157,78,23,29,134,71,601,141,287,104,314,121
1400000US36047014000,"Census Tract 140, Kings County, New York",Brooklyn,692,187,544,185,398,143,146,114,101,110,45,29,148,53,104,45,44,28
1400000US36047014101,"Census Tract 141.01, Kings County, New York",Brooklyn,535,45,294,64,254,59,40,27,0,14,40,27,241,63,123,60,118,42
1400000US36047014102,"Census Tract 141.02, Kings County, New York",Brooklyn,906,215,653,211,389,87,264,216,74,100,190,191,253,75,171,59,82,42
1400000US36047014200,"Census Tract 142, Kings County, New York",Brooklyn,1264,166,899,168,576,109,323,128,142,105,181,88,365,121,283,95,82,57
1400000US36047014300,"Census Tract 143, Kings County, New York",Brooklyn,1423,158,749,185,461,147,288,138,76,60,212,128,674,193,429,176,245,87
1400000US36047014500,"Census Tract 145, Kings County, New York",Brooklyn,1878,256,875,129,737,123,138,81,52,49,86,66,1003,251,441,152,562,253
1400000US36047014700,"Census Tract 147, Kings County, New York",Brooklyn,857,138,564,100,475,95,89,43,27,23,62,41,293,94,233,95,60,37
1400000US36047014800,"Census Tract 148, Kings County, New York",Brooklyn,407,78,285,76,199,68,86,51,23,21,63,51,122,50,88,44,34,33
1400000US36047014901,"Census Tract 149.01, Kings County, New York",Brooklyn,635,87,336,103,317,102,19,20,0,14,19,20,299,83,137,57,162,68
1400000US36047014902,"Census Tract 149.02, Kings County, New York",Brooklyn,1872,439,1061,281,1005,277,56,59,29,43,27,38,811,356,530,342,281,111
1400000US36047015000,"Census Tract 150, Kings County, New York",Brooklyn,543,96,339,84,289,75,50,37,16,20,34,30,204,76,191,76,13,14
1400000US36047015100,"Census Tract 151, Kings County, New York",Brooklyn,1763,174,1161,197,992,190,169,90,21,23,148,85,602,134,361,119,241,76
1400000US36047015200,"Census Tract 152, Kings County, New York",Brooklyn,883,140,605,120,450,89,155,102,83,94,72,47,278,86,263,85,15,16
1400000US36047015300,"Census Tract 153, Kings County, New York",Brooklyn,1196,203,538,109,475,109,63,38,8,12,55,36,658,197,391,197,267,126
1400000US36047015400,"Census Tract 154, Kings County, New York",Brooklyn,0,14,0,14,0,14,0,14,0,14,0,14,0,14,0,14,0,14
1400000US36047015500,"Census Tract 155, Kings County, New York",Brooklyn,1436,225,916,220,765,198,151,107,23,26,128,102,520,125,379,110,141,84
1400000US36047015700,"Census Tract 157, Kings County, New York",Brooklyn,2109,428,1099,190,951,189,148,96,69,69,79,65,1010,413,441,144,569,399
1400000US36047015900,"Census Tract 159, Kings County, New York",Brooklyn,2613,260,1016,212,902,212,114,87,20,33,94,84,1597,290,1148,265,449,154
1400000US36047016000,"Census Tract 160, Kings County, New York",Brooklyn,1853,223,931,203,607,163,324,154,98,53,226,140,922,230,716,212,206,126
1400000US36047016100,"Census Tract 161, Kings County, New York",Brooklyn,1592,174,767,162,552,146,215,88,46,45,169,75,825,129,593,109,232,83
1400000US36047016200,"Census Tract 162, Kings County, New York",Brooklyn,1106,206,483,134,403,124,80,65,11,18,69,64,623,217,499,205,124,71
1400000US36047016300,"Census Tract 163, Kings County, New York",Brooklyn,1988,178,899,167,750,166,149,89,59,61,90,71,1089,212,577,166,512,180
1400000US36047016400,"Census Tract 164, Kings County, New York",Brooklyn,173,63,154,60,150,60,4,6,0,14,4,6,19,20,19,20,0,14
1400000US36047016500,"Census Tract 165, Kings County, New York",Brooklyn,2387,304,1335,259,1152,219,183,179,42,46,141,176,1052,232,662,165,390,173
1400000US36047016600,"Census Tract 166, Kings County, New York",Brooklyn,709,89,608,80,498,88,110,52,22,24,88,50,101,40,85,44,16,26
1400000US36047016700,"Census Tract 167, Kings County, New York",Brooklyn,2191,486,1067,243,963,223,104,93,61,86,43,33,1124,498,665,472,459,162
1400000US36047016800,"Census Tract 168, Kings County, New York",Brooklyn,761,163,477,162,302,81,175,144,85,131,90,50,284,91,243,81,41,39
1400000US36047016900,"Census Tract 169, Kings County, New York",Brooklyn,2005,332,1143,352,1079,350,64,71,16,29,48,60,862,181,600,174,262,113
1400000US36047017000,"Census Tract 170, Kings County, New York",Brooklyn,1152,177,928,188,555,113,373,188,122,89,251,171,224,101,160,89,64,56
1400000US36047017100,"Census Tract 171, Kings County, New York",Brooklyn,1627,254,1290,267,824,148,466,258,147,106,319,240,337,105,283,103,54,31
1400000US36047017200,"Census Tract 172, Kings County, New York",Brooklyn,946,164,634,185,535,181,99,70,20,32,79,63,312,146,289,145,23,27
1400000US36047017400,"Census Tract 174, Kings County, New York",Brooklyn,721,76,505,88,337,72,168,67,49,41,119,58,216,78,179,70,37,49
1400000US36047017500,"Census Tract 175, Kings County, New York",Brooklyn,0,14,0,14,0,14,0,14,0,14,0,14,0,14,0,14,0,14
1400000US36047017600,"Census Tract 176, Kings County, New York",Brooklyn,838,100,556,106,368,101,188,67,50,24,138,66,282,83,207,69,75,46
1400000US36047017700,"Census Tract 177, Kings County, New York",Brooklyn,0,14,0,14,0,14,0,14,0,14,0,14,0,14,0,14,0,14
1400000US36047017800,"Census Tract 178, Kings County, New York",Brooklyn,844,123,683,131,467,111,216,93,43,33,173,88,161,73,161,73,0,14
1400000US36047017900,"Census Tract 179, Kings County, New York",Brooklyn,1414,123,904,122,517,128,387,114,128,92,259,88,510,103,338,112,172,80
1400000US36047018000,"Census Tract 180, Kings County, New York",Brooklyn,971,198,712,225,477,130,235,176,39,32,196,173,259,103,206,99,53,43
1400000US36047018100,"Census Tract 181, Kings County, New York",Brooklyn,2158,278,753,207,681,206,72,55,49,53,23,27,1405,328,1038,290,367,182
1400000US36047018200,"Census Tract 182, Kings County, New York",Brooklyn,1159,152,944,160,603,141,341,124,82,57,259,108,215,87,163,70,52,69
1400000US36047018300,"Census Tract 183, Kings County, New York",Brooklyn,1365,158,616,128,472,151,144,101,0,14,144,101,749,165,335,97,414,148
1400000US36047018400,"Census Tract 184, Kings County, New York",Brooklyn,723,104,635,106,446,78,189,78,95,37,94,73,88,42,78,39,10,11
1400000US36047018501,"Census Tract 185.01, Kings County, New York",Brooklyn,1719,248,994,179,294,117,700,206,93,92,607,191,725,273,672,273,53,44
1400000US36047018600,"Census Tract 186, Kings County, New York",Brooklyn,618,119,449,83,286,56,163,82,64,44,99,71,169,87,129,86,40,30
1400000US36047018700,"Census Tract 187, Kings County, New York",Brooklyn,550,78,258,54,206,45,52,37,0,14,52,37,292,77,130,41,162,79
1400000US36047018800,"Census Tract 188, Kings County, New York",Brooklyn,1081,295,661,112,408,92,253,92,87,49,166,92,420,292,344,287,76,82
1400000US36047019000,"Census Tract 190, Kings County, New York",Brooklyn,1600,302,1103,279,700,281,403,188,109,89,294,194,497,158,309,120,188,89
1400000US36047019100,"Census Tract 191, Kings County, New York",Brooklyn,1282,179,539,152,441,139,98,72,56,53,42,45,743,135,463,124,280,93
1400000US36047019200,"Census Tract 192, Kings County, New York",Brooklyn,737,104,612,97,471,98,141,71,91,62,50,36,125,70,81,39,44,59
1400000US36047019300,"Census Tract 193, Kings County, New York",Brooklyn,2626,365,664,210,336,181,328,154,59,54,269,147,1962,400,1593,394,369,171
1400000US36047019400,"Census Tract 194, Kings County, New York",Brooklyn,1159,348,960,359,816,354,144,73,116,71,28,26,199,103,134,74,65,80
1400000US36047019500,"Census Tract 195, Kings County, New York",Brooklyn,1871,217,940,144,665,139,275,104,149,80,126,82,931,250,707,204,224,154
1400000US36047019600,"Census Tract 196, Kings County, New York",Brooklyn,1397,287,991,280,667,266,324,122,72,72,252,98,406,142,392,148,14,23
1400000US36047019700,"Census Tract 197, Kings County, New York",Brooklyn,1797,226,794,184,538,137,256,153,77,79,179,139,1003,195,807,175,196,94
1400000US36047019800,"Census Tract 198, Kings County, New York",Brooklyn,650,134,467,131,352,123,115,71,28,39,87,57,183,75,183,75,0,14
1400000US36047019900,"Census Tract 199, Kings County, New York",Brooklyn,2401,315,811,175,642,176,169,121,32,51,137,109,1590,335,1130,244,460,264
1400000US36047020000,"Census Tract 200, Kings County, New York",Brooklyn,666,123,455,90,255,80,200,67,67,45,133,62,211,111,164,113,47,45
1400000US36047020100,"Census Tract 201, Kings County, New York",Brooklyn,1914,241,910,155,553,139,357,118,59,42,298,112,1004,252,680,206,324,140
1400000US36047020200,"Census Tract 202, Kings County, New York",Brooklyn,630,90,536,94,371,80,165,70,66,46,99,50,94,51,88,49,6,9
1400000US36047020300,"Census Tract 203, Kings County, New York",Brooklyn,963,69,328,83,247,76,81,43,11,16,70,40,635,98,447,99,188,68
1400000US36047020400,"Census Tract 204, Kings County, New York",Brooklyn,704,110,543,84,387,90,156,70,46,38,110,59,161,85,133,82,28,23
1400000US36047020500,"Census Tract 205, Kings County, New York",Brooklyn,1586,184,837,142,665,143,172,106,50,70,122,84,749,159,442,139,307,117
1400000US36047020600,"Census Tract 206, Kings County, New York",Brooklyn,799,132,708,133,538,123,170,96,61,60,109,76,91,44,68,33,23,37
1400000US36047020700,"Census Tract 207, Kings County, New York",Brooklyn,2343,260,1001,231,764,213,237,139,20,33,217,135,1342,253,988,249,354,140
1400000US36047020800,"Census Tract 208, Kings County, New York",Brooklyn,1079,382,869,372,593,360,276,109,169,104,107,65,210,94,191,93,19,20
1400000US36047021000,"Census Tract 210, Kings County, New York",Brooklyn,1121,216,878,207,623,207,255,109,113,92,142,74,243,110,174,99,69,50
1400000US36047021100,"Census Tract 211, Kings County, New York",Brooklyn,1137,152,679,145,227,82,452,138,76,56,376,127,458,127,288,91,170,95
1400000US36047021200,"Census Tract 212, Kings County, New York",Brooklyn,1214,227,863,149,619,143,244,111,107,92,137,68,351,160,245,110,106,126
1400000US36047021300,"Census Tract 213, Kings County, New York",Brooklyn,2041,285,1000,312,591,302,409,135,64,67,345,115,1041,164,729,157,312,99
1400000US36047021400,"Census Tract 214, Kings County, New York",Brooklyn,528,98,382,81,338,79,44,33,4,6,40,34,146,85,78,63,68,55
1400000US36047021500,"Census Tract 215, Kings County, New York",Brooklyn,2771,327,1225,349,1016,337,209,157,51,77,158,138,1546,268,925,217,621,223
1400000US36047021600,"Census Tract 216, Kings County, New York",Brooklyn,976,143,846,142,785,147,61,52,23,37,38,33,130,59,94,48,36,35
1400000US36047021700,"Census Tract 217, Kings County, New York",Brooklyn,1937,196,770,132,539,100,231,110,32,38,199,99,1167,191,805,162,362,111
1400000US36047021800,"Census Tract 218, Kings County, New York",Brooklyn,813,148,595,175,485,167,110,65,0,14,110,65,218,152,218,152,0,14
1400000US36047021900,"Census Tract 219, Kings County, New York",Brooklyn,1943,185,711,182,263,118,448,185,160,104,288,167,1232,154,704,148,528,130
1400000US36047022000,"Census Tract 220, Kings County, New York",Brooklyn,1295,241,922,159,837,166,85,77,44,63,41,33,373,209,232,189,141,106
1400000US36047022100,"Census Tract 221, Kings County, New York",Brooklyn,1680,228,606,220,398,215,208,90,49,59,159,67,1074,145,679,141,395,104
1400000US36047022200,"Census Tract 222, Kings County, New York",Brooklyn,1099,191,933,199,615,144,318,158,155,139,163,108,166,83,166,83,0,14
1400000US36047022400,"Census Tract 224, Kings County, New York",Brooklyn,1201,234,921,176,725,179,196,86,74,73,122,69,280,191,139,77,141,172
1400000US36047022600,"Census Tract 226, Kings County, New York",Brooklyn,543,111,462,112,404,102,58,52,43,50,15,18,81,55,75,53,6,10
1400000US36047022700,"Census Tract 227, Kings County, New York",Brooklyn,2167,256,859,262,410,237,449,138,58,54,391,143,1308,216,815,224,493,189
1400000US36047022800,"Census Tract 228, Kings County, New York",Brooklyn,763,131,667,135,595,131,72,42,32,35,40,33,96,58,71,52,25,28
1400000US36047022900,"Census Tract 229, Kings County, New York",Brooklyn,1679,225,562,133,422,112,140,105,82,101,58,45,1117,247,465,121,652,236
1400000US36047023000,"Census Tract 230, Kings County, New York",Brooklyn,1024,189,902,201,782,190,120,95,41,65,79,73,122,78,112,79,10,17
1400000US36047023100,"Census Tract 231, Kings County, New York",Brooklyn,1773,211,859,208,747,210,112,51,37,37,75,40,914,168,656,143,258,87
1400000US36047023200,"Census Tract 232, Kings County, New York",Brooklyn,1418,183,1109,204,1029,205,80,68,13,20,67,63,309,128,175,81,134,110
1400000US36047023300,"Census Tract 233, Kings County, New York",Brooklyn,2211,239,1129,235,738,253,391,191,134,138,257,165,1082,231,697,235,385,149
1400000US36047023400,"Census Tract 234, Kings County, New York",Brooklyn,1431,195,1212,156,1119,160,93,79,51,61,42,46,219,163,205,153,14,26
1400000US36047023500,"Census Tract 235, Kings County, New York",Brooklyn,1557,157,892,202,767,174,125,102,12,21,113,99,665,161,469,128,196,97
1400000US36047023600,"Census Tract 236, Kings County, New York",Brooklyn,1491,128,1150,142,1083,144,67,58,15,25,52,52,341,131,292,127,49,70
1400000US36047023800,"Census Tract 238, Kings County, New York",Brooklyn,1194,157,919,186,852,183,67,46,0,19,67,46,275,111,246,102,29,37
1400000US36047024000,"Census Tract 240, Kings County, New York",Brooklyn,1420,214,1172,227,986,239,186,101,84,80,102,73,248,120,200,102,48,68
1400000US36047024100,"Census Tract 241, Kings County, New York",Brooklyn,1158,155,476,117,424,104,52,62,0,14,52,62,682,150,304,97,378,133
1400000US36047024200,"Census Tract 242, Kings County, New York",Brooklyn,737,90,628,94,572,84,56,45,40,39,16,15,109,62,101,61,8,13
1400000US36047024300,"Census Tract 243, Kings County, New York",Brooklyn,1934,251,766,202,509,178,257,131,58,75,199,110,1168,271,773,207,395,197
1400000US36047024400,"Census Tract 244, Kings County, New York",Brooklyn,996,217,874,204,688,138,186,170,58,84,128,149,122,70,113,67,9,15
1400000US36047024500,"Census Tract 245, Kings County, New York",Brooklyn,1977,195,984,210,674,218,310,124,0,14,310,124,993,174,654,166,339,121
1400000US36047024600,"Census Tract 246, Kings County, New York",Brooklyn,836,92,580,104,386,93,194,85,42,39,152,81,256,95,172,84,84,79
1400000US36047024700,"Census Tract 247, Kings County, New York",Brooklyn,1382,278,523,139,185,126,338,82,40,44,298,79,859,281,630,269,229,105
1400000US36047024800,"Census Tract 248, Kings County, New York",Brooklyn,779,99,628,114,422,99,206,95,83,66,123,71,151,77,75,51,76,55
1400000US36047024900,"Census Tract 249, Kings County, New York",Brooklyn,1966,237,698,176,427,149,271,121,118,68,153,112,1268,244,680,210,588,214
1400000US36047025000,"Census Tract 250, Kings County, New York",Brooklyn,466,99,263,75,130,46,133,70,74,60,59,46,203,88,186,83,17,22
1400000US36047025100,"Census Tract 251, Kings County, New York",Brooklyn,1763,225,896,266,340,214,556,236,28,45,528,233,867,167,614,116,253,130
1400000US36047025200,"Census Tract 252, Kings County, New York",Brooklyn,1654,300,1235,247,884,231,351,116,138,79,213,91,419,159,342,144,77,76
1400000US36047025300,"Census Tract 253, Kings County, New York",Brooklyn,1482,138,818,189,419,131,399,165,215,143,184,114,664,157,318,115,346,133
1400000US36047025400,"Census Tract 254, Kings County, New York",Brooklyn,1175,332,942,334,720,339,222,112,123,91,99,62,233,87,196,85,37,41
1400000US36047025500,"Census Tract 255, Kings County, New York",Brooklyn,2092,390,1327,262,199,116,1128,269,266,225,862,143,765,335,765,335,0,14
1400000US36047025600,"Census Tract 256, Kings County, New York",Brooklyn,1095,400,928,399,736,384,192,124,113,117,79,60,167,89,160,87,7,13
1400000US36047025700,"Census Tract 257, Kings County, New York",Brooklyn,946,122,530,136,445,109,85,72,0,14,85,72,416,118,133,103,283,117
1400000US36047025800,"Census Tract 258, Kings County, New York",Brooklyn,1312,162,872,178,440,128,432,170,148,109,284,128,440,134,377,133,63,53
1400000US36047025901,"Census Tract 259.01, Kings County, New York",Brooklyn,832,136,381,81,268,84,113,51,44,25,69,43,451,136,288,124,163,68
1400000US36047025902,"Census Tract 259.02, Kings County, New York",Brooklyn,1448,373,1069,370,129,93,940,388,14,37,926,380,379,152,299,135,80,92
1400000US36047026000,"Census Tract 260, Kings County, New York",Brooklyn,1000,136,711,136,425,101,286,106,88,58,198,100,289,127,235,109,54,52
1400000US36047026100,"Census Tract 261, Kings County, New York",Brooklyn,2457,223,738,187,270,139,468,236,118,123,350,192,1719,190,950,264,769,213
1400000US36047026200,"Census Tract 262, Kings County, New York",Brooklyn,784,104,639,110,431,86,208,71,121,77,87,41,145,59,122,54,23,24
1400000US36047026300,"Census Tract 263, Kings County, New York",Brooklyn,939,149,525,153,241,89,284,137,109,121,175,76,414,103,306,105,108,59
1400000US36047026400,"Census Tract 264, Kings County, New York",Brooklyn,1534,289,1166,287,642,139,524,299,170,113,354,273,368,102,279,103,89,64
1400000US36047026500,"Census Tract 265, Kings County, New York",Brooklyn,1977,278,719,226,451,228,268,143,99,128,169,91,1258,240,945,241,313,87
1400000US36047026600,"Census Tract 266, Kings County, New York",Brooklyn,1148,130,921,128,665,151,256,105,132,77,124,89,227,88,143,71,84,66
1400000US36047026700,"Census Tract 267, Kings County, New York",Brooklyn,1765,212,844,211,577,176,267,165,34,29,233,163,921,209,510,198,411,102
1400000US36047026800,"Census Tract 268, Kings County, New York",Brooklyn,1520,282,1043,184,821,185,222,97,89,61,133,81,477,230,294,118,183,211
1400000US36047026900,"Census Tract 269, Kings County, New York",Brooklyn,1302,153,699,168,354,146,345,143,0,14,345,143,603,140,430,138,173,86
1400000US36047027000,"Census Tract 270, Kings County, New York",Brooklyn,876,109,625,118,510,125,115,59,55,39,60,43,251,65,233,64,18,21
1400000US36047027100,"Census Tract 271, Kings County, New York",Brooklyn,1610,169,612,146,301,105,311,131,103,92,208,98,998,196,650,195,348,172
1400000US36047027200,"Census Tract 272, Kings County, New York",Brooklyn,1430,224,979,209,771,211,208,100,56,63,152,84,451,226,404,222,47,65
1400000US36047027300,"Census Tract 273, Kings County, New York",Brooklyn,1420,174,859,211,346,187,513,155,42,60,471,158,561,137,337,120,224,104
1400000US36047027400,"Census Tract 274, Kings County, New York",Brooklyn,988,115,751,143,411,160,340,130,120,97,220,104,237,109,220,108,17,26
1400000US36047027500,"Census Tract 275, Kings County, New York",Brooklyn,1791,194,989,228,397,155,592,194,134,109,458,162,802,170,443,165,359,133
1400000US36047027600,"Census Tract 276, Kings County, New York",Brooklyn,1294,297,1066,322,726,296,340,143,131,79,209,139,228,90,177,79,51,51
1400000US36047027700,"Census Tract 277, Kings County, New York",Brooklyn,1660,175,815,200,150,94,665,188,57,52,608,189,845,204,654,218,191,87
1400000US36047027800,"Census Tract 278, Kings County, New York",Brooklyn,1130,158,740,146,455,127,285,150,190,137,95,54,390,136,293,117,97,73
1400000US36047027900,"Census Tract 279, Kings County, New York",Brooklyn,1692,189,946,171,529,138,417,140,72,79,345,115,746,195,386,165,360,142
1400000US36047028000,"Census Tract 280, Kings County, New York",Brooklyn,595,107,419,76,345,77,74,33,24,16,50,26,176,88,129,47,47,71
1400000US36047028100,"Census Tract 281, Kings County, New York",Brooklyn,1879,165,998,214,451,152,547,217,88,102,459,176,881,181,618,168,263,120
1400000US36047028200,"Census Tract 282, Kings County, New York",Brooklyn,1190,249,820,203,563,119,257,182,204,179,53,40,370,176,298,164,72,74
1400000US36047028300,"Census Tract 283, Kings County, New York",Brooklyn,1584,241,911,249,363,157,548,271,84,55,464,283,673,136,377,119,296,102
1400000US36047028400,"Census Tract 284, Kings County, New York",Brooklyn,1445,230,762,154,551,160,211,111,125,70,86,90,683,243,492,196,191,161
1400000US36047028501,"Census Tract 285.01, Kings County, New York",Brooklyn,321,97,29,22,26,23,3,4,3,4,0,14,292,97,183,84,109,61
1400000US36047028502,"Census Tract 285.02, Kings County, New York",Brooklyn,1187,167,701,219,242,175,459,118,72,70,387,157,486,187,478,187,8,13
1400000US36047028600,"Census Tract 286, Kings County, New York",Brooklyn,1748,192,921,166,604,198,317,162,45,54,272,155,827,182,810,181,17,27
1400000US36047028700,"Census Tract 287, Kings County, New York",Brooklyn,1304,194,604,209,301,118,303,208,0,14,303,208,700,132,411,139,289,117
1400000US36047028800,"Census Tract 288, Kings County, New York",Brooklyn,1123,190,729,187,448,110,281,153,89,63,192,141,394,125,280,117,114,87
1400000US36047028900,"Census Tract 289, Kings County, New York",Brooklyn,1601,275,656,228,359,204,297,144,0,14,297,144,945,233,445,211,500,143
1400000US36047029000,"Census Tract 290, Kings County, New York",Brooklyn,1531,190,893,140,605,128,288,101,46,38,242,91,638,178,638,178,0,14
1400000US36047029100,"Census Tract 291, Kings County, New York",Brooklyn,1451,150,756,195,266,110,490,174,162,127,328,98,695,156,468,142,227,125
1400000US36047029200,"Census Tract 292, Kings County, New York",Brooklyn,1014,111,569,103,465,105,104,53,43,52,61,42,445,122,351,119,94,54
1400000US36047029300,"Census Tract 293, Kings County, New York",Brooklyn,1326,162,775,192,280,112,495,169,152,139,343,117,551,158,405,146,146,106
1400000US36047029400,"Census Tract 294, Kings County, New York",Brooklyn,603,155,333,129,179,61,154,113,92,107,62,39,270,122,215,111,55,42
1400000US36047029500,"Census Tract 295, Kings County, New York",Brooklyn,1886,273,998,283,490,149,508,254,125,92,383,239,888,190,560,163,328,112
1400000US36047029600,"Census Tract 296, Kings County, New York",Brooklyn,1989,256,1547,208,1090,188,457,158,120,78,337,148,442,210,363,223,79,75
1400000US36047029700,"Census Tract 297, Kings County, New York",Brooklyn,1705,187,893,218,423,154,470,182,139,80,331,157,812,152,621,156,191,94
1400000US36047029800,"Census Tract 298, Kings County, New York",Brooklyn,1110,126,784,119,446,116,338,104,121,79,217,85,326,118,205,109,121,80
1400000US36047029900,"Census Tract 299, Kings County, New York",Brooklyn,1247,233,751,217,302,102,449,207,8,13,441,207,496,88,356,114,140,85
1400000US36047030000,"Census Tract 300, Kings County, New York",Brooklyn,1354,168,1010,191,604,167,406,199,199,139,207,92,344,118,292,111,52,46
1400000US36047030100,"Census Tract 301, Kings County, New York",Brooklyn,1106,233,529,115,207,106,322,136,101,78,221,119,577,213,303,136,274,183
1400000US36047030200,"Census Tract 302, Kings County, New York",Brooklyn,1323,176,971,205,706,197,265,81,83,45,182,68,352,98,233,82,119,70
1400000US36047030300,"Census Tract 303, Kings County, New York",Brooklyn,2198,218,1103,170,436,184,667,163,148,106,519,119,1095,258,886,288,209,136
1400000US36047030400,"Census Tract 304, Kings County, New York",Brooklyn,1505,166,1156,168,907,146,249,103,66,50,183,90,349,139,312,132,37,48
1400000US36047030500,"Census Tract 305, Kings County, New York",Brooklyn,3332,228,1356,304,992,284,364,151,89,78,275,141,1976,327,1357,301,619,161
1400000US36047030600,"Census Tract 306, Kings County, New York",Brooklyn,672,100,523,110,392,112,131,54,45,34,86,46,149,55,122,52,27,27
1400000US36047030700,"Census Tract 307, Kings County, New York",Brooklyn,2861,473,1843,525,843,489,1000,280,122,178,878,281,1018,347,895,353,123,135
1400000US36047030800,"Census Tract 308, Kings County, New York",Brooklyn,710,121,428,112,319,101,109,59,42,38,67,44,282,80,235,73,47,54
1400000US36047030900,"Census Tract 309, Kings County, New York",Brooklyn,933,142,507,145,199,118,308,116,37,34,271,106,426,117,306,126,120,80
1400000US36047031100,"Census Tract 311, Kings County, New York",Brooklyn,1325,176,620,187,412,169,208,105,28,30,180,101,705,150,422,144,283,114
1400000US36047031300,"Census Tract 313, Kings County, New York",Brooklyn,2277,456,678,222,348,164,330,163,62,51,268,150,1599,471,1386,477,213,96
1400000US36047031401,"Census Tract 314.01, Kings County, New York",Brooklyn,1842,170,1204,261,871,240,333,134,172,93,161,92,638,177,507,172,131,96
1400000US36047031402,"Census Tract 314.02, Kings County, New York",Brooklyn,0,14,0,14,0,14,0,14,0,14,0,14,0,14,0,14,0,14
1400000US36047031500,"Census Tract 315, Kings County, New York",Brooklyn,2481,245,923,267,594,201,329,191,112,133,217,126,1558,290,944,221,614,242
1400000US36047031701,"Census Tract 317.01, Kings County, New York",Brooklyn,1701,256,830,272,244,128,586,263,114,129,472,265,871,165,477,165,394,120
1400000US36047031702,"Census Tract 317.02, Kings County, New York",Brooklyn,1553,210,627,169,280,133,347,130,80,67,267,116,926,185,519,160,407,148
1400000US36047031900,"Census Tract 319, Kings County, New York",Brooklyn,1308,178,776,218,434,166,342,178,26,42,316,181,532,149,315,133,217,115
1400000US36047032100,"Census Tract 321, Kings County, New York",Brooklyn,2188,272,1052,279,426,203,626,284,95,90,531,270,1136,196,676,211,460,174
1400000US36047032300,"Census Tract 323, Kings County, New York",Brooklyn,1695,222,860,233,440,203,420,154,9,15,411,155,835,146,619,146,216,88
1400000US36047032500,"Census Tract 325, Kings County, New York",Brooklyn,2715,301,1697,296,976,327,721,300,222,151,499,268,1018,294,635,211,383,187
1400000US36047032600,"Census Tract 326, Kings County, New York",Brooklyn,3091,599,2478,618,1154,512,1324,441,88,106,1236,430,613,250,613,250,0,21
1400000US36047032700,"Census Tract 327, Kings County, New York",Brooklyn,1420,151,686,177,473,168,213,113,0,14,213,113,734,148,697,151,37,32
1400000US36047032800,"Census Tract 328, Kings County, New York",Brooklyn,1122,193,839,192,409,163,430,149,108,65,322,132,283,135,213,116,70,102
1400000US36047032900,"Census Tract 329, Kings County, New York",Brooklyn,2121,298,1193,299,599,288,594,202,201,138,393,155,928,199,693,193,235,146
1400000US36047033000,"Census Tract 330, Kings County, New York",Brooklyn,1944,208,1127,182,359,152,768,167,104,87,664,176,817,232,690,215,127,121
1400000US36047033100,"Census Tract 331, Kings County, New York",Brooklyn,1743,276,924,302,533,176,391,262,180,243,211,118,819,165,731,168,88,56
1400000US36047033300,"Census Tract 333, Kings County, New York",Brooklyn,1366,156,1030,189,779,178,251,143,72,79,179,116,336,136,318,131,18,28
1400000US36047033500,"Census Tract 335, Kings County, New York",Brooklyn,954,149,792,157,440,127,352,98,62,47,290,77,162,58,80,44,82,50
1400000US36047033600,"Census Tract 336, Kings County, New York",Brooklyn,1592,184,1081,201,796,177,285,144,170,114,115,105,511,145,406,140,105,76
1400000US36047033701,"Census Tract 337.01, Kings County, New York",Brooklyn,945,186,589,167,338,140,251,112,32,34,219,110,356,131,260,126,96,71
1400000US36047033702,"Census Tract 337.02, Kings County, New York",Brooklyn,575,68,392,86,250,84,142,70,18,21,124,68,183,66,108,63,75,46
1400000US36047033900,"Census Tract 339, Kings County, New York",Brooklyn,2041,226,1001,242,475,164,526,210,32,47,494,205,1040,213,781,216,259,114
1400000US36047034000,"Census Tract 340, Kings County, New York",Brooklyn,679,104,506,110,71,48,435,99,56,48,379,95,173,75,135,62,38,44
1400000US36047034100,"Census Tract 341, Kings County, New York",Brooklyn,1174,214,514,238,258,149,256,151,57,69,199,143,660,179,408,170,252,94
1400000US36047034200,"Census Tract 342, Kings County, New York",Brooklyn,2927,273,1577,342,663,296,914,316,330,251,584,235,1350,334,1148,294,202,200
1400000US36047034300,"Census Tract 343, Kings County, New York",Brooklyn,1892,252,1066,296,322,247,744,244,115,129,629,211,826,199,764,204,62,67
1400000US36047034500,"Census Tract 345, Kings County, New York",Brooklyn,1097,189,564,152,408,162,156,83,13,21,143,86,533,178,324,166,209,113
1400000US36047034700,"Census Tract 347, Kings County, New York",Brooklyn,1860,248,914,220,215,157,699,192,247,163,452,128,946,233,897,226,49,47
1400000US36047034800,"Census Tract 348, Kings County, New York",Brooklyn,938,149,732,125,458,131,274,87,115,68,159,69,206,121,197,122,9,12
1400000US36047034901,"Census Tract 349.01, Kings County, New York",Brooklyn,817,197,622,223,138,73,484,228,30,54,454,238,195,117,127,103,68,70
1400000US36047034902,"Census Tract 349.02, Kings County, New York",Brooklyn,1669,337,796,262,288,86,508,254,113,149,395,211,873,314,817,309,56,57
1400000US36047035000,"Census Tract 350, Kings County, New York",Brooklyn,1611,228,921,167,600,162,321,114,59,74,262,105,690,214,603,200,87,79
1400000US36047035101,"Census Tract 351.01, Kings County, New York",Brooklyn,762,139,391,150,40,34,351,146,30,32,321,137,371,97,337,88,34,43
1400000US36047035102,"Census Tract 351.02, Kings County, New York",Brooklyn,1047,133,781,177,267,58,514,181,108,108,406,132,266,107,219,95,47,53
1400000US36047035200,"Census Tract 352, Kings County, New York",Brooklyn,821,183,180,39,56,38,124,14,0,14,124,14,641,179,641,179,0,14
1400000US36047035301,"Census Tract 353.01, Kings County, New York",Brooklyn,1116,177,375,145,209,131,166,91,62,60,104,77,741,192,453,164,288,168
1400000US36047035302,"Census Tract 353.02, Kings County, New York",Brooklyn,1014,132,746,151,459,164,287,77,46,43,241,72,268,92,176,72,92,59
1400000US36047035400,"Census Tract 354, Kings County, New York",Brooklyn,2856,304,1746,333,1305,275,441,240,242,203,199,127,1110,236,1057,230,53,51
1400000US36047035500,"Census Tract 355, Kings County, New York",Brooklyn,2068,224,1088,183,713,203,375,189,18,28,357,188,980,252,656,239,324,199
1400000US36047035601,"Census Tract 356.01, Kings County, New York",Brooklyn,1397,175,667,136,413,136,254,122,31,30,223,119,730,183,730,183,0,14
1400000US36047035602,"Census Tract 356.02, Kings County, New York",Brooklyn,3207,282,1858,283,1317,313,541,194,56,68,485,191,1349,296,1132,282,217,156
1400000US36047035701,"Census Tract 357.01, Kings County, New York",Brooklyn,1105,176,467,93,205,82,262,96,15,24,247,97,638,191,628,191,10,16
1400000US36047035702,"Census Tract 357.02, Kings County, New York",Brooklyn,0,14,0,14,0,14,0,14,0,14,0,14,0,14,0,14,0,14
1400000US36047035900,"Census Tract 359, Kings County, New York",Brooklyn,2462,267,1587,346,514,232,1073,348,109,109,964,343,875,306,829,300,46,51
1400000US36047036001,"Census Tract 360.01, Kings County, New York",Brooklyn,1786,137,596,129,368,110,228,102,37,40,191,98,1190,170,1092,169,98,68
1400000US36047036002,"Census Tract 360.02, Kings County, New York",Brooklyn,2203,249,980,230,787,231,193,141,67,84,126,113,1223,308,1180,301,43,43
1400000US36047036100,"Census Tract 361, Kings County, New York",Brooklyn,1268,155,708,179,250,152,458,122,27,30,431,116,560,179,476,151,84,96
1400000US36047036200,"Census Tract 362, Kings County, New York",Brooklyn,1353,271,828,268,670,241,158,82,92,61,66,53,525,146,390,147,135,67
1400000US36047036300,"Census Tract 363, Kings County, New York",Brooklyn,2105,257,1276,270,382,198,894,229,42,59,852,226,829,225,775,244,54,63
1400000US36047036400,"Census Tract 364, Kings County, New York",Brooklyn,955,192,607,195,340,143,267,149,45,48,222,136,348,93,185,73,163,80
1400000US36047036501,"Census Tract 365.01, Kings County, New York",Brooklyn,1378,137,681,161,407,162,274,98,40,47,234,94,697,144,624,138,73,68
1400000US36047036502,"Census Tract 365.02, Kings County, New York",Brooklyn,745,134,450,156,48,40,402,173,125,113,277,172,295,86,209,83,86,73
1400000US36047036600,"Census Tract 366, Kings County, New York",Brooklyn,1388,106,814,129,591,144,223,90,63,41,160,77,574,144,518,142,56,57
1400000US36047036700,"Census Tract 367, Kings County, New York",Brooklyn,705,163,334,153,118,87,216,136,43,40,173,130,371,139,248,132,123,102
1400000US36047036900,"Census Tract 369, Kings County, New York",Brooklyn,2455,313,1069,297,599,332,470,218,181,145,289,169,1386,303,998,313,388,230
1400000US36047037000,"Census Tract 370, Kings County, New York",Brooklyn,1479,181,968,160,718,148,250,86,85,54,165,74,511,162,430,154,81,71
1400000US36047037100,"Census Tract 371, Kings County, New York",Brooklyn,1728,186,1004,213,516,195,488,193,104,102,384,148,724,223,504,185,220,108
1400000US36047037300,"Census Tract 373, Kings County, New York",Brooklyn,2012,299,1147,257,602,214,545,212,111,90,434,194,865,262,627,239,238,143
1400000US36047037401,"Census Tract 374.01, Kings County, New York",Brooklyn,1819,214,1212,194,763,190,449,145,127,79,322,129,607,171,526,168,81,75
1400000US36047037402,"Census Tract 374.02, Kings County, New York",Brooklyn,2276,154,1589,251,1241,261,348,163,209,152,139,80,687,246,626,249,61,49
1400000US36047037500,"Census Tract 375, Kings County, New York",Brooklyn,1560,184,529,151,211,122,318,138,171,95,147,93,1031,197,613,202,418,188
1400000US36047037700,"Census Tract 377, Kings County, New York",Brooklyn,1912,231,1229,205,428,152,801,230,228,135,573,225,683,199,480,197,203,95
1400000US36047037900,"Census Tract 379, Kings County, New York",Brooklyn,1584,168,822,186,284,115,538,162,68,67,470,156,762,188,545,167,217,150
1400000US36047038100,"Census Tract 381, Kings County, New York",Brooklyn,2458,271,1096,234,459,173,637,185,323,166,314,118,1362,306,920,267,442,271
1400000US36047038200,"Census Tract 382, Kings County, New York",Brooklyn,1985,254,1363,269,312,132,1051,249,237,163,814,219,622,201,622,201,0,19
1400000US36047038300,"Census Tract 383, Kings County, New York",Brooklyn,2158,251,1222,257,682,256,540,183,151,145,389,152,936,200,612,204,324,130
1400000US36047038500,"Census Tract 385, Kings County, New York",Brooklyn,1571,273,699,235,424,156,275,144,88,125,187,95,872,256,621,258,251,94
1400000US36047038600,"Census Tract 386, Kings County, New York",Brooklyn,1086,206,894,209,496,119,398,198,171,125,227,163,192,91,192,91,0,14
1400000US36047038700,"Census Tract 387, Kings County, New York",Brooklyn,2093,407,1435,431,858,450,577,215,246,170,331,120,658,212,426,211,232,106
1400000US36047038800,"Census Tract 388, Kings County, New York",Brooklyn,1530,286,1139,282,871,275,268,135,85,83,183,99,391,156,270,123,121,114
1400000US36047038900,"Census Tract 389, Kings County, New York",Brooklyn,1472,233,624,260,516,252,108,77,0,14,108,77,848,154,503,163,345,106
1400000US36047039000,"Census Tract 390, Kings County, New York",Brooklyn,770,111,574,113,528,113,46,28,16,17,30,22,196,67,196,67,0,14
1400000US36047039100,"Census Tract 391, Kings County, New York",Brooklyn,2539,294,713,206,391,133,322,151,32,53,290,143,1826,324,973,265,853,260
1400000US36047039200,"Census Tract 392, Kings County, New York",Brooklyn,1082,221,637,183,467,175,170,97,69,66,101,70,445,194,356,182,89,83
1400000US36047039300,"Census Tract 393, Kings County, New York",Brooklyn,1643,165,547,199,281,123,266,147,23,30,243,149,1096,148,668,163,428,139
1400000US36047039400,"Census Tract 394, Kings County, New York",Brooklyn,702,110,498,107,482,106,16,19,8,11,8,14,204,69,175,74,29,36
1400000US36047039500,"Census Tract 395, Kings County, New York",Brooklyn,1959,347,515,124,237,76,278,105,118,89,160,50,1444,379,796,355,648,210
1400000US36047039600,"Census Tract 396, Kings County, New York",Brooklyn,675,104,375,117,289,119,86,48,32,35,54,33,300,105,246,79,54,59
1400000US36047039700,"Census Tract 397, Kings County, New York",Brooklyn,1598,160,680,213,228,96,452,196,62,61,390,183,918,179,625,146,293,108
1400000US36047039800,"Census Tract 398, Kings County, New York",Brooklyn,809,182,686,182,597,175,89,50,14,17,75,50,123,50,97,43,26,26
1400000US36047039900,"Census Tract 399, Kings County, New York",Brooklyn,1635,259,628,186,164,63,464,191,120,104,344,177,1007,244,688,256,319,102
1400000US36047040000,"Census Tract 400, Kings County, New York",Brooklyn,877,149,607,159,508,165,99,59,74,55,25,26,270,88,250,88,20,16
1400000US36047040100,"Census Tract 401, Kings County, New York",Brooklyn,1399,186,645,233,298,151,347,223,100,116,247,175,754,160,425,177,329,135
1400000US36047040200,"Census Tract 402, Kings County, New York",Brooklyn,772,111,555,108,407,108,148,59,56,37,92,53,217,93,205,92,12,19
1400000US36047040300,"Census Tract 403, Kings County, New York",Brooklyn,1489,165,706,176,340,176,366,120,67,68,299,142,783,188,307,172,476,160
1400000US36047040400,"Census Tract 404, Kings County, New York",Brooklyn,847,138,707,148,447,84,260,129,36,29,224,125,140,58,117,50,23,25
1400000US36047040500,"Census Tract 405, Kings County, New York",Brooklyn,680,115,290,74,157,65,133,76,22,25,111,75,390,123,151,81,239,118
1400000US36047040600,"Census Tract 406, Kings County, New York",Brooklyn,1052,157,907,144,714,162,193,92,34,24,159,95,145,80,89,56,56,54
1400000US36047040700,"Census Tract 407, Kings County, New York",Brooklyn,0,14,0,14,0,14,0,14,0,14,0,14,0,14,0,14,0,14
1400000US36047040800,"Census Tract 408, Kings County, New York",Brooklyn,1068,183,836,199,575,117,261,181,70,51,191,170,232,119,174,109,58,50
1400000US36047040900,"Census Tract 409, Kings County, New York",Brooklyn,1308,260,934,268,551,273,383,110,55,52,328,109,374,122,169,100,205,105
1400000US36047041000,"Census Tract 410, Kings County, New York",Brooklyn,690,86,458,78,287,92,171,69,27,34,144,67,232,65,198,58,34,35
1400000US36047041100,"Census Tract 411, Kings County, New York",Brooklyn,1030,212,550,159,359,159,191,82,121,90,70,58,480,168,371,150,109,62
1400000US36047041200,"Census Tract 412, Kings County, New York",Brooklyn,909,155,635,139,396,122,239,111,145,96,94,75,274,119,247,106,27,43
1400000US36047041300,"Census Tract 413, Kings County, New York",Brooklyn,1449,219,558,249,254,138,304,172,15,28,289,178,891,283,399,199,492,216
1400000US36047041401,"Census Tract 414.01, Kings County, New York",Brooklyn,468,60,322,73,264,63,58,48,19,31,39,34,146,70,134,68,12,15
1400000US36047041402,"Census Tract 414.02, Kings County, New York",Brooklyn,730,149,519,101,353,87,166,79,76,55,90,78,211,114,174,116,37,34
1400000US36047041500,"Census Tract 415, Kings County, New York",Brooklyn,1649,304,833,262,508,247,325,171,69,60,256,163,816,279,497,232,319,137
1400000US36047041600,"Census Tract 416, Kings County, New York",Brooklyn,705,110,498,120,409,123,89,56,41,30,48,48,207,84,175,78,32,29
1400000US36047041700,"Census Tract 417, Kings County, New York",Brooklyn,1432,172,836,229,301,194,535,171,78,92,457,165,596,161,525,158,71,56
1400000US36047041800,"Census Tract 418, Kings County, New York",Brooklyn,871,130,546,119,386,88,160,97,81,89,79,39,325,91,317,92,8,13
1400000US36047041900,"Census Tract 419, Kings County, New York",Brooklyn,1241,134,608,166,225,125,383,147,15,22,368,146,633,185,380,172,253,115
1400000US36047042000,"Census Tract 420, Kings County, New York",Brooklyn,490,62,376,66,315,64,61,36,20,23,41,29,114,67,80,68,34,32
1400000US36047042100,"Census Tract 421, Kings County, New York",Brooklyn,1795,251,764,224,512,207,252,148,100,102,152,104,1031,204,400,137,631,161
1400000US36047042200,"Census Tract 422, Kings County, New York",Brooklyn,1022,233,719,242,513,223,206,102,60,46,146,102,303,101,276,108,27,25
1400000US36047042300,"Census Tract 423, Kings County, New York",Brooklyn,1528,222,578,186,292,123,286,162,143,138,143,104,950,206,248,165,702,176
1400000US36047042400,"Census Tract 424, Kings County, New York",Brooklyn,1322,145,902,159,574,149,328,133,140,61,188,120,420,136,322,129,98,66
1400000US36047042500,"Census Tract 425, Kings County, New York",Brooklyn,1148,106,326,103,246,93,80,60,12,25,68,63,822,137,494,121,328,125
1400000US36047042600,"Census Tract 426, Kings County, New York",Brooklyn,1537,236,1021,215,683,221,338,130,104,80,234,116,516,195,402,175,114,116
1400000US36047042700,"Census Tract 427, Kings County, New York",Brooklyn,1871,156,684,196,475,170,209,108,58,69,151,93,1187,255,552,211,635,215
1400000US36047042800,"Census Tract 428, Kings County, New York",Brooklyn,1263,179,944,176,657,153,287,113,18,21,269,117,319,113,301,111,18,29
1400000US36047042900,"Census Tract 429, Kings County, New York",Brooklyn,2038,174,941,218,549,172,392,256,207,176,185,169,1097,216,499,197,598,214
1400000US36047043000,"Census Tract 430, Kings County, New York",Brooklyn,1381,188,1146,193,816,226,330,103,116,70,214,92,235,86,204,87,31,34
1400000US36047043100,"Census Tract 431, Kings County, New York",Brooklyn,1783,258,508,229,363,205,145,145,0,14,145,145,1275,212,553,183,722,223
1400000US36047043200,"Census Tract 432, Kings County, New York",Brooklyn,1432,188,1030,168,790,177,240,96,54,59,186,76,402,121,331,116,71,60
1400000US36047043300,"Census Tract 433, Kings County, New York",Brooklyn,1442,148,802,160,427,161,375,169,51,44,324,170,640,166,326,145,314,132
1400000US36047043400,"Census Tract 434, Kings County, New York",Brooklyn,1266,149,1007,171,585,163,422,138,183,107,239,100,259,112,200,97,59,60
1400000US36047043500,"Census Tract 435, Kings County, New York",Brooklyn,1774,249,962,247,553,164,409,194,43,59,366,187,812,247,361,169,451,187
1400000US36047043600,"Census Tract 436, Kings County, New York",Brooklyn,1794,520,1284,549,534,116,750,512,277,239,473,439,510,145,370,144,140,71
1400000US36047043700,"Census Tract 437, Kings County, New York",Brooklyn,1997,331,1153,391,283,204,870,339,553,319,317,169,844,193,445,174,399,125
1400000US36047043800,"Census Tract 438, Kings County, New York",Brooklyn,909,139,624,114,493,123,131,55,64,45,67,40,285,127,257,128,28,20
1400000US36047043900,"Census Tract 439, Kings County, New York",Brooklyn,1116,132,718,197,464,167,254,134,55,57,199,119,398,173,275,172,123,85
1400000US36047044000,"Census Tract 440, Kings County, New York",Brooklyn,733,95,534,95,460,102,74,41,20,18,54,35,199,70,167,57,32,33
1400000US36047044100,"Census Tract 441, Kings County, New York",Brooklyn,1918,265,732,257,373,190,359,231,57,67,302,227,1186,195,731,208,455,162
1400000US36047044200,"Census Tract 442, Kings County, New York",Brooklyn,860,202,467,114,415,110,52,40,23,28,29,30,393,191,333,187,60,39
1400000US36047044300,"Census Tract 443, Kings County, New York",Brooklyn,1952,212,647,187,515,160,132,80,35,58,97,58,1305,235,720,223,585,179
1400000US36047044400,"Census Tract 444, Kings County, New York",Brooklyn,941,240,689,232,447,133,242,196,27,42,215,193,252,98,230,100,22,31
1400000US36047044500,"Census Tract 445, Kings County, New York",Brooklyn,1648,157,666,136,402,128,264,107,143,72,121,84,982,161,492,143,490,148
1400000US36047044600,"Census Tract 446, Kings County, New York",Brooklyn,637,103,505,113,375,77,130,87,87,86,43,27,132,54,95,48,37,40
1400000US36047044700,"Census Tract 447, Kings County, New York",Brooklyn,958,164,318,99,248,85,70,48,48,41,22,25,640,171,384,169,256,85
1400000US36047044800,"Census Tract 448, Kings County, New York",Brooklyn,759,100,438,85,343,95,95,55,33,37,62,42,321,83,289,84,32,30
1400000US36047044901,"Census Tract 449.01, Kings County, New York",Brooklyn,1045,167,478,143,80,77,398,131,185,109,213,134,567,197,531,195,36,54
1400000US36047044902,"Census Tract 449.02, Kings County, New York",Brooklyn,0,14,0,14,0,14,0,14,0,14,0,14,0,14,0,14,0,14
1400000US36047045000,"Census Tract 450, Kings County, New York",Brooklyn,296,100,262,97,209,99,53,38,24,26,29,28,34,27,34,27,0,14
1400000US36047045200,"Census Tract 452, Kings County, New York",Brooklyn,892,129,623,137,530,134,93,60,8,11,85,60,269,98,246,96,23,26
1400000US36047045300,"Census Tract 453, Kings County, New York",Brooklyn,683,83,195,89,139,80,56,46,42,42,14,18,488,83,181,73,307,78
1400000US36047045400,"Census Tract 454, Kings County, New York",Brooklyn,531,95,449,104,325,101,124,70,44,45,80,60,82,58,65,57,17,29
1400000US36047045600,"Census Tract 456, Kings County, New York",Brooklyn,817,140,639,132,397,67,242,123,22,17,220,125,178,70,154,66,24,23
1400000US36047045800,"Census Tract 458, Kings County, New York",Brooklyn,459,86,264,62,264,62,0,14,0,14,0,14,195,81,157,70,38,43
1400000US36047046000,"Census Tract 460, Kings County, New York",Brooklyn,1231,145,712,149,582,148,130,48,41,31,89,40,519,103,432,102,87,57
1400000US36047046201,"Census Tract 462.01, Kings County, New York",Brooklyn,1047,160,487,122,394,114,93,69,59,59,34,38,560,170,516,166,44,54
1400000US36047046202,"Census Tract 462.02, Kings County, New York",Brooklyn,462,81,400,75,314,78,86,46,42,33,44,40,62,39,54,35,8,13
1400000US36047046400,"Census Tract 464, Kings County, New York",Brooklyn,628,98,508,102,475,101,33,28,17,16,16,23,120,59,99,52,21,25
1400000US36047046800,"Census Tract 468, Kings County, New York",Brooklyn,500,180,397,179,397,179,0,14,0,14,0,14,103,78,98,77,5,8
1400000US36047047000,"Census Tract 470, Kings County, New York",Brooklyn,655,89,597,85,573,84,24,27,10,14,14,23,58,40,58,40,0,14
1400000US36047047200,"Census Tract 472, Kings County, New York",Brooklyn,705,128,594,126,562,130,32,34,0,14,32,34,111,55,111,55,0,14
1400000US36047047400,"Census Tract 474, Kings County, New York",Brooklyn,729,100,683,98,683,98,0,14,0,14,0,14,46,30,46,30,0,14
1400000US36047047600,"Census Tract 476, Kings County, New York",Brooklyn,926,140,637,138,605,138,32,31,26,31,6,9,289,86,260,79,29,32
1400000US36047047700,"Census Tract 477, Kings County, New York",Brooklyn,1887,184,684,188,625,198,59,59,51,57,8,14,1203,210,602,184,601,173
1400000US36047047800,"Census Tract 478, Kings County, New York",Brooklyn,1205,143,1041,146,872,148,169,141,127,134,42,35,164,117,97,101,67,63
1400000US36047048000,"Census Tract 480, Kings County, New York",Brooklyn,971,165,851,149,643,143,208,139,87,69,121,113,120,63,94,54,26,35
1400000US36047048100,"Census Tract 481, Kings County, New York",Brooklyn,1443,118,494,163,392,158,102,54,9,14,93,51,949,139,597,140,352,96
1400000US36047048200,"Census Tract 482, Kings County, New York",Brooklyn,2169,421,1299,365,1065,361,234,158,14,24,220,156,870,296,838,293,32,41
1400000US36047048400,"Census Tract 484, Kings County, New York",Brooklyn,1514,180,992,186,843,187,149,68,47,60,102,83,522,179,368,143,154,110
1400000US36047048500,"Census Tract 485, Kings County, New York",Brooklyn,1046,105,340,96,168,79,172,96,67,36,105,87,706,86,249,103,457,108
1400000US36047048600,"Census Tract 486, Kings County, New York",Brooklyn,756,138,631,160,533,161,98,57,3,4,95,55,125,67,48,37,77,57
1400000US36047048800,"Census Tract 488, Kings County, New York",Brooklyn,1641,252,1014,149,855,156,159,81,55,48,104,70,627,235,556,232,71,36
1400000US36047048900,"Census Tract 489, Kings County, New York",Brooklyn,1535,191,941,242,114,99,827,222,0,14,827,222,594,206,594,206,0,14
1400000US36047049000,"Census Tract 490, Kings County, New York",Brooklyn,2110,268,1292,250,883,231,409,235,120,101,289,235,818,168,710,159,108,67
1400000US36047049100,"Census Tract 491, Kings County, New York",Brooklyn,2621,289,1766,311,834,307,932,275,167,166,765,237,855,262,646,240,209,142
1400000US36047049200,"Census Tract 492, Kings County, New York",Brooklyn,1258,232,633,161,414,162,219,110,51,52,168,108,625,218,557,211,68,55
1400000US36047049301,"Census Tract 493.01, Kings County, New York",Brooklyn,947,91,464,136,97,53,367,145,14,23,353,146,483,111,455,111,28,26
1400000US36047049302,"Census Tract 493.02, Kings County, New York",Brooklyn,2459,281,749,227,465,177,284,183,34,41,250,181,1710,244,1009,282,701,221
1400000US36047049400,"Census Tract 494, Kings County, New York",Brooklyn,2253,290,1249,242,862,241,387,200,108,97,279,178,1004,300,728,308,276,148
1400000US36047049500,"Census Tract 495, Kings County, New York",Brooklyn,1506,146,600,166,457,152,143,108,69,57,74,83,906,172,431,106,475,160
1400000US36047049600,"Census Tract 496, Kings County, New York",Brooklyn,1298,194,801,161,642,158,159,94,103,80,56,50,497,170,302,152,195,112
1400000US36047049700,"Census Tract 497, Kings County, New York",Brooklyn,1750,178,698,207,583,200,115,91,29,42,86,80,1052,124,705,123,347,129
1400000US36047049800,"Census Tract 498, Kings County, New York",Brooklyn,1570,337,1095,337,571,177,524,348,348,344,176,84,475,117,346,122,129,68
1400000US36047049900,"Census Tract 499, Kings County, New York",Brooklyn,1077,121,524,133,361,121,163,84,84,78,79,48,553,152,313,117,240,98
1400000US36047050001,"Census Tract 500.01, Kings County, New York",Brooklyn,945,148,550,161,348,91,202,158,156,154,46,29,395,102,281,75,114,86
1400000US36047050002,"Census Tract 500.02, Kings County, New York",Brooklyn,659,104,399,99,337,104,62,36,12,20,50,36,260,53,207,47,53,38
1400000US36047050100,"Census Tract 501, Kings County, New York",Brooklyn,1511,208,442,109,394,108,48,44,0,14,48,44,1069,190,564,136,505,157
1400000US36047050202,"Census Tract 502.02, Kings County, New York",Brooklyn,1093,226,497,113,410,111,87,52,0,14,87,52,596,219,442,228,154,76
1400000US36047050300,"Census Tract 503, Kings County, New York",Brooklyn,1325,269,457,134,314,110,143,86,42,56,101,63,868,250,273,92,595,236
1400000US36047050401,"Census Tract 504.01, Kings County, New York",Brooklyn,1182,105,644,180,518,162,126,79,44,44,82,63,538,157,424,152,114,58
1400000US36047050402,"Census Tract 504.02, Kings County, New York",Brooklyn,892,337,522,324,451,323,71,47,24,33,47,31,370,116,353,116,17,20
1400000US36047050500,"Census Tract 505, Kings County, New York",Brooklyn,2052,218,786,234,556,235,230,114,32,49,198,116,1266,240,972,225,294,144
1400000US36047050600,"Census Tract 506, Kings County, New York",Brooklyn,2003,359,1111,408,678,315,433,285,209,248,224,104,892,169,693,169,199,66
1400000US36047050700,"Census Tract 507, Kings County, New York",Brooklyn,845,121,641,85,586,92,55,41,55,41,0,14,204,100,128,52,76,99
1400000US36047050801,"Census Tract 508.01, Kings County, New York",Brooklyn,1424,153,722,150,363,127,359,137,89,83,270,104,702,172,552,164,150,91
1400000US36047050803,"Census Tract 508.03, Kings County, New York",Brooklyn,1087,166,460,135,167,89,293,126,139,92,154,89,627,144,479,136,148,75
1400000US36047050804,"Census Tract 508.04, Kings County, New York",Brooklyn,2715,325,1420,315,895,268,525,201,222,109,303,206,1295,265,789,222,506,250
1400000US36047050900,"Census Tract 509, Kings County, New York",Brooklyn,1048,175,818,166,691,199,127,83,106,75,21,33,230,103,159,89,71,64
1400000US36047051001,"Census Tract 510.01, Kings County, New York",Brooklyn,1580,223,857,235,454,199,403,155,169,134,234,129,723,135,423,138,300,133
1400000US36047051002,"Census Tract 510.02, Kings County, New York",Brooklyn,1679,173,748,153,458,115,290,120,62,51,228,111,931,197,727,188,204,106
1400000US36047051100,"Census Tract 511, Kings County, New York",Brooklyn,1916,209,589,141,392,111,197,91,31,36,166,82,1327,220,912,189,415,162
1400000US36047051200,"Census Tract 512, Kings County, New York",Brooklyn,2178,288,1445,257,914,223,531,194,61,98,470,169,733,215,470,184,263,166
1400000US36047051300,"Census Tract 513, Kings County, New York",Brooklyn,2757,263,1051,271,655,197,396,218,95,118,301,188,1706,330,689,195,1017,330
1400000US36047051400,"Census Tract 514, Kings County, New York",Brooklyn,2530,246,1681,267,1027,240,654,263,94,103,560,245,849,212,620,193,229,138
1400000US36047051500,"Census Tract 515, Kings County, New York",Brooklyn,1272,112,588,132,512,112,76,80,50,74,26,30,684,152,381,139,303,93
1400000US36047051601,"Census Tract 516.01, Kings County, New York",Brooklyn,1913,194,1096,219,387,136,709,189,126,96,583,169,817,185,618,171,199,104
1400000US36047051602,"Census Tract 516.02, Kings County, New York",Brooklyn,1423,211,678,181,378,99,300,143,138,102,162,90,745,239,554,190,191,162
1400000US36047051700,"Census Tract 517, Kings County, New York",Brooklyn,1366,160,640,150,617,145,23,27,16,24,7,12,726,129,422,115,304,99
1400000US36047051800,"Census Tract 518, Kings County, New York",Brooklyn,1558,271,783,147,557,121,226,106,64,77,162,79,775,287,613,271,162,113
1400000US36047051900,"Census Tract 519, Kings County, New York",Brooklyn,3345,529,901,237,831,247,70,71,0,19,70,71,2444,535,1515,558,929,212
1400000US36047052000,"Census Tract 520, Kings County, New York",Brooklyn,1335,246,926,256,712,133,214,214,171,215,43,30,409,106,331,99,78,47
1400000US36047052300,"Census Tract 523, Kings County, New York",Brooklyn,2403,200,865,176,304,137,561,153,145,75,416,137,1538,242,785,242,753,230
1400000US36047052500,"Census Tract 525, Kings County, New York",Brooklyn,1418,156,620,163,400,107,220,138,101,117,119,73,798,114,601,151,197,114
1400000US36047052600,"Census Tract 526, Kings County, New York",Brooklyn,1820,197,1064,221,744,197,320,144,3,7,317,144,756,181,636,177,120,66
1400000US36047052700,"Census Tract 527, Kings County, New York",Brooklyn,2492,228,1119,251,566,263,553,192,113,102,440,165,1373,235,927,250,446,166
1400000US36047052800,"Census Tract 528, Kings County, New York",Brooklyn,652,81,432,79,329,79,103,43,35,27,68,36,220,64,181,59,39,30
1400000US36047052900,"Census Tract 529, Kings County, New York",Brooklyn,1067,135,913,163,813,130,100,123,0,14,100,123,154,132,122,115,32,52
1400000US36047053000,"Census Tract 530, Kings County, New York",Brooklyn,1184,273,669,130,584,126,85,52,11,16,74,51,515,258,330,130,185,215
1400000US36047053101,"Census Tract 531.01, Kings County, New York",Brooklyn,579,56,531,68,493,82,38,38,5,3,33,37,48,48,26,40,22,35
1400000US36047053102,"Census Tract 531.02, Kings County, New York",Brooklyn,1320,230,1226,249,1053,214,173,172,134,164,39,58,94,86,65,69,29,46
1400000US36047053200,"Census Tract 532, Kings County, New York",Brooklyn,908,165,505,84,441,91,64,33,17,14,47,29,403,169,248,85,155,140
1400000US36047053300,"Census Tract 533, Kings County, New York",Brooklyn,1683,242,1630,251,1606,260,24,38,0,19,24,38,53,70,53,70,0,19
1400000US36047053400,"Census Tract 534, Kings County, New York",Brooklyn,1328,212,900,222,640,247,260,112,105,74,155,77,428,120,306,98,122,78
1400000US36047053500,"Census Tract 535, Kings County, New York",Brooklyn,1164,126,1026,161,928,173,98,109,28,44,70,101,138,105,138,105,0,14
1400000US36047053700,"Census Tract 537, Kings County, New York",Brooklyn,810,110,786,112,786,112,0,14,0,14,0,14,24,26,24,26,0,14
1400000US36047053800,"Census Tract 538, Kings County, New York",Brooklyn,2420,297,1185,317,867,275,318,169,59,48,259,164,1235,318,1119,316,116,99
1400000US36047053900,"Census Tract 539, Kings County, New York",Brooklyn,889,128,692,138,517,110,175,125,69,105,106,63,197,94,197,94,0,14
1400000US36047054200,"Census Tract 542, Kings County, New York",Brooklyn,1580,204,1003,194,744,149,259,140,50,56,209,129,577,143,516,136,61,54
1400000US36047054300,"Census Tract 543, Kings County, New York",Brooklyn,0,14,0,14,0,14,0,14,0,14,0,14,0,14,0,14,0,14
1400000US36047054400,"Census Tract 544, Kings County, New York",Brooklyn,1299,163,952,171,746,185,206,116,102,91,104,66,347,91,347,91,0,14
1400000US36047054500,"Census Tract 545, Kings County, New York",Brooklyn,2454,324,1772,300,618,302,1154,320,162,147,992,319,682,302,649,300,33,55
1400000US36047054600,"Census Tract 546, Kings County, New York",Brooklyn,1895,257,1306,254,1011,305,295,128,34,45,261,123,589,210,439,170,150,127
1400000US36047054700,"Census Tract 547, Kings County, New York",Brooklyn,2914,172,1670,287,1333,278,337,132,133,91,204,127,1244,284,723,193,521,240
1400000US36047054800,"Census Tract 548, Kings County, New York",Brooklyn,804,150,591,161,385,85,206,150,17,28,189,150,213,77,185,73,28,28
1400000US36047054900,"Census Tract 549, Kings County, New York",Brooklyn,2086,191,674,181,461,139,213,136,13,26,200,127,1412,183,895,187,517,135
1400000US36047055000,"Census Tract 550, Kings County, New York",Brooklyn,1495,135,964,182,788,166,176,78,30,32,146,74,531,133,511,133,20,19
1400000US36047055100,"Census Tract 551, Kings County, New York",Brooklyn,3279,307,1149,327,980,325,169,112,31,36,138,111,2130,267,1291,279,839,208
1400000US36047055200,"Census Tract 552, Kings County, New York",Brooklyn,1324,214,890,174,703,184,187,90,47,49,140,76,434,165,377,159,57,58
1400000US36047055300,"Census Tract 553, Kings County, New York",Brooklyn,1615,116,495,142,389,122,106,75,61,68,45,41,1120,133,568,170,552,145
1400000US36047055400,"Census Tract 554, Kings County, New York",Brooklyn,1694,181,1071,208,600,147,471,162,61,49,410,157,623,142,469,147,154,94
1400000US36047055500,"Census Tract 555, Kings County, New York",Brooklyn,4405,478,2208,475,1891,429,317,172,141,117,176,133,2197,489,1518,392,679,269
1400000US36047055600,"Census Tract 556, Kings County, New York",Brooklyn,1286,193,836,170,658,175,178,79,82,63,96,62,450,143,393,143,57,43
1400000US36047055700,"Census Tract 557, Kings County, New York",Brooklyn,1000,199,387,195,337,188,50,63,16,26,34,57,613,99,397,129,216,114
1400000US36047055800,"Census Tract 558, Kings County, New York",Brooklyn,882,142,538,84,447,85,91,47,6,9,85,48,344,145,338,143,6,10
1400000US36047056000,"Census Tract 560, Kings County, New York",Brooklyn,1450,204,874,216,647,149,227,123,59,67,168,104,576,194,534,187,42,55
1400000US36047056100,"Census Tract 561, Kings County, New York",Brooklyn,1761,222,649,136,477,116,172,82,27,31,145,74,1112,226,605,156,507,186
1400000US36047056200,"Census Tract 562, Kings County, New York",Brooklyn,534,104,439,103,398,91,41,44,29,41,12,14,95,42,95,42,0,14
1400000US36047056301,"Census Tract 563.01, Kings County, New York",Brooklyn,2422,257,695,189,536,163,159,100,45,46,114,93,1727,276,1063,218,664,235
1400000US36047056302,"Census Tract 563.02, Kings County, New York",Brooklyn,1434,225,487,124,315,135,172,82,68,68,104,65,947,246,759,171,188,186
1400000US36047056400,"Census Tract 564, Kings County, New York",Brooklyn,1111,150,653,125,508,119,145,67,31,23,114,68,458,141,439,141,19,20
1400000US36047056500,"Census Tract 565, Kings County, New York",Brooklyn,1881,200,606,141,502,149,104,59,20,32,84,52,1275,230,961,229,314,84
1400000US36047056600,"Census Tract 566, Kings County, New York",Brooklyn,852,65,536,77,362,72,174,60,34,24,140,61,316,86,288,87,28,24
1400000US36047056800,"Census Tract 568, Kings County, New York",Brooklyn,545,88,332,85,287,90,45,23,7,10,38,23,213,65,185,54,28,33
1400000US36047056900,"Census Tract 569, Kings County, New York",Brooklyn,894,126,388,125,313,116,75,48,15,16,60,47,506,90,332,85,174,62
1400000US36047057000,"Census Tract 570, Kings County, New York",Brooklyn,1623,298,756,134,603,115,153,59,30,32,123,52,867,305,813,310,54,51
1400000US36047057100,"Census Tract 571, Kings County, New York",Brooklyn,2079,278,940,253,754,214,186,144,46,78,140,118,1139,291,917,275,222,109
1400000US36047057200,"Census Tract 572, Kings County, New York",Brooklyn,2145,235,1404,269,256,176,1148,218,187,127,961,186,741,202,625,177,116,145
1400000US36047057300,"Census Tract 573, Kings County, New York",Brooklyn,1405,253,418,163,364,160,54,42,0,14,54,42,987,219,556,161,431,159
1400000US36047057400,"Census Tract 574, Kings County, New York",Brooklyn,974,183,803,179,603,189,200,79,90,57,110,54,171,79,97,42,74,67
1400000US36047057500,"Census Tract 575, Kings County, New York",Brooklyn,2276,250,632,190,547,183,85,59,0,14,85,59,1644,295,942,270,702,248
1400000US36047057600,"Census Tract 576, Kings County, New York",Brooklyn,974,241,807,233,574,108,233,229,10,13,223,229,167,96,158,99,9,15
1400000US36047057800,"Census Tract 578, Kings County, New York",Brooklyn,1124,192,781,151,536,138,245,90,216,92,29,30,343,167,276,153,67,80
1400000US36047057901,"Census Tract 579.01, Kings County, New York",Brooklyn,606,107,237,48,165,54,72,43,24,17,48,39,369,109,154,76,215,100
1400000US36047057902,"Census Tract 579.02, Kings County, New York",Brooklyn,0,14,0,14,0,14,0,14,0,14,0,14,0,14,0,14,0,14
1400000US36047058000,"Census Tract 580, Kings County, New York",Brooklyn,1127,173,646,156,514,158,132,64,83,55,49,36,481,153,403,146,78,51
1400000US36047058200,"Census Tract 582, Kings County, New York",Brooklyn,782,121,518,140,397,138,121,74,11,17,110,72,264,122,186,115,78,58
1400000US36047058400,"Census Tract 584, Kings County, New York",Brooklyn,1427,169,887,161,755,153,132,80,42,54,90,57,540,160,401,148,139,99
1400000US36047058600,"Census Tract 586, Kings County, New York",Brooklyn,770,160,483,85,349,88,134,60,92,56,42,27,287,158,185,100,102,127
1400000US36047058800,"Census Tract 588, Kings County, New York",Brooklyn,1473,240,877,192,649,139,228,140,36,50,192,130,596,194,475,190,121,98
1400000US36047058901,"Census Tract 589.01, Kings County, New York",Brooklyn,919,94,557,117,381,96,176,87,21,22,155,94,362,89,225,75,137,59
1400000US36047058902,"Census Tract 589.02, Kings County, New York",Brooklyn,0,14,0,14,0,14,0,14,0,14,0,14,0,14,0,14,0,14
1400000US36047059000,"Census Tract 590, Kings County, New York",Brooklyn,656,125,435,80,245,71,190,68,87,40,103,58,221,113,127,49,94,99
1400000US36047059100,"Census Tract 591, Kings County, New York",Brooklyn,1983,208,805,154,530,156,275,112,20,24,255,110,1178,216,662,153,516,211
1400000US36047059200,"Census Tract 592, Kings County, New York",Brooklyn,1640,193,1106,222,834,147,272,198,33,32,239,195,534,122,512,118,22,29
1400000US36047059300,"Census Tract 593, Kings County, New York",Brooklyn,1034,99,665,127,469,111,196,112,86,66,110,93,369,110,201,91,168,74
1400000US36047059402,"Census Tract 594.02, Kings County, New York",Brooklyn,2387,415,1822,386,1647,394,175,116,25,31,150,114,565,227,521,223,44,41
1400000US36047059403,"Census Tract 594.03, Kings County, New York",Brooklyn,1111,163,749,157,549,156,200,99,49,44,151,84,362,119,245,99,117,85
1400000US36047059404,"Census Tract 594.04, Kings County, New York",Brooklyn,1539,202,899,228,737,224,162,87,18,26,144,89,640,138,511,120,129,90
1400000US36047059600,"Census Tract 596, Kings County, New York",Brooklyn,1168,191,632,171,511,171,121,62,40,37,81,58,536,131,507,135,29,30
1400000US36047059800,"Census Tract 598, Kings County, New York",Brooklyn,1294,290,819,286,596,290,223,106,158,97,65,53,475,162,468,164,7,17
1400000US36047060000,"Census Tract 600, Kings County, New York",Brooklyn,2566,260,1565,271,1243,292,322,157,35,40,287,144,1001,231,762,212,239,139
1400000US36047060600,"Census Tract 606, Kings County, New York",Brooklyn,1377,188,747,177,463,157,284,120,146,69,138,98,630,209,587,212,43,39
1400000US36047060800,"Census Tract 608, Kings County, New York",Brooklyn,1731,210,982,220,615,220,367,127,110,67,257,105,749,145,607,131,142,96
1400000US36047061002,"Census Tract 610.02, Kings County, New York",Brooklyn,2526,326,1381,369,902,205,479,375,69,73,410,364,1145,240,1089,244,56,47
1400000US36047061003,"Census Tract 610.03, Kings County, New York",Brooklyn,613,94,424,90,263,72,161,53,18,14,143,51,189,67,131,72,58,43
1400000US36047061004,"Census Tract 610.04, Kings County, New York",Brooklyn,2919,314,1462,277,868,222,594,190,125,86,469,199,1457,312,1275,329,182,135
1400000US36047061200,"Census Tract 612, Kings County, New York",Brooklyn,449,56,367,64,350,65,17,16,9,10,8,13,82,38,57,29,25,27
1400000US36047061600,"Census Tract 616, Kings County, New York",Brooklyn,532,82,426,67,371,65,55,32,29,26,26,21,106,62,89,59,17,20
1400000US36047062000,"Census Tract 620, Kings County, New York",Brooklyn,618,116,542,122,427,115,115,114,5,8,110,112,76,44,71,44,5,7
1400000US36047062200,"Census Tract 622, Kings County, New York",Brooklyn,1083,169,679,180,581,182,98,89,0,14,98,89,404,128,370,130,34,33
1400000US36047062600,"Census Tract 626, Kings County, New York",Brooklyn,1173,139,866,170,721,154,145,77,34,35,111,71,307,93,233,90,74,33
1400000US36047062800,"Census Tract 628, Kings County, New York",Brooklyn,1825,179,1312,180,1037,179,275,107,83,84,192,69,513,154,445,149,68,44
1400000US36047063200,"Census Tract 632, Kings County, New York",Brooklyn,696,84,383,93,314,94,69,49,7,12,62,47,313,79,296,79,17,17
1400000US36047063600,"Census Tract 636, Kings County, New York",Brooklyn,348,78,265,68,245,71,20,25,3,6,17,24,83,34,76,33,7,11
1400000US36047063800,"Census Tract 638, Kings County, New York",Brooklyn,664,120,469,82,352,72,117,70,11,12,106,69,195,99,169,95,26,28
1400000US36047064000,"Census Tract 640, Kings County, New York",Brooklyn,406,110,347,103,286,89,61,39,29,32,32,20,59,38,51,37,8,11
1400000US36047064200,"Census Tract 642, Kings County, New York",Brooklyn,864,104,583,123,501,119,82,50,16,26,66,44,281,99,264,92,17,27
1400000US36047064400,"Census Tract 644, Kings County, New York",Brooklyn,774,145,600,139,439,100,161,117,30,42,131,109,174,64,167,60,7,11
1400000US36047064600,"Census Tract 646, Kings County, New York",Brooklyn,731,252,617,254,513,264,104,53,56,49,48,39,114,47,84,45,30,27
1400000US36047064800,"Census Tract 648, Kings County, New York",Brooklyn,605,90,516,83,391,106,125,68,16,16,109,66,89,47,81,46,8,12
1400000US36047065000,"Census Tract 650, Kings County, New York",Brooklyn,567,114,347,131,156,80,191,112,82,87,109,73,220,78,182,79,38,35
1400000US36047065200,"Census Tract 652, Kings County, New York",Brooklyn,506,79,290,48,258,49,32,25,21,20,11,13,216,88,164,55,52,72
1400000US36047065400,"Census Tract 654, Kings County, New York",Brooklyn,468,64,366,56,306,57,60,34,21,19,39,28,102,49,96,46,6,10
1400000US36047065600,"Census Tract 656, Kings County, New York",Brooklyn,610,120,493,108,411,107,82,37,18,18,64,35,117,65,97,66,20,22
1400000US36047065800,"Census Tract 658, Kings County, New York",Brooklyn,611,103,446,92,392,90,54,35,3,4,51,35,165,67,159,67,6,9
1400000US36047066000,"Census Tract 660, Kings County, New York",Brooklyn,648,114,509,76,375,79,134,69,66,63,68,32,139,88,80,34,59,78
1400000US36047066200,"Census Tract 662, Kings County, New York",Brooklyn,499,134,325,126,245,134,80,43,11,14,69,45,174,69,144,65,30,27
1400000US36047066600,"Census Tract 666, Kings County, New York",Brooklyn,0,14,0,14,0,14,0,14,0,14,0,14,0,14,0,14,0,14
1400000US36047067000,"Census Tract 670, Kings County, New York",Brooklyn,953,172,680,153,369,118,311,120,26,34,285,114,273,137,206,99,67,102
1400000US36047067200,"Census Tract 672, Kings County, New York",Brooklyn,447,185,328,120,255,73,73,91,0,14,73,91,119,147,119,147,0,14
1400000US36047067400,"Census Tract 674, Kings County, New York",Brooklyn,565,84,471,81,306,73,165,75,21,23,144,67,94,50,94,50,0,14
1400000US36047067600,"Census Tract 676, Kings County, New York",Brooklyn,478,102,388,109,165,90,223,95,39,34,184,89,90,58,80,56,10,14
1400000US36047067800,"Census Tract 678, Kings County, New York",Brooklyn,875,143,662,137,386,87,276,115,96,72,180,85,213,102,145,89,68,60
1400000US36047068000,"Census Tract 680, Kings County, New York",Brooklyn,561,149,406,120,189,75,217,135,19,31,198,131,155,69,151,69,4,7
1400000US36047068200,"Census Tract 682, Kings County, New York",Brooklyn,870,176,805,176,517,139,288,144,70,77,218,123,65,35,45,27,20,20
1400000US36047068600,"Census Tract 686, Kings County, New York",Brooklyn,695,116,454,116,280,118,174,87,22,24,152,83,241,83,220,82,21,28
1400000US36047068800,"Census Tract 688, Kings County, New York",Brooklyn,630,138,419,112,226,75,193,93,15,13,178,91,211,116,130,91,81,95
1400000US36047069000,"Census Tract 690, Kings County, New York",Brooklyn,539,151,440,149,324,137,116,72,29,26,87,66,99,56,79,53,20,21
1400000US36047069200,"Census Tract 692, Kings County, New York",Brooklyn,809,117,578,125,334,88,244,82,30,27,214,81,231,85,160,71,71,53
1400000US36047069601,"Census Tract 696.01, Kings County, New York",Brooklyn,1295,167,892,139,566,156,326,121,86,84,240,99,403,122,344,118,59,67
1400000US36047069602,"Census Tract 696.02, Kings County, New York",Brooklyn,1954,275,1566,266,1228,248,338,251,71,73,267,232,388,212,352,196,36,58
1400000US36047069800,"Census Tract 698, Kings County, New York",Brooklyn,393,55,317,50,270,46,47,26,38,26,9,12,76,40,76,40,0,14
1400000US36047070000,"Census Tract 700, Kings County, New York",Brooklyn,600,156,266,115,223,115,43,32,0,14,43,32,334,118,296,113,38,31
1400000US36047070201,"Census Tract 702.01, Kings County, New York",Brooklyn,2151,268,1666,232,1456,269,210,157,176,147,34,54,485,167,394,150,91,88
1400000US36047070202,"Census Tract 702.02, Kings County, New York",Brooklyn,9,12,9,12,9,12,0,14,0,14,0,14,0,14,0,14,0,14
1400000US36047070203,"Census Tract 702.03, Kings County, New York",Brooklyn,0,14,0,14,0,14,0,14,0,14,0,14,0,14,0,14,0,14
1400000US36047070601,"Census Tract 706.01, Kings County, New York",Brooklyn,880,158,660,146,581,161,79,60,0,14,79,60,220,95,220,95,0,14
1400000US36047070602,"Census Tract 706.02, Kings County, New York",Brooklyn,0,14,0,14,0,14,0,14,0,14,0,14,0,14,0,14,0,14
1400000US36047072000,"Census Tract 720, Kings County, New York",Brooklyn,592,136,474,139,190,95,284,101,73,67,211,97,118,60,88,54,30,26
1400000US36047072200,"Census Tract 722, Kings County, New York",Brooklyn,923,348,696,346,462,336,234,101,75,66,159,80,227,93,225,93,2,4
1400000US36047072400,"Census Tract 724, Kings County, New York",Brooklyn,631,131,416,118,257,105,159,72,17,20,142,63,215,92,215,92,0,14
1400000US36047072600,"Census Tract 726, Kings County, New York",Brooklyn,731,145,582,161,241,93,341,166,52,39,289,159,149,68,146,68,3,7
1400000US36047072800,"Census Tract 728, Kings County, New York",Brooklyn,1410,233,854,231,342,110,512,218,71,76,441,185,556,164,505,146,51,66
1400000US36047073000,"Census Tract 730, Kings County, New York",Brooklyn,741,151,579,139,252,85,327,138,46,47,281,135,162,60,103,51,59,49
1400000US36047073200,"Census Tract 732, Kings County, New York",Brooklyn,683,150,513,111,149,74,364,126,166,75,198,115,170,113,170,113,0,14
1400000US36047073400,"Census Tract 734, Kings County, New York",Brooklyn,439,140,330,131,143,110,187,91,20,20,167,86,109,54,109,54,0,14
1400000US36047073600,"Census Tract 736, Kings County, New York",Brooklyn,1073,149,732,189,426,157,306,124,11,18,295,124,341,142,231,115,110,76
1400000US36047073800,"Census Tract 738, Kings County, New York",Brooklyn,1296,194,961,190,698,189,263,127,82,62,181,119,335,182,335,182,0,14
1400000US36047074000,"Census Tract 740, Kings County, New York",Brooklyn,1045,222,738,241,554,234,184,76,52,36,132,74,307,119,297,116,10,17
1400000US36047074200,"Census Tract 742, Kings County, New York",Brooklyn,934,126,620,137,390,103,230,107,54,43,176,96,314,113,280,115,34,27
1400000US36047074400,"Census Tract 744, Kings County, New York",Brooklyn,587,80,495,82,456,83,39,38,32,38,7,10,92,50,82,50,10,14
1400000US36047074600,"Census Tract 746, Kings County, New York",Brooklyn,654,136,485,81,383,83,102,61,46,54,56,38,169,115,169,115,0,14
1400000US36047074800,"Census Tract 748, Kings County, New York",Brooklyn,643,145,315,87,205,74,110,63,29,31,81,55,328,141,328,141,0,14
1400000US36047075000,"Census Tract 750, Kings County, New York",Brooklyn,982,135,793,132,627,136,166,82,18,20,148,81,189,89,182,87,7,12
1400000US36047075200,"Census Tract 752, Kings County, New York",Brooklyn,282,69,235,67,235,67,0,14,0,14,0,14,47,29,47,29,0,14
1400000US36047075400,"Census Tract 754, Kings County, New York",Brooklyn,428,150,299,134,182,88,117,113,73,101,44,53,129,100,129,100,0,14
1400000US36047075600,"Census Tract 756, Kings County, New York",Brooklyn,702,194,449,137,424,135,25,28,5,9,20,28,253,156,253,156,0,14
1400000US36047075800,"Census Tract 758, Kings County, New York",Brooklyn,678,114,421,113,292,63,129,98,0,14,129,98,257,81,238,80,19,23
1400000US36047076000,"Census Tract 760, Kings County, New York",Brooklyn,1182,189,825,147,671,141,154,91,45,57,109,75,357,194,357,194,0,14
1400000US36047076200,"Census Tract 762, Kings County, New York",Brooklyn,1551,225,1037,240,754,233,283,111,104,70,179,83,514,155,452,158,62,49
1400000US36047076400,"Census Tract 764, Kings County, New York",Brooklyn,1617,146,884,109,488,139,396,136,113,83,283,134,733,179,542,139,191,133
1400000US36047076600,"Census Tract 766, Kings County, New York",Brooklyn,730,87,460,98,356,93,104,55,8,11,96,54,270,84,173,73,97,49
1400000US36047076800,"Census Tract 768, Kings County, New York",Brooklyn,1400,219,941,204,704,210,237,101,120,66,117,87,459,145,415,148,44,49
1400000US36047077000,"Census Tract 770, Kings County, New York",Brooklyn,1091,195,701,192,261,103,440,194,46,47,394,196,390,166,308,150,82,68
1400000US36047077200,"Census Tract 772, Kings County, New York",Brooklyn,1119,150,705,162,447,147,258,115,80,83,178,92,414,96,351,126,63,88
1400000US36047077400,"Census Tract 774, Kings County, New York",Brooklyn,1175,243,708,238,422,209,286,131,87,84,199,96,467,167,366,107,101,112
1400000US36047077600,"Census Tract 776, Kings County, New York",Brooklyn,1662,229,815,186,583,170,232,103,60,55,172,88,847,193,765,202,82,55
1400000US36047078000,"Census Tract 780, Kings County, New York",Brooklyn,602,111,480,104,232,86,248,111,72,56,176,95,122,83,56,37,66,79
1400000US36047078200,"Census Tract 782, Kings County, New York",Brooklyn,1613,181,1117,180,310,96,807,170,146,109,661,173,496,166,419,157,77,63
1400000US36047078400,"Census Tract 784, Kings County, New York",Brooklyn,896,110,582,107,324,97,258,96,60,41,198,82,314,108,239,91,75,54
1400000US36047078601,"Census Tract 786.01, Kings County, New York",Brooklyn,928,212,575,224,279,125,296,204,123,119,173,165,353,101,346,99,7,12
1400000US36047078602,"Census Tract 786.02, Kings County, New York",Brooklyn,844,105,481,98,174,79,307,113,72,57,235,93,363,91,321,93,42,28
1400000US36047078801,"Census Tract 788.01, Kings County, New York",Brooklyn,693,178,436,147,185,69,251,136,88,54,163,131,257,127,216,125,41,48
1400000US36047078802,"Census Tract 788.02, Kings County, New York",Brooklyn,601,134,402,142,234,135,168,80,13,19,155,79,199,64,178,64,21,25
1400000US36047079001,"Census Tract 790.01, Kings County, New York",Brooklyn,444,91,283,97,138,83,145,61,38,28,107,57,161,78,101,61,60,59
1400000US36047079002,"Census Tract 790.02, Kings County, New York",Brooklyn,1252,166,707,165,255,126,452,145,67,72,385,127,545,160,494,160,51,45
1400000US36047079201,"Census Tract 792.01, Kings County, New York",Brooklyn,532,125,363,132,162,86,201,115,52,56,149,107,169,76,125,72,44,53
1400000US36047079202,"Census Tract 792.02, Kings County, New York",Brooklyn,670,133,362,116,82,38,280,110,63,59,217,95,308,82,220,75,88,54
1400000US36047079400,"Census Tract 794, Kings County, New York",Brooklyn,691,119,450,123,294,115,156,90,0,14,156,90,241,87,167,84,74,55
1400000US36047079601,"Census Tract 796.01, Kings County, New York",Brooklyn,1581,127,627,129,297,118,330,115,99,76,231,90,954,156,699,154,255,85
1400000US36047079602,"Census Tract 796.02, Kings County, New York",Brooklyn,2034,271,1303,275,438,201,865,276,71,100,794,247,731,182,502,160,229,148
1400000US36047079801,"Census Tract 798.01, Kings County, New York",Brooklyn,1523,297,503,160,284,110,219,148,12,23,207,148,1020,290,754,296,266,104
1400000US36047079802,"Census Tract 798.02, Kings County, New York",Brooklyn,2661,257,1379,297,789,239,590,236,170,193,420,189,1282,279,1039,282,243,160
1400000US36047080000,"Census Tract 800, Kings County, New York",Brooklyn,1398,240,719,158,370,138,349,120,22,40,327,131,679,228,542,234,137,74
1400000US36047080200,"Census Tract 802, Kings County, New York",Brooklyn,1907,264,749,147,501,151,248,92,38,43,210,84,1158,304,964,298,194,71
1400000US36047080400,"Census Tract 804, Kings County, New York",Brooklyn,1390,322,684,138,311,110,373,118,95,66,278,116,706,307,498,293,208,71
1400000US36047080600,"Census Tract 806, Kings County, New York",Brooklyn,1311,213,824,180,640,155,184,133,64,74,120,85,487,141,334,129,153,84
1400000US36047080800,"Census Tract 808, Kings County, New York",Brooklyn,743,127,270,128,57,46,213,120,42,42,171,112,473,77,471,78,2,4
1400000US36047081000,"Census Tract 810, Kings County, New York",Brooklyn,1027,191,519,192,313,180,206,110,15,24,191,111,508,146,452,140,56,50
1400000US36047081400,"Census Tract 814, Kings County, New York",Brooklyn,925,126,682,146,217,91,465,136,104,87,361,176,243,107,183,93,60,59
1400000US36047081600,"Census Tract 816, Kings County, New York",Brooklyn,937,130,660,121,322,84,338,100,62,40,276,91,277,81,247,84,30,31
1400000US36047081800,"Census Tract 818, Kings County, New York",Brooklyn,1894,286,1110,271,508,220,602,280,249,218,353,204,784,226,553,191,231,113
1400000US36047082000,"Census Tract 820, Kings County, New York",Brooklyn,2302,465,908,323,349,162,559,300,152,111,407,284,1394,397,1029,391,365,177
1400000US36047082200,"Census Tract 822, Kings County, New York",Brooklyn,3158,366,1574,353,734,267,840,255,298,209,542,210,1584,296,1089,305,495,178
1400000US36047082400,"Census Tract 824, Kings County, New York",Brooklyn,2067,297,1256,235,492,195,764,246,223,161,541,202,811,246,651,245,160,86
1400000US36047082600,"Census Tract 826, Kings County, New York",Brooklyn,1806,281,1090,317,468,250,622,229,105,83,517,213,716,227,602,207,114,102
1400000US36047082800,"Census Tract 828, Kings County, New York",Brooklyn,1414,216,872,253,410,206,462,144,122,87,340,125,542,154,511,150,31,36
1400000US36047083000,"Census Tract 830, Kings County, New York",Brooklyn,2168,343,1269,341,579,278,690,285,168,158,522,240,899,265,863,256,36,57
1400000US36047083200,"Census Tract 832, Kings County, New York",Brooklyn,830,128,681,130,346,114,335,100,94,69,241,84,149,80,149,80,0,14
1400000US36047083400,"Census Tract 834, Kings County, New York",Brooklyn,558,89,502,90,257,111,245,84,56,72,189,56,56,36,50,35,6,10
1400000US36047083600,"Census Tract 836, Kings County, New York",Brooklyn,631,95,508,85,267,81,241,75,44,28,197,69,123,62,113,59,10,15
1400000US36047083800,"Census Tract 838, Kings County, New York",Brooklyn,737,117,547,110,314,87,233,74,17,20,216,74,190,83,176,84,14,16
1400000US36047084000,"Census Tract 840, Kings County, New York",Brooklyn,809,120,610,129,344,107,266,107,52,42,214,103,199,87,199,87,0,14
1400000US36047084600,"Census Tract 846, Kings County, New York",Brooklyn,649,72,525,78,268,81,257,79,30,32,227,71,124,56,110,50,14,19
1400000US36047084800,"Census Tract 848, Kings County, New York",Brooklyn,555,97,415,113,234,123,181,89,131,86,50,42,140,82,140,82,0,14
1400000US36047085000,"Census Tract 850, Kings County, New York",Brooklyn,473,79,305,81,224,75,81,53,0,14,81,53,168,59,141,54,27,32
1400000US36047085200,"Census Tract 852, Kings County, New York",Brooklyn,0,14,0,14,0,14,0,14,0,14,0,14,0,14,0,14,0,14
1400000US36047085400,"Census Tract 854, Kings County, New York",Brooklyn,792,153,579,111,399,77,180,94,29,29,151,90,213,120,181,120,32,28
1400000US36047085600,"Census Tract 856, Kings County, New York",Brooklyn,1365,235,820,183,402,161,418,140,106,85,312,124,545,220,497,213,48,40
1400000US36047085800,"Census Tract 858, Kings County, New York",Brooklyn,789,101,489,97,259,88,230,110,33,36,197,101,300,102,271,98,29,18
1400000US36047086000,"Census Tract 860, Kings County, New York",Brooklyn,1048,199,774,212,304,109,470,178,107,100,363,161,274,86,237,99,37,62
1400000US36047086200,"Census Tract 862, Kings County, New York",Brooklyn,1257,216,694,211,221,106,473,199,102,82,371,194,563,161,469,150,94,81
1400000US36047086400,"Census Tract 864, Kings County, New York",Brooklyn,826,105,560,109,257,93,303,100,50,50,253,91,266,92,258,92,8,11
1400000US36047086600,"Census Tract 866, Kings County, New York",Brooklyn,1249,202,723,196,321,158,402,148,78,78,324,150,526,231,452,207,74,73
1400000US36047086800,"Census Tract 868, Kings County, New York",Brooklyn,1299,258,764,200,350,131,414,168,133,86,281,129,535,242,498,239,37,41
1400000US36047087000,"Census Tract 870, Kings County, New York",Brooklyn,1046,172,734,166,271,122,463,135,216,115,247,101,312,115,294,112,18,27
1400000US36047087200,"Census Tract 872, Kings County, New York",Brooklyn,1089,121,837,126,343,106,494,125,101,80,393,124,252,131,231,128,21,23
1400000US36047087401,"Census Tract 874.01, Kings County, New York",Brooklyn,1542,255,721,265,125,62,596,278,169,153,427,224,821,159,814,158,7,11
1400000US36047087600,"Census Tract 876, Kings County, New York",Brooklyn,715,137,336,98,163,53,173,90,21,25,152,88,379,101,359,99,20,18
1400000US36047087800,"Census Tract 878, Kings County, New York",Brooklyn,896,129,505,120,175,75,330,112,26,31,304,110,391,107,323,108,68,47
1400000US36047088001,"Census Tract 880.01, Kings County, New York",Brooklyn,777,163,397,153,131,54,266,156,13,20,253,156,380,105,370,105,10,18
1400000US36047088002,"Census Tract 880.02, Kings County, New York",Brooklyn,454,80,218,91,67,39,151,91,9,13,142,91,236,81,103,91,133,85
1400000US36047088200,"Census Tract 882, Kings County, New York",Brooklyn,2548,322,1460,325,697,345,763,310,0,19,763,310,1088,329,1017,335,71,96
1400000US36047088400,"Census Tract 884, Kings County, New York",Brooklyn,1874,501,1136,548,252,147,884,531,73,89,811,558,738,286,659,274,79,122
1400000US36047088600,"Census Tract 886, Kings County, New York",Brooklyn,1868,350,1088,358,326,185,762,371,51,57,711,369,780,230,672,218,108,99
1400000US36047088800,"Census Tract 888, Kings County, New York",Brooklyn,1480,198,983,182,366,173,617,182,66,55,551,179,497,189,455,190,42,44
1400000US36047089000,"Census Tract 890, Kings County, New York",Brooklyn,2331,399,1912,462,766,334,1146,461,401,370,745,336,419,243,368,223,51,98
1400000US36047089200,"Census Tract 892, Kings County, New York",Brooklyn,1455,301,592,292,309,260,283,155,0,14,283,155,863,194,787,205,76,88
1400000US36047089400,"Census Tract 894, Kings County, New York",Brooklyn,1163,184,905,218,246,160,659,219,35,37,624,218,258,168,228,164,30,49
1400000US36047089600,"Census Tract 896, Kings County, New York",Brooklyn,1778,373,930,221,281,223,649,327,41,58,608,315,848,388,833,390,15,25
1400000US36047089800,"Census Tract 898, Kings County, New York",Brooklyn,743,101,454,93,201,97,253,98,6,11,247,98,289,128,220,99,69,92
1400000US36047090000,"Census Tract 900, Kings County, New York",Brooklyn,1864,181,1202,271,526,269,676,255,117,130,559,245,662,271,490,238,172,132
1400000US36047090200,"Census Tract 902, Kings County, New York",Brooklyn,975,101,609,110,233,90,376,85,58,49,318,82,366,122,343,124,23,23
1400000US36047090600,"Census Tract 906, Kings County, New York",Brooklyn,1845,198,1422,245,46,50,1376,225,61,56,1315,231,423,167,401,161,22,24
1400000US36047090800,"Census Tract 908, Kings County, New York",Brooklyn,1622,273,741,202,165,102,576,193,81,81,495,209,881,289,707,294,174,177
1400000US36047091000,"Census Tract 910, Kings County, New York",Brooklyn,2597,246,1231,399,229,186,1002,336,64,79,938,319,1366,367,1331,370,35,50
1400000US36047091200,"Census Tract 912, Kings County, New York",Brooklyn,2604,428,1777,561,275,182,1502,590,31,61,1471,587,827,336,816,338,11,33
1400000US36047091600,"Census Tract 916, Kings County, New York",Brooklyn,1888,234,1307,256,515,251,792,269,271,183,521,232,581,199,581,199,0,19
1400000US36047091800,"Census Tract 918, Kings County, New York",Brooklyn,1105,176,563,92,199,80,364,100,18,24,346,99,542,174,513,171,29,30
1400000US36047092000,"Census Tract 920, Kings County, New York",Brooklyn,1345,210,889,262,201,161,688,223,148,174,540,145,456,212,456,212,0,14
1400000US36047092200,"Census Tract 922, Kings County, New York",Brooklyn,1307,205,884,222,485,197,399,198,71,92,328,180,423,179,401,177,22,34
1400000US36047092400,"Census Tract 924, Kings County, New York",Brooklyn,1061,149,695,145,378,136,317,119,61,61,256,113,366,147,295,140,71,70
1400000US36047092800,"Census Tract 928, Kings County, New York",Brooklyn,1102,147,749,163,275,119,474,167,66,52,408,163,353,131,321,129,32,36
1400000US36047093000,"Census Tract 930, Kings County, New York",Brooklyn,929,136,730,132,370,121,360,118,147,96,213,84,199,88,162,84,37,28
1400000US36047093200,"Census Tract 932, Kings County, New York",Brooklyn,668,248,443,124,239,74,204,122,75,102,129,76,225,217,193,216,32,37
1400000US36047093400,"Census Tract 934, Kings County, New York",Brooklyn,923,123,566,136,216,80,350,117,126,86,224,78,357,126,340,126,17,19
1400000US36047093600,"Census Tract 936, Kings County, New York",Brooklyn,692,127,412,88,209,72,203,74,41,29,162,70,280,114,245,99,35,47
1400000US36047093800,"Census Tract 938, Kings County, New York",Brooklyn,888,125,577,131,230,89,347,124,84,64,263,118,311,112,253,89,58,75
1400000US36047094401,"Census Tract 944.01, Kings County, New York",Brooklyn,1080,145,796,154,563,150,233,90,69,61,164,74,284,125,230,113,54,50
1400000US36047094402,"Census Tract 944.02, Kings County, New York",Brooklyn,1062,188,649,188,159,107,490,173,151,139,339,157,413,125,402,127,11,17
1400000US36047094600,"Census Tract 946, Kings County, New York",Brooklyn,638,115,497,112,260,96,237,92,80,73,157,54,141,64,141,64,0,14
1400000US36047095000,"Census Tract 950, Kings County, New York",Brooklyn,772,164,576,143,261,92,315,129,143,79,172,97,196,114,174,114,22,30
1400000US36047095400,"Census Tract 954, Kings County, New York",Brooklyn,1485,189,904,185,333,133,571,152,152,109,419,135,581,186,461,157,120,103
1400000US36047095600,"Census Tract 956, Kings County, New York",Brooklyn,1229,258,1002,242,422,219,580,169,167,77,413,156,227,132,143,102,84,83
1400000US36047095800,"Census Tract 958, Kings County, New York",Brooklyn,980,200,770,182,250,128,520,182,165,115,355,151,210,105,210,105,0,14
1400000US36047096000,"Census Tract 960, Kings County, New York",Brooklyn,0,14,0,14,0,14,0,14,0,14,0,14,0,14,0,14,0,14
1400000US36047096200,"Census Tract 962, Kings County, New York",Brooklyn,356,80,264,83,109,43,155,82,14,18,141,80,92,50,78,50,14,21
1400000US36047096400,"Census Tract 964, Kings County, New York",Brooklyn,659,139,559,123,206,87,353,100,108,61,245,92,100,79,100,79,0,14
1400000US36047096600,"Census Tract 966, Kings County, New York",Brooklyn,628,107,476,112,254,73,222,98,8,15,214,96,152,72,152,72,0,14
1400000US36047096800,"Census Tract 968, Kings County, New York",Brooklyn,348,100,304,110,226,107,78,51,9,17,69,49,44,34,32,29,12,18
1400000US36047097000,"Census Tract 970, Kings County, New York",Brooklyn,732,241,648,239,364,241,284,90,0,14,284,90,84,51,65,45,19,23
1400000US36047097400,"Census Tract 974, Kings County, New York",Brooklyn,616,109,441,109,185,77,256,84,35,42,221,72,175,85,124,59,51,61
1400000US36047098200,"Census Tract 982, Kings County, New York",Brooklyn,1608,169,1097,203,206,113,891,191,165,119,726,148,511,140,463,154,48,66
1400000US36047098400,"Census Tract 984, Kings County, New York",Brooklyn,548,90,490,94,258,71,232,95,38,35,194,94,58,32,48,27,10,16
1400000US36047098600,"Census Tract 986, Kings County, New York",Brooklyn,975,192,639,187,324,127,315,178,54,62,261,163,336,125,265,116,71,64
1400000US36047098800,"Census Tract 988, Kings County, New York",Brooklyn,914,143,595,118,375,110,220,92,95,82,125,71,319,117,269,113,50,44
1400000US36047099000,"Census Tract 990, Kings County, New York",Brooklyn,454,85,345,80,178,58,167,75,14,23,153,73,109,57,69,45,40,40
1400000US36047099200,"Census Tract 992, Kings County, New York",Brooklyn,663,165,473,164,217,151,256,78,10,16,246,76,190,93,178,92,12,17
1400000US36047099400,"Census Tract 994, Kings County, New York",Brooklyn,534,114,456,123,259,114,197,68,55,57,142,60,78,54,78,54,0,14
1400000US36047099600,"Census Tract 996, Kings County, New York",Brooklyn,1011,232,776,205,364,172,412,154,58,82,354,150,235,156,235,156,0,14
1400000US36047099800,"Census Tract 998, Kings County, New York",Brooklyn,1347,186,836,187,377,148,459,157,74,80,385,150,511,183,430,183,81,88
1400000US36047100400,"Census Tract 1004, Kings County, New York",Brooklyn,821,125,586,131,244,86,342,109,64,52,278,102,235,113,218,110,17,26
1400000US36047100600,"Census Tract 1006, Kings County, New York",Brooklyn,885,126,677,144,301,76,376,133,89,97,287,103,208,74,201,72,7,11
1400000US36047100800,"Census Tract 1008, Kings County, New York",Brooklyn,676,96,550,104,268,91,282,86,83,61,199,66,126,57,83,50,43,32
1400000US36047101000,"Census Tract 1010, Kings County, New York",Brooklyn,804,222,617,124,346,105,271,108,28,30,243,110,187,185,187,185,0,14
1400000US36047101200,"Census Tract 1012, Kings County, New York",Brooklyn,783,136,543,98,307,93,236,69,87,50,149,58,240,117,227,115,13,20
1400000US36047101400,"Census Tract 1014, Kings County, New York",Brooklyn,799,123,430,123,188,69,242,115,13,19,229,114,369,131,339,123,30,33
1400000US36047101600,"Census Tract 1016, Kings County, New York",Brooklyn,527,71,438,65,290,73,148,59,16,24,132,56,89,58,83,58,6,8
1400000US36047101800,"Census Tract 1018, Kings County, New York",Brooklyn,709,130,442,144,241,133,201,83,43,32,158,85,267,60,253,60,14,16
1400000US36047102000,"Census Tract 1020, Kings County, New York",Brooklyn,597,106,515,106,404,113,111,54,41,37,70,38,82,44,82,44,0,14
1400000US36047102200,"Census Tract 1022, Kings County, New York",Brooklyn,708,98,484,113,290,108,194,70,19,21,175,68,224,75,193,73,31,33
1400000US36047102400,"Census Tract 1024, Kings County, New York",Brooklyn,568,93,407,87,261,79,146,75,66,53,80,46,161,67,153,65,8,12
1400000US36047102600,"Census Tract 1026, Kings County, New York",Brooklyn,888,115,764,122,448,131,316,92,90,66,226,84,124,53,98,45,26,26
1400000US36047102801,"Census Tract 1028.01, Kings County, New York",Brooklyn,495,125,209,82,55,34,154,77,16,23,138,75,286,116,254,115,32,45
1400000US36047102802,"Census Tract 1028.02, Kings County, New York",Brooklyn,0,14,0,14,0,14,0,14,0,14,0,14,0,14,0,14,0,14
1400000US36047103401,"Census Tract 1034.01, Kings County, New York",Brooklyn,1641,173,1004,226,121,88,883,221,153,138,730,189,637,150,637,150,0,14
1400000US36047103402,"Census Tract 1034.02, Kings County, New York",Brooklyn,0,14,0,14,0,14,0,14,0,14,0,14,0,14,0,14,0,14
1400000US36047105801,"Census Tract 1058.01, Kings County, New York",Brooklyn,3188,433,1370,346,535,273,835,243,141,135,694,198,1818,338,1730,339,88,92
1400000US36047105804,"Census Tract 1058.04, Kings County, New York",Brooklyn,2953,321,1668,300,574,245,1094,322,49,43,1045,318,1285,240,1210,237,75,95
1400000US36047107001,"Census Tract 1070.01, Kings County, New York",Brooklyn,2103,262,1219,307,273,125,946,281,243,135,703,267,884,247,856,243,28,31
1400000US36047107002,"Census Tract 1070.02, Kings County, New York",Brooklyn,0,14,0,14,0,14,0,14,0,14,0,14,0,14,0,14,0,14
1400000US36047107003,"Census Tract 1070.03, Kings County, New York",Brooklyn,0,14,0,14,0,14,0,14,0,14,0,14,0,14,0,14,0,14
1400000US36047107800,"Census Tract 1078, Kings County, New York",Brooklyn,1621,178,814,180,498,163,316,117,94,62,222,84,807,200,770,198,37,44
1400000US36047109800,"Census Tract 1098, Kings County, New York",Brooklyn,675,119,452,130,260,100,192,107,29,31,163,94,223,83,181,76,42,53
1400000US36047110400,"Census Tract 1104, Kings County, New York",Brooklyn,1692,192,1254,242,518,227,736,248,274,182,462,222,438,208,372,191,66,78
1400000US36047110600,"Census Tract 1106, Kings County, New York",Brooklyn,1922,201,1048,185,105,102,943,178,33,48,910,179,874,207,874,207,0,14
1400000US36047111000,"Census Tract 1110, Kings County, New York",Brooklyn,1416,157,822,183,241,121,581,185,93,100,488,170,594,175,584,174,10,21
1400000US36047111600,"Census Tract 1116, Kings County, New York",Brooklyn,1120,215,897,239,166,131,731,251,158,121,573,219,223,126,193,112,30,54
1400000US36047111800,"Census Tract 1118, Kings County, New York",Brooklyn,1231,402,930,362,291,133,639,385,323,410,316,128,301,110,255,112,46,54
1400000US36047112000,"Census Tract 1120, Kings County, New York",Brooklyn,1172,190,883,220,562,212,321,151,61,66,260,138,289,207,289,207,0,14
1400000US36047112200,"Census Tract 1122, Kings County, New York",Brooklyn,1520,427,762,183,270,158,492,152,77,96,415,146,758,413,731,413,27,32
1400000US36047112400,"Census Tract 1124, Kings County, New York",Brooklyn,1253,196,680,195,384,219,296,141,102,112,194,109,573,227,536,226,37,44
1400000US36047112600,"Census Tract 1126, Kings County, New York",Brooklyn,1709,307,813,161,401,135,412,121,35,58,377,112,896,333,796,326,100,118
1400000US36047112800,"Census Tract 1128, Kings County, New York",Brooklyn,1540,160,794,218,289,170,505,187,139,108,366,172,746,220,594,200,152,141
1400000US36047113000,"Census Tract 1130, Kings County, New York",Brooklyn,1723,155,1068,214,527,168,541,177,52,60,489,161,655,194,558,182,97,75
1400000US36047113200,"Census Tract 1132, Kings County, New York",Brooklyn,1058,80,663,162,183,101,480,153,14,16,466,153,395,151,349,155,46,44
1400000US36047113400,"Census Tract 1134, Kings County, New York",Brooklyn,1073,147,709,145,56,66,653,132,41,63,612,116,364,139,327,138,37,42
1400000US36047114201,"Census Tract 1142.01, Kings County, New York",Brooklyn,688,199,262,98,154,76,108,73,43,45,65,68,426,207,373,200,53,62
1400000US36047114202,"Census Tract 1142.02, Kings County, New York",Brooklyn,954,139,594,161,170,110,424,133,77,74,347,127,360,105,282,96,78,66
1400000US36047114400,"Census Tract 1144, Kings County, New York",Brooklyn,797,189,642,205,392,192,250,93,43,31,207,96,155,116,141,117,14,20
1400000US36047114600,"Census Tract 1146, Kings County, New York",Brooklyn,839,108,582,137,257,119,325,98,46,52,279,94,257,100,214,81,43,50
1400000US36047115000,"Census Tract 1150, Kings County, New York",Brooklyn,963,124,601,139,178,70,423,147,110,99,313,113,362,108,280,112,82,76
1400000US36047115200,"Census Tract 1152, Kings County, New York",Brooklyn,964,199,589,216,388,187,201,157,24,40,177,158,375,202,375,202,0,14
1400000US36047115600,"Census Tract 1156, Kings County, New York",Brooklyn,1788,168,1102,279,320,191,782,272,195,191,587,219,686,198,587,166,99,91
1400000US36047115800,"Census Tract 1158, Kings County, New York",Brooklyn,938,175,643,195,276,168,367,126,2,3,365,126,295,129,241,112,54,55
1400000US36047116000,"Census Tract 1160, Kings County, New York",Brooklyn,956,131,565,159,333,146,232,95,22,21,210,93,391,112,314,119,77,78
1400000US36047116200,"Census Tract 1162, Kings County, New York",Brooklyn,925,122,513,175,205,86,308,127,125,111,183,84,412,142,360,124,52,62
1400000US36047116400,"Census Tract 1164, Kings County, New York",Brooklyn,1271,251,910,285,429,162,481,275,75,67,406,269,361,138,361,138,0,14
1400000US36047116600,"Census Tract 1166, Kings County, New York",Brooklyn,1150,172,792,205,371,182,421,148,113,92,308,127,358,154,323,143,35,50
1400000US36047116800,"Census Tract 1168, Kings County, New York",Brooklyn,754,114,551,130,234,100,317,142,12,19,305,137,203,102,91,76,112,80
1400000US36047117000,"Census Tract 1170, Kings County, New York",Brooklyn,793,310,479,185,355,182,124,91,0,14,124,91,314,274,295,273,19,30
1400000US36047117201,"Census Tract 1172.01, Kings County, New York",Brooklyn,718,88,506,127,241,97,265,108,106,98,159,65,212,88,207,88,5,10
1400000US36047117202,"Census Tract 1172.02, Kings County, New York",Brooklyn,1470,338,1035,287,339,149,696,276,71,52,625,283,435,238,435,238,0,14
1400000US36047117400,"Census Tract 1174, Kings County, New York",Brooklyn,1309,308,901,177,437,152,464,178,93,74,371,174,408,279,298,251,110,102
1400000US36047117601,"Census Tract 1176.01, Kings County, New York",Brooklyn,918,183,734,184,388,199,346,108,86,54,260,102,184,76,131,65,53,50
1400000US36047117602,"Census Tract 1176.02, Kings County, New York",Brooklyn,1068,165,786,172,448,237,338,143,33,41,305,144,282,199,226,171,56,65
1400000US36047117800,"Census Tract 1178, Kings County, New York",Brooklyn,609,149,428,164,362,173,66,56,51,48,15,23,181,93,170,92,11,22
1400000US36047118000,"Census Tract 1180, Kings County, New York",Brooklyn,0,14,0,14,0,14,0,14,0,14,0,14,0,14,0,14,0,14
1400000US36047118201,"Census Tract 1182.01, Kings County, New York",Brooklyn,984,157,817,179,506,176,311,103,75,56,236,97,167,92,96,73,71,52
1400000US36047118202,"Census Tract 1182.02, Kings County, New York",Brooklyn,1050,180,800,167,410,130,390,161,115,56,275,155,250,116,208,99,42,60
1400000US36047118400,"Census Tract 1184, Kings County, New York",Brooklyn,1621,211,1122,233,493,229,629,216,158,120,471,199,499,195,241,149,258,132
1400000US36047118600,"Census Tract 1186, Kings County, New York",Brooklyn,816,77,565,95,327,111,238,73,37,32,201,69,251,101,212,100,39,47
1400000US36047118800,"Census Tract 1188, Kings County, New York",Brooklyn,1123,140,854,162,554,171,300,118,90,74,210,104,269,141,191,139,78,73
1400000US36047119000,"Census Tract 1190, Kings County, New York",Brooklyn,717,181,414,140,139,66,275,130,12,16,263,128,303,148,263,155,40,59
1400000US36047119200,"Census Tract 1192, Kings County, New York",Brooklyn,1166,141,808,179,351,167,457,158,93,75,364,151,358,194,267,153,91,109
1400000US36047119400,"Census Tract 1194, Kings County, New York",Brooklyn,1483,173,781,166,432,181,349,147,143,111,206,124,702,230,369,201,333,146
1400000US36047119600,"Census Tract 1196, Kings County, New York",Brooklyn,2068,294,1418,350,908,304,510,255,149,156,361,188,650,327,569,312,81,78
1400000US36047119800,"Census Tract 1198, Kings County, New York",Brooklyn,1048,196,748,243,261,143,487,228,107,126,380,236,300,152,266,157,34,44
1400000US36047120000,"Census Tract 1200, Kings County, New York",Brooklyn,1039,361,536,103,250,96,286,117,120,96,166,71,503,386,396,384,107,66
1400000US36047120200,"Census Tract 1202, Kings County, New York",Brooklyn,495,87,460,92,324,92,136,82,47,56,89,56,35,28,22,21,13,19
1400000US36047120801,"Census Tract 1208.01, Kings County, New York",Brooklyn,1474,289,1123,289,745,227,378,202,16,27,362,201,351,154,250,137,101,112
1400000US36047120802,"Census Tract 1208.02, Kings County, New York",Brooklyn,1723,289,1280,360,465,263,815,324,147,127,668,308,443,160,420,155,23,37
1400000US36047120803,"Census Tract 1208.03, Kings County, New York",Brooklyn,561,106,246,90,56,40,190,89,4,9,186,85,315,124,268,117,47,48
1400000US36047121000,"Census Tract 1210, Kings County, New York",Brooklyn,1625,268,1052,259,91,65,961,240,30,38,931,235,573,233,554,231,19,28
1400000US36047121400,"Census Tract 1214, Kings County, New York",Brooklyn,1574,114,1040,171,236,124,804,173,134,121,670,198,534,151,492,147,42,50
1400000US36047122000,"Census Tract 1220, Kings County, New York",Brooklyn,2540,245,1886,363,956,353,930,323,209,206,721,299,654,286,519,235,135,172
1400000US36047123700,"Census Tract 1237, Kings County, New York",Brooklyn,1546,222,1438,232,1198,251,240,187,110,149,130,101,108,81,108,81,0,19
1400000US36047150200,"Census Tract 1502, Kings County, New York",Brooklyn,1082,135,744,139,580,141,164,102,54,82,110,67,338,121,236,104,102,68
1400000US36047152200,"Census Tract 1522, Kings County, New York",Brooklyn,1417,538,998,531,775,533,223,111,76,71,147,90,419,120,305,123,114,60
1400000US36047990100,"Census Tract 9901, Kings County, New York",Brooklyn,0,14,0,14,0,14,0,14,0,14,0,14,0,14,0,14,0,14
1400000US36061000100,"Census Tract 1, New York County, New York",Manhattan,0,14,0,14,0,14,0,14,0,14,0,14,0,14,0,14,0,14
1400000US36061000201,"Census Tract 2.01, New York County, New York",Manhattan,852,186,557,187,270,101,287,154,98,60,189,143,295,81,246,73,49,41
1400000US36061000202,"Census Tract 2.02, New York County, New York",Manhattan,3163,313,1417,255,607,173,810,256,184,103,626,240,1746,356,1654,350,92,86
1400000US36061000500,"Census Tract 5, New York County, New York",Manhattan,0,14,0,14,0,14,0,14,0,14,0,14,0,14,0,14,0,14
1400000US36061000600,"Census Tract 6, New York County, New York",Manhattan,5393,693,2291,580,1335,376,956,550,340,362,616,328,3102,571,2745,608,357,235
1400000US36061000700,"Census Tract 7, New York County, New York",Manhattan,5224,508,1367,425,1231,431,136,154,0,19,136,154,3857,558,2890,572,967,340
1400000US36061000800,"Census Tract 8, New York County, New York",Manhattan,4355,811,2328,710,1700,704,628,298,180,125,448,258,2027,627,1773,597,254,166
1400000US36061000900,"Census Tract 9, New York County, New York",Manhattan,893,191,413,77,379,84,34,38,26,35,8,12,480,204,338,195,142,68
1400000US36061001001,"Census Tract 10.01, New York County, New York",Manhattan,812,58,479,75,384,70,95,49,6,10,89,48,333,70,282,71,51,31
1400000US36061001002,"Census Tract 10.02, New York County, New York",Manhattan,2510,400,1377,255,515,215,862,249,117,92,745,255,1133,434,1084,436,49,70
1400000US36061001200,"Census Tract 12, New York County, New York",Manhattan,1934,207,1103,233,813,238,290,114,81,47,209,107,831,133,688,136,143,68
1400000US36061001300,"Census Tract 13, New York County, New York",Manhattan,2780,285,792,259,629,236,163,140,121,133,42,49,1988,253,1634,264,354,190
1400000US36061001401,"Census Tract 14.01, New York County, New York",Manhattan,1799,246,1017,217,842,229,175,91,63,53,112,80,782,175,647,157,135,96
1400000US36061001402,"Census Tract 14.02, New York County, New York",Manhattan,1751,325,652,253,382,245,270,84,68,62,202,125,1099,202,833,210,266,86
1400000US36061001501,"Census Tract 15.01, New York County, New York",Manhattan,3259,564,1664,446,1340,407,324,195,0,19,324,195,1595,346,1358,355,237,124
1400000US36061001502,"Census Tract 15.02, New York County, New York",Manhattan,3952,423,898,226,767,229,131,102,25,43,106,93,3054,468,1801,388,1253,366
1400000US36061001600,"Census Tract 16, New York County, New York",Manhattan,3499,800,1844,706,1490,738,354,142,104,63,250,147,1655,350,1359,344,296,131
1400000US36061001800,"Census Tract 18, New York County, New York",Manhattan,3170,316,985,249,785,238,200,92,82,62,118,87,2185,341,1665,367,520,177
1400000US36061002000,"Census Tract 20, New York County, New York",Manhattan,1962,184,1275,223,329,127,946,244,307,151,639,214,687,182,669,185,18,31
1400000US36061002100,"Census Tract 21, New York County, New York",Manhattan,3387,410,1725,311,1468,317,257,178,31,39,226,178,1662,340,1117,359,545,202
1400000US36061002201,"Census Tract 22.01, New York County, New York",Manhattan,3079,299,1391,228,547,189,844,253,65,69,779,248,1688,269,1324,290,364,160
1400000US36061002202,"Census Tract 22.02, New York County, New York",Manhattan,1052,144,263,87,248,83,15,20,0,14,15,20,789,145,421,131,368,126
1400000US36061002400,"Census Tract 24, New York County, New York",Manhattan,1797,154,1018,193,262,70,756,189,163,122,593,172,779,187,772,188,7,12
1400000US36061002500,"Census Tract 25, New York County, New York",Manhattan,1786,200,1092,202,511,133,581,160,66,63,515,153,694,139,646,135,48,43
1400000US36061002601,"Census Tract 26.01, New York County, New York",Manhattan,1942,446,701,167,99,57,602,170,210,118,392,147,1241,439,1062,442,179,83
1400000US36061002602,"Census Tract 26.02, New York County, New York",Manhattan,1913,265,471,155,248,130,223,128,56,71,167,119,1442,305,1113,309,329,153
1400000US36061002700,"Census Tract 27, New York County, New York",Manhattan,620,258,389,246,328,246,61,34,1,2,60,34,231,60,197,54,34,22
1400000US36061002800,"Census Tract 28, New York County, New York",Manhattan,3205,324,1265,334,779,288,486,198,120,80,366,188,1940,259,1563,257,377,134
1400000US36061002901,"Census Tract 29.01, New York County, New York",Manhattan,69,58,12,18,12,18,0,14,0,14,0,14,57,56,57,56,0,14
1400000US36061002902,"Census Tract 29.02, New York County, New York",Manhattan,1741,607,848,233,543,198,305,152,63,51,242,146,893,516,830,512,63,52
1400000US36061003001,"Census Tract 30.01, New York County, New York",Manhattan,2294,232,577,190,155,103,422,199,113,97,309,163,1717,251,1247,240,470,159
1400000US36061003002,"Census Tract 30.02, New York County, New York",Manhattan,1727,162,460,113,266,85,194,84,0,14,194,84,1267,197,983,213,284,84
1400000US36061003100,"Census Tract 31, New York County, New York",Manhattan,823,133,222,65,182,60,40,25,22,18,18,14,601,124,404,102,197,99
1400000US36061003200,"Census Tract 32, New York County, New York",Manhattan,4746,525,1004,433,712,448,292,210,122,146,170,150,3742,464,2668,434,1074,274
1400000US36061003300,"Census Tract 33, New York County, New York",Manhattan,2660,375,1669,358,1459,360,210,132,19,32,191,129,991,258,713,262,278,124
1400000US36061003400,"Census Tract 34, New York County, New York",Manhattan,3944,570,833,356,738,344,95,100,48,78,47,61,3111,471,2090,538,1021,339
1400000US36061003601,"Census Tract 36.01, New York County, New York",Manhattan,1550,233,623,141,371,123,252,114,65,66,187,88,927,226,765,206,162,110
1400000US36061003602,"Census Tract 36.02, New York County, New York",Manhattan,1514,223,482,179,302,111,180,152,25,22,155,151,1032,167,787,138,245,110
1400000US36061003700,"Census Tract 37, New York County, New York",Manhattan,1934,546,970,514,848,499,122,103,22,29,100,101,964,224,768,210,196,84
1400000US36061003800,"Census Tract 38, New York County, New York",Manhattan,4511,715,511,265,431,249,80,91,80,91,0,19,4000,680,2605,528,1395,485
1400000US36061003900,"Census Tract 39, New York County, New York",Manhattan,2699,721,1599,703,1317,700,282,166,167,131,115,109,1100,231,699,207,401,161
1400000US36061004001,"Census Tract 40.01, New York County, New York",Manhattan,1866,312,641,239,413,206,228,177,14,22,214,177,1225,332,887,320,338,135
1400000US36061004002,"Census Tract 40.02, New York County, New York",Manhattan,1920,337,473,184,439,180,34,40,0,19,34,40,1447,387,786,199,661,330
1400000US36061004100,"Census Tract 41, New York County, New York",Manhattan,3095,484,1140,415,857,373,283,201,64,110,219,163,1955,395,1336,349,619,211
1400000US36061004200,"Census Tract 42, New York County, New York",Manhattan,1461,268,345,79,318,72,27,31,0,19,27,31,1116,269,966,258,150,70
1400000US36061004300,"Census Tract 43, New York County, New York",Manhattan,2591,395,398,130,303,128,95,67,29,34,66,53,2193,393,1853,450,340,161
1400000US36061004400,"Census Tract 44, New York County, New York",Manhattan,8189,884,3282,649,2428,589,854,479,508,382,346,227,4907,869,2844,574,2063,677
1400000US36061004500,"Census Tract 45, New York County, New York",Manhattan,414,85,217,54,178,49,39,33,4,8,35,32,197,71,165,67,32,28
1400000US36061004700,"Census Tract 47, New York County, New York",Manhattan,1486,380,323,105,295,104,28,27,14,21,14,17,1163,369,983,397,180,91
1400000US36061004800,"Census Tract 48, New York County, New York",Manhattan,3101,347,1103,266,906,245,197,133,101,112,96,70,1998,292,1617,305,381,144
1400000US36061004900,"Census Tract 49, New York County, New York",Manhattan,2320,418,901,346,812,336,89,64,41,45,48,43,1419,234,1061,231,358,148
1400000US36061005000,"Census Tract 50, New York County, New York",Manhattan,2760,324,719,207,688,204,31,53,31,53,0,14,2041,307,1658,323,383,140
1400000US36061005200,"Census Tract 52, New York County, New York",Manhattan,1382,173,532,132,470,132,62,39,45,31,17,24,850,147,609,143,241,83
1400000US36061005400,"Census Tract 54, New York County, New York",Manhattan,2747,452,920,186,843,178,77,81,47,54,30,47,1827,429,1621,426,206,100
1400000US36061005501,"Census Tract 55.01, New York County, New York",Manhattan,2001,204,1130,231,929,224,201,131,88,69,113,100,871,231,764,220,107,70
1400000US36061005502,"Census Tract 55.02, New York County, New York",Manhattan,1099,198,457,187,389,189,68,40,12,20,56,45,642,118,491,124,151,64
1400000US36061005600,"Census Tract 56, New York County, New York",Manhattan,2363,366,625,263,474,149,151,193,0,14,151,193,1738,341,1560,321,178,106
1400000US36061005700,"Census Tract 57, New York County, New York",Manhattan,1355,246,515,99,499,101,16,19,12,20,4,6,840,230,593,144,247,181
1400000US36061005800,"Census Tract 58, New York County, New York",Manhattan,2193,275,590,205,552,203,38,45,21,35,17,27,1603,247,1078,261,525,168
1400000US36061005900,"Census Tract 59, New York County, New York",Manhattan,2381,343,920,226,826,218,94,84,46,63,48,52,1461,293,1194,304,267,120
1400000US36061006000,"Census Tract 60, New York County, New York",Manhattan,2338,312,1349,310,999,244,350,187,65,59,285,181,989,266,828,260,161,74
1400000US36061006100,"Census Tract 61, New York County, New York",Manhattan,2214,476,628,167,571,160,57,54,0,19,57,54,1586,459,1002,209,584,464
1400000US36061006200,"Census Tract 62, New York County, New York",Manhattan,1253,168,542,153,435,152,107,75,9,16,98,74,711,147,436,109,275,100
1400000US36061006300,"Census Tract 63, New York County, New York",Manhattan,3445,394,924,238,716,202,208,143,54,50,154,138,2521,416,2170,428,351,173
1400000US36061006400,"Census Tract 64, New York County, New York",Manhattan,4322,686,1551,448,1216,347,335,314,60,78,275,321,2771,569,2167,580,604,211
1400000US36061006500,"Census Tract 65, New York County, New York",Manhattan,3042,523,522,201,418,198,104,78,57,54,47,56,2520,501,1930,480,590,224
1400000US36061006600,"Census Tract 66, New York County, New York",Manhattan,6431,1011,1718,853,1226,703,492,490,0,21,492,490,4713,735,3357,725,1356,542
1400000US36061006700,"Census Tract 67, New York County, New York",Manhattan,3118,354,602,200,440,151,162,114,33,42,129,104,2516,347,2036,251,480,277
1400000US36061006800,"Census Tract 68, New York County, New York",Manhattan,3276,521,578,253,484,218,94,108,0,19,94,108,2698,497,2133,484,565,302
1400000US36061006900,"Census Tract 69, New York County, New York",Manhattan,1219,156,568,142,525,143,43,39,20,29,23,26,651,140,399,132,252,100
1400000US36061007001,"Census Tract 70.01, New York County, New York",Manhattan,2140,358,601,330,584,329,17,32,0,14,17,32,1539,216,1206,238,333,167
1400000US36061007002,"Census Tract 70.02, New York County, New York",Manhattan,2055,266,536,190,451,178,85,74,13,21,72,71,1519,221,990,233,529,151
1400000US36061007100,"Census Tract 71, New York County, New York",Manhattan,2510,348,740,267,638,258,102,94,0,19,102,94,1770,291,1480,279,290,115
1400000US36061007200,"Census Tract 72, New York County, New York",Manhattan,4078,556,953,289,389,203,564,232,257,231,307,228,3125,561,2535,535,590,247
1400000US36061007300,"Census Tract 73, New York County, New York",Manhattan,3552,562,718,279,648,282,70,81,0,19,70,81,2834,592,2177,587,657,246
1400000US36061007400,"Census Tract 74, New York County, New York",Manhattan,2825,381,632,213,565,204,67,53,0,19,67,53,2193,359,1734,388,459,178
1400000US36061007500,"Census Tract 75, New York County, New York",Manhattan,2294,360,816,261,763,264,53,49,0,14,53,49,1478,311,1217,319,261,122
1400000US36061007600,"Census Tract 76, New York County, New York",Manhattan,1441,192,282,115,198,53,84,96,0,14,84,96,1159,180,888,173,271,118
1400000US36061007700,"Census Tract 77, New York County, New York",Manhattan,3274,329,980,270,861,260,119,99,75,97,44,52,2294,353,1850,348,444,141
1400000US36061007800,"Census Tract 78, New York County, New York",Manhattan,4885,658,1247,438,1152,427,95,95,0,19,95,95,3638,771,3043,776,595,212
1400000US36061007900,"Census Tract 79, New York County, New York",Manhattan,2437,330,1010,333,874,306,136,148,102,142,34,41,1427,245,1164,237,263,149
1400000US36061008000,"Census Tract 80, New York County, New York",Manhattan,2830,254,1020,195,895,188,125,113,0,19,125,113,1810,254,1373,221,437,181
1400000US36061008100,"Census Tract 81, New York County, New York",Manhattan,3824,636,1147,472,956,432,191,154,0,19,191,154,2677,595,2294,629,383,178
1400000US36061008200,"Census Tract 82, New York County, New York",Manhattan,2006,261,678,196,582,198,96,82,0,14,96,82,1328,288,1200,289,128,76
1400000US36061008300,"Census Tract 83, New York County, New York",Manhattan,2014,277,802,264,447,239,355,148,0,14,355,148,1212,251,866,281,346,146
1400000US36061008400,"Census Tract 84, New York County, New York",Manhattan,1005,230,392,220,383,220,9,15,0,14,9,15,613,144,476,142,137,66
1400000US36061008601,"Census Tract 86.01, New York County, New York",Manhattan,1817,231,440,127,395,120,45,49,19,28,26,33,1377,238,856,198,521,144
1400000US36061008602,"Census Tract 86.02, New York County, New York",Manhattan,0,14,0,14,0,14,0,14,0,14,0,14,0,14,0,14,0,14
1400000US36061008603,"Census Tract 86.03, New York County, New York",Manhattan,2710,352,1315,288,1146,277,169,143,0,14,169,143,1395,313,1238,309,157,87
1400000US36061008700,"Census Tract 87, New York County, New York",Manhattan,3223,421,799,315,732,312,67,90,19,35,48,84,2424,389,1792,412,632,253
1400000US36061008800,"Census Tract 88, New York County, New York",Manhattan,5152,660,1304,397,1099,409,205,167,0,19,205,167,3848,719,3354,735,494,246
1400000US36061008900,"Census Tract 89, New York County, New York",Manhattan,2991,429,1000,293,681,201,319,195,157,145,162,133,1991,364,1643,383,348,131
1400000US36061009000,"Census Tract 90, New York County, New York",Manhattan,4272,636,1425,471,1133,403,292,200,116,155,176,123,2847,569,2297,533,550,214
1400000US36061009100,"Census Tract 91, New York County, New York",Manhattan,3801,369,936,271,810,268,126,99,62,63,64,75,2865,475,2466,485,399,184
1400000US36061009200,"Census Tract 92, New York County, New York",Manhattan,922,147,222,85,196,74,26,30,0,14,26,30,700,127,560,125,140,71
1400000US36061009300,"Census Tract 93, New York County, New York",Manhattan,5508,671,1900,472,1189,386,711,369,348,284,363,209,3608,780,3169,759,439,174
1400000US36061009400,"Census Tract 94, New York County, New York",Manhattan,34,22,12,12,6,8,6,8,6,8,0,14,22,22,10,12,12,18
1400000US36061009500,"Census Tract 95, New York County, New York",Manhattan,1499,184,443,122,425,120,18,21,0,14,18,21,1056,173,928,162,128,70
1400000US36061009600,"Census Tract 96, New York County, New York",Manhattan,95,50,15,10,15,10,0,14,0,14,0,14,80,49,76,49,4,6
1400000US36061009700,"Census Tract 97, New York County, New York",Manhattan,2631,365,1193,280,586,210,607,235,0,14,607,235,1438,374,1247,353,191,126
1400000US36061009800,"Census Tract 98, New York County, New York",Manhattan,4705,647,1817,539,1600,538,217,202,0,19,217,202,2888,500,2158,489,730,272
1400000US36061009901,"Census Tract 99.01, New York County, New York",Manhattan,1034,241,547,229,393,222,154,93,35,56,119,75,487,124,323,106,164,77
1400000US36061009902,"Census Tract 99.02, New York County, New York",Manhattan,2314,306,652,175,537,169,115,100,24,38,91,93,1662,294,1374,296,288,137
1400000US36061009903,"Census Tract 99.03, New York County, New York",Manhattan,891,108,253,100,220,93,33,40,0,14,33,40,638,122,447,117,191,95
1400000US36061010000,"Census Tract 100, New York County, New York",Manhattan,1137,325,215,77,206,75,9,14,9,14,0,14,922,333,821,333,101,52
1400000US36061010100,"Census Tract 101, New York County, New York",Manhattan,1169,214,106,54,95,47,11,17,11,17,0,14,1063,213,866,225,197,87
1400000US36061010200,"Census Tract 102, New York County, New York",Manhattan,157,127,51,47,51,47,0,14,0,14,0,14,106,119,106,119,0,14
1400000US36061010300,"Census Tract 103, New York County, New York",Manhattan,1594,254,455,157,363,146,92,61,6,9,86,61,1139,275,907,255,232,149
1400000US36061010400,"Census Tract 104, New York County, New York",Manhattan,596,131,251,70,164,50,87,60,10,14,77,57,345,131,310,129,35,33
1400000US36061010601,"Census Tract 106.01, New York County, New York",Manhattan,4152,720,2226,626,2062,614,164,110,36,46,128,101,1926,393,1805,393,121,88
1400000US36061010602,"Census Tract 106.02, New York County, New York",Manhattan,2146,193,1196,216,1020,196,176,120,110,101,66,61,950,202,621,174,329,145
1400000US36061010801,"Census Tract 108.01, New York County, New York",Manhattan,1891,217,435,157,410,150,25,48,25,48,0,14,1456,275,1197,286,259,103
1400000US36061010802,"Census Tract 108.02, New York County, New York",Manhattan,2217,459,1092,504,814,424,278,302,36,53,242,305,1125,262,984,263,141,86
1400000US36061010803,"Census Tract 108.03, New York County, New York",Manhattan,1053,200,306,96,245,79,61,53,8,15,53,51,747,187,634,174,113,63
1400000US36061010900,"Census Tract 109, New York County, New York",Manhattan,113,32,19,13,19,13,0,14,0,14,0,14,94,32,71,31,23,17
1400000US36061011000,"Census Tract 110, New York County, New York",Manhattan,3675,577,1309,313,1053,280,256,210,112,57,144,179,2366,562,1861,525,505,306
1400000US36061011100,"Census Tract 111, New York County, New York",Manhattan,2704,294,675,188,502,183,173,74,21,33,152,66,2029,301,1515,318,514,199
1400000US36061011201,"Census Tract 112.01, New York County, New York",Manhattan,516,100,190,61,151,56,39,26,0,14,39,26,326,86,302,86,24,18
1400000US36061011202,"Census Tract 112.02, New York County, New York",Manhattan,313,71,152,54,146,54,6,9,0,14,6,9,161,62,143,61,18,15
1400000US36061011203,"Census Tract 112.03, New York County, New York",Manhattan,528,99,208,66,202,65,6,10,0,14,6,10,320,82,277,80,43,19
1400000US36061011300,"Census Tract 113, New York County, New York",Manhattan,49,23,15,15,8,12,7,11,0,14,7,11,34,20,34,20,0,14
1400000US36061011401,"Census Tract 114.01, New York County, New York",Manhattan,667,191,238,92,222,89,16,18,0,14,16,18,429,172,413,171,16,25
1400000US36061011402,"Census Tract 114.02, New York County, New York",Manhattan,1164,222,391,128,352,130,39,35,10,17,29,30,773,196,538,128,235,174
1400000US36061011500,"Census Tract 115, New York County, New York",Manhattan,1840,261,511,164,401,145,110,90,49,72,61,50,1329,242,1015,225,314,133
1400000US36061011600,"Census Tract 116, New York County, New York",Manhattan,1889,452,493,197,357,148,136,144,23,28,113,141,1396,473,1286,464,110,76
1400000US36061011700,"Census Tract 117, New York County, New York",Manhattan,3465,605,769,181,424,157,345,179,33,42,312,176,2696,632,2250,637,446,203
1400000US36061011800,"Census Tract 118, New York County, New York",Manhattan,5148,615,1894,378,1861,378,33,54,0,19,33,54,3254,558,2890,528,364,203
1400000US36061011900,"Census Tract 119, New York County, New York",Manhattan,1102,164,20,28,15,26,5,9,0,14,5,9,1082,166,1082,166,0,14
1400000US36061012000,"Census Tract 120, New York County, New York",Manhattan,1925,302,750,240,744,238,6,17,0,14,6,17,1175,291,956,292,219,162
1400000US36061012101,"Census Tract 121.01, New York County, New York",Manhattan,1822,303,188,97,168,106,20,42,20,42,0,14,1634,306,1242,268,392,211
1400000US36061012102,"Census Tract 121.02, New York County, New York",Manhattan,3336,494,975,499,542,197,433,461,48,70,385,457,2361,312,2048,312,313,162
1400000US36061012200,"Census Tract 122, New York County, New York",Manhattan,1469,231,769,182,567,153,202,131,86,96,116,98,700,179,592,176,108,78
1400000US36061012400,"Census Tract 124, New York County, New York",Manhattan,4870,583,1838,487,1589,447,249,191,0,19,249,191,3032,533,2685,532,347,197
1400000US36061012500,"Census Tract 125, New York County, New York",Manhattan,1452,219,507,223,468,243,39,44,0,14,39,44,945,224,699,178,246,112
1400000US36061012601,"Census Tract 126.01, New York County, New York",Manhattan,3582,652,1745,577,1672,578,73,110,0,19,73,110,1837,401,1498,390,339,189
1400000US36061012602,"Census Tract 126.02, New York County, New York",Manhattan,2632,427,1211,378,1135,360,76,67,34,50,42,49,1421,316,1114,299,307,149
1400000US36061012700,"Census Tract 127, New York County, New York",Manhattan,4117,519,604,202,469,183,135,118,35,53,100,108,3513,538,2565,589,948,332
1400000US36061012800,"Census Tract 128, New York County, New York",Manhattan,2623,312,1510,305,1326,278,184,153,41,49,143,131,1113,241,1037,241,76,56
1400000US36061012901,"Census Tract 129.01, New York County, New York",Manhattan,4252,542,1284,466,1043,455,241,205,69,94,172,188,2968,445,2612,470,356,165
1400000US36061012902,"Census Tract 129.02, New York County, New York",Manhattan,1250,190,342,151,291,136,51,54,51,54,0,14,908,185,789,179,119,67
1400000US36061013000,"Census Tract 130, New York County, New York",Manhattan,1528,273,662,169,641,173,21,33,0,14,21,33,866,239,756,229,110,78
1400000US36061013100,"Census Tract 131, New York County, New York",Manhattan,2250,314,606,156,592,159,14,21,0,14,14,21,1644,306,1427,339,217,111
1400000US36061013201,"Census Tract 132.01, New York County, New York",Manhattan,1243,246,404,126,330,105,74,86,51,83,23,24,839,227,587,169,252,149
1400000US36061013202,"Census Tract 132.02, New York County, New York",Manhattan,2173,378,713,324,659,315,54,65,0,14,54,65,1460,306,1270,272,190,134
1400000US36061013203,"Census Tract 132.03, New York County, New York",Manhattan,2410,381,973,448,952,452,21,40,21,40,0,14,1437,306,1342,300,95,93
1400000US36061013300,"Census Tract 133, New York County, New York",Manhattan,3787,521,1066,280,752,261,314,190,205,173,109,85,2721,560,2214,531,507,229
1400000US36061013400,"Census Tract 134, New York County, New York",Manhattan,5643,611,1986,462,1447,328,539,450,44,82,495,434,3657,644,3020,622,637,331
1400000US36061013501,"Census Tract 135.01, New York County, New York",Manhattan,2622,263,1026,239,654,226,372,152,102,84,270,163,1596,302,1238,320,358,195
1400000US36061013502,"Census Tract 135.02, New York County, New York",Manhattan,3655,586,1225,383,899,363,326,147,89,69,237,129,2430,580,1927,527,503,307
1400000US36061013601,"Census Tract 136.01, New York County, New York",Manhattan,972,215,711,218,671,218,40,32,11,17,29,27,261,98,261,98,0,14
1400000US36061013602,"Census Tract 136.02, New York County, New York",Manhattan,2695,619,1474,641,1301,635,173,107,44,67,129,115,1221,231,1047,221,174,115
1400000US36061013603,"Census Tract 136.03, New York County, New York",Manhattan,2688,453,784,220,545,161,239,170,20,34,219,167,1904,475,1510,525,394,297
1400000US36061013604,"Census Tract 136.04, New York County, New York",Manhattan,2435,276,949,362,781,315,168,126,80,77,88,97,1486,332,1310,349,176,102
1400000US36061013700,"Census Tract 137, New York County, New York",Manhattan,3696,529,900,285,785,269,115,98,25,41,90,83,2796,559,2234,515,562,255
1400000US36061013800,"Census Tract 138, New York County, New York",Manhattan,6641,1065,2331,652,2146,650,185,143,68,98,117,120,4310,788,3384,656,926,464
1400000US36061013900,"Census Tract 139, New York County, New York",Manhattan,6055,1277,1607,486,1338,400,269,267,226,260,43,75,4448,1168,3542,1137,906,333
1400000US36061014000,"Census Tract 140, New York County, New York",Manhattan,3967,632,1769,301,1629,295,140,96,27,44,113,85,2198,591,1832,566,366,191
1400000US36061014200,"Census Tract 142, New York County, New York",Manhattan,1876,402,1084,324,907,300,177,166,14,31,163,157,792,251,736,248,56,63
1400000US36061014300,"Census Tract 143, New York County, New York",Manhattan,0,14,0,14,0,14,0,14,0,14,0,14,0,14,0,14,0,14
1400000US36061014401,"Census Tract 144.01, New York County, New York",Manhattan,2637,411,1416,399,1354,403,62,72,0,19,62,72,1221,243,1025,243,196,92
1400000US36061014402,"Census Tract 144.02, New York County, New York",Manhattan,3764,467,1697,444,1619,443,78,71,28,43,50,56,2067,401,1775,408,292,161
1400000US36061014500,"Census Tract 145, New York County, New York",Manhattan,3412,439,1390,387,1290,391,100,81,0,19,100,81,2022,383,1667,369,355,163
1400000US36061014601,"Census Tract 146.01, New York County, New York",Manhattan,2362,392,801,208,641,196,160,133,36,51,124,116,1561,430,1401,418,160,156
1400000US36061014602,"Census Tract 146.02, New York County, New York",Manhattan,4997,740,1566,273,1262,275,304,131,32,55,272,128,3431,759,2844,724,587,271
1400000US36061014700,"Census Tract 147, New York County, New York",Manhattan,1372,277,677,250,566,226,111,81,42,54,69,67,695,170,549,159,146,82
1400000US36061014801,"Census Tract 148.01, New York County, New York",Manhattan,1350,106,707,114,620,109,87,60,15,23,72,57,643,116,522,116,121,76
1400000US36061014802,"Census Tract 148.02, New York County, New York",Manhattan,3428,453,1803,325,1401,241,402,237,215,213,187,155,1625,380,1432,373,193,95
1400000US36061014900,"Census Tract 149, New York County, New York",Manhattan,3003,431,1473,333,1275,295,198,140,74,107,124,99,1530,394,1225,379,305,127
1400000US36061015001,"Census Tract 150.01, New York County, New York",Manhattan,1049,97,596,124,551,118,45,36,11,19,34,30,453,105,394,114,59,45
1400000US36061015002,"Census Tract 150.02, New York County, New York",Manhattan,2260,215,1398,183,1330,192,68,66,0,14,68,66,862,198,828,191,34,39
1400000US36061015101,"Census Tract 151.01, New York County, New York",Manhattan,1554,154,731,161,314,139,417,149,90,69,327,132,823,185,662,215,161,127
1400000US36061015102,"Census Tract 151.02, New York County, New York",Manhattan,4895,519,2258,500,1414,402,844,392,243,202,601,380,2637,468,2262,426,375,230
1400000US36061015200,"Census Tract 152, New York County, New York",Manhattan,3559,314,2123,356,1414,263,709,303,158,114,551,260,1436,255,1243,252,193,100
1400000US36061015301,"Census Tract 153.01, New York County, New York",Manhattan,2464,465,1062,274,991,272,71,53,0,14,71,53,1402,494,1217,483,185,108
1400000US36061015302,"Census Tract 153.02, New York County, New York",Manhattan,3079,364,1412,311,1061,280,351,229,146,177,205,162,1667,347,1482,346,185,101
1400000US36061015401,"Census Tract 154.01, New York County, New York",Manhattan,3290,750,731,279,601,204,130,188,0,14,130,188,2559,769,2318,760,241,145
1400000US36061015402,"Census Tract 154.02, New York County, New York",Manhattan,1676,331,926,269,504,209,422,255,137,120,285,239,750,232,626,247,124,80
1400000US36061015403,"Census Tract 154.03, New York County, New York",Manhattan,2503,389,1053,251,1014,252,39,52,0,19,39,52,1450,440,1351,444,99,75
1400000US36061015501,"Census Tract 155.01, New York County, New York",Manhattan,2956,593,1354,634,1164,616,190,155,13,23,177,144,1602,298,1519,286,83,79
1400000US36061015502,"Census Tract 155.02, New York County, New York",Manhattan,2796,389,1392,381,1092,253,300,281,36,44,264,277,1404,312,1098,295,306,170
1400000US36061015601,"Census Tract 156.01, New York County, New York",Manhattan,2794,280,736,192,579,162,157,110,20,32,137,105,2058,320,1524,338,534,201
1400000US36061015602,"Census Tract 156.02, New York County, New York",Manhattan,1180,196,593,151,279,126,314,161,196,124,118,106,587,157,557,158,30,39
1400000US36061015700,"Census Tract 157, New York County, New York",Manhattan,6442,880,1972,516,1571,458,401,280,178,279,223,142,4470,958,3730,976,740,398
1400000US36061015801,"Census Tract 158.01, New York County, New York",Manhattan,2526,329,1135,230,1058,234,77,59,13,21,64,56,1391,310,1123,260,268,153
1400000US36061015802,"Census Tract 158.02, New York County, New York",Manhattan,2138,450,514,102,412,103,102,58,11,18,91,58,1624,476,1345,484,279,82
1400000US36061015900,"Census Tract 159, New York County, New York",Manhattan,5169,627,2280,616,2034,580,246,193,80,96,166,167,2889,463,2550,460,339,182
1400000US36061016001,"Census Tract 160.01, New York County, New York",Manhattan,1534,183,960,196,881,170,79,77,0,14,79,77,574,132,520,131,54,43
1400000US36061016002,"Census Tract 160.02, New York County, New York",Manhattan,1214,211,594,181,447,94,147,167,16,22,131,165,620,140,522,144,98,37
1400000US36061016100,"Census Tract 161, New York County, New York",Manhattan,3627,675,988,179,881,191,107,96,59,59,48,77,2639,666,2285,644,354,202
1400000US36061016200,"Census Tract 162, New York County, New York",Manhattan,4596,911,2519,972,413,227,2106,971,500,344,1606,935,2077,361,1849,353,228,221
1400000US36061016300,"Census Tract 163, New York County, New York",Manhattan,3288,453,1607,406,1461,403,146,85,38,44,108,73,1681,347,1554,350,127,78
1400000US36061016400,"Census Tract 164, New York County, New York",Manhattan,3425,470,2038,487,585,222,1453,451,404,368,1049,293,1387,286,1203,298,184,131
1400000US36061016500,"Census Tract 165, New York County, New York",Manhattan,3327,309,1816,304,1612,292,204,131,58,91,146,106,1511,278,1181,237,330,182
1400000US36061016600,"Census Tract 166, New York County, New York",Manhattan,2953,315,1268,241,713,201,555,227,170,154,385,169,1685,356,1480,362,205,106
1400000US36061016700,"Census Tract 167, New York County, New York",Manhattan,3323,313,1887,277,1748,269,139,103,70,85,69,68,1436,299,1047,267,389,174
1400000US36061016800,"Census Tract 168, New York County, New York",Manhattan,1864,194,1093,192,381,136,712,157,116,74,596,158,771,170,755,171,16,25
1400000US36061016900,"Census Tract 169, New York County, New York",Manhattan,4585,518,1481,365,1203,272,278,268,0,19,278,268,3104,496,2452,492,652,311
1400000US36061017000,"Census Tract 170, New York County, New York",Manhattan,3452,295,1839,320,876,234,963,288,242,155,721,249,1613,328,1427,301,186,168
1400000US36061017100,"Census Tract 171, New York County, New York",Manhattan,4208,752,1946,702,1878,699,68,68,0,19,68,68,2262,419,1848,437,414,192
1400000US36061017200,"Census Tract 172, New York County, New York",Manhattan,2545,261,1199,328,510,190,689,292,167,142,522,259,1346,318,1215,317,131,80
1400000US36061017300,"Census Tract 173, New York County, New York",Manhattan,4590,570,2307,440,1995,484,312,238,0,19,312,238,2283,632,1967,610,316,240
1400000US36061017401,"Census Tract 174.01, New York County, New York",Manhattan,2341,205,1345,232,490,193,855,249,189,167,666,221,996,242,882,231,114,96
1400000US36061017402,"Census Tract 174.02, New York County, New York",Manhattan,1196,141,613,146,281,129,332,93,14,18,318,93,583,109,451,112,132,63
1400000US36061017500,"Census Tract 175, New York County, New York",Manhattan,4600,555,2366,481,2100,459,266,170,0,21,266,170,2234,452,2036,467,198,125
1400000US36061017700,"Census Tract 177, New York County, New York",Manhattan,4794,701,2491,830,1273,307,1218,789,796,768,422,224,2303,397,1796,367,507,246
1400000US36061017800,"Census Tract 178, New York County, New York",Manhattan,1865,333,568,153,431,144,137,77,33,37,104,60,1297,295,962,290,335,171
1400000US36061017900,"Census Tract 179, New York County, New York",Manhattan,4369,547,2036,551,1789,553,247,208,73,84,174,192,2333,390,1566,385,767,336
1400000US36061018000,"Census Tract 180, New York County, New York",Manhattan,2966,375,1791,326,623,251,1168,389,22,48,1146,377,1175,296,1046,287,129,94
1400000US36061018100,"Census Tract 181, New York County, New York",Manhattan,4210,611,1857,389,1283,365,574,290,25,38,549,292,2353,521,1989,544,364,165
1400000US36061018200,"Census Tract 182, New York County, New York",Manhattan,3074,338,1340,326,393,179,947,316,49,47,898,316,1734,365,1593,362,141,103
1400000US36061018300,"Census Tract 183, New York County, New York",Manhattan,3827,533,1838,453,1423,437,415,252,195,208,220,134,1989,474,1445,448,544,187
1400000US36061018400,"Census Tract 184, New York County, New York",Manhattan,3286,401,1930,459,634,246,1296,377,254,241,1042,296,1356,372,1204,324,152,142
1400000US36061018500,"Census Tract 185, New York County, New York",Manhattan,2832,355,1052,347,996,341,56,44,20,32,36,32,1780,301,1573,287,207,89
1400000US36061018600,"Census Tract 186, New York County, New York",Manhattan,1980,187,1282,235,438,231,844,254,0,19,844,254,698,202,647,195,51,58
1400000US36061018700,"Census Tract 187, New York County, New York",Manhattan,3668,393,2061,355,1679,393,382,185,244,142,138,121,1607,321,1238,296,369,190
1400000US36061018800,"Census Tract 188, New York County, New York",Manhattan,2520,350,790,312,391,174,399,295,120,119,279,273,1730,307,1513,296,217,115
1400000US36061018900,"Census Tract 189, New York County, New York",Manhattan,4625,471,2640,527,976,342,1664,439,395,312,1269,435,1985,418,1680,387,305,180
1400000US36061019000,"Census Tract 190, New York County, New York",Manhattan,1645,126,960,145,612,134,348,124,75,58,273,112,685,167,567,148,118,73
1400000US36061019100,"Census Tract 191, New York County, New York",Manhattan,4294,523,1639,363,1380,380,259,151,94,92,165,130,2655,545,2346,523,309,222
1400000US36061019200,"Census Tract 192, New York County, New York",Manhattan,1626,239,962,215,196,81,766,212,103,111,663,197,664,247,656,246,8,13
1400000US36061019300,"Census Tract 193, New York County, New York",Manhattan,4112,434,1846,365,920,307,926,328,199,203,727,305,2266,485,1768,456,498,243
1400000US36061019400,"Census Tract 194, New York County, New York",Manhattan,2845,328,1074,195,301,164,773,217,173,141,600,185,1771,382,1568,415,203,145
1400000US36061019500,"Census Tract 195, New York County, New York",Manhattan,3246,332,1526,257,1199,255,327,113,65,55,262,107,1720,337,1289,320,431,155
1400000US36061019600,"Census Tract 196, New York County, New York",Manhattan,1841,271,771,208,415,164,356,138,33,32,323,138,1070,257,983,250,87,71
1400000US36061019701,"Census Tract 197.01, New York County, New York",Manhattan,515,67,185,48,137,49,48,35,6,9,42,34,330,59,254,71,76,46
1400000US36061019702,"Census Tract 197.02, New York County, New York",Manhattan,1173,136,364,131,280,113,84,61,0,14,84,61,809,126,544,120,265,81
1400000US36061019800,"Census Tract 198, New York County, New York",Manhattan,1029,143,437,137,261,126,176,77,11,20,165,77,592,116,434,120,158,94
1400000US36061019900,"Census Tract 199, New York County, New York",Manhattan,3196,499,1436,449,1293,453,143,73,32,39,111,63,1760,265,1273,251,487,169
1400000US36061020000,"Census Tract 200, New York County, New York",Manhattan,1651,264,396,141,282,106,114,69,0,14,114,69,1255,255,1071,267,184,104
1400000US36061020101,"Census Tract 201.01, New York County, New York",Manhattan,337,49,150,45,106,29,44,35,12,14,32,30,187,46,106,48,81,26
1400000US36061020102,"Census Tract 201.02, New York County, New York",Manhattan,1609,190,699,161,361,137,338,130,105,73,233,128,910,167,544,151,366,107
1400000US36061020300,"Census Tract 203, New York County, New York",Manhattan,466,141,187,56,91,46,96,46,17,27,79,38,279,143,190,140,89,54
1400000US36061020500,"Census Tract 205, New York County, New York",Manhattan,1197,144,698,149,596,146,102,74,49,57,53,41,499,112,386,103,113,53
1400000US36061020600,"Census Tract 206, New York County, New York",Manhattan,1786,206,571,175,267,172,304,126,33,38,271,132,1215,178,1078,213,137,92
1400000US36061020701,"Census Tract 207.01, New York County, New York",Manhattan,1091,150,334,102,266,93,68,46,32,29,36,36,757,131,503,120,254,66
1400000US36061020800,"Census Tract 208, New York County, New York",Manhattan,2235,302,851,267,489,224,362,140,69,70,293,137,1384,278,1004,249,380,149
1400000US36061020901,"Census Tract 209.01, New York County, New York",Manhattan,1440,143,839,154,161,70,678,146,121,83,557,145,601,142,571,137,30,40
1400000US36061021000,"Census Tract 210, New York County, New York",Manhattan,3322,499,1567,384,418,179,1149,348,49,63,1100,335,1755,393,1694,388,61,71
1400000US36061021100,"Census Tract 211, New York County, New York",Manhattan,4189,628,1653,382,1108,295,545,239,54,89,491,220,2536,592,1854,554,682,234
1400000US36061021200,"Census Tract 212, New York County, New York",Manhattan,2678,280,1071,281,498,207,573,249,51,64,522,241,1607,296,1458,286,149,128
1400000US36061021303,"Census Tract 213.03, New York County, New York",Manhattan,2390,295,768,228,363,167,405,186,86,73,319,173,1622,271,1165,222,457,204
1400000US36061021400,"Census Tract 214, New York County, New York",Manhattan,2113,232,452,122,192,99,260,89,41,43,219,77,1661,257,1558,262,103,62
1400000US36061021500,"Census Tract 215, New York County, New York",Manhattan,1821,187,725,192,153,88,572,180,46,45,526,178,1096,168,841,194,255,86
1400000US36061021600,"Census Tract 216, New York County, New York",Manhattan,3361,316,1623,260,949,227,674,308,134,113,540,277,1738,320,1336,311,402,160
1400000US36061021703,"Census Tract 217.03, New York County, New York",Manhattan,0,14,0,14,0,14,0,14,0,14,0,14,0,14,0,14,0,14
1400000US36061021800,"Census Tract 218, New York County, New York",Manhattan,2971,661,1030,267,650,240,380,147,22,49,358,138,1941,650,1659,639,282,123
1400000US36061021900,"Census Tract 219, New York County, New York",Manhattan,2052,198,1042,238,184,133,858,244,53,60,805,244,1010,235,828,243,182,124
1400000US36061022000,"Census Tract 220, New York County, New York",Manhattan,3032,377,1398,305,700,224,698,223,283,176,415,246,1634,366,1432,361,202,150
1400000US36061022102,"Census Tract 221.02, New York County, New York",Manhattan,1138,182,414,138,226,113,188,91,12,22,176,84,724,143,593,149,131,85
1400000US36061022200,"Census Tract 222, New York County, New York",Manhattan,1571,195,624,145,372,121,252,142,12,19,240,141,947,192,698,149,249,126
1400000US36061022301,"Census Tract 223.01, New York County, New York",Manhattan,2610,291,1336,295,691,264,645,230,152,160,493,176,1274,237,839,229,435,204
1400000US36061022302,"Census Tract 223.02, New York County, New York",Manhattan,1294,156,510,126,253,100,257,106,27,33,230,104,784,162,626,157,158,76
1400000US36061022400,"Census Tract 224, New York County, New York",Manhattan,2766,273,1281,331,372,205,909,296,239,165,670,243,1485,278,1433,278,52,37
1400000US36061022500,"Census Tract 225, New York County, New York",Manhattan,3968,397,2278,406,1111,258,1167,408,333,182,834,400,1690,272,1404,271,286,129
1400000US36061022600,"Census Tract 226, New York County, New York",Manhattan,2210,251,1154,291,749,248,405,192,45,65,360,196,1056,246,917,240,139,97
1400000US36061022700,"Census Tract 227, New York County, New York",Manhattan,2389,199,1058,161,559,219,499,243,125,131,374,230,1331,223,1040,224,291,125
1400000US36061022800,"Census Tract 228, New York County, New York",Manhattan,2789,416,1084,303,395,176,689,299,236,211,453,223,1705,448,1543,445,162,117
1400000US36061022900,"Census Tract 229, New York County, New York",Manhattan,2976,228,1608,286,712,313,896,345,127,110,769,347,1368,224,942,236,426,139
1400000US36061023000,"Census Tract 230, New York County, New York",Manhattan,3909,430,1786,367,719,257,1067,292,137,159,930,242,2123,491,1819,437,304,250
1400000US36061023100,"Census Tract 231, New York County, New York",Manhattan,2724,271,1240,335,617,261,623,254,93,73,530,240,1484,251,1206,273,278,164
1400000US36061023200,"Census Tract 232, New York County, New York",Manhattan,3410,286,1665,340,418,264,1247,315,246,153,1001,297,1745,405,1493,418,252,163
1400000US36061023300,"Census Tract 233, New York County, New York",Manhattan,2751,287,1341,370,693,213,648,322,223,259,425,264,1410,301,835,259,575,188
1400000US36061023400,"Census Tract 234, New York County, New York",Manhattan,2463,414,1018,256,322,155,696,241,284,190,412,161,1445,493,1158,466,287,159
1400000US36061023501,"Census Tract 235.01, New York County, New York",Manhattan,2817,281,1622,305,960,302,662,246,81,79,581,242,1195,239,882,170,313,228
1400000US36061023502,"Census Tract 235.02, New York County, New York",Manhattan,867,101,336,83,141,87,195,74,53,50,142,65,531,88,483,91,48,28
1400000US36061023600,"Census Tract 236, New York County, New York",Manhattan,4594,440,2529,566,650,339,1879,512,401,252,1478,470,2065,450,1966,479,99,88
1400000US36061023700,"Census Tract 237, New York County, New York",Manhattan,2651,294,1202,249,563,176,639,224,159,111,480,204,1449,331,939,253,510,219
1400000US36061023802,"Census Tract 238.02, New York County, New York",Manhattan,1990,270,929,161,733,146,196,92,0,14,196,92,1061,297,830,283,231,121
1400000US36061023803,"Census Tract 238.03, New York County, New York",Manhattan,1632,289,698,161,529,148,169,76,15,28,154,74,934,263,851,251,83,52
1400000US36061023804,"Census Tract 238.04, New York County, New York",Manhattan,1553,258,868,199,753,193,115,108,28,46,87,102,685,221,560,226,125,77
1400000US36061023900,"Census Tract 239, New York County, New York",Manhattan,1271,138,576,126,198,93,378,134,130,96,248,101,695,155,541,175,154,84
1400000US36061024000,"Census Tract 240, New York County, New York",Manhattan,0,14,0,14,0,14,0,14,0,14,0,14,0,14,0,14,0,14
1400000US36061024100,"Census Tract 241, New York County, New York",Manhattan,3228,277,1657,373,800,273,857,318,78,89,779,294,1571,348,1238,319,333,142
1400000US36061024200,"Census Tract 242, New York County, New York",Manhattan,2037,198,1088,218,264,123,824,222,128,109,696,196,949,204,898,196,51,52
1400000US36061024301,"Census Tract 243.01, New York County, New York",Manhattan,1583,218,768,169,237,112,531,141,109,69,422,161,815,203,520,133,295,170
1400000US36061024302,"Census Tract 243.02, New York County, New York",Manhattan,2663,292,2017,301,234,133,1783,275,191,136,1592,282,646,205,646,205,0,19
1400000US36061024500,"Census Tract 245, New York County, New York",Manhattan,5442,697,2477,437,793,352,1684,446,496,347,1188,368,2965,745,2331,702,634,305
1400000US36061024700,"Census Tract 247, New York County, New York",Manhattan,2705,382,1352,289,683,231,669,243,152,103,517,223,1353,377,1117,369,236,108
1400000US36061024900,"Census Tract 249, New York County, New York",Manhattan,470,80,200,69,118,59,82,50,19,23,63,42,270,84,257,85,13,13
1400000US36061025100,"Census Tract 251, New York County, New York",Manhattan,839,114,349,81,121,43,228,84,45,40,183,84,490,113,328,91,162,92
1400000US36061025300,"Census Tract 253, New York County, New York",Manhattan,4028,371,1963,389,962,235,1001,405,45,48,956,412,2065,338,1733,344,332,119
1400000US36061025500,"Census Tract 255, New York County, New York",Manhattan,1908,243,904,292,354,183,550,271,102,117,448,278,1004,220,623,210,381,135
1400000US36061025700,"Census Tract 257, New York County, New York",Manhattan,2260,228,748,162,492,135,256,99,22,37,234,92,1512,242,1193,277,319,156
1400000US36061025900,"Census Tract 259, New York County, New York",Manhattan,1806,190,1195,232,502,139,693,209,184,109,509,193,611,146,415,128,196,94
1400000US36061026100,"Census Tract 261, New York County, New York",Manhattan,3719,337,2457,318,637,253,1820,326,270,187,1550,326,1262,303,1137,306,125,88
1400000US36061026300,"Census Tract 263, New York County, New York",Manhattan,2804,283,1653,348,577,247,1076,281,416,231,660,214,1151,325,824,283,327,186
1400000US36061026500,"Census Tract 265, New York County, New York",Manhattan,2942,359,1366,326,644,200,722,297,396,260,326,198,1576,383,1050,377,526,211
1400000US36061026700,"Census Tract 267, New York County, New York",Manhattan,591,50,433,61,231,61,202,69,40,36,162,59,158,45,131,45,27,21
1400000US36061026900,"Census Tract 269, New York County, New York",Manhattan,2470,321,1339,343,499,207,840,325,242,212,598,253,1131,281,946,290,185,155
1400000US36061027100,"Census Tract 271, New York County, New York",Manhattan,3179,274,1690,329,950,286,740,276,322,210,418,202,1489,333,1019,258,470,267
1400000US36061027300,"Census Tract 273, New York County, New York",Manhattan,3116,303,1710,268,1426,259,284,149,27,36,257,146,1406,298,1079,270,327,138
1400000US36061027500,"Census Tract 275, New York County, New York",Manhattan,1794,499,1035,539,1002,538,33,30,14,22,19,20,759,115,611,123,148,69
1400000US36061027700,"Census Tract 277, New York County, New York",Manhattan,1997,267,1142,200,336,162,806,200,21,29,785,195,855,285,584,283,271,131
1400000US36061027900,"Census Tract 279, New York County, New York",Manhattan,4302,388,2064,391,950,332,1114,297,382,218,732,284,2238,467,1818,439,420,202
1400000US36061028100,"Census Tract 281, New York County, New York",Manhattan,1459,231,700,145,626,139,74,56,10,17,64,54,759,230,609,222,150,68
1400000US36061028300,"Census Tract 283, New York County, New York",Manhattan,3239,313,1823,385,916,301,907,248,138,118,769,236,1416,299,1130,292,286,169
1400000US36061028500,"Census Tract 285, New York County, New York",Manhattan,2286,308,1497,331,474,232,1023,303,267,168,756,262,789,211,608,192,181,90
1400000US36061028700,"Census Tract 287, New York County, New York",Manhattan,1634,199,675,158,466,140,209,102,77,65,132,79,959,182,801,187,158,83
1400000US36061029100,"Census Tract 291, New York County, New York",Manhattan,3912,331,1958,375,939,295,1019,328,345,184,674,292,1954,313,1484,348,470,222
1400000US36061029300,"Census Tract 293, New York County, New York",Manhattan,2921,305,1645,417,545,252,1100,388,283,183,817,315,1276,269,1045,277,231,130
1400000US36061029500,"Census Tract 295, New York County, New York",Manhattan,3345,301,1645,279,1189,274,456,218,125,140,331,181,1700,324,1361,350,339,162
1400000US36061029700,"Census Tract 297, New York County, New York",Manhattan,0,14,0,14,0,14,0,14,0,14,0,14,0,14,0,14,0,14
1400000US36061029900,"Census Tract 299, New York County, New York",Manhattan,1399,158,763,163,330,123,433,151,36,44,397,145,636,133,601,134,35,33
1400000US36061030300,"Census Tract 303, New York County, New York",Manhattan,1629,178,631,166,352,113,279,113,103,81,176,83,998,188,676,140,322,165
1400000US36061030700,"Census Tract 307, New York County, New York",Manhattan,1835,197,846,189,572,178,274,86,74,59,200,75,989,187,871,184,118,60
1400000US36061030900,"Census Tract 309, New York County, New York",Manhattan,3355,400,2535,452,909,296,1626,391,133,138,1493,395,820,271,634,246,186,132
1400000US36061031100,"Census Tract 311, New York County, New York",Manhattan,0,14,0,14,0,14,0,14,0,14,0,14,0,14,0,14,0,14
1400000US36061031703,"Census Tract 317.03, New York County, New York",Manhattan,2353,415,1522,363,1256,338,266,149,172,132,94,71,831,354,544,327,287,154
1400000US36061031704,"Census Tract 317.04, New York County, New York",Manhattan,4683,718,2269,464,1894,478,375,235,39,68,336,222,2414,666,1659,489,755,430
1400000US36061031900,"Census Tract 319, New York County, New York",Manhattan,0,14,0,14,0,14,0,14,0,14,0,14,0,14,0,14,0,14
1400000US36081000101,"Census Tract 1.01, Queens County, New York",Queens,2381,374,1186,345,1078,340,108,80,59,70,49,40,1195,297,998,252,197,138
1400000US36081000102,"Census Tract 1.02, Queens County, New York",Queens,3371,316,1639,389,1517,397,122,88,30,53,92,69,1732,295,1143,271,589,210
1400000US36081000103,"Census Tract 1.03, Queens County, New York",Queens,21,24,16,26,16,26,0,14,0,14,0,14,5,7,5,7,0,14
1400000US36081000104,"Census Tract 1.04, Queens County, New York",Queens,26,41,26,41,26,41,0,14,0,14,0,14,0,14,0,14,0,14
1400000US36081000200,"Census Tract 2, Queens County, New York",Queens,854,172,611,177,434,167,177,76,43,39,134,67,243,83,191,71,52,46
1400000US36081000400,"Census Tract 4, Queens County, New York",Queens,1113,188,955,204,552,183,403,180,196,137,207,110,158,112,116,96,42,66
1400000US36081000600,"Census Tract 6, Queens County, New York",Queens,986,153,852,159,445,184,407,105,109,64,298,115,134,78,56,53,78,72
1400000US36081000701,"Census Tract 7.01, Queens County, New York",Queens,1690,175,848,155,766,144,82,56,22,25,60,47,842,160,541,154,301,128
1400000US36081000702,"Census Tract 7.02, Queens County, New York",Queens,1944,233,1070,250,863,221,207,141,22,37,185,139,874,228,571,209,303,126
1400000US36081000800,"Census Tract 8, Queens County, New York",Queens,1071,121,891,131,458,128,433,147,72,50,361,150,180,111,86,86,94,79
1400000US36081001000,"Census Tract 10, Queens County, New York",Queens,1139,223,1034,241,576,257,458,150,183,102,275,105,105,61,105,61,0,14
1400000US36081001200,"Census Tract 12, Queens County, New York",Queens,1250,190,934,124,615,147,319,124,137,78,182,110,316,189,168,90,148,175
1400000US36081001400,"Census Tract 14, Queens County, New York",Queens,1217,294,757,197,558,186,199,74,154,78,45,53,460,296,417,288,43,50
1400000US36081001600,"Census Tract 16, Queens County, New York",Queens,760,95,579,108,353,86,226,70,14,15,212,73,181,69,126,64,55,45
1400000US36081001800,"Census Tract 18, Queens County, New York",Queens,887,173,744,186,500,160,244,128,75,74,169,118,143,75,135,74,8,14
1400000US36081001901,"Census Tract 19.01, Queens County, New York",Queens,1031,202,361,148,283,100,78,74,43,63,35,38,670,213,469,165,201,178
1400000US36081001902,"Census Tract 19.02, Queens County, New York",Queens,4077,494,1023,344,950,332,73,81,73,81,0,19,3054,489,1937,459,1117,444
1400000US36081001903,"Census Tract 19.03, Queens County, New York",Queens,1303,191,295,96,266,92,29,36,0,14,29,36,1008,193,807,182,201,97
1400000US36081002000,"Census Tract 20, Queens County, New York",Queens,472,63,368,64,228,63,140,58,80,51,60,43,104,62,67,51,37,39
1400000US36081002200,"Census Tract 22, Queens County, New York",Queens,662,102,506,102,369,97,137,61,19,25,118,58,156,69,104,58,52,51
1400000US36081002400,"Census Tract 24, Queens County, New York",Queens,688,92,437,111,323,116,114,64,62,53,52,41,251,72,128,52,123,84
1400000US36081002500,"Census Tract 25, Queens County, New York",Queens,3363,530,1529,268,631,216,898,253,42,57,856,248,1834,525,1716,530,118,132
1400000US36081002600,"Census Tract 26, Queens County, New York",Queens,676,194,559,190,437,190,122,54,24,21,98,51,117,52,41,32,76,49
1400000US36081002800,"Census Tract 28, Queens County, New York",Queens,1108,251,669,144,384,122,285,146,126,105,159,105,439,247,423,245,16,24
1400000US36081003000,"Census Tract 30, Queens County, New York",Queens,439,97,368,95,268,114,100,75,23,30,77,64,71,59,40,47,31,41
1400000US36081003100,"Census Tract 31, Queens County, New York",Queens,885,110,292,93,207,86,85,46,53,37,32,29,593,116,413,103,180,70
1400000US36081003200,"Census Tract 32, Queens County, New York",Queens,565,106,510,117,319,126,191,71,49,37,142,64,55,36,49,34,6,10
1400000US36081003301,"Census Tract 33.01, Queens County, New York",Queens,2330,204,668,169,609,171,59,40,28,40,31,2,1662,225,1205,220,457,129
1400000US36081003302,"Census Tract 33.02, Queens County, New York",Queens,416,99,145,69,54,34,91,61,69,53,22,34,271,79,203,78,68,32
1400000US36081003400,"Census Tract 34, Queens County, New York",Queens,728,104,549,106,337,96,212,88,60,51,152,86,179,93,120,80,59,54
1400000US36081003600,"Census Tract 36, Queens County, New York",Queens,1070,237,854,196,589,188,265,110,26,34,239,113,216,146,171,137,45,55
1400000US36081003700,"Census Tract 37, Queens County, New York",Queens,0,14,0,14,0,14,0,14,0,14,0,14,0,14,0,14,0,14
1400000US36081003800,"Census Tract 38, Queens County, New York",Queens,702,90,504,93,266,101,238,78,89,68,149,51,198,58,187,59,11,19
1400000US36081003900,"Census Tract 39, Queens County, New York",Queens,519,192,315,172,118,53,197,164,65,25,132,161,204,101,134,92,70,45
1400000US36081004001,"Census Tract 40.01, Queens County, New York",Queens,670,98,519,97,334,82,185,63,27,24,158,61,151,51,91,47,60,45
1400000US36081004002,"Census Tract 40.02, Queens County, New York",Queens,545,226,470,225,368,231,102,55,38,38,64,43,75,47,51,37,24,33
1400000US36081004200,"Census Tract 42, Queens County, New York",Queens,1155,138,966,164,729,167,237,123,51,53,186,108,189,91,93,40,96,86
1400000US36081004300,"Census Tract 43, Queens County, New York",Queens,1008,151,531,142,75,54,456,142,53,44,403,130,477,139,477,139,0,14
1400000US36081004401,"Census Tract 44.01, Queens County, New York",Queens,1133,203,865,220,667,228,198,92,46,36,152,82,268,112,216,112,52,55
1400000US36081004500,"Census Tract 45, Queens County, New York",Queens,1506,207,685,167,432,157,253,108,60,59,193,92,821,193,724,190,97,67
1400000US36081004700,"Census Tract 47, Queens County, New York",Queens,1818,143,995,180,438,135,557,175,87,95,470,166,823,137,640,135,183,72
1400000US36081005000,"Census Tract 50, Queens County, New York",Queens,0,14,0,14,0,14,0,14,0,14,0,14,0,14,0,14,0,14
1400000US36081005100,"Census Tract 51, Queens County, New York",Queens,854,121,487,104,313,68,174,94,84,62,90,76,367,115,283,102,84,45
1400000US36081005200,"Census Tract 52, Queens County, New York",Queens,660,112,582,117,470,114,112,69,14,22,98,67,78,48,78,48,0,14
1400000US36081005300,"Census Tract 53, Queens County, New York",Queens,2392,369,850,191,791,188,59,47,27,34,32,34,1542,364,894,217,648,357
1400000US36081005400,"Census Tract 54, Queens County, New York",Queens,1738,271,1218,179,838,146,380,147,96,66,284,141,520,256,434,256,86,64
1400000US36081005500,"Census Tract 55, Queens County, New York",Queens,580,74,319,84,212,74,107,56,72,40,35,42,261,70,192,62,69,37
1400000US36081005700,"Census Tract 57, Queens County, New York",Queens,1825,163,718,136,485,134,233,101,79,53,154,88,1107,173,582,132,525,161
1400000US36081005800,"Census Tract 58, Queens County, New York",Queens,1899,171,1318,222,963,221,355,152,77,60,278,138,581,205,503,205,78,71
1400000US36081005900,"Census Tract 59, Queens County, New York",Queens,1847,161,747,159,455,166,292,122,91,70,201,103,1100,133,807,167,293,132
1400000US36081006100,"Census Tract 61, Queens County, New York",Queens,2856,270,1083,277,834,226,249,122,13,25,236,125,1773,254,1228,274,545,189
1400000US36081006201,"Census Tract 62.01, Queens County, New York",Queens,2936,419,1616,353,1133,360,483,188,88,66,395,179,1320,310,1311,307,9,14
1400000US36081006202,"Census Tract 62.02, Queens County, New York",Queens,2395,168,1879,267,1082,272,797,213,138,91,659,188,516,226,516,226,0,19
1400000US36081006300,"Census Tract 63, Queens County, New York",Queens,2925,382,1207,371,959,348,248,184,69,109,179,141,1718,275,1137,262,581,176
1400000US36081006501,"Census Tract 65.01, Queens County, New York",Queens,1648,234,650,230,391,197,259,144,136,122,123,80,998,164,710,139,288,91
1400000US36081006502,"Census Tract 65.02, Queens County, New York",Queens,1829,207,811,183,660,193,151,66,49,41,102,58,1018,195,710,143,308,136
1400000US36081006900,"Census Tract 69, Queens County, New York",Queens,2165,320,933,312,622,294,311,146,117,108,194,122,1232,211,748,196,484,156
1400000US36081007100,"Census Tract 71, Queens County, New York",Queens,1847,189,635,145,488,135,147,88,61,58,86,72,1212,207,823,175,389,180
1400000US36081007300,"Census Tract 73, Queens County, New York",Queens,2076,264,734,163,630,140,104,95,0,14,104,95,1342,282,1014,245,328,165
1400000US36081007500,"Census Tract 75, Queens County, New York",Queens,2591,300,1131,372,902,345,229,163,15,24,214,161,1460,266,1130,267,330,185
1400000US36081007700,"Census Tract 77, Queens County, New York",Queens,899,128,329,78,309,76,20,22,0,14,20,22,570,126,327,100,243,94
1400000US36081007900,"Census Tract 79, Queens County, New York",Queens,1381,258,685,219,598,216,87,59,25,28,62,51,696,177,520,170,176,75
1400000US36081008100,"Census Tract 81, Queens County, New York",Queens,687,100,284,83,217,79,67,34,5,8,62,34,403,85,230,71,173,77
1400000US36081008300,"Census Tract 83, Queens County, New York",Queens,963,201,443,120,309,102,134,59,14,21,120,57,520,160,416,154,104,46
1400000US36081008500,"Census Tract 85, Queens County, New York",Queens,409,101,325,109,293,108,32,33,0,14,32,33,84,47,53,40,31,32
1400000US36081008600,"Census Tract 86, Queens County, New York",Queens,980,122,747,104,490,118,257,77,74,48,183,78,233,158,184,126,49,53
1400000US36081008700,"Census Tract 87, Queens County, New York",Queens,1695,327,794,198,172,79,622,190,126,105,496,189,901,278,756,272,145,101
1400000US36081008800,"Census Tract 88, Queens County, New York",Queens,1223,182,989,168,665,187,324,120,96,58,228,104,234,111,226,111,8,13
1400000US36081009100,"Census Tract 91, Queens County, New York",Queens,1016,181,475,138,362,124,113,81,32,47,81,64,541,157,491,157,50,43
1400000US36081009400,"Census Tract 94, Queens County, New York",Queens,786,67,607,106,409,99,198,83,70,48,128,59,179,80,151,73,28,29
1400000US36081009500,"Census Tract 95, Queens County, New York",Queens,879,137,445,126,368,121,77,40,0,14,77,40,434,106,222,96,212,76
1400000US36081009600,"Census Tract 96, Queens County, New York",Queens,1002,271,831,276,617,275,214,77,65,51,149,58,171,76,112,60,59,47
1400000US36081009700,"Census Tract 97, Queens County, New York",Queens,1519,219,1023,193,698,196,325,136,195,115,130,81,496,180,282,115,214,125
1400000US36081009800,"Census Tract 98, Queens County, New York",Queens,729,91,581,110,249,89,332,92,194,69,138,66,148,69,83,56,65,53
1400000US36081009900,"Census Tract 99, Queens County, New York",Queens,0,14,0,14,0,14,0,14,0,14,0,14,0,14,0,14,0,14
1400000US36081010000,"Census Tract 100, Queens County, New York",Queens,927,241,667,145,430,146,237,89,116,78,121,69,260,212,260,212,0,14
1400000US36081010100,"Census Tract 101, Queens County, New York",Queens,1096,133,644,145,536,149,108,62,14,22,94,57,452,126,311,116,141,71
1400000US36081010200,"Census Tract 102, Queens County, New York",Queens,850,197,724,188,443,145,281,138,72,41,209,126,126,69,59,42,67,54
1400000US36081010300,"Census Tract 103, Queens County, New York",Queens,1699,238,787,176,520,152,267,156,168,144,99,73,912,228,672,202,240,99
1400000US36081010400,"Census Tract 104, Queens County, New York",Queens,1102,261,954,296,503,122,451,253,164,79,287,242,148,87,116,73,32,51
1400000US36081010500,"Census Tract 105, Queens County, New York",Queens,1851,206,1100,241,731,200,369,160,199,134,170,83,751,162,659,141,92,77
1400000US36081010600,"Census Tract 106, Queens County, New York",Queens,911,264,764,276,548,271,216,76,104,62,112,66,147,76,125,72,22,32
1400000US36081010701,"Census Tract 107.01, Queens County, New York",Queens,0,14,0,14,0,14,0,14,0,14,0,14,0,14,0,14,0,14
1400000US36081010800,"Census Tract 108, Queens County, New York",Queens,792,170,716,183,406,103,310,178,200,154,110,81,76,65,76,65,0,14
1400000US36081011000,"Census Tract 110, Queens County, New York",Queens,736,126,571,97,336,91,235,86,53,37,182,82,165,89,82,67,83,63
1400000US36081011100,"Census Tract 111, Queens County, New York",Queens,1351,159,838,190,608,167,230,111,135,97,95,78,513,146,327,131,186,85
1400000US36081011200,"Census Tract 112, Queens County, New York",Queens,857,222,690,238,315,99,375,238,300,237,75,41,167,94,133,93,34,37
1400000US36081011300,"Census Tract 113, Queens County, New York",Queens,1977,166,860,211,590,182,270,119,70,61,200,115,1117,183,666,147,451,135
1400000US36081011400,"Census Tract 114, Queens County, New York",Queens,375,85,342,91,242,102,100,75,28,42,72,61,33,47,33,47,0,14
1400000US36081011500,"Census Tract 115, Queens County, New York",Queens,1098,147,584,137,469,141,115,90,74,80,41,47,514,133,367,129,147,81
1400000US36081011600,"Census Tract 116, Queens County, New York",Queens,635,125,532,95,382,82,150,60,27,21,123,58,103,86,84,85,19,21
1400000US36081011700,"Census Tract 117, Queens County, New York",Queens,1712,203,880,150,656,149,224,101,110,80,114,64,832,200,470,148,362,155
1400000US36081011800,"Census Tract 118, Queens County, New York",Queens,936,347,813,344,460,97,353,349,79,57,274,338,123,67,83,57,40,39
1400000US36081011900,"Census Tract 119, Queens County, New York",Queens,713,83,317,76,222,63,95,59,9,12,86,58,396,67,240,67,156,52
1400000US36081012000,"Census Tract 120, Queens County, New York",Queens,650,85,481,100,308,95,173,67,45,35,128,63,169,83,149,78,20,33
1400000US36081012100,"Census Tract 121, Queens County, New York",Queens,865,98,468,101,323,92,145,57,52,35,93,54,397,84,258,72,139,74
1400000US36081012200,"Census Tract 122, Queens County, New York",Queens,699,114,613,121,403,114,210,69,107,54,103,50,86,48,65,37,21,33
1400000US36081012301,"Census Tract 123.01, Queens County, New York",Queens,1361,142,660,189,580,180,80,51,19,28,61,45,701,141,450,140,251,111
1400000US36081012400,"Census Tract 124, Queens County, New York",Queens,897,259,771,266,544,268,227,95,45,31,182,90,126,71,92,64,34,35
1400000US36081012500,"Census Tract 125, Queens County, New York",Queens,637,93,321,84,256,74,65,45,40,35,25,24,316,78,202,60,114,59
1400000US36081012601,"Census Tract 126.01, Queens County, New York",Queens,772,133,653,126,447,138,206,93,56,62,150,82,119,61,91,54,28,31
1400000US36081012602,"Census Tract 126.02, Queens County, New York",Queens,766,102,571,106,285,90,286,120,83,55,203,100,195,78,102,62,93,84
1400000US36081012800,"Census Tract 128, Queens County, New York",Queens,678,90,469,85,295,74,174,70,66,48,108,52,209,73,168,57,41,49
1400000US36081013000,"Census Tract 130, Queens County, New York",Queens,700,198,471,78,330,82,141,79,16,18,125,78,229,197,217,196,12,17
1400000US36081013200,"Census Tract 132, Queens County, New York",Queens,692,69,488,94,440,99,48,33,21,19,27,28,204,78,162,73,42,34
1400000US36081013400,"Census Tract 134, Queens County, New York",Queens,2480,158,1290,244,510,184,780,216,250,170,530,245,1190,267,943,238,247,153
1400000US36081013500,"Census Tract 135, Queens County, New York",Queens,579,95,318,95,245,84,73,47,19,14,54,48,261,75,241,76,20,18
1400000US36081013600,"Census Tract 136, Queens County, New York",Queens,871,145,476,156,313,79,163,134,16,21,147,134,395,101,350,103,45,27
1400000US36081013700,"Census Tract 137, Queens County, New York",Queens,846,113,508,118,381,87,127,96,0,14,127,96,338,79,134,63,204,75
1400000US36081013800,"Census Tract 138, Queens County, New York",Queens,1487,141,906,207,607,159,299,134,137,84,162,119,581,151,466,136,115,91
1400000US36081014000,"Census Tract 140, Queens County, New York",Queens,1495,143,918,177,674,174,244,126,71,60,173,114,577,160,483,157,94,88
1400000US36081014100,"Census Tract 141, Queens County, New York",Queens,807,168,437,180,302,173,135,65,79,56,56,40,370,75,280,67,90,41
1400000US36081014201,"Census Tract 142.01, Queens County, New York",Queens,1521,363,1142,377,812,380,330,154,150,133,180,91,379,135,348,123,31,44
1400000US36081014202,"Census Tract 142.02, Queens County, New York",Queens,663,100,488,136,312,112,176,107,17,27,159,109,175,107,128,107,47,47
1400000US36081014300,"Census Tract 143, Queens County, New York",Queens,1765,139,822,186,593,172,229,112,89,95,140,86,943,166,684,150,259,122
1400000US36081014400,"Census Tract 144, Queens County, New York",Queens,529,61,382,82,226,92,156,65,35,46,121,56,147,49,137,46,10,16
1400000US36081014500,"Census Tract 145, Queens County, New York",Queens,1062,245,509,113,373,106,136,74,67,62,69,43,553,257,283,114,270,230
1400000US36081014700,"Census Tract 147, Queens County, New York",Queens,1413,216,675,123,543,131,132,92,19,29,113,96,738,218,398,206,340,126
1400000US36081014800,"Census Tract 148, Queens County, New York",Queens,655,256,417,58,270,70,147,56,21,22,126,55,238,255,228,254,10,17
1400000US36081014900,"Census Tract 149, Queens County, New York",Queens,982,168,466,166,275,125,191,117,0,14,191,117,516,121,302,116,214,86
1400000US36081015000,"Census Tract 150, Queens County, New York",Queens,589,77,451,94,276,73,175,87,76,63,99,59,138,69,116,60,22,36
1400000US36081015100,"Census Tract 151, Queens County, New York",Queens,1228,158,674,162,564,148,110,92,53,72,57,65,554,134,405,127,149,76
1400000US36081015200,"Census Tract 152, Queens County, New York",Queens,784,154,680,161,489,143,191,104,23,25,168,99,104,58,81,51,23,26
1400000US36081015300,"Census Tract 153, Queens County, New York",Queens,944,123,369,109,309,107,60,36,6,9,54,34,575,118,388,111,187,88
1400000US36081015400,"Census Tract 154, Queens County, New York",Queens,551,59,492,60,354,71,138,52,26,21,112,52,59,38,45,30,14,22
1400000US36081015500,"Census Tract 155, Queens County, New York",Queens,886,90,416,109,332,113,84,49,0,14,84,49,470,106,386,101,84,41
1400000US36081015600,"Census Tract 156, Queens County, New York",Queens,815,74,659,105,476,101,183,65,98,58,85,55,156,82,141,80,15,24
1400000US36081015700,"Census Tract 157, Queens County, New York",Queens,717,111,274,89,168,66,106,61,18,22,88,58,443,93,343,77,100,61
1400000US36081015801,"Census Tract 158.01, Queens County, New York",Queens,1063,282,718,131,400,138,318,127,38,45,280,130,345,248,270,239,75,63
1400000US36081015802,"Census Tract 158.02, Queens County, New York",Queens,1227,161,1106,170,689,206,417,163,245,142,172,101,121,84,99,80,22,34
1400000US36081015900,"Census Tract 159, Queens County, New York",Queens,1823,165,731,176,510,159,221,124,152,113,69,55,1092,171,813,164,279,108
1400000US36081016100,"Census Tract 161, Queens County, New York",Queens,781,101,433,98,332,82,101,63,9,12,92,62,348,87,233,77,115,51
1400000US36081016300,"Census Tract 163, Queens County, New York",Queens,1720,173,1014,189,282,104,732,168,114,98,618,151,706,160,671,164,35,36
1400000US36081016400,"Census Tract 164, Queens County, New York",Queens,879,205,761,193,528,206,233,74,67,40,166,65,118,76,79,58,39,45
1400000US36081016600,"Census Tract 166, Queens County, New York",Queens,1212,221,1016,232,738,240,278,134,86,84,192,119,196,105,167,102,29,33
1400000US36081016800,"Census Tract 168, Queens County, New York",Queens,851,142,594,136,353,87,241,118,129,106,112,62,257,127,182,125,75,48
1400000US36081016900,"Census Tract 169, Queens County, New York",Queens,2626,280,1492,327,1153,301,339,137,103,72,236,114,1134,200,1008,224,126,85
1400000US36081017000,"Census Tract 170, Queens County, New York",Queens,678,88,595,85,337,106,258,64,91,47,167,63,83,54,70,46,13,21
1400000US36081017101,"Census Tract 171.01, Queens County, New York",Queens,0,14,0,14,0,14,0,14,0,14,0,14,0,14,0,14,0,14
1400000US36081017102,"Census Tract 171.02, Queens County, New York",Queens,175,156,134,153,134,153,0,14,0,14,0,14,41,56,41,56,0,14
1400000US36081017200,"Census Tract 172, Queens County, New York",Queens,627,61,457,90,268,85,189,81,8,14,181,83,170,77,170,77,0,14
1400000US36081017400,"Census Tract 174, Queens County, New York",Queens,728,111,651,130,391,139,260,83,147,64,113,62,77,52,47,45,30,33
1400000US36081017600,"Census Tract 176, Queens County, New York",Queens,643,104,553,103,321,107,232,75,53,39,179,76,90,47,84,46,6,9
1400000US36081017800,"Census Tract 178, Queens County, New York",Queens,581,142,512,147,320,155,192,61,74,44,118,54,69,50,60,49,9,13
1400000US36081017901,"Census Tract 179.01, Queens County, New York",Queens,451,54,221,61,173,69,48,34,8,13,40,34,230,58,170,63,60,54
1400000US36081017902,"Census Tract 179.02, Queens County, New York",Queens,0,14,0,14,0,14,0,14,0,14,0,14,0,14,0,14,0,14
1400000US36081018000,"Census Tract 180, Queens County, New York",Queens,392,82,362,84,248,98,114,46,39,35,75,37,30,28,14,16,16,23
1400000US36081018101,"Census Tract 181.01, Queens County, New York",Queens,1806,225,767,240,308,110,459,223,256,204,203,112,1039,164,713,177,326,136
1400000US36081018102,"Census Tract 181.02, Queens County, New York",Queens,1799,125,857,134,714,127,143,62,38,34,105,63,942,140,769,131,173,57
1400000US36081018200,"Census Tract 182, Queens County, New York",Queens,748,96,635,99,363,94,272,89,82,53,190,73,113,66,109,65,4,7
1400000US36081018300,"Census Tract 183, Queens County, New York",Queens,2331,152,942,185,735,182,207,106,63,69,144,85,1389,182,1232,197,157,106
1400000US36081018401,"Census Tract 184.01, Queens County, New York",Queens,723,82,548,105,309,102,239,90,139,64,100,71,175,66,153,55,22,35
1400000US36081018402,"Census Tract 184.02, Queens County, New York",Queens,682,115,554,78,263,84,291,92,107,61,184,77,128,90,122,90,6,9
1400000US36081018501,"Census Tract 185.01, Queens County, New York",Queens,1759,134,846,167,573,140,273,101,87,71,186,74,913,137,647,124,266,94
1400000US36081018502,"Census Tract 185.02, Queens County, New York",Queens,1577,184,661,161,550,154,111,69,30,30,81,57,916,186,614,147,302,115
1400000US36081018600,"Census Tract 186, Queens County, New York",Queens,563,83,447,90,199,94,248,83,73,49,175,80,116,66,82,62,34,33
1400000US36081018700,"Census Tract 187, Queens County, New York",Queens,986,126,594,138,380,96,214,114,31,32,183,102,392,121,258,111,134,92
1400000US36081018800,"Census Tract 188, Queens County, New York",Queens,396,65,297,53,158,61,139,55,36,28,103,50,99,49,91,48,8,11
1400000US36081018900,"Census Tract 189, Queens County, New York",Queens,1374,265,837,251,616,252,221,95,77,69,144,87,537,132,376,114,161,71
1400000US36081019000,"Census Tract 190, Queens County, New York",Queens,846,156,756,146,470,131,286,111,96,40,190,106,90,68,77,65,13,21
1400000US36081019200,"Census Tract 192, Queens County, New York",Queens,683,85,591,95,330,82,261,92,98,66,163,77,92,58,92,58,0,14
1400000US36081019400,"Census Tract 194, Queens County, New York",Queens,887,94,732,89,368,99,364,86,94,50,270,79,155,59,103,51,52,40
1400000US36081019600,"Census Tract 196, Queens County, New York",Queens,906,143,744,136,291,75,453,140,133,60,320,144,162,64,141,65,21,24
1400000US36081019800,"Census Tract 198, Queens County, New York",Queens,1008,165,817,137,543,133,274,124,85,69,189,102,191,151,136,119,55,65
1400000US36081019901,"Census Tract 199.01, Queens County, New York",Queens,114,53,58,42,47,44,11,13,6,10,5,8,56,42,56,42,0,14
1400000US36081019902,"Census Tract 199.02, Queens County, New York",Queens,8,12,0,14,0,14,0,14,0,14,0,14,8,12,8,12,0,14
1400000US36081019903,"Census Tract 199.03, Queens County, New York",Queens,0,14,0,14,0,14,0,14,0,14,0,14,0,14,0,14,0,14
1400000US36081020200,"Census Tract 202, Queens County, New York",Queens,426,98,333,65,180,73,153,64,18,23,135,60,93,77,19,16,74,77
1400000US36081020400,"Census Tract 204, Queens County, New York",Queens,685,159,393,81,242,71,151,59,47,34,104,47,292,151,265,148,27,30
1400000US36081020500,"Census Tract 205, Queens County, New York",Queens,430,87,341,90,260,88,81,44,40,30,41,37,89,47,77,45,12,16
1400000US36081020600,"Census Tract 206, Queens County, New York",Queens,462,64,395,68,286,77,109,49,53,36,56,36,67,48,38,40,29,31
1400000US36081020800,"Census Tract 208, Queens County, New York",Queens,1388,209,998,222,554,217,444,146,64,54,380,148,390,141,316,143,74,69
1400000US36081021200,"Census Tract 212, Queens County, New York",Queens,674,127,497,123,259,114,238,64,72,38,166,57,177,75,83,49,94,59
1400000US36081021400,"Census Tract 214, Queens County, New York",Queens,2280,282,1222,329,754,199,468,284,85,59,383,282,1058,223,940,223,118,89
1400000US36081021601,"Census Tract 216.01, Queens County, New York",Queens,1412,228,561,164,452,133,109,78,58,56,51,60,851,217,631,212,220,131
1400000US36081021602,"Census Tract 216.02, Queens County, New York",Queens,535,139,366,118,235,84,131,102,13,24,118,102,169,93,138,92,31,26
1400000US36081021603,"Census Tract 216.03, Queens County, New York",Queens,0,14,0,14,0,14,0,14,0,14,0,14,0,14,0,14,0,14
1400000US36081021900,"Census Tract 219, Queens County, New York",Queens,0,14,0,14,0,14,0,14,0,14,0,14,0,14,0,14,0,14
1400000US36081022001,"Census Tract 220.01, Queens County, New York",Queens,2660,287,1495,289,964,286,531,236,156,145,375,193,1165,256,905,256,260,114
1400000US36081022002,"Census Tract 220.02, Queens County, New York",Queens,2702,263,1444,304,1135,320,309,138,104,79,205,116,1258,245,1099,215,159,123
1400000US36081022900,"Census Tract 229, Queens County, New York",Queens,0,14,0,14,0,14,0,14,0,14,0,14,0,14,0,14,0,14
1400000US36081023000,"Census Tract 230, Queens County, New York",Queens,571,75,453,85,388,95,65,43,27,24,38,39,118,55,89,43,29,35
1400000US36081023200,"Census Tract 232, Queens County, New York",Queens,1903,349,997,255,697,249,300,132,53,68,247,113,906,311,879,313,27,34
1400000US36081023501,"Census Tract 235.01, Queens County, New York",Queens,1575,382,729,171,414,154,315,157,160,112,155,115,846,375,765,372,81,64
1400000US36081023502,"Census Tract 235.02, Queens County, New York",Queens,1181,163,607,194,273,129,334,136,61,48,273,129,574,96,451,114,123,74
1400000US36081023600,"Census Tract 236, Queens County, New York",Queens,1184,123,742,144,423,125,319,131,203,124,116,66,442,129,312,124,130,78
1400000US36081023800,"Census Tract 238, Queens County, New York",Queens,1517,209,1127,190,639,169,488,135,226,111,262,120,390,134,320,123,70,50
1400000US36081024000,"Census Tract 240, Queens County, New York",Queens,2215,343,1485,354,858,337,627,228,241,171,386,168,730,204,704,202,26,43
1400000US36081024300,"Census Tract 243, Queens County, New York",Queens,2344,421,1502,362,1106,359,396,116,154,82,242,92,842,292,769,291,73,75
1400000US36081024500,"Census Tract 245, Queens County, New York",Queens,2198,204,1139,230,897,233,242,168,102,84,140,130,1059,244,967,244,92,76
1400000US36081024600,"Census Tract 246, Queens County, New York",Queens,0,14,0,14,0,14,0,14,0,14,0,14,0,14,0,14,0,14
1400000US36081024700,"Census Tract 247, Queens County, New York",Queens,480,35,312,76,239,69,73,46,53,40,20,27,168,75,106,65,62,57
1400000US36081024900,"Census Tract 249, Queens County, New York",Queens,2118,302,1212,355,798,200,414,325,116,105,298,284,906,248,715,250,191,85
1400000US36081025100,"Census Tract 251, Queens County, New York",Queens,2535,255,1292,309,829,268,463,253,216,162,247,205,1243,212,1155,218,88,84
1400000US36081025301,"Census Tract 253.01, Queens County, New York",Queens,1771,167,744,142,494,114,250,136,156,124,94,81,1027,210,788,189,239,123
1400000US36081025302,"Census Tract 253.02, Queens County, New York",Queens,1267,155,593,175,184,94,409,164,197,171,212,63,674,143,525,148,149,97
1400000US36081025401,"Census Tract 254.01, Queens County, New York",Queens,997,227,914,237,431,174,483,218,148,81,335,194,83,78,57,71,26,42
1400000US36081025402,"Census Tract 254.02, Queens County, New York",Queens,2154,232,1441,325,646,199,795,295,204,180,591,220,713,227,691,231,22,38
1400000US36081025500,"Census Tract 255, Queens County, New York",Queens,494,62,300,70,233,65,67,48,7,12,60,49,194,83,153,82,41,30
1400000US36081025700,"Census Tract 257, Queens County, New York",Queens,595,88,352,98,263,87,89,61,5,8,84,60,243,69,170,64,73,62
1400000US36081025800,"Census Tract 258, Queens County, New York",Queens,586,89,523,106,312,68,211,98,82,44,129,88,63,44,28,29,35,38
1400000US36081025900,"Census Tract 259, Queens County, New York",Queens,1377,200,760,196,521,199,239,95,103,89,136,70,617,181,418,160,199,99
1400000US36081026000,"Census Tract 260, Queens County, New York",Queens,745,103,569,123,220,88,349,92,64,51,285,81,176,70,135,61,41,41
1400000US36081026100,"Census Tract 261, Queens County, New York",Queens,2488,306,1584,374,993,275,591,302,41,50,550,296,904,282,648,266,256,117
1400000US36081026200,"Census Tract 262, Queens County, New York",Queens,402,101,339,104,262,108,77,41,44,33,33,27,63,41,56,39,7,11
1400000US36081026300,"Census Tract 263, Queens County, New York",Queens,2113,557,1157,456,995,446,162,96,96,81,66,61,956,357,684,344,272,177
1400000US36081026400,"Census Tract 264, Queens County, New York",Queens,845,115,561,119,350,111,211,67,125,60,86,45,284,72,253,73,31,28
1400000US36081026501,"Census Tract 265.01, Queens County, New York",Queens,1151,192,615,130,371,113,244,115,94,62,150,106,536,195,407,185,129,83
1400000US36081026502,"Census Tract 265.02, Queens County, New York",Queens,420,81,282,86,156,82,126,52,107,52,19,24,138,66,100,49,38,48
1400000US36081026600,"Census Tract 266, Queens County, New York",Queens,724,104,449,112,273,103,176,78,0,14,176,78,275,75,270,75,5,8
1400000US36081026700,"Census Tract 267, Queens County, New York",Queens,2474,430,1382,218,779,310,603,236,281,268,322,180,1092,438,891,411,201,127
1400000US36081026901,"Census Tract 269.01, Queens County, New York",Queens,1522,104,1038,161,681,161,357,159,111,94,246,139,484,130,386,117,98,78
1400000US36081026902,"Census Tract 269.02, Queens County, New York",Queens,1483,280,956,225,608,207,348,108,98,61,250,109,527,218,189,103,338,214
1400000US36081027000,"Census Tract 270, Queens County, New York",Queens,491,71,431,86,185,69,246,95,113,86,133,72,60,41,41,31,19,28
1400000US36081027101,"Census Tract 271.01, Queens County, New York",Queens,1813,459,1093,132,776,128,317,137,132,89,185,117,720,478,597,466,123,91
1400000US36081027102,"Census Tract 271.02, Queens County, New York",Queens,973,228,651,92,344,129,307,116,161,90,146,77,322,244,263,245,59,57
1400000US36081027200,"Census Tract 272, Queens County, New York",Queens,562,99,480,109,168,85,312,100,39,43,273,90,82,58,34,40,48,49
1400000US36081027301,"Census Tract 273.01, Queens County, New York",Queens,911,222,796,228,403,114,393,235,77,62,316,208,115,60,27,30,88,51
1400000US36081027302,"Census Tract 273.02, Queens County, New York",Queens,1350,152,1058,168,596,173,462,172,276,137,186,127,292,115,234,109,58,56
1400000US36081027400,"Census Tract 274, Queens County, New York",Queens,663,171,431,121,236,86,195,92,33,31,162,94,232,136,189,138,43,33
1400000US36081027500,"Census Tract 275, Queens County, New York",Queens,2335,363,1476,297,1161,303,315,218,188,192,127,116,859,309,532,241,327,236
1400000US36081027600,"Census Tract 276, Queens County, New York",Queens,385,78,318,77,135,62,183,63,55,47,128,58,67,42,60,42,7,10
1400000US36081027701,"Census Tract 277.01, Queens County, New York",Queens,1216,202,837,238,617,262,220,153,90,97,130,125,379,196,313,201,66,62
1400000US36081027702,"Census Tract 277.02, Queens County, New York",Queens,1551,305,860,325,554,307,306,130,156,100,150,86,691,150,547,147,144,92
1400000US36081027800,"Census Tract 278, Queens County, New York",Queens,873,127,636,108,224,91,412,84,62,49,350,77,237,107,217,96,20,19
1400000US36081027900,"Census Tract 279, Queens County, New York",Queens,2404,305,1946,323,1251,373,695,272,241,176,454,236,458,175,204,128,254,140
1400000US36081028000,"Census Tract 280, Queens County, New York",Queens,556,76,380,70,199,61,181,66,7,11,174,66,176,72,156,71,20,24
1400000US36081028100,"Census Tract 281, Queens County, New York",Queens,2495,274,1719,235,874,253,845,276,369,202,476,195,776,211,707,199,69,71
1400000US36081028200,"Census Tract 282, Queens County, New York",Queens,562,113,506,115,241,67,265,121,70,55,195,115,56,43,47,41,9,14
1400000US36081028300,"Census Tract 283, Queens County, New York",Queens,3318,328,1740,299,972,254,768,271,225,186,543,182,1578,379,1069,330,509,277
1400000US36081028400,"Census Tract 284, Queens County, New York",Queens,1127,202,796,187,320,146,476,160,154,99,322,164,331,190,287,186,44,61
1400000US36081028500,"Census Tract 285, Queens County, New York",Queens,2195,227,1237,224,979,258,258,133,51,58,207,119,958,241,846,252,112,85
1400000US36081028700,"Census Tract 287, Queens County, New York",Queens,3010,461,1625,306,1145,322,480,188,123,110,357,161,1385,445,1121,417,264,136
1400000US36081028801,"Census Tract 288.01, Queens County, New York",Queens,829,114,687,134,194,66,493,138,41,34,452,132,142,76,124,74,18,21
1400000US36081028802,"Census Tract 288.02, Queens County, New York",Queens,617,120,402,95,200,82,202,68,29,31,173,72,215,112,143,102,72,53
1400000US36081028803,"Census Tract 288.03, Queens County, New York",Queens,0,14,0,14,0,14,0,14,0,14,0,14,0,14,0,14,0,14
1400000US36081028900,"Census Tract 289, Queens County, New York",Queens,2067,221,1088,281,714,262,374,158,0,14,374,158,979,175,803,177,176,92
1400000US36081029100,"Census Tract 291, Queens County, New York",Queens,2555,434,1790,405,1328,404,462,184,112,103,350,161,765,315,698,309,67,62
1400000US36081029300,"Census Tract 293, Queens County, New York",Queens,414,82,295,90,163,52,132,92,34,34,98,81,119,53,104,52,15,17
1400000US36081029400,"Census Tract 294, Queens County, New York",Queens,2630,342,1987,381,1111,360,876,239,110,97,766,239,643,264,621,266,22,36
1400000US36081029500,"Census Tract 295, Queens County, New York",Queens,1871,380,844,219,602,216,242,106,52,42,190,96,1027,332,943,334,84,55
1400000US36081029700,"Census Tract 297, Queens County, New York",Queens,718,86,551,79,376,75,175,73,94,48,81,54,167,61,119,55,48,30
1400000US36081029900,"Census Tract 299, Queens County, New York",Queens,0,14,0,14,0,14,0,14,0,14,0,14,0,14,0,14,0,14
1400000US36081030600,"Census Tract 306, Queens County, New York",Queens,1451,180,1133,198,744,206,389,127,148,78,241,101,318,115,285,114,33,44
1400000US36081030903,"Census Tract 309.03, Queens County, New York",Queens,1736,214,1167,206,830,210,337,194,197,163,140,99,569,228,446,239,123,107
1400000US36081030904,"Census Tract 309.04, Queens County, New York",Queens,1200,243,805,230,570,224,235,101,141,73,94,75,395,193,361,178,34,37
1400000US36081030905,"Census Tract 309.05, Queens County, New York",Queens,1225,247,857,255,646,251,211,147,29,21,182,145,368,135,243,115,125,90
1400000US36081030906,"Census Tract 309.06, Queens County, New York",Queens,1385,152,1072,176,823,183,249,122,61,61,188,109,313,132,201,104,112,87
1400000US36081031700,"Census Tract 317, Queens County, New York",Queens,2338,391,1319,316,739,235,580,210,242,182,338,136,1019,347,583,264,436,291
1400000US36081032000,"Census Tract 320, Queens County, New York",Queens,1323,169,1061,186,505,188,556,168,110,104,446,144,262,143,231,140,31,30
1400000US36081032700,"Census Tract 327, Queens County, New York",Queens,1068,145,858,151,524,131,334,153,194,123,140,98,210,77,178,86,32,47
1400000US36081032800,"Census Tract 328, Queens County, New York",Queens,910,118,703,112,332,124,371,98,118,58,253,77,207,67,207,67,0,14
1400000US36081032900,"Census Tract 329, Queens County, New York",Queens,1174,207,992,220,707,203,285,137,24,30,261,131,182,96,64,50,118,98
1400000US36081033000,"Census Tract 330, Queens County, New York",Queens,2117,219,1598,283,738,190,860,243,189,136,671,199,519,199,369,167,150,112
1400000US36081033100,"Census Tract 331, Queens County, New York",Queens,0,14,0,14,0,14,0,14,0,14,0,14,0,14,0,14,0,14
1400000US36081033401,"Census Tract 334.01, Queens County, New York",Queens,1531,158,1030,182,310,102,720,181,0,14,720,181,501,160,492,158,9,14
1400000US36081033403,"Census Tract 334.03, Queens County, New York",Queens,2276,161,1099,274,381,179,718,240,172,146,546,212,1177,290,1121,289,56,67
1400000US36081033404,"Census Tract 334.04, Queens County, New York",Queens,2749,490,1726,545,503,202,1223,538,187,152,1036,526,1023,210,1023,210,0,19
1400000US36081033405,"Census Tract 334.05, Queens County, New York",Queens,1645,192,1065,283,678,273,387,166,187,94,200,142,580,198,571,197,9,15
1400000US36081033700,"Census Tract 337, Queens County, New York",Queens,870,201,656,147,415,149,241,104,105,67,136,95,214,182,168,177,46,60
1400000US36081033900,"Census Tract 339, Queens County, New York",Queens,1240,209,938,217,602,187,336,161,153,79,183,143,302,109,285,106,17,28
1400000US36081034700,"Census Tract 347, Queens County, New York",Queens,1025,151,858,68,471,123,387,135,125,89,262,120,167,144,72,78,95,117
1400000US36081035100,"Census Tract 351, Queens County, New York",Queens,1450,167,978,188,490,103,488,201,140,97,348,177,472,151,368,136,104,92
1400000US36081035200,"Census Tract 352, Queens County, New York",Queens,784,121,643,118,326,113,317,101,124,68,193,82,141,77,95,69,46,42
1400000US36081035300,"Census Tract 353, Queens County, New York",Queens,766,265,472,70,288,77,184,71,81,55,103,69,294,266,86,58,208,253
1400000US36081035700,"Census Tract 357, Queens County, New York",Queens,1209,225,882,237,317,121,565,216,231,205,334,122,327,126,269,120,58,59
1400000US36081035800,"Census Tract 358, Queens County, New York",Queens,1315,164,1021,181,481,152,540,184,85,86,455,149,294,117,192,104,102,60
1400000US36081036100,"Census Tract 361, Queens County, New York",Queens,768,118,572,125,205,104,367,90,171,82,196,67,196,78,140,72,56,56
1400000US36081036300,"Census Tract 363, Queens County, New York",Queens,644,71,451,75,238,77,213,58,44,38,169,64,193,82,115,56,78,62
1400000US36081036500,"Census Tract 365, Queens County, New York",Queens,957,165,734,171,284,119,450,160,172,102,278,117,223,113,182,103,41,43
1400000US36081036600,"Census Tract 366, Queens County, New York",Queens,1078,113,724,155,366,170,358,113,76,76,282,107,354,138,281,113,73,76
1400000US36081036700,"Census Tract 367, Queens County, New York",Queens,810,116,725,123,456,144,269,77,57,40,212,68,85,51,26,25,59,45
1400000US36081036800,"Census Tract 368, Queens County, New York",Queens,804,75,648,93,235,102,413,107,59,37,354,110,156,77,129,75,27,35
1400000US36081037100,"Census Tract 371, Queens County, New York",Queens,607,196,326,49,182,52,144,57,33,31,111,58,281,190,219,187,62,42
1400000US36081037300,"Census Tract 373, Queens County, New York",Queens,687,82,484,106,329,103,155,69,38,26,117,67,203,88,188,83,15,24
1400000US36081037501,"Census Tract 375.01, Queens County, New York",Queens,346,39,271,78,124,67,147,75,115,69,32,38,75,63,11,18,64,62
1400000US36081037502,"Census Tract 375.02, Queens County, New York",Queens,694,90,506,117,304,81,202,102,45,40,157,96,188,69,168,64,20,26
1400000US36081037600,"Census Tract 376, Queens County, New York",Queens,1954,169,1554,226,582,190,972,248,65,75,907,242,400,167,383,164,17,27
1400000US36081037700,"Census Tract 377, Queens County, New York",Queens,857,121,620,151,352,153,268,135,143,103,125,93,237,112,134,100,103,90
1400000US36081037900,"Census Tract 379, Queens County, New York",Queens,1468,206,1331,208,436,140,895,226,434,164,461,172,137,77,98,69,39,48
1400000US36081038100,"Census Tract 381, Queens County, New York",Queens,1762,164,1381,149,762,205,619,190,253,126,366,148,381,132,234,79,147,112
1400000US36081038301,"Census Tract 383.01, Queens County, New York",Queens,0,14,0,14,0,14,0,14,0,14,0,14,0,14,0,14,0,14
1400000US36081038302,"Census Tract 383.02, Queens County, New York",Queens,0,14,0,14,0,14,0,14,0,14,0,14,0,14,0,14,0,14
1400000US36081038400,"Census Tract 384, Queens County, New York",Queens,879,120,678,139,236,84,442,138,126,115,316,79,201,65,193,64,8,12
1400000US36081039400,"Census Tract 394, Queens County, New York",Queens,950,84,783,107,364,95,419,104,72,54,347,102,167,74,124,68,43,29
1400000US36081039800,"Census Tract 398, Queens County, New York",Queens,515,71,375,71,217,78,158,55,22,32,136,43,140,55,140,55,0,14
1400000US36081039901,"Census Tract 399.01, Queens County, New York",Queens,523,72,481,83,327,92,154,82,109,71,45,49,42,39,42,39,0,14
1400000US36081039902,"Census Tract 399.02, Queens County, New York",Queens,407,93,302,97,136,67,166,71,98,66,68,51,105,58,56,48,49,34
1400000US36081040000,"Census Tract 400, Queens County, New York",Queens,467,104,363,97,217,76,146,57,37,41,109,50,104,65,104,65,0,14
1400000US36081040101,"Census Tract 401.01, Queens County, New York",Queens,658,102,510,110,302,110,208,90,144,86,64,44,148,63,97,55,51,35
1400000US36081040102,"Census Tract 401.02, Queens County, New York",Queens,1102,210,784,165,357,167,427,176,59,62,368,183,318,169,57,73,261,156
1400000US36081040200,"Census Tract 402, Queens County, New York",Queens,502,94,427,102,148,68,279,89,76,40,203,89,75,39,60,34,15,23
1400000US36081040301,"Census Tract 403.01, Queens County, New York",Queens,881,304,701,293,245,97,456,303,323,302,133,79,180,130,126,124,54,43
1400000US36081040302,"Census Tract 403.02, Queens County, New York",Queens,1088,132,885,163,491,135,394,148,187,126,207,95,203,135,168,124,35,55
1400000US36081040400,"Census Tract 404, Queens County, New York",Queens,1357,203,910,156,483,138,427,154,23,25,404,156,447,220,399,210,48,47
1400000US36081040501,"Census Tract 405.01, Queens County, New York",Queens,250,102,180,65,131,58,49,38,7,10,42,37,70,95,15,16,55,94
1400000US36081040502,"Census Tract 405.02, Queens County, New York",Queens,506,111,298,63,153,55,145,54,66,42,79,43,208,111,128,58,80,101
1400000US36081040701,"Census Tract 407.01, Queens County, New York",Queens,777,147,497,152,245,124,252,116,104,74,148,98,280,130,149,84,131,108
1400000US36081040702,"Census Tract 407.02, Queens County, New York",Queens,1074,138,897,173,342,155,555,152,363,147,192,84,177,112,106,92,71,72
1400000US36081040901,"Census Tract 409.01, Queens County, New York",Queens,445,106,412,105,253,115,159,64,82,60,77,50,33,35,33,35,0,14
1400000US36081040902,"Census Tract 409.02, Queens County, New York",Queens,780,114,474,106,301,97,173,84,37,37,136,77,306,117,133,74,173,97
1400000US36081041100,"Census Tract 411, Queens County, New York",Queens,1225,430,931,349,668,352,263,135,143,116,120,72,294,290,177,277,117,96
1400000US36081041300,"Census Tract 413, Queens County, New York",Queens,1059,124,886,153,418,173,468,175,161,116,307,138,173,110,72,56,101,96
1400000US36081041400,"Census Tract 414, Queens County, New York",Queens,1390,213,1240,220,718,234,522,162,243,138,279,119,150,85,150,85,0,14
1400000US36081041500,"Census Tract 415, Queens County, New York",Queens,1315,421,1120,397,455,138,665,408,511,388,154,131,195,178,156,178,39,39
1400000US36081042400,"Census Tract 424, Queens County, New York",Queens,864,124,681,128,461,143,220,69,54,34,166,63,183,93,96,54,87,68
1400000US36081042600,"Census Tract 426, Queens County, New York",Queens,0,14,0,14,0,14,0,14,0,14,0,14,0,14,0,14,0,14
1400000US36081042700,"Census Tract 427, Queens County, New York",Queens,1498,348,1145,374,589,198,556,306,97,90,459,305,353,178,237,157,116,101
1400000US36081043200,"Census Tract 432, Queens County, New York",Queens,363,57,290,56,177,62,113,52,16,20,97,50,73,43,53,38,20,30
1400000US36081043400,"Census Tract 434, Queens County, New York",Queens,559,116,420,77,217,69,203,85,39,39,164,81,139,92,132,95,7,11
1400000US36081043701,"Census Tract 437.01, Queens County, New York",Queens,828,99,581,126,242,94,339,105,80,62,259,95,247,85,164,90,83,54
1400000US36081043702,"Census Tract 437.02, Queens County, New York",Queens,2170,174,1579,246,1017,225,562,194,282,131,280,120,591,230,519,223,72,86
1400000US36081043900,"Census Tract 439, Queens County, New York",Queens,1114,140,911,146,295,117,616,169,321,148,295,114,203,80,139,82,64,67
1400000US36081044000,"Census Tract 440, Queens County, New York",Queens,1099,187,903,184,497,129,406,168,159,105,247,132,196,107,161,97,35,41
1400000US36081044301,"Census Tract 443.01, Queens County, New York",Queens,1377,163,882,163,467,166,415,139,134,93,281,126,495,141,424,143,71,78
1400000US36081044302,"Census Tract 443.02, Queens County, New York",Queens,1473,131,979,153,822,159,157,80,52,57,105,69,494,150,389,117,105,89
1400000US36081044400,"Census Tract 444, Queens County, New York",Queens,1436,176,949,209,530,172,419,122,75,56,344,112,487,156,458,151,29,37
1400000US36081044601,"Census Tract 446.01, Queens County, New York",Queens,1218,145,742,109,411,131,331,113,88,79,243,88,476,143,475,143,1,2
1400000US36081044602,"Census Tract 446.02, Queens County, New York",Queens,1544,350,1090,344,751,330,339,112,84,56,255,111,454,137,401,122,53,42
1400000US36081044800,"Census Tract 448, Queens County, New York",Queens,933,210,556,103,395,103,161,72,36,31,125,66,377,224,346,224,31,35
1400000US36081045000,"Census Tract 450, Queens County, New York",Queens,803,353,676,364,575,365,101,57,29,42,72,42,127,59,121,60,6,9
1400000US36081045200,"Census Tract 452, Queens County, New York",Queens,174,75,129,67,99,57,30,34,6,8,24,33,45,30,30,22,15,25
1400000US36081045400,"Census Tract 454, Queens County, New York",Queens,1752,351,1349,371,783,246,566,324,229,213,337,266,403,144,363,135,40,60
1400000US36081045500,"Census Tract 455, Queens County, New York",Queens,4493,358,3320,510,1666,522,1654,424,710,296,944,331,1173,391,1081,373,92,113
1400000US36081045600,"Census Tract 456, Queens County, New York",Queens,408,141,372,147,323,158,49,30,8,10,41,31,36,28,20,21,16,21
1400000US36081045700,"Census Tract 457, Queens County, New York",Queens,1173,205,923,225,497,217,426,163,191,138,235,109,250,116,109,61,141,116
1400000US36081045800,"Census Tract 458, Queens County, New York",Queens,685,96,567,102,430,108,137,66,27,22,110,62,118,59,89,52,29,34
1400000US36081045900,"Census Tract 459, Queens County, New York",Queens,1091,159,685,154,556,169,129,68,50,53,79,85,406,87,272,75,134,81
1400000US36081046000,"Census Tract 460, Queens County, New York",Queens,1871,198,1417,238,974,200,443,182,191,157,252,136,454,147,418,144,36,36
1400000US36081046100,"Census Tract 461, Queens County, New York",Queens,690,92,549,95,376,81,173,68,92,46,81,53,141,67,118,60,23,22
1400000US36081046200,"Census Tract 462, Queens County, New York",Queens,2043,350,1472,382,1127,368,345,154,182,109,163,115,571,202,534,204,37,44
1400000US36081046300,"Census Tract 463, Queens County, New York",Queens,1071,122,843,154,465,139,378,135,95,68,283,123,228,89,151,82,77,64
1400000US36081046400,"Census Tract 464, Queens County, New York",Queens,525,79,428,81,336,91,92,46,4,7,88,45,97,42,92,43,5,9
1400000US36081046500,"Census Tract 465, Queens County, New York",Queens,989,102,645,198,380,270,265,114,96,50,169,91,344,208,248,230,96,64
1400000US36081046600,"Census Tract 466, Queens County, New York",Queens,1433,132,815,170,551,125,264,149,136,96,128,115,618,153,508,146,110,72
1400000US36081046700,"Census Tract 467, Queens County, New York",Queens,1970,252,1334,308,966,267,368,197,62,68,306,196,636,212,388,171,248,165
1400000US36081046800,"Census Tract 468, Queens County, New York",Queens,997,129,825,130,465,124,360,108,118,82,242,103,172,85,161,88,11,20
1400000US36081046901,"Census Tract 469.01, Queens County, New York",Queens,1347,201,996,173,659,187,337,126,245,113,92,56,351,180,281,174,70,63
1400000US36081046902,"Census Tract 469.02, Queens County, New York",Queens,1078,111,897,110,355,127,542,130,162,89,380,137,181,106,130,97,51,56
1400000US36081047000,"Census Tract 470, Queens County, New York",Queens,990,258,830,261,517,93,313,273,84,43,229,266,160,76,98,68,62,53
1400000US36081047100,"Census Tract 471, Queens County, New York",Queens,1484,316,1061,304,707,305,354,108,133,98,221,89,423,138,305,145,118,81
1400000US36081047200,"Census Tract 472, Queens County, New York",Queens,1295,237,942,243,718,249,224,109,100,62,124,96,353,117,284,106,69,56
1400000US36081047300,"Census Tract 473, Queens County, New York",Queens,1767,192,988,192,634,165,354,128,108,86,246,119,779,192,560,187,219,98
1400000US36081047500,"Census Tract 475, Queens County, New York",Queens,1769,244,1291,268,799,208,492,203,164,170,328,119,478,123,306,117,172,92
1400000US36081047600,"Census Tract 476, Queens County, New York",Queens,525,123,403,107,327,65,76,77,55,82,21,20,122,85,102,81,20,29
1400000US36081047801,"Census Tract 478.01, Queens County, New York",Queens,2002,373,1111,269,737,309,374,173,83,69,291,145,891,333,877,332,14,19
1400000US36081047802,"Census Tract 478.02, Queens County, New York",Queens,369,88,351,89,226,95,125,60,36,42,89,48,18,18,18,18,0,14
1400000US36081047900,"Census Tract 479, Queens County, New York",Queens,1899,246,1387,300,1076,273,311,146,144,111,167,87,512,168,345,140,167,107
1400000US36081048000,"Census Tract 480, Queens County, New York",Queens,745,139,642,144,518,147,124,70,46,46,78,55,103,56,63,37,40,42
1400000US36081048100,"Census Tract 481, Queens County, New York",Queens,1811,260,1428,255,940,240,488,176,153,118,335,140,383,127,274,124,109,64
1400000US36081048200,"Census Tract 482, Queens County, New York",Queens,413,91,318,53,258,58,60,26,10,12,50,26,95,72,60,29,35,60
1400000US36081048301,"Census Tract 483.01, Queens County, New York",Queens,769,169,572,183,333,112,239,149,75,52,164,150,197,67,141,59,56,38
1400000US36081048302,"Census Tract 483.02, Queens County, New York",Queens,654,155,310,88,257,78,53,49,34,45,19,18,344,151,281,145,63,43
1400000US36081048400,"Census Tract 484, Queens County, New York",Queens,1339,154,1155,171,748,188,407,154,121,94,286,110,184,110,174,109,10,16
1400000US36081048500,"Census Tract 485, Queens County, New York",Queens,1685,194,1224,231,920,232,304,120,161,114,143,87,461,174,342,142,119,73
1400000US36081048900,"Census Tract 489, Queens County, New York",Queens,582,214,445,230,280,224,165,60,45,35,120,62,137,65,80,52,57,51
1400000US36081049201,"Census Tract 492.01, Queens County, New York",Queens,1316,143,694,193,293,107,401,184,98,84,303,169,622,145,597,133,25,38
1400000US36081049202,"Census Tract 492.02, Queens County, New York",Queens,577,129,502,136,306,79,196,131,10,18,186,130,75,66,68,66,7,12
1400000US36081049301,"Census Tract 493.01, Queens County, New York",Queens,772,114,601,97,494,92,107,43,17,16,90,40,171,81,153,77,18,19
1400000US36081049302,"Census Tract 493.02, Queens County, New York",Queens,1018,225,623,112,348,112,275,96,159,82,116,50,395,218,351,218,44,38
1400000US36081049500,"Census Tract 495, Queens County, New York",Queens,526,97,279,92,195,72,84,53,72,50,12,17,247,86,159,70,88,53
1400000US36081049600,"Census Tract 496, Queens County, New York",Queens,867,107,760,114,555,124,205,91,96,59,109,68,107,51,98,48,9,14
1400000US36081049700,"Census Tract 497, Queens County, New York",Queens,903,185,699,191,428,121,271,159,21,25,250,158,204,111,133,88,71,84
1400000US36081049900,"Census Tract 499, Queens County, New York",Queens,1459,176,1159,181,889,187,270,107,89,59,181,103,300,108,176,83,124,80
1400000US36081050000,"Census Tract 500, Queens County, New York",Queens,1555,189,916,172,353,88,563,207,141,143,422,149,639,160,565,156,74,47
1400000US36081050201,"Census Tract 502.01, Queens County, New York",Queens,439,107,348,102,195,76,153,84,25,21,128,84,91,60,91,60,0,14
1400000US36081050202,"Census Tract 502.02, Queens County, New York",Queens,448,52,363,54,227,52,136,57,37,41,99,50,85,57,85,57,0,14
1400000US36081050400,"Census Tract 504, Queens County, New York",Queens,545,97,444,98,211,104,233,60,57,39,176,53,101,44,89,43,12,14
1400000US36081050500,"Census Tract 505, Queens County, New York",Queens,612,93,471,103,332,107,139,74,56,52,83,55,141,58,125,55,16,19
1400000US36081050600,"Census Tract 506, Queens County, New York",Queens,446,70,393,78,231,78,162,61,12,19,150,60,53,34,35,30,18,19
1400000US36081050700,"Census Tract 507, Queens County, New York",Queens,1293,194,910,197,755,197,155,83,69,58,86,66,383,122,278,123,105,70
1400000US36081050800,"Census Tract 508, Queens County, New York",Queens,667,113,479,124,177,87,302,116,133,89,169,78,188,59,169,57,19,19
1400000US36081051000,"Census Tract 510, Queens County, New York",Queens,427,57,291,68,117,41,174,71,31,32,143,63,136,74,78,50,58,66
1400000US36081051100,"Census Tract 511, Queens County, New York",Queens,840,101,667,120,535,125,132,64,10,16,122,69,173,74,166,72,7,12
1400000US36081051200,"Census Tract 512, Queens County, New York",Queens,742,93,637,102,382,110,255,82,101,66,154,72,105,71,90,68,15,16
1400000US36081051300,"Census Tract 513, Queens County, New York",Queens,811,109,576,90,438,93,138,50,54,34,84,36,235,83,224,81,11,14
1400000US36081051500,"Census Tract 515, Queens County, New York",Queens,1192,154,888,147,592,182,296,118,68,46,228,117,304,98,275,105,29,27
1400000US36081051600,"Census Tract 516, Queens County, New York",Queens,606,104,525,110,293,127,232,89,58,46,174,82,81,47,48,36,33,30
1400000US36081051700,"Census Tract 517, Queens County, New York",Queens,819,132,547,103,343,123,204,75,54,46,150,66,272,109,134,48,138,100
1400000US36081051800,"Census Tract 518, Queens County, New York",Queens,612,87,481,85,205,70,276,75,22,22,254,74,131,66,93,52,38,38
1400000US36081052000,"Census Tract 520, Queens County, New York",Queens,511,63,416,81,174,71,242,80,64,41,178,69,95,65,95,65,0,14
1400000US36081052100,"Census Tract 521, Queens County, New York",Queens,669,99,467,99,320,73,147,82,32,25,115,79,202,74,161,70,41,40
1400000US36081052200,"Census Tract 522, Queens County, New York",Queens,550,43,461,64,272,81,189,60,52,45,137,59,89,53,88,52,1,2
1400000US36081052400,"Census Tract 524, Queens County, New York",Queens,554,80,450,62,224,76,226,67,30,29,196,68,104,75,89,71,15,17
1400000US36081052500,"Census Tract 525, Queens County, New York",Queens,826,74,580,82,492,92,88,41,48,33,40,26,246,63,230,62,16,16
1400000US36081052600,"Census Tract 526, Queens County, New York",Queens,754,193,448,63,170,69,278,73,55,42,223,71,306,197,289,195,17,19
1400000US36081052800,"Census Tract 528, Queens County, New York",Queens,537,105,319,94,173,82,146,61,39,33,107,55,218,87,177,76,41,50
1400000US36081053000,"Census Tract 530, Queens County, New York",Queens,658,56,509,75,265,82,244,78,86,52,158,68,149,58,137,57,12,13
1400000US36081053100,"Census Tract 531, Queens County, New York",Queens,1385,197,946,218,629,212,317,152,83,63,234,140,439,158,367,145,72,84
1400000US36081053200,"Census Tract 532, Queens County, New York",Queens,620,66,516,72,252,83,264,81,35,38,229,66,104,58,76,52,28,32
1400000US36081053401,"Census Tract 534.01, Queens County, New York",Queens,599,73,463,81,258,96,205,82,39,34,166,82,136,54,114,52,22,21
1400000US36081053501,"Census Tract 535.01, Queens County, New York",Queens,513,189,319,178,270,177,49,16,14,19,35,12,194,76,122,48,72,60
1400000US36081053502,"Census Tract 535.02, Queens County, New York",Queens,0,14,0,14,0,14,0,14,0,14,0,14,0,14,0,14,0,14
1400000US36081053601,"Census Tract 536.01, Queens County, New York",Queens,714,388,377,51,195,73,182,74,71,54,111,62,337,385,337,385,0,14
1400000US36081053800,"Census Tract 538, Queens County, New York",Queens,424,73,397,78,207,64,190,62,60,50,130,51,27,29,27,29,0,14
1400000US36081053901,"Census Tract 539.01, Queens County, New York",Queens,1625,186,818,152,513,136,305,144,47,42,258,150,807,213,348,114,459,189
1400000US36081053902,"Census Tract 539.02, Queens County, New York",Queens,8,7,4,6,4,6,0,14,0,14,0,14,4,6,0,14,4,6
1400000US36081054000,"Census Tract 540, Queens County, New York",Queens,1444,214,1007,162,555,147,452,144,119,93,333,134,437,214,284,180,153,119
1400000US36081054200,"Census Tract 542, Queens County, New York",Queens,1588,363,1425,356,1160,352,265,103,32,36,233,100,163,113,61,49,102,107
1400000US36081054500,"Census Tract 545, Queens County, New York",Queens,1398,275,874,280,529,273,345,172,99,83,246,143,524,130,294,109,230,91
1400000US36081054700,"Census Tract 547, Queens County, New York",Queens,1474,276,1004,295,807,280,197,97,87,70,110,77,470,113,156,75,314,110
1400000US36081054800,"Census Tract 548, Queens County, New York",Queens,686,105,652,106,500,96,152,70,65,44,87,64,34,30,34,30,0,14
1400000US36081054900,"Census Tract 549, Queens County, New York",Queens,1555,149,955,156,468,133,487,138,92,64,395,132,600,133,176,84,424,119
1400000US36081055100,"Census Tract 551, Queens County, New York",Queens,1605,148,752,140,553,122,199,78,21,25,178,82,853,149,511,132,342,116
1400000US36081055200,"Census Tract 552, Queens County, New York",Queens,983,90,622,144,311,112,311,117,79,58,232,114,361,119,330,115,31,33
1400000US36081055300,"Census Tract 553, Queens County, New York",Queens,1013,129,650,149,273,76,377,139,133,103,244,106,363,104,89,49,274,92
1400000US36081055400,"Census Tract 554, Queens County, New York",Queens,787,102,606,114,476,113,130,56,47,41,83,44,181,64,156,58,25,26
1400000US36081055500,"Census Tract 555, Queens County, New York",Queens,788,123,406,107,238,114,168,59,43,24,125,52,382,112,227,111,155,71
1400000US36081055600,"Census Tract 556, Queens County, New York",Queens,669,109,599,109,513,104,86,47,3,6,83,48,70,42,64,41,6,9
1400000US36081055700,"Census Tract 557, Queens County, New York",Queens,1355,172,695,167,511,170,184,64,81,66,103,61,660,136,366,124,294,126
1400000US36081055800,"Census Tract 558, Queens County, New York",Queens,677,208,460,149,366,141,94,52,13,20,81,51,217,161,217,161,0,14
1400000US36081055900,"Census Tract 559, Queens County, New York",Queens,388,68,252,56,64,38,188,58,27,43,161,68,136,48,71,46,65,35
1400000US36081056000,"Census Tract 560, Queens County, New York",Queens,450,55,420,59,316,66,104,46,40,28,64,40,30,36,30,36,0,14
1400000US36081056100,"Census Tract 561, Queens County, New York",Queens,4,6,4,6,4,6,0,14,0,14,0,14,0,14,0,14,0,14
1400000US36081056200,"Census Tract 562, Queens County, New York",Queens,511,157,319,71,252,67,67,34,10,13,57,34,192,157,187,155,5,9
1400000US36081056400,"Census Tract 564, Queens County, New York",Queens,514,138,358,61,213,61,145,68,44,49,101,59,156,122,137,121,19,19
1400000US36081056500,"Census Tract 565, Queens County, New York",Queens,608,140,401,55,340,64,61,33,16,19,45,31,207,149,85,51,122,133
1400000US36081056600,"Census Tract 566, Queens County, New York",Queens,464,145,424,146,368,148,56,38,8,13,48,35,40,40,16,18,24,35
1400000US36081056700,"Census Tract 567, Queens County, New York",Queens,1640,194,1257,210,785,210,472,197,149,99,323,159,383,181,221,111,162,149
1400000US36081056800,"Census Tract 568, Queens County, New York",Queens,1573,213,1334,250,680,241,654,205,62,59,592,191,239,101,149,72,90,74
1400000US36081057700,"Census Tract 577, Queens County, New York",Queens,1437,186,916,214,553,177,363,169,148,124,215,123,521,143,352,126,169,127
1400000US36081057900,"Census Tract 579, Queens County, New York",Queens,665,113,401,85,233,80,168,64,76,47,92,48,264,102,196,90,68,69
1400000US36081058000,"Census Tract 580, Queens County, New York",Queens,1062,142,913,155,651,155,262,109,96,68,166,91,149,90,71,55,78,70
1400000US36081058100,"Census Tract 581, Queens County, New York",Queens,1219,259,805,276,491,142,314,270,52,37,262,267,414,118,328,106,86,61
1400000US36081058200,"Census Tract 582, Queens County, New York",Queens,1478,226,1293,240,631,191,662,293,231,195,431,226,185,104,143,84,42,47
1400000US36081058300,"Census Tract 583, Queens County, New York",Queens,1397,170,930,214,503,147,427,179,156,92,271,145,467,114,304,100,163,88
1400000US36081058500,"Census Tract 585, Queens County, New York",Queens,1623,186,884,173,605,151,279,147,110,96,169,91,739,201,396,154,343,147
1400000US36081058700,"Census Tract 587, Queens County, New York",Queens,1410,191,956,177,569,155,387,119,154,101,233,91,454,176,408,167,46,45
1400000US36081058900,"Census Tract 589, Queens County, New York",Queens,1905,262,924,172,583,164,341,141,129,70,212,122,981,304,676,285,305,125
1400000US36081059000,"Census Tract 590, Queens County, New York",Queens,391,55,292,69,185,65,107,41,20,18,87,39,99,44,99,44,0,14
1400000US36081059100,"Census Tract 591, Queens County, New York",Queens,2133,299,1127,332,648,301,479,207,72,72,407,204,1006,292,639,267,367,186
1400000US36081059200,"Census Tract 592, Queens County, New York",Queens,444,121,303,71,227,79,76,39,7,10,69,38,141,111,119,108,22,18
1400000US36081059300,"Census Tract 593, Queens County, New York",Queens,1646,202,910,204,599,152,311,162,46,37,265,160,736,134,563,142,173,103
1400000US36081059400,"Census Tract 594, Queens County, New York",Queens,533,62,446,67,222,69,224,64,47,36,177,67,87,43,77,41,10,11
1400000US36081059501,"Census Tract 595.01, Queens County, New York",Queens,760,83,546,96,411,109,135,63,89,58,46,35,214,80,190,73,24,27
1400000US36081059502,"Census Tract 595.02, Queens County, New York",Queens,908,155,706,144,357,109,349,121,109,103,240,90,202,85,173,78,29,27
1400000US36081059600,"Census Tract 596, Queens County, New York",Queens,568,190,437,78,224,81,213,92,72,57,141,75,131,178,131,178,0,14
1400000US36081059800,"Census Tract 598, Queens County, New York",Queens,553,100,461,110,195,73,266,111,80,87,186,77,92,55,75,51,17,27
1400000US36081059900,"Census Tract 599, Queens County, New York",Queens,451,77,399,80,252,59,147,68,29,24,118,64,52,31,44,26,8,13
1400000US36081060000,"Census Tract 600, Queens County, New York",Queens,451,101,345,105,245,97,100,39,0,14,100,39,106,39,82,39,24,25
1400000US36081060100,"Census Tract 601, Queens County, New York",Queens,845,138,542,114,435,88,107,74,62,54,45,52,303,144,209,86,94,109
1400000US36081060300,"Census Tract 603, Queens County, New York",Queens,762,122,589,142,404,131,185,96,74,87,111,53,173,73,136,62,37,42
1400000US36081060600,"Census Tract 606, Queens County, New York",Queens,501,86,305,93,123,66,182,72,32,38,150,63,196,99,148,93,48,48
1400000US36081060701,"Census Tract 607.01, Queens County, New York",Queens,0,14,0,14,0,14,0,14,0,14,0,14,0,14,0,14,0,14
1400000US36081060800,"Census Tract 608, Queens County, New York",Queens,506,71,414,61,179,53,235,54,45,46,190,70,92,62,81,60,11,23
1400000US36081061000,"Census Tract 610, Queens County, New York",Queens,415,52,316,60,173,48,143,53,58,42,85,44,99,54,59,43,40,36
1400000US36081061200,"Census Tract 612, Queens County, New York",Queens,510,102,484,103,338,87,146,84,16,17,130,82,26,18,19,17,7,11
1400000US36081061301,"Census Tract 613.01, Queens County, New York",Queens,1810,203,1070,240,522,147,548,233,261,182,287,118,740,195,492,178,248,103
1400000US36081061302,"Census Tract 613.02, Queens County, New York",Queens,0,14,0,14,0,14,0,14,0,14,0,14,0,14,0,14,0,14
1400000US36081061400,"Census Tract 614, Queens County, New York",Queens,419,94,326,91,191,94,135,48,70,48,65,44,93,51,88,51,5,7
1400000US36081061601,"Census Tract 616.01, Queens County, New York",Queens,760,113,526,99,289,95,237,74,23,23,214,69,234,91,221,90,13,21
1400000US36081061602,"Census Tract 616.02, Queens County, New York",Queens,384,50,276,42,142,45,134,54,64,60,70,46,108,56,98,53,10,15
1400000US36081061800,"Census Tract 618, Queens County, New York",Queens,711,59,485,94,293,93,192,61,33,30,159,62,226,76,213,75,13,13
1400000US36081061900,"Census Tract 619, Queens County, New York",Queens,1196,185,706,214,308,77,398,204,252,172,146,104,490,127,426,130,64,64
1400000US36081062000,"Census Tract 620, Queens County, New York",Queens,524,68,460,76,265,86,195,79,24,25,171,74,64,41,57,40,7,10
1400000US36081062100,"Census Tract 621, Queens County, New York",Queens,986,149,669,151,426,127,243,145,139,123,104,69,317,111,213,101,104,62
1400000US36081062200,"Census Tract 622, Queens County, New York",Queens,677,80,526,97,316,103,210,66,28,21,182,65,151,60,144,58,7,10
1400000US36081062300,"Census Tract 623, Queens County, New York",Queens,883,132,565,144,500,145,65,36,39,30,26,24,318,89,255,73,63,52
1400000US36081062400,"Census Tract 624, Queens County, New York",Queens,0,14,0,14,0,14,0,14,0,14,0,14,0,14,0,14,0,14
1400000US36081062500,"Census Tract 625, Queens County, New York",Queens,959,122,726,128,419,125,307,94,102,51,205,96,233,77,189,69,44,41
1400000US36081062600,"Census Tract 626, Queens County, New York",Queens,937,95,788,103,389,108,399,98,138,75,261,82,149,61,90,55,59,41
1400000US36081062700,"Census Tract 627, Queens County, New York",Queens,1096,160,724,171,576,150,148,93,70,60,78,73,372,173,360,172,12,19
1400000US36081062900,"Census Tract 629, Queens County, New York",Queens,1226,277,925,307,769,309,156,93,28,40,128,82,301,104,232,96,69,44
1400000US36081063000,"Census Tract 630, Queens County, New York",Queens,587,96,404,98,195,83,209,87,25,25,184,86,183,69,141,69,42,33
1400000US36081063200,"Census Tract 632, Queens County, New York",Queens,720,109,565,78,305,81,260,63,65,35,195,63,155,91,140,89,15,17
1400000US36081063301,"Census Tract 633.01, Queens County, New York",Queens,529,79,400,92,310,73,90,67,0,14,90,67,129,53,102,49,27,28
1400000US36081063302,"Census Tract 633.02, Queens County, New York",Queens,601,104,450,113,287,75,163,102,60,80,103,62,151,56,126,56,25,25
1400000US36081063500,"Census Tract 635, Queens County, New York",Queens,933,169,712,172,428,107,284,160,15,20,269,158,221,91,179,89,42,49
1400000US36081063700,"Census Tract 637, Queens County, New York",Queens,1289,203,1072,195,733,176,339,126,164,112,175,92,217,124,154,76,63,95
1400000US36081063800,"Census Tract 638, Queens County, New York",Queens,1079,179,895,211,568,210,327,138,116,113,211,103,184,109,149,102,35,51
1400000US36081063900,"Census Tract 639, Queens County, New York",Queens,1014,67,649,106,505,104,144,81,36,55,108,68,365,116,329,112,36,45
1400000US36081064101,"Census Tract 641.01, Queens County, New York",Queens,1033,95,517,93,410,114,107,52,21,20,86,50,516,89,354,79,162,71
1400000US36081064102,"Census Tract 641.02, Queens County, New York",Queens,0,14,0,14,0,14,0,14,0,14,0,14,0,14,0,14,0,14
1400000US36081064500,"Census Tract 645, Queens County, New York",Queens,821,144,500,170,301,76,199,164,57,51,142,160,321,86,261,73,60,46
1400000US36081064600,"Census Tract 646, Queens County, New York",Queens,1059,130,814,122,566,109,248,82,16,18,232,81,245,84,185,74,60,45
1400000US36081065000,"Census Tract 650, Queens County, New York",Queens,895,106,676,112,424,101,252,76,7,11,245,76,219,73,158,63,61,44
1400000US36081065401,"Census Tract 654.01, Queens County, New York",Queens,967,100,769,117,291,91,478,123,163,83,315,121,198,72,180,76,18,22
1400000US36081065402,"Census Tract 654.02, Queens County, New York",Queens,0,14,0,14,0,14,0,14,0,14,0,14,0,14,0,14,0,14
1400000US36081065501,"Census Tract 655.01, Queens County, New York",Queens,0,14,0,14,0,14,0,14,0,14,0,14,0,14,0,14,0,14
1400000US36081065600,"Census Tract 656, Queens County, New York",Queens,1668,223,1375,246,675,210,700,265,134,124,566,242,293,160,281,160,12,20
1400000US36081065702,"Census Tract 657.02, Queens County, New York",Queens,629,74,373,85,282,65,91,53,29,40,62,35,256,70,220,68,36,33
1400000US36081065703,"Census Tract 657.03, Queens County, New York",Queens,1060,226,803,242,664,236,139,88,26,30,113,82,257,117,189,94,68,74
1400000US36081065900,"Census Tract 659, Queens County, New York",Queens,669,70,550,76,275,57,275,92,45,38,230,89,119,60,108,57,11,19
1400000US36081066000,"Census Tract 660, Queens County, New York",Queens,1157,220,839,139,584,149,255,131,49,49,206,120,318,218,294,216,24,28
1400000US36081066100,"Census Tract 661, Queens County, New York",Queens,637,66,486,71,354,78,132,53,32,28,100,39,151,54,106,49,45,40
1400000US36081066301,"Census Tract 663.01, Queens County, New York",Queens,1005,147,727,105,527,85,200,69,11,11,189,68,278,142,234,138,44,35
1400000US36081066302,"Census Tract 663.02, Queens County, New York",Queens,0,14,0,14,0,14,0,14,0,14,0,14,0,14,0,14,0,14
1400000US36081066401,"Census Tract 664.01, Queens County, New York",Queens,460,63,377,104,155,73,222,113,70,87,152,116,83,85,83,85,0,14
1400000US36081066402,"Census Tract 664.02, Queens County, New York",Queens,1037,125,773,115,445,110,328,120,50,49,278,119,264,155,239,157,25,30
1400000US36081066403,"Census Tract 664.03, Queens County, New York",Queens,1658,279,1443,281,772,207,671,290,186,135,485,261,215,102,124,88,91,83
1400000US36081066404,"Census Tract 664.04, Queens County, New York",Queens,0,14,0,14,0,14,0,14,0,14,0,14,0,14,0,14,0,14
1400000US36081066501,"Census Tract 665.01, Queens County, New York",Queens,1601,215,919,180,607,158,312,149,128,70,184,131,682,183,539,172,143,92
1400000US36081066701,"Census Tract 667.01, Queens County, New York",Queens,867,140,571,145,440,120,131,112,18,31,113,107,296,128,249,118,47,66
1400000US36081066900,"Census Tract 669, Queens County, New York",Queens,639,88,483,96,343,89,140,76,21,21,119,76,156,54,124,51,32,26
1400000US36081067100,"Census Tract 671, Queens County, New York",Queens,914,126,615,96,558,99,57,25,16,14,41,21,299,110,257,104,42,36
1400000US36081067700,"Census Tract 677, Queens County, New York",Queens,696,101,529,102,468,102,61,31,20,17,41,25,167,58,147,53,20,21
1400000US36081067900,"Census Tract 679, Queens County, New York",Queens,1678,210,1079,222,594,148,485,198,123,94,362,168,599,157,365,127,234,126
1400000US36081068000,"Census Tract 680, Queens County, New York",Queens,1706,221,1341,172,658,148,683,181,162,104,521,177,365,202,201,162,164,113
1400000US36081068200,"Census Tract 682, Queens County, New York",Queens,371,53,301,57,111,45,190,65,27,24,163,63,70,41,60,39,10,14
1400000US36081068300,"Census Tract 683, Queens County, New York",Queens,1571,186,972,147,575,144,397,106,87,52,310,104,599,174,495,155,104,80
1400000US36081068700,"Census Tract 687, Queens County, New York",Queens,1953,402,1291,363,620,114,671,378,107,64,564,373,662,283,615,279,47,45
1400000US36081069000,"Census Tract 690, Queens County, New York",Queens,1141,175,969,187,318,102,651,177,102,73,549,186,172,76,86,47,86,66
1400000US36081069300,"Census Tract 693, Queens County, New York",Queens,1248,212,741,198,443,202,298,147,27,26,271,145,507,126,472,127,35,27
1400000US36081069400,"Census Tract 694, Queens County, New York",Queens,1198,163,976,139,475,134,501,169,77,67,424,159,222,128,172,107,50,68
1400000US36081069500,"Census Tract 695, Queens County, New York",Queens,880,88,632,102,428,79,204,80,101,69,103,46,248,69,226,65,22,19
1400000US36081069701,"Census Tract 697.01, Queens County, New York",Queens,1768,143,929,143,746,140,183,85,58,52,125,67,839,153,741,147,98,51
1400000US36081069702,"Census Tract 697.02, Queens County, New York",Queens,1529,295,1083,222,924,218,159,74,33,28,126,74,446,224,367,229,79,54
1400000US36081070300,"Census Tract 703, Queens County, New York",Queens,917,154,637,121,475,121,162,89,99,72,63,65,280,124,248,115,32,27
1400000US36081070700,"Census Tract 707, Queens County, New York",Queens,985,111,734,114,657,122,77,38,20,19,57,29,251,67,207,64,44,33
1400000US36081070900,"Census Tract 709, Queens County, New York",Queens,1146,175,793,215,568,108,225,179,33,34,192,174,353,121,304,117,49,34
1400000US36081071100,"Census Tract 711, Queens County, New York",Queens,2966,377,1254,244,812,207,442,188,153,114,289,150,1712,444,1545,450,167,96
1400000US36081071303,"Census Tract 713.03, Queens County, New York",Queens,2730,293,1328,311,1080,278,248,123,37,46,211,113,1402,215,1107,206,295,176
1400000US36081071304,"Census Tract 713.04, Queens County, New York",Queens,3100,199,1784,314,1102,265,682,271,400,208,282,155,1316,298,1150,260,166,176
1400000US36081071305,"Census Tract 713.05, Queens County, New York",Queens,2416,243,1666,268,1251,295,415,175,167,134,248,132,750,215,684,215,66,57
1400000US36081071306,"Census Tract 713.06, Queens County, New York",Queens,3117,413,1926,418,1250,424,676,265,208,137,468,231,1191,275,1081,282,110,82
1400000US36081071600,"Census Tract 716, Queens County, New York",Queens,0,14,0,14,0,14,0,14,0,14,0,14,0,14,0,14,0,14
1400000US36081071701,"Census Tract 717.01, Queens County, New York",Queens,2405,294,1062,273,842,244,220,135,58,57,162,121,1343,242,1230,234,113,84
1400000US36081071702,"Census Tract 717.02, Queens County, New York",Queens,1937,169,1177,213,863,197,314,124,57,56,257,115,760,164,617,157,143,87
1400000US36081071900,"Census Tract 719, Queens County, New York",Queens,1081,138,827,143,486,131,341,107,146,90,195,104,254,142,219,140,35,36
1400000US36081072100,"Census Tract 721, Queens County, New York",Queens,2132,350,1482,338,1268,336,214,130,64,61,150,110,650,205,601,188,49,55
1400000US36081072300,"Census Tract 723, Queens County, New York",Queens,878,154,651,151,590,152,61,29,10,13,51,26,227,46,211,48,16,16
1400000US36081072900,"Census Tract 729, Queens County, New York",Queens,480,79,300,35,253,34,47,34,8,12,39,32,180,74,131,73,49,40
1400000US36081073100,"Census Tract 731, Queens County, New York",Queens,577,74,440,81,372,69,68,48,13,15,55,46,137,54,82,33,55,48
1400000US36081073700,"Census Tract 737, Queens County, New York",Queens,1088,148,577,129,483,108,94,70,8,13,86,68,511,136,413,132,98,56
1400000US36081073900,"Census Tract 739, Queens County, New York",Queens,2626,320,1509,359,1275,349,234,126,42,52,192,118,1117,240,908,222,209,126
1400000US36081074100,"Census Tract 741, Queens County, New York",Queens,1620,163,741,136,518,127,223,97,126,80,97,54,879,179,817,171,62,47
1400000US36081074300,"Census Tract 743, Queens County, New York",Queens,1673,232,1046,217,644,168,402,215,183,110,219,180,627,141,530,123,97,61
1400000US36081074500,"Census Tract 745, Queens County, New York",Queens,1693,189,1058,203,701,181,357,173,28,32,329,177,635,166,571,163,64,60
1400000US36081074700,"Census Tract 747, Queens County, New York",Queens,1360,155,890,182,734,178,156,108,69,83,87,55,470,164,387,161,83,60
1400000US36081074900,"Census Tract 749, Queens County, New York",Queens,571,77,487,78,463,76,24,27,16,25,8,10,84,43,77,44,7,11
1400000US36081075701,"Census Tract 757.01, Queens County, New York",Queens,2522,163,1132,223,890,202,242,127,28,36,214,127,1390,269,1104,243,286,153
1400000US36081075702,"Census Tract 757.02, Queens County, New York",Queens,2328,313,1317,289,919,297,398,154,236,157,162,161,1011,231,895,231,116,87
1400000US36081076901,"Census Tract 769.01, Queens County, New York",Queens,2454,361,1394,242,1076,260,318,169,227,138,91,100,1060,329,887,312,173,88
1400000US36081076902,"Census Tract 769.02, Queens County, New York",Queens,628,78,324,69,272,70,52,32,9,13,43,27,304,89,206,72,98,62
1400000US36081077300,"Census Tract 773, Queens County, New York",Queens,1167,117,473,109,382,108,91,71,0,14,91,71,694,131,566,123,128,61
1400000US36081077500,"Census Tract 775, Queens County, New York",Queens,1121,171,616,164,514,163,102,52,0,14,102,52,505,148,485,143,20,24
1400000US36081077902,"Census Tract 779.02, Queens County, New York",Queens,1829,391,1514,401,992,157,522,383,23,27,499,382,315,134,291,131,24,28
1400000US36081077903,"Census Tract 779.03, Queens County, New York",Queens,1160,155,858,175,618,197,240,130,51,43,189,114,302,86,267,86,35,34
1400000US36081077904,"Census Tract 779.04, Queens County, New York",Queens,2081,308,1205,333,977,319,228,116,115,87,113,75,876,206,833,208,43,50
1400000US36081077905,"Census Tract 779.05, Queens County, New York",Queens,1384,232,769,251,528,195,241,163,21,33,220,159,615,154,480,163,135,90
1400000US36081077906,"Census Tract 779.06, Queens County, New York",Queens,1446,169,1096,197,787,191,309,164,70,54,239,160,350,115,311,117,39,37
1400000US36081077907,"Census Tract 779.07, Queens County, New York",Queens,1100,207,852,196,678,205,174,99,44,53,130,77,248,117,228,111,20,33
1400000US36081077908,"Census Tract 779.08, Queens County, New York",Queens,1194,120,703,125,344,111,359,102,96,96,263,95,491,166,435,165,56,38
1400000US36081078800,"Census Tract 788, Queens County, New York",Queens,609,98,496,116,385,116,111,49,31,27,80,40,113,66,113,66,0,14
1400000US36081079000,"Census Tract 790, Queens County, New York",Queens,872,115,756,114,468,130,288,72,61,31,227,69,116,50,87,46,29,28
1400000US36081079200,"Census Tract 792, Queens County, New York",Queens,909,185,607,90,243,82,364,98,41,39,323,91,302,180,289,180,13,14
1400000US36081079300,"Census Tract 793, Queens County, New York",Queens,0,14,0,14,0,14,0,14,0,14,0,14,0,14,0,14,0,14
1400000US36081079701,"Census Tract 797.01, Queens County, New York",Queens,2999,508,2128,571,1689,451,439,288,146,121,293,293,871,252,835,250,36,42
1400000US36081079702,"Census Tract 797.02, Queens County, New York",Queens,1683,325,1095,364,729,348,366,175,152,139,214,130,588,192,522,186,66,67
1400000US36081079900,"Census Tract 799, Queens County, New York",Queens,1170,272,834,274,589,250,245,104,156,105,89,54,336,131,324,133,12,18
1400000US36081080301,"Census Tract 803.01, Queens County, New York",Queens,1100,111,879,148,656,162,223,115,78,60,145,102,221,115,221,115,0,14
1400000US36081080302,"Census Tract 803.02, Queens County, New York",Queens,938,92,792,105,642,112,150,60,45,37,105,47,146,76,129,75,17,25
1400000US36081080900,"Census Tract 809, Queens County, New York",Queens,2640,286,1678,311,1115,317,563,244,150,175,413,175,962,278,818,280,144,132
1400000US36081081400,"Census Tract 814, Queens County, New York",Queens,1021,121,918,145,463,131,455,134,104,69,351,130,103,86,62,60,41,65
1400000US36081081800,"Census Tract 818, Queens County, New York",Queens,1019,132,899,136,523,140,376,122,144,82,232,100,120,70,57,40,63,65
1400000US36081083700,"Census Tract 837, Queens County, New York",Queens,1635,230,1340,177,1007,193,333,114,120,77,213,85,295,172,265,165,30,47
1400000US36081083800,"Census Tract 838, Queens County, New York",Queens,1645,249,1420,273,1002,279,418,131,125,85,293,118,225,110,159,88,66,71
1400000US36081084000,"Census Tract 840, Queens County, New York",Queens,2107,224,1825,280,1137,287,688,212,258,152,430,187,282,183,191,164,91,90
1400000US36081084500,"Census Tract 845, Queens County, New York",Queens,2169,212,931,235,755,223,176,119,0,14,176,119,1238,263,1112,266,126,99
1400000US36081084601,"Census Tract 846.01, Queens County, New York",Queens,810,67,696,78,476,90,220,81,123,70,97,39,114,49,95,48,19,18
1400000US36081084602,"Census Tract 846.02, Queens County, New York",Queens,235,92,221,92,147,64,74,63,0,14,74,63,14,16,9,14,5,7
1400000US36081084901,"Census Tract 849.01, Queens County, New York",Queens,1095,206,754,237,593,256,161,85,77,60,84,73,341,134,261,115,80,59
1400000US36081084902,"Census Tract 849.02, Queens County, New York",Queens,1345,133,914,174,666,178,248,111,48,52,200,92,431,145,356,146,75,55
1400000US36081085300,"Census Tract 853, Queens County, New York",Queens,2514,531,1615,455,798,258,817,470,168,138,649,441,899,472,858,468,41,48
1400000US36081085500,"Census Tract 855, Queens County, New York",Queens,2498,268,1373,345,910,307,463,216,85,87,378,222,1125,313,991,309,134,120
1400000US36081085700,"Census Tract 857, Queens County, New York",Queens,2060,256,1426,301,907,271,519,224,59,58,460,214,634,201,618,208,16,26
1400000US36081085900,"Census Tract 859, Queens County, New York",Queens,2389,423,1527,311,1115,304,412,173,220,150,192,105,862,382,649,384,213,177
1400000US36081086100,"Census Tract 861, Queens County, New York",Queens,764,69,519,90,349,87,170,65,65,41,105,50,245,73,223,72,22,19
1400000US36081086300,"Census Tract 863, Queens County, New York",Queens,2392,260,1945,291,1346,329,599,254,247,224,352,186,447,215,314,187,133,141
1400000US36081086400,"Census Tract 864, Queens County, New York",Queens,823,73,689,93,532,100,157,68,31,34,126,65,134,74,73,45,61,57
1400000US36081086500,"Census Tract 865, Queens County, New York",Queens,2349,269,1128,274,876,252,252,147,75,69,177,134,1221,269,1020,264,201,109
1400000US36081086900,"Census Tract 869, Queens County, New York",Queens,908,262,504,230,345,225,159,55,63,42,96,53,404,181,354,181,50,39
1400000US36081087100,"Census Tract 871, Queens County, New York",Queens,2526,207,1261,279,900,278,361,157,66,65,295,152,1265,275,798,219,467,241
1400000US36081088400,"Census Tract 884, Queens County, New York",Queens,3288,495,2311,472,1793,503,518,207,264,159,254,139,977,388,724,339,253,180
1400000US36081088902,"Census Tract 889.02, Queens County, New York",Queens,2766,279,1969,330,1276,322,693,221,122,101,571,229,797,259,696,251,101,85
1400000US36081088903,"Census Tract 889.03, Queens County, New York",Queens,1568,143,1219,209,1060,223,159,81,35,31,124,74,349,138,346,137,3,8
1400000US36081089201,"Census Tract 892.01, Queens County, New York",Queens,2727,302,2288,299,1645,352,643,202,92,94,551,199,439,164,410,159,29,51
1400000US36081089202,"Census Tract 892.02, Queens County, New York",Queens,0,14,0,14,0,14,0,14,0,14,0,14,0,14,0,14,0,14
1400000US36081090700,"Census Tract 907, Queens County, New York",Queens,562,162,475,162,421,162,54,43,20,21,34,41,87,49,79,47,8,12
1400000US36081091602,"Census Tract 916.02, Queens County, New York",Queens,5,7,5,7,0,14,5,7,0,14,5,7,0,14,0,14,0,14
1400000US36081091603,"Census Tract 916.03, Queens County, New York",Queens,1865,241,1154,219,967,217,187,84,56,43,131,70,711,157,681,155,30,29
1400000US36081091604,"Census Tract 916.04, Queens County, New York",Queens,0,14,0,14,0,14,0,14,0,14,0,14,0,14,0,14,0,14
1400000US36081091800,"Census Tract 918, Queens County, New York",Queens,4,6,0,14,0,14,0,14,0,14,0,14,4,6,0,14,4,6
1400000US36081091900,"Census Tract 919, Queens County, New York",Queens,1823,340,1156,333,820,312,336,128,51,63,285,115,667,157,542,181,125,83
1400000US36081092200,"Census Tract 922, Queens County, New York",Queens,828,80,598,88,533,76,65,48,21,29,44,36,230,65,225,64,5,8
1400000US36081092500,"Census Tract 925, Queens County, New York",Queens,1186,167,962,188,703,161,259,118,83,69,176,109,224,104,199,97,25,39
1400000US36081092800,"Census Tract 928, Queens County, New York",Queens,1156,184,965,190,824,193,141,102,28,35,113,96,191,91,159,88,32,33
1400000US36081092900,"Census Tract 929, Queens County, New York",Queens,2163,323,1787,352,888,319,899,266,346,215,553,233,376,188,297,173,79,89
1400000US36081093401,"Census Tract 934.01, Queens County, New York",Queens,1476,117,923,136,727,142,196,96,129,90,67,43,553,144,514,148,39,28
1400000US36081093402,"Census Tract 934.02, Queens County, New York",Queens,1687,162,857,181,589,148,268,141,45,46,223,129,830,166,715,170,115,66
1400000US36081093800,"Census Tract 938, Queens County, New York",Queens,2032,237,1046,294,653,246,393,189,210,146,183,144,986,252,766,252,220,213
1400000US36081093900,"Census Tract 939, Queens County, New York",Queens,1768,232,1372,281,982,276,390,184,114,81,276,175,396,231,312,217,84,104
1400000US36081094201,"Census Tract 942.01, Queens County, New York",Queens,1339,176,687,176,327,124,360,164,0,14,360,164,652,206,572,204,80,77
1400000US36081094202,"Census Tract 942.02, Queens County, New York",Queens,2140,297,1501,228,616,158,885,251,116,76,769,245,639,237,600,235,39,33
1400000US36081094203,"Census Tract 942.03, Queens County, New York",Queens,2951,385,1542,343,903,322,639,214,170,134,469,176,1409,322,1391,321,18,29
1400000US36081094500,"Census Tract 945, Queens County, New York",Queens,1375,122,1073,149,695,131,378,131,187,104,191,94,302,130,283,133,19,24
1400000US36081094700,"Census Tract 947, Queens County, New York",Queens,765,115,642,122,381,86,261,129,43,38,218,124,123,54,80,44,43,37
1400000US36081095400,"Census Tract 954, Queens County, New York",Queens,2063,201,1415,284,907,250,508,204,45,43,463,194,648,265,547,255,101,88
1400000US36081096400,"Census Tract 964, Queens County, New York",Queens,2245,265,1696,295,995,279,701,273,239,136,462,224,549,219,527,222,22,27
1400000US36081097202,"Census Tract 972.02, Queens County, New York",Queens,1300,112,761,191,92,56,669,199,0,14,669,199,539,197,527,194,12,18
1400000US36081097204,"Census Tract 972.04, Queens County, New York",Queens,1315,175,697,166,298,130,399,163,69,59,330,164,618,135,557,124,61,71
1400000US36081097205,"Census Tract 972.05, Queens County, New York",Queens,1294,107,762,137,213,77,549,139,74,71,475,145,532,155,494,155,38,60
1400000US36081097206,"Census Tract 972.06, Queens County, New York",Queens,1342,300,801,330,298,293,503,193,32,45,471,192,541,203,452,178,89,108
1400000US36081097207,"Census Tract 972.07, Queens County, New York",Queens,0,14,0,14,0,14,0,14,0,14,0,14,0,14,0,14,0,14
1400000US36081097300,"Census Tract 973, Queens County, New York",Queens,803,88,611,97,508,105,103,65,13,12,90,63,192,61,169,60,23,36
1400000US36081098100,"Census Tract 981, Queens County, New York",Queens,891,82,697,92,530,102,167,73,86,57,81,39,194,61,151,55,43,22
1400000US36081098700,"Census Tract 987, Queens County, New York",Queens,1010,111,667,109,449,93,218,80,55,41,163,74,343,111,303,108,40,36
1400000US36081099100,"Census Tract 991, Queens County, New York",Queens,2868,254,1855,288,1506,315,349,138,56,53,293,142,1013,233,946,225,67,81
1400000US36081099200,"Census Tract 992, Queens County, New York",Queens,1579,221,1029,183,380,128,649,162,63,65,586,170,550,214,437,155,113,155
1400000US36081099701,"Census Tract 997.01, Queens County, New York",Queens,1138,125,683,162,515,138,168,92,73,47,95,82,455,128,379,121,76,56
1400000US36081099703,"Census Tract 997.03, Queens County, New York",Queens,1837,160,1066,202,871,178,195,110,13,19,182,110,771,162,721,155,50,39
1400000US36081099704,"Census Tract 997.04, Queens County, New York",Queens,3701,426,1465,349,1314,342,151,78,47,53,104,71,2236,356,1917,339,319,197
1400000US36081099705,"Census Tract 997.05, Queens County, New York",Queens,1208,228,914,258,757,256,157,69,107,46,50,53,294,110,278,108,16,20
1400000US36081099801,"Census Tract 998.01, Queens County, New York",Queens,2612,313,1775,298,820,310,955,240,135,135,820,223,837,221,565,237,272,183
1400000US36081099802,"Census Tract 998.02, Queens County, New York",Queens,2822,204,1196,374,746,297,450,234,0,19,450,234,1626,343,1484,282,142,174
1400000US36081099900,"Census Tract 999, Queens County, New York",Queens,0,14,0,14,0,14,0,14,0,14,0,14,0,14,0,14,0,14
1400000US36081100801,"Census Tract 1008.01, Queens County, New York",Queens,706,104,536,117,455,124,81,51,25,33,56,39,170,76,109,58,61,56
1400000US36081100803,"Census Tract 1008.03, Queens County, New York",Queens,1357,150,1031,183,502,175,529,136,145,77,384,128,326,113,285,105,41,54
1400000US36081100804,"Census Tract 1008.04, Queens County, New York",Queens,1457,238,1007,203,593,154,414,198,187,150,227,168,450,262,230,219,220,137
1400000US36081101002,"Census Tract 1010.02, Queens County, New York",Queens,1874,296,1255,347,1039,304,216,149,12,20,204,148,619,203,619,203,0,19
1400000US36081101003,"Census Tract 1010.03, Queens County, New York",Queens,1430,354,822,319,695,341,127,89,24,50,103,76,608,187,608,187,0,14
1400000US36081101004,"Census Tract 1010.04, Queens County, New York",Queens,2583,327,1343,330,597,200,746,274,171,106,575,263,1240,326,1008,329,232,171
1400000US36081101700,"Census Tract 1017, Queens County, New York",Queens,2519,258,1629,224,1241,220,388,161,161,117,227,136,890,298,831,298,59,47
1400000US36081102900,"Census Tract 1029, Queens County, New York",Queens,1575,297,964,184,781,197,183,88,53,64,130,70,611,274,567,269,44,51
1400000US36081103201,"Census Tract 1032.01, Queens County, New York",Queens,1930,161,1377,244,391,179,986,215,222,175,764,246,553,214,510,211,43,50
1400000US36081103202,"Census Tract 1032.02, Queens County, New York",Queens,2392,420,1858,426,1067,409,791,307,43,56,748,292,534,226,405,212,129,98
1400000US36081103300,"Census Tract 1033, Queens County, New York",Queens,1544,177,1268,175,996,162,272,125,102,100,170,79,276,105,241,107,35,42
1400000US36081103900,"Census Tract 1039, Queens County, New York",Queens,2316,370,1706,262,956,261,750,229,129,101,621,226,610,350,454,280,156,160
1400000US36081104700,"Census Tract 1047, Queens County, New York",Queens,2825,342,1802,442,1425,435,377,156,237,141,140,83,1023,281,953,271,70,56
1400000US36081105900,"Census Tract 1059, Queens County, New York",Queens,1326,251,1121,269,843,254,278,91,71,80,207,72,205,78,194,77,11,17
1400000US36081107201,"Census Tract 1072.01, Queens County, New York",Queens,919,130,612,105,502,93,110,67,20,24,90,59,307,97,295,96,12,15
1400000US36081107202,"Census Tract 1072.02, Queens County, New York",Queens,0,14,0,14,0,14,0,14,0,14,0,14,0,14,0,14,0,14
1400000US36081108500,"Census Tract 1085, Queens County, New York",Queens,1062,190,851,168,624,173,227,86,79,51,148,70,211,76,167,65,44,44
1400000US36081109300,"Census Tract 1093, Queens County, New York",Queens,997,129,673,152,647,155,26,24,8,13,18,24,324,93,308,93,16,24
1400000US36081109700,"Census Tract 1097, Queens County, New York",Queens,665,118,493,113,406,107,87,49,33,26,54,43,172,94,113,76,59,47
1400000US36081109900,"Census Tract 1099, Queens County, New York",Queens,1238,203,999,243,705,224,294,164,104,138,190,91,239,107,175,95,64,69
1400000US36081111300,"Census Tract 1113, Queens County, New York",Queens,833,102,702,91,515,103,187,65,63,46,124,52,131,78,65,39,66,67
1400000US36081112300,"Census Tract 1123, Queens County, New York",Queens,813,77,630,78,433,91,197,76,57,51,140,61,183,54,133,48,50,32
1400000US36081112900,"Census Tract 1129, Queens County, New York",Queens,819,94,612,97,516,108,96,66,11,13,85,65,207,75,169,70,38,32
1400000US36081113300,"Census Tract 1133, Queens County, New York",Queens,655,144,445,123,346,126,99,57,52,50,47,39,210,83,210,83,0,14
1400000US36081113900,"Census Tract 1139, Queens County, New York",Queens,1541,210,1058,189,790,183,268,108,140,102,128,64,483,231,443,226,40,49
1400000US36081114100,"Census Tract 1141, Queens County, New York",Queens,858,142,664,90,556,92,108,51,52,39,56,37,194,119,111,53,83,104
1400000US36081114700,"Census Tract 1147, Queens County, New York",Queens,617,108,498,77,391,77,107,44,25,17,82,40,119,88,74,82,45,29
1400000US36081115100,"Census Tract 1151, Queens County, New York",Queens,379,47,276,50,237,49,39,21,10,10,29,17,103,33,98,33,5,7
1400000US36081115500,"Census Tract 1155, Queens County, New York",Queens,733,128,465,83,340,87,125,63,46,44,79,49,268,123,143,55,125,97
1400000US36081115700,"Census Tract 1157, Queens County, New York",Queens,1185,169,908,182,706,189,202,77,57,45,145,73,277,112,277,112,0,14
1400000US36081115900,"Census Tract 1159, Queens County, New York",Queens,1635,275,1061,219,528,144,533,209,176,188,357,85,574,197,447,175,127,121
1400000US36081116100,"Census Tract 1161, Queens County, New York",Queens,1373,164,883,124,589,138,294,109,85,53,209,91,490,160,469,167,21,22
1400000US36081116301,"Census Tract 1163.01, Queens County, New York",Queens,1699,366,1165,348,841,345,324,123,136,81,188,89,534,159,370,142,164,121
1400000US36081116302,"Census Tract 1163.02, Queens County, New York",Queens,1205,254,771,109,550,108,221,84,73,49,148,64,434,260,413,257,21,30
1400000US36081116700,"Census Tract 1167, Queens County, New York",Queens,644,74,431,83,308,77,123,63,43,32,80,54,213,79,185,79,28,40
1400000US36081117100,"Census Tract 1171, Queens County, New York",Queens,947,129,728,139,492,140,236,108,55,42,181,99,219,99,214,99,5,16
1400000US36081117500,"Census Tract 1175, Queens County, New York",Queens,1727,160,1143,218,842,220,301,136,68,59,233,133,584,184,538,185,46,44
1400000US36081118100,"Census Tract 1181, Queens County, New York",Queens,689,85,535,85,313,57,222,92,57,40,165,85,154,55,100,47,54,32
1400000US36081118500,"Census Tract 1185, Queens County, New York",Queens,725,101,583,111,435,103,148,68,12,15,136,70,142,69,80,51,62,57
1400000US36081118700,"Census Tract 1187, Queens County, New York",Queens,904,172,648,169,538,170,110,57,30,36,80,43,256,107,224,105,32,29
1400000US36081118900,"Census Tract 1189, Queens County, New York",Queens,924,354,507,109,434,113,73,45,15,16,58,42,417,348,393,349,24,31
1400000US36081119100,"Census Tract 1191, Queens County, New York",Queens,1071,145,891,159,551,115,340,180,213,171,127,81,180,85,163,89,17,27
1400000US36081119300,"Census Tract 1193, Queens County, New York",Queens,742,124,521,110,400,122,121,50,26,22,95,47,221,88,189,90,32,48
1400000US36081119500,"Census Tract 1195, Queens County, New York",Queens,425,75,356,74,249,72,107,41,56,40,51,36,69,52,69,52,0,14
1400000US36081119900,"Census Tract 1199, Queens County, New York",Queens,514,85,474,87,379,85,95,58,42,42,53,40,40,30,33,29,7,10
1400000US36081120100,"Census Tract 1201, Queens County, New York",Queens,499,64,404,75,242,67,162,73,36,29,126,66,95,45,95,45,0,14
1400000US36081120300,"Census Tract 1203, Queens County, New York",Queens,568,126,408,78,289,89,119,52,43,44,76,44,160,123,124,115,36,52
1400000US36081120500,"Census Tract 1205, Queens County, New York",Queens,955,111,479,135,281,90,198,124,21,21,177,118,476,108,415,104,61,51
1400000US36081120701,"Census Tract 1207.01, Queens County, New York",Queens,872,93,807,97,635,74,172,78,88,64,84,51,65,34,58,32,7,10
1400000US36081120702,"Census Tract 1207.02, Queens County, New York",Queens,0,14,0,14,0,14,0,14,0,14,0,14,0,14,0,14,0,14
1400000US36081121100,"Census Tract 1211, Queens County, New York",Queens,0,14,0,14,0,14,0,14,0,14,0,14,0,14,0,14,0,14
1400000US36081121500,"Census Tract 1215, Queens County, New York",Queens,1373,215,1043,139,695,137,348,122,254,107,94,60,330,185,166,95,164,173
1400000US36081122300,"Census Tract 1223, Queens County, New York",Queens,1294,394,1085,403,885,404,200,91,113,83,87,48,209,90,190,88,19,28
1400000US36081122702,"Census Tract 1227.02, Queens County, New York",Queens,2764,330,1718,351,558,260,1160,373,71,64,1089,364,1046,417,1037,418,9,15
1400000US36081122703,"Census Tract 1227.03, Queens County, New York",Queens,2663,212,1463,241,1102,243,361,208,159,172,202,156,1200,320,1133,299,67,76
1400000US36081122704,"Census Tract 1227.04, Queens County, New York",Queens,1929,470,1152,327,948,328,204,106,114,84,90,67,777,442,692,432,85,95
1400000US36081124100,"Census Tract 1241, Queens County, New York",Queens,1390,215,1098,210,896,191,202,112,118,103,84,48,292,125,282,125,10,17
1400000US36081124700,"Census Tract 1247, Queens County, New York",Queens,1320,384,1185,388,1008,392,177,86,12,18,165,85,135,72,103,63,32,32
1400000US36081125700,"Census Tract 1257, Queens County, New York",Queens,1033,179,695,170,519,190,176,83,77,62,99,64,338,100,329,99,9,14
1400000US36081126500,"Census Tract 1265, Queens County, New York",Queens,675,118,479,131,397,120,82,57,47,44,35,29,196,70,131,64,65,75
1400000US36081126700,"Census Tract 1267, Queens County, New York",Queens,660,139,504,134,411,118,93,59,54,43,39,32,156,76,108,85,48,33
1400000US36081127700,"Census Tract 1277, Queens County, New York",Queens,1060,126,843,149,727,143,116,79,34,51,82,63,217,103,157,77,60,73
1400000US36081128300,"Census Tract 1283, Queens County, New York",Queens,0,14,0,14,0,14,0,14,0,14,0,14,0,14,0,14,0,14
1400000US36081129102,"Census Tract 1291.02, Queens County, New York",Queens,1208,158,956,189,810,195,146,84,42,37,104,77,252,99,231,97,21,24
1400000US36081129103,"Census Tract 1291.03, Queens County, New York",Queens,1966,190,1144,225,887,205,257,125,73,56,184,113,822,167,807,167,15,24
1400000US36081129104,"Census Tract 1291.04, Queens County, New York",Queens,1763,112,1114,145,870,157,244,94,57,51,187,85,649,147,578,155,71,51
1400000US36081130100,"Census Tract 1301, Queens County, New York",Queens,1647,181,1177,203,885,178,292,115,91,98,201,85,470,127,423,131,47,47
1400000US36081133300,"Census Tract 1333, Queens County, New York",Queens,1462,326,1128,360,924,348,204,92,60,54,144,86,334,138,291,140,43,28
1400000US36081133900,"Census Tract 1339, Queens County, New York",Queens,483,69,421,73,374,75,47,32,11,17,36,26,62,38,51,36,11,16
1400000US36081134100,"Census Tract 1341, Queens County, New York",Queens,1143,319,829,133,609,136,220,61,85,45,135,62,314,284,301,282,13,21
1400000US36081134701,"Census Tract 1347.01, Queens County, New York",Queens,1964,159,1204,240,752,214,452,194,44,51,408,194,760,210,589,191,171,140
1400000US36081134702,"Census Tract 1347.02, Queens County, New York",Queens,1606,93,978,165,766,157,212,100,48,37,164,98,628,158,532,138,96,89
1400000US36081136700,"Census Tract 1367, Queens County, New York",Queens,2354,277,1465,314,1299,306,166,92,23,25,143,88,889,196,801,189,88,67
1400000US36081137700,"Census Tract 1377, Queens County, New York",Queens,2543,278,1754,252,1376,260,378,128,0,19,378,128,789,256,744,242,45,70
1400000US36081138501,"Census Tract 1385.01, Queens County, New York",Queens,1461,257,1165,264,890,205,275,198,154,191,121,73,296,119,294,119,2,3
1400000US36081138502,"Census Tract 1385.02, Queens County, New York",Queens,0,14,0,14,0,14,0,14,0,14,0,14,0,14,0,14,0,14
1400000US36081139900,"Census Tract 1399, Queens County, New York",Queens,532,80,439,91,350,81,89,52,53,39,36,30,93,45,93,45,0,14
1400000US36081140300,"Census Tract 1403, Queens County, New York",Queens,790,135,626,128,551,128,75,30,39,26,36,21,164,64,159,63,5,8
1400000US36081140901,"Census Tract 1409.01, Queens County, New York",Queens,322,170,299,173,250,171,49,27,25,14,24,26,23,18,23,18,0,14
1400000US36081140902,"Census Tract 1409.02, Queens County, New York",Queens,866,103,645,77,548,79,97,46,22,22,75,42,221,111,206,111,15,16
1400000US36081141700,"Census Tract 1417, Queens County, New York",Queens,1545,171,1214,222,858,210,356,143,61,56,295,133,331,119,289,110,42,39
1400000US36081142900,"Census Tract 1429, Queens County, New York",Queens,1380,300,942,157,814,149,128,66,77,53,51,33,438,304,425,303,13,20
1400000US36081143500,"Census Tract 1435, Queens County, New York",Queens,759,129,626,136,484,130,142,49,11,12,131,48,133,69,107,55,26,33
1400000US36081144100,"Census Tract 1441, Queens County, New York",Queens,1177,262,891,253,692,248,199,78,47,46,152,72,286,89,283,88,3,5
1400000US36081144700,"Census Tract 1447, Queens County, New York",Queens,1037,169,776,164,523,171,253,108,92,80,161,75,261,114,166,100,95,79
1400000US36081145101,"Census Tract 1451.01, Queens County, New York",Queens,424,59,283,75,192,61,91,52,65,49,26,19,141,56,131,53,10,13
1400000US36081145102,"Census Tract 1451.02, Queens County, New York",Queens,915,169,726,183,593,182,133,67,28,21,105,61,189,81,179,77,10,12
1400000US36081145900,"Census Tract 1459, Queens County, New York",Queens,960,141,718,153,564,147,154,74,93,66,61,38,242,82,198,73,44,46
1400000US36081146300,"Census Tract 1463, Queens County, New York",Queens,1085,323,560,151,329,122,231,115,35,31,196,122,525,325,407,321,118,97
1400000US36081146700,"Census Tract 1467, Queens County, New York",Queens,1404,186,615,136,446,120,169,110,100,96,69,45,789,192,538,199,251,106
1400000US36081147100,"Census Tract 1471, Queens County, New York",Queens,1401,162,881,128,688,130,193,106,10,16,183,105,520,192,487,190,33,30
1400000US36081147900,"Census Tract 1479, Queens County, New York",Queens,1788,228,1076,212,793,133,283,159,37,30,246,157,712,161,579,166,133,78
1400000US36081148300,"Census Tract 1483, Queens County, New York",Queens,1077,158,937,162,868,159,69,55,21,23,48,45,140,69,140,69,0,14
1400000US36081150701,"Census Tract 1507.01, Queens County, New York",Queens,1139,174,967,170,765,178,202,83,25,22,177,86,172,71,146,66,26,26
1400000US36081150702,"Census Tract 1507.02, Queens County, New York",Queens,1289,169,772,149,518,104,254,128,81,67,173,107,517,159,439,161,78,77
1400000US36081152901,"Census Tract 1529.01, Queens County, New York",Queens,2300,232,1525,226,1331,230,194,127,103,102,91,82,775,274,725,285,50,61
1400000US36081152902,"Census Tract 1529.02, Queens County, New York",Queens,2495,453,1868,455,1414,344,454,304,37,39,417,300,627,185,433,167,194,131
1400000US36081155101,"Census Tract 1551.01, Queens County, New York",Queens,1533,256,568,194,480,181,88,81,0,14,88,81,965,211,955,211,10,16
1400000US36081155103,"Census Tract 1551.03, Queens County, New York",Queens,2205,233,1063,217,733,218,330,166,97,84,233,155,1142,288,786,198,356,216
1400000US36081155104,"Census Tract 1551.04, Queens County, New York",Queens,1203,236,556,245,431,249,125,75,72,62,53,42,647,122,453,124,194,98
1400000US36081156700,"Census Tract 1567, Queens County, New York",Queens,302,92,216,79,143,54,73,65,0,14,73,65,86,55,67,49,19,26
1400000US36081157101,"Census Tract 1571.01, Queens County, New York",Queens,2537,254,1954,265,1719,283,235,145,107,105,128,108,583,203,513,186,70,72
1400000US36081157102,"Census Tract 1571.02, Queens County, New York",Queens,612,113,517,128,432,134,85,48,32,34,53,33,95,65,95,65,0,14
1400000US36081157901,"Census Tract 1579.01, Queens County, New York",Queens,1602,275,1128,261,880,264,248,103,58,44,190,100,474,124,404,115,70,62
1400000US36081157902,"Census Tract 1579.02, Queens County, New York",Queens,1274,266,1132,280,985,286,147,63,11,15,136,62,142,71,142,71,0,14
1400000US36081157903,"Census Tract 1579.03, Queens County, New York",Queens,1155,95,866,112,720,132,146,69,14,22,132,65,289,90,245,89,44,53
1400000US36081161700,"Census Tract 1617, Queens County, New York",Queens,1571,153,1362,170,1213,184,149,87,103,76,46,43,209,87,176,85,33,38
1400000US36081162100,"Census Tract 1621, Queens County, New York",Queens,2057,171,1600,178,1101,249,499,182,58,52,441,176,457,199,377,215,80,69
1400000US36081990100,"Census Tract 9901, Queens County, New York",Queens,0,14,0,14,0,14,0,14,0,14,0,14,0,14,0,14,0,14
1400000US36085000300,"Census Tract 3, Richmond County, New York",Staten Island,948,147,340,111,222,86,118,67,41,37,77,59,608,139,505,124,103,67
1400000US36085000600,"Census Tract 6, Richmond County, New York",Staten Island,1277,239,540,165,290,114,250,119,37,48,213,122,737,258,717,259,20,23
1400000US36085000700,"Census Tract 7, Richmond County, New York",Staten Island,1942,227,1214,224,240,166,974,204,245,93,729,187,728,178,517,154,211,154
1400000US36085000800,"Census Tract 8, Richmond County, New York",Staten Island,1858,282,1567,275,1139,308,428,213,231,155,197,150,291,138,237,131,54,72
1400000US36085000900,"Census Tract 9, Richmond County, New York",Staten Island,864,142,524,112,201,63,323,118,42,40,281,122,340,124,233,109,107,63
1400000US36085001100,"Census Tract 11, Richmond County, New York",Staten Island,1270,159,1030,161,479,145,551,186,289,142,262,118,240,102,206,97,34,45
1400000US36085001700,"Census Tract 17, Richmond County, New York",Staten Island,595,121,343,86,267,61,76,64,0,14,76,64,252,93,237,91,15,20
1400000US36085001800,"Census Tract 18, Richmond County, New York",Staten Island,146,58,103,56,92,55,11,13,7,12,4,6,43,27,43,27,0,14
1400000US36085002001,"Census Tract 20.01, Richmond County, New York",Staten Island,1519,307,657,179,518,150,139,103,81,89,58,43,862,297,697,279,165,128
1400000US36085002002,"Census Tract 20.02, Richmond County, New York",Staten Island,1291,212,722,127,519,105,203,111,83,70,120,87,569,201,562,201,7,15
1400000US36085002100,"Census Tract 21, Richmond County, New York",Staten Island,2160,255,1248,315,674,277,574,172,43,53,531,161,912,228,720,248,192,150
1400000US36085002700,"Census Tract 27, Richmond County, New York",Staten Island,395,117,263,118,206,116,57,53,35,47,22,21,132,58,57,33,75,54
1400000US36085002900,"Census Tract 29, Richmond County, New York",Staten Island,1831,269,1304,274,531,170,773,272,119,117,654,244,527,220,504,212,23,37
1400000US36085003300,"Census Tract 33, Richmond County, New York",Staten Island,1429,154,885,179,570,126,315,148,171,107,144,104,544,145,499,144,45,52
1400000US36085003600,"Census Tract 36, Richmond County, New York",Staten Island,870,174,692,166,415,97,277,147,80,51,197,147,178,71,103,59,75,64
1400000US36085003900,"Census Tract 39, Richmond County, New York",Staten Island,1102,117,568,128,383,111,185,84,25,40,160,74,534,112,411,100,123,77
1400000US36085004001,"Census Tract 40.01, Richmond County, New York",Staten Island,1102,429,529,103,226,102,303,88,109,46,194,77,573,445,315,245,258,356
1400000US36085004002,"Census Tract 40.02, Richmond County, New York",Staten Island,776,85,606,117,410,107,196,86,74,64,122,69,170,79,170,79,0,14
1400000US36085004003,"Census Tract 40.03, Richmond County, New York",Staten Island,1409,149,797,201,262,156,535,169,72,60,463,158,612,156,522,144,90,105
1400000US36085004004,"Census Tract 40.04, Richmond County, New York",Staten Island,1111,333,909,327,301,149,608,327,85,90,523,337,202,102,189,104,13,10
1400000US36085004700,"Census Tract 47, Richmond County, New York",Staten Island,928,140,551,153,324,140,227,100,44,55,183,81,377,153,321,141,56,68
1400000US36085005000,"Census Tract 50, Richmond County, New York",Staten Island,1500,165,1224,188,869,165,355,164,125,104,230,121,276,133,276,133,0,14
1400000US36085005901,"Census Tract 59.01, Richmond County, New York",Staten Island,1137,171,725,167,448,134,277,141,89,68,188,129,412,113,341,107,71,75
1400000US36085005902,"Census Tract 59.02, Richmond County, New York",Staten Island,0,14,0,14,0,14,0,14,0,14,0,14,0,14,0,14,0,14
1400000US36085006400,"Census Tract 64, Richmond County, New York",Staten Island,1221,127,902,136,553,129,349,113,100,67,249,95,319,79,317,79,2,3
1400000US36085006700,"Census Tract 67, Richmond County, New York",Staten Island,1192,150,814,154,654,155,160,66,44,48,116,62,378,99,328,104,50,42
1400000US36085007001,"Census Tract 70.01, Richmond County, New York",Staten Island,1044,308,872,318,486,122,386,297,232,287,154,75,172,71,113,59,59,45
1400000US36085007002,"Census Tract 70.02, Richmond County, New York",Staten Island,1777,317,1430,334,984,145,446,313,91,78,355,301,347,125,323,124,24,34
1400000US36085007400,"Census Tract 74, Richmond County, New York",Staten Island,1791,392,1117,144,733,124,384,127,156,89,228,97,674,396,552,376,122,146
1400000US36085007500,"Census Tract 75, Richmond County, New York",Staten Island,972,228,670,208,483,149,187,154,42,41,145,148,302,109,302,109,0,14
1400000US36085007700,"Census Tract 77, Richmond County, New York",Staten Island,523,85,390,92,218,104,172,62,15,17,157,62,133,63,110,64,23,26
1400000US36085008100,"Census Tract 81, Richmond County, New York",Staten Island,1795,236,1127,194,673,147,454,184,156,152,298,120,668,187,623,188,45,49
1400000US36085009601,"Census Tract 96.01, Richmond County, New York",Staten Island,1562,208,1022,240,753,226,269,113,107,70,162,103,540,157,434,152,106,89
1400000US36085009602,"Census Tract 96.02, Richmond County, New York",Staten Island,1444,191,1023,217,729,142,294,179,55,41,239,173,421,133,408,133,13,22
1400000US36085009701,"Census Tract 97.01, Richmond County, New York",Staten Island,1639,159,1282,187,787,179,495,154,103,88,392,159,357,129,311,131,46,37
1400000US36085009702,"Census Tract 97.02, Richmond County, New York",Staten Island,21,19,17,19,0,14,17,19,0,14,17,19,4,2,4,2,0,14
1400000US36085010500,"Census Tract 105, Richmond County, New York",Staten Island,1768,167,1254,213,813,181,441,172,44,55,397,158,514,135,435,127,79,62
1400000US36085011201,"Census Tract 112.01, Richmond County, New York",Staten Island,1866,256,1469,259,978,225,491,206,179,172,312,123,397,130,380,131,17,26
1400000US36085011203,"Census Tract 112.03, Richmond County, New York",Staten Island,2244,436,1821,413,1100,397,721,226,327,177,394,175,423,166,306,136,117,77
1400000US36085011204,"Census Tract 112.04, Richmond County, New York",Staten Island,27,26,16,21,0,14,16,21,0,14,16,21,11,16,11,16,0,14
1400000US36085011401,"Census Tract 114.01, Richmond County, New York",Staten Island,1408,240,900,253,488,166,412,184,38,45,374,188,508,145,498,143,10,16
1400000US36085011402,"Census Tract 114.02, Richmond County, New York",Staten Island,1201,137,783,160,547,165,236,98,68,52,168,84,418,159,306,128,112,98
1400000US36085012100,"Census Tract 121, Richmond County, New York",Staten Island,1091,262,890,250,839,250,51,37,8,15,43,35,201,77,182,77,19,24
1400000US36085012200,"Census Tract 122, Richmond County, New York",Staten Island,1383,132,1055,171,795,170,260,118,32,41,228,117,328,130,204,95,124,92
1400000US36085012500,"Census Tract 125, Richmond County, New York",Staten Island,1148,148,837,157,624,150,213,111,63,46,150,105,311,119,283,116,28,29
1400000US36085012804,"Census Tract 128.04, Richmond County, New York",Staten Island,1525,171,1237,173,822,194,415,168,93,86,322,162,288,112,255,112,33,27
1400000US36085012805,"Census Tract 128.05, Richmond County, New York",Staten Island,771,124,578,123,490,121,88,50,7,11,81,48,193,83,173,73,20,32
1400000US36085012806,"Census Tract 128.06, Richmond County, New York",Staten Island,2350,275,1406,290,837,221,569,243,108,115,461,224,944,357,788,341,156,149
1400000US36085013201,"Census Tract 132.01, Richmond County, New York",Staten Island,547,57,391,73,352,79,39,27,17,18,22,21,156,56,140,57,16,18
1400000US36085013203,"Census Tract 132.03, Richmond County, New York",Staten Island,2309,245,1956,297,1628,315,328,180,0,19,328,180,353,189,276,151,77,120
1400000US36085013204,"Census Tract 132.04, Richmond County, New York",Staten Island,1789,218,1275,154,1077,171,198,97,76,66,122,83,514,195,443,191,71,66
1400000US36085013301,"Census Tract 133.01, Richmond County, New York",Staten Island,499,51,262,67,64,50,198,70,58,45,140,56,237,55,231,55,6,10
1400000US36085013302,"Census Tract 133.02, Richmond County, New York",Staten Island,965,284,750,297,264,125,486,304,94,81,392,287,215,114,205,112,10,16
1400000US36085013400,"Census Tract 134, Richmond County, New York",Staten Island,1372,138,916,168,647,158,269,131,31,29,238,127,456,128,430,127,26,30
1400000US36085013800,"Census Tract 138, Richmond County, New York",Staten Island,2477,294,1917,395,1350,285,567,320,0,19,567,320,560,181,560,181,0,19
1400000US36085014100,"Census Tract 141, Richmond County, New York",Staten Island,1054,223,578,180,334,144,244,99,56,51,188,91,476,168,311,129,165,94
1400000US36085014604,"Census Tract 146.04, Richmond County, New York",Staten Island,2382,343,1946,373,1612,376,334,192,198,181,136,91,436,163,327,156,109,84
1400000US36085014605,"Census Tract 146.05, Richmond County, New York",Staten Island,1336,217,1137,230,802,244,335,163,158,115,177,114,199,92,171,86,28,33
1400000US36085014606,"Census Tract 146.06, Richmond County, New York",Staten Island,2254,238,1568,299,1258,259,310,206,119,111,191,178,686,229,557,191,129,145
1400000US36085014607,"Census Tract 146.07, Richmond County, New York",Staten Island,1676,173,1287,206,1117,161,170,122,29,33,141,117,389,116,311,112,78,64
1400000US36085014608,"Census Tract 146.08, Richmond County, New York",Staten Island,1266,187,972,163,905,171,67,40,21,22,46,36,294,157,254,142,40,46
1400000US36085014700,"Census Tract 147, Richmond County, New York",Staten Island,1544,249,907,191,730,199,177,87,42,39,135,78,637,216,589,215,48,43
1400000US36085015100,"Census Tract 151, Richmond County, New York",Staten Island,1772,288,1206,313,1028,292,178,116,0,19,178,116,566,172,380,149,186,111
1400000US36085015400,"Census Tract 154, Richmond County, New York",Staten Island,0,14,0,14,0,14,0,14,0,14,0,14,0,14,0,14,0,14
1400000US36085015601,"Census Tract 156.01, Richmond County, New York",Staten Island,2296,278,1696,283,1039,210,657,291,353,233,304,187,600,224,542,204,58,84
1400000US36085015602,"Census Tract 156.02, Richmond County, New York",Staten Island,1266,151,1044,159,803,134,241,119,46,38,195,116,222,63,194,63,28,29
1400000US36085015603,"Census Tract 156.03, Richmond County, New York",Staten Island,1801,232,1516,260,1142,265,374,126,223,105,151,94,285,113,266,110,19,25
1400000US36085016901,"Census Tract 169.01, Richmond County, New York",Staten Island,1047,112,866,133,570,95,296,111,27,27,269,111,181,77,115,53,66,54
1400000US36085017005,"Census Tract 170.05, Richmond County, New York",Staten Island,1828,211,1102,212,678,127,424,203,103,96,321,196,726,186,592,165,134,123
1400000US36085017007,"Census Tract 170.07, Richmond County, New York",Staten Island,1883,204,1502,185,1098,139,404,158,131,84,273,148,381,140,301,139,80,57
1400000US36085017009,"Census Tract 170.09, Richmond County, New York",Staten Island,1593,223,1239,230,1023,225,216,104,40,50,176,92,354,118,327,127,27,30
1400000US36085017011,"Census Tract 170.11, Richmond County, New York",Staten Island,1617,227,1234,177,860,187,374,98,76,39,298,95,383,166,317,160,66,58
1400000US36085017012,"Census Tract 170.12, Richmond County, New York",Staten Island,1679,164,1290,165,1023,165,267,95,122,77,145,72,389,137,230,94,159,116
1400000US36085017013,"Census Tract 170.13, Richmond County, New York",Staten Island,1398,289,1141,303,666,149,475,295,0,14,475,295,257,105,249,106,8,13
1400000US36085017014,"Census Tract 170.14, Richmond County, New York",Staten Island,1610,233,1159,198,921,192,238,111,59,47,179,108,451,202,443,202,8,16
1400000US36085017015,"Census Tract 170.15, Richmond County, New York",Staten Island,1100,210,832,211,561,123,271,219,202,208,69,90,268,106,268,106,0,14
1400000US36085017016,"Census Tract 170.16, Richmond County, New York",Staten Island,1546,186,1227,214,971,222,256,146,79,85,177,115,319,116,319,116,0,14
1400000US36085017300,"Census Tract 173, Richmond County, New York",Staten Island,992,141,717,154,417,128,300,89,95,50,205,74,275,90,269,90,6,8
1400000US36085017600,"Census Tract 176, Richmond County, New York",Staten Island,1554,155,1413,162,1196,165,217,88,54,40,163,83,141,88,141,88,0,19
1400000US36085017701,"Census Tract 177.01, Richmond County, New York",Staten Island,1454,206,1136,201,1073,201,63,54,5,9,58,55,318,155,284,146,34,46
1400000US36085017702,"Census Tract 177.02, Richmond County, New York",Staten Island,911,269,684,286,331,74,353,278,61,43,292,283,227,80,197,81,30,28
1400000US36085018100,"Census Tract 181, Richmond County, New York",Staten Island,1412,322,911,235,707,134,204,200,186,200,18,29,501,255,501,255,0,14
1400000US36085018701,"Census Tract 187.01, Richmond County, New York",Staten Island,693,99,441,101,367,107,74,44,0,14,74,44,252,56,176,52,76,46
1400000US36085018703,"Census Tract 187.03, Richmond County, New York",Staten Island,1118,337,865,290,763,286,102,64,40,43,62,45,253,179,208,180,45,40
1400000US36085018704,"Census Tract 187.04, Richmond County, New York",Staten Island,1171,227,890,156,629,155,261,151,70,84,191,131,281,206,247,195,34,34
1400000US36085018901,"Census Tract 189.01, Richmond County, New York",Staten Island,1697,146,1387,200,1021,241,366,156,165,118,201,99,310,142,242,131,68,82
1400000US36085018902,"Census Tract 189.02, Richmond County, New York",Staten Island,1602,236,1172,267,965,268,207,110,94,76,113,81,430,175,422,174,8,15
1400000US36085019700,"Census Tract 197, Richmond County, New York",Staten Island,703,84,554,87,416,101,138,59,34,26,104,55,149,55,140,54,9,14
1400000US36085019800,"Census Tract 198, Richmond County, New York",Staten Island,2506,390,2113,413,1682,438,431,257,139,111,292,216,393,179,326,155,67,76
1400000US36085020100,"Census Tract 201, Richmond County, New York",Staten Island,1278,209,865,235,706,209,159,122,41,35,118,114,413,137,356,133,57,65
1400000US36085020701,"Census Tract 207.01, Richmond County, New York",Staten Island,1031,271,780,315,502,286,278,171,107,123,171,131,251,150,251,150,0,14
1400000US36085020702,"Census Tract 207.02, Richmond County, New York",Staten Island,945,213,595,99,211,117,384,124,67,93,317,124,350,201,317,196,33,52
1400000US36085020803,"Census Tract 208.03, Richmond County, New York",Staten Island,2505,290,1929,268,1467,323,462,183,68,69,394,181,576,220,512,206,64,86
1400000US36085020804,"Census Tract 208.04, Richmond County, New York",Staten Island,1903,226,1486,234,1236,217,250,128,69,46,181,129,417,157,369,148,48,52
1400000US36085020805,"Census Tract 208.05, Richmond County, New York",Staten Island,2365,332,1827,294,1568,307,259,133,69,59,190,122,538,250,494,250,44,38
1400000US36085020806,"Census Tract 208.06, Richmond County, New York",Staten Island,874,143,669,79,569,90,100,56,39,37,61,45,205,140,142,134,63,58
1400000US36085021300,"Census Tract 213, Richmond County, New York",Staten Island,1558,161,1121,177,801,169,320,122,138,104,182,84,437,125,393,121,44,45
1400000US36085022300,"Census Tract 223, Richmond County, New York",Staten Island,1065,239,629,104,384,109,245,88,76,56,169,74,436,247,395,235,41,35
1400000US36085022601,"Census Tract 226.01, Richmond County, New York",Staten Island,2558,318,1962,251,1623,268,339,223,36,62,303,219,596,275,449,258,147,116
1400000US36085022602,"Census Tract 226.02, Richmond County, New York",Staten Island,717,414,361,92,285,111,76,40,40,19,36,30,356,406,331,405,25,23
1400000US36085022801,"Census Tract 228.01, Richmond County, New York",Staten Island,10,7,10,7,10,7,0,14,0,14,0,14,0,14,0,14,0,14
1400000US36085022802,"Census Tract 228.02, Richmond County, New York",Staten Island,0,14,0,14,0,14,0,14,0,14,0,14,0,14,0,14,0,14
1400000US36085023100,"Census Tract 231, Richmond County, New York",Staten Island,1529,218,1196,205,783,209,413,128,114,77,299,115,333,146,251,152,82,60
1400000US36085023900,"Census Tract 239, Richmond County, New York",Staten Island,1044,144,703,139,513,130,190,89,59,60,131,68,341,134,330,129,11,21
1400000US36085024401,"Census Tract 244.01, Richmond County, New York",Staten Island,1863,218,1573,236,1470,244,103,72,55,50,48,58,290,144,230,117,60,77
1400000US36085024402,"Census Tract 244.02, Richmond County, New York",Staten Island,1784,180,1271,243,1009,229,262,113,59,52,203,94,513,123,490,127,23,29
1400000US36085024700,"Census Tract 247, Richmond County, New York",Staten Island,878,102,671,102,432,99,239,93,28,30,211,93,207,80,190,77,17,19
1400000US36085024800,"Census Tract 248, Richmond County, New York",Staten Island,1774,187,1246,230,984,203,262,135,87,88,175,122,528,180,426,152,102,102
1400000US36085025100,"Census Tract 251, Richmond County, New York",Staten Island,2070,237,1561,247,1348,234,213,129,100,124,113,75,509,186,257,141,252,147
1400000US36085027301,"Census Tract 273.01, Richmond County, New York",Staten Island,1533,174,983,198,799,183,184,96,16,19,168,95,550,152,464,141,86,56
1400000US36085027302,"Census Tract 273.02, Richmond County, New York",Staten Island,1240,212,1040,164,878,156,162,121,6,11,156,122,200,169,152,159,48,51
1400000US36085027702,"Census Tract 277.02, Richmond County, New York",Staten Island,2862,267,1450,269,1014,263,436,174,123,71,313,155,1412,281,1236,295,176,111
1400000US36085027704,"Census Tract 277.04, Richmond County, New York",Staten Island,1535,217,1382,229,1041,227,341,119,86,63,255,108,153,97,153,97,0,19
1400000US36085027705,"Census Tract 277.05, Richmond County, New York",Staten Island,1953,255,1689,241,1268,223,421,191,37,44,384,195,264,143,264,143,0,19
1400000US36085027706,"Census Tract 277.06, Richmond County, New York",Staten Island,1128,240,872,235,709,230,163,91,54,43,109,82,256,105,213,91,43,42
1400000US36085027900,"Census Tract 279, Richmond County, New York",Staten Island,643,95,444,104,384,102,60,46,0,14,60,46,199,59,187,61,12,21
1400000US36085029102,"Census Tract 291.02, Richmond County, New York",Staten Island,1083,210,777,217,559,264,218,193,175,176,43,39,306,117,257,106,49,51
1400000US36085029104,"Census Tract 291.04, Richmond County, New York",Staten Island,2293,314,1911,336,1282,258,629,267,130,124,499,225,382,200,359,199,23,29
1400000US36085029105,"Census Tract 291.05, Richmond County, New York",Staten Island,1585,241,1084,255,781,223,303,149,55,48,248,141,501,135,349,117,152,88
1400000US36085029106,"Census Tract 291.06, Richmond County, New York",Staten Island,1002,90,680,125,432,108,248,103,51,44,197,97,322,101,283,99,39,63
1400000US36085030301,"Census Tract 303.01, Richmond County, New York",Staten Island,1914,228,1480,247,801,196,679,246,197,117,482,227,434,145,295,130,139,108
1400000US36085030302,"Census Tract 303.02, Richmond County, New York",Staten Island,2091,209,1468,194,1060,174,408,157,82,72,326,153,623,233,452,151,171,163
1400000US36085031901,"Census Tract 319.01, Richmond County, New York",Staten Island,1214,197,1015,205,380,138,635,229,104,65,531,221,199,86,160,75,39,48
1400000US36085031902,"Census Tract 319.02, Richmond County, New York",Staten Island,1571,185,1181,207,597,136,584,193,232,147,352,155,390,127,350,134,40,47
1400000US36085032300,"Census Tract 323, Richmond County, New York",Staten Island,437,99,305,98,226,106,79,43,7,10,72,45,132,45,121,47,11,12
1400000US36085990100,"Census Tract 9901, Richmond County, New York",Staten Island,0,14,0,14,0,14,0,14,0,14,0,14,0,14,0,14,0,14
