geoid,tract_name,borough,B15003_E001,B15003_M001,B15003_E002,B15003_M002,B15003_E003,B15003_M003,B15003_E004,B15003_M004,B15003_E005,B15003_M005,B15003_E006,B15003_M006,B15003_E007,B15003_M007,B15003_E008,B15003_M008,B15003_E009,B15003_M009,B15003_E010,B15003_M010,B15003_E011,B15003_M011,B15003_E012,B15003_M012,B15003_E013,B15003_M013,B15003_E014,B15003_M014,B15003_E015,B15003_M015,B15003_E016,B15003_M016,B15003_E017,B15003_M017,B15003_E018,B15003_M018,B15003_E019,B15003_M019,B15003_E020,B15003_M020,B15003_E021,B15003_M021,B15003_E022,B15003_M022,B15003_E023,B15003_M023,B15003_E024,B15003_M024,B15003_E025,B15003_M025
1400000US36005000100,"Census Tract 1, Bronx County, New York",Bronx,2650,1192,41,82,0,14,0,14,11,21,0,14,0,14,22,32,24,28,44,51,12,24,79,77,118,106,197,168,224,131,208,121,848,653,391,158,46,49,210,197,114,71,26,30,11,22,8,18,16,23
1400000US36005000200,"Census Tract 2, Bronx County, New York",Bronx,3509,488,217,173,0,19,0,19,3,5,1,3,0,19,0,19,33,52,21,34,0,19,0,19,0,19,0,19,53,48,56,56,846,297,356,215,24,40,414,184,332,195,664,199,489,331,0,19,0,19
1400000US36005000400,"Census Tract 4, Bronx County, New York",Bronx,4804,707,123,81,0,19,0,19,0,19,0,19,0,19,0,19,28,46,19,31,0,19,375,367,128,112,160,257,0,19,184,154,942,435,91,83,259,121,410,196,310,206,1115,398,529,176,131,144,0,19
1400000US36005001600,"Census Tract 16, Bronx County, New York",Bronx,3880,496,57,77,0,19,0,19,0,19,75,105,0,19,15,23,15,24,241,295,69,95,73,89,11,17,17,28,267,171,166,119,875,261,183,113,208,133,351,144,401,217,536,246,299,156,0,19,21,35
1400000US36005001901,"Census Tract 19.01, Bronx County, New York",Bronx,1655,252,83,59,0,14,0,14,0,14,0,14,10,21,0,14,18,30,0,14,0,14,8,14,0,14,4,7,68,65,110,99,455,236,9,14,41,41,190,129,172,97,297,109,147,79,43,48,0,14
1400000US36005001902,"Census Tract 19.02, Bronx County, New York",Bronx,1550,283,54,59,0,14,0,14,0,14,3,5,5,12,0,14,22,31,19,26,0,14,31,34,165,111,96,110,70,75,84,75,184,83,21,20,53,47,248,87,287,78,76,52,99,77,33,33,0,14
1400000US36005001903,"Census Tract 19.03, Bronx County, New York",Bronx,0,14,0,14,0,14,0,14,0,14,0,14,0,14,0,14,0,14,0,14,0,14,0,14,0,14,0,14,0,14,0,14,0,14,0,14,0,14,0,14,0,14,0,14,0,14,0,14,0,14
1400000US36005001904,"Census Tract 19.04, Bronx County, New York",Bronx,0,14,0,14,0,14,0,14,0,14,0,14,0,14,0,14,0,14,0,14,0,14,0,14,0,14,0,14,0,14,0,14,0,14,0,14,0,14,0,14,0,14,0,14,0,14,0,14,0,14
1400000US36005002001,"Census Tract 20.01, Bronx County, New York",Bronx,2468,386,273,161,0,14,0,14,0,14,0,14,0,14,70,115,0,14,30,45,12,22,23,35,31,39,29,42,192,123,134,146,598,222,342,190,70,60,218,154,282,144,133,95,31,42,0,14,0,14
1400000US36005002002,"Census Tract 20.02, Bronx County, New York",Bronx,2981,686,646,392,0,14,0,14,0,14,49,85,0,14,64,81,0,14,0,14,19,31,185,159,0,14,215,312,147,170,15,24,431,213,0,14,511,534,313,265,66,73,261,160,59,56,0,14,0,14
1400000US36005002300,"Census Tract 23, Bronx County, New York",Bronx,2587,355,119,88,0,14,0,14,0,14,0,14,0,14,18,33,161,176,0,14,52,55,217,207,175,92,22,41,55,68,163,145,380,190,105,84,375,141,283,144,323,188,85,82,54,45,0,14,0,14
1400000US36005002400,"Census Tract 24, Bronx County, New York",Bronx,67,10,0,14,0,14,0,14,14,28,0,14,0,14,0,14,0,14,0,14,0,14,0,14,15,28,11,26,0,14,13,31,14,31,0,14,0,14,0,14,0,14,0,14,0,14,0,14,0,14
1400000US36005002500,"Census Tract 25, Bronx County, New York",Bronx,2905,324,329,139,0,19,0,19,0,19,0,19,0,19,74,67,44,50,118,94,16,22,87,88,4,12,147,112,161,135,197,113,555,195,144,114,25,33,606,242,59,70,232,166,86,92,0,19,21,33
1400000US36005002701,"Census Tract 27.01, Bronx County, New York",Bronx,1781,239,193,126,0,14,10,17,0,14,29,44,90,78,0,14,0,14,83,96,35,39,109,73,4,36,83,79,57,59,279,162,312,157,80,68,160,122,92,74,16,26,149,118,0,14,0,14,0,14
1400000US36005002702,"Census Tract 27.02, Bronx County, New York",Bronx,3287,429,131,86,24,41,0,14,0,14,45,70,29,39,0,14,17,27,237,159,6,14,211,155,254,157,128,116,248,128,311,192,644,198,250,178,73,63,238,144,122,109,155,129,164,130,0,14,0,14
1400000US36005002800,"Census Tract 28, Bronx County, New York",Bronx,4002,518,70,73,24,43,0,19,0,19,0,19,0,19,0,19,0,19,0,19,0,19,93,175,64,93,35,56,71,73,134,141,518,212,27,33,208,132,566,232,505,233,840,314,784,413,0,19,63,72
1400000US36005003100,"Census Tract 31, Bronx County, New York",Bronx,1751,324,61,60,0,14,0,14,160,249,0,14,0,14,11,18,18,29,12,19,0,14,28,49,0,14,0,14,35,39,53,64,464,128,70,77,261,112,34,38,126,76,299,113,80,80,39,54,0,14
1400000US36005003300,"Census Tract 33, Bronx County, New York",Bronx,2162,337,176,143,93,126,0,14,0,14,0,14,0,14,0,14,11,18,25,31,67,83,80,131,114,106,88,88,52,80,199,143,286,153,148,149,72,92,190,129,102,99,456,255,3,14,0,14,0,14
1400000US36005003500,"Census Tract 35, Bronx County, New York",Bronx,2233,383,258,184,0,14,34,55,0,14,0,14,31,44,38,49,7,11,101,95,0,14,175,123,109,92,14,21,25,39,146,111,176,102,264,148,57,58,110,71,242,282,329,173,102,81,15,22,0,14
1400000US36005003700,"Census Tract 37, Bronx County, New York",Bronx,279,136,0,14,0,14,0,14,0,14,0,14,0,14,0,14,0,14,9,20,26,36,23,37,0,14,6,15,0,14,32,51,28,31,28,40,18,22,30,35,35,38,34,37,10,14,0,14,0,14
1400000US36005003800,"Census Tract 38, Bronx County, New York",Bronx,822,224,34,32,0,14,0,14,0,14,0,14,0,14,0,14,0,14,32,41,4,25,25,32,60,48,23,28,0,14,97,62,184,130,16,23,75,78,42,36,112,74,49,43,51,47,18,29,0,14
1400000US36005003900,"Census Tract 39, Bronx County, New York",Bronx,3356,540,538,274,0,19,0,19,0,19,0,19,0,19,32,52,0,19,157,232,19,33,128,142,64,93,31,32,47,73,41,38,763,271,254,132,65,95,346,191,334,129,350,171,118,113,69,107,0,19
1400000US36005004001,"Census Tract 40.01, Bronx County, New York",Bronx,954,153,18,17,0,14,0,14,0,14,0,14,0,14,0,14,12,22,35,42,0,14,10,14,0,14,9,10,35,32,18,21,264,95,27,38,89,57,60,49,133,57,141,60,98,54,0,14,5,8
1400000US36005004100,"Census Tract 41, Bronx County, New York",Bronx,3818,839,165,166,0,19,0,19,0,19,44,72,0,19,35,51,0,19,0,19,41,66,178,164,246,209,0,19,550,328,163,194,633,442,297,238,112,124,298,218,603,394,374,271,79,94,0,19,0,19
1400000US36005004200,"Census Tract 42, Bronx County, New York",Bronx,4846,496,352,199,0,19,0,19,0,19,0,19,36,51,0,19,0,19,92,94,0,19,0,19,135,128,117,129,160,66,298,196,857,302,450,199,385,176,689,289,162,144,552,290,510,333,51,68,0,19
1400000US36005004300,"Census Tract 43, Bronx County, New York",Bronx,3305,426,158,183,0,19,0,19,95,121,0,19,36,58,37,59,0,19,102,89,40,66,0,19,114,121,23,30,258,176,120,113,500,260,388,206,366,185,450,253,190,122,365,177,63,68,0,19,0,19
1400000US36005004400,"Census Tract 44, Bronx County, New York",Bronx,2763,318,123,77,0,14,0,14,33,55,10,17,48,50,17,29,0,14,107,76,0,14,169,95,42,35,68,67,200,104,60,44,552,178,328,147,210,162,350,131,182,113,163,93,83,68,18,25,0,14
1400000US36005004600,"Census Tract 46, Bronx County, New York",Bronx,994,164,22,20,0,14,0,14,0,14,0,14,0,14,0,14,12,18,0,14,15,22,12,17,31,34,19,21,52,36,41,37,241,98,113,73,32,32,79,56,105,74,149,109,71,55,0,14,0,14
1400000US36005004800,"Census Tract 48, Bronx County, New York",Bronx,2824,391,217,84,0,14,0,14,0,14,59,72,44,49,0,14,47,52,280,179,16,26,112,73,28,42,169,94,56,48,20,27,828,239,98,79,38,43,375,188,182,85,209,118,21,23,25,30,0,14
1400000US36005005001,"Census Tract 50.01, Bronx County, New York",Bronx,2751,362,304,166,0,14,0,14,0,14,0,14,9,22,0,14,29,39,39,84,0,14,0,14,61,59,150,130,105,95,244,159,736,250,128,111,115,71,236,111,199,101,282,83,108,106,6,9,0,14
1400000US36005005002,"Census Tract 50.02, Bronx County, New York",Bronx,3479,709,478,274,0,19,0,19,0,19,79,73,99,69,0,19,18,22,178,110,45,45,117,106,91,59,104,70,157,126,137,112,979,475,122,79,42,40,460,229,244,175,78,53,51,49,0,19,0,19
1400000US36005005100,"Census Tract 51, Bronx County, New York",Bronx,4205,506,174,109,0,19,0,19,0,19,85,124,0,19,18,28,29,42,0,19,0,19,205,125,288,241,391,307,341,200,90,111,725,300,243,150,201,145,359,240,313,276,605,360,86,88,0,19,52,84
1400000US36005005200,"Census Tract 52, Bronx County, New York",Bronx,1145,170,70,44,0,14,0,14,0,14,0,14,16,18,11,17,0,14,22,26,33,47,7,11,55,59,15,26,7,10,44,36,443,188,65,40,36,32,189,99,57,44,48,40,27,29,0,14,0,14
1400000US36005005300,"Census Tract 53, Bronx County, New York",Bronx,2524,525,64,54,0,14,0,14,0,14,0,14,0,14,0,14,0,14,18,28,17,30,40,50,97,89,70,69,41,35,148,130,544,253,389,262,530,447,243,156,187,121,136,107,0,14,0,14,0,14
1400000US36005005400,"Census Tract 54, Bronx County, New York",Bronx,3174,462,198,136,0,19,0,19,0,19,106,105,0,19,31,38,64,64,262,156,38,55,47,49,60,63,41,38,18,29,78,73,1116,302,16,30,129,94,528,195,99,84,279,133,64,54,0,19,0,19
1400000US36005005600,"Census Tract 56, Bronx County, New York",Bronx,1686,377,82,75,0,14,0,14,0,14,33,35,60,55,13,22,0,14,36,66,0,14,48,44,5,15,96,72,106,75,44,34,412,155,119,71,92,79,88,70,119,68,294,211,39,47,0,14,0,14
1400000US36005005902,"Census Tract 59.02, Bronx County, New York",Bronx,2068,282,202,107,0,14,0,14,0,14,0,14,0,14,0,14,0,14,0,14,0,14,37,43,20,35,0,14,54,42,99,98,350,163,52,38,74,69,176,85,74,66,520,176,189,120,176,140,45,47
1400000US36005006000,"Census Tract 60, Bronx County, New York",Bronx,831,209,65,43,0,14,0,14,0,14,4,7,0,14,3,5,3,5,6,10,14,22,13,18,11,17,78,110,15,15,60,51,97,60,19,18,39,39,129,67,69,59,157,70,19,15,18,24,12,18
1400000US36005006100,"Census Tract 61, Bronx County, New York",Bronx,2606,573,10,16,0,14,70,103,0,14,0,14,0,14,0,14,0,14,0,14,0,14,0,14,0,14,11,20,145,212,88,101,485,324,67,53,186,113,220,103,272,162,521,157,531,253,0,14,0,14
1400000US36005006200,"Census Tract 62, Bronx County, New York",Bronx,3547,602,193,159,0,19,0,19,0,19,66,103,0,19,144,202,49,82,211,211,64,103,97,113,84,109,46,76,381,196,224,159,566,271,360,240,102,104,374,203,204,163,312,198,69,88,1,3,0,19
1400000US36005006301,"Census Tract 63.01, Bronx County, New York",Bronx,5517,971,196,178,0,19,0,19,0,19,0,19,0,19,5,7,60,88,54,69,0,19,207,208,0,19,163,188,175,181,28,39,1264,915,194,140,349,249,756,386,337,226,1150,391,448,276,131,150,0,19
1400000US36005006302,"Census Tract 63.02, Bronx County, New York",Bronx,0,14,0,14,0,14,0,14,0,14,0,14,0,14,0,14,0,14,0,14,0,14,0,14,0,14,0,14,0,14,0,14,0,14,0,14,0,14,0,14,0,14,0,14,0,14,0,14,0,14
1400000US36005006400,"Census Tract 64, Bronx County, New York",Bronx,2380,377,241,164,0,14,0,14,22,37,0,14,0,14,0,14,21,34,0,14,0,14,35,38,62,70,72,80,106,111,43,60,911,275,111,82,16,22,179,107,192,119,287,116,56,71,26,34,0,14
1400000US36005006500,"Census Tract 65, Bronx County, New York",Bronx,3273,492,114,75,0,19,0,19,0,19,0,19,0,19,50,60,21,27,100,144,69,97,4,9,93,131,246,195,76,117,155,119,557,308,222,141,284,305,384,229,463,260,211,144,179,126,0,19,45,58
1400000US36005006700,"Census Tract 67, Bronx County, New York",Bronx,4614,752,339,270,0,19,83,119,0,19,0,19,236,270,8,18,23,42,108,125,0,19,105,115,0,19,226,219,200,215,301,453,1154,558,412,254,147,158,631,367,207,201,345,206,47,77,0,19,42,67
1400000US36005006800,"Census Tract 68, Bronx County, New York",Bronx,1571,360,155,143,0,14,0,14,0,14,0,14,0,14,62,63,31,46,0,14,0,14,8,13,34,45,139,121,86,101,36,35,507,176,114,83,65,64,193,112,18,30,89,74,34,55,0,14,0,14
1400000US36005006900,"Census Tract 69, Bronx County, New York",Bronx,4104,665,179,167,0,19,0,19,0,19,58,80,55,88,0,19,0,19,8,21,39,63,270,205,207,164,148,171,151,139,75,86,1005,357,195,137,94,87,741,330,474,221,183,159,125,119,32,52,65,108
1400000US36005007000,"Census Tract 70, Bronx County, New York",Bronx,3122,465,127,88,0,14,0,14,0,14,82,76,0,14,26,27,65,58,182,94,18,23,14,24,94,83,100,87,158,98,200,130,725,200,162,102,52,51,383,225,273,142,416,178,45,41,0,14,0,14
1400000US36005007100,"Census Tract 71, Bronx County, New York",Bronx,2210,298,44,61,0,14,0,14,1,2,0,14,0,14,25,40,83,129,81,69,0,14,25,39,36,44,0,14,82,76,100,86,486,251,264,196,87,61,204,144,94,76,452,160,125,78,21,34,0,14
1400000US36005007200,"Census Tract 72, Bronx County, New York",Bronx,3356,562,420,186,0,14,0,14,0,14,22,35,0,14,0,14,18,21,28,38,0,14,61,32,75,73,66,62,61,59,147,92,1012,451,230,122,108,61,224,117,244,133,281,142,297,176,33,30,29,36
1400000US36005007300,"Census Tract 73, Bronx County, New York",Bronx,2496,405,106,115,0,14,0,14,15,23,0,14,0,14,0,14,0,14,0,14,0,14,181,118,78,90,79,86,169,174,124,114,845,371,194,117,128,98,171,131,165,136,206,175,35,38,0,14,0,14
1400000US36005007400,"Census Tract 74, Bronx County, New York",Bronx,2401,394,83,73,0,14,0,14,0,14,0,14,35,50,0,14,0,14,0,14,0,14,22,33,0,14,10,16,39,45,76,67,525,205,218,104,97,88,380,223,273,113,383,152,233,135,15,24,12,19
1400000US36005007500,"Census Tract 75, Bronx County, New York",Bronx,3595,534,189,175,0,19,0,19,0,19,0,19,0,19,0,19,0,19,38,67,60,72,196,170,203,158,40,63,26,32,266,221,583,298,487,230,167,134,414,237,227,162,518,206,156,124,25,36,0,19
1400000US36005007600,"Census Tract 76, Bronx County, New York",Bronx,3535,659,284,153,13,20,0,19,0,19,25,40,128,105,21,33,0,19,79,69,18,32,43,41,62,70,85,76,88,67,129,84,874,317,225,192,68,71,427,181,227,95,541,299,116,71,70,110,12,23
1400000US36005007700,"Census Tract 77, Bronx County, New York",Bronx,1356,360,60,49,0,14,0,14,0,14,0,14,2,9,0,14,0,14,0,14,22,28,42,35,66,48,15,17,84,94,75,53,382,224,72,60,145,100,96,67,20,23,214,73,36,35,19,27,6,11
1400000US36005007800,"Census Tract 78, Bronx County, New York",Bronx,3488,405,165,128,0,19,0,19,0,19,0,19,0,19,0,19,0,19,152,105,40,40,184,137,55,65,97,99,60,85,87,80,952,294,264,188,62,76,488,203,211,148,635,246,36,61,0,19,0,19
1400000US36005007900,"Census Tract 79, Bronx County, New York",Bronx,4242,590,596,392,0,19,0,19,0,19,0,19,0,19,11,18,0,19,9,18,0,19,111,170,95,95,101,150,18,39,251,182,581,306,263,205,116,128,277,177,770,222,758,531,238,225,47,75,0,19
1400000US36005008300,"Census Tract 83, Bronx County, New York",Bronx,3853,495,316,190,0,19,0,19,0,19,0,19,0,19,128,200,91,149,78,59,134,144,45,52,40,62,87,76,110,128,147,98,804,364,220,157,218,147,210,124,351,256,731,313,143,106,0,19,0,19
1400000US36005008400,"Census Tract 84, Bronx County, New York",Bronx,2094,560,44,39,0,14,35,34,0,14,0,14,0,14,8,13,0,14,0,14,42,47,0,14,7,12,12,19,41,50,12,20,512,252,171,81,122,68,273,292,99,111,485,206,172,102,37,25,22,22
1400000US36005008500,"Census Tract 85, Bronx County, New York",Bronx,3752,394,340,157,0,19,0,19,6,14,3,10,35,55,65,73,55,81,191,167,0,19,18,21,155,109,62,64,60,53,104,60,505,229,388,241,286,154,517,241,343,155,306,180,233,131,64,63,16,28
1400000US36005008600,"Census Tract 86, Bronx County, New York",Bronx,2273,390,262,178,0,14,0,14,0,14,46,77,53,86,117,116,0,14,19,30,43,67,59,87,88,79,104,96,246,211,15,24,223,123,177,120,47,51,297,230,262,182,163,108,35,37,17,24,0,14
1400000US36005008700,"Census Tract 87, Bronx County, New York",Bronx,3566,502,155,110,0,19,0,19,0,19,0,19,0,19,29,37,0,19,229,217,37,56,191,150,54,46,91,89,68,71,60,70,576,204,482,240,310,152,340,145,292,184,482,205,141,111,29,31,0,19
1400000US36005008900,"Census Tract 89, Bronx County, New York",Bronx,2137,346,135,108,0,14,0,14,0,14,32,35,86,85,0,14,0,14,65,60,5,8,97,100,215,184,0,14,129,86,275,189,280,193,167,143,133,92,198,140,174,117,0,14,100,78,0,14,46,68
1400000US36005009000,"Census Tract 90, Bronx County, New York",Bronx,2323,473,242,129,2,5,0,14,0,14,21,33,0,14,0,14,32,37,8,26,0,14,168,102,9,24,63,103,52,81,191,161,366,173,121,99,185,144,296,160,258,157,290,149,11,24,0,14,8,19
1400000US36005009200,"Census Tract 92, Bronx County, New York",Bronx,3974,546,272,139,0,19,0,19,0,19,0,19,0,19,3,6,1,3,0,19,17,20,38,61,18,28,11,27,107,92,199,160,1300,408,289,128,229,132,937,282,81,98,297,175,156,90,0,19,19,31
1400000US36005009301,"Census Tract 93.01, Bronx County, New York",Bronx,3437,620,347,166,0,19,0,19,0,19,5,13,9,19,0,19,0,19,0,19,17,29,116,107,88,86,0,19,48,65,117,114,830,470,239,105,314,182,487,247,348,194,269,148,203,138,0,19,0,19
1400000US36005009302,"Census Tract 93.02, Bronx County, New York",Bronx,262,301,28,99,0,14,0,14,0,14,0,14,0,14,0,14,0,14,0,14,7,18,11,14,0,14,24,43,29,17,21,50,97,170,27,22,0,14,11,14,7,18,0,14,0,14,0,14,0,14
1400000US36005009600,"Census Tract 96, Bronx County, New York",Bronx,1472,230,30,20,0,14,0,14,7,11,0,14,34,36,11,13,0,14,16,18,5,7,61,44,53,63,23,26,22,27,54,43,373,84,44,43,12,19,213,104,215,146,209,80,75,34,10,26,5,8
1400000US36005009800,"Census Tract 98, Bronx County, New York",Bronx,3263,628,194,114,0,14,0,14,4,9,0,14,0,14,21,35,0,14,2,5,0,14,148,113,266,371,65,48,96,112,126,92,366,217,84,76,92,72,617,152,179,182,721,289,254,180,28,47,0,14
1400000US36005011000,"Census Tract 110, Bronx County, New York",Bronx,0,14,0,14,0,14,0,14,0,14,0,14,0,14,0,14,0,14,0,14,0,14,0,14,0,14,0,14,0,14,0,14,0,14,0,14,0,14,0,14,0,14,0,14,0,14,0,14,0,14
1400000US36005011502,"Census Tract 115.02, Bronx County, New York",Bronx,2572,376,186,124,0,14,0,14,0,14,0,14,0,14,29,59,59,70,171,147,74,77,55,52,99,85,64,75,6,17,55,49,617,234,216,139,153,131,374,164,124,112,200,125,90,75,0,14,0,14
1400000US36005011701,"Census Tract 117.01, Bronx County, New York",Bronx,752,135,48,40,0,14,0,14,0,14,13,19,0,14,0,14,3,10,14,27,0,14,0,14,4,12,14,29,102,70,20,33,151,96,26,29,34,34,79,56,66,58,118,82,60,56,0,14,0,14
1400000US36005011702,"Census Tract 117.02, Bronx County, New York",Bronx,0,14,0,14,0,14,0,14,0,14,0,14,0,14,0,14,0,14,0,14,0,14,0,14,0,14,0,14,0,14,0,14,0,14,0,14,0,14,0,14,0,14,0,14,0,14,0,14,0,14
1400000US36005011800,"Census Tract 118, Bronx County, New York",Bronx,2820,446,90,100,0,19,0,19,0,19,0,19,0,19,0,19,0,19,0,19,54,63,12,19,8,11,8,17,44,52,33,33,508,148,110,76,159,94,298,147,352,139,760,263,335,122,12,19,37,35
1400000US36005011900,"Census Tract 119, Bronx County, New York",Bronx,3049,367,110,73,0,19,0,19,0,19,0,19,14,23,0,19,96,78,73,73,41,48,188,118,81,86,125,82,183,108,62,68,758,281,269,126,116,79,248,166,256,122,399,134,30,32,0,19,0,19
1400000US36005012101,"Census Tract 121.01, Bronx County, New York",Bronx,2117,286,268,156,5,15,0,14,0,14,0,14,0,14,0,14,15,17,32,30,0,14,27,25,85,60,47,45,14,19,88,56,458,130,162,110,147,80,325,169,142,79,255,154,33,39,14,22,0,14
1400000US36005012102,"Census Tract 121.02, Bronx County, New York",Bronx,936,226,53,51,0,14,0,14,0,14,0,14,0,14,51,56,12,19,77,98,22,31,88,48,6,13,70,62,33,35,26,24,200,112,45,37,25,28,136,89,51,40,21,25,20,30,0,14,0,14
1400000US36005012300,"Census Tract 123, Bronx County, New York",Bronx,2905,427,78,59,0,14,0,14,0,14,104,149,0,14,15,35,98,133,106,114,25,37,0,14,197,139,59,46,138,114,87,76,716,246,245,132,139,111,348,167,191,158,359,160,0,14,0,14,0,14
1400000US36005012500,"Census Tract 125, Bronx County, New York",Bronx,2304,301,104,77,0,14,0,14,0,14,0,14,0,14,0,14,0,14,27,32,64,79,62,54,17,34,68,84,16,37,32,54,560,188,163,102,215,112,287,179,194,125,319,175,153,89,0,14,23,36
1400000US36005012701,"Census Tract 127.01, Bronx County, New York",Bronx,1258,215,49,37,0,14,0,14,0,14,0,14,1,2,0,14,31,26,24,34,0,14,56,44,112,103,65,49,56,53,11,18,360,112,17,19,145,136,133,69,40,31,82,69,45,49,31,51,0,14
1400000US36005012901,"Census Tract 129.01, Bronx County, New York",Bronx,2967,584,77,64,0,14,0,14,0,14,0,14,21,44,0,14,23,35,70,75,85,136,63,83,74,75,159,157,63,58,255,206,496,179,100,71,316,267,381,177,289,198,444,197,0,14,51,45,0,14
1400000US36005013000,"Census Tract 130, Bronx County, New York",Bronx,908,124,5,8,0,14,0,14,0,14,0,14,22,32,0,14,0,14,20,29,25,42,34,43,15,25,46,53,20,30,73,57,222,83,40,42,25,24,72,47,44,37,149,68,89,61,0,14,7,11
1400000US36005013100,"Census Tract 131, Bronx County, New York",Bronx,3687,384,272,188,0,19,0,19,3,6,20,30,61,69,0,19,138,98,33,27,110,88,119,111,250,149,18,26,222,136,147,101,791,312,142,110,119,106,321,163,442,221,306,161,173,167,0,19,0,19
1400000US36005013200,"Census Tract 132, Bronx County, New York",Bronx,4992,758,247,140,0,19,0,19,0,19,0,19,22,35,0,19,128,122,92,134,0,19,20,31,24,38,0,19,24,39,119,138,1007,335,304,150,241,138,912,672,587,213,891,298,336,184,0,19,38,63
1400000US36005013300,"Census Tract 133, Bronx County, New York",Bronx,3734,827,543,429,0,19,0,19,52,78,0,19,0,19,40,66,19,32,0,19,0,19,128,142,246,181,269,253,102,99,81,87,579,281,178,199,495,186,437,537,189,147,376,244,0,19,0,19,0,19
1400000US36005013500,"Census Tract 135, Bronx County, New York",Bronx,2053,382,233,161,0,14,0,14,0,14,0,14,27,44,0,14,0,14,278,279,0,14,0,14,43,56,38,84,195,107,46,73,407,222,34,56,81,101,331,277,112,146,215,197,13,27,0,14,0,14
1400000US36005013800,"Census Tract 138, Bronx County, New York",Bronx,2114,303,38,58,0,14,0,14,0,14,0,14,0,14,0,14,0,14,0,14,0,14,0,14,9,15,36,41,16,21,37,44,544,149,40,32,197,94,263,110,164,88,516,236,240,99,0,14,14,22
1400000US36005014100,"Census Tract 141, Bronx County, New York",Bronx,4811,490,340,211,0,19,0,19,5,9,0,19,36,58,10,19,0,19,103,130,0,19,0,19,179,135,308,197,212,158,105,94,836,372,240,164,182,174,846,290,631,264,463,209,274,168,41,63,0,19
1400000US36005014300,"Census Tract 143, Bronx County, New York",Bronx,1075,150,39,33,0,14,0,14,0,14,0,14,0,14,0,14,30,37,26,28,0,14,19,22,38,48,32,47,26,40,71,46,236,98,70,60,76,51,220,104,100,61,67,52,25,32,0,14,0,14
1400000US36005014400,"Census Tract 144, Bronx County, New York",Bronx,4118,650,140,122,0,19,0,19,0,19,0,19,23,37,0,19,0,19,7,17,0,19,101,94,651,320,39,74,46,60,99,86,1162,403,229,176,412,275,428,260,189,127,294,169,298,148,0,19,0,19
1400000US36005014500,"Census Tract 145, Bronx County, New York",Bronx,4021,913,888,396,0,19,0,19,0,19,0,19,0,19,5,67,8,21,18,34,0,19,34,76,155,116,454,285,129,93,112,118,499,228,567,548,99,104,323,230,329,234,302,219,99,157,0,19,0,19
1400000US36005014701,"Census Tract 147.01, Bronx County, New York",Bronx,3104,940,93,282,0,19,0,19,0,19,0,19,0,19,0,19,0,19,63,95,5,11,50,83,445,498,63,85,537,483,70,83,1033,413,254,208,102,99,113,127,74,98,135,125,67,114,0,19,0,19
1400000US36005014702,"Census Tract 147.02, Bronx County, New York",Bronx,2654,450,282,152,0,14,0,14,0,14,0,14,34,52,20,31,0,14,34,55,67,107,107,102,205,139,58,60,112,103,105,92,405,165,336,189,104,106,218,165,204,203,338,356,25,37,0,14,0,14
1400000US36005014900,"Census Tract 149, Bronx County, New York",Bronx,2795,467,91,131,0,14,0,14,0,14,0,14,0,14,27,45,42,61,0,14,0,14,60,73,47,56,173,134,34,50,212,119,653,218,70,76,81,77,274,174,391,125,377,147,263,153,0,14,0,14
1400000US36005015100,"Census Tract 151, Bronx County, New York",Bronx,3732,740,649,578,0,19,0,19,0,19,0,19,0,19,36,51,4,7,194,180,0,19,95,142,17,30,78,74,90,90,102,62,561,249,169,103,217,141,596,327,493,317,88,85,343,267,0,19,0,19
1400000US36005015200,"Census Tract 152, Bronx County, New York",Bronx,1671,265,57,43,0,14,0,14,0,14,8,12,0,14,0,14,14,23,10,18,0,14,0,14,30,34,0,14,32,48,12,15,605,190,86,60,60,38,295,117,133,66,244,102,67,50,0,14,18,20
1400000US36005015300,"Census Tract 153, Bronx County, New York",Bronx,2410,409,97,94,0,14,0,14,13,25,0,14,21,35,0,14,0,14,0,14,15,33,96,98,106,87,0,14,163,120,70,84,366,189,272,151,129,109,306,195,486,342,199,131,71,85,0,14,0,14
1400000US36005015500,"Census Tract 155, Bronx County, New York",Bronx,2135,416,109,81,0,14,0,14,0,14,0,14,0,14,24,31,0,14,72,86,30,48,119,78,69,64,82,63,67,67,138,109,435,260,222,128,32,33,332,203,41,46,297,218,43,49,23,35,0,14
1400000US36005015700,"Census Tract 157, Bronx County, New York",Bronx,3807,548,136,125,0,19,0,19,0,19,0,19,0,19,0,19,0,19,95,104,51,80,31,48,49,71,35,58,335,233,317,181,773,449,264,169,114,122,413,183,329,195,643,267,146,107,0,19,76,68
1400000US36005015800,"Census Tract 158, Bronx County, New York",Bronx,1151,198,44,45,0,14,0,14,0,14,0,14,0,14,0,14,0,14,19,17,8,13,21,12,12,15,0,14,0,14,64,34,293,104,29,33,80,49,184,85,153,78,113,55,131,60,0,14,0,14
1400000US36005015900,"Census Tract 159, Bronx County, New York",Bronx,1780,407,121,106,0,14,0,14,0,14,0,14,63,77,0,14,0,14,38,34,143,109,99,77,59,87,74,51,41,46,56,78,214,123,230,137,10,17,111,64,162,136,278,266,81,75,0,14,0,14
1400000US36005016000,"Census Tract 160, Bronx County, New York",Bronx,2860,381,119,78,0,14,0,14,0,14,33,54,10,16,0,14,0,14,30,47,12,19,62,58,10,12,0,14,0,14,14,20,884,301,70,67,183,96,372,152,204,82,581,203,219,98,39,42,18,23
1400000US36005016100,"Census Tract 161, Bronx County, New York",Bronx,3442,613,205,259,0,14,0,14,181,275,0,14,54,83,253,270,0,14,110,127,0,14,20,30,54,64,104,116,198,136,271,145,620,279,120,98,100,82,454,182,126,89,515,302,57,58,0,14,0,14
1400000US36005016200,"Census Tract 162, Bronx County, New York",Bronx,1264,188,10,14,0,14,0,14,0,14,0,14,0,14,9,13,13,17,0,14,0,14,19,28,61,52,11,12,19,20,6,11,343,136,41,36,46,44,167,65,119,62,158,76,195,79,34,32,13,15
1400000US36005016300,"Census Tract 163, Bronx County, New York",Bronx,0,14,0,14,0,14,0,14,0,14,0,14,0,14,0,14,0,14,0,14,0,14,0,14,0,14,0,14,0,14,0,14,0,14,0,14,0,14,0,14,0,14,0,14,0,14,0,14,0,14
1400000US36005016400,"Census Tract 164, Bronx County, New York",Bronx,773,158,9,13,0,14,0,14,0,14,0,14,0,14,0,14,0,14,0,14,0,14,24,27,3,14,0,14,0,14,15,18,209,87,44,27,33,28,84,54,121,74,114,51,95,71,14,22,8,12
1400000US36005016500,"Census Tract 165, Bronx County, New York",Bronx,941,213,0,14,0,14,0,14,0,14,0,14,0,14,0,14,0,14,5,7,13,20,70,80,20,26,66,58,53,73,32,45,231,88,51,39,63,54,135,99,88,67,74,54,40,44,0,14,0,14
1400000US36005016600,"Census Tract 166, Bronx County, New York",Bronx,1534,228,116,117,0,14,0,14,0,14,0,14,0,14,0,14,0,14,8,13,5,10,21,31,9,9,8,10,26,29,14,15,256,104,32,22,111,87,192,73,153,83,397,124,172,86,6,9,8,11
1400000US36005016700,"Census Tract 167, Bronx County, New York",Bronx,1901,202,107,79,0,14,0,14,0,14,0,14,2,5,0,14,45,66,22,42,35,50,20,25,39,30,41,43,61,54,42,37,421,134,273,112,30,30,314,133,295,80,125,67,4,8,25,36,0,14
1400000US36005016900,"Census Tract 169, Bronx County, New York",Bronx,1282,251,6,12,0,14,0,14,0,14,0,14,0,14,9,20,28,41,0,14,0,14,57,57,10,20,70,49,100,77,65,60,280,124,79,49,45,50,83,66,149,82,180,102,121,157,0,14,0,14
1400000US36005017100,"Census Tract 171, Bronx County, New York",Bronx,0,14,0,14,0,14,0,14,0,14,0,14,0,14,0,14,0,14,0,14,0,14,0,14,0,14,0,14,0,14,0,14,0,14,0,14,0,14,0,14,0,14,0,14,0,14,0,14,0,14
1400000US36005017300,"Census Tract 173, Bronx County, New York",Bronx,3816,732,322,263,0,19,0,19,0,19,12,22,0,19,0,19,28,49,70,104,0,19,248,230,63,94,200,201,61,91,129,206,1007,461,323,221,130,151,509,270,113,96,527,229,74,93,0,19,0,19
1400000US36005017500,"Census Tract 175, Bronx County, New York",Bronx,3458,542,6,11,0,19,0,19,0,19,4,8,0,19,68,105,0,19,295,208,0,19,121,148,40,55,7,10,352,257,34,59,1027,451,266,279,54,85,353,199,128,125,474,344,197,140,0,19,32,61
1400000US36005017701,"Census Tract 177.01, Bronx County, New York",Bronx,3579,530,236,240,0,19,0,19,0,19,0,19,33,48,0,19,83,112,95,77,0,19,109,123,271,353,244,117,62,61,134,184,1118,318,121,83,127,124,270,190,175,121,399,249,61,62,41,64,0,19
1400000US36005017702,"Census Tract 177.02, Bronx County, New York",Bronx,3328,567,242,209,0,19,0,19,0,19,0,19,31,46,0,19,0,19,143,129,24,38,8,14,167,168,57,62,551,325,81,84,433,195,248,150,159,170,556,261,144,101,333,169,144,95,0,19,7,10
1400000US36005017901,"Census Tract 179.01, Bronx County, New York",Bronx,3299,753,166,92,21,34,0,14,0,14,0,14,50,51,0,14,39,45,22,33,0,14,189,268,44,52,57,69,277,118,204,117,685,365,242,131,63,60,542,262,156,98,355,159,164,117,23,36,0,14
1400000US36005017902,"Census Tract 179.02, Bronx County, New York",Bronx,1843,372,238,161,0,14,0,14,0,14,75,73,0,14,0,14,0,14,65,99,73,109,128,180,84,94,19,31,18,29,155,172,590,291,74,96,22,31,116,115,17,27,91,76,78,94,0,14,0,14
1400000US36005018101,"Census Tract 181.01, Bronx County, New York",Bronx,1843,362,0,14,0,14,0,14,0,14,0,14,126,139,0,14,32,43,4,7,8,13,23,34,19,22,0,14,0,14,35,41,652,240,159,98,33,35,186,160,246,124,304,199,16,27,0,14,0,14
1400000US36005018102,"Census Tract 181.02, Bronx County, New York",Bronx,3620,688,301,165,0,19,0,19,0,19,0,19,0,19,29,33,34,43,57,70,0,19,23,18,66,56,5,11,239,131,208,119,1043,353,192,163,69,73,338,211,537,525,397,184,53,48,29,46,0,19
1400000US36005018301,"Census Tract 183.01, Bronx County, New York",Bronx,3055,366,179,69,0,14,0,14,0,14,0,14,19,32,45,69,38,60,110,94,69,111,41,42,59,60,40,44,125,91,19,36,581,188,48,41,141,85,354,155,256,166,602,173,250,98,60,58,19,31
1400000US36005018302,"Census Tract 183.02, Bronx County, New York",Bronx,2127,434,47,43,0,14,0,14,0,14,0,14,0,14,0,14,0,14,20,32,0,14,111,113,70,77,8,17,129,87,73,63,229,130,83,86,153,89,498,388,342,226,124,80,215,119,25,42,0,14
1400000US36005018400,"Census Tract 184, Bronx County, New York",Bronx,2606,428,129,94,0,14,0,14,0,14,0,14,41,45,0,14,0,14,49,38,3,4,84,105,16,25,43,61,0,14,20,30,890,245,100,85,95,81,262,171,270,124,436,160,140,95,9,15,19,29
1400000US36005018501,"Census Tract 185.01, Bronx County, New York",Bronx,2217,541,494,335,0,14,0,14,0,14,13,27,0,14,0,14,0,14,8,22,0,14,49,59,58,74,153,125,91,68,57,91,297,127,46,55,4,7,295,210,143,95,285,221,177,130,47,70,0,14
1400000US36005018502,"Census Tract 185.02, Bronx County, New York",Bronx,3627,420,186,150,0,19,0,19,0,19,0,19,125,139,0,19,0,19,0,19,37,49,143,73,123,104,162,152,227,168,173,151,716,236,479,282,427,227,252,180,217,143,296,236,46,67,18,37,0,19
1400000US36005018900,"Census Tract 189, Bronx County, New York",Bronx,5237,487,380,207,12,19,0,19,0,19,24,41,37,61,29,49,19,24,26,38,3,8,54,45,143,144,131,91,85,95,117,121,1048,310,399,231,159,114,783,304,456,232,1111,408,209,154,12,19,0,19
1400000US36005019300,"Census Tract 193, Bronx County, New York",Bronx,3856,817,138,125,0,19,0,19,0,19,0,19,2,7,29,66,28,51,0,19,94,119,24,37,109,164,278,176,0,19,111,104,822,435,346,234,130,121,753,703,251,194,511,282,230,293,0,19,0,19
1400000US36005019400,"Census Tract 194, Bronx County, New York",Bronx,1464,259,60,45,0,14,0,14,0,14,0,14,12,19,0,14,0,14,0,14,0,14,68,55,11,15,0,14,13,18,40,39,350,151,144,69,39,38,243,67,242,108,170,86,59,36,13,37,0,14
1400000US36005019500,"Census Tract 195, Bronx County, New York",Bronx,5321,951,293,198,0,19,0,19,0,19,0,19,56,89,0,19,0,19,5,13,0,19,63,58,87,132,30,49,72,72,346,272,1258,526,482,285,196,160,629,315,649,517,900,308,255,184,0,19,0,19
1400000US36005019700,"Census Tract 197, Bronx County, New York",Bronx,4523,644,460,225,0,19,0,19,0,19,0,19,0,19,43,69,0,19,71,79,0,19,136,158,82,122,134,167,500,425,279,205,917,361,161,150,236,308,478,231,532,306,284,139,183,172,0,19,27,45
1400000US36005019900,"Census Tract 199, Bronx County, New York",Bronx,5041,628,338,269,0,19,30,46,0,19,0,19,0,19,26,41,246,248,82,132,121,163,166,163,147,116,235,198,147,173,254,203,1115,410,192,139,189,158,396,189,676,403,538,246,51,60,48,58,44,73
1400000US36005020000,"Census Tract 200, Bronx County, New York",Bronx,2703,332,151,79,0,14,0,14,0,14,0,14,0,14,0,14,39,44,44,43,3,7,28,26,59,50,60,54,36,37,135,84,582,177,41,34,173,82,464,208,278,104,417,154,188,102,0,14,5,16
1400000US36005020100,"Census Tract 201, Bronx County, New York",Bronx,2386,333,134,145,0,14,0,14,47,50,0,14,0,14,4,9,8,23,125,97,3,9,4,14,90,66,134,95,68,57,138,109,351,151,233,117,125,83,548,281,237,135,125,106,12,20,0,14,0,14
1400000US36005020200,"Census Tract 202, Bronx County, New York",Bronx,1769,280,165,116,0,14,0,14,0,14,7,14,8,14,6,8,139,212,0,14,4,6,14,22,28,21,46,40,32,28,37,44,465,109,48,38,121,76,143,69,112,64,235,92,116,70,43,51,0,14
1400000US36005020400,"Census Tract 204, Bronx County, New York",Bronx,1816,252,195,124,0,14,0,14,0,14,0,14,5,8,0,14,0,14,19,30,0,14,27,42,46,75,57,63,0,14,40,38,594,208,64,52,130,100,203,103,197,106,93,60,122,86,24,31,0,14
1400000US36005020501,"Census Tract 205.01, Bronx County, New York",Bronx,5026,626,565,284,0,19,0,19,0,19,0,19,59,65,24,38,0,19,126,108,79,125,156,129,64,81,164,120,204,155,107,105,1400,496,410,257,285,228,624,303,450,282,147,111,138,112,24,39,0,19
1400000US36005020502,"Census Tract 205.02, Bronx County, New York",Bronx,1527,194,138,62,0,14,0,14,31,21,27,17,3,9,0,14,58,73,37,24,34,46,19,29,37,70,1,3,11,25,55,53,312,154,374,128,73,57,84,50,54,42,135,88,44,49,0,14,0,14
1400000US36005020601,"Census Tract 206.01, Bronx County, New York",Bronx,1815,367,134,100,0,14,0,14,0,14,26,42,35,44,0,14,0,14,21,33,29,42,58,59,0,14,9,16,1,5,45,47,396,159,176,142,122,83,174,109,180,106,308,142,85,68,16,22,0,14
1400000US36005020900,"Census Tract 209, Bronx County, New York",Bronx,2996,408,247,133,7,10,0,14,0,14,0,14,0,14,15,22,15,24,14,21,17,27,17,34,22,34,65,79,65,57,125,103,675,213,323,204,184,124,366,191,360,181,333,158,130,89,16,26,0,14
1400000US36005021001,"Census Tract 210.01, Bronx County, New York",Bronx,5324,693,351,206,0,19,0,19,0,19,0,19,0,19,0,19,32,45,59,69,0,19,17,26,50,77,175,223,0,19,91,106,893,308,537,229,106,73,1005,364,448,236,1019,342,530,267,11,16,0,19
1400000US36005021002,"Census Tract 210.02, Bronx County, New York",Bronx,5097,757,131,91,0,19,0,19,0,19,0,19,0,19,0,19,0,19,55,68,0,19,10,18,75,78,26,40,226,295,55,52,1168,377,261,136,447,181,461,222,598,243,858,220,666,568,60,90,0,19
1400000US36005021100,"Census Tract 211, Bronx County, New York",Bronx,3536,527,134,99,0,19,0,19,0,19,0,19,0,19,52,73,0,19,108,106,55,94,152,109,103,122,0,19,124,100,293,165,560,202,242,208,59,53,641,272,398,254,500,229,55,53,14,25,46,63
1400000US36005021200,"Census Tract 212, Bronx County, New York",Bronx,3843,562,201,155,0,19,0,19,0,19,0,19,0,19,0,19,25,40,42,48,0,19,16,22,20,27,90,94,57,88,226,126,839,251,229,151,202,139,627,329,265,146,695,254,280,141,16,27,13,22
1400000US36005021301,"Census Tract 213.01, Bronx County, New York",Bronx,728,146,67,63,0,14,0,14,0,14,15,21,8,13,0,14,0,14,16,23,0,14,37,71,30,20,0,14,0,14,36,25,142,79,22,28,32,43,104,72,54,33,155,77,10,15,0,14,0,14
1400000US36005021302,"Census Tract 213.02, Bronx County, New York",Bronx,3899,776,138,115,0,19,26,42,0,19,0,19,19,41,0,19,0,19,84,101,22,42,407,327,0,19,38,71,298,328,226,197,813,449,238,151,269,242,455,173,200,119,569,187,97,74,0,19,0,19
1400000US36005021501,"Census Tract 215.01, Bronx County, New York",Bronx,2638,576,108,87,0,14,0,14,0,14,48,75,0,14,0,14,4,6,51,54,44,74,92,87,144,116,35,41,0,14,106,104,496,205,111,93,184,105,491,358,211,111,432,232,81,80,0,14,0,14
1400000US36005021502,"Census Tract 215.02, Bronx County, New York",Bronx,3900,410,323,234,0,19,0,19,0,19,0,19,19,36,0,19,0,19,64,87,0,19,23,24,180,134,68,74,347,309,106,78,944,397,210,190,440,312,399,214,441,310,158,140,144,138,34,57,0,19
1400000US36005021601,"Census Tract 216.01, Bronx County, New York",Bronx,2617,355,110,134,0,14,0,14,0,14,0,14,19,34,7,12,6,11,0,14,44,65,114,110,136,104,0,14,117,82,181,120,929,306,143,159,117,77,256,128,149,78,205,132,76,51,2,10,6,11
1400000US36005021602,"Census Tract 216.02, Bronx County, New York",Bronx,4073,614,195,121,0,19,53,78,0,19,0,19,1,3,0,19,63,72,26,39,26,41,104,130,0,19,46,50,91,94,97,89,1285,317,43,44,55,48,358,194,327,171,745,224,418,293,119,112,21,34
1400000US36005021700,"Census Tract 217, Bronx County, New York",Bronx,3494,375,408,251,0,19,0,19,34,52,0,19,49,45,0,19,0,19,143,186,95,117,70,62,172,113,21,31,161,129,92,105,650,254,129,98,231,111,260,154,228,135,550,208,135,86,15,27,51,42
1400000US36005021800,"Census Tract 218, Bronx County, New York",Bronx,4149,630,336,222,0,19,0,19,0,19,0,19,0,19,0,19,50,84,70,78,87,128,263,162,96,88,72,106,73,72,160,108,828,278,387,319,456,326,316,165,389,140,352,154,193,119,21,35,0,19
1400000US36005021900,"Census Tract 219, Bronx County, New York",Bronx,989,97,62,21,0,14,0,14,0,14,0,14,0,14,0,14,2,3,56,34,0,14,135,47,7,11,29,37,0,14,12,17,173,102,25,19,106,56,86,44,69,42,204,92,11,13,12,20,0,14
1400000US36005022000,"Census Tract 220, Bronx County, New York",Bronx,1097,189,120,123,0,14,0,14,44,72,19,35,0,14,0,14,0,14,71,52,1,2,28,29,73,56,47,49,50,62,33,30,235,115,58,44,41,36,63,56,158,69,44,35,12,20,0,14,0,14
1400000US36005022101,"Census Tract 221.01, Bronx County, New York",Bronx,2096,404,73,58,6,30,0,14,0,14,71,95,0,14,0,14,24,36,100,119,9,15,75,74,32,39,7,18,63,61,154,128,273,143,157,109,123,98,276,157,290,146,335,219,28,39,0,14,0,14
1400000US36005022102,"Census Tract 221.02, Bronx County, New York",Bronx,3177,410,450,178,16,25,20,30,0,19,32,50,0,19,16,25,40,44,134,124,56,73,181,199,132,99,35,38,46,73,129,84,545,218,171,142,212,128,478,176,92,97,266,137,60,55,66,71,0,19
1400000US36005022200,"Census Tract 222, Bronx County, New York",Bronx,2181,295,102,96,0,14,0,14,0,14,0,14,23,35,0,14,27,43,19,31,4,8,16,23,37,42,17,25,33,39,95,77,616,182,173,114,77,58,245,166,114,64,441,128,130,77,12,17,0,14
1400000US36005022300,"Census Tract 223, Bronx County, New York",Bronx,3190,661,370,189,0,14,0,14,0,14,0,14,16,26,0,14,0,14,122,174,16,27,68,71,132,124,16,26,4,11,105,93,993,378,165,145,76,77,420,299,428,289,208,117,26,40,25,39,0,14
1400000US36005022401,"Census Tract 224.01, Bronx County, New York",Bronx,1660,221,108,79,0,14,0,14,0,14,0,14,0,14,65,76,30,48,0,14,0,14,9,13,81,76,4,15,31,46,30,28,325,105,12,17,51,38,190,110,136,82,385,155,103,63,100,71,0,14
1400000US36005022403,"Census Tract 224.03, Bronx County, New York",Bronx,2039,300,65,71,0,14,0,14,0,14,0,14,36,42,0,14,37,34,0,14,9,16,27,35,55,51,43,44,24,38,29,32,326,132,67,52,14,17,369,129,330,184,349,138,188,82,51,58,20,22
1400000US36005022404,"Census Tract 224.04, Bronx County, New York",Bronx,3052,426,105,75,0,14,0,14,28,45,19,30,0,14,104,165,0,14,24,38,0,14,95,71,108,90,123,91,45,42,80,71,524,154,111,77,244,115,461,218,309,169,392,125,225,150,55,43,0,14
1400000US36005022500,"Census Tract 225, Bronx County, New York",Bronx,5445,1012,628,339,0,19,0,19,0,19,0,19,67,56,18,39,25,42,369,249,66,72,28,24,258,193,163,105,128,94,205,149,1722,581,257,182,196,160,449,205,249,160,563,342,54,52,0,19,0,19
1400000US36005022701,"Census Tract 227.01, Bronx County, New York",Bronx,3371,470,322,247,0,14,0,14,0,14,0,14,37,60,17,28,206,279,35,50,0,14,304,288,25,19,15,10,237,185,102,82,682,277,85,94,179,126,554,272,242,138,170,113,159,103,0,14,0,14
1400000US36005022702,"Census Tract 227.02, Bronx County, New York",Bronx,859,178,86,57,0,14,0,14,0,14,0,14,0,14,7,16,18,30,14,19,0,14,45,50,5,12,36,53,44,45,46,38,99,104,55,47,0,14,61,55,125,95,132,84,81,110,5,10,0,14
1400000US36005022703,"Census Tract 227.03, Bronx County, New York",Bronx,1102,224,92,54,0,14,0,14,0,14,0,14,9,14,0,14,28,42,21,33,0,14,0,14,96,112,15,24,0,14,51,50,143,62,34,49,123,129,136,84,160,67,43,34,74,83,77,58,0,14
1400000US36005022800,"Census Tract 228, Bronx County, New York",Bronx,3696,508,140,120,0,19,0,19,0,19,0,19,13,21,85,97,54,76,14,24,0,19,15,24,17,28,32,47,42,67,28,45,782,253,144,115,201,113,277,184,515,224,986,340,344,169,0,19,7,17
1400000US36005022901,"Census Tract 229.01, Bronx County, New York",Bronx,3634,463,221,188,0,19,0,19,58,90,0,19,48,59,0,19,30,30,39,53,22,30,190,132,74,72,136,105,84,67,89,93,1258,446,121,102,195,113,258,131,217,118,417,230,127,75,50,46,0,19
1400000US36005022902,"Census Tract 229.02, Bronx County, New York",Bronx,2259,572,259,198,0,14,0,14,0,14,0,14,0,14,0,14,0,14,0,14,18,28,89,78,21,32,61,73,0,14,35,37,681,306,114,109,46,75,191,121,206,138,347,215,34,51,157,237,0,14
1400000US36005023000,"Census Tract 230, Bronx County, New York",Bronx,1768,364,91,48,0,14,0,14,0,14,0,14,0,14,0,14,13,22,0,14,0,14,129,117,47,45,157,105,27,35,11,18,547,223,58,41,99,113,125,97,305,180,85,58,74,51,0,14,0,14
1400000US36005023100,"Census Tract 231, Bronx County, New York",Bronx,900,186,101,82,0,14,0,14,0,14,0,14,0,14,0,14,0,14,27,35,31,39,56,63,22,32,13,23,10,11,60,47,363,156,32,33,16,32,58,40,39,70,47,40,25,34,0,14,0,14
1400000US36005023200,"Census Tract 232, Bronx County, New York",Bronx,1544,228,78,38,0,14,0,14,0,14,0,14,3,7,4,6,0,14,18,21,0,14,80,57,15,21,36,25,89,67,37,31,476,161,33,26,108,58,155,74,77,41,201,80,108,78,13,21,13,14
1400000US36005023301,"Census Tract 233.01, Bronx County, New York",Bronx,2614,409,318,206,0,14,0,14,27,55,0,14,0,14,38,44,0,14,102,103,0,14,47,43,37,39,48,50,198,112,120,90,882,321,262,169,199,185,62,62,59,86,143,100,57,61,15,23,0,14
1400000US36005023302,"Census Tract 233.02, Bronx County, New York",Bronx,2176,368,76,77,0,14,0,14,14,21,0,14,57,39,34,42,0,14,96,92,4,6,100,91,127,103,55,62,77,52,174,157,515,194,85,47,105,77,307,174,124,145,136,133,0,14,0,14,90,125
1400000US36005023501,"Census Tract 235.01, Bronx County, New York",Bronx,1907,342,300,223,0,14,0,14,0,14,0,14,13,22,0,14,0,14,79,63,34,44,0,14,27,37,40,44,0,14,292,40,482,279,178,146,70,88,62,71,193,187,119,121,0,14,18,32,0,14
1400000US36005023502,"Census Tract 235.02, Bronx County, New York",Bronx,3074,513,428,208,0,14,0,14,0,14,0,14,26,32,25,36,61,76,89,92,29,36,118,79,66,56,73,86,35,54,58,45,758,289,74,50,39,58,347,218,182,148,447,244,219,317,0,14,0,14
1400000US36005023600,"Census Tract 236, Bronx County, New York",Bronx,1111,194,71,58,0,14,0,14,0,14,3,5,7,12,13,20,0,14,0,14,14,23,68,55,47,43,0,14,0,14,45,33,300,108,93,52,26,24,177,67,41,37,110,77,96,69,0,14,0,14
1400000US36005023702,"Census Tract 237.02, Bronx County, New York",Bronx,694,226,24,31,0,14,0,14,0,14,0,14,8,10,0,14,46,45,24,40,0,14,107,68,8,11,15,18,12,27,6,9,219,120,8,11,59,61,59,51,34,31,51,51,14,14,0,14,0,14
1400000US36005023703,"Census Tract 237.03, Bronx County, New York",Bronx,3091,646,240,155,0,14,0,14,0,14,46,58,53,58,12,17,0,14,42,69,38,57,117,97,84,86,140,103,120,123,42,56,803,262,209,135,308,396,207,141,235,239,319,135,59,93,0,14,17,30
1400000US36005023704,"Census Tract 237.04, Bronx County, New York",Bronx,2259,331,275,182,0,14,0,14,0,14,0,14,0,14,0,14,36,58,0,14,3,15,45,63,97,108,0,14,10,17,113,90,567,294,184,107,325,192,171,128,90,78,214,157,129,108,0,14,0,14
1400000US36005023800,"Census Tract 238, Bronx County, New York",Bronx,1587,224,39,34,0,14,0,14,0,14,0,14,6,10,19,28,16,26,41,45,5,7,28,45,15,18,16,16,64,38,94,72,382,120,124,63,105,54,218,83,74,44,234,79,90,46,4,7,13,22
1400000US36005023900,"Census Tract 239, Bronx County, New York",Bronx,5468,1269,482,394,0,19,0,19,0,19,77,108,0,19,0,19,0,19,40,55,0,19,78,99,476,280,358,244,41,55,338,247,1659,696,114,89,343,315,412,209,218,125,606,291,198,228,0,19,28,52
1400000US36005024000,"Census Tract 240, Bronx County, New York",Bronx,2810,488,182,166,14,21,0,14,0,14,0,14,0,14,0,14,19,31,43,44,0,14,0,14,54,45,97,73,96,99,0,14,784,294,249,138,186,109,259,166,311,147,450,182,66,65,0,14,0,14
1400000US36005024100,"Census Tract 241, Bronx County, New York",Bronx,4236,739,412,377,0,19,0,19,0,19,0,19,5,21,0,19,0,19,190,183,174,244,185,221,36,47,389,412,111,96,275,162,1100,308,178,130,196,227,434,256,91,93,401,313,6,13,53,72,0,19
1400000US36005024300,"Census Tract 243, Bronx County, New York",Bronx,2745,346,291,154,0,14,0,14,0,14,0,14,35,53,0,14,0,14,0,14,0,14,43,59,65,75,181,204,53,87,160,95,735,312,136,95,77,84,376,203,274,144,270,145,49,59,0,14,0,14
1400000US36005024400,"Census Tract 244, Bronx County, New York",Bronx,1447,223,40,32,0,14,0,14,0,14,0,14,0,14,0,14,0,14,0,14,4,6,25,36,0,14,35,38,0,14,26,28,457,142,41,51,31,37,192,84,167,90,268,116,140,66,0,14,21,21
1400000US36005024501,"Census Tract 245.01, Bronx County, New York",Bronx,3584,505,228,162,0,14,0,14,0,14,0,14,46,59,27,44,121,97,85,66,62,96,97,69,37,39,118,97,53,58,280,173,1195,346,120,92,216,118,267,147,164,105,388,216,80,69,0,14,0,14
1400000US36005024502,"Census Tract 245.02, Bronx County, New York",Bronx,2616,516,292,178,0,14,0,14,0,14,0,14,0,14,25,45,35,45,22,38,20,42,30,52,25,38,0,14,299,224,204,200,566,374,108,90,41,43,319,137,233,125,385,296,12,21,0,14,0,14
1400000US36005024600,"Census Tract 246, Bronx County, New York",Bronx,1503,240,72,50,0,14,0,14,0,14,0,14,0,14,17,23,0,14,41,41,0,14,20,25,0,14,25,22,0,14,82,67,359,148,73,37,137,78,124,80,100,64,287,123,112,56,30,18,24,18
1400000US36005024700,"Census Tract 247, Bronx County, New York",Bronx,1286,190,18,21,0,14,0,14,0,14,0,14,0,14,0,14,0,14,32,48,15,26,15,22,56,86,128,136,24,38,27,21,198,87,99,61,74,54,166,86,56,41,271,94,70,58,29,41,8,13
1400000US36005024800,"Census Tract 248, Bronx County, New York",Bronx,2763,377,101,60,0,14,0,14,0,14,0,14,28,31,32,34,63,42,0,14,0,14,80,43,31,30,48,51,67,73,199,176,579,243,118,64,81,56,298,119,293,172,358,121,291,148,19,17,77,72
1400000US36005024900,"Census Tract 249, Bronx County, New York",Bronx,0,14,0,14,0,14,0,14,0,14,0,14,0,14,0,14,0,14,0,14,0,14,0,14,0,14,0,14,0,14,0,14,0,14,0,14,0,14,0,14,0,14,0,14,0,14,0,14,0,14
1400000US36005025000,"Census Tract 250, Bronx County, New York",Bronx,1857,401,135,93,0,14,0,14,0,14,0,14,0,14,0,14,5,8,20,24,0,14,61,64,17,27,26,27,9,16,41,40,663,294,48,41,79,89,144,62,128,110,278,118,129,83,5,8,69,75
1400000US36005025100,"Census Tract 251, Bronx County, New York",Bronx,4434,765,403,267,0,19,0,19,0,19,0,19,0,19,0,19,0,19,162,170,130,160,113,181,104,138,16,24,35,59,305,244,859,361,485,320,432,243,411,235,144,130,486,258,197,190,78,91,74,121
1400000US36005025200,"Census Tract 252, Bronx County, New York",Bronx,1619,296,45,52,0,14,0,14,0,14,0,14,0,14,26,23,0,14,34,44,0,14,0,14,42,50,15,24,16,25,21,32,432,179,64,70,6,21,140,86,97,79,368,172,217,111,12,20,84,71
1400000US36005025300,"Census Tract 253, Bronx County, New York",Bronx,3741,639,342,197,0,19,0,19,0,19,0,19,47,48,38,64,55,66,67,59,62,59,99,75,36,28,181,137,250,152,166,109,776,267,149,85,291,148,421,175,253,221,475,272,33,40,0,19,0,19
1400000US36005025400,"Census Tract 254, Bronx County, New York",Bronx,1768,272,52,43,0,14,0,14,0,14,0,14,0,14,4,8,7,10,5,9,6,9,117,61,32,34,10,11,29,42,66,36,438,119,73,68,122,77,34,23,125,66,465,144,125,61,33,28,25,27
1400000US36005025500,"Census Tract 255, Bronx County, New York",Bronx,4149,750,300,168,0,19,0,19,0,19,0,19,69,78,0,19,84,125,37,49,48,78,85,85,164,128,200,149,111,122,333,228,992,361,92,88,81,106,559,220,659,446,184,122,141,122,0,19,10,21
1400000US36005025600,"Census Tract 256, Bronx County, New York",Bronx,1120,205,27,29,0,14,0,14,0,14,0,14,9,17,0,14,4,6,42,51,0,14,8,9,44,47,5,9,37,52,31,27,281,106,73,48,72,49,137,54,90,45,171,81,59,36,15,23,15,17
1400000US36005025700,"Census Tract 257, Bronx County, New York",Bronx,1071,191,26,26,0,14,0,14,0,14,15,22,0,14,0,14,14,15,0,14,0,14,0,14,30,51,12,18,7,12,37,29,316,121,35,37,47,56,222,115,130,85,131,63,49,36,0,14,0,14
1400000US36005026100,"Census Tract 261, Bronx County, New York",Bronx,1679,246,27,31,0,14,0,14,0,14,0,14,0,14,0,14,0,14,0,14,0,14,58,58,0,14,0,14,9,16,7,20,232,105,90,61,70,46,353,226,68,51,450,128,237,113,38,38,40,38
1400000US36005026300,"Census Tract 263, Bronx County, New York",Bronx,4261,679,148,101,0,19,0,19,0,19,0,19,56,79,0,19,40,56,302,313,24,47,171,105,247,176,58,58,20,21,179,103,1146,332,96,74,115,106,696,272,305,136,372,194,212,152,74,83,0,19
1400000US36005026400,"Census Tract 264, Bronx County, New York",Bronx,3802,419,107,127,0,19,0,19,0,19,0,19,0,19,17,22,36,56,66,104,0,19,14,24,0,19,24,27,35,44,105,93,1011,354,307,138,406,194,291,149,260,141,673,276,357,235,93,130,0,19
1400000US36005026500,"Census Tract 265, Bronx County, New York",Bronx,4490,810,310,162,0,19,0,19,0,19,46,56,52,81,0,19,20,33,77,107,35,48,9,15,259,185,82,91,102,109,122,127,1208,429,332,270,184,140,444,188,419,292,557,241,168,117,64,93,0,19
1400000US36005026601,"Census Tract 266.01, Bronx County, New York",Bronx,2324,296,25,34,0,14,0,14,0,14,0,14,0,14,0,14,6,11,56,89,10,28,61,100,8,25,20,33,38,41,127,87,710,167,63,57,213,119,405,168,155,86,370,175,33,44,10,15,14,23
1400000US36005026602,"Census Tract 266.02, Bronx County, New York",Bronx,4412,747,159,106,0,19,0,19,18,31,26,33,99,107,17,29,0,19,90,61,0,19,34,48,0,19,187,198,18,30,229,260,1191,376,167,109,440,300,482,206,284,133,585,219,318,143,32,39,36,56
1400000US36005026701,"Census Tract 267.01, Bronx County, New York",Bronx,2190,404,103,81,0,14,0,14,0,14,0,14,0,14,0,14,0,14,159,137,3,5,87,84,21,25,13,23,38,41,46,42,736,398,57,53,86,66,131,77,124,72,376,142,166,101,15,23,29,41
1400000US36005026702,"Census Tract 267.02, Bronx County, New York",Bronx,4705,906,147,108,23,31,0,19,0,19,0,19,0,19,0,19,13,23,0,19,168,169,331,354,106,96,111,92,297,182,15,21,1004,332,234,150,93,88,1096,538,161,101,556,256,179,120,57,76,114,80
1400000US36005026900,"Census Tract 269, Bronx County, New York",Bronx,2842,443,279,140,0,14,0,14,0,14,0,14,0,14,0,14,8,13,290,424,37,44,0,14,79,83,46,37,12,24,173,121,608,182,139,92,145,99,266,122,222,138,434,169,33,49,71,120,0,14
1400000US36005027300,"Census Tract 273, Bronx County, New York",Bronx,4646,823,257,176,0,19,0,19,0,19,0,19,0,19,14,28,0,19,0,19,21,34,174,108,166,129,276,247,131,151,521,400,1128,409,120,92,272,177,498,238,371,184,493,262,170,125,34,59,0,19
1400000US36005027401,"Census Tract 274.01, Bronx County, New York",Bronx,3637,438,24,28,0,14,0,14,0,14,0,14,0,14,0,14,40,53,0,14,42,61,109,85,11,17,46,30,12,18,157,132,710,244,120,67,232,158,487,206,208,123,894,241,457,148,55,47,33,28
1400000US36005027402,"Census Tract 274.02, Bronx County, New York",Bronx,2680,464,28,44,0,14,0,14,0,14,0,14,0,14,0,14,4,9,30,27,9,16,27,21,22,19,18,31,21,23,76,57,475,141,38,27,63,57,201,102,179,113,873,475,460,178,121,95,35,44
1400000US36005027600,"Census Tract 276, Bronx County, New York",Bronx,130,192,0,14,0,14,0,14,0,14,0,14,0,14,0,14,1,2,0,14,0,14,0,14,0,14,0,14,22,38,0,14,45,79,3,5,0,14,0,14,0,14,16,28,43,74,0,14,0,14
1400000US36005027700,"Census Tract 277, Bronx County, New York",Bronx,3071,485,33,38,0,14,0,14,12,18,0,14,0,14,0,14,81,101,21,37,50,72,83,82,135,229,10,18,63,62,43,51,1039,288,273,155,139,96,247,146,99,70,543,247,178,115,5,12,17,28
1400000US36005027900,"Census Tract 279, Bronx County, New York",Bronx,5256,655,322,193,0,19,0,19,0,19,0,19,0,19,0,19,14,20,0,19,72,100,130,116,42,51,1,3,15,29,244,205,700,225,163,102,397,189,992,319,489,285,1073,308,472,218,117,88,13,21
1400000US36005028100,"Census Tract 281, Bronx County, New York",Bronx,3083,437,130,95,17,26,0,14,0,14,0,14,6,13,0,14,6,13,7,12,19,20,75,49,44,39,5,13,24,21,87,75,458,158,84,56,229,132,464,237,250,142,627,198,481,165,21,26,49,65
1400000US36005028300,"Census Tract 283, Bronx County, New York",Bronx,1596,513,10,17,0,14,0,14,8,14,0,14,0,14,0,14,12,21,16,24,14,25,54,61,14,22,55,64,46,51,28,31,170,100,141,123,18,26,291,175,288,302,282,203,125,69,24,39,0,14
1400000US36005028400,"Census Tract 284, Bronx County, New York",Bronx,361,38,10,32,0,14,0,14,0,14,0,14,0,14,0,14,0,14,25,53,0,14,0,14,32,32,12,21,11,26,5,11,74,64,90,95,10,23,63,53,0,14,19,24,10,24,0,14,0,14
1400000US36005028500,"Census Tract 285, Bronx County, New York",Bronx,2657,533,14,22,9,15,0,14,0,14,0,14,11,18,0,14,0,14,11,17,0,14,0,14,0,14,0,14,0,14,46,37,347,130,172,144,73,47,411,224,112,73,572,146,640,331,162,81,77,54
1400000US36005028600,"Census Tract 286, Bronx County, New York",Bronx,936,202,16,19,0,14,0,14,0,14,0,14,0,14,0,14,0,14,0,14,35,53,12,13,0,14,8,13,0,14,22,24,293,133,26,27,39,44,24,21,111,79,182,119,83,66,0,14,85,97
1400000US36005028700,"Census Tract 287, Bronx County, New York",Bronx,2448,337,152,91,0,14,0,14,0,14,0,14,6,27,13,21,0,14,24,38,0,14,26,37,37,20,20,16,20,26,128,87,491,230,27,31,153,82,278,164,133,98,589,221,251,171,71,57,29,33
1400000US36005028800,"Census Tract 288, Bronx County, New York",Bronx,1949,316,157,127,0,14,0,14,0,14,0,14,0,14,19,31,6,9,0,14,0,14,28,34,0,14,1,5,0,14,38,29,468,149,180,85,43,39,80,88,76,67,515,229,228,93,35,37,75,41
1400000US36005028900,"Census Tract 289, Bronx County, New York",Bronx,3178,404,214,111,0,14,0,14,0,14,0,14,10,21,0,14,6,9,130,157,41,49,87,63,83,87,0,14,85,75,148,145,597,191,147,134,76,60,405,154,159,113,572,192,313,125,50,54,55,85
1400000US36005029301,"Census Tract 293.01, Bronx County, New York",Bronx,1565,147,14,19,0,14,0,14,0,14,0,14,5,12,0,14,12,18,0,14,0,14,25,17,12,30,6,16,11,15,7,11,147,43,78,47,66,45,67,33,60,33,369,96,369,92,161,58,156,68
1400000US36005029302,"Census Tract 293.02, Bronx County, New York",Bronx,4189,550,100,85,0,19,0,19,0,19,0,19,0,19,0,19,0,19,0,19,0,19,5,14,0,19,0,19,5,13,22,18,344,148,119,90,135,99,167,112,130,109,1269,369,1335,363,338,185,220,147
1400000US36005029500,"Census Tract 295, Bronx County, New York",Bronx,3364,470,81,109,10,22,0,14,0,14,0,14,0,14,0,14,0,14,0,14,0,14,0,14,72,116,0,14,2,5,141,130,412,229,98,86,53,52,267,196,338,302,1067,233,682,206,17,32,124,88
1400000US36005029600,"Census Tract 296, Bronx County, New York",Bronx,1740,211,61,62,0,14,0,14,0,14,0,14,0,14,0,14,0,14,0,14,0,14,0,14,18,20,5,4,5,12,64,83,286,86,72,56,23,31,165,77,136,98,333,107,211,109,178,93,183,85
1400000US36005029700,"Census Tract 297, Bronx County, New York",Bronx,3191,295,87,75,0,14,0,14,0,14,0,14,0,14,0,14,0,14,19,26,0,14,34,50,11,19,0,14,13,23,10,15,324,114,16,25,75,49,259,168,275,224,778,186,868,170,334,117,88,74
1400000US36005030000,"Census Tract 300, Bronx County, New York",Bronx,4962,729,133,101,0,19,0,19,0,19,52,78,0,19,0,19,0,19,0,19,4,30,8,2,54,60,75,72,6,44,59,62,1209,361,108,86,263,183,648,283,574,271,1128,403,528,281,89,94,24,43
1400000US36005030100,"Census Tract 301, Bronx County, New York",Bronx,1358,138,16,12,0,14,0,14,0,14,0,14,8,16,0,14,8,15,8,16,44,58,32,42,7,15,16,20,9,16,30,36,226,75,34,28,63,46,104,63,106,58,319,109,194,68,112,63,22,22
1400000US36005030201,"Census Tract 302.01, Bronx County, New York",Bronx,2829,540,29,30,0,14,0,14,0,14,0,14,0,14,0,14,10,15,0,14,0,14,37,46,0,14,0,14,68,82,162,130,584,168,153,96,90,61,650,418,211,133,413,194,380,178,0,14,42,42
1400000US36005030202,"Census Tract 302.02, Bronx County, New York",Bronx,4105,579,80,60,0,19,0,19,0,19,0,19,0,19,8,14,11,22,0,19,0,19,67,90,60,78,120,157,21,37,262,138,1094,491,245,119,214,160,276,131,411,209,883,237,315,142,38,37,0,19
1400000US36005030701,"Census Tract 307.01, Bronx County, New York",Bronx,4000,408,64,73,0,19,0,19,0,19,0,19,0,19,0,19,0,19,0,19,0,19,0,19,0,19,19,32,0,19,15,32,343,163,146,118,56,62,298,176,158,120,960,233,1136,272,401,169,404,329
1400000US36005030900,"Census Tract 309, Bronx County, New York",Bronx,2873,231,21,27,0,14,0,14,0,14,0,14,0,14,0,14,0,14,0,14,4,10,15,23,7,17,0,14,3,8,40,40,366,60,11,17,62,47,291,145,75,52,692,146,771,173,318,115,197,96
1400000US36005031000,"Census Tract 310, Bronx County, New York",Bronx,3837,420,115,51,0,14,0,14,3,6,0,14,25,34,0,14,33,42,19,29,44,46,136,58,116,97,14,19,35,37,118,67,771,243,155,105,119,57,282,127,404,181,868,274,435,170,116,67,29,30
1400000US36005031200,"Census Tract 312, Bronx County, New York",Bronx,1051,176,17,16,0,14,0,14,0,14,0,14,18,28,0,14,21,28,0,14,16,25,9,11,4,7,0,14,37,50,41,33,201,66,17,16,60,29,62,36,167,87,214,86,161,53,6,9,0,14
1400000US36005031400,"Census Tract 314, Bronx County, New York",Bronx,1483,184,89,75,0,14,0,14,0,14,0,14,0,14,2,7,7,11,16,15,0,14,30,19,0,14,0,14,6,11,45,38,345,100,81,53,62,38,154,69,122,62,245,91,190,71,73,107,16,16
1400000US36005031600,"Census Tract 316, Bronx County, New York",Bronx,1405,311,39,36,0,14,0,14,0,14,8,12,0,14,3,5,15,21,24,39,0,14,39,48,54,88,40,48,9,15,109,70,199,114,16,25,29,27,248,112,121,76,229,134,171,76,42,26,10,15
1400000US36005031800,"Census Tract 318, Bronx County, New York",Bronx,1408,233,5,8,0,14,0,14,0,14,0,14,0,14,0,14,6,9,0,14,0,14,15,16,30,28,0,14,6,13,59,51,243,100,39,42,147,70,336,163,96,85,214,88,160,84,45,35,7,12
1400000US36005031900,"Census Tract 319, Bronx County, New York",Bronx,107,51,0,14,0,14,0,14,0,14,0,14,0,14,0,14,0,14,0,14,0,14,0,14,0,14,0,14,0,14,0,14,6,10,14,40,0,14,0,14,0,14,26,32,57,43,4,7,0,14
1400000US36005032300,"Census Tract 323, Bronx County, New York",Bronx,4151,447,44,47,0,14,0,14,0,14,17,27,9,25,0,14,0,14,0,14,0,14,2,10,6,16,22,33,48,50,76,62,283,123,91,102,284,162,228,116,298,121,1106,338,1027,265,267,128,343,194
1400000US36005032400,"Census Tract 324, Bronx County, New York",Bronx,1901,314,25,28,0,14,0,14,0,14,0,14,29,47,0,14,66,69,0,14,38,61,163,101,46,63,40,51,25,39,251,192,366,193,103,87,100,79,191,116,169,90,190,113,64,66,35,55,0,14
1400000US36005032600,"Census Tract 326, Bronx County, New York",Bronx,2473,441,117,72,0,14,0,14,0,14,0,14,4,7,0,14,54,51,12,15,25,37,67,59,25,37,9,13,54,50,63,53,575,184,132,136,52,41,359,159,138,79,386,105,266,120,120,127,15,17
1400000US36005032800,"Census Tract 328, Bronx County, New York",Bronx,2312,353,244,209,0,14,0,14,0,14,0,14,45,56,0,14,44,65,11,20,48,64,83,80,108,107,51,60,52,56,152,101,505,214,87,73,47,40,288,136,201,116,160,77,186,96,0,14,0,14
1400000US36005033000,"Census Tract 330, Bronx County, New York",Bronx,3242,408,260,197,0,19,0,19,0,19,0,19,105,119,13,21,0,19,20,33,118,156,106,114,0,19,0,19,143,117,112,117,959,329,169,146,100,101,383,180,101,79,367,170,178,114,0,19,108,171
1400000US36005033201,"Census Tract 332.01, Bronx County, New York",Bronx,3224,570,159,89,0,14,0,14,0,14,0,14,14,22,16,26,12,21,0,14,0,14,44,66,0,14,7,11,104,144,89,69,843,304,47,46,115,60,363,155,236,134,737,265,426,344,12,19,0,14
1400000US36005033202,"Census Tract 332.02, Bronx County, New York",Bronx,2755,456,309,316,0,14,0,14,0,14,0,14,44,54,0,14,39,49,35,40,20,31,82,55,54,52,67,59,0,14,18,19,629,151,292,177,96,63,301,144,176,94,441,177,146,106,6,12,0,14
1400000US36005033400,"Census Tract 334, Bronx County, New York",Bronx,27,29,0,14,0,14,0,14,0,14,0,14,0,14,0,14,0,14,0,14,0,14,0,14,0,14,0,14,0,14,0,14,4,6,4,6,0,14,4,6,10,15,1,2,4,5,0,14,0,14
1400000US36005033500,"Census Tract 335, Bronx County, New York",Bronx,1369,161,0,14,0,14,0,14,0,14,0,14,0,14,0,14,0,14,5,12,0,14,4,12,6,10,2,3,0,14,31,42,134,61,43,30,146,75,45,34,64,32,434,140,260,93,121,47,74,49
1400000US36005033601,"Census Tract 336.01, Bronx County, New York",Bronx,3065,459,74,50,0,14,0,14,0,14,31,52,0,14,0,14,0,14,242,309,15,28,12,20,43,51,136,95,68,58,111,70,548,155,307,137,93,60,780,426,206,127,171,133,228,204,0,14,0,14
1400000US36005033602,"Census Tract 336.02, Bronx County, New York",Bronx,825,134,20,23,0,14,0,14,0,14,0,14,0,14,0,14,0,14,0,14,0,14,8,15,8,13,0,14,59,68,0,14,96,62,36,32,89,58,125,81,44,35,241,139,82,69,7,12,10,17
1400000US36005033700,"Census Tract 337, Bronx County, New York",Bronx,2001,237,13,16,0,14,0,14,0,14,0,14,0,14,0,14,0,14,0,14,0,14,3,7,0,14,0,14,9,17,72,58,288,170,74,68,25,25,143,79,164,101,532,232,300,109,239,136,139,72
1400000US36005033801,"Census Tract 338.01, Bronx County, New York",Bronx,1338,347,86,53,4,7,0,14,0,14,4,6,32,45,0,14,0,14,23,34,0,14,0,14,46,67,63,60,14,22,43,35,629,343,26,27,32,27,150,75,77,55,77,50,9,13,0,14,23,27
1400000US36005033802,"Census Tract 338.02, Bronx County, New York",Bronx,983,223,58,49,0,14,0,14,0,14,38,43,0,14,0,14,0,14,17,23,0,14,0,14,0,14,18,35,18,21,115,150,153,84,38,29,7,10,116,97,116,74,154,89,121,64,0,14,14,19
1400000US36005034000,"Census Tract 340, Bronx County, New York",Bronx,3064,440,246,126,13,21,0,19,0,19,0,19,7,9,22,27,1,3,20,30,0,19,60,56,116,136,109,84,19,30,68,60,488,172,306,119,158,91,387,170,470,196,213,87,256,118,105,113,0,19
1400000US36005034200,"Census Tract 342, Bronx County, New York",Bronx,1170,292,51,59,0,14,0,14,0,14,0,14,0,14,36,33,9,15,0,14,0,14,19,34,5,10,26,27,53,56,64,38,121,54,39,29,38,28,124,60,264,268,171,81,87,36,51,39,12,16
1400000US36005034300,"Census Tract 343, Bronx County, New York",Bronx,1244,178,28,27,0,14,0,14,0,14,0,14,0,14,0,14,1,3,9,18,0,14,44,40,9,17,9,18,0,14,51,45,279,99,23,39,110,70,180,105,85,76,139,61,222,80,43,27,12,20
1400000US36005034400,"Census Tract 344, Bronx County, New York",Bronx,1009,283,23,25,0,14,0,14,0,14,0,14,0,14,0,14,0,14,0,14,0,14,20,32,20,32,0,14,6,9,25,24,355,134,22,19,102,137,76,48,109,70,139,60,112,62,0,14,0,14
1400000US36005034500,"Census Tract 345, Bronx County, New York",Bronx,2921,296,45,69,0,14,0,14,0,14,0,14,0,14,0,14,0,14,0,14,11,19,45,38,71,78,0,14,84,76,66,56,571,204,92,67,181,128,286,102,240,160,555,157,463,188,76,50,135,86
1400000US36005034800,"Census Tract 348, Bronx County, New York",Bronx,3904,753,74,68,0,19,0,19,0,19,2,5,19,29,0,19,23,33,0,19,0,19,128,107,130,121,70,108,9,21,233,163,907,239,175,151,177,80,495,250,545,530,683,319,150,83,53,67,31,51
1400000US36005035000,"Census Tract 350, Bronx County, New York",Bronx,1237,244,8,11,0,14,0,14,0,14,0,14,0,14,0,14,0,14,9,14,0,14,0,14,8,11,5,10,17,28,117,103,244,89,22,17,93,58,143,79,49,28,347,141,86,44,47,42,42,53
1400000US36005035100,"Census Tract 351, Bronx County, New York",Bronx,1899,259,13,17,0,14,0,14,6,10,0,14,13,20,21,30,0,14,5,7,0,14,9,15,7,17,0,14,10,20,30,32,257,151,28,26,81,83,105,61,133,90,658,158,355,124,72,49,96,69
1400000US36005035600,"Census Tract 356, Bronx County, New York",Bronx,1486,246,116,91,7,11,0,14,0,14,0,14,4,6,0,14,0,14,5,11,0,14,31,28,34,30,6,8,7,16,40,30,480,141,57,50,50,39,220,111,116,63,188,73,115,57,10,18,0,14
1400000US36005035800,"Census Tract 358, Bronx County, New York",Bronx,4951,914,114,75,50,48,0,19,0,19,0,19,0,19,0,19,27,34,44,54,0,19,39,50,27,37,12,27,0,19,179,243,1333,435,146,122,356,288,704,424,399,201,949,339,497,183,0,19,75,81
1400000US36005035900,"Census Tract 359, Bronx County, New York",Bronx,2397,370,59,55,0,14,0,14,0,14,0,14,20,35,0,14,0,14,0,14,0,14,0,14,102,71,87,105,122,120,125,85,622,237,256,142,243,128,296,151,179,107,190,133,67,88,0,14,29,46
1400000US36005036000,"Census Tract 360, Bronx County, New York",Bronx,2024,301,56,55,0,14,0,14,0,14,0,14,7,11,0,14,5,7,28,39,0,14,19,27,0,14,12,11,15,20,66,37,326,117,127,70,141,58,280,105,205,85,423,142,237,68,63,81,14,23
1400000US36005036100,"Census Tract 361, Bronx County, New York",Bronx,2876,374,220,121,0,14,0,14,0,14,0,14,55,80,0,14,0,14,0,14,12,27,140,116,40,64,98,95,129,113,154,95,835,314,259,169,129,75,318,215,110,115,311,159,66,79,0,14,0,14
1400000US36005036300,"Census Tract 363, Bronx County, New York",Bronx,4178,627,142,121,49,75,0,19,0,19,0,19,17,32,89,142,58,95,121,97,54,62,250,170,43,69,142,93,113,117,193,147,990,303,228,117,320,187,421,210,433,198,394,209,68,76,53,80,0,19
1400000US36005036400,"Census Tract 364, Bronx County, New York",Bronx,1747,342,108,53,0,14,0,14,0,14,0,14,0,14,0,14,18,24,41,36,33,36,47,39,72,51,88,57,51,34,38,35,406,137,108,64,85,49,199,144,133,86,252,97,63,41,0,14,5,8
1400000US36005036501,"Census Tract 365.01, Bronx County, New York",Bronx,2840,362,124,85,0,14,0,14,0,14,61,95,8,17,7,16,0,14,52,59,0,14,63,62,28,52,43,50,49,54,223,110,887,277,318,119,52,53,431,179,162,148,247,128,85,81,0,14,0,14
1400000US36005036502,"Census Tract 365.02, Bronx County, New York",Bronx,1563,421,125,74,0,14,0,14,0,14,10,22,0,14,0,14,13,29,0,14,29,42,38,50,5,7,0,14,32,37,99,52,304,141,94,81,144,92,208,105,42,39,395,301,25,27,0,14,0,14
1400000US36005036700,"Census Tract 367, Bronx County, New York",Bronx,1832,395,71,64,0,14,0,14,6,15,0,14,0,14,1,5,9,21,52,30,11,24,58,49,72,54,69,44,62,53,36,37,621,231,185,98,53,57,188,119,93,67,144,76,88,66,13,19,0,14
1400000US36005036800,"Census Tract 368, Bronx County, New York",Bronx,1285,272,61,70,0,14,0,14,0,14,0,14,0,14,0,14,15,23,14,22,0,14,15,31,46,41,28,43,89,37,44,33,139,60,51,28,105,76,110,44,127,75,283,202,118,61,34,35,6,9
1400000US36005036901,"Census Tract 369.01, Bronx County, New York",Bronx,1139,164,74,41,0,14,0,14,47,50,0,14,27,46,54,48,0,14,0,14,67,59,38,39,16,19,40,50,28,32,20,22,184,75,149,112,34,37,141,83,158,81,52,38,10,15,0,14,0,14
1400000US36005036902,"Census Tract 369.02, Bronx County, New York",Bronx,1563,145,120,100,0,14,13,20,0,14,0,14,7,11,0,14,10,13,10,17,0,14,27,27,55,52,87,65,83,62,219,94,266,92,69,55,70,46,142,86,124,69,120,70,128,88,13,19,0,14
1400000US36005037000,"Census Tract 370, Bronx County, New York",Bronx,1522,283,85,51,0,14,0,14,0,14,0,14,0,14,0,14,0,14,0,14,0,14,24,28,19,24,26,30,28,34,70,66,289,150,46,44,42,33,192,81,147,99,374,120,180,88,0,14,0,14
1400000US36005037100,"Census Tract 371, Bronx County, New York",Bronx,3031,429,119,78,0,14,0,14,0,14,10,17,137,178,13,20,14,22,22,31,47,59,58,46,160,107,12,19,89,90,192,119,659,200,93,63,295,158,469,214,218,117,195,107,142,102,87,119,0,14
1400000US36005037200,"Census Tract 372, Bronx County, New York",Bronx,1469,182,57,49,0,14,0,14,0,14,0,14,0,14,16,27,0,14,15,27,66,60,72,48,6,10,0,14,7,11,87,55,300,105,14,14,52,39,179,72,118,62,318,97,105,59,20,23,37,35
1400000US36005037300,"Census Tract 373, Bronx County, New York",Bronx,3758,565,161,134,0,19,0,19,0,19,0,19,9,18,134,172,29,59,0,19,0,19,329,296,112,140,49,52,64,91,261,180,622,272,472,356,452,260,502,221,190,155,191,154,143,143,38,65,0,19
1400000US36005037400,"Census Tract 374, Bronx County, New York",Bronx,2211,412,85,56,0,14,12,17,0,14,0,14,0,14,0,14,17,29,27,35,9,18,37,41,62,56,0,14,75,64,69,62,483,159,286,245,136,89,351,209,261,130,255,134,46,50,0,14,0,14
1400000US36005037504,"Census Tract 375.04, Bronx County, New York",Bronx,2296,279,163,79,0,14,0,14,0,14,0,14,6,10,4,10,13,18,10,14,15,25,19,30,44,55,126,93,133,95,224,130,517,194,119,56,144,118,441,212,133,90,96,63,69,66,9,17,11,22
1400000US36005037600,"Census Tract 376, Bronx County, New York",Bronx,1507,195,107,84,0,14,0,14,0,14,0,14,0,14,8,11,30,33,0,14,2,3,23,26,62,56,57,53,16,25,96,59,371,125,130,55,71,45,200,108,88,50,116,77,130,85,0,14,0,14
1400000US36005037800,"Census Tract 378, Bronx County, New York",Bronx,2291,402,50,59,0,14,0,14,0,14,0,14,0,14,22,31,70,67,106,89,0,14,9,14,24,33,13,22,31,39,62,65,692,231,145,93,137,83,292,123,116,98,424,180,87,48,11,17,0,14
1400000US36005037900,"Census Tract 379, Bronx County, New York",Bronx,4152,428,361,279,0,19,0,19,0,19,0,19,17,36,0,19,15,24,35,45,9,20,30,52,213,129,81,78,80,73,177,93,1448,444,292,175,160,101,394,194,215,128,441,222,170,150,14,22,0,19
1400000US36005038000,"Census Tract 380, Bronx County, New York",Bronx,3036,363,84,57,0,19,0,19,0,19,16,18,21,34,0,19,0,19,46,58,78,77,44,44,11,21,311,202,34,41,81,65,580,198,227,189,138,79,433,168,288,179,394,150,250,128,0,19,0,19
1400000US36005038100,"Census Tract 381, Bronx County, New York",Bronx,4285,527,142,126,0,19,0,19,70,59,0,19,117,103,47,85,56,80,25,36,0,19,53,77,107,102,105,126,196,169,83,77,1566,474,137,110,210,126,851,384,276,257,137,139,29,54,78,82,0,19
1400000US36005038200,"Census Tract 382, Bronx County, New York",Bronx,1999,358,46,40,0,14,0,14,0,14,0,14,27,31,0,14,4,9,17,21,0,14,28,29,30,39,25,31,70,49,127,60,370,155,98,48,82,52,403,132,129,62,344,128,153,77,6,10,40,42
1400000US36005038301,"Census Tract 383.01, Bronx County, New York",Bronx,2851,373,286,125,0,14,0,14,0,14,0,14,19,23,0,14,35,42,54,48,41,65,75,70,98,92,57,65,89,77,123,78,618,197,106,87,126,105,612,231,217,217,185,112,84,82,26,39,0,14
1400000US36005038303,"Census Tract 383.03, Bronx County, New York",Bronx,2006,344,75,81,0,14,0,14,0,14,41,67,0,14,0,14,54,55,35,55,0,14,46,52,34,55,221,151,0,14,131,91,646,233,204,111,183,85,145,112,0,14,129,116,41,47,0,14,21,33
1400000US36005038304,"Census Tract 383.04, Bronx County, New York",Bronx,1345,306,43,42,0,14,0,14,0,14,0,14,0,14,0,14,50,59,0,14,41,42,22,34,56,49,35,38,61,53,51,47,285,125,68,62,105,103,304,266,124,77,71,63,29,43,0,14,0,14
1400000US36005038500,"Census Tract 385, Bronx County, New York",Bronx,2942,424,111,105,0,19,0,19,0,19,0,19,109,160,9,20,0,19,20,35,0,19,126,121,211,158,86,111,98,136,184,149,626,238,342,237,250,151,343,196,165,148,216,163,46,84,0,19,0,19
1400000US36005038600,"Census Tract 386, Bronx County, New York",Bronx,4948,955,119,102,0,19,0,19,0,19,27,44,0,19,0,19,0,19,0,19,11,22,47,76,50,62,98,81,156,133,215,160,1426,637,190,115,156,127,971,480,222,169,737,248,363,214,160,129,0,19
1400000US36005038700,"Census Tract 387, Bronx County, New York",Bronx,2114,527,136,106,0,14,0,14,0,14,0,14,10,24,0,14,111,144,68,89,33,54,40,48,0,14,75,104,79,72,155,140,547,194,57,55,148,90,392,204,114,98,111,68,38,60,0,14,0,14
1400000US36005038800,"Census Tract 388, Bronx County, New York",Bronx,1695,321,86,65,0,14,0,14,0,14,0,14,0,14,4,7,1,4,3,6,5,7,0,14,17,22,23,25,17,22,51,42,653,262,35,32,68,48,186,126,83,62,344,151,104,84,15,22,0,14
1400000US36005038900,"Census Tract 389, Bronx County, New York",Bronx,2953,496,275,244,34,41,0,19,0,19,0,19,0,19,0,19,74,72,178,123,79,77,32,50,114,84,67,108,39,39,145,142,545,279,223,159,218,157,268,165,110,86,265,95,67,65,220,152,0,19
1400000US36005039000,"Census Tract 390, Bronx County, New York",Bronx,2039,456,189,147,0,14,0,14,0,14,0,14,16,24,0,14,4,18,0,14,0,14,57,69,69,64,22,26,12,17,150,195,572,165,110,75,88,65,92,62,278,167,268,172,96,81,16,27,0,14
1400000US36005039100,"Census Tract 391, Bronx County, New York",Bronx,4362,937,175,197,0,19,23,52,0,19,0,19,179,120,0,19,136,217,510,398,23,35,21,35,337,281,111,105,281,231,49,80,645,354,88,141,74,102,350,197,502,288,652,426,186,203,0,19,20,38
1400000US36005039200,"Census Tract 392, Bronx County, New York",Bronx,1138,217,33,37,0,14,0,14,0,14,0,14,0,14,0,14,0,14,0,14,12,16,12,19,14,22,8,12,14,20,38,34,244,95,47,52,144,86,136,69,38,26,173,85,175,130,50,72,0,14
1400000US36005039300,"Census Tract 393, Bronx County, New York",Bronx,5766,759,64,55,0,19,0,19,95,120,86,141,326,213,29,46,102,163,166,194,0,19,89,82,84,85,88,85,217,167,348,271,901,397,512,311,307,257,889,329,254,183,843,375,366,344,0,19,0,19
1400000US36005039400,"Census Tract 394, Bronx County, New York",Bronx,2904,363,158,94,16,23,0,14,0,14,0,14,10,17,29,47,7,13,0,14,0,14,28,25,48,49,103,103,140,70,100,82,923,234,126,65,229,103,383,152,229,166,272,116,103,61,0,14,0,14
1400000US36005039500,"Census Tract 395, Bronx County, New York",Bronx,2818,463,96,82,0,14,0,14,0,14,6,13,36,59,26,40,0,14,109,121,43,72,59,50,124,81,30,34,182,125,139,89,624,266,114,69,106,84,187,118,554,399,246,105,128,72,9,14,0,14
1400000US36005039600,"Census Tract 396, Bronx County, New York",Bronx,2720,511,61,64,0,14,33,51,0,14,12,20,10,16,0,14,34,47,36,43,11,18,2,6,169,148,100,105,63,71,209,136,667,253,330,239,152,98,245,113,220,114,248,123,118,89,0,14,0,14
1400000US36005039700,"Census Tract 397, Bronx County, New York",Bronx,717,105,13,19,0,14,0,14,0,14,7,10,21,24,0,14,0,14,64,43,0,14,20,33,55,46,23,28,14,15,76,53,107,50,90,70,5,8,37,40,23,20,82,50,80,29,0,14,0,14
1400000US36005039800,"Census Tract 398, Bronx County, New York",Bronx,2219,419,39,38,0,14,0,14,48,73,0,14,0,14,0,14,0,14,0,14,0,14,38,60,194,202,21,34,65,71,118,123,700,240,177,181,99,74,80,55,288,147,283,105,58,51,11,18,0,14
1400000US36005039901,"Census Tract 399.01, Bronx County, New York",Bronx,3214,427,225,118,0,14,0,14,0,14,0,14,18,27,33,40,62,74,95,97,7,12,89,106,109,120,138,91,175,121,186,127,746,235,157,113,49,46,300,126,332,230,332,152,111,88,50,60,0,14
1400000US36005039902,"Census Tract 399.02, Bronx County, New York",Bronx,2929,444,121,74,0,14,0,14,40,64,0,14,0,14,39,49,89,113,58,73,0,14,114,79,82,65,8,20,149,127,159,120,960,357,129,107,46,45,486,301,137,105,282,142,20,35,0,14,10,16
1400000US36005040100,"Census Tract 401, Bronx County, New York",Bronx,3175,507,53,57,0,14,0,14,0,14,0,14,12,23,29,49,16,28,166,80,15,19,78,72,117,83,62,53,50,34,175,106,925,281,425,399,38,40,446,224,186,99,211,91,107,62,63,72,1,17
1400000US36005040302,"Census Tract 403.02, Bronx County, New York",Bronx,2618,776,59,63,0,14,0,14,0,14,22,39,47,38,0,14,5,14,57,51,30,47,317,304,16,25,60,55,271,273,36,44,842,296,72,44,12,14,350,265,185,95,221,107,7,12,0,14,9,13
1400000US36005040303,"Census Tract 403.03, Bronx County, New York",Bronx,2749,261,130,97,0,14,0,14,0,14,25,34,66,61,14,22,0,14,30,47,19,30,86,57,20,23,90,83,60,56,89,63,614,159,30,35,168,110,527,178,245,125,429,130,70,52,32,46,5,9
1400000US36005040304,"Census Tract 403.04, Bronx County, New York",Bronx,2248,342,67,52,0,14,0,14,20,33,0,14,21,25,21,34,165,153,80,56,31,50,96,60,71,82,24,40,76,56,36,45,556,164,13,20,25,35,299,131,70,61,466,246,111,69,0,14,0,14
1400000US36005040400,"Census Tract 404, Bronx County, New York",Bronx,2292,470,27,39,0,14,0,14,0,14,0,14,21,32,0,14,10,26,0,14,0,14,68,70,29,41,41,56,0,14,130,143,555,242,65,72,196,121,410,250,284,161,308,246,69,76,54,82,25,27
1400000US36005040501,"Census Tract 405.01, Bronx County, New York",Bronx,2085,408,152,131,0,14,0,14,0,14,0,14,31,36,17,21,76,80,73,80,22,26,163,132,53,57,37,49,123,96,14,21,525,194,117,96,47,62,184,97,108,76,283,176,60,57,0,14,0,14
1400000US36005040502,"Census Tract 405.02, Bronx County, New York",Bronx,3810,729,145,151,0,19,0,19,0,19,0,19,0,19,11,20,96,52,22,35,103,104,99,97,184,130,56,58,227,129,17,30,914,336,282,163,49,49,478,295,230,161,581,315,232,176,34,55,50,58
1400000US36005040600,"Census Tract 406, Bronx County, New York",Bronx,2129,421,50,50,0,14,0,14,0,14,0,14,0,14,0,14,0,14,0,14,0,14,37,52,0,14,124,130,14,27,154,112,687,297,116,122,56,58,223,109,125,80,356,168,185,129,0,14,2,4
1400000US36005040701,"Census Tract 407.01, Bronx County, New York",Bronx,1793,403,54,46,0,14,0,14,0,14,0,14,10,16,0,14,0,14,59,83,0,14,142,98,77,81,12,18,105,71,65,48,412,135,89,76,29,32,382,278,118,86,200,90,39,37,0,14,0,14
1400000US36005040702,"Census Tract 407.02, Bronx County, New York",Bronx,4189,460,320,185,0,19,0,19,0,19,0,19,44,76,45,68,0,19,80,92,0,19,148,151,0,19,0,19,30,40,131,100,671,287,172,125,537,317,579,263,482,167,613,250,317,180,0,19,20,32
1400000US36005040800,"Census Tract 408, Bronx County, New York",Bronx,2783,623,151,102,0,14,0,14,0,14,0,14,13,21,0,14,118,146,0,14,27,40,175,145,213,197,57,62,148,69,139,126,622,287,64,57,83,60,241,114,217,173,427,175,82,66,0,14,6,17
1400000US36005040900,"Census Tract 409, Bronx County, New York",Bronx,2380,333,101,128,0,14,0,14,0,14,0,14,21,33,0,14,0,14,12,19,0,14,22,30,0,14,4,8,21,29,112,95,690,215,135,98,66,53,172,99,247,93,544,168,208,117,24,31,1,9
1400000US36005041100,"Census Tract 411, Bronx County, New York",Bronx,2568,487,231,179,0,14,0,14,0,14,0,14,139,187,0,14,0,14,59,57,34,51,85,52,44,48,44,49,51,61,83,88,646,255,107,88,63,74,501,174,183,112,153,78,96,63,44,70,5,11
1400000US36005041300,"Census Tract 413, Bronx County, New York",Bronx,5005,620,284,171,0,19,0,19,0,19,0,19,0,19,0,19,0,19,24,55,0,19,120,112,122,139,42,70,79,84,294,203,993,279,151,125,238,137,721,282,448,220,919,283,469,236,88,85,13,22
1400000US36005041400,"Census Tract 414, Bronx County, New York",Bronx,4300,782,236,161,0,19,0,19,0,19,0,19,0,19,0,19,0,19,6,33,0,19,0,19,52,78,0,19,136,188,267,189,997,409,301,147,249,156,498,243,265,182,1047,375,246,151,0,19,0,19
1400000US36005041500,"Census Tract 415, Bronx County, New York",Bronx,3959,706,111,109,0,19,0,19,0,19,0,19,0,19,120,109,0,19,150,241,43,73,120,104,51,65,50,40,2,31,206,153,904,366,122,89,205,122,754,338,381,168,499,184,149,92,54,72,38,56
1400000US36005041800,"Census Tract 418, Bronx County, New York",Bronx,2396,536,161,97,0,14,0,14,0,14,0,14,0,14,16,24,33,36,0,14,36,51,16,24,27,38,41,67,25,28,98,76,412,158,11,26,148,79,153,130,531,450,428,176,187,96,42,66,31,46
1400000US36005041900,"Census Tract 419, Bronx County, New York",Bronx,4465,591,102,119,0,19,0,19,0,19,0,19,0,19,71,80,100,92,148,127,84,115,116,130,30,24,113,119,223,205,80,76,666,309,238,247,154,116,297,183,526,255,968,414,423,242,0,19,126,192
1400000US36005042000,"Census Tract 420, Bronx County, New York",Bronx,3207,539,170,137,0,14,98,89,0,14,8,16,0,14,0,14,0,14,92,94,0,14,0,14,93,83,135,101,133,94,32,42,735,326,301,143,94,84,422,175,533,384,230,118,45,55,72,66,14,22
1400000US36005042100,"Census Tract 421, Bronx County, New York",Bronx,3826,429,97,69,0,19,0,19,0,19,0,19,101,115,0,19,65,100,70,79,33,55,104,135,145,113,136,166,104,114,179,145,671,334,186,159,67,84,298,136,228,161,807,325,152,114,337,159,46,73
1400000US36005042200,"Census Tract 422, Bronx County, New York",Bronx,2224,457,244,84,0,14,0,14,0,14,0,14,0,14,0,14,0,14,31,37,0,14,52,63,0,14,61,69,173,163,48,72,645,394,158,127,97,96,274,156,137,120,192,145,112,89,0,14,0,14
1400000US36005042300,"Census Tract 423, Bronx County, New York",Bronx,2503,283,76,55,0,14,0,14,0,14,0,14,0,14,24,39,48,75,48,49,43,50,63,57,80,94,36,35,49,52,89,59,635,212,265,124,74,82,240,160,79,68,448,146,167,96,0,14,39,58
1400000US36005042400,"Census Tract 424, Bronx County, New York",Bronx,1660,333,12,14,0,14,0,14,0,14,0,14,6,10,0,14,0,14,13,14,5,11,66,70,56,69,10,19,6,11,39,63,411,169,25,29,88,63,173,85,155,97,352,146,201,115,14,18,28,41
1400000US36005042500,"Census Tract 425, Bronx County, New York",Bronx,4191,585,186,100,0,19,0,19,0,19,0,19,0,19,0,19,156,116,0,19,0,19,207,134,58,73,333,228,301,168,119,87,1306,297,209,179,83,116,249,171,194,109,525,218,265,165,0,19,0,19
1400000US36005042600,"Census Tract 426, Bronx County, New York",Bronx,4634,1052,399,301,0,19,0,19,0,19,0,19,0,19,18,29,0,19,0,19,37,63,57,100,0,19,0,19,159,214,222,139,838,576,203,128,231,196,508,257,226,154,979,306,709,318,48,84,0,19
1400000US36005042800,"Census Tract 428, Bronx County, New York",Bronx,1765,505,15,19,0,14,0,14,0,14,0,14,0,14,0,14,24,21,0,14,0,14,12,20,0,14,13,19,34,32,21,18,455,212,178,220,45,40,192,94,133,41,352,131,252,110,26,23,13,25
1400000US36005042901,"Census Tract 429.01, Bronx County, New York",Bronx,2181,362,85,64,0,14,0,14,0,14,12,16,0,14,0,14,45,41,0,14,0,14,72,74,55,42,27,37,98,150,42,34,699,223,196,102,27,32,210,105,265,119,142,100,164,142,42,41,0,14
1400000US36005042902,"Census Tract 429.02, Bronx County, New York",Bronx,2556,283,173,89,0,14,0,14,0,14,0,14,9,15,0,14,12,20,32,30,8,14,97,57,42,38,113,78,71,46,168,113,577,199,137,97,109,70,305,111,203,102,283,113,183,91,34,34,0,14
1400000US36005043000,"Census Tract 430, Bronx County, New York",Bronx,2392,564,41,39,0,14,0,14,0,14,0,14,0,14,0,14,0,14,111,171,34,67,47,51,0,14,25,35,0,14,13,21,257,200,414,298,43,51,548,260,96,87,593,286,170,112,0,14,0,14
1400000US36005043101,"Census Tract 431.01, Bronx County, New York",Bronx,3676,1078,705,809,0,19,0,19,0,19,0,19,0,19,0,19,26,43,163,192,0,19,183,121,27,43,68,73,198,286,134,102,569,194,213,133,102,74,427,176,309,155,297,132,198,87,53,59,4,12
1400000US36005043102,"Census Tract 431.02, Bronx County, New York",Bronx,2977,393,241,196,0,14,0,14,24,37,0,14,20,18,5,10,24,29,48,54,30,33,52,41,109,140,61,68,68,88,149,129,650,152,353,243,59,57,419,214,186,105,303,120,78,54,98,110,0,14
1400000US36005043400,"Census Tract 434, Bronx County, New York",Bronx,3057,498,63,73,0,14,0,14,0,14,0,14,0,14,0,14,50,43,12,18,0,14,10,40,0,14,22,64,10,55,172,111,852,272,241,162,149,101,465,205,206,116,500,274,290,126,15,27,0,14
1400000US36005043501,"Census Tract 435.01, Bronx County, New York",Bronx,589,79,29,29,0,14,0,14,0,14,0,14,0,14,0,14,0,14,0,14,4,8,15,12,5,10,0,14,50,51,64,52,74,55,55,36,7,11,63,39,42,40,138,70,43,29,0,14,0,14
1400000US36005043502,"Census Tract 435.02, Bronx County, New York",Bronx,0,14,0,14,0,14,0,14,0,14,0,14,0,14,0,14,0,14,0,14,0,14,0,14,0,14,0,14,0,14,0,14,0,14,0,14,0,14,0,14,0,14,0,14,0,14,0,14,0,14
1400000US36005043503,"Census Tract 435.03, Bronx County, New York",Bronx,0,14,0,14,0,14,0,14,0,14,0,14,0,14,0,14,0,14,0,14,0,14,0,14,0,14,0,14,0,14,0,14,0,14,0,14,0,14,0,14,0,14,0,14,0,14,0,14,0,14
1400000US36005043600,"Census Tract 436, Bronx County, New York",Bronx,1576,224,69,43,0,14,0,14,0,14,0,14,19,23,0,14,8,12,8,17,0,14,5,10,10,16,84,47,84,82,37,29,399,129,122,80,41,41,237,111,169,89,213,100,60,45,0,14,11,20
1400000US36005044200,"Census Tract 442, Bronx County, New York",Bronx,2669,882,160,105,0,14,0,14,0,14,0,14,0,14,0,14,1,3,0,14,0,14,135,158,0,14,0,14,26,50,360,325,983,608,117,95,24,37,362,196,81,63,196,118,224,128,0,14,0,14
1400000US36005044400,"Census Tract 444, Bronx County, New York",Bronx,3319,593,13,21,0,14,0,14,0,14,0,14,0,14,0,14,28,47,0,14,22,49,0,14,136,208,0,14,0,14,71,94,546,210,123,89,190,120,371,253,285,133,875,360,609,309,0,14,50,75
1400000US36005044800,"Census Tract 448, Bronx County, New York",Bronx,1619,319,28,35,0,14,0,14,0,14,0,14,0,14,0,14,0,14,0,14,0,14,0,14,0,14,18,29,0,14,11,21,445,204,144,133,168,91,154,65,128,136,417,217,106,73,0,14,0,14
1400000US36005044901,"Census Tract 449.01, Bronx County, New York",Bronx,1548,245,19,24,0,14,0,14,0,14,0,14,0,14,0,14,2,5,0,14,0,14,0,14,13,19,0,14,0,14,12,16,362,156,69,41,33,31,174,94,53,58,525,151,254,94,32,28,0,14
1400000US36005044902,"Census Tract 449.02, Bronx County, New York",Bronx,1778,339,0,14,0,14,0,14,0,14,0,14,0,14,0,14,0,14,0,14,0,14,0,14,0,14,5,9,70,71,5,8,340,118,139,90,88,53,148,67,223,100,419,148,277,107,47,33,17,18
1400000US36005045101,"Census Tract 451.01, Bronx County, New York",Bronx,1391,286,22,18,0,14,0,14,0,14,0,14,0,14,0,14,0,14,2,5,0,14,38,36,0,14,0,14,0,14,10,15,128,67,14,19,95,56,68,43,53,36,408,293,348,99,148,75,57,41
1400000US36005045102,"Census Tract 451.02, Bronx County, New York",Bronx,1593,260,0,14,0,14,0,14,0,14,0,14,0,14,0,14,11,16,0,14,15,18,0,14,0,14,16,18,0,14,26,31,435,156,62,43,60,34,137,88,52,31,388,136,287,102,49,40,55,62
1400000US36005045600,"Census Tract 456, Bronx County, New York",Bronx,2619,390,80,90,0,14,0,14,28,49,0,14,0,14,0,14,11,19,69,82,0,14,12,22,36,47,53,75,22,30,0,14,868,282,41,36,63,67,368,222,57,65,724,243,168,127,0,14,19,34
1400000US36005045800,"Census Tract 458, Bronx County, New York",Bronx,3220,523,197,187,0,19,0,19,0,19,0,19,0,19,0,19,0,19,14,31,37,56,76,87,51,63,219,146,289,269,301,209,686,298,228,165,134,129,161,140,105,123,434,215,264,343,24,49,0,19
1400000US36005046000,"Census Tract 460, Bronx County, New York",Bronx,1989,440,18,26,0,14,0,14,0,14,0,14,0,14,0,14,0,14,58,76,22,26,10,9,20,29,67,51,93,121,149,77,546,175,79,54,87,83,249,154,223,149,256,185,85,66,4,14,23,27
1400000US36005046203,"Census Tract 462.03, Bronx County, New York",Bronx,5110,1037,218,148,0,19,0,19,0,19,0,19,6,13,33,34,12,21,49,49,6,16,57,41,4,11,70,58,94,104,723,496,1603,568,244,174,288,193,460,231,402,362,549,186,292,161,0,19,0,19
1400000US36005046204,"Census Tract 462.04, Bronx County, New York",Bronx,3711,651,58,57,0,19,0,19,0,19,7,13,22,36,0,19,0,19,0,19,0,19,0,19,22,36,57,63,0,19,153,140,658,301,161,117,344,221,746,425,300,164,664,323,476,236,43,62,0,19
1400000US36005046205,"Census Tract 462.05, Bronx County, New York",Bronx,2896,332,67,58,22,37,0,14,0,14,0,14,0,14,0,14,18,31,0,14,0,14,36,53,13,21,0,14,67,90,81,68,723,295,152,128,55,54,164,107,275,205,667,292,530,300,0,14,26,47
1400000US36005046206,"Census Tract 462.06, Bronx County, New York",Bronx,3331,473,0,14,0,14,0,14,0,14,0,14,0,14,0,14,0,14,156,88,29,60,0,14,10,21,17,50,4,47,60,73,979,416,70,87,369,350,466,238,124,91,734,269,309,205,4,15,0,14
1400000US36005046207,"Census Tract 462.07, Bronx County, New York",Bronx,4814,793,11,18,0,19,0,19,0,19,0,19,0,19,0,19,0,19,0,19,0,19,9,23,0,19,12,20,0,19,327,215,975,370,169,148,205,117,926,527,499,253,1002,372,586,287,93,98,0,19
1400000US36005046208,"Census Tract 462.08, Bronx County, New York",Bronx,3519,745,50,43,0,19,0,19,0,19,0,19,11,22,0,19,5,11,22,19,28,30,107,45,0,19,27,31,70,62,58,46,872,446,337,241,130,95,323,127,416,163,740,342,280,137,25,33,18,29
1400000US36005046209,"Census Tract 462.09, Bronx County, New York",Bronx,2483,621,71,60,0,14,0,14,0,14,0,14,0,14,31,48,0,14,17,28,0,14,17,29,50,43,90,81,38,40,159,103,865,478,99,71,217,92,151,90,84,53,409,359,172,126,13,20,0,14
1400000US36005048401,"Census Tract 484.01, Bronx County, New York",Bronx,2362,487,16,26,0,14,0,14,0,14,0,14,0,14,0,14,22,36,42,68,42,62,0,14,0,14,100,93,51,76,212,117,356,137,58,60,120,73,201,86,241,106,393,186,393,212,52,63,63,102
1400000US36005048402,"Census Tract 484.02, Bronx County, New York",Bronx,0,14,0,14,0,14,0,14,0,14,0,14,0,14,0,14,0,14,0,14,0,14,0,14,0,14,0,14,0,14,0,14,0,14,0,14,0,14,0,14,0,14,0,14,0,14,0,14,0,14
1400000US36005050400,"Census Tract 504, Bronx County, New York",Bronx,0,14,0,14,0,14,0,14,0,14,0,14,0,14,0,14,0,14,0,14,0,14,0,14,0,14,0,14,0,14,0,14,0,14,0,14,0,14,0,14,0,14,0,14,0,14,0,14,0,14
1400000US36005051601,"Census Tract 516.01, Bronx County, New York",Bronx,3341,682,23,35,0,14,0,14,0,14,0,14,0,14,0,14,0,14,45,83,23,46,19,32,0,14,0,14,25,45,99,62,783,336,60,64,94,77,315,171,294,177,583,414,623,252,139,97,216,130
1400000US36005051602,"Census Tract 516.02, Bronx County, New York",Bronx,0,14,0,14,0,14,0,14,0,14,0,14,0,14,0,14,0,14,0,14,0,14,0,14,0,14,0,14,0,14,0,14,0,14,0,14,0,14,0,14,0,14,0,14,0,14,0,14,0,14
1400000US36047000100,"Census Tract 1, Kings County, New York",Brooklyn,4023,626,0,14,0,14,0,14,0,14,0,14,0,14,0,14,0,14,84,141,0,14,0,14,0,14,28,37,1,5,13,21,142,86,59,49,15,31,177,102,105,70,1446,301,1177,442,482,163,294,146
1400000US36047000200,"Census Tract 2, Kings County, New York",Brooklyn,829,198,69,56,0,14,0,14,0,14,0,14,0,14,25,28,5,8,23,21,11,14,35,50,89,86,0,14,13,17,9,13,124,59,39,41,17,20,71,47,97,49,112,59,49,44,41,42,0,14
1400000US36047000301,"Census Tract 3.01, Kings County, New York",Brooklyn,3433,454,15,22,0,14,0,14,0,14,0,14,0,14,0,14,0,14,0,14,0,14,0,14,0,14,12,2,18,31,0,14,93,103,68,65,45,47,350,218,70,57,1053,292,1012,297,516,221,181,122
1400000US36047000501,"Census Tract 5.01, Kings County, New York",Brooklyn,2912,441,2,3,0,14,0,14,0,14,0,14,0,14,11,18,54,88,26,42,0,14,0,14,13,20,0,14,8,13,12,18,65,57,0,14,13,27,205,114,48,39,1185,307,805,218,305,115,160,65
1400000US36047000502,"Census Tract 5.02, Kings County, New York",Brooklyn,2190,223,19,30,0,14,0,14,0,14,0,14,0,14,0,14,0,14,0,14,0,14,0,14,0,14,2,10,0,14,2,5,125,75,12,19,77,78,92,57,58,40,900,147,539,175,263,85,101,58
1400000US36047000700,"Census Tract 7, Kings County, New York",Brooklyn,3175,446,8,15,0,14,0,14,0,14,0,14,0,14,0,14,0,14,15,23,0,14,0,14,4,7,1,3,0,14,38,54,12,19,1,3,0,14,60,51,186,131,1349,386,909,225,505,209,87,71
1400000US36047000900,"Census Tract 9, Kings County, New York",Brooklyn,3821,629,60,65,0,19,0,19,0,19,0,19,0,19,0,19,19,2,0,19,0,19,0,19,0,19,0,19,0,19,0,19,32,55,48,51,31,52,43,52,47,45,1749,615,1109,297,636,314,47,58
1400000US36047001100,"Census Tract 11, Kings County, New York",Brooklyn,1322,201,0,14,0,14,0,14,0,14,0,14,0,14,0,14,0,14,0,14,0,14,0,14,0,14,0,14,12,15,8,11,17,16,3,6,36,27,92,54,22,21,543,138,344,97,196,94,49,25
1400000US36047001300,"Census Tract 13, Kings County, New York",Brooklyn,1985,305,16,25,0,14,0,14,0,14,0,14,0,14,0,14,0,14,0,14,0,14,0,14,1,2,1,3,0,14,0,14,57,45,1,3,35,32,125,85,75,70,679,181,687,190,150,60,158,83
1400000US36047001501,"Census Tract 15.01, Kings County, New York",Brooklyn,3024,325,170,104,0,14,0,14,0,14,0,14,0,14,0,14,0,14,48,78,27,45,37,45,91,94,0,14,68,87,12,12,417,214,64,66,23,28,176,118,75,79,1057,293,492,205,230,155,37,48
1400000US36047001502,"Census Tract 15.02, Kings County, New York",Brooklyn,3981,555,0,19,0,19,0,19,0,19,0,19,0,19,8,19,8,16,0,19,0,19,0,19,47,45,0,19,16,35,0,19,178,116,67,70,162,137,161,126,88,68,1479,331,1197,241,350,137,220,261
1400000US36047001801,"Census Tract 18.01, Kings County, New York",Brooklyn,1397,100,0,14,0,14,0,14,10,17,0,14,0,14,11,19,0,14,0,14,11,20,92,73,95,59,230,78,316,77,209,82,136,52,187,100,11,19,51,30,20,25,0,14,18,23,0,14,0,14
1400000US36047001802,"Census Tract 18.02, Kings County, New York",Brooklyn,0,14,0,14,0,14,0,14,0,14,0,14,0,14,0,14,0,14,0,14,0,14,0,14,0,14,0,14,0,14,0,14,0,14,0,14,0,14,0,14,0,14,0,14,0,14,0,14,0,14
1400000US36047001803,"Census Tract 18.03, Kings County, New York",Brooklyn,11,2,2,4,0,14,0,14,0,14,0,14,0,14,0,14,0,14,1,5,0,14,0,14,0,14,0,14,0,14,0,14,4,7,0,14,2,4,0,14,0,14,1,3,1,5,0,14,0,14
1400000US36047001804,"Census Tract 18.04, Kings County, New York",Brooklyn,0,14,0,14,0,14,0,14,0,14,0,14,0,14,0,14,0,14,0,14,0,14,0,14,0,14,0,14,0,14,0,14,0,14,0,14,0,14,0,14,0,14,0,14,0,14,0,14,0,14
1400000US36047002000,"Census Tract 20, Kings County, New York",Brooklyn,1045,270,36,45,0,14,0,14,0,14,0,14,19,28,13,20,14,19,56,51,32,51,45,33,55,49,32,30,28,43,15,24,342,131,23,22,11,46,78,43,103,56,76,42,37,42,15,21,15,25
1400000US36047002100,"Census Tract 21, Kings County, New York",Brooklyn,5103,650,0,19,0,19,0,19,0,19,0,19,0,19,0,19,1,2,0,19,0,19,0,19,0,19,0,19,0,19,0,19,117,119,0,19,79,100,59,70,82,94,2141,441,1765,401,468,183,391,256
1400000US36047002200,"Census Tract 22, Kings County, New York",Brooklyn,3155,472,120,71,0,14,0,14,1,2,0,14,95,114,33,41,61,56,78,54,83,75,51,63,158,150,102,71,41,50,69,62,582,166,128,80,133,60,155,82,129,69,532,170,411,203,35,29,158,162
1400000US36047002300,"Census Tract 23, Kings County, New York",Brooklyn,2354,521,138,86,0,14,0,14,57,94,0,14,0,14,0,14,112,161,25,48,0,14,58,102,61,60,27,50,94,109,40,39,677,325,198,117,241,192,191,159,91,52,238,155,93,110,13,21,0,14
1400000US36047002901,"Census Tract 29.01, Kings County, New York",Brooklyn,2017,266,202,104,0,14,0,14,0,14,0,14,0,14,0,14,1,2,54,55,52,65,28,47,0,14,88,85,55,51,140,110,448,179,250,199,161,131,135,90,43,43,276,133,67,70,4,8,13,22
1400000US36047003000,"Census Tract 30, Kings County, New York",Brooklyn,1378,259,15,18,0,14,0,14,0,14,0,14,0,14,0,14,0,14,0,14,13,20,14,16,99,71,7,10,0,14,26,28,247,179,0,14,56,42,72,37,46,31,506,194,190,83,49,32,38,33
1400000US36047003101,"Census Tract 31.01, Kings County, New York",Brooklyn,3013,402,12,18,0,14,0,14,0,14,9,16,0,14,7,16,0,14,18,23,0,14,27,18,0,14,9,15,18,31,8,16,197,85,42,46,162,134,325,214,106,75,1068,240,700,188,183,81,122,65
1400000US36047003102,"Census Tract 31.02, Kings County, New York",Brooklyn,0,14,0,14,0,14,0,14,0,14,0,14,0,14,0,14,0,14,0,14,0,14,0,14,0,14,0,14,0,14,0,14,0,14,0,14,0,14,0,14,0,14,0,14,0,14,0,14,0,14
1400000US36047003300,"Census Tract 33, Kings County, New York",Brooklyn,3409,456,32,39,0,14,0,14,0,14,0,14,0,14,0,14,0,14,0,14,0,14,12,28,0,14,3,5,0,14,19,29,334,179,4,7,53,47,237,132,94,58,1486,439,715,208,351,169,69,75
1400000US36047003400,"Census Tract 34, Kings County, New York",Brooklyn,2587,415,291,363,0,14,0,14,0,14,0,14,0,14,0,14,42,67,0,14,48,78,8,13,29,34,0,14,37,56,15,20,195,103,148,98,46,45,207,91,154,79,685,162,576,147,72,53,34,33
1400000US36047003500,"Census Tract 35, Kings County, New York",Brooklyn,1768,230,15,22,0,14,0,14,0,14,0,14,0,14,0,14,9,14,0,14,0,14,0,14,0,14,0,14,10,15,51,47,167,67,57,38,52,43,163,90,111,58,590,164,314,108,150,80,79,47
1400000US36047003600,"Census Tract 36, Kings County, New York",Brooklyn,3041,276,71,46,0,14,0,14,0,14,0,14,0,14,0,14,3,7,24,34,0,14,35,24,0,14,7,13,7,11,70,66,354,169,150,123,55,40,212,115,313,216,700,156,853,191,78,67,109,76
1400000US36047003700,"Census Tract 37, Kings County, New York",Brooklyn,3455,386,0,14,0,14,0,14,0,14,0,14,0,14,0,14,0,14,0,14,0,14,0,14,0,14,0,14,51,45,0,14,141,158,0,14,53,61,99,80,86,70,1334,294,1243,331,293,155,155,109
1400000US36047003800,"Census Tract 38, Kings County, New York",Brooklyn,1192,290,8,16,0,14,0,14,0,14,0,14,0,14,0,14,0,14,0,14,0,14,11,12,0,14,0,14,18,22,77,71,107,50,49,50,73,54,88,57,23,25,428,259,119,46,168,82,23,17
1400000US36047003900,"Census Tract 39, Kings County, New York",Brooklyn,2221,268,32,40,0,14,0,14,0,14,0,14,11,18,0,14,12,24,0,14,0,14,12,29,20,25,0,14,0,14,23,32,116,78,53,35,24,28,46,38,48,56,928,211,436,117,412,142,48,35
1400000US36047004100,"Census Tract 41, Kings County, New York",Brooklyn,2678,332,31,44,0,14,0,14,0,14,0,14,9,13,25,56,0,14,0,14,4,7,19,26,8,14,37,56,5,12,37,47,161,37,23,28,74,55,174,99,28,30,1211,274,629,148,173,79,30,30
1400000US36047004300,"Census Tract 43, Kings County, New York",Brooklyn,3143,348,15,21,0,14,0,14,0,14,0,14,0,14,0,14,0,14,8,19,0,14,1,2,30,37,0,14,47,48,52,54,228,188,41,39,15,23,119,92,144,106,1421,255,704,241,253,107,65,44
1400000US36047004400,"Census Tract 44, Kings County, New York",Brooklyn,1738,210,23,25,0,14,0,14,0,14,0,14,0,14,6,9,0,14,0,14,7,12,17,18,7,11,34,41,0,14,6,9,353,165,12,20,47,40,125,55,83,42,413,108,348,104,189,72,68,36
1400000US36047004500,"Census Tract 45, Kings County, New York",Brooklyn,3121,471,3,3,0,14,0,14,0,14,0,14,0,14,15,22,0,14,0,14,0,14,0,14,0,14,0,14,18,33,0,14,136,73,52,82,71,44,136,83,52,37,1091,243,1152,315,364,131,31,34
1400000US36047004600,"Census Tract 46, Kings County, New York",Brooklyn,857,161,17,15,0,14,0,14,0,14,0,14,0,14,0,14,31,32,0,14,0,14,4,8,0,14,0,14,0,14,21,20,195,98,87,124,0,14,65,38,3,7,200,61,158,43,76,44,0,14
1400000US36047004700,"Census Tract 47, Kings County, New York",Brooklyn,1354,160,24,27,0,14,0,14,0,14,0,14,0,14,0,14,0,14,26,40,8,13,10,15,0,14,6,9,6,8,38,39,105,67,10,12,41,31,55,33,54,44,556,124,297,86,92,43,26,28
1400000US36047004900,"Census Tract 49, Kings County, New York",Brooklyn,2075,245,0,14,0,14,0,14,0,14,0,14,8,14,0,14,8,14,0,14,8,14,16,14,7,14,22,22,29,41,14,18,179,96,41,38,0,14,107,67,23,27,678,146,585,155,290,152,60,46
1400000US36047005000,"Census Tract 50, Kings County, New York",Brooklyn,1817,262,13,15,0,14,0,14,0,14,0,14,0,14,0,14,0,14,0,14,6,11,0,14,0,14,0,14,0,14,36,36,117,58,38,38,78,54,217,107,66,51,581,142,405,139,180,113,80,87
1400000US36047005100,"Census Tract 51, Kings County, New York",Brooklyn,1872,390,3,5,0,14,0,14,0,14,0,14,0,14,0,14,0,14,0,14,0,14,0,14,0,14,9,14,0,14,21,31,41,46,26,25,23,25,33,25,94,62,1004,314,420,141,156,97,42,51
1400000US36047005201,"Census Tract 52.01, Kings County, New York",Brooklyn,1533,208,73,52,0,14,9,15,0,14,0,14,0,14,0,14,11,18,0,14,0,14,48,48,0,14,27,32,0,14,9,14,260,93,14,14,39,42,79,65,147,85,552,166,166,86,99,61,0,14
1400000US36047005202,"Census Tract 52.02, Kings County, New York",Brooklyn,2203,299,18,32,0,14,0,14,0,14,0,14,0,14,0,14,0,14,0,14,0,14,0,14,0,14,0,14,0,14,28,32,95,68,135,90,108,68,237,121,224,102,607,143,509,148,182,113,60,39
1400000US36047005301,"Census Tract 53.01, Kings County, New York",Brooklyn,1633,376,28,30,0,14,0,14,0,14,4,9,0,14,0,14,0,14,0,14,0,14,15,24,16,20,0,14,28,36,2,11,235,152,28,27,10,11,148,78,110,68,518,138,399,154,71,60,21,22
1400000US36047005302,"Census Tract 53.02, Kings County, New York",Brooklyn,65,56,0,14,0,14,0,14,0,14,0,14,0,14,0,14,0,14,0,14,0,14,0,14,0,14,0,14,0,14,0,14,0,14,0,14,0,14,0,14,0,14,20,21,20,28,0,14,25,26
1400000US36047005303,"Census Tract 53.03, Kings County, New York",Brooklyn,105,66,0,14,0,14,0,14,0,14,0,14,0,14,0,14,0,14,0,14,0,14,0,14,0,14,0,14,0,14,0,14,8,11,0,14,0,14,23,33,0,14,60,46,7,10,0,14,7,9
1400000US36047005400,"Census Tract 54, Kings County, New York",Brooklyn,2915,479,190,134,0,14,0,14,0,14,0,14,0,14,0,14,21,33,0,14,0,14,0,14,11,20,75,57,0,14,17,22,350,132,71,44,256,229,498,211,105,72,790,196,393,105,54,39,84,55
1400000US36047005601,"Census Tract 56.01, Kings County, New York",Brooklyn,2074,392,16,22,0,14,0,14,0,14,0,14,13,22,0,14,0,14,26,29,23,26,0,14,28,33,0,14,0,14,0,14,370,306,55,40,76,68,151,77,83,51,617,182,346,112,190,114,80,47
1400000US36047005602,"Census Tract 56.02, Kings County, New York",Brooklyn,1495,249,0,14,0,14,0,14,0,14,0,14,0,14,0,14,0,14,0,14,0,14,35,34,0,14,10,15,1,3,0,14,232,144,51,37,46,44,106,52,177,93,457,130,295,141,13,15,72,48
1400000US36047005800,"Census Tract 58, Kings County, New York",Brooklyn,2348,315,7,12,0,14,12,17,0,14,0,14,0,14,52,66,0,14,0,14,0,14,57,55,0,14,0,14,32,36,74,58,477,208,116,79,76,48,239,121,202,122,610,142,258,92,90,62,46,36
1400000US36047005900,"Census Tract 59, Kings County, New York",Brooklyn,1251,150,34,38,0,14,0,14,0,14,0,14,0,14,0,14,0,14,0,14,0,14,0,14,9,14,9,13,45,33,41,53,112,77,51,54,57,56,81,49,130,88,464,152,169,79,42,37,7,13
1400000US36047006000,"Census Tract 60, Kings County, New York",Brooklyn,1860,310,178,104,4,6,0,14,0,14,0,14,0,14,0,14,7,12,35,49,0,14,82,129,5,8,0,14,0,14,96,87,186,82,72,63,46,50,233,108,97,62,502,182,213,116,104,76,0,14
1400000US36047006200,"Census Tract 62, Kings County, New York",Brooklyn,2040,340,162,112,4,9,0,14,0,14,0,14,0,14,0,14,0,14,12,23,7,12,53,66,0,14,0,14,12,20,25,28,146,103,35,35,62,51,216,97,105,64,755,235,280,104,139,93,27,25
1400000US36047006300,"Census Tract 63, Kings County, New York",Brooklyn,1482,252,6,9,0,14,0,14,0,14,0,14,0,14,0,14,7,10,0,14,0,14,0,14,0,14,0,14,7,11,0,14,93,58,0,14,47,33,93,92,43,33,669,167,332,103,136,49,49,28
1400000US36047006400,"Census Tract 64, Kings County, New York",Brooklyn,2463,242,82,54,0,14,0,14,0,14,0,14,0,14,0,14,0,14,0,14,0,14,0,14,0,14,0,14,0,14,49,55,344,142,44,34,36,32,275,120,150,117,869,187,343,119,195,101,76,60
1400000US36047006500,"Census Tract 65, Kings County, New York",Brooklyn,4607,808,65,99,0,19,0,19,0,19,0,19,0,19,0,19,0,19,0,19,0,19,0,19,3,6,0,19,8,17,43,66,325,168,127,200,238,142,288,139,38,48,1753,574,1067,283,324,159,328,160
1400000US36047006600,"Census Tract 66, Kings County, New York",Brooklyn,3076,400,274,134,0,14,44,50,0,14,8,14,0,14,18,27,0,14,19,24,5,12,15,19,9,14,0,14,53,52,20,25,390,195,42,43,97,62,280,101,187,98,978,326,363,177,257,165,17,23
1400000US36047006700,"Census Tract 67, Kings County, New York",Brooklyn,2813,368,39,56,0,14,9,15,0,14,0,14,0,14,0,14,33,36,44,40,0,14,0,14,0,14,0,14,0,14,0,14,41,33,30,32,19,25,148,74,31,36,1371,254,748,225,272,113,28,35
1400000US36047006800,"Census Tract 68, Kings County, New York",Brooklyn,3020,434,133,68,0,14,0,14,0,14,0,14,0,14,57,64,14,19,9,13,10,16,194,172,0,14,36,36,10,15,143,105,616,250,31,36,75,52,380,154,80,62,713,185,445,143,57,47,17,21
1400000US36047006901,"Census Tract 69.01, Kings County, New York",Brooklyn,1384,219,11,10,0,14,0,14,0,14,0,14,0,14,0,14,12,17,0,14,0,14,0,14,9,13,0,14,0,14,0,14,46,35,21,25,13,19,72,44,18,18,542,133,486,161,95,47,59,38
1400000US36047006902,"Census Tract 69.02, Kings County, New York",Brooklyn,1371,236,0,14,0,14,0,14,0,14,0,14,0,14,0,14,6,8,0,14,0,14,0,14,0,14,9,14,7,10,23,29,16,25,7,11,13,15,0,14,0,14,692,159,436,127,109,41,53,29
1400000US36047007000,"Census Tract 70, Kings County, New York",Brooklyn,2103,303,26,28,0,14,0,14,0,14,0,14,0,14,17,28,0,14,28,42,0,14,67,48,13,22,95,71,32,50,10,15,328,139,113,66,59,68,187,129,224,136,590,226,234,120,80,85,0,14
1400000US36047007100,"Census Tract 71, Kings County, New York",Brooklyn,2486,356,132,98,0,14,0,14,0,14,0,14,60,75,0,14,63,62,56,51,39,38,14,29,25,42,23,28,76,119,98,74,473,217,122,85,91,76,209,140,128,92,516,142,301,152,60,48,0,14
1400000US36047007200,"Census Tract 72, Kings County, New York",Brooklyn,1159,218,70,56,0,14,0,14,0,14,0,14,0,14,0,14,0,14,14,16,20,25,55,39,36,48,0,14,0,14,58,31,458,128,27,32,31,28,84,58,58,38,156,124,33,26,59,76,0,14
1400000US36047007400,"Census Tract 74, Kings County, New York",Brooklyn,3355,600,375,230,0,19,0,19,0,19,20,32,9,15,8,12,182,135,387,169,35,40,143,106,64,51,187,109,33,33,104,90,441,185,50,44,38,41,197,83,252,240,505,163,264,187,12,19,49,48
1400000US36047007500,"Census Tract 75, Kings County, New York",Brooklyn,3739,618,64,59,1,6,0,14,0,14,0,14,0,14,0,14,39,54,0,14,0,14,2,5,0,14,0,14,0,14,0,14,468,243,43,47,41,51,139,87,220,125,1277,444,1031,335,304,162,110,74
1400000US36047007600,"Census Tract 76, Kings County, New York",Brooklyn,2664,502,200,157,0,14,0,14,60,92,0,14,0,14,25,39,98,153,320,201,0,14,114,77,191,122,49,40,24,40,32,38,448,245,67,69,86,93,156,108,37,39,300,116,456,205,1,2,0,14
1400000US36047007700,"Census Tract 77, Kings County, New York",Brooklyn,4643,587,2,7,0,19,0,19,2,8,0,19,32,58,0,19,0,19,0,19,0,19,39,69,0,19,43,53,0,19,23,30,134,111,168,124,0,19,157,111,204,125,1912,318,1513,495,327,138,87,65
1400000US36047007800,"Census Tract 78, Kings County, New York",Brooklyn,3195,651,91,84,0,14,0,14,0,14,0,14,0,14,0,14,65,64,235,132,23,38,217,115,355,308,74,120,54,46,52,43,471,142,54,39,131,138,249,180,158,111,583,206,300,129,11,16,72,84
1400000US36047008000,"Census Tract 80, Kings County, New York",Brooklyn,2528,266,27,31,0,14,0,14,0,14,0,14,32,39,0,14,53,44,192,130,32,38,38,60,58,61,91,91,34,43,69,48,599,248,149,86,32,35,127,90,34,34,623,164,314,124,24,25,0,14
1400000US36047008200,"Census Tract 82, Kings County, New York",Brooklyn,2840,537,157,92,28,44,0,14,10,18,0,14,17,30,21,35,14,20,167,108,49,61,137,112,102,80,28,32,149,112,33,27,357,178,172,149,178,203,107,77,157,111,587,216,322,140,10,16,38,32
1400000US36047008400,"Census Tract 84, Kings County, New York",Brooklyn,2343,572,40,46,0,14,0,14,0,14,0,14,68,113,0,14,0,14,284,308,108,151,41,64,183,182,17,51,62,75,11,18,213,130,191,177,89,94,166,121,123,91,446,207,169,94,31,31,101,106
1400000US36047008500,"Census Tract 85, Kings County, New York",Brooklyn,4236,842,552,293,0,19,0,19,0,19,0,19,30,50,17,27,175,185,83,82,57,93,64,73,302,318,79,86,176,201,63,76,1081,381,481,328,4,7,351,172,242,168,332,309,147,155,0,19,0,19
1400000US36047008600,"Census Tract 86, Kings County, New York",Brooklyn,0,14,0,14,0,14,0,14,0,14,0,14,0,14,0,14,0,14,0,14,0,14,0,14,0,14,0,14,0,14,0,14,0,14,0,14,0,14,0,14,0,14,0,14,0,14,0,14,0,14
1400000US36047008800,"Census Tract 88, Kings County, New York",Brooklyn,2400,384,391,134,0,14,0,14,0,14,57,67,13,23,101,75,61,72,179,116,0,14,63,72,78,120,0,14,0,14,46,49,88,96,208,106,23,26,182,177,92,88,382,138,382,169,30,26,24,43
1400000US36047009001,"Census Tract 90.01, Kings County, New York",Brooklyn,792,140,153,74,0,14,35,52,0,14,0,14,0,14,0,14,4,6,11,16,0,14,29,38,9,13,19,23,10,16,12,17,176,104,133,91,42,43,18,29,29,31,46,29,32,42,23,24,11,17
1400000US36047009002,"Census Tract 90.02, Kings County, New York",Brooklyn,823,198,45,44,0,14,0,14,6,12,0,14,19,31,0,14,48,44,34,25,7,13,0,14,39,58,30,40,0,14,39,26,222,67,55,27,48,75,44,35,48,41,133,93,0,14,6,10,0,14
1400000US36047009201,"Census Tract 92.01, Kings County, New York",Brooklyn,1509,250,140,83,11,19,0,14,0,14,0,14,0,14,23,26,20,25,80,61,112,100,54,51,111,103,0,14,0,14,98,146,223,90,48,34,12,14,65,50,76,55,180,87,208,135,37,31,11,16
1400000US36047009202,"Census Tract 92.02, Kings County, New York",Brooklyn,1999,399,52,57,0,14,0,14,0,14,17,19,10,17,6,11,38,41,230,194,0,14,11,17,23,26,157,149,44,40,67,60,505,214,64,60,30,29,138,83,72,49,317,117,181,98,25,37,12,18
1400000US36047009401,"Census Tract 94.01, Kings County, New York",Brooklyn,1274,184,200,123,0,14,0,14,0,14,0,14,14,19,0,14,94,58,107,59,0,14,22,29,196,110,1,3,1,7,21,25,285,93,39,38,11,17,48,30,46,39,122,69,67,52,0,14,0,14
1400000US36047009402,"Census Tract 94.02, Kings County, New York",Brooklyn,2128,459,153,95,0,14,0,14,0,14,38,45,32,34,0,14,37,35,59,40,0,14,21,27,175,121,30,47,0,14,58,53,620,203,31,50,6,10,59,45,132,109,432,185,185,106,60,52,0,14
1400000US36047009600,"Census Tract 96, Kings County, New York",Brooklyn,4400,606,264,129,0,19,0,19,0,19,7,16,37,45,0,19,67,81,72,67,67,103,227,143,278,136,7,12,35,42,40,34,1018,239,108,59,139,71,269,99,273,213,818,313,593,331,74,57,7,10
1400000US36047009800,"Census Tract 98, Kings County, New York",Brooklyn,4283,552,516,165,0,19,10,16,0,19,14,24,75,68,0,19,72,68,301,131,10,17,66,54,768,386,17,28,40,49,174,135,1262,442,243,171,25,26,147,93,96,61,373,149,62,48,12,21,0,19
1400000US36047010000,"Census Tract 100, Kings County, New York",Brooklyn,3598,572,396,152,0,19,11,18,19,29,24,32,86,80,37,60,141,152,215,152,14,24,100,79,447,220,95,153,35,59,62,61,826,284,75,74,196,172,219,144,139,115,376,170,59,54,26,36,0,19
1400000US36047010100,"Census Tract 101, Kings County, New York",Brooklyn,3441,656,276,191,0,14,0,14,0,14,0,14,86,103,0,14,27,46,0,14,11,18,13,27,31,43,13,26,35,49,148,104,674,227,61,46,86,78,132,80,140,104,719,260,639,185,339,322,11,20
1400000US36047010200,"Census Tract 102, Kings County, New York",Brooklyn,3467,582,296,109,22,37,7,11,0,19,44,51,110,76,0,19,15,25,339,204,32,31,44,49,377,164,35,43,0,19,139,78,986,442,27,29,40,28,225,118,210,120,350,160,135,75,24,21,10,16
1400000US36047010401,"Census Tract 104.01, Kings County, New York",Brooklyn,1547,377,363,271,0,14,0,14,0,14,0,14,7,10,0,14,17,26,119,78,19,20,64,49,217,78,16,30,20,19,68,46,250,142,3,5,10,15,58,49,37,35,192,77,75,55,5,11,7,11
1400000US36047010402,"Census Tract 104.02, Kings County, New York",Brooklyn,1566,510,77,49,0,14,0,14,0,14,0,14,12,18,0,14,8,13,324,369,15,24,20,29,179,92,16,19,79,118,50,41,381,102,27,27,31,25,33,31,44,40,239,93,31,26,0,14,0,14
1400000US36047010601,"Census Tract 106.01, Kings County, New York",Brooklyn,1120,258,121,67,0,14,0,14,0,14,15,24,22,28,0,14,19,40,156,92,4,9,19,21,191,109,9,20,18,25,18,18,231,95,8,22,49,34,40,63,13,21,179,101,3,8,0,14,5,8
1400000US36047010602,"Census Tract 106.02, Kings County, New York",Brooklyn,1644,584,186,92,0,14,6,9,0,14,0,14,29,33,39,62,14,17,150,114,19,29,0,14,299,210,10,13,0,14,35,28,315,150,23,29,4,18,62,49,63,38,123,69,267,370,0,14,0,14
1400000US36047010801,"Census Tract 108.01, Kings County, New York",Brooklyn,1347,258,193,70,0,14,0,14,89,69,0,14,0,14,0,14,9,13,77,79,6,9,62,51,309,195,0,14,0,14,6,10,217,85,12,17,20,23,17,20,71,44,200,127,51,43,8,12,0,14
1400000US36047010802,"Census Tract 108.02, Kings County, New York",Brooklyn,1782,575,227,106,8,18,0,14,0,14,0,14,8,12,0,14,33,30,84,62,0,14,54,67,161,88,0,14,0,14,46,37,669,369,46,42,40,39,23,26,24,24,288,232,23,34,19,28,29,41
1400000US36047011000,"Census Tract 110, Kings County, New York",Brooklyn,1971,661,117,51,6,10,0,14,0,14,0,14,43,44,0,14,37,47,174,63,29,29,1,6,415,566,22,19,0,14,144,114,301,137,4,6,0,14,217,129,74,55,252,121,80,50,13,20,42,57
1400000US36047011200,"Census Tract 112, Kings County, New York",Brooklyn,4140,678,318,183,12,20,14,26,46,52,0,19,0,19,101,113,17,27,411,295,23,36,60,84,356,296,14,23,37,58,391,179,1034,388,35,44,29,35,310,206,164,130,560,393,99,91,109,77,0,19
1400000US36047011400,"Census Tract 114, Kings County, New York",Brooklyn,2253,707,183,138,0,14,0,14,119,180,0,14,0,14,0,14,33,50,131,140,19,25,26,34,298,146,14,31,20,27,144,84,523,347,55,67,40,39,234,140,96,79,211,107,51,62,47,53,9,17
1400000US36047011600,"Census Tract 116, Kings County, New York",Brooklyn,2237,532,221,145,0,14,0,14,0,14,0,14,14,23,0,14,9,15,311,244,3,6,43,54,493,369,6,10,14,20,79,68,393,164,42,46,53,51,5,8,97,61,351,170,94,62,0,14,9,13
1400000US36047011700,"Census Tract 117, Kings County, New York",Brooklyn,2152,328,47,73,0,14,0,14,0,14,0,14,0,14,0,14,19,30,28,44,0,14,0,14,0,14,0,14,0,14,13,24,192,154,16,40,0,14,121,106,41,36,992,250,346,116,162,70,175,162
1400000US36047011800,"Census Tract 118, Kings County, New York",Brooklyn,1410,281,90,77,0,14,0,14,0,14,0,14,11,16,0,14,11,9,114,86,0,14,4,7,173,110,87,109,0,14,77,73,270,93,32,53,35,26,140,123,19,20,226,72,65,48,48,58,8,13
1400000US36047011901,"Census Tract 119.01, Kings County, New York",Brooklyn,1038,179,5,7,0,14,0,14,0,14,0,14,0,14,0,14,0,14,37,50,14,17,0,14,0,14,0,14,0,14,0,14,88,76,15,15,22,20,23,21,13,16,504,164,209,70,46,37,62,32
1400000US36047011902,"Census Tract 119.02, Kings County, New York",Brooklyn,0,14,0,14,0,14,0,14,0,14,0,14,0,14,0,14,0,14,0,14,0,14,0,14,0,14,0,14,0,14,0,14,0,14,0,14,0,14,0,14,0,14,0,14,0,14,0,14,0,14
1400000US36047012000,"Census Tract 120, Kings County, New York",Brooklyn,734,185,16,22,0,14,0,14,0,14,0,14,4,6,0,14,7,12,79,43,14,23,5,6,166,108,39,51,0,14,3,5,183,86,4,7,2,4,32,41,14,26,131,79,35,38,0,14,0,14
1400000US36047012100,"Census Tract 121, Kings County, New York",Brooklyn,1708,255,50,33,0,14,0,14,0,14,0,14,0,14,0,14,0,14,7,10,0,14,0,14,21,22,0,14,6,9,28,27,219,112,19,16,15,15,68,44,109,69,725,155,298,98,99,56,44,42
1400000US36047012200,"Census Tract 122, Kings County, New York",Brooklyn,3074,591,139,82,0,14,0,14,36,58,50,76,0,14,0,14,19,31,257,156,0,14,6,14,456,303,0,14,0,14,260,196,491,194,13,20,60,60,181,131,59,45,766,218,180,109,101,55,0,14
1400000US36047012600,"Census Tract 126, Kings County, New York",Brooklyn,1990,294,228,105,0,14,0,14,0,14,7,9,9,14,8,12,0,14,72,48,17,14,16,34,23,22,6,11,0,14,39,31,376,128,71,56,77,87,123,53,193,87,431,119,204,86,71,59,19,27
1400000US36047012700,"Census Tract 127, Kings County, New York",Brooklyn,3250,413,30,34,0,14,0,14,0,14,0,14,70,81,0,14,0,14,1,3,0,14,47,48,0,14,11,21,120,129,115,107,380,225,102,73,322,150,82,52,430,146,851,308,281,135,297,144,111,110
1400000US36047012801,"Census Tract 128.01, Kings County, New York",Brooklyn,1328,211,36,30,0,14,0,14,0,14,1,3,0,14,7,11,6,9,29,17,9,13,74,63,59,39,0,14,7,9,83,68,307,81,51,39,95,66,30,22,76,42,230,62,199,132,22,27,7,9
1400000US36047012901,"Census Tract 129.01, Kings County, New York",Brooklyn,2076,299,17,27,0,14,0,14,0,14,0,14,0,14,0,14,0,14,0,14,22,38,15,23,0,14,0,14,0,14,51,48,143,95,30,37,31,35,28,32,34,31,828,182,619,187,153,85,105,73
1400000US36047012902,"Census Tract 129.02, Kings County, New York",Brooklyn,3114,397,2,8,0,14,0,14,0,14,0,14,0,14,21,34,0,14,0,14,6,13,0,14,0,14,10,22,2,5,42,51,102,84,44,59,6,10,186,120,250,160,1467,289,736,229,132,90,108,71
1400000US36047013000,"Census Tract 130, Kings County, New York",Brooklyn,3401,332,200,119,0,19,0,19,0,19,0,19,1,3,11,17,12,19,125,81,0,19,164,166,78,122,92,84,25,33,122,80,404,153,44,52,69,38,314,114,251,123,911,252,389,119,151,101,38,36
1400000US36047013100,"Census Tract 131, Kings County, New York",Brooklyn,2883,470,31,36,0,14,0,14,0,14,0,14,0,14,0,14,0,14,56,93,0,14,12,45,14,21,1,2,0,14,11,16,362,185,58,59,78,53,153,87,106,64,1240,310,499,136,209,82,53,46
1400000US36047013200,"Census Tract 132, Kings County, New York",Brooklyn,1515,460,24,35,0,14,0,14,0,14,0,14,0,14,20,27,20,27,122,101,20,32,0,14,31,40,38,52,52,56,32,36,382,125,72,48,64,58,53,35,105,69,420,270,38,34,13,22,9,16
1400000US36047013300,"Census Tract 133, Kings County, New York",Brooklyn,3103,358,0,14,0,14,0,14,0,14,0,14,0,14,12,18,0,14,0,14,12,18,0,14,0,14,0,14,50,72,0,14,87,63,33,34,48,41,114,63,76,57,909,193,963,243,665,225,134,67
1400000US36047013400,"Census Tract 134, Kings County, New York",Brooklyn,2901,406,150,70,0,14,0,14,0,14,8,15,30,42,0,14,0,14,120,104,0,14,0,14,64,57,16,27,1,10,57,45,595,227,119,86,65,50,166,95,143,60,762,164,420,132,158,76,27,30
1400000US36047013500,"Census Tract 135, Kings County, New York",Brooklyn,2962,350,32,40,0,14,0,14,0,14,0,14,0,14,0,14,0,14,8,14,0,14,0,14,0,14,11,17,0,14,21,24,160,78,21,23,22,23,94,86,58,44,1144,295,1008,210,299,150,84,47
1400000US36047013600,"Census Tract 136, Kings County, New York",Brooklyn,3022,444,39,52,0,14,0,14,0,14,0,14,0,14,0,14,0,14,40,46,0,14,76,70,0,14,28,32,34,35,100,71,498,255,121,110,35,40,96,82,210,101,991,319,524,168,126,78,104,55
1400000US36047013700,"Census Tract 137, Kings County, New York",Brooklyn,2445,327,9,13,0,14,0,14,0,14,0,14,0,14,0,14,0,14,0,14,0,14,8,15,12,19,49,72,10,16,39,55,148,80,9,14,51,80,78,51,62,46,956,196,781,157,148,90,85,52
1400000US36047013800,"Census Tract 138, Kings County, New York",Brooklyn,2400,317,141,112,0,14,0,14,0,14,0,14,15,22,0,14,0,14,9,14,0,14,0,14,24,33,81,68,5,7,9,17,394,208,30,32,74,77,85,52,225,100,870,216,333,123,9,14,96,81
1400000US36047013900,"Census Tract 139, Kings County, New York",Brooklyn,2757,423,18,26,0,14,0,14,0,14,0,14,0,14,17,27,0,14,16,24,1,2,0,14,0,14,0,14,6,14,12,19,112,78,44,58,67,80,49,39,94,43,1157,235,609,155,296,106,259,194
1400000US36047014000,"Census Tract 140, Kings County, New York",Brooklyn,1431,439,44,42,0,14,0,14,0,14,0,14,0,14,0,14,37,54,41,49,0,14,18,22,5,8,14,23,8,12,6,9,388,215,15,13,12,13,82,41,25,24,523,274,150,88,47,36,16,19
1400000US36047014101,"Census Tract 141.01, Kings County, New York",Brooklyn,1169,119,8,13,0,14,0,14,0,14,0,14,0,14,0,14,8,12,3,6,0,14,1,3,11,27,12,27,15,30,16,30,56,18,70,83,25,25,77,40,26,24,501,97,267,85,40,25,33,29
1400000US36047014102,"Census Tract 141.02, Kings County, New York",Brooklyn,1550,357,0,14,0,14,0,14,0,14,0,14,0,14,0,14,0,14,0,14,0,14,63,58,37,44,12,20,0,14,9,13,250,214,120,177,30,34,22,19,19,18,479,110,296,90,155,68,58,44
1400000US36047014200,"Census Tract 142, Kings County, New York",Brooklyn,2447,310,162,164,0,14,0,14,0,14,10,16,12,19,10,17,0,14,42,37,0,14,10,16,46,29,88,65,114,71,20,22,421,165,62,44,47,41,291,127,217,96,475,129,280,83,102,87,38,33
1400000US36047014300,"Census Tract 143, Kings County, New York",Brooklyn,2378,382,127,163,0,14,0,14,0,14,0,14,0,14,5,7,0,14,6,9,0,14,0,14,0,14,7,11,0,14,116,87,78,61,46,50,81,72,208,77,245,105,895,299,325,131,109,60,130,84
1400000US36047014500,"Census Tract 145, Kings County, New York",Brooklyn,3542,559,36,35,0,14,0,14,0,14,6,12,0,14,0,14,0,14,65,53,28,46,0,14,25,28,0,14,0,14,102,92,337,150,7,12,84,59,166,83,348,265,1395,337,690,177,183,111,70,46
1400000US36047014700,"Census Tract 147, Kings County, New York",Brooklyn,1567,232,18,23,0,14,4,6,0,14,8,12,0,14,3,6,8,12,0,14,0,14,0,14,0,14,7,10,0,14,22,26,49,37,10,15,75,56,107,50,40,24,517,128,625,151,42,30,32,21
1400000US36047014800,"Census Tract 148, Kings County, New York",Brooklyn,914,224,29,23,0,14,0,14,0,14,0,14,0,14,0,14,22,30,0,14,0,14,30,30,21,33,4,7,5,8,10,14,242,106,5,8,43,31,43,46,66,41,234,100,104,57,48,34,8,12
1400000US36047014901,"Census Tract 149.01, Kings County, New York",Brooklyn,1216,170,0,14,0,14,0,14,0,14,0,14,0,14,0,14,0,14,4,11,0,14,0,14,22,21,0,14,7,11,2,7,121,83,9,25,3,7,55,31,27,21,542,118,321,83,64,42,39,28
1400000US36047014902,"Census Tract 149.02, Kings County, New York",Brooklyn,3338,695,35,56,0,14,0,14,0,14,29,43,15,26,0,14,17,23,19,30,0,14,41,64,1,3,20,32,0,14,0,14,247,125,13,20,98,61,107,78,90,49,1145,431,1187,401,157,107,117,83
1400000US36047015000,"Census Tract 150, Kings County, New York",Brooklyn,1082,203,54,44,0,14,0,14,0,14,0,14,0,14,0,14,40,51,17,19,0,14,0,14,0,14,1,3,17,14,12,17,173,80,26,17,0,14,101,62,96,51,317,111,139,66,61,50,28,29
1400000US36047015100,"Census Tract 151, Kings County, New York",Brooklyn,3146,333,22,25,17,25,0,14,0,14,0,14,0,14,0,14,0,14,0,14,0,14,6,9,17,19,21,24,0,14,13,19,105,54,1,2,59,40,117,69,164,82,1114,237,945,219,358,122,187,83
1400000US36047015200,"Census Tract 152, Kings County, New York",Brooklyn,1814,288,77,62,0,14,0,14,0,14,2,4,8,12,0,14,17,15,0,14,1,4,23,30,0,14,5,12,23,24,59,40,335,79,125,110,159,114,204,116,87,61,452,92,176,70,36,32,25,28
1400000US36047015300,"Census Tract 153, Kings County, New York",Brooklyn,2023,275,4,3,0,14,0,14,0,14,0,14,0,14,0,14,0,14,4,9,0,14,8,16,2,4,0,14,108,165,2,4,149,83,2,4,26,28,43,35,7,10,774,161,521,200,302,151,71,41
1400000US36047015400,"Census Tract 154, Kings County, New York",Brooklyn,0,14,0,14,0,14,0,14,0,14,0,14,0,14,0,14,0,14,0,14,0,14,0,14,0,14,0,14,0,14,0,14,0,14,0,14,0,14,0,14,0,14,0,14,0,14,0,14,0,14
1400000US36047015500,"Census Tract 155, Kings County, New York",Brooklyn,2541,412,23,25,0,14,0,14,0,14,8,12,0,14,0,14,0,14,0,14,0,14,16,24,0,14,11,19,0,14,18,28,29,25,34,33,26,31,106,72,89,72,859,199,976,370,287,109,59,40
1400000US36047015700,"Census Tract 157, Kings County, New York",Brooklyn,3911,708,0,19,0,19,0,19,0,19,0,19,0,19,0,19,26,42,0,19,0,19,21,39,0,19,0,19,0,19,25,41,63,58,0,19,16,25,110,111,75,74,1496,341,1488,444,300,164,291,164
1400000US36047015900,"Census Tract 159, Kings County, New York",Brooklyn,4354,546,10,23,0,19,0,19,0,19,0,19,0,19,0,19,0,19,0,19,0,19,0,19,0,19,0,19,0,19,66,70,78,71,0,19,29,35,103,64,141,90,1680,286,1404,431,489,202,354,149
1400000US36047016000,"Census Tract 160, Kings County, New York",Brooklyn,3307,433,91,51,23,22,0,14,0,14,17,24,0,14,0,14,0,14,128,100,9,16,17,23,0,14,36,39,0,14,62,44,686,253,114,66,108,88,221,103,155,94,1040,302,473,210,79,44,48,55
1400000US36047016100,"Census Tract 161, Kings County, New York",Brooklyn,2765,339,0,14,0,14,0,14,0,14,33,52,0,14,0,14,0,14,0,14,0,14,0,14,0,14,80,68,18,27,0,14,242,120,16,25,63,72,174,96,94,82,995,220,652,151,257,105,141,68
1400000US36047016200,"Census Tract 162, Kings County, New York",Brooklyn,1673,275,0,14,0,14,0,14,0,14,0,14,0,14,10,16,0,14,35,41,0,14,6,16,0,14,0,14,0,14,1,3,288,164,49,61,95,99,66,76,137,108,550,186,294,108,47,51,95,63
1400000US36047016300,"Census Tract 163, Kings County, New York",Brooklyn,3420,360,33,17,13,18,0,14,0,14,0,14,0,14,0,14,0,14,0,14,0,14,0,14,8,14,42,50,0,14,14,21,137,120,0,14,0,14,157,96,89,73,1155,225,1224,346,377,155,171,132
1400000US36047016400,"Census Tract 164, Kings County, New York",Brooklyn,496,213,0,14,0,14,0,14,0,14,0,14,0,14,0,14,0,14,0,14,0,14,0,14,0,14,0,14,0,14,0,14,95,80,10,20,15,23,105,55,33,25,179,97,47,34,12,17,0,14
1400000US36047016500,"Census Tract 165, Kings County, New York",Brooklyn,4458,684,4,10,0,19,0,19,0,19,0,19,0,19,0,19,0,19,0,19,0,19,0,19,0,19,0,19,1,3,33,53,47,56,2,5,26,45,232,192,71,98,1649,471,1607,394,653,291,133,98
1400000US36047016600,"Census Tract 166, Kings County, New York",Brooklyn,1581,236,99,93,0,14,0,14,0,14,0,14,11,17,6,11,19,23,35,31,0,14,10,16,0,14,9,9,0,14,64,45,323,125,55,46,41,31,150,125,63,37,463,115,182,83,51,32,0,14
1400000US36047016700,"Census Tract 167, Kings County, New York",Brooklyn,3787,680,0,14,0,14,0,14,0,14,0,14,0,14,0,14,82,84,0,14,0,14,0,14,20,35,0,14,0,14,22,25,48,44,30,33,7,13,205,140,294,443,1679,413,974,316,372,226,54,62
1400000US36047016800,"Census Tract 168, Kings County, New York",Brooklyn,1307,288,16,13,0,14,0,14,0,14,0,14,0,14,0,14,0,14,0,14,0,14,19,17,0,14,22,33,0,14,94,55,284,116,51,49,51,39,106,58,64,42,372,173,199,65,29,30,0,14
1400000US36047016900,"Census Tract 169, Kings County, New York",Brooklyn,3753,790,53,86,0,14,0,14,0,14,0,14,0,14,0,14,42,59,4,7,0,14,34,55,75,108,0,14,0,14,43,55,386,314,118,127,32,56,39,43,306,298,1437,418,952,331,161,91,71,67
1400000US36047017000,"Census Tract 170, Kings County, New York",Brooklyn,2665,557,103,71,12,19,9,14,0,14,0,14,31,30,0,14,15,17,226,170,12,15,40,55,45,36,19,28,48,33,46,36,394,190,86,71,138,77,320,320,232,102,619,172,237,97,29,34,4,6
1400000US36047017100,"Census Tract 171, Kings County, New York",Brooklyn,2850,362,53,59,0,14,0,14,0,14,0,14,2,4,0,14,0,14,0,14,0,14,20,27,0,14,8,13,0,14,18,23,177,92,36,36,61,49,123,68,92,58,1155,238,849,199,138,83,118,97
1400000US36047017200,"Census Tract 172, Kings County, New York",Brooklyn,2085,400,139,89,0,14,6,11,0,14,39,63,20,32,11,19,0,14,0,14,0,14,71,90,62,75,0,14,0,14,89,102,529,211,14,23,125,117,99,83,158,121,456,173,165,127,43,60,59,49
1400000US36047017400,"Census Tract 174, Kings County, New York",Brooklyn,1467,218,97,73,0,14,0,14,0,14,0,14,0,14,5,7,21,25,47,55,6,11,0,14,30,32,11,12,4,8,63,43,369,118,0,14,69,47,101,53,112,59,278,97,194,63,14,16,46,43
1400000US36047017500,"Census Tract 175, Kings County, New York",Brooklyn,0,14,0,14,0,14,0,14,0,14,0,14,0,14,0,14,0,14,0,14,0,14,0,14,0,14,0,14,0,14,0,14,0,14,0,14,0,14,0,14,0,14,0,14,0,14,0,14,0,14
1400000US36047017600,"Census Tract 176, Kings County, New York",Brooklyn,1813,322,161,58,1,5,0,14,0,14,8,13,5,8,0,14,27,35,45,40,25,31,32,25,13,14,5,7,31,49,68,28,482,185,38,31,88,66,127,75,188,79,293,114,167,77,4,7,5,8
1400000US36047017700,"Census Tract 177, Kings County, New York",Brooklyn,0,14,0,14,0,14,0,14,0,14,0,14,0,14,0,14,0,14,0,14,0,14,0,14,0,14,0,14,0,14,0,14,0,14,0,14,0,14,0,14,0,14,0,14,0,14,0,14,0,14
1400000US36047017800,"Census Tract 178, Kings County, New York",Brooklyn,1848,309,207,80,4,7,9,16,0,14,0,14,11,18,30,31,5,8,15,22,26,32,19,20,71,58,19,18,27,28,59,40,244,81,25,23,11,11,70,42,149,106,607,228,137,69,0,14,103,75
1400000US36047017900,"Census Tract 179, Kings County, New York",Brooklyn,3039,478,11,20,0,14,15,23,39,50,49,46,4,11,0,14,54,57,8,16,0,14,42,44,28,29,14,21,22,36,101,70,246,101,120,75,142,105,526,384,151,91,773,202,510,149,159,86,25,34
1400000US36047018000,"Census Tract 180, Kings County, New York",Brooklyn,2037,438,98,62,19,28,0,14,13,20,0,14,45,58,0,14,42,26,21,23,92,143,67,74,104,118,0,14,0,14,65,61,411,181,67,79,99,94,124,74,55,36,461,229,211,173,20,17,23,22
1400000US36047018100,"Census Tract 181, Kings County, New York",Brooklyn,3257,439,137,160,0,14,0,14,0,14,0,14,0,14,131,152,0,14,0,14,0,14,0,14,0,14,0,14,6,13,15,24,150,157,14,22,126,122,79,87,68,66,1491,329,663,278,138,95,239,131
1400000US36047018200,"Census Tract 182, Kings County, New York",Brooklyn,2531,369,364,136,0,14,0,14,0,14,27,43,0,14,17,20,16,21,167,170,38,59,128,107,68,58,0,14,27,30,49,49,472,132,120,128,81,56,247,156,200,99,382,147,111,68,8,12,9,16
1400000US36047018300,"Census Tract 183, Kings County, New York",Brooklyn,2332,330,67,69,0,14,0,14,9,15,0,14,0,14,0,14,0,14,10,16,0,14,0,14,0,14,0,14,0,14,36,51,37,33,0,14,46,65,93,79,22,27,1351,296,415,168,103,67,143,77
1400000US36047018400,"Census Tract 184, Kings County, New York",Brooklyn,1666,335,131,55,0,14,0,14,0,14,0,14,32,35,0,14,31,35,27,26,0,14,60,72,52,61,18,16,58,39,52,27,293,95,62,42,37,39,87,39,47,27,416,121,230,170,15,14,18,16
1400000US36047018501,"Census Tract 185.01, Kings County, New York",Brooklyn,3412,550,129,116,0,14,0,14,20,30,0,14,11,18,0,14,11,18,192,145,0,14,44,48,52,56,15,24,273,158,69,77,392,177,359,228,326,267,393,190,381,216,377,259,227,118,95,95,46,54
1400000US36047018600,"Census Tract 186, Kings County, New York",Brooklyn,1481,307,142,74,0,14,29,47,0,14,0,14,6,10,0,14,28,28,76,45,5,8,10,12,19,19,20,22,7,10,14,18,433,122,49,63,13,14,104,47,64,41,311,119,140,105,11,13,0,14
1400000US36047018700,"Census Tract 187, Kings County, New York",Brooklyn,1124,186,0,14,0,14,0,14,0,14,0,14,0,14,0,14,0,14,0,14,0,14,5,6,5,6,0,14,0,14,6,8,66,48,25,27,72,69,53,38,38,26,485,123,263,90,63,29,43,43
1400000US36047018800,"Census Tract 188, Kings County, New York",Brooklyn,2006,391,198,129,0,14,0,14,0,14,0,14,0,14,0,14,14,21,50,60,0,14,51,52,2,21,56,73,1,2,119,88,563,299,174,102,25,29,72,58,175,100,298,139,114,64,42,30,52,54
1400000US36047019000,"Census Tract 190, Kings County, New York",Brooklyn,3095,573,454,177,0,14,0,14,0,14,34,55,37,48,56,89,17,30,171,104,6,18,22,35,13,23,176,266,58,77,13,23,805,340,191,105,36,57,85,71,234,144,402,154,156,78,115,139,14,27
1400000US36047019100,"Census Tract 191, Kings County, New York",Brooklyn,2145,321,42,37,0,14,0,14,0,14,0,14,12,21,0,14,0,14,27,45,0,14,29,39,0,14,0,14,0,14,0,14,159,108,41,35,93,87,171,131,90,85,817,155,537,137,127,87,0,14
1400000US36047019200,"Census Tract 192, Kings County, New York",Brooklyn,1793,331,140,72,14,17,6,11,0,14,0,14,0,14,38,62,27,46,144,125,23,37,63,48,109,93,63,65,20,32,88,59,454,144,40,35,28,37,98,69,17,17,296,122,98,57,12,10,15,21
1400000US36047019300,"Census Tract 193, Kings County, New York",Brooklyn,3836,614,84,62,0,19,0,19,0,19,0,19,0,19,0,19,0,19,0,19,0,19,18,30,0,19,39,43,97,109,21,33,254,166,41,46,135,135,326,196,338,231,1593,402,793,279,75,63,22,36
1400000US36047019400,"Census Tract 194, Kings County, New York",Brooklyn,2479,682,399,314,0,14,62,90,0,14,4,13,0,14,0,14,48,45,134,105,53,54,50,51,35,53,0,14,60,54,66,55,681,484,19,20,3,8,237,141,41,41,334,132,248,116,0,14,5,8
1400000US36047019500,"Census Tract 195, Kings County, New York",Brooklyn,3213,391,102,139,0,14,0,14,0,14,0,14,0,14,0,14,0,14,0,14,66,59,148,132,0,14,60,56,0,14,14,20,264,166,126,108,55,44,151,69,173,94,1242,205,485,132,260,135,67,52
1400000US36047019600,"Census Tract 196, Kings County, New York",Brooklyn,2810,449,239,143,0,14,0,14,0,14,0,14,3,8,85,74,71,48,115,86,0,14,58,81,95,73,105,90,5,13,151,63,956,316,130,92,112,66,92,87,79,60,417,172,85,58,0,14,12,18
1400000US36047019700,"Census Tract 197, Kings County, New York",Brooklyn,2789,342,6,4,0,14,0,14,0,14,0,14,0,14,0,14,0,14,0,14,0,14,0,14,16,23,0,14,0,14,63,75,136,92,5,6,92,98,218,104,87,86,1136,223,700,173,172,107,158,132
1400000US36047019800,"Census Tract 198, Kings County, New York",Brooklyn,1218,241,65,59,0,14,0,14,0,14,0,14,0,14,0,14,46,50,44,48,0,14,77,98,20,27,0,14,9,14,22,26,414,119,8,17,17,19,16,17,47,52,211,97,164,78,33,40,25,32
1400000US36047019900,"Census Tract 199, Kings County, New York",Brooklyn,3398,503,25,39,0,14,0,14,0,14,0,14,0,14,0,14,0,14,38,57,0,14,40,67,0,14,19,31,10,57,22,46,173,96,101,153,16,25,141,104,114,98,1546,368,793,261,283,153,77,76
1400000US36047020000,"Census Tract 200, Kings County, New York",Brooklyn,1660,295,154,118,0,14,0,14,0,14,0,14,12,20,51,77,18,15,104,76,25,33,44,38,5,8,10,18,7,11,35,28,345,120,156,124,132,66,24,25,69,35,220,70,193,80,21,18,35,30
1400000US36047020100,"Census Tract 201, Kings County, New York",Brooklyn,3047,463,14,23,0,14,0,14,0,14,0,14,0,14,0,14,0,14,0,14,0,14,14,22,0,14,0,14,0,14,0,14,338,196,23,26,12,18,193,114,69,51,1176,264,817,207,319,137,72,71
1400000US36047020200,"Census Tract 202, Kings County, New York",Brooklyn,1211,189,36,23,0,14,4,10,0,14,0,14,0,14,0,14,19,31,27,31,5,8,0,14,35,26,17,30,0,14,61,46,139,59,84,54,15,13,117,61,33,31,364,89,216,101,39,29,0,14
1400000US36047020300,"Census Tract 203, Kings County, New York",Brooklyn,1527,223,0,14,0,14,0,14,0,14,0,14,0,14,0,14,10,15,13,22,0,14,0,14,0,14,0,14,0,14,0,14,67,54,28,27,9,14,114,60,11,17,689,220,413,106,114,50,59,47
1400000US36047020400,"Census Tract 204, Kings County, New York",Brooklyn,1442,213,25,34,0,14,0,14,0,14,19,26,18,27,0,14,7,12,0,14,29,36,8,14,29,29,0,14,0,14,17,21,209,100,58,50,21,23,135,68,28,23,433,121,273,95,120,90,13,16
1400000US36047020500,"Census Tract 205, Kings County, New York",Brooklyn,2760,337,53,56,0,14,0,14,0,14,0,14,0,14,0,14,0,14,0,14,0,14,55,68,0,14,0,14,8,21,0,14,9,14,2,4,143,73,162,115,58,54,1146,230,733,234,239,121,152,96
1400000US36047020600,"Census Tract 206, Kings County, New York",Brooklyn,1756,263,51,31,0,14,0,14,0,14,0,14,18,28,0,14,22,27,23,28,0,14,0,14,0,14,42,67,7,10,120,75,301,92,13,18,15,16,80,42,222,123,465,150,210,78,133,86,34,42
1400000US36047020700,"Census Tract 207, Kings County, New York",Brooklyn,3692,473,0,14,0,14,0,14,0,14,0,14,0,14,0,14,0,14,0,14,0,14,0,14,0,14,48,55,0,14,0,14,138,105,17,29,118,129,166,128,63,59,1522,345,1196,276,286,135,138,98
1400000US36047020800,"Census Tract 208, Kings County, New York",Brooklyn,2178,460,230,117,0,14,0,14,0,14,0,14,0,14,0,14,11,17,86,67,0,14,27,38,25,28,0,14,11,18,86,77,646,381,50,42,16,29,175,95,32,29,607,251,121,61,16,20,39,46
1400000US36047021000,"Census Tract 210, Kings County, New York",Brooklyn,2473,470,305,107,0,14,0,14,0,14,7,10,0,14,0,14,0,14,162,151,7,11,129,106,128,84,104,134,22,24,47,34,541,208,57,47,90,103,152,133,200,99,334,138,164,154,14,22,10,16
1400000US36047021100,"Census Tract 211, Kings County, New York",Brooklyn,1868,305,29,21,0,14,0,14,0,14,0,14,0,14,0,14,0,14,9,14,0,14,65,78,15,23,46,72,12,21,95,58,216,95,22,28,32,24,166,78,129,74,643,161,344,141,21,23,24,19
1400000US36047021200,"Census Tract 212, Kings County, New York",Brooklyn,2493,466,373,162,0,14,11,18,0,14,16,28,5,10,19,28,62,65,173,103,56,53,4,11,45,55,53,57,0,14,84,49,409,173,22,28,72,77,147,153,189,122,575,243,109,62,69,58,0,14
1400000US36047021300,"Census Tract 213, Kings County, New York",Brooklyn,3356,478,86,83,0,14,0,14,0,14,0,14,0,14,0,14,11,20,10,26,11,27,15,26,114,149,0,14,147,177,271,240,375,140,70,62,110,106,344,141,192,94,1010,239,484,126,72,50,34,39
1400000US36047021400,"Census Tract 214, Kings County, New York",Brooklyn,1254,281,41,37,0,14,0,14,0,14,0,14,0,14,13,18,41,34,13,17,30,27,31,22,90,83,29,34,0,14,25,23,525,222,64,65,39,46,97,94,46,34,143,63,14,14,13,14,0,14
1400000US36047021500,"Census Tract 215, Kings County, New York",Brooklyn,4847,772,63,83,0,19,0,19,0,19,0,19,0,19,0,19,0,19,0,19,0,19,0,19,0,19,0,19,0,19,150,218,167,115,137,113,103,94,194,106,192,138,2088,666,1013,331,439,191,301,185
1400000US36047021600,"Census Tract 216, Kings County, New York",Brooklyn,1792,289,42,33,0,14,0,14,0,14,0,14,0,14,0,14,0,14,77,38,0,14,58,71,32,50,25,26,22,34,31,28,815,218,27,36,32,31,119,70,57,91,296,181,117,72,42,40,0,14
1400000US36047021700,"Census Tract 217, Kings County, New York",Brooklyn,3159,393,121,111,0,14,0,14,0,14,0,14,0,14,0,14,0,14,0,14,13,15,8,12,25,38,26,29,10,16,55,48,349,128,27,32,100,79,262,101,78,62,1283,298,621,161,138,88,43,29
1400000US36047021800,"Census Tract 218, Kings County, New York",Brooklyn,1447,293,42,37,0,14,0,14,0,14,0,14,0,14,23,38,22,36,38,31,24,39,0,14,0,14,0,14,0,14,98,69,535,263,0,14,27,33,311,185,32,25,179,97,79,76,37,56,0,14
1400000US36047021900,"Census Tract 219, Kings County, New York",Brooklyn,3719,632,62,75,0,14,0,14,0,14,0,14,0,14,0,14,23,38,0,14,0,14,0,14,2,4,19,30,15,32,50,47,823,673,54,50,62,54,346,133,162,63,1198,245,542,141,240,110,121,81
1400000US36047022000,"Census Tract 220, Kings County, New York",Brooklyn,2342,495,78,45,1,7,0,19,0,19,0,19,0,19,0,19,0,19,30,50,0,19,29,45,0,19,0,19,54,58,98,79,1011,295,114,89,15,25,210,111,51,56,474,332,102,67,75,74,0,19
1400000US36047022100,"Census Tract 221, Kings County, New York",Brooklyn,3107,470,27,44,0,14,0,14,0,14,0,14,0,14,0,14,16,38,51,60,0,14,0,14,19,22,9,16,55,47,48,44,685,444,88,59,73,57,153,94,54,45,1247,215,499,114,83,59,0,14
1400000US36047022200,"Census Tract 222, Kings County, New York",Brooklyn,1919,353,20,29,0,14,0,14,0,14,0,14,25,41,28,42,13,22,159,180,0,14,77,81,79,72,9,16,43,47,152,113,586,201,29,55,71,62,294,167,36,44,186,88,80,60,0,14,32,51
1400000US36047022400,"Census Tract 224, Kings County, New York",Brooklyn,2409,507,122,81,8,30,0,19,0,19,0,19,0,19,0,19,0,19,231,214,0,19,0,19,0,19,16,27,0,19,78,51,1316,414,25,37,16,21,173,95,98,59,243,79,83,72,0,19,0,19
1400000US36047022600,"Census Tract 226, Kings County, New York",Brooklyn,1155,212,19,29,0,14,0,14,7,12,0,14,15,15,0,14,42,49,35,38,54,79,19,18,22,20,0,14,45,76,208,100,281,95,43,36,55,62,31,37,90,58,119,69,53,37,17,24,0,14
1400000US36047022700,"Census Tract 227, Kings County, New York",Brooklyn,3700,606,240,218,0,14,0,14,0,14,0,14,0,14,0,14,0,14,0,14,0,14,15,34,80,77,10,17,79,122,53,77,545,252,61,63,77,69,305,216,139,137,1231,300,576,260,243,207,46,45
1400000US36047022800,"Census Tract 228, Kings County, New York",Brooklyn,1598,337,63,45,0,14,0,14,0,14,0,14,0,14,0,14,0,14,0,14,0,14,34,54,76,42,24,35,0,14,172,138,427,181,5,6,95,55,133,83,89,61,249,97,126,93,105,73,0,14
1400000US36047022900,"Census Tract 229, Kings County, New York",Brooklyn,3011,464,37,37,0,14,0,14,0,14,0,14,21,26,0,14,0,14,2,4,25,40,0,14,2,4,4,9,14,22,147,147,186,129,103,71,21,24,193,109,67,43,1564,369,504,152,105,73,16,21
1400000US36047023000,"Census Tract 230, Kings County, New York",Brooklyn,1936,444,100,88,0,14,0,14,0,14,0,14,0,14,11,18,0,14,10,17,0,14,34,54,101,152,49,68,76,71,78,75,786,271,25,32,65,61,196,99,35,45,322,184,38,50,10,17,0,14
1400000US36047023100,"Census Tract 231, Kings County, New York",Brooklyn,2917,373,0,14,0,14,0,14,0,14,0,14,0,14,0,14,18,30,32,49,0,14,16,47,0,14,9,14,47,63,19,18,197,97,122,78,120,91,129,72,132,158,1240,261,617,171,127,65,92,64
1400000US36047023200,"Census Tract 232, Kings County, New York",Brooklyn,2718,366,106,97,0,19,0,19,0,19,0,19,0,19,0,19,9,14,0,19,19,28,12,17,29,46,28,29,130,113,177,121,1222,302,36,45,229,125,126,67,125,123,304,137,166,98,0,19,0,19
1400000US36047023300,"Census Tract 233, Kings County, New York",Brooklyn,3841,601,30,44,0,19,0,19,0,19,0,19,0,19,0,19,0,19,0,19,0,19,0,19,22,35,109,153,15,29,149,177,550,202,55,68,63,66,184,153,165,109,1605,459,767,390,100,119,27,44
1400000US36047023400,"Census Tract 234, Kings County, New York",Brooklyn,2029,358,38,29,0,19,0,19,0,19,0,19,0,19,0,19,0,19,0,19,0,19,0,19,53,72,0,19,20,25,88,56,800,267,34,33,187,147,373,192,133,154,190,131,100,116,5,11,8,11
1400000US36047023500,"Census Tract 235, Kings County, New York",Brooklyn,2304,288,58,70,0,19,0,19,0,19,9,18,0,19,0,19,4,18,0,19,0,19,0,19,0,19,0,19,0,19,26,42,528,237,74,60,124,99,115,77,5,21,841,194,413,167,67,60,40,39
1400000US36047023600,"Census Tract 236, Kings County, New York",Brooklyn,2074,281,49,60,0,19,0,19,0,19,0,19,0,19,0,19,0,19,0,19,0,19,38,56,0,19,23,35,0,19,188,103,718,208,123,82,56,56,274,108,59,46,237,114,245,159,44,63,20,25
1400000US36047023800,"Census Tract 238, Kings County, New York",Brooklyn,2106,371,62,59,0,19,0,19,0,19,4,12,28,43,0,19,14,23,0,19,54,49,62,67,41,38,66,57,0,19,66,53,1034,371,31,37,78,44,180,77,10,18,199,93,146,66,8,12,23,37
1400000US36047024000,"Census Tract 240, Kings County, New York",Brooklyn,2327,382,121,93,13,31,0,19,0,19,35,51,0,19,0,19,0,19,38,51,0,19,0,19,16,22,8,14,7,14,140,85,1067,291,57,79,117,95,222,119,67,70,323,174,32,32,38,48,26,42
1400000US36047024100,"Census Tract 241, Kings County, New York",Brooklyn,2311,631,0,14,0,14,0,14,0,14,0,14,34,36,0,14,31,37,0,14,0,14,39,42,60,78,0,14,0,14,73,108,354,311,0,14,24,41,115,70,17,31,994,245,437,131,102,42,31,36
1400000US36047024200,"Census Tract 242, Kings County, New York",Brooklyn,1490,208,10,14,0,14,0,14,0,14,0,14,0,14,0,14,0,14,23,36,25,37,0,14,5,7,49,57,25,18,126,85,672,161,42,32,31,34,130,82,58,45,202,98,76,79,10,18,6,10
1400000US36047024300,"Census Tract 243, Kings County, New York",Brooklyn,3746,762,112,122,0,14,0,14,0,14,0,14,25,40,0,14,97,113,54,73,0,14,0,14,0,14,25,40,121,102,151,121,541,256,66,65,104,90,204,139,116,85,1495,448,564,170,31,38,40,88
1400000US36047024400,"Census Tract 244, Kings County, New York",Brooklyn,1944,427,265,208,1,3,0,14,0,14,0,14,9,15,0,14,40,54,12,19,43,63,51,54,101,89,9,16,45,53,38,30,645,263,50,53,28,26,12,20,8,14,357,159,198,155,32,49,0,14
1400000US36047024500,"Census Tract 245, Kings County, New York",Brooklyn,3501,430,48,55,0,14,0,14,0,14,0,14,0,14,0,14,0,14,6,22,0,14,31,49,0,14,8,13,68,84,14,22,472,231,138,104,169,153,272,167,76,56,1184,280,871,287,119,83,25,36
1400000US36047024600,"Census Tract 246, Kings County, New York",Brooklyn,1983,373,145,80,0,14,0,14,0,14,0,14,41,58,0,14,44,39,10,14,0,14,102,107,33,33,0,14,17,25,78,55,576,214,71,67,18,20,149,80,69,58,409,144,207,103,14,23,0,14
1400000US36047024700,"Census Tract 247, Kings County, New York",Brooklyn,2021,378,0,14,0,14,0,14,0,14,0,14,0,14,12,19,11,17,0,14,33,40,4,6,0,14,0,14,88,112,0,14,166,106,89,79,54,69,194,127,157,156,466,181,629,283,66,59,52,47
1400000US36047024800,"Census Tract 248, Kings County, New York",Brooklyn,1589,244,152,89,0,14,0,14,14,23,0,14,0,14,0,14,0,14,31,36,22,25,46,47,82,66,16,27,22,37,12,17,508,162,40,38,87,73,106,85,35,33,229,97,133,82,48,53,6,11
1400000US36047024900,"Census Tract 249, Kings County, New York",Brooklyn,3087,423,0,14,0,14,0,14,0,14,0,14,0,14,0,14,0,14,0,14,0,14,0,14,3,11,0,14,0,14,5,10,347,136,171,129,72,62,546,168,190,122,1303,279,357,168,50,39,43,40
1400000US36047025000,"Census Tract 250, Kings County, New York",Brooklyn,1114,241,96,57,0,14,5,9,0,14,0,14,0,14,27,42,30,34,55,53,8,12,6,8,32,50,0,14,45,62,162,97,224,95,23,22,27,35,73,50,60,38,161,63,68,40,12,20,0,14
1400000US36047025100,"Census Tract 251, Kings County, New York",Brooklyn,3034,528,115,51,0,14,0,14,0,14,0,14,0,14,0,14,0,14,0,14,18,26,0,14,42,42,79,70,79,77,175,164,489,254,205,124,173,111,272,124,344,248,741,282,244,186,21,32,37,42
1400000US36047025200,"Census Tract 252, Kings County, New York",Brooklyn,3138,468,192,85,0,14,0,14,0,14,0,14,11,16,0,14,14,16,114,97,17,18,144,111,32,25,38,52,49,75,295,144,604,187,218,131,143,92,141,92,87,58,638,315,356,138,20,30,25,27
1400000US36047025300,"Census Tract 253, Kings County, New York",Brooklyn,2690,273,40,44,0,14,0,14,0,14,0,14,0,14,0,14,0,14,0,14,0,14,0,14,0,14,0,14,52,81,87,74,419,160,103,99,172,91,223,143,135,72,885,231,408,180,110,95,56,54
1400000US36047025400,"Census Tract 254, Kings County, New York",Brooklyn,2101,470,137,101,0,14,0,14,0,14,15,24,0,14,0,14,193,212,124,111,14,22,45,68,150,231,28,34,0,14,119,74,404,115,15,24,30,29,79,50,106,78,525,176,110,77,7,12,0,14
1400000US36047025500,"Census Tract 255, Kings County, New York",Brooklyn,3500,547,200,133,0,14,0,14,0,14,0,14,32,36,93,141,0,14,175,127,76,92,158,118,18,29,283,325,53,65,246,128,1176,336,110,74,125,135,168,86,222,173,248,138,85,70,32,45,0,14
1400000US36047025600,"Census Tract 256, Kings County, New York",Brooklyn,2177,559,174,96,0,14,0,14,0,14,0,14,8,13,0,14,25,32,85,78,20,32,83,80,290,422,6,14,95,47,220,98,442,159,13,16,57,51,73,54,64,56,312,122,140,82,63,66,7,12
1400000US36047025700,"Census Tract 257, Kings County, New York",Brooklyn,2010,362,71,78,0,14,0,14,0,14,0,14,0,14,68,72,0,14,32,52,17,27,55,87,22,26,11,24,0,14,200,138,463,158,45,40,157,97,224,173,20,22,479,215,146,92,0,14,0,14
1400000US36047025800,"Census Tract 258, Kings County, New York",Brooklyn,2889,543,377,217,0,14,0,14,0,14,30,40,28,37,0,14,0,14,79,62,120,96,37,39,28,45,25,28,33,35,125,74,592,229,62,67,39,39,177,94,162,86,644,259,298,110,27,26,6,10
1400000US36047025901,"Census Tract 259.01, Kings County, New York",Brooklyn,1357,200,8,23,21,28,0,14,0,14,0,14,0,14,0,14,15,20,0,14,0,14,49,33,0,14,0,14,55,55,15,17,404,135,106,82,22,22,79,58,74,39,292,103,194,87,0,14,23,35
1400000US36047025902,"Census Tract 259.02, Kings County, New York",Brooklyn,2076,383,67,60,31,32,0,14,0,14,39,41,0,14,0,14,15,24,127,150,37,55,76,108,83,89,27,45,23,51,141,99,616,200,122,81,62,43,164,106,54,48,352,347,40,44,0,14,0,14
1400000US36047026000,"Census Tract 260, Kings County, New York",Brooklyn,2082,347,116,58,10,17,0,14,0,14,0,14,0,14,0,14,0,14,43,54,76,68,95,56,16,24,0,14,78,61,73,52,596,208,91,81,110,115,172,95,150,67,333,108,73,45,50,40,0,14
1400000US36047026100,"Census Tract 261, Kings County, New York",Brooklyn,4614,439,271,218,0,19,0,19,0,19,0,19,0,19,0,19,0,19,30,47,9,22,22,40,0,19,121,138,104,93,40,55,511,221,59,72,116,110,456,219,475,208,1901,388,381,195,118,103,0,19
1400000US36047026200,"Census Tract 262, Kings County, New York",Brooklyn,1791,310,170,87,0,14,2,5,0,14,0,14,0,14,0,14,3,5,33,36,16,21,72,67,71,110,87,124,0,14,58,50,517,141,43,58,31,25,147,75,107,49,355,116,69,37,0,14,10,12
1400000US36047026300,"Census Tract 263, Kings County, New York",Brooklyn,1519,201,72,72,0,14,0,14,0,14,0,14,0,14,0,14,35,28,19,24,0,14,15,16,0,14,43,55,19,19,66,46,225,81,43,35,47,50,119,79,138,90,375,98,256,137,13,14,34,32
1400000US36047026400,"Census Tract 264, Kings County, New York",Brooklyn,2839,456,337,158,0,14,6,10,0,14,9,14,18,22,0,14,10,15,201,159,0,14,74,61,49,64,32,30,37,46,125,72,703,280,54,39,157,78,135,65,153,83,645,218,94,57,0,14,0,14
1400000US36047026500,"Census Tract 265, Kings County, New York",Brooklyn,3067,520,1,3,0,14,0,14,0,14,0,14,0,14,0,14,28,41,0,14,2,7,54,84,81,89,11,21,45,52,11,20,340,254,151,126,9,16,259,171,231,236,1236,225,472,160,105,86,31,36
1400000US36047026600,"Census Tract 266, Kings County, New York",Brooklyn,2154,255,218,110,0,14,33,41,0,14,0,14,0,14,18,28,30,19,9,16,38,41,67,52,35,48,0,14,0,14,214,115,575,164,15,23,0,14,7,13,164,83,535,174,144,77,40,59,12,19
1400000US36047026700,"Census Tract 267, Kings County, New York",Brooklyn,3268,416,32,45,0,14,0,14,0,14,2,5,0,14,5,12,6,16,0,14,14,21,6,8,19,30,6,15,17,25,35,40,268,118,128,192,41,45,340,156,267,159,1343,258,516,148,209,166,14,22
1400000US36047026800,"Census Tract 268, Kings County, New York",Brooklyn,3158,523,432,164,27,43,0,14,0,14,0,14,4,14,28,42,42,51,60,67,37,42,81,53,86,78,31,46,0,14,183,104,749,314,86,103,79,76,196,101,288,128,617,424,93,82,36,44,3,11
1400000US36047026900,"Census Tract 269, Kings County, New York",Brooklyn,2510,418,0,14,0,14,0,14,0,14,0,14,0,14,0,14,0,14,0,14,0,14,0,14,49,42,0,14,82,54,188,121,320,153,107,90,97,109,329,167,63,49,988,374,210,111,43,72,34,37
1400000US36047027000,"Census Tract 270, Kings County, New York",Brooklyn,1746,264,153,73,0,14,0,14,0,14,0,14,6,9,0,14,1,3,26,25,33,47,7,10,52,56,20,23,6,11,35,31,414,177,88,57,44,34,177,65,72,43,359,125,188,66,52,37,13,19
1400000US36047027100,"Census Tract 271, Kings County, New York",Brooklyn,2558,424,78,28,0,14,0,14,0,14,0,14,0,14,0,14,0,14,17,26,0,14,0,14,35,59,14,21,0,14,130,134,587,289,136,106,56,55,153,106,225,140,546,246,438,199,143,121,0,14
1400000US36047027200,"Census Tract 272, Kings County, New York",Brooklyn,2892,398,296,173,17,27,0,14,0,14,0,14,44,57,0,14,150,144,152,132,0,14,63,58,66,59,7,16,30,49,60,45,716,312,138,84,13,21,184,137,295,162,339,165,314,199,8,12,0,14
1400000US36047027300,"Census Tract 273, Kings County, New York",Brooklyn,3017,527,71,102,0,14,0,14,0,14,0,14,0,14,0,14,42,57,2,30,0,14,13,21,0,14,0,14,55,85,147,107,473,185,109,102,137,130,169,166,334,143,885,252,402,165,98,105,80,45
1400000US36047027400,"Census Tract 274, Kings County, New York",Brooklyn,2293,456,270,158,0,14,0,14,57,87,15,23,33,50,0,14,261,254,60,92,0,14,131,153,42,40,0,14,4,8,53,62,622,272,30,34,43,52,93,64,153,101,249,122,172,108,5,8,0,14
1400000US36047027500,"Census Tract 275, Kings County, New York",Brooklyn,4199,853,45,59,0,19,16,27,0,19,0,19,0,19,0,19,0,19,0,19,0,19,40,59,49,50,39,60,27,19,237,139,1272,659,121,135,64,48,392,195,249,155,1140,273,453,204,53,49,2,15
1400000US36047027600,"Census Tract 276, Kings County, New York",Brooklyn,2523,439,186,106,0,14,0,14,0,14,9,15,52,72,0,14,51,57,80,60,0,14,210,244,13,19,34,30,30,28,37,38,683,156,59,62,68,48,247,141,108,81,359,100,198,116,60,49,39,58
1400000US36047027700,"Census Tract 277, Kings County, New York",Brooklyn,2950,454,166,117,0,14,0,14,0,14,0,14,0,14,0,14,0,14,0,14,0,14,76,106,22,35,47,38,114,72,73,85,658,276,240,119,120,94,163,125,318,143,719,216,189,110,23,36,22,25
1400000US36047027800,"Census Tract 278, Kings County, New York",Brooklyn,2270,305,146,87,0,14,0,14,14,21,0,14,0,14,0,14,33,40,99,77,0,14,63,47,24,35,60,47,0,14,56,55,592,183,46,61,12,20,169,84,183,119,468,156,260,162,45,49,0,14
1400000US36047027900,"Census Tract 279, Kings County, New York",Brooklyn,3068,404,56,48,0,14,0,14,0,14,0,14,4,10,0,14,0,14,0,14,4,7,0,14,14,30,2,3,0,14,0,14,396,171,195,121,51,80,374,157,210,118,1153,331,378,163,219,160,12,25
1400000US36047028000,"Census Tract 280, Kings County, New York",Brooklyn,1273,299,163,87,0,14,0,14,0,14,5,8,4,7,10,16,47,63,76,81,0,14,6,8,55,70,8,10,0,14,26,19,239,73,45,33,24,22,50,29,77,45,252,73,155,78,27,41,4,7
1400000US36047028100,"Census Tract 281, Kings County, New York",Brooklyn,3200,382,73,61,0,19,0,19,0,19,0,19,0,19,0,19,0,19,26,42,0,19,19,30,58,75,53,64,114,86,43,45,933,312,131,115,252,133,304,159,180,146,748,251,225,114,41,41,0,19
1400000US36047028200,"Census Tract 282, Kings County, New York",Brooklyn,2345,490,266,134,0,14,0,14,0,14,5,8,0,14,0,14,32,35,32,49,41,55,45,52,56,56,51,53,17,13,170,175,481,222,92,75,121,106,87,66,179,93,423,155,203,99,33,35,11,14
1400000US36047028300,"Census Tract 283, Kings County, New York",Brooklyn,2933,523,175,156,0,14,0,14,0,14,18,34,0,14,0,14,0,14,1,2,71,61,40,40,64,70,41,54,119,146,70,61,580,233,256,153,71,55,140,99,251,145,861,260,124,152,29,37,22,32
1400000US36047028400,"Census Tract 284, Kings County, New York",Brooklyn,2610,367,242,135,0,14,0,14,0,14,10,15,0,14,0,14,0,14,12,17,5,8,15,24,0,14,88,85,39,44,112,81,586,212,104,79,40,38,30,30,220,121,729,264,272,98,106,119,0,14
1400000US36047028501,"Census Tract 285.01, Kings County, New York",Brooklyn,415,106,2,6,0,14,0,14,0,14,0,14,0,14,0,14,0,14,8,19,0,14,0,14,14,20,0,14,43,50,24,26,75,53,21,29,27,30,42,58,38,26,79,44,26,22,8,12,8,12
1400000US36047028502,"Census Tract 285.02, Kings County, New York",Brooklyn,2091,545,105,74,0,14,0,14,0,14,40,63,41,40,0,14,0,14,71,54,53,42,18,30,17,26,48,44,126,105,195,115,542,252,129,88,118,142,290,183,132,168,166,97,0,14,0,14,0,14
1400000US36047028600,"Census Tract 286, Kings County, New York",Brooklyn,2884,568,181,216,0,19,0,19,0,19,109,170,0,19,0,19,0,19,35,59,0,19,46,62,0,19,18,38,16,26,68,77,354,181,142,123,0,19,176,126,310,140,912,281,393,193,124,100,0,19
1400000US36047028700,"Census Tract 287, Kings County, New York",Brooklyn,2397,414,28,38,0,14,0,14,0,14,4,10,0,14,0,14,28,32,46,72,0,14,8,12,0,14,81,81,203,118,150,102,475,190,22,26,73,117,134,84,121,95,554,213,454,172,16,23,0,14
1400000US36047028800,"Census Tract 288, Kings County, New York",Brooklyn,2685,689,48,48,0,14,0,14,34,53,0,14,0,14,9,15,0,14,156,83,20,24,36,31,34,48,76,65,0,14,65,55,922,301,22,26,29,27,148,91,124,74,715,485,224,85,15,24,8,13
1400000US36047028900,"Census Tract 289, Kings County, New York",Brooklyn,2885,514,12,17,0,14,0,14,0,14,0,14,74,49,15,24,0,14,6,22,125,173,32,42,0,14,86,97,151,163,133,99,611,247,208,124,107,83,125,89,83,60,768,265,317,209,19,32,13,20
1400000US36047029000,"Census Tract 290, Kings County, New York",Brooklyn,2521,311,172,102,44,46,0,14,0,14,0,14,0,14,0,14,0,14,37,59,14,24,72,58,28,24,46,59,0,14,27,34,488,125,29,33,40,41,219,106,200,76,501,190,541,226,33,35,30,26
1400000US36047029100,"Census Tract 291, Kings County, New York",Brooklyn,2736,386,11,18,0,14,0,14,0,14,0,14,0,14,0,14,0,14,0,14,0,14,80,101,0,14,18,28,107,112,80,78,324,161,42,54,73,66,169,141,253,179,666,259,831,405,60,56,22,36
1400000US36047029200,"Census Tract 292, Kings County, New York",Brooklyn,1897,273,132,88,0,14,0,14,0,14,31,49,17,26,15,24,52,82,43,52,0,14,75,51,30,33,0,14,84,75,44,32,333,105,63,59,21,25,158,76,146,78,311,107,256,133,38,38,48,44
1400000US36047029300,"Census Tract 293, Kings County, New York",Brooklyn,2254,282,53,43,0,14,0,14,0,14,54,38,0,14,0,14,0,14,63,75,28,46,41,63,64,44,17,41,39,37,99,42,489,196,86,75,95,86,390,186,29,43,423,156,197,111,76,82,11,25
1400000US36047029400,"Census Tract 294, Kings County, New York",Brooklyn,1743,249,162,103,57,121,6,13,8,16,0,14,0,14,7,13,19,16,53,59,0,14,51,31,34,36,13,17,51,40,27,30,552,176,23,26,52,33,143,101,71,35,244,83,126,68,38,44,6,14
1400000US36047029500,"Census Tract 295, Kings County, New York",Brooklyn,3105,462,36,42,0,14,0,14,0,14,0,14,0,14,0,14,0,14,0,14,0,14,0,14,0,14,0,14,23,38,0,14,613,287,132,97,102,67,285,244,80,70,955,204,711,258,59,62,109,86
1400000US36047029600,"Census Tract 296, Kings County, New York",Brooklyn,4223,588,218,139,0,19,0,19,0,19,80,117,0,19,0,19,0,19,50,74,104,130,95,115,133,117,51,60,0,19,115,81,888,313,134,120,125,120,373,244,617,466,816,324,274,185,130,99,20,32
1400000US36047029700,"Census Tract 297, Kings County, New York",Brooklyn,2851,403,52,70,0,14,0,14,0,14,0,14,0,14,0,14,0,14,19,32,0,14,55,88,18,29,76,91,52,51,73,61,496,219,103,120,153,99,244,128,201,94,611,169,596,175,65,99,37,58
1400000US36047029800,"Census Tract 298, Kings County, New York",Brooklyn,2379,319,231,107,37,53,0,14,0,14,0,14,6,9,0,14,31,28,45,54,2,19,13,23,20,19,40,64,19,23,153,94,689,153,32,52,78,55,93,63,178,92,415,152,165,108,25,27,107,67
1400000US36047029900,"Census Tract 299, Kings County, New York",Brooklyn,2223,447,0,14,5,8,0,14,0,14,0,14,0,14,0,14,0,14,6,13,2,3,29,36,23,38,73,69,81,82,94,122,418,211,222,168,58,54,323,183,111,66,400,203,312,136,39,35,27,35
1400000US36047030000,"Census Tract 300, Kings County, New York",Brooklyn,2795,440,81,46,0,14,0,14,0,14,0,14,46,47,0,14,7,10,245,127,79,102,0,14,71,68,16,18,13,23,138,97,654,195,124,85,307,235,190,131,244,136,474,169,76,54,22,24,8,12
1400000US36047030100,"Census Tract 301, Kings County, New York",Brooklyn,2255,578,25,33,0,14,0,14,0,14,0,14,0,14,0,14,42,56,36,56,0,14,0,14,0,14,26,43,23,37,149,162,438,195,59,56,117,114,226,165,141,97,730,397,170,95,42,54,31,29
1400000US36047030200,"Census Tract 302, Kings County, New York",Brooklyn,3010,568,209,114,0,14,0,14,0,14,0,14,0,14,0,14,75,71,121,59,23,36,64,55,101,94,31,37,29,24,163,67,720,285,21,33,28,25,311,162,347,147,510,225,243,105,0,14,14,21
1400000US36047030300,"Census Tract 303, Kings County, New York",Brooklyn,3937,470,115,95,0,19,0,19,0,19,0,19,0,19,0,19,0,19,66,93,0,19,36,53,34,40,181,117,58,73,179,108,1178,293,133,93,112,71,619,372,395,167,604,260,177,94,50,54,0,19
1400000US36047030400,"Census Tract 304, Kings County, New York",Brooklyn,3302,351,306,128,19,23,23,22,0,14,0,14,7,11,0,14,6,16,34,34,0,14,0,14,123,119,0,14,41,32,147,156,621,282,29,26,19,23,139,83,143,82,805,127,708,306,94,64,38,50
1400000US36047030500,"Census Tract 305, Kings County, New York",Brooklyn,5541,548,33,40,0,19,0,19,0,19,0,19,0,19,0,19,0,19,0,19,0,19,100,141,7,15,111,84,93,145,230,257,316,197,146,136,180,167,495,241,325,229,1970,382,1045,267,438,228,52,74
1400000US36047030600,"Census Tract 306, Kings County, New York",Brooklyn,1452,280,86,50,7,7,7,11,0,14,0,14,12,19,11,17,59,55,42,60,2,5,0,14,39,36,19,25,33,32,45,41,406,122,47,36,17,18,152,96,91,53,308,80,47,38,22,16,0,14
1400000US36047030700,"Census Tract 307, Kings County, New York",Brooklyn,4187,750,94,73,0,19,0,19,0,19,0,19,0,19,0,19,42,57,88,101,27,44,116,137,118,137,0,19,315,228,59,88,1018,315,108,93,95,84,523,364,114,79,914,635,542,488,0,19,14,24
1400000US36047030800,"Census Tract 308, Kings County, New York",Brooklyn,1385,246,56,41,0,14,0,14,0,14,0,14,0,14,0,14,14,15,42,48,5,8,82,48,74,61,0,14,5,8,57,42,318,114,53,32,20,18,58,45,139,112,253,88,190,110,19,18,0,14
1400000US36047030900,"Census Tract 309, Kings County, New York",Brooklyn,1559,312,69,49,0,14,0,14,0,14,0,14,0,14,1,5,0,14,0,14,18,31,0,14,10,15,40,37,33,28,67,59,342,154,126,96,163,108,71,51,98,81,428,237,78,71,15,13,0,14
1400000US36047031100,"Census Tract 311, Kings County, New York",Brooklyn,2388,386,27,36,0,14,0,14,0,14,0,14,0,14,0,14,5,10,0,14,0,14,48,64,0,14,17,27,97,68,66,40,284,195,19,29,194,125,187,82,121,99,832,243,425,171,2,4,64,62
1400000US36047031300,"Census Tract 313, Kings County, New York",Brooklyn,3925,714,176,146,0,14,0,14,0,14,32,51,0,14,8,14,7,14,24,57,7,18,9,16,41,40,70,67,19,31,142,116,514,196,245,174,87,108,457,433,124,79,1270,436,501,163,97,74,95,114
1400000US36047031401,"Census Tract 314.01, Kings County, New York",Brooklyn,3947,695,194,173,0,14,16,30,74,113,24,38,0,14,0,14,81,79,135,144,0,14,71,67,133,122,36,54,12,20,73,60,595,233,25,21,71,59,383,221,386,152,1051,382,469,211,86,98,32,38
1400000US36047031402,"Census Tract 314.02, Kings County, New York",Brooklyn,0,14,0,14,0,14,0,14,0,14,0,14,0,14,0,14,0,14,0,14,0,14,0,14,0,14,0,14,0,14,0,14,0,14,0,14,0,14,0,14,0,14,0,14,0,14,0,14,0,14
1400000US36047031500,"Census Tract 315, Kings County, New York",Brooklyn,4346,616,81,73,0,19,0,19,0,19,0,19,23,37,0,19,0,19,0,19,0,19,34,48,0,19,35,53,6,13,82,86,398,198,175,142,125,109,301,188,172,123,1764,489,935,276,163,151,52,59
1400000US36047031701,"Census Tract 317.01, Kings County, New York",Brooklyn,3671,633,34,51,19,28,0,14,0,14,0,14,0,14,0,14,0,14,0,14,59,86,0,14,0,14,13,21,73,90,32,52,873,389,82,64,85,65,377,171,285,252,1111,315,476,138,135,83,17,19
1400000US36047031702,"Census Tract 317.02, Kings County, New York",Brooklyn,2914,502,37,47,0,14,0,14,0,14,0,14,0,14,0,14,8,19,0,14,0,14,0,14,0,14,9,22,40,52,105,150,308,239,54,91,106,69,142,99,185,175,1243,323,569,190,58,37,50,32
1400000US36047031900,"Census Tract 319, Kings County, New York",Brooklyn,2335,360,114,94,0,14,0,14,0,14,0,14,0,14,0,14,0,14,0,14,35,40,55,88,19,28,0,14,15,22,141,102,419,170,50,77,111,87,172,121,119,102,814,362,154,82,55,55,62,69
1400000US36047032100,"Census Tract 321, Kings County, New York",Brooklyn,4328,710,80,85,0,14,0,14,0,14,0,14,0,14,0,14,0,14,0,14,0,14,10,24,0,14,30,48,102,127,204,155,796,568,90,89,244,261,275,179,483,283,1146,346,522,226,302,164,44,65
1400000US36047032300,"Census Tract 323, Kings County, New York",Brooklyn,2789,441,7,14,0,14,0,14,0,14,0,14,0,14,0,14,29,46,0,14,31,46,14,21,0,14,0,14,16,24,67,69,278,121,207,135,143,77,307,138,238,111,910,399,386,200,133,54,23,36
1400000US36047032500,"Census Tract 325, Kings County, New York",Brooklyn,5207,639,304,230,0,19,0,19,0,19,0,19,0,19,0,19,80,129,93,151,0,19,0,19,132,191,0,19,0,19,153,142,931,294,357,189,126,142,505,207,474,288,1388,368,564,271,83,86,17,27
1400000US36047032600,"Census Tract 326, Kings County, New York",Brooklyn,5258,1011,323,277,0,21,0,21,0,21,0,21,0,21,0,21,128,144,91,121,0,21,202,189,384,204,24,39,168,199,540,518,1139,422,383,252,303,299,214,119,396,283,622,246,319,203,22,33,0,21
1400000US36047032700,"Census Tract 327, Kings County, New York",Brooklyn,2273,349,132,82,0,14,0,14,0,14,0,14,0,14,0,14,14,25,0,14,0,14,0,14,80,70,14,22,0,14,66,78,272,178,15,21,62,59,111,79,98,77,804,195,415,224,156,110,34,55
1400000US36047032800,"Census Tract 328, Kings County, New York",Brooklyn,2177,361,218,119,0,14,0,14,0,14,0,14,0,14,18,28,9,14,48,52,0,14,6,10,37,46,14,24,12,21,129,89,682,372,81,67,57,44,105,57,316,134,325,138,101,63,19,27,0,14
1400000US36047032900,"Census Tract 329, Kings County, New York",Brooklyn,3615,1023,62,72,0,19,0,19,0,19,0,19,28,47,0,19,0,19,0,19,0,19,23,42,56,66,33,53,0,19,52,52,261,138,119,87,235,209,268,248,509,201,1355,379,540,336,22,35,52,74
1400000US36047033000,"Census Tract 330, Kings County, New York",Brooklyn,2933,566,66,44,0,14,0,14,0,14,0,14,0,14,0,14,12,20,210,208,0,14,45,42,85,72,66,65,152,81,117,102,599,211,127,105,166,144,178,137,551,226,396,172,111,102,52,61,0,14
1400000US36047033100,"Census Tract 331, Kings County, New York",Brooklyn,2375,403,34,38,0,14,0,14,0,14,0,14,0,14,0,14,0,14,0,14,0,14,20,31,14,31,12,24,56,78,81,82,617,277,102,96,273,150,439,175,114,99,279,127,240,106,49,60,45,50
1400000US36047033300,"Census Tract 333, Kings County, New York",Brooklyn,2478,441,109,82,19,31,0,14,0,14,0,14,0,14,0,14,0,14,0,14,0,14,36,53,0,14,0,14,0,14,168,104,280,184,128,129,159,109,270,142,175,143,574,212,461,219,89,85,10,28
1400000US36047033500,"Census Tract 335, Kings County, New York",Brooklyn,1994,347,9,11,0,14,14,19,0,14,0,14,0,14,0,14,11,17,0,14,0,14,0,14,20,28,24,37,7,12,103,70,257,133,133,109,135,83,258,163,180,80,541,173,262,96,18,19,22,38
1400000US36047033600,"Census Tract 336, Kings County, New York",Brooklyn,3252,468,36,50,0,14,0,14,0,14,0,14,38,48,0,14,43,52,0,14,23,35,31,48,12,28,37,47,7,12,36,36,938,346,20,27,206,147,189,124,176,131,599,167,746,301,115,102,0,14
1400000US36047033701,"Census Tract 337.01, Kings County, New York",Brooklyn,1737,348,65,74,0,14,5,13,0,14,0,14,7,11,0,14,0,14,0,14,0,14,0,14,1,4,2,3,67,104,14,24,386,179,40,41,162,110,124,84,129,74,376,123,249,145,87,95,23,36
1400000US36047033702,"Census Tract 337.02, Kings County, New York",Brooklyn,1145,206,0,14,0,14,0,14,0,14,0,14,27,31,0,14,0,14,0,14,0,14,0,14,0,14,22,34,18,27,122,78,234,108,31,40,12,20,70,59,162,82,243,103,183,121,4,7,17,27
1400000US36047033900,"Census Tract 339, Kings County, New York",Brooklyn,3374,449,203,163,1,3,0,19,0,19,18,28,12,19,0,19,0,19,0,19,0,19,58,55,30,35,9,15,14,18,102,74,596,302,52,49,94,84,265,116,216,142,1074,335,462,179,56,50,112,89
1400000US36047034000,"Census Tract 340, Kings County, New York",Brooklyn,1708,216,47,40,0,14,0,14,0,14,0,14,24,35,7,15,8,15,7,13,37,32,26,33,78,83,74,57,35,33,52,55,640,227,159,96,90,63,92,56,110,91,131,62,87,54,0,14,4,8
1400000US36047034100,"Census Tract 341, Kings County, New York",Brooklyn,2015,427,4,5,0,14,0,14,0,14,0,14,16,27,0,14,0,14,16,26,26,33,24,22,17,27,31,40,7,14,13,14,484,227,69,81,82,72,256,120,119,82,514,179,233,103,67,104,37,35
1400000US36047034200,"Census Tract 342, Kings County, New York",Brooklyn,4788,615,273,202,0,19,17,28,0,19,0,19,0,19,39,64,47,81,7,13,87,115,33,48,106,112,210,159,142,127,6,9,1251,538,296,221,305,239,132,96,596,257,590,513,619,403,0,19,32,51
1400000US36047034300,"Census Tract 343, Kings County, New York",Brooklyn,3199,722,12,2,0,14,0,14,0,14,0,14,0,14,0,14,57,70,0,14,62,97,0,14,0,14,122,162,79,87,144,131,395,203,176,134,153,148,519,259,351,182,808,349,279,174,13,19,29,46
1400000US36047034500,"Census Tract 345, Kings County, New York",Brooklyn,2029,449,32,48,0,14,0,14,0,14,19,35,0,14,9,14,0,14,0,14,0,14,20,36,43,44,14,23,0,14,83,74,395,189,11,19,58,56,349,217,178,116,479,362,305,157,25,31,9,13
1400000US36047034700,"Census Tract 347, Kings County, New York",Brooklyn,2691,341,133,85,0,14,0,14,0,14,0,14,0,14,0,14,0,14,0,14,0,14,0,14,12,22,33,70,185,158,152,87,310,207,23,35,192,106,174,121,494,273,579,192,263,148,0,14,141,121
1400000US36047034800,"Census Tract 348, Kings County, New York",Brooklyn,1753,278,67,56,1,2,0,14,0,14,0,14,24,40,0,14,5,9,148,102,10,16,21,25,120,83,66,71,61,61,22,23,489,259,10,12,14,21,187,101,54,43,291,130,103,44,46,30,14,17
1400000US36047034901,"Census Tract 349.01, Kings County, New York",Brooklyn,1576,416,54,59,0,14,0,14,0,14,0,14,0,14,0,14,0,14,0,14,0,14,0,14,17,26,0,14,0,14,63,75,553,298,70,77,0,14,218,172,0,14,370,236,231,129,0,14,0,14
1400000US36047034902,"Census Tract 349.02, Kings County, New York",Brooklyn,2256,415,90,77,0,14,0,14,43,66,0,14,0,14,0,14,0,14,0,14,0,14,0,14,0,14,8,22,58,102,9,15,643,329,285,154,72,67,309,188,146,133,251,148,238,171,89,114,15,24
1400000US36047035000,"Census Tract 350, Kings County, New York",Brooklyn,2723,393,49,47,0,14,0,14,0,14,0,14,0,14,0,14,0,14,0,14,0,14,0,14,0,14,12,20,0,14,10,16,678,213,93,62,34,33,195,106,374,185,683,197,532,203,56,65,7,13
1400000US36047035101,"Census Tract 351.01, Kings County, New York",Brooklyn,1040,233,18,24,0,14,0,14,0,14,0,14,0,14,0,14,0,14,0,14,0,14,0,14,0,14,60,94,11,19,121,69,151,77,44,33,67,51,237,141,70,47,65,42,133,93,63,74,0,14
1400000US36047035102,"Census Tract 351.02, Kings County, New York",Brooklyn,2158,505,135,116,0,14,0,14,0,14,0,14,0,14,0,14,1,4,30,42,40,62,62,99,0,14,0,14,39,61,41,39,512,181,199,82,136,100,176,91,80,83,482,165,192,89,0,14,33,44
1400000US36047035200,"Census Tract 352, Kings County, New York",Brooklyn,1378,194,79,53,0,14,0,14,0,14,0,14,5,10,0,14,0,14,6,12,0,14,37,39,27,43,51,59,5,11,19,30,406,117,26,31,103,90,90,51,66,49,266,176,173,50,5,9,14,23
1400000US36047035301,"Census Tract 353.01, Kings County, New York",Brooklyn,2024,390,79,75,0,14,0,14,0,14,0,14,0,14,0,14,0,14,0,14,0,14,30,45,0,14,179,199,93,80,171,119,247,126,126,97,62,64,226,162,207,139,443,206,161,93,0,14,0,14
1400000US36047035302,"Census Tract 353.02, Kings County, New York",Brooklyn,2042,406,59,61,0,14,0,14,0,14,0,14,0,14,11,22,0,14,12,18,0,14,42,52,7,19,7,14,102,65,81,54,382,177,93,67,188,101,297,216,156,78,432,180,168,93,5,9,0,14
1400000US36047035400,"Census Tract 354, Kings County, New York",Brooklyn,4862,637,40,51,0,19,0,19,0,19,0,19,0,19,0,19,0,19,29,34,18,29,75,86,0,19,0,19,0,19,92,98,888,303,90,93,202,130,140,90,343,180,1543,462,1132,400,233,154,37,44
1400000US36047035500,"Census Tract 355, Kings County, New York",Brooklyn,3781,479,127,113,0,19,0,19,0,19,0,19,0,19,0,19,0,19,0,19,0,19,44,71,46,59,41,67,0,19,418,299,963,417,237,164,135,93,484,246,369,244,610,263,278,167,29,51,0,19
1400000US36047035601,"Census Tract 356.01, Kings County, New York",Brooklyn,2054,274,29,33,0,14,0,14,0,14,0,14,0,14,0,14,0,14,0,14,17,24,0,14,0,14,0,14,13,21,25,28,369,186,0,14,64,67,192,126,240,79,594,160,450,176,61,47,0,14
1400000US36047035602,"Census Tract 356.02, Kings County, New York",Brooklyn,5460,625,83,84,33,38,0,19,0,19,0,19,0,19,0,19,26,43,0,19,14,24,0,19,26,46,16,26,0,19,49,48,1010,359,80,94,191,108,654,359,426,180,1813,400,897,289,98,68,44,53
1400000US36047035701,"Census Tract 357.01, Kings County, New York",Brooklyn,1590,232,77,78,0,14,0,14,0,14,0,14,0,14,0,14,39,63,12,21,12,20,18,29,14,22,23,27,63,50,40,30,568,160,80,55,49,40,153,154,181,90,181,86,80,80,0,14,0,14
1400000US36047035702,"Census Tract 357.02, Kings County, New York",Brooklyn,0,14,0,14,0,14,0,14,0,14,0,14,0,14,0,14,0,14,0,14,0,14,0,14,0,14,0,14,0,14,0,14,0,14,0,14,0,14,0,14,0,14,0,14,0,14,0,14,0,14
1400000US36047035900,"Census Tract 359, Kings County, New York",Brooklyn,4569,747,169,161,0,19,0,19,0,19,0,19,0,19,0,19,49,68,95,105,0,19,90,105,11,23,138,143,85,91,222,177,1348,666,548,297,151,102,393,241,431,258,530,242,245,166,64,74,0,19
1400000US36047036001,"Census Tract 360.01, Kings County, New York",Brooklyn,2360,198,51,43,0,14,0,14,0,14,0,14,0,14,0,14,0,14,0,14,0,14,11,16,0,14,10,16,0,14,32,36,292,115,23,23,282,121,154,94,182,90,630,195,597,181,48,39,48,42
1400000US36047036002,"Census Tract 360.02, Kings County, New York",Brooklyn,3237,411,51,75,0,14,0,14,0,14,0,14,0,14,0,14,0,14,0,14,0,14,0,14,0,14,18,30,0,14,104,170,482,238,223,199,320,215,390,198,413,299,562,235,538,284,125,107,11,19
1400000US36047036100,"Census Tract 361, Kings County, New York",Brooklyn,2392,333,198,150,0,14,0,14,0,14,0,14,0,14,0,14,9,21,14,23,45,73,99,55,169,111,140,102,119,106,171,102,482,222,167,117,216,135,241,128,81,72,222,117,19,31,0,14,0,14
1400000US36047036200,"Census Tract 362, Kings County, New York",Brooklyn,2237,383,87,74,0,14,0,14,9,14,0,14,0,14,0,14,13,19,11,18,31,38,0,14,0,14,8,13,13,22,66,83,443,159,214,222,197,116,94,48,329,130,415,122,206,95,23,26,78,122
1400000US36047036300,"Census Tract 363, Kings County, New York",Brooklyn,3824,599,63,98,0,19,0,19,0,19,0,19,0,19,14,23,0,19,22,34,6,27,46,59,126,127,25,25,62,71,54,66,631,246,336,203,96,73,762,467,347,247,775,345,459,176,0,19,0,19
1400000US36047036400,"Census Tract 364, Kings County, New York",Brooklyn,1732,373,25,22,0,14,0,14,0,14,0,14,0,14,0,14,17,24,0,14,0,14,8,12,0,14,19,26,0,14,95,89,233,107,237,147,41,50,89,57,175,93,455,185,199,98,139,126,0,14
1400000US36047036501,"Census Tract 365.01, Kings County, New York",Brooklyn,2388,412,22,38,0,14,0,14,0,14,0,14,0,14,0,14,0,14,14,22,40,49,0,14,50,65,90,75,0,14,47,46,647,261,134,122,87,75,336,193,73,58,607,223,241,135,0,14,0,14
1400000US36047036502,"Census Tract 365.02, Kings County, New York",Brooklyn,1495,235,0,14,0,14,0,14,0,14,0,14,0,14,0,14,0,14,20,32,7,15,0,14,136,89,45,53,46,60,61,77,478,134,108,91,48,57,320,160,85,39,71,72,37,31,0,14,33,52
1400000US36047036600,"Census Tract 366, Kings County, New York",Brooklyn,2776,253,139,95,0,14,0,14,0,14,0,14,0,14,9,15,54,36,69,41,74,52,67,47,42,43,16,19,36,48,94,72,455,140,223,147,263,119,148,84,219,125,533,143,282,104,27,29,26,29
1400000US36047036700,"Census Tract 367, Kings County, New York",Brooklyn,1553,416,47,51,0,14,0,14,0,14,0,14,20,35,0,14,0,14,0,14,16,26,51,57,12,27,48,53,25,33,66,55,270,106,86,74,105,99,421,318,136,101,205,147,35,45,10,16,0,14
1400000US36047036900,"Census Tract 369, Kings County, New York",Brooklyn,3869,657,133,118,0,19,0,19,0,19,0,19,0,19,0,19,0,19,127,109,0,19,0,19,41,64,143,153,54,80,139,138,936,386,537,303,33,54,478,264,110,103,448,278,582,349,108,128,0,19
1400000US36047037000,"Census Tract 370, Kings County, New York",Brooklyn,3039,336,33,37,0,14,0,14,0,14,0,14,20,23,0,14,0,14,15,37,0,14,31,46,58,51,108,75,70,64,79,61,674,177,185,128,94,81,195,91,347,133,663,207,403,149,45,44,19,22
1400000US36047037100,"Census Tract 371, Kings County, New York",Brooklyn,2924,436,0,14,0,14,0,14,0,14,0,14,0,14,0,14,9,14,112,124,0,14,33,40,4,9,57,75,28,31,35,49,695,276,50,53,131,67,490,177,136,81,566,187,499,227,49,44,30,51
1400000US36047037300,"Census Tract 373, Kings County, New York",Brooklyn,3791,527,118,86,0,14,0,14,0,14,0,14,0,14,0,14,27,46,12,21,0,14,47,68,0,14,123,99,90,62,164,150,703,261,163,97,243,144,458,283,310,166,860,250,378,226,42,68,53,45
1400000US36047037401,"Census Tract 374.01, Kings County, New York",Brooklyn,3335,439,39,44,8,13,0,14,0,14,0,14,0,14,0,14,29,35,11,17,13,20,10,16,9,16,45,51,51,56,63,44,809,341,94,63,117,127,264,121,356,129,683,164,625,207,45,28,64,87
1400000US36047037402,"Census Tract 374.02, Kings County, New York",Brooklyn,4194,398,268,184,0,19,0,19,0,19,0,19,0,19,0,19,18,28,0,19,11,19,0,19,0,19,20,30,25,41,144,189,631,238,86,77,221,149,303,152,367,183,1116,288,859,281,104,125,21,32
1400000US36047037500,"Census Tract 375, Kings County, New York",Brooklyn,2712,466,14,24,0,14,0,14,0,14,0,14,0,14,0,14,0,14,30,18,0,14,0,14,12,26,60,74,71,41,82,66,369,156,127,95,37,46,47,60,188,111,1091,307,490,183,40,47,54,82
1400000US36047037700,"Census Tract 377, Kings County, New York",Brooklyn,3652,434,51,70,0,19,0,19,0,19,0,19,0,19,0,19,45,71,0,19,0,19,0,19,0,19,9,17,9,26,36,47,1092,362,239,129,101,131,271,156,278,186,913,266,428,184,169,101,11,18
1400000US36047037900,"Census Tract 379, Kings County, New York",Brooklyn,2926,553,64,83,0,14,0,14,0,14,0,14,0,14,0,14,0,14,0,14,52,63,34,55,24,33,0,14,0,14,132,123,994,409,106,71,97,73,534,222,126,77,515,165,182,100,29,36,37,44
1400000US36047038100,"Census Tract 381, Kings County, New York",Brooklyn,4112,434,24,39,0,19,0,19,0,19,0,19,0,19,0,19,0,19,80,124,36,57,0,19,76,115,0,19,48,53,32,48,1251,540,207,138,160,129,671,317,67,56,900,374,535,203,0,19,25,41
1400000US36047038200,"Census Tract 382, Kings County, New York",Brooklyn,3166,534,296,199,0,19,0,19,20,32,21,34,0,19,0,19,23,42,81,123,0,19,32,38,50,64,144,209,379,278,107,105,922,344,288,179,188,140,40,57,159,107,290,173,105,141,21,39,0,19
1400000US36047038300,"Census Tract 383, Kings County, New York",Brooklyn,4125,543,117,99,0,19,0,19,0,19,0,19,65,98,0,19,48,79,0,19,0,19,49,77,106,123,71,85,0,19,72,81,855,299,205,135,132,91,323,274,331,191,1143,308,444,163,62,50,102,74
1400000US36047038500,"Census Tract 385, Kings County, New York",Brooklyn,3067,743,28,33,4,9,0,14,0,14,0,14,11,25,0,14,1,6,0,14,0,14,0,14,0,14,63,70,31,46,21,35,547,248,81,62,63,55,199,114,135,81,1072,480,655,276,67,58,89,93
1400000US36047038600,"Census Tract 386, Kings County, New York",Brooklyn,2298,521,153,78,1,5,0,14,12,20,48,56,7,11,0,14,47,47,7,10,0,14,35,39,0,14,47,37,0,14,105,100,369,115,108,103,75,47,172,113,269,179,605,253,190,132,31,39,17,22
1400000US36047038700,"Census Tract 387, Kings County, New York",Brooklyn,3575,606,333,276,0,19,0,19,0,19,0,19,0,19,0,19,4,11,78,94,24,39,55,69,5,8,66,69,20,35,181,170,588,429,108,87,78,78,246,157,30,36,1514,371,207,177,28,44,10,20
1400000US36047038800,"Census Tract 388, Kings County, New York",Brooklyn,3131,660,147,114,0,19,7,12,0,19,0,19,0,19,0,19,0,19,37,42,27,41,0,19,56,92,82,66,0,19,126,93,756,253,92,67,125,129,128,63,317,164,428,165,650,493,82,74,71,87
1400000US36047038900,"Census Tract 389, Kings County, New York",Brooklyn,2577,567,19,32,0,14,0,14,71,108,0,14,0,14,0,14,0,14,20,30,0,14,13,29,73,72,18,27,23,30,16,27,261,197,41,46,271,191,404,201,168,110,899,266,280,126,0,14,0,14
1400000US36047039000,"Census Tract 390, Kings County, New York",Brooklyn,1457,230,65,74,0,14,0,14,0,14,0,14,10,14,0,14,12,11,24,25,0,14,0,14,5,8,15,23,20,25,50,37,394,176,0,14,78,50,125,92,115,81,335,84,146,54,46,28,17,13
1400000US36047039100,"Census Tract 391, Kings County, New York",Brooklyn,4092,437,15,33,0,19,0,19,0,19,6,10,0,19,76,110,0,19,34,46,0,19,113,7,0,19,54,85,0,19,14,23,336,132,443,146,30,43,226,176,141,112,1783,407,536,271,279,191,6,9
1400000US36047039200,"Census Tract 392, Kings County, New York",Brooklyn,1758,344,21,24,0,14,0,14,0,14,0,14,0,14,0,14,13,18,115,129,8,17,0,14,0,14,37,58,0,14,207,196,271,102,0,14,55,54,51,60,197,199,406,128,294,114,24,26,59,56
1400000US36047039300,"Census Tract 393, Kings County, New York",Brooklyn,2962,507,16,23,0,14,0,14,0,14,0,14,0,14,18,33,0,14,0,14,0,14,7,6,91,81,92,99,38,45,34,55,592,322,20,32,119,76,193,87,166,86,1163,292,387,163,26,37,0,14
1400000US36047039400,"Census Tract 394, Kings County, New York",Brooklyn,1194,196,4,12,0,14,0,14,0,14,0,14,0,14,0,14,0,14,0,14,34,32,7,12,0,14,76,69,0,14,15,19,434,132,16,20,74,41,41,43,183,68,234,99,25,19,15,20,36,36
1400000US36047039500,"Census Tract 395, Kings County, New York",Brooklyn,3357,496,272,182,11,20,0,14,0,14,17,31,0,14,12,20,18,32,25,35,4,6,0,14,70,90,15,29,21,37,40,27,387,130,47,39,159,85,322,220,277,298,1273,368,321,141,57,53,9,14
1400000US36047039600,"Census Tract 396, Kings County, New York",Brooklyn,1150,303,20,24,0,14,0,14,0,14,0,14,0,14,0,14,13,20,6,9,0,14,6,11,45,52,48,77,0,14,78,69,316,135,0,14,42,36,166,74,68,64,250,157,52,48,40,43,0,14
1400000US36047039700,"Census Tract 397, Kings County, New York",Brooklyn,2566,369,88,137,0,14,0,14,0,14,0,14,0,14,0,14,14,22,17,30,13,21,51,77,11,19,29,31,59,62,44,58,581,265,252,91,44,54,129,80,187,92,804,197,156,95,59,62,28,42
1400000US36047039800,"Census Tract 398, Kings County, New York",Brooklyn,1757,337,112,70,0,14,23,19,0,14,0,14,0,14,0,14,33,37,47,40,29,35,16,15,36,51,17,25,15,24,102,66,461,211,27,19,207,160,46,27,137,60,218,75,207,92,24,22,0,14
1400000US36047039900,"Census Tract 399, Kings County, New York",Brooklyn,2813,417,265,214,0,14,18,29,39,48,0,14,11,22,0,14,0,14,34,42,63,52,93,79,32,34,0,14,107,128,145,101,509,292,110,77,33,33,241,157,97,64,827,198,130,74,40,43,19,30
1400000US36047040000,"Census Tract 400, Kings County, New York",Brooklyn,1949,486,163,113,0,14,0,14,0,14,0,14,0,14,0,14,0,14,89,95,13,20,69,79,0,14,15,26,67,74,52,43,655,354,65,54,28,21,97,75,105,61,391,181,126,70,11,16,3,5
1400000US36047040100,"Census Tract 401, Kings County, New York",Brooklyn,2477,552,85,81,0,14,0,14,0,14,0,14,0,14,63,43,6,16,71,106,0,14,66,87,54,37,54,73,15,20,51,53,674,346,2,38,13,16,302,196,151,99,550,217,312,159,8,16,0,14
1400000US36047040200,"Census Tract 402, Kings County, New York",Brooklyn,1729,321,145,88,0,14,0,14,0,14,0,14,0,14,4,7,16,18,189,208,2,5,27,26,143,130,55,59,1,11,40,34,323,115,48,38,24,23,58,53,80,61,445,160,114,64,9,17,6,11
1400000US36047040300,"Census Tract 403, Kings County, New York",Brooklyn,3130,465,24,35,0,14,0,14,0,14,0,14,0,14,0,14,0,14,0,14,0,14,25,35,0,14,53,63,111,131,73,63,605,306,20,32,156,109,434,202,186,129,953,295,372,138,47,45,71,83
1400000US36047040400,"Census Tract 404, Kings County, New York",Brooklyn,1782,220,84,48,0,14,0,14,7,11,0,14,6,7,20,20,10,17,61,35,14,22,7,11,78,73,14,17,15,13,88,57,366,126,102,58,15,14,94,42,103,47,469,126,175,91,31,23,23,36
1400000US36047040500,"Census Tract 405, Kings County, New York",Brooklyn,1279,323,0,14,0,14,0,14,11,16,0,14,0,14,0,14,0,14,11,10,17,15,5,8,0,14,67,67,52,48,71,51,203,147,47,35,55,48,246,216,64,57,298,133,95,64,26,26,11,18
1400000US36047040600,"Census Tract 406, Kings County, New York",Brooklyn,2537,409,80,48,0,14,0,14,0,14,0,14,9,14,0,14,50,58,21,35,13,21,129,93,45,38,57,56,11,18,168,141,724,398,7,12,37,32,261,143,51,47,560,178,274,87,16,26,24,41
1400000US36047040700,"Census Tract 407, Kings County, New York",Brooklyn,0,14,0,14,0,14,0,14,0,14,0,14,0,14,0,14,0,14,0,14,0,14,0,14,0,14,0,14,0,14,0,14,0,14,0,14,0,14,0,14,0,14,0,14,0,14,0,14,0,14
1400000US36047040800,"Census Tract 408, Kings County, New York",Brooklyn,2532,527,175,73,0,14,0,14,0,14,0,14,26,31,0,14,39,33,230,303,54,61,65,53,81,64,31,40,9,23,37,46,661,219,68,53,76,57,214,88,87,49,619,242,47,37,9,14,4,9
1400000US36047040900,"Census Tract 409, Kings County, New York",Brooklyn,2740,481,264,155,0,14,0,14,0,14,0,14,0,14,0,14,49,77,25,37,35,44,17,24,41,47,110,96,32,36,36,36,336,220,219,231,33,46,435,210,106,79,751,244,216,104,35,55,0,14
1400000US36047041000,"Census Tract 410, Kings County, New York",Brooklyn,1329,173,126,75,0,14,0,14,0,14,0,14,0,14,0,14,5,7,28,34,0,14,0,14,6,12,69,72,18,21,101,47,313,180,75,52,29,29,64,52,43,44,290,133,124,70,38,34,0,14
1400000US36047041100,"Census Tract 411, Kings County, New York",Brooklyn,1852,582,197,274,0,14,0,14,0,14,0,14,0,14,0,14,0,14,28,48,0,14,31,52,0,14,0,14,68,63,26,28,276,164,35,50,224,167,221,134,64,51,529,213,130,64,23,37,0,14
1400000US36047041200,"Census Tract 412, Kings County, New York",Brooklyn,2034,585,401,371,0,14,0,14,0,14,0,14,0,14,0,14,14,18,11,18,23,36,8,11,85,74,56,84,0,14,29,25,534,347,10,15,31,32,156,107,176,104,205,78,243,121,52,42,0,14
1400000US36047041300,"Census Tract 413, Kings County, New York",Brooklyn,3107,616,0,14,0,14,0,14,0,14,0,14,0,14,0,14,74,118,0,14,22,32,49,76,0,14,30,46,29,42,179,136,609,318,185,130,67,75,429,230,83,73,1081,379,266,129,4,23,0,14
1400000US36047041401,"Census Tract 414.01, Kings County, New York",Brooklyn,837,125,6,13,0,14,0,14,0,14,0,14,0,14,0,14,0,14,45,10,40,37,14,19,0,14,20,23,0,14,9,11,245,89,23,32,0,14,66,56,96,55,181,65,62,53,5,7,25,33
1400000US36047041402,"Census Tract 414.02, Kings County, New York",Brooklyn,1355,256,100,87,0,14,0,14,0,14,0,14,0,14,0,14,15,24,87,109,16,18,0,14,21,33,10,21,82,79,55,44,286,110,9,11,24,23,104,53,171,109,302,83,61,70,12,15,0,14
1400000US36047041500,"Census Tract 415, Kings County, New York",Brooklyn,3339,645,163,95,0,14,0,14,23,39,0,14,0,14,0,14,47,74,8,13,0,14,20,30,21,31,42,66,90,120,85,78,611,392,239,135,84,65,305,131,191,134,742,293,438,164,182,132,48,86
1400000US36047041600,"Census Tract 416, Kings County, New York",Brooklyn,1220,224,67,49,0,14,0,14,0,14,0,14,0,14,0,14,0,14,34,52,0,14,8,12,0,14,0,14,6,11,90,76,279,118,0,14,24,19,138,96,70,46,343,123,153,74,8,11,0,14
1400000US36047041700,"Census Tract 417, Kings County, New York",Brooklyn,2315,367,291,151,0,14,0,14,0,14,0,14,18,30,17,25,51,65,93,73,0,14,0,14,71,79,134,176,110,94,34,39,136,120,81,80,198,133,499,265,140,114,265,171,109,103,14,22,54,86
1400000US36047041800,"Census Tract 418, Kings County, New York",Brooklyn,1365,188,103,54,0,14,0,14,0,14,0,14,14,22,0,14,47,48,0,14,5,8,14,19,13,20,18,21,7,9,51,30,316,120,24,30,25,19,145,70,74,45,265,86,165,68,41,43,38,53
1400000US36047041900,"Census Tract 419, Kings County, New York",Brooklyn,2094,392,140,142,0,14,0,14,0,14,18,28,0,14,0,14,80,125,33,48,34,38,113,76,30,34,14,21,135,136,20,26,460,169,44,57,83,90,176,138,64,53,466,187,143,98,19,29,22,29
1400000US36047042000,"Census Tract 420, Kings County, New York",Brooklyn,943,121,31,33,0,14,0,14,0,14,0,14,0,14,0,14,0,14,2,3,9,14,35,41,54,66,0,14,18,20,19,15,266,90,17,18,101,36,20,17,35,30,202,103,122,62,6,8,6,8
1400000US36047042100,"Census Tract 421, Kings County, New York",Brooklyn,3460,489,67,65,0,14,0,14,0,14,0,14,18,25,0,14,51,71,163,127,0,14,25,27,106,85,17,28,40,43,67,64,529,306,59,59,21,30,227,124,190,90,1333,351,510,253,18,28,19,30
1400000US36047042200,"Census Tract 422, Kings County, New York",Brooklyn,1788,519,72,72,0,14,0,14,0,14,0,14,22,30,0,14,8,13,65,69,6,10,159,216,26,34,60,70,25,26,18,20,504,147,66,67,31,30,152,134,10,19,406,218,93,50,65,45,0,14
1400000US36047042300,"Census Tract 423, Kings County, New York",Brooklyn,3343,690,63,64,0,14,0,14,5,10,0,14,44,64,36,34,0,14,5,10,0,14,117,89,35,37,56,46,150,169,104,92,612,288,48,55,66,58,484,339,26,31,910,289,425,148,149,96,8,15
1400000US36047042400,"Census Tract 424, Kings County, New York",Brooklyn,2694,551,400,309,0,14,0,14,0,14,0,14,0,14,0,14,30,30,63,41,62,67,8,13,11,17,79,72,134,63,105,73,484,191,111,81,132,137,183,102,157,106,477,123,229,107,10,15,19,29
1400000US36047042500,"Census Tract 425, Kings County, New York",Brooklyn,1551,251,59,55,0,14,0,14,0,14,0,14,0,14,0,14,0,14,109,120,0,14,0,14,12,22,11,19,41,50,92,82,171,149,160,122,46,51,72,59,54,48,497,165,216,121,2,4,9,15
1400000US36047042600,"Census Tract 426, Kings County, New York",Brooklyn,3102,469,173,103,0,14,0,14,0,14,14,22,0,14,0,14,11,18,88,93,54,64,38,47,171,125,0,14,13,21,110,88,730,238,79,70,129,83,257,165,139,86,710,245,296,125,36,45,54,38
1400000US36047042700,"Census Tract 427, Kings County, New York",Brooklyn,3406,391,148,87,0,14,0,14,0,14,0,14,0,14,35,56,83,115,182,126,0,14,0,14,38,48,0,14,46,51,68,68,574,186,81,110,45,55,203,118,91,64,1302,361,469,198,28,41,13,20
1400000US36047042800,"Census Tract 428, Kings County, New York",Brooklyn,2678,359,157,128,0,14,0,14,0,14,0,14,0,14,14,23,13,22,59,59,0,14,24,27,34,42,132,163,25,38,164,84,478,160,63,66,40,38,226,105,137,70,695,222,326,122,57,43,34,41
1400000US36047042900,"Census Tract 429, Kings County, New York",Brooklyn,3413,523,119,121,16,36,0,14,0,14,51,82,0,14,61,91,17,35,165,179,0,14,194,134,71,87,71,106,303,179,109,157,497,179,93,146,101,80,319,182,53,83,877,335,296,146,0,14,0,14
1400000US36047043000,"Census Tract 430, Kings County, New York",Brooklyn,2634,293,76,46,0,14,1,3,0,14,35,54,14,19,5,11,0,14,42,35,1,8,9,16,64,71,43,71,32,41,207,84,623,185,31,49,41,41,260,110,265,138,623,166,198,134,31,35,33,36
1400000US36047043100,"Census Tract 431, Kings County, New York",Brooklyn,3042,588,74,101,0,14,0,14,0,14,0,14,0,14,69,55,37,50,131,113,0,14,0,14,0,14,24,37,0,14,0,14,31,39,104,135,19,45,251,151,233,149,1437,549,553,204,59,70,20,32
1400000US36047043200,"Census Tract 432, Kings County, New York",Brooklyn,2857,424,282,176,37,56,0,14,0,14,0,14,0,14,1,3,5,8,62,47,32,42,33,43,109,125,79,125,35,44,21,30,617,165,79,87,82,98,172,144,360,178,560,187,222,89,61,43,8,12
1400000US36047043300,"Census Tract 433, Kings County, New York",Brooklyn,2932,456,207,177,0,14,0,14,12,23,0,14,11,18,39,44,0,14,63,71,0,14,102,169,149,96,0,14,157,79,21,39,843,340,208,138,100,74,194,118,107,90,439,165,262,125,18,29,0,14
1400000US36047043400,"Census Tract 434, Kings County, New York",Brooklyn,2598,335,174,119,0,14,0,14,0,14,0,14,45,70,10,16,6,12,26,29,8,12,167,133,0,14,80,89,15,22,36,36,574,252,51,49,114,76,121,97,242,167,568,170,292,152,60,68,9,16
1400000US36047043500,"Census Tract 435, Kings County, New York",Brooklyn,3324,543,109,74,0,14,0,14,28,44,0,14,0,14,0,14,16,25,115,96,35,53,131,126,63,66,0,14,126,95,281,173,620,260,135,112,172,140,228,106,102,63,800,304,301,154,62,95,0,14
1400000US36047043600,"Census Tract 436, Kings County, New York",Brooklyn,3115,649,184,85,0,14,0,14,0,14,25,42,6,9,0,14,0,14,48,72,53,61,96,76,129,155,40,36,59,94,55,62,442,168,135,84,382,438,182,180,222,106,625,152,424,259,8,11,0,14
1400000US36047043700,"Census Tract 437, Kings County, New York",Brooklyn,3698,752,268,174,0,19,0,19,0,19,0,19,0,19,8,38,9,40,7,31,41,57,34,50,0,19,196,270,78,95,59,70,349,136,45,53,157,148,433,205,356,180,1139,344,324,153,163,98,32,54
1400000US36047043800,"Census Tract 438, Kings County, New York",Brooklyn,1585,232,46,34,0,14,0,14,0,14,0,14,1,3,0,14,0,14,1,3,0,14,50,64,40,42,0,14,7,12,94,71,351,139,0,14,57,48,91,58,176,108,455,123,192,98,24,29,0,14
1400000US36047043900,"Census Tract 439, Kings County, New York",Brooklyn,2938,558,279,209,56,89,0,14,0,14,0,14,48,50,0,14,28,35,20,34,26,40,65,39,0,14,82,75,70,59,197,171,560,255,209,131,75,70,137,101,183,120,495,200,295,168,39,62,74,80
1400000US36047044000,"Census Tract 440, Kings County, New York",Brooklyn,1360,182,45,33,1,3,0,14,0,14,0,14,0,14,0,14,0,14,61,76,57,47,0,14,0,14,17,22,24,28,39,30,323,99,11,14,38,26,68,50,170,60,288,114,129,68,47,36,42,36
1400000US36047044100,"Census Tract 441, Kings County, New York",Brooklyn,3499,851,29,49,0,14,0,14,0,14,0,14,0,14,0,14,0,14,93,114,33,49,86,80,21,49,331,359,39,62,168,149,365,219,178,169,67,45,691,471,223,132,850,296,221,152,104,86,0,14
1400000US36047044200,"Census Tract 442, Kings County, New York",Brooklyn,1442,290,20,25,0,14,0,14,0,14,0,14,0,14,0,14,0,14,0,14,0,14,18,26,52,86,9,13,0,14,5,7,376,191,50,40,111,67,123,70,41,33,315,136,204,107,99,70,19,23
1400000US36047044300,"Census Tract 443, Kings County, New York",Brooklyn,3373,408,93,91,0,14,0,14,61,96,0,14,33,52,0,14,0,14,0,14,18,29,35,58,11,23,173,140,0,14,54,66,457,160,67,92,105,90,94,75,218,154,1260,311,551,243,89,95,54,78
1400000US36047044400,"Census Tract 444, Kings County, New York",Brooklyn,1741,465,26,25,0,14,0,14,0,14,0,14,27,44,0,14,0,14,46,71,27,45,0,14,245,347,0,14,0,14,96,81,187,82,37,46,51,39,201,123,191,100,332,123,253,127,22,29,0,14
1400000US36047044500,"Census Tract 445, Kings County, New York",Brooklyn,3017,431,202,113,0,14,0,14,0,14,0,14,35,35,0,14,0,14,105,101,100,114,0,14,9,18,27,41,30,47,211,146,244,115,166,116,54,50,148,101,135,79,941,277,437,189,138,95,35,41
1400000US36047044600,"Census Tract 446, Kings County, New York",Brooklyn,1358,234,163,116,3,13,0,14,0,14,0,14,0,14,0,14,6,9,46,53,12,13,0,14,4,11,6,9,0,14,62,36,265,130,49,36,87,63,56,45,125,82,288,132,171,85,15,21,0,14
1400000US36047044700,"Census Tract 447, Kings County, New York",Brooklyn,1996,235,170,96,0,14,4,9,0,14,0,14,0,14,0,14,0,14,0,14,0,14,17,34,8,12,17,34,66,78,76,73,341,95,179,153,108,60,123,69,84,57,535,170,239,83,22,28,7,11
1400000US36047044800,"Census Tract 448, Kings County, New York",Brooklyn,1284,174,35,25,0,14,0,14,0,14,0,14,0,14,0,14,21,25,0,14,29,44,0,14,0,14,0,14,16,19,39,39,88,45,8,13,93,58,81,39,117,62,437,96,270,93,23,21,27,33
1400000US36047044901,"Census Tract 449.01, Kings County, New York",Brooklyn,1822,290,57,60,0,14,0,14,0,14,0,14,5,23,0,14,20,30,0,14,23,33,26,51,10,33,6,25,114,165,161,98,327,209,212,99,68,53,114,86,152,133,464,116,49,49,0,14,14,22
1400000US36047044902,"Census Tract 449.02, Kings County, New York",Brooklyn,0,14,0,14,0,14,0,14,0,14,0,14,0,14,0,14,0,14,0,14,0,14,0,14,0,14,0,14,0,14,0,14,0,14,0,14,0,14,0,14,0,14,0,14,0,14,0,14,0,14
1400000US36047045000,"Census Tract 450, Kings County, New York",Brooklyn,606,221,0,14,0,14,0,14,0,14,0,14,0,14,0,14,17,24,17,24,0,14,0,14,0,14,0,14,0,14,40,27,190,92,41,36,0,14,53,29,18,25,132,96,29,32,69,87,0,14
1400000US36047045200,"Census Tract 452, Kings County, New York",Brooklyn,1417,225,54,60,0,14,0,14,0,14,0,14,6,11,0,14,0,14,0,14,27,28,7,11,0,14,18,18,0,14,11,12,436,143,37,28,42,24,30,24,169,121,354,153,182,63,20,23,24,39
1400000US36047045300,"Census Tract 453, Kings County, New York",Brooklyn,1585,186,40,28,0,14,0,14,0,14,0,14,0,14,16,23,0,14,68,58,0,14,20,44,67,66,94,73,67,84,17,24,132,43,70,63,155,140,192,63,62,51,406,120,130,76,49,52,0,14
1400000US36047045400,"Census Tract 454, Kings County, New York",Brooklyn,1297,390,74,77,1,7,0,14,0,14,0,14,1,3,0,14,38,38,0,14,0,14,0,14,0,14,80,96,26,33,181,181,261,130,63,36,8,11,39,35,51,61,324,131,90,53,45,29,15,18
1400000US36047045600,"Census Tract 456, Kings County, New York",Brooklyn,1593,291,199,96,3,10,0,14,0,14,0,14,0,14,0,14,16,22,45,42,59,95,0,14,0,14,53,51,59,71,76,50,233,108,23,28,89,47,100,52,88,60,371,163,148,71,31,33,0,14
1400000US36047045800,"Census Tract 458, Kings County, New York",Brooklyn,808,164,0,14,0,14,0,14,0,14,0,14,0,14,0,14,0,14,0,14,0,14,0,14,0,14,0,14,0,14,10,15,169,83,10,15,48,35,58,38,57,55,297,92,57,40,45,49,57,46
1400000US36047046000,"Census Tract 460, Kings County, New York",Brooklyn,2139,276,94,72,0,14,0,14,0,14,1,3,0,14,0,14,12,15,51,59,13,21,0,14,0,14,42,40,0,14,53,43,442,199,58,64,44,53,142,63,88,50,662,166,311,97,118,78,8,14
1400000US36047046201,"Census Tract 462.01, Kings County, New York",Brooklyn,1646,335,1,2,0,14,0,14,0,14,0,14,0,14,0,14,9,15,59,77,23,36,34,49,43,68,44,48,0,14,136,107,359,244,0,14,18,28,95,106,138,85,359,132,255,128,42,35,31,28
1400000US36047046202,"Census Tract 462.02, Kings County, New York",Brooklyn,988,181,0,14,0,14,0,14,0,14,0,14,0,14,0,14,0,14,0,14,0,14,11,19,0,14,0,14,0,14,26,23,260,98,0,14,2,10,64,49,34,30,392,131,178,80,15,17,6,10
1400000US36047046400,"Census Tract 464, Kings County, New York",Brooklyn,1259,282,49,40,0,14,0,14,0,14,0,14,0,14,0,14,0,14,0,14,0,14,26,20,12,14,0,14,0,14,79,49,538,247,12,19,36,24,149,114,19,15,240,135,80,47,19,22,0,14
1400000US36047046800,"Census Tract 468, Kings County, New York",Brooklyn,927,346,20,23,0,14,13,18,0,14,0,14,0,14,0,14,0,14,0,14,0,14,22,22,28,37,0,14,14,19,35,32,354,191,0,14,21,23,59,46,55,38,122,46,184,166,0,14,0,14
1400000US36047047000,"Census Tract 470, Kings County, New York",Brooklyn,1232,176,19,19,0,14,0,14,0,14,0,14,0,14,0,14,0,14,22,34,0,14,10,14,0,14,0,14,1,5,102,64,489,139,16,21,17,28,146,88,28,24,263,90,74,50,45,38,0,14
1400000US36047047200,"Census Tract 472, Kings County, New York",Brooklyn,1365,250,0,14,0,14,0,14,0,14,0,14,0,14,0,14,0,14,53,65,0,14,35,31,0,14,12,12,32,34,83,72,558,144,14,17,50,36,174,71,22,24,240,128,69,37,17,15,6,8
1400000US36047047400,"Census Tract 474, Kings County, New York",Brooklyn,1336,192,8,13,0,14,0,14,0,14,0,14,0,14,0,14,0,14,0,14,0,14,18,19,5,9,17,24,75,53,26,27,545,146,6,10,94,53,162,94,46,43,222,118,80,61,32,33,0,14
1400000US36047047600,"Census Tract 476, Kings County, New York",Brooklyn,1588,291,17,37,0,14,0,14,0,14,6,13,0,14,0,14,0,14,0,14,0,14,16,18,11,17,0,14,31,47,50,43,861,240,0,14,61,76,211,101,37,39,196,159,91,80,0,14,0,14
1400000US36047047700,"Census Tract 477, Kings County, New York",Brooklyn,3228,444,10,25,0,14,0,14,0,14,0,14,0,14,0,14,0,14,0,14,0,14,22,37,0,14,0,14,28,44,0,14,256,159,8,13,35,41,331,166,101,81,1668,393,691,221,78,82,0,14
1400000US36047047800,"Census Tract 478, Kings County, New York",Brooklyn,2401,398,18,30,9,24,0,19,0,19,0,19,0,19,0,19,8,23,46,53,0,19,10,24,23,37,8,14,9,15,340,239,652,198,32,41,179,97,151,105,234,142,512,207,145,91,25,29,0,19
1400000US36047048000,"Census Tract 480, Kings County, New York",Brooklyn,2125,368,376,137,0,14,0,14,0,14,0,14,51,76,0,14,7,13,61,77,0,14,0,14,19,30,68,76,7,25,220,113,374,170,31,48,73,79,48,66,40,72,407,144,330,170,13,19,0,14
1400000US36047048100,"Census Tract 481, Kings County, New York",Brooklyn,2375,287,46,40,0,14,0,14,0,14,0,14,0,14,0,14,0,14,40,42,0,14,0,14,47,61,33,36,33,60,157,232,44,33,114,83,135,60,143,95,109,65,929,186,494,151,32,35,19,23
1400000US36047048200,"Census Tract 482, Kings County, New York",Brooklyn,3999,821,264,210,0,19,0,19,0,19,0,19,0,19,0,19,48,57,0,19,0,19,0,19,92,108,19,33,69,104,43,44,772,315,326,287,292,176,440,238,371,306,731,241,377,186,70,61,85,94
1400000US36047048400,"Census Tract 484, Kings County, New York",Brooklyn,3366,824,132,87,0,14,0,14,0,14,0,14,54,72,0,14,18,28,0,14,0,14,57,106,0,14,21,28,44,70,50,47,559,461,49,44,139,69,151,102,273,187,1044,354,675,257,60,70,40,37
1400000US36047048500,"Census Tract 485, Kings County, New York",Brooklyn,1626,194,13,19,0,14,18,27,0,14,0,14,0,14,0,14,0,14,24,36,14,32,11,17,15,24,0,14,0,14,48,74,125,81,11,26,16,16,126,66,0,14,961,186,173,68,66,63,5,8
1400000US36047048600,"Census Tract 486, Kings County, New York",Brooklyn,1621,296,84,64,8,12,0,14,0,14,17,29,20,20,28,25,0,14,70,85,21,22,52,43,18,27,35,52,2,6,76,38,294,124,68,54,92,73,107,50,46,36,405,143,96,68,44,54,38,59
1400000US36047048800,"Census Tract 488, Kings County, New York",Brooklyn,3056,412,66,55,2,8,0,14,0,14,0,14,0,14,0,14,0,14,0,14,0,14,22,32,1,3,56,46,7,12,118,74,367,143,121,110,155,94,273,110,97,66,787,212,777,291,159,109,48,65
1400000US36047048900,"Census Tract 489, Kings County, New York",Brooklyn,1977,397,249,221,0,14,0,14,0,14,0,14,0,14,0,14,66,107,35,65,23,38,103,152,52,68,12,19,10,19,12,34,789,274,229,170,61,74,0,14,101,115,159,158,76,105,0,14,0,14
1400000US36047049000,"Census Tract 490, Kings County, New York",Brooklyn,3692,503,93,113,0,19,0,19,0,19,0,19,0,19,0,19,0,19,27,44,0,19,32,44,29,46,210,215,0,19,89,84,588,257,174,218,33,40,340,168,320,186,885,279,669,243,107,105,96,99
1400000US36047049100,"Census Tract 491, Kings County, New York",Brooklyn,4705,526,355,250,0,19,0,19,0,19,33,52,1,2,50,83,89,76,27,43,0,19,149,145,89,70,20,33,44,66,641,471,827,302,123,76,238,174,361,158,202,129,1088,364,265,137,103,109,0,19
1400000US36047049200,"Census Tract 492, Kings County, New York",Brooklyn,2232,376,71,86,0,14,0,14,0,14,0,14,0,14,0,14,24,37,29,47,73,79,17,2,37,44,0,14,5,14,93,82,183,90,78,76,79,78,286,128,94,71,452,182,499,229,179,158,33,40
1400000US36047049301,"Census Tract 493.01, Kings County, New York",Brooklyn,1306,252,211,129,0,14,0,14,0,14,0,14,16,28,0,14,64,64,0,14,31,37,27,26,81,69,26,40,44,38,92,56,308,227,148,63,102,84,63,40,28,21,42,33,23,24,0,14,0,14
1400000US36047049302,"Census Tract 493.02, Kings County, New York",Brooklyn,3854,491,83,76,0,14,0,14,0,14,0,14,0,14,0,14,43,53,82,77,0,14,46,53,0,14,76,119,118,144,25,41,523,243,115,155,159,123,530,251,130,143,1496,330,408,167,20,32,0,14
1400000US36047049400,"Census Tract 494, Kings County, New York",Brooklyn,4581,862,179,140,0,19,0,19,0,19,0,19,62,86,76,113,54,86,43,37,0,19,67,100,57,86,14,21,0,19,119,113,922,319,78,86,180,113,478,336,163,114,965,350,709,270,172,124,243,254
1400000US36047049500,"Census Tract 495, Kings County, New York",Brooklyn,2712,380,69,58,0,14,0,14,0,14,51,74,0,14,0,14,26,29,92,89,0,14,0,14,0,14,0,14,56,52,2,4,264,121,60,48,28,43,84,67,81,71,1249,288,509,165,116,89,25,28
1400000US36047049600,"Census Tract 496, Kings County, New York",Brooklyn,2747,411,316,194,0,14,0,14,0,14,0,14,0,14,7,12,0,14,101,107,4,8,48,53,37,48,81,72,0,14,99,60,639,252,52,65,38,37,73,71,159,115,692,228,341,143,22,25,38,42
1400000US36047049700,"Census Tract 497, Kings County, New York",Brooklyn,2775,357,5,9,0,14,0,14,0,14,0,14,7,11,18,28,24,38,0,14,0,14,0,14,21,32,0,14,30,45,34,43,242,110,0,14,76,59,77,54,129,82,1249,316,630,172,184,119,49,44
1400000US36047049800,"Census Tract 498, Kings County, New York",Brooklyn,2942,559,254,156,0,14,0,14,0,14,0,14,0,14,0,14,4,10,9,16,32,46,0,14,14,18,0,14,0,14,21,26,659,349,115,140,19,23,206,91,103,72,810,196,485,134,139,70,72,51
1400000US36047049900,"Census Tract 499, Kings County, New York",Brooklyn,1851,252,55,64,0,14,0,14,0,14,0,14,0,14,0,14,0,14,0,14,0,14,1,3,0,14,0,14,0,14,38,44,100,85,15,23,10,15,41,39,85,59,832,204,489,169,142,93,43,43
1400000US36047050001,"Census Tract 500.01, Kings County, New York",Brooklyn,1797,344,68,43,0,14,0,14,0,14,0,14,0,14,0,14,28,39,0,14,0,14,0,14,8,13,14,18,33,48,58,54,241,127,1,3,21,24,162,136,55,34,507,114,449,164,114,58,38,21
1400000US36047050002,"Census Tract 500.02, Kings County, New York",Brooklyn,1133,204,18,28,0,14,0,14,0,14,0,14,0,14,0,14,0,14,0,14,0,14,0,14,0,14,15,25,0,14,22,31,88,51,0,14,19,21,14,16,27,22,447,178,291,110,51,56,141,98
1400000US36047050100,"Census Tract 501, Kings County, New York",Brooklyn,2647,399,106,103,0,14,0,14,0,14,0,14,0,14,0,14,15,23,29,45,0,14,0,14,0,14,0,14,15,25,41,40,229,146,23,27,83,52,225,143,366,275,912,203,486,211,37,33,80,62
1400000US36047050202,"Census Tract 502.02, Kings County, New York",Brooklyn,1866,301,3,7,0,14,0,14,0,14,0,14,7,12,0,14,0,14,0,14,7,14,0,14,7,13,0,14,8,13,14,21,218,105,42,47,49,42,232,207,24,25,750,161,394,136,50,32,61,53
1400000US36047050300,"Census Tract 503, Kings County, New York",Brooklyn,2198,395,1,3,0,14,0,14,0,14,0,14,0,14,0,14,0,14,47,53,0,14,0,14,30,51,0,14,0,14,0,14,153,102,0,14,74,51,147,78,108,85,1030,262,500,136,50,57,58,47
1400000US36047050401,"Census Tract 504.01, Kings County, New York",Brooklyn,1949,255,97,83,0,14,0,14,0,14,0,14,0,14,0,14,0,14,0,14,0,14,0,14,0,14,30,48,4,11,0,14,134,96,49,68,43,44,132,87,51,61,631,177,656,217,95,57,27,33
1400000US36047050402,"Census Tract 504.02, Kings County, New York",Brooklyn,1515,687,34,55,0,14,0,14,0,14,0,14,0,14,0,14,0,14,0,14,0,14,0,14,0,14,1,5,0,14,279,375,117,52,15,23,13,18,74,43,49,41,567,339,297,106,16,25,53,39
1400000US36047050500,"Census Tract 505, Kings County, New York",Brooklyn,3354,583,224,149,0,14,0,14,0,14,0,14,13,20,81,128,43,71,174,205,0,14,32,50,91,109,127,103,109,161,38,62,457,267,42,47,42,62,308,181,200,124,910,329,308,187,135,98,20,34
1400000US36047050600,"Census Tract 506, Kings County, New York",Brooklyn,3946,767,67,71,0,19,38,56,23,36,0,19,36,55,6,8,190,298,51,53,16,30,100,86,68,61,20,25,74,71,57,77,701,197,140,124,71,55,437,238,407,269,904,171,451,145,60,64,29,29
1400000US36047050700,"Census Tract 507, Kings County, New York",Brooklyn,1402,265,41,33,0,14,0,14,0,14,0,14,0,14,0,14,0,14,38,50,7,11,0,14,0,14,0,14,75,62,157,68,353,151,82,94,125,101,88,77,33,39,144,72,193,89,66,93,0,14
1400000US36047050801,"Census Tract 508.01, Kings County, New York",Brooklyn,2714,420,20,30,0,14,0,14,0,14,0,14,0,14,0,14,13,19,57,55,31,47,23,31,40,45,0,14,80,60,0,14,705,200,176,142,152,105,341,139,141,89,540,196,327,126,68,78,0,14
1400000US36047050803,"Census Tract 508.03, Kings County, New York",Brooklyn,1892,395,96,81,0,14,0,14,0,14,0,14,0,14,18,38,0,14,0,14,0,14,7,14,31,50,12,25,55,77,30,46,340,158,15,22,67,82,234,149,134,95,553,156,245,160,38,61,17,20
1400000US36047050804,"Census Tract 508.04, Kings County, New York",Brooklyn,4961,659,72,84,0,19,0,19,0,19,0,19,0,19,31,53,0,19,28,44,0,19,42,39,26,44,0,19,55,47,137,137,662,203,79,69,299,221,591,247,328,191,1766,532,600,217,154,110,91,91
1400000US36047050900,"Census Tract 509, Kings County, New York",Brooklyn,2106,417,85,74,0,19,0,19,0,19,0,19,0,19,0,19,0,19,0,19,0,19,21,33,156,150,24,46,40,50,540,332,359,210,0,19,169,83,232,118,57,54,312,129,87,77,0,19,24,34
1400000US36047051001,"Census Tract 510.01, Kings County, New York",Brooklyn,2934,543,312,335,0,14,0,14,0,14,0,14,0,14,0,14,0,14,20,32,22,35,77,91,67,60,67,68,59,40,0,14,753,310,36,47,66,46,396,232,85,72,547,151,405,151,22,34,0,14
1400000US36047051002,"Census Tract 510.02, Kings County, New York",Brooklyn,2888,322,38,36,0,14,0,14,0,14,0,14,0,14,0,14,0,14,80,95,0,14,0,14,46,48,0,14,26,42,117,80,526,172,128,85,122,100,493,191,141,97,761,225,333,99,36,32,41,48
1400000US36047051100,"Census Tract 511, Kings County, New York",Brooklyn,3266,478,180,122,0,14,0,14,0,14,0,14,0,14,0,14,2,6,80,99,8,17,27,26,74,73,34,48,16,27,119,105,439,167,97,64,106,70,324,134,92,61,1131,346,527,214,0,14,10,16
1400000US36047051200,"Census Tract 512, Kings County, New York",Brooklyn,4687,944,88,81,22,34,0,19,0,19,0,19,30,49,0,19,0,19,82,87,85,97,8,25,17,39,68,73,91,103,147,120,1192,462,190,140,151,214,590,240,355,163,850,275,607,256,59,77,55,61
1400000US36047051300,"Census Tract 513, Kings County, New York",Brooklyn,4882,601,44,47,70,110,0,19,0,19,22,38,0,19,0,19,0,19,0,19,0,19,24,38,0,19,0,19,76,85,137,156,692,299,172,116,103,74,204,108,236,128,2214,476,630,200,241,123,17,28
1400000US36047051400,"Census Tract 514, Kings County, New York",Brooklyn,5200,733,234,157,0,19,0,19,0,19,0,19,0,19,53,79,36,53,59,93,60,95,151,191,0,19,0,19,12,25,205,143,1139,528,339,334,156,144,531,255,254,158,1296,309,504,207,59,62,112,149
1400000US36047051500,"Census Tract 515, Kings County, New York",Brooklyn,2299,284,7,10,0,14,0,14,0,14,0,14,0,14,0,14,0,14,0,14,11,19,0,14,0,14,0,14,0,14,1,3,199,188,41,48,38,38,61,59,30,33,1275,276,434,117,202,111,0,14
1400000US36047051601,"Census Tract 516.01, Kings County, New York",Brooklyn,3465,494,64,57,0,14,1,3,0,14,0,14,14,21,0,14,53,55,25,39,58,64,18,28,29,47,0,14,128,88,182,108,917,330,122,83,220,127,491,221,88,64,617,166,417,194,21,25,0,14
1400000US36047051602,"Census Tract 516.02, Kings County, New York",Brooklyn,2549,503,27,44,0,14,0,14,0,14,0,14,25,36,0,14,0,14,36,43,0,14,28,35,32,51,0,14,7,13,84,69,825,340,44,58,25,36,427,324,314,198,481,175,99,60,90,115,5,9
1400000US36047051700,"Census Tract 517, Kings County, New York",Brooklyn,2302,363,13,21,0,14,0,14,0,14,0,14,0,14,0,14,0,14,14,24,0,14,0,14,0,14,0,14,1,5,25,39,135,81,76,92,28,33,157,114,69,60,1130,288,575,186,52,41,27,30
1400000US36047051800,"Census Tract 518, Kings County, New York",Brooklyn,2691,392,40,63,0,14,0,14,0,14,21,34,19,31,0,14,0,14,14,22,0,14,27,32,0,14,15,23,24,33,54,36,357,136,133,68,106,62,100,53,106,82,1025,337,473,147,129,65,48,53
1400000US36047051900,"Census Tract 519, Kings County, New York",Brooklyn,5488,702,42,51,0,19,0,19,0,19,0,19,0,19,0,19,0,19,0,19,57,66,0,19,0,19,0,19,0,19,68,105,141,99,224,156,178,189,255,161,15,26,2722,394,948,239,686,549,152,154
1400000US36047052000,"Census Tract 520, Kings County, New York",Brooklyn,2686,616,91,75,0,14,0,14,0,14,0,14,7,12,4,9,0,14,63,104,142,216,12,16,14,19,56,55,45,60,35,30,415,209,27,31,90,90,272,234,159,83,637,145,428,102,91,56,98,57
1400000US36047052300,"Census Tract 523, Kings County, New York",Brooklyn,3618,486,216,96,0,19,0,19,0,19,0,19,29,57,57,62,121,200,143,78,44,72,36,60,69,47,39,58,50,62,92,86,487,270,253,179,104,83,138,120,156,150,1162,284,290,173,106,71,26,41
1400000US36047052500,"Census Tract 525, Kings County, New York",Brooklyn,2172,330,138,107,0,14,0,14,0,14,0,14,52,56,0,14,9,29,29,37,0,14,0,14,30,46,0,14,53,56,108,65,527,187,173,126,26,39,109,88,28,34,566,212,275,151,0,14,49,58
1400000US36047052600,"Census Tract 526, Kings County, New York",Brooklyn,3000,346,119,58,0,14,0,14,0,14,14,23,0,14,0,14,0,14,71,96,68,83,0,14,34,44,0,14,2,4,62,67,336,150,25,29,109,69,244,117,159,114,923,262,702,192,53,45,79,48
1400000US36047052700,"Census Tract 527, Kings County, New York",Brooklyn,4177,463,302,217,0,19,0,19,27,41,0,19,22,51,0,19,53,74,185,170,147,159,29,47,169,139,119,177,51,77,79,106,155,112,201,196,189,131,142,105,399,159,1391,311,377,144,140,119,0,19
1400000US36047052800,"Census Tract 528, Kings County, New York",Brooklyn,1280,201,50,30,0,14,0,14,0,14,0,14,0,14,0,14,15,16,0,14,20,17,5,7,0,14,22,34,5,7,75,43,114,68,0,14,6,11,68,39,43,27,419,115,306,129,59,34,73,36
1400000US36047052900,"Census Tract 529, Kings County, New York",Brooklyn,2158,532,29,37,9,20,0,14,0,14,0,14,0,14,0,14,0,14,0,14,92,109,0,14,0,14,0,14,60,77,395,512,775,402,36,53,0,14,127,125,0,14,415,375,39,50,30,49,151,174
1400000US36047053000,"Census Tract 530, Kings County, New York",Brooklyn,2562,696,80,55,0,14,0,14,0,14,0,14,0,14,0,14,29,24,0,14,0,14,0,14,7,10,50,74,10,12,112,60,373,126,100,69,134,84,155,86,103,59,490,157,829,716,37,34,53,48
1400000US36047053101,"Census Tract 531.01, Kings County, New York",Brooklyn,829,174,0,14,0,14,0,14,0,14,0,14,0,14,0,14,0,14,0,14,0,14,0,14,0,14,0,14,40,55,33,48,288,171,0,14,29,33,170,167,34,4,199,45,36,33,0,14,0,14
1400000US36047053102,"Census Tract 531.02, Kings County, New York",Brooklyn,2343,465,0,19,0,19,43,67,0,19,0,19,0,19,0,19,0,19,0,19,0,19,0,19,7,24,0,19,117,84,197,141,1009,291,55,82,129,94,322,201,0,19,209,194,255,188,0,19,0,19
1400000US36047053200,"Census Tract 532, Kings County, New York",Brooklyn,1631,220,32,40,3,6,0,14,0,14,0,14,0,14,18,30,0,14,22,21,1,3,87,82,15,23,6,10,18,21,125,142,355,166,18,28,64,34,120,56,73,48,309,91,262,90,62,30,41,28
1400000US36047053300,"Census Tract 533, Kings County, New York",Brooklyn,2919,578,185,165,0,19,0,19,0,19,0,19,0,19,0,19,0,19,59,94,0,19,69,64,0,19,0,19,138,133,172,89,995,366,10,16,177,124,427,231,151,138,298,249,216,191,22,35,0,19
1400000US36047053400,"Census Tract 534, Kings County, New York",Brooklyn,2777,486,112,72,0,14,0,14,5,15,0,14,0,14,10,18,31,22,19,32,0,14,85,71,50,57,7,14,28,40,233,205,475,150,48,34,181,80,246,132,276,142,631,249,279,99,61,70,0,14
1400000US36047053500,"Census Tract 535, Kings County, New York",Brooklyn,1982,346,289,265,0,14,0,14,0,14,0,14,0,14,14,22,0,14,0,14,87,112,28,42,0,14,9,15,68,80,392,249,834,291,0,14,0,14,192,110,0,14,45,40,0,14,24,36,0,14
1400000US36047053700,"Census Tract 537, Kings County, New York",Brooklyn,1706,260,58,49,0,14,11,19,0,14,0,14,0,14,0,14,0,14,0,14,5,10,18,25,13,20,83,67,107,66,221,122,679,169,24,24,37,41,282,144,69,50,55,32,19,17,25,36,0,14
1400000US36047053800,"Census Tract 538, Kings County, New York",Brooklyn,3863,529,179,142,0,19,0,19,0,19,0,19,0,19,0,19,0,19,67,88,0,19,48,59,0,19,84,129,2,20,123,96,708,265,215,212,224,177,274,173,303,162,838,351,566,249,121,106,111,83
1400000US36047053900,"Census Tract 539, Kings County, New York",Brooklyn,1495,211,139,95,0,14,0,14,0,14,0,14,0,14,0,14,0,14,0,14,0,14,74,71,22,23,50,52,44,42,187,131,456,121,0,14,65,51,169,96,55,41,87,62,130,99,17,28,0,14
1400000US36047054200,"Census Tract 542, Kings County, New York",Brooklyn,2826,462,73,61,10,23,0,14,0,14,72,73,0,14,31,50,0,14,55,59,49,76,60,82,0,14,47,76,68,70,130,68,479,160,131,96,65,71,252,106,203,137,583,143,421,179,61,54,36,36
1400000US36047054300,"Census Tract 543, Kings County, New York",Brooklyn,0,14,0,14,0,14,0,14,0,14,0,14,0,14,0,14,0,14,0,14,0,14,0,14,0,14,0,14,0,14,0,14,0,14,0,14,0,14,0,14,0,14,0,14,0,14,0,14,0,14
1400000US36047054400,"Census Tract 544, Kings County, New York",Brooklyn,2394,335,103,86,0,14,0,14,0,14,0,14,0,14,0,14,8,14,0,14,0,14,65,68,0,14,20,31,77,110,28,35,242,138,19,22,107,65,60,51,198,125,688,210,594,160,68,42,117,95
1400000US36047054500,"Census Tract 545, Kings County, New York",Brooklyn,4021,631,104,96,0,19,0,19,0,19,0,19,0,19,73,138,0,19,114,76,0,19,128,134,341,215,0,19,141,150,267,163,869,384,272,254,166,311,297,234,616,564,336,177,153,141,144,217,0,19
1400000US36047054600,"Census Tract 546, Kings County, New York",Brooklyn,3769,621,393,375,1,3,0,19,0,19,0,19,0,19,16,31,14,23,0,19,0,19,36,60,0,19,0,19,0,19,22,48,466,188,54,49,232,184,224,147,432,149,1007,349,676,288,164,144,32,39
1400000US36047054700,"Census Tract 547, Kings County, New York",Brooklyn,4437,397,52,85,0,19,0,19,0,19,0,19,0,19,0,19,0,19,0,19,25,41,0,19,0,19,0,19,29,47,433,285,771,248,233,110,70,73,451,219,48,62,1496,317,714,266,115,122,0,19
1400000US36047054800,"Census Tract 548, Kings County, New York",Brooklyn,1443,212,9,10,2,5,0,14,0,14,0,14,0,14,0,14,3,6,0,14,0,14,0,14,0,14,0,14,28,32,99,95,232,112,36,34,128,161,87,52,134,102,475,171,170,74,35,32,5,7
1400000US36047054900,"Census Tract 549, Kings County, New York",Brooklyn,3027,309,0,14,0,14,0,14,0,14,0,14,0,14,0,14,0,14,0,14,0,14,11,17,13,25,0,14,0,14,65,75,257,111,12,20,130,88,246,116,257,149,1456,246,427,149,112,82,41,42
1400000US36047055000,"Census Tract 550, Kings County, New York",Brooklyn,2519,307,103,60,0,14,0,14,0,14,25,38,29,42,0,14,7,11,26,33,0,14,13,20,7,11,29,33,29,38,234,179,446,126,71,53,188,100,165,95,118,79,537,172,306,117,78,54,108,103
1400000US36047055100,"Census Tract 551, Kings County, New York",Brooklyn,5298,625,173,218,0,19,0,19,0,19,0,19,22,36,0,19,0,19,0,19,249,242,80,122,0,19,0,19,0,19,218,254,248,219,40,42,202,157,288,193,123,104,2365,413,823,217,361,155,106,123
1400000US36047055200,"Census Tract 552, Kings County, New York",Brooklyn,2672,474,139,103,0,14,0,14,0,14,0,14,31,39,12,25,3,4,41,44,0,14,12,20,9,16,0,14,0,14,0,14,329,230,130,128,149,99,96,60,331,247,859,268,438,211,85,66,8,24
1400000US36047055300,"Census Tract 553, Kings County, New York",Brooklyn,2753,373,23,34,0,14,0,14,0,14,0,14,12,18,0,14,0,14,37,46,0,14,70,90,1,3,0,14,18,33,27,39,359,242,34,40,136,99,95,81,18,22,1240,213,385,158,219,181,79,66
1400000US36047055400,"Census Tract 554, Kings County, New York",Brooklyn,2928,373,58,51,6,9,0,14,0,14,0,14,0,14,0,14,31,35,1,4,0,14,12,20,33,45,0,14,9,16,34,28,424,129,108,107,146,88,275,154,248,111,940,292,447,212,132,91,24,26
1400000US36047055500,"Census Tract 555, Kings County, New York",Brooklyn,7272,887,31,51,0,19,0,19,0,19,0,19,0,19,0,19,0,19,0,19,19,32,58,105,0,19,0,19,0,19,0,19,122,95,191,215,76,82,209,171,251,165,3910,661,1785,490,510,268,110,69
1400000US36047055600,"Census Tract 556, Kings County, New York",Brooklyn,2289,389,6,7,8,15,0,14,0,14,0,14,0,14,0,14,0,14,0,14,0,14,14,23,14,23,0,14,24,36,9,16,562,138,103,117,165,76,230,114,97,75,644,276,333,128,61,64,19,38
1400000US36047055700,"Census Tract 557, Kings County, New York",Brooklyn,1463,330,0,14,0,14,0,14,0,14,0,14,0,14,0,14,0,14,0,14,0,14,0,14,0,14,0,14,0,14,26,40,109,104,47,56,0,14,65,97,11,17,729,213,398,108,61,47,17,26
1400000US36047055800,"Census Tract 558, Kings County, New York",Brooklyn,1544,207,36,27,0,14,0,14,0,14,4,6,0,14,0,14,7,10,0,14,0,14,0,14,8,13,14,15,0,14,36,27,320,138,64,48,222,121,137,95,179,82,208,80,254,115,21,19,34,30
1400000US36047056000,"Census Tract 560, Kings County, New York",Brooklyn,2517,374,142,152,3,8,0,14,0,14,0,14,0,14,3,10,12,23,0,14,0,14,0,14,38,56,17,26,36,33,1,3,357,132,60,56,149,98,70,45,388,174,715,218,378,159,78,49,70,56
1400000US36047056100,"Census Tract 561, Kings County, New York",Brooklyn,2903,326,1,3,0,14,0,14,0,14,0,14,0,14,1,2,0,14,66,79,0,14,17,21,16,19,0,14,0,14,8,10,362,120,57,48,86,63,104,66,68,48,1314,247,561,156,219,91,23,24
1400000US36047056200,"Census Tract 562, Kings County, New York",Brooklyn,1048,254,0,14,0,14,0,14,0,14,0,14,0,14,0,14,0,14,7,11,0,14,0,14,0,14,0,14,0,14,62,55,96,50,15,24,32,24,185,152,40,25,226,113,294,64,57,33,34,32
1400000US36047056301,"Census Tract 563.01, Kings County, New York",Brooklyn,4000,598,82,72,0,14,0,14,0,14,0,14,0,14,0,14,31,37,66,95,0,14,64,95,14,30,0,14,0,14,35,43,347,134,104,115,155,150,368,191,164,131,1621,422,766,227,166,126,17,28
1400000US36047056302,"Census Tract 563.02, Kings County, New York",Brooklyn,1999,328,36,38,0,14,0,14,0,14,0,14,0,14,0,14,0,14,0,14,0,14,0,14,7,11,0,14,0,14,0,14,149,83,72,81,95,93,280,211,123,83,824,249,227,87,172,122,14,25
1400000US36047056400,"Census Tract 564, Kings County, New York",Brooklyn,2098,308,54,40,0,14,0,14,0,14,0,14,0,14,5,8,0,14,36,34,0,14,0,14,0,14,0,14,11,16,12,19,438,176,67,53,79,58,173,85,153,82,656,204,321,95,22,35,71,53
1400000US36047056500,"Census Tract 565, Kings County, New York",Brooklyn,3000,291,0,14,0,14,0,14,0,14,0,14,0,14,0,14,0,14,0,14,0,14,30,35,0,14,50,82,0,14,37,32,302,114,14,30,95,93,212,114,89,69,1188,314,800,200,115,70,68,42
1400000US36047056600,"Census Tract 566, Kings County, New York",Brooklyn,1877,449,35,34,0,14,2,3,0,14,0,14,4,9,0,14,43,49,6,8,1,2,4,10,0,14,26,32,33,38,36,36,216,77,315,436,99,67,165,69,210,57,408,99,230,64,11,14,33,32
1400000US36047056800,"Census Tract 568, Kings County, New York",Brooklyn,979,178,28,23,0,14,0,14,0,14,0,14,0,14,0,14,8,9,5,7,8,11,6,9,6,9,3,6,31,33,51,36,168,95,74,74,89,49,34,29,105,65,210,70,113,59,12,14,28,34
1400000US36047056900,"Census Tract 569, Kings County, New York",Brooklyn,1447,179,6,9,0,14,0,14,0,14,0,14,0,14,0,14,0,14,19,28,0,14,11,20,1,3,13,21,6,8,0,14,163,119,15,16,23,20,54,32,22,20,720,92,356,114,22,18,16,12
1400000US36047057000,"Census Tract 570, Kings County, New York",Brooklyn,2928,363,87,51,0,14,0,14,0,14,0,14,0,14,0,14,39,25,41,34,38,39,102,65,19,22,52,39,37,43,97,57,601,169,117,57,159,73,268,109,268,161,488,148,391,265,105,77,19,22
1400000US36047057100,"Census Tract 571, Kings County, New York",Brooklyn,3162,407,105,117,0,14,0,14,0,14,0,14,0,14,0,14,0,14,0,14,81,78,0,14,64,71,0,14,59,56,83,73,467,216,14,22,82,80,269,135,106,66,989,224,691,195,126,90,26,41
1400000US36047057200,"Census Tract 572, Kings County, New York",Brooklyn,3371,474,81,93,0,19,1,3,0,19,0,19,19,30,0,19,0,19,24,39,0,19,14,29,15,27,105,81,177,160,277,140,451,193,465,198,281,162,336,247,538,257,463,198,124,93,0,19,0,19
1400000US36047057300,"Census Tract 573, Kings County, New York",Brooklyn,2216,325,11,16,0,14,7,10,0,14,0,14,0,14,0,14,0,14,0,14,0,14,44,57,0,14,25,25,17,24,49,44,193,73,0,14,118,75,267,165,206,117,732,245,424,158,88,56,35,35
1400000US36047057400,"Census Tract 574, Kings County, New York",Brooklyn,2141,352,261,139,1,3,0,14,0,14,14,22,0,14,0,14,30,23,7,10,22,25,5,8,6,8,6,9,10,12,110,94,281,90,144,205,169,71,96,42,220,86,458,137,248,106,41,31,12,12
1400000US36047057500,"Census Tract 575, Kings County, New York",Brooklyn,3726,579,0,14,0,14,0,14,0,14,0,14,0,14,0,14,33,43,24,41,0,14,0,14,27,41,0,14,148,144,98,91,461,267,1,6,133,98,171,159,92,89,1699,424,722,222,102,96,15,23
1400000US36047057600,"Census Tract 576, Kings County, New York",Brooklyn,2013,359,129,106,0,14,0,14,0,14,0,14,0,14,0,14,98,84,0,14,0,14,0,14,0,14,0,14,14,21,58,37,464,113,63,60,93,113,214,213,114,82,528,173,218,136,20,26,0,14
1400000US36047057800,"Census Tract 578, Kings County, New York",Brooklyn,2040,316,20,22,0,14,0,14,0,14,0,14,0,14,0,14,39,40,43,45,0,14,0,14,34,38,12,19,15,29,145,121,516,285,64,53,175,73,36,35,38,36,523,148,315,137,13,22,52,87
1400000US36047057901,"Census Tract 579.01, Kings County, New York",Brooklyn,1304,209,24,32,0,14,0,14,0,14,6,15,0,14,0,14,0,14,0,14,0,14,34,69,17,30,35,25,9,15,12,20,154,60,11,18,71,71,109,97,104,55,425,99,212,76,80,89,1,3
1400000US36047057902,"Census Tract 579.02, Kings County, New York",Brooklyn,0,14,0,14,0,14,0,14,0,14,0,14,0,14,0,14,0,14,0,14,0,14,0,14,0,14,0,14,0,14,0,14,0,14,0,14,0,14,0,14,0,14,0,14,0,14,0,14,0,14
1400000US36047058000,"Census Tract 580, Kings County, New York",Brooklyn,2165,486,82,56,0,14,0,14,0,14,0,14,0,14,0,14,1,3,0,14,24,38,30,36,74,66,0,14,0,14,69,64,358,148,82,81,244,129,146,121,221,130,604,341,197,81,33,27,0,14
1400000US36047058200,"Census Tract 582, Kings County, New York",Brooklyn,1619,403,37,41,0,14,0,14,0,14,9,16,5,9,0,14,28,25,15,24,9,14,14,22,14,16,1,3,0,14,53,42,368,222,204,127,208,122,98,72,45,56,342,153,123,83,46,49,0,14
1400000US36047058400,"Census Tract 584, Kings County, New York",Brooklyn,2541,345,31,34,29,46,0,14,0,14,0,14,0,14,0,14,0,14,0,14,0,14,0,14,29,35,17,16,0,14,22,33,484,156,125,90,175,122,255,126,147,73,697,244,511,206,19,18,0,14
1400000US36047058600,"Census Tract 586, Kings County, New York",Brooklyn,1512,260,192,80,0,14,0,14,18,22,0,14,24,31,4,7,1,3,8,14,5,8,10,15,7,10,33,44,8,11,46,29,178,94,23,22,59,68,100,66,50,30,582,224,132,87,27,23,5,8
1400000US36047058800,"Census Tract 588, Kings County, New York",Brooklyn,3095,572,130,141,1,2,0,14,0,14,0,14,20,29,0,14,0,14,0,14,14,21,0,14,0,14,13,24,0,14,97,107,408,216,27,31,115,85,454,236,215,139,1111,304,410,210,43,48,37,40
1400000US36047058901,"Census Tract 589.01, Kings County, New York",Brooklyn,1525,172,29,33,0,14,0,14,0,14,0,14,0,14,0,14,0,14,0,14,0,14,0,14,0,14,31,49,15,22,0,14,144,74,56,34,33,31,86,73,94,53,752,122,203,61,42,36,40,31
1400000US36047058902,"Census Tract 589.02, Kings County, New York",Brooklyn,0,14,0,14,0,14,0,14,0,14,0,14,0,14,0,14,0,14,0,14,0,14,0,14,0,14,0,14,0,14,0,14,0,14,0,14,0,14,0,14,0,14,0,14,0,14,0,14,0,14
1400000US36047059000,"Census Tract 590, Kings County, New York",Brooklyn,1506,333,87,47,0,14,0,14,0,14,0,14,8,12,0,14,10,10,55,45,0,14,0,14,15,12,120,151,57,40,57,37,242,225,117,96,88,56,56,30,63,25,387,103,98,55,46,40,0,14
1400000US36047059100,"Census Tract 591, Kings County, New York",Brooklyn,3354,438,30,38,0,14,0,14,0,14,0,14,0,14,0,14,0,14,13,19,0,14,0,14,0,14,0,14,0,14,50,47,346,164,67,50,87,79,489,201,123,100,1305,385,625,129,157,105,62,52
1400000US36047059200,"Census Tract 592, Kings County, New York",Brooklyn,3034,454,126,77,0,14,0,14,0,14,0,14,10,15,0,14,13,23,22,22,0,14,0,14,0,14,9,14,0,14,58,39,490,281,220,238,140,88,142,117,247,104,898,184,574,175,56,36,29,22
1400000US36047059300,"Census Tract 593, Kings County, New York",Brooklyn,1877,197,52,52,0,14,0,14,0,14,0,14,0,14,0,14,0,14,0,14,32,51,0,14,25,39,0,14,0,14,25,22,311,171,95,91,47,38,119,76,89,58,670,194,243,95,136,90,33,30
1400000US36047059402,"Census Tract 594.02, Kings County, New York",Brooklyn,4265,604,139,113,0,19,0,19,0,19,0,19,0,19,0,19,93,141,0,19,0,19,51,61,0,19,63,94,12,20,198,150,795,352,77,65,233,151,192,100,518,181,1092,342,621,275,124,79,57,52
1400000US36047059403,"Census Tract 594.03, Kings County, New York",Brooklyn,2095,326,87,62,0,14,0,14,0,14,0,14,0,14,0,14,17,21,10,13,7,13,12,19,25,35,28,39,8,14,60,54,227,114,127,100,103,90,208,91,209,108,671,234,260,136,24,27,12,20
1400000US36047059404,"Census Tract 594.04, Kings County, New York",Brooklyn,2713,466,87,69,0,14,0,14,0,14,0,14,0,14,0,14,0,14,67,94,0,14,54,80,29,48,8,13,0,14,112,63,602,239,220,164,225,151,134,122,161,101,833,309,169,90,0,14,12,16
1400000US36047059600,"Census Tract 596, Kings County, New York",Brooklyn,1964,391,97,47,0,14,0,14,0,14,0,14,0,14,0,14,0,14,19,24,0,14,0,14,18,20,57,78,8,13,195,164,266,115,52,51,47,52,137,79,409,183,415,153,212,125,32,40,0,14
1400000US36047059800,"Census Tract 598, Kings County, New York",Brooklyn,2299,619,4,7,1,4,0,14,0,14,0,14,0,14,0,14,0,14,18,28,0,14,14,26,0,14,0,14,33,37,40,47,195,122,352,527,100,86,264,117,260,134,607,226,324,106,54,53,33,36
1400000US36047060000,"Census Tract 600, Kings County, New York",Brooklyn,4752,587,121,117,0,19,0,19,0,19,0,19,0,19,0,19,56,88,0,19,50,78,18,22,13,20,0,19,0,19,80,76,482,197,188,161,393,295,521,264,195,123,1526,299,978,304,89,62,42,48
1400000US36047060600,"Census Tract 606, Kings County, New York",Brooklyn,2245,282,34,30,0,14,3,5,0,14,0,14,0,14,0,14,12,21,11,17,39,65,0,14,0,14,0,14,0,14,88,101,182,105,26,30,117,73,105,53,177,111,980,252,339,144,132,93,0,14
1400000US36047060800,"Census Tract 608, Kings County, New York",Brooklyn,2959,456,10,15,0,14,0,14,0,14,0,14,0,14,0,14,0,14,0,14,9,13,7,16,0,14,0,14,8,15,28,32,287,131,100,101,189,95,295,196,401,141,989,195,529,248,67,48,40,33
1400000US36047061002,"Census Tract 610.02, Kings County, New York",Brooklyn,4014,641,25,37,15,26,0,14,0,14,0,14,0,14,0,14,0,14,19,29,0,14,0,14,16,26,19,37,0,14,50,65,317,175,114,112,393,202,104,117,320,238,1093,369,1261,355,212,138,56,50
1400000US36047061003,"Census Tract 610.03, Kings County, New York",Brooklyn,1153,198,81,58,0,14,0,14,5,7,0,14,0,14,24,28,80,62,24,23,24,33,11,15,46,36,11,17,0,14,47,43,177,65,69,53,72,59,57,33,96,40,158,69,139,76,32,40,0,14
1400000US36047061004,"Census Tract 610.04, Kings County, New York",Brooklyn,4574,627,335,341,0,19,0,19,0,19,0,19,0,19,0,19,0,19,0,19,0,19,59,83,15,24,0,19,49,74,58,77,492,208,47,57,410,259,492,245,525,203,1291,404,653,321,126,83,22,36
1400000US36047061200,"Census Tract 612, Kings County, New York",Brooklyn,953,142,4,7,0,14,0,14,0,14,0,14,0,14,0,14,0,14,0,14,0,14,10,11,6,9,0,14,0,14,5,7,108,62,4,6,92,51,108,54,143,81,194,61,185,85,28,19,66,43
1400000US36047061600,"Census Tract 616, Kings County, New York",Brooklyn,1383,161,25,25,0,14,0,14,0,14,0,14,0,14,0,14,0,14,0,14,0,14,58,42,0,14,15,15,7,13,19,25,217,62,9,14,28,19,47,28,85,70,395,107,301,116,117,37,60,55
1400000US36047062000,"Census Tract 620, Kings County, New York",Brooklyn,1249,236,39,54,0,14,0,14,0,14,15,23,0,14,4,8,0,14,0,14,0,14,0,14,0,14,0,14,4,6,26,27,148,103,0,14,24,31,220,102,60,49,355,162,180,68,174,107,0,14
1400000US36047062200,"Census Tract 622, Kings County, New York",Brooklyn,2185,285,57,49,13,31,0,14,0,14,0,14,0,14,0,14,7,18,0,14,0,14,63,68,56,57,25,25,13,14,55,69,391,148,111,103,178,118,331,168,128,69,480,179,211,104,66,50,0,14
1400000US36047062600,"Census Tract 626, Kings County, New York",Brooklyn,2308,344,21,26,0,14,0,14,0,14,0,14,7,11,2,5,26,35,0,14,0,14,41,45,11,20,17,24,0,14,33,33,403,165,52,57,238,111,298,133,355,166,538,187,182,81,18,17,66,98
1400000US36047062800,"Census Tract 628, Kings County, New York",Brooklyn,3390,320,31,27,8,14,31,48,0,14,0,14,0,14,0,14,12,17,0,14,0,14,0,14,1,3,21,25,68,73,34,39,717,202,155,91,455,171,461,113,318,119,628,168,411,153,19,23,20,30
1400000US36047063200,"Census Tract 632, Kings County, New York",Brooklyn,1170,171,72,44,0,14,0,14,0,14,0,14,0,14,0,14,0,14,0,14,0,14,0,14,8,14,13,14,0,14,41,31,276,100,141,68,77,44,89,83,101,72,230,101,119,70,1,4,2,5
1400000US36047063600,"Census Tract 636, Kings County, New York",Brooklyn,683,176,6,10,0,14,0,14,0,14,0,14,0,14,0,14,0,14,20,23,0,14,0,14,0,14,12,19,0,14,34,24,116,51,30,24,17,25,39,28,45,33,129,50,205,106,30,26,0,14
1400000US36047063800,"Census Tract 638, Kings County, New York",Brooklyn,1252,199,29,23,0,14,0,14,0,14,0,14,0,14,0,14,8,11,0,14,0,14,0,14,0,14,14,15,0,14,24,23,132,91,77,92,57,43,152,74,184,104,347,101,183,59,5,9,40,56
1400000US36047064000,"Census Tract 640, Kings County, New York",Brooklyn,858,256,0,14,0,14,0,14,0,14,0,14,0,14,0,14,0,14,1,2,4,6,0,14,3,6,0,14,0,14,13,18,170,75,18,23,54,30,68,51,85,67,138,74,233,117,27,20,44,36
1400000US36047064200,"Census Tract 642, Kings County, New York",Brooklyn,1662,227,39,37,0,14,0,14,0,14,0,14,0,14,0,14,0,14,0,14,0,14,0,14,0,14,13,17,25,35,0,14,459,133,65,47,25,30,193,95,77,52,392,147,264,102,64,50,46,43
1400000US36047064400,"Census Tract 644, Kings County, New York",Brooklyn,1358,229,19,20,0,14,0,14,0,14,14,22,9,13,0,14,6,10,18,19,0,14,8,11,22,19,10,15,8,12,23,25,246,112,47,43,66,46,115,51,139,92,355,104,180,93,73,52,0,14
1400000US36047064600,"Census Tract 646, Kings County, New York",Brooklyn,1353,321,40,33,0,14,0,14,0,14,0,14,13,21,0,14,0,14,0,14,10,18,9,14,42,72,9,13,0,14,23,27,254,85,198,232,84,55,93,48,70,39,370,137,103,41,35,38,0,14
1400000US36047064800,"Census Tract 648, Kings County, New York",Brooklyn,1270,222,20,18,0,14,0,14,0,14,0,14,3,5,0,14,0,14,2,4,0,14,1,3,0,14,42,38,47,60,8,10,230,98,126,125,103,63,104,42,43,24,268,109,207,93,66,58,0,14
1400000US36047065000,"Census Tract 650, Kings County, New York",Brooklyn,994,229,34,25,0,14,0,14,0,14,0,14,0,14,0,14,0,14,0,14,13,21,18,25,0,14,9,17,10,15,4,7,138,97,117,86,27,19,188,104,180,72,111,54,110,85,13,22,22,21
1400000US36047065200,"Census Tract 652, Kings County, New York",Brooklyn,861,132,44,70,0,14,0,14,0,14,0,14,0,14,0,14,0,14,0,14,0,14,0,14,8,11,16,24,16,25,0,14,212,67,69,49,9,10,75,39,90,42,104,50,184,53,34,43,0,14
1400000US36047065400,"Census Tract 654, Kings County, New York",Brooklyn,1053,254,218,226,0,14,0,14,0,14,0,14,0,14,0,14,4,6,5,8,0,14,2,9,9,11,0,14,6,10,13,12,147,69,24,18,26,21,117,47,69,46,221,77,189,74,3,6,0,14
1400000US36047065600,"Census Tract 656, Kings County, New York",Brooklyn,1181,196,40,27,0,14,0,14,0,14,0,14,0,14,0,14,7,12,5,8,0,14,5,8,0,14,19,30,20,31,39,30,163,74,35,38,56,34,69,44,187,79,298,102,211,66,19,18,8,11
1400000US36047065800,"Census Tract 658, Kings County, New York",Brooklyn,1276,234,42,40,0,14,0,14,0,14,0,14,0,14,0,14,16,19,0,14,0,14,0,14,5,8,12,14,0,14,74,89,213,94,23,21,71,54,150,99,65,28,290,85,195,86,69,50,51,36
1400000US36047066000,"Census Tract 660, Kings County, New York",Brooklyn,1349,237,12,13,0,14,0,14,0,14,1,3,0,14,0,14,0,14,27,32,0,14,10,11,7,11,12,12,13,22,17,15,210,73,54,48,26,22,65,44,80,45,621,176,164,91,17,15,13,14
1400000US36047066200,"Census Tract 662, Kings County, New York",Brooklyn,961,235,20,24,0,14,0,14,0,14,0,14,0,14,0,14,24,25,143,192,0,14,0,14,31,55,19,23,9,17,8,11,148,84,29,22,99,100,124,74,90,51,130,46,68,43,13,16,6,10
1400000US36047066600,"Census Tract 666, Kings County, New York",Brooklyn,0,14,0,14,0,14,0,14,0,14,0,14,0,14,0,14,0,14,0,14,0,14,0,14,0,14,0,14,0,14,0,14,0,14,0,14,0,14,0,14,0,14,0,14,0,14,0,14,0,14
1400000US36047067000,"Census Tract 670, Kings County, New York",Brooklyn,1737,381,26,31,0,14,0,14,0,14,0,14,0,14,0,14,0,14,41,28,0,14,0,14,1,2,0,14,70,103,20,26,548,199,30,37,60,41,119,62,207,89,342,158,195,109,15,17,63,67
1400000US36047067200,"Census Tract 672, Kings County, New York",Brooklyn,959,302,0,14,0,14,0,14,0,14,0,14,3,6,0,14,0,14,0,14,0,14,0,14,11,18,4,8,5,7,11,33,240,217,98,76,32,34,56,75,200,159,204,149,95,105,0,14,0,14
1400000US36047067400,"Census Tract 674, Kings County, New York",Brooklyn,1393,197,6,11,11,15,0,14,0,14,0,14,0,14,0,14,11,16,0,14,9,12,57,45,11,18,0,14,62,70,39,30,219,78,66,43,89,47,240,97,83,57,195,83,237,93,47,39,11,17
1400000US36047067600,"Census Tract 676, Kings County, New York",Brooklyn,1050,236,5,8,0,14,0,14,0,14,0,14,0,14,0,14,31,43,6,11,0,14,10,20,0,14,4,13,0,14,0,14,186,94,86,90,66,69,161,105,71,59,224,109,174,90,5,8,21,26
1400000US36047067800,"Census Tract 678, Kings County, New York",Brooklyn,1851,291,23,20,0,14,0,14,12,18,0,14,0,14,0,14,24,37,22,35,37,58,68,63,41,43,16,21,55,52,89,80,437,206,165,123,49,37,117,77,127,62,329,147,123,60,54,72,63,80
1400000US36047068000,"Census Tract 680, Kings County, New York",Brooklyn,1130,221,27,32,0,14,0,14,0,14,0,14,0,14,0,14,0,14,0,14,0,14,4,14,0,14,0,14,0,14,20,21,317,102,79,53,51,38,139,67,65,50,244,138,167,86,6,10,11,15
1400000US36047068200,"Census Tract 682, Kings County, New York",Brooklyn,2144,367,49,58,0,14,0,14,0,14,0,14,0,14,0,14,0,14,1,6,21,34,45,73,8,13,60,88,14,16,49,43,361,138,180,159,70,66,171,98,188,133,505,135,373,115,11,18,38,39
1400000US36047068600,"Census Tract 686, Kings County, New York",Brooklyn,1192,189,3,7,0,14,0,14,0,14,0,14,8,12,0,14,0,14,0,14,0,14,4,8,7,10,0,14,0,14,12,13,433,150,40,34,27,38,81,45,83,54,284,113,197,67,4,7,9,16
1400000US36047068800,"Census Tract 688, Kings County, New York",Brooklyn,1210,250,30,36,0,14,0,14,0,14,0,14,0,14,0,14,0,14,0,14,1,3,0,14,0,14,2,4,0,14,75,55,181,85,78,53,16,17,262,118,95,48,283,108,179,102,0,14,8,11
1400000US36047069000,"Census Tract 690, Kings County, New York",Brooklyn,1287,352,48,69,0,14,0,14,0,14,0,14,0,14,0,14,0,14,0,14,0,14,0,14,8,12,21,33,11,15,66,39,238,128,35,23,63,66,236,106,106,59,255,143,200,100,0,14,0,14
1400000US36047069200,"Census Tract 692, Kings County, New York",Brooklyn,1680,292,47,36,0,14,0,14,0,14,0,14,0,14,0,14,0,14,0,14,5,8,0,14,0,14,5,7,23,29,31,30,333,123,55,35,40,25,227,110,185,71,486,117,227,116,9,11,7,10
1400000US36047069601,"Census Tract 696.01, Kings County, New York",Brooklyn,2532,361,27,31,0,14,0,14,0,14,0,14,0,14,0,14,30,44,41,66,0,14,0,14,8,12,33,35,93,70,137,94,499,192,76,73,75,60,455,188,425,152,279,114,305,137,0,14,49,48
1400000US36047069602,"Census Tract 696.02, Kings County, New York",Brooklyn,4552,998,91,114,0,19,0,19,1,3,0,19,0,19,0,19,0,19,3,32,0,19,0,19,118,186,66,93,27,47,134,109,1068,402,22,47,224,161,277,151,375,227,1281,606,564,203,165,131,136,131
1400000US36047069800,"Census Tract 698, Kings County, New York",Brooklyn,962,146,57,39,24,7,0,14,0,14,0,14,0,14,0,14,0,14,6,10,0,14,18,16,0,14,20,30,0,14,15,14,267,116,21,30,17,19,65,56,96,44,229,83,95,43,22,27,10,12
1400000US36047070000,"Census Tract 700, Kings County, New York",Brooklyn,963,243,18,22,0,14,0,14,0,14,0,14,0,14,0,14,0,14,0,14,0,14,14,19,0,14,0,14,8,14,35,24,303,191,18,19,70,43,68,35,79,51,253,73,90,48,7,11,0,14
1400000US36047070201,"Census Tract 702.01, Kings County, New York",Brooklyn,4102,533,35,57,0,19,0,19,0,19,0,19,0,19,1,24,0,19,0,19,0,19,102,117,0,19,0,19,5,38,64,76,969,438,117,114,322,158,380,207,150,113,1037,284,655,249,265,192,0,19
1400000US36047070202,"Census Tract 702.02, Kings County, New York",Brooklyn,14,18,0,14,0,14,0,14,0,14,0,14,0,14,0,14,0,14,0,14,0,14,0,14,0,14,0,14,0,14,0,14,0,14,0,14,0,14,0,14,0,14,5,6,9,12,0,14,0,14
1400000US36047070203,"Census Tract 702.03, Kings County, New York",Brooklyn,0,14,0,14,0,14,0,14,0,14,0,14,0,14,0,14,0,14,0,14,0,14,0,14,0,14,0,14,0,14,0,14,0,14,0,14,0,14,0,14,0,14,0,14,0,14,0,14,0,14
1400000US36047070601,"Census Tract 706.01, Kings County, New York",Brooklyn,1768,381,62,69,0,14,0,14,0,14,0,14,0,14,0,14,0,14,0,14,5,9,20,26,4,9,16,20,0,14,11,18,318,147,20,21,43,41,139,83,113,75,424,187,457,215,103,58,33,33
1400000US36047070602,"Census Tract 706.02, Kings County, New York",Brooklyn,0,14,0,14,0,14,0,14,0,14,0,14,0,14,0,14,0,14,0,14,0,14,0,14,0,14,0,14,0,14,0,14,0,14,0,14,0,14,0,14,0,14,0,14,0,14,0,14,0,14
1400000US36047072000,"Census Tract 720, Kings County, New York",Brooklyn,1206,324,113,161,0,14,0,14,0,14,0,14,0,14,0,14,0,14,8,13,0,14,20,33,18,20,0,14,9,13,52,53,149,100,40,34,0,14,124,66,217,93,248,122,162,72,39,60,7,11
1400000US36047072200,"Census Tract 722, Kings County, New York",Brooklyn,1704,487,53,50,0,14,0,14,0,14,0,14,0,14,0,14,0,14,9,15,24,35,38,48,0,14,4,6,32,40,70,57,493,355,97,69,43,63,151,115,197,117,372,112,121,65,0,14,0,14
1400000US36047072400,"Census Tract 724, Kings County, New York",Brooklyn,1154,276,4,7,0,14,0,14,0,14,0,14,0,14,0,14,0,14,18,29,0,14,18,25,20,26,0,14,3,5,70,47,186,89,152,102,44,44,94,66,127,84,201,80,203,102,0,14,14,15
1400000US36047072600,"Census Tract 726, Kings County, New York",Brooklyn,1994,511,54,42,0,14,0,14,0,14,4,7,0,14,0,14,0,14,10,26,0,14,0,14,11,20,0,14,18,20,50,32,227,101,88,52,167,145,446,336,214,106,461,155,204,82,40,42,0,14
1400000US36047072800,"Census Tract 728, Kings County, New York",Brooklyn,2264,391,57,59,0,14,9,15,0,14,0,14,47,74,0,14,0,14,68,108,0,14,0,14,0,14,0,14,33,48,85,96,379,145,147,116,64,64,276,144,264,120,355,117,417,163,43,53,20,33
1400000US36047073000,"Census Tract 730, Kings County, New York",Brooklyn,1621,384,13,16,0,14,0,14,0,14,0,14,0,14,0,14,19,30,7,11,6,10,0,14,0,14,2,4,0,14,31,26,223,79,19,19,45,36,110,62,224,103,534,332,310,113,35,48,43,52
1400000US36047073200,"Census Tract 732, Kings County, New York",Brooklyn,1234,255,14,19,0,14,0,14,0,14,0,14,8,12,0,14,0,14,0,14,29,37,8,11,0,14,16,22,88,88,40,28,288,139,64,48,32,35,144,65,101,57,251,141,106,64,45,41,0,14
1400000US36047073400,"Census Tract 734, Kings County, New York",Brooklyn,968,379,59,45,0,14,0,14,0,14,0,14,22,34,0,14,0,14,0,14,14,20,0,14,0,14,11,14,9,13,140,120,149,101,8,12,4,10,48,32,189,111,105,55,143,109,14,15,53,36
1400000US36047073600,"Census Tract 736, Kings County, New York",Brooklyn,2139,453,78,67,0,14,0,14,0,14,0,14,30,47,0,14,0,14,18,29,0,14,25,33,0,14,32,44,0,14,105,68,560,315,116,81,76,51,301,131,178,109,437,204,146,95,0,14,37,53
1400000US36047073800,"Census Tract 738, Kings County, New York",Brooklyn,2451,412,39,33,0,14,0,14,0,14,22,34,22,37,0,14,0,14,0,14,0,14,0,14,2,6,46,52,32,47,65,49,586,226,85,79,203,158,306,165,461,214,389,176,184,108,9,16,0,14
1400000US36047074000,"Census Tract 740, Kings County, New York",Brooklyn,2205,523,74,53,0,14,0,14,0,14,0,14,0,14,0,14,21,32,64,76,0,14,35,39,52,57,3,22,0,14,52,51,460,235,22,16,226,128,309,191,240,211,501,174,88,61,44,53,14,22
1400000US36047074200,"Census Tract 742, Kings County, New York",Brooklyn,1819,269,127,97,0,14,0,14,0,14,0,14,0,14,0,14,0,14,30,45,0,14,16,25,0,14,21,24,24,40,33,29,381,131,71,59,20,21,267,128,181,108,492,152,108,65,14,15,34,31
1400000US36047074400,"Census Tract 744, Kings County, New York",Brooklyn,1228,184,18,17,0,14,0,14,0,14,0,14,0,14,0,14,0,14,13,15,9,14,0,14,0,14,1,3,0,14,14,21,115,46,61,49,19,19,193,86,68,66,405,116,261,97,38,38,13,17
1400000US36047074600,"Census Tract 746, Kings County, New York",Brooklyn,1329,210,31,34,0,14,0,14,0,14,0,14,12,5,0,14,6,8,6,9,0,14,12,21,3,8,10,14,3,8,6,10,263,103,99,115,11,14,113,80,48,41,153,78,442,148,92,67,19,29
1400000US36047074800,"Census Tract 748, Kings County, New York",Brooklyn,959,240,41,67,0,14,0,14,0,14,0,14,0,14,0,14,0,14,7,10,0,14,0,14,47,77,0,14,34,40,4,7,176,96,13,15,48,31,112,80,1,4,269,130,143,71,24,23,40,35
1400000US36047075000,"Census Tract 750, Kings County, New York",Brooklyn,1819,273,23,22,0,14,0,14,0,14,0,14,0,14,0,14,0,14,0,14,0,14,0,14,30,48,0,14,9,15,43,36,478,150,59,42,77,49,128,55,38,33,515,224,298,85,111,62,10,14
1400000US36047075200,"Census Tract 752, Kings County, New York",Brooklyn,558,151,0,14,0,14,0,14,0,14,0,14,0,14,0,14,0,14,0,14,0,14,0,14,0,14,0,14,0,14,0,14,53,40,9,14,28,24,74,60,0,14,204,94,107,50,83,41,0,14
1400000US36047075400,"Census Tract 754, Kings County, New York",Brooklyn,772,310,1,4,1,3,0,14,0,14,0,14,0,14,0,14,0,14,0,14,0,14,0,14,0,14,0,14,0,14,7,12,234,185,22,25,19,26,136,118,11,17,156,97,136,102,39,58,10,15
1400000US36047075600,"Census Tract 756, Kings County, New York",Brooklyn,1232,303,19,26,0,14,0,14,0,14,0,14,0,14,0,14,0,14,0,14,0,14,0,14,9,15,0,14,0,14,0,14,140,69,3,8,62,48,55,40,151,141,437,184,279,107,0,14,77,105
1400000US36047075800,"Census Tract 758, Kings County, New York",Brooklyn,1159,233,21,33,0,14,0,14,0,14,0,14,0,14,0,14,0,14,0,14,0,14,0,14,0,14,119,192,0,14,13,16,160,76,14,17,61,40,32,30,80,36,359,110,197,99,77,54,26,26
1400000US36047076000,"Census Tract 760, Kings County, New York",Brooklyn,2220,381,113,102,0,14,0,14,0,14,0,14,0,14,0,14,0,14,0,14,0,14,0,14,38,47,0,14,31,38,95,66,191,103,39,51,43,54,245,167,217,106,610,245,511,264,62,55,25,29
1400000US36047076200,"Census Tract 762, Kings County, New York",Brooklyn,2877,488,305,126,5,14,0,14,0,14,15,24,0,14,0,14,60,57,96,104,0,14,14,25,5,26,51,61,87,103,52,41,522,159,56,42,62,51,179,70,184,78,738,397,310,130,121,71,15,19
1400000US36047076400,"Census Tract 764, Kings County, New York",Brooklyn,2978,436,280,252,21,40,0,14,0,14,0,14,0,14,0,14,0,14,92,71,0,14,53,74,137,63,0,14,65,84,24,27,419,178,70,58,135,88,197,90,401,182,573,176,395,146,99,119,17,25
1400000US36047076600,"Census Tract 766, Kings County, New York",Brooklyn,1578,304,125,83,0,14,0,14,0,14,0,14,0,14,0,14,2,4,0,14,0,14,0,14,0,14,19,28,0,14,8,13,306,143,58,60,68,40,186,101,144,74,315,83,288,102,19,21,40,50
1400000US36047076800,"Census Tract 768, Kings County, New York",Brooklyn,2605,411,151,129,0,14,0,14,0,14,0,14,0,14,0,14,15,19,0,14,0,14,0,14,12,19,55,54,12,18,81,57,342,129,91,93,100,89,124,94,72,45,857,349,536,172,80,62,77,80
1400000US36047077000,"Census Tract 770, Kings County, New York",Brooklyn,1906,443,54,49,0,14,0,14,0,14,0,14,0,14,0,14,0,14,0,14,0,14,0,14,0,14,0,14,31,52,62,54,328,140,91,66,23,35,250,140,246,295,482,181,248,182,74,58,17,28
1400000US36047077200,"Census Tract 772, Kings County, New York",Brooklyn,2360,652,35,28,0,14,0,14,0,14,0,14,0,14,0,14,87,80,0,14,0,14,0,14,0,14,23,36,19,26,170,163,484,197,123,86,44,40,190,151,80,61,615,279,292,178,136,94,62,45
1400000US36047077400,"Census Tract 774, Kings County, New York",Brooklyn,1947,435,95,53,0,14,0,14,0,14,0,14,0,14,0,14,0,14,0,14,0,14,0,14,0,14,57,55,30,35,104,143,304,93,39,39,179,113,172,95,241,204,424,204,251,127,51,45,0,14
1400000US36047077600,"Census Tract 776, Kings County, New York",Brooklyn,2752,443,139,97,2,6,0,14,0,14,0,14,0,14,0,14,9,14,0,14,0,14,0,14,9,15,108,171,0,14,43,42,552,178,84,50,43,36,400,182,333,186,547,209,376,119,35,41,72,57
1400000US36047078000,"Census Tract 780, Kings County, New York",Brooklyn,1599,346,47,38,0,14,0,14,0,14,0,14,0,14,0,14,0,14,0,14,0,14,0,14,5,9,47,73,7,13,44,38,380,213,45,34,65,58,249,83,104,57,363,140,177,102,56,38,10,15
1400000US36047078200,"Census Tract 782, Kings County, New York",Brooklyn,3141,454,130,75,0,14,0,14,0,14,0,14,0,14,0,14,0,14,8,13,60,60,22,28,0,14,89,87,0,14,196,157,704,235,203,110,163,87,585,216,365,189,401,138,189,102,0,14,26,44
1400000US36047078400,"Census Tract 784, Kings County, New York",Brooklyn,1987,263,117,57,0,14,0,14,0,14,0,14,0,14,0,14,0,14,14,18,6,11,56,47,29,22,57,63,16,19,100,86,190,97,163,79,58,44,258,95,185,93,529,128,199,84,5,9,5,8
1400000US36047078601,"Census Tract 786.01, Kings County, New York",Brooklyn,1857,652,85,60,0,14,0,14,0,14,0,14,0,14,0,14,0,14,0,14,13,21,0,14,66,93,0,14,35,44,64,43,317,156,128,118,18,26,178,108,108,105,624,453,190,91,31,34,0,14
1400000US36047078602,"Census Tract 786.02, Kings County, New York",Brooklyn,1425,252,21,28,0,14,0,14,0,14,0,14,0,14,0,14,0,14,39,44,0,14,0,14,16,18,8,12,5,9,16,17,296,151,20,18,44,34,183,73,101,70,466,160,182,68,28,26,0,14
1400000US36047078801,"Census Tract 788.01, Kings County, New York",Brooklyn,1178,357,17,20,0,14,0,14,0,14,0,14,0,14,0,14,0,14,17,28,7,13,0,14,38,44,0,14,33,30,24,28,344,202,98,56,61,54,52,48,67,57,291,159,90,49,35,41,4,7
1400000US36047078802,"Census Tract 788.02, Kings County, New York",Brooklyn,1120,313,15,16,0,14,0,14,0,14,0,14,0,14,0,14,0,14,19,22,7,11,0,14,0,14,100,137,63,65,86,82,314,140,79,53,58,47,69,48,86,61,167,107,34,32,13,21,10,15
1400000US36047079001,"Census Tract 790.01, Kings County, New York",Brooklyn,1107,454,131,133,0,14,0,14,0,14,0,14,0,14,0,14,56,87,13,19,0,14,27,31,8,12,14,17,0,14,62,48,103,62,38,38,45,53,227,205,58,41,308,163,6,9,11,16,0,14
1400000US36047079002,"Census Tract 790.02, Kings County, New York",Brooklyn,1972,352,129,108,0,14,0,14,0,14,43,61,0,14,0,14,31,47,30,48,20,35,25,41,35,44,28,36,35,39,34,39,437,182,94,76,73,89,176,118,220,113,332,127,206,109,24,38,0,14
1400000US36047079201,"Census Tract 792.01, Kings County, New York",Brooklyn,1078,365,38,46,0,14,0,14,0,14,0,14,0,14,0,14,0,14,0,14,0,14,0,14,0,14,0,14,60,60,2,4,335,157,0,14,27,32,149,180,88,119,214,130,143,74,0,14,22,26
1400000US36047079202,"Census Tract 792.02, Kings County, New York",Brooklyn,1391,202,27,23,0,14,0,14,0,14,0,14,0,14,0,14,9,15,29,24,0,14,0,14,40,57,9,14,44,21,24,34,331,133,35,40,54,39,156,100,47,33,370,135,168,55,48,46,0,14
1400000US36047079400,"Census Tract 794, Kings County, New York",Brooklyn,1747,280,33,50,0,14,0,14,0,14,0,14,0,14,0,14,0,14,0,14,0,14,5,9,35,26,32,33,45,76,79,118,442,178,124,88,49,39,215,110,194,95,306,114,179,75,0,14,9,14
1400000US36047079601,"Census Tract 796.01, Kings County, New York",Brooklyn,2610,300,50,32,0,14,0,14,0,14,11,19,61,75,0,14,0,14,72,81,0,14,38,55,8,19,0,14,0,14,145,65,263,112,97,71,54,40,312,169,98,65,761,193,545,222,77,48,18,20
1400000US36047079602,"Census Tract 796.02, Kings County, New York",Brooklyn,3807,645,46,45,0,19,0,19,0,19,0,19,62,95,0,19,0,19,11,14,29,47,34,44,0,19,10,18,155,115,68,74,1223,452,475,411,98,108,251,162,176,125,855,329,244,137,56,42,14,23
1400000US36047079801,"Census Tract 798.01, Kings County, New York",Brooklyn,2402,438,0,14,0,14,0,14,0,14,0,14,0,14,0,14,60,67,0,14,0,14,0,14,0,14,0,14,0,14,24,37,121,120,27,35,66,68,321,230,208,245,832,183,546,180,113,89,84,80
1400000US36047079802,"Census Tract 798.02, Kings County, New York",Brooklyn,4318,546,261,264,0,19,0,19,0,19,0,19,0,19,0,19,42,65,4,7,31,51,109,127,0,19,22,36,43,50,0,19,476,207,272,242,24,39,605,387,102,114,1515,424,655,250,119,128,38,43
1400000US36047080000,"Census Tract 800, Kings County, New York",Brooklyn,2560,416,12,23,0,14,0,14,0,14,0,14,0,14,0,14,65,110,90,88,0,14,11,17,34,36,0,14,49,75,38,3,331,232,51,59,115,101,14,22,177,143,834,254,402,154,209,91,128,76
1400000US36047080200,"Census Tract 802, Kings County, New York",Brooklyn,2977,532,16,25,0,14,0,14,0,14,0,14,0,14,0,14,0,14,0,14,0,14,173,263,74,77,17,26,26,28,118,80,388,138,29,37,75,74,390,243,167,85,916,189,487,177,29,34,72,74
1400000US36047080400,"Census Tract 804, Kings County, New York",Brooklyn,2439,444,66,69,0,14,0,14,0,14,0,14,0,14,0,14,65,98,0,14,0,14,10,18,89,135,33,53,14,21,94,123,238,127,95,81,56,84,514,308,183,108,421,119,466,118,57,61,38,38
1400000US36047080600,"Census Tract 806, Kings County, New York",Brooklyn,2335,357,79,84,0,14,0,14,0,14,0,14,0,14,75,81,0,14,0,14,0,14,14,21,46,47,42,62,0,14,40,64,514,178,142,92,16,26,286,146,209,128,525,182,332,146,0,14,15,24
1400000US36047080800,"Census Tract 808, Kings County, New York",Brooklyn,1724,158,34,25,0,14,0,14,30,30,0,14,44,66,6,13,5,12,49,46,10,14,55,58,21,23,75,45,38,42,30,45,620,198,121,57,56,44,317,167,95,52,89,51,29,30,0,14,0,14
1400000US36047081000,"Census Tract 810, Kings County, New York",Brooklyn,1588,432,78,82,0,14,0,14,0,14,0,14,0,14,0,14,9,14,0,14,0,14,27,45,0,14,0,14,0,14,15,24,182,121,33,33,46,54,158,108,88,61,501,206,322,232,129,141,0,14
1400000US36047081400,"Census Tract 814, Kings County, New York",Brooklyn,2033,426,128,96,0,14,0,14,0,14,0,14,0,14,21,32,0,14,0,14,0,14,7,11,50,75,29,34,24,39,102,96,634,190,76,69,9,35,244,188,219,140,370,235,111,81,9,14,0,14
1400000US36047081600,"Census Tract 816, Kings County, New York",Brooklyn,2033,365,58,47,0,14,0,14,0,14,0,14,7,14,17,27,0,14,27,24,0,14,18,29,0,14,0,14,95,68,30,30,643,189,96,53,48,43,235,123,101,46,456,163,202,114,0,14,0,14
1400000US36047081800,"Census Tract 818, Kings County, New York",Brooklyn,3441,592,13,15,0,14,0,14,0,14,0,14,0,14,0,14,0,14,20,33,0,14,0,14,58,74,67,101,188,212,24,40,625,350,86,84,29,47,356,245,380,169,879,305,573,209,93,74,50,49
1400000US36047082000,"Census Tract 820, Kings County, New York",Brooklyn,3544,667,195,181,0,14,0,14,0,14,0,14,0,14,0,14,0,14,0,14,29,46,28,46,30,49,24,33,0,14,652,552,647,260,80,71,158,136,323,238,201,190,768,283,280,151,77,99,52,52
1400000US36047082200,"Census Tract 822, Kings County, New York",Brooklyn,5328,720,154,127,0,19,0,19,0,19,0,19,7,15,0,19,0,19,0,19,0,19,60,65,125,113,12,19,261,237,130,111,1293,385,223,113,242,210,593,232,154,116,1293,355,531,201,99,63,151,105
1400000US36047082400,"Census Tract 824, Kings County, New York",Brooklyn,3681,602,114,126,0,19,0,19,0,19,0,19,0,19,0,19,0,19,34,63,0,19,41,64,69,79,85,83,95,111,48,63,947,358,305,168,47,52,657,277,385,195,596,242,258,139,0,19,0,19
1400000US36047082600,"Census Tract 826, Kings County, New York",Brooklyn,2939,486,29,32,0,14,0,14,0,14,0,14,0,14,0,14,0,14,17,27,28,56,7,23,0,14,0,14,50,57,36,46,565,232,304,147,105,109,275,122,283,164,697,230,539,294,0,14,4,15
1400000US36047082800,"Census Tract 828, Kings County, New York",Brooklyn,2712,445,139,78,0,14,0,14,0,14,0,14,27,51,1,5,0,14,11,17,0,14,29,44,0,14,27,27,22,38,45,56,719,207,231,115,123,117,264,109,196,171,620,297,241,123,17,28,0,14
1400000US36047083000,"Census Tract 830, Kings County, New York",Brooklyn,4252,773,100,102,0,19,0,19,0,19,6,14,0,19,0,19,0,19,37,61,0,19,187,178,0,19,12,27,94,143,161,125,1224,529,161,149,211,123,756,405,361,206,533,232,332,194,53,61,24,38
1400000US36047083200,"Census Tract 832, Kings County, New York",Brooklyn,1714,275,9,11,0,14,0,14,0,14,0,14,0,14,0,14,0,14,3,5,0,14,28,29,14,20,0,14,0,14,36,29,324,120,89,51,80,38,197,93,149,87,507,146,273,121,5,9,0,14
1400000US36047083400,"Census Tract 834, Kings County, New York",Brooklyn,1327,250,14,21,0,14,0,14,0,14,0,14,0,14,5,9,22,27,0,14,5,7,20,33,0,14,30,34,28,30,74,30,247,108,64,34,86,66,145,69,93,45,368,160,69,34,32,31,25,26
1400000US36047083600,"Census Tract 836, Kings County, New York",Brooklyn,1398,226,16,23,0,14,0,14,0,14,0,14,0,14,0,14,6,9,39,31,0,14,11,16,0,14,0,14,0,14,52,38,356,98,43,30,49,33,240,94,132,78,232,92,189,85,24,19,9,13
1400000US36047083800,"Census Tract 838, Kings County, New York",Brooklyn,1628,253,20,23,0,14,0,14,0,14,0,14,0,14,0,14,0,14,7,12,0,14,6,9,1,2,105,61,0,14,49,36,347,110,109,74,34,23,195,90,320,161,283,75,137,87,15,16,0,14
1400000US36047084000,"Census Tract 840, Kings County, New York",Brooklyn,1709,266,25,20,0,14,0,14,0,14,0,14,0,14,0,14,25,26,6,8,0,14,27,31,13,14,0,14,7,10,120,165,475,190,174,89,41,26,186,122,167,86,232,93,170,70,27,25,14,22
1400000US36047084600,"Census Tract 846, Kings County, New York",Brooklyn,1415,242,82,72,0,14,0,14,0,14,0,14,0,14,0,14,13,20,0,14,23,26,10,16,0,14,20,26,0,14,14,20,393,147,140,60,48,35,212,110,125,44,160,66,165,102,0,14,10,19
1400000US36047084800,"Census Tract 848, Kings County, New York",Brooklyn,1245,275,38,32,0,14,0,14,0,14,0,14,0,14,0,14,0,14,0,14,52,82,0,14,1,6,0,14,1,5,0,14,319,126,78,55,73,47,96,64,203,86,269,123,91,82,8,12,16,19
1400000US36047085000,"Census Tract 850, Kings County, New York",Brooklyn,1167,291,0,14,0,14,0,14,0,14,0,14,0,14,0,14,0,14,0,14,0,14,22,37,10,15,32,50,0,14,34,34,282,119,14,20,34,31,262,147,83,53,290,111,104,61,0,14,0,14
1400000US36047085200,"Census Tract 852, Kings County, New York",Brooklyn,0,14,0,14,0,14,0,14,0,14,0,14,0,14,0,14,0,14,0,14,0,14,0,14,0,14,0,14,0,14,0,14,0,14,0,14,0,14,0,14,0,14,0,14,0,14,0,14,0,14
1400000US36047085400,"Census Tract 854, Kings County, New York",Brooklyn,1616,266,48,33,0,14,0,14,0,14,0,14,0,14,0,14,15,19,11,19,8,13,22,24,7,15,11,16,6,9,14,14,479,172,103,50,16,18,265,145,78,59,261,89,234,103,10,12,28,30
1400000US36047085600,"Census Tract 856, Kings County, New York",Brooklyn,2200,356,85,83,0,14,0,14,0,14,0,14,0,14,0,14,0,14,35,40,30,49,0,14,10,16,0,14,21,23,39,45,602,191,103,113,28,32,271,108,174,105,577,272,185,97,40,62,0,14
1400000US36047085800,"Census Tract 858, Kings County, New York",Brooklyn,1418,339,34,56,0,14,0,14,0,14,0,14,0,14,0,14,0,14,21,20,0,14,15,15,0,14,0,14,11,16,11,17,482,179,51,40,29,19,113,87,234,104,303,123,86,69,14,20,14,22
1400000US36047086000,"Census Tract 860, Kings County, New York",Brooklyn,1877,399,71,62,16,24,0,14,0,14,0,14,0,14,0,14,28,40,35,43,0,14,50,60,33,52,0,14,108,74,133,87,506,226,50,46,32,40,281,152,83,61,372,169,62,51,0,14,17,27
1400000US36047086200,"Census Tract 862, Kings County, New York",Brooklyn,2106,424,135,122,0,14,0,14,0,14,0,14,0,14,0,14,0,14,13,21,0,14,37,54,12,18,14,22,0,14,102,85,576,201,117,90,85,66,350,273,132,93,351,148,172,122,10,17,0,14
1400000US36047086400,"Census Tract 864, Kings County, New York",Brooklyn,1761,326,38,31,7,10,0,14,0,14,0,14,19,31,0,14,0,14,22,34,0,14,51,58,0,14,0,14,0,14,28,41,589,173,137,81,53,61,193,85,210,87,268,121,121,69,0,14,25,24
1400000US36047086600,"Census Tract 866, Kings County, New York",Brooklyn,2344,459,14,20,0,14,0,14,0,14,0,14,0,14,19,30,0,14,45,72,0,14,0,14,0,14,55,61,121,108,82,67,505,213,168,147,66,52,307,148,250,140,441,286,239,181,0,14,32,53
1400000US36047086800,"Census Tract 868, Kings County, New York",Brooklyn,2159,373,9,15,0,14,0,14,0,14,0,14,0,14,0,14,0,14,27,39,56,72,23,36,0,14,49,46,77,72,13,21,830,228,35,39,24,26,276,137,246,117,383,197,111,81,0,14,0,14
1400000US36047087000,"Census Tract 870, Kings County, New York",Brooklyn,2052,480,8,18,0,14,0,14,0,14,0,14,0,14,0,14,0,14,28,46,0,14,107,91,11,18,13,22,87,56,63,70,657,261,90,75,104,66,343,146,138,112,316,174,81,73,6,11,0,14
1400000US36047087200,"Census Tract 872, Kings County, New York",Brooklyn,2126,304,14,18,0,14,0,14,0,14,0,14,0,14,0,14,0,14,32,49,0,14,45,52,9,5,14,23,52,66,30,38,482,186,134,87,41,35,402,180,128,95,422,164,257,105,16,24,48,62
1400000US36047087401,"Census Tract 874.01, Kings County, New York",Brooklyn,2036,387,33,39,0,14,0,14,0,14,0,14,0,14,56,91,25,40,66,67,15,23,49,69,41,61,10,16,42,51,56,48,558,263,158,116,123,78,362,292,90,73,245,111,86,68,0,14,21,24
1400000US36047087600,"Census Tract 876, Kings County, New York",Brooklyn,1144,190,29,32,0,14,0,14,0,14,0,14,0,14,0,14,0,14,0,14,0,14,0,14,0,14,0,14,20,23,14,29,371,138,107,76,26,32,250,94,55,49,181,77,44,29,35,30,12,17
1400000US36047087800,"Census Tract 878, Kings County, New York",Brooklyn,2173,333,0,14,0,14,0,14,9,18,0,14,0,14,0,14,0,14,8,15,8,14,41,36,36,26,123,69,72,50,61,40,759,253,138,77,61,51,308,121,152,93,343,149,40,37,14,14,0,14
1400000US36047088001,"Census Tract 880.01, Kings County, New York",Brooklyn,1394,397,10,16,0,14,0,14,0,14,0,14,0,14,0,14,8,12,16,29,19,25,6,10,0,14,27,37,0,14,9,14,463,234,80,64,85,59,272,115,84,65,260,155,48,37,7,13,0,14
1400000US36047088002,"Census Tract 880.02, Kings County, New York",Brooklyn,835,223,12,14,0,14,0,14,0,14,0,14,0,14,0,14,0,14,0,14,0,14,0,14,0,14,9,13,14,15,90,80,144,103,18,27,85,74,65,44,49,76,142,112,126,117,32,49,49,71
1400000US36047088200,"Census Tract 882, Kings County, New York",Brooklyn,4111,657,228,234,1,4,0,19,0,19,0,19,0,19,0,19,0,19,0,19,0,19,42,69,102,136,0,19,0,19,314,200,1251,375,466,325,276,201,399,233,464,324,280,275,288,243,0,19,0,19
1400000US36047088400,"Census Tract 884, Kings County, New York",Brooklyn,3425,808,76,91,0,19,0,19,0,19,0,19,0,19,0,19,0,19,33,53,0,19,0,19,0,19,56,86,0,19,227,158,1541,698,231,192,0,19,417,237,305,190,421,207,111,126,0,19,7,12
1400000US36047088600,"Census Tract 886, Kings County, New York",Brooklyn,3202,640,91,71,0,14,0,14,0,14,0,14,0,14,0,14,0,14,18,37,0,14,0,14,60,79,0,14,44,47,166,154,872,365,191,132,556,356,506,214,276,185,140,114,282,128,0,14,0,14
1400000US36047088800,"Census Tract 888, Kings County, New York",Brooklyn,2567,354,18,28,0,14,0,14,0,14,0,14,0,14,6,9,0,14,0,14,0,14,141,130,0,14,93,109,103,90,139,137,603,202,122,105,165,114,586,339,107,92,319,144,103,80,24,38,38,47
1400000US36047089000,"Census Tract 890, Kings County, New York",Brooklyn,5248,1036,170,179,0,19,0,19,17,36,0,19,8,16,0,19,0,19,22,28,102,160,115,78,9,18,85,170,0,19,523,256,1601,552,166,131,241,174,494,263,483,412,922,388,290,294,0,19,0,19
1400000US36047089200,"Census Tract 892, Kings County, New York",Brooklyn,2542,761,23,33,0,14,36,58,0,14,0,14,0,14,0,14,0,14,0,14,0,14,0,14,149,117,87,79,113,102,40,44,893,504,140,133,191,131,356,146,179,113,261,268,50,49,24,38,0,14
1400000US36047089400,"Census Tract 894, Kings County, New York",Brooklyn,2611,740,51,83,0,14,39,64,0,14,0,14,11,24,0,14,0,14,0,14,0,14,57,73,10,19,143,124,0,14,97,83,691,327,440,391,283,154,189,133,201,107,130,127,248,155,0,14,21,34
1400000US36047089600,"Census Tract 896, Kings County, New York",Brooklyn,3207,641,141,114,0,14,0,14,0,14,0,14,24,39,0,14,0,14,30,47,0,14,107,137,12,22,42,68,0,14,477,433,555,268,182,145,208,240,644,421,383,250,215,137,127,199,1,31,59,110
1400000US36047089800,"Census Tract 898, Kings County, New York",Brooklyn,1704,612,0,14,0,14,0,14,0,14,0,14,33,38,4,7,14,16,19,30,43,63,32,43,0,14,0,14,15,24,86,61,447,148,38,31,184,118,130,83,123,67,333,321,176,112,27,34,0,14
1400000US36047090000,"Census Tract 900, Kings County, New York",Brooklyn,3351,556,108,102,0,14,0,14,0,14,0,14,0,14,0,14,0,14,46,73,55,85,0,14,0,14,119,144,103,104,287,195,1026,378,251,154,275,166,270,188,366,229,385,230,60,55,0,14,0,14
1400000US36047090200,"Census Tract 902, Kings County, New York",Brooklyn,2707,314,67,54,0,14,0,14,0,14,0,14,31,42,7,19,29,40,49,54,0,14,35,44,52,50,219,130,122,72,166,94,814,167,142,92,82,62,387,157,128,77,193,106,134,79,50,47,0,14
1400000US36047090600,"Census Tract 906, Kings County, New York",Brooklyn,2434,311,303,142,0,14,0,14,0,14,0,14,0,14,0,14,0,14,10,18,0,14,34,70,178,147,209,176,58,61,67,72,841,286,116,77,141,100,266,133,118,100,82,66,11,20,0,14,0,14
1400000US36047090800,"Census Tract 908, Kings County, New York",Brooklyn,4569,621,148,92,0,19,0,19,0,19,0,19,0,19,14,33,0,19,6,15,0,19,109,131,266,94,250,187,238,155,283,127,1430,508,429,151,159,129,481,219,432,281,312,196,12,30,0,19,0,19
1400000US36047091000,"Census Tract 910, Kings County, New York",Brooklyn,3728,641,173,126,0,19,0,19,0,19,27,43,21,33,0,19,45,78,21,33,140,176,135,197,32,61,120,161,148,133,222,174,1145,450,418,214,271,216,206,153,340,207,155,147,62,86,0,19,47,84
1400000US36047091200,"Census Tract 912, Kings County, New York",Brooklyn,4030,1124,122,171,0,19,0,19,0,19,0,19,0,19,0,19,0,19,0,19,0,19,0,19,131,178,72,118,175,249,130,132,1530,573,522,311,340,249,331,320,60,92,617,380,0,19,0,19,0,19
1400000US36047091600,"Census Tract 916, Kings County, New York",Brooklyn,3441,606,58,48,0,19,0,19,0,19,0,19,0,19,0,19,291,281,3,5,48,71,53,50,28,42,0,19,51,54,203,146,688,337,404,241,231,155,471,280,296,213,513,219,99,105,4,8,0,19
1400000US36047091800,"Census Tract 918, Kings County, New York",Brooklyn,1787,251,7,16,0,14,0,14,0,14,0,14,0,14,7,10,0,14,23,33,0,14,48,57,24,28,141,89,50,49,92,68,544,188,184,80,102,64,92,60,76,60,263,93,123,76,11,17,0,14
1400000US36047092000,"Census Tract 920, Kings County, New York",Brooklyn,2083,532,0,14,0,14,0,14,0,14,0,14,0,14,0,14,0,14,0,14,0,14,67,13,0,14,14,26,0,14,167,96,427,214,114,104,95,92,404,183,85,91,535,471,175,115,0,14,0,14
1400000US36047092200,"Census Tract 922, Kings County, New York",Brooklyn,2287,386,54,89,0,14,0,14,0,14,0,14,0,14,0,14,0,14,0,14,0,14,0,14,0,14,159,224,93,110,60,74,730,371,44,47,367,277,301,144,173,139,265,240,33,38,0,14,8,14
1400000US36047092400,"Census Tract 924, Kings County, New York",Brooklyn,1923,270,18,11,0,14,0,14,0,14,0,14,0,14,0,14,0,14,13,26,11,18,17,29,26,51,111,69,28,46,155,141,613,199,67,60,36,40,210,114,212,129,258,197,110,85,0,14,38,46
1400000US36047092800,"Census Tract 928, Kings County, New York",Brooklyn,2083,401,80,64,0,14,0,14,0,14,0,14,0,14,0,14,0,14,24,37,16,21,0,14,19,26,6,7,2,4,43,51,584,205,211,122,126,69,393,211,111,74,317,167,151,89,0,14,0,14
1400000US36047093000,"Census Tract 930, Kings County, New York",Brooklyn,2077,367,59,49,0,14,0,14,0,14,0,14,0,14,0,14,0,14,101,85,55,77,27,33,11,19,13,22,34,39,30,34,529,154,73,47,93,55,344,132,161,79,398,149,149,91,0,14,0,14
1400000US36047093200,"Census Tract 932, Kings County, New York",Brooklyn,1308,367,5,7,0,14,0,14,0,14,0,14,0,14,0,14,0,14,0,14,0,14,0,14,10,12,0,14,26,29,46,27,426,149,54,49,44,53,258,227,118,99,266,128,37,28,15,19,3,8
1400000US36047093400,"Census Tract 934, Kings County, New York",Brooklyn,1575,248,101,69,0,14,0,14,0,14,0,14,0,14,0,14,16,27,10,15,0,14,23,28,30,31,8,13,0,14,13,14,267,100,120,79,60,64,278,112,105,57,320,102,191,108,17,26,16,23
1400000US36047093600,"Census Tract 936, Kings County, New York",Brooklyn,1215,227,12,18,0,14,0,14,0,14,0,14,0,14,0,14,0,14,0,14,19,30,60,73,7,10,27,35,80,77,40,58,273,91,67,49,57,31,117,82,63,46,292,113,89,55,12,19,0,14
1400000US36047093800,"Census Tract 938, Kings County, New York",Brooklyn,1735,442,38,23,1,3,0,14,0,14,0,14,0,14,0,14,7,11,0,14,42,41,17,28,4,7,6,8,33,40,71,70,643,233,92,64,40,36,183,142,133,67,294,162,99,62,32,50,0,14
1400000US36047094401,"Census Tract 944.01, Kings County, New York",Brooklyn,2638,465,19,30,0,14,0,14,0,14,0,14,15,17,0,14,0,14,18,21,0,14,22,36,0,14,39,44,12,20,26,31,673,215,42,44,88,60,326,153,366,208,600,227,353,183,11,16,28,37
1400000US36047094402,"Census Tract 944.02, Kings County, New York",Brooklyn,1466,423,27,40,0,14,0,14,0,14,0,14,15,24,0,14,0,14,0,14,12,20,53,62,13,21,37,49,18,41,93,90,331,218,284,177,167,126,229,134,48,64,139,106,0,14,0,14,0,14
1400000US36047094600,"Census Tract 946, Kings County, New York",Brooklyn,1232,250,3,4,0,14,0,14,0,14,0,14,0,14,0,14,0,14,26,31,0,14,17,18,0,14,37,42,1,4,35,32,348,146,37,29,33,27,110,69,98,75,174,93,244,120,60,72,9,13
1400000US36047095000,"Census Tract 950, Kings County, New York",Brooklyn,1854,379,66,68,0,14,0,14,0,14,0,14,0,14,0,14,32,42,0,14,20,33,36,33,0,14,19,32,12,18,74,53,485,218,125,88,61,70,353,155,169,84,270,161,74,56,58,46,0,14
1400000US36047095400,"Census Tract 954, Kings County, New York",Brooklyn,2962,436,142,91,0,14,0,14,0,14,0,14,16,26,12,19,19,24,17,28,0,14,41,46,0,14,15,18,78,82,69,64,601,232,224,133,51,51,312,164,351,246,583,206,312,136,41,48,78,72
1400000US36047095600,"Census Tract 956, Kings County, New York",Brooklyn,2769,726,59,60,0,14,0,14,0,14,0,14,0,14,0,14,48,53,0,14,0,14,17,27,0,14,0,14,25,40,59,54,663,302,117,91,91,110,642,290,384,179,409,237,179,110,76,127,0,14
1400000US36047095800,"Census Tract 958, Kings County, New York",Brooklyn,1869,397,54,59,0,14,0,14,0,14,0,14,0,14,0,14,40,66,0,14,23,36,54,31,17,25,0,14,0,14,92,96,479,206,66,76,60,49,241,124,295,163,351,157,48,35,13,22,36,43
1400000US36047096000,"Census Tract 960, Kings County, New York",Brooklyn,0,14,0,14,0,14,0,14,0,14,0,14,0,14,0,14,0,14,0,14,0,14,0,14,0,14,0,14,0,14,0,14,0,14,0,14,0,14,0,14,0,14,0,14,0,14,0,14,0,14
1400000US36047096200,"Census Tract 962, Kings County, New York",Brooklyn,882,313,3,7,0,14,0,14,0,14,0,14,0,14,0,14,10,18,0,14,0,14,5,12,11,14,6,9,0,14,0,14,492,316,70,48,32,28,82,54,24,22,102,41,31,52,0,14,14,22
1400000US36047096400,"Census Tract 964, Kings County, New York",Brooklyn,1400,344,119,85,0,14,0,14,0,14,0,14,0,14,0,14,13,21,40,66,0,14,0,14,33,57,0,14,0,14,57,45,309,108,105,74,19,23,191,82,147,86,222,91,145,74,0,14,0,14
1400000US36047096600,"Census Tract 966, Kings County, New York",Brooklyn,1131,197,66,56,0,14,0,14,0,14,0,14,0,14,0,14,0,14,0,14,19,30,0,14,0,14,0,14,0,14,19,22,232,100,77,64,34,33,189,91,100,56,292,92,73,57,20,21,10,13
1400000US36047096800,"Census Tract 968, Kings County, New York",Brooklyn,819,281,18,25,0,14,0,14,1,5,0,14,0,14,0,14,0,14,10,13,0,14,14,23,0,14,11,17,12,19,10,12,174,101,18,19,104,131,108,79,79,39,130,48,81,55,34,30,15,23
1400000US36047097000,"Census Tract 970, Kings County, New York",Brooklyn,1576,428,67,50,0,14,0,14,7,11,0,14,0,14,0,14,15,23,0,14,37,36,0,14,19,28,26,34,10,14,63,72,578,371,37,33,29,24,200,85,138,67,267,133,83,52,0,14,0,14
1400000US36047097400,"Census Tract 974, Kings County, New York",Brooklyn,1821,283,68,68,0,14,0,14,0,14,0,14,0,14,6,12,9,13,40,36,16,24,6,10,35,38,14,25,58,44,67,44,505,157,117,63,94,45,245,97,104,55,265,109,160,67,12,12,0,14
1400000US36047098200,"Census Tract 982, Kings County, New York",Brooklyn,2330,428,116,83,0,14,0,14,0,14,0,14,20,30,0,14,0,14,0,14,0,14,91,103,0,14,69,66,44,60,130,99,892,236,271,139,39,46,220,112,282,151,112,92,44,45,0,14,0,14
1400000US36047098400,"Census Tract 984, Kings County, New York",Brooklyn,1220,203,52,57,10,14,0,14,0,14,0,14,0,14,9,14,23,36,21,33,11,17,12,17,0,14,11,17,13,17,32,26,308,96,62,44,76,45,95,69,154,68,191,128,116,56,10,14,14,20
1400000US36047098600,"Census Tract 986, Kings County, New York",Brooklyn,1787,379,0,14,7,10,0,14,0,14,0,14,0,14,0,14,18,20,0,14,9,15,0,14,0,14,0,14,0,14,80,95,284,147,108,75,30,26,469,205,197,98,412,173,124,79,21,31,28,44
1400000US36047098800,"Census Tract 988, Kings County, New York",Brooklyn,2174,350,13,23,0,14,0,14,0,14,0,14,14,23,5,11,5,12,5,11,0,14,89,81,22,34,0,14,24,39,100,60,664,209,139,126,92,47,533,177,132,74,196,91,141,90,0,14,0,14
1400000US36047099000,"Census Tract 990, Kings County, New York",Brooklyn,1080,233,89,62,0,14,0,14,0,14,0,14,0,14,17,21,0,14,0,14,0,14,22,34,0,14,0,14,0,14,42,33,221,121,61,45,22,27,198,84,83,63,249,101,49,55,0,14,27,21
1400000US36047099200,"Census Tract 992, Kings County, New York",Brooklyn,1298,353,1,3,0,14,0,14,0,14,0,14,0,14,0,14,8,13,0,14,0,14,0,14,47,33,21,24,1,3,55,68,242,108,106,157,51,52,212,116,71,82,242,90,81,55,125,139,35,39
1400000US36047099400,"Census Tract 994, Kings County, New York",Brooklyn,1139,266,117,61,0,14,0,14,0,14,0,14,0,14,0,14,8,12,7,11,11,17,25,27,0,14,10,13,35,35,44,46,418,220,25,21,29,26,101,54,77,51,163,88,52,43,17,20,0,14
1400000US36047099600,"Census Tract 996, Kings County, New York",Brooklyn,2155,491,205,124,30,61,0,14,3,8,0,14,0,14,0,14,14,22,123,155,50,36,0,14,0,14,18,29,0,14,20,31,426,201,125,126,58,52,272,178,172,120,400,244,198,150,0,14,41,62
1400000US36047099800,"Census Tract 998, Kings County, New York",Brooklyn,2447,506,30,28,0,14,0,14,0,14,0,14,28,45,19,29,0,14,22,34,0,14,0,14,0,14,48,56,25,35,0,14,498,242,161,94,165,110,345,141,316,156,499,222,241,147,30,33,20,32
1400000US36047100400,"Census Tract 1004, Kings County, New York",Brooklyn,1793,370,39,54,0,14,0,14,0,14,0,14,36,58,0,14,0,14,0,14,10,15,27,33,0,14,11,17,0,14,34,38,460,180,147,96,88,70,229,110,168,84,370,166,174,152,0,14,0,14
1400000US36047100600,"Census Tract 1006, Kings County, New York",Brooklyn,1866,293,35,33,7,10,0,14,0,14,0,14,0,14,0,14,0,14,5,12,6,9,6,10,0,14,10,15,0,14,33,31,443,164,138,89,68,42,195,100,277,105,466,160,144,72,33,27,0,14
1400000US36047100800,"Census Tract 1008, Kings County, New York",Brooklyn,1664,283,100,65,8,14,0,14,0,14,0,14,0,14,0,14,32,45,0,14,20,23,18,17,8,13,1,4,0,14,84,49,315,104,158,64,104,64,155,87,138,59,262,92,192,90,52,46,17,18
1400000US36047101000,"Census Tract 1010, Kings County, New York",Brooklyn,1748,394,29,32,0,14,0,14,0,14,0,14,8,13,0,14,0,14,0,14,0,14,66,52,0,14,55,82,43,43,158,118,302,170,111,78,168,201,201,81,88,54,390,136,114,74,15,21,0,14
1400000US36047101200,"Census Tract 1012, Kings County, New York",Brooklyn,1633,323,30,26,0,14,0,14,0,14,0,14,7,10,0,14,0,14,13,18,40,41,0,14,44,41,8,12,0,14,16,17,482,181,48,39,93,65,172,87,144,72,344,126,158,83,16,17,18,27
1400000US36047101400,"Census Tract 1014, Kings County, New York",Brooklyn,1249,220,27,34,0,14,0,14,0,14,0,14,0,14,0,14,0,14,0,14,0,14,0,14,17,27,0,14,18,20,48,41,258,101,117,109,40,37,117,83,217,97,293,124,97,56,0,14,0,14
1400000US36047101600,"Census Tract 1016, Kings County, New York",Brooklyn,1356,184,95,53,0,14,0,14,0,14,0,14,0,14,0,14,0,14,6,10,1,4,0,14,0,14,0,14,5,8,17,21,258,140,63,50,8,12,132,52,163,62,365,110,157,64,38,29,48,50
1400000US36047101800,"Census Tract 1018, Kings County, New York",Brooklyn,1405,358,18,26,0,14,0,14,0,14,6,8,0,14,0,14,0,14,22,28,0,14,0,14,0,14,15,28,8,11,17,26,85,58,90,56,85,73,132,72,207,83,369,281,271,119,75,97,5,14
1400000US36047102000,"Census Tract 1020, Kings County, New York",Brooklyn,1604,412,46,47,0,14,0,14,0,14,0,14,0,14,0,14,0,14,31,36,0,14,0,14,0,14,5,13,0,14,3,5,276,178,94,68,64,70,205,125,165,84,479,265,183,95,53,52,0,14
1400000US36047102200,"Census Tract 1022, Kings County, New York",Brooklyn,1379,264,70,56,0,14,0,14,0,14,0,14,11,19,0,14,3,7,0,14,0,14,0,14,0,14,0,14,26,29,19,18,390,128,40,35,65,47,269,107,89,52,212,68,146,61,21,29,18,16
1400000US36047102400,"Census Tract 1024, Kings County, New York",Brooklyn,1221,216,8,10,0,14,0,14,0,14,0,14,0,14,0,14,0,14,0,14,0,14,2,10,0,14,0,14,5,8,6,9,308,157,91,60,81,48,195,74,149,75,207,79,123,58,22,23,24,23
1400000US36047102600,"Census Tract 1026, Kings County, New York",Brooklyn,2042,301,84,65,0,14,0,14,0,14,0,14,22,23,1,3,1,4,7,11,0,14,36,46,15,17,48,41,8,12,76,58,536,189,184,148,88,65,294,90,142,82,332,114,157,80,11,17,0,14
1400000US36047102801,"Census Tract 1028.01, Kings County, New York",Brooklyn,860,215,3,11,0,14,0,14,0,14,0,14,0,14,0,14,0,14,0,14,0,14,0,14,2,3,0,14,0,14,0,14,263,118,57,49,16,18,185,104,146,74,146,69,42,36,0,14,0,14
1400000US36047102802,"Census Tract 1028.02, Kings County, New York",Brooklyn,0,14,0,14,0,14,0,14,0,14,0,14,0,14,0,14,0,14,0,14,0,14,0,14,0,14,0,14,0,14,0,14,0,14,0,14,0,14,0,14,0,14,0,14,0,14,0,14,0,14
1400000US36047103401,"Census Tract 1034.01, Kings County, New York",Brooklyn,2153,312,35,33,0,14,0,14,0,14,0,14,0,14,0,14,0,14,0,14,0,14,0,14,4,8,71,91,153,122,43,34,808,201,260,145,20,31,392,158,155,86,177,108,35,39,0,14,0,14
1400000US36047103402,"Census Tract 1034.02, Kings County, New York",Brooklyn,0,14,0,14,0,14,0,14,0,14,0,14,0,14,0,14,0,14,0,14,0,14,0,14,0,14,0,14,0,14,0,14,0,14,0,14,0,14,0,14,0,14,0,14,0,14,0,14,0,14
1400000US36047105801,"Census Tract 1058.01, Kings County, New York",Brooklyn,4469,616,228,104,0,19,0,19,0,19,0,19,0,19,0,19,0,19,38,41,0,19,50,46,85,95,19,31,33,55,152,117,1170,368,722,317,155,89,354,203,345,176,672,304,427,234,0,19,19,31
1400000US36047105804,"Census Tract 1058.04, Kings County, New York",Brooklyn,4652,536,52,47,1,8,0,19,0,19,0,19,17,27,0,19,0,19,34,54,45,70,0,19,54,61,70,67,6,13,200,132,1409,424,490,225,334,168,499,253,335,199,634,345,427,208,45,74,0,19
1400000US36047107001,"Census Tract 1070.01, Kings County, New York",Brooklyn,2881,435,41,34,0,14,0,14,0,14,0,14,0,14,0,14,0,14,0,14,27,31,19,29,22,34,38,46,95,70,51,52,589,238,275,144,266,177,231,95,410,224,581,258,236,140,0,14,0,14
1400000US36047107002,"Census Tract 1070.02, Kings County, New York",Brooklyn,0,14,0,14,0,14,0,14,0,14,0,14,0,14,0,14,0,14,0,14,0,14,0,14,0,14,0,14,0,14,0,14,0,14,0,14,0,14,0,14,0,14,0,14,0,14,0,14,0,14
1400000US36047107003,"Census Tract 1070.03, Kings County, New York",Brooklyn,0,14,0,14,0,14,0,14,0,14,0,14,0,14,0,14,0,14,0,14,0,14,0,14,0,14,0,14,0,14,0,14,0,14,0,14,0,14,0,14,0,14,0,14,0,14,0,14,0,14
1400000US36047107800,"Census Tract 1078, Kings County, New York",Brooklyn,2801,407,52,64,0,14,0,14,0,14,0,14,0,14,0,14,0,14,14,25,0,14,0,14,0,14,61,90,102,78,15,18,668,182,278,143,159,87,291,137,219,120,550,204,332,126,14,18,46,54
1400000US36047109800,"Census Tract 1098, Kings County, New York",Brooklyn,1593,273,78,52,0,14,0,14,0,14,0,14,0,14,7,20,0,14,0,14,0,14,9,13,0,14,30,39,43,45,53,55,483,225,60,62,70,41,260,116,114,82,203,106,133,95,0,14,50,40
1400000US36047110400,"Census Tract 1104, Kings County, New York",Brooklyn,3262,506,35,32,0,19,0,19,0,19,0,19,22,29,0,19,35,56,5,12,0,19,10,23,0,19,35,59,82,65,26,34,1364,423,217,131,194,132,321,152,560,340,246,153,110,97,0,19,0,19
1400000US36047110600,"Census Tract 1106, Kings County, New York",Brooklyn,2761,422,20,30,0,14,0,14,0,14,0,14,0,14,0,14,3,26,0,14,13,25,1,2,21,33,58,60,0,14,223,151,1164,382,171,128,218,121,358,172,316,200,195,110,0,14,0,14,0,14
1400000US36047111000,"Census Tract 1110, Kings County, New York",Brooklyn,1855,227,129,86,11,18,0,14,0,14,0,14,47,52,0,14,0,14,0,14,0,14,69,91,81,95,133,116,14,22,43,41,638,276,84,57,112,62,187,98,90,57,134,108,83,72,0,14,0,14
1400000US36047111600,"Census Tract 1116, Kings County, New York",Brooklyn,2593,652,107,151,36,57,0,14,0,14,0,14,5,10,0,14,0,14,5,9,5,10,33,26,10,15,64,39,29,34,216,137,1020,520,284,126,97,62,228,152,117,77,122,81,215,111,0,14,0,14
1400000US36047111800,"Census Tract 1118, Kings County, New York",Brooklyn,2569,635,76,60,0,14,0,14,0,14,0,14,0,14,0,14,17,28,0,14,14,22,0,14,31,44,2,6,50,59,156,108,867,251,123,107,169,116,240,169,130,108,604,406,81,56,0,14,9,14
1400000US36047112000,"Census Tract 1120, Kings County, New York",Brooklyn,2347,477,85,105,0,14,0,14,0,14,0,14,29,47,61,95,0,14,62,97,30,48,70,104,0,14,37,60,75,97,19,31,1084,443,45,63,1,3,291,200,152,103,204,174,102,114,0,14,0,14
1400000US36047112200,"Census Tract 1122, Kings County, New York",Brooklyn,2401,497,98,114,0,14,0,14,0,14,0,14,4,16,0,14,65,96,0,14,0,14,0,14,118,75,95,105,54,58,146,141,748,334,365,223,55,34,202,276,116,104,228,162,102,98,5,13,0,14
1400000US36047112400,"Census Tract 1124, Kings County, New York",Brooklyn,2548,667,0,14,0,14,0,14,0,14,0,14,0,14,0,14,0,14,17,30,0,14,0,14,7,16,105,93,110,103,142,164,1118,485,238,265,130,98,343,180,78,98,109,73,151,85,0,14,0,14
1400000US36047112600,"Census Tract 1126, Kings County, New York",Brooklyn,2845,481,48,64,0,14,0,14,0,14,0,14,0,14,0,14,0,14,62,89,0,14,57,73,77,79,20,43,114,85,147,106,983,287,126,113,98,102,390,187,180,140,447,300,81,71,0,14,15,40
1400000US36047112800,"Census Tract 1128, Kings County, New York",Brooklyn,2536,380,5,11,0,14,0,14,0,14,0,14,0,14,0,14,0,14,0,14,13,27,42,67,0,14,103,162,0,14,136,117,954,387,377,163,111,78,203,138,340,202,181,109,71,62,0,14,0,14
1400000US36047113000,"Census Tract 1130, Kings County, New York",Brooklyn,2898,362,169,142,0,14,0,14,0,14,0,14,0,14,0,14,38,60,11,21,0,14,114,171,92,111,0,14,133,109,108,81,897,344,129,84,184,120,275,148,256,154,321,196,104,72,67,86,0,14
1400000US36047113200,"Census Tract 1132, Kings County, New York",Brooklyn,1656,277,22,34,0,14,0,14,0,14,0,14,0,14,21,32,0,14,0,14,0,14,0,14,7,16,0,14,0,14,48,41,446,209,143,79,124,92,442,138,151,124,145,94,87,66,11,21,9,23
1400000US36047113400,"Census Tract 1134, Kings County, New York",Brooklyn,1685,270,34,31,0,14,0,14,0,14,0,14,0,14,11,16,0,14,28,44,0,14,77,87,12,26,71,79,36,40,14,20,527,173,125,67,97,75,314,196,120,95,116,96,103,80,0,14,0,14
1400000US36047114201,"Census Tract 1142.01, Kings County, New York",Brooklyn,1260,242,43,33,0,14,0,14,0,14,47,54,35,56,0,14,5,8,0,14,0,14,35,43,12,22,6,10,0,14,120,97,433,138,58,51,21,25,225,206,60,76,112,74,35,33,0,14,13,21
1400000US36047114202,"Census Tract 1142.02, Kings County, New York",Brooklyn,1485,240,52,61,0,14,0,14,0,14,0,14,0,14,0,14,0,14,0,14,0,14,16,23,50,43,45,57,74,67,0,14,535,218,29,22,90,62,218,112,112,72,127,82,99,67,25,38,13,19
1400000US36047114400,"Census Tract 1144, Kings County, New York",Brooklyn,1765,364,43,33,0,14,0,14,0,14,0,14,0,14,0,14,0,14,0,14,10,15,3,6,5,8,55,43,115,98,19,22,518,198,106,77,47,43,241,124,92,62,362,265,84,67,65,73,0,14
1400000US36047114600,"Census Tract 1146, Kings County, New York",Brooklyn,2210,562,141,112,0,14,0,14,0,14,2,36,0,14,23,24,9,14,9,13,0,14,23,39,62,52,61,52,13,23,76,80,685,191,118,80,13,23,387,262,209,97,242,117,100,64,37,65,0,14
1400000US36047115000,"Census Tract 1150, Kings County, New York",Brooklyn,1934,330,114,94,0,14,71,105,0,14,10,24,0,14,0,14,54,85,18,23,43,68,24,41,18,28,0,14,17,24,60,42,350,115,89,66,123,78,278,137,327,163,275,158,0,14,30,30,33,33
1400000US36047115200,"Census Tract 1152, Kings County, New York",Brooklyn,1651,396,136,122,0,14,0,14,0,14,0,14,0,14,0,14,0,14,0,14,55,85,38,60,0,14,103,134,63,69,24,38,338,240,93,81,27,45,58,92,108,130,553,240,46,55,0,14,9,15
1400000US36047115600,"Census Tract 1156, Kings County, New York",Brooklyn,2829,376,100,84,53,79,0,14,0,14,50,78,38,54,0,14,21,28,21,35,17,31,17,29,187,159,186,125,117,108,152,111,855,384,233,132,144,96,100,80,376,216,111,118,51,75,0,14,0,14
1400000US36047115800,"Census Tract 1158, Kings County, New York",Brooklyn,1740,350,203,147,0,14,0,14,0,14,0,14,0,14,0,14,0,14,0,14,0,14,41,47,9,14,27,56,127,183,96,70,290,144,109,107,212,118,179,93,252,209,144,105,0,14,51,57,0,14
1400000US36047116000,"Census Tract 1160, Kings County, New York",Brooklyn,1829,341,35,38,0,14,0,14,0,14,0,14,0,14,0,14,0,14,16,25,25,35,136,87,25,30,15,22,0,14,23,34,738,229,87,54,114,92,188,124,116,70,255,120,56,53,0,14,0,14
1400000US36047116200,"Census Tract 1162, Kings County, New York",Brooklyn,1921,473,78,49,0,14,0,14,0,14,0,14,0,14,34,39,9,18,12,20,0,14,24,18,46,63,49,44,20,26,56,43,767,310,104,53,26,34,103,56,140,88,250,142,161,117,0,14,42,44
1400000US36047116400,"Census Tract 1164, Kings County, New York",Brooklyn,2628,555,105,115,0,14,0,14,0,14,0,14,0,14,0,14,25,38,0,14,1,14,15,25,0,14,42,61,69,59,1,16,920,294,117,74,110,82,403,201,109,85,442,256,87,120,11,16,171,220
1400000US36047116600,"Census Tract 1166, Kings County, New York",Brooklyn,1906,429,307,268,0,14,0,14,0,14,0,14,0,14,14,24,0,14,28,42,0,14,0,14,14,29,0,14,15,27,122,141,804,210,72,87,76,72,99,71,166,141,179,143,10,15,0,14,0,14
1400000US36047116800,"Census Tract 1168, Kings County, New York",Brooklyn,1514,278,92,137,0,14,0,14,0,14,0,14,0,14,0,14,0,14,29,33,0,14,0,14,7,11,3,8,13,60,0,14,676,177,147,98,18,30,192,137,29,45,274,105,34,41,0,14,0,14
1400000US36047117000,"Census Tract 1170, Kings County, New York",Brooklyn,1444,473,103,72,0,14,0,14,0,14,0,14,0,14,0,14,30,47,0,14,155,201,34,39,29,40,32,45,58,61,40,37,532,330,27,37,120,164,87,66,43,64,43,40,111,85,0,14,0,14
1400000US36047117201,"Census Tract 1172.01, Kings County, New York",Brooklyn,1328,265,144,82,0,14,50,50,0,14,1,5,0,14,7,12,0,14,7,12,0,14,9,13,23,26,38,38,0,14,73,68,327,98,100,34,54,41,55,48,83,71,250,130,107,59,0,14,0,14
1400000US36047117202,"Census Tract 1172.02, Kings County, New York",Brooklyn,3275,1085,59,74,0,14,0,14,0,14,0,14,0,14,0,14,39,54,68,79,0,14,101,80,60,69,78,94,418,392,19,40,1105,720,229,144,160,84,315,208,144,101,204,123,184,147,39,58,53,86
1400000US36047117400,"Census Tract 1174, Kings County, New York",Brooklyn,2548,582,178,116,1,9,0,14,0,14,0,14,0,14,0,14,20,41,88,94,0,14,201,262,0,14,26,40,142,99,40,49,960,352,23,33,93,97,132,133,75,55,429,247,121,99,19,32,0,14
1400000US36047117601,"Census Tract 1176.01, Kings County, New York",Brooklyn,1942,578,116,82,4,8,0,14,0,14,0,14,0,14,10,15,0,14,10,16,38,41,19,29,24,26,15,17,27,40,45,48,646,270,163,143,72,49,244,116,233,197,124,77,114,152,38,52,0,14
1400000US36047117602,"Census Tract 1176.02, Kings County, New York",Brooklyn,2108,475,9,14,0,14,31,53,0,14,24,35,0,14,0,14,0,14,41,40,0,14,21,130,43,49,9,16,8,14,30,53,507,249,81,80,135,97,319,146,156,100,493,333,201,118,0,14,0,14
1400000US36047117800,"Census Tract 1178, Kings County, New York",Brooklyn,1217,327,67,59,0,14,0,14,0,14,0,14,0,14,0,14,27,46,0,14,20,26,132,120,0,14,144,156,0,14,102,122,379,140,57,48,59,56,82,64,8,12,140,97,0,14,0,14,0,14
1400000US36047118000,"Census Tract 1180, Kings County, New York",Brooklyn,0,14,0,14,0,14,0,14,0,14,0,14,0,14,0,14,0,14,0,14,0,14,0,14,0,14,0,14,0,14,0,14,0,14,0,14,0,14,0,14,0,14,0,14,0,14,0,14,0,14
1400000US36047118201,"Census Tract 1182.01, Kings County, New York",Brooklyn,2071,343,177,135,0,14,0,14,0,14,0,14,0,14,11,17,0,14,83,70,0,14,65,55,51,46,65,68,0,14,39,54,936,343,34,28,131,121,77,49,99,65,267,138,26,26,10,15,0,14
1400000US36047118202,"Census Tract 1182.02, Kings County, New York",Brooklyn,2184,361,182,114,0,14,0,14,0,14,0,14,12,19,0,14,12,18,21,35,0,14,94,113,21,22,61,40,27,32,160,133,911,225,61,50,110,60,140,89,126,94,168,71,78,63,0,14,0,14
1400000US36047118400,"Census Tract 1184, Kings County, New York",Brooklyn,3716,739,39,60,0,14,0,14,15,25,25,39,27,42,0,14,140,110,342,379,0,14,186,160,65,81,200,161,14,22,190,166,1477,505,161,132,10,41,189,149,133,104,335,260,168,164,0,14,0,14
1400000US36047118600,"Census Tract 1186, Kings County, New York",Brooklyn,2359,499,72,52,0,14,0,14,0,14,0,14,20,32,0,14,15,26,59,48,18,25,3,5,31,32,25,27,30,30,434,364,887,238,177,96,87,61,87,47,86,92,240,91,69,51,9,13,10,15
1400000US36047118800,"Census Tract 1188, Kings County, New York",Brooklyn,3027,584,244,179,0,14,13,21,0,14,0,14,0,14,32,52,59,64,20,26,16,24,154,144,37,56,64,106,55,72,148,87,1080,407,241,132,80,67,197,131,173,110,277,144,91,85,46,55,0,14
1400000US36047119000,"Census Tract 1190, Kings County, New York",Brooklyn,1087,251,32,7,0,14,30,7,0,14,0,14,12,29,0,14,70,72,0,14,0,14,14,21,17,27,33,54,14,22,60,52,239,116,8,14,15,23,87,77,223,130,205,132,28,36,0,14,0,14
1400000US36047119200,"Census Tract 1192, Kings County, New York",Brooklyn,2342,377,90,75,0,14,0,14,0,14,0,14,23,42,11,17,24,39,59,53,0,14,4,7,0,14,0,14,39,52,71,68,1011,406,215,226,37,45,280,189,128,121,198,114,104,103,0,14,48,42
1400000US36047119400,"Census Tract 1194, Kings County, New York",Brooklyn,3450,840,250,257,0,14,0,14,0,14,0,14,11,19,5,11,0,14,4,10,0,14,55,86,0,14,66,124,35,55,105,91,1190,499,113,104,160,129,297,284,235,215,731,316,193,142,0,14,0,14
1400000US36047119600,"Census Tract 1196, Kings County, New York",Brooklyn,3989,651,284,311,0,19,0,19,0,19,0,19,0,19,47,74,84,86,0,19,22,46,164,104,59,92,106,103,0,19,313,241,1604,427,336,184,74,77,227,159,138,104,384,208,122,89,25,40,0,19
1400000US36047119800,"Census Tract 1198, Kings County, New York",Brooklyn,2423,736,3,23,0,14,0,14,0,14,0,14,0,14,50,70,0,14,76,87,0,14,71,66,63,73,25,19,71,109,110,62,833,354,80,77,84,81,593,425,74,109,91,62,139,127,0,14,60,95
1400000US36047120000,"Census Tract 1200, Kings County, New York",Brooklyn,1852,389,10,16,0,14,0,14,0,14,0,14,0,14,14,18,0,14,27,28,0,14,15,22,38,16,23,28,10,15,64,44,948,366,151,90,77,55,86,60,76,71,161,72,152,101,0,14,0,14
1400000US36047120200,"Census Tract 1202, Kings County, New York",Brooklyn,1302,295,23,33,0,14,0,14,0,14,0,14,19,34,0,14,14,17,0,14,0,14,7,17,0,14,43,40,13,19,71,45,469,199,167,132,20,22,127,68,92,64,121,74,91,71,25,36,0,14
1400000US36047120801,"Census Tract 1208.01, Kings County, New York",Brooklyn,3311,688,75,47,0,14,0,14,0,14,0,14,0,14,0,14,14,22,0,14,0,14,8,11,74,84,86,61,56,35,109,63,1070,423,186,120,96,84,61,59,163,109,796,269,460,274,57,61,0,14
1400000US36047120802,"Census Tract 1208.02, Kings County, New York",Brooklyn,2716,518,90,76,0,19,0,19,0,19,0,19,0,19,0,19,0,19,0,19,0,19,0,19,0,19,16,26,60,69,158,184,1085,263,68,54,285,380,366,212,246,248,308,170,34,37,0,19,0,19
1400000US36047120803,"Census Tract 1208.03, Kings County, New York",Brooklyn,1087,164,0,14,0,14,0,14,0,14,0,14,11,12,3,8,28,37,4,7,3,10,18,16,5,9,29,34,22,15,37,43,450,132,40,40,63,48,150,81,32,38,159,113,16,20,13,20,4,9
1400000US36047121000,"Census Tract 1210, Kings County, New York",Brooklyn,2004,312,243,108,0,14,0,14,0,14,0,14,0,14,59,87,76,117,39,46,0,14,30,33,33,51,0,14,92,83,62,72,560,243,171,107,34,39,303,163,195,122,43,69,64,56,0,14,0,14
1400000US36047121400,"Census Tract 1214, Kings County, New York",Brooklyn,2467,371,44,44,20,35,0,14,0,14,0,14,0,14,0,14,19,34,14,20,13,24,27,43,0,14,60,58,176,108,0,14,1009,304,61,52,249,152,247,189,292,144,219,157,17,27,0,14,0,14
1400000US36047122000,"Census Tract 1220, Kings County, New York",Brooklyn,4527,666,168,194,0,19,0,19,0,19,0,19,0,19,0,19,0,19,0,19,0,19,0,19,135,186,0,19,90,109,146,152,2147,631,156,118,0,19,214,183,564,295,640,320,267,228,0,19,0,19
1400000US36047123700,"Census Tract 1237, Kings County, New York",Brooklyn,2897,493,0,19,0,19,0,19,0,19,0,19,0,19,50,81,23,35,53,85,0,19,72,86,0,19,0,19,357,197,389,207,856,307,155,147,166,133,362,184,61,75,160,150,193,131,0,19,0,19
1400000US36047150200,"Census Tract 1502, Kings County, New York",Brooklyn,1931,249,69,54,0,14,0,14,0,14,0,14,0,14,0,14,0,14,0,14,0,14,0,14,9,14,0,14,0,14,8,11,268,120,0,14,27,25,110,54,63,41,782,204,391,134,121,60,83,51
1400000US36047152200,"Census Tract 1522, Kings County, New York",Brooklyn,2310,574,1,3,0,14,0,14,0,14,0,14,0,14,13,20,0,14,0,14,0,14,67,97,0,14,3,4,22,25,0,14,101,65,37,25,6,14,68,47,127,80,680,154,431,127,645,546,109,83
1400000US36047990100,"Census Tract 9901, Kings County, New York",Brooklyn,0,14,0,14,0,14,0,14,0,14,0,14,0,14,0,14,0,14,0,14,0,14,0,14,0,14,0,14,0,14,0,14,0,14,0,14,0,14,0,14,0,14,0,14,0,14,0,14,0,14
1400000US36061000100,"Census Tract 1, New York County, New York",Manhattan,0,14,0,14,0,14,0,14,0,14,0,14,0,14,0,14,0,14,0,14,0,14,0,14,0,14,0,14,0,14,0,14,0,14,0,14,0,14,0,14,0,14,0,14,0,14,0,14,0,14
1400000US36061000201,"Census Tract 2.01, New York County, New York",Manhattan,1466,257,151,74,0,14,0,14,0,14,5,13,4,7,0,14,38,42,88,63,5,10,30,37,94,75,55,33,32,36,100,139,196,61,139,102,88,74,191,91,126,81,89,52,35,41,0,14,0,14
1400000US36061000202,"Census Tract 2.02, New York County, New York",Manhattan,5077,538,225,151,0,19,0,19,13,39,32,59,1,2,0,19,12,22,78,95,0,19,0,19,227,115,41,50,151,137,410,330,652,289,400,173,149,93,434,222,251,130,1208,300,687,298,46,45,60,71
1400000US36061000500,"Census Tract 5, New York County, New York",Manhattan,0,14,0,14,0,14,0,14,0,14,0,14,0,14,0,14,0,14,0,14,0,14,0,14,0,14,0,14,0,14,0,14,0,14,0,14,0,14,0,14,0,14,0,14,0,14,0,14,0,14
1400000US36061000600,"Census Tract 6, New York County, New York",Manhattan,8762,1245,745,301,0,21,0,21,0,21,0,21,135,133,38,55,19,34,619,270,0,21,106,103,598,404,278,318,61,97,655,298,1703,688,515,487,325,270,497,277,171,129,1466,549,823,514,0,21,8,13
1400000US36061000700,"Census Tract 7, New York County, New York",Manhattan,7244,988,9,17,0,19,0,19,0,19,0,19,0,19,0,19,49,83,0,19,0,19,0,19,0,19,55,90,6,14,0,19,285,237,125,153,169,217,264,249,26,42,3599,729,1655,413,875,352,127,159
1400000US36061000800,"Census Tract 8, New York County, New York",Manhattan,7668,1250,536,268,0,19,0,19,0,19,42,49,0,19,58,73,113,180,303,234,0,19,17,28,1153,748,325,373,70,83,620,342,1018,500,635,491,68,66,270,175,326,254,1922,651,131,101,61,63,0,19
1400000US36061000900,"Census Tract 9, New York County, New York",Manhattan,1567,283,0,14,0,14,0,14,0,14,0,14,0,14,0,14,0,14,0,14,0,14,0,14,0,14,0,14,11,24,6,8,30,34,10,24,42,30,37,36,38,35,737,264,440,100,186,74,30,26
1400000US36061001001,"Census Tract 10.01, New York County, New York",Manhattan,1351,127,0,14,0,14,0,14,0,14,0,14,0,14,0,14,0,14,0,14,0,14,0,14,0,14,0,14,24,35,0,14,118,62,17,20,5,7,135,56,108,58,510,127,358,80,39,33,37,22
1400000US36061001002,"Census Tract 10.02, New York County, New York",Manhattan,4152,563,535,409,0,19,0,19,0,19,0,19,97,125,133,176,58,81,237,164,32,59,36,39,289,196,170,106,40,36,216,108,839,262,345,183,262,169,413,221,92,99,239,171,109,98,10,18,0,19
1400000US36061001200,"Census Tract 12, New York County, New York",Manhattan,3211,450,18,28,0,14,0,14,0,14,0,14,0,14,1,3,0,14,15,18,0,14,24,24,72,94,0,14,0,14,178,92,235,185,82,68,109,71,250,111,145,91,1045,232,811,247,179,122,47,37
1400000US36061001300,"Census Tract 13, New York County, New York",Manhattan,4038,558,0,19,0,19,0,19,0,19,0,19,0,19,0,19,0,19,0,19,0,19,0,19,0,19,0,19,0,19,0,19,153,120,0,19,91,102,227,192,38,60,1616,353,1364,358,391,215,158,142
1400000US36061001401,"Census Tract 14.01, New York County, New York",Manhattan,3014,494,0,14,0,14,0,14,0,14,0,14,0,14,0,14,0,14,0,14,31,35,1,2,0,14,0,14,42,52,34,31,345,151,15,18,115,80,188,97,269,177,1045,285,732,204,76,44,121,88
1400000US36061001402,"Census Tract 14.02, New York County, New York",Manhattan,2800,581,273,123,0,14,0,14,0,14,0,14,161,284,7,13,0,14,147,228,8,17,7,15,42,60,31,39,6,10,88,77,200,88,32,30,77,68,281,146,152,109,940,233,103,66,159,133,86,87
1400000US36061001501,"Census Tract 15.01, New York County, New York",Manhattan,5527,1123,117,119,0,19,0,19,0,19,0,19,34,54,0,19,0,19,58,62,328,482,0,19,0,19,112,104,36,58,49,65,541,276,64,61,242,167,201,179,370,189,1515,416,1463,436,311,143,86,80
1400000US36061001502,"Census Tract 15.02, New York County, New York",Manhattan,5640,855,21,35,0,19,0,19,0,19,0,19,0,19,0,19,0,19,0,19,0,19,0,19,0,19,17,37,0,19,0,19,262,187,0,19,84,83,48,55,58,70,3508,843,1006,290,552,281,84,55
1400000US36061001600,"Census Tract 16, New York County, New York",Manhattan,6081,1060,732,391,0,19,0,19,13,22,20,31,31,36,0,19,20,33,517,364,0,19,85,70,783,669,60,55,25,38,266,112,479,197,127,108,39,43,226,153,102,72,1745,535,591,227,176,181,44,51
1400000US36061001800,"Census Tract 18, New York County, New York",Manhattan,5544,789,396,222,0,19,0,19,0,19,43,68,43,39,75,78,13,16,253,211,33,53,199,189,300,230,56,53,0,19,109,94,318,137,91,70,55,58,407,222,132,113,2421,677,407,200,126,101,67,64
1400000US36061002000,"Census Tract 20, New York County, New York",Manhattan,3519,718,387,197,0,19,0,19,12,20,0,19,23,24,0,19,111,109,57,87,33,37,59,60,302,169,65,93,56,67,263,138,1168,501,225,137,53,51,186,126,316,197,197,123,0,19,0,19,6,11
1400000US36061002100,"Census Tract 21, New York County, New York",Manhattan,5242,651,0,19,0,19,0,19,0,19,0,19,0,19,0,19,0,19,0,19,0,19,0,19,0,19,0,19,0,19,13,24,188,163,81,113,192,148,99,92,102,96,2277,485,1561,477,666,284,63,54
1400000US36061002201,"Census Tract 22.01, New York County, New York",Manhattan,4544,493,155,138,0,19,0,19,54,64,0,19,98,97,0,19,0,19,0,19,0,19,62,51,137,189,25,37,89,86,427,327,958,330,283,192,236,147,198,130,167,102,1088,328,479,261,18,39,70,67
1400000US36061002202,"Census Tract 22.02, New York County, New York",Manhattan,2017,541,24,29,0,14,0,14,0,14,0,14,4,11,0,14,0,14,0,14,0,14,0,14,38,56,0,14,0,14,10,24,158,105,100,89,69,60,140,72,172,127,834,266,394,283,66,44,8,13
1400000US36061002400,"Census Tract 24, New York County, New York",Manhattan,3227,568,301,113,0,14,0,14,0,14,0,14,0,14,31,40,0,14,195,151,0,14,152,174,56,43,45,45,110,72,199,124,905,231,207,150,147,99,239,120,113,112,394,361,129,101,0,14,4,7
1400000US36061002500,"Census Tract 25, New York County, New York",Manhattan,3280,314,386,169,0,14,0,14,0,14,0,14,0,14,19,23,23,24,146,123,43,34,81,36,233,115,125,69,189,115,293,151,547,179,245,151,115,70,350,142,145,84,143,86,73,61,30,33,94,103
1400000US36061002601,"Census Tract 26.01, New York County, New York",Manhattan,3407,697,108,69,40,64,0,14,0,14,0,14,0,14,72,113,0,14,50,50,5,10,16,22,180,146,59,55,39,45,97,94,599,287,364,139,141,87,387,143,235,179,558,195,165,86,6,12,286,426
1400000US36061002602,"Census Tract 26.02, New York County, New York",Manhattan,2795,577,55,93,0,14,0,14,0,14,1,6,0,14,0,14,0,14,0,14,36,58,0,14,48,61,0,14,47,42,32,46,193,151,49,38,96,96,142,106,236,152,987,294,572,406,77,60,224,159
1400000US36061002700,"Census Tract 27, New York County, New York",Manhattan,984,287,42,33,0,14,0,14,5,8,0,14,0,14,0,14,11,11,24,15,6,9,6,7,15,14,11,20,0,14,69,35,114,59,6,12,7,10,29,27,32,31,408,235,174,67,18,20,7,9
1400000US36061002800,"Census Tract 28, New York County, New York",Manhattan,5399,889,180,124,0,19,0,19,0,19,0,19,0,19,0,19,0,19,40,48,65,76,89,98,132,181,0,19,25,32,62,56,685,241,175,118,480,225,332,170,264,144,1984,667,417,215,237,152,232,236
1400000US36061002901,"Census Tract 29.01, New York County, New York",Manhattan,507,70,19,21,0,14,0,14,19,21,0,14,0,14,19,21,0,14,9,22,0,14,33,26,72,52,6,14,33,23,31,49,157,93,50,23,0,14,15,25,36,33,6,14,1,3,0,14,1,3
1400000US36061002902,"Census Tract 29.02, New York County, New York",Manhattan,3072,801,119,95,0,14,0,14,0,14,0,14,0,14,0,14,73,66,31,48,0,14,80,88,137,132,56,87,28,46,420,168,167,99,20,29,202,174,350,258,67,60,1029,522,209,127,54,69,30,36
1400000US36061003001,"Census Tract 30.01, New York County, New York",Manhattan,3065,433,36,59,0,14,0,14,0,14,0,14,9,15,0,14,34,55,118,122,10,24,0,14,46,50,24,42,0,14,104,111,348,270,24,36,238,152,135,84,113,98,1246,320,330,164,182,120,68,67
1400000US36061003002,"Census Tract 30.02, New York County, New York",Manhattan,2413,270,57,49,0,14,0,14,0,14,0,14,11,16,0,14,15,23,0,14,13,21,106,93,0,14,15,20,4,6,76,57,204,109,68,86,28,28,147,79,142,94,986,246,473,165,48,32,20,23
1400000US36061003100,"Census Tract 31, New York County, New York",Manhattan,1464,301,31,38,0,14,0,14,0,14,0,14,0,14,0,14,0,14,33,30,0,14,18,22,31,53,11,6,7,15,40,43,206,199,3,8,20,18,33,25,14,12,650,160,266,85,79,44,22,22
1400000US36061003200,"Census Tract 32, New York County, New York",Manhattan,6502,1090,92,133,0,19,0,19,0,19,0,19,0,19,0,19,0,19,0,19,0,19,29,49,28,55,21,49,27,60,0,19,202,137,122,132,116,141,488,304,323,291,3728,1032,1174,439,78,93,74,73
1400000US36061003300,"Census Tract 33, New York County, New York",Manhattan,4643,619,12,21,0,19,0,19,0,19,15,27,0,19,0,19,0,19,0,19,0,19,0,19,0,19,0,19,0,19,36,52,0,19,0,19,67,63,95,84,36,61,2785,577,883,285,441,207,273,271
1400000US36061003400,"Census Tract 34, New York County, New York",Manhattan,5226,975,200,185,150,223,0,19,0,19,0,19,49,71,0,19,0,19,9,18,0,19,0,19,0,19,8,20,75,124,18,54,199,184,43,57,48,69,176,140,205,236,2465,745,1213,520,0,19,368,268
1400000US36061003601,"Census Tract 36.01, New York County, New York",Manhattan,2555,391,117,71,0,14,0,14,0,14,0,14,47,37,21,32,52,41,94,83,0,14,43,53,106,89,29,38,49,51,38,64,308,156,137,82,60,56,251,128,85,72,741,280,245,158,39,40,93,98
1400000US36061003602,"Census Tract 36.02, New York County, New York",Manhattan,2665,374,51,55,0,14,0,14,0,14,0,14,0,14,0,14,0,14,18,21,0,14,40,54,54,80,51,37,48,60,17,27,239,126,89,63,32,43,208,134,158,111,1109,255,484,172,34,31,33,24
1400000US36061003700,"Census Tract 37, New York County, New York",Manhattan,2857,626,0,14,0,14,0,14,0,14,0,14,0,14,0,14,0,14,0,14,0,14,0,14,0,14,18,28,0,14,0,14,51,57,0,14,0,14,133,112,31,31,1714,615,558,224,212,116,140,173
1400000US36061003800,"Census Tract 38, New York County, New York",Manhattan,5645,1225,31,48,0,19,0,19,0,19,0,19,0,19,0,19,82,111,0,19,0,19,39,62,0,19,6,8,0,19,0,19,242,150,32,27,238,222,437,225,155,163,2858,752,586,307,570,677,369,258
1400000US36061003900,"Census Tract 39, New York County, New York",Manhattan,4668,1081,0,19,0,19,0,19,0,19,0,19,0,19,0,19,0,19,0,19,0,19,32,51,24,43,0,19,0,19,4,8,779,534,0,19,3,6,321,181,127,123,1960,741,817,233,534,221,67,57
1400000US36061004001,"Census Tract 40.01, New York County, New York",Manhattan,2222,428,0,14,0,14,0,14,0,14,0,14,0,14,0,14,0,14,8,19,0,14,9,17,0,14,0,14,0,14,0,14,210,137,0,14,9,17,245,152,8,17,962,318,511,254,177,115,83,75
1400000US36061004002,"Census Tract 40.02, New York County, New York",Manhattan,3983,1703,51,65,0,19,0,19,0,19,0,19,0,19,0,19,0,19,0,19,0,19,0,19,0,19,0,19,0,19,19,32,211,137,0,19,125,112,155,104,0,19,2215,1563,616,198,269,156,322,423
1400000US36061004100,"Census Tract 41, New York County, New York",Manhattan,5078,1257,239,146,0,19,0,19,0,19,0,19,0,19,0,19,54,86,98,120,28,36,3,15,360,312,35,81,16,29,82,87,498,285,105,110,59,62,159,132,101,80,1971,744,627,262,603,478,40,46
1400000US36061004200,"Census Tract 42, New York County, New York",Manhattan,1874,338,80,78,0,19,0,19,0,19,0,19,0,19,0,19,0,19,0,19,0,19,0,19,0,19,9,15,7,13,55,62,90,82,0,19,0,19,84,74,11,18,735,262,487,158,162,93,154,95
1400000US36061004300,"Census Tract 43, New York County, New York",Manhattan,3070,545,152,125,0,14,0,14,0,14,0,14,0,14,0,14,0,14,13,25,0,14,30,49,0,14,3,4,22,33,72,77,116,94,11,16,0,14,189,131,100,73,1459,517,576,224,326,174,1,2
1400000US36061004400,"Census Tract 44, New York County, New York",Manhattan,13888,1940,336,256,0,21,0,21,0,21,0,21,0,21,0,21,0,21,26,62,0,21,0,21,0,21,0,21,68,110,0,21,158,140,0,21,162,174,1120,811,284,242,6355,1446,4046,1134,914,455,419,416
1400000US36061004500,"Census Tract 45, New York County, New York",Manhattan,692,129,32,27,0,14,0,14,0,14,0,14,0,14,0,14,0,14,0,14,0,14,0,14,0,14,0,14,0,14,0,14,27,29,0,14,18,18,5,8,1,2,411,99,140,59,48,41,10,14
1400000US36061004700,"Census Tract 47, New York County, New York",Manhattan,1841,441,0,14,0,14,0,14,0,14,0,14,0,14,0,14,0,14,0,14,0,14,0,14,0,14,0,14,0,14,0,14,35,52,0,14,0,14,85,70,39,36,1018,455,511,205,90,59,63,50
1400000US36061004800,"Census Tract 48, New York County, New York",Manhattan,4593,582,41,45,0,19,0,19,0,19,0,19,0,19,0,19,0,19,0,19,0,19,4,8,16,26,43,41,9,15,0,19,164,122,57,57,37,56,130,77,152,147,1892,399,1269,383,530,232,249,117
1400000US36061004900,"Census Tract 49, New York County, New York",Manhattan,3569,766,0,14,0,14,0,14,0,14,0,14,0,14,0,14,0,14,0,14,0,14,0,14,0,14,0,14,0,14,0,14,204,154,0,14,17,28,121,81,77,66,1965,655,744,248,264,136,177,93
1400000US36061005000,"Census Tract 50, New York County, New York",Manhattan,3861,524,88,113,0,14,0,14,0,14,0,14,0,14,0,14,0,14,0,14,0,14,23,35,0,14,0,14,0,14,0,14,21,35,51,57,42,46,19,30,106,125,1604,378,1264,321,551,233,92,65
1400000US36061005200,"Census Tract 52, New York County, New York",Manhattan,2183,312,26,38,0,14,0,14,0,14,0,14,0,14,0,14,0,14,0,14,0,14,0,14,0,14,0,14,0,14,10,17,31,28,9,16,20,26,44,35,68,46,750,170,826,199,318,138,81,58
1400000US36061005400,"Census Tract 54, New York County, New York",Manhattan,3944,539,0,14,0,14,0,14,0,14,0,14,0,14,0,14,0,14,21,46,0,14,0,14,5,9,9,21,0,14,0,14,60,55,0,14,7,17,196,119,0,14,1613,333,1463,457,387,229,183,108
1400000US36061005501,"Census Tract 55.01, New York County, New York",Manhattan,4081,589,47,74,0,19,0,19,0,19,0,19,0,19,0,19,0,19,0,19,0,19,0,19,0,19,0,19,0,19,13,24,200,177,0,19,87,97,63,66,107,120,1599,354,454,175,430,220,1081,346
1400000US36061005502,"Census Tract 55.02, New York County, New York",Manhattan,1535,243,0,14,0,14,0,14,0,14,0,14,0,14,0,14,0,14,0,14,0,14,0,14,0,14,0,14,8,22,0,14,75,62,49,75,9,14,43,35,11,17,677,211,459,158,167,110,37,40
1400000US36061005600,"Census Tract 56, New York County, New York",Manhattan,3333,703,41,62,0,14,0,14,0,14,0,14,0,14,0,14,0,14,0,14,0,14,0,14,45,90,120,186,94,126,5,20,523,374,27,45,159,148,226,236,76,60,981,247,703,278,292,156,41,41
1400000US36061005700,"Census Tract 57, New York County, New York",Manhattan,2005,439,40,63,0,14,0,14,0,14,0,14,0,14,0,14,0,14,0,14,0,14,0,14,0,14,0,14,0,14,0,14,26,25,0,14,6,10,76,55,71,51,826,187,572,337,307,105,81,46
1400000US36061005800,"Census Tract 58, New York County, New York",Manhattan,3286,451,89,99,0,14,0,14,0,14,0,14,0,14,0,14,0,14,0,14,0,14,0,14,0,14,0,14,0,14,25,38,60,71,0,14,26,42,174,168,77,73,1498,297,782,294,495,213,60,76
1400000US36061005900,"Census Tract 59, New York County, New York",Manhattan,3569,555,24,38,0,19,0,19,0,19,0,19,0,19,0,19,0,19,0,19,0,19,0,19,0,19,27,43,0,19,0,19,68,74,0,19,0,19,69,55,0,19,1573,377,1169,351,348,157,291,172
1400000US36061006000,"Census Tract 60, New York County, New York",Manhattan,3639,477,100,132,0,19,0,19,0,19,0,19,0,19,0,19,0,19,0,19,0,19,0,19,16,26,0,19,0,19,14,23,79,66,19,31,32,40,94,66,90,67,1417,345,1083,269,332,173,363,197
1400000US36061006100,"Census Tract 61, New York County, New York",Manhattan,3011,598,0,19,0,19,0,19,0,19,0,19,0,19,0,19,0,19,0,19,0,19,0,19,0,19,0,19,0,19,0,19,6,10,72,54,121,74,38,43,47,47,1479,561,810,236,369,170,69,91
1400000US36061006200,"Census Tract 62, New York County, New York",Manhattan,2574,355,0,14,0,14,0,14,0,14,0,14,0,14,13,14,0,14,0,14,0,14,9,18,32,32,54,47,7,27,0,14,256,114,109,72,9,28,105,63,72,46,917,296,487,188,334,121,170,87
1400000US36061006300,"Census Tract 63, New York County, New York",Manhattan,4795,591,21,33,0,19,0,19,0,19,0,19,0,19,0,19,0,19,0,19,0,19,0,19,0,19,2,5,9,15,0,19,202,132,92,142,70,58,234,119,19,32,2084,431,1389,347,430,211,243,122
1400000US36061006400,"Census Tract 64, New York County, New York",Manhattan,5959,970,49,100,0,19,30,46,0,19,0,19,0,19,0,19,0,19,33,50,0,19,0,19,130,166,248,315,0,19,0,19,278,175,0,19,55,62,414,363,185,188,2692,561,861,398,793,298,191,138
1400000US36061006500,"Census Tract 65, New York County, New York",Manhattan,4187,746,20,31,0,19,0,19,0,19,0,19,0,19,0,19,0,19,0,19,0,19,0,19,0,19,46,62,0,19,0,19,133,114,18,24,0,19,148,115,1,4,2544,565,759,345,382,190,136,101
1400000US36061006600,"Census Tract 66, New York County, New York",Manhattan,9412,1749,4,8,0,21,0,21,87,150,0,21,0,21,0,21,0,21,0,21,0,21,3,9,0,21,16,30,44,57,26,40,1382,695,167,168,585,449,1052,604,95,110,3441,637,1779,951,640,563,91,111
1400000US36061006700,"Census Tract 67, New York County, New York",Manhattan,4391,867,9,18,0,14,0,14,0,14,0,14,0,14,0,14,0,14,8,14,0,14,44,59,0,14,0,14,0,14,0,14,180,88,33,43,41,42,314,160,0,14,2711,817,782,247,215,148,54,54
1400000US36061006800,"Census Tract 68, New York County, New York",Manhattan,4466,734,18,30,0,19,0,19,0,19,0,19,0,19,0,19,3,8,0,19,0,19,0,19,20,39,12,17,20,42,0,19,190,161,87,87,50,82,250,193,173,164,2426,601,803,339,396,333,18,30
1400000US36061006900,"Census Tract 69, New York County, New York",Manhattan,2083,307,0,14,0,14,0,14,0,14,0,14,0,14,0,14,0,14,0,14,0,14,0,14,0,14,0,14,37,46,0,14,29,45,9,19,11,17,125,86,6,11,1179,236,425,125,217,94,45,33
1400000US36061007001,"Census Tract 70.01, New York County, New York",Manhattan,3124,769,53,103,0,14,0,14,0,14,0,14,0,14,0,14,0,14,2,4,0,14,0,14,0,14,0,14,0,14,16,29,58,64,0,14,49,73,26,48,84,74,1556,734,733,210,325,125,222,48
1400000US36061007002,"Census Tract 70.02, New York County, New York",Manhattan,2597,449,0,14,0,14,0,14,0,14,0,14,0,14,0,14,0,14,9,20,0,14,0,14,0,14,0,14,0,14,0,14,57,63,19,27,47,55,47,43,129,121,1100,254,696,185,331,189,162,145
1400000US36061007100,"Census Tract 71, New York County, New York",Manhattan,4029,889,106,104,0,19,0,19,0,19,0,19,0,19,0,19,0,19,0,19,0,19,0,19,0,19,0,19,0,19,0,19,263,305,17,33,84,107,203,160,39,44,1841,426,845,264,563,282,68,56
1400000US36061007200,"Census Tract 72, New York County, New York",Manhattan,5373,852,147,149,0,19,0,19,0,19,0,19,0,19,0,19,0,19,0,19,0,19,12,19,4,16,0,19,2,6,7,22,282,170,39,30,186,162,155,104,12,19,1957,510,1649,546,663,352,258,180
1400000US36061007300,"Census Tract 73, New York County, New York",Manhattan,4761,756,29,49,0,19,0,19,0,19,0,19,0,19,0,19,0,19,0,19,0,19,0,19,0,19,0,19,0,19,0,19,211,198,11,25,357,416,271,196,65,77,2342,592,867,411,331,245,277,212
1400000US36061007400,"Census Tract 74, New York County, New York",Manhattan,4283,576,0,19,0,19,0,19,0,19,0,19,0,19,0,19,0,19,0,19,0,19,12,22,26,45,34,66,37,37,26,23,184,175,37,36,30,47,155,145,110,116,1350,389,1769,421,364,200,149,107
1400000US36061007500,"Census Tract 75, New York County, New York",Manhattan,3399,558,23,38,0,14,0,14,0,14,0,14,0,14,0,14,0,14,0,14,0,14,0,14,19,31,24,39,2,5,21,35,424,352,22,28,77,64,249,188,21,33,1218,355,980,303,192,93,127,98
1400000US36061007600,"Census Tract 76, New York County, New York",Manhattan,1867,250,0,14,0,14,0,14,0,14,0,14,0,14,0,14,0,14,0,14,0,14,1,11,51,84,8,29,0,14,0,14,36,41,74,64,17,27,72,55,72,67,627,161,656,206,158,112,95,75
1400000US36061007700,"Census Tract 77, New York County, New York",Manhattan,4835,533,58,97,0,19,0,19,0,19,0,19,0,19,0,19,0,19,0,19,0,19,0,19,0,19,0,19,0,19,0,19,117,99,0,19,41,43,250,148,51,47,2437,347,1415,388,337,181,129,117
1400000US36061007800,"Census Tract 78, New York County, New York",Manhattan,6323,977,5,12,0,19,0,19,0,19,0,19,0,19,0,19,0,19,0,19,0,19,0,19,0,19,42,69,4,7,26,42,85,96,260,389,21,34,457,274,49,102,2446,576,1863,520,826,379,239,182
1400000US36061007900,"Census Tract 79, New York County, New York",Manhattan,3727,670,23,31,0,14,0,14,0,14,0,14,0,14,0,14,0,14,0,14,0,14,0,14,0,14,0,14,0,14,0,14,24,50,0,14,90,116,114,91,35,41,1834,373,1100,468,181,107,326,314
1400000US36061008000,"Census Tract 80, New York County, New York",Manhattan,4275,528,0,19,35,58,0,19,0,19,0,19,0,19,0,19,0,19,0,19,0,19,0,19,16,4,0,19,0,19,0,19,69,58,15,24,19,30,140,89,100,58,2049,475,1103,309,612,220,117,107
1400000US36061008100,"Census Tract 81, New York County, New York",Manhattan,5309,981,48,53,0,19,0,19,0,19,0,19,0,19,0,19,0,19,11,34,0,19,0,19,0,19,0,19,0,19,23,32,146,93,103,58,108,91,255,191,65,73,2409,507,1511,536,402,425,228,138
1400000US36061008200,"Census Tract 82, New York County, New York",Manhattan,2799,390,144,104,0,14,0,14,0,14,0,14,0,14,0,14,0,14,0,14,0,14,0,14,0,14,0,14,0,14,73,41,96,74,123,138,114,88,144,76,15,26,880,283,853,192,228,160,129,120
1400000US36061008300,"Census Tract 83, New York County, New York",Manhattan,3312,515,72,77,0,14,0,14,0,14,0,14,0,14,124,134,0,14,0,14,0,14,73,71,113,162,43,66,55,69,282,333,278,256,12,18,52,74,152,168,29,49,1615,350,169,108,189,126,54,66
1400000US36061008400,"Census Tract 84, New York County, New York",Manhattan,1595,421,17,27,0,14,0,14,0,14,0,14,0,14,0,14,0,14,10,25,0,14,0,14,11,24,0,14,17,37,16,25,124,104,15,29,35,38,74,61,0,14,573,215,471,152,67,53,165,179
1400000US36061008601,"Census Tract 86.01, New York County, New York",Manhattan,2485,455,22,39,0,14,0,14,0,14,0,14,0,14,0,14,0,14,0,14,0,14,0,14,0,14,0,14,0,14,30,50,79,89,44,61,0,14,112,84,0,14,971,316,870,347,206,123,151,99
1400000US36061008602,"Census Tract 86.02, New York County, New York",Manhattan,0,14,0,14,0,14,0,14,0,14,0,14,0,14,0,14,0,14,0,14,0,14,0,14,0,14,0,14,0,14,0,14,0,14,0,14,0,14,0,14,0,14,0,14,0,14,0,14,0,14
1400000US36061008603,"Census Tract 86.03, New York County, New York",Manhattan,4148,563,19,29,0,14,0,14,0,14,0,14,0,14,0,14,0,14,0,14,0,14,0,14,0,14,0,14,0,14,0,14,164,117,0,14,20,32,193,115,106,65,1394,338,1316,449,663,270,273,144
1400000US36061008700,"Census Tract 87, New York County, New York",Manhattan,4532,670,0,19,0,19,0,19,0,19,0,19,0,19,22,42,0,19,0,19,0,19,19,35,0,19,72,117,19,35,0,19,498,546,0,19,64,83,101,105,0,19,2147,535,950,293,494,316,146,84
1400000US36061008800,"Census Tract 88, New York County, New York",Manhattan,6930,1045,4,21,0,19,0,19,0,19,0,19,0,19,0,19,0,19,0,19,0,19,0,19,0,19,0,19,0,19,0,19,383,209,0,19,111,106,415,336,88,86,2667,723,1823,443,810,290,629,671
1400000US36061008900,"Census Tract 89, New York County, New York",Manhattan,4605,696,44,70,0,19,0,19,0,19,0,19,0,19,49,80,0,19,0,19,15,76,0,19,113,131,0,19,7,15,67,57,241,116,143,101,19,30,356,219,219,179,2084,436,770,224,280,131,198,146
1400000US36061009000,"Census Tract 90, New York County, New York",Manhattan,6062,990,61,97,0,19,0,19,0,19,0,19,0,19,0,19,0,19,0,19,0,19,0,19,17,35,113,130,13,30,0,19,17,39,10,20,33,54,510,291,0,19,2480,540,1696,636,647,366,465,516
1400000US36061009100,"Census Tract 91, New York County, New York",Manhattan,5755,581,26,42,0,19,0,19,0,19,0,19,0,19,0,19,0,19,0,19,0,19,25,37,58,56,35,24,49,37,39,53,190,119,124,85,185,174,436,187,206,248,2210,471,1564,532,385,184,223,218
1400000US36061009200,"Census Tract 92, New York County, New York",Manhattan,1232,225,0,14,0,14,0,14,0,14,0,14,0,14,0,14,0,14,0,14,0,14,0,14,0,14,0,14,0,14,16,25,92,68,0,14,21,26,87,73,16,21,547,157,377,145,76,52,0,14
1400000US36061009300,"Census Tract 93, New York County, New York",Manhattan,7832,891,39,68,0,19,0,19,0,19,0,19,0,19,0,19,0,19,2,6,19,32,12,11,21,75,0,19,63,218,330,352,371,212,94,112,302,166,678,278,340,271,2402,716,2271,632,434,224,454,250
1400000US36061009400,"Census Tract 94, New York County, New York",Manhattan,54,51,0,14,0,14,0,14,0,14,0,14,0,14,0,14,0,14,0,14,0,14,0,14,0,14,0,14,0,14,0,14,0,14,6,8,0,14,23,37,0,14,20,22,0,14,5,7,0,14
1400000US36061009500,"Census Tract 95, New York County, New York",Manhattan,2280,309,9,14,0,14,0,14,0,14,0,14,0,14,0,14,0,14,0,14,0,14,8,19,10,23,0,14,10,20,0,14,108,78,28,35,13,20,216,88,43,33,1128,286,530,167,86,56,91,72
1400000US36061009600,"Census Tract 96, New York County, New York",Manhattan,314,231,0,14,0,14,0,14,0,14,0,14,0,14,0,14,0,14,0,14,0,14,20,40,8,26,20,40,20,40,7,11,35,49,31,66,20,40,25,41,24,40,56,34,48,44,0,14,0,14
1400000US36061009700,"Census Tract 97, New York County, New York",Manhattan,4315,671,124,82,0,14,0,14,0,14,0,14,0,14,0,14,31,47,30,35,0,14,36,43,54,46,0,14,0,14,47,55,417,253,67,58,340,237,319,159,81,67,1631,500,941,340,76,91,121,114
1400000US36061009800,"Census Tract 98, New York County, New York",Manhattan,7447,1190,157,136,0,19,0,19,0,19,0,19,0,19,0,19,0,19,0,19,0,19,20,39,29,51,0,19,19,42,0,19,339,216,0,19,282,241,207,239,49,59,3378,919,2004,627,677,288,286,183
1400000US36061009901,"Census Tract 99.01, New York County, New York",Manhattan,1674,474,21,39,0,14,0,14,0,14,0,14,0,14,0,14,0,14,3,3,0,14,0,14,45,45,3,3,2,21,0,14,85,67,0,14,6,12,109,78,47,44,618,170,560,448,120,79,55,42
1400000US36061009902,"Census Tract 99.02, New York County, New York",Manhattan,3174,443,136,70,0,14,0,14,0,14,0,14,0,14,0,14,0,14,0,14,0,14,0,14,0,14,0,14,64,69,0,14,146,86,55,60,175,135,366,189,0,14,1381,298,691,249,125,126,35,43
1400000US36061009903,"Census Tract 99.03, New York County, New York",Manhattan,1266,190,0,14,0,14,0,14,0,14,0,14,0,14,0,14,0,14,0,14,0,14,0,14,0,14,0,14,0,14,0,14,94,60,17,31,0,14,41,36,30,40,669,144,303,111,58,44,54,54
1400000US36061010000,"Census Tract 100, New York County, New York",Manhattan,1452,352,0,14,0,14,0,14,0,14,0,14,0,14,0,14,0,14,0,14,0,14,0,14,2,4,2,4,5,3,1,5,141,86,0,14,2,11,18,24,0,14,681,316,308,107,222,119,70,60
1400000US36061010100,"Census Tract 101, New York County, New York",Manhattan,1727,261,14,21,0,14,0,14,0,14,0,14,0,14,0,14,0,14,0,14,0,14,28,41,65,46,0,14,7,48,69,63,129,91,24,27,78,76,157,114,84,87,566,185,324,126,118,110,64,56
1400000US36061010200,"Census Tract 102, New York County, New York",Manhattan,229,153,10,14,0,14,0,14,0,14,0,14,0,14,0,14,0,14,0,14,0,14,0,14,0,14,0,14,0,14,4,6,16,13,0,14,0,14,6,9,0,14,63,52,30,27,73,119,27,48
1400000US36061010300,"Census Tract 103, New York County, New York",Manhattan,2430,672,0,14,0,14,0,14,0,14,0,14,0,14,0,14,0,14,84,90,0,14,0,14,51,58,1,3,0,14,7,12,108,87,23,33,49,50,57,48,181,98,1251,587,365,202,207,143,46,55
1400000US36061010400,"Census Tract 104, New York County, New York",Manhattan,996,196,0,14,0,14,0,14,0,14,0,14,0,14,0,14,0,14,0,14,0,14,0,14,2,5,0,14,0,14,0,14,23,22,11,13,0,14,4,5,24,26,591,163,243,74,66,53,32,28
1400000US36061010601,"Census Tract 106.01, New York County, New York",Manhattan,6419,1236,0,19,0,19,0,19,0,19,0,19,0,19,0,19,0,19,0,19,0,19,0,19,28,47,0,19,0,19,31,49,188,131,0,19,141,108,434,242,56,68,2231,473,1866,993,1193,404,251,133
1400000US36061010602,"Census Tract 106.02, New York County, New York",Manhattan,3890,398,0,19,0,19,0,19,0,19,0,19,0,19,0,19,0,19,0,19,0,19,0,19,0,19,0,19,11,32,0,19,135,97,11,32,0,19,156,126,49,44,1205,269,767,231,793,255,763,229
1400000US36061010801,"Census Tract 108.01, New York County, New York",Manhattan,2598,374,26,48,0,14,0,14,0,14,0,14,0,14,0,14,0,14,0,14,0,14,0,14,0,14,52,84,0,14,0,14,33,38,0,14,22,35,122,101,0,14,1116,360,723,228,428,192,76,74
1400000US36061010802,"Census Tract 108.02, New York County, New York",Manhattan,3893,1318,0,14,0,14,0,14,0,14,0,14,0,14,0,14,0,14,0,14,0,14,0,14,0,14,0,14,0,14,0,14,692,735,0,14,28,45,143,87,41,54,1263,338,1438,916,245,194,43,50
1400000US36061010803,"Census Tract 108.03, New York County, New York",Manhattan,1598,359,0,14,0,14,0,14,0,14,0,14,0,14,0,14,0,14,0,14,0,14,0,14,0,14,0,14,0,14,0,14,141,92,25,39,88,80,31,33,21,29,696,219,408,118,116,83,72,50
1400000US36061010900,"Census Tract 109, New York County, New York",Manhattan,159,50,0,14,0,14,0,14,0,14,0,14,0,14,0,14,0,14,0,14,0,14,3,6,0,14,0,14,0,14,14,31,0,14,0,14,5,7,34,35,6,9,36,20,26,16,26,23,9,9
1400000US36061011000,"Census Tract 110, New York County, New York",Manhattan,5331,772,106,169,0,19,0,19,0,19,0,19,0,19,0,19,0,19,0,19,0,19,0,19,0,19,0,19,0,19,0,19,124,108,0,19,73,89,318,155,168,131,2153,442,1174,428,652,308,563,375
1400000US36061011100,"Census Tract 111, New York County, New York",Manhattan,3956,531,151,155,0,14,0,14,0,14,0,14,0,14,0,14,0,14,0,14,24,39,20,48,17,49,157,217,0,14,0,14,102,101,75,69,0,14,178,128,77,56,1510,360,1077,362,566,252,2,6
1400000US36061011201,"Census Tract 112.01, New York County, New York",Manhattan,763,159,0,14,0,14,0,14,0,14,0,14,0,14,0,14,0,14,0,14,0,14,0,14,0,14,0,14,0,14,10,12,68,66,0,14,23,23,31,26,0,14,340,106,173,63,109,46,9,11
1400000US36061011202,"Census Tract 112.02, New York County, New York",Manhattan,492,117,0,14,0,14,0,14,0,14,0,14,0,14,0,14,0,14,0,14,0,14,0,14,0,14,0,14,0,14,0,14,19,17,0,14,6,9,21,18,16,16,147,59,214,98,44,25,25,22
1400000US36061011203,"Census Tract 112.03, New York County, New York",Manhattan,808,157,0,14,0,14,0,14,0,14,0,14,0,14,0,14,0,14,0,14,0,14,0,14,0,14,0,14,0,14,20,32,34,23,0,14,25,31,36,24,5,7,382,116,136,66,75,36,95,43
1400000US36061011300,"Census Tract 113, New York County, New York",Manhattan,121,40,0,14,0,14,0,14,0,14,0,14,0,14,0,14,0,14,0,14,0,14,0,14,0,14,15,33,0,14,0,14,17,34,16,18,4,9,22,41,7,11,27,27,13,13,0,14,0,14
1400000US36061011401,"Census Tract 114.01, New York County, New York",Manhattan,908,243,0,14,0,14,0,14,0,14,0,14,0,14,0,14,0,14,0,14,0,14,0,14,5,6,0,14,4,3,8,12,48,50,0,14,14,15,75,51,8,13,266,113,176,73,260,150,44,31
1400000US36061011402,"Census Tract 114.02, New York County, New York",Manhattan,1890,528,0,14,0,14,0,14,0,14,0,14,0,14,0,14,0,14,0,14,0,14,0,14,0,14,0,14,0,14,10,15,134,76,0,14,16,13,28,34,33,37,962,513,355,106,199,95,153,98
1400000US36061011500,"Census Tract 115, New York County, New York",Manhattan,3175,628,9,20,0,14,0,14,0,14,0,14,12,26,0,14,0,14,0,14,0,14,0,14,20,32,15,35,0,14,6,16,185,117,58,59,68,102,164,81,139,127,1273,483,905,324,132,94,189,118
1400000US36061011600,"Census Tract 116, New York County, New York",Manhattan,2410,504,23,37,0,14,0,14,0,14,0,14,0,14,0,14,1,3,0,14,0,14,0,14,0,14,3,10,2,4,0,14,338,260,37,72,277,288,48,49,0,14,917,292,405,258,252,157,107,93
1400000US36061011700,"Census Tract 117, New York County, New York",Manhattan,4717,674,37,52,40,53,0,19,0,19,0,19,0,19,0,19,0,19,0,19,0,19,0,19,2,18,20,32,0,19,57,58,175,146,62,69,175,114,123,86,210,133,2431,633,940,322,386,181,59,59
1400000US36061011800,"Census Tract 118, New York County, New York",Manhattan,7454,892,44,70,0,19,0,19,0,19,0,19,0,19,0,19,0,19,1,2,0,19,0,19,0,19,33,54,0,19,0,19,255,147,0,19,0,19,313,216,103,94,2956,766,1926,497,1608,576,215,211
1400000US36061011900,"Census Tract 119, New York County, New York",Manhattan,1301,172,20,19,0,14,0,14,0,14,0,14,0,14,0,14,8,13,0,14,0,14,9,14,46,45,115,87,181,158,56,65,213,108,54,32,80,49,174,91,88,69,157,86,72,64,28,37,0,14
1400000US36061012000,"Census Tract 120, New York County, New York",Manhattan,2973,497,34,53,0,14,0,14,0,14,0,14,0,14,0,14,0,14,0,14,0,14,0,14,13,30,0,14,0,14,0,14,203,117,122,169,0,14,68,64,93,79,1125,363,742,346,454,182,119,78
1400000US36061012101,"Census Tract 121.01, New York County, New York",Manhattan,2124,398,0,14,0,14,0,14,0,14,0,14,0,14,7,13,0,14,8,14,0,14,0,14,8,14,6,15,0,14,134,123,237,182,36,37,48,60,187,127,164,111,810,339,415,169,64,85,0,14
1400000US36061012102,"Census Tract 121.02, New York County, New York",Manhattan,4637,796,43,63,0,19,0,19,0,19,0,19,367,455,0,19,0,19,0,19,0,19,0,19,0,19,65,55,0,19,36,41,402,220,289,247,72,64,108,78,49,55,2000,389,975,364,125,103,106,78
1400000US36061012200,"Census Tract 122, New York County, New York",Manhattan,2371,378,0,14,0,14,0,14,0,14,0,14,0,14,0,14,0,14,0,14,0,14,18,29,0,14,0,14,0,14,11,18,65,54,0,14,15,23,68,59,86,78,992,326,440,131,535,186,141,67
1400000US36061012400,"Census Tract 124, New York County, New York",Manhattan,7429,966,14,27,0,19,0,19,0,19,0,19,0,19,0,19,21,43,8,15,0,19,41,30,12,26,298,372,0,19,111,147,524,273,18,32,214,213,293,196,124,105,2550,716,1304,418,1220,414,677,410
1400000US36061012500,"Census Tract 125, New York County, New York",Manhattan,2350,337,0,14,0,14,0,14,0,14,0,14,0,14,0,14,0,14,8,16,0,14,0,14,7,22,18,46,0,14,0,14,122,88,49,85,19,27,297,154,128,112,654,197,669,236,324,134,55,73
1400000US36061012601,"Census Tract 126.01, New York County, New York",Manhattan,5623,1208,44,70,0,19,0,19,0,19,0,19,0,19,0,19,0,19,0,19,0,19,0,19,0,19,0,19,0,19,0,19,417,371,0,19,191,154,169,146,130,113,3445,1126,683,306,331,207,213,135
1400000US36061012602,"Census Tract 126.02, New York County, New York",Manhattan,4107,767,20,28,0,14,0,14,0,14,0,14,0,14,0,14,0,14,1,3,0,14,0,14,0,14,0,14,0,14,29,53,233,198,23,31,124,158,155,183,152,158,1762,514,1052,385,408,211,148,95
1400000US36061012700,"Census Tract 127, New York County, New York",Manhattan,5375,681,0,19,0,19,0,19,0,19,0,19,0,19,0,19,0,19,0,19,0,19,0,19,0,19,0,19,10,26,12,20,345,212,69,55,155,186,465,253,193,170,2415,456,926,367,604,315,181,125
1400000US36061012800,"Census Tract 128, New York County, New York",Manhattan,4336,624,27,32,0,19,0,19,0,19,0,19,0,19,0,19,0,19,0,19,0,19,0,19,0,19,0,19,0,19,106,100,77,62,18,29,258,178,201,127,130,95,1130,347,939,243,1319,493,131,81
1400000US36061012901,"Census Tract 129.01, New York County, New York",Manhattan,5848,739,0,19,0,19,0,19,0,19,0,19,0,19,0,19,0,19,0,19,0,19,14,26,11,31,27,31,8,15,0,19,313,241,100,103,60,73,317,225,392,271,2455,603,1858,457,244,147,49,72
1400000US36061012902,"Census Tract 129.02, New York County, New York",Manhattan,2041,430,32,38,0,14,0,14,21,34,0,14,0,14,0,14,0,14,0,14,0,14,45,86,13,28,17,32,22,39,71,74,156,78,90,76,28,32,230,108,117,93,797,238,291,110,99,89,12,19
1400000US36061013000,"Census Tract 130, New York County, New York",Manhattan,2709,536,23,36,0,14,0,14,0,14,0,14,0,14,0,14,0,14,0,14,0,14,0,14,4,2,28,44,3,6,32,44,326,200,2,5,48,78,88,98,83,61,818,232,732,272,266,140,256,127
1400000US36061013100,"Census Tract 131, New York County, New York",Manhattan,3114,376,20,35,0,14,0,14,0,14,0,14,0,14,0,14,0,14,0,14,0,14,11,33,0,14,0,14,11,33,0,14,408,201,117,142,14,21,192,183,0,14,1184,288,838,226,246,130,73,62
1400000US36061013201,"Census Tract 132.01, New York County, New York",Manhattan,1965,477,0,14,0,14,0,14,0,14,0,14,0,14,0,14,0,14,0,14,0,14,0,14,4,7,0,14,0,14,13,24,136,104,6,9,11,23,139,81,29,37,825,303,505,188,159,75,138,115
1400000US36061013202,"Census Tract 132.02, New York County, New York",Manhattan,2947,650,0,14,0,14,0,14,0,14,0,14,0,14,0,14,0,14,0,14,0,14,0,14,0,14,0,14,0,14,21,35,483,518,61,97,67,99,38,39,0,14,1247,367,753,257,123,83,154,129
1400000US36061013203,"Census Tract 132.03, New York County, New York",Manhattan,3099,567,0,14,0,14,0,14,0,14,0,14,0,14,0,14,0,14,0,14,0,14,0,14,0,14,0,14,0,14,0,14,91,88,0,14,19,32,147,161,93,117,1350,601,746,360,351,199,302,240
1400000US36061013300,"Census Tract 133, New York County, New York",Manhattan,5293,701,0,19,0,19,0,19,0,19,0,19,0,19,0,19,0,19,0,19,0,19,22,35,35,55,0,19,0,19,24,45,241,202,0,19,40,61,290,206,356,245,2607,523,903,303,621,450,154,124
1400000US36061013400,"Census Tract 134, New York County, New York",Manhattan,7412,853,53,87,0,21,0,21,0,21,0,21,0,21,0,21,0,21,0,21,0,21,0,21,4,3,0,21,0,21,0,21,95,125,2,4,255,323,664,511,397,364,2927,699,2013,636,608,270,394,247
1400000US36061013501,"Census Tract 135.01, New York County, New York",Manhattan,4123,456,92,116,0,14,0,14,0,14,0,14,0,14,0,14,0,14,0,14,0,14,0,14,0,14,48,71,57,88,102,144,457,192,0,14,91,106,428,245,132,115,1175,499,1170,339,233,117,138,114
1400000US36061013502,"Census Tract 135.02, New York County, New York",Manhattan,5175,880,16,29,0,19,0,19,0,19,0,19,34,51,0,19,32,52,0,19,0,19,6,24,0,19,15,24,8,28,0,19,542,451,348,318,185,136,136,105,367,194,2049,541,1071,373,245,161,121,88
1400000US36061013601,"Census Tract 136.01, New York County, New York",Manhattan,1673,413,0,14,0,14,0,14,0,14,0,14,0,14,0,14,0,14,0,14,0,14,0,14,0,14,0,14,0,14,0,14,14,16,0,14,8,12,67,36,7,12,459,110,498,228,401,206,219,132
1400000US36061013602,"Census Tract 136.02, New York County, New York",Manhattan,4627,1386,0,19,0,19,0,19,0,19,0,19,0,19,0,19,0,19,0,19,0,19,0,19,0,19,0,19,0,19,60,99,136,135,40,62,37,43,267,188,110,110,1350,377,1803,1160,670,302,154,95
1400000US36061013603,"Census Tract 136.03, New York County, New York",Manhattan,3827,684,0,14,0,14,0,14,0,14,0,14,0,14,0,14,0,14,0,14,0,14,0,14,0,14,0,14,0,14,13,23,177,131,0,14,53,62,374,428,207,137,1650,459,693,257,516,311,144,102
1400000US36061013604,"Census Tract 136.04, New York County, New York",Manhattan,3617,632,0,14,0,14,0,14,0,14,0,14,0,14,0,14,50,59,0,14,0,14,0,14,0,14,0,14,22,37,14,23,74,78,22,36,54,53,446,235,40,46,1132,379,957,282,629,468,177,116
1400000US36061013700,"Census Tract 137, New York County, New York",Manhattan,6184,1154,0,19,0,19,0,19,0,19,0,19,0,19,0,19,0,19,0,19,0,19,0,19,0,19,14,33,0,19,0,19,280,199,45,78,67,75,176,193,52,46,2664,909,1741,536,912,498,233,170
1400000US36061013800,"Census Tract 138, New York County, New York",Manhattan,10039,1750,12,30,0,21,9,19,0,21,0,21,0,21,0,21,0,21,17,24,0,21,34,31,60,104,0,21,0,21,79,121,367,194,181,147,104,113,753,597,498,433,3725,827,3101,832,502,289,597,570
1400000US36061013900,"Census Tract 139, New York County, New York",Manhattan,8891,1657,37,65,0,19,0,19,0,19,0,19,0,19,0,19,0,19,3,5,0,19,0,19,0,19,0,19,0,19,0,19,699,314,6,6,58,95,461,347,484,242,4194,1333,2474,542,295,214,180,159
1400000US36061014000,"Census Tract 140, New York County, New York",Manhattan,6133,840,24,38,0,19,0,19,0,19,0,19,0,19,0,19,0,19,161,226,0,19,27,43,0,19,0,19,0,19,0,19,456,325,19,31,32,37,419,231,15,24,1706,329,1916,586,960,300,398,215
1400000US36061014200,"Census Tract 142, New York County, New York",Manhattan,3270,763,0,14,0,14,0,14,0,14,0,14,0,14,0,14,0,14,0,14,0,14,0,14,0,14,0,14,32,2,0,14,45,70,0,14,0,14,81,77,19,29,1150,336,956,340,555,210,432,316
1400000US36061014300,"Census Tract 143, New York County, New York",Manhattan,0,14,0,14,0,14,0,14,0,14,0,14,0,14,0,14,0,14,0,14,0,14,0,14,0,14,0,14,0,14,0,14,0,14,0,14,0,14,0,14,0,14,0,14,0,14,0,14,0,14
1400000US36061014401,"Census Tract 144.01, New York County, New York",Manhattan,4178,737,18,28,0,19,0,19,0,19,0,19,0,19,0,19,0,19,0,19,0,19,0,19,0,19,0,19,0,19,0,19,125,88,28,34,77,76,142,81,143,122,1437,438,1287,389,741,253,180,95
1400000US36061014402,"Census Tract 144.02, New York County, New York",Manhattan,5845,836,12,44,0,19,0,19,0,19,0,19,0,19,0,19,0,19,0,19,0,19,0,19,38,65,6,8,82,132,10,16,296,218,166,196,25,34,210,112,231,169,2256,723,1279,364,912,280,322,172
1400000US36061014500,"Census Tract 145, New York County, New York",Manhattan,5183,726,0,19,0,19,0,19,0,19,0,19,0,19,0,19,68,78,0,19,0,19,19,29,0,19,28,39,0,19,23,37,192,151,25,41,76,54,235,143,93,75,1950,571,1217,383,779,304,478,190
1400000US36061014601,"Census Tract 146.01, New York County, New York",Manhattan,3290,537,13,19,0,14,0,14,0,14,0,14,0,14,0,14,0,14,0,14,0,14,0,14,0,14,0,14,17,29,0,14,261,340,72,105,36,52,109,97,100,111,1345,409,620,224,534,250,183,77
1400000US36061014602,"Census Tract 146.02, New York County, New York",Manhattan,7404,1083,0,19,0,19,0,19,0,19,0,19,0,19,0,19,0,19,0,19,0,19,43,70,217,292,0,19,0,19,30,51,291,362,65,94,42,62,179,135,331,243,3723,851,1682,419,562,287,239,161
1400000US36061014700,"Census Tract 147, New York County, New York",Manhattan,2184,462,0,14,0,14,0,14,0,14,0,14,0,14,0,14,0,14,0,14,0,14,0,14,0,14,0,14,0,14,0,14,50,43,0,14,0,14,106,78,34,25,697,221,575,169,640,267,82,46
1400000US36061014801,"Census Tract 148.01, New York County, New York",Manhattan,2388,364,58,91,0,14,0,14,0,14,0,14,0,14,0,14,0,14,0,14,0,14,0,14,0,14,0,14,0,14,0,14,72,55,24,30,0,14,99,60,30,37,1006,247,661,138,282,97,156,70
1400000US36061014802,"Census Tract 148.02, New York County, New York",Manhattan,5342,765,27,44,0,19,0,19,0,19,0,19,0,19,0,19,0,19,0,19,0,19,0,19,0,19,0,19,0,19,0,19,268,145,0,19,172,194,137,135,297,347,1720,413,1730,444,857,302,134,77
1400000US36061014900,"Census Tract 149, New York County, New York",Manhattan,4898,674,43,49,0,19,0,19,0,19,0,19,0,19,0,19,0,19,17,30,0,19,0,19,0,19,11,27,10,28,30,51,139,85,31,51,41,69,168,141,0,19,1667,540,1735,379,756,289,250,152
1400000US36061015001,"Census Tract 150.01, New York County, New York",Manhattan,1643,187,0,14,0,14,0,14,0,14,0,14,0,14,0,14,0,14,0,14,0,14,0,14,0,14,0,14,0,14,10,17,83,79,15,23,0,14,84,61,40,32,595,153,482,154,259,105,75,54
1400000US36061015002,"Census Tract 150.02, New York County, New York",Manhattan,3852,376,0,14,0,14,0,14,0,14,0,14,0,14,0,14,0,14,0,14,0,14,0,14,0,14,0,14,0,14,16,26,115,112,0,14,28,39,101,78,101,86,1262,280,1480,300,531,169,218,101
1400000US36061015101,"Census Tract 151.01, New York County, New York",Manhattan,2270,340,80,96,0,14,0,14,0,14,0,14,0,14,0,14,0,14,2,12,0,14,41,65,108,109,78,109,93,95,36,60,461,195,164,138,65,72,215,144,174,150,448,236,265,169,14,22,26,36
1400000US36061015102,"Census Tract 151.02, New York County, New York",Manhattan,6938,890,0,19,0,19,0,19,0,19,0,19,0,19,0,19,38,58,52,81,0,19,0,19,0,19,0,19,9,15,34,60,483,290,381,356,21,39,267,239,126,120,2475,660,1879,469,690,390,483,251
1400000US36061015200,"Census Tract 152, New York County, New York",Manhattan,6023,637,101,111,0,19,0,19,0,19,0,19,0,19,0,19,0,19,0,19,132,206,101,98,20,33,58,96,122,132,109,100,458,262,101,108,147,145,253,167,369,286,1623,334,1369,293,781,203,279,122
1400000US36061015301,"Census Tract 153.01, New York County, New York",Manhattan,3855,654,0,14,0,14,0,14,0,14,0,14,0,14,0,14,0,14,2,5,0,14,0,14,31,45,0,14,34,52,1,5,198,183,50,90,27,32,60,70,164,176,1578,456,814,363,754,334,142,86
1400000US36061015302,"Census Tract 153.02, New York County, New York",Manhattan,4309,481,0,19,0,19,37,68,0,19,0,19,0,19,0,19,0,19,0,19,0,19,0,19,0,19,0,19,0,19,28,33,68,109,66,70,32,45,163,139,77,87,1681,411,1489,423,513,201,155,99
1400000US36061015401,"Census Tract 154.01, New York County, New York",Manhattan,4005,831,0,14,0,14,0,14,0,14,0,14,0,14,0,14,0,14,0,14,0,14,0,14,0,14,0,14,0,14,0,14,288,437,0,14,7,15,176,127,158,154,1582,500,882,380,370,209,542,450
1400000US36061015402,"Census Tract 154.02, New York County, New York",Manhattan,3102,868,0,14,0,14,0,14,0,14,0,14,0,14,0,14,0,14,0,14,41,68,38,62,31,61,0,14,0,14,59,95,416,212,0,14,53,69,150,107,476,656,710,246,883,267,48,56,197,118
1400000US36061015403,"Census Tract 154.03, New York County, New York",Manhattan,4048,718,46,48,0,19,0,19,0,19,0,19,0,19,0,19,0,19,0,19,0,19,228,364,47,55,16,26,0,19,0,19,296,235,49,61,18,32,238,123,243,186,1258,311,965,420,275,166,369,188
1400000US36061015501,"Census Tract 155.01, New York County, New York",Manhattan,4262,1182,0,14,0,14,0,14,0,14,0,14,0,14,0,14,0,14,0,14,0,14,0,14,0,14,0,14,0,14,0,14,150,171,0,14,10,17,180,146,143,90,1529,758,976,252,1003,506,271,125
1400000US36061015502,"Census Tract 155.02, New York County, New York",Manhattan,4590,844,0,19,0,19,0,19,0,19,0,19,0,19,0,19,0,19,0,19,0,19,0,19,0,19,0,19,0,19,0,19,20,32,18,28,19,29,117,116,81,68,1929,434,1335,628,662,197,409,254
1400000US36061015601,"Census Tract 156.01, New York County, New York",Manhattan,4271,487,18,31,0,19,0,19,0,19,0,19,0,19,104,176,0,19,0,19,10,19,0,19,34,49,3,7,0,19,162,148,107,78,161,135,166,148,287,140,115,80,1479,279,770,203,450,156,405,204
1400000US36061015602,"Census Tract 156.02, New York County, New York",Manhattan,1723,288,83,85,0,14,0,14,0,14,0,14,0,14,0,14,0,14,9,14,9,15,15,26,0,14,0,14,0,14,30,47,371,123,35,58,10,17,69,72,72,78,525,215,191,112,243,149,61,61
1400000US36061015700,"Census Tract 157, New York County, New York",Manhattan,8962,1158,0,21,0,21,0,21,0,21,0,21,0,21,0,21,0,21,0,21,0,21,0,21,0,21,23,53,0,21,0,21,346,276,171,151,229,270,636,437,272,257,4062,996,1970,641,510,297,743,490
1400000US36061015801,"Census Tract 158.01, New York County, New York",Manhattan,4030,567,78,113,0,19,0,19,0,19,0,19,0,19,0,19,0,19,0,19,0,19,0,19,0,19,0,19,0,19,0,19,75,76,37,64,38,64,176,163,77,73,1611,338,1074,246,550,257,314,203
1400000US36061015802,"Census Tract 158.02, New York County, New York",Manhattan,3157,455,12,16,0,14,0,14,0,14,0,14,0,14,0,14,0,14,8,15,263,405,113,131,20,33,0,14,0,14,14,40,82,64,23,27,8,15,379,216,38,42,897,200,763,210,323,126,214,96
1400000US36061015900,"Census Tract 159, New York County, New York",Manhattan,7746,1200,109,131,0,19,0,19,0,19,0,19,0,19,0,19,0,19,0,19,0,19,0,19,0,19,0,19,0,19,0,19,229,215,85,91,34,55,321,250,176,182,3034,547,2220,587,1087,493,451,208
1400000US36061016001,"Census Tract 160.01, New York County, New York",Manhattan,2689,400,0,14,0,14,0,14,0,14,0,14,0,14,0,14,0,14,0,14,0,14,0,14,0,14,0,14,0,14,2,4,83,76,0,14,47,44,86,51,6,10,1040,294,786,191,506,175,133,62
1400000US36061016002,"Census Tract 160.02, New York County, New York",Manhattan,2452,808,0,14,0,14,0,14,0,14,0,14,0,14,106,162,0,14,3,5,0,14,238,357,0,14,157,236,0,14,0,14,85,68,14,22,3,4,68,59,15,23,670,208,479,136,247,96,367,118
1400000US36061016100,"Census Tract 161, New York County, New York",Manhattan,4997,784,13,20,0,19,0,19,0,19,0,19,0,19,0,19,0,19,0,19,0,19,0,19,0,19,0,19,0,19,0,19,158,125,21,34,56,62,179,107,171,154,2200,667,1599,348,341,123,259,138
1400000US36061016200,"Census Tract 162, New York County, New York",Manhattan,6820,1330,422,369,0,19,0,19,0,19,0,19,0,19,0,19,124,169,3,12,0,19,81,96,28,46,84,126,201,162,484,322,1197,590,339,231,243,174,1579,1002,166,160,1234,548,496,257,107,154,32,56
1400000US36061016300,"Census Tract 163, New York County, New York",Manhattan,5300,821,135,123,0,19,7,13,0,19,0,19,0,19,104,166,7,12,0,19,0,19,6,12,10,19,22,32,0,19,14,23,278,171,14,21,35,43,162,95,179,163,1986,517,1400,335,835,318,106,70
1400000US36061016400,"Census Tract 164, New York County, New York",Manhattan,5772,1026,369,262,0,19,0,19,0,19,0,19,0,19,106,124,141,151,1,2,0,19,237,183,18,33,186,125,82,84,268,174,1078,521,126,90,186,150,427,238,594,388,818,266,882,440,121,103,132,89
1400000US36061016500,"Census Tract 165, New York County, New York",Manhattan,5854,740,12,20,0,19,0,19,0,19,0,19,0,19,249,376,0,19,15,23,0,19,0,19,0,19,0,19,0,19,82,71,136,123,18,30,47,74,485,234,156,135,1857,367,1739,382,616,190,442,186
1400000US36061016600,"Census Tract 166, New York County, New York",Manhattan,4876,710,228,139,0,19,0,19,0,19,0,19,0,19,32,50,75,96,38,59,0,19,59,64,268,182,133,127,108,86,53,59,877,287,306,229,149,86,573,453,139,97,1162,321,458,208,150,115,68,67
1400000US36061016700,"Census Tract 167, New York County, New York",Manhattan,5850,627,0,19,0,19,0,19,0,19,0,19,0,19,0,19,0,19,0,19,0,19,0,19,0,19,0,19,0,19,30,38,151,105,13,27,48,80,239,139,83,74,2007,403,1911,382,1003,298,365,175
1400000US36061016800,"Census Tract 168, New York County, New York",Manhattan,3590,326,52,65,0,19,0,19,0,19,0,19,28,28,88,115,8,14,47,46,25,41,187,142,58,47,44,42,39,42,57,59,834,222,238,139,108,82,431,143,191,101,662,221,370,159,87,65,36,36
1400000US36061016900,"Census Tract 169, New York County, New York",Manhattan,6805,805,39,65,0,19,0,19,0,19,0,19,0,19,0,19,0,19,0,19,0,19,0,19,0,19,16,26,13,45,68,116,0,19,0,19,307,329,383,266,127,94,2535,598,2051,640,746,315,520,183
1400000US36061017000,"Census Tract 170, New York County, New York",Manhattan,6429,1234,261,125,0,19,0,19,0,19,126,143,53,65,258,195,52,84,80,76,8,20,243,186,76,74,6,16,97,109,235,157,1355,446,226,133,420,201,747,396,271,155,1252,757,476,297,99,85,88,76
1400000US36061017100,"Census Tract 171, New York County, New York",Manhattan,6988,1446,14,33,0,19,0,19,0,19,0,19,0,19,0,19,0,19,68,111,0,19,8,2,0,19,0,19,76,108,9,22,475,275,125,112,55,63,308,168,186,137,2687,816,1856,645,860,310,261,133
1400000US36061017200,"Census Tract 172, New York County, New York",Manhattan,3819,526,129,116,0,19,0,19,0,19,28,54,104,116,0,19,11,20,0,19,19,30,60,71,236,285,46,65,125,144,206,143,709,224,253,152,129,138,403,251,228,170,522,176,393,180,183,119,35,52
1400000US36061017300,"Census Tract 173, New York County, New York",Manhattan,7513,826,142,156,0,19,0,19,0,19,0,19,178,282,0,19,0,19,0,19,0,19,0,19,103,164,0,19,0,19,12,22,588,490,18,29,51,96,420,236,92,126,2615,695,1467,480,1446,574,381,264
1400000US36061017401,"Census Tract 174.01, New York County, New York",Manhattan,3899,461,20,31,0,19,0,19,0,19,41,66,54,85,0,19,55,87,0,19,28,45,46,74,120,151,38,62,92,87,131,117,695,337,254,186,90,94,426,220,164,152,709,309,631,263,198,129,107,93
1400000US36061017402,"Census Tract 174.02, New York County, New York",Manhattan,2233,344,99,75,0,14,0,14,0,14,0,14,0,14,0,14,0,14,0,14,0,14,224,188,18,28,76,78,0,14,0,14,187,108,79,59,95,71,237,154,149,82,482,152,301,107,205,176,81,57
1400000US36061017500,"Census Tract 175, New York County, New York",Manhattan,8935,1653,213,273,0,21,55,77,0,21,8,17,60,65,13,25,33,28,17,15,0,21,44,40,11,21,26,41,17,39,22,38,707,325,176,144,272,392,547,285,107,83,2074,400,3262,757,872,351,399,196
1400000US36061017700,"Census Tract 177, New York County, New York",Manhattan,7925,1733,34,49,0,21,0,21,0,21,0,21,71,112,0,21,0,21,65,87,0,21,33,56,0,21,0,21,75,118,124,151,544,275,55,61,56,66,528,249,216,196,2633,566,2191,1079,886,717,414,276
1400000US36061017800,"Census Tract 178, New York County, New York",Manhattan,2792,601,75,92,0,14,0,14,0,14,0,14,0,14,0,14,18,29,79,119,31,38,0,14,25,34,0,14,26,43,95,65,660,365,50,58,28,29,191,104,215,142,624,210,307,129,299,355,69,72
1400000US36061017900,"Census Tract 179, New York County, New York",Manhattan,7679,1212,127,193,0,19,0,19,0,19,0,19,34,56,0,19,0,19,121,195,0,19,0,19,19,33,24,25,0,19,4,12,537,361,77,66,98,96,386,239,0,19,2329,504,2436,629,1223,826,264,235
1400000US36061018000,"Census Tract 180, New York County, New York",Manhattan,5128,731,379,273,0,19,0,19,0,19,22,35,252,264,0,19,0,19,24,52,11,27,91,104,242,163,183,188,73,81,90,96,1062,395,370,218,97,95,332,186,374,242,802,310,594,252,94,87,36,43
1400000US36061018100,"Census Tract 181, New York County, New York",Manhattan,6865,1137,20,38,0,19,0,19,0,19,0,19,0,19,0,19,0,19,0,19,0,19,31,61,0,19,0,19,79,99,0,19,801,389,38,62,156,136,586,245,55,75,2374,807,1842,564,438,270,445,260
1400000US36061018200,"Census Tract 182, New York County, New York",Manhattan,4902,502,109,152,0,19,0,19,0,19,31,45,16,34,7,31,0,19,21,33,0,19,154,128,138,108,251,193,19,41,249,172,856,335,518,240,229,142,599,317,212,136,917,331,364,190,0,19,212,191
1400000US36061018300,"Census Tract 183, New York County, New York",Manhattan,6462,1088,0,19,0,19,0,19,0,19,0,19,0,19,0,19,10,40,15,58,0,19,27,33,8,18,23,34,18,25,16,28,319,175,301,184,198,148,242,134,210,182,2642,848,1251,364,762,428,420,286
1400000US36061018400,"Census Tract 184, New York County, New York",Manhattan,5444,745,113,108,0,19,0,19,0,19,21,32,0,19,124,185,0,19,0,19,44,72,311,206,124,117,122,124,17,30,98,110,1072,447,322,177,510,398,436,289,236,181,1217,436,574,356,103,80,0,19
1400000US36061018500,"Census Tract 185, New York County, New York",Manhattan,4165,561,0,19,0,19,0,19,0,19,0,19,0,19,0,19,0,19,0,19,0,19,0,19,0,19,0,19,0,19,94,83,63,55,1,3,144,107,111,74,162,116,1152,283,1452,372,773,339,213,103
1400000US36061018600,"Census Tract 186, New York County, New York",Manhattan,3730,620,71,98,0,19,0,19,0,19,0,19,52,71,0,19,39,69,0,19,0,19,34,40,11,23,0,19,83,76,189,172,1154,426,338,198,102,113,394,215,221,170,763,351,153,114,52,70,74,75
1400000US36061018700,"Census Tract 187, New York County, New York",Manhattan,7271,1302,50,86,0,19,0,19,0,19,0,19,8,17,0,19,0,19,146,118,0,19,27,46,4,13,206,169,12,38,9,17,294,156,273,170,502,642,455,302,381,250,2614,675,1126,342,885,368,279,140
1400000US36061018800,"Census Tract 188, New York County, New York",Manhattan,3959,662,237,189,0,14,0,14,0,14,0,14,0,14,29,50,13,22,0,14,200,229,174,181,9,19,0,14,39,41,59,78,1365,542,446,192,44,60,294,256,110,89,511,275,329,185,22,37,78,100
1400000US36061018900,"Census Tract 189, New York County, New York",Manhattan,7890,861,61,88,0,21,0,21,0,21,0,21,0,21,29,47,199,218,124,133,0,21,142,138,386,442,190,186,286,240,367,375,1234,441,170,147,129,111,923,480,353,194,1486,415,1246,428,437,228,128,114
1400000US36061019000,"Census Tract 190, New York County, New York",Manhattan,2892,336,98,89,0,14,0,14,4,9,0,14,0,14,7,12,0,14,34,50,0,14,42,54,73,62,11,18,63,55,30,35,248,147,21,27,110,94,228,116,86,57,838,155,597,157,234,119,168,84
1400000US36061019100,"Census Tract 191, New York County, New York",Manhattan,6683,878,12,23,0,19,0,19,0,19,0,19,149,212,0,19,0,19,7,15,8,20,75,86,21,30,29,45,99,142,85,91,173,107,60,52,120,105,318,220,10,24,2170,616,2328,592,647,234,372,213
1400000US36061019200,"Census Tract 192, New York County, New York",Manhattan,2532,363,216,122,0,14,0,14,0,14,0,14,0,14,0,14,0,14,88,75,0,14,74,82,35,38,269,207,178,128,86,64,371,121,154,114,131,83,319,163,104,72,303,132,196,114,0,14,8,13
1400000US36061019300,"Census Tract 193, New York County, New York",Manhattan,7492,978,155,153,29,46,0,19,0,19,0,19,0,19,0,19,0,19,113,180,0,19,15,34,84,90,2,4,180,196,302,169,1082,363,124,101,66,117,1402,663,125,183,1926,751,1072,393,468,250,347,211
1400000US36061019400,"Census Tract 194, New York County, New York",Manhattan,4746,544,436,301,82,98,0,19,0,19,8,35,0,19,0,19,154,225,94,103,48,80,39,53,24,25,9,16,155,103,89,93,972,336,262,110,250,231,363,182,176,109,1176,445,391,182,18,28,0,19
1400000US36061019500,"Census Tract 195, New York County, New York",Manhattan,5263,557,80,75,0,19,0,19,0,19,0,19,0,19,64,108,0,19,0,19,9,15,10,16,0,19,7,19,9,15,154,118,360,181,90,108,86,72,319,193,227,151,1182,332,1763,380,434,170,469,162
1400000US36061019600,"Census Tract 196, New York County, New York",Manhattan,3177,396,222,142,0,14,7,15,44,59,6,12,30,40,0,14,7,14,8,15,103,116,144,98,209,157,26,37,61,62,75,61,631,231,331,175,21,29,257,144,101,72,570,237,209,103,109,94,6,12
1400000US36061019701,"Census Tract 197.01, New York County, New York",Manhattan,648,122,0,14,0,14,0,14,0,14,0,14,0,14,0,14,0,14,0,14,0,14,0,14,0,14,6,9,0,14,0,14,28,23,7,20,0,14,34,32,27,27,227,76,130,52,89,43,100,51
1400000US36061019702,"Census Tract 197.02, New York County, New York",Manhattan,1950,344,17,27,0,14,0,14,0,14,0,14,0,14,32,49,0,14,0,14,0,14,13,21,0,14,0,14,0,14,0,14,111,70,19,33,5,10,112,104,123,81,914,247,410,155,116,110,78,65
1400000US36061019800,"Census Tract 198, New York County, New York",Manhattan,2082,503,60,73,0,14,0,14,0,14,0,14,6,11,6,14,12,13,5,12,0,14,28,20,17,23,28,33,0,14,0,14,277,94,60,55,79,57,113,67,361,190,562,377,291,107,100,59,77,59
1400000US36061019900,"Census Tract 199, New York County, New York",Manhattan,5724,745,47,49,0,19,0,19,0,19,0,19,8,15,7,15,8,15,8,16,0,19,64,43,16,33,13,15,0,19,5,11,261,105,165,180,127,79,336,168,223,145,1294,286,2175,673,290,133,677,185
1400000US36061020000,"Census Tract 200, New York County, New York",Manhattan,2429,393,18,50,0,14,0,14,0,14,0,14,0,14,0,14,0,14,0,14,0,14,0,14,38,61,15,22,0,14,0,14,473,268,116,115,0,14,112,95,41,56,890,238,479,147,169,106,78,64
1400000US36061020101,"Census Tract 201.01, New York County, New York",Manhattan,543,121,0,14,0,14,0,14,0,14,0,14,0,14,0,14,0,14,0,14,0,14,0,14,0,14,0,14,0,14,0,14,62,62,2,3,5,7,0,14,32,31,107,47,172,58,40,25,123,54
1400000US36061020102,"Census Tract 201.02, New York County, New York",Manhattan,3128,540,92,114,0,14,0,14,0,14,0,14,0,14,0,14,0,14,24,38,16,27,0,14,48,58,0,14,0,14,117,98,448,230,52,62,94,79,401,240,172,93,929,299,386,169,159,80,190,112
1400000US36061020300,"Census Tract 203, New York County, New York",Manhattan,1027,219,0,14,0,14,0,14,7,12,0,14,20,32,0,14,0,14,0,14,0,14,11,15,0,14,0,14,0,14,0,14,22,16,13,19,36,66,62,48,55,50,314,115,320,101,115,137,52,37
1400000US36061020500,"Census Tract 205, New York County, New York",Manhattan,2238,363,7,12,6,11,0,19,0,19,0,19,0,19,50,72,0,19,0,19,76,83,0,19,7,20,0,19,5,9,0,19,46,53,15,30,0,19,30,28,13,15,471,105,588,157,182,99,742,161
1400000US36061020600,"Census Tract 206, New York County, New York",Manhattan,2711,416,5,10,0,14,0,14,0,14,0,14,0,14,0,14,5,11,0,14,0,14,32,38,182,119,42,49,53,49,17,20,350,187,205,150,19,25,327,151,77,87,844,214,335,160,90,70,128,95
1400000US36061020701,"Census Tract 207.01, New York County, New York",Manhattan,1726,283,0,14,0,14,0,14,0,14,0,14,0,14,0,14,0,14,0,14,0,14,12,20,0,14,0,14,12,24,13,20,14,13,27,21,12,18,157,164,13,17,470,141,407,127,59,53,530,153
1400000US36061020800,"Census Tract 208, New York County, New York",Manhattan,3458,652,152,148,0,19,0,19,0,19,0,19,62,95,0,19,0,19,0,19,0,19,37,59,0,19,152,131,25,23,80,96,409,308,44,73,195,179,199,137,37,39,1171,405,538,213,133,110,224,168
1400000US36061020901,"Census Tract 209.01, New York County, New York",Manhattan,2460,425,117,89,0,14,0,14,0,14,11,20,0,14,33,52,0,14,51,59,13,21,154,88,70,100,20,29,42,38,58,47,586,213,180,87,134,108,275,157,72,51,400,200,189,112,39,51,16,25
1400000US36061021000,"Census Tract 210, New York County, New York",Manhattan,4554,727,132,133,0,19,0,19,0,19,0,19,0,19,0,19,25,32,76,86,0,19,3,19,56,64,53,62,0,19,101,106,879,402,304,175,209,168,539,231,547,228,1093,351,480,259,57,49,0,19
1400000US36061021100,"Census Tract 211, New York County, New York",Manhattan,7156,1046,77,105,0,19,0,19,0,19,0,19,0,19,0,19,0,19,0,19,29,49,81,121,102,110,82,130,176,184,68,111,657,349,279,217,124,142,266,202,347,251,2060,459,2203,683,207,163,398,207
1400000US36061021200,"Census Tract 212, New York County, New York",Manhattan,4145,539,84,67,0,19,0,19,0,19,55,58,49,65,0,19,19,39,13,27,0,19,90,65,48,53,0,19,11,27,80,89,514,208,272,198,169,164,655,311,100,76,1084,369,653,244,116,119,133,84
1400000US36061021303,"Census Tract 213.03, New York County, New York",Manhattan,4415,834,250,146,0,19,0,19,0,19,0,19,68,114,94,100,0,19,0,19,0,19,132,130,12,21,96,99,88,89,213,117,542,273,46,43,224,132,657,435,148,167,1058,415,616,334,47,66,124,147
1400000US36061021400,"Census Tract 214, New York County, New York",Manhattan,2660,317,0,14,0,14,0,14,0,14,0,14,0,14,0,14,0,14,5,17,0,14,0,14,0,14,13,22,40,47,56,54,691,204,212,136,103,119,238,120,108,93,605,199,555,175,16,24,18,29
1400000US36061021500,"Census Tract 215, New York County, New York",Manhattan,2912,391,68,50,0,14,0,14,0,14,0,14,0,14,0,14,0,14,19,26,5,13,87,95,53,53,32,37,97,80,29,47,519,195,256,211,46,37,378,174,132,88,635,182,456,175,27,26,73,46
1400000US36061021600,"Census Tract 216, New York County, New York",Manhattan,6714,999,151,112,0,19,28,43,0,19,0,19,43,67,0,19,37,60,6,15,10,17,15,30,33,53,251,156,11,26,142,166,1007,430,267,152,237,175,597,215,237,139,1803,415,1347,520,311,199,181,119
1400000US36061021703,"Census Tract 217.03, New York County, New York",Manhattan,25,32,0,14,0,14,0,14,0,14,0,14,0,14,0,14,0,14,0,14,0,14,0,14,0,14,0,14,0,14,0,14,0,14,0,14,0,14,0,14,14,36,11,20,0,14,0,14,0,14
1400000US36061021800,"Census Tract 218, New York County, New York",Manhattan,4530,866,0,19,0,19,0,19,0,19,0,19,0,19,0,19,0,19,0,19,16,27,0,19,71,77,164,142,263,199,205,135,542,292,267,194,122,93,240,141,121,91,1391,644,673,223,252,184,203,147
1400000US36061021900,"Census Tract 219, New York County, New York",Manhattan,3511,554,134,119,0,19,0,19,0,19,0,19,48,76,0,19,64,87,0,19,0,19,69,72,64,88,383,261,14,21,177,189,728,293,205,142,43,63,512,270,209,147,636,265,225,197,0,19,0,19
1400000US36061022000,"Census Tract 220, New York County, New York",Manhattan,4894,805,0,19,0,19,0,19,0,19,0,19,0,19,0,19,47,79,59,76,0,19,29,42,111,134,117,137,42,69,38,45,684,322,83,79,136,126,495,220,394,337,1204,525,1152,423,100,93,203,143
1400000US36061022102,"Census Tract 221.02, New York County, New York",Manhattan,1951,423,41,48,0,14,0,14,0,14,0,14,0,14,0,14,0,14,0,14,0,14,44,72,0,14,16,30,12,22,59,89,273,85,37,58,15,23,167,109,68,84,625,217,427,200,95,73,72,56
1400000US36061022200,"Census Tract 222, New York County, New York",Manhattan,2803,393,114,87,0,14,0,14,0,14,0,14,0,14,0,14,0,14,5,10,20,31,0,14,37,60,5,9,74,67,46,73,377,211,54,54,79,53,289,179,144,100,880,262,542,196,102,76,35,43
1400000US36061022301,"Census Tract 223.01, New York County, New York",Manhattan,5190,913,240,141,0,19,0,19,0,19,0,19,0,19,163,262,160,118,30,22,171,159,130,117,28,48,111,98,62,96,23,42,997,382,171,130,88,87,701,265,242,145,1226,395,600,293,29,39,18,30
1400000US36061022302,"Census Tract 223.02, New York County, New York",Manhattan,2259,314,148,115,0,14,0,14,0,14,0,14,30,34,0,14,0,14,25,34,12,18,107,94,22,24,115,96,53,52,47,40,367,139,101,65,125,95,209,101,60,49,599,209,171,75,19,22,49,47
1400000US36061022400,"Census Tract 224, New York County, New York",Manhattan,4449,574,251,135,0,19,0,19,0,19,0,19,0,19,24,39,13,31,21,35,0,19,205,102,159,111,294,142,31,35,218,179,1210,354,249,146,125,110,694,367,247,157,598,246,97,67,0,19,13,20
1400000US36061022500,"Census Tract 225, New York County, New York",Manhattan,8999,1335,307,206,0,21,0,21,0,21,145,158,113,120,29,45,267,184,5,8,45,63,175,119,133,164,169,162,516,675,317,191,1438,401,512,252,567,363,862,299,341,208,1766,402,993,305,133,99,166,114
1400000US36061022600,"Census Tract 226, New York County, New York",Manhattan,3979,510,71,76,0,19,0,19,0,19,6,19,0,19,0,19,0,19,79,97,47,59,21,29,5,11,76,87,120,84,61,69,730,227,103,80,87,76,282,145,212,176,824,269,896,362,306,193,53,60
1400000US36061022700,"Census Tract 227, New York County, New York",Manhattan,4739,846,373,297,0,19,0,19,0,19,0,19,42,66,0,19,237,262,67,110,0,19,21,52,30,52,32,53,69,98,103,84,803,315,101,97,139,116,331,139,259,160,1033,316,838,568,164,134,97,97
1400000US36061022800,"Census Tract 228, New York County, New York",Manhattan,4265,611,174,182,0,19,0,19,0,19,0,19,35,60,85,137,0,19,2,4,2,4,66,86,32,44,100,101,39,39,108,80,464,236,341,226,64,81,420,280,305,167,937,367,956,356,43,69,92,91
1400000US36061022900,"Census Tract 229, New York County, New York",Manhattan,6550,952,308,223,0,19,0,19,0,19,101,93,101,120,59,96,92,84,56,86,127,149,29,49,156,153,228,117,240,265,156,151,805,428,144,121,106,106,994,465,178,190,1663,384,675,389,233,165,99,91
1400000US36061023000,"Census Tract 230, New York County, New York",Manhattan,6507,803,378,240,0,19,0,19,0,19,0,19,66,71,362,347,0,19,306,168,0,19,52,62,79,104,134,136,195,217,118,150,1419,717,548,260,373,248,401,216,305,192,993,374,676,347,68,108,34,56
1400000US36061023100,"Census Tract 231, New York County, New York",Manhattan,5598,1056,166,155,0,19,0,19,0,19,0,19,54,55,13,28,13,28,10,21,41,66,49,84,85,112,41,69,110,104,154,175,986,393,137,138,232,244,582,358,351,216,1614,463,753,242,195,177,12,20
1400000US36061023200,"Census Tract 232, New York County, New York",Manhattan,6359,830,351,272,0,19,52,88,0,19,0,19,0,19,0,19,290,427,17,30,34,52,211,153,38,47,111,111,391,256,397,268,1344,454,455,308,311,152,490,228,720,390,858,282,197,117,45,58,47,73
1400000US36061023300,"Census Tract 233, New York County, New York",Manhattan,5652,782,143,142,0,19,0,19,0,19,85,100,26,41,0,19,0,19,111,180,0,19,413,241,70,89,67,84,79,93,40,58,608,321,72,72,168,122,834,304,131,80,1913,440,579,234,101,88,212,276
1400000US36061023400,"Census Tract 234, New York County, New York",Manhattan,3944,662,490,279,0,19,0,19,0,19,0,19,0,19,0,19,0,19,0,19,0,19,27,43,0,19,38,60,0,19,187,147,489,220,356,265,210,170,650,492,106,91,651,260,644,273,69,82,27,54
1400000US36061023501,"Census Tract 235.01, New York County, New York",Manhattan,5932,935,106,114,0,19,0,19,0,19,0,19,0,19,0,19,15,26,127,166,16,33,0,19,257,183,43,58,119,102,168,169,878,412,83,90,389,244,741,341,396,190,1184,378,1071,654,243,165,96,75
1400000US36061023502,"Census Tract 235.02, New York County, New York",Manhattan,1383,223,54,36,0,14,0,14,0,14,0,14,0,14,0,14,0,14,18,20,32,34,0,14,29,38,77,50,61,53,112,61,235,106,35,29,163,82,101,55,68,52,249,86,139,87,10,14,0,14
1400000US36061023600,"Census Tract 236, New York County, New York",Manhattan,8009,1102,140,141,0,21,0,21,0,21,0,21,0,21,0,21,156,136,0,21,0,21,0,21,57,74,196,149,144,188,285,193,2492,891,250,209,485,378,1292,559,236,186,1610,572,525,283,141,223,0,21
1400000US36061023700,"Census Tract 237, New York County, New York",Manhattan,5013,715,255,187,26,46,0,19,0,19,0,19,0,19,41,61,46,71,105,98,69,105,243,182,128,114,169,161,0,19,242,187,939,326,84,88,152,119,339,170,62,65,1352,353,547,235,38,47,176,153
1400000US36061023802,"Census Tract 238.02, New York County, New York",Manhattan,3872,393,59,58,0,14,5,13,0,14,0,14,0,14,0,14,5,14,62,40,0,14,61,30,62,48,50,33,0,14,14,21,452,109,258,156,56,43,192,98,172,76,982,271,1039,287,237,128,166,94
1400000US36061023803,"Census Tract 238.03, New York County, New York",Manhattan,2716,462,12,12,0,14,0,14,0,14,0,14,0,14,0,14,0,14,0,14,0,14,0,14,0,14,0,14,38,56,68,61,182,83,57,45,88,61,162,81,160,91,825,248,697,284,159,75,268,146
1400000US36061023804,"Census Tract 238.04, New York County, New York",Manhattan,2448,365,8,20,0,14,0,14,0,14,0,14,0,14,0,14,0,14,0,14,28,44,0,14,0,14,0,14,62,96,0,14,85,54,20,32,0,14,130,119,0,14,881,269,375,158,344,199,515,249
1400000US36061023900,"Census Tract 239, New York County, New York",Manhattan,2271,333,80,82,0,14,0,14,0,14,0,14,187,146,0,14,10,18,45,58,15,23,77,77,23,29,7,12,23,25,21,32,357,132,67,53,132,138,264,120,106,89,576,172,188,96,41,59,52,74
1400000US36061024000,"Census Tract 240, New York County, New York",Manhattan,2201,147,36,44,0,14,0,14,0,14,0,14,29,38,15,16,37,42,37,51,0,14,71,51,157,87,158,105,170,101,36,45,620,194,306,140,51,52,272,129,100,72,87,64,19,29,0,14,0,14
1400000US36061024100,"Census Tract 241, New York County, New York",Manhattan,6260,681,187,128,0,19,0,19,0,19,0,19,156,135,0,19,0,19,102,93,41,66,324,225,74,96,114,127,223,172,75,85,701,324,387,298,302,187,748,343,170,123,1426,401,919,269,259,198,52,59
1400000US36061024200,"Census Tract 242, New York County, New York",Manhattan,3699,568,188,126,0,19,0,19,0,19,27,50,0,19,2,4,0,19,152,205,23,43,186,133,89,92,62,84,269,197,54,57,1307,400,49,47,283,215,345,164,227,108,236,115,85,79,83,101,32,38
1400000US36061024301,"Census Tract 243.01, New York County, New York",Manhattan,3710,791,110,93,0,14,0,14,0,14,0,14,0,14,7,12,19,27,71,117,27,40,126,129,22,18,88,84,66,70,130,154,677,307,147,126,275,182,330,125,200,110,855,367,511,220,31,29,18,26
1400000US36061024302,"Census Tract 243.02, New York County, New York",Manhattan,5039,737,278,265,0,19,0,19,0,19,87,142,0,19,110,154,0,19,41,52,0,19,355,257,18,25,146,106,71,104,105,97,1604,424,356,178,62,62,532,260,674,340,388,235,188,200,0,19,24,37
1400000US36061024500,"Census Tract 245, New York County, New York",Manhattan,10762,1440,981,527,0,21,0,21,0,21,0,21,181,220,171,180,166,217,383,251,46,73,787,427,231,232,15,26,320,279,143,161,1419,575,310,274,238,201,893,460,722,434,2524,693,467,282,496,292,269,177
1400000US36061024700,"Census Tract 247, New York County, New York",Manhattan,5240,879,358,223,0,19,0,19,0,19,0,19,120,183,81,123,0,19,131,133,0,19,75,79,0,19,0,19,0,19,162,151,911,547,214,218,142,118,402,210,51,68,1306,433,900,295,87,87,300,174
1400000US36061024900,"Census Tract 249, New York County, New York",Manhattan,828,187,1,9,0,14,0,14,0,14,0,14,0,14,19,32,0,14,38,61,0,14,32,41,1,5,42,40,20,28,6,13,132,58,29,27,26,29,46,45,9,11,320,105,62,50,0,14,45,31
1400000US36061025100,"Census Tract 251, New York County, New York",Manhattan,1712,226,192,106,0,14,0,14,0,14,34,31,3,6,13,20,31,44,16,24,13,21,113,73,146,88,87,65,17,19,57,38,246,112,76,52,89,54,238,131,5,6,180,81,128,65,0,14,28,25
1400000US36061025300,"Census Tract 253, New York County, New York",Manhattan,7585,940,401,266,0,21,0,21,20,32,13,27,95,131,10,18,19,31,124,186,0,21,529,536,280,177,96,80,443,208,577,352,587,271,132,115,292,159,830,271,267,189,1715,483,633,245,207,148,315,165
1400000US36061025500,"Census Tract 255, New York County, New York",Manhattan,4175,739,72,70,0,19,0,19,0,19,0,19,0,19,80,100,0,19,0,19,0,19,143,194,46,47,47,78,29,44,0,19,569,195,62,91,73,96,370,237,143,133,1317,466,920,696,192,133,112,120
1400000US36061025700,"Census Tract 257, New York County, New York",Manhattan,3531,404,13,17,0,14,0,14,0,14,1,3,0,14,0,14,0,14,0,14,0,14,0,14,20,25,26,31,113,118,48,58,521,262,72,67,44,33,145,82,93,62,1175,313,904,258,217,112,139,116
1400000US36061025900,"Census Tract 259, New York County, New York",Manhattan,3320,487,86,90,2,12,0,14,0,14,0,14,0,14,26,37,0,14,89,125,0,14,119,101,21,25,31,36,59,73,131,167,271,102,84,63,97,91,509,190,165,101,737,187,588,199,156,108,149,104
1400000US36061026100,"Census Tract 261, New York County, New York",Manhattan,8748,1564,753,274,0,21,0,21,0,21,0,21,86,119,129,114,119,119,205,180,177,150,637,282,650,415,110,86,484,435,401,242,1337,623,535,324,235,122,832,323,512,272,967,368,415,265,40,66,124,98
1400000US36061026300,"Census Tract 263, New York County, New York",Manhattan,5893,829,470,259,0,19,0,19,0,19,46,75,0,19,19,32,160,193,0,19,76,110,198,188,123,190,35,46,123,116,245,220,948,346,286,165,285,179,432,213,493,297,1380,407,465,239,61,61,48,56
1400000US36061026500,"Census Tract 265, New York County, New York",Manhattan,5910,1108,75,156,0,19,0,19,33,54,0,19,0,19,0,19,0,19,79,127,0,19,79,82,0,19,28,48,50,68,22,49,546,297,18,29,441,321,1081,755,176,123,1723,498,1048,332,100,82,411,183
1400000US36061026700,"Census Tract 267, New York County, New York",Manhattan,1002,178,92,75,0,14,0,14,0,14,0,14,11,15,12,22,0,14,0,14,9,13,0,14,1,3,7,8,9,14,20,27,103,68,29,26,67,58,132,55,161,64,203,84,74,45,14,19,58,43
1400000US36061026900,"Census Tract 269, New York County, New York",Manhattan,5715,1143,122,111,0,19,0,19,0,19,0,19,69,115,3,6,81,139,0,19,47,72,397,252,108,154,156,183,103,146,123,109,1073,339,292,346,200,154,669,375,814,577,740,369,560,439,158,159,0,19
1400000US36061027100,"Census Tract 271, New York County, New York",Manhattan,6154,988,415,279,0,19,0,19,26,43,44,57,0,19,0,19,0,19,38,44,0,19,371,241,62,79,86,94,119,138,62,60,798,406,108,97,236,176,678,410,829,380,1215,435,868,235,72,63,127,96
1400000US36061027300,"Census Tract 273, New York County, New York",Manhattan,5287,644,0,19,0,19,0,19,0,19,0,19,12,20,0,19,0,19,0,19,0,19,43,66,0,19,0,19,0,19,61,97,184,138,81,82,162,136,423,230,146,82,2172,389,1374,372,305,162,324,133
1400000US36061027500,"Census Tract 275, New York County, New York",Manhattan,2701,560,0,14,0,14,0,14,0,14,0,14,0,14,0,14,0,14,0,14,0,14,35,39,0,14,40,64,0,14,28,32,75,47,0,14,42,39,212,114,36,35,696,133,1009,542,288,117,240,109
1400000US36061027700,"Census Tract 277, New York County, New York",Manhattan,4866,900,367,343,0,19,0,19,0,19,36,46,24,42,10,22,12,23,143,175,0,19,316,214,166,164,9,16,92,88,9,30,976,451,211,127,234,150,604,283,552,304,819,336,255,144,11,23,20,27
1400000US36061027900,"Census Tract 279, New York County, New York",Manhattan,7429,1005,224,187,0,19,0,19,0,19,45,74,42,54,35,57,149,178,146,117,79,161,46,91,403,326,176,229,265,179,126,114,1205,528,319,213,330,390,760,321,91,81,1613,372,1026,366,95,96,254,159
1400000US36061028100,"Census Tract 281, New York County, New York",Manhattan,2547,341,12,8,0,14,0,14,0,14,0,14,5,12,0,14,5,12,0,14,0,14,21,19,19,16,0,14,15,18,6,12,172,78,11,18,23,28,64,44,39,28,837,238,917,228,218,107,183,79
1400000US36061028300,"Census Tract 283, New York County, New York",Manhattan,6427,1402,145,104,0,19,28,46,0,19,0,19,0,19,0,19,230,224,170,192,85,131,141,120,93,114,142,103,185,208,151,122,742,258,262,202,201,159,744,343,369,204,1585,520,929,330,71,56,154,125
1400000US36061028500,"Census Tract 285, New York County, New York",Manhattan,5443,1048,156,130,0,19,0,19,61,96,24,39,54,88,29,38,192,177,25,40,78,101,240,176,78,75,120,127,206,299,401,214,1504,540,230,182,431,228,319,190,213,164,692,299,284,138,31,36,75,92
1400000US36061028700,"Census Tract 287, New York County, New York",Manhattan,2784,427,5,10,0,14,0,14,0,14,0,14,0,14,0,14,60,96,0,14,0,14,0,14,17,29,58,64,5,10,81,67,454,229,49,58,158,127,313,153,102,60,687,134,694,193,23,25,78,84
1400000US36061029100,"Census Tract 291, New York County, New York",Manhattan,8263,1391,483,174,0,21,0,21,0,21,84,118,25,41,0,21,32,48,200,130,33,43,235,132,203,142,184,165,46,52,295,215,1444,593,470,305,289,231,1361,610,477,243,1370,391,614,314,71,123,347,494
1400000US36061029300,"Census Tract 293, New York County, New York",Manhattan,5235,959,314,187,5,9,0,19,0,19,0,19,94,100,118,106,0,19,149,158,29,47,386,273,239,170,132,216,51,54,99,94,1060,390,31,35,203,216,1182,487,134,88,545,209,372,188,62,83,30,47
1400000US36061029500,"Census Tract 295, New York County, New York",Manhattan,6140,886,20,33,0,19,0,19,0,19,0,19,0,19,137,198,0,19,38,56,72,111,177,270,5,5,1,5,2,4,134,182,944,475,219,161,264,171,884,351,432,249,1700,726,635,202,259,194,217,140
1400000US36061029700,"Census Tract 297, New York County, New York",Manhattan,13,5,0,14,0,14,0,14,0,14,0,14,0,14,0,14,0,14,0,14,0,14,0,14,2,5,0,14,0,14,0,14,4,5,2,4,0,14,5,4,0,14,0,14,0,14,0,14,0,14
1400000US36061029900,"Census Tract 299, New York County, New York",Manhattan,2686,441,178,108,0,14,0,14,0,14,12,18,81,85,23,27,60,67,0,14,4,5,130,92,106,99,0,14,69,69,159,127,359,171,194,123,323,209,223,127,143,83,503,235,88,68,31,34,0,14
1400000US36061030300,"Census Tract 303, New York County, New York",Manhattan,2846,468,0,14,0,14,0,14,0,14,0,14,0,14,18,26,61,70,47,64,0,14,187,155,13,22,1,2,47,74,75,51,347,183,119,74,196,130,124,77,187,166,733,189,521,133,86,56,84,63
1400000US36061030700,"Census Tract 307, New York County, New York",Manhattan,2969,403,53,42,73,81,0,14,0,14,0,14,12,23,0,14,0,14,0,14,0,14,7,11,34,52,0,14,0,14,115,90,60,53,0,14,52,35,135,56,68,52,1056,256,953,269,123,57,228,93
1400000US36061030900,"Census Tract 309, New York County, New York",Manhattan,6775,1104,384,245,0,21,15,24,0,21,0,21,102,115,347,434,7,12,34,43,47,53,35,59,157,143,127,123,616,392,288,228,1123,463,202,145,247,263,707,353,704,308,880,374,578,297,116,136,59,58
1400000US36061031100,"Census Tract 311, New York County, New York",Manhattan,0,14,0,14,0,14,0,14,0,14,0,14,0,14,0,14,0,14,0,14,0,14,0,14,0,14,0,14,0,14,0,14,0,14,0,14,0,14,0,14,0,14,0,14,0,14,0,14,0,14
1400000US36061031703,"Census Tract 317.03, New York County, New York",Manhattan,4204,680,42,68,0,19,0,19,0,19,0,19,0,19,0,19,0,19,0,19,0,19,0,19,0,19,0,19,0,19,0,19,201,161,54,66,14,24,138,143,238,252,1374,344,1515,443,538,249,90,80
1400000US36061031704,"Census Tract 317.04, New York County, New York",Manhattan,8080,1214,29,50,0,21,0,21,0,21,0,21,0,21,0,21,0,21,0,21,0,21,0,21,0,21,0,21,0,21,0,21,293,180,5,7,43,66,443,307,227,146,3579,835,2170,724,762,340,529,395
1400000US36061031900,"Census Tract 319, New York County, New York",Manhattan,0,14,0,14,0,14,0,14,0,14,0,14,0,14,0,14,0,14,0,14,0,14,0,14,0,14,0,14,0,14,0,14,0,14,0,14,0,14,0,14,0,14,0,14,0,14,0,14,0,14
1400000US36081000101,"Census Tract 1.01, Queens County, New York",Queens,3914,633,186,275,0,14,0,14,0,14,0,14,0,14,0,14,0,14,0,14,25,39,0,14,0,14,26,48,24,44,17,26,88,71,27,39,28,47,217,142,60,58,1548,399,1268,423,340,198,60,50
1400000US36081000102,"Census Tract 1.02, Queens County, New York",Queens,5353,505,16,26,0,19,0,19,0,19,0,19,0,19,0,19,0,19,12,22,0,19,0,19,0,19,0,19,0,19,0,19,233,141,0,19,160,144,144,124,90,55,2418,340,1194,361,773,212,313,149
1400000US36081000103,"Census Tract 1.03, Queens County, New York",Queens,35,45,5,7,0,14,0,14,0,14,0,14,0,14,0,14,0,14,0,14,0,14,0,14,0,14,0,14,0,14,0,14,0,14,0,14,0,14,0,14,0,14,30,48,0,14,0,14,0,14
1400000US36081000104,"Census Tract 1.04, Queens County, New York",Queens,257,85,0,14,0,14,0,14,0,14,0,14,0,14,0,14,0,14,0,14,0,14,12,31,0,14,12,31,18,27,12,30,146,108,20,23,0,14,19,22,7,14,11,22,0,14,0,14,0,14
1400000US36081000200,"Census Tract 2, Queens County, New York",Queens,1935,417,60,47,0,14,0,14,0,14,0,14,0,14,0,14,0,14,23,42,41,44,48,49,35,27,38,32,0,14,77,52,368,148,40,34,158,81,261,98,256,98,438,202,69,45,13,19,10,16
1400000US36081000400,"Census Tract 4, Queens County, New York",Queens,2913,579,284,132,12,17,9,15,0,14,0,14,12,20,0,14,0,14,152,207,0,14,2,3,14,21,0,14,64,84,104,131,774,319,210,110,139,83,353,219,269,207,348,166,130,84,15,24,22,35
1400000US36081000600,"Census Tract 6, Queens County, New York",Queens,2415,375,209,156,0,14,0,14,0,14,0,14,0,14,2,5,0,14,121,132,0,14,43,46,28,32,0,14,113,133,170,82,720,181,140,127,47,52,84,63,114,65,425,143,155,77,44,65,0,14
1400000US36081000701,"Census Tract 7.01, Queens County, New York",Queens,2849,333,4,9,0,14,0,14,0,14,0,14,0,14,0,14,11,17,34,46,0,14,0,14,0,14,0,14,18,23,68,58,82,83,45,63,101,67,176,129,108,98,999,207,814,299,332,207,57,53
1400000US36081000702,"Census Tract 7.02, Queens County, New York",Queens,3419,410,36,40,0,14,0,14,0,14,0,14,0,14,0,14,31,32,40,64,0,14,71,104,75,110,21,34,40,43,174,113,226,159,18,34,22,34,157,140,135,105,1168,239,785,248,245,133,175,98
1400000US36081000800,"Census Tract 8, Queens County, New York",Queens,2836,407,401,210,0,14,0,14,0,14,0,14,0,14,4,7,1,2,13,20,18,29,47,77,84,84,49,48,38,43,90,96,487,140,133,79,223,140,183,110,246,161,653,218,63,50,96,69,7,11
1400000US36081001000,"Census Tract 10, Queens County, New York",Queens,2978,640,106,79,7,12,0,14,0,14,0,14,7,10,12,18,0,14,87,67,0,14,25,31,59,49,34,34,179,214,110,61,628,185,242,105,92,59,213,100,284,163,646,332,200,87,47,43,0,14
1400000US36081001200,"Census Tract 12, Queens County, New York",Queens,3124,477,145,95,0,14,0,14,0,14,0,14,0,14,0,14,0,14,99,114,87,72,18,29,0,14,50,60,34,42,13,18,908,433,108,59,0,14,420,260,275,132,791,175,131,69,16,23,29,30
1400000US36081001400,"Census Tract 14, Queens County, New York",Queens,2817,662,214,105,0,14,190,164,0,14,0,14,4,14,0,14,16,23,0,14,0,14,11,17,29,35,0,14,14,23,89,83,843,276,11,18,246,282,235,148,133,81,435,181,333,441,14,33,0,14
1400000US36081001600,"Census Tract 16, Queens County, New York",Queens,2057,520,129,78,0,14,0,14,0,14,0,14,6,10,16,21,17,22,50,49,21,35,5,8,50,35,13,21,12,15,186,95,698,454,47,30,59,33,230,114,81,42,258,77,163,76,16,20,0,14
1400000US36081001800,"Census Tract 18, Queens County, New York",Queens,2305,502,193,131,0,14,5,8,0,14,0,14,0,14,34,49,0,14,62,49,0,14,26,32,75,69,24,34,25,30,71,46,626,205,93,78,117,125,158,76,367,150,322,145,86,55,9,14,12,11
1400000US36081001901,"Census Tract 19.01, Queens County, New York",Queens,1540,387,0,14,0,14,0,14,0,14,0,14,0,14,0,14,0,14,0,14,0,14,0,14,0,14,0,14,0,14,0,14,22,27,16,24,131,186,3,11,0,14,618,168,578,223,142,103,30,31
1400000US36081001902,"Census Tract 19.02, Queens County, New York",Queens,5727,807,16,19,0,19,0,19,0,19,0,19,0,19,0,19,0,19,0,19,0,19,0,19,0,19,0,19,0,19,18,32,21,35,30,47,0,19,133,105,75,86,3117,677,1797,537,323,171,197,128
1400000US36081001903,"Census Tract 19.03, Queens County, New York",Queens,1776,270,0,14,0,14,0,14,0,14,0,14,0,14,0,14,0,14,0,14,0,14,0,14,0,14,0,14,0,14,0,14,74,54,0,14,34,15,1,11,5,16,688,191,748,220,196,169,30,36
1400000US36081002000,"Census Tract 20, Queens County, New York",Queens,1297,242,117,77,0,14,0,14,0,14,0,14,5,9,4,10,5,9,17,18,8,12,3,9,0,14,12,17,40,24,92,60,228,114,65,44,97,46,118,77,106,48,268,93,101,63,0,14,11,17
1400000US36081002200,"Census Tract 22, Queens County, New York",Queens,1400,234,96,104,0,14,0,14,0,14,0,14,32,51,0,14,0,14,9,10,12,18,0,14,13,17,17,26,13,15,23,25,364,147,51,45,44,32,258,100,24,20,254,95,77,48,76,64,37,31
1400000US36081002400,"Census Tract 24, Queens County, New York",Queens,1408,290,83,59,0,14,0,14,0,14,0,14,7,11,0,14,3,5,12,20,14,23,0,14,0,14,0,14,18,18,20,21,399,283,93,61,58,42,122,55,150,92,199,90,186,80,44,28,0,14
1400000US36081002500,"Census Tract 25, Queens County, New York",Queens,4729,702,298,197,0,19,0,19,0,19,0,19,0,19,277,375,16,26,42,72,0,19,60,71,57,88,55,62,11,19,22,41,1519,497,272,165,354,235,234,194,428,237,581,215,423,186,61,58,19,29
1400000US36081002600,"Census Tract 26, Queens County, New York",Queens,1646,372,67,53,0,14,0,14,0,14,0,14,0,14,0,14,0,14,6,10,0,14,41,39,0,14,0,14,28,37,112,79,360,132,105,82,88,47,63,40,98,57,543,309,104,52,9,13,22,24
1400000US36081002800,"Census Tract 28, Queens County, New York",Queens,2260,481,162,81,0,14,0,14,0,14,0,14,0,14,18,40,0,14,16,21,8,13,0,14,0,14,0,14,8,19,84,94,440,207,342,250,142,99,94,70,172,79,593,311,73,60,0,14,108,92
1400000US36081003000,"Census Tract 30, Queens County, New York",Queens,889,198,107,70,0,14,0,14,0,14,0,14,0,14,0,14,15,27,6,7,0,14,0,14,12,17,24,18,0,14,43,29,215,91,13,20,17,27,50,33,88,46,249,175,44,49,0,14,6,11
1400000US36081003100,"Census Tract 31, Queens County, New York",Queens,1475,203,56,44,0,14,0,14,0,14,0,14,0,14,0,14,0,14,0,14,0,14,16,25,0,14,47,48,8,19,12,17,165,93,33,43,8,20,71,44,44,42,529,131,394,148,61,42,31,28
1400000US36081003200,"Census Tract 32, Queens County, New York",Queens,1286,251,38,44,0,14,0,14,0,14,25,36,0,14,0,14,0,14,12,13,0,14,55,78,22,23,6,8,35,42,124,67,236,104,73,60,121,91,58,35,146,90,240,137,58,38,13,18,24,25
1400000US36081003301,"Census Tract 33.01, Queens County, New York",Queens,3228,512,14,26,0,14,0,14,58,93,0,14,0,14,0,14,0,14,0,14,0,14,0,14,0,14,0,14,0,14,13,24,64,33,57,37,0,14,0,14,13,22,1295,296,1168,428,432,152,114,78
1400000US36081003302,"Census Tract 33.02, Queens County, New York",Queens,718,142,46,37,0,14,0,14,0,14,0,14,0,14,0,14,0,14,39,49,0,14,30,35,23,29,13,21,0,14,20,29,122,77,40,37,32,39,39,41,5,8,179,91,49,33,21,30,60,49
1400000US36081003400,"Census Tract 34, Queens County, New York",Queens,1801,276,53,37,0,14,0,14,0,14,0,14,10,17,0,14,0,14,50,53,20,32,19,25,0,14,55,67,16,23,66,42,677,171,10,19,103,63,175,93,184,94,246,95,62,45,45,31,10,14
1400000US36081003600,"Census Tract 36, Queens County, New York",Queens,2334,554,84,78,0,14,0,14,0,14,0,14,0,14,7,15,0,14,44,65,9,35,0,14,0,14,57,41,15,25,80,104,555,219,79,54,172,87,315,95,405,299,426,183,79,72,4,7,3,8
1400000US36081003700,"Census Tract 37, Queens County, New York",Queens,0,14,0,14,0,14,0,14,0,14,0,14,0,14,0,14,0,14,0,14,0,14,0,14,0,14,0,14,0,14,0,14,0,14,0,14,0,14,0,14,0,14,0,14,0,14,0,14,0,14
1400000US36081003800,"Census Tract 38, Queens County, New York",Queens,1507,239,83,54,0,14,0,14,16,26,0,14,0,14,29,36,0,14,0,14,1,3,10,13,0,14,81,62,8,25,52,54,423,90,29,30,82,65,156,72,104,74,299,141,75,48,53,41,6,11
1400000US36081003900,"Census Tract 39, Queens County, New York",Queens,1066,354,42,33,0,14,0,14,0,14,0,14,0,14,0,14,0,14,18,21,11,16,0,14,22,26,22,50,41,36,7,11,256,123,54,40,37,28,63,47,117,160,156,53,139,171,76,80,5,9
1400000US36081004001,"Census Tract 40.01, Queens County, New York",Queens,1544,214,26,19,0,14,0,14,0,14,0,14,21,24,0,14,6,10,90,81,0,14,25,31,44,63,40,49,27,42,86,40,195,63,96,56,91,50,232,86,180,55,256,84,110,59,19,21,0,14
1400000US36081004002,"Census Tract 40.02, Queens County, New York",Queens,1276,603,170,225,0,14,8,13,0,14,0,14,0,14,8,13,19,30,0,14,0,14,23,35,0,14,68,68,0,14,87,75,227,130,83,81,47,45,43,40,90,46,153,72,238,293,0,14,12,16
1400000US36081004200,"Census Tract 42, Queens County, New York",Queens,2939,437,390,220,32,48,0,14,0,14,0,14,0,14,28,42,42,44,55,48,32,51,23,38,20,29,146,159,40,58,137,78,772,301,47,61,95,77,135,92,181,122,430,225,275,108,59,95,0,14
1400000US36081004300,"Census Tract 43, Queens County, New York",Queens,1401,259,0,14,0,14,0,14,0,14,0,14,3,7,0,14,77,80,0,14,41,45,82,97,0,14,52,55,68,81,34,41,400,159,96,67,93,54,228,120,63,34,145,102,7,15,12,20,0,14
1400000US36081004401,"Census Tract 44.01, Queens County, New York",Queens,2395,407,228,188,0,14,0,14,0,14,0,14,10,17,1,4,81,67,128,157,0,14,83,65,26,31,0,14,58,55,86,60,346,135,103,73,177,85,261,178,184,88,373,137,215,97,14,23,21,27
1400000US36081004500,"Census Tract 45, Queens County, New York",Queens,2436,388,63,46,11,18,0,14,0,14,0,14,0,14,29,46,0,14,30,46,0,14,0,14,0,14,14,18,0,14,97,68,335,143,0,14,161,104,239,143,176,112,594,185,500,152,93,56,94,60
1400000US36081004700,"Census Tract 47, Queens County, New York",Queens,2720,263,115,100,0,14,0,14,0,14,0,14,0,14,0,14,0,14,10,35,0,14,25,40,3,5,35,35,65,81,80,72,588,162,18,29,271,108,233,116,231,121,676,172,239,100,109,77,22,33
1400000US36081005000,"Census Tract 50, Queens County, New York",Queens,0,14,0,14,0,14,0,14,0,14,0,14,0,14,0,14,0,14,0,14,0,14,0,14,0,14,0,14,0,14,0,14,0,14,0,14,0,14,0,14,0,14,0,14,0,14,0,14,0,14
1400000US36081005100,"Census Tract 51, Queens County, New York",Queens,1626,287,47,34,0,14,0,14,0,14,0,14,9,13,0,14,40,41,43,65,0,14,44,40,0,14,7,10,42,64,12,13,378,124,62,70,62,40,61,39,104,83,491,110,169,71,48,24,7,12
1400000US36081005200,"Census Tract 52, Queens County, New York",Queens,1620,462,154,98,0,14,0,14,33,48,0,14,10,17,0,14,34,35,37,55,0,14,0,14,16,26,57,43,0,14,42,33,211,108,67,45,41,34,114,65,128,46,555,368,107,75,14,21,0,14
1400000US36081005300,"Census Tract 53, Queens County, New York",Queens,4119,727,8,18,0,19,0,19,0,19,0,19,0,19,0,19,0,19,0,19,0,19,0,19,0,19,0,19,0,19,73,70,449,192,89,111,80,80,337,196,206,164,2050,568,611,281,66,61,150,103
1400000US36081005400,"Census Tract 54, Queens County, New York",Queens,3928,488,460,200,0,19,0,19,9,19,0,19,12,20,27,43,62,60,32,37,88,142,53,47,14,22,125,82,110,100,160,94,795,311,246,128,266,121,426,204,365,168,387,138,244,114,28,35,19,21
1400000US36081005500,"Census Tract 55, Queens County, New York",Queens,1013,176,104,52,0,14,0,14,0,14,0,14,0,14,0,14,0,14,0,14,0,14,0,14,20,30,3,7,0,14,43,32,205,147,22,32,31,23,85,56,28,30,263,117,96,54,109,53,4,9
1400000US36081005700,"Census Tract 57, Queens County, New York",Queens,3020,348,88,47,0,14,9,14,0,14,0,14,73,73,0,14,12,19,72,80,0,14,65,76,0,14,6,12,38,57,0,14,555,281,56,51,82,57,136,73,63,43,1168,214,530,183,33,29,34,28
1400000US36081005800,"Census Tract 58, Queens County, New York",Queens,3972,418,261,212,36,39,0,19,0,19,0,19,0,19,0,19,0,19,62,70,0,19,0,19,84,73,60,96,30,34,80,62,954,305,107,85,354,163,551,199,250,118,662,235,367,233,107,103,7,14
1400000US36081005900,"Census Tract 59, Queens County, New York",Queens,2868,342,127,89,0,14,0,14,0,14,0,14,24,24,16,25,0,14,78,70,0,14,21,33,3,6,0,14,23,38,15,25,539,142,127,77,61,47,163,98,112,104,976,193,383,130,165,100,35,54
1400000US36081006100,"Census Tract 61, Queens County, New York",Queens,4380,516,108,63,0,19,0,19,0,19,0,19,0,19,0,19,0,19,12,19,0,19,4,15,81,74,98,57,0,19,72,71,547,314,0,19,113,97,333,183,306,180,1630,318,730,215,174,115,172,109
1400000US36081006201,"Census Tract 62.01, Queens County, New York",Queens,4553,732,99,95,0,19,0,19,0,19,0,19,0,19,0,19,0,19,20,32,49,78,64,108,106,120,0,19,75,75,124,110,948,323,173,101,167,105,753,272,507,178,1052,478,286,131,115,114,15,24
1400000US36081006202,"Census Tract 62.02, Queens County, New York",Queens,4926,646,143,145,0,19,0,19,0,19,0,19,0,19,0,19,97,105,0,19,0,19,56,86,189,9,149,197,140,141,129,133,962,301,380,247,502,256,420,177,305,162,774,229,616,227,20,32,44,56
1400000US36081006300,"Census Tract 63, Queens County, New York",Queens,4929,651,207,254,0,19,0,19,0,19,0,19,17,27,0,19,0,19,79,94,0,19,18,30,0,19,99,135,0,19,90,80,228,108,52,49,145,96,297,145,251,132,2160,533,1090,398,155,96,41,40
1400000US36081006501,"Census Tract 65.01, Queens County, New York",Queens,2519,409,26,29,0,14,0,14,0,14,0,14,0,14,15,18,22,27,33,32,37,32,36,55,0,14,12,19,0,14,0,14,418,205,64,66,95,118,145,84,273,214,773,159,316,126,139,89,115,87
1400000US36081006502,"Census Tract 65.02, Queens County, New York",Queens,3288,439,91,107,0,14,0,14,0,14,0,14,0,14,0,14,12,21,6,12,4,7,87,125,54,87,0,14,21,30,11,38,585,242,52,80,112,69,165,72,187,91,1220,245,492,170,157,161,32,33
1400000US36081006900,"Census Tract 69, Queens County, New York",Queens,4016,682,76,94,0,14,0,14,70,105,63,95,0,14,0,14,20,36,87,88,18,23,104,64,42,64,0,14,5,10,36,41,397,168,42,36,168,188,145,63,429,150,1017,327,732,216,367,427,198,134
1400000US36081007100,"Census Tract 71, Queens County, New York",Queens,2935,404,34,39,0,14,0,14,0,14,0,14,0,14,16,33,0,14,54,50,0,14,18,28,51,46,0,14,0,14,25,31,252,145,8,17,39,44,190,100,167,94,1606,361,271,111,22,31,182,154
1400000US36081007300,"Census Tract 73, Queens County, New York",Queens,3265,387,0,14,0,14,0,14,0,14,0,14,0,14,37,43,47,58,25,39,0,14,36,43,0,14,8,28,4,17,83,72,313,180,0,14,180,118,228,83,73,74,1329,297,786,198,44,52,72,67
1400000US36081007500,"Census Tract 75, Queens County, New York",Queens,3895,520,0,19,0,19,0,19,0,19,0,19,120,160,0,19,0,19,91,123,0,19,14,22,0,19,13,20,1,3,63,56,827,367,67,68,193,180,300,153,154,149,1541,431,351,149,55,52,105,94
1400000US36081007700,"Census Tract 77, Queens County, New York",Queens,1458,237,42,46,0,14,0,14,0,14,0,14,0,14,0,14,0,14,28,30,8,12,0,14,29,31,0,14,0,14,35,39,91,52,11,12,145,92,39,32,81,55,455,146,399,139,95,59,0,14
1400000US36081007900,"Census Tract 79, Queens County, New York",Queens,2305,363,70,80,0,14,9,14,0,14,0,14,0,14,0,14,35,54,25,29,0,14,22,32,0,14,19,22,0,14,16,19,557,141,6,9,100,82,17,21,228,194,879,200,304,156,10,14,8,12
1400000US36081008100,"Census Tract 81, Queens County, New York",Queens,1251,244,20,21,0,14,0,14,0,14,0,14,0,14,0,14,18,19,0,14,0,14,13,19,15,21,0,14,0,14,27,32,167,102,0,14,55,44,64,42,35,23,458,138,276,106,63,38,40,28
1400000US36081008300,"Census Tract 83, Queens County, New York",Queens,1725,390,92,80,0,14,0,14,0,14,0,14,20,33,0,14,54,65,15,22,8,22,0,14,13,20,2,7,55,51,18,29,287,137,101,55,59,36,148,64,131,86,490,218,219,94,0,14,13,19
1400000US36081008500,"Census Tract 85, Queens County, New York",Queens,1181,300,36,43,0,14,0,14,0,14,0,14,0,14,0,14,0,14,0,14,0,14,18,28,55,42,51,61,69,51,37,43,380,229,10,22,107,67,53,42,26,39,206,86,73,48,60,59,0,14
1400000US36081008600,"Census Tract 86, Queens County, New York",Queens,2258,260,92,79,0,14,24,35,0,14,0,14,30,39,9,15,14,21,149,95,0,14,129,80,17,13,33,52,28,35,108,76,535,184,114,73,37,26,238,119,108,65,376,139,168,125,10,11,39,41
1400000US36081008700,"Census Tract 87, Queens County, New York",Queens,2598,520,102,83,0,14,0,14,0,14,0,14,0,14,0,14,9,16,0,14,0,14,295,225,30,36,13,23,95,99,170,116,355,188,218,98,162,100,90,66,354,197,490,186,215,149,0,14,0,14
1400000US36081008800,"Census Tract 88, Queens County, New York",Queens,2546,356,122,75,0,14,0,14,0,14,0,14,0,14,26,38,0,14,31,27,0,14,14,21,52,58,20,25,134,140,106,88,493,173,159,78,207,115,153,51,189,104,612,291,165,86,28,34,35,27
1400000US36081009100,"Census Tract 91, Queens County, New York",Queens,1530,245,14,21,0,14,0,14,0,14,0,14,0,14,0,14,0,14,0,14,0,14,4,9,8,18,12,20,0,14,30,36,205,102,47,43,48,42,135,121,67,58,488,162,364,134,78,85,30,29
1400000US36081009400,"Census Tract 94, Queens County, New York",Queens,1903,292,203,115,15,20,0,14,0,14,0,14,0,14,0,14,30,36,3,5,0,14,31,43,30,36,18,28,28,23,53,44,609,193,115,67,110,61,158,83,141,76,194,69,122,74,10,16,33,34
1400000US36081009500,"Census Tract 95, Queens County, New York",Queens,1698,290,22,18,0,14,0,14,0,14,0,14,5,8,0,14,0,14,6,10,0,14,5,8,5,11,26,37,12,17,0,14,230,151,3,7,33,33,86,49,37,30,787,158,317,116,52,38,72,36
1400000US36081009600,"Census Tract 96, Queens County, New York",Queens,2196,501,107,76,0,14,0,14,0,14,0,14,0,14,6,9,0,14,29,40,4,7,79,78,35,37,13,16,5,9,317,377,404,129,243,154,153,162,139,73,74,39,451,139,85,63,52,42,0,14
1400000US36081009700,"Census Tract 97, Queens County, New York",Queens,2854,444,72,64,0,14,0,14,0,14,0,14,0,14,0,14,0,14,15,26,0,14,23,26,0,14,30,35,0,14,93,105,479,226,194,156,66,48,180,94,90,97,997,245,409,174,124,91,82,65
1400000US36081009800,"Census Tract 98, Queens County, New York",Queens,1668,382,169,101,0,14,0,14,0,14,0,14,0,14,95,155,42,67,67,100,15,29,31,33,63,77,34,42,9,14,32,27,465,172,76,43,83,66,70,41,106,60,209,86,77,61,25,31,0,14
1400000US36081009900,"Census Tract 99, Queens County, New York",Queens,0,14,0,14,0,14,0,14,0,14,0,14,0,14,0,14,0,14,0,14,0,14,0,14,0,14,0,14,0,14,0,14,0,14,0,14,0,14,0,14,0,14,0,14,0,14,0,14,0,14
1400000US36081010000,"Census Tract 100, Queens County, New York",Queens,2209,657,150,100,0,14,14,23,0,14,0,14,0,14,0,14,43,54,23,37,9,15,15,23,5,8,0,14,4,8,31,47,532,340,195,144,210,140,213,105,251,85,230,113,74,77,188,256,22,24
1400000US36081010100,"Census Tract 101, Queens County, New York",Queens,2016,497,53,62,0,14,0,14,0,14,0,14,0,14,0,14,0,14,20,32,14,23,12,18,22,33,0,14,58,46,67,46,295,193,19,24,41,55,96,76,164,119,842,188,263,125,41,39,9,16
1400000US36081010200,"Census Tract 102, Queens County, New York",Queens,2052,385,204,99,0,14,0,14,0,14,0,14,47,60,0,14,18,14,17,28,17,26,6,9,71,46,48,49,14,12,28,23,490,207,175,109,160,153,184,100,141,75,268,82,148,84,0,14,16,18
1400000US36081010300,"Census Tract 103, Queens County, New York",Queens,2865,456,171,99,0,14,0,14,0,14,0,14,0,14,0,14,6,9,36,34,0,14,0,14,7,12,24,29,10,16,10,18,328,154,91,82,87,76,248,128,233,162,945,227,428,164,208,100,33,51
1400000US36081010400,"Census Tract 104, Queens County, New York",Queens,2793,469,182,73,0,14,11,15,0,14,0,14,0,14,37,59,86,67,54,58,38,57,110,73,66,58,166,119,120,91,93,76,854,297,223,95,75,44,111,96,197,121,300,102,25,23,45,56,0,14
1400000US36081010500,"Census Tract 105, Queens County, New York",Queens,3445,594,120,82,1,9,0,14,14,18,0,14,13,17,0,14,20,31,0,14,14,23,13,17,20,23,25,28,57,80,76,51,545,195,121,73,548,343,418,166,255,140,830,363,282,117,50,55,23,24
1400000US36081010600,"Census Tract 106, Queens County, New York",Queens,2189,596,170,109,0,14,3,4,15,17,0,14,29,45,21,33,18,28,35,41,1,2,24,30,7,10,35,56,4,8,77,70,849,615,108,49,98,67,260,131,110,75,213,111,71,46,0,14,41,42
1400000US36081010701,"Census Tract 107.01, Queens County, New York",Queens,0,14,0,14,0,14,0,14,0,14,0,14,0,14,0,14,0,14,0,14,0,14,0,14,0,14,0,14,0,14,0,14,0,14,0,14,0,14,0,14,0,14,0,14,0,14,0,14,0,14
1400000US36081010800,"Census Tract 108, Queens County, New York",Queens,2328,521,198,74,0,14,0,14,3,5,17,21,0,14,16,21,11,19,54,101,0,14,32,37,0,14,95,84,10,17,113,65,637,287,210,76,85,61,110,74,155,109,489,174,62,39,31,34,0,14
1400000US36081011000,"Census Tract 110, Queens County, New York",Queens,1981,521,298,177,35,52,0,14,3,5,0,14,24,38,6,10,17,29,26,43,34,48,96,66,91,87,89,53,93,106,116,67,457,166,126,74,29,25,54,40,97,68,224,119,51,35,9,14,6,12
1400000US36081011100,"Census Tract 111, Queens County, New York",Queens,2380,294,108,80,0,14,0,14,0,14,0,14,0,14,0,14,0,14,3,8,0,14,20,31,0,14,28,45,0,14,37,36,349,102,195,142,91,75,70,56,219,91,769,235,355,164,129,82,7,10
1400000US36081011200,"Census Tract 112, Queens County, New York",Queens,1774,351,67,51,0,14,0,14,6,11,0,14,9,14,16,25,33,38,205,212,31,41,49,42,27,27,31,35,7,12,78,55,350,167,43,34,9,14,247,133,202,89,232,89,132,66,0,14,0,14
1400000US36081011300,"Census Tract 113, Queens County, New York",Queens,3599,471,66,68,0,14,0,14,0,14,0,14,7,11,0,14,18,28,0,14,0,14,73,71,22,35,0,14,3,7,66,58,690,289,72,66,114,93,348,194,268,148,1271,250,483,179,74,65,24,38
1400000US36081011400,"Census Tract 114, Queens County, New York",Queens,1313,388,96,79,0,14,0,14,0,14,0,14,39,50,10,14,10,14,74,53,0,14,59,70,8,13,0,14,25,41,50,47,246,153,58,50,71,81,151,128,127,119,259,211,29,29,0,14,1,15
1400000US36081011500,"Census Tract 115, Queens County, New York",Queens,1882,335,0,14,0,14,0,14,0,14,0,14,0,14,0,14,0,14,15,20,0,14,13,22,0,14,20,33,0,14,36,31,202,133,11,20,0,14,182,99,111,67,743,134,415,165,99,64,35,37
1400000US36081011600,"Census Tract 116, Queens County, New York",Queens,1700,320,103,52,0,14,25,37,0,14,0,14,20,21,23,40,3,7,35,30,9,15,15,15,17,18,12,18,57,73,7,10,628,139,48,43,77,34,129,114,176,93,253,114,63,63,0,14,0,14
1400000US36081011700,"Census Tract 117, Queens County, New York",Queens,3217,536,33,32,0,14,0,14,0,14,0,14,8,11,0,14,7,10,23,22,0,14,6,9,22,27,0,14,0,14,85,61,347,147,39,30,186,143,232,142,129,70,1348,343,462,164,245,212,45,39
1400000US36081011800,"Census Tract 118, Queens County, New York",Queens,1904,322,64,51,0,14,0,14,0,14,0,14,0,14,0,14,19,19,59,59,16,21,40,65,46,45,53,47,34,37,160,99,587,194,115,82,53,49,114,64,52,39,324,171,125,84,31,24,12,20
1400000US36081011900,"Census Tract 119, Queens County, New York",Queens,1186,165,6,9,0,14,0,14,0,14,0,14,0,14,9,11,10,13,13,13,1,8,31,30,16,19,3,7,0,14,5,8,158,71,10,17,21,20,186,91,63,49,411,112,232,119,11,14,0,14
1400000US36081012000,"Census Tract 120, Queens County, New York",Queens,1745,385,223,121,0,14,0,14,0,14,0,14,0,14,0,14,38,59,22,33,0,14,32,30,11,19,32,37,30,42,133,81,289,142,160,97,119,98,144,64,103,77,246,87,118,77,27,24,18,19
1400000US36081012100,"Census Tract 121, Queens County, New York",Queens,1621,261,89,94,7,11,13,18,0,14,0,14,0,14,6,9,5,9,24,24,2,5,18,25,22,27,0,14,56,77,21,19,275,84,39,33,10,14,129,72,126,71,476,102,237,80,29,24,37,37
1400000US36081012200,"Census Tract 122, Queens County, New York",Queens,2007,490,315,149,0,14,19,30,0,14,0,14,0,14,23,12,0,14,1,3,15,22,62,52,4,14,60,49,37,58,110,82,390,122,49,42,123,56,71,51,50,36,315,102,338,301,17,29,8,13
1400000US36081012301,"Census Tract 123.01, Queens County, New York",Queens,2516,393,68,70,0,14,0,14,0,14,0,14,0,14,0,14,0,14,26,30,0,14,0,14,0,14,0,14,0,14,12,18,504,223,57,40,63,42,181,105,18,20,760,180,673,229,116,69,38,37
1400000US36081012400,"Census Tract 124, Queens County, New York",Queens,2067,460,49,32,0,14,50,86,0,14,21,26,31,48,0,14,36,42,24,22,36,35,51,37,28,37,71,86,61,59,43,51,678,366,62,42,148,100,270,117,37,34,316,98,55,40,0,14,0,14
1400000US36081012500,"Census Tract 125, Queens County, New York",Queens,1186,203,31,24,0,14,0,14,0,14,0,14,15,20,7,10,0,14,16,23,19,29,7,12,0,14,12,16,4,8,0,14,123,67,27,20,38,24,160,77,53,42,447,118,180,76,47,35,0,14
1400000US36081012601,"Census Tract 126.01, Queens County, New York",Queens,1700,325,105,99,0,14,0,14,0,14,0,14,30,34,24,40,10,15,0,14,54,85,2,12,0,14,38,45,26,38,24,22,425,146,135,88,60,58,99,75,118,73,436,192,47,40,25,21,42,49
1400000US36081012602,"Census Tract 126.02, Queens County, New York",Queens,1580,249,105,76,0,14,0,14,0,14,0,14,0,14,0,14,21,21,1,3,0,14,0,14,0,14,41,56,0,14,0,14,359,135,123,80,95,80,184,114,169,98,319,144,91,86,42,28,30,28
1400000US36081012800,"Census Tract 128, Queens County, New York",Queens,1350,179,23,23,0,14,0,14,0,14,0,14,0,14,0,14,39,53,2,10,0,14,28,41,0,14,18,23,0,14,32,29,233,104,77,61,48,28,192,100,88,47,271,93,257,119,20,25,22,24
1400000US36081013000,"Census Tract 130, Queens County, New York",Queens,1347,257,57,39,0,14,0,14,0,14,0,14,5,9,2,6,34,42,16,17,0,14,14,17,10,12,7,11,0,14,35,34,226,115,243,204,22,19,109,65,44,29,259,90,215,114,13,14,36,36
1400000US36081013200,"Census Tract 132, Queens County, New York",Queens,1446,305,35,28,0,14,0,14,0,14,0,14,0,14,0,14,0,14,20,34,0,14,63,64,5,9,35,32,12,18,17,19,310,182,42,33,17,20,77,52,77,70,458,152,167,81,111,160,0,14
1400000US36081013400,"Census Tract 134, Queens County, New York",Queens,4631,862,435,496,0,19,0,19,0,19,0,19,0,19,0,19,0,19,43,59,68,89,78,66,70,68,13,24,31,50,161,145,626,214,57,54,122,106,161,81,457,346,1403,330,802,237,37,45,67,115
1400000US36081013500,"Census Tract 135, Queens County, New York",Queens,964,205,8,12,0,14,0,14,0,14,0,14,0,14,0,14,5,9,0,14,0,14,6,9,0,14,0,14,0,14,57,58,209,79,31,37,18,27,60,46,112,64,266,115,139,75,24,19,29,22
1400000US36081013600,"Census Tract 136, Queens County, New York",Queens,1412,184,30,29,0,14,0,14,0,14,0,14,0,14,0,14,0,14,21,26,3,5,0,14,13,14,0,14,0,14,25,20,227,91,23,21,100,48,95,58,70,41,396,180,324,78,53,42,32,26
1400000US36081013700,"Census Tract 137, Queens County, New York",Queens,1619,190,0,14,0,14,0,14,0,14,0,14,8,12,0,14,0,14,8,11,2,3,25,27,0,14,0,14,0,14,34,27,207,89,71,41,52,38,124,81,156,112,555,161,212,91,42,25,123,133
1400000US36081013800,"Census Tract 138, Queens County, New York",Queens,2744,419,161,81,0,14,0,14,0,14,0,14,0,14,0,14,0,14,0,14,1,2,39,60,0,14,46,55,0,14,32,38,494,179,64,57,71,62,359,147,275,118,778,138,333,140,42,41,49,47
1400000US36081014000,"Census Tract 140, Queens County, New York",Queens,2687,321,32,29,12,18,0,14,0,14,0,14,0,14,0,14,0,14,37,52,0,14,0,14,29,47,35,35,0,14,0,14,601,206,98,76,70,44,244,127,135,77,604,229,568,188,205,169,17,19
1400000US36081014100,"Census Tract 141, Queens County, New York",Queens,1366,270,33,30,0,14,0,14,0,14,37,28,0,14,3,6,7,10,47,30,0,14,0,14,18,27,5,7,0,14,12,19,175,65,7,10,62,48,127,71,14,15,602,257,180,88,24,20,13,19
1400000US36081014201,"Census Tract 142.01, Queens County, New York",Queens,2770,547,71,64,0,14,0,14,0,14,0,14,25,43,0,14,0,14,51,62,105,80,0,14,82,89,67,80,86,104,135,74,1009,582,129,122,103,93,245,132,120,75,399,170,143,120,0,14,0,14
1400000US36081014202,"Census Tract 142.02, Queens County, New York",Queens,2164,344,103,81,0,14,0,14,6,12,4,8,4,9,6,13,0,14,162,104,33,52,107,43,147,87,55,64,55,52,98,82,556,183,73,46,49,38,170,92,121,102,285,144,130,80,0,14,0,14
1400000US36081014300,"Census Tract 143, Queens County, New York",Queens,2715,362,65,39,0,14,0,14,0,14,0,14,35,43,0,14,4,16,0,14,11,17,60,46,0,14,16,26,0,14,35,43,321,121,101,101,231,110,326,153,128,82,878,217,343,130,78,98,83,59
1400000US36081014400,"Census Tract 144, Queens County, New York",Queens,1162,345,29,27,0,14,0,14,0,14,0,14,0,14,0,14,0,14,8,13,0,14,37,51,10,16,154,223,7,11,66,25,273,98,138,101,0,14,134,73,95,61,93,57,103,54,15,27,0,14
1400000US36081014500,"Census Tract 145, Queens County, New York",Queens,1941,349,27,23,0,14,0,14,0,14,4,8,4,6,0,14,12,20,15,22,0,14,42,43,11,16,4,7,0,14,24,23,353,134,85,48,98,67,88,57,138,56,790,254,189,96,8,12,49,35
1400000US36081014700,"Census Tract 147, Queens County, New York",Queens,2411,325,84,76,3,13,0,14,0,14,0,14,0,14,0,14,0,14,0,14,0,14,0,14,0,14,148,118,6,15,3,15,458,198,18,31,131,88,177,101,158,106,701,257,361,182,66,70,97,81
1400000US36081014800,"Census Tract 148, Queens County, New York",Queens,1459,269,113,69,0,14,0,14,0,14,12,16,0,14,0,14,22,19,16,24,0,14,9,14,21,27,40,32,13,18,47,37,315,105,94,48,248,242,95,54,73,58,253,74,67,44,21,29,0,14
1400000US36081014900,"Census Tract 149, Queens County, New York",Queens,1626,348,43,30,0,14,0,14,0,14,0,14,0,14,0,14,0,14,18,29,29,49,0,14,0,14,8,14,0,14,83,68,349,169,31,46,106,97,167,70,103,99,516,165,154,65,9,18,10,15
1400000US36081015000,"Census Tract 150, Queens County, New York",Queens,1556,423,277,259,0,14,0,14,0,14,0,14,0,14,0,14,13,24,61,70,25,32,5,9,30,33,21,27,21,24,74,50,358,145,97,56,70,57,162,100,96,64,192,93,50,43,4,7,0,14
1400000US36081015100,"Census Tract 151, Queens County, New York",Queens,2194,367,83,66,0,14,0,14,0,14,0,14,0,14,0,14,0,14,8,13,31,16,23,29,1,3,38,19,0,14,74,65,563,209,82,74,0,14,96,75,303,218,669,252,171,69,13,21,39,40
1400000US36081015200,"Census Tract 152, Queens County, New York",Queens,1710,381,223,201,0,14,9,15,0,14,0,14,30,34,18,28,0,14,61,41,27,44,62,40,18,15,40,63,24,37,178,67,450,173,123,73,30,25,85,53,75,60,155,64,102,52,0,14,0,14
1400000US36081015300,"Census Tract 153, Queens County, New York",Queens,1591,281,29,28,0,14,0,14,0,14,0,14,0,14,0,14,21,32,14,15,14,22,7,11,0,14,0,14,9,14,15,22,411,177,23,26,35,33,58,59,115,66,472,145,272,140,48,38,48,44
1400000US36081015400,"Census Tract 154, Queens County, New York",Queens,1543,281,117,73,0,14,0,14,0,14,0,14,0,14,0,14,0,14,38,61,4,6,65,80,0,14,17,25,3,10,51,31,567,163,97,64,69,59,97,55,129,61,147,100,118,76,24,20,0,14
1400000US36081015500,"Census Tract 155, Queens County, New York",Queens,1764,469,207,216,0,14,0,14,0,14,0,14,0,14,13,23,0,14,0,14,0,14,38,34,0,14,0,14,0,14,72,71,381,159,11,16,60,60,167,205,146,75,459,173,112,51,74,43,24,23
1400000US36081015600,"Census Tract 156, Queens County, New York",Queens,2352,453,310,141,0,14,0,14,0,14,0,14,49,76,18,29,88,63,0,14,0,14,78,52,17,29,0,14,20,25,66,61,454,155,195,92,28,22,267,87,183,163,351,129,204,182,24,26,0,14
1400000US36081015700,"Census Tract 157, Queens County, New York",Queens,1088,214,83,70,0,14,0,14,0,14,0,14,0,14,17,22,10,20,33,40,4,7,36,35,20,31,0,14,19,30,16,19,141,82,44,37,20,18,76,48,22,18,343,105,165,60,33,25,6,9
1400000US36081015801,"Census Tract 158.01, Queens County, New York",Queens,2947,784,317,210,0,14,0,14,10,19,62,47,61,58,58,62,64,71,0,14,0,14,33,46,22,35,39,44,13,22,200,103,579,335,129,94,124,95,326,202,96,56,424,163,375,270,15,25,0,14
1400000US36081015802,"Census Tract 158.02, Queens County, New York",Queens,3973,758,514,346,87,142,0,19,0,19,0,19,101,92,40,60,19,21,45,45,0,19,56,80,41,48,45,59,19,29,247,173,835,359,469,304,98,90,576,252,301,357,414,145,66,58,0,19,0,19
1400000US36081015900,"Census Tract 159, Queens County, New York",Queens,3010,400,56,48,0,14,0,14,0,14,0,14,0,14,0,14,0,14,18,23,8,16,54,86,127,119,19,23,0,14,28,28,453,162,126,94,4,6,209,140,321,147,1099,326,413,177,42,33,33,40
1400000US36081016100,"Census Tract 161, Queens County, New York",Queens,1460,217,85,91,0,14,0,14,0,14,0,14,5,7,30,28,1,2,14,14,0,14,57,56,1,2,14,22,0,14,40,25,371,142,6,9,90,66,127,53,76,36,324,84,176,81,26,18,17,15
1400000US36081016300,"Census Tract 163, Queens County, New York",Queens,2982,516,133,99,0,14,0,14,0,14,0,14,0,14,57,66,74,44,25,28,25,43,13,21,15,27,113,128,155,183,13,22,1098,247,122,79,116,91,212,136,231,163,348,151,191,82,30,43,11,17
1400000US36081016400,"Census Tract 164, Queens County, New York",Queens,2424,692,191,84,0,14,0,14,0,14,0,14,14,21,61,48,141,193,1,3,0,14,20,24,44,45,35,31,18,28,96,70,712,389,100,70,91,63,224,126,234,247,278,86,99,67,52,81,13,20
1400000US36081016600,"Census Tract 166, Queens County, New York",Queens,3040,504,284,173,0,14,0,14,11,17,0,14,32,49,16,28,114,128,306,199,17,28,12,18,12,20,104,79,13,23,36,36,969,338,150,122,105,120,212,122,204,122,392,142,51,40,0,14,0,14
1400000US36081016800,"Census Tract 168, Queens County, New York",Queens,2286,453,146,78,0,14,0,14,7,10,0,14,0,14,30,31,80,100,40,37,0,14,51,56,31,33,32,38,24,28,139,83,769,316,89,58,59,34,210,125,266,142,209,100,104,54,0,14,0,14
1400000US36081016900,"Census Tract 169, Queens County, New York",Queens,4260,461,12,21,0,19,0,19,0,19,0,19,0,19,26,28,0,19,82,111,0,19,0,19,0,19,0,19,9,19,109,107,535,204,170,129,188,135,338,216,156,108,1283,337,786,229,224,101,342,166
1400000US36081017000,"Census Tract 170, Queens County, New York",Queens,1893,312,130,55,0,14,0,14,0,14,0,14,0,14,7,9,13,21,85,86,8,11,0,14,14,22,15,24,46,42,67,40,585,349,176,65,48,42,160,70,105,55,349,101,80,35,0,14,5,8
1400000US36081017101,"Census Tract 171.01, Queens County, New York",Queens,0,14,0,14,0,14,0,14,0,14,0,14,0,14,0,14,0,14,0,14,0,14,0,14,0,14,0,14,0,14,0,14,0,14,0,14,0,14,0,14,0,14,0,14,0,14,0,14,0,14
1400000US36081017102,"Census Tract 171.02, Queens County, New York",Queens,332,321,0,14,0,14,0,14,0,14,0,14,0,14,0,14,0,14,0,14,0,14,11,24,0,14,0,14,0,14,0,14,0,14,0,14,0,14,0,14,0,14,9,14,312,320,0,14,0,14
1400000US36081017200,"Census Tract 172, Queens County, New York",Queens,1624,286,255,160,0,14,0,14,0,14,0,14,0,14,23,33,37,54,1,3,20,26,13,20,29,31,0,14,13,25,10,16,229,116,207,101,31,28,232,117,40,39,142,88,319,194,0,14,23,26
1400000US36081017400,"Census Tract 174, Queens County, New York",Queens,2060,294,147,86,0,14,0,14,0,14,0,14,0,14,8,13,0,14,126,132,16,27,29,31,24,22,42,43,16,17,63,61,439,133,210,123,45,28,270,150,85,58,348,138,175,82,17,25,0,14
1400000US36081017600,"Census Tract 176, Queens County, New York",Queens,1574,222,111,65,0,14,0,14,0,14,0,14,0,14,0,14,0,14,142,113,0,14,14,16,1,2,25,22,27,41,43,30,341,137,156,65,89,44,124,53,106,49,270,142,89,47,28,31,8,12
1400000US36081017800,"Census Tract 178, Queens County, New York",Queens,1430,229,103,59,0,14,0,14,0,14,0,14,0,14,15,23,6,10,230,160,0,14,18,28,12,21,0,14,40,40,106,58,432,168,33,30,11,17,45,51,79,40,164,58,136,80,0,14,0,14
1400000US36081017901,"Census Tract 179.01, Queens County, New York",Queens,764,116,48,46,0,14,0,14,0,14,0,14,4,6,0,14,11,17,11,13,0,14,0,14,0,14,4,7,4,6,2,5,90,57,5,16,20,22,131,70,80,74,179,69,156,58,8,13,11,12
1400000US36081017902,"Census Tract 179.02, Queens County, New York",Queens,55,30,0,14,0,14,0,14,0,14,0,14,0,14,0,14,0,14,14,30,0,14,0,14,0,14,0,14,11,28,0,14,15,28,0,14,15,31,0,14,0,14,0,14,0,14,0,14,0,14
1400000US36081018000,"Census Tract 180, Queens County, New York",Queens,1044,240,11,13,0,14,0,14,0,14,33,52,0,14,0,14,0,14,30,32,0,14,12,13,0,14,50,61,7,9,24,27,297,111,120,64,14,20,108,81,128,81,95,51,97,52,18,25,0,14
1400000US36081018101,"Census Tract 181.01, Queens County, New York",Queens,3024,423,40,27,0,14,0,14,0,14,0,14,0,14,0,14,11,17,38,45,0,14,7,12,0,14,0,14,56,66,65,57,962,291,58,65,93,76,251,121,177,114,817,251,275,117,103,63,71,72
1400000US36081018102,"Census Tract 181.02, Queens County, New York",Queens,2850,284,31,36,0,14,0,14,0,14,0,14,0,14,0,14,82,70,12,26,55,52,0,14,0,14,0,14,45,46,62,60,453,206,46,48,91,50,220,96,201,109,956,174,366,107,88,51,142,163
1400000US36081018200,"Census Tract 182, Queens County, New York",Queens,1907,395,26,22,0,14,0,14,0,14,9,15,9,14,0,14,3,4,8,11,34,24,27,30,1,3,37,28,52,29,53,54,470,141,168,107,45,35,193,77,221,136,401,255,122,59,18,24,10,10
1400000US36081018300,"Census Tract 183, Queens County, New York",Queens,3767,465,202,122,0,19,0,19,0,19,0,19,0,19,0,19,0,19,52,68,20,28,0,19,0,19,22,35,0,19,80,101,606,298,99,86,88,65,345,162,351,369,1109,299,513,207,117,105,163,124
1400000US36081018401,"Census Tract 184.01, Queens County, New York",Queens,1560,260,62,73,0,14,0,14,0,14,0,14,0,14,0,14,0,14,12,20,0,14,0,14,30,36,37,32,90,98,63,48,532,170,54,42,39,39,350,126,49,37,172,112,70,42,0,14,0,14
1400000US36081018402,"Census Tract 184.02, Queens County, New York",Queens,1673,320,65,43,0,14,0,14,0,14,0,14,0,14,0,14,0,14,0,14,0,14,0,14,24,38,49,47,13,20,60,47,462,139,136,65,73,51,330,108,164,90,199,78,94,75,4,6,0,14
1400000US36081018501,"Census Tract 185.01, Queens County, New York",Queens,2815,269,37,39,11,19,0,14,0,14,0,14,0,14,0,14,0,14,0,14,0,14,5,10,0,14,0,14,42,52,14,18,553,210,14,22,137,62,148,85,256,177,903,215,536,123,52,38,107,77
1400000US36081018502,"Census Tract 185.02, Queens County, New York",Queens,2531,326,41,36,0,14,0,14,0,14,0,14,27,55,0,14,10,21,52,46,15,24,0,14,0,14,13,26,0,14,30,33,234,107,30,40,85,58,70,46,271,98,976,228,516,264,53,48,108,84
1400000US36081018600,"Census Tract 186, Queens County, New York",Queens,1303,304,58,40,0,14,0,14,0,14,0,14,11,17,0,14,0,14,0,14,0,14,4,15,0,14,33,44,45,66,43,34,288,99,87,65,72,44,305,149,72,41,208,135,53,42,0,14,24,18
1400000US36081018700,"Census Tract 187, Queens County, New York",Queens,2033,370,144,100,0,14,0,14,0,14,0,14,0,14,0,14,0,14,18,23,0,14,18,21,29,43,0,14,22,33,0,14,355,129,41,42,185,113,157,147,214,123,466,150,309,100,50,57,25,27
1400000US36081018800,"Census Tract 188, Queens County, New York",Queens,870,208,36,30,0,14,0,14,0,14,0,14,0,14,0,14,5,7,0,14,0,14,24,25,31,35,0,14,58,54,50,44,257,90,65,45,8,10,153,86,52,49,77,40,52,43,2,3,0,14
1400000US36081018900,"Census Tract 189, Queens County, New York",Queens,2566,488,102,100,0,14,0,14,0,14,0,14,0,14,0,14,0,14,39,45,17,28,0,14,0,14,18,22,30,44,37,32,295,128,52,79,191,122,206,116,208,109,1102,343,169,79,88,71,12,18
1400000US36081019000,"Census Tract 190, Queens County, New York",Queens,1971,288,51,27,0,14,0,14,30,46,6,8,12,12,31,32,33,35,5,8,0,14,13,21,27,42,95,59,33,33,105,53,481,164,143,108,112,63,272,82,62,40,273,106,130,64,0,14,57,92
1400000US36081019200,"Census Tract 192, Queens County, New York",Queens,1594,324,32,43,0,14,6,11,0,14,0,14,0,14,20,32,0,14,0,14,0,14,0,14,33,42,26,31,6,10,58,38,381,100,86,65,71,59,320,164,135,67,285,135,129,107,6,9,0,14
1400000US36081019400,"Census Tract 194, Queens County, New York",Queens,2062,316,23,22,0,14,7,11,0,14,6,9,0,14,0,14,21,23,25,28,0,14,0,14,43,40,76,42,0,14,82,61,361,114,207,72,108,63,390,131,146,70,396,118,127,69,36,34,8,11
1400000US36081019600,"Census Tract 196, Queens County, New York",Queens,1863,335,128,99,0,14,0,14,0,14,0,14,0,14,21,32,20,30,0,14,24,28,3,4,10,16,118,70,22,23,64,50,334,131,309,94,130,72,266,175,140,54,184,82,90,79,0,14,0,14
1400000US36081019800,"Census Tract 198, Queens County, New York",Queens,2176,318,12,20,0,14,0,14,31,48,0,14,0,14,34,52,36,46,0,14,13,22,60,62,109,73,86,64,0,14,129,86,399,161,273,166,193,128,319,143,139,115,309,120,34,56,0,14,0,14
1400000US36081019901,"Census Tract 199.01, Queens County, New York",Queens,380,64,2,4,0,14,0,14,0,14,0,14,0,14,0,14,5,17,5,8,0,14,13,11,7,10,43,29,34,29,19,21,79,79,61,37,7,11,34,40,18,20,39,36,14,14,0,14,0,14
1400000US36081019902,"Census Tract 199.02, Queens County, New York",Queens,150,59,0,14,0,14,0,14,0,14,0,14,0,14,0,14,0,14,15,37,0,14,0,14,0,14,0,14,0,14,0,14,43,11,15,37,12,28,15,37,11,29,31,57,8,12,0,14,0,14
1400000US36081019903,"Census Tract 199.03, Queens County, New York",Queens,0,14,0,14,0,14,0,14,0,14,0,14,0,14,0,14,0,14,0,14,0,14,0,14,0,14,0,14,0,14,0,14,0,14,0,14,0,14,0,14,0,14,0,14,0,14,0,14,0,14
1400000US36081020200,"Census Tract 202, Queens County, New York",Queens,1152,384,32,48,0,14,0,14,0,14,24,38,0,14,0,14,4,7,58,57,19,29,4,7,5,8,39,40,13,19,34,33,207,93,81,67,51,43,197,122,65,48,138,64,108,88,73,109,0,14
1400000US36081020400,"Census Tract 204, Queens County, New York",Queens,1426,294,72,54,0,14,0,14,15,24,0,14,22,18,29,27,53,39,48,46,37,42,38,34,58,51,62,42,25,28,64,45,276,107,59,33,60,42,211,124,106,101,131,57,25,25,35,48,0,14
1400000US36081020500,"Census Tract 205, Queens County, New York",Queens,902,186,16,17,0,14,0,14,0,14,0,14,0,14,0,14,7,8,3,6,0,14,34,43,0,14,10,10,3,8,38,47,280,95,33,24,34,28,84,41,119,75,162,75,62,36,0,14,17,28
1400000US36081020600,"Census Tract 206, Queens County, New York",Queens,1075,209,73,54,0,14,0,14,0,14,0,14,20,31,25,28,41,37,50,40,15,25,64,102,40,32,113,85,14,22,0,14,163,88,159,92,46,33,114,85,56,40,56,37,14,21,0,14,12,17
1400000US36081020800,"Census Tract 208, Queens County, New York",Queens,2748,485,84,66,0,14,0,14,19,35,78,117,16,26,77,55,100,113,16,22,147,154,77,71,95,149,71,75,90,82,63,43,367,180,187,119,25,28,410,151,210,157,484,129,118,96,0,14,14,23
1400000US36081021200,"Census Tract 212, Queens County, New York",Queens,1707,380,295,241,0,14,0,14,18,27,0,14,32,35,13,20,72,51,61,51,25,28,64,93,21,31,91,84,56,53,32,23,185,75,151,90,65,53,87,54,90,59,293,223,42,29,14,15,0,14
1400000US36081021400,"Census Tract 214, Queens County, New York",Queens,4156,788,257,116,0,19,0,19,0,19,23,40,75,122,0,19,38,60,91,94,1,2,52,64,0,19,126,115,27,43,38,50,401,245,589,251,103,80,169,98,304,197,1018,305,493,280,44,66,307,389
1400000US36081021601,"Census Tract 216.01, Queens County, New York",Queens,2179,332,23,24,0,14,0,14,0,14,0,14,9,15,10,17,0,14,0,14,0,14,2,5,15,17,15,16,38,47,16,22,175,97,14,20,145,78,134,75,94,69,799,237,499,209,135,81,56,47
1400000US36081021602,"Census Tract 216.02, Queens County, New York",Queens,927,202,27,44,0,14,0,14,0,14,8,13,0,14,0,14,0,14,5,8,0,14,50,66,55,62,23,36,16,18,44,41,207,111,21,19,33,49,161,146,21,25,178,101,72,55,6,11,0,14
1400000US36081021603,"Census Tract 216.03, Queens County, New York",Queens,0,14,0,14,0,14,0,14,0,14,0,14,0,14,0,14,0,14,0,14,0,14,0,14,0,14,0,14,0,14,0,14,0,14,0,14,0,14,0,14,0,14,0,14,0,14,0,14,0,14
1400000US36081021900,"Census Tract 219, Queens County, New York",Queens,0,14,0,14,0,14,0,14,0,14,0,14,0,14,0,14,0,14,0,14,0,14,0,14,0,14,0,14,0,14,0,14,0,14,0,14,0,14,0,14,0,14,0,14,0,14,0,14,0,14
1400000US36081022001,"Census Tract 220.01, Queens County, New York",Queens,4728,677,73,57,0,19,0,19,0,19,0,19,0,19,0,19,75,119,49,69,0,19,18,31,72,89,77,78,19,33,103,93,598,199,231,184,461,277,630,237,338,208,1393,325,372,133,104,70,115,130
1400000US36081022002,"Census Tract 220.02, Queens County, New York",Queens,4907,798,198,193,0,19,0,19,0,19,0,19,0,19,0,19,33,51,17,26,0,19,0,19,15,24,16,26,0,19,131,111,509,254,445,275,123,93,329,268,339,141,1677,405,763,240,248,171,64,73
1400000US36081022900,"Census Tract 229, Queens County, New York",Queens,0,14,0,14,0,14,0,14,0,14,0,14,0,14,0,14,0,14,0,14,0,14,0,14,0,14,0,14,0,14,0,14,0,14,0,14,0,14,0,14,0,14,0,14,0,14,0,14,0,14
1400000US36081023000,"Census Tract 230, Queens County, New York",Queens,1359,256,23,20,0,14,0,14,0,14,0,14,0,14,0,14,2,7,5,7,8,8,5,7,0,14,24,28,37,33,36,49,138,84,140,129,52,57,74,66,68,44,503,141,174,84,49,44,21,25
1400000US36081023200,"Census Tract 232, Queens County, New York",Queens,3819,727,54,43,0,14,0,14,8,14,0,14,0,14,42,56,71,95,99,93,0,14,23,35,13,19,92,83,54,39,39,36,434,179,164,75,77,68,359,272,272,100,986,316,303,124,529,511,200,234
1400000US36081023501,"Census Tract 235.01, Queens County, New York",Queens,2649,546,312,163,0,14,0,14,0,14,29,47,58,54,0,14,10,17,98,81,0,14,36,58,37,47,11,18,12,20,130,147,686,295,11,20,125,83,218,238,125,80,660,345,66,67,0,14,25,38
1400000US36081023502,"Census Tract 235.02, Queens County, New York",Queens,2146,744,151,104,0,14,0,14,0,14,2,5,26,35,0,14,132,205,94,131,0,14,39,46,19,27,117,138,5,11,16,27,475,383,46,40,44,52,62,47,304,206,359,166,136,74,92,69,27,34
1400000US36081023600,"Census Tract 236, Queens County, New York",Queens,2570,447,89,84,0,14,0,14,0,14,65,98,16,24,0,14,27,44,150,193,12,19,84,69,5,11,135,110,6,21,15,16,407,137,77,56,132,80,211,130,185,100,627,221,286,116,40,56,1,3
1400000US36081023800,"Census Tract 238, Queens County, New York",Queens,3247,526,367,163,0,14,0,14,0,14,35,59,25,39,0,14,64,52,201,127,8,18,74,63,37,39,220,108,14,19,220,151,454,140,263,126,73,47,272,128,336,159,373,163,187,96,24,13,0,14
1400000US36081024000,"Census Tract 240, Queens County, New York",Queens,4417,924,250,175,0,19,25,48,0,19,0,19,4,9,51,76,0,19,205,148,87,85,105,88,273,238,210,154,26,43,0,19,422,229,630,313,161,106,689,315,419,181,558,249,69,69,233,271,0,19
1400000US36081024300,"Census Tract 243, Queens County, New York",Queens,4272,571,278,128,0,19,0,19,0,19,0,19,18,21,0,19,20,28,63,58,38,40,48,52,0,19,14,19,243,240,119,105,1445,339,48,35,191,103,334,122,370,276,443,128,529,239,47,59,24,37
1400000US36081024500,"Census Tract 245, Queens County, New York",Queens,4105,594,294,274,0,19,0,19,0,19,0,19,0,19,0,19,0,19,21,33,0,19,94,130,9,23,19,24,14,23,206,165,1064,474,51,49,106,75,494,184,176,119,1183,306,280,165,94,64,0,19
1400000US36081024600,"Census Tract 246, Queens County, New York",Queens,0,14,0,14,0,14,0,14,0,14,0,14,0,14,0,14,0,14,0,14,0,14,0,14,0,14,0,14,0,14,0,14,0,14,0,14,0,14,0,14,0,14,0,14,0,14,0,14,0,14
1400000US36081024700,"Census Tract 247, Queens County, New York",Queens,1191,272,112,116,0,14,0,14,0,14,0,14,4,8,0,14,48,61,18,23,0,14,0,14,16,21,0,14,0,14,53,40,244,123,88,53,99,63,104,68,28,18,194,100,149,113,20,21,14,22
1400000US36081024900,"Census Tract 249, Queens County, New York",Queens,4149,870,147,90,0,19,0,19,0,19,0,19,83,109,12,22,14,25,56,82,0,19,55,39,46,58,34,56,28,38,17,32,1322,378,79,100,129,129,350,298,341,327,1126,245,266,159,13,30,31,46
1400000US36081025100,"Census Tract 251, Queens County, New York",Queens,4650,808,122,83,0,19,0,19,0,19,0,19,0,19,0,19,81,92,33,48,0,19,72,73,0,19,177,124,97,100,81,68,1316,648,93,96,147,106,410,199,230,98,1077,441,562,298,90,74,62,80
1400000US36081025301,"Census Tract 253.01, Queens County, New York",Queens,3077,412,89,79,0,14,0,14,0,14,0,14,0,14,0,14,9,24,0,14,0,14,10,26,0,14,0,14,31,47,45,69,592,278,0,14,202,115,267,144,110,72,1154,401,481,164,82,71,5,11
1400000US36081025302,"Census Tract 253.02, Queens County, New York",Queens,2048,586,106,97,0,14,0,14,0,14,0,14,25,37,0,14,23,38,67,69,0,14,20,28,54,70,19,31,38,38,190,102,836,564,25,39,12,19,49,66,50,44,454,196,68,55,12,21,0,14
1400000US36081025401,"Census Tract 254.01, Queens County, New York",Queens,2604,1026,89,101,0,14,0,14,0,14,62,66,10,18,23,37,41,46,0,14,34,57,27,33,0,14,85,87,4,19,70,46,352,173,480,280,84,99,628,598,218,116,332,150,65,69,0,14,0,14
1400000US36081025402,"Census Tract 254.02, Queens County, New York",Queens,3882,642,189,163,0,19,0,19,0,19,46,67,0,19,0,19,20,33,0,19,93,107,184,173,88,107,86,116,113,121,231,158,343,252,585,340,259,173,675,335,495,292,413,242,62,54,0,19,0,19
1400000US36081025500,"Census Tract 255, Queens County, New York",Queens,1030,236,33,29,0,14,0,14,0,14,0,14,0,14,0,14,43,68,0,14,0,14,0,14,0,14,29,48,27,25,27,26,165,97,11,16,32,44,55,27,51,40,303,127,220,84,26,28,8,11
1400000US36081025700,"Census Tract 257, Queens County, New York",Queens,1153,233,195,143,0,14,0,14,2,4,0,14,0,14,0,14,0,14,25,29,13,22,7,11,0,14,8,12,0,14,9,11,364,153,38,42,43,31,17,17,66,62,244,118,87,37,4,10,31,24
1400000US36081025800,"Census Tract 258, Queens County, New York",Queens,1838,392,109,81,0,14,0,14,0,14,0,14,0,14,0,14,0,14,0,14,14,21,15,23,0,14,105,65,24,27,111,75,433,288,226,114,70,49,186,94,308,107,145,64,85,49,7,10,0,14
1400000US36081025900,"Census Tract 259, Queens County, New York",Queens,2668,372,328,188,0,14,0,14,0,14,0,14,0,14,0,14,13,19,41,47,0,14,0,14,0,14,0,14,38,45,90,74,664,293,55,59,145,84,33,36,283,185,713,222,219,114,33,37,13,20
1400000US36081026000,"Census Tract 260, Queens County, New York",Queens,1699,389,118,60,0,14,0,14,0,14,9,15,0,14,0,14,18,25,54,57,13,21,22,26,22,24,82,57,28,28,23,18,662,359,155,82,43,40,110,66,145,73,132,56,50,35,0,14,13,19
1400000US36081026100,"Census Tract 261, Queens County, New York",Queens,5545,754,631,303,0,19,0,19,0,19,0,19,0,19,64,65,43,71,114,127,168,133,64,82,30,47,19,33,19,31,222,166,1342,378,192,90,66,67,306,256,681,437,1257,379,230,129,19,30,78,52
1400000US36081026200,"Census Tract 262, Queens County, New York",Queens,959,289,29,25,0,14,0,14,0,14,43,21,27,30,0,14,0,14,0,14,21,31,0,14,15,25,41,31,0,14,25,21,186,118,109,84,44,36,105,43,127,97,162,95,18,14,0,14,7,11
1400000US36081026300,"Census Tract 263, Queens County, New York",Queens,3730,882,383,301,199,308,0,14,0,14,0,14,67,115,0,14,24,40,152,217,0,14,0,14,20,33,61,69,19,30,120,106,665,365,30,44,20,33,239,144,543,411,871,337,264,165,0,14,53,59
1400000US36081026400,"Census Tract 264, Queens County, New York",Queens,1708,278,46,39,0,14,0,14,0,14,0,14,0,14,0,14,12,19,0,14,0,14,59,48,54,42,96,75,33,30,14,21,246,72,212,123,63,46,331,114,119,69,314,121,105,70,4,7,0,14
1400000US36081026501,"Census Tract 265.01, Queens County, New York",Queens,2349,367,199,130,0,14,0,14,0,14,0,14,39,47,0,14,0,14,35,47,0,14,8,12,16,24,0,14,29,38,58,39,633,186,86,89,26,27,136,71,251,127,548,259,168,106,87,72,30,32
1400000US36081026502,"Census Tract 265.02, Queens County, New York",Queens,874,264,18,20,0,14,0,14,0,14,0,14,0,14,0,14,6,10,0,14,21,34,7,12,10,15,0,14,20,32,6,9,408,270,21,21,24,24,22,23,42,30,236,98,33,21,0,14,0,14
1400000US36081026600,"Census Tract 266, Queens County, New York",Queens,1550,329,41,27,0,14,0,14,0,14,15,24,35,37,0,14,0,14,6,9,0,14,7,11,80,65,25,31,28,19,43,44,419,147,94,92,109,124,208,101,142,63,174,83,109,78,6,8,9,13
1400000US36081026700,"Census Tract 267, Queens County, New York",Queens,4372,566,81,89,12,21,0,19,0,19,0,19,0,19,0,19,24,37,80,119,29,46,21,33,0,19,8,16,100,169,166,183,1467,416,85,90,170,99,387,243,249,150,1191,429,215,133,79,102,8,15
1400000US36081026901,"Census Tract 269.01, Queens County, New York",Queens,3061,333,185,140,0,14,0,14,0,14,21,31,0,14,10,15,84,65,189,120,8,13,45,38,28,31,25,28,47,43,166,145,693,273,98,86,278,160,168,110,399,184,431,151,157,74,29,31,0,14
1400000US36081026902,"Census Tract 269.02, Queens County, New York",Queens,3174,448,245,206,0,14,0,14,17,29,93,81,14,25,0,14,121,126,62,64,42,63,62,45,57,71,25,23,7,14,237,161,452,161,88,59,222,203,116,60,262,114,800,265,219,123,7,12,26,36
1400000US36081027000,"Census Tract 270, Queens County, New York",Queens,1126,263,60,47,3,6,0,14,0,14,0,14,0,14,0,14,43,40,15,20,10,11,3,6,13,16,57,43,32,32,85,84,216,108,148,77,5,7,166,101,23,33,202,80,39,31,6,9,0,14
1400000US36081027101,"Census Tract 271.01, Queens County, New York",Queens,3753,838,155,86,0,19,0,19,0,19,0,19,0,19,0,19,17,26,336,186,77,90,102,97,27,27,90,86,0,19,59,43,776,197,74,98,115,79,273,166,689,656,398,165,478,410,87,65,0,19
1400000US36081027102,"Census Tract 271.02, Queens County, New York",Queens,1886,313,95,56,6,12,0,14,10,19,0,14,59,63,5,17,36,28,140,73,0,14,54,45,24,36,110,99,156,210,45,53,663,151,28,33,51,49,83,83,66,56,166,93,78,64,11,13,0,14
1400000US36081027200,"Census Tract 272, Queens County, New York",Queens,1408,253,35,39,0,14,5,9,18,29,17,24,22,34,21,33,40,45,8,12,17,28,0,14,34,36,19,31,23,31,84,53,470,125,70,37,20,23,216,118,51,44,156,96,82,63,0,14,0,14
1400000US36081027301,"Census Tract 273.01, Queens County, New York",Queens,1888,285,192,87,0,14,0,14,0,14,0,14,0,14,20,31,37,30,88,69,29,35,54,50,0,14,21,26,32,31,166,141,498,180,156,97,167,202,89,67,95,70,162,123,40,43,0,14,42,62
1400000US36081027302,"Census Tract 273.02, Queens County, New York",Queens,2697,403,187,192,0,14,0,14,29,46,0,14,12,19,0,14,73,74,108,99,0,14,0,14,42,48,56,53,57,52,208,157,723,263,44,41,159,98,299,119,155,85,358,204,54,52,109,87,24,37
1400000US36081027400,"Census Tract 274, Queens County, New York",Queens,1323,245,15,21,0,14,0,14,0,14,0,14,20,30,0,14,6,9,8,12,0,14,47,62,31,37,7,10,15,23,115,68,401,155,59,53,20,18,144,78,219,132,134,66,67,40,15,19,0,14
1400000US36081027500,"Census Tract 275, Queens County, New York",Queens,5062,895,256,174,0,19,0,19,0,19,0,19,14,24,81,121,69,81,173,214,0,19,148,142,11,19,99,115,42,53,143,129,1774,620,209,178,103,97,235,175,767,348,490,270,274,164,165,150,9,22
1400000US36081027600,"Census Tract 276, Queens County, New York",Queens,1042,277,44,31,0,14,0,14,18,28,0,14,62,67,16,25,0,14,8,15,19,24,0,14,15,18,21,23,61,88,13,18,318,114,111,63,34,25,139,53,61,41,87,33,15,15,0,14,0,14
1400000US36081027701,"Census Tract 277.01, Queens County, New York",Queens,2562,603,147,138,0,14,0,14,0,14,0,14,0,14,0,14,0,14,114,148,35,50,56,83,71,72,0,14,82,83,160,176,640,223,316,401,81,80,204,149,168,112,261,202,196,167,31,43,0,14
1400000US36081027702,"Census Tract 277.02, Queens County, New York",Queens,2612,564,89,79,0,14,2,6,0,14,23,35,0,14,30,44,11,35,0,14,15,24,63,62,0,14,138,199,17,19,51,57,610,362,87,77,78,57,267,132,332,160,526,148,236,130,9,14,28,42
1400000US36081027800,"Census Tract 278, Queens County, New York",Queens,1647,272,39,32,0,14,0,14,0,14,0,14,0,14,18,28,0,14,16,25,0,14,42,33,28,32,45,33,33,30,55,50,511,160,161,65,41,32,204,102,125,86,236,92,63,51,16,21,14,21
1400000US36081027900,"Census Tract 279, Queens County, New York",Queens,6047,1393,398,458,0,19,4,14,0,19,0,19,98,126,89,129,169,150,279,258,151,145,90,140,158,142,114,152,76,72,213,189,1655,504,169,143,257,190,477,281,199,124,1050,307,294,160,99,91,8,17
1400000US36081028000,"Census Tract 280, Queens County, New York",Queens,1032,164,54,43,0,14,0,14,0,14,0,14,6,9,0,14,0,14,0,14,0,14,0,14,0,14,7,11,13,15,23,22,295,96,56,41,31,21,194,67,84,48,182,73,62,39,25,20,0,14
1400000US36081028100,"Census Tract 281, Queens County, New York",Queens,4716,652,316,223,0,19,0,19,0,19,0,19,0,19,0,19,42,67,0,19,0,19,46,50,36,43,20,31,16,28,220,189,754,289,126,142,215,130,351,221,256,131,1288,304,741,265,144,111,145,109
1400000US36081028200,"Census Tract 282, Queens County, New York",Queens,1156,158,65,56,0,14,0,14,0,14,0,14,0,14,0,14,0,14,60,53,0,14,0,14,17,27,28,32,0,14,0,14,284,136,120,70,43,38,166,75,120,61,168,74,71,79,14,22,0,14
1400000US36081028300,"Census Tract 283, Queens County, New York",Queens,6118,758,314,231,0,19,0,19,0,19,0,19,0,19,0,19,77,123,99,114,0,19,181,169,25,44,28,43,57,71,260,187,881,450,265,177,401,161,589,224,664,284,1196,363,940,320,62,60,79,81
1400000US36081028400,"Census Tract 284, Queens County, New York",Queens,2490,509,66,62,0,14,0,14,0,14,0,14,0,14,0,14,0,14,76,73,0,14,78,120,47,74,44,68,17,28,93,125,786,222,170,108,168,83,299,189,262,152,241,127,111,100,32,35,0,14
1400000US36081028500,"Census Tract 285, Queens County, New York",Queens,3742,438,0,14,0,14,0,14,0,14,0,14,0,14,27,44,17,29,0,14,52,87,19,33,0,14,0,14,25,28,53,62,554,278,0,14,100,78,358,138,151,136,1018,280,868,220,236,153,264,117
1400000US36081028700,"Census Tract 287, Queens County, New York",Queens,5044,713,290,250,0,19,0,19,0,19,0,19,0,19,0,19,0,19,108,95,0,19,0,19,62,70,0,19,45,67,172,97,934,422,169,117,76,85,411,238,133,144,1461,403,611,195,360,190,212,144
1400000US36081028801,"Census Tract 288.01, Queens County, New York",Queens,1741,283,53,71,0,14,0,14,0,14,0,14,10,15,2,5,5,9,0,14,0,14,17,25,18,28,104,107,46,53,72,54,465,159,179,90,56,42,265,139,130,80,145,91,115,71,0,14,59,52
1400000US36081028802,"Census Tract 288.02, Queens County, New York",Queens,1528,321,111,90,0,14,0,14,0,14,0,14,0,14,12,18,0,14,0,14,0,14,38,37,0,14,19,19,34,55,21,15,478,162,67,26,39,33,228,158,91,63,225,91,101,55,7,11,57,89
1400000US36081028803,"Census Tract 288.03, Queens County, New York",Queens,0,14,0,14,0,14,0,14,0,14,0,14,0,14,0,14,0,14,0,14,0,14,0,14,0,14,0,14,0,14,0,14,0,14,0,14,0,14,0,14,0,14,0,14,0,14,0,14,0,14
1400000US36081028900,"Census Tract 289, Queens County, New York",Queens,3738,774,64,43,0,14,0,14,0,14,0,14,0,14,0,14,33,37,0,14,0,14,71,66,111,103,25,40,0,14,53,50,505,216,26,41,146,93,258,115,189,123,983,255,1027,691,73,71,174,89
1400000US36081029100,"Census Tract 291, Queens County, New York",Queens,4993,618,379,228,0,19,0,19,0,19,0,19,83,103,6,11,106,110,38,38,76,68,91,76,39,40,99,99,87,84,90,61,1158,303,111,76,279,218,397,226,166,111,1289,434,389,191,74,70,36,33
1400000US36081029300,"Census Tract 293, Queens County, New York",Queens,886,173,128,79,0,14,6,9,0,14,0,14,0,14,0,14,11,21,10,12,3,7,0,14,0,14,12,10,16,24,0,14,260,92,31,30,40,32,8,11,61,44,203,133,65,37,19,22,13,14
1400000US36081029400,"Census Tract 294, Queens County, New York",Queens,5869,879,261,168,0,19,0,19,0,19,0,19,10,23,59,97,22,32,26,40,0,19,0,19,68,89,100,103,38,48,92,72,1163,382,641,250,644,341,1285,479,446,165,397,183,500,207,29,32,88,95
1400000US36081029500,"Census Tract 295, Queens County, New York",Queens,2893,480,21,23,0,14,0,14,21,31,0,14,0,14,0,14,71,50,22,32,18,24,17,23,27,26,69,78,0,14,69,51,636,167,77,58,44,34,392,157,335,214,615,351,387,109,34,32,38,36
1400000US36081029700,"Census Tract 297, Queens County, New York",Queens,1597,191,21,21,0,14,0,14,0,14,26,33,0,14,0,14,7,10,4,7,29,31,0,14,45,26,19,28,26,28,5,9,595,176,46,32,30,30,125,67,97,52,295,92,184,82,33,33,10,15
1400000US36081029900,"Census Tract 299, Queens County, New York",Queens,0,14,0,14,0,14,0,14,0,14,0,14,0,14,0,14,0,14,0,14,0,14,0,14,0,14,0,14,0,14,0,14,0,14,0,14,0,14,0,14,0,14,0,14,0,14,0,14,0,14
1400000US36081030600,"Census Tract 306, Queens County, New York",Queens,3738,483,50,48,0,19,0,19,0,19,0,19,0,19,13,21,30,40,16,25,6,11,28,38,74,64,109,64,35,33,63,43,1056,300,208,108,142,69,655,261,433,189,506,162,303,112,11,6,0,19
1400000US36081030903,"Census Tract 309.03, Queens County, New York",Queens,3664,579,402,312,0,19,0,19,0,19,5,12,0,19,0,19,159,149,7,17,46,49,17,28,50,54,28,46,0,19,32,37,1066,350,65,54,168,144,334,244,172,109,888,344,163,102,62,66,0,19
1400000US36081030904,"Census Tract 309.04, Queens County, New York",Queens,2293,389,185,188,1,3,0,14,0,14,0,14,0,14,0,14,8,14,32,36,12,19,27,32,5,8,88,71,31,41,235,113,499,199,84,52,97,68,194,108,187,91,418,171,131,87,51,77,8,13
1400000US36081030905,"Census Tract 309.05, Queens County, New York",Queens,2497,466,68,69,0,14,0,14,0,14,0,14,0,14,14,24,48,63,145,94,0,14,77,72,42,63,103,86,0,14,93,52,624,266,81,62,60,38,168,114,462,253,320,171,103,72,67,55,22,24
1400000US36081030906,"Census Tract 309.06, Queens County, New York",Queens,3154,480,244,172,0,14,4,10,0,14,0,14,0,14,24,36,92,92,18,24,0,14,102,80,4,15,106,100,0,14,38,41,980,315,16,22,178,139,346,137,362,139,443,177,157,68,40,48,0,14
1400000US36081031700,"Census Tract 317, Queens County, New York",Queens,4301,777,261,209,0,19,0,19,0,19,0,19,10,29,0,19,60,59,0,19,13,21,133,94,0,19,0,19,15,31,250,272,921,376,110,57,296,200,221,175,442,223,1146,459,379,204,25,37,19,42
1400000US36081032000,"Census Tract 320, Queens County, New York",Queens,4111,548,1,3,0,19,0,19,0,19,0,19,9,20,0,19,34,51,43,70,0,19,39,61,27,49,85,100,141,145,134,109,1091,340,324,144,443,178,739,296,198,88,430,188,318,131,30,36,25,29
1400000US36081032700,"Census Tract 327, Queens County, New York",Queens,2509,449,98,75,0,14,0,14,0,14,10,16,0,14,0,14,25,29,151,134,38,49,48,36,0,14,48,52,0,14,181,138,834,454,104,72,68,80,198,122,138,87,438,185,109,57,21,26,0,14
1400000US36081032800,"Census Tract 328, Queens County, New York",Queens,1845,237,29,23,0,14,0,14,0,14,0,14,9,15,16,20,9,15,4,11,0,14,53,57,9,11,4,9,0,14,88,55,468,137,174,49,106,88,221,74,236,74,339,108,73,34,7,13,0,14
1400000US36081032900,"Census Tract 329, Queens County, New York",Queens,2631,483,206,136,0,14,0,14,0,14,0,14,0,14,1,2,62,87,8,12,0,14,46,56,54,60,62,63,22,26,2,5,848,232,142,89,41,38,291,179,368,385,328,161,116,78,18,20,16,26
1400000US36081033000,"Census Tract 330, Queens County, New York",Queens,4603,612,55,59,0,19,0,19,0,19,0,19,0,19,0,19,0,19,24,38,0,19,38,44,38,42,20,33,125,183,70,80,1544,431,145,77,108,82,608,245,535,206,884,274,322,220,64,57,23,42
1400000US36081033100,"Census Tract 331, Queens County, New York",Queens,0,14,0,14,0,14,0,14,0,14,0,14,0,14,0,14,0,14,0,14,0,14,0,14,0,14,0,14,0,14,0,14,0,14,0,14,0,14,0,14,0,14,0,14,0,14,0,14,0,14
1400000US36081033401,"Census Tract 334.01, Queens County, New York",Queens,2661,279,39,35,0,14,0,14,0,14,0,14,0,14,0,14,0,14,23,27,9,14,0,14,21,34,69,47,56,65,64,59,577,239,202,113,113,91,602,215,384,141,326,132,176,134,0,14,0,14
1400000US36081033403,"Census Tract 334.03, Queens County, New York",Queens,3519,492,16,29,0,14,0,14,0,14,0,14,0,14,0,14,45,71,0,14,59,94,0,14,0,14,156,143,15,26,180,159,613,336,119,91,271,136,672,269,304,173,689,333,273,172,9,15,98,104
1400000US36081033404,"Census Tract 334.04, Queens County, New York",Queens,4344,891,39,46,0,19,0,19,0,19,0,19,0,19,0,19,0,19,0,19,0,19,25,40,0,19,0,19,30,49,262,163,820,303,139,126,303,218,1067,461,337,169,1002,414,292,168,28,46,0,19
1400000US36081033405,"Census Tract 334.05, Queens County, New York",Queens,2726,431,22,34,0,14,0,14,0,14,0,14,0,14,0,14,0,14,0,14,0,14,13,20,0,14,26,34,0,14,9,15,686,291,102,83,157,136,134,112,285,176,961,352,285,158,27,43,19,23
1400000US36081033700,"Census Tract 337, Queens County, New York",Queens,2120,422,114,79,0,14,0,14,0,14,0,14,0,14,0,14,21,34,90,55,7,13,54,63,20,23,81,89,46,52,131,87,645,262,59,51,80,82,147,90,227,121,243,187,155,85,0,14,0,14
1400000US36081033900,"Census Tract 339, Queens County, New York",Queens,2198,409,45,43,0,14,0,14,0,14,0,14,0,14,0,14,0,14,32,49,14,23,0,14,0,14,0,14,0,14,138,100,466,166,262,137,96,67,384,193,105,62,327,146,268,138,43,39,18,28
1400000US36081034700,"Census Tract 347, Queens County, New York",Queens,2459,409,90,76,0,14,0,14,0,14,0,14,0,14,0,14,34,43,109,96,6,10,87,105,74,93,128,119,0,14,113,97,565,246,21,32,212,114,316,167,191,141,386,152,90,79,6,11,31,26
1400000US36081035100,"Census Tract 351, Queens County, New York",Queens,2630,304,91,77,0,14,0,14,0,14,0,14,0,14,0,14,0,14,79,90,0,14,6,9,31,37,37,44,0,14,170,90,517,173,139,106,303,144,119,92,200,89,609,179,263,125,34,33,32,36
1400000US36081035200,"Census Tract 352, Queens County, New York",Queens,2074,402,46,33,0,14,0,14,0,14,13,20,0,14,0,14,42,56,0,14,0,14,0,14,5,7,0,14,0,14,98,71,337,109,148,87,214,93,540,336,186,75,279,121,130,55,0,14,36,36
1400000US36081035300,"Census Tract 353, Queens County, New York",Queens,1669,508,131,77,0,14,0,14,0,14,0,14,0,14,0,14,18,25,0,14,17,19,25,40,0,14,41,37,15,23,65,51,529,267,24,28,137,56,185,79,109,61,161,94,203,253,0,14,9,13
1400000US36081035700,"Census Tract 357, Queens County, New York",Queens,3493,689,62,65,0,14,0,14,5,11,0,14,0,14,8,16,33,40,49,74,17,26,34,35,193,206,85,70,60,51,139,115,795,321,51,48,96,54,582,303,367,175,590,162,310,158,0,14,17,30
1400000US36081035800,"Census Tract 358, Queens County, New York",Queens,3198,560,87,50,0,14,0,14,0,14,0,14,6,10,0,14,0,14,8,15,0,14,0,14,0,14,36,32,17,28,51,43,871,251,215,138,119,106,575,168,227,107,616,243,310,132,11,18,49,53
1400000US36081036100,"Census Tract 361, Queens County, New York",Queens,1821,358,34,36,0,14,0,14,0,14,0,14,0,14,0,14,16,17,105,79,0,14,24,35,31,47,17,27,15,24,92,86,692,219,5,9,214,91,213,69,97,49,240,199,26,23,0,14,0,14
1400000US36081036300,"Census Tract 363, Queens County, New York",Queens,1519,267,8,13,0,14,0,14,0,14,0,14,1,2,0,14,9,13,62,40,0,14,54,59,21,24,117,119,0,14,120,101,418,119,114,67,139,61,186,75,127,67,109,52,34,29,0,14,0,14
1400000US36081036500,"Census Tract 365, Queens County, New York",Queens,2225,425,98,63,0,14,0,14,15,23,0,14,20,30,29,31,33,47,196,130,29,33,130,101,0,14,32,47,0,14,270,161,558,208,132,88,34,32,273,233,134,90,190,97,24,39,28,40,0,14
1400000US36081036600,"Census Tract 366, Queens County, New York",Queens,2343,416,40,51,0,14,0,14,0,14,0,14,34,52,0,14,83,81,88,88,5,10,12,19,63,81,36,39,31,32,70,63,611,266,84,70,123,70,271,127,225,139,239,126,250,148,41,66,37,54
1400000US36081036700,"Census Tract 367, Queens County, New York",Queens,2151,420,29,34,0,14,0,14,0,14,0,14,13,18,0,14,12,17,0,14,5,8,160,109,8,14,34,53,9,13,87,57,856,504,40,30,163,95,194,93,240,81,286,131,9,11,0,14,6,8
1400000US36081036800,"Census Tract 368, Queens County, New York",Queens,2079,406,8,12,0,14,0,14,0,14,0,14,0,14,0,14,16,24,7,14,17,24,9,13,0,14,20,27,23,24,65,64,557,184,102,61,126,82,470,260,198,83,264,99,163,74,29,30,5,9
1400000US36081037100,"Census Tract 371, Queens County, New York",Queens,1255,224,30,42,0,14,5,7,0,14,0,14,0,14,0,14,5,8,6,8,0,14,16,19,16,24,49,49,24,28,54,46,307,97,114,88,27,29,54,34,72,50,169,63,284,208,23,17,0,14
1400000US36081037300,"Census Tract 373, Queens County, New York",Queens,1542,276,64,51,0,14,5,10,0,14,0,14,18,22,5,9,50,56,42,26,9,16,62,58,30,42,30,30,31,38,67,45,307,121,136,67,97,59,227,94,133,63,127,54,102,96,0,14,0,14
1400000US36081037501,"Census Tract 375.01, Queens County, New York",Queens,951,188,11,18,0,14,0,14,0,14,17,29,41,48,60,79,0,14,81,65,0,14,0,14,0,14,53,60,29,46,0,14,335,137,0,14,134,134,52,50,83,102,9,14,46,43,0,14,0,14
1400000US36081037502,"Census Tract 375.02, Queens County, New York",Queens,1659,308,89,78,0,14,0,14,0,14,25,38,40,40,0,14,24,31,226,149,28,43,168,108,34,37,72,62,21,34,46,46,397,151,17,17,80,46,158,94,45,35,121,60,64,46,4,10,0,14
1400000US36081037600,"Census Tract 376, Queens County, New York",Queens,4254,513,0,19,0,19,11,20,0,19,0,19,0,19,0,19,0,19,23,37,23,37,27,27,0,19,75,86,2,5,145,87,768,260,195,119,112,73,849,271,694,253,959,323,354,150,17,29,0,19
1400000US36081037700,"Census Tract 377, Queens County, New York",Queens,2049,460,99,86,0,14,0,14,16,26,84,136,0,14,25,38,0,14,320,210,68,74,127,103,9,21,17,28,50,74,113,88,554,301,88,67,55,51,206,148,25,28,169,116,24,24,0,14,0,14
1400000US36081037900,"Census Tract 379, Queens County, New York",Queens,3962,775,389,149,0,19,0,19,0,19,0,19,13,21,0,19,39,62,496,241,21,31,117,100,65,101,168,89,56,64,194,107,1351,443,108,95,137,101,292,180,153,113,278,134,56,68,28,44,1,3
1400000US36081038100,"Census Tract 381, Queens County, New York",Queens,4294,836,198,148,0,19,0,19,0,19,36,56,0,19,0,19,11,15,403,212,0,19,225,163,128,105,91,97,94,91,192,109,1440,727,204,116,206,113,216,119,83,65,576,204,112,89,79,92,0,19
1400000US36081038301,"Census Tract 383.01, Queens County, New York",Queens,0,14,0,14,0,14,0,14,0,14,0,14,0,14,0,14,0,14,0,14,0,14,0,14,0,14,0,14,0,14,0,14,0,14,0,14,0,14,0,14,0,14,0,14,0,14,0,14,0,14
1400000US36081038302,"Census Tract 383.02, Queens County, New York",Queens,0,14,0,14,0,14,0,14,0,14,0,14,0,14,0,14,0,14,0,14,0,14,0,14,0,14,0,14,0,14,0,14,0,14,0,14,0,14,0,14,0,14,0,14,0,14,0,14,0,14
1400000US36081038400,"Census Tract 384, Queens County, New York",Queens,1964,359,22,35,0,14,0,14,0,14,0,14,0,14,2,4,0,14,47,69,0,14,14,22,30,33,57,28,39,32,29,25,509,189,71,58,92,45,385,165,194,84,329,125,108,82,13,20,23,27
1400000US36081039400,"Census Tract 394, Queens County, New York",Queens,2364,451,160,91,0,14,0,14,0,14,0,14,9,14,0,14,0,14,20,29,12,19,0,14,0,14,8,12,23,23,36,35,686,261,268,158,63,58,375,154,129,98,301,144,245,98,27,30,2,4
1400000US36081039800,"Census Tract 398, Queens County, New York",Queens,1112,201,19,19,0,14,0,14,0,14,0,14,0,14,0,14,0,14,0,14,0,14,0,14,40,41,11,14,1,4,31,34,166,77,29,24,70,44,161,76,123,61,290,110,168,86,3,5,0,14
1400000US36081039901,"Census Tract 399.01, Queens County, New York",Queens,1488,322,188,144,0,14,0,14,0,14,0,14,15,18,1,2,19,24,161,113,0,14,25,31,29,47,23,38,19,31,8,13,467,182,23,19,40,52,61,58,25,40,227,158,138,90,19,28,0,14
1400000US36081039902,"Census Tract 399.02, Queens County, New York",Queens,1224,216,106,90,0,14,0,14,0,14,16,27,55,73,0,14,3,12,84,80,0,14,47,48,56,71,40,42,15,32,43,42,321,121,60,51,33,38,61,54,167,167,88,58,0,14,29,37,0,14
1400000US36081040000,"Census Tract 400, Queens County, New York",Queens,1129,258,9,13,0,14,0,14,0,14,0,14,0,14,0,14,0,14,0,14,0,14,0,14,7,11,7,11,0,14,13,17,299,108,58,45,152,118,234,162,38,37,195,77,94,72,0,14,23,28
1400000US36081040101,"Census Tract 401.01, Queens County, New York",Queens,1645,417,218,190,0,14,0,14,0,14,46,74,0,14,50,81,32,33,97,75,46,63,74,72,43,45,107,95,15,24,65,65,539,192,6,10,0,14,99,81,41,39,134,73,25,31,0,14,8,14
1400000US36081040102,"Census Tract 401.02, Queens County, New York",Queens,2757,631,257,188,0,14,0,14,0,14,25,39,0,14,0,14,74,71,229,134,27,44,147,91,35,66,0,14,33,53,202,133,977,415,74,79,62,56,140,124,191,138,211,138,73,102,0,14,0,14
1400000US36081040200,"Census Tract 402, Queens County, New York",Queens,1135,243,29,27,0,14,0,14,0,14,0,14,9,12,0,14,4,8,6,9,12,19,0,14,0,14,18,28,0,14,29,19,174,81,71,59,80,52,134,62,201,127,196,97,157,110,15,23,0,14
1400000US36081040301,"Census Tract 403.01, Queens County, New York",Queens,1725,397,248,301,0,14,0,14,0,14,0,14,0,14,0,14,18,24,221,155,20,32,57,58,128,92,40,45,115,118,0,14,376,137,53,44,65,59,26,32,104,76,128,65,83,70,16,25,27,43
1400000US36081040302,"Census Tract 403.02, Queens County, New York",Queens,2601,603,362,263,0,14,0,14,0,14,0,14,81,81,0,14,42,66,202,129,52,67,76,119,243,128,133,135,65,64,35,32,545,217,74,70,120,88,130,90,212,130,214,131,15,26,0,14,0,14
1400000US36081040400,"Census Tract 404, Queens County, New York",Queens,3013,430,56,45,0,14,0,14,0,14,0,14,16,27,0,14,0,14,97,95,0,14,9,15,85,131,95,86,0,14,63,62,1057,301,96,67,205,167,277,108,371,147,286,104,230,91,51,55,19,29
1400000US36081040501,"Census Tract 405.01, Queens County, New York",Queens,676,311,14,21,0,14,15,15,0,14,0,14,15,24,0,14,19,21,83,56,0,14,14,23,14,22,79,95,36,59,36,29,240,185,0,14,25,27,13,20,7,10,53,61,13,23,0,14,0,14
1400000US36081040502,"Census Tract 405.02, Queens County, New York",Queens,1174,506,86,60,0,14,5,8,0,14,0,14,0,14,0,14,0,14,129,111,0,14,48,40,10,15,4,7,0,14,47,51,541,419,29,29,14,24,77,58,131,113,42,35,11,17,0,14,0,14
1400000US36081040701,"Census Tract 407.01, Queens County, New York",Queens,1793,498,62,45,0,14,0,14,0,14,30,48,24,39,24,37,35,46,340,184,0,14,37,56,0,14,94,122,0,14,116,108,444,221,57,48,36,54,104,77,0,14,181,138,209,177,0,14,0,14
1400000US36081040702,"Census Tract 407.02, Queens County, New York",Queens,2819,787,183,113,0,14,0,14,34,33,13,21,76,67,88,103,49,34,592,286,0,14,35,45,128,124,66,61,55,36,209,169,693,270,32,36,85,119,109,77,242,330,62,49,57,67,11,17,0,14
1400000US36081040901,"Census Tract 409.01, Queens County, New York",Queens,1237,293,63,47,0,14,0,14,0,14,0,14,29,43,61,86,25,27,168,85,17,26,30,34,32,49,133,222,36,35,43,30,313,179,26,21,46,36,89,71,40,24,56,40,30,40,0,14,0,14
1400000US36081040902,"Census Tract 409.02, Queens County, New York",Queens,1908,455,111,65,0,14,0,14,0,14,28,42,0,14,61,79,152,130,231,100,17,25,68,73,45,42,184,126,31,48,34,40,645,265,7,10,13,19,62,54,70,59,100,62,49,53,0,14,0,14
1400000US36081041100,"Census Tract 411, Queens County, New York",Queens,3180,752,571,455,0,14,0,14,38,61,0,14,30,51,11,19,139,138,197,123,52,50,345,402,36,22,0,14,32,19,151,115,610,219,59,72,85,59,159,152,215,281,392,167,58,31,0,14,0,14
1400000US36081041300,"Census Tract 413, Queens County, New York",Queens,3022,558,289,245,0,14,0,14,0,14,0,14,0,14,38,60,0,14,394,195,27,44,41,40,60,73,46,49,17,26,319,194,792,289,122,114,81,84,248,152,163,165,299,185,76,71,10,16,0,14
1400000US36081041400,"Census Tract 414, Queens County, New York",Queens,3009,491,48,38,0,14,8,14,0,14,0,14,0,14,0,14,0,14,63,52,58,57,49,57,58,54,467,286,64,64,27,27,459,182,138,114,74,57,476,166,154,105,497,207,360,282,0,14,9,14
1400000US36081041500,"Census Tract 415, Queens County, New York",Queens,2757,759,248,175,0,14,0,14,9,13,2,14,0,14,94,86,92,92,535,509,0,14,23,38,57,76,24,29,0,14,116,134,525,251,58,63,79,79,432,347,138,135,206,121,119,92,0,14,0,14
1400000US36081042400,"Census Tract 424, Queens County, New York",Queens,1974,329,7,9,0,14,0,14,0,14,0,14,0,14,0,14,0,14,21,25,0,14,0,14,31,50,0,14,8,12,51,33,506,185,245,153,37,29,414,158,191,83,209,75,165,59,38,53,51,45
1400000US36081042600,"Census Tract 426, Queens County, New York",Queens,445,8,14,36,0,14,0,14,7,14,8,13,0,14,0,14,0,14,8,13,7,14,14,16,24,30,20,25,15,19,0,14,199,62,8,13,6,14,81,64,19,23,15,29,0,14,0,14,0,14
1400000US36081042700,"Census Tract 427, Queens County, New York",Queens,2786,396,152,98,0,14,0,14,0,14,33,37,13,20,58,73,47,53,241,176,58,66,66,53,28,44,0,14,20,34,185,106,899,304,45,40,84,73,275,155,47,47,434,195,90,80,11,17,0,14
1400000US36081043200,"Census Tract 432, Queens County, New York",Queens,822,170,10,14,0,14,0,14,0,14,0,14,0,14,0,14,0,14,6,9,0,14,0,14,0,14,13,21,47,38,7,13,280,92,71,49,36,32,88,39,90,59,130,67,15,16,29,24,0,14
1400000US36081043400,"Census Tract 434, Queens County, New York",Queens,1146,215,49,43,0,14,7,11,0,14,0,14,0,14,20,31,19,31,0,14,0,14,17,26,18,28,75,68,15,23,14,21,141,52,50,50,121,88,161,84,79,50,207,96,147,87,0,14,6,11
1400000US36081043701,"Census Tract 437.01, Queens County, New York",Queens,2475,358,172,97,0,14,0,14,52,54,0,14,43,51,50,52,36,30,126,103,35,47,52,37,47,53,74,51,111,90,8,18,799,265,16,21,126,97,243,88,75,44,290,115,120,63,0,14,0,14
1400000US36081043702,"Census Tract 437.02, Queens County, New York",Queens,4607,568,218,140,0,19,0,19,22,36,0,19,0,19,37,55,47,76,103,99,63,55,144,131,88,109,229,161,72,70,24,33,1429,439,224,154,143,96,267,175,156,129,911,309,387,169,43,69,0,19
1400000US36081043900,"Census Tract 439, Queens County, New York",Queens,2438,412,186,102,0,14,12,21,0,14,0,14,21,35,20,31,26,42,276,131,28,36,61,92,97,88,22,34,174,135,47,62,906,250,0,14,112,98,179,113,139,84,44,57,88,107,0,14,0,14
1400000US36081044000,"Census Tract 440, Queens County, New York",Queens,2258,424,47,43,0,14,0,14,0,14,0,14,0,14,22,37,47,50,0,14,48,75,49,53,19,32,97,71,27,29,45,44,307,167,510,213,56,59,359,189,276,91,275,117,59,54,0,14,15,22
1400000US36081044301,"Census Tract 443.01, Queens County, New York",Queens,2747,530,260,143,12,19,0,14,0,14,0,14,62,63,67,75,82,85,272,173,0,14,156,226,0,14,11,20,32,37,37,36,636,225,81,68,162,99,299,247,167,104,269,160,100,71,42,41,0,14
1400000US36081044302,"Census Tract 443.02, Queens County, New York",Queens,3658,610,253,147,11,16,0,14,0,14,0,14,5,10,16,27,159,119,227,137,64,58,21,29,27,42,87,97,19,31,158,114,1263,262,102,77,148,97,223,133,271,120,458,142,96,74,50,66,0,14
1400000US36081044400,"Census Tract 444, Queens County, New York",Queens,2866,598,134,84,0,14,0,14,0,14,0,14,0,14,24,28,144,133,177,123,12,20,43,52,5,8,23,37,67,68,90,78,650,339,259,150,96,69,376,160,192,100,359,205,140,86,37,44,38,48
1400000US36081044601,"Census Tract 446.01, Queens County, New York",Queens,2699,307,90,63,0,14,0,14,40,40,0,14,18,37,0,14,53,80,46,43,10,16,74,65,257,221,37,45,20,27,62,47,432,146,188,81,137,80,340,158,199,148,428,167,234,133,34,51,0,14
1400000US36081044602,"Census Tract 446.02, Queens County, New York",Queens,3228,656,283,176,0,14,0,14,0,14,16,31,0,14,31,41,41,47,98,77,36,44,51,52,40,44,152,86,115,107,65,53,743,216,218,131,60,74,291,117,267,103,510,395,141,79,34,37,36,41
1400000US36081044800,"Census Tract 448, Queens County, New York",Queens,2013,343,93,69,0,14,0,14,0,14,12,20,6,9,0,14,24,37,83,65,9,12,46,36,38,58,30,32,18,27,42,35,501,216,20,27,80,45,187,137,279,129,375,110,140,71,18,21,12,17
1400000US36081045000,"Census Tract 450, Queens County, New York",Queens,1198,171,12,14,0,14,7,11,0,14,0,14,6,13,23,36,43,38,0,14,0,14,32,39,0,14,32,35,0,14,37,32,213,96,94,54,6,8,93,54,104,55,348,116,121,54,21,20,6,10
1400000US36081045200,"Census Tract 452, Queens County, New York",Queens,716,187,34,28,0,14,0,14,0,14,0,14,0,14,0,14,0,14,0,14,0,14,83,51,4,9,23,33,4,9,0,14,157,67,65,88,17,17,72,57,93,79,79,42,62,36,5,7,18,14
1400000US36081045400,"Census Tract 454, Queens County, New York",Queens,3974,918,147,88,0,14,0,14,0,14,26,42,0,14,33,55,67,71,166,157,51,63,77,117,100,87,163,93,107,108,227,176,518,244,170,92,62,48,274,159,236,110,1024,476,427,184,37,37,62,62
1400000US36081045500,"Census Tract 455, Queens County, New York",Queens,8906,1086,207,198,0,21,0,21,0,21,0,21,0,21,0,21,158,178,18,31,0,21,29,65,3,3,187,209,0,21,151,211,2591,775,832,467,773,436,717,333,778,333,2097,574,298,266,67,86,0,21
1400000US36081045600,"Census Tract 456, Queens County, New York",Queens,856,213,8,8,6,9,0,14,0,14,0,14,0,14,0,14,0,14,2,6,38,40,0,14,0,14,4,6,0,14,2,3,190,85,39,43,14,20,54,44,128,72,231,134,115,54,19,18,6,8
1400000US36081045700,"Census Tract 457, Queens County, New York",Queens,2150,382,104,64,0,14,0,14,0,14,0,14,6,12,47,60,0,14,96,102,0,14,82,125,1,3,0,14,0,14,56,66,506,204,24,21,225,140,97,67,194,129,403,175,189,114,30,31,90,104
1400000US36081045800,"Census Tract 458, Queens County, New York",Queens,1594,198,83,44,7,10,0,14,0,14,7,11,6,10,0,14,30,34,0,14,18,25,8,12,12,14,91,60,37,49,29,21,81,52,178,94,70,43,172,135,94,53,371,94,169,71,69,52,62,59
1400000US36081045900,"Census Tract 459, Queens County, New York",Queens,2455,441,139,87,0,14,0,14,0,14,79,71,0,14,36,57,11,18,231,94,46,54,62,56,64,63,62,49,1,7,105,113,674,205,36,44,157,148,95,66,65,44,464,231,105,70,23,34,0,14
1400000US36081046000,"Census Tract 460, Queens County, New York",Queens,3371,439,191,162,0,19,0,19,0,19,44,49,0,19,0,19,20,25,97,67,0,19,96,65,55,82,173,110,31,49,140,96,549,213,240,133,214,124,340,137,201,116,724,283,249,147,7,13,0,19
1400000US36081046100,"Census Tract 461, Queens County, New York",Queens,1820,322,182,95,0,14,0,14,0,14,25,29,27,26,12,13,20,25,49,41,7,11,21,24,56,49,21,23,6,11,99,60,641,132,90,66,55,29,33,24,109,58,260,87,34,26,20,21,53,72
1400000US36081046200,"Census Tract 462, Queens County, New York",Queens,4517,779,163,119,10,17,0,19,0,19,0,19,0,19,0,19,54,75,202,213,60,78,186,166,0,19,270,295,132,88,147,112,506,182,374,169,191,140,608,226,326,167,1115,353,154,109,1,3,18,30
1400000US36081046300,"Census Tract 463, Queens County, New York",Queens,2297,356,236,125,0,14,10,18,4,16,4,17,11,18,8,14,29,42,283,144,13,20,86,81,35,42,126,114,8,12,47,53,736,231,53,40,20,24,112,61,141,88,267,97,31,29,3,12,34,42
1400000US36081046400,"Census Tract 464, Queens County, New York",Queens,1105,167,24,24,0,14,0,14,19,21,0,14,0,14,9,14,0,14,0,14,0,14,8,13,1,3,7,12,0,14,52,51,128,68,53,40,49,33,77,41,124,60,201,77,195,73,102,88,56,64
1400000US36081046500,"Census Tract 465, Queens County, New York",Queens,2695,591,93,99,0,14,6,9,0,14,11,22,0,14,19,32,45,40,772,575,6,9,145,87,177,182,50,66,39,35,125,123,448,167,67,54,47,42,152,107,51,42,395,227,44,30,3,7,0,14
1400000US36081046600,"Census Tract 466, Queens County, New York",Queens,2964,495,42,29,0,14,0,14,0,14,0,14,0,14,0,14,15,33,0,14,23,26,110,96,39,51,32,29,9,21,51,50,477,225,211,133,44,32,466,301,263,110,791,211,273,112,85,69,33,29
1400000US36081046700,"Census Tract 467, Queens County, New York",Queens,4436,692,164,92,0,19,0,19,0,19,29,53,0,19,0,19,31,49,273,248,17,27,145,168,92,83,150,160,124,145,151,88,1826,564,152,121,130,101,141,92,358,161,434,206,73,77,103,111,43,68
1400000US36081046800,"Census Tract 468, Queens County, New York",Queens,2393,468,78,65,0,14,13,21,0,14,38,59,9,16,0,14,31,34,43,54,0,14,117,120,43,66,304,343,14,22,57,45,343,141,177,105,75,62,197,83,198,134,373,120,244,122,25,22,14,23
1400000US36081046901,"Census Tract 469.01, Queens County, New York",Queens,3383,773,129,97,0,14,0,14,0,14,0,14,31,38,16,27,0,14,404,318,0,14,0,14,89,120,47,65,0,14,229,108,782,311,71,63,141,119,347,157,175,111,568,379,218,139,115,155,21,20
1400000US36081046902,"Census Tract 469.02, Queens County, New York",Queens,2082,311,146,104,0,14,0,14,0,14,13,20,6,26,0,14,50,62,169,120,0,14,66,62,5,11,73,67,6,11,35,40,706,230,37,35,65,55,186,98,188,93,213,87,82,75,14,25,22,25
1400000US36081047000,"Census Tract 470, Queens County, New York",Queens,2500,442,126,60,0,14,0,14,1,4,0,14,23,34,0,14,10,11,39,41,11,12,46,39,89,63,38,38,17,16,147,78,561,128,87,45,192,261,213,76,218,100,392,103,272,292,14,16,4,7
1400000US36081047100,"Census Tract 471, Queens County, New York",Queens,3171,579,176,92,0,14,0,14,0,14,31,44,17,19,16,24,37,49,108,116,17,28,25,29,1,3,72,53,8,14,324,292,536,229,25,23,96,54,203,104,160,95,1209,542,63,46,47,37,0,14
1400000US36081047200,"Census Tract 472, Queens County, New York",Queens,2947,505,30,28,0,14,11,17,0,14,0,14,0,14,0,14,0,14,0,14,14,21,109,46,16,18,10,17,54,44,88,124,538,251,99,71,146,99,421,181,139,76,813,243,318,151,81,78,60,52
1400000US36081047300,"Census Tract 473, Queens County, New York",Queens,3360,461,62,53,0,14,10,20,0,14,8,13,0,14,0,14,29,41,45,61,0,14,40,54,52,42,75,75,16,26,123,84,582,285,121,94,142,90,138,87,340,234,824,183,558,234,78,91,117,95
1400000US36081047500,"Census Tract 475, Queens County, New York",Queens,3574,466,140,63,0,19,0,19,0,19,4,11,6,12,0,19,0,19,59,73,0,19,0,19,111,118,67,76,17,22,31,25,805,215,203,153,77,60,318,152,282,108,1138,313,163,71,81,58,72,60
1400000US36081047600,"Census Tract 476, Queens County, New York",Queens,1055,194,7,11,2,4,0,14,0,14,0,14,0,14,0,14,0,14,7,10,25,41,0,14,3,5,32,51,0,14,35,49,105,85,0,14,23,29,108,91,52,36,449,147,105,55,78,42,24,23
1400000US36081047801,"Census Tract 478.01, Queens County, New York",Queens,3347,631,79,80,0,14,0,14,34,52,117,90,106,82,0,14,8,35,22,36,4,13,190,148,0,14,0,14,10,18,26,30,589,255,123,117,50,48,419,226,57,42,649,176,426,187,438,480,0,14
1400000US36081047802,"Census Tract 478.02, Queens County, New York",Queens,984,289,145,29,0,14,0,14,0,14,0,14,0,14,0,14,0,14,0,14,0,14,0,14,0,14,6,15,0,14,175,82,150,127,80,30,99,94,37,36,28,32,196,132,27,34,33,33,8,13
1400000US36081047900,"Census Tract 479, Queens County, New York",Queens,4566,822,269,115,0,19,0,19,0,19,0,19,13,30,14,29,0,19,44,38,21,34,50,53,27,35,108,127,57,127,135,79,1467,476,171,123,153,98,290,140,231,114,1115,526,318,178,63,68,20,22
1400000US36081048000,"Census Tract 480, Queens County, New York",Queens,1808,355,38,31,0,14,0,14,0,14,12,18,16,18,6,11,22,29,28,29,0,14,62,55,10,18,0,14,8,14,20,24,516,301,191,86,61,45,95,52,146,84,471,96,96,54,5,7,5,8
1400000US36081048100,"Census Tract 481, Queens County, New York",Queens,5148,779,418,205,0,19,0,19,9,15,0,19,0,19,0,19,164,134,322,258,54,70,279,323,56,58,70,47,11,17,389,380,1357,428,336,356,215,108,222,125,214,103,830,233,171,90,12,19,19,30
1400000US36081048200,"Census Tract 482, Queens County, New York",Queens,1054,209,104,52,0,14,0,14,0,14,0,14,0,14,0,14,0,14,14,21,0,14,34,42,10,18,13,17,0,14,2,3,272,134,0,14,54,38,172,110,67,38,217,92,65,39,26,29,4,6
1400000US36081048301,"Census Tract 483.01, Queens County, New York",Queens,1578,257,193,130,0,14,0,14,0,14,0,14,0,14,1,3,11,17,20,26,21,32,84,83,90,139,5,9,5,10,70,55,271,100,23,34,40,35,110,67,54,34,327,116,154,80,60,56,39,42
1400000US36081048302,"Census Tract 483.02, Queens County, New York",Queens,1327,302,30,28,0,14,0,14,0,14,0,14,0,14,0,14,0,14,28,33,57,90,0,14,0,14,28,47,26,43,48,36,390,157,32,28,68,47,80,49,219,166,213,89,99,49,0,14,9,14
1400000US36081048400,"Census Tract 484, Queens County, New York",Queens,3298,566,169,100,24,35,0,14,0,14,0,14,0,14,0,14,11,17,69,105,0,14,63,83,59,47,62,61,26,35,148,116,728,221,160,102,194,149,382,146,100,64,967,455,126,75,10,16,0,14
1400000US36081048500,"Census Tract 485, Queens County, New York",Queens,3684,597,153,85,0,19,0,19,0,19,0,19,0,19,12,19,9,16,254,154,13,20,139,134,0,19,80,78,28,45,114,67,862,356,40,36,84,55,72,52,288,137,1238,378,165,110,78,104,55,45
1400000US36081048900,"Census Tract 489, Queens County, New York",Queens,1258,346,41,34,0,14,0,14,0,14,0,14,8,13,0,14,0,14,37,40,30,43,25,36,0,14,1,2,0,14,21,16,568,315,34,29,46,25,85,45,78,41,247,112,31,28,6,9,0,14
1400000US36081049201,"Census Tract 492.01, Queens County, New York",Queens,2004,243,13,21,0,14,0,14,11,16,0,14,0,14,47,64,0,14,19,27,15,23,13,20,0,14,22,27,24,26,52,45,495,219,78,49,106,94,277,122,237,151,329,159,236,132,18,22,12,19
1400000US36081049202,"Census Tract 492.02, Queens County, New York",Queens,1458,349,60,63,0,14,0,14,13,20,17,25,0,14,0,14,15,20,0,14,0,14,6,11,0,14,34,51,0,14,27,24,400,179,9,15,55,43,102,79,243,171,381,139,22,22,74,82,0,14
1400000US36081049301,"Census Tract 493.01, Queens County, New York",Queens,1674,269,163,115,21,23,0,14,22,34,1,3,0,14,22,32,56,64,119,108,0,14,60,50,1,3,74,63,15,21,56,43,376,115,45,33,41,29,119,54,118,58,288,89,70,33,0,14,7,11
1400000US36081049302,"Census Tract 493.02, Queens County, New York",Queens,2128,333,46,39,0,14,0,14,0,14,0,14,0,14,0,14,0,14,0,14,0,14,10,16,118,149,9,18,28,26,31,32,609,117,171,84,154,115,408,242,100,74,343,125,92,55,9,16,0,14
1400000US36081049500,"Census Tract 495, Queens County, New York",Queens,1027,213,40,44,0,14,0,14,0,14,0,14,1,6,0,14,3,6,65,53,35,39,4,11,8,14,0,14,28,31,27,25,200,79,69,56,33,28,99,63,53,31,122,63,195,81,17,20,28,29
1400000US36081049600,"Census Tract 496, Queens County, New York",Queens,2164,365,53,30,0,14,0,14,0,14,0,14,0,14,0,14,31,31,0,14,17,19,27,26,2,11,67,51,8,11,49,38,414,166,116,80,161,94,394,169,128,61,540,178,99,55,35,36,23,34
1400000US36081049700,"Census Tract 497, Queens County, New York",Queens,1846,324,93,78,0,14,0,14,0,14,0,14,0,14,0,14,7,13,0,14,20,24,36,34,38,45,38,57,0,14,73,37,530,181,146,129,0,14,168,78,164,88,379,183,137,86,17,26,0,14
1400000US36081049900,"Census Tract 499, Queens County, New York",Queens,3661,627,449,247,0,19,39,43,0,19,0,19,0,19,0,19,43,48,45,48,19,31,190,111,265,318,0,19,27,33,143,99,774,299,38,34,125,99,158,89,285,135,800,242,243,127,17,20,1,7
1400000US36081050000,"Census Tract 500, Queens County, New York",Queens,3185,418,216,135,0,14,0,14,0,14,0,14,0,14,7,19,0,14,32,45,31,45,13,18,20,31,18,25,66,63,146,66,570,166,248,101,215,112,456,206,361,123,634,173,112,65,40,38,0,14
1400000US36081050201,"Census Tract 502.01, Queens County, New York",Queens,952,249,31,30,0,14,0,14,0,14,0,14,0,14,13,21,0,14,9,14,0,14,37,42,12,18,10,15,33,38,13,13,215,101,82,48,28,24,43,36,255,138,122,75,49,49,0,14,0,14
1400000US36081050202,"Census Tract 502.02, Queens County, New York",Queens,887,131,2,2,0,14,0,14,0,14,0,14,0,14,0,14,8,13,8,12,23,25,0,14,16,18,5,8,39,37,0,14,271,94,44,39,0,14,142,64,50,47,155,58,118,69,0,14,6,11
1400000US36081050400,"Census Tract 504, Queens County, New York",Queens,1229,284,0,14,0,14,0,14,0,14,1,4,0,14,10,17,15,22,13,17,0,14,0,14,2,4,61,45,27,29,14,6,231,100,21,19,5,10,186,110,200,86,218,93,196,76,7,11,22,18
1400000US36081050500,"Census Tract 505, Queens County, New York",Queens,1252,192,52,43,0,14,0,14,0,14,7,13,0,14,0,14,23,34,12,21,0,14,0,14,33,31,0,14,0,14,91,50,227,94,5,8,154,119,89,45,74,41,403,130,69,41,13,17,0,14
1400000US36081050600,"Census Tract 506, Queens County, New York",Queens,1131,210,0,14,0,14,0,14,0,14,0,14,0,14,0,14,0,14,0,14,6,9,0,14,37,35,21,25,47,51,45,35,331,106,21,20,28,29,229,88,110,49,137,85,108,54,7,12,4,6
1400000US36081050700,"Census Tract 507, Queens County, New York",Queens,2723,429,154,113,0,14,0,14,0,14,0,14,7,11,0,14,0,14,0,14,1,2,20,25,14,20,31,38,15,17,102,99,817,216,46,40,161,104,204,236,232,126,631,186,186,111,35,32,67,68
1400000US36081050800,"Census Tract 508, Queens County, New York",Queens,1422,306,0,14,0,14,0,14,0,14,0,14,0,14,0,14,0,14,0,14,0,14,14,23,0,14,0,14,34,32,51,37,201,83,94,79,157,60,343,136,163,93,345,169,20,26,0,14,0,14
1400000US36081051000,"Census Tract 510, Queens County, New York",Queens,860,223,51,58,0,14,0,14,0,14,0,14,0,14,0,14,0,14,18,26,0,14,10,22,11,17,27,24,2,6,0,14,247,104,32,34,76,59,62,34,79,66,107,52,108,48,30,24,0,14
1400000US36081051100,"Census Tract 511, Queens County, New York",Queens,1759,283,83,50,0,14,0,14,0,14,0,14,0,14,0,14,32,49,22,32,6,8,15,22,6,9,47,43,41,29,19,19,432,132,50,40,223,94,201,95,69,43,296,122,201,77,3,8,13,17
1400000US36081051200,"Census Tract 512, Queens County, New York",Queens,1894,395,108,76,0,14,0,14,0,14,0,14,0,14,41,42,0,14,42,33,0,14,52,64,10,16,0,14,56,63,21,22,344,132,107,88,53,38,356,109,223,167,283,138,174,75,8,13,16,13
1400000US36081051300,"Census Tract 513, Queens County, New York",Queens,1858,318,91,56,0,14,0,14,0,14,0,14,11,16,20,31,0,14,57,93,31,46,56,30,48,54,28,33,3,5,104,90,371,156,22,31,121,70,231,96,199,80,317,119,65,43,66,45,17,25
1400000US36081051500,"Census Tract 515, Queens County, New York",Queens,2199,334,83,77,0,14,0,14,0,14,0,14,0,14,0,14,14,22,26,32,0,14,0,14,17,32,33,52,18,28,39,62,589,196,32,27,209,183,89,72,155,100,533,195,347,117,0,14,15,15
1400000US36081051600,"Census Tract 516, Queens County, New York",Queens,1523,289,122,126,0,14,0,14,0,14,0,14,0,14,0,14,0,14,0,14,41,62,6,9,0,14,0,14,39,41,30,33,353,123,47,31,77,57,300,127,181,87,187,85,131,60,9,13,0,14
1400000US36081051700,"Census Tract 517, Queens County, New York",Queens,1550,270,60,59,0,14,8,12,0,14,0,14,1,5,9,13,0,14,0,14,0,14,14,20,0,14,0,14,51,53,48,36,378,203,92,84,118,90,163,84,113,56,343,130,135,56,0,14,17,24
1400000US36081051800,"Census Tract 518, Queens County, New York",Queens,1570,401,4,5,0,14,0,14,0,14,0,14,5,8,0,14,12,19,15,18,0,14,1,3,38,26,23,29,50,60,14,20,571,269,120,92,52,35,255,71,94,61,247,120,69,39,0,14,0,14
1400000US36081052000,"Census Tract 520, Queens County, New York",Queens,1166,204,4,6,3,15,0,14,0,14,0,14,11,15,0,14,0,14,0,14,0,14,4,9,0,14,0,14,17,21,73,44,174,80,74,39,34,30,212,92,126,80,236,107,139,61,38,28,21,22
1400000US36081052100,"Census Tract 521, Queens County, New York",Queens,1199,153,97,90,0,14,0,14,0,14,0,14,0,14,0,14,10,13,0,14,0,14,44,42,0,14,17,20,0,14,3,10,369,99,40,30,50,31,149,86,68,60,233,75,112,55,7,10,0,14
1400000US36081052200,"Census Tract 522, Queens County, New York",Queens,1626,261,30,22,0,14,0,14,0,14,0,14,0,14,0,14,0,14,18,29,0,14,0,14,1,4,0,14,42,37,57,25,483,122,126,76,33,22,327,144,140,69,284,124,75,42,9,15,1,2
1400000US36081052400,"Census Tract 524, Queens County, New York",Queens,1387,215,47,38,0,14,14,20,0,14,0,14,0,14,0,14,13,20,7,11,0,14,22,25,27,21,46,46,44,44,13,15,322,124,85,60,6,10,202,75,122,109,309,102,86,70,22,32,0,14
1400000US36081052500,"Census Tract 525, Queens County, New York",Queens,1678,214,56,35,0,14,0,14,0,14,0,14,0,14,0,14,13,15,32,37,0,14,19,30,60,55,30,27,12,17,59,48,670,158,35,27,86,55,131,59,146,86,158,80,125,56,36,34,10,14
1400000US36081052600,"Census Tract 526, Queens County, New York",Queens,1703,267,8,12,0,14,0,14,0,14,0,14,0,14,0,14,0,14,20,24,0,14,0,14,38,33,10,16,28,31,47,31,462,136,115,68,121,73,300,128,161,66,169,67,200,189,16,16,8,12
1400000US36081052800,"Census Tract 528, Queens County, New York",Queens,1084,267,7,11,0,14,0,14,0,14,0,14,13,21,0,14,0,14,10,15,25,27,0,14,0,14,20,33,7,11,55,64,214,87,155,95,54,39,102,56,95,54,161,109,158,101,8,12,0,14
1400000US36081053000,"Census Tract 530, Queens County, New York",Queens,1790,303,55,34,11,16,0,14,0,14,0,14,0,14,0,14,13,14,12,20,0,14,11,17,9,15,0,14,13,14,86,87,488,139,129,67,110,64,392,142,146,87,185,96,97,52,19,23,14,14
1400000US36081053100,"Census Tract 531, Queens County, New York",Queens,2513,436,42,51,0,14,0,14,5,13,0,14,0,14,0,14,18,26,23,37,34,41,31,45,0,14,0,14,68,66,82,69,848,335,115,71,91,86,367,166,175,86,455,265,85,44,34,32,40,60
1400000US36081053200,"Census Tract 532, Queens County, New York",Queens,1485,245,33,28,34,45,0,14,0,14,0,14,15,23,18,27,0,14,9,14,0,14,20,28,39,42,9,14,0,14,16,16,428,184,64,39,93,95,275,109,160,78,208,77,50,35,14,18,0,14
1400000US36081053401,"Census Tract 534.01, Queens County, New York",Queens,1541,316,18,15,0,14,0,14,0,14,0,14,0,14,0,14,8,12,3,6,12,17,2,5,18,27,41,40,14,23,55,55,428,226,25,22,41,31,227,88,216,111,200,72,229,111,4,6,0,14
1400000US36081053501,"Census Tract 535.01, Queens County, New York",Queens,780,350,108,99,0,14,0,14,0,14,0,14,0,14,0,14,0,14,0,14,0,14,0,14,0,14,0,14,18,13,44,36,209,166,45,44,0,14,26,26,64,65,140,60,126,160,0,14,0,14
1400000US36081053502,"Census Tract 535.02, Queens County, New York",Queens,0,14,0,14,0,14,0,14,0,14,0,14,0,14,0,14,0,14,0,14,0,14,0,14,0,14,0,14,0,14,0,14,0,14,0,14,0,14,0,14,0,14,0,14,0,14,0,14,0,14
1400000US36081053601,"Census Tract 536.01, Queens County, New York",Queens,1409,440,21,20,0,14,0,14,0,14,0,14,0,14,0,14,0,14,0,14,0,14,40,42,0,14,79,61,26,30,83,53,501,390,27,27,54,48,123,76,50,52,230,102,162,93,8,13,5,7
1400000US36081053800,"Census Tract 538, Queens County, New York",Queens,1258,258,26,20,0,14,7,10,0,14,0,14,0,14,9,13,0,14,5,8,0,14,14,15,6,10,0,14,0,14,67,33,267,114,96,42,54,29,188,108,154,102,198,97,149,81,18,21,0,14
1400000US36081053901,"Census Tract 539.01, Queens County, New York",Queens,3183,450,130,123,0,14,0,14,0,14,0,14,0,14,0,14,33,52,0,14,0,14,21,25,33,33,117,118,47,47,198,102,632,183,85,73,87,66,150,76,247,144,931,310,471,159,0,14,1,3
1400000US36081053902,"Census Tract 539.02, Queens County, New York",Queens,17,13,0,14,0,14,0,14,0,14,0,14,0,14,0,14,0,14,0,14,0,14,0,14,0,14,0,14,0,14,0,14,0,14,0,14,0,14,4,6,4,6,0,14,9,7,0,14,0,14
1400000US36081054000,"Census Tract 540, Queens County, New York",Queens,3436,480,39,40,0,14,0,14,0,14,0,14,18,40,0,14,0,14,279,155,0,14,20,26,25,41,142,127,57,76,162,145,966,279,229,158,88,81,345,175,260,134,621,273,153,115,25,39,7,12
1400000US36081054200,"Census Tract 542, Queens County, New York",Queens,3783,762,233,94,0,19,0,19,0,19,0,19,0,19,0,19,0,19,357,358,0,19,0,19,0,19,14,27,0,19,137,114,1155,414,111,100,135,83,197,112,412,137,645,199,345,139,33,38,9,16
1400000US36081054500,"Census Tract 545, Queens County, New York",Queens,2898,606,203,118,0,14,0,14,0,14,0,14,30,46,15,25,27,36,141,134,0,14,71,73,0,14,16,23,65,101,137,96,1030,392,26,29,100,72,192,92,210,127,477,165,121,64,16,18,21,36
1400000US36081054700,"Census Tract 547, Queens County, New York",Queens,3477,628,230,143,0,19,0,19,0,19,27,45,0,19,0,19,1,3,170,95,62,67,43,45,68,41,147,112,0,19,178,195,609,194,147,78,57,57,336,162,366,270,751,265,112,80,173,176,0,19
1400000US36081054800,"Census Tract 548, Queens County, New York",Queens,1832,286,64,50,0,14,0,14,0,14,0,14,0,14,0,14,24,22,7,11,14,20,18,19,15,18,119,117,63,68,67,33,285,106,74,77,46,33,90,63,433,135,447,150,50,34,16,24,0,14
1400000US36081054900,"Census Tract 549, Queens County, New York",Queens,3498,474,203,111,0,19,0,19,0,19,7,16,0,19,20,30,53,61,280,211,0,19,98,51,86,113,15,21,63,74,33,36,896,348,82,64,103,81,206,110,185,89,853,185,238,92,31,35,46,46
1400000US36081055100,"Census Tract 551, Queens County, New York",Queens,2897,316,77,56,44,63,0,14,0,14,0,14,22,37,0,14,14,22,35,39,0,14,35,38,68,45,32,32,21,30,22,24,624,177,129,84,69,53,347,151,227,97,717,176,352,133,0,14,62,59
1400000US36081055200,"Census Tract 552, Queens County, New York",Queens,2129,418,38,39,0,14,0,14,0,14,31,36,0,14,0,14,29,32,64,99,0,14,9,13,0,14,43,55,29,40,30,33,331,132,58,94,57,41,349,155,193,130,554,198,182,97,122,170,10,16
1400000US36081055300,"Census Tract 553, Queens County, New York",Queens,2199,374,77,63,0,14,0,14,0,14,17,25,0,14,0,14,72,74,33,58,0,14,17,20,0,14,0,14,0,14,22,25,590,268,17,19,61,43,245,105,128,102,739,148,158,73,0,14,23,36
1400000US36081055400,"Census Tract 554, Queens County, New York",Queens,1955,349,50,33,0,14,4,7,0,14,0,14,5,9,4,10,23,30,12,14,5,9,20,23,9,14,33,30,33,36,113,60,467,226,79,70,83,49,253,131,213,116,420,131,112,58,17,24,0,14
1400000US36081055500,"Census Tract 555, Queens County, New York",Queens,1689,340,128,67,0,14,0,14,0,14,20,30,0,14,0,14,0,14,159,110,0,14,0,14,31,49,16,18,11,17,122,102,365,149,31,36,74,48,163,121,124,75,339,113,53,33,45,35,8,15
1400000US36081055600,"Census Tract 556, Queens County, New York",Queens,1599,271,87,49,0,14,4,8,0,14,0,14,46,74,2,6,0,14,65,86,0,14,33,25,33,27,48,35,0,14,36,26,240,80,31,17,19,22,161,67,147,51,396,95,235,112,16,22,0,14
1400000US36081055700,"Census Tract 557, Queens County, New York",Queens,2589,425,116,101,0,14,0,14,0,14,0,14,0,14,0,14,0,14,0,14,41,66,78,75,36,56,33,39,127,74,13,21,429,127,40,46,143,99,254,136,154,120,833,243,259,112,33,37,0,14
1400000US36081055800,"Census Tract 558, Queens County, New York",Queens,1348,294,33,27,0,14,0,14,0,14,0,14,0,14,14,13,0,14,49,78,9,12,9,12,0,14,20,22,14,20,151,161,288,111,28,22,83,54,109,54,110,55,325,242,85,53,15,16,6,9
1400000US36081055900,"Census Tract 559, Queens County, New York",Queens,853,167,39,29,0,14,0,14,0,14,37,44,7,10,0,14,0,14,12,19,3,6,23,34,3,6,0,14,26,50,11,15,230,99,19,26,3,4,69,46,59,68,234,112,78,43,0,14,0,14
1400000US36081056000,"Census Tract 560, Queens County, New York",Queens,1247,255,28,25,0,14,0,14,0,14,0,14,0,14,6,9,8,12,23,27,0,14,25,35,102,143,0,14,1,7,30,27,117,58,61,57,34,24,128,55,70,41,417,125,145,71,46,30,6,10
1400000US36081056100,"Census Tract 561, Queens County, New York",Queens,8,11,0,14,0,14,0,14,0,14,0,14,0,14,0,14,0,14,0,14,0,14,0,14,0,14,0,14,0,14,0,14,0,14,4,6,0,14,0,14,4,6,0,14,0,14,0,14,0,14
1400000US36081056200,"Census Tract 562, Queens County, New York",Queens,1038,260,89,127,0,14,0,14,0,14,0,14,0,14,0,14,0,14,0,14,0,14,12,19,16,23,6,9,0,14,4,7,269,109,10,14,43,32,101,61,49,44,219,86,216,165,4,6,0,14
1400000US36081056400,"Census Tract 564, Queens County, New York",Queens,1141,277,83,45,0,14,0,14,0,14,0,14,0,14,16,21,8,12,23,24,1,4,27,50,39,20,36,38,2,4,109,70,272,170,39,35,81,53,90,46,103,111,155,80,57,43,0,14,0,14
1400000US36081056500,"Census Tract 565, Queens County, New York",Queens,1213,282,7,11,0,14,0,14,0,14,0,14,0,14,0,14,0,14,1,2,0,14,14,21,32,37,25,27,21,33,22,28,331,222,76,45,110,76,33,27,79,61,280,110,134,65,9,14,39,54
1400000US36081056600,"Census Tract 566, Queens County, New York",Queens,1319,371,8,21,0,14,0,14,0,14,0,14,0,14,3,8,6,12,0,14,0,14,0,14,0,14,25,34,0,14,85,74,447,341,43,39,113,67,53,41,60,46,225,85,209,85,42,44,0,14
1400000US36081056700,"Census Tract 567, Queens County, New York",Queens,3446,589,127,106,0,14,0,14,0,14,0,14,40,65,53,80,101,125,66,38,0,14,147,195,144,122,61,43,43,58,120,96,657,252,109,69,179,106,164,95,348,171,752,230,302,176,20,31,13,20
1400000US36081056800,"Census Tract 568, Queens County, New York",Queens,3497,594,207,123,0,14,0,14,21,32,24,37,0,14,9,15,0,14,89,90,0,14,42,52,34,33,11,18,10,14,36,41,737,227,132,88,70,56,334,136,289,107,868,280,514,397,46,51,24,25
1400000US36081057700,"Census Tract 577, Queens County, New York",Queens,2542,385,44,51,0,14,0,14,0,14,0,14,51,60,0,14,14,23,106,97,0,14,83,79,66,63,0,14,53,83,24,34,433,211,131,83,95,86,308,180,197,105,717,161,186,118,0,14,34,55
1400000US36081057900,"Census Tract 579, Queens County, New York",Queens,1188,220,28,33,0,14,0,14,0,14,0,14,0,14,0,14,0,14,37,54,0,14,42,56,17,25,0,14,14,21,38,25,284,111,74,51,81,71,56,33,45,34,345,150,104,62,10,14,13,18
1400000US36081058000,"Census Tract 580, Queens County, New York",Queens,3124,653,56,69,0,14,0,14,0,14,0,14,0,14,0,14,0,14,67,83,0,14,20,23,22,27,21,25,2,4,78,69,613,201,424,361,79,52,464,202,267,136,609,182,374,162,0,14,28,31
1400000US36081058100,"Census Tract 581, Queens County, New York",Queens,2081,459,24,34,0,14,0,14,0,14,0,14,12,19,0,14,0,14,11,18,0,14,0,14,0,14,14,23,34,29,68,104,577,182,67,63,281,254,123,77,97,73,491,230,252,96,15,30,15,25
1400000US36081058200,"Census Tract 582, Queens County, New York",Queens,3549,610,50,49,0,19,0,19,0,19,0,19,0,19,0,19,12,19,47,57,0,19,56,49,97,82,91,82,48,59,131,105,572,252,411,198,151,107,734,312,317,139,495,215,260,129,66,54,11,18
1400000US36081058300,"Census Tract 583, Queens County, New York",Queens,2636,379,187,142,0,14,0,14,0,14,0,14,0,14,0,14,33,44,0,14,0,14,0,14,0,14,0,14,49,36,65,50,466,171,152,88,139,79,282,149,145,105,741,159,331,122,32,32,14,21
1400000US36081058500,"Census Tract 585, Queens County, New York",Queens,3230,429,171,104,0,14,0,14,0,14,0,14,0,14,0,14,46,73,0,14,0,14,0,14,0,14,62,58,23,35,55,47,388,177,48,39,122,103,320,136,407,229,1018,290,482,198,77,64,11,19
1400000US36081058700,"Census Tract 587, Queens County, New York",Queens,2663,389,10,19,0,14,0,14,0,14,0,14,0,14,23,34,0,14,0,14,0,14,11,19,0,14,17,27,30,37,383,256,413,142,126,60,88,76,283,127,173,165,797,250,247,119,62,62,0,14
1400000US36081058900,"Census Tract 589, Queens County, New York",Queens,3315,492,139,89,0,14,0,14,0,14,0,14,0,14,0,14,0,14,133,110,28,45,32,36,25,42,24,41,25,41,197,115,717,300,155,100,164,98,136,71,108,94,1067,337,308,149,28,36,29,31
1400000US36081059000,"Census Tract 590, Queens County, New York",Queens,892,186,29,16,0,14,0,14,0,14,0,14,0,14,0,14,22,35,6,18,0,14,4,6,0,14,0,14,0,14,15,17,163,69,96,113,31,20,181,56,43,31,187,78,102,60,13,22,0,14
1400000US36081059100,"Census Tract 591, Queens County, New York",Queens,3569,647,161,152,0,14,0,14,23,61,22,35,24,40,0,14,40,76,203,193,0,14,10,33,0,14,0,14,29,46,169,122,977,370,197,155,117,104,272,172,223,264,586,261,400,187,37,43,79,65
1400000US36081059200,"Census Tract 592, Queens County, New York",Queens,924,198,17,14,0,14,0,14,0,14,0,14,0,14,0,14,7,10,0,14,0,14,0,14,6,9,0,14,0,14,11,12,193,113,49,36,46,32,154,81,82,40,242,96,103,47,0,14,14,15
1400000US36081059300,"Census Tract 593, Queens County, New York",Queens,2755,380,114,69,0,14,0,14,21,35,15,24,0,14,0,14,27,32,0,14,0,14,18,19,57,59,26,41,69,66,80,48,476,206,88,65,131,85,242,153,266,138,723,187,278,108,105,114,19,30
1400000US36081059400,"Census Tract 594, Queens County, New York",Queens,1359,243,5,8,0,14,0,14,0,14,0,14,0,14,0,14,0,14,7,11,0,14,13,13,25,28,0,14,0,14,40,23,250,87,42,27,83,76,197,71,177,97,279,117,220,116,7,11,14,15
1400000US36081059501,"Census Tract 595.01, Queens County, New York",Queens,1549,234,74,52,7,11,0,14,0,14,0,14,0,14,0,14,35,39,27,42,6,9,26,37,13,14,12,18,0,14,73,61,243,115,52,62,114,73,213,96,96,80,345,121,135,93,52,52,26,43
1400000US36081059502,"Census Tract 595.02, Queens County, New York",Queens,1667,390,78,51,0,14,27,41,0,14,0,14,0,14,0,14,10,18,0,14,0,14,27,35,20,30,24,38,16,23,75,47,369,123,93,58,98,62,342,297,104,71,213,96,109,66,41,42,21,36
1400000US36081059600,"Census Tract 596, Queens County, New York",Queens,1119,275,2,10,0,14,0,14,0,14,3,6,0,14,0,14,0,14,13,18,0,14,0,14,0,14,0,14,0,14,71,46,356,223,28,30,77,54,112,69,71,66,186,80,172,101,28,38,0,14
1400000US36081059800,"Census Tract 598, Queens County, New York",Queens,1134,217,34,36,0,14,0,14,52,81,0,14,0,14,0,14,23,36,7,11,0,14,0,14,0,14,25,22,0,14,6,11,228,93,55,46,25,29,191,113,108,75,227,74,118,120,11,17,24,25
1400000US36081059900,"Census Tract 599, Queens County, New York",Queens,1072,225,162,134,0,14,0,14,0,14,0,14,0,14,0,14,17,20,0,14,0,14,6,10,0,14,20,25,0,14,20,25,216,97,44,31,60,36,95,58,72,51,299,119,46,29,9,14,6,10
1400000US36081060000,"Census Tract 600, Queens County, New York",Queens,841,144,0,14,0,14,0,14,0,14,0,14,0,14,0,14,0,14,0,14,0,14,7,10,0,14,0,14,0,14,29,23,128,57,15,22,14,15,133,71,140,107,200,51,144,65,31,3,0,14
1400000US36081060100,"Census Tract 601, Queens County, New York",Queens,1543,273,93,92,0,14,0,14,0,14,0,14,0,14,0,14,9,13,0,14,0,14,69,51,14,22,0,14,0,14,22,26,422,167,0,14,30,24,168,78,151,104,403,233,102,64,39,41,21,22
1400000US36081060300,"Census Tract 603, Queens County, New York",Queens,1560,282,76,72,0,14,0,14,0,14,0,14,0,14,25,39,6,10,0,14,8,12,34,41,0,14,0,14,24,35,38,34,380,164,22,19,120,71,92,49,205,108,302,127,198,92,24,32,6,10
1400000US36081060600,"Census Tract 606, Queens County, New York",Queens,966,154,35,41,0,14,0,14,0,14,0,14,0,14,0,14,13,16,0,14,0,14,0,14,22,34,0,14,0,14,36,40,212,81,64,55,10,16,197,98,87,73,182,72,86,55,9,12,13,16
1400000US36081060701,"Census Tract 607.01, Queens County, New York",Queens,0,14,0,14,0,14,0,14,0,14,0,14,0,14,0,14,0,14,0,14,0,14,0,14,0,14,0,14,0,14,0,14,0,14,0,14,0,14,0,14,0,14,0,14,0,14,0,14,0,14
1400000US36081060800,"Census Tract 608, Queens County, New York",Queens,1121,185,27,30,0,14,0,14,0,14,0,14,0,14,0,14,3,6,0,14,0,14,0,14,6,2,0,14,0,14,15,24,314,125,58,50,46,41,115,76,59,49,241,99,172,62,47,34,18,44
1400000US36081061000,"Census Tract 610, Queens County, New York",Queens,1072,195,52,40,0,14,0,14,0,14,0,14,0,14,0,14,0,14,0,14,0,14,12,17,19,30,11,16,5,7,21,31,187,99,61,52,67,38,156,79,114,57,219,82,134,58,14,15,0,14
1400000US36081061200,"Census Tract 612, Queens County, New York",Queens,1511,435,26,25,0,14,0,14,0,14,0,14,0,14,0,14,0,14,0,14,0,14,0,14,0,14,7,11,0,14,46,36,250,115,274,305,114,56,121,59,72,47,368,146,212,104,14,15,7,11
1400000US36081061301,"Census Tract 613.01, Queens County, New York",Queens,3861,621,233,145,0,19,0,19,0,19,98,154,0,19,0,19,14,28,137,151,0,19,15,25,13,19,20,29,0,19,48,38,1245,429,122,119,187,133,316,132,216,134,854,218,316,151,0,19,27,31
1400000US36081061302,"Census Tract 613.02, Queens County, New York",Queens,0,14,0,14,0,14,0,14,0,14,0,14,0,14,0,14,0,14,0,14,0,14,0,14,0,14,0,14,0,14,0,14,0,14,0,14,0,14,0,14,0,14,0,14,0,14,0,14,0,14
1400000US36081061400,"Census Tract 614, Queens County, New York",Queens,883,190,26,30,0,14,0,14,0,14,11,14,0,14,0,14,10,15,13,20,0,14,0,14,5,7,0,14,13,21,8,13,121,64,48,37,71,42,185,161,76,43,156,71,131,45,9,15,0,14
1400000US36081061601,"Census Tract 616.01, Queens County, New York",Queens,1587,251,16,22,0,14,0,14,0,14,0,14,0,14,0,14,0,14,0,14,14,21,0,14,0,14,0,14,0,14,21,21,407,153,105,99,113,53,223,94,147,85,355,118,149,70,29,28,8,12
1400000US36081061602,"Census Tract 616.02, Queens County, New York",Queens,780,109,4,7,0,14,0,14,0,14,0,14,0,14,0,14,0,14,3,6,0,14,0,14,0,14,14,23,0,14,14,17,182,110,31,26,74,56,101,45,89,40,217,72,45,33,6,9,0,14
1400000US36081061800,"Census Tract 618, Queens County, New York",Queens,1540,230,67,59,0,14,0,14,0,14,0,14,0,14,0,14,0,14,6,9,0,14,18,28,0,14,20,20,59,51,95,54,239,98,41,39,121,76,172,74,165,92,386,104,106,53,45,55,0,14
1400000US36081061900,"Census Tract 619, Queens County, New York",Queens,2233,651,246,164,0,14,0,14,0,14,0,14,15,20,9,16,13,21,7,15,0,14,12,20,0,14,54,57,32,51,81,57,363,120,66,46,211,163,134,60,157,89,527,278,274,219,9,15,23,23
1400000US36081062000,"Census Tract 620, Queens County, New York",Queens,1281,214,4,4,0,14,0,14,0,14,0,14,0,14,0,14,0,14,7,10,0,14,0,14,0,14,0,14,0,14,78,74,232,105,59,48,92,75,198,125,139,85,328,96,144,75,0,14,0,14
1400000US36081062100,"Census Tract 621, Queens County, New York",Queens,1872,299,151,89,0,14,0,14,0,14,46,53,0,14,0,14,0,14,0,14,0,14,98,109,18,29,30,46,37,48,96,69,461,131,57,69,58,46,98,61,209,153,383,123,85,60,15,23,30,49
1400000US36081062200,"Census Tract 622, Queens County, New York",Queens,1654,251,27,31,0,14,0,14,0,14,0,14,0,14,0,14,0,14,0,14,0,14,8,12,10,16,13,20,14,15,11,12,220,65,88,54,110,110,371,131,206,89,300,99,210,76,66,49,0,14
1400000US36081062300,"Census Tract 623, Queens County, New York",Queens,1620,273,10,11,0,14,0,14,0,14,0,14,0,14,0,14,0,14,0,14,0,14,115,120,0,14,0,14,21,30,27,23,498,153,84,49,111,69,150,55,210,85,268,109,113,82,13,13,0,14
1400000US36081062400,"Census Tract 624, Queens County, New York",Queens,0,14,0,14,0,14,0,14,0,14,0,14,0,14,0,14,0,14,0,14,0,14,0,14,0,14,0,14,0,14,0,14,0,14,0,14,0,14,0,14,0,14,0,14,0,14,0,14,0,14
1400000US36081062500,"Census Tract 625, Queens County, New York",Queens,1929,385,97,92,0,14,0,14,0,14,7,10,0,14,6,9,25,21,0,14,0,14,26,26,89,83,8,12,5,8,41,38,627,279,109,57,125,116,168,68,124,58,304,112,139,65,15,22,14,15
1400000US36081062600,"Census Tract 626, Queens County, New York",Queens,2115,265,24,25,0,14,0,14,0,14,18,20,0,14,0,14,0,14,11,16,0,14,0,14,14,22,7,11,6,9,46,43,494,186,148,89,83,41,451,134,227,120,370,121,185,83,8,12,23,26
1400000US36081062700,"Census Tract 627, Queens County, New York",Queens,2130,350,139,100,0,14,0,14,1,4,0,14,0,14,0,14,23,36,0,14,0,14,21,34,0,14,0,14,22,34,109,76,649,250,73,65,211,130,172,96,296,186,321,146,58,67,35,44,0,14
1400000US36081062900,"Census Tract 629, Queens County, New York",Queens,2256,450,31,47,0,14,0,14,0,14,0,14,0,14,86,86,29,45,0,14,0,14,0,14,0,14,0,14,0,14,62,62,505,170,146,97,253,176,298,111,328,284,334,130,171,86,13,22,0,14
1400000US36081063000,"Census Tract 630, Queens County, New York",Queens,1324,283,40,37,0,14,0,14,0,14,0,14,1,3,0,14,0,14,0,14,0,14,0,14,0,14,0,14,0,14,47,69,229,91,39,31,30,27,251,117,144,75,398,147,121,54,16,25,8,10
1400000US36081063200,"Census Tract 632, Queens County, New York",Queens,1651,244,42,38,0,14,0,14,0,14,0,14,0,14,0,14,18,20,13,21,10,14,18,28,12,18,5,9,0,14,55,43,386,112,49,28,73,56,294,113,114,62,351,113,182,99,12,14,17,19
1400000US36081063301,"Census Tract 633.01, Queens County, New York",Queens,1021,210,64,48,0,14,0,14,0,14,0,14,0,14,0,14,0,14,0,14,0,14,0,14,0,14,0,14,0,14,17,16,332,90,29,39,62,42,49,44,110,81,152,72,206,66,0,14,0,14
1400000US36081063302,"Census Tract 633.02, Queens County, New York",Queens,1282,420,75,94,0,14,0,14,0,14,6,8,0,14,0,14,0,14,0,14,103,150,0,14,0,14,0,14,20,21,56,36,279,83,40,40,178,101,132,72,57,47,128,54,159,109,14,16,35,38
1400000US36081063500,"Census Tract 635, Queens County, New York",Queens,1752,288,164,104,0,14,0,14,0,14,0,14,0,14,0,14,0,14,0,14,5,9,36,48,0,14,5,8,0,14,125,92,346,115,66,71,51,38,180,103,113,61,439,187,142,86,63,62,17,21
1400000US36081063700,"Census Tract 637, Queens County, New York",Queens,2437,443,156,97,0,14,0,14,0,14,0,14,0,14,0,14,0,14,22,25,0,14,0,14,18,26,10,15,10,17,175,112,723,206,158,115,154,115,138,65,240,113,483,327,99,69,23,32,28,42
1400000US36081063800,"Census Tract 638, Queens County, New York",Queens,3079,697,70,78,0,14,0,14,0,14,0,14,0,14,0,14,0,14,83,130,0,14,0,14,2,7,0,14,43,55,92,123,714,446,167,163,61,30,396,248,414,185,798,252,215,199,23,30,1,7
1400000US36081063900,"Census Tract 639, Queens County, New York",Queens,2359,524,208,158,21,32,0,14,0,14,0,14,13,19,0,14,0,14,61,76,0,14,0,14,0,14,0,14,1,3,33,28,564,326,36,50,226,117,118,83,197,103,553,223,306,132,8,14,14,22
1400000US36081064101,"Census Tract 641.01, Queens County, New York",Queens,1796,179,113,57,0,14,0,14,0,14,0,14,0,14,25,40,0,14,15,24,0,14,0,14,0,14,14,22,14,23,105,55,319,96,67,46,36,30,195,75,168,82,363,137,258,83,104,80,0,14
1400000US36081064102,"Census Tract 641.02, Queens County, New York",Queens,0,14,0,14,0,14,0,14,0,14,0,14,0,14,0,14,0,14,0,14,0,14,0,14,0,14,0,14,0,14,0,14,0,14,0,14,0,14,0,14,0,14,0,14,0,14,0,14,0,14
1400000US36081064500,"Census Tract 645, Queens County, New York",Queens,1488,214,11,8,7,10,62,91,0,14,10,17,0,14,0,14,10,15,0,14,0,14,29,33,0,14,0,14,24,29,38,40,212,77,39,38,51,50,339,165,90,67,359,115,172,71,20,19,15,15
1400000US36081064600,"Census Tract 646, Queens County, New York",Queens,2443,357,8,13,0,14,0,14,0,14,0,14,7,10,0,14,0,14,5,8,0,14,0,14,34,30,11,17,0,14,20,18,707,229,124,80,107,52,281,97,186,79,422,127,347,137,174,94,10,12
1400000US36081065000,"Census Tract 650, Queens County, New York",Queens,2095,299,67,56,0,14,0,14,0,14,0,14,6,8,0,14,7,11,0,14,0,14,0,14,0,14,0,14,0,14,39,31,443,198,87,60,89,41,370,165,192,91,475,119,199,62,97,57,24,28
1400000US36081065401,"Census Tract 654.01, Queens County, New York",Queens,2228,326,34,28,0,14,0,14,0,14,0,14,0,14,0,14,38,45,0,14,0,14,27,42,35,59,7,11,0,14,43,35,368,111,124,78,254,213,335,164,276,126,505,167,127,82,15,18,40,19
1400000US36081065402,"Census Tract 654.02, Queens County, New York",Queens,0,14,0,14,0,14,0,14,0,14,0,14,0,14,0,14,0,14,0,14,0,14,0,14,0,14,0,14,0,14,0,14,0,14,0,14,0,14,0,14,0,14,0,14,0,14,0,14,0,14
1400000US36081065501,"Census Tract 655.01, Queens County, New York",Queens,0,14,0,14,0,14,0,14,0,14,0,14,0,14,0,14,0,14,0,14,0,14,0,14,0,14,0,14,0,14,0,14,0,14,0,14,0,14,0,14,0,14,0,14,0,14,0,14,0,14
1400000US36081065600,"Census Tract 656, Queens County, New York",Queens,3935,658,51,48,20,32,0,19,0,19,0,19,0,19,12,20,0,19,49,76,0,19,13,20,0,19,32,35,16,27,179,149,575,252,184,134,369,143,270,138,397,218,1248,342,425,167,69,62,26,29
1400000US36081065702,"Census Tract 657.02, Queens County, New York",Queens,1053,131,5,8,0,14,0,14,0,14,0,14,0,14,0,14,0,14,0,14,22,27,25,36,3,4,7,11,5,7,13,18,287,96,35,26,48,40,95,78,138,48,205,107,95,60,61,58,9,14
1400000US36081065703,"Census Tract 657.03, Queens County, New York",Queens,2428,874,111,91,0,14,0,14,0,14,0,14,0,14,0,14,41,49,0,14,10,17,0,14,5,7,14,22,0,14,390,479,421,129,80,54,74,72,179,111,106,78,746,361,209,99,42,34,0,14
1400000US36081065900,"Census Tract 659, Queens County, New York",Queens,1318,220,1,5,0,14,0,14,0,14,0,14,7,10,0,14,0,14,3,8,0,14,27,40,57,49,0,14,0,14,10,15,414,129,63,50,47,34,195,148,92,62,224,102,178,104,0,14,0,14
1400000US36081066000,"Census Tract 660, Queens County, New York",Queens,2646,419,28,35,0,14,0,14,0,14,0,14,0,14,0,14,17,27,18,33,0,14,0,14,28,43,12,19,0,14,81,68,407,162,211,160,169,102,350,255,261,123,577,213,422,197,0,14,65,87
1400000US36081066100,"Census Tract 661, Queens County, New York",Queens,1232,153,55,45,0,14,0,14,0,14,0,14,0,14,0,14,20,32,0,14,0,14,41,38,11,13,22,36,8,12,25,36,254,77,24,27,75,51,138,77,96,46,286,97,154,78,23,23,0,14
1400000US36081066301,"Census Tract 663.01, Queens County, New York",Queens,2004,246,45,25,0,14,0,14,0,14,13,13,0,14,0,14,20,20,0,14,3,6,42,31,6,10,19,29,43,29,76,51,439,156,61,38,58,30,242,104,188,64,445,126,280,126,5,9,19,19
1400000US36081066302,"Census Tract 663.02, Queens County, New York",Queens,0,14,0,14,0,14,0,14,0,14,0,14,0,14,0,14,0,14,0,14,0,14,0,14,0,14,0,14,0,14,0,14,0,14,0,14,0,14,0,14,0,14,0,14,0,14,0,14,0,14
1400000US36081066401,"Census Tract 664.01, Queens County, New York",Queens,1544,457,61,67,0,14,0,14,0,14,0,14,0,14,0,14,0,14,10,30,0,14,9,14,14,23,0,14,26,46,4,12,445,367,122,91,170,112,279,153,191,111,82,53,104,69,0,14,27,40
1400000US36081066402,"Census Tract 664.02, Queens County, New York",Queens,2420,390,192,171,0,14,0,14,0,14,0,14,0,14,0,14,0,14,0,14,0,14,26,44,0,14,0,14,0,14,117,98,494,205,43,54,132,98,494,214,189,138,320,130,312,183,59,89,42,67
1400000US36081066403,"Census Tract 664.03, Queens County, New York",Queens,3523,577,63,53,0,19,0,19,0,19,0,19,0,19,0,19,6,9,0,19,0,19,11,18,14,23,24,37,3,5,44,58,759,287,85,75,289,147,494,294,446,169,829,263,378,149,75,63,3,7
1400000US36081066404,"Census Tract 664.04, Queens County, New York",Queens,0,14,0,14,0,14,0,14,0,14,0,14,0,14,0,14,0,14,0,14,0,14,0,14,0,14,0,14,0,14,0,14,0,14,0,14,0,14,0,14,0,14,0,14,0,14,0,14,0,14
1400000US36081066501,"Census Tract 665.01, Queens County, New York",Queens,3126,585,102,96,20,30,21,31,0,14,0,14,33,35,0,14,0,14,14,20,0,14,69,71,0,14,1,2,17,26,69,49,999,354,197,109,79,62,422,193,184,92,455,185,377,117,42,44,25,41
1400000US36081066701,"Census Tract 667.01, Queens County, New York",Queens,1933,439,283,229,0,14,0,14,0,14,0,14,0,14,0,14,0,14,51,33,10,17,0,14,17,26,1,13,47,29,49,48,430,147,0,14,142,95,296,199,80,63,374,165,153,120,0,14,0,14
1400000US36081066900,"Census Tract 669, Queens County, New York",Queens,1202,182,8,12,0,14,0,14,0,14,0,14,0,14,0,14,45,49,4,7,0,14,9,14,0,14,7,10,0,14,17,19,270,98,15,14,22,19,129,81,148,70,364,127,134,67,21,18,9,13
1400000US36081067100,"Census Tract 671, Queens County, New York",Queens,1746,256,10,12,0,14,0,14,5,7,0,14,0,14,0,14,0,14,48,39,4,7,47,60,16,17,0,14,5,8,57,38,282,91,57,33,110,59,181,91,162,83,360,114,306,84,43,36,53,45
1400000US36081067700,"Census Tract 677, Queens County, New York",Queens,1375,232,36,38,0,14,0,14,0,14,0,14,0,14,6,9,5,8,9,11,5,8,22,18,0,14,4,8,15,20,23,17,366,202,33,35,98,52,135,55,61,33,265,103,223,88,53,41,16,14
1400000US36081067900,"Census Tract 679, Queens County, New York",Queens,3232,410,120,48,0,14,7,13,8,14,8,13,0,14,0,14,0,14,16,14,0,14,181,157,16,31,68,68,10,14,65,48,678,209,76,52,314,105,289,142,296,120,627,263,435,224,18,22,0,14
1400000US36081068000,"Census Tract 680, Queens County, New York",Queens,4247,519,0,19,0,19,0,19,0,19,0,19,0,19,0,19,0,19,36,44,84,94,19,32,39,61,0,19,89,81,115,71,737,256,408,250,220,125,757,191,353,141,751,234,370,171,269,196,0,19
1400000US36081068200,"Census Tract 682, Queens County, New York",Queens,753,147,23,27,0,14,0,14,0,14,0,14,0,14,0,14,0,14,0,14,0,14,0,14,0,14,0,14,11,13,35,33,193,92,47,33,70,38,117,59,86,36,119,78,47,43,5,9,0,14
1400000US36081068300,"Census Tract 683, Queens County, New York",Queens,3223,402,210,160,0,14,0,14,0,14,10,18,28,31,0,14,21,29,15,20,9,15,22,33,38,59,0,14,60,60,95,72,798,307,183,114,95,61,141,79,195,87,836,171,356,150,10,14,101,68
1400000US36081068700,"Census Tract 687, Queens County, New York",Queens,3241,499,201,108,0,14,0,14,0,14,0,14,0,14,9,16,0,14,0,14,22,36,31,31,47,54,45,40,68,74,73,60,477,168,15,24,64,41,264,133,321,265,1069,384,393,129,88,56,54,47
1400000US36081069000,"Census Tract 690, Queens County, New York",Queens,2535,423,87,84,0,14,0,14,0,14,0,14,0,14,0,14,0,14,0,14,0,14,3,5,0,14,0,14,0,14,68,47,771,260,189,123,217,100,338,134,227,121,433,139,182,104,0,14,20,31
1400000US36081069300,"Census Tract 693, Queens County, New York",Queens,2220,464,91,71,0,14,0,14,0,14,0,14,0,14,0,14,0,14,33,52,10,15,13,22,1,3,27,29,0,14,152,106,475,155,47,37,151,105,69,49,140,106,715,374,265,100,28,31,3,4
1400000US36081069400,"Census Tract 694, Queens County, New York",Queens,2735,417,46,46,0,14,0,14,19,30,0,14,0,14,0,14,0,14,20,24,0,14,0,14,19,32,0,14,17,7,95,55,805,322,61,83,100,75,274,135,234,113,607,277,310,162,112,131,16,24
1400000US36081069500,"Census Tract 695, Queens County, New York",Queens,1905,362,94,63,0,14,0,14,0,14,8,12,13,15,0,14,8,12,56,46,0,14,42,47,0,14,11,14,0,14,210,261,336,100,47,49,63,37,104,58,121,86,421,149,317,122,33,25,21,19
1400000US36081069701,"Census Tract 697.01, Queens County, New York",Queens,2844,264,43,40,0,14,0,14,0,14,0,14,0,14,0,14,0,14,12,18,0,14,0,14,27,36,0,14,0,14,48,44,558,154,105,89,124,86,181,94,284,142,785,169,470,174,151,107,56,53
1400000US36081069702,"Census Tract 697.02, Queens County, New York",Queens,2947,452,130,96,0,14,0,14,0,14,0,14,2,5,0,14,0,14,0,14,28,48,185,190,1,3,10,16,2,4,127,65,465,178,41,41,204,127,290,151,251,113,701,226,355,196,107,122,48,40
1400000US36081070300,"Census Tract 703, Queens County, New York",Queens,1773,314,71,61,0,14,0,14,0,14,0,14,0,14,0,14,0,14,17,25,14,24,0,14,12,18,37,45,27,21,65,44,321,183,31,26,30,31,133,95,81,51,539,160,317,154,45,31,33,31
1400000US36081070700,"Census Tract 707, Queens County, New York",Queens,1842,218,22,22,0,14,0,14,0,14,0,14,0,14,5,8,0,14,0,14,9,14,32,37,0,14,0,14,17,18,30,24,171,68,17,18,55,37,97,46,161,95,564,96,461,115,149,141,52,55
1400000US36081070900,"Census Tract 709, Queens County, New York",Queens,1961,268,93,120,0,14,0,14,0,14,0,14,0,14,0,14,0,14,0,14,0,14,10,18,0,14,10,18,0,14,40,33,146,76,19,22,22,25,62,42,24,39,838,209,501,133,76,58,120,94
1400000US36081071100,"Census Tract 711, Queens County, New York",Queens,4725,482,8,14,0,19,0,19,0,19,8,17,0,19,0,19,0,19,0,19,13,23,29,37,26,42,37,40,0,19,50,51,482,228,0,19,304,227,149,89,210,106,1682,448,1328,341,118,71,281,153
1400000US36081071303,"Census Tract 713.03, Queens County, New York",Queens,4428,699,40,47,0,19,0,19,0,19,0,19,0,19,0,19,0,19,0,19,0,19,0,19,0,19,0,19,0,19,136,118,454,227,0,19,94,74,550,218,234,194,1944,568,518,160,269,157,189,154
1400000US36081071304,"Census Tract 713.04, Queens County, New York",Queens,5461,558,41,45,0,19,0,19,0,19,27,43,0,19,0,19,4,7,0,19,0,19,0,19,45,71,36,56,0,19,1,3,973,249,41,66,265,216,374,202,163,148,2149,502,1026,354,199,119,117,86
1400000US36081071305,"Census Tract 713.05, Queens County, New York",Queens,4095,529,40,45,0,19,0,19,34,54,0,19,0,19,0,19,38,61,45,73,0,19,0,19,44,71,16,27,0,19,24,32,438,214,0,19,279,241,277,165,293,154,1266,316,1021,282,229,169,51,53
1400000US36081071306,"Census Tract 713.06, Queens County, New York",Queens,5325,734,185,218,0,19,0,19,0,19,0,19,0,19,0,19,0,19,167,208,0,19,0,19,0,19,77,82,18,30,60,60,795,296,72,72,184,142,355,175,410,223,1667,630,1066,337,241,249,28,32
1400000US36081071600,"Census Tract 716, Queens County, New York",Queens,0,14,0,14,0,14,0,14,0,14,0,14,0,14,0,14,0,14,0,14,0,14,0,14,0,14,0,14,0,14,0,14,0,14,0,14,0,14,0,14,0,14,0,14,0,14,0,14,0,14
1400000US36081071701,"Census Tract 717.01, Queens County, New York",Queens,3816,509,355,190,0,14,0,14,0,14,0,14,0,14,0,14,0,14,0,14,0,14,0,14,15,23,132,159,0,14,66,53,565,201,23,36,73,61,310,131,186,146,1103,328,740,395,57,50,191,155
1400000US36081071702,"Census Tract 717.02, Queens County, New York",Queens,3486,386,166,116,0,14,0,14,0,14,0,14,18,28,29,46,45,55,0,14,0,14,24,38,0,14,37,35,8,11,151,111,485,209,34,34,141,111,179,121,218,98,1198,328,492,166,169,77,92,79
1400000US36081071900,"Census Tract 719, Queens County, New York",Queens,2170,267,31,28,0,14,0,14,0,14,0,14,0,14,0,14,0,14,33,55,0,14,24,25,0,14,87,89,0,14,14,12,593,209,90,56,192,127,142,83,105,58,517,164,298,126,31,29,13,15
1400000US36081072100,"Census Tract 721, Queens County, New York",Queens,4004,660,80,127,0,19,15,26,0,19,0,19,0,19,36,42,0,19,7,9,9,17,0,19,46,70,113,103,21,34,105,104,708,295,42,49,332,187,171,126,390,219,969,240,867,509,41,52,52,52
1400000US36081072300,"Census Tract 723, Queens County, New York",Queens,1737,293,0,14,0,14,0,14,0,14,0,14,0,14,0,14,6,9,0,14,0,14,9,12,0,14,0,14,21,31,42,64,204,90,24,23,39,25,98,53,62,39,522,185,368,82,184,66,158,110
1400000US36081072900,"Census Tract 729, Queens County, New York",Queens,1005,207,6,9,0,14,0,14,0,14,0,14,0,14,4,8,5,8,10,15,5,7,19,19,0,14,0,14,0,14,7,10,207,84,27,22,8,11,15,16,157,147,284,90,196,61,24,24,31,26
1400000US36081073100,"Census Tract 731, Queens County, New York",Queens,1209,196,0,14,0,14,0,14,0,14,0,14,0,14,0,14,0,14,0,14,7,11,0,14,0,14,0,14,16,16,16,12,193,91,0,14,55,44,80,43,5,8,501,112,207,63,103,44,26,23
1400000US36081073700,"Census Tract 737, Queens County, New York",Queens,1808,252,0,14,0,14,0,14,0,14,0,14,0,14,0,14,0,14,0,14,0,14,0,14,0,14,0,14,26,28,0,14,126,81,42,40,51,39,146,92,142,165,605,164,489,155,156,76,25,24
1400000US36081073900,"Census Tract 739, Queens County, New York",Queens,4384,537,0,19,0,19,0,19,18,30,0,19,0,19,0,19,0,19,0,19,0,19,31,34,6,16,6,13,14,32,0,19,339,133,41,51,187,142,355,238,100,77,1720,401,1055,304,387,195,125,77
1400000US36081074100,"Census Tract 741, Queens County, New York",Queens,2489,324,208,140,0,14,0,14,0,14,0,14,0,14,0,14,0,14,21,34,0,14,0,14,0,14,18,30,0,14,4,7,294,133,113,99,63,44,339,198,128,73,605,165,546,179,73,59,77,48
1400000US36081074300,"Census Tract 743, Queens County, New York",Queens,3169,717,183,180,0,14,0,14,0,14,0,14,0,14,0,14,0,14,2,5,30,43,0,14,12,18,9,15,12,18,156,92,667,287,89,52,58,48,160,91,232,138,1174,357,290,101,24,23,71,44
1400000US36081074500,"Census Tract 745, Queens County, New York",Queens,3162,534,199,132,0,14,0,14,0,14,0,14,0,14,0,14,0,14,0,14,29,31,30,48,13,19,48,62,40,52,38,36,630,258,257,205,96,85,321,183,146,79,936,339,366,205,13,22,0,14
1400000US36081074700,"Census Tract 747, Queens County, New York",Queens,2956,491,339,363,0,14,0,14,0,14,0,14,0,14,0,14,12,19,0,14,15,26,30,46,20,31,37,36,0,14,109,72,424,190,100,84,125,90,136,120,150,112,788,199,402,155,228,152,41,39
1400000US36081074900,"Census Tract 749, Queens County, New York",Queens,1093,143,21,24,0,14,0,14,0,14,0,14,0,14,0,14,0,14,0,14,0,14,0,14,0,14,2,6,0,14,0,14,98,51,18,21,111,66,3,7,35,29,372,147,281,92,99,59,53,32
1400000US36081075701,"Census Tract 757.01, Queens County, New York",Queens,4056,420,28,45,0,19,0,19,0,19,0,19,0,19,0,19,0,19,48,77,49,74,90,123,31,47,0,19,0,19,116,144,335,189,64,69,61,77,545,197,260,123,838,216,873,217,418,251,300,313
1400000US36081075702,"Census Tract 757.02, Queens County, New York",Queens,4298,920,31,55,0,19,0,19,0,19,0,19,0,19,0,19,0,19,0,19,0,19,29,42,20,30,6,13,199,148,70,89,532,263,15,29,431,163,372,237,234,141,1350,659,735,247,196,127,78,51
1400000US36081076901,"Census Tract 769.01, Queens County, New York",Queens,4043,491,23,37,0,19,0,19,0,19,0,19,29,49,0,19,0,19,0,19,0,19,17,29,0,19,0,19,18,30,0,19,555,257,64,60,90,64,461,193,483,292,1237,309,732,301,130,87,204,134
1400000US36081076902,"Census Tract 769.02, Queens County, New York",Queens,1083,209,5,8,0,14,0,14,0,14,0,14,0,14,0,14,0,14,0,14,0,14,0,14,0,14,0,14,0,14,5,8,83,58,32,28,8,11,76,43,38,32,523,198,259,103,34,27,20,19
1400000US36081077300,"Census Tract 773, Queens County, New York",Queens,1788,230,25,28,0,14,0,14,0,14,0,14,0,14,0,14,0,14,0,14,0,14,0,14,0,14,0,14,0,14,43,51,102,71,12,19,58,42,168,79,95,62,823,193,387,117,35,33,40,36
1400000US36081077500,"Census Tract 775, Queens County, New York",Queens,1740,328,47,41,0,14,0,14,0,14,0,14,0,14,0,14,0,14,0,14,0,14,12,18,0,14,26,24,28,14,0,14,196,119,62,69,159,99,87,76,185,119,407,155,259,92,245,146,27,25
1400000US36081077902,"Census Tract 779.02, Queens County, New York",Queens,3393,561,31,41,0,19,0,19,0,19,0,19,0,19,0,19,45,69,0,19,35,46,13,19,16,25,0,19,27,31,34,31,538,283,0,19,94,73,79,66,186,92,1310,462,691,181,130,78,164,69
1400000US36081077903,"Census Tract 779.03, Queens County, New York",Queens,2325,499,28,34,0,14,0,14,0,14,0,14,0,14,0,14,33,34,0,14,0,14,42,47,10,15,10,16,18,20,61,48,345,169,169,113,62,38,268,191,317,257,580,224,328,165,28,31,26,32
1400000US36081077904,"Census Tract 779.04, Queens County, New York",Queens,3583,716,131,106,0,19,26,43,0,19,3,5,10,16,18,28,0,19,12,20,25,33,36,53,179,227,29,39,0,19,66,55,556,289,171,136,135,110,39,43,335,205,958,317,488,252,80,61,286,45
1400000US36081077905,"Census Tract 779.05, Queens County, New York",Queens,2513,574,54,45,0,14,0,14,0,14,0,14,0,14,0,14,0,14,0,14,0,14,0,14,13,21,0,14,13,20,25,28,254,90,88,106,44,38,197,103,214,170,960,286,492,256,55,50,104,67
1400000US36081077906,"Census Tract 779.06, Queens County, New York",Queens,2657,340,196,115,0,14,0,14,0,14,0,14,17,29,0,14,0,14,24,35,0,14,0,14,1,3,0,14,17,28,49,42,514,274,56,45,90,90,156,106,122,59,637,174,550,176,209,157,19,28
1400000US36081077907,"Census Tract 779.07, Queens County, New York",Queens,2061,457,40,45,0,14,0,14,0,14,0,14,0,14,0,14,0,14,0,14,135,200,137,190,18,22,0,14,17,26,26,29,346,101,46,57,178,74,151,83,196,65,463,144,260,95,33,32,15,22
1400000US36081077908,"Census Tract 779.08, Queens County, New York",Queens,1924,261,48,45,0,14,0,14,0,14,0,14,0,14,0,14,33,45,0,14,12,20,52,61,20,37,10,16,19,34,30,35,393,176,46,40,124,89,135,92,263,150,537,178,105,77,79,60,18,24
1400000US36081078800,"Census Tract 788, Queens County, New York",Queens,1441,347,7,10,0,14,0,14,0,14,0,14,0,14,0,14,0,14,0,14,17,27,73,57,0,14,16,26,33,35,66,44,310,88,160,82,49,52,245,270,157,85,170,86,83,56,0,14,55,85
1400000US36081079000,"Census Tract 790, Queens County, New York",Queens,2131,344,72,43,0,14,0,14,0,14,0,14,0,14,0,14,11,14,18,29,5,7,33,42,36,42,56,80,76,72,51,39,422,248,245,145,50,34,223,114,231,109,327,97,241,76,34,32,0,14
1400000US36081079200,"Census Tract 792, Queens County, New York",Queens,1872,293,53,42,0,14,0,14,0,14,0,14,15,30,16,25,0,14,21,25,0,14,17,27,0,14,0,14,48,66,84,62,500,141,186,151,144,70,229,101,134,76,236,121,122,62,54,56,13,14
1400000US36081079300,"Census Tract 793, Queens County, New York",Queens,0,14,0,14,0,14,0,14,0,14,0,14,0,14,0,14,0,14,0,14,0,14,0,14,0,14,0,14,0,14,0,14,0,14,0,14,0,14,0,14,0,14,0,14,0,14,0,14,0,14
1400000US36081079701,"Census Tract 797.01, Queens County, New York",Queens,5411,1021,273,180,0,19,0,19,0,19,0,19,15,24,0,19,43,64,49,54,0,19,0,19,610,841,32,48,1,2,336,255,1355,433,127,141,93,93,213,140,379,192,1144,460,623,243,45,50,73,84
1400000US36081079702,"Census Tract 797.02, Queens County, New York",Queens,2726,425,124,78,0,14,0,14,0,14,0,14,2,4,37,57,31,35,94,102,20,31,135,127,303,165,46,52,0,14,250,139,669,332,44,41,91,65,149,114,229,135,327,179,76,64,31,36,68,53
1400000US36081079900,"Census Tract 799, Queens County, New York",Queens,2017,405,319,192,0,14,0,14,0,14,0,14,0,14,18,30,9,14,70,91,1,3,0,14,132,114,40,61,25,42,102,60,257,177,0,14,114,85,195,93,215,105,412,291,90,74,9,15,9,18
1400000US36081080301,"Census Tract 803.01, Queens County, New York",Queens,2668,641,205,126,0,14,0,14,0,14,0,14,0,14,36,57,45,67,66,80,71,85,148,133,199,143,44,71,12,19,180,110,686,344,68,71,110,88,118,60,291,191,196,116,170,152,0,14,23,30
1400000US36081080302,"Census Tract 803.02, Queens County, New York",Queens,2747,701,226,131,1,4,0,14,0,14,0,14,58,55,0,14,8,18,127,102,29,35,34,40,66,76,58,42,0,14,210,158,414,174,19,24,64,62,252,150,108,74,655,388,382,303,3,10,33,38
1400000US36081080900,"Census Tract 809, Queens County, New York",Queens,4572,657,196,129,0,19,0,19,0,19,0,19,0,19,0,19,0,19,28,45,0,19,17,29,45,35,100,126,0,19,406,331,641,409,116,89,232,127,493,202,398,210,991,398,705,324,168,123,36,42
1400000US36081081400,"Census Tract 814, Queens County, New York",Queens,2821,555,119,113,0,14,0,14,0,14,0,14,0,14,0,14,69,73,16,24,29,45,0,14,0,14,62,58,0,14,115,78,830,242,244,143,170,104,378,237,156,108,492,207,125,86,16,20,0,14
1400000US36081081800,"Census Tract 818, Queens County, New York",Queens,2771,484,159,124,0,14,0,14,44,2,0,14,0,14,0,14,0,14,60,55,0,14,64,62,26,43,31,53,34,37,155,102,566,218,239,120,55,39,277,191,237,101,527,149,269,175,0,14,28,46
1400000US36081083700,"Census Tract 837, Queens County, New York",Queens,4103,573,333,180,0,19,0,19,0,19,14,20,18,20,0,19,17,19,127,132,20,23,84,75,8,13,6,10,9,13,330,192,1463,379,46,36,136,85,151,81,236,159,776,211,246,139,30,33,53,45
1400000US36081083800,"Census Tract 838, Queens County, New York",Queens,4009,597,202,109,0,19,0,19,0,19,0,19,0,19,0,19,0,19,120,94,6,11,163,99,74,58,11,17,58,69,143,87,1060,333,122,88,260,124,357,168,521,316,669,184,237,132,1,2,5,7
1400000US36081084000,"Census Tract 840, Queens County, New York",Queens,5313,719,249,163,0,19,64,102,0,19,0,19,0,19,0,19,130,140,66,73,35,51,62,74,0,19,74,98,14,30,278,209,1511,473,215,137,224,136,633,204,655,270,886,292,205,158,0,19,12,19
1400000US36081084500,"Census Tract 845, Queens County, New York",Queens,3904,587,278,172,0,14,0,14,68,113,0,14,0,14,56,85,0,14,195,157,35,58,39,45,236,170,92,103,0,14,142,122,900,383,149,141,103,112,289,170,393,257,777,352,89,72,23,37,40,44
1400000US36081084601,"Census Tract 846.01, Queens County, New York",Queens,2019,258,43,30,0,14,0,14,0,14,0,14,43,58,6,11,8,11,72,55,1,5,14,21,40,45,4,9,56,57,58,68,446,164,79,54,94,53,191,88,207,97,388,142,202,115,58,65,9,11
1400000US36081084602,"Census Tract 846.02, Queens County, New York",Queens,1064,399,18,27,0,14,0,14,0,14,0,14,8,11,0,14,16,27,52,81,0,14,0,14,14,35,12,24,0,14,48,47,402,254,111,88,88,56,124,92,58,97,40,32,64,57,9,14,0,14
1400000US36081084901,"Census Tract 849.01, Queens County, New York",Queens,2529,607,171,130,0,14,0,14,0,14,0,14,0,14,0,14,33,49,47,55,0,14,14,24,410,291,20,31,36,41,47,42,884,383,44,43,38,60,226,173,61,53,378,150,115,82,5,8,0,14
1400000US36081084902,"Census Tract 849.02, Queens County, New York",Queens,3240,669,157,108,0,14,0,14,0,14,1,2,40,48,0,14,67,67,107,101,32,37,144,112,53,59,17,28,0,14,325,170,1107,643,220,125,96,130,371,143,71,50,273,142,77,51,69,69,13,20
1400000US36081085300,"Census Tract 853, Queens County, New York",Queens,4070,566,394,215,0,14,0,14,0,14,82,130,0,14,0,14,32,52,22,35,324,426,0,14,131,121,19,31,20,34,220,139,1291,486,27,42,124,100,123,89,268,200,561,220,247,191,24,37,161,140
1400000US36081085500,"Census Tract 855, Queens County, New York",Queens,4687,797,843,591,0,19,0,19,0,19,0,19,0,19,20,45,0,19,100,98,46,53,17,29,81,82,28,48,51,59,227,143,1233,385,36,41,144,113,620,364,215,150,579,188,176,107,159,142,112,178
1400000US36081085700,"Census Tract 857, Queens County, New York",Queens,4555,699,686,329,0,19,0,19,49,72,77,112,0,19,0,19,49,47,69,74,6,29,126,92,149,123,13,13,72,67,245,146,864,343,83,101,147,137,479,196,253,153,727,243,342,234,101,88,18,27
1400000US36081085900,"Census Tract 859, Queens County, New York",Queens,4610,709,380,218,0,19,0,19,53,77,0,19,0,19,0,19,0,19,90,85,0,19,36,61,267,194,0,19,67,75,304,159,1355,603,41,57,102,108,218,119,242,177,764,250,530,328,126,123,35,58
1400000US36081086100,"Census Tract 861, Queens County, New York",Queens,1654,367,285,297,0,14,0,14,0,14,5,8,0,14,0,14,0,14,20,17,53,56,54,80,62,68,1,2,15,15,77,46,440,130,30,30,54,39,99,57,106,54,173,66,121,59,37,29,22,24
1400000US36081086300,"Census Tract 863, Queens County, New York",Queens,5930,1083,992,509,66,116,0,19,0,19,0,19,156,148,0,19,53,60,29,27,0,19,0,19,157,199,122,147,39,80,681,415,1331,400,215,162,79,78,440,309,157,90,964,398,299,142,115,100,35,35
1400000US36081086400,"Census Tract 864, Queens County, New York",Queens,2021,260,61,48,0,14,16,23,0,14,0,14,0,14,0,14,0,14,29,40,0,14,46,40,39,41,37,34,26,29,87,61,541,138,139,113,25,29,240,91,323,121,245,96,167,68,0,14,0,14
1400000US36081086500,"Census Tract 865, Queens County, New York",Queens,4234,569,344,333,0,14,0,14,0,14,0,14,0,14,21,33,0,14,156,140,0,14,39,47,155,189,0,14,45,32,24,31,1476,402,23,37,51,58,375,185,187,159,955,324,173,144,150,155,60,93
1400000US36081086900,"Census Tract 869, Queens County, New York",Queens,1651,322,89,58,0,14,0,14,7,10,0,14,2,3,0,14,0,14,66,45,0,14,16,18,17,16,147,212,0,14,51,34,285,102,0,14,28,43,225,155,28,26,462,140,97,59,40,36,91,84
1400000US36081087100,"Census Tract 871, Queens County, New York",Queens,4366,400,219,124,0,19,0,19,16,24,0,19,0,19,0,19,82,133,71,77,0,19,82,97,56,53,32,41,0,19,135,113,792,333,78,100,154,97,279,204,208,114,1161,330,652,246,222,192,127,123
1400000US36081088400,"Census Tract 884, Queens County, New York",Queens,6737,940,144,118,0,19,0,19,0,19,0,19,60,97,29,46,308,295,36,65,0,19,29,34,0,19,120,122,45,50,133,168,1945,481,315,176,330,183,923,546,486,192,1166,380,482,353,58,49,128,162
1400000US36081088902,"Census Tract 889.02, Queens County, New York",Queens,5292,742,711,255,0,19,0,19,0,19,0,19,28,45,187,196,68,97,46,60,7,13,25,42,156,141,146,160,172,139,93,77,801,330,300,215,227,191,135,102,339,160,1106,364,612,309,63,71,70,74
1400000US36081088903,"Census Tract 889.03, Queens County, New York",Queens,4034,684,588,312,0,14,0,14,0,14,0,14,26,35,3,8,0,14,64,56,9,15,88,85,22,24,20,16,6,14,235,80,843,476,141,99,129,73,333,179,699,457,558,192,223,123,41,36,6,14
1400000US36081089201,"Census Tract 892.01, Queens County, New York",Queens,6246,822,182,118,0,19,0,19,0,19,0,19,35,58,0,19,129,112,66,79,0,19,20,33,16,39,43,53,88,81,194,150,1392,429,142,129,323,174,512,233,803,482,1311,359,749,309,204,120,37,41
1400000US36081089202,"Census Tract 892.02, Queens County, New York",Queens,0,14,0,14,0,14,0,14,0,14,0,14,0,14,0,14,0,14,0,14,0,14,0,14,0,14,0,14,0,14,0,14,0,14,0,14,0,14,0,14,0,14,0,14,0,14,0,14,0,14
1400000US36081090700,"Census Tract 907, Queens County, New York",Queens,1111,200,164,162,0,14,0,14,0,14,0,14,9,15,9,13,0,14,11,16,0,14,0,14,0,14,38,36,28,42,23,19,302,158,26,21,42,37,106,54,95,55,125,52,36,31,88,105,9,13
1400000US36081091602,"Census Tract 916.02, Queens County, New York",Queens,11,16,0,14,0,14,0,14,0,14,0,14,0,14,0,14,0,14,0,14,0,14,0,14,0,14,0,14,0,14,0,14,0,14,0,14,0,14,0,14,0,14,6,8,5,7,0,14,0,14
1400000US36081091603,"Census Tract 916.03, Queens County, New York",Queens,3317,631,8,14,0,14,0,14,0,14,0,14,0,14,0,14,10,15,11,17,0,14,0,14,22,24,22,28,41,40,61,96,316,93,14,21,140,72,517,247,383,229,986,296,651,149,98,74,37,39
1400000US36081091604,"Census Tract 916.04, Queens County, New York",Queens,0,14,0,14,0,14,0,14,0,14,0,14,0,14,0,14,0,14,0,14,0,14,0,14,0,14,0,14,0,14,0,14,0,14,0,14,0,14,0,14,0,14,0,14,0,14,0,14,0,14
1400000US36081091800,"Census Tract 918, Queens County, New York",Queens,8,12,0,14,0,14,0,14,0,14,0,14,0,14,0,14,0,14,0,14,0,14,0,14,0,14,0,14,0,14,0,14,0,14,4,6,0,14,0,14,0,14,4,6,0,14,0,14,0,14
1400000US36081091900,"Census Tract 919, Queens County, New York",Queens,3951,781,260,137,14,21,10,18,0,19,12,18,7,13,288,448,14,35,40,60,13,21,101,53,8,16,39,33,16,14,152,104,947,218,98,66,197,127,551,221,311,222,555,198,284,107,34,33,0,19
1400000US36081092200,"Census Tract 922, Queens County, New York",Queens,1538,165,8,12,0,14,0,14,0,14,0,14,0,14,0,14,0,14,0,14,0,14,0,14,3,5,0,14,0,14,0,14,167,115,6,11,92,73,163,61,40,32,425,100,432,100,153,70,49,39
1400000US36081092500,"Census Tract 925, Queens County, New York",Queens,2462,385,66,66,0,14,0,14,0,14,0,14,56,61,1,2,0,14,97,90,3,5,23,30,58,82,91,79,18,31,129,120,595,235,199,143,27,31,291,193,284,197,323,146,176,99,0,14,25,39
1400000US36081092800,"Census Tract 928, Queens County, New York",Queens,2407,429,65,50,0,14,0,14,0,14,0,14,0,14,0,14,0,14,0,14,0,14,94,93,0,14,0,14,0,14,42,45,311,221,34,58,16,21,212,93,133,92,716,204,627,226,140,71,17,25
1400000US36081092900,"Census Tract 929, Queens County, New York",Queens,5118,908,348,350,0,19,0,19,45,75,0,19,0,19,21,33,111,116,260,242,100,122,180,143,98,118,0,19,50,62,176,206,1006,313,158,122,171,112,745,382,288,163,986,330,257,166,45,76,73,94
1400000US36081093401,"Census Tract 934.01, Queens County, New York",Queens,2976,538,53,70,20,35,0,14,0,14,0,14,0,14,0,14,0,14,66,93,28,38,6,1,0,14,0,14,8,13,20,28,528,266,155,102,159,75,413,170,188,107,591,150,597,268,96,72,48,52
1400000US36081093402,"Census Tract 934.02, Queens County, New York",Queens,2978,436,36,72,0,14,18,29,0,14,0,14,0,14,8,35,0,14,31,35,0,14,0,14,25,42,11,16,7,25,0,14,822,358,88,57,101,79,203,90,143,117,786,195,546,169,113,82,40,45
1400000US36081093800,"Census Tract 938, Queens County, New York",Queens,3953,527,133,163,0,19,0,19,0,19,3,8,3,9,0,19,0,19,7,13,75,101,49,36,14,13,71,68,71,84,126,82,835,310,219,143,158,97,709,308,263,138,695,282,490,251,32,37,0,19
1400000US36081093900,"Census Tract 939, Queens County, New York",Queens,3737,629,323,147,0,19,0,19,0,19,0,19,0,19,0,19,0,19,126,159,0,19,0,19,19,31,37,56,0,19,22,35,1072,355,82,49,99,102,224,152,337,189,918,230,368,221,48,79,62,58
1400000US36081094201,"Census Tract 942.01, Queens County, New York",Queens,2497,375,105,73,0,14,0,14,0,14,0,14,0,14,0,14,0,14,55,59,0,14,12,13,43,55,94,111,27,36,14,22,363,123,147,94,101,70,325,119,22,25,813,229,224,94,73,72,79,101
1400000US36081094202,"Census Tract 942.02, Queens County, New York",Queens,3463,385,90,70,0,19,0,19,0,19,0,19,0,19,0,19,0,19,145,158,19,32,15,23,25,36,58,69,121,101,189,180,658,252,226,123,334,137,275,116,288,126,663,191,291,109,7,13,59,54
1400000US36081094203,"Census Tract 942.03, Queens County, New York",Queens,4445,609,133,131,0,19,0,19,0,19,0,19,23,37,82,136,0,19,0,19,68,107,52,81,18,30,0,19,45,54,149,115,974,274,133,103,367,177,388,184,439,226,812,239,527,452,61,75,174,200
1400000US36081094500,"Census Tract 945, Queens County, New York",Queens,3079,477,401,364,0,14,0,14,0,14,37,52,0,14,13,19,0,14,129,150,13,22,88,80,48,50,65,60,43,43,84,65,483,165,39,40,33,32,336,168,226,101,681,185,330,145,30,27,0,14
1400000US36081094700,"Census Tract 947, Queens County, New York",Queens,1876,243,113,57,0,14,1,3,0,14,0,14,29,30,0,14,54,45,157,106,25,40,8,12,30,28,58,55,9,13,51,30,537,171,100,51,98,69,129,99,76,42,259,85,131,64,0,14,11,16
1400000US36081095400,"Census Tract 954, Queens County, New York",Queens,4325,627,46,64,0,19,0,19,0,19,0,19,0,19,24,42,0,19,20,26,62,29,80,66,56,28,6,10,79,94,45,55,1327,485,176,129,100,85,573,208,480,241,775,389,363,149,45,55,68,55
1400000US36081096400,"Census Tract 964, Queens County, New York",Queens,4688,564,108,109,61,88,0,19,0,19,0,19,0,19,0,19,0,19,34,59,0,19,73,36,242,112,30,40,42,22,191,135,1152,339,52,75,546,240,263,149,410,262,819,286,508,249,157,135,0,19
1400000US36081097202,"Census Tract 972.02, Queens County, New York",Queens,1737,257,159,122,40,43,22,34,0,14,0,14,0,14,0,14,0,14,0,14,14,22,0,14,24,35,26,28,26,39,62,60,567,182,181,110,63,59,292,174,122,108,51,56,88,75,0,14,0,14
1400000US36081097204,"Census Tract 972.04, Queens County, New York",Queens,2958,364,56,50,0,14,0,14,14,21,16,23,44,63,6,12,42,36,14,19,57,72,84,82,35,44,53,49,125,97,144,98,802,299,110,92,224,97,345,131,198,105,423,129,158,88,8,17,0,14
1400000US36081097205,"Census Tract 972.05, Queens County, New York",Queens,1828,180,24,31,0,14,0,14,0,14,0,14,17,26,33,60,15,28,11,20,0,14,16,23,41,66,48,79,42,47,104,76,666,161,128,87,135,90,276,177,105,76,59,52,97,67,11,18,0,14
1400000US36081097206,"Census Tract 972.06, Queens County, New York",Queens,1969,518,9,19,0,14,0,14,0,14,0,14,0,14,0,14,0,14,10,18,0,14,69,104,0,14,0,14,58,63,157,135,1031,541,196,159,23,34,317,176,39,45,34,43,26,42,0,14,0,14
1400000US36081097207,"Census Tract 972.07, Queens County, New York",Queens,0,14,0,14,0,14,0,14,0,14,0,14,0,14,0,14,0,14,0,14,0,14,0,14,0,14,0,14,0,14,0,14,0,14,0,14,0,14,0,14,0,14,0,14,0,14,0,14,0,14
1400000US36081097300,"Census Tract 973, Queens County, New York",Queens,1645,273,83,50,0,14,0,14,0,14,0,14,0,14,7,11,81,100,0,14,0,14,83,89,29,44,4,7,7,11,53,43,387,124,88,64,54,31,223,95,66,29,229,80,183,101,39,31,29,43
1400000US36081098100,"Census Tract 981, Queens County, New York",Queens,1871,242,136,106,0,14,0,14,0,14,0,14,10,15,0,14,27,38,30,27,0,14,0,14,56,58,0,14,0,14,38,30,274,95,32,32,61,56,252,95,158,63,442,130,278,96,28,21,49,49
1400000US36081098700,"Census Tract 987, Queens County, New York",Queens,1956,288,120,63,0,14,0,14,0,14,0,14,0,14,10,14,0,14,28,28,12,18,11,11,47,67,0,14,48,47,41,44,373,165,58,39,12,14,324,147,98,51,409,132,294,112,48,30,23,18
1400000US36081099100,"Census Tract 991, Queens County, New York",Queens,5698,858,268,272,0,19,0,19,0,19,0,19,0,19,0,19,18,28,136,189,0,19,57,94,0,19,8,14,29,38,135,129,769,304,208,193,207,130,441,199,488,248,1645,569,901,248,350,182,38,43
1400000US36081099200,"Census Tract 992, Queens County, New York",Queens,2628,528,184,153,0,14,0,14,6,8,0,14,0,14,0,14,5,18,59,64,6,15,5,15,134,154,50,59,129,108,105,81,578,207,250,181,240,115,303,159,265,131,182,119,99,79,28,35,0,14
1400000US36081099701,"Census Tract 997.01, Queens County, New York",Queens,1964,249,24,24,0,14,0,14,0,14,0,14,0,14,80,121,0,14,0,14,0,14,24,26,0,14,0,14,49,55,24,26,320,132,14,23,102,108,277,125,134,69,583,159,223,79,58,47,52,42
1400000US36081099703,"Census Tract 997.03, Queens County, New York",Queens,3044,316,116,110,0,14,0,14,0,14,0,14,0,14,0,14,0,14,19,20,0,14,82,126,22,26,12,18,23,27,23,27,378,135,10,24,135,67,213,96,190,102,847,176,690,201,184,73,100,110
1400000US36081099704,"Census Tract 997.04, Queens County, New York",Queens,5814,778,173,236,0,19,0,19,17,24,0,19,0,19,0,19,0,19,129,106,29,41,19,30,0,19,43,47,59,93,211,132,845,266,65,54,106,80,680,312,442,262,1667,370,980,287,199,94,150,101
1400000US36081099705,"Census Tract 997.05, Queens County, New York",Queens,2449,520,62,69,0,14,0,14,0,14,0,14,0,14,0,14,0,14,120,131,10,18,117,94,0,14,0,14,15,26,64,100,314,132,89,64,82,63,32,44,241,163,581,161,565,291,90,53,67,63
1400000US36081099801,"Census Tract 998.01, Queens County, New York",Queens,6857,1221,635,450,45,70,51,88,0,19,0,19,0,19,3,7,118,111,194,161,0,19,39,40,227,142,36,47,215,183,457,204,1176,399,517,193,302,168,833,358,878,500,792,299,336,216,3,7,0,19
1400000US36081099802,"Census Tract 998.02, Queens County, New York",Queens,4159,548,262,196,0,19,0,19,0,19,0,19,0,19,0,19,0,19,96,107,0,19,150,82,41,66,0,19,71,110,270,183,557,248,156,143,402,282,706,295,469,296,537,254,370,186,13,20,59,71
1400000US36081099900,"Census Tract 999, Queens County, New York",Queens,0,14,0,14,0,14,0,14,0,14,0,14,0,14,0,14,0,14,0,14,0,14,0,14,0,14,0,14,0,14,0,14,0,14,0,14,0,14,0,14,0,14,0,14,0,14,0,14,0,14
1400000US36081100801,"Census Tract 1008.01, Queens County, New York",Queens,2007,628,48,70,0,14,19,30,0,14,0,14,0,14,0,14,0,14,79,90,51,80,0,14,27,33,23,35,18,27,18,29,207,109,57,77,29,37,260,147,290,220,518,176,224,124,112,117,27,28
1400000US36081100803,"Census Tract 1008.03, Queens County, New York",Queens,2948,424,118,87,0,14,34,45,24,54,0,14,0,14,40,34,0,14,58,48,0,14,48,37,84,73,10,17,82,82,201,102,810,294,179,111,212,126,198,127,189,95,412,186,226,139,23,38,0,14
1400000US36081100804,"Census Tract 1008.04, Queens County, New York",Queens,3016,459,41,53,54,84,0,19,0,19,0,19,0,19,0,19,0,19,0,19,0,19,0,19,0,19,0,19,47,66,181,141,655,295,349,166,128,108,423,252,125,91,582,308,402,142,28,25,1,2
1400000US36081101002,"Census Tract 1010.02, Queens County, New York",Queens,3043,453,0,19,0,19,0,19,0,19,15,24,0,19,0,19,0,19,49,79,0,19,7,13,148,135,0,19,84,92,0,19,644,231,24,28,164,118,158,114,140,104,516,142,851,308,243,168,0,19
1400000US36081101003,"Census Tract 1010.03, Queens County, New York",Queens,2741,628,50,69,0,14,0,14,7,14,40,63,0,14,0,14,7,16,0,14,62,99,127,100,92,95,66,78,54,52,110,90,545,183,146,104,162,119,171,110,76,81,515,263,447,369,33,36,31,48
1400000US36081101004,"Census Tract 1010.04, Queens County, New York",Queens,4199,471,166,147,0,19,0,19,0,19,0,19,0,19,0,19,0,19,166,139,11,15,133,83,17,22,332,188,111,93,130,115,1084,293,333,217,153,129,259,152,270,169,548,211,423,213,11,16,52,58
1400000US36081101700,"Census Tract 1017, Queens County, New York",Queens,5044,487,160,195,0,19,0,19,22,35,0,19,0,19,16,27,113,136,39,45,9,15,163,153,0,19,0,19,0,19,167,144,1194,363,89,87,182,106,610,282,234,112,1008,358,836,301,166,152,36,41
1400000US36081102900,"Census Tract 1029, Queens County, New York",Queens,2888,491,22,24,0,14,0,14,4,7,0,14,4,7,0,14,22,30,12,20,0,14,20,23,34,49,48,57,20,31,172,123,701,309,132,116,50,38,284,148,279,116,635,236,330,173,115,130,4,8
1400000US36081103201,"Census Tract 1032.01, Queens County, New York",Queens,3452,494,315,162,0,19,0,19,0,19,0,19,0,19,0,19,39,61,283,168,48,65,54,62,99,153,100,109,35,53,286,142,733,294,276,189,275,192,348,241,239,159,279,176,15,34,28,46,0,19
1400000US36081103202,"Census Tract 1032.02, Queens County, New York",Queens,4535,929,147,103,0,19,0,19,0,19,12,16,163,251,0,19,0,19,106,90,0,19,132,96,98,99,99,123,29,38,166,100,1066,419,15,25,210,180,510,236,334,204,667,268,595,344,65,47,121,71
1400000US36081103300,"Census Tract 1033, Queens County, New York",Queens,3381,453,214,177,0,14,0,14,0,14,47,63,19,23,26,33,45,49,16,28,64,81,48,53,10,16,11,17,19,21,39,42,616,186,31,29,264,146,277,113,159,84,939,306,475,176,48,43,14,22
1400000US36081103900,"Census Tract 1039, Queens County, New York",Queens,4760,700,202,149,0,19,0,19,0,19,0,19,0,19,0,19,109,100,15,27,0,19,109,89,78,99,17,27,10,24,40,45,1311,444,329,204,411,277,525,296,343,163,800,249,183,131,179,152,99,115
1400000US36081104700,"Census Tract 1047, Queens County, New York",Queens,5550,1132,146,138,0,19,0,19,18,28,18,30,35,40,48,38,0,19,171,137,57,78,79,101,141,124,40,65,2,4,247,163,1209,760,134,142,375,160,336,155,310,159,1489,552,573,284,39,45,83,98
1400000US36081105900,"Census Tract 1059, Queens County, New York",Queens,2544,512,79,69,0,14,0,14,0,14,0,14,0,14,26,31,0,14,8,14,0,14,41,45,48,59,0,14,0,14,12,18,575,300,28,29,44,34,125,76,314,173,741,227,315,121,87,85,101,103
1400000US36081107201,"Census Tract 1072.01, Queens County, New York",Queens,1759,316,15,22,0,14,0,14,0,14,0,14,0,14,0,14,0,14,10,18,0,14,0,14,1,3,8,13,38,30,27,23,419,116,104,57,154,59,130,71,174,87,341,180,254,121,59,53,25,28
1400000US36081107202,"Census Tract 1072.02, Queens County, New York",Queens,0,14,0,14,0,14,0,14,0,14,0,14,0,14,0,14,0,14,0,14,0,14,0,14,0,14,0,14,0,14,0,14,0,14,0,14,0,14,0,14,0,14,0,14,0,14,0,14,0,14
1400000US36081108500,"Census Tract 1085, Queens County, New York",Queens,2224,342,76,50,2,5,0,14,0,14,0,14,10,16,10,11,26,31,24,38,37,40,86,63,0,14,10,9,34,39,40,24,746,329,13,13,63,38,136,60,157,70,392,104,299,85,59,41,4,6
1400000US36081109300,"Census Tract 1093, Queens County, New York",Queens,2239,542,97,77,1,4,0,14,0,14,0,14,0,14,0,14,0,14,102,109,3,5,30,25,70,113,52,43,27,32,83,57,354,122,20,22,55,38,279,212,185,89,403,120,356,161,84,51,38,32
1400000US36081109700,"Census Tract 1097, Queens County, New York",Queens,1436,245,66,49,0,14,0,14,0,14,0,14,8,12,0,14,19,19,2,3,3,5,9,12,49,73,9,9,1,4,40,31,195,73,6,9,158,98,93,73,92,66,324,96,262,66,68,40,32,22
1400000US36081109900,"Census Tract 1099, Queens County, New York",Queens,2214,368,110,64,0,14,0,14,0,14,0,14,0,14,0,14,30,37,17,25,7,17,85,81,0,14,24,30,1,5,32,30,287,177,139,127,96,58,167,107,136,87,579,170,431,185,4,20,69,85
1400000US36081111300,"Census Tract 1113, Queens County, New York",Queens,1882,234,28,30,0,14,0,14,0,14,0,14,0,14,4,7,0,14,41,56,0,14,51,50,0,14,20,25,5,8,50,38,265,80,21,27,76,40,257,107,148,65,488,135,266,83,78,45,84,57
1400000US36081112300,"Census Tract 1123, Queens County, New York",Queens,1669,225,138,58,0,14,1,2,0,14,0,14,10,14,0,14,0,14,33,34,2,5,50,52,28,32,21,27,0,14,34,26,248,90,81,52,23,23,96,54,142,58,431,113,273,86,52,41,6,9
1400000US36081112900,"Census Tract 1129, Queens County, New York",Queens,1688,306,62,32,0,14,0,14,0,14,0,14,16,22,0,14,0,14,18,27,7,13,0,14,25,28,0,14,7,11,29,34,324,120,178,227,75,51,94,45,47,30,545,120,224,76,37,29,0,14
1400000US36081113300,"Census Tract 1133, Queens County, New York",Queens,1109,215,41,34,0,14,5,8,4,8,0,14,0,14,0,14,0,14,0,14,5,7,21,25,0,14,0,14,5,8,18,15,127,58,40,38,57,37,116,60,57,38,311,161,178,62,98,69,26,22
1400000US36081113900,"Census Tract 1139, Queens County, New York",Queens,2954,333,179,130,0,14,0,14,0,14,11,18,5,9,0,14,0,14,35,44,0,14,34,49,182,147,13,17,31,51,86,80,619,209,59,53,43,47,267,107,313,158,613,151,321,176,87,54,56,35
1400000US36081114100,"Census Tract 1141, Queens County, New York",Queens,1838,301,6,10,0,14,0,14,0,14,0,14,0,14,0,14,0,14,0,14,0,14,0,14,0,14,5,9,0,14,34,25,291,107,16,22,50,35,215,73,168,115,518,161,399,115,86,40,50,33
1400000US36081114700,"Census Tract 1147, Queens County, New York",Queens,1406,219,10,19,0,14,0,14,10,16,0,14,0,14,0,14,0,14,21,24,11,16,18,28,38,40,0,14,0,14,81,44,198,84,24,23,44,23,57,35,285,146,300,75,221,85,87,84,1,3
1400000US36081115100,"Census Tract 1151, Queens County, New York",Queens,784,133,31,29,0,14,0,14,0,14,0,14,6,11,0,14,0,14,0,14,3,5,33,27,0,14,0,14,12,13,60,45,92,41,5,9,29,23,29,20,38,30,239,64,103,36,58,45,46,51
1400000US36081115500,"Census Tract 1155, Queens County, New York",Queens,1602,288,100,61,0,14,5,8,0,14,0,14,0,14,11,21,0,14,30,23,13,24,6,10,5,9,33,35,0,14,41,39,295,148,40,41,46,41,249,154,162,87,299,103,195,76,72,77,0,14
1400000US36081115700,"Census Tract 1157, Queens County, New York",Queens,2433,537,77,58,0,14,3,6,0,14,0,14,0,14,0,14,0,14,60,94,32,51,37,36,38,27,0,14,39,33,79,88,363,155,118,139,121,68,271,115,36,31,790,340,346,160,23,24,0,14
1400000US36081115900,"Census Tract 1159, Queens County, New York",Queens,3059,460,112,59,0,14,0,14,0,14,0,14,0,14,0,14,25,33,10,17,0,14,0,14,116,75,53,41,8,15,121,131,855,213,16,25,92,91,249,143,221,140,745,365,389,171,36,35,11,20
1400000US36081116100,"Census Tract 1161, Queens County, New York",Queens,2788,256,130,98,0,14,0,14,7,16,7,13,0,14,13,19,7,13,49,64,14,18,78,58,67,51,13,19,7,16,40,42,843,247,87,111,62,54,264,143,216,96,684,191,166,82,24,27,10,16
1400000US36081116301,"Census Tract 1163.01, Queens County, New York",Queens,3666,489,156,89,0,14,0,14,14,26,7,13,9,13,6,13,15,15,90,104,0,14,141,71,30,16,18,22,17,24,142,81,905,198,120,100,170,104,278,136,671,445,605,184,210,115,61,83,1,3
1400000US36081116302,"Census Tract 1163.02, Queens County, New York",Queens,2508,536,438,264,0,14,0,14,0,14,0,14,0,14,0,14,30,50,370,406,0,14,0,14,117,42,0,14,0,14,37,43,483,172,0,14,65,80,129,99,189,96,348,129,264,242,38,40,0,14
1400000US36081116700,"Census Tract 1167, Queens County, New York",Queens,1387,276,91,56,7,9,1,3,0,14,0,14,8,11,7,11,8,11,132,146,0,14,8,12,16,24,37,36,14,17,75,40,261,112,59,57,21,20,139,65,109,57,299,114,65,49,5,7,25,38
1400000US36081117100,"Census Tract 1171, Queens County, New York",Queens,1943,310,258,130,0,14,0,14,0,14,0,14,0,14,0,14,0,14,0,14,0,14,26,36,10,12,0,14,0,14,11,28,497,245,59,41,53,38,165,71,101,79,494,170,138,79,52,39,79,75
1400000US36081117500,"Census Tract 1175, Queens County, New York",Queens,3331,596,125,87,12,30,0,14,0,14,27,35,0,14,0,14,0,14,161,122,10,16,0,14,36,39,22,27,0,14,201,181,503,325,24,35,51,64,303,204,312,141,1200,220,225,129,119,116,0,14
1400000US36081118100,"Census Tract 1181, Queens County, New York",Queens,1521,204,39,30,9,12,0,14,6,9,0,14,4,6,0,14,0,14,19,20,5,9,0,14,6,9,3,5,13,14,29,29,347,120,71,56,44,25,99,42,156,94,394,71,192,75,71,36,14,14
1400000US36081118500,"Census Tract 1185, Queens County, New York",Queens,1534,267,89,62,0,14,0,14,0,14,0,14,25,29,0,14,0,14,31,48,0,14,33,39,89,73,58,63,8,12,34,28,340,115,64,72,136,74,96,58,121,53,353,103,56,34,0,14,1,3
1400000US36081118700,"Census Tract 1187, Queens County, New York",Queens,1921,318,202,98,0,14,24,33,0,14,0,14,8,11,0,14,0,14,13,17,12,20,32,38,114,67,10,17,22,30,47,36,612,208,116,131,56,35,88,49,128,79,208,90,198,95,24,20,7,12
1400000US36081118900,"Census Tract 1189, Queens County, New York",Queens,1790,446,144,75,0,14,0,14,0,14,0,14,0,14,0,14,54,48,8,11,23,32,0,14,21,27,0,14,1,3,35,30,369,138,80,52,63,40,155,89,251,114,196,91,325,350,33,31,32,38
1400000US36081119100,"Census Tract 1191, Queens County, New York",Queens,2551,461,104,77,0,14,0,14,0,14,0,14,12,18,0,14,17,25,22,33,0,14,0,14,39,63,19,29,52,69,50,60,1052,386,24,31,130,78,104,84,229,145,508,212,65,53,96,99,28,44
1400000US36081119300,"Census Tract 1193, Queens County, New York",Queens,1918,462,144,87,0,14,3,5,0,14,8,17,0,14,0,14,25,31,58,58,0,14,23,37,42,42,57,58,63,63,67,62,633,392,7,12,25,25,159,117,158,78,320,95,43,35,64,51,19,23
1400000US36081119500,"Census Tract 1195, Queens County, New York",Queens,978,148,97,62,1,3,0,14,0,14,0,14,0,14,0,14,11,16,42,46,24,25,0,14,3,5,0,14,6,8,81,56,193,74,59,61,48,30,77,59,42,29,145,56,85,36,51,43,13,15
1400000US36081119900,"Census Tract 1199, Queens County, New York",Queens,1311,281,221,167,0,14,0,14,0,14,64,105,0,14,1,4,0,14,1,3,0,14,0,14,9,14,0,14,31,45,15,28,297,110,13,14,6,10,214,98,105,55,192,66,119,71,16,22,7,11
1400000US36081120100,"Census Tract 1201, Queens County, New York",Queens,1250,295,130,65,0,14,0,14,0,14,0,14,9,15,0,14,11,13,36,30,24,33,7,12,50,55,0,14,7,12,61,35,240,118,0,14,25,24,99,58,124,64,307,164,78,60,34,39,8,13
1400000US36081120300,"Census Tract 1203, Queens County, New York",Queens,1226,198,182,115,0,14,23,31,0,14,0,14,29,28,0,14,15,22,61,88,0,14,20,32,22,24,0,14,0,14,90,81,282,144,48,59,51,41,50,36,62,57,128,79,116,70,36,38,11,17
1400000US36081120500,"Census Tract 1205, Queens County, New York",Queens,2089,388,219,111,0,14,0,14,0,14,11,18,15,20,0,14,20,32,26,24,0,14,29,36,35,40,31,36,0,14,77,46,680,214,50,31,33,34,33,22,306,189,362,143,137,74,6,10,19,26
1400000US36081120701,"Census Tract 1207.01, Queens County, New York",Queens,2529,667,114,45,0,14,0,14,0,14,5,8,0,14,0,14,33,47,18,21,23,28,4,6,0,14,0,14,13,14,142,82,801,450,125,76,61,34,169,69,225,159,463,126,309,105,7,10,17,16
1400000US36081120702,"Census Tract 1207.02, Queens County, New York",Queens,0,14,0,14,0,14,0,14,0,14,0,14,0,14,0,14,0,14,0,14,0,14,0,14,0,14,0,14,0,14,0,14,0,14,0,14,0,14,0,14,0,14,0,14,0,14,0,14,0,14
1400000US36081121100,"Census Tract 1211, Queens County, New York",Queens,0,14,0,14,0,14,0,14,0,14,0,14,0,14,0,14,0,14,0,14,0,14,0,14,0,14,0,14,0,14,0,14,0,14,0,14,0,14,0,14,0,14,0,14,0,14,0,14,0,14
1400000US36081121500,"Census Tract 1215, Queens County, New York",Queens,3125,511,244,143,0,14,0,14,0,14,0,14,0,14,10,16,32,38,115,102,82,103,0,14,29,45,37,44,30,32,266,176,618,183,152,73,57,33,320,190,274,115,577,134,254,162,28,25,0,14
1400000US36081122300,"Census Tract 1223, Queens County, New York",Queens,2360,515,276,165,0,14,0,14,0,14,0,14,0,14,0,14,0,14,53,59,0,14,37,37,22,24,36,44,57,96,65,48,640,416,38,34,104,60,218,172,249,115,329,107,177,84,26,25,33,33
1400000US36081122702,"Census Tract 1227.02, Queens County, New York",Queens,4062,647,346,197,0,19,0,19,0,19,0,19,0,19,0,19,0,19,35,59,23,46,163,170,0,19,75,69,200,237,172,107,875,287,139,118,338,182,251,158,453,283,545,259,447,357,0,19,0,19
1400000US36081122703,"Census Tract 1227.03, Queens County, New York",Queens,4535,478,76,72,0,19,0,19,0,19,0,19,3,19,0,19,0,19,26,42,30,34,216,179,26,42,0,19,19,31,355,273,576,235,153,116,528,282,578,228,601,416,1055,346,209,113,24,39,60,72
1400000US36081122704,"Census Tract 1227.04, Queens County, New York",Queens,3714,1077,194,89,0,19,0,19,5,16,0,19,0,19,0,19,12,19,0,19,0,19,252,378,0,19,76,119,0,19,28,39,1122,530,83,64,176,116,279,182,232,117,890,643,276,170,74,64,15,32
1400000US36081124100,"Census Tract 1241, Queens County, New York",Queens,3038,532,111,57,0,14,0,14,0,14,10,17,11,18,0,14,0,14,61,48,0,14,7,13,0,14,0,14,11,17,141,118,554,273,135,139,202,170,192,115,148,85,697,233,533,150,145,104,80,106
1400000US36081124700,"Census Tract 1247, Queens County, New York",Queens,2664,488,99,64,0,14,0,14,0,14,0,14,1,3,0,14,5,11,84,112,0,14,0,14,29,30,0,14,0,14,22,22,445,190,56,54,53,39,237,103,316,377,598,213,613,138,68,60,38,41
1400000US36081125700,"Census Tract 1257, Queens County, New York",Queens,2561,483,71,55,0,14,0,14,0,14,5,8,9,13,0,14,15,16,44,60,126,193,24,41,56,40,25,39,51,44,117,97,453,138,111,75,112,62,134,96,290,160,491,174,178,88,249,260,0,14
1400000US36081126500,"Census Tract 1265, Queens County, New York",Queens,1393,327,45,27,0,14,0,14,0,14,23,39,24,27,0,14,0,14,7,12,0,14,1,3,23,28,4,7,20,24,22,20,128,69,95,52,33,20,214,195,106,47,556,162,56,35,9,12,27,36
1400000US36081126700,"Census Tract 1267, Queens County, New York",Queens,1488,284,16,17,4,5,0,14,0,14,0,14,0,14,0,14,82,107,0,14,21,32,6,9,15,22,0,14,11,29,18,17,208,73,45,44,34,22,203,96,84,43,450,140,180,106,36,30,75,39
1400000US36081127700,"Census Tract 1277, Queens County, New York",Queens,2151,281,21,28,0,14,0,14,0,14,0,14,0,14,0,14,0,14,0,14,0,14,0,14,0,14,37,52,16,33,130,157,134,70,83,71,12,21,35,47,132,118,958,278,311,151,214,123,68,63
1400000US36081128300,"Census Tract 1283, Queens County, New York",Queens,0,14,0,14,0,14,0,14,0,14,0,14,0,14,0,14,0,14,0,14,0,14,0,14,0,14,0,14,0,14,0,14,0,14,0,14,0,14,0,14,0,14,0,14,0,14,0,14,0,14
1400000US36081129102,"Census Tract 1291.02, Queens County, New York",Queens,2625,466,63,46,0,14,0,14,0,14,0,14,0,14,0,14,0,14,0,14,0,14,0,14,0,14,0,14,0,14,37,33,289,172,61,62,62,47,224,152,127,95,914,184,465,179,196,98,187,97
1400000US36081129103,"Census Tract 1291.03, Queens County, New York",Queens,3057,345,124,98,6,11,0,14,0,14,0,14,0,14,0,14,0,14,0,14,0,14,0,14,16,28,8,16,79,97,0,14,348,135,133,117,128,80,273,137,340,144,969,308,496,147,121,112,16,26
1400000US36081129104,"Census Tract 1291.04, Queens County, New York",Queens,3306,328,212,205,10,15,13,22,0,14,10,19,0,14,0,14,0,14,0,14,0,14,20,22,38,58,11,18,1,2,50,39,380,116,76,53,150,89,254,108,189,89,1033,185,668,178,124,60,67,49
1400000US36081130100,"Census Tract 1301, Queens County, New York",Queens,3326,630,46,44,0,14,0,14,0,14,0,14,0,14,0,14,40,60,64,59,0,14,32,37,25,28,67,95,11,17,38,36,723,176,26,30,156,120,341,189,374,282,872,255,395,136,74,49,42,44
1400000US36081133300,"Census Tract 1333, Queens County, New York",Queens,2921,526,51,39,0,14,0,14,0,14,0,14,0,14,11,19,8,13,0,14,0,14,11,19,10,14,0,14,0,14,69,70,207,92,97,89,53,51,159,90,135,71,1351,399,469,143,186,138,104,66
1400000US36081133900,"Census Tract 1339, Queens County, New York",Queens,1048,137,35,23,0,14,0,14,0,14,0,14,0,14,0,14,21,30,10,16,0,14,19,25,0,14,20,25,0,14,42,36,158,64,11,17,15,21,98,49,39,24,382,112,142,56,53,40,3,5
1400000US36081134100,"Census Tract 1341, Queens County, New York",Queens,2209,445,139,72,0,14,0,14,0,14,0,14,0,14,0,14,0,14,11,17,0,14,66,61,114,130,33,50,25,30,56,50,631,305,0,14,53,39,155,74,129,90,497,195,199,79,93,66,8,13
1400000US36081134701,"Census Tract 1347.01, Queens County, New York",Queens,3437,435,110,87,0,14,0,14,0,14,0,14,0,14,0,14,0,14,0,14,0,14,53,50,0,14,1,2,20,33,0,14,261,161,50,58,197,137,292,145,274,176,1180,342,677,279,80,66,242,285
1400000US36081134702,"Census Tract 1347.02, Queens County, New York",Queens,3249,588,45,49,0,14,0,14,0,14,0,14,1,2,0,14,0,14,5,9,0,14,0,14,19,24,14,22,31,33,66,51,837,375,12,16,48,37,254,97,168,78,1060,492,526,144,133,94,30,29
1400000US36081136700,"Census Tract 1367, Queens County, New York",Queens,4423,831,386,207,0,19,0,19,0,19,0,19,0,19,0,19,0,19,12,18,0,19,0,19,13,27,0,19,0,19,147,85,930,295,119,90,75,54,395,163,160,100,1413,554,575,323,167,118,31,37
1400000US36081137700,"Census Tract 1377, Queens County, New York",Queens,4998,562,450,317,0,19,0,19,0,19,0,19,2,4,13,24,0,19,1,3,0,19,12,20,0,19,0,19,138,94,32,53,790,271,112,87,86,72,371,217,255,167,1546,338,885,328,208,104,97,105
1400000US36081138501,"Census Tract 1385.01, Queens County, New York",Queens,2864,457,60,41,0,14,0,14,0,14,0,14,24,38,0,14,0,14,0,14,24,26,122,109,13,20,0,14,9,14,182,105,614,256,39,37,96,70,215,119,127,69,842,245,365,153,84,58,48,49
1400000US36081138502,"Census Tract 1385.02, Queens County, New York",Queens,42,44,0,14,0,14,0,14,0,14,0,14,0,14,0,14,0,14,0,14,0,14,1,3,0,14,0,14,0,14,0,14,0,14,3,9,0,14,0,14,0,14,7,9,25,22,0,14,6,9
1400000US36081139900,"Census Tract 1399, Queens County, New York",Queens,1221,248,42,33,0,14,0,14,0,14,0,14,33,40,0,14,1,2,0,14,0,14,0,14,13,21,4,10,0,14,35,25,151,81,12,13,34,32,68,35,90,52,511,147,128,49,57,34,42,39
1400000US36081140300,"Census Tract 1403, Queens County, New York",Queens,1710,284,110,47,0,14,0,14,0,14,0,14,15,22,0,14,67,102,19,17,0,14,52,54,40,37,0,14,6,9,97,42,476,227,52,31,46,29,129,55,120,58,262,85,150,77,60,62,9,14
1400000US36081140901,"Census Tract 1409.01, Queens County, New York",Queens,688,323,60,39,0,14,0,14,0,14,0,14,0,14,0,14,5,8,0,14,0,14,1,3,0,14,0,14,5,7,21,23,134,85,4,7,10,10,212,306,29,18,119,43,65,28,23,15,0,14
1400000US36081140902,"Census Tract 1409.02, Queens County, New York",Queens,1870,211,202,139,0,14,0,14,0,14,0,14,0,14,0,14,10,11,24,27,0,14,30,22,4,7,13,16,19,25,49,41,314,84,49,33,57,33,99,55,146,64,449,94,309,142,70,46,26,18
1400000US36081141700,"Census Tract 1417, Queens County, New York",Queens,3314,488,209,108,0,14,0,14,0,14,0,14,0,14,18,30,0,14,67,57,22,26,13,23,81,51,51,54,38,55,82,64,710,291,72,58,83,61,314,158,272,140,812,198,388,161,40,35,42,32
1400000US36081142900,"Census Tract 1429, Queens County, New York",Queens,2679,363,134,97,0,14,31,45,0,14,0,14,48,51,0,14,19,27,181,96,0,14,70,51,38,58,15,24,31,26,101,61,694,347,36,29,71,65,66,49,203,100,489,197,269,108,127,62,56,57
1400000US36081143500,"Census Tract 1435, Queens County, New York",Queens,1729,317,76,45,0,14,0,14,0,14,0,14,0,14,5,8,0,14,6,9,8,11,8,13,23,25,0,14,25,29,73,46,326,127,58,37,55,29,106,55,121,46,577,238,139,48,101,57,22,19
1400000US36081144100,"Census Tract 1441, Queens County, New York",Queens,2235,391,142,94,0,14,0,14,0,14,0,14,0,14,0,14,0,14,10,16,0,14,12,19,13,21,0,14,0,14,58,49,352,139,24,24,105,64,137,80,135,80,585,137,519,276,108,52,35,38
1400000US36081144700,"Census Tract 1447, Queens County, New York",Queens,2459,385,232,149,2,5,8,14,0,14,0,14,0,14,0,14,0,14,0,14,3,6,0,14,0,14,1,5,10,14,97,68,501,106,75,71,142,73,474,227,205,144,442,137,247,93,1,3,19,25
1400000US36081145101,"Census Tract 1451.01, Queens County, New York",Queens,876,205,95,52,0,14,0,14,0,14,0,14,0,14,0,14,0,14,0,14,15,21,22,23,6,9,101,158,3,5,0,14,171,67,24,26,14,14,67,54,63,34,221,95,69,40,0,14,5,6
1400000US36081145102,"Census Tract 1451.02, Queens County, New York",Queens,1901,406,149,184,0,14,0,14,0,14,0,14,0,14,0,14,6,15,20,31,6,9,28,35,80,72,17,26,10,17,63,85,310,153,20,17,85,56,167,66,166,95,367,213,302,107,90,74,15,16
1400000US36081145900,"Census Tract 1459, Queens County, New York",Queens,2213,422,133,68,0,14,0,14,0,14,0,14,0,14,3,8,20,21,10,12,0,14,8,11,35,31,0,14,36,32,148,85,371,139,47,47,93,55,228,122,157,83,526,139,334,123,54,56,10,14
1400000US36081146300,"Census Tract 1463, Queens County, New York",Queens,2167,403,177,152,0,14,10,16,5,10,0,14,0,14,0,14,0,14,0,14,5,12,40,29,0,14,35,48,39,34,80,79,305,107,15,15,156,178,150,90,434,334,365,141,284,91,26,29,41,36
1400000US36081146700,"Census Tract 1467, Queens County, New York",Queens,2358,315,77,56,0,14,0,14,0,14,0,14,0,14,0,14,7,12,7,11,0,14,0,14,0,14,1,4,0,14,45,39,270,119,90,60,79,48,221,96,156,74,597,165,591,228,149,117,68,55
1400000US36081147100,"Census Tract 1471, Queens County, New York",Queens,2730,357,73,45,0,14,0,14,0,14,0,14,0,14,0,14,23,35,0,14,0,14,0,14,4,7,8,14,0,14,91,86,287,123,192,86,315,116,235,156,250,119,737,230,419,123,53,64,43,44
1400000US36081147900,"Census Tract 1479, Queens County, New York",Queens,3350,481,46,46,0,14,0,14,0,14,0,14,0,14,98,160,111,178,0,14,1,3,0,14,30,33,9,15,0,14,57,43,409,159,82,74,46,38,600,193,342,142,713,176,577,162,165,104,64,57
1400000US36081148300,"Census Tract 1483, Queens County, New York",Queens,2280,454,7,14,0,14,0,14,0,14,0,14,0,14,0,14,0,14,5,10,32,39,0,14,94,138,0,14,0,14,13,20,40,25,0,14,65,60,262,163,122,66,740,188,381,156,400,163,119,75
1400000US36081150701,"Census Tract 1507.01, Queens County, New York",Queens,2352,308,29,41,0,14,0,14,0,14,0,14,0,14,0,14,0,14,0,14,0,14,6,9,14,22,1,3,4,10,20,26,236,110,78,71,41,46,194,121,141,87,813,186,432,148,142,85,201,215
1400000US36081150702,"Census Tract 1507.02, Queens County, New York",Queens,2376,311,85,62,0,14,0,14,0,14,0,14,0,14,0,14,0,14,75,77,8,16,16,13,10,15,22,17,0,14,71,70,351,133,17,21,94,54,155,74,110,72,847,177,357,108,94,97,64,49
1400000US36081152901,"Census Tract 1529.01, Queens County, New York",Queens,4692,579,245,215,0,19,0,19,0,19,0,19,0,19,0,19,0,19,41,66,0,19,1,3,0,19,0,19,58,88,167,167,752,280,48,41,151,112,547,250,913,428,1122,293,460,166,171,118,16,26
1400000US36081152902,"Census Tract 1529.02, Queens County, New York",Queens,5339,966,67,68,0,19,0,19,0,19,0,19,0,19,0,19,0,19,0,19,0,19,89,84,0,19,0,19,0,19,84,79,655,245,53,40,304,144,591,228,369,287,1831,630,788,275,378,245,130,107
1400000US36081155101,"Census Tract 1551.01, Queens County, New York",Queens,2149,435,0,14,0,14,0,14,0,14,0,14,0,14,0,14,0,14,0,14,0,14,0,14,0,14,0,14,0,14,0,14,202,92,0,14,45,37,279,183,84,45,579,140,668,220,176,77,116,151
1400000US36081155103,"Census Tract 1551.03, Queens County, New York",Queens,3592,427,93,55,0,14,0,14,0,14,0,14,0,14,0,14,0,14,14,22,0,14,0,14,0,14,0,14,15,24,58,86,666,265,237,170,217,124,191,120,255,131,840,339,687,318,192,177,127,98
1400000US36081155104,"Census Tract 1551.04, Queens County, New York",Queens,2648,643,45,55,0,14,0,14,0,14,0,14,0,14,0,14,0,14,0,14,11,21,78,35,19,26,39,35,34,32,14,24,632,286,17,23,194,102,239,84,116,63,755,373,260,125,104,83,91,83
1400000US36081156700,"Census Tract 1567, Queens County, New York",Queens,1394,220,101,80,0,14,0,14,0,14,12,21,0,14,0,14,0,14,9,27,4,11,6,6,30,41,79,49,32,22,84,114,336,120,75,69,27,46,280,125,22,23,230,136,54,37,13,19,0,14
1400000US36081157101,"Census Tract 1571.01, Queens County, New York",Queens,6427,1115,98,108,0,19,0,19,0,19,91,95,0,19,0,19,105,91,0,19,26,42,46,77,71,95,133,154,1,4,138,106,1199,515,176,132,155,88,484,240,594,220,2196,624,765,302,109,87,40,45
1400000US36081157102,"Census Tract 1571.02, Queens County, New York",Queens,1362,306,21,29,0,14,0,14,0,14,0,14,0,14,0,14,0,14,25,24,8,14,11,13,7,16,40,34,0,14,83,58,357,149,120,89,56,41,103,47,57,28,329,135,112,52,23,22,10,15
1400000US36081157901,"Census Tract 1579.01, Queens County, New York",Queens,4353,875,404,437,0,19,16,26,0,19,0,19,0,19,0,19,12,18,0,19,25,28,13,20,14,21,177,127,0,19,344,278,324,124,44,38,231,164,249,101,218,130,1489,675,692,303,60,38,41,39
1400000US36081157902,"Census Tract 1579.02, Queens County, New York",Queens,2966,532,220,217,0,14,0,14,0,14,1,3,0,14,0,14,22,22,54,82,3,12,26,34,12,19,1,3,32,42,212,104,528,149,71,60,144,101,154,138,307,140,620,216,438,161,94,86,27,30
1400000US36081157903,"Census Tract 1579.03, Queens County, New York",Queens,2601,267,266,133,10,17,0,14,0,14,0,14,0,14,0,14,24,27,26,43,0,14,1,3,10,15,77,77,0,14,88,70,363,133,69,60,134,95,136,70,183,97,730,215,364,120,81,49,39,48
1400000US36081161700,"Census Tract 1617, Queens County, New York",Queens,3528,487,50,34,12,20,0,14,0,14,0,14,0,14,108,175,4,9,0,14,6,10,62,49,0,14,43,44,63,57,131,82,549,136,155,95,191,102,305,116,445,209,869,228,432,172,94,122,9,14
1400000US36081162100,"Census Tract 1621, Queens County, New York",Queens,4602,629,318,182,0,19,0,19,0,19,0,19,0,19,0,19,29,51,18,30,1,3,35,54,0,19,0,19,30,32,453,283,542,226,396,309,176,122,637,234,237,138,1090,279,601,262,26,34,13,21
1400000US36081990100,"Census Tract 9901, Queens County, New York",Queens,0,14,0,14,0,14,0,14,0,14,0,14,0,14,0,14,0,14,0,14,0,14,0,14,0,14,0,14,0,14,0,14,0,14,0,14,0,14,0,14,0,14,0,14,0,14,0,14,0,14
1400000US36085000300,"Census Tract 3, Richmond County, New York",Staten Island,1518,226,11,27,0,14,0,14,16,24,0,14,10,22,0,14,17,17,8,15,10,16,22,28,0,14,15,25,0,14,17,22,353,104,28,23,11,16,103,87,80,54,306,116,236,82,236,88,39,47
1400000US36085000600,"Census Tract 6, Richmond County, New York",Staten Island,2043,330,38,35,0,14,0,14,0,14,0,14,0,14,0,14,24,34,0,14,20,27,12,19,0,14,30,47,131,150,63,49,318,165,186,79,86,88,322,173,162,98,268,131,297,135,72,89,14,18
1400000US36085000700,"Census Tract 7, Richmond County, New York",Staten Island,3314,514,145,50,0,19,0,19,0,19,0,19,0,19,0,19,0,19,0,19,0,19,15,33,87,95,64,85,128,103,145,191,457,165,160,136,325,251,523,193,135,140,483,157,527,358,88,79,32,44
1400000US36085000800,"Census Tract 8, Richmond County, New York",Staten Island,3768,531,462,236,0,19,0,19,0,19,0,19,0,19,0,19,0,19,0,19,38,60,0,19,7,13,25,40,40,58,128,103,1307,448,304,182,69,102,282,194,372,173,499,238,212,112,23,29,0,19
1400000US36085000900,"Census Tract 9, Richmond County, New York",Staten Island,1373,240,57,73,0,14,0,14,0,14,0,14,0,14,0,14,0,14,0,14,0,14,29,31,0,14,0,14,21,27,11,17,309,129,131,94,63,37,128,68,48,32,242,84,256,89,40,38,38,39
1400000US36085001100,"Census Tract 11, Richmond County, New York",Staten Island,2724,392,226,147,0,14,0,14,0,14,0,14,0,14,32,56,0,14,33,54,29,35,14,38,50,51,106,124,124,116,170,145,583,240,120,103,107,97,335,114,251,142,375,130,102,72,37,48,30,30
1400000US36085001700,"Census Tract 17, Richmond County, New York",Staten Island,1193,260,13,14,0,14,0,14,0,14,0,14,0,14,4,7,0,14,0,14,0,14,3,6,10,20,0,14,0,14,17,16,231,98,73,53,58,45,105,51,135,82,306,131,128,75,96,67,14,20
1400000US36085001800,"Census Tract 18, Richmond County, New York",Staten Island,264,113,7,9,0,14,0,14,0,14,0,14,0,14,0,14,0,14,0,14,0,14,0,14,0,14,0,14,0,14,0,14,22,18,12,14,11,11,59,51,37,41,55,45,61,42,0,14,0,14
1400000US36085002001,"Census Tract 20.01, Richmond County, New York",Staten Island,2587,447,48,42,0,14,0,14,0,14,0,14,0,14,0,14,0,14,0,14,0,14,0,14,0,14,0,14,4,8,31,43,750,315,75,73,75,67,264,195,446,168,574,226,219,120,26,31,75,68
1400000US36085002002,"Census Tract 20.02, Richmond County, New York",Staten Island,2098,287,6,11,0,14,0,14,0,14,0,14,0,14,0,14,0,14,82,123,0,14,0,14,0,14,6,2,121,175,39,40,379,137,58,49,56,57,222,114,119,66,577,137,338,95,81,64,14,15
1400000US36085002100,"Census Tract 21, Richmond County, New York",Staten Island,3960,656,123,113,0,19,0,19,0,19,0,19,0,19,0,19,50,76,7,12,0,19,36,55,38,72,1,3,117,137,27,42,1283,346,448,228,105,62,265,181,107,81,725,415,468,226,65,77,95,85
1400000US36085002700,"Census Tract 27, Richmond County, New York",Staten Island,1786,359,25,31,0,14,0,14,0,14,19,62,10,19,66,67,14,22,20,24,58,100,65,46,20,21,55,31,84,96,25,28,850,178,121,93,56,59,64,42,58,61,159,55,9,15,8,16,0,14
1400000US36085002900,"Census Tract 29, Richmond County, New York",Staten Island,3314,503,155,123,0,19,0,19,0,19,0,19,55,80,13,30,0,19,0,19,0,19,27,43,0,19,188,159,128,116,337,175,509,211,565,260,111,82,680,247,153,113,233,141,160,101,0,19,0,19
1400000US36085003300,"Census Tract 33, Richmond County, New York",Staten Island,2562,363,53,38,0,14,0,14,0,14,0,14,0,14,17,28,0,14,50,40,0,14,18,28,0,14,0,14,0,14,77,80,531,250,160,91,41,35,388,198,250,141,524,203,266,114,72,56,115,102
1400000US36085003600,"Census Tract 36, Richmond County, New York",Staten Island,1891,285,145,70,0,14,0,14,0,14,0,14,0,14,0,14,8,13,0,14,0,14,22,23,19,22,97,118,0,14,53,51,649,166,84,63,96,79,97,61,45,29,336,178,128,67,74,63,38,29
1400000US36085003900,"Census Tract 39, Richmond County, New York",Staten Island,1653,180,76,86,0,14,0,14,0,14,0,14,0,14,0,14,0,14,0,14,0,14,8,15,0,14,0,14,13,26,2,8,156,85,35,33,71,53,215,122,93,52,446,106,287,120,55,35,196,130
1400000US36085004001,"Census Tract 40.01, Richmond County, New York",Staten Island,2136,740,106,67,0,14,0,14,0,14,55,62,0,14,0,14,7,10,31,31,0,14,26,26,3,5,38,52,42,44,99,67,394,250,90,63,8,16,168,89,57,59,869,696,35,28,56,43,52,37
1400000US36085004002,"Census Tract 40.02, Richmond County, New York",Staten Island,1767,237,40,39,0,14,0,14,0,14,0,14,0,14,0,14,1,11,28,38,1,2,23,24,12,19,75,112,25,35,83,50,561,147,54,58,76,60,228,123,112,51,310,96,43,37,22,24,73,71
1400000US36085004003,"Census Tract 40.03, Richmond County, New York",Staten Island,2203,375,28,42,0,14,0,14,0,14,35,55,0,14,73,117,38,50,14,35,87,97,59,73,46,61,84,68,176,123,25,31,623,250,184,107,256,195,109,91,76,73,241,124,49,80,0,14,0,14
1400000US36085004004,"Census Tract 40.04, Richmond County, New York",Staten Island,2789,885,243,223,0,14,0,14,0,14,0,14,0,14,0,14,16,17,16,27,0,14,78,111,23,41,164,243,6,11,79,54,624,248,388,252,265,218,177,176,65,54,490,220,70,72,85,123,0,14
1400000US36085004700,"Census Tract 47, Richmond County, New York",Staten Island,1746,277,40,55,0,14,0,14,0,14,0,14,0,14,0,14,0,14,4,11,0,14,0,14,0,14,0,14,12,22,47,68,275,180,130,93,257,146,226,77,119,114,309,145,246,120,68,73,13,22
1400000US36085005000,"Census Tract 50, Richmond County, New York",Staten Island,3284,402,266,233,0,14,0,14,0,14,0,14,0,14,12,20,5,10,9,14,0,14,0,14,10,15,0,14,72,98,98,74,962,343,133,140,107,75,234,109,201,116,637,217,431,212,93,50,14,23
1400000US36085005901,"Census Tract 59.01, Richmond County, New York",Staten Island,2472,459,29,41,0,14,0,14,28,34,0,14,0,14,0,14,0,14,0,14,0,14,0,14,22,26,0,14,24,30,48,59,697,262,20,23,157,140,110,69,163,114,643,253,287,136,126,95,118,88
1400000US36085005902,"Census Tract 59.02, Richmond County, New York",Staten Island,0,14,0,14,0,14,0,14,0,14,0,14,0,14,0,14,0,14,0,14,0,14,0,14,0,14,0,14,0,14,0,14,0,14,0,14,0,14,0,14,0,14,0,14,0,14,0,14,0,14
1400000US36085006400,"Census Tract 64, Richmond County, New York",Staten Island,2471,388,113,82,0,14,0,14,0,14,0,14,6,10,17,21,9,18,17,22,24,42,26,26,0,14,47,42,49,53,116,86,594,202,127,113,69,46,367,188,248,176,333,134,208,128,101,65,0,14
1400000US36085006700,"Census Tract 67, Richmond County, New York",Staten Island,2180,317,0,14,0,14,0,14,0,14,0,14,0,14,5,12,0,14,0,14,0,14,0,14,12,19,27,28,41,63,14,31,387,151,40,33,237,120,229,109,53,43,649,257,302,133,184,104,0,14
1400000US36085007001,"Census Tract 70.01, Richmond County, New York",Staten Island,2196,650,59,38,0,14,0,14,0,14,0,14,0,14,0,14,22,31,23,31,2,5,7,11,0,14,72,50,55,46,44,38,562,137,62,52,113,62,112,94,368,314,519,338,133,85,40,42,3,4
1400000US36085007002,"Census Tract 70.02, Richmond County, New York",Staten Island,4161,644,142,89,2,7,0,19,0,19,6,9,0,19,0,19,69,55,59,55,0,19,50,59,49,45,91,88,19,23,147,103,1329,389,140,99,234,125,453,207,558,281,474,156,292,141,24,33,23,39
1400000US36085007400,"Census Tract 74, Richmond County, New York",Staten Island,3505,546,249,201,0,14,0,14,12,19,5,10,0,14,0,14,38,57,67,65,0,14,7,12,77,90,19,33,26,27,96,64,1104,415,56,48,82,48,420,372,306,126,714,187,145,97,45,32,37,47
1400000US36085007500,"Census Tract 75, Richmond County, New York",Staten Island,2209,340,72,68,0,14,0,14,0,14,0,14,0,14,0,14,0,14,3,6,4,8,44,59,0,14,12,18,0,14,15,24,708,260,74,49,91,63,215,93,235,103,441,194,292,117,0,14,3,6
1400000US36085007700,"Census Tract 77, Richmond County, New York",Staten Island,1166,245,21,21,0,14,0,14,0,14,0,14,8,13,9,15,0,14,16,22,8,14,6,10,11,15,14,22,10,16,1,3,455,159,71,47,83,47,122,74,95,61,71,43,153,84,4,6,8,12
1400000US36085008100,"Census Tract 81, Richmond County, New York",Staten Island,3637,439,43,32,0,14,0,14,33,53,0,14,0,14,15,22,0,14,12,19,0,14,17,24,60,73,81,72,41,49,102,78,1228,410,61,46,94,64,617,203,302,182,492,175,337,131,53,44,49,44
1400000US36085009601,"Census Tract 96.01, Richmond County, New York",Staten Island,3278,442,114,58,0,14,0,14,0,14,22,4,6,13,6,11,28,44,38,17,0,14,71,65,0,14,47,78,28,24,79,79,826,204,80,55,81,58,315,119,190,99,718,202,233,130,185,88,211,195
1400000US36085009602,"Census Tract 96.02, Richmond County, New York",Staten Island,2837,400,142,84,0,14,0,14,0,14,42,35,0,14,0,14,44,41,0,14,43,36,64,61,65,56,0,14,0,14,104,66,685,201,81,75,41,31,583,261,102,60,414,131,245,134,138,67,44,54
1400000US36085009701,"Census Tract 97.01, Richmond County, New York",Staten Island,2956,359,87,80,0,14,0,14,0,14,0,14,0,14,0,14,0,14,0,14,0,14,0,14,43,66,13,22,54,84,172,144,677,277,206,108,89,77,523,178,152,87,486,185,371,112,30,28,53,65
1400000US36085009702,"Census Tract 97.02, Richmond County, New York",Staten Island,40,41,0,14,0,14,0,14,0,14,0,14,0,14,0,14,0,14,0,14,0,14,0,14,0,14,0,14,0,14,0,14,19,22,0,14,0,14,0,14,17,19,4,2,0,14,0,14,0,14
1400000US36085010500,"Census Tract 105, Richmond County, New York",Staten Island,3660,664,66,63,0,19,0,19,0,19,0,19,0,19,0,19,0,19,49,60,11,19,39,52,113,128,107,99,90,85,97,72,1037,471,265,161,77,61,398,177,211,109,541,160,347,134,116,79,96,85
1400000US36085011201,"Census Tract 112.01, Richmond County, New York",Staten Island,3926,522,273,236,0,19,0,19,0,19,0,19,0,19,5,12,85,109,12,20,0,19,63,55,41,57,31,38,88,98,103,61,761,195,129,91,467,217,142,81,233,107,895,232,519,294,79,74,0,19
1400000US36085011203,"Census Tract 112.03, Richmond County, New York",Staten Island,5073,773,436,294,126,129,0,19,0,19,0,19,0,19,0,19,74,106,0,19,0,19,56,71,0,19,42,44,0,19,250,158,2020,770,187,129,188,129,317,172,48,42,851,370,399,299,31,38,48,48
1400000US36085011204,"Census Tract 112.04, Richmond County, New York",Staten Island,64,85,0,14,0,14,0,14,0,14,0,14,0,14,0,14,0,14,0,14,0,14,0,14,0,14,19,26,0,14,0,14,16,21,0,14,0,14,0,14,29,38,0,14,0,14,0,14,0,14
1400000US36085011401,"Census Tract 114.01, Richmond County, New York",Staten Island,2279,428,130,95,0,14,0,14,0,14,2,4,0,14,0,14,54,75,0,14,76,115,43,49,61,57,0,14,0,14,223,142,621,261,27,40,113,117,262,133,99,103,268,145,99,66,187,101,14,24
1400000US36085011402,"Census Tract 114.02, Richmond County, New York",Staten Island,2411,333,36,24,0,14,0,14,0,14,0,14,0,14,0,14,9,14,11,16,0,14,0,14,0,14,139,165,43,56,49,37,557,162,86,70,141,97,242,119,34,26,754,208,259,132,51,53,0,14
1400000US36085012100,"Census Tract 121, Richmond County, New York",Staten Island,2333,548,11,13,0,14,0,14,0,14,3,5,0,14,0,14,0,14,0,14,12,20,5,11,0,14,0,14,2,8,33,41,407,221,45,36,121,73,297,113,314,270,545,144,443,112,57,67,38,50
1400000US36085012200,"Census Tract 122, Richmond County, New York",Staten Island,3025,382,133,98,0,14,0,14,0,14,6,12,0,14,0,14,9,13,12,22,0,14,0,14,0,14,14,29,0,14,117,88,640,205,354,152,57,42,262,120,185,91,694,232,475,221,67,47,0,14
1400000US36085012500,"Census Tract 125, Richmond County, New York",Staten Island,2258,318,40,36,0,14,0,14,0,14,2,3,0,14,0,14,26,34,13,21,36,54,28,33,0,14,0,14,35,50,77,54,519,183,134,138,74,50,262,121,119,61,593,144,241,87,9,12,50,59
1400000US36085012804,"Census Tract 128.04, Richmond County, New York",Staten Island,3554,586,367,294,0,14,12,17,0,14,0,14,0,14,0,14,110,59,108,156,0,14,0,14,26,19,2,4,2,4,75,69,734,251,154,97,353,105,421,218,285,142,591,202,273,128,30,37,11,18
1400000US36085012805,"Census Tract 128.05, Richmond County, New York",Staten Island,1695,386,90,61,11,13,0,14,0,14,0,14,0,14,0,14,8,12,0,14,0,14,11,19,0,14,90,151,0,14,11,13,372,137,98,112,82,57,157,77,112,61,408,123,197,101,42,42,6,9
1400000US36085012806,"Census Tract 128.06, Richmond County, New York",Staten Island,4312,528,384,230,0,19,0,19,0,19,2,3,0,19,0,19,0,19,14,22,0,19,15,24,37,41,0,19,69,105,225,148,1429,416,50,58,77,58,325,232,314,199,933,423,345,169,93,118,0,19
1400000US36085013201,"Census Tract 132.01, Richmond County, New York",Staten Island,1148,162,28,20,0,14,0,14,0,14,0,14,0,14,6,10,3,5,0,14,3,5,6,9,0,14,5,8,0,14,13,16,280,98,48,41,54,33,102,74,102,81,212,76,262,78,14,17,10,10
1400000US36085013203,"Census Tract 132.03, Richmond County, New York",Staten Island,5283,692,84,88,11,23,0,19,0,19,0,19,0,19,0,19,33,52,0,19,0,19,162,210,11,17,21,35,14,28,94,98,1584,359,145,113,409,219,507,227,300,178,1376,515,384,178,64,65,84,84
1400000US36085013204,"Census Tract 132.04, Richmond County, New York",Staten Island,3609,341,173,153,0,14,0,14,0,14,0,14,0,14,0,14,11,19,14,21,0,14,17,24,11,17,116,164,0,14,79,59,784,148,243,153,147,83,466,196,238,96,945,204,242,98,100,73,23,23
1400000US36085013301,"Census Tract 133.01, Richmond County, New York",Staten Island,678,114,0,14,0,14,0,14,0,14,0,14,22,29,17,23,27,33,22,29,15,21,15,19,56,46,11,19,0,14,14,23,209,113,95,54,40,48,57,51,49,41,15,17,8,13,6,10,0,14
1400000US36085013302,"Census Tract 133.02, Richmond County, New York",Staten Island,1980,562,83,122,0,14,0,14,0,14,0,14,0,14,0,14,0,14,91,66,0,14,0,14,0,14,91,77,49,41,68,68,608,213,152,115,29,40,168,193,175,81,196,111,256,276,14,3,0,14
1400000US36085013400,"Census Tract 134, Richmond County, New York",Staten Island,2653,305,115,55,0,14,0,14,0,14,0,14,0,14,24,33,0,14,23,36,3,6,0,14,73,79,70,81,7,13,41,39,529,170,40,44,142,111,272,125,158,70,727,213,329,135,92,77,8,15
1400000US36085013800,"Census Tract 138, Richmond County, New York",Staten Island,4806,693,79,60,0,19,0,19,0,19,0,19,0,19,17,28,0,19,0,19,0,19,0,19,0,19,73,84,0,19,27,33,1385,571,120,103,346,196,790,260,392,234,1024,275,488,259,46,47,19,30
1400000US36085014100,"Census Tract 141, Richmond County, New York",Staten Island,1872,304,110,72,0,14,3,6,0,14,0,14,3,7,0,14,2,8,15,15,7,14,0,14,76,78,18,21,10,16,16,25,318,89,80,53,181,147,218,88,257,144,316,121,232,86,10,12,0,14
1400000US36085014604,"Census Tract 146.04, Richmond County, New York",Staten Island,4783,762,99,84,0,19,0,19,0,19,0,19,0,19,19,30,10,16,10,17,0,19,45,56,0,19,86,91,38,55,83,68,1365,418,87,69,321,134,348,128,314,168,1034,307,871,501,42,43,11,17
1400000US36085014605,"Census Tract 146.05, Richmond County, New York",Staten Island,2933,490,46,31,0,14,0,14,0,14,0,14,0,14,0,14,0,14,0,14,0,14,0,14,0,14,10,17,53,61,48,48,855,221,66,63,159,91,322,172,275,160,713,184,364,178,0,14,22,26
1400000US36085014606,"Census Tract 146.06, Richmond County, New York",Staten Island,4544,667,26,30,0,19,0,19,0,19,5,8,0,19,0,19,17,26,0,19,0,19,0,19,32,49,46,54,120,133,83,68,895,284,79,72,191,104,611,251,601,299,1343,387,360,249,78,72,57,73
1400000US36085014607,"Census Tract 146.07, Richmond County, New York",Staten Island,3390,415,36,50,0,14,0,14,0,14,0,14,0,14,0,14,0,14,0,14,0,14,0,14,0,14,27,29,35,48,109,58,690,203,85,61,149,81,406,154,308,135,882,253,614,256,41,38,8,14
1400000US36085014608,"Census Tract 146.08, Richmond County, New York",Staten Island,2655,411,16,18,0,14,0,14,0,14,0,14,0,14,0,14,8,13,0,14,0,14,0,14,70,55,0,14,107,120,53,52,540,251,65,52,111,64,407,190,326,176,596,159,287,110,43,59,26,32
1400000US36085014700,"Census Tract 147, Richmond County, New York",Staten Island,2891,528,12,9,0,14,0,14,0,14,0,14,0,14,8,13,0,14,0,14,0,14,0,14,25,36,47,70,6,9,11,13,544,191,224,91,148,100,391,231,362,110,782,354,251,109,28,29,52,54
1400000US36085015100,"Census Tract 151, Richmond County, New York",Staten Island,3549,531,109,80,0,19,0,19,0,19,2,5,0,19,0,19,0,19,0,19,0,19,0,19,0,19,145,144,45,55,28,41,1038,329,112,67,242,163,281,140,354,210,612,173,481,180,35,39,65,60
1400000US36085015400,"Census Tract 154, Richmond County, New York",Staten Island,0,14,0,14,0,14,0,14,0,14,0,14,0,14,0,14,0,14,0,14,0,14,0,14,0,14,0,14,0,14,0,14,0,14,0,14,0,14,0,14,0,14,0,14,0,14,0,14,0,14
1400000US36085015601,"Census Tract 156.01, Richmond County, New York",Staten Island,4338,402,186,133,0,19,0,19,0,19,0,19,0,19,0,19,0,19,64,34,54,29,1,18,0,19,0,19,26,38,20,34,1386,348,105,83,206,123,368,222,333,195,990,284,338,229,105,80,156,118
1400000US36085015602,"Census Tract 156.02, Richmond County, New York",Staten Island,2466,316,59,70,0,14,0,14,0,14,0,14,0,14,0,14,21,34,0,14,0,14,0,14,8,14,0,14,12,19,49,46,502,162,51,42,277,161,183,80,240,129,651,183,345,142,61,79,7,14
1400000US36085015603,"Census Tract 156.03, Richmond County, New York",Staten Island,3811,502,83,60,10,15,0,19,0,19,0,19,42,50,39,46,0,19,51,57,0,19,43,57,41,47,10,11,0,19,59,49,1077,281,117,68,155,68,539,144,265,208,828,242,280,103,144,95,28,31
1400000US36085016901,"Census Tract 169.01, Richmond County, New York",Staten Island,2333,342,13,18,0,14,0,14,0,14,0,14,0,14,0,14,62,85,109,125,17,25,9,15,0,14,120,165,18,21,138,170,415,229,77,69,121,85,283,138,131,82,544,182,223,85,14,21,39,34
1400000US36085017005,"Census Tract 170.05, Richmond County, New York",Staten Island,3160,369,101,79,0,14,0,14,0,14,0,14,0,14,0,14,28,33,4,16,0,14,13,22,0,14,10,14,4,10,71,61,793,173,111,104,221,113,88,69,223,97,756,198,437,210,151,145,149,168
1400000US36085017007,"Census Tract 170.07, Richmond County, New York",Staten Island,4232,529,187,113,0,19,0,19,0,19,7,12,0,19,0,19,15,29,0,19,0,19,0,19,36,34,38,57,55,77,98,61,1038,279,147,101,252,90,437,179,257,120,1229,367,351,125,32,37,53,51
1400000US36085017009,"Census Tract 170.09, Richmond County, New York",Staten Island,3283,526,72,66,0,14,0,14,0,14,0,14,0,14,0,14,13,22,0,14,0,14,0,14,2,19,107,130,0,14,41,61,789,306,86,61,160,85,270,132,169,92,836,255,573,195,151,125,14,23
1400000US36085017011,"Census Tract 170.11, Richmond County, New York",Staten Island,3330,475,69,44,0,14,0,14,0,14,1,2,0,14,0,14,0,14,0,14,47,72,0,14,6,13,18,26,9,14,58,48,965,216,105,69,190,99,321,177,214,116,686,216,524,189,94,80,23,24
1400000US36085017012,"Census Tract 170.12, Richmond County, New York",Staten Island,3666,420,74,46,0,19,0,19,0,19,0,19,14,22,10,21,13,18,19,29,0,19,35,19,5,10,135,112,15,17,62,53,912,188,125,68,156,119,338,158,277,117,1167,331,261,93,35,32,13,15
1400000US36085017013,"Census Tract 170.13, Richmond County, New York",Staten Island,3258,652,229,248,0,14,0,14,0,14,0,14,0,14,1,3,0,14,41,38,0,14,38,44,0,14,133,95,77,69,64,66,659,243,184,117,91,59,518,447,138,86,753,241,316,116,0,14,16,26
1400000US36085017014,"Census Tract 170.14, Richmond County, New York",Staten Island,3320,499,116,79,0,14,0,14,0,14,0,14,0,14,0,14,8,14,57,87,0,14,0,14,0,14,85,98,0,14,139,157,778,249,166,109,107,65,206,121,476,215,700,233,429,205,37,39,16,20
1400000US36085017015,"Census Tract 170.15, Richmond County, New York",Staten Island,2255,481,15,19,0,14,0,14,0,14,0,14,0,14,0,14,0,14,0,14,0,14,0,14,0,14,0,14,15,31,15,17,375,123,0,14,120,101,579,265,85,50,554,281,461,220,21,35,15,22
1400000US36085017016,"Census Tract 170.16, Richmond County, New York",Staten Island,3256,416,70,74,7,13,0,14,0,14,0,14,0,14,0,14,0,14,1,4,7,11,37,43,14,19,2,7,0,14,64,43,952,252,88,57,179,109,351,180,226,169,859,233,374,153,0,14,25,26
1400000US36085017300,"Census Tract 173, Richmond County, New York",Staten Island,1898,287,152,85,4,6,0,14,0,14,0,14,0,14,0,14,6,9,0,14,2,5,6,21,105,99,102,105,15,16,69,52,510,103,76,50,60,41,223,105,65,39,283,73,184,88,27,25,9,13
1400000US36085017600,"Census Tract 176, Richmond County, New York",Staten Island,3502,449,29,27,0,19,0,19,0,19,0,19,0,19,0,19,1,3,0,19,0,19,0,19,36,52,0,19,22,17,131,112,974,202,79,74,125,70,319,223,281,142,890,221,505,172,90,74,20,26
1400000US36085017701,"Census Tract 177.01, Richmond County, New York",Staten Island,3021,442,66,79,0,14,0,14,0,14,0,14,0,14,0,14,36,56,0,14,2,5,0,14,0,14,13,19,0,14,10,18,391,180,49,50,142,126,64,60,234,133,1103,375,597,218,269,140,45,66
1400000US36085017702,"Census Tract 177.02, Richmond County, New York",Staten Island,1761,546,5,10,0,14,0,14,0,14,0,14,0,14,0,14,0,14,0,14,0,14,0,14,0,14,9,13,0,14,0,14,531,276,0,14,260,263,70,60,157,64,467,114,165,75,70,58,27,27
1400000US36085018100,"Census Tract 181, Richmond County, New York",Staten Island,2991,528,31,32,0,14,0,14,0,14,0,14,19,30,0,14,49,78,0,14,0,14,18,24,0,14,40,46,25,35,85,76,873,245,143,159,151,110,363,225,115,86,460,228,376,126,195,91,48,41
1400000US36085018701,"Census Tract 187.01, Richmond County, New York",Staten Island,1286,220,66,40,0,14,0,14,0,14,0,14,0,14,0,14,0,14,0,14,0,14,6,12,0,14,11,13,14,21,12,11,315,131,31,22,33,22,146,71,84,44,342,117,197,77,20,18,9,17
1400000US36085018703,"Census Tract 187.03, Richmond County, New York",Staten Island,2588,552,141,54,0,14,0,14,0,14,0,14,0,14,5,15,14,23,0,14,0,14,18,23,0,14,54,58,0,14,13,22,815,430,156,128,173,119,281,112,91,65,544,193,203,100,12,22,68,85
1400000US36085018704,"Census Tract 187.04, Richmond County, New York",Staten Island,2847,404,70,80,0,14,0,14,0,14,0,14,0,14,0,14,0,14,2,7,0,14,36,49,0,14,37,25,38,34,45,48,755,155,17,29,61,48,148,65,221,139,924,301,434,183,46,62,13,25
1400000US36085018901,"Census Tract 189.01, Richmond County, New York",Staten Island,3994,418,29,42,0,19,0,19,0,19,0,19,0,19,0,19,0,19,0,19,13,21,30,46,0,19,47,47,20,28,400,220,836,261,92,87,233,133,465,231,337,140,1013,288,321,137,108,119,50,52
1400000US36085018902,"Census Tract 189.02, Richmond County, New York",Staten Island,3158,599,168,109,0,19,0,19,0,19,0,19,0,19,0,19,0,19,0,19,88,104,0,19,0,19,12,17,46,49,98,60,681,266,57,45,105,88,495,237,118,71,891,254,317,99,82,57,0,19
1400000US36085019700,"Census Tract 197, Richmond County, New York",Staten Island,1424,225,84,76,0,14,0,14,0,14,0,14,0,14,0,14,0,14,0,14,0,14,0,14,1,3,0,14,8,12,9,12,187,66,46,22,33,30,192,52,192,166,414,102,230,66,12,14,16,17
1400000US36085019800,"Census Tract 198, Richmond County, New York",Staten Island,5094,910,22,35,0,19,0,19,0,19,0,19,0,19,0,19,0,19,0,19,0,19,0,19,0,19,83,113,18,26,21,33,1138,410,94,83,170,103,600,314,245,110,1147,434,1257,446,223,127,76,63
1400000US36085020100,"Census Tract 201, Richmond County, New York",Staten Island,2173,381,12,14,0,14,0,14,0,14,0,14,0,14,0,14,0,14,0,14,48,70,10,23,0,14,13,24,144,130,19,26,547,208,56,74,93,55,48,35,98,57,581,258,455,155,0,14,49,61
1400000US36085020701,"Census Tract 207.01, Richmond County, New York",Staten Island,2047,668,206,202,0,14,0,14,0,14,39,67,0,14,0,14,37,64,33,58,0,14,0,14,0,14,1,9,129,113,17,29,361,206,350,322,144,123,276,232,186,121,242,142,26,55,0,14,0,14
1400000US36085020702,"Census Tract 207.02, Richmond County, New York",Staten Island,1987,395,60,67,0,14,0,14,0,14,0,14,0,14,0,14,0,14,122,113,0,14,0,14,0,14,8,36,48,48,0,14,569,253,126,91,0,14,194,113,289,182,508,262,55,44,8,13,0,14
1400000US36085020803,"Census Tract 208.03, Richmond County, New York",Staten Island,4878,543,6,10,0,19,0,19,0,19,52,82,0,19,0,19,22,28,0,19,0,19,0,19,0,19,2,5,7,11,114,82,1440,554,92,67,338,142,466,220,294,157,1083,357,859,303,91,98,12,20
1400000US36085020804,"Census Tract 208.04, Richmond County, New York",Staten Island,3719,467,33,30,0,19,0,19,0,19,0,19,0,19,0,19,10,16,10,17,0,19,8,14,0,19,8,14,68,31,50,39,816,173,123,84,124,71,678,296,336,106,820,256,475,150,111,81,49,47
1400000US36085020805,"Census Tract 208.05, Richmond County, New York",Staten Island,4790,651,40,60,0,19,0,19,0,19,0,19,0,19,21,37,0,19,0,19,0,19,17,27,14,26,50,45,135,165,178,108,1097,340,271,230,223,100,563,222,422,216,1028,224,685,213,25,40,21,36
1400000US36085020806,"Census Tract 208.06, Richmond County, New York",Staten Island,1868,246,28,25,0,14,0,14,0,14,5,10,0,14,0,14,0,14,11,17,0,14,0,14,2,5,8,12,2,9,97,133,441,164,141,80,122,63,284,124,141,68,304,110,226,95,24,25,32,38
1400000US36085021300,"Census Tract 213, Richmond County, New York",Staten Island,3801,665,162,98,0,19,0,19,19,32,0,19,13,23,0,19,33,54,75,79,0,19,92,78,26,34,10,15,94,90,12,20,897,292,457,363,72,44,328,125,292,174,677,218,414,174,110,81,18,33
1400000US36085022300,"Census Tract 223, Richmond County, New York",Staten Island,2248,337,100,68,0,14,0,14,0,14,0,14,0,14,0,14,2,6,3,7,0,14,7,11,12,14,8,9,22,20,103,62,484,136,164,107,368,216,268,105,149,68,348,122,198,85,5,9,7,11
1400000US36085022601,"Census Tract 226.01, Richmond County, New York",Staten Island,5030,602,115,104,0,19,0,19,0,19,0,19,0,19,0,19,0,19,0,19,0,19,0,19,52,71,130,198,0,19,108,112,1438,465,191,134,163,103,479,292,479,266,1301,348,447,202,79,93,48,46
1400000US36085022602,"Census Tract 226.02, Richmond County, New York",Staten Island,1277,474,19,15,0,14,0,14,0,14,0,14,0,14,0,14,0,14,0,14,0,14,7,11,0,14,0,14,280,404,9,13,290,113,7,13,133,67,97,68,156,50,140,79,106,98,0,14,33,46
1400000US36085022801,"Census Tract 228.01, Richmond County, New York",Staten Island,37,26,0,14,0,14,0,14,0,14,0,14,0,14,0,14,0,14,0,14,0,14,0,14,0,14,0,14,0,14,0,14,15,11,0,14,5,7,6,8,5,7,0,14,6,9,0,14,0,14
1400000US36085022802,"Census Tract 228.02, Richmond County, New York",Staten Island,0,14,0,14,0,14,0,14,0,14,0,14,0,14,0,14,0,14,0,14,0,14,0,14,0,14,0,14,0,14,0,14,0,14,0,14,0,14,0,14,0,14,0,14,0,14,0,14,0,14
1400000US36085023100,"Census Tract 231, Richmond County, New York",Staten Island,3085,422,172,119,0,14,0,14,0,14,0,14,0,14,0,14,16,25,28,27,29,34,23,4,28,34,82,51,12,25,52,49,923,372,275,144,84,60,236,101,278,156,533,156,313,137,0,14,1,3
1400000US36085023900,"Census Tract 239, Richmond County, New York",Staten Island,2289,344,125,126,0,14,0,14,0,14,0,14,0,14,0,14,0,14,37,34,0,14,0,14,10,13,69,66,21,33,67,63,303,170,186,95,137,80,290,139,299,148,605,218,140,78,0,14,0,14
1400000US36085024401,"Census Tract 244.01, Richmond County, New York",Staten Island,4009,519,98,116,0,19,0,19,0,19,0,19,0,19,0,19,0,19,30,50,0,19,88,116,94,142,19,33,0,19,69,90,1087,224,85,96,297,117,532,242,152,103,906,280,472,249,80,88,0,19
1400000US36085024402,"Census Tract 244.02, Richmond County, New York",Staten Island,3539,553,52,38,0,19,0,19,0,19,0,19,0,19,0,19,44,56,0,19,0,19,0,19,0,19,71,91,9,17,63,66,783,210,114,66,193,143,225,122,410,144,873,304,543,186,134,86,25,29
1400000US36085024700,"Census Tract 247, Richmond County, New York",Staten Island,1917,246,67,45,0,14,0,14,0,14,0,14,0,14,0,14,0,14,30,25,0,14,29,23,6,10,6,10,5,7,41,30,657,175,164,90,85,59,193,86,132,50,273,105,229,99,0,14,0,14
1400000US36085024800,"Census Tract 248, Richmond County, New York",Staten Island,3296,350,50,45,0,14,0,14,0,14,8,12,0,14,21,35,0,14,0,14,0,14,0,14,8,10,18,28,24,31,28,30,585,168,198,117,280,171,317,158,354,129,757,292,494,190,127,91,27,33
1400000US36085025100,"Census Tract 251, Richmond County, New York",Staten Island,4712,687,1,6,0,19,0,19,0,19,0,19,17,36,40,55,0,19,0,19,0,19,23,32,0,19,2,5,12,18,183,135,1143,392,530,253,106,102,547,231,483,300,1051,389,482,199,28,42,64,79
1400000US36085027301,"Census Tract 273.01, Richmond County, New York",Staten Island,3283,438,130,36,0,14,0,14,0,14,0,14,3,7,3,8,0,14,0,14,0,14,13,21,0,14,36,35,51,74,46,42,1068,321,157,93,80,59,304,131,236,122,755,239,286,100,52,54,63,78
1400000US36085027302,"Census Tract 273.02, Richmond County, New York",Staten Island,2572,381,19,19,0,14,0,14,0,14,0,14,0,14,0,14,0,14,22,25,0,14,60,66,10,17,20,23,0,14,81,55,358,124,149,126,110,68,332,177,201,130,632,169,497,204,43,37,38,62
1400000US36085027702,"Census Tract 277.02, Richmond County, New York",Staten Island,4972,672,0,19,0,19,0,19,0,19,0,19,0,19,0,19,21,33,0,19,0,19,45,82,0,19,17,27,17,27,172,98,1116,323,88,115,368,246,385,201,618,269,1344,415,499,215,253,181,29,35
1400000US36085027704,"Census Tract 277.04, Richmond County, New York",Staten Island,3521,527,149,69,0,19,0,19,0,19,7,10,0,19,0,19,185,180,125,137,0,19,30,30,37,36,20,21,10,15,69,54,994,253,50,50,160,114,298,148,148,105,686,200,237,99,246,234,70,68
1400000US36085027705,"Census Tract 277.05, Richmond County, New York",Staten Island,4494,630,264,138,7,12,0,19,0,19,28,39,0,19,0,19,52,43,0,19,29,32,8,13,8,13,95,73,0,19,112,81,1233,353,87,56,246,113,459,170,217,89,1304,330,323,136,0,19,22,29
1400000US36085027706,"Census Tract 277.06, Richmond County, New York",Staten Island,2264,442,78,57,0,14,0,14,0,14,0,14,0,14,0,14,0,14,0,14,6,12,38,51,0,14,29,39,8,15,20,25,797,401,67,57,71,52,177,81,83,57,519,190,358,147,13,15,0,14
1400000US36085027900,"Census Tract 279, Richmond County, New York",Staten Island,1577,189,31,25,0,14,0,14,0,14,0,14,9,14,0,14,0,14,0,14,6,13,13,13,0,14,6,13,2,5,1,4,457,97,14,30,23,20,191,64,63,44,376,77,249,89,61,51,75,76
1400000US36085029102,"Census Tract 291.02, Richmond County, New York",Staten Island,2435,686,100,88,8,13,0,14,0,14,3,5,0,14,12,18,0,14,0,14,0,14,55,86,31,50,0,14,60,54,55,68,856,365,173,180,48,45,100,69,117,70,530,219,223,161,25,31,39,67
1400000US36085029104,"Census Tract 291.04, Richmond County, New York",Staten Island,5122,840,154,173,0,19,0,19,0,19,0,19,0,19,0,19,16,26,27,33,112,140,16,26,87,103,58,78,109,176,108,77,1616,468,134,122,269,166,864,442,210,122,867,248,423,148,31,53,21,26
1400000US36085029105,"Census Tract 291.05, Richmond County, New York",Staten Island,3189,421,52,46,0,14,19,28,0,14,0,14,0,14,12,20,12,19,55,62,0,14,0,14,78,117,9,17,14,25,83,72,699,170,50,40,81,65,621,338,117,84,800,257,347,139,109,91,31,38
1400000US36085029106,"Census Tract 291.06, Richmond County, New York",Staten Island,1924,274,9,16,0,14,0,14,0,14,0,14,0,14,0,14,0,14,0,14,0,14,21,33,0,14,12,19,0,14,57,50,527,116,149,77,79,64,186,94,203,114,421,172,235,102,25,33,0,14
1400000US36085030301,"Census Tract 303.01, Richmond County, New York",Staten Island,4036,578,243,208,0,19,0,19,0,19,3,6,0,19,0,19,0,19,0,19,0,19,21,23,0,19,38,37,79,91,105,64,1071,263,172,89,188,97,575,303,214,165,1040,260,268,114,0,19,19,29
1400000US36085030302,"Census Tract 303.02, Richmond County, New York",Staten Island,4290,509,88,69,0,19,0,19,0,19,0,19,0,19,0,19,39,53,17,34,10,16,0,19,109,102,0,19,35,47,165,124,1024,255,383,196,179,102,403,225,495,257,981,277,116,71,186,181,60,60
1400000US36085031901,"Census Tract 319.01, Richmond County, New York",Staten Island,2310,536,77,75,0,14,0,14,0,14,3,4,0,14,32,38,6,13,113,130,0,14,22,36,19,33,13,23,344,337,213,157,335,190,264,139,163,89,180,120,183,84,174,112,133,101,36,43,0,14
1400000US36085031902,"Census Tract 319.02, Richmond County, New York",Staten Island,3243,507,21,27,0,14,0,14,0,14,7,14,0,14,0,14,0,14,25,37,68,100,0,14,0,14,0,14,221,151,147,94,607,199,151,109,207,112,474,181,267,157,713,304,269,131,66,86,0,14
1400000US36085032300,"Census Tract 323, Richmond County, New York",Staten Island,830,193,69,55,0,14,0,14,0,14,0,14,0,14,0,14,0,14,5,9,0,14,1,5,24,32,0,14,8,14,10,15,238,83,18,18,6,7,77,37,65,40,167,59,142,171,0,14,0,14
1400000US36085990100,"Census Tract 9901, Richmond County, New York",Staten Island,0,14,0,14,0,14,0,14,0,14,0,14,0,14,0,14,0,14,0,14,0,14,0,14,0,14,0,14,0,14,0,14,0,14,0,14,0,14,0,14,0,14,0,14,0,14,0,14,0,14
