geoid,tract_name,borough,B19013_E001,B19013_M001
1400000US36005000100,"Census Tract 1, Bronx County, New York",Bronx,-666666666,-222222222
1400000US36005000200,"Census Tract 2, Bronx County, New York",Bronx,123729,13524
1400000US36005000400,"Census Tract 4, Bronx County, New York",Bronx,105924,38868
1400000US36005001600,"Census Tract 16, Bronx County, New York",Bronx,52147,12188
1400000US36005001901,"Census Tract 19.01, Bronx County, New York",Bronx,58083,19090
1400000US36005001902,"Census Tract 19.02, Bronx County, New York",Bronx,48953,3062
1400000US36005001903,"Census Tract 19.03, Bronx County, New York",Bronx,-666666666,-222222222
1400000US36005001904,"Census Tract 19.04, Bronx County, New York",Bronx,-666666666,-222222222
1400000US36005002001,"Census Tract 20.01, Bronx County, New York",Bronx,22311,9749
1400000US36005002002,"Census Tract 20.02, Bronx County, New York",Bronx,18649,6326
1400000US36005002300,"Census Tract 23, Bronx County, New York",Bronx,16332,5124
1400000US36005002400,"Census Tract 24, Bronx County, New York",Bronx,-666666666,-222222222
1400000US36005002500,"Census Tract 25, Bronx County, New York",Bronx,35582,6952
1400000US36005002701,"Census Tract 27.01, Bronx County, New York",Bronx,20266,4408
1400000US36005002702,"Census Tract 27.02, Bronx County, New York",Bronx,30895,10808
1400000US36005002800,"Census Tract 28, Bronx County, New York",Bronx,58068,23628
1400000US36005003100,"Census Tract 31, Bronx County, New York",Bronx,59297,25140
1400000US36005003300,"Census Tract 33, Bronx County, New York",Bronx,31289,26984
1400000US36005003500,"Census Tract 35, Bronx County, New York",Bronx,36569,2776
1400000US36005003700,"Census Tract 37, Bronx County, New York",Bronx,53029,15572
1400000US36005003800,"Census Tract 38, Bronx County, New York",Bronx,54214,32493
1400000US36005003900,"Census Tract 39, Bronx County, New York",Bronx,25625,18165
1400000US36005004001,"Census Tract 40.01, Bronx County, New York",Bronx,78935,18566
1400000US36005004100,"Census Tract 41, Bronx County, New York",Bronx,14592,3524
1400000US36005004200,"Census Tract 42, Bronx County, New York",Bronx,55404,11181
1400000US36005004300,"Census Tract 43, Bronx County, New York",Bronx,23393,23091
1400000US36005004400,"Census Tract 44, Bronx County, New York",Bronx,24375,10744
1400000US36005004600,"Census Tract 46, Bronx County, New York",Bronx,30714,15687
1400000US36005004800,"Census Tract 48, Bronx County, New York",Bronx,35870,17844
1400000US36005005001,"Census Tract 50.01, Bronx County, New York",Bronx,33632,8531
1400000US36005005002,"Census Tract 50.02, Bronx County, New York",Bronx,34688,7558
1400000US36005005100,"Census Tract 51, Bronx County, New York",Bronx,25851,5472
1400000US36005005200,"Census Tract 52, Bronx County, New York",Bronx,39743,19175
1400000US36005005300,"Census Tract 53, Bronx County, New York",Bronx,20608,7238
1400000US36005005400,"Census Tract 54, Bronx County, New York",Bronx,54884,19487
1400000US36005005600,"Census Tract 56, Bronx County, New York",Bronx,41684,14570
1400000US36005005902,"Census Tract 59.02, Bronx County, New York",Bronx,51364,21142
1400000US36005006000,"Census Tract 60, Bronx County, New York",Bronx,78269,32827
1400000US36005006100,"Census Tract 61, Bronx County, New York",Bronx,72123,23215
1400000US36005006200,"Census Tract 62, Bronx County, New York",Bronx,27453,8574
1400000US36005006301,"Census Tract 63.01, Bronx County, New York",Bronx,59924,15435
1400000US36005006302,"Census Tract 63.02, Bronx County, New York",Bronx,-666666666,-222222222
1400000US36005006400,"Census Tract 64, Bronx County, New York",Bronx,41429,9661
1400000US36005006500,"Census Tract 65, Bronx County, New York",Bronx,22740,14294
1400000US36005006700,"Census Tract 67, Bronx County, New York",Bronx,30191,14809
1400000US36005006800,"Census Tract 68, Bronx County, New York",Bronx,32550,8559
1400000US36005006900,"Census Tract 69, Bronx County, New York",Bronx,26608,7997
1400000US36005007000,"Census Tract 70, Bronx County, New York",Bronx,40417,28572
1400000US36005007100,"Census Tract 71, Bronx County, New York",Bronx,23148,12354
1400000US36005007200,"Census Tract 72, Bronx County, New York",Bronx,58244,15961
1400000US36005007300,"Census Tract 73, Bronx County, New York",Bronx,29978,8695
1400000US36005007400,"Census Tract 74, Bronx County, New York",Bronx,69363,35048
1400000US36005007500,"Census Tract 75, Bronx County, New York",Bronx,34259,8443
1400000US36005007600,"Census Tract 76, Bronx County, New York",Bronx,53320,18602
1400000US36005007700,"Census Tract 77, Bronx County, New York",Bronx,50733,9812
1400000US36005007800,"Census Tract 78, Bronx County, New York",Bronx,47216,6989
1400000US36005007900,"Census Tract 79, Bronx County, New York",Bronx,43081,18116
1400000US36005008300,"Census Tract 83, Bronx County, New York",Bronx,48634,9872
1400000US36005008400,"Census Tract 84, Bronx County, New York",Bronx,63631,24887
1400000US36005008500,"Census Tract 85, Bronx County, New York",Bronx,41535,15756
1400000US36005008600,"Census Tract 86, Bronx County, New York",Bronx,22671,10802
1400000US36005008700,"Census Tract 87, Bronx County, New York",Bronx,40188,5975
1400000US36005008900,"Census Tract 89, Bronx County, New York",Bronx,35914,7372
1400000US36005009000,"Census Tract 90, Bronx County, New York",Bronx,36806,18641
1400000US36005009200,"Census Tract 92, Bronx County, New York",Bronx,58717,13239
1400000US36005009301,"Census Tract 93.01, Bronx County, New York",Bronx,50962,12073
1400000US36005009302,"Census Tract 93.02, Bronx County, New York",Bronx,-666666666,-222222222
1400000US36005009600,"Census Tract 96, Bronx County, New York",Bronx,47212,12989
1400000US36005009800,"Census Tract 98, Bronx County, New York",Bronx,97896,66755
1400000US36005011000,"Census Tract 110, Bronx County, New York",Bronx,-666666666,-222222222
1400000US36005011502,"Census Tract 115.02, Bronx County, New York",Bronx,30922,8271
1400000US36005011701,"Census Tract 117.01, Bronx County, New York",Bronx,36857,8362
1400000US36005011702,"Census Tract 117.02, Bronx County, New York",Bronx,-666666666,-222222222
1400000US36005011800,"Census Tract 118, Bronx County, New York",Bronx,93319,33488
1400000US36005011900,"Census Tract 119, Bronx County, New York",Bronx,44122,23294
1400000US36005012101,"Census Tract 121.01, Bronx County, New York",Bronx,34464,15753
1400000US36005012102,"Census Tract 121.02, Bronx County, New York",Bronx,28200,10068
1400000US36005012300,"Census Tract 123, Bronx County, New York",Bronx,36435,12746
1400000US36005012500,"Census Tract 125, Bronx County, New York",Bronx,55772,13926
1400000US36005012701,"Census Tract 127.01, Bronx County, New York",Bronx,34688,12486
1400000US36005012901,"Census Tract 129.01, Bronx County, New York",Bronx,39409,25226
1400000US36005013000,"Census Tract 130, Bronx County, New York",Bronx,59595,26410
1400000US36005013100,"Census Tract 131, Bronx County, New York",Bronx,19760,7362
1400000US36005013200,"Census Tract 132, Bronx County, New York",Bronx,107563,21087
1400000US36005013300,"Census Tract 133, Bronx County, New York",Bronx,28560,14501
1400000US36005013500,"Census Tract 135, Bronx County, New York",Bronx,26125,12163
1400000US36005013800,"Census Tract 138, Bronx County, New York",Bronx,92567,39078
1400000US36005014100,"Census Tract 141, Bronx County, New York",Bronx,38816,8719
1400000US36005014300,"Census Tract 143, Bronx County, New York",Bronx,12367,4169
1400000US36005014400,"Census Tract 144, Bronx County, New York",Bronx,30288,16993
1400000US36005014500,"Census Tract 145, Bronx County, New York",Bronx,28104,11820
1400000US36005014701,"Census Tract 147.01, Bronx County, New York",Bronx,35277,31482
1400000US36005014702,"Census Tract 147.02, Bronx County, New York",Bronx,23825,16301
1400000US36005014900,"Census Tract 149, Bronx County, New York",Bronx,35982,9369
1400000US36005015100,"Census Tract 151, Bronx County, New York",Bronx,31298,13656
1400000US36005015200,"Census Tract 152, Bronx County, New York",Bronx,81875,12728
1400000US36005015300,"Census Tract 153, Bronx County, New York",Bronx,33028,12818
1400000US36005015500,"Census Tract 155, Bronx County, New York",Bronx,43913,13097
1400000US36005015700,"Census Tract 157, Bronx County, New York",Bronx,46504,11191
1400000US36005015800,"Census Tract 158, Bronx County, New York",Bronx,87656,22686
1400000US36005015900,"Census Tract 159, Bronx County, New York",Bronx,25686,5727
1400000US36005016000,"Census Tract 160, Bronx County, New York",Bronx,90221,27185
1400000US36005016100,"Census Tract 161, Bronx County, New York",Bronx,23210,7817
1400000US36005016200,"Census Tract 162, Bronx County, New York",Bronx,121645,31975
1400000US36005016300,"Census Tract 163, Bronx County, New York",Bronx,-666666666,-222222222
1400000US36005016400,"Census Tract 164, Bronx County, New York",Bronx,69057,15004
1400000US36005016500,"Census Tract 165, Bronx County, New York",Bronx,52446,41133
1400000US36005016600,"Census Tract 166, Bronx County, New York",Bronx,109519,11112
1400000US36005016700,"Census Tract 167, Bronx County, New York",Bronx,45363,9918
1400000US36005016900,"Census Tract 169, Bronx County, New York",Bronx,42168,18676
1400000US36005017100,"Census Tract 171, Bronx County, New York",Bronx,-666666666,-222222222
1400000US36005017300,"Census Tract 173, Bronx County, New York",Bronx,33269,30176
1400000US36005017500,"Census Tract 175, Bronx County, New York",Bronx,18474,16132
1400000US36005017701,"Census Tract 177.01, Bronx County, New York",Bronx,62126,12968
1400000US36005017702,"Census Tract 177.02, Bronx County, New York",Bronx,40125,13265
1400000US36005017901,"Census Tract 179.01, Bronx County, New York",Bronx,47778,11748
1400000US36005017902,"Census Tract 179.02, Bronx County, New York",Bronx,42870,6144
1400000US36005018101,"Census Tract 181.01, Bronx County, New York",Bronx,55664,19213
1400000US36005018102,"Census Tract 181.02, Bronx County, New York",Bronx,31618,20231
1400000US36005018301,"Census Tract 183.01, Bronx County, New York",Bronx,46389,9602
1400000US36005018302,"Census Tract 183.02, Bronx County, New York",Bronx,68627,14227
1400000US36005018400,"Census Tract 184, Bronx County, New York",Bronx,92273,30241
1400000US36005018501,"Census Tract 185.01, Bronx County, New York",Bronx,49444,23662
1400000US36005018502,"Census Tract 185.02, Bronx County, New York",Bronx,28963,9300
1400000US36005018900,"Census Tract 189, Bronx County, New York",Bronx,54056,9014
1400000US36005019300,"Census Tract 193, Bronx County, New York",Bronx,46794,16310
1400000US36005019400,"Census Tract 194, Bronx County, New York",Bronx,100950,14442
1400000US36005019500,"Census Tract 195, Bronx County, New York",Bronx,45661,12286
1400000US36005019700,"Census Tract 197, Bronx County, New York",Bronx,25439,10377
1400000US36005019900,"Census Tract 199, Bronx County, New York",Bronx,34311,15661
1400000US36005020000,"Census Tract 200, Bronx County, New York",Bronx,46622,5815
1400000US36005020100,"Census Tract 201, Bronx County, New York",Bronx,32692,7401
1400000US36005020200,"Census Tract 202, Bronx County, New York",Bronx,53491,8069
1400000US36005020400,"Census Tract 204, Bronx County, New York",Bronx,55947,13083
1400000US36005020501,"Census Tract 205.01, Bronx County, New York",Bronx,27349,21168
1400000US36005020502,"Census Tract 205.02, Bronx County, New York",Bronx,39688,14556
1400000US36005020601,"Census Tract 206.01, Bronx County, New York",Bronx,86701,34172
1400000US36005020900,"Census Tract 209, Bronx County, New York",Bronx,38333,11833
1400000US36005021001,"Census Tract 210.01, Bronx County, New York",Bronx,52629,20965
1400000US36005021002,"Census Tract 210.02, Bronx County, New York",Bronx,73188,24694
1400000US36005021100,"Census Tract 211, Bronx County, New York",Bronx,52128,13508
1400000US36005021200,"Census Tract 212, Bronx County, New York",Bronx,68926,30784
1400000US36005021301,"Census Tract 213.01, Bronx County, New York",Bronx,37171,22538
1400000US36005021302,"Census Tract 213.02, Bronx County, New York",Bronx,37049,7284
1400000US36005021501,"Census Tract 215.01, Bronx County, New York",Bronx,37171,9289
1400000US36005021502,"Census Tract 215.02, Bronx County, New York",Bronx,20415,11310
1400000US36005021601,"Census Tract 216.01, Bronx County, New York",Bronx,33990,11900
1400000US36005021602,"Census Tract 216.02, Bronx County, New York",Bronx,58569,5322
1400000US36005021700,"Census Tract 217, Bronx County, New York",Bronx,36195,8977
1400000US36005021800,"Census Tract 218, Bronx County, New York",Bronx,60108,22550
1400000US36005021900,"Census Tract 219, Bronx County, New York",Bronx,48444,15844
1400000US36005022000,"Census Tract 220, Bronx County, New York",Bronx,23910,17288
1400000US36005022101,"Census Tract 221.01, Bronx County, New York",Bronx,52176,13475
1400000US36005022102,"Census Tract 221.02, Bronx County, New York",Bronx,33614,9812
1400000US36005022200,"Census Tract 222, Bronx County, New York",Bronx,48110,11457
1400000US36005022300,"Census Tract 223, Bronx County, New York",Bronx,45257,14165
1400000US36005022401,"Census Tract 224.01, Bronx County, New York",Bronx,53398,10458
1400000US36005022403,"Census Tract 224.03, Bronx County, New York",Bronx,72143,21255
1400000US36005022404,"Census Tract 224.04, Bronx County, New York",Bronx,61760,13225
1400000US36005022500,"Census Tract 225, Bronx County, New York",Bronx,50243,11939
1400000US36005022701,"Census Tract 227.01, Bronx County, New York",Bronx,37828,10254
1400000US36005022702,"Census Tract 227.02, Bronx County, New York",Bronx,34145,15960
1400000US36005022703,"Census Tract 227.03, Bronx County, New York",Bronx,60694,29032
1400000US36005022800,"Census Tract 228, Bronx County, New York",Bronx,83859,30656
1400000US36005022901,"Census Tract 229.01, Bronx County, New York",Bronx,52222,19295
1400000US36005022902,"Census Tract 229.02, Bronx County, New York",Bronx,47833,14401
1400000US36005023000,"Census Tract 230, Bronx County, New York",Bronx,53826,12623
1400000US36005023100,"Census Tract 231, Bronx County, New York",Bronx,-666666666,-222222222
1400000US36005023200,"Census Tract 232, Bronx County, New York",Bronx,50893,21691
1400000US36005023301,"Census Tract 233.01, Bronx County, New York",Bronx,37936,15651
1400000US36005023302,"Census Tract 233.02, Bronx County, New York",Bronx,69030,27225
1400000US36005023501,"Census Tract 235.01, Bronx County, New York",Bronx,19940,16137
1400000US36005023502,"Census Tract 235.02, Bronx County, New York",Bronx,41780,24061
1400000US36005023600,"Census Tract 236, Bronx County, New York",Bronx,52368,38608
1400000US36005023702,"Census Tract 237.02, Bronx County, New York",Bronx,34922,22957
1400000US36005023703,"Census Tract 237.03, Bronx County, New York",Bronx,32892,19804
1400000US36005023704,"Census Tract 237.04, Bronx County, New York",Bronx,32228,8934
1400000US36005023800,"Census Tract 238, Bronx County, New York",Bronx,64408,17539
1400000US36005023900,"Census Tract 239, Bronx County, New York",Bronx,37543,21661
1400000US36005024000,"Census Tract 240, Bronx County, New York",Bronx,68832,29377
1400000US36005024100,"Census Tract 241, Bronx County, New York",Bronx,22361,19412
1400000US36005024300,"Census Tract 243, Bronx County, New York",Bronx,30446,11340
1400000US36005024400,"Census Tract 244, Bronx County, New York",Bronx,82083,22258
1400000US36005024501,"Census Tract 245.01, Bronx County, New York",Bronx,45900,9779
1400000US36005024502,"Census Tract 245.02, Bronx County, New York",Bronx,60221,23314
1400000US36005024600,"Census Tract 246, Bronx County, New York",Bronx,97115,17244
1400000US36005024700,"Census Tract 247, Bronx County, New York",Bronx,48906,19358
1400000US36005024800,"Census Tract 248, Bronx County, New York",Bronx,61210,16526
1400000US36005024900,"Census Tract 249, Bronx County, New York",Bronx,-666666666,-222222222
1400000US36005025000,"Census Tract 250, Bronx County, New York",Bronx,109896,63212
1400000US36005025100,"Census Tract 251, Bronx County, New York",Bronx,36845,11386
1400000US36005025200,"Census Tract 252, Bronx County, New York",Bronx,83688,25196
1400000US36005025300,"Census Tract 253, Bronx County, New York",Bronx,42976,15429
1400000US36005025400,"Census Tract 254, Bronx County, New York",Bronx,90108,13890
1400000US36005025500,"Census Tract 255, Bronx County, New York",Bronx,49159,31787
1400000US36005025600,"Census Tract 256, Bronx County, New York",Bronx,60815,11650
1400000US36005025700,"Census Tract 257, Bronx County, New York",Bronx,38667,30661
1400000US36005026100,"Census Tract 261, Bronx County, New York",Bronx,59242,30296
1400000US36005026300,"Census Tract 263, Bronx County, New York",Bronx,42100,11695
1400000US36005026400,"Census Tract 264, Bronx County, New York",Bronx,65337,29075
1400000US36005026500,"Census Tract 265, Bronx County, New York",Bronx,71688,11270
1400000US36005026601,"Census Tract 266.01, Bronx County, New York",Bronx,51042,13575
1400000US36005026602,"Census Tract 266.02, Bronx County, New York",Bronx,53969,11533
1400000US36005026701,"Census Tract 267.01, Bronx County, New York",Bronx,52286,9192
1400000US36005026702,"Census Tract 267.02, Bronx County, New York",Bronx,75924,36932
1400000US36005026900,"Census Tract 269, Bronx County, New York",Bronx,27569,14647
1400000US36005027300,"Census Tract 273, Bronx County, New York",Bronx,51730,13590
1400000US36005027401,"Census Tract 274.01, Bronx County, New York",Bronx,105346,36772
1400000US36005027402,"Census Tract 274.02, Bronx County, New York",Bronx,108235,23859
1400000US36005027600,"Census Tract 276, Bronx County, New York",Bronx,-666666666,-222222222
1400000US36005027700,"Census Tract 277, Bronx County, New York",Bronx,48750,32539
1400000US36005027900,"Census Tract 279, Bronx County, New York",Bronx,72721,9462
1400000US36005028100,"Census Tract 281, Bronx County, New York",Bronx,65982,22571
1400000US36005028300,"Census Tract 283, Bronx County, New York",Bronx,13796,3491
1400000US36005028400,"Census Tract 284, Bronx County, New York",Bronx,-666666666,-222222222
1400000US36005028500,"Census Tract 285, Bronx County, New York",Bronx,70659,15837
1400000US36005028600,"Census Tract 286, Bronx County, New York",Bronx,72692,46379
1400000US36005028700,"Census Tract 287, Bronx County, New York",Bronx,62500,23405
1400000US36005028800,"Census Tract 288, Bronx County, New York",Bronx,97969,18828
1400000US36005028900,"Census Tract 289, Bronx County, New York",Bronx,61797,11882
1400000US36005029301,"Census Tract 293.01, Bronx County, New York",Bronx,145951,18320
1400000US36005029302,"Census Tract 293.02, Bronx County, New York",Bronx,133102,24240
1400000US36005029500,"Census Tract 295, Bronx County, New York",Bronx,98125,20623
1400000US36005029600,"Census Tract 296, Bronx County, New York",Bronx,57474,6042
1400000US36005029700,"Census Tract 297, Bronx County, New York",Bronx,100548,27599
1400000US36005030000,"Census Tract 300, Bronx County, New York",Bronx,78155,14953
1400000US36005030100,"Census Tract 301, Bronx County, New York",Bronx,80357,16560
1400000US36005030201,"Census Tract 302.01, Bronx County, New York",Bronx,69500,15761
1400000US36005030202,"Census Tract 302.02, Bronx County, New York",Bronx,74044,18374
1400000US36005030701,"Census Tract 307.01, Bronx County, New York",Bronx,109890,20470
1400000US36005030900,"Census Tract 309, Bronx County, New York",Bronx,117333,49636
1400000US36005031000,"Census Tract 310, Bronx County, New York",Bronx,148168,33500
1400000US36005031200,"Census Tract 312, Bronx County, New York",Bronx,108056,40504
1400000US36005031400,"Census Tract 314, Bronx County, New York",Bronx,111800,22032
1400000US36005031600,"Census Tract 316, Bronx County, New York",Bronx,79263,27877
1400000US36005031800,"Census Tract 318, Bronx County, New York",Bronx,96000,19711
1400000US36005031900,"Census Tract 319, Bronx County, New York",Bronx,-666666666,-222222222
1400000US36005032300,"Census Tract 323, Bronx County, New York",Bronx,95556,22034
1400000US36005032400,"Census Tract 324, Bronx County, New York",Bronx,31489,11302
1400000US36005032600,"Census Tract 326, Bronx County, New York",Bronx,89323,34551
1400000US36005032800,"Census Tract 328, Bronx County, New York",Bronx,49720,7440
1400000US36005033000,"Census Tract 330, Bronx County, New York",Bronx,40133,19261
1400000US36005033201,"Census Tract 332.01, Bronx County, New York",Bronx,35360,12201
1400000US36005033202,"Census Tract 332.02, Bronx County, New York",Bronx,50245,13700
1400000US36005033400,"Census Tract 334, Bronx County, New York",Bronx,-666666666,-222222222
1400000US36005033500,"Census Tract 335, Bronx County, New York",Bronx,109867,9403
1400000US36005033601,"Census Tract 336.01, Bronx County, New York",Bronx,20765,8049
1400000US36005033602,"Census Tract 336.02, Bronx County, New York",Bronx,70475,26910
1400000US36005033700,"Census Tract 337, Bronx County, New York",Bronx,125273,52756
1400000US36005033801,"Census Tract 338.01, Bronx County, New York",Bronx,72725,12395
1400000US36005033802,"Census Tract 338.02, Bronx County, New York",Bronx,62153,19388
1400000US36005034000,"Census Tract 340, Bronx County, New York",Bronx,63500,18670
1400000US36005034200,"Census Tract 342, Bronx County, New York",Bronx,73298,6770
1400000US36005034300,"Census Tract 343, Bronx County, New York",Bronx,76940,31070
1400000US36005034400,"Census Tract 344, Bronx County, New York",Bronx,79167,19210
1400000US36005034500,"Census Tract 345, Bronx County, New York",Bronx,100539,12838
1400000US36005034800,"Census Tract 348, Bronx County, New York",Bronx,55700,27949
1400000US36005035000,"Census Tract 350, Bronx County, New York",Bronx,72778,16690
1400000US36005035100,"Census Tract 351, Bronx County, New York",Bronx,94948,44712
1400000US36005035600,"Census Tract 356, Bronx County, New York",Bronx,85962,28307
1400000US36005035800,"Census Tract 358, Bronx County, New York",Bronx,87553,19553
1400000US36005035900,"Census Tract 359, Bronx County, New York",Bronx,34472,12519
1400000US36005036000,"Census Tract 360, Bronx County, New York",Bronx,85708,15340
1400000US36005036100,"Census Tract 361, Bronx County, New York",Bronx,29250,20424
1400000US36005036300,"Census Tract 363, Bronx County, New York",Bronx,27273,10637
1400000US36005036400,"Census Tract 364, Bronx County, New York",Bronx,64850,21548
1400000US36005036501,"Census Tract 365.01, Bronx County, New York",Bronx,47739,6406
1400000US36005036502,"Census Tract 365.02, Bronx County, New York",Bronx,27110,9637
1400000US36005036700,"Census Tract 367, Bronx County, New York",Bronx,27465,9457
1400000US36005036800,"Census Tract 368, Bronx County, New York",Bronx,65781,28858
1400000US36005036901,"Census Tract 369.01, Bronx County, New York",Bronx,16232,7229
1400000US36005036902,"Census Tract 369.02, Bronx County, New York",Bronx,36484,12922
1400000US36005037000,"Census Tract 370, Bronx County, New York",Bronx,108523,43686
1400000US36005037100,"Census Tract 371, Bronx County, New York",Bronx,39932,17019
1400000US36005037200,"Census Tract 372, Bronx County, New York",Bronx,75224,9388
1400000US36005037300,"Census Tract 373, Bronx County, New York",Bronx,50000,17648
1400000US36005037400,"Census Tract 374, Bronx County, New York",Bronx,35785,11843
1400000US36005037504,"Census Tract 375.04, Bronx County, New York",Bronx,40219,14692
1400000US36005037600,"Census Tract 376, Bronx County, New York",Bronx,60288,11556
1400000US36005037800,"Census Tract 378, Bronx County, New York",Bronx,65964,20623
1400000US36005037900,"Census Tract 379, Bronx County, New York",Bronx,50250,20573
1400000US36005038000,"Census Tract 380, Bronx County, New York",Bronx,48073,9315
1400000US36005038100,"Census Tract 381, Bronx County, New York",Bronx,42015,11336
1400000US36005038200,"Census Tract 382, Bronx County, New York",Bronx,83125,41013
1400000US36005038301,"Census Tract 383.01, Bronx County, New York",Bronx,44040,13828
1400000US36005038303,"Census Tract 383.03, Bronx County, New York",Bronx,45258,13001
1400000US36005038304,"Census Tract 383.04, Bronx County, New York",Bronx,26842,15741
1400000US36005038500,"Census Tract 385, Bronx County, New York",Bronx,13554,4996
1400000US36005038600,"Census Tract 386, Bronx County, New York",Bronx,68481,20490
1400000US36005038700,"Census Tract 387, Bronx County, New York",Bronx,44982,16942
1400000US36005038800,"Census Tract 388, Bronx County, New York",Bronx,61000,12346
1400000US36005038900,"Census Tract 389, Bronx County, New York",Bronx,46471,15999
1400000US36005039000,"Census Tract 390, Bronx County, New York",Bronx,56563,32850
1400000US36005039100,"Census Tract 391, Bronx County, New York",Bronx,34663,16083
1400000US36005039200,"Census Tract 392, Bronx County, New York",Bronx,67917,14383
1400000US36005039300,"Census Tract 393, Bronx County, New York",Bronx,27776,8262
1400000US36005039400,"Census Tract 394, Bronx County, New York",Bronx,60373,20175
1400000US36005039500,"Census Tract 395, Bronx County, New York",Bronx,21674,19537
1400000US36005039600,"Census Tract 396, Bronx County, New York",Bronx,48798,10847
1400000US36005039700,"Census Tract 397, Bronx County, New York",Bronx,31964,22875
1400000US36005039800,"Census Tract 398, Bronx County, New York",Bronx,28491,18330
1400000US36005039901,"Census Tract 399.01, Bronx County, New York",Bronx,43503,2913
1400000US36005039902,"Census Tract 399.02, Bronx County, New York",Bronx,43491,13184
1400000US36005040100,"Census Tract 401, Bronx County, New York",Bronx,28649,6075
1400000US36005040302,"Census Tract 403.02, Bronx County, New York",Bronx,37756,21201
1400000US36005040303,"Census Tract 403.03, Bronx County, New York",Bronx,42750,8465
1400000US36005040304,"Census Tract 403.04, Bronx County, New York",Bronx,36913,6312
1400000US36005040400,"Census Tract 404, Bronx County, New York",Bronx,65451,22535
1400000US36005040501,"Census Tract 405.01, Bronx County, New York",Bronx,42386,12281
1400000US36005040502,"Census Tract 405.02, Bronx County, New York",Bronx,38884,8509
1400000US36005040600,"Census Tract 406, Bronx County, New York",Bronx,48857,8159
1400000US36005040701,"Census Tract 407.01, Bronx County, New York",Bronx,46188,12572
1400000US36005040702,"Census Tract 407.02, Bronx County, New York",Bronx,33946,6901
1400000US36005040800,"Census Tract 408, Bronx County, New York",Bronx,41555,11228
1400000US36005040900,"Census Tract 409, Bronx County, New York",Bronx,67793,20545
1400000US36005041100,"Census Tract 411, Bronx County, New York",Bronx,54219,28425
1400000US36005041300,"Census Tract 413, Bronx County, New York",Bronx,60254,17231
1400000US36005041400,"Census Tract 414, Bronx County, New York",Bronx,125302,68907
1400000US36005041500,"Census Tract 415, Bronx County, New York",Bronx,50579,16999
1400000US36005041800,"Census Tract 418, Bronx County, New York",Bronx,62567,11750
1400000US36005041900,"Census Tract 419, Bronx County, New York",Bronx,57079,14216
1400000US36005042000,"Census Tract 420, Bronx County, New York",Bronx,31776,16156
1400000US36005042100,"Census Tract 421, Bronx County, New York",Bronx,52824,17933
1400000US36005042200,"Census Tract 422, Bronx County, New York",Bronx,75201,35545
1400000US36005042300,"Census Tract 423, Bronx County, New York",Bronx,71422,22746
1400000US36005042400,"Census Tract 424, Bronx County, New York",Bronx,106468,25008
1400000US36005042500,"Census Tract 425, Bronx County, New York",Bronx,48280,15655
1400000US36005042600,"Census Tract 426, Bronx County, New York",Bronx,99764,38246
1400000US36005042800,"Census Tract 428, Bronx County, New York",Bronx,168646,112521
1400000US36005042901,"Census Tract 429.01, Bronx County, New York",Bronx,46779,17578
1400000US36005042902,"Census Tract 429.02, Bronx County, New York",Bronx,44663,12493
1400000US36005043000,"Census Tract 430, Bronx County, New York",Bronx,85074,22045
1400000US36005043101,"Census Tract 431.01, Bronx County, New York",Bronx,40089,18894
1400000US36005043102,"Census Tract 431.02, Bronx County, New York",Bronx,50926,18889
1400000US36005043400,"Census Tract 434, Bronx County, New York",Bronx,76036,36501
1400000US36005043501,"Census Tract 435.01, Bronx County, New York",Bronx,-666666666,-222222222
1400000US36005043502,"Census Tract 435.02, Bronx County, New York",Bronx,-666666666,-222222222
1400000US36005043503,"Census Tract 435.03, Bronx County, New York",Bronx,-666666666,-222222222
1400000US36005043600,"Census Tract 436, Bronx County, New York",Bronx,84735,20551
1400000US36005044200,"Census Tract 442, Bronx County, New York",Bronx,56434,55148
1400000US36005044400,"Census Tract 444, Bronx County, New York",Bronx,89615,58943
1400000US36005044800,"Census Tract 448, Bronx County, New York",Bronx,104094,28957
1400000US36005044901,"Census Tract 449.01, Bronx County, New York",Bronx,91419,13990
1400000US36005044902,"Census Tract 449.02, Bronx County, New York",Bronx,99297,18508
1400000US36005045101,"Census Tract 451.01, Bronx County, New York",Bronx,77246,19280
1400000US36005045102,"Census Tract 451.02, Bronx County, New York",Bronx,99395,5864
1400000US36005045600,"Census Tract 456, Bronx County, New York",Bronx,79386,12039
1400000US36005045800,"Census Tract 458, Bronx County, New York",Bronx,30453,8199
1400000US36005046000,"Census Tract 460, Bronx County, New York",Bronx,44355,10595
1400000US36005046203,"Census Tract 462.03, Bronx County, New York",Bronx,40755,10732
1400000US36005046204,"Census Tract 462.04, Bronx County, New York",Bronx,63652,16895
1400000US36005046205,"Census Tract 462.05, Bronx County, New York",Bronx,75679,19132
1400000US36005046206,"Census Tract 462.06, Bronx County, New York",Bronx,67234,12525
1400000US36005046207,"Census Tract 462.07, Bronx County, New York",Bronx,59838,22544
1400000US36005046208,"Census Tract 462.08, Bronx County, New York",Bronx,87061,32217
1400000US36005046209,"Census Tract 462.09, Bronx County, New York",Bronx,30185,24453
1400000US36005048401,"Census Tract 484.01, Bronx County, New York",Bronx,88862,17745
1400000US36005048402,"Census Tract 484.02, Bronx County, New York",Bronx,-666666666,-222222222
1400000US36005050400,"Census Tract 504, Bronx County, New York",Bronx,-666666666,-222222222
1400000US36005051601,"Census Tract 516.01, Bronx County, New York",Bronx,103125,43009
1400000US36005051602,"Census Tract 516.02, Bronx County, New York",Bronx,-666666666,-222222222
1400000US36047000100,"Census Tract 1, Kings County, New York",Brooklyn,178162,26387
1400000US36047000200,"Census Tract 2, Kings County, New York",Brooklyn,79375,19147
1400000US36047000301,"Census Tract 3.01, Kings County, New York",Brooklyn,185128,49511
1400000US36047000501,"Census Tract 5.01, Kings County, New York",Brooklyn,141364,44488
1400000US36047000502,"Census Tract 5.02, Kings County, New York",Brooklyn,168013,22843
1400000US36047000700,"Census Tract 7, Kings County, New York",Brooklyn,201827,72667
1400000US36047000900,"Census Tract 9, Kings County, New York",Brooklyn,205500,39244
1400000US36047001100,"Census Tract 11, Kings County, New York",Brooklyn,203958,64291
1400000US36047001300,"Census Tract 13, Kings County, New York",Brooklyn,139866,39564
1400000US36047001501,"Census Tract 15.01, Kings County, New York",Brooklyn,142560,37986
1400000US36047001502,"Census Tract 15.02, Kings County, New York",Brooklyn,138179,17075
1400000US36047001801,"Census Tract 18.01, Kings County, New York",Brooklyn,-666666666,-222222222
1400000US36047001802,"Census Tract 18.02, Kings County, New York",Brooklyn,-666666666,-222222222
1400000US36047001803,"Census Tract 18.03, Kings County, New York",Brooklyn,-666666666,-222222222
1400000US36047001804,"Census Tract 18.04, Kings County, New York",Brooklyn,-666666666,-222222222
1400000US36047002000,"Census Tract 20, Kings County, New York",Brooklyn,81458,16547
1400000US36047002100,"Census Tract 21, Kings County, New York",Brooklyn,250001,-333333333
1400000US36047002200,"Census Tract 22, Kings County, New York",Brooklyn,41852,14340
1400000US36047002300,"Census Tract 23, Kings County, New York",Brooklyn,34977,18244
1400000US36047002901,"Census Tract 29.01, Kings County, New York",Brooklyn,22855,8873
1400000US36047003000,"Census Tract 30, Kings County, New York",Brooklyn,130473,16352
1400000US36047003101,"Census Tract 31.01, Kings County, New York",Brooklyn,158500,38103
1400000US36047003102,"Census Tract 31.02, Kings County, New York",Brooklyn,-666666666,-222222222
1400000US36047003300,"Census Tract 33, Kings County, New York",Brooklyn,136217,53315
1400000US36047003400,"Census Tract 34, Kings County, New York",Brooklyn,113143,20523
1400000US36047003500,"Census Tract 35, Kings County, New York",Brooklyn,123417,24195
1400000US36047003600,"Census Tract 36, Kings County, New York",Brooklyn,91583,11681
1400000US36047003700,"Census Tract 37, Kings County, New York",Brooklyn,181404,24545
1400000US36047003800,"Census Tract 38, Kings County, New York",Brooklyn,135313,24462
1400000US36047003900,"Census Tract 39, Kings County, New York",Brooklyn,187273,62103
1400000US36047004100,"Census Tract 41, Kings County, New York",Brooklyn,229002,5146
1400000US36047004300,"Census Tract 43, Kings County, New York",Brooklyn,161875,29859
1400000US36047004400,"Census Tract 44, Kings County, New York",Brooklyn,142143,21896
1400000US36047004500,"Census Tract 45, Kings County, New York",Brooklyn,189833,51460
1400000US36047004600,"Census Tract 46, Kings County, New York",Brooklyn,134773,122253
1400000US36047004700,"Census Tract 47, Kings County, New York",Brooklyn,145341,35057
1400000US36047004900,"Census Tract 49, Kings County, New York",Brooklyn,166667,27430
1400000US36047005000,"Census Tract 50, Kings County, New York",Brooklyn,134013,39125
1400000US36047005100,"Census Tract 51, Kings County, New York",Brooklyn,178913,40021
1400000US36047005201,"Census Tract 52.01, Kings County, New York",Brooklyn,40789,38693
1400000US36047005202,"Census Tract 52.02, Kings County, New York",Brooklyn,107143,6810
1400000US36047005301,"Census Tract 53.01, Kings County, New York",Brooklyn,126071,24385
1400000US36047005302,"Census Tract 53.02, Kings County, New York",Brooklyn,139609,24715
1400000US36047005303,"Census Tract 53.03, Kings County, New York",Brooklyn,203750,64651
1400000US36047005400,"Census Tract 54, Kings County, New York",Brooklyn,85342,13116
1400000US36047005601,"Census Tract 56.01, Kings County, New York",Brooklyn,104598,33386
1400000US36047005602,"Census Tract 56.02, Kings County, New York",Brooklyn,96397,18376
1400000US36047005800,"Census Tract 58, Kings County, New York",Brooklyn,77648,12807
1400000US36047005900,"Census Tract 59, Kings County, New York",Brooklyn,110288,24838
1400000US36047006000,"Census Tract 60, Kings County, New York",Brooklyn,88542,23522
1400000US36047006200,"Census Tract 62, Kings County, New York",Brooklyn,83500,33005
1400000US36047006300,"Census Tract 63, Kings County, New York",Brooklyn,188519,14129
1400000US36047006400,"Census Tract 64, Kings County, New York",Brooklyn,98846,39488
1400000US36047006500,"Census Tract 65, Kings County, New York",Brooklyn,202355,59968
1400000US36047006600,"Census Tract 66, Kings County, New York",Brooklyn,98158,21376
1400000US36047006700,"Census Tract 67, Kings County, New York",Brooklyn,214931,78953
1400000US36047006800,"Census Tract 68, Kings County, New York",Brooklyn,80938,19431
1400000US36047006901,"Census Tract 69.01, Kings County, New York",Brooklyn,149936,54573
1400000US36047006902,"Census Tract 69.02, Kings County, New York",Brooklyn,226136,39133
1400000US36047007000,"Census Tract 70, Kings County, New York",Brooklyn,87198,29538
1400000US36047007100,"Census Tract 71, Kings County, New York",Brooklyn,53786,21948
1400000US36047007200,"Census Tract 72, Kings County, New York",Brooklyn,64000,30104
1400000US36047007400,"Census Tract 74, Kings County, New York",Brooklyn,73454,6404
1400000US36047007500,"Census Tract 75, Kings County, New York",Brooklyn,169375,65500
1400000US36047007600,"Census Tract 76, Kings County, New York",Brooklyn,73681,23693
1400000US36047007700,"Census Tract 77, Kings County, New York",Brooklyn,212827,26089
1400000US36047007800,"Census Tract 78, Kings County, New York",Brooklyn,79981,22078
1400000US36047008000,"Census Tract 80, Kings County, New York",Brooklyn,71250,24113
1400000US36047008200,"Census Tract 82, Kings County, New York",Brooklyn,53500,29580
1400000US36047008400,"Census Tract 84, Kings County, New York",Brooklyn,116100,29413
1400000US36047008500,"Census Tract 85, Kings County, New York",Brooklyn,27854,6610
1400000US36047008600,"Census Tract 86, Kings County, New York",Brooklyn,-666666666,-222222222
1400000US36047008800,"Census Tract 88, Kings County, New York",Brooklyn,95707,2994
1400000US36047009001,"Census Tract 90.01, Kings County, New York",Brooklyn,45945,8195
1400000US36047009002,"Census Tract 90.02, Kings County, New York",Brooklyn,62225,13957
1400000US36047009201,"Census Tract 92.01, Kings County, New York",Brooklyn,83824,51513
1400000US36047009202,"Census Tract 92.02, Kings County, New York",Brooklyn,53641,15556
1400000US36047009401,"Census Tract 94.01, Kings County, New York",Brooklyn,49620,12061
1400000US36047009402,"Census Tract 94.02, Kings County, New York",Brooklyn,85929,32583
1400000US36047009600,"Census Tract 96, Kings County, New York",Brooklyn,83664,4762
1400000US36047009800,"Census Tract 98, Kings County, New York",Brooklyn,60679,16626
1400000US36047010000,"Census Tract 100, Kings County, New York",Brooklyn,57881,30346
1400000US36047010100,"Census Tract 101, Kings County, New York",Brooklyn,136705,68668
1400000US36047010200,"Census Tract 102, Kings County, New York",Brooklyn,65668,21882
1400000US36047010401,"Census Tract 104.01, Kings County, New York",Brooklyn,56875,26642
1400000US36047010402,"Census Tract 104.02, Kings County, New York",Brooklyn,40255,16814
1400000US36047010601,"Census Tract 106.01, Kings County, New York",Brooklyn,45106,13178
1400000US36047010602,"Census Tract 106.02, Kings County, New York",Brooklyn,65372,14022
1400000US36047010801,"Census Tract 108.01, Kings County, New York",Brooklyn,66143,22126
1400000US36047010802,"Census Tract 108.02, Kings County, New York",Brooklyn,69479,26892
1400000US36047011000,"Census Tract 110, Kings County, New York",Brooklyn,86932,26783
1400000US36047011200,"Census Tract 112, Kings County, New York",Brooklyn,60348,14732
1400000US36047011400,"Census Tract 114, Kings County, New York",Brooklyn,74063,21586
1400000US36047011600,"Census Tract 116, Kings County, New York",Brooklyn,65551,26815
1400000US36047011700,"Census Tract 117, Kings County, New York",Brooklyn,153348,47763
1400000US36047011800,"Census Tract 118, Kings County, New York",Brooklyn,62273,29905
1400000US36047011901,"Census Tract 119.01, Kings County, New York",Brooklyn,165179,52158
1400000US36047011902,"Census Tract 119.02, Kings County, New York",Brooklyn,-666666666,-222222222
1400000US36047012000,"Census Tract 120, Kings County, New York",Brooklyn,72987,17856
1400000US36047012100,"Census Tract 121, Kings County, New York",Brooklyn,130357,21190
1400000US36047012200,"Census Tract 122, Kings County, New York",Brooklyn,54071,20110
1400000US36047012600,"Census Tract 126, Kings County, New York",Brooklyn,81477,21073
1400000US36047012700,"Census Tract 127, Kings County, New York",Brooklyn,63750,63662
1400000US36047012801,"Census Tract 128.01, Kings County, New York",Brooklyn,74306,21203
1400000US36047012901,"Census Tract 129.01, Kings County, New York",Brooklyn,250001,-333333333
1400000US36047012902,"Census Tract 129.02, Kings County, New York",Brooklyn,183510,25044
1400000US36047013000,"Census Tract 130, Kings County, New York",Brooklyn,78942,6643
1400000US36047013100,"Census Tract 131, Kings County, New York",Brooklyn,107083,47253
1400000US36047013200,"Census Tract 132, Kings County, New York",Brooklyn,81429,20011
1400000US36047013300,"Census Tract 133, Kings County, New York",Brooklyn,201298,30118
1400000US36047013400,"Census Tract 134, Kings County, New York",Brooklyn,99886,16046
1400000US36047013500,"Census Tract 135, Kings County, New York",Brooklyn,221920,36519
1400000US36047013600,"Census Tract 136, Kings County, New York",Brooklyn,88182,27626
1400000US36047013700,"Census Tract 137, Kings County, New York",Brooklyn,170600,14995
1400000US36047013800,"Census Tract 138, Kings County, New York",Brooklyn,112703,26001
1400000US36047013900,"Census Tract 139, Kings County, New York",Brooklyn,173378,22971
1400000US36047014000,"Census Tract 140, Kings County, New York",Brooklyn,61111,20894
1400000US36047014101,"Census Tract 141.01, Kings County, New York",Brooklyn,215104,44099
1400000US36047014102,"Census Tract 141.02, Kings County, New York",Brooklyn,113750,66538
1400000US36047014200,"Census Tract 142, Kings County, New York",Brooklyn,81250,21345
1400000US36047014300,"Census Tract 143, Kings County, New York",Brooklyn,119594,16020
1400000US36047014500,"Census Tract 145, Kings County, New York",Brooklyn,117800,32145
1400000US36047014700,"Census Tract 147, Kings County, New York",Brooklyn,162847,43648
1400000US36047014800,"Census Tract 148, Kings County, New York",Brooklyn,88787,16595
1400000US36047014901,"Census Tract 149.01, Kings County, New York",Brooklyn,166161,58665
1400000US36047014902,"Census Tract 149.02, Kings County, New York",Brooklyn,171346,80757
1400000US36047015000,"Census Tract 150, Kings County, New York",Brooklyn,63594,33774
1400000US36047015100,"Census Tract 151, Kings County, New York",Brooklyn,188866,27179
1400000US36047015200,"Census Tract 152, Kings County, New York",Brooklyn,92454,25640
1400000US36047015300,"Census Tract 153, Kings County, New York",Brooklyn,154286,36974
1400000US36047015400,"Census Tract 154, Kings County, New York",Brooklyn,-666666666,-222222222
1400000US36047015500,"Census Tract 155, Kings County, New York",Brooklyn,206176,48512
1400000US36047015700,"Census Tract 157, Kings County, New York",Brooklyn,209940,95646
1400000US36047015900,"Census Tract 159, Kings County, New York",Brooklyn,201858,31556
1400000US36047016000,"Census Tract 160, Kings County, New York",Brooklyn,83920,16836
1400000US36047016100,"Census Tract 161, Kings County, New York",Brooklyn,172234,33911
1400000US36047016200,"Census Tract 162, Kings County, New York",Brooklyn,100278,39022
1400000US36047016300,"Census Tract 163, Kings County, New York",Brooklyn,196630,32325
1400000US36047016400,"Census Tract 164, Kings County, New York",Brooklyn,106875,51825
1400000US36047016500,"Census Tract 165, Kings County, New York",Brooklyn,250001,-333333333
1400000US36047016600,"Census Tract 166, Kings County, New York",Brooklyn,114635,28523
1400000US36047016700,"Census Tract 167, Kings County, New York",Brooklyn,190125,65232
1400000US36047016800,"Census Tract 168, Kings County, New York",Brooklyn,118341,14336
1400000US36047016900,"Census Tract 169, Kings County, New York",Brooklyn,140727,53313
1400000US36047017000,"Census Tract 170, Kings County, New York",Brooklyn,102417,15251
1400000US36047017100,"Census Tract 171, Kings County, New York",Brooklyn,174646,53490
1400000US36047017200,"Census Tract 172, Kings County, New York",Brooklyn,136096,83997
1400000US36047017400,"Census Tract 174, Kings County, New York",Brooklyn,103594,41686
1400000US36047017500,"Census Tract 175, Kings County, New York",Brooklyn,-666666666,-222222222
1400000US36047017600,"Census Tract 176, Kings County, New York",Brooklyn,90833,23233
1400000US36047017700,"Census Tract 177, Kings County, New York",Brooklyn,-666666666,-222222222
1400000US36047017800,"Census Tract 178, Kings County, New York",Brooklyn,91923,19734
1400000US36047017900,"Census Tract 179, Kings County, New York",Brooklyn,103836,22143
1400000US36047018000,"Census Tract 180, Kings County, New York",Brooklyn,59936,15441
1400000US36047018100,"Census Tract 181, Kings County, New York",Brooklyn,175294,45767
1400000US36047018200,"Census Tract 182, Kings County, New York",Brooklyn,78750,18073
1400000US36047018300,"Census Tract 183, Kings County, New York",Brooklyn,194519,42232
1400000US36047018400,"Census Tract 184, Kings County, New York",Brooklyn,81467,22028
1400000US36047018501,"Census Tract 185.01, Kings County, New York",Brooklyn,44877,28847
1400000US36047018600,"Census Tract 186, Kings County, New York",Brooklyn,76667,15482
1400000US36047018700,"Census Tract 187, Kings County, New York",Brooklyn,139231,47319
1400000US36047018800,"Census Tract 188, Kings County, New York",Brooklyn,38227,28521
1400000US36047019000,"Census Tract 190, Kings County, New York",Brooklyn,48824,21926
1400000US36047019100,"Census Tract 191, Kings County, New York",Brooklyn,148929,37762
1400000US36047019200,"Census Tract 192, Kings County, New York",Brooklyn,72303,15169
1400000US36047019300,"Census Tract 193, Kings County, New York",Brooklyn,79505,6148
1400000US36047019400,"Census Tract 194, Kings County, New York",Brooklyn,66080,41601
1400000US36047019500,"Census Tract 195, Kings County, New York",Brooklyn,139329,27299
1400000US36047019600,"Census Tract 196, Kings County, New York",Brooklyn,74292,39134
1400000US36047019700,"Census Tract 197, Kings County, New York",Brooklyn,121235,15362
1400000US36047019800,"Census Tract 198, Kings County, New York",Brooklyn,78673,27430
1400000US36047019900,"Census Tract 199, Kings County, New York",Brooklyn,130688,11869
1400000US36047020000,"Census Tract 200, Kings County, New York",Brooklyn,98214,43631
1400000US36047020100,"Census Tract 201, Kings County, New York",Brooklyn,150978,40428
1400000US36047020200,"Census Tract 202, Kings County, New York",Brooklyn,79643,30566
1400000US36047020300,"Census Tract 203, Kings County, New York",Brooklyn,160795,30670
1400000US36047020400,"Census Tract 204, Kings County, New York",Brooklyn,143162,59985
1400000US36047020500,"Census Tract 205, Kings County, New York",Brooklyn,164926,24844
1400000US36047020600,"Census Tract 206, Kings County, New York",Brooklyn,87446,15684
1400000US36047020700,"Census Tract 207, Kings County, New York",Brooklyn,190843,41143
1400000US36047020800,"Census Tract 208, Kings County, New York",Brooklyn,65491,46583
1400000US36047021000,"Census Tract 210, Kings County, New York",Brooklyn,69970,17378
1400000US36047021100,"Census Tract 211, Kings County, New York",Brooklyn,85225,15184
1400000US36047021200,"Census Tract 212, Kings County, New York",Brooklyn,56250,16937
1400000US36047021300,"Census Tract 213, Kings County, New York",Brooklyn,82426,30728
1400000US36047021400,"Census Tract 214, Kings County, New York",Brooklyn,78214,23247
1400000US36047021500,"Census Tract 215, Kings County, New York",Brooklyn,151154,31466
1400000US36047021600,"Census Tract 216, Kings County, New York",Brooklyn,47950,18422
1400000US36047021700,"Census Tract 217, Kings County, New York",Brooklyn,112957,27684
1400000US36047021800,"Census Tract 218, Kings County, New York",Brooklyn,69291,42392
1400000US36047021900,"Census Tract 219, Kings County, New York",Brooklyn,122589,29249
1400000US36047022000,"Census Tract 220, Kings County, New York",Brooklyn,59395,25079
1400000US36047022100,"Census Tract 221, Kings County, New York",Brooklyn,87021,38653
1400000US36047022200,"Census Tract 222, Kings County, New York",Brooklyn,52361,14834
1400000US36047022400,"Census Tract 224, Kings County, New York",Brooklyn,56105,13604
1400000US36047022600,"Census Tract 226, Kings County, New York",Brooklyn,86655,24842
1400000US36047022700,"Census Tract 227, Kings County, New York",Brooklyn,119148,40698
1400000US36047022800,"Census Tract 228, Kings County, New York",Brooklyn,55898,40710
1400000US36047022900,"Census Tract 229, Kings County, New York",Brooklyn,139609,25289
1400000US36047023000,"Census Tract 230, Kings County, New York",Brooklyn,32725,8126
1400000US36047023100,"Census Tract 231, Kings County, New York",Brooklyn,160199,49685
1400000US36047023200,"Census Tract 232, Kings County, New York",Brooklyn,63094,9480
1400000US36047023300,"Census Tract 233, Kings County, New York",Brooklyn,78177,56953
1400000US36047023400,"Census Tract 234, Kings County, New York",Brooklyn,37587,14497
1400000US36047023500,"Census Tract 235, Kings County, New York",Brooklyn,111917,42334
1400000US36047023600,"Census Tract 236, Kings County, New York",Brooklyn,39479,13291
1400000US36047023800,"Census Tract 238, Kings County, New York",Brooklyn,43843,10683
1400000US36047024000,"Census Tract 240, Kings County, New York",Brooklyn,37833,23513
1400000US36047024100,"Census Tract 241, Kings County, New York",Brooklyn,141717,16938
1400000US36047024200,"Census Tract 242, Kings County, New York",Brooklyn,59276,10092
1400000US36047024300,"Census Tract 243, Kings County, New York",Brooklyn,122203,18685
1400000US36047024400,"Census Tract 244, Kings County, New York",Brooklyn,76417,32584
1400000US36047024500,"Census Tract 245, Kings County, New York",Brooklyn,103194,27630
1400000US36047024600,"Census Tract 246, Kings County, New York",Brooklyn,71711,14230
1400000US36047024700,"Census Tract 247, Kings County, New York",Brooklyn,57106,31214
1400000US36047024800,"Census Tract 248, Kings County, New York",Brooklyn,79340,19470
1400000US36047024900,"Census Tract 249, Kings County, New York",Brooklyn,84746,17416
1400000US36047025000,"Census Tract 250, Kings County, New York",Brooklyn,51250,36981
1400000US36047025100,"Census Tract 251, Kings County, New York",Brooklyn,58856,16251
1400000US36047025200,"Census Tract 252, Kings County, New York",Brooklyn,54012,7947
1400000US36047025300,"Census Tract 253, Kings County, New York",Brooklyn,115700,40667
1400000US36047025400,"Census Tract 254, Kings County, New York",Brooklyn,89021,13089
1400000US36047025500,"Census Tract 255, Kings County, New York",Brooklyn,26906,9855
1400000US36047025600,"Census Tract 256, Kings County, New York",Brooklyn,71250,20848
1400000US36047025700,"Census Tract 257, Kings County, New York",Brooklyn,88750,27465
1400000US36047025800,"Census Tract 258, Kings County, New York",Brooklyn,67167,20792
1400000US36047025901,"Census Tract 259.01, Kings County, New York",Brooklyn,90000,27178
1400000US36047025902,"Census Tract 259.02, Kings County, New York",Brooklyn,-666666666,-222222222
1400000US36047026000,"Census Tract 260, Kings County, New York",Brooklyn,68043,21464
1400000US36047026100,"Census Tract 261, Kings County, New York",Brooklyn,103274,37370
1400000US36047026200,"Census Tract 262, Kings County, New York",Brooklyn,99750,45534
1400000US36047026300,"Census Tract 263, Kings County, New York",Brooklyn,85546,15674
1400000US36047026400,"Census Tract 264, Kings County, New York",Brooklyn,69808,9565
1400000US36047026500,"Census Tract 265, Kings County, New York",Brooklyn,82088,25908
1400000US36047026600,"Census Tract 266, Kings County, New York",Brooklyn,47544,22699
1400000US36047026700,"Census Tract 267, Kings County, New York",Brooklyn,150386,18152
1400000US36047026800,"Census Tract 268, Kings County, New York",Brooklyn,90442,9105
1400000US36047026900,"Census Tract 269, Kings County, New York",Brooklyn,96006,12665
1400000US36047027000,"Census Tract 270, Kings County, New York",Brooklyn,62083,11783
1400000US36047027100,"Census Tract 271, Kings County, New York",Brooklyn,84412,33996
1400000US36047027200,"Census Tract 272, Kings County, New York",Brooklyn,59802,34359
1400000US36047027300,"Census Tract 273, Kings County, New York",Brooklyn,122093,36355
1400000US36047027400,"Census Tract 274, Kings County, New York",Brooklyn,49800,17306
1400000US36047027500,"Census Tract 275, Kings County, New York",Brooklyn,84756,14169
1400000US36047027600,"Census Tract 276, Kings County, New York",Brooklyn,63447,13801
1400000US36047027700,"Census Tract 277, Kings County, New York",Brooklyn,61042,45942
1400000US36047027800,"Census Tract 278, Kings County, New York",Brooklyn,68792,8828
1400000US36047027900,"Census Tract 279, Kings County, New York",Brooklyn,91771,59336
1400000US36047028000,"Census Tract 280, Kings County, New York",Brooklyn,95208,42428
1400000US36047028100,"Census Tract 281, Kings County, New York",Brooklyn,45850,13446
1400000US36047028200,"Census Tract 282, Kings County, New York",Brooklyn,52926,7676
1400000US36047028300,"Census Tract 283, Kings County, New York",Brooklyn,53040,11251
1400000US36047028400,"Census Tract 284, Kings County, New York",Brooklyn,59954,10236
1400000US36047028501,"Census Tract 285.01, Kings County, New York",Brooklyn,57969,37889
1400000US36047028502,"Census Tract 285.02, Kings County, New York",Brooklyn,14944,11887
1400000US36047028600,"Census Tract 286, Kings County, New York",Brooklyn,47923,9814
1400000US36047028700,"Census Tract 287, Kings County, New York",Brooklyn,106462,29722
1400000US36047028800,"Census Tract 288, Kings County, New York",Brooklyn,77042,30276
1400000US36047028900,"Census Tract 289, Kings County, New York",Brooklyn,50152,38187
1400000US36047029000,"Census Tract 290, Kings County, New York",Brooklyn,62731,27900
1400000US36047029100,"Census Tract 291, Kings County, New York",Brooklyn,88153,28002
1400000US36047029200,"Census Tract 292, Kings County, New York",Brooklyn,55653,7464
1400000US36047029300,"Census Tract 293, Kings County, New York",Brooklyn,36833,20886
1400000US36047029400,"Census Tract 294, Kings County, New York",Brooklyn,91544,43358
1400000US36047029500,"Census Tract 295, Kings County, New York",Brooklyn,94227,16130
1400000US36047029600,"Census Tract 296, Kings County, New York",Brooklyn,66349,20325
1400000US36047029700,"Census Tract 297, Kings County, New York",Brooklyn,70536,28116
1400000US36047029800,"Census Tract 298, Kings County, New York",Brooklyn,61059,12077
1400000US36047029900,"Census Tract 299, Kings County, New York",Brooklyn,65433,37415
1400000US36047030000,"Census Tract 300, Kings County, New York",Brooklyn,73981,25971
1400000US36047030100,"Census Tract 301, Kings County, New York",Brooklyn,98438,38590
1400000US36047030200,"Census Tract 302, Kings County, New York",Brooklyn,76005,15422
1400000US36047030300,"Census Tract 303, Kings County, New York",Brooklyn,43275,9387
1400000US36047030400,"Census Tract 304, Kings County, New York",Brooklyn,68581,21651
1400000US36047030500,"Census Tract 305, Kings County, New York",Brooklyn,122353,19073
1400000US36047030600,"Census Tract 306, Kings County, New York",Brooklyn,65985,20098
1400000US36047030700,"Census Tract 307, Kings County, New York",Brooklyn,50049,16467
1400000US36047030800,"Census Tract 308, Kings County, New York",Brooklyn,50865,17574
1400000US36047030900,"Census Tract 309, Kings County, New York",Brooklyn,66889,11637
1400000US36047031100,"Census Tract 311, Kings County, New York",Brooklyn,106845,35925
1400000US36047031300,"Census Tract 313, Kings County, New York",Brooklyn,105407,24289
1400000US36047031401,"Census Tract 314.01, Kings County, New York",Brooklyn,101193,19833
1400000US36047031402,"Census Tract 314.02, Kings County, New York",Brooklyn,-666666666,-222222222
1400000US36047031500,"Census Tract 315, Kings County, New York",Brooklyn,100899,18841
1400000US36047031701,"Census Tract 317.01, Kings County, New York",Brooklyn,101806,31840
1400000US36047031702,"Census Tract 317.02, Kings County, New York",Brooklyn,115512,12001
1400000US36047031900,"Census Tract 319, Kings County, New York",Brooklyn,90357,16637
1400000US36047032100,"Census Tract 321, Kings County, New York",Brooklyn,86685,18055
1400000US36047032300,"Census Tract 323, Kings County, New York",Brooklyn,83815,32848
1400000US36047032500,"Census Tract 325, Kings County, New York",Brooklyn,94328,9456
1400000US36047032600,"Census Tract 326, Kings County, New York",Brooklyn,49911,12578
1400000US36047032700,"Census Tract 327, Kings County, New York",Brooklyn,82554,11096
1400000US36047032800,"Census Tract 328, Kings County, New York",Brooklyn,53526,25609
1400000US36047032900,"Census Tract 329, Kings County, New York",Brooklyn,92193,30835
1400000US36047033000,"Census Tract 330, Kings County, New York",Brooklyn,23583,9381
1400000US36047033100,"Census Tract 331, Kings County, New York",Brooklyn,44347,18383
1400000US36047033300,"Census Tract 333, Kings County, New York",Brooklyn,103333,46582
1400000US36047033500,"Census Tract 335, Kings County, New York",Brooklyn,102188,20715
1400000US36047033600,"Census Tract 336, Kings County, New York",Brooklyn,76719,26942
1400000US36047033701,"Census Tract 337.01, Kings County, New York",Brooklyn,93620,32348
1400000US36047033702,"Census Tract 337.02, Kings County, New York",Brooklyn,87165,13993
1400000US36047033900,"Census Tract 339, Kings County, New York",Brooklyn,61979,19728
1400000US36047034000,"Census Tract 340, Kings County, New York",Brooklyn,32983,16295
1400000US36047034100,"Census Tract 341, Kings County, New York",Brooklyn,95300,50952
1400000US36047034200,"Census Tract 342, Kings County, New York",Brooklyn,22872,8653
1400000US36047034300,"Census Tract 343, Kings County, New York",Brooklyn,28750,20200
1400000US36047034500,"Census Tract 345, Kings County, New York",Brooklyn,81850,13167
1400000US36047034700,"Census Tract 347, Kings County, New York",Brooklyn,42457,30797
1400000US36047034800,"Census Tract 348, Kings County, New York",Brooklyn,53710,21912
1400000US36047034901,"Census Tract 349.01, Kings County, New York",Brooklyn,82521,46972
1400000US36047034902,"Census Tract 349.02, Kings County, New York",Brooklyn,34381,16541
1400000US36047035000,"Census Tract 350, Kings County, New York",Brooklyn,56891,10113
1400000US36047035101,"Census Tract 351.01, Kings County, New York",Brooklyn,53626,10476
1400000US36047035102,"Census Tract 351.02, Kings County, New York",Brooklyn,70030,23894
1400000US36047035200,"Census Tract 352, Kings County, New York",Brooklyn,13240,3112
1400000US36047035301,"Census Tract 353.01, Kings County, New York",Brooklyn,46789,27681
1400000US36047035302,"Census Tract 353.02, Kings County, New York",Brooklyn,85234,28697
1400000US36047035400,"Census Tract 354, Kings County, New York",Brooklyn,63382,34159
1400000US36047035500,"Census Tract 355, Kings County, New York",Brooklyn,75139,12600
1400000US36047035601,"Census Tract 356.01, Kings County, New York",Brooklyn,28750,9711
1400000US36047035602,"Census Tract 356.02, Kings County, New York",Brooklyn,50456,15920
1400000US36047035701,"Census Tract 357.01, Kings County, New York",Brooklyn,45313,21166
1400000US36047035702,"Census Tract 357.02, Kings County, New York",Brooklyn,-666666666,-222222222
1400000US36047035900,"Census Tract 359, Kings County, New York",Brooklyn,62774,9014
1400000US36047036001,"Census Tract 360.01, Kings County, New York",Brooklyn,30877,11025
1400000US36047036002,"Census Tract 360.02, Kings County, New York",Brooklyn,30176,12154
1400000US36047036100,"Census Tract 361, Kings County, New York",Brooklyn,37035,14095
1400000US36047036200,"Census Tract 362, Kings County, New York",Brooklyn,52023,25775
1400000US36047036300,"Census Tract 363, Kings County, New York",Brooklyn,58091,15487
1400000US36047036400,"Census Tract 364, Kings County, New York",Brooklyn,63480,12506
1400000US36047036501,"Census Tract 365.01, Kings County, New York",Brooklyn,67165,15079
1400000US36047036502,"Census Tract 365.02, Kings County, New York",Brooklyn,67038,32705
1400000US36047036600,"Census Tract 366, Kings County, New York",Brooklyn,52385,3826
1400000US36047036700,"Census Tract 367, Kings County, New York",Brooklyn,70426,36731
1400000US36047036900,"Census Tract 369, Kings County, New York",Brooklyn,48583,11340
1400000US36047037000,"Census Tract 370, Kings County, New York",Brooklyn,69493,20543
1400000US36047037100,"Census Tract 371, Kings County, New York",Brooklyn,87679,32078
1400000US36047037300,"Census Tract 373, Kings County, New York",Brooklyn,71786,23286
1400000US36047037401,"Census Tract 374.01, Kings County, New York",Brooklyn,59004,15194
1400000US36047037402,"Census Tract 374.02, Kings County, New York",Brooklyn,57118,15126
1400000US36047037500,"Census Tract 375, Kings County, New York",Brooklyn,91985,19403
1400000US36047037700,"Census Tract 377, Kings County, New York",Brooklyn,71786,44868
1400000US36047037900,"Census Tract 379, Kings County, New York",Brooklyn,67949,23263
1400000US36047038100,"Census Tract 381, Kings County, New York",Brooklyn,70867,10491
1400000US36047038200,"Census Tract 382, Kings County, New York",Brooklyn,22332,8807
1400000US36047038300,"Census Tract 383, Kings County, New York",Brooklyn,87786,21406
1400000US36047038500,"Census Tract 385, Kings County, New York",Brooklyn,114375,35035
1400000US36047038600,"Census Tract 386, Kings County, New York",Brooklyn,91857,17615
1400000US36047038700,"Census Tract 387, Kings County, New York",Brooklyn,93221,40120
1400000US36047038800,"Census Tract 388, Kings County, New York",Brooklyn,83558,28907
1400000US36047038900,"Census Tract 389, Kings County, New York",Brooklyn,98819,11432
1400000US36047039000,"Census Tract 390, Kings County, New York",Brooklyn,72143,16399
1400000US36047039100,"Census Tract 391, Kings County, New York",Brooklyn,103796,7283
1400000US36047039200,"Census Tract 392, Kings County, New York",Brooklyn,54483,10755
1400000US36047039300,"Census Tract 393, Kings County, New York",Brooklyn,112566,36989
1400000US36047039400,"Census Tract 394, Kings County, New York",Brooklyn,62875,37227
1400000US36047039500,"Census Tract 395, Kings County, New York",Brooklyn,84219,43010
1400000US36047039600,"Census Tract 396, Kings County, New York",Brooklyn,69563,33295
1400000US36047039700,"Census Tract 397, Kings County, New York",Brooklyn,74291,18355
1400000US36047039800,"Census Tract 398, Kings County, New York",Brooklyn,89750,25740
1400000US36047039900,"Census Tract 399, Kings County, New York",Brooklyn,50329,28169
1400000US36047040000,"Census Tract 400, Kings County, New York",Brooklyn,58941,12096
1400000US36047040100,"Census Tract 401, Kings County, New York",Brooklyn,69616,20760
1400000US36047040200,"Census Tract 402, Kings County, New York",Brooklyn,76250,39787
1400000US36047040300,"Census Tract 403, Kings County, New York",Brooklyn,103792,37307
1400000US36047040400,"Census Tract 404, Kings County, New York",Brooklyn,106442,36010
1400000US36047040500,"Census Tract 405, Kings County, New York",Brooklyn,69437,15214
1400000US36047040600,"Census Tract 406, Kings County, New York",Brooklyn,79941,12660
1400000US36047040700,"Census Tract 407, Kings County, New York",Brooklyn,-666666666,-222222222
1400000US36047040800,"Census Tract 408, Kings County, New York",Brooklyn,78750,33567
1400000US36047040900,"Census Tract 409, Kings County, New York",Brooklyn,78220,31732
1400000US36047041000,"Census Tract 410, Kings County, New York",Brooklyn,60694,31665
1400000US36047041100,"Census Tract 411, Kings County, New York",Brooklyn,63125,28139
1400000US36047041200,"Census Tract 412, Kings County, New York",Brooklyn,95152,15285
1400000US36047041300,"Census Tract 413, Kings County, New York",Brooklyn,110996,17879
1400000US36047041401,"Census Tract 414.01, Kings County, New York",Brooklyn,71944,66762
1400000US36047041402,"Census Tract 414.02, Kings County, New York",Brooklyn,39048,31000
1400000US36047041500,"Census Tract 415, Kings County, New York",Brooklyn,96110,4227
1400000US36047041600,"Census Tract 416, Kings County, New York",Brooklyn,63425,15456
1400000US36047041700,"Census Tract 417, Kings County, New York",Brooklyn,32028,9718
1400000US36047041800,"Census Tract 418, Kings County, New York",Brooklyn,46607,39011
1400000US36047041900,"Census Tract 419, Kings County, New York",Brooklyn,73958,39056
1400000US36047042000,"Census Tract 420, Kings County, New York",Brooklyn,88700,2916
1400000US36047042100,"Census Tract 421, Kings County, New York",Brooklyn,94209,13257
1400000US36047042200,"Census Tract 422, Kings County, New York",Brooklyn,73033,23644
1400000US36047042300,"Census Tract 423, Kings County, New York",Brooklyn,123750,45731
1400000US36047042400,"Census Tract 424, Kings County, New York",Brooklyn,70060,9011
1400000US36047042500,"Census Tract 425, Kings County, New York",Brooklyn,86316,21540
1400000US36047042600,"Census Tract 426, Kings County, New York",Brooklyn,71840,21705
1400000US36047042700,"Census Tract 427, Kings County, New York",Brooklyn,92250,24415
1400000US36047042800,"Census Tract 428, Kings County, New York",Brooklyn,88656,11811
1400000US36047042900,"Census Tract 429, Kings County, New York",Brooklyn,65000,24166
1400000US36047043000,"Census Tract 430, Kings County, New York",Brooklyn,75417,36172
1400000US36047043100,"Census Tract 431, Kings County, New York",Brooklyn,90745,17582
1400000US36047043200,"Census Tract 432, Kings County, New York",Brooklyn,79667,23521
1400000US36047043300,"Census Tract 433, Kings County, New York",Brooklyn,59551,32798
1400000US36047043400,"Census Tract 434, Kings County, New York",Brooklyn,66763,17360
1400000US36047043500,"Census Tract 435, Kings County, New York",Brooklyn,67778,32039
1400000US36047043600,"Census Tract 436, Kings County, New York",Brooklyn,83284,32688
1400000US36047043700,"Census Tract 437, Kings County, New York",Brooklyn,77904,29393
1400000US36047043800,"Census Tract 438, Kings County, New York",Brooklyn,70066,33712
1400000US36047043900,"Census Tract 439, Kings County, New York",Brooklyn,114318,30075
1400000US36047044000,"Census Tract 440, Kings County, New York",Brooklyn,88344,16189
1400000US36047044100,"Census Tract 441, Kings County, New York",Brooklyn,78526,24094
1400000US36047044200,"Census Tract 442, Kings County, New York",Brooklyn,62708,29178
1400000US36047044300,"Census Tract 443, Kings County, New York",Brooklyn,94517,17788
1400000US36047044400,"Census Tract 444, Kings County, New York",Brooklyn,67554,27401
1400000US36047044500,"Census Tract 445, Kings County, New York",Brooklyn,86717,7822
1400000US36047044600,"Census Tract 446, Kings County, New York",Brooklyn,69099,8164
1400000US36047044700,"Census Tract 447, Kings County, New York",Brooklyn,89511,28960
1400000US36047044800,"Census Tract 448, Kings County, New York",Brooklyn,96639,11470
1400000US36047044901,"Census Tract 449.01, Kings County, New York",Brooklyn,78774,40522
1400000US36047044902,"Census Tract 449.02, Kings County, New York",Brooklyn,-666666666,-222222222
1400000US36047045000,"Census Tract 450, Kings County, New York",Brooklyn,90893,34551
1400000US36047045200,"Census Tract 452, Kings County, New York",Brooklyn,74250,23419
1400000US36047045300,"Census Tract 453, Kings County, New York",Brooklyn,70598,25391
1400000US36047045400,"Census Tract 454, Kings County, New York",Brooklyn,94607,15102
1400000US36047045600,"Census Tract 456, Kings County, New York",Brooklyn,70329,18769
1400000US36047045800,"Census Tract 458, Kings County, New York",Brooklyn,58958,41489
1400000US36047046000,"Census Tract 460, Kings County, New York",Brooklyn,97188,31741
1400000US36047046201,"Census Tract 462.01, Kings County, New York",Brooklyn,63375,35151
1400000US36047046202,"Census Tract 462.02, Kings County, New York",Brooklyn,85536,28808
1400000US36047046400,"Census Tract 464, Kings County, New York",Brooklyn,72422,42710
1400000US36047046800,"Census Tract 468, Kings County, New York",Brooklyn,41343,7860
1400000US36047047000,"Census Tract 470, Kings County, New York",Brooklyn,75069,21975
1400000US36047047200,"Census Tract 472, Kings County, New York",Brooklyn,71635,49809
1400000US36047047400,"Census Tract 474, Kings County, New York",Brooklyn,99769,31527
1400000US36047047600,"Census Tract 476, Kings County, New York",Brooklyn,61250,31992
1400000US36047047700,"Census Tract 477, Kings County, New York",Brooklyn,179175,20869
1400000US36047047800,"Census Tract 478, Kings County, New York",Brooklyn,60590,30088
1400000US36047048000,"Census Tract 480, Kings County, New York",Brooklyn,52940,19482
1400000US36047048100,"Census Tract 481, Kings County, New York",Brooklyn,94896,38234
1400000US36047048200,"Census Tract 482, Kings County, New York",Brooklyn,58234,15516
1400000US36047048400,"Census Tract 484, Kings County, New York",Brooklyn,96964,19326
1400000US36047048500,"Census Tract 485, Kings County, New York",Brooklyn,130278,40128
1400000US36047048600,"Census Tract 486, Kings County, New York",Brooklyn,65714,26129
1400000US36047048800,"Census Tract 488, Kings County, New York",Brooklyn,76110,13854
1400000US36047048900,"Census Tract 489, Kings County, New York",Brooklyn,26070,16672
1400000US36047049000,"Census Tract 490, Kings County, New York",Brooklyn,77917,13847
1400000US36047049100,"Census Tract 491, Kings County, New York",Brooklyn,46137,8583
1400000US36047049200,"Census Tract 492, Kings County, New York",Brooklyn,103269,36752
1400000US36047049301,"Census Tract 493.01, Kings County, New York",Brooklyn,19440,7848
1400000US36047049302,"Census Tract 493.02, Kings County, New York",Brooklyn,82423,36931
1400000US36047049400,"Census Tract 494, Kings County, New York",Brooklyn,97625,17919
1400000US36047049500,"Census Tract 495, Kings County, New York",Brooklyn,141250,53631
1400000US36047049600,"Census Tract 496, Kings County, New York",Brooklyn,66920,22950
1400000US36047049700,"Census Tract 497, Kings County, New York",Brooklyn,144872,24099
1400000US36047049800,"Census Tract 498, Kings County, New York",Brooklyn,77692,21862
1400000US36047049900,"Census Tract 499, Kings County, New York",Brooklyn,146106,58400
1400000US36047050001,"Census Tract 500.01, Kings County, New York",Brooklyn,124177,35651
1400000US36047050002,"Census Tract 500.02, Kings County, New York",Brooklyn,124107,46601
1400000US36047050100,"Census Tract 501, Kings County, New York",Brooklyn,126696,52005
1400000US36047050202,"Census Tract 502.02, Kings County, New York",Brooklyn,132670,78424
1400000US36047050300,"Census Tract 503, Kings County, New York",Brooklyn,173548,16256
1400000US36047050401,"Census Tract 504.01, Kings County, New York",Brooklyn,156033,24707
1400000US36047050402,"Census Tract 504.02, Kings County, New York",Brooklyn,166100,81718
1400000US36047050500,"Census Tract 505, Kings County, New York",Brooklyn,57500,40769
1400000US36047050600,"Census Tract 506, Kings County, New York",Brooklyn,69276,12659
1400000US36047050700,"Census Tract 507, Kings County, New York",Brooklyn,59158,6741
1400000US36047050801,"Census Tract 508.01, Kings County, New York",Brooklyn,74333,16156
1400000US36047050803,"Census Tract 508.03, Kings County, New York",Brooklyn,68496,17186
1400000US36047050804,"Census Tract 508.04, Kings County, New York",Brooklyn,110317,10848
1400000US36047050900,"Census Tract 509, Kings County, New York",Brooklyn,42361,24516
1400000US36047051001,"Census Tract 510.01, Kings County, New York",Brooklyn,59583,11831
1400000US36047051002,"Census Tract 510.02, Kings County, New York",Brooklyn,71007,16580
1400000US36047051100,"Census Tract 511, Kings County, New York",Brooklyn,88457,17534
1400000US36047051200,"Census Tract 512, Kings County, New York",Brooklyn,96719,35800
1400000US36047051300,"Census Tract 513, Kings County, New York",Brooklyn,136207,24253
1400000US36047051400,"Census Tract 514, Kings County, New York",Brooklyn,100000,23781
1400000US36047051500,"Census Tract 515, Kings County, New York",Brooklyn,246707,42642
1400000US36047051601,"Census Tract 516.01, Kings County, New York",Brooklyn,72304,10793
1400000US36047051602,"Census Tract 516.02, Kings County, New York",Brooklyn,77801,19198
1400000US36047051700,"Census Tract 517, Kings County, New York",Brooklyn,234444,26212
1400000US36047051800,"Census Tract 518, Kings County, New York",Brooklyn,112589,29063
1400000US36047051900,"Census Tract 519, Kings County, New York",Brooklyn,221375,13250
1400000US36047052000,"Census Tract 520, Kings County, New York",Brooklyn,126102,4061
1400000US36047052300,"Census Tract 523, Kings County, New York",Brooklyn,74454,67563
1400000US36047052500,"Census Tract 525, Kings County, New York",Brooklyn,70625,26567
1400000US36047052600,"Census Tract 526, Kings County, New York",Brooklyn,91500,17538
1400000US36047052700,"Census Tract 527, Kings County, New York",Brooklyn,59632,15655
1400000US36047052800,"Census Tract 528, Kings County, New York",Brooklyn,121000,21924
1400000US36047052900,"Census Tract 529, Kings County, New York",Brooklyn,39549,12316
1400000US36047053000,"Census Tract 530, Kings County, New York",Brooklyn,78621,27263
1400000US36047053101,"Census Tract 531.01, Kings County, New York",Brooklyn,-666666666,-222222222
1400000US36047053102,"Census Tract 531.02, Kings County, New York",Brooklyn,76635,26782
1400000US36047053200,"Census Tract 532, Kings County, New York",Brooklyn,72500,25665
1400000US36047053300,"Census Tract 533, Kings County, New York",Brooklyn,34519,11332
1400000US36047053400,"Census Tract 534, Kings County, New York",Brooklyn,83421,29280
1400000US36047053500,"Census Tract 535, Kings County, New York",Brooklyn,49244,38815
1400000US36047053700,"Census Tract 537, Kings County, New York",Brooklyn,44085,15720
1400000US36047053800,"Census Tract 538, Kings County, New York",Brooklyn,65556,16974
1400000US36047053900,"Census Tract 539, Kings County, New York",Brooklyn,46914,19063
1400000US36047054200,"Census Tract 542, Kings County, New York",Brooklyn,56481,19055
1400000US36047054300,"Census Tract 543, Kings County, New York",Brooklyn,-666666666,-222222222
1400000US36047054400,"Census Tract 544, Kings County, New York",Brooklyn,55938,18973
1400000US36047054500,"Census Tract 545, Kings County, New York",Brooklyn,42071,16863
1400000US36047054600,"Census Tract 546, Kings County, New York",Brooklyn,74651,16130
1400000US36047054700,"Census Tract 547, Kings County, New York",Brooklyn,87047,14897
1400000US36047054800,"Census Tract 548, Kings County, New York",Brooklyn,83500,43903
1400000US36047054900,"Census Tract 549, Kings County, New York",Brooklyn,183091,51138
1400000US36047055000,"Census Tract 550, Kings County, New York",Brooklyn,59955,13103
1400000US36047055100,"Census Tract 551, Kings County, New York",Brooklyn,171952,54439
1400000US36047055200,"Census Tract 552, Kings County, New York",Brooklyn,69861,47708
1400000US36047055300,"Census Tract 553, Kings County, New York",Brooklyn,144083,46353
1400000US36047055400,"Census Tract 554, Kings County, New York",Brooklyn,64894,13615
1400000US36047055500,"Census Tract 555, Kings County, New York",Brooklyn,205860,11955
1400000US36047055600,"Census Tract 556, Kings County, New York",Brooklyn,69485,18429
1400000US36047055700,"Census Tract 557, Kings County, New York",Brooklyn,136250,46280
1400000US36047055800,"Census Tract 558, Kings County, New York",Brooklyn,61786,33305
1400000US36047056000,"Census Tract 560, Kings County, New York",Brooklyn,74104,36159
1400000US36047056100,"Census Tract 561, Kings County, New York",Brooklyn,151875,29736
1400000US36047056200,"Census Tract 562, Kings County, New York",Brooklyn,102083,71813
1400000US36047056301,"Census Tract 563.01, Kings County, New York",Brooklyn,133636,28345
1400000US36047056302,"Census Tract 563.02, Kings County, New York",Brooklyn,76351,24613
1400000US36047056400,"Census Tract 564, Kings County, New York",Brooklyn,86392,27876
1400000US36047056500,"Census Tract 565, Kings County, New York",Brooklyn,115329,19869
1400000US36047056600,"Census Tract 566, Kings County, New York",Brooklyn,69286,21257
1400000US36047056800,"Census Tract 568, Kings County, New York",Brooklyn,75521,9764
1400000US36047056900,"Census Tract 569, Kings County, New York",Brooklyn,159286,60732
1400000US36047057000,"Census Tract 570, Kings County, New York",Brooklyn,80216,9252
1400000US36047057100,"Census Tract 571, Kings County, New York",Brooklyn,125272,31828
1400000US36047057200,"Census Tract 572, Kings County, New York",Brooklyn,31864,10536
1400000US36047057300,"Census Tract 573, Kings County, New York",Brooklyn,150885,57264
1400000US36047057400,"Census Tract 574, Kings County, New York",Brooklyn,92813,18056
1400000US36047057500,"Census Tract 575, Kings County, New York",Brooklyn,128804,37907
1400000US36047057600,"Census Tract 576, Kings County, New York",Brooklyn,98750,65995
1400000US36047057800,"Census Tract 578, Kings County, New York",Brooklyn,61919,19616
1400000US36047057901,"Census Tract 579.01, Kings County, New York",Brooklyn,141754,20547
1400000US36047057902,"Census Tract 579.02, Kings County, New York",Brooklyn,-666666666,-222222222
1400000US36047058000,"Census Tract 580, Kings County, New York",Brooklyn,38945,12580
1400000US36047058200,"Census Tract 582, Kings County, New York",Brooklyn,60811,20195
1400000US36047058400,"Census Tract 584, Kings County, New York",Brooklyn,70870,8651
1400000US36047058600,"Census Tract 586, Kings County, New York",Brooklyn,70167,21262
1400000US36047058800,"Census Tract 588, Kings County, New York",Brooklyn,96838,32202
1400000US36047058901,"Census Tract 589.01, Kings County, New York",Brooklyn,114659,32462
1400000US36047058902,"Census Tract 589.02, Kings County, New York",Brooklyn,-666666666,-222222222
1400000US36047059000,"Census Tract 590, Kings County, New York",Brooklyn,103619,11054
1400000US36047059100,"Census Tract 591, Kings County, New York",Brooklyn,133795,19989
1400000US36047059200,"Census Tract 592, Kings County, New York",Brooklyn,61944,36933
1400000US36047059300,"Census Tract 593, Kings County, New York",Brooklyn,110625,21013
1400000US36047059402,"Census Tract 594.02, Kings County, New York",Brooklyn,68625,31369
1400000US36047059403,"Census Tract 594.03, Kings County, New York",Brooklyn,67232,57602
1400000US36047059404,"Census Tract 594.04, Kings County, New York",Brooklyn,65520,17755
1400000US36047059600,"Census Tract 596, Kings County, New York",Brooklyn,56757,26035
1400000US36047059800,"Census Tract 598, Kings County, New York",Brooklyn,81051,15218
1400000US36047060000,"Census Tract 600, Kings County, New York",Brooklyn,75671,29011
1400000US36047060600,"Census Tract 606, Kings County, New York",Brooklyn,76080,28724
1400000US36047060800,"Census Tract 608, Kings County, New York",Brooklyn,73546,21908
1400000US36047061002,"Census Tract 610.02, Kings County, New York",Brooklyn,71944,27741
1400000US36047061003,"Census Tract 610.03, Kings County, New York",Brooklyn,51054,4490
1400000US36047061004,"Census Tract 610.04, Kings County, New York",Brooklyn,40931,6113
1400000US36047061200,"Census Tract 612, Kings County, New York",Brooklyn,141094,64831
1400000US36047061600,"Census Tract 616, Kings County, New York",Brooklyn,183095,44066
1400000US36047062000,"Census Tract 620, Kings County, New York",Brooklyn,111932,45688
1400000US36047062200,"Census Tract 622, Kings County, New York",Brooklyn,68821,33140
1400000US36047062600,"Census Tract 626, Kings County, New York",Brooklyn,67218,15277
1400000US36047062800,"Census Tract 628, Kings County, New York",Brooklyn,110377,7952
1400000US36047063200,"Census Tract 632, Kings County, New York",Brooklyn,82941,29761
1400000US36047063600,"Census Tract 636, Kings County, New York",Brooklyn,148056,22392
1400000US36047063800,"Census Tract 638, Kings County, New York",Brooklyn,82188,46661
1400000US36047064000,"Census Tract 640, Kings County, New York",Brooklyn,143214,31134
1400000US36047064200,"Census Tract 642, Kings County, New York",Brooklyn,75735,17800
1400000US36047064400,"Census Tract 644, Kings County, New York",Brooklyn,79259,43945
1400000US36047064600,"Census Tract 646, Kings County, New York",Brooklyn,99067,37490
1400000US36047064800,"Census Tract 648, Kings County, New York",Brooklyn,111406,33136
1400000US36047065000,"Census Tract 650, Kings County, New York",Brooklyn,92673,21381
1400000US36047065200,"Census Tract 652, Kings County, New York",Brooklyn,94000,39349
1400000US36047065400,"Census Tract 654, Kings County, New York",Brooklyn,118000,24747
1400000US36047065600,"Census Tract 656, Kings County, New York",Brooklyn,126607,20681
1400000US36047065800,"Census Tract 658, Kings County, New York",Brooklyn,92014,22077
1400000US36047066000,"Census Tract 660, Kings County, New York",Brooklyn,151719,15128
1400000US36047066200,"Census Tract 662, Kings County, New York",Brooklyn,61083,24347
1400000US36047066600,"Census Tract 666, Kings County, New York",Brooklyn,-666666666,-222222222
1400000US36047067000,"Census Tract 670, Kings County, New York",Brooklyn,91979,12053
1400000US36047067200,"Census Tract 672, Kings County, New York",Brooklyn,84280,38232
1400000US36047067400,"Census Tract 674, Kings County, New York",Brooklyn,126705,21122
1400000US36047067600,"Census Tract 676, Kings County, New York",Brooklyn,97750,45743
1400000US36047067800,"Census Tract 678, Kings County, New York",Brooklyn,84612,21241
1400000US36047068000,"Census Tract 680, Kings County, New York",Brooklyn,114904,44254
1400000US36047068200,"Census Tract 682, Kings County, New York",Brooklyn,102000,19939
1400000US36047068600,"Census Tract 686, Kings County, New York",Brooklyn,112646,22252
1400000US36047068800,"Census Tract 688, Kings County, New York",Brooklyn,98750,35683
1400000US36047069000,"Census Tract 690, Kings County, New York",Brooklyn,137650,39393
1400000US36047069200,"Census Tract 692, Kings County, New York",Brooklyn,104712,23983
1400000US36047069601,"Census Tract 696.01, Kings County, New York",Brooklyn,101760,13472
1400000US36047069602,"Census Tract 696.02, Kings County, New York",Brooklyn,119451,29380
1400000US36047069800,"Census Tract 698, Kings County, New York",Brooklyn,128194,39138
1400000US36047070000,"Census Tract 700, Kings County, New York",Brooklyn,95331,24486
1400000US36047070201,"Census Tract 702.01, Kings County, New York",Brooklyn,130174,29110
1400000US36047070202,"Census Tract 702.02, Kings County, New York",Brooklyn,-666666666,-222222222
1400000US36047070203,"Census Tract 702.03, Kings County, New York",Brooklyn,-666666666,-222222222
1400000US36047070601,"Census Tract 706.01, Kings County, New York",Brooklyn,148214,34408
1400000US36047070602,"Census Tract 706.02, Kings County, New York",Brooklyn,-666666666,-222222222
1400000US36047072000,"Census Tract 720, Kings County, New York",Brooklyn,76912,53494
1400000US36047072200,"Census Tract 722, Kings County, New York",Brooklyn,-666666666,-222222222
1400000US36047072400,"Census Tract 724, Kings County, New York",Brooklyn,69263,30826
1400000US36047072600,"Census Tract 726, Kings County, New York",Brooklyn,97292,57966
1400000US36047072800,"Census Tract 728, Kings County, New York",Brooklyn,62333,18355
1400000US36047073000,"Census Tract 730, Kings County, New York",Brooklyn,132227,22491
1400000US36047073200,"Census Tract 732, Kings County, New York",Brooklyn,85846,16698
1400000US36047073400,"Census Tract 734, Kings County, New York",Brooklyn,138750,58377
1400000US36047073600,"Census Tract 736, Kings County, New York",Brooklyn,82358,19791
1400000US36047073800,"Census Tract 738, Kings County, New York",Brooklyn,73125,29759
1400000US36047074000,"Census Tract 740, Kings County, New York",Brooklyn,68125,44753
1400000US36047074200,"Census Tract 742, Kings County, New York",Brooklyn,80240,22416
1400000US36047074400,"Census Tract 744, Kings County, New York",Brooklyn,140391,73444
1400000US36047074600,"Census Tract 746, Kings County, New York",Brooklyn,113750,49051
1400000US36047074800,"Census Tract 748, Kings County, New York",Brooklyn,82266,37015
1400000US36047075000,"Census Tract 750, Kings County, New York",Brooklyn,103125,33448
1400000US36047075200,"Census Tract 752, Kings County, New York",Brooklyn,141250,38329
1400000US36047075400,"Census Tract 754, Kings County, New York",Brooklyn,115851,77282
1400000US36047075600,"Census Tract 756, Kings County, New York",Brooklyn,77273,42746
1400000US36047075800,"Census Tract 758, Kings County, New York",Brooklyn,69662,24153
1400000US36047076000,"Census Tract 760, Kings County, New York",Brooklyn,75174,11158
1400000US36047076200,"Census Tract 762, Kings County, New York",Brooklyn,54725,23488
1400000US36047076400,"Census Tract 764, Kings County, New York",Brooklyn,81813,15270
1400000US36047076600,"Census Tract 766, Kings County, New York",Brooklyn,95563,23092
1400000US36047076800,"Census Tract 768, Kings County, New York",Brooklyn,73125,33382
1400000US36047077000,"Census Tract 770, Kings County, New York",Brooklyn,76921,65690
1400000US36047077200,"Census Tract 772, Kings County, New York",Brooklyn,80855,32302
1400000US36047077400,"Census Tract 774, Kings County, New York",Brooklyn,72488,10661
1400000US36047077600,"Census Tract 776, Kings County, New York",Brooklyn,71983,23444
1400000US36047078000,"Census Tract 780, Kings County, New York",Brooklyn,138611,35979
1400000US36047078200,"Census Tract 782, Kings County, New York",Brooklyn,69558,12299
1400000US36047078400,"Census Tract 784, Kings County, New York",Brooklyn,99653,28139
1400000US36047078601,"Census Tract 786.01, Kings County, New York",Brooklyn,87614,22381
1400000US36047078602,"Census Tract 786.02, Kings County, New York",Brooklyn,69615,18041
1400000US36047078801,"Census Tract 788.01, Kings County, New York",Brooklyn,55984,7585
1400000US36047078802,"Census Tract 788.02, Kings County, New York",Brooklyn,55179,31530
1400000US36047079001,"Census Tract 790.01, Kings County, New York",Brooklyn,67857,56730
1400000US36047079002,"Census Tract 790.02, Kings County, New York",Brooklyn,57672,16577
1400000US36047079201,"Census Tract 792.01, Kings County, New York",Brooklyn,88162,73778
1400000US36047079202,"Census Tract 792.02, Kings County, New York",Brooklyn,85833,38280
1400000US36047079400,"Census Tract 794, Kings County, New York",Brooklyn,128295,89182
1400000US36047079601,"Census Tract 796.01, Kings County, New York",Brooklyn,81629,15503
1400000US36047079602,"Census Tract 796.02, Kings County, New York",Brooklyn,77370,12766
1400000US36047079801,"Census Tract 798.01, Kings County, New York",Brooklyn,94375,33336
1400000US36047079802,"Census Tract 798.02, Kings County, New York",Brooklyn,100438,18839
1400000US36047080000,"Census Tract 800, Kings County, New York",Brooklyn,95769,34996
1400000US36047080200,"Census Tract 802, Kings County, New York",Brooklyn,98942,17664
1400000US36047080400,"Census Tract 804, Kings County, New York",Brooklyn,58413,20170
1400000US36047080600,"Census Tract 806, Kings County, New York",Brooklyn,66632,13904
1400000US36047080800,"Census Tract 808, Kings County, New York",Brooklyn,13337,1677
1400000US36047081000,"Census Tract 810, Kings County, New York",Brooklyn,88490,31929
1400000US36047081400,"Census Tract 814, Kings County, New York",Brooklyn,86705,60919
1400000US36047081600,"Census Tract 816, Kings County, New York",Brooklyn,92784,31998
1400000US36047081800,"Census Tract 818, Kings County, New York",Brooklyn,76607,14756
1400000US36047082000,"Census Tract 820, Kings County, New York",Brooklyn,56250,26295
1400000US36047082200,"Census Tract 822, Kings County, New York",Brooklyn,85645,14368
1400000US36047082400,"Census Tract 824, Kings County, New York",Brooklyn,57204,13330
1400000US36047082600,"Census Tract 826, Kings County, New York",Brooklyn,72543,15062
1400000US36047082800,"Census Tract 828, Kings County, New York",Brooklyn,61313,18459
1400000US36047083000,"Census Tract 830, Kings County, New York",Brooklyn,83690,26956
1400000US36047083200,"Census Tract 832, Kings County, New York",Brooklyn,100161,17339
1400000US36047083400,"Census Tract 834, Kings County, New York",Brooklyn,121000,25325
1400000US36047083600,"Census Tract 836, Kings County, New York",Brooklyn,96094,21627
1400000US36047083800,"Census Tract 838, Kings County, New York",Brooklyn,62950,18573
1400000US36047084000,"Census Tract 840, Kings County, New York",Brooklyn,81058,23698
1400000US36047084600,"Census Tract 846, Kings County, New York",Brooklyn,78304,16591
1400000US36047084800,"Census Tract 848, Kings County, New York",Brooklyn,86012,42419
1400000US36047085000,"Census Tract 850, Kings County, New York",Brooklyn,124219,34241
1400000US36047085200,"Census Tract 852, Kings County, New York",Brooklyn,-666666666,-222222222
1400000US36047085400,"Census Tract 854, Kings County, New York",Brooklyn,78828,28881
1400000US36047085600,"Census Tract 856, Kings County, New York",Brooklyn,79107,17374
1400000US36047085800,"Census Tract 858, Kings County, New York",Brooklyn,83640,34962
1400000US36047086000,"Census Tract 860, Kings County, New York",Brooklyn,77955,9063
1400000US36047086200,"Census Tract 862, Kings County, New York",Brooklyn,50438,14046
1400000US36047086400,"Census Tract 864, Kings County, New York",Brooklyn,71016,12323
1400000US36047086600,"Census Tract 866, Kings County, New York",Brooklyn,79508,16664
1400000US36047086800,"Census Tract 868, Kings County, New York",Brooklyn,45764,12578
1400000US36047087000,"Census Tract 870, Kings County, New York",Brooklyn,61136,24228
1400000US36047087200,"Census Tract 872, Kings County, New York",Brooklyn,67650,20090
1400000US36047087401,"Census Tract 874.01, Kings County, New York",Brooklyn,37207,8810
1400000US36047087600,"Census Tract 876, Kings County, New York",Brooklyn,48125,2463
1400000US36047087800,"Census Tract 878, Kings County, New York",Brooklyn,56633,8241
1400000US36047088001,"Census Tract 880.01, Kings County, New York",Brooklyn,42351,20407
1400000US36047088002,"Census Tract 880.02, Kings County, New York",Brooklyn,73750,39217
1400000US36047088200,"Census Tract 882, Kings County, New York",Brooklyn,50754,8428
1400000US36047088400,"Census Tract 884, Kings County, New York",Brooklyn,38594,30375
1400000US36047088600,"Census Tract 886, Kings County, New York",Brooklyn,57674,9622
1400000US36047088800,"Census Tract 888, Kings County, New York",Brooklyn,55053,18239
1400000US36047089000,"Census Tract 890, Kings County, New York",Brooklyn,72535,24346
1400000US36047089200,"Census Tract 892, Kings County, New York",Brooklyn,-666666666,-222222222
1400000US36047089400,"Census Tract 894, Kings County, New York",Brooklyn,63125,39460
1400000US36047089600,"Census Tract 896, Kings County, New York",Brooklyn,-666666666,-222222222
1400000US36047089800,"Census Tract 898, Kings County, New York",Brooklyn,66976,31521
1400000US36047090000,"Census Tract 900, Kings County, New York",Brooklyn,20500,15385
1400000US36047090200,"Census Tract 902, Kings County, New York",Brooklyn,42612,13192
1400000US36047090600,"Census Tract 906, Kings County, New York",Brooklyn,27908,11904
1400000US36047090800,"Census Tract 908, Kings County, New York",Brooklyn,44875,27850
1400000US36047091000,"Census Tract 910, Kings County, New York",Brooklyn,22321,7324
1400000US36047091200,"Census Tract 912, Kings County, New York",Brooklyn,36899,15414
1400000US36047091600,"Census Tract 916, Kings County, New York",Brooklyn,44825,11269
1400000US36047091800,"Census Tract 918, Kings County, New York",Brooklyn,45942,6692
1400000US36047092000,"Census Tract 920, Kings County, New York",Brooklyn,44978,7343
1400000US36047092200,"Census Tract 922, Kings County, New York",Brooklyn,50994,12175
1400000US36047092400,"Census Tract 924, Kings County, New York",Brooklyn,37271,26455
1400000US36047092800,"Census Tract 928, Kings County, New York",Brooklyn,82250,24163
1400000US36047093000,"Census Tract 930, Kings County, New York",Brooklyn,105848,28433
1400000US36047093200,"Census Tract 932, Kings County, New York",Brooklyn,-666666666,-222222222
1400000US36047093400,"Census Tract 934, Kings County, New York",Brooklyn,73321,28403
1400000US36047093600,"Census Tract 936, Kings County, New York",Brooklyn,79773,6093
1400000US36047093800,"Census Tract 938, Kings County, New York",Brooklyn,61827,10526
1400000US36047094401,"Census Tract 944.01, Kings County, New York",Brooklyn,82500,28145
1400000US36047094402,"Census Tract 944.02, Kings County, New York",Brooklyn,24676,7231
1400000US36047094600,"Census Tract 946, Kings County, New York",Brooklyn,93667,24853
1400000US36047095000,"Census Tract 950, Kings County, New York",Brooklyn,90083,45094
1400000US36047095400,"Census Tract 954, Kings County, New York",Brooklyn,108309,27320
1400000US36047095600,"Census Tract 956, Kings County, New York",Brooklyn,85603,36917
1400000US36047095800,"Census Tract 958, Kings County, New York",Brooklyn,66452,23555
1400000US36047096000,"Census Tract 960, Kings County, New York",Brooklyn,-666666666,-222222222
1400000US36047096200,"Census Tract 962, Kings County, New York",Brooklyn,73750,33950
1400000US36047096400,"Census Tract 964, Kings County, New York",Brooklyn,79934,15309
1400000US36047096600,"Census Tract 966, Kings County, New York",Brooklyn,76174,9323
1400000US36047096800,"Census Tract 968, Kings County, New York",Brooklyn,106250,22599
1400000US36047097000,"Census Tract 970, Kings County, New York",Brooklyn,108864,58580
1400000US36047097400,"Census Tract 974, Kings County, New York",Brooklyn,88688,11552
1400000US36047098200,"Census Tract 982, Kings County, New York",Brooklyn,25125,7403
1400000US36047098400,"Census Tract 984, Kings County, New York",Brooklyn,102200,20420
1400000US36047098600,"Census Tract 986, Kings County, New York",Brooklyn,95508,22449
1400000US36047098800,"Census Tract 988, Kings County, New York",Brooklyn,81985,16162
1400000US36047099000,"Census Tract 990, Kings County, New York",Brooklyn,95326,75128
1400000US36047099200,"Census Tract 992, Kings County, New York",Brooklyn,95597,11874
1400000US36047099400,"Census Tract 994, Kings County, New York",Brooklyn,92738,9532
1400000US36047099600,"Census Tract 996, Kings County, New York",Brooklyn,86426,16509
1400000US36047099800,"Census Tract 998, Kings County, New York",Brooklyn,98153,30303
1400000US36047100400,"Census Tract 1004, Kings County, New York",Brooklyn,67063,39844
1400000US36047100600,"Census Tract 1006, Kings County, New York",Brooklyn,120518,31500
1400000US36047100800,"Census Tract 1008, Kings County, New York",Brooklyn,79250,32348
1400000US36047101000,"Census Tract 1010, Kings County, New York",Brooklyn,72115,59106
1400000US36047101200,"Census Tract 1012, Kings County, New York",Brooklyn,96726,22318
1400000US36047101400,"Census Tract 1014, Kings County, New York",Brooklyn,67961,23452
1400000US36047101600,"Census Tract 1016, Kings County, New York",Brooklyn,179803,30081
1400000US36047101800,"Census Tract 1018, Kings County, New York",Brooklyn,101996,13234
1400000US36047102000,"Census Tract 1020, Kings County, New York",Brooklyn,138672,21969
1400000US36047102200,"Census Tract 1022, Kings County, New York",Brooklyn,84063,14316
1400000US36047102400,"Census Tract 1024, Kings County, New York",Brooklyn,72955,28776
1400000US36047102600,"Census Tract 1026, Kings County, New York",Brooklyn,89055,5268
1400000US36047102801,"Census Tract 1028.01, Kings County, New York",Brooklyn,47063,39765
1400000US36047102802,"Census Tract 1028.02, Kings County, New York",Brooklyn,-666666666,-222222222
1400000US36047103401,"Census Tract 1034.01, Kings County, New York",Brooklyn,17853,8367
1400000US36047103402,"Census Tract 1034.02, Kings County, New York",Brooklyn,-666666666,-222222222
1400000US36047105801,"Census Tract 1058.01, Kings County, New York",Brooklyn,20988,6136
1400000US36047105804,"Census Tract 1058.04, Kings County, New York",Brooklyn,38380,14992
1400000US36047107001,"Census Tract 1070.01, Kings County, New York",Brooklyn,62028,13311
1400000US36047107002,"Census Tract 1070.02, Kings County, New York",Brooklyn,-666666666,-222222222
1400000US36047107003,"Census Tract 1070.03, Kings County, New York",Brooklyn,-666666666,-222222222
1400000US36047107800,"Census Tract 1078, Kings County, New York",Brooklyn,85947,17940
1400000US36047109800,"Census Tract 1098, Kings County, New York",Brooklyn,71635,23749
1400000US36047110400,"Census Tract 1104, Kings County, New York",Brooklyn,72229,27804
1400000US36047110600,"Census Tract 1106, Kings County, New York",Brooklyn,26536,10602
1400000US36047111000,"Census Tract 1110, Kings County, New York",Brooklyn,35174,7467
1400000US36047111600,"Census Tract 1116, Kings County, New York",Brooklyn,71021,27690
1400000US36047111800,"Census Tract 1118, Kings County, New York",Brooklyn,66838,48570
1400000US36047112000,"Census Tract 1120, Kings County, New York",Brooklyn,72167,21964
1400000US36047112200,"Census Tract 1122, Kings County, New York",Brooklyn,44188,22793
1400000US36047112400,"Census Tract 1124, Kings County, New York",Brooklyn,65472,23230
1400000US36047112600,"Census Tract 1126, Kings County, New York",Brooklyn,52039,36461
1400000US36047112800,"Census Tract 1128, Kings County, New York",Brooklyn,50426,13181
1400000US36047113000,"Census Tract 1130, Kings County, New York",Brooklyn,51938,7724
1400000US36047113200,"Census Tract 1132, Kings County, New York",Brooklyn,46812,4313
1400000US36047113400,"Census Tract 1134, Kings County, New York",Brooklyn,47994,22463
1400000US36047114201,"Census Tract 1142.01, Kings County, New York",Brooklyn,39531,23202
1400000US36047114202,"Census Tract 1142.02, Kings County, New York",Brooklyn,57826,29925
1400000US36047114400,"Census Tract 1144, Kings County, New York",Brooklyn,82422,11909
1400000US36047114600,"Census Tract 1146, Kings County, New York",Brooklyn,82228,37534
1400000US36047115000,"Census Tract 1150, Kings County, New York",Brooklyn,71044,23419
1400000US36047115200,"Census Tract 1152, Kings County, New York",Brooklyn,58542,36067
1400000US36047115600,"Census Tract 1156, Kings County, New York",Brooklyn,-666666666,-222222222
1400000US36047115800,"Census Tract 1158, Kings County, New York",Brooklyn,80091,11082
1400000US36047116000,"Census Tract 1160, Kings County, New York",Brooklyn,63839,18719
1400000US36047116200,"Census Tract 1162, Kings County, New York",Brooklyn,72614,21911
1400000US36047116400,"Census Tract 1164, Kings County, New York",Brooklyn,76713,17211
1400000US36047116600,"Census Tract 1166, Kings County, New York",Brooklyn,42158,31181
1400000US36047116800,"Census Tract 1168, Kings County, New York",Brooklyn,86563,46471
1400000US36047117000,"Census Tract 1170, Kings County, New York",Brooklyn,27840,17356
1400000US36047117201,"Census Tract 1172.01, Kings County, New York",Brooklyn,73214,28941
1400000US36047117202,"Census Tract 1172.02, Kings County, New York",Brooklyn,78190,36943
1400000US36047117400,"Census Tract 1174, Kings County, New York",Brooklyn,46583,10768
1400000US36047117601,"Census Tract 1176.01, Kings County, New York",Brooklyn,80882,23148
1400000US36047117602,"Census Tract 1176.02, Kings County, New York",Brooklyn,86848,23811
1400000US36047117800,"Census Tract 1178, Kings County, New York",Brooklyn,59034,7388
1400000US36047118000,"Census Tract 1180, Kings County, New York",Brooklyn,-666666666,-222222222
1400000US36047118201,"Census Tract 1182.01, Kings County, New York",Brooklyn,82976,34731
1400000US36047118202,"Census Tract 1182.02, Kings County, New York",Brooklyn,91802,25490
1400000US36047118400,"Census Tract 1184, Kings County, New York",Brooklyn,68093,14346
1400000US36047118600,"Census Tract 1186, Kings County, New York",Brooklyn,78971,13962
1400000US36047118800,"Census Tract 1188, Kings County, New York",Brooklyn,75394,32798
1400000US36047119000,"Census Tract 1190, Kings County, New York",Brooklyn,39733,3162
1400000US36047119200,"Census Tract 1192, Kings County, New York",Brooklyn,89286,33500
1400000US36047119400,"Census Tract 1194, Kings County, New York",Brooklyn,84332,21897
1400000US36047119600,"Census Tract 1196, Kings County, New York",Brooklyn,56513,7507
1400000US36047119800,"Census Tract 1198, Kings County, New York",Brooklyn,60289,43626
1400000US36047120000,"Census Tract 1200, Kings County, New York",Brooklyn,47031,22729
1400000US36047120200,"Census Tract 1202, Kings County, New York",Brooklyn,100559,33986
1400000US36047120801,"Census Tract 1208.01, Kings County, New York",Brooklyn,109091,45998
1400000US36047120802,"Census Tract 1208.02, Kings County, New York",Brooklyn,30853,5611
1400000US36047120803,"Census Tract 1208.03, Kings County, New York",Brooklyn,45125,33416
1400000US36047121000,"Census Tract 1210, Kings County, New York",Brooklyn,23136,8660
1400000US36047121400,"Census Tract 1214, Kings County, New York",Brooklyn,38094,9304
1400000US36047122000,"Census Tract 1220, Kings County, New York",Brooklyn,83594,10504
1400000US36047123700,"Census Tract 1237, Kings County, New York",Brooklyn,55861,26278
1400000US36047150200,"Census Tract 1502, Kings County, New York",Brooklyn,132727,78931
1400000US36047152200,"Census Tract 1522, Kings County, New York",Brooklyn,215602,106936
1400000US36047990100,"Census Tract 9901, Kings County, New York",Brooklyn,-666666666,-222222222
1400000US36061000100,"Census Tract 1, New York County, New York",Manhattan,-666666666,-222222222
1400000US36061000201,"Census Tract 2.01, New York County, New York",Manhattan,37353,14485
1400000US36061000202,"Census Tract 2.02, New York County, New York",Manhattan,36688,8786
1400000US36061000500,"Census Tract 5, New York County, New York",Manhattan,-666666666,-222222222
1400000US36061000600,"Census Tract 6, New York County, New York",Manhattan,36893,6442
1400000US36061000700,"Census Tract 7, New York County, New York",Manhattan,190388,26676
1400000US36061000800,"Census Tract 8, New York County, New York",Manhattan,31262,12081
1400000US36061000900,"Census Tract 9, New York County, New York",Manhattan,250001,-333333333
1400000US36061001001,"Census Tract 10.01, New York County, New York",Manhattan,140000,18461
1400000US36061001002,"Census Tract 10.02, New York County, New York",Manhattan,23796,3050
1400000US36061001200,"Census Tract 12, New York County, New York",Manhattan,114318,22076
1400000US36061001300,"Census Tract 13, New York County, New York",Manhattan,171923,43943
1400000US36061001401,"Census Tract 14.01, New York County, New York",Manhattan,103750,17687
1400000US36061001402,"Census Tract 14.02, New York County, New York",Manhattan,90469,54483
1400000US36061001501,"Census Tract 15.01, New York County, New York",Manhattan,125712,41900
1400000US36061001502,"Census Tract 15.02, New York County, New York",Manhattan,204310,61877
1400000US36061001600,"Census Tract 16, New York County, New York",Manhattan,35875,33407
1400000US36061001800,"Census Tract 18, New York County, New York",Manhattan,76726,28369
1400000US36061002000,"Census Tract 20, New York County, New York",Manhattan,30792,12022
1400000US36061002100,"Census Tract 21, New York County, New York",Manhattan,250001,-333333333
1400000US36061002201,"Census Tract 22.01, New York County, New York",Manhattan,39961,21329
1400000US36061002202,"Census Tract 22.02, New York County, New York",Manhattan,151711,41334
1400000US36061002400,"Census Tract 24, New York County, New York",Manhattan,21092,2902
1400000US36061002500,"Census Tract 25, New York County, New York",Manhattan,20597,3960
1400000US36061002601,"Census Tract 26.01, New York County, New York",Manhattan,30350,24933
1400000US36061002602,"Census Tract 26.02, New York County, New York",Manhattan,89970,28189
1400000US36061002700,"Census Tract 27, New York County, New York",Manhattan,124063,80897
1400000US36061002800,"Census Tract 28, New York County, New York",Manhattan,70691,35041
1400000US36061002901,"Census Tract 29.01, New York County, New York",Manhattan,11094,1783
1400000US36061002902,"Census Tract 29.02, New York County, New York",Manhattan,-666666666,-222222222
1400000US36061003001,"Census Tract 30.01, New York County, New York",Manhattan,88889,9585
1400000US36061003002,"Census Tract 30.02, New York County, New York",Manhattan,74691,20893
1400000US36061003100,"Census Tract 31, New York County, New York",Manhattan,189250,84096
1400000US36061003200,"Census Tract 32, New York County, New York",Manhattan,101294,21324
1400000US36061003300,"Census Tract 33, New York County, New York",Manhattan,250001,-333333333
1400000US36061003400,"Census Tract 34, New York County, New York",Manhattan,121413,35721
1400000US36061003601,"Census Tract 36.01, New York County, New York",Manhattan,57000,27346
1400000US36061003602,"Census Tract 36.02, New York County, New York",Manhattan,155000,43778
1400000US36061003700,"Census Tract 37, New York County, New York",Manhattan,250001,-333333333
1400000US36061003800,"Census Tract 38, New York County, New York",Manhattan,78220,21665
1400000US36061003900,"Census Tract 39, New York County, New York",Manhattan,202542,140904
1400000US36061004001,"Census Tract 40.01, New York County, New York",Manhattan,150661,23201
1400000US36061004002,"Census Tract 40.02, New York County, New York",Manhattan,196833,90450
1400000US36061004100,"Census Tract 41, New York County, New York",Manhattan,101893,30733
1400000US36061004200,"Census Tract 42, New York County, New York",Manhattan,131083,81656
1400000US36061004300,"Census Tract 43, New York County, New York",Manhattan,122730,48504
1400000US36061004400,"Census Tract 44, New York County, New York",Manhattan,153280,36272
1400000US36061004500,"Census Tract 45, New York County, New York",Manhattan,170714,58078
1400000US36061004700,"Census Tract 47, New York County, New York",Manhattan,148750,52480
1400000US36061004800,"Census Tract 48, New York County, New York",Manhattan,161973,27530
1400000US36061004900,"Census Tract 49, New York County, New York",Manhattan,146967,24221
1400000US36061005000,"Census Tract 50, New York County, New York",Manhattan,205250,41717
1400000US36061005200,"Census Tract 52, New York County, New York",Manhattan,238750,43699
1400000US36061005400,"Census Tract 54, New York County, New York",Manhattan,124732,34244
1400000US36061005501,"Census Tract 55.01, New York County, New York",Manhattan,214306,62882
1400000US36061005502,"Census Tract 55.02, New York County, New York",Manhattan,179844,115466
1400000US36061005600,"Census Tract 56, New York County, New York",Manhattan,183068,131261
1400000US36061005700,"Census Tract 57, New York County, New York",Manhattan,201116,59318
1400000US36061005800,"Census Tract 58, New York County, New York",Manhattan,206827,62119
1400000US36061005900,"Census Tract 59, New York County, New York",Manhattan,181375,54586
1400000US36061006000,"Census Tract 60, New York County, New York",Manhattan,202600,52063
1400000US36061006100,"Census Tract 61, New York County, New York",Manhattan,179167,73442
1400000US36061006200,"Census Tract 62, New York County, New York",Manhattan,104255,9840
1400000US36061006300,"Census Tract 63, New York County, New York",Manhattan,173995,62002
1400000US36061006400,"Census Tract 64, New York County, New York",Manhattan,130385,46651
1400000US36061006500,"Census Tract 65, New York County, New York",Manhattan,133781,33077
1400000US36061006600,"Census Tract 66, New York County, New York",Manhattan,101990,22221
1400000US36061006700,"Census Tract 67, New York County, New York",Manhattan,131304,35398
1400000US36061006800,"Census Tract 68, New York County, New York",Manhattan,128919,43666
1400000US36061006900,"Census Tract 69, New York County, New York",Manhattan,238563,59976
1400000US36061007001,"Census Tract 70.01, New York County, New York",Manhattan,163287,93004
1400000US36061007002,"Census Tract 70.02, New York County, New York",Manhattan,154965,39282
1400000US36061007100,"Census Tract 71, New York County, New York",Manhattan,150449,36423
1400000US36061007200,"Census Tract 72, New York County, New York",Manhattan,136979,31435
1400000US36061007300,"Census Tract 73, New York County, New York",Manhattan,175590,58176
1400000US36061007400,"Census Tract 74, New York County, New York",Manhattan,215511,21275
1400000US36061007500,"Census Tract 75, New York County, New York",Manhattan,187647,94853
1400000US36061007600,"Census Tract 76, New York County, New York",Manhattan,193644,15300
1400000US36061007700,"Census Tract 77, New York County, New York",Manhattan,230044,63331
1400000US36061007800,"Census Tract 78, New York County, New York",Manhattan,134092,58529
1400000US36061007900,"Census Tract 79, New York County, New York",Manhattan,200079,47036
1400000US36061008000,"Census Tract 80, New York County, New York",Manhattan,177105,23129
1400000US36061008100,"Census Tract 81, New York County, New York",Manhattan,134538,28288
1400000US36061008200,"Census Tract 82, New York County, New York",Manhattan,162143,113796
1400000US36061008300,"Census Tract 83, New York County, New York",Manhattan,75000,28510
1400000US36061008400,"Census Tract 84, New York County, New York",Manhattan,231546,36530
1400000US36061008601,"Census Tract 86.01, New York County, New York",Manhattan,145054,41234
1400000US36061008602,"Census Tract 86.02, New York County, New York",Manhattan,-666666666,-222222222
1400000US36061008603,"Census Tract 86.03, New York County, New York",Manhattan,200735,23977
1400000US36061008700,"Census Tract 87, New York County, New York",Manhattan,150384,16172
1400000US36061008800,"Census Tract 88, New York County, New York",Manhattan,112782,37605
1400000US36061008900,"Census Tract 89, New York County, New York",Manhattan,102260,35627
1400000US36061009000,"Census Tract 90, New York County, New York",Manhattan,156381,24262
1400000US36061009100,"Census Tract 91, New York County, New York",Manhattan,160866,68641
1400000US36061009200,"Census Tract 92, New York County, New York",Manhattan,166638,35228
1400000US36061009300,"Census Tract 93, New York County, New York",Manhattan,122586,52654
1400000US36061009400,"Census Tract 94, New York County, New York",Manhattan,81875,26703
1400000US36061009500,"Census Tract 95, New York County, New York",Manhattan,222321,67663
1400000US36061009600,"Census Tract 96, New York County, New York",Manhattan,-666666666,-222222222
1400000US36061009700,"Census Tract 97, New York County, New York",Manhattan,71537,13839
1400000US36061009800,"Census Tract 98, New York County, New York",Manhattan,171745,46415
1400000US36061009901,"Census Tract 99.01, New York County, New York",Manhattan,250001,-333333333
1400000US36061009902,"Census Tract 99.02, New York County, New York",Manhattan,162845,42365
1400000US36061009903,"Census Tract 99.03, New York County, New York",Manhattan,187596,105568
1400000US36061010000,"Census Tract 100, New York County, New York",Manhattan,99875,48199
1400000US36061010100,"Census Tract 101, New York County, New York",Manhattan,108304,48365
1400000US36061010200,"Census Tract 102, New York County, New York",Manhattan,-666666666,-222222222
1400000US36061010300,"Census Tract 103, New York County, New York",Manhattan,180200,70219
1400000US36061010400,"Census Tract 104, New York County, New York",Manhattan,193026,63232
1400000US36061010601,"Census Tract 106.01, New York County, New York",Manhattan,249091,40147
1400000US36061010602,"Census Tract 106.02, New York County, New York",Manhattan,207717,62163
1400000US36061010801,"Census Tract 108.01, New York County, New York",Manhattan,160719,40696
1400000US36061010802,"Census Tract 108.02, New York County, New York",Manhattan,134004,63768
1400000US36061010803,"Census Tract 108.03, New York County, New York",Manhattan,119178,16649
1400000US36061010900,"Census Tract 109, New York County, New York",Manhattan,163542,21279
1400000US36061011000,"Census Tract 110, New York County, New York",Manhattan,150164,20582
1400000US36061011100,"Census Tract 111, New York County, New York",Manhattan,104451,37697
1400000US36061011201,"Census Tract 112.01, New York County, New York",Manhattan,163750,57434
1400000US36061011202,"Census Tract 112.02, New York County, New York",Manhattan,211563,79745
1400000US36061011203,"Census Tract 112.03, New York County, New York",Manhattan,167083,60162
1400000US36061011300,"Census Tract 113, New York County, New York",Manhattan,93750,53777
1400000US36061011401,"Census Tract 114.01, New York County, New York",Manhattan,155809,130902
1400000US36061011402,"Census Tract 114.02, New York County, New York",Manhattan,206818,76138
1400000US36061011500,"Census Tract 115, New York County, New York",Manhattan,138750,69371
1400000US36061011600,"Census Tract 116, New York County, New York",Manhattan,90212,50474
1400000US36061011700,"Census Tract 117, New York County, New York",Manhattan,116048,11703
1400000US36061011800,"Census Tract 118, New York County, New York",Manhattan,139332,44862
1400000US36061011900,"Census Tract 119, New York County, New York",Manhattan,18050,6797
1400000US36061012000,"Census Tract 120, New York County, New York",Manhattan,192644,88500
1400000US36061012101,"Census Tract 121.01, New York County, New York",Manhattan,63690,14209
1400000US36061012102,"Census Tract 121.02, New York County, New York",Manhattan,62727,18362
1400000US36061012200,"Census Tract 122, New York County, New York",Manhattan,222909,57068
1400000US36061012400,"Census Tract 124, New York County, New York",Manhattan,120709,27428
1400000US36061012500,"Census Tract 125, New York County, New York",Manhattan,171250,99057
1400000US36061012601,"Census Tract 126.01, New York County, New York",Manhattan,136781,41238
1400000US36061012602,"Census Tract 126.02, New York County, New York",Manhattan,232600,41410
1400000US36061012700,"Census Tract 127, New York County, New York",Manhattan,120214,27548
1400000US36061012800,"Census Tract 128, New York County, New York",Manhattan,220256,54508
1400000US36061012901,"Census Tract 129.01, New York County, New York",Manhattan,110917,29012
1400000US36061012902,"Census Tract 129.02, New York County, New York",Manhattan,128625,30207
1400000US36061013000,"Census Tract 130, New York County, New York",Manhattan,212414,66386
1400000US36061013100,"Census Tract 131, New York County, New York",Manhattan,136346,50760
1400000US36061013201,"Census Tract 132.01, New York County, New York",Manhattan,162054,59169
1400000US36061013202,"Census Tract 132.02, New York County, New York",Manhattan,101836,15194
1400000US36061013203,"Census Tract 132.03, New York County, New York",Manhattan,122083,44871
1400000US36061013300,"Census Tract 133, New York County, New York",Manhattan,156829,56806
1400000US36061013400,"Census Tract 134, New York County, New York",Manhattan,122163,32888
1400000US36061013501,"Census Tract 135.01, New York County, New York",Manhattan,99265,31195
1400000US36061013502,"Census Tract 135.02, New York County, New York",Manhattan,95693,50945
1400000US36061013601,"Census Tract 136.01, New York County, New York",Manhattan,250001,-333333333
1400000US36061013602,"Census Tract 136.02, New York County, New York",Manhattan,188628,78268
1400000US36061013603,"Census Tract 136.03, New York County, New York",Manhattan,171912,72184
1400000US36061013604,"Census Tract 136.04, New York County, New York",Manhattan,168970,39497
1400000US36061013700,"Census Tract 137, New York County, New York",Manhattan,167929,40349
1400000US36061013800,"Census Tract 138, New York County, New York",Manhattan,141343,21971
1400000US36061013900,"Census Tract 139, New York County, New York",Manhattan,108071,24577
1400000US36061014000,"Census Tract 140, New York County, New York",Manhattan,220066,69262
1400000US36061014200,"Census Tract 142, New York County, New York",Manhattan,250001,-333333333
1400000US36061014300,"Census Tract 143, New York County, New York",Manhattan,-666666666,-222222222
1400000US36061014401,"Census Tract 144.01, New York County, New York",Manhattan,202966,59377
1400000US36061014402,"Census Tract 144.02, New York County, New York",Manhattan,163086,43205
1400000US36061014500,"Census Tract 145, New York County, New York",Manhattan,186389,36493
1400000US36061014601,"Census Tract 146.01, New York County, New York",Manhattan,139000,54441
1400000US36061014602,"Census Tract 146.02, New York County, New York",Manhattan,132457,34131
1400000US36061014700,"Census Tract 147, New York County, New York",Manhattan,202250,69651
1400000US36061014801,"Census Tract 148.01, New York County, New York",Manhattan,202670,24514
1400000US36061014802,"Census Tract 148.02, New York County, New York",Manhattan,179304,25575
1400000US36061014900,"Census Tract 149, New York County, New York",Manhattan,184896,37443
1400000US36061015001,"Census Tract 150.01, New York County, New York",Manhattan,194659,65428
1400000US36061015002,"Census Tract 150.02, New York County, New York",Manhattan,243480,29014
1400000US36061015101,"Census Tract 151.01, New York County, New York",Manhattan,44107,32122
1400000US36061015102,"Census Tract 151.02, New York County, New York",Manhattan,163274,88391
1400000US36061015200,"Census Tract 152, New York County, New York",Manhattan,114940,61612
1400000US36061015301,"Census Tract 153.01, New York County, New York",Manhattan,186949,62566
1400000US36061015302,"Census Tract 153.02, New York County, New York",Manhattan,189453,68564
1400000US36061015401,"Census Tract 154.01, New York County, New York",Manhattan,122860,39236
1400000US36061015402,"Census Tract 154.02, New York County, New York",Manhattan,147589,72808
1400000US36061015403,"Census Tract 154.03, New York County, New York",Manhattan,129848,53677
1400000US36061015501,"Census Tract 155.01, New York County, New York",Manhattan,186563,76594
1400000US36061015502,"Census Tract 155.02, New York County, New York",Manhattan,177841,79121
1400000US36061015601,"Census Tract 156.01, New York County, New York",Manhattan,127741,24314
1400000US36061015602,"Census Tract 156.02, New York County, New York",Manhattan,75147,63782
1400000US36061015700,"Census Tract 157, New York County, New York",Manhattan,163712,23128
1400000US36061015801,"Census Tract 158.01, New York County, New York",Manhattan,177750,30899
1400000US36061015802,"Census Tract 158.02, New York County, New York",Manhattan,95391,31060
1400000US36061015900,"Census Tract 159, New York County, New York",Manhattan,156830,42943
1400000US36061016001,"Census Tract 160.01, New York County, New York",Manhattan,250001,-333333333
1400000US36061016002,"Census Tract 160.02, New York County, New York",Manhattan,121216,42393
1400000US36061016100,"Census Tract 161, New York County, New York",Manhattan,179179,57003
1400000US36061016200,"Census Tract 162, New York County, New York",Manhattan,21942,10174
1400000US36061016300,"Census Tract 163, New York County, New York",Manhattan,137829,73463
1400000US36061016400,"Census Tract 164, New York County, New York",Manhattan,26544,8591
1400000US36061016500,"Census Tract 165, New York County, New York",Manhattan,213661,49547
1400000US36061016600,"Census Tract 166, New York County, New York",Manhattan,50231,26708
1400000US36061016700,"Census Tract 167, New York County, New York",Manhattan,250001,-333333333
1400000US36061016800,"Census Tract 168, New York County, New York",Manhattan,38833,11860
1400000US36061016900,"Census Tract 169, New York County, New York",Manhattan,184268,39626
1400000US36061017000,"Census Tract 170, New York County, New York",Manhattan,40027,13586
1400000US36061017100,"Census Tract 171, New York County, New York",Manhattan,149587,23494
1400000US36061017200,"Census Tract 172, New York County, New York",Manhattan,34024,11504
1400000US36061017300,"Census Tract 173, New York County, New York",Manhattan,162625,37676
1400000US36061017401,"Census Tract 174.01, New York County, New York",Manhattan,37975,9172
1400000US36061017402,"Census Tract 174.02, New York County, New York",Manhattan,81364,28130
1400000US36061017500,"Census Tract 175, New York County, New York",Manhattan,154118,44062
1400000US36061017700,"Census Tract 177, New York County, New York",Manhattan,108429,42228
1400000US36061017800,"Census Tract 178, New York County, New York",Manhattan,56875,32900
1400000US36061017900,"Census Tract 179, New York County, New York",Manhattan,168859,73801
1400000US36061018000,"Census Tract 180, New York County, New York",Manhattan,50560,27785
1400000US36061018100,"Census Tract 181, New York County, New York",Manhattan,114966,26698
1400000US36061018200,"Census Tract 182, New York County, New York",Manhattan,38942,21436
1400000US36061018300,"Census Tract 183, New York County, New York",Manhattan,149367,37019
1400000US36061018400,"Census Tract 184, New York County, New York",Manhattan,51866,18973
1400000US36061018500,"Census Tract 185, New York County, New York",Manhattan,162188,63981
1400000US36061018600,"Census Tract 186, New York County, New York",Manhattan,50862,20209
1400000US36061018700,"Census Tract 187, New York County, New York",Manhattan,145459,41776
1400000US36061018800,"Census Tract 188, New York County, New York",Manhattan,27237,12020
1400000US36061018900,"Census Tract 189, New York County, New York",Manhattan,44263,23407
1400000US36061019000,"Census Tract 190, New York County, New York",Manhattan,121438,16576
1400000US36061019100,"Census Tract 191, New York County, New York",Manhattan,142500,30586
1400000US36061019200,"Census Tract 192, New York County, New York",Manhattan,19525,11954
1400000US36061019300,"Census Tract 193, New York County, New York",Manhattan,67090,18243
1400000US36061019400,"Census Tract 194, New York County, New York",Manhattan,45750,9131
1400000US36061019500,"Census Tract 195, New York County, New York",Manhattan,122103,12984
1400000US36061019600,"Census Tract 196, New York County, New York",Manhattan,28069,13872
1400000US36061019701,"Census Tract 197.01, New York County, New York",Manhattan,57292,14267
1400000US36061019702,"Census Tract 197.02, New York County, New York",Manhattan,111250,36545
1400000US36061019800,"Census Tract 198, New York County, New York",Manhattan,108250,32869
1400000US36061019900,"Census Tract 199, New York County, New York",Manhattan,83929,31685
1400000US36061020000,"Census Tract 200, New York County, New York",Manhattan,57034,41254
1400000US36061020101,"Census Tract 201.01, New York County, New York",Manhattan,152250,107329
1400000US36061020102,"Census Tract 201.02, New York County, New York",Manhattan,83375,36894
1400000US36061020300,"Census Tract 203, New York County, New York",Manhattan,67528,22360
1400000US36061020500,"Census Tract 205, New York County, New York",Manhattan,196576,43227
1400000US36061020600,"Census Tract 206, New York County, New York",Manhattan,50864,21944
1400000US36061020701,"Census Tract 207.01, New York County, New York",Manhattan,92788,17296
1400000US36061020800,"Census Tract 208, New York County, New York",Manhattan,73197,25877
1400000US36061020901,"Census Tract 209.01, New York County, New York",Manhattan,25357,12432
1400000US36061021000,"Census Tract 210, New York County, New York",Manhattan,43645,18045
1400000US36061021100,"Census Tract 211, New York County, New York",Manhattan,65753,15436
1400000US36061021200,"Census Tract 212, New York County, New York",Manhattan,69702,42196
1400000US36061021303,"Census Tract 213.03, New York County, New York",Manhattan,57119,8578
1400000US36061021400,"Census Tract 214, New York County, New York",Manhattan,51068,13818
1400000US36061021500,"Census Tract 215, New York County, New York",Manhattan,56884,4997
1400000US36061021600,"Census Tract 216, New York County, New York",Manhattan,73831,12937
1400000US36061021703,"Census Tract 217.03, New York County, New York",Manhattan,-666666666,-222222222
1400000US36061021800,"Census Tract 218, New York County, New York",Manhattan,47193,38071
1400000US36061021900,"Census Tract 219, New York County, New York",Manhattan,21938,8640
1400000US36061022000,"Census Tract 220, New York County, New York",Manhattan,74151,39274
1400000US36061022102,"Census Tract 221.02, New York County, New York",Manhattan,67669,14043
1400000US36061022200,"Census Tract 222, New York County, New York",Manhattan,84071,40632
1400000US36061022301,"Census Tract 223.01, New York County, New York",Manhattan,50668,8633
1400000US36061022302,"Census Tract 223.02, New York County, New York",Manhattan,50238,11965
1400000US36061022400,"Census Tract 224, New York County, New York",Manhattan,19326,6561
1400000US36061022500,"Census Tract 225, New York County, New York",Manhattan,53424,29324
1400000US36061022600,"Census Tract 226, New York County, New York",Manhattan,86559,21376
1400000US36061022700,"Census Tract 227, New York County, New York",Manhattan,63574,15050
1400000US36061022800,"Census Tract 228, New York County, New York",Manhattan,63413,36253
1400000US36061022900,"Census Tract 229, New York County, New York",Manhattan,60346,24459
1400000US36061023000,"Census Tract 230, New York County, New York",Manhattan,27860,18575
1400000US36061023100,"Census Tract 231, New York County, New York",Manhattan,69949,18258
1400000US36061023200,"Census Tract 232, New York County, New York",Manhattan,27967,8680
1400000US36061023300,"Census Tract 233, New York County, New York",Manhattan,84927,16595
1400000US36061023400,"Census Tract 234, New York County, New York",Manhattan,62346,21285
1400000US36061023501,"Census Tract 235.01, New York County, New York",Manhattan,71893,16527
1400000US36061023502,"Census Tract 235.02, New York County, New York",Manhattan,44491,5101
1400000US36061023600,"Census Tract 236, New York County, New York",Manhattan,43679,4886
1400000US36061023700,"Census Tract 237, New York County, New York",Manhattan,60404,21724
1400000US36061023802,"Census Tract 238.02, New York County, New York",Manhattan,100870,17926
1400000US36061023803,"Census Tract 238.03, New York County, New York",Manhattan,80724,25144
1400000US36061023804,"Census Tract 238.04, New York County, New York",Manhattan,183536,60521
1400000US36061023900,"Census Tract 239, New York County, New York",Manhattan,48816,3523
1400000US36061024000,"Census Tract 240, New York County, New York",Manhattan,-666666666,-222222222
1400000US36061024100,"Census Tract 241, New York County, New York",Manhattan,59500,11736
1400000US36061024200,"Census Tract 242, New York County, New York",Manhattan,42617,6718
1400000US36061024301,"Census Tract 243.01, New York County, New York",Manhattan,74226,21822
1400000US36061024302,"Census Tract 243.02, New York County, New York",Manhattan,23574,4829
1400000US36061024500,"Census Tract 245, New York County, New York",Manhattan,51403,10241
1400000US36061024700,"Census Tract 247, New York County, New York",Manhattan,83605,43039
1400000US36061024900,"Census Tract 249, New York County, New York",Manhattan,68000,23640
1400000US36061025100,"Census Tract 251, New York County, New York",Manhattan,37839,11536
1400000US36061025300,"Census Tract 253, New York County, New York",Manhattan,72763,3184
1400000US36061025500,"Census Tract 255, New York County, New York",Manhattan,78315,28163
1400000US36061025700,"Census Tract 257, New York County, New York",Manhattan,104033,60098
1400000US36061025900,"Census Tract 259, New York County, New York",Manhattan,79429,25476
1400000US36061026100,"Census Tract 261, New York County, New York",Manhattan,40352,10553
1400000US36061026300,"Census Tract 263, New York County, New York",Manhattan,67024,11278
1400000US36061026500,"Census Tract 265, New York County, New York",Manhattan,92434,32796
1400000US36061026700,"Census Tract 267, New York County, New York",Manhattan,51250,8833
1400000US36061026900,"Census Tract 269, New York County, New York",Manhattan,52389,28201
1400000US36061027100,"Census Tract 271, New York County, New York",Manhattan,71595,15407
1400000US36061027300,"Census Tract 273, New York County, New York",Manhattan,122654,9390
1400000US36061027500,"Census Tract 275, New York County, New York",Manhattan,170000,94139
1400000US36061027700,"Census Tract 277, New York County, New York",Manhattan,58086,32149
1400000US36061027900,"Census Tract 279, New York County, New York",Manhattan,68596,11526
1400000US36061028100,"Census Tract 281, New York County, New York",Manhattan,143194,60427
1400000US36061028300,"Census Tract 283, New York County, New York",Manhattan,64803,18445
1400000US36061028500,"Census Tract 285, New York County, New York",Manhattan,51026,20758
1400000US36061028700,"Census Tract 287, New York County, New York",Manhattan,89476,18385
1400000US36061029100,"Census Tract 291, New York County, New York",Manhattan,62348,6348
1400000US36061029300,"Census Tract 293, New York County, New York",Manhattan,35987,8499
1400000US36061029500,"Census Tract 295, New York County, New York",Manhattan,87108,20437
1400000US36061029700,"Census Tract 297, New York County, New York",Manhattan,-666666666,-222222222
1400000US36061029900,"Census Tract 299, New York County, New York",Manhattan,34731,14561
1400000US36061030300,"Census Tract 303, New York County, New York",Manhattan,94208,22205
1400000US36061030700,"Census Tract 307, New York County, New York",Manhattan,108073,21321
1400000US36061030900,"Census Tract 309, New York County, New York",Manhattan,40438,17887
1400000US36061031100,"Census Tract 311, New York County, New York",Manhattan,-666666666,-222222222
1400000US36061031703,"Census Tract 317.03, New York County, New York",Manhattan,250001,-333333333
1400000US36061031704,"Census Tract 317.04, New York County, New York",Manhattan,218917,89703
1400000US36061031900,"Census Tract 319, New York County, New York",Manhattan,-666666666,-222222222
1400000US36081000101,"Census Tract 1.01, Queens County, New York",Queens,134304,45183
1400000US36081000102,"Census Tract 1.02, Queens County, New York",Queens,213135,12911
1400000US36081000103,"Census Tract 1.03, Queens County, New York",Queens,-666666666,-222222222
1400000US36081000104,"Census Tract 1.04, Queens County, New York",Queens,-666666666,-222222222
1400000US36081000200,"Census Tract 2, Queens County, New York",Queens,84643,37121
1400000US36081000400,"Census Tract 4, Queens County, New York",Queens,74107,20691
1400000US36081000600,"Census Tract 6, Queens County, New York",Queens,101042,37021
1400000US36081000701,"Census Tract 7.01, Queens County, New York",Queens,136875,26703
1400000US36081000702,"Census Tract 7.02, Queens County, New York",Queens,132368,25075
1400000US36081000800,"Census Tract 8, Queens County, New York",Queens,111856,17378
1400000US36081001000,"Census Tract 10, Queens County, New York",Queens,85625,20015
1400000US36081001200,"Census Tract 12, Queens County, New York",Queens,86524,12222
1400000US36081001400,"Census Tract 14, Queens County, New York",Queens,80456,36147
1400000US36081001600,"Census Tract 16, Queens County, New York",Queens,77500,10429
1400000US36081001800,"Census Tract 18, Queens County, New York",Queens,118694,57160
1400000US36081001901,"Census Tract 19.01, Queens County, New York",Queens,232109,74711
1400000US36081001902,"Census Tract 19.02, Queens County, New York",Queens,171458,69980
1400000US36081001903,"Census Tract 19.03, Queens County, New York",Queens,172986,35621
1400000US36081002000,"Census Tract 20, Queens County, New York",Queens,138750,32703
1400000US36081002200,"Census Tract 22, Queens County, New York",Queens,71667,17925
1400000US36081002400,"Census Tract 24, Queens County, New York",Queens,88421,25329
1400000US36081002500,"Census Tract 25, Queens County, New York",Queens,26044,7176
1400000US36081002600,"Census Tract 26, Queens County, New York",Queens,135267,12970
1400000US36081002800,"Census Tract 28, Queens County, New York",Queens,89545,10099
1400000US36081003000,"Census Tract 30, Queens County, New York",Queens,120417,51280
1400000US36081003100,"Census Tract 31, Queens County, New York",Queens,121908,33196
1400000US36081003200,"Census Tract 32, Queens County, New York",Queens,130160,25100
1400000US36081003301,"Census Tract 33.01, Queens County, New York",Queens,152056,30616
1400000US36081003302,"Census Tract 33.02, Queens County, New York",Queens,80385,45539
1400000US36081003400,"Census Tract 34, Queens County, New York",Queens,74922,23057
1400000US36081003600,"Census Tract 36, Queens County, New York",Queens,64459,40626
1400000US36081003700,"Census Tract 37, Queens County, New York",Queens,-666666666,-222222222
1400000US36081003800,"Census Tract 38, Queens County, New York",Queens,86146,20802
1400000US36081003900,"Census Tract 39, Queens County, New York",Queens,59988,15352
1400000US36081004001,"Census Tract 40.01, Queens County, New York",Queens,92500,19441
1400000US36081004002,"Census Tract 40.02, Queens County, New York",Queens,49379,2649
1400000US36081004200,"Census Tract 42, Queens County, New York",Queens,67270,41110
1400000US36081004300,"Census Tract 43, Queens County, New York",Queens,26814,10282
1400000US36081004401,"Census Tract 44.01, Queens County, New York",Queens,61920,30686
1400000US36081004500,"Census Tract 45, Queens County, New York",Queens,97462,18527
1400000US36081004700,"Census Tract 47, Queens County, New York",Queens,56333,18716
1400000US36081005000,"Census Tract 50, Queens County, New York",Queens,-666666666,-222222222
1400000US36081005100,"Census Tract 51, Queens County, New York",Queens,90104,10417
1400000US36081005200,"Census Tract 52, Queens County, New York",Queens,76300,14194
1400000US36081005300,"Census Tract 53, Queens County, New York",Queens,113816,41118
1400000US36081005400,"Census Tract 54, Queens County, New York",Queens,78633,7920
1400000US36081005500,"Census Tract 55, Queens County, New York",Queens,81310,28859
1400000US36081005700,"Census Tract 57, Queens County, New York",Queens,94142,14241
1400000US36081005800,"Census Tract 58, Queens County, New York",Queens,91875,22985
1400000US36081005900,"Census Tract 59, Queens County, New York",Queens,76813,20047
1400000US36081006100,"Census Tract 61, Queens County, New York",Queens,106413,14373
1400000US36081006201,"Census Tract 62.01, Queens County, New York",Queens,61954,16704
1400000US36081006202,"Census Tract 62.02, Queens County, New York",Queens,91902,17216
1400000US36081006300,"Census Tract 63, Queens County, New York",Queens,137746,19564
1400000US36081006501,"Census Tract 65.01, Queens County, New York",Queens,94628,20314
1400000US36081006502,"Census Tract 65.02, Queens County, New York",Queens,80539,12427
1400000US36081006900,"Census Tract 69, Queens County, New York",Queens,121526,20779
1400000US36081007100,"Census Tract 71, Queens County, New York",Queens,89562,25637
1400000US36081007300,"Census Tract 73, Queens County, New York",Queens,101691,17510
1400000US36081007500,"Census Tract 75, Queens County, New York",Queens,79634,20801
1400000US36081007700,"Census Tract 77, Queens County, New York",Queens,139267,33772
1400000US36081007900,"Census Tract 79, Queens County, New York",Queens,111875,48712
1400000US36081008100,"Census Tract 81, Queens County, New York",Queens,122798,24974
1400000US36081008300,"Census Tract 83, Queens County, New York",Queens,94803,34961
1400000US36081008500,"Census Tract 85, Queens County, New York",Queens,82708,51325
1400000US36081008600,"Census Tract 86, Queens County, New York",Queens,89667,15640
1400000US36081008700,"Census Tract 87, Queens County, New York",Queens,-666666666,-222222222
1400000US36081008800,"Census Tract 88, Queens County, New York",Queens,127313,23742
1400000US36081009100,"Census Tract 91, Queens County, New York",Queens,99070,14813
1400000US36081009400,"Census Tract 94, Queens County, New York",Queens,73636,15536
1400000US36081009500,"Census Tract 95, Queens County, New York",Queens,127946,44253
1400000US36081009600,"Census Tract 96, Queens County, New York",Queens,124423,47799
1400000US36081009700,"Census Tract 97, Queens County, New York",Queens,121088,25935
1400000US36081009800,"Census Tract 98, Queens County, New York",Queens,84458,19223
1400000US36081009900,"Census Tract 99, Queens County, New York",Queens,-666666666,-222222222
1400000US36081010000,"Census Tract 100, Queens County, New York",Queens,114327,35955
1400000US36081010100,"Census Tract 101, Queens County, New York",Queens,147308,34925
1400000US36081010200,"Census Tract 102, Queens County, New York",Queens,107270,23592
1400000US36081010300,"Census Tract 103, Queens County, New York",Queens,84821,21927
1400000US36081010400,"Census Tract 104, Queens County, New York",Queens,95781,28308
1400000US36081010500,"Census Tract 105, Queens County, New York",Queens,65233,16115
1400000US36081010600,"Census Tract 106, Queens County, New York",Queens,121250,21869
1400000US36081010701,"Census Tract 107.01, Queens County, New York",Queens,-666666666,-222222222
1400000US36081010800,"Census Tract 108, Queens County, New York",Queens,108299,29013
1400000US36081011000,"Census Tract 110, Queens County, New York",Queens,77031,19935
1400000US36081011100,"Census Tract 111, Queens County, New York",Queens,111125,33771
1400000US36081011200,"Census Tract 112, Queens County, New York",Queens,69030,16290
1400000US36081011300,"Census Tract 113, Queens County, New York",Queens,87393,9287
1400000US36081011400,"Census Tract 114, Queens County, New York",Queens,121442,42086
1400000US36081011500,"Census Tract 115, Queens County, New York",Queens,113370,29698
1400000US36081011600,"Census Tract 116, Queens County, New York",Queens,71576,53323
1400000US36081011700,"Census Tract 117, Queens County, New York",Queens,125550,23344
1400000US36081011800,"Census Tract 118, Queens County, New York",Queens,86754,13576
1400000US36081011900,"Census Tract 119, Queens County, New York",Queens,84886,11011
1400000US36081012000,"Census Tract 120, Queens County, New York",Queens,82500,22748
1400000US36081012100,"Census Tract 121, Queens County, New York",Queens,108125,22087
1400000US36081012200,"Census Tract 122, Queens County, New York",Queens,118015,32491
1400000US36081012301,"Census Tract 123.01, Queens County, New York",Queens,106328,28256
1400000US36081012400,"Census Tract 124, Queens County, New York",Queens,71435,39415
1400000US36081012500,"Census Tract 125, Queens County, New York",Queens,93309,24617
1400000US36081012601,"Census Tract 126.01, Queens County, New York",Queens,82450,55698
1400000US36081012602,"Census Tract 126.02, Queens County, New York",Queens,79531,14583
1400000US36081012800,"Census Tract 128, Queens County, New York",Queens,103750,22054
1400000US36081013000,"Census Tract 130, Queens County, New York",Queens,82708,55360
1400000US36081013200,"Census Tract 132, Queens County, New York",Queens,84452,7670
1400000US36081013400,"Census Tract 134, Queens County, New York",Queens,77073,31309
1400000US36081013500,"Census Tract 135, Queens County, New York",Queens,103250,14959
1400000US36081013600,"Census Tract 136, Queens County, New York",Queens,86601,10412
1400000US36081013700,"Census Tract 137, Queens County, New York",Queens,108056,26304
1400000US36081013800,"Census Tract 138, Queens County, New York",Queens,76938,6182
1400000US36081014000,"Census Tract 140, Queens County, New York",Queens,117631,20156
1400000US36081014100,"Census Tract 141, Queens County, New York",Queens,100568,31812
1400000US36081014201,"Census Tract 142.01, Queens County, New York",Queens,70813,42087
1400000US36081014202,"Census Tract 142.02, Queens County, New York",Queens,88750,36876
1400000US36081014300,"Census Tract 143, Queens County, New York",Queens,95446,24608
1400000US36081014400,"Census Tract 144, Queens County, New York",Queens,80101,58272
1400000US36081014500,"Census Tract 145, Queens County, New York",Queens,88462,34430
1400000US36081014700,"Census Tract 147, Queens County, New York",Queens,94180,23201
1400000US36081014800,"Census Tract 148, Queens County, New York",Queens,-666666666,-222222222
1400000US36081014900,"Census Tract 149, Queens County, New York",Queens,66000,14930
1400000US36081015000,"Census Tract 150, Queens County, New York",Queens,91116,22431
1400000US36081015100,"Census Tract 151, Queens County, New York",Queens,68932,10976
1400000US36081015200,"Census Tract 152, Queens County, New York",Queens,82093,28385
1400000US36081015300,"Census Tract 153, Queens County, New York",Queens,88636,22927
1400000US36081015400,"Census Tract 154, Queens County, New York",Queens,69414,21470
1400000US36081015500,"Census Tract 155, Queens County, New York",Queens,94375,14122
1400000US36081015600,"Census Tract 156, Queens County, New York",Queens,79063,29748
1400000US36081015700,"Census Tract 157, Queens County, New York",Queens,75982,15113
1400000US36081015801,"Census Tract 158.01, Queens County, New York",Queens,98387,6564
1400000US36081015802,"Census Tract 158.02, Queens County, New York",Queens,105149,36282
1400000US36081015900,"Census Tract 159, Queens County, New York",Queens,71615,18804
1400000US36081016100,"Census Tract 161, Queens County, New York",Queens,92042,16479
1400000US36081016300,"Census Tract 163, Queens County, New York",Queens,35237,9139
1400000US36081016400,"Census Tract 164, Queens County, New York",Queens,80568,44179
1400000US36081016600,"Census Tract 166, Queens County, New York",Queens,78108,17300
1400000US36081016800,"Census Tract 168, Queens County, New York",Queens,108173,33051
1400000US36081016900,"Census Tract 169, Queens County, New York",Queens,89679,27428
1400000US36081017000,"Census Tract 170, Queens County, New York",Queens,108229,28103
1400000US36081017101,"Census Tract 171.01, Queens County, New York",Queens,-666666666,-222222222
1400000US36081017102,"Census Tract 171.02, Queens County, New York",Queens,184083,64693
1400000US36081017200,"Census Tract 172, Queens County, New York",Queens,74760,27079
1400000US36081017400,"Census Tract 174, Queens County, New York",Queens,121759,41485
1400000US36081017600,"Census Tract 176, Queens County, New York",Queens,83906,38486
1400000US36081017800,"Census Tract 178, Queens County, New York",Queens,90096,39230
1400000US36081017901,"Census Tract 179.01, Queens County, New York",Queens,81319,12450
1400000US36081017902,"Census Tract 179.02, Queens County, New York",Queens,-666666666,-222222222
1400000US36081018000,"Census Tract 180, Queens County, New York",Queens,80147,31324
1400000US36081018101,"Census Tract 181.01, Queens County, New York",Queens,78864,26945
1400000US36081018102,"Census Tract 181.02, Queens County, New York",Queens,83750,13212
1400000US36081018200,"Census Tract 182, Queens County, New York",Queens,93043,28548
1400000US36081018300,"Census Tract 183, Queens County, New York",Queens,71891,5088
1400000US36081018401,"Census Tract 184.01, Queens County, New York",Queens,57679,35034
1400000US36081018402,"Census Tract 184.02, Queens County, New York",Queens,89766,36833
1400000US36081018501,"Census Tract 185.01, Queens County, New York",Queens,88027,7440
1400000US36081018502,"Census Tract 185.02, Queens County, New York",Queens,112260,25622
1400000US36081018600,"Census Tract 186, Queens County, New York",Queens,94840,19538
1400000US36081018700,"Census Tract 187, Queens County, New York",Queens,89479,16670
1400000US36081018800,"Census Tract 188, Queens County, New York",Queens,84688,42177
1400000US36081018900,"Census Tract 189, Queens County, New York",Queens,93333,37255
1400000US36081019000,"Census Tract 190, Queens County, New York",Queens,87051,12821
1400000US36081019200,"Census Tract 192, Queens County, New York",Queens,93403,16888
1400000US36081019400,"Census Tract 194, Queens County, New York",Queens,100938,13269
1400000US36081019600,"Census Tract 196, Queens County, New York",Queens,72000,14167
1400000US36081019800,"Census Tract 198, Queens County, New York",Queens,68828,11154
1400000US36081019901,"Census Tract 199.01, Queens County, New York",Queens,-666666666,-222222222
1400000US36081019902,"Census Tract 199.02, Queens County, New York",Queens,-666666666,-222222222
1400000US36081019903,"Census Tract 199.03, Queens County, New York",Queens,-666666666,-222222222
1400000US36081020200,"Census Tract 202, Queens County, New York",Queens,-666666666,-222222222
1400000US36081020400,"Census Tract 204, Queens County, New York",Queens,63750,11743
1400000US36081020500,"Census Tract 205, Queens County, New York",Queens,76786,7178
1400000US36081020600,"Census Tract 206, Queens County, New York",Queens,56667,13836
1400000US36081020800,"Census Tract 208, Queens County, New York",Queens,60486,26065
1400000US36081021200,"Census Tract 212, Queens County, New York",Queens,70776,15956
1400000US36081021400,"Census Tract 214, Queens County, New York",Queens,87356,9110
1400000US36081021601,"Census Tract 216.01, Queens County, New York",Queens,92609,17184
1400000US36081021602,"Census Tract 216.02, Queens County, New York",Queens,73446,9301
1400000US36081021603,"Census Tract 216.03, Queens County, New York",Queens,-666666666,-222222222
1400000US36081021900,"Census Tract 219, Queens County, New York",Queens,-666666666,-222222222
1400000US36081022001,"Census Tract 220.01, Queens County, New York",Queens,86915,11450
1400000US36081022002,"Census Tract 220.02, Queens County, New York",Queens,89600,21267
1400000US36081022900,"Census Tract 229, Queens County, New York",Queens,-666666666,-222222222
1400000US36081023000,"Census Tract 230, Queens County, New York",Queens,118494,15892
1400000US36081023200,"Census Tract 232, Queens County, New York",Queens,102386,31127
1400000US36081023501,"Census Tract 235.01, Queens County, New York",Queens,60044,3081
1400000US36081023502,"Census Tract 235.02, Queens County, New York",Queens,82676,10536
1400000US36081023600,"Census Tract 236, Queens County, New York",Queens,81557,10916
1400000US36081023800,"Census Tract 238, Queens County, New York",Queens,59938,13425
1400000US36081024000,"Census Tract 240, Queens County, New York",Queens,59421,11439
1400000US36081024300,"Census Tract 243, Queens County, New York",Queens,60880,15057
1400000US36081024500,"Census Tract 245, Queens County, New York",Queens,62647,29208
1400000US36081024600,"Census Tract 246, Queens County, New York",Queens,-666666666,-222222222
1400000US36081024700,"Census Tract 247, Queens County, New York",Queens,57143,8597
1400000US36081024900,"Census Tract 249, Queens County, New York",Queens,76987,8207
1400000US36081025100,"Census Tract 251, Queens County, New York",Queens,90996,28604
1400000US36081025301,"Census Tract 253.01, Queens County, New York",Queens,70664,15388
1400000US36081025302,"Census Tract 253.02, Queens County, New York",Queens,66393,37132
1400000US36081025401,"Census Tract 254.01, Queens County, New York",Queens,76434,20378
1400000US36081025402,"Census Tract 254.02, Queens County, New York",Queens,41822,14310
1400000US36081025500,"Census Tract 255, Queens County, New York",Queens,92260,24712
1400000US36081025700,"Census Tract 257, Queens County, New York",Queens,95139,20643
1400000US36081025800,"Census Tract 258, Queens County, New York",Queens,107442,6581
1400000US36081025900,"Census Tract 259, Queens County, New York",Queens,61289,21326
1400000US36081026000,"Census Tract 260, Queens County, New York",Queens,63565,13522
1400000US36081026100,"Census Tract 261, Queens County, New York",Queens,79419,16814
1400000US36081026200,"Census Tract 262, Queens County, New York",Queens,83667,15908
1400000US36081026300,"Census Tract 263, Queens County, New York",Queens,87232,33545
1400000US36081026400,"Census Tract 264, Queens County, New York",Queens,86411,14561
1400000US36081026501,"Census Tract 265.01, Queens County, New York",Queens,73641,24803
1400000US36081026502,"Census Tract 265.02, Queens County, New York",Queens,74643,12149
1400000US36081026600,"Census Tract 266, Queens County, New York",Queens,55441,34173
1400000US36081026700,"Census Tract 267, Queens County, New York",Queens,58274,13284
1400000US36081026901,"Census Tract 269.01, Queens County, New York",Queens,58163,11089
1400000US36081026902,"Census Tract 269.02, Queens County, New York",Queens,53694,9906
1400000US36081027000,"Census Tract 270, Queens County, New York",Queens,110938,35013
1400000US36081027101,"Census Tract 271.01, Queens County, New York",Queens,54568,22438
1400000US36081027102,"Census Tract 271.02, Queens County, New York",Queens,65786,30541
1400000US36081027200,"Census Tract 272, Queens County, New York",Queens,97357,20416
1400000US36081027301,"Census Tract 273.01, Queens County, New York",Queens,69631,32693
1400000US36081027302,"Census Tract 273.02, Queens County, New York",Queens,81532,13437
1400000US36081027400,"Census Tract 274, Queens County, New York",Queens,65234,13039
1400000US36081027500,"Census Tract 275, Queens County, New York",Queens,66971,12341
1400000US36081027600,"Census Tract 276, Queens County, New York",Queens,111250,77943
1400000US36081027701,"Census Tract 277.01, Queens County, New York",Queens,67602,15432
1400000US36081027702,"Census Tract 277.02, Queens County, New York",Queens,69521,33146
1400000US36081027800,"Census Tract 278, Queens County, New York",Queens,51992,10843
1400000US36081027900,"Census Tract 279, Queens County, New York",Queens,81417,29557
1400000US36081028000,"Census Tract 280, Queens County, New York",Queens,80286,10234
1400000US36081028100,"Census Tract 281, Queens County, New York",Queens,86631,33241
1400000US36081028200,"Census Tract 282, Queens County, New York",Queens,92368,39227
1400000US36081028300,"Census Tract 283, Queens County, New York",Queens,79340,14952
1400000US36081028400,"Census Tract 284, Queens County, New York",Queens,72633,16992
1400000US36081028500,"Census Tract 285, Queens County, New York",Queens,126991,41043
1400000US36081028700,"Census Tract 287, Queens County, New York",Queens,83108,11046
1400000US36081028801,"Census Tract 288.01, Queens County, New York",Queens,120234,32395
1400000US36081028802,"Census Tract 288.02, Queens County, New York",Queens,89653,32692
1400000US36081028803,"Census Tract 288.03, Queens County, New York",Queens,-666666666,-222222222
1400000US36081028900,"Census Tract 289, Queens County, New York",Queens,83870,21356
1400000US36081029100,"Census Tract 291, Queens County, New York",Queens,53384,20001
1400000US36081029300,"Census Tract 293, Queens County, New York",Queens,70556,32878
1400000US36081029400,"Census Tract 294, Queens County, New York",Queens,102984,43904
1400000US36081029500,"Census Tract 295, Queens County, New York",Queens,81051,20590
1400000US36081029700,"Census Tract 297, Queens County, New York",Queens,101538,20916
1400000US36081029900,"Census Tract 299, Queens County, New York",Queens,-666666666,-222222222
1400000US36081030600,"Census Tract 306, Queens County, New York",Queens,111458,22669
1400000US36081030903,"Census Tract 309.03, Queens County, New York",Queens,75728,9310
1400000US36081030904,"Census Tract 309.04, Queens County, New York",Queens,58726,14313
1400000US36081030905,"Census Tract 309.05, Queens County, New York",Queens,74339,37656
1400000US36081030906,"Census Tract 309.06, Queens County, New York",Queens,84907,10544
1400000US36081031700,"Census Tract 317, Queens County, New York",Queens,75591,36617
1400000US36081032000,"Census Tract 320, Queens County, New York",Queens,100417,15105
1400000US36081032700,"Census Tract 327, Queens County, New York",Queens,88167,20424
1400000US36081032800,"Census Tract 328, Queens County, New York",Queens,94398,12878
1400000US36081032900,"Census Tract 329, Queens County, New York",Queens,66573,16375
1400000US36081033000,"Census Tract 330, Queens County, New York",Queens,105013,8084
1400000US36081033100,"Census Tract 331, Queens County, New York",Queens,-666666666,-222222222
1400000US36081033401,"Census Tract 334.01, Queens County, New York",Queens,63892,16891
1400000US36081033403,"Census Tract 334.03, Queens County, New York",Queens,53013,18760
1400000US36081033404,"Census Tract 334.04, Queens County, New York",Queens,52574,19617
1400000US36081033405,"Census Tract 334.05, Queens County, New York",Queens,86065,36089
1400000US36081033700,"Census Tract 337, Queens County, New York",Queens,107750,32702
1400000US36081033900,"Census Tract 339, Queens County, New York",Queens,69755,18390
1400000US36081034700,"Census Tract 347, Queens County, New York",Queens,77025,36721
1400000US36081035100,"Census Tract 351, Queens County, New York",Queens,85284,22753
1400000US36081035200,"Census Tract 352, Queens County, New York",Queens,105139,38048
1400000US36081035300,"Census Tract 353, Queens County, New York",Queens,104107,45665
1400000US36081035700,"Census Tract 357, Queens County, New York",Queens,93153,9264
1400000US36081035800,"Census Tract 358, Queens County, New York",Queens,97128,16295
1400000US36081036100,"Census Tract 361, Queens County, New York",Queens,92500,19907
1400000US36081036300,"Census Tract 363, Queens County, New York",Queens,76613,10662
1400000US36081036500,"Census Tract 365, Queens County, New York",Queens,72031,19460
1400000US36081036600,"Census Tract 366, Queens County, New York",Queens,75395,19985
1400000US36081036700,"Census Tract 367, Queens County, New York",Queens,78200,2424
1400000US36081036800,"Census Tract 368, Queens County, New York",Queens,125882,30580
1400000US36081037100,"Census Tract 371, Queens County, New York",Queens,81607,16783
1400000US36081037300,"Census Tract 373, Queens County, New York",Queens,59821,35448
1400000US36081037501,"Census Tract 375.01, Queens County, New York",Queens,92647,21958
1400000US36081037502,"Census Tract 375.02, Queens County, New York",Queens,70625,14332
1400000US36081037600,"Census Tract 376, Queens County, New York",Queens,112955,22059
1400000US36081037700,"Census Tract 377, Queens County, New York",Queens,81797,30508
1400000US36081037900,"Census Tract 379, Queens County, New York",Queens,80927,8888
1400000US36081038100,"Census Tract 381, Queens County, New York",Queens,83654,16407
1400000US36081038301,"Census Tract 383.01, Queens County, New York",Queens,-666666666,-222222222
1400000US36081038302,"Census Tract 383.02, Queens County, New York",Queens,-666666666,-222222222
1400000US36081038400,"Census Tract 384, Queens County, New York",Queens,100337,24456
1400000US36081039400,"Census Tract 394, Queens County, New York",Queens,100833,33904
1400000US36081039800,"Census Tract 398, Queens County, New York",Queens,86948,8571
1400000US36081039901,"Census Tract 399.01, Queens County, New York",Queens,118319,32661
1400000US36081039902,"Census Tract 399.02, Queens County, New York",Queens,58640,11039
1400000US36081040000,"Census Tract 400, Queens County, New York",Queens,112560,36255
1400000US36081040101,"Census Tract 401.01, Queens County, New York",Queens,60338,4978
1400000US36081040102,"Census Tract 401.02, Queens County, New York",Queens,75660,10912
1400000US36081040200,"Census Tract 402, Queens County, New York",Queens,103214,51391
1400000US36081040301,"Census Tract 403.01, Queens County, New York",Queens,37018,21510
1400000US36081040302,"Census Tract 403.02, Queens County, New York",Queens,70179,22199
1400000US36081040400,"Census Tract 404, Queens County, New York",Queens,87917,25931
1400000US36081040501,"Census Tract 405.01, Queens County, New York",Queens,102682,24893
1400000US36081040502,"Census Tract 405.02, Queens County, New York",Queens,74091,19229
1400000US36081040701,"Census Tract 407.01, Queens County, New York",Queens,77944,36789
1400000US36081040702,"Census Tract 407.02, Queens County, New York",Queens,99722,16518
1400000US36081040901,"Census Tract 409.01, Queens County, New York",Queens,83320,40102
1400000US36081040902,"Census Tract 409.02, Queens County, New York",Queens,84091,23204
1400000US36081041100,"Census Tract 411, Queens County, New York",Queens,73899,18492
1400000US36081041300,"Census Tract 413, Queens County, New York",Queens,72519,33687
1400000US36081041400,"Census Tract 414, Queens County, New York",Queens,92939,24996
1400000US36081041500,"Census Tract 415, Queens County, New York",Queens,63411,23683
1400000US36081042400,"Census Tract 424, Queens County, New York",Queens,95855,47684
1400000US36081042600,"Census Tract 426, Queens County, New York",Queens,-666666666,-222222222
1400000US36081042700,"Census Tract 427, Queens County, New York",Queens,70921,30755
1400000US36081043200,"Census Tract 432, Queens County, New York",Queens,92750,32731
1400000US36081043400,"Census Tract 434, Queens County, New York",Queens,95057,48968
1400000US36081043701,"Census Tract 437.01, Queens County, New York",Queens,60188,8600
1400000US36081043702,"Census Tract 437.02, Queens County, New York",Queens,66731,16950
1400000US36081043900,"Census Tract 439, Queens County, New York",Queens,68922,14019
1400000US36081044000,"Census Tract 440, Queens County, New York",Queens,67463,26728
1400000US36081044301,"Census Tract 443.01, Queens County, New York",Queens,36467,9484
1400000US36081044302,"Census Tract 443.02, Queens County, New York",Queens,62731,29229
1400000US36081044400,"Census Tract 444, Queens County, New York",Queens,46434,10058
1400000US36081044601,"Census Tract 446.01, Queens County, New York",Queens,57614,28382
1400000US36081044602,"Census Tract 446.02, Queens County, New York",Queens,45688,25030
1400000US36081044800,"Census Tract 448, Queens County, New York",Queens,72371,30953
1400000US36081045000,"Census Tract 450, Queens County, New York",Queens,148424,102721
1400000US36081045200,"Census Tract 452, Queens County, New York",Queens,76071,25598
1400000US36081045400,"Census Tract 454, Queens County, New York",Queens,84100,43499
1400000US36081045500,"Census Tract 455, Queens County, New York",Queens,80100,11749
1400000US36081045600,"Census Tract 456, Queens County, New York",Queens,75357,69759
1400000US36081045700,"Census Tract 457, Queens County, New York",Queens,82176,24042
1400000US36081045800,"Census Tract 458, Queens County, New York",Queens,79236,16368
1400000US36081045900,"Census Tract 459, Queens County, New York",Queens,72279,28181
1400000US36081046000,"Census Tract 460, Queens County, New York",Queens,57184,16516
1400000US36081046100,"Census Tract 461, Queens County, New York",Queens,77000,23105
1400000US36081046200,"Census Tract 462, Queens County, New York",Queens,60647,12497
1400000US36081046300,"Census Tract 463, Queens County, New York",Queens,75539,19231
1400000US36081046400,"Census Tract 464, Queens County, New York",Queens,118472,30592
1400000US36081046500,"Census Tract 465, Queens County, New York",Queens,94125,40958
1400000US36081046600,"Census Tract 466, Queens County, New York",Queens,76885,16126
1400000US36081046700,"Census Tract 467, Queens County, New York",Queens,77246,18333
1400000US36081046800,"Census Tract 468, Queens County, New York",Queens,83388,15695
1400000US36081046901,"Census Tract 469.01, Queens County, New York",Queens,73538,4514
1400000US36081046902,"Census Tract 469.02, Queens County, New York",Queens,68353,16200
1400000US36081047000,"Census Tract 470, Queens County, New York",Queens,72955,43923
1400000US36081047100,"Census Tract 471, Queens County, New York",Queens,60616,15809
1400000US36081047200,"Census Tract 472, Queens County, New York",Queens,128274,18653
1400000US36081047300,"Census Tract 473, Queens County, New York",Queens,72441,14011
1400000US36081047500,"Census Tract 475, Queens County, New York",Queens,86271,2594
1400000US36081047600,"Census Tract 476, Queens County, New York",Queens,115335,49888
1400000US36081047801,"Census Tract 478.01, Queens County, New York",Queens,56848,40750
1400000US36081047802,"Census Tract 478.02, Queens County, New York",Queens,116198,79269
1400000US36081047900,"Census Tract 479, Queens County, New York",Queens,87515,11111
1400000US36081048000,"Census Tract 480, Queens County, New York",Queens,86250,42837
1400000US36081048100,"Census Tract 481, Queens County, New York",Queens,73983,36207
1400000US36081048200,"Census Tract 482, Queens County, New York",Queens,110729,43865
1400000US36081048301,"Census Tract 483.01, Queens County, New York",Queens,60568,22881
1400000US36081048302,"Census Tract 483.02, Queens County, New York",Queens,85724,41370
1400000US36081048400,"Census Tract 484, Queens County, New York",Queens,86726,14742
1400000US36081048500,"Census Tract 485, Queens County, New York",Queens,77614,29961
1400000US36081048900,"Census Tract 489, Queens County, New York",Queens,61552,20235
1400000US36081049201,"Census Tract 492.01, Queens County, New York",Queens,60797,21127
1400000US36081049202,"Census Tract 492.02, Queens County, New York",Queens,107063,28184
1400000US36081049301,"Census Tract 493.01, Queens County, New York",Queens,86429,34363
1400000US36081049302,"Census Tract 493.02, Queens County, New York",Queens,59940,33280
1400000US36081049500,"Census Tract 495, Queens County, New York",Queens,92800,25572
1400000US36081049600,"Census Tract 496, Queens County, New York",Queens,91991,30294
1400000US36081049700,"Census Tract 497, Queens County, New York",Queens,86031,24282
1400000US36081049900,"Census Tract 499, Queens County, New York",Queens,85045,28819
1400000US36081050000,"Census Tract 500, Queens County, New York",Queens,68850,19096
1400000US36081050201,"Census Tract 502.01, Queens County, New York",Queens,90972,34474
1400000US36081050202,"Census Tract 502.02, Queens County, New York",Queens,85147,29321
1400000US36081050400,"Census Tract 504, Queens County, New York",Queens,131168,15860
1400000US36081050500,"Census Tract 505, Queens County, New York",Queens,113438,12983
1400000US36081050600,"Census Tract 506, Queens County, New York",Queens,93000,28237
1400000US36081050700,"Census Tract 507, Queens County, New York",Queens,84476,40946
1400000US36081050800,"Census Tract 508, Queens County, New York",Queens,77040,9538
1400000US36081051000,"Census Tract 510, Queens County, New York",Queens,85179,48243
1400000US36081051100,"Census Tract 511, Queens County, New York",Queens,92647,39461
1400000US36081051200,"Census Tract 512, Queens County, New York",Queens,122778,46180
1400000US36081051300,"Census Tract 513, Queens County, New York",Queens,83618,29862
1400000US36081051500,"Census Tract 515, Queens County, New York",Queens,102833,29546
1400000US36081051600,"Census Tract 516, Queens County, New York",Queens,107500,37810
1400000US36081051700,"Census Tract 517, Queens County, New York",Queens,113125,32312
1400000US36081051800,"Census Tract 518, Queens County, New York",Queens,124423,18828
1400000US36081052000,"Census Tract 520, Queens County, New York",Queens,105163,14788
1400000US36081052100,"Census Tract 521, Queens County, New York",Queens,84009,20393
1400000US36081052200,"Census Tract 522, Queens County, New York",Queens,86818,42834
1400000US36081052400,"Census Tract 524, Queens County, New York",Queens,112838,17423
1400000US36081052500,"Census Tract 525, Queens County, New York",Queens,77037,15899
1400000US36081052600,"Census Tract 526, Queens County, New York",Queens,96695,31600
1400000US36081052800,"Census Tract 528, Queens County, New York",Queens,79542,25085
1400000US36081053000,"Census Tract 530, Queens County, New York",Queens,102381,26167
1400000US36081053100,"Census Tract 531, Queens County, New York",Queens,73938,24295
1400000US36081053200,"Census Tract 532, Queens County, New York",Queens,97419,15498
1400000US36081053401,"Census Tract 534.01, Queens County, New York",Queens,103594,24607
1400000US36081053501,"Census Tract 535.01, Queens County, New York",Queens,73042,25462
1400000US36081053502,"Census Tract 535.02, Queens County, New York",Queens,-666666666,-222222222
1400000US36081053601,"Census Tract 536.01, Queens County, New York",Queens,-666666666,-222222222
1400000US36081053800,"Census Tract 538, Queens County, New York",Queens,121034,19640
1400000US36081053901,"Census Tract 539.01, Queens County, New York",Queens,91027,12155
1400000US36081053902,"Census Tract 539.02, Queens County, New York",Queens,-666666666,-222222222
1400000US36081054000,"Census Tract 540, Queens County, New York",Queens,102174,25930
1400000US36081054200,"Census Tract 542, Queens County, New York",Queens,94125,32891
1400000US36081054500,"Census Tract 545, Queens County, New York",Queens,66076,20218
1400000US36081054700,"Census Tract 547, Queens County, New York",Queens,119732,24847
1400000US36081054800,"Census Tract 548, Queens County, New York",Queens,84601,10984
1400000US36081054900,"Census Tract 549, Queens County, New York",Queens,104821,14327
1400000US36081055100,"Census Tract 551, Queens County, New York",Queens,80268,13774
1400000US36081055200,"Census Tract 552, Queens County, New York",Queens,71213,16063
1400000US36081055300,"Census Tract 553, Queens County, New York",Queens,90114,15625
1400000US36081055400,"Census Tract 554, Queens County, New York",Queens,89375,15549
1400000US36081055500,"Census Tract 555, Queens County, New York",Queens,86667,50979
1400000US36081055600,"Census Tract 556, Queens County, New York",Queens,135052,17198
1400000US36081055700,"Census Tract 557, Queens County, New York",Queens,101636,18767
1400000US36081055800,"Census Tract 558, Queens County, New York",Queens,78672,37053
1400000US36081055900,"Census Tract 559, Queens County, New York",Queens,70481,64710
1400000US36081056000,"Census Tract 560, Queens County, New York",Queens,139615,34480
1400000US36081056100,"Census Tract 561, Queens County, New York",Queens,-666666666,-222222222
1400000US36081056200,"Census Tract 562, Queens County, New York",Queens,102125,43551
1400000US36081056400,"Census Tract 564, Queens County, New York",Queens,95000,54353
1400000US36081056500,"Census Tract 565, Queens County, New York",Queens,129647,22561
1400000US36081056600,"Census Tract 566, Queens County, New York",Queens,71974,28559
1400000US36081056700,"Census Tract 567, Queens County, New York",Queens,111477,28838
1400000US36081056800,"Census Tract 568, Queens County, New York",Queens,101321,13747
1400000US36081057700,"Census Tract 577, Queens County, New York",Queens,75750,19209
1400000US36081057900,"Census Tract 579, Queens County, New York",Queens,76023,8255
1400000US36081058000,"Census Tract 580, Queens County, New York",Queens,139342,36345
1400000US36081058100,"Census Tract 581, Queens County, New York",Queens,78950,11400
1400000US36081058200,"Census Tract 582, Queens County, New York",Queens,123583,49941
1400000US36081058300,"Census Tract 583, Queens County, New York",Queens,109327,24295
1400000US36081058500,"Census Tract 585, Queens County, New York",Queens,101157,18532
1400000US36081058700,"Census Tract 587, Queens County, New York",Queens,100385,23068
1400000US36081058900,"Census Tract 589, Queens County, New York",Queens,60224,17478
1400000US36081059000,"Census Tract 590, Queens County, New York",Queens,93750,24530
1400000US36081059100,"Census Tract 591, Queens County, New York",Queens,53832,19217
1400000US36081059200,"Census Tract 592, Queens County, New York",Queens,77857,40569
1400000US36081059300,"Census Tract 593, Queens County, New York",Queens,90975,27366
1400000US36081059400,"Census Tract 594, Queens County, New York",Queens,134297,22768
1400000US36081059501,"Census Tract 595.01, Queens County, New York",Queens,80515,18159
1400000US36081059502,"Census Tract 595.02, Queens County, New York",Queens,75833,36348
1400000US36081059600,"Census Tract 596, Queens County, New York",Queens,92162,37402
1400000US36081059800,"Census Tract 598, Queens County, New York",Queens,96250,50159
1400000US36081059900,"Census Tract 599, Queens County, New York",Queens,120979,13823
1400000US36081060000,"Census Tract 600, Queens County, New York",Queens,129519,102511
1400000US36081060100,"Census Tract 601, Queens County, New York",Queens,75811,7768
1400000US36081060300,"Census Tract 603, Queens County, New York",Queens,95909,33296
1400000US36081060600,"Census Tract 606, Queens County, New York",Queens,131250,72623
1400000US36081060701,"Census Tract 607.01, Queens County, New York",Queens,-666666666,-222222222
1400000US36081060800,"Census Tract 608, Queens County, New York",Queens,115000,32950
1400000US36081061000,"Census Tract 610, Queens County, New York",Queens,97788,38741
1400000US36081061200,"Census Tract 612, Queens County, New York",Queens,133214,29817
1400000US36081061301,"Census Tract 613.01, Queens County, New York",Queens,93669,15464
1400000US36081061302,"Census Tract 613.02, Queens County, New York",Queens,-666666666,-222222222
1400000US36081061400,"Census Tract 614, Queens County, New York",Queens,132159,26631
1400000US36081061601,"Census Tract 616.01, Queens County, New York",Queens,107838,39036
1400000US36081061602,"Census Tract 616.02, Queens County, New York",Queens,127857,48426
1400000US36081061800,"Census Tract 618, Queens County, New York",Queens,112868,17888
1400000US36081061900,"Census Tract 619, Queens County, New York",Queens,62083,20318
1400000US36081062000,"Census Tract 620, Queens County, New York",Queens,129457,38857
1400000US36081062100,"Census Tract 621, Queens County, New York",Queens,77011,15817
1400000US36081062200,"Census Tract 622, Queens County, New York",Queens,122938,25229
1400000US36081062300,"Census Tract 623, Queens County, New York",Queens,77563,22690
1400000US36081062400,"Census Tract 624, Queens County, New York",Queens,-666666666,-222222222
1400000US36081062500,"Census Tract 625, Queens County, New York",Queens,83631,20788
1400000US36081062600,"Census Tract 626, Queens County, New York",Queens,139602,33208
1400000US36081062700,"Census Tract 627, Queens County, New York",Queens,76439,26386
1400000US36081062900,"Census Tract 629, Queens County, New York",Queens,101097,10052
1400000US36081063000,"Census Tract 630, Queens County, New York",Queens,120821,15138
1400000US36081063200,"Census Tract 632, Queens County, New York",Queens,107672,17371
1400000US36081063301,"Census Tract 633.01, Queens County, New York",Queens,142768,23966
1400000US36081063302,"Census Tract 633.02, Queens County, New York",Queens,102292,51245
1400000US36081063500,"Census Tract 635, Queens County, New York",Queens,86219,11219
1400000US36081063700,"Census Tract 637, Queens County, New York",Queens,91488,30059
1400000US36081063800,"Census Tract 638, Queens County, New York",Queens,164604,55145
1400000US36081063900,"Census Tract 639, Queens County, New York",Queens,102083,39432
1400000US36081064101,"Census Tract 641.01, Queens County, New York",Queens,99393,17247
1400000US36081064102,"Census Tract 641.02, Queens County, New York",Queens,-666666666,-222222222
1400000US36081064500,"Census Tract 645, Queens County, New York",Queens,81250,17190
1400000US36081064600,"Census Tract 646, Queens County, New York",Queens,125875,15859
1400000US36081065000,"Census Tract 650, Queens County, New York",Queens,133482,29864
1400000US36081065401,"Census Tract 654.01, Queens County, New York",Queens,104622,10015
1400000US36081065402,"Census Tract 654.02, Queens County, New York",Queens,-666666666,-222222222
1400000US36081065501,"Census Tract 655.01, Queens County, New York",Queens,-666666666,-222222222
1400000US36081065600,"Census Tract 656, Queens County, New York",Queens,117800,15938
1400000US36081065702,"Census Tract 657.02, Queens County, New York",Queens,74821,47409
1400000US36081065703,"Census Tract 657.03, Queens County, New York",Queens,122434,14041
1400000US36081065900,"Census Tract 659, Queens County, New York",Queens,112917,26252
1400000US36081066000,"Census Tract 660, Queens County, New York",Queens,137843,30873
1400000US36081066100,"Census Tract 661, Queens County, New York",Queens,116806,30485
1400000US36081066301,"Census Tract 663.01, Queens County, New York",Queens,92318,42316
1400000US36081066302,"Census Tract 663.02, Queens County, New York",Queens,-666666666,-222222222
1400000US36081066401,"Census Tract 664.01, Queens County, New York",Queens,110000,49909
1400000US36081066402,"Census Tract 664.02, Queens County, New York",Queens,111494,15026
1400000US36081066403,"Census Tract 664.03, Queens County, New York",Queens,100441,51006
1400000US36081066404,"Census Tract 664.04, Queens County, New York",Queens,-666666666,-222222222
1400000US36081066501,"Census Tract 665.01, Queens County, New York",Queens,100391,23758
1400000US36081066701,"Census Tract 667.01, Queens County, New York",Queens,103594,54192
1400000US36081066900,"Census Tract 669, Queens County, New York",Queens,96484,36623
1400000US36081067100,"Census Tract 671, Queens County, New York",Queens,121266,10037
1400000US36081067700,"Census Tract 677, Queens County, New York",Queens,100313,29188
1400000US36081067900,"Census Tract 679, Queens County, New York",Queens,78538,19164
1400000US36081068000,"Census Tract 680, Queens County, New York",Queens,133510,19076
1400000US36081068200,"Census Tract 682, Queens County, New York",Queens,89732,26944
1400000US36081068300,"Census Tract 683, Queens County, New York",Queens,85771,8438
1400000US36081068700,"Census Tract 687, Queens County, New York",Queens,86193,26698
1400000US36081069000,"Census Tract 690, Queens County, New York",Queens,111464,18557
1400000US36081069300,"Census Tract 693, Queens County, New York",Queens,57099,7397
1400000US36081069400,"Census Tract 694, Queens County, New York",Queens,117692,22869
1400000US36081069500,"Census Tract 695, Queens County, New York",Queens,91591,32095
1400000US36081069701,"Census Tract 697.01, Queens County, New York",Queens,102500,20394
1400000US36081069702,"Census Tract 697.02, Queens County, New York",Queens,92489,34360
1400000US36081070300,"Census Tract 703, Queens County, New York",Queens,106250,29835
1400000US36081070700,"Census Tract 707, Queens County, New York",Queens,138237,25618
1400000US36081070900,"Census Tract 709, Queens County, New York",Queens,117375,53937
1400000US36081071100,"Census Tract 711, Queens County, New York",Queens,100149,23657
1400000US36081071303,"Census Tract 713.03, Queens County, New York",Queens,97563,14911
1400000US36081071304,"Census Tract 713.04, Queens County, New York",Queens,100238,20203
1400000US36081071305,"Census Tract 713.05, Queens County, New York",Queens,118409,27535
1400000US36081071306,"Census Tract 713.06, Queens County, New York",Queens,88329,17191
1400000US36081071600,"Census Tract 716, Queens County, New York",Queens,-666666666,-222222222
1400000US36081071701,"Census Tract 717.01, Queens County, New York",Queens,67566,25754
1400000US36081071702,"Census Tract 717.02, Queens County, New York",Queens,87958,21287
1400000US36081071900,"Census Tract 719, Queens County, New York",Queens,62408,12053
1400000US36081072100,"Census Tract 721, Queens County, New York",Queens,100976,42815
1400000US36081072300,"Census Tract 723, Queens County, New York",Queens,181250,91036
1400000US36081072900,"Census Tract 729, Queens County, New York",Queens,104767,23365
1400000US36081073100,"Census Tract 731, Queens County, New York",Queens,170913,15559
1400000US36081073700,"Census Tract 737, Queens County, New York",Queens,151731,43075
1400000US36081073900,"Census Tract 739, Queens County, New York",Queens,116815,13388
1400000US36081074100,"Census Tract 741, Queens County, New York",Queens,96894,29694
1400000US36081074300,"Census Tract 743, Queens County, New York",Queens,66972,10182
1400000US36081074500,"Census Tract 745, Queens County, New York",Queens,63268,20603
1400000US36081074700,"Census Tract 747, Queens County, New York",Queens,99769,42966
1400000US36081074900,"Census Tract 749, Queens County, New York",Queens,224313,39555
1400000US36081075701,"Census Tract 757.01, Queens County, New York",Queens,117361,27527
1400000US36081075702,"Census Tract 757.02, Queens County, New York",Queens,125316,13995
1400000US36081076901,"Census Tract 769.01, Queens County, New York",Queens,111389,34172
1400000US36081076902,"Census Tract 769.02, Queens County, New York",Queens,134545,45690
1400000US36081077300,"Census Tract 773, Queens County, New York",Queens,106964,21300
1400000US36081077500,"Census Tract 775, Queens County, New York",Queens,84427,23898
1400000US36081077902,"Census Tract 779.02, Queens County, New York",Queens,102363,22584
1400000US36081077903,"Census Tract 779.03, Queens County, New York",Queens,96944,37847
1400000US36081077904,"Census Tract 779.04, Queens County, New York",Queens,107279,28484
1400000US36081077905,"Census Tract 779.05, Queens County, New York",Queens,94000,22281
1400000US36081077906,"Census Tract 779.06, Queens County, New York",Queens,86324,13481
1400000US36081077907,"Census Tract 779.07, Queens County, New York",Queens,68226,18003
1400000US36081077908,"Census Tract 779.08, Queens County, New York",Queens,79265,13566
1400000US36081078800,"Census Tract 788, Queens County, New York",Queens,105529,12298
1400000US36081079000,"Census Tract 790, Queens County, New York",Queens,97500,35620
1400000US36081079200,"Census Tract 792, Queens County, New York",Queens,71510,27083
1400000US36081079300,"Census Tract 793, Queens County, New York",Queens,-666666666,-222222222
1400000US36081079701,"Census Tract 797.01, Queens County, New York",Queens,62173,22019
1400000US36081079702,"Census Tract 797.02, Queens County, New York",Queens,48147,29542
1400000US36081079900,"Census Tract 799, Queens County, New York",Queens,48980,43407
1400000US36081080301,"Census Tract 803.01, Queens County, New York",Queens,59817,27588
1400000US36081080302,"Census Tract 803.02, Queens County, New York",Queens,82358,34739
1400000US36081080900,"Census Tract 809, Queens County, New York",Queens,55716,5499
1400000US36081081400,"Census Tract 814, Queens County, New York",Queens,105179,35287
1400000US36081081800,"Census Tract 818, Queens County, New York",Queens,130457,24864
1400000US36081083700,"Census Tract 837, Queens County, New York",Queens,70028,15694
1400000US36081083800,"Census Tract 838, Queens County, New York",Queens,100354,16555
1400000US36081084000,"Census Tract 840, Queens County, New York",Queens,87614,33463
1400000US36081084500,"Census Tract 845, Queens County, New York",Queens,29552,10363
1400000US36081084601,"Census Tract 846.01, Queens County, New York",Queens,102692,19085
1400000US36081084602,"Census Tract 846.02, Queens County, New York",Queens,91953,31419
1400000US36081084901,"Census Tract 849.01, Queens County, New York",Queens,95551,53120
1400000US36081084902,"Census Tract 849.02, Queens County, New York",Queens,40901,20118
1400000US36081085300,"Census Tract 853, Queens County, New York",Queens,35985,16307
1400000US36081085500,"Census Tract 855, Queens County, New York",Queens,42611,10531
1400000US36081085700,"Census Tract 857, Queens County, New York",Queens,54914,15795
1400000US36081085900,"Census Tract 859, Queens County, New York",Queens,60460,12152
1400000US36081086100,"Census Tract 861, Queens County, New York",Queens,42026,13536
1400000US36081086300,"Census Tract 863, Queens County, New York",Queens,53839,8554
1400000US36081086400,"Census Tract 864, Queens County, New York",Queens,128398,26214
1400000US36081086500,"Census Tract 865, Queens County, New York",Queens,65433,29549
1400000US36081086900,"Census Tract 869, Queens County, New York",Queens,95469,52531
1400000US36081087100,"Census Tract 871, Queens County, New York",Queens,52250,27632
1400000US36081088400,"Census Tract 884, Queens County, New York",Queens,96806,39392
1400000US36081088902,"Census Tract 889.02, Queens County, New York",Queens,59200,24572
1400000US36081088903,"Census Tract 889.03, Queens County, New York",Queens,53393,14509
1400000US36081089201,"Census Tract 892.01, Queens County, New York",Queens,155291,37555
1400000US36081089202,"Census Tract 892.02, Queens County, New York",Queens,-666666666,-222222222
1400000US36081090700,"Census Tract 907, Queens County, New York",Queens,101023,42323
1400000US36081091602,"Census Tract 916.02, Queens County, New York",Queens,-666666666,-222222222
1400000US36081091603,"Census Tract 916.03, Queens County, New York",Queens,122443,27135
1400000US36081091604,"Census Tract 916.04, Queens County, New York",Queens,-666666666,-222222222
1400000US36081091800,"Census Tract 918, Queens County, New York",Queens,-666666666,-222222222
1400000US36081091900,"Census Tract 919, Queens County, New York",Queens,106612,24690
1400000US36081092200,"Census Tract 922, Queens County, New York",Queens,175682,33559
1400000US36081092500,"Census Tract 925, Queens County, New York",Queens,64107,14622
1400000US36081092800,"Census Tract 928, Queens County, New York",Queens,162798,24005
1400000US36081092900,"Census Tract 929, Queens County, New York",Queens,112324,30200
1400000US36081093401,"Census Tract 934.01, Queens County, New York",Queens,131471,35653
1400000US36081093402,"Census Tract 934.02, Queens County, New York",Queens,107371,23673
1400000US36081093800,"Census Tract 938, Queens County, New York",Queens,81573,17360
1400000US36081093900,"Census Tract 939, Queens County, New York",Queens,79471,30458
1400000US36081094201,"Census Tract 942.01, Queens County, New York",Queens,75966,38567
1400000US36081094202,"Census Tract 942.02, Queens County, New York",Queens,56800,17110
1400000US36081094203,"Census Tract 942.03, Queens County, New York",Queens,48482,31793
1400000US36081094500,"Census Tract 945, Queens County, New York",Queens,79406,16979
1400000US36081094700,"Census Tract 947, Queens County, New York",Queens,85819,10681
1400000US36081095400,"Census Tract 954, Queens County, New York",Queens,82053,12035
1400000US36081096400,"Census Tract 964, Queens County, New York",Queens,89432,29585
1400000US36081097202,"Census Tract 972.02, Queens County, New York",Queens,22500,7114
1400000US36081097204,"Census Tract 972.04, Queens County, New York",Queens,73180,16968
1400000US36081097205,"Census Tract 972.05, Queens County, New York",Queens,21295,3868
1400000US36081097206,"Census Tract 972.06, Queens County, New York",Queens,34679,26826
1400000US36081097207,"Census Tract 972.07, Queens County, New York",Queens,-666666666,-222222222
1400000US36081097300,"Census Tract 973, Queens County, New York",Queens,86008,20277
1400000US36081098100,"Census Tract 981, Queens County, New York",Queens,129250,23276
1400000US36081098700,"Census Tract 987, Queens County, New York",Queens,105313,26351
1400000US36081099100,"Census Tract 991, Queens County, New York",Queens,110250,26298
1400000US36081099200,"Census Tract 992, Queens County, New York",Queens,36736,10088
1400000US36081099701,"Census Tract 997.01, Queens County, New York",Queens,93368,11246
1400000US36081099703,"Census Tract 997.03, Queens County, New York",Queens,122188,12725
1400000US36081099704,"Census Tract 997.04, Queens County, New York",Queens,87323,19538
1400000US36081099705,"Census Tract 997.05, Queens County, New York",Queens,117283,52272
1400000US36081099801,"Census Tract 998.01, Queens County, New York",Queens,70278,23724
1400000US36081099802,"Census Tract 998.02, Queens County, New York",Queens,41654,16489
1400000US36081099900,"Census Tract 999, Queens County, New York",Queens,-666666666,-222222222
1400000US36081100801,"Census Tract 1008.01, Queens County, New York",Queens,136800,31179
1400000US36081100803,"Census Tract 1008.03, Queens County, New York",Queens,46534,5633
1400000US36081100804,"Census Tract 1008.04, Queens County, New York",Queens,106235,24821
1400000US36081101002,"Census Tract 1010.02, Queens County, New York",Queens,77188,47751
1400000US36081101003,"Census Tract 1010.03, Queens County, New York",Queens,72254,47149
1400000US36081101004,"Census Tract 1010.04, Queens County, New York",Queens,48236,15566
1400000US36081101700,"Census Tract 1017, Queens County, New York",Queens,110572,31623
1400000US36081102900,"Census Tract 1029, Queens County, New York",Queens,102972,26143
1400000US36081103201,"Census Tract 1032.01, Queens County, New York",Queens,50123,34262
1400000US36081103202,"Census Tract 1032.02, Queens County, New York",Queens,77069,29683
1400000US36081103300,"Census Tract 1033, Queens County, New York",Queens,123810,18623
1400000US36081103900,"Census Tract 1039, Queens County, New York",Queens,76587,9956
1400000US36081104700,"Census Tract 1047, Queens County, New York",Queens,66683,4036
1400000US36081105900,"Census Tract 1059, Queens County, New York",Queens,109000,59892
1400000US36081107201,"Census Tract 1072.01, Queens County, New York",Queens,111354,28005
1400000US36081107202,"Census Tract 1072.02, Queens County, New York",Queens,-666666666,-222222222
1400000US36081108500,"Census Tract 1085, Queens County, New York",Queens,71111,26341
1400000US36081109300,"Census Tract 1093, Queens County, New York",Queens,125536,38067
1400000US36081109700,"Census Tract 1097, Queens County, New York",Queens,134145,11076
1400000US36081109900,"Census Tract 1099, Queens County, New York",Queens,96250,30702
1400000US36081111300,"Census Tract 1113, Queens County, New York",Queens,143917,23059
1400000US36081112300,"Census Tract 1123, Queens County, New York",Queens,93194,19158
1400000US36081112900,"Census Tract 1129, Queens County, New York",Queens,104688,36715
1400000US36081113300,"Census Tract 1133, Queens County, New York",Queens,111094,24278
1400000US36081113900,"Census Tract 1139, Queens County, New York",Queens,85485,35122
1400000US36081114100,"Census Tract 1141, Queens County, New York",Queens,121579,43853
1400000US36081114700,"Census Tract 1147, Queens County, New York",Queens,102135,32929
1400000US36081115100,"Census Tract 1151, Queens County, New York",Queens,108542,24376
1400000US36081115500,"Census Tract 1155, Queens County, New York",Queens,109063,18612
1400000US36081115700,"Census Tract 1157, Queens County, New York",Queens,64153,11631
1400000US36081115900,"Census Tract 1159, Queens County, New York",Queens,61776,18670
1400000US36081116100,"Census Tract 1161, Queens County, New York",Queens,43417,21975
1400000US36081116301,"Census Tract 1163.01, Queens County, New York",Queens,65526,37620
1400000US36081116302,"Census Tract 1163.02, Queens County, New York",Queens,53631,18639
1400000US36081116700,"Census Tract 1167, Queens County, New York",Queens,62857,11458
1400000US36081117100,"Census Tract 1171, Queens County, New York",Queens,78856,10948
1400000US36081117500,"Census Tract 1175, Queens County, New York",Queens,78098,22203
1400000US36081118100,"Census Tract 1181, Queens County, New York",Queens,100536,16268
1400000US36081118500,"Census Tract 1185, Queens County, New York",Queens,67277,12422
1400000US36081118700,"Census Tract 1187, Queens County, New York",Queens,71657,28085
1400000US36081118900,"Census Tract 1189, Queens County, New York",Queens,56446,1918
1400000US36081119100,"Census Tract 1191, Queens County, New York",Queens,68355,35116
1400000US36081119300,"Census Tract 1193, Queens County, New York",Queens,54273,9223
1400000US36081119500,"Census Tract 1195, Queens County, New York",Queens,94010,32250
1400000US36081119900,"Census Tract 1199, Queens County, New York",Queens,123519,14272
1400000US36081120100,"Census Tract 1201, Queens County, New York",Queens,86125,37778
1400000US36081120300,"Census Tract 1203, Queens County, New York",Queens,61000,19413
1400000US36081120500,"Census Tract 1205, Queens County, New York",Queens,26563,10627
1400000US36081120701,"Census Tract 1207.01, Queens County, New York",Queens,115750,22354
1400000US36081120702,"Census Tract 1207.02, Queens County, New York",Queens,-666666666,-222222222
1400000US36081121100,"Census Tract 1211, Queens County, New York",Queens,-666666666,-222222222
1400000US36081121500,"Census Tract 1215, Queens County, New York",Queens,92412,19002
1400000US36081122300,"Census Tract 1223, Queens County, New York",Queens,96313,14666
1400000US36081122702,"Census Tract 1227.02, Queens County, New York",Queens,26161,11773
1400000US36081122703,"Census Tract 1227.03, Queens County, New York",Queens,68089,12207
1400000US36081122704,"Census Tract 1227.04, Queens County, New York",Queens,82292,34698
1400000US36081124100,"Census Tract 1241, Queens County, New York",Queens,96560,12526
1400000US36081124700,"Census Tract 1247, Queens County, New York",Queens,118813,42836
1400000US36081125700,"Census Tract 1257, Queens County, New York",Queens,107125,41425
1400000US36081126500,"Census Tract 1265, Queens County, New York",Queens,146250,56979
1400000US36081126700,"Census Tract 1267, Queens County, New York",Queens,98000,26712
1400000US36081127700,"Census Tract 1277, Queens County, New York",Queens,119591,76898
1400000US36081128300,"Census Tract 1283, Queens County, New York",Queens,-666666666,-222222222
1400000US36081129102,"Census Tract 1291.02, Queens County, New York",Queens,150263,17504
1400000US36081129103,"Census Tract 1291.03, Queens County, New York",Queens,79367,14017
1400000US36081129104,"Census Tract 1291.04, Queens County, New York",Queens,127303,21734
1400000US36081130100,"Census Tract 1301, Queens County, New York",Queens,94854,17264
1400000US36081133300,"Census Tract 1333, Queens County, New York",Queens,138602,13006
1400000US36081133900,"Census Tract 1339, Queens County, New York",Queens,129934,61645
1400000US36081134100,"Census Tract 1341, Queens County, New York",Queens,59033,23303
1400000US36081134701,"Census Tract 1347.01, Queens County, New York",Queens,92125,27183
1400000US36081134702,"Census Tract 1347.02, Queens County, New York",Queens,84031,25424
1400000US36081136700,"Census Tract 1367, Queens County, New York",Queens,82139,17290
1400000US36081137700,"Census Tract 1377, Queens County, New York",Queens,99140,12101
1400000US36081138501,"Census Tract 1385.01, Queens County, New York",Queens,92132,34274
1400000US36081138502,"Census Tract 1385.02, Queens County, New York",Queens,-666666666,-222222222
1400000US36081139900,"Census Tract 1399, Queens County, New York",Queens,128000,50524
1400000US36081140300,"Census Tract 1403, Queens County, New York",Queens,71842,28841
1400000US36081140901,"Census Tract 1409.01, Queens County, New York",Queens,130281,63911
1400000US36081140902,"Census Tract 1409.02, Queens County, New York",Queens,120208,24950
1400000US36081141700,"Census Tract 1417, Queens County, New York",Queens,76275,12842
1400000US36081142900,"Census Tract 1429, Queens County, New York",Queens,100864,29542
1400000US36081143500,"Census Tract 1435, Queens County, New York",Queens,121875,44368
1400000US36081144100,"Census Tract 1441, Queens County, New York",Queens,111410,17727
1400000US36081144700,"Census Tract 1447, Queens County, New York",Queens,94766,26675
1400000US36081145101,"Census Tract 1451.01, Queens County, New York",Queens,71154,24227
1400000US36081145102,"Census Tract 1451.02, Queens County, New York",Queens,93523,17585
1400000US36081145900,"Census Tract 1459, Queens County, New York",Queens,125962,17963
1400000US36081146300,"Census Tract 1463, Queens County, New York",Queens,87244,29903
1400000US36081146700,"Census Tract 1467, Queens County, New York",Queens,106538,16007
1400000US36081147100,"Census Tract 1471, Queens County, New York",Queens,106615,45807
1400000US36081147900,"Census Tract 1479, Queens County, New York",Queens,92045,31778
1400000US36081148300,"Census Tract 1483, Queens County, New York",Queens,178509,30381
1400000US36081150701,"Census Tract 1507.01, Queens County, New York",Queens,158875,24749
1400000US36081150702,"Census Tract 1507.02, Queens County, New York",Queens,107375,24686
1400000US36081152901,"Census Tract 1529.01, Queens County, New York",Queens,100909,23449
1400000US36081152902,"Census Tract 1529.02, Queens County, New York",Queens,129832,38426
1400000US36081155101,"Census Tract 1551.01, Queens County, New York",Queens,89931,39675
1400000US36081155103,"Census Tract 1551.03, Queens County, New York",Queens,114526,28239
1400000US36081155104,"Census Tract 1551.04, Queens County, New York",Queens,88882,41309
1400000US36081156700,"Census Tract 1567, Queens County, New York",Queens,59722,59179
1400000US36081157101,"Census Tract 1571.01, Queens County, New York",Queens,90575,5715
1400000US36081157102,"Census Tract 1571.02, Queens County, New York",Queens,118250,36564
1400000US36081157901,"Census Tract 1579.01, Queens County, New York",Queens,133542,40877
1400000US36081157902,"Census Tract 1579.02, Queens County, New York",Queens,107153,33179
1400000US36081157903,"Census Tract 1579.03, Queens County, New York",Queens,127533,22429
1400000US36081161700,"Census Tract 1617, Queens County, New York",Queens,119688,31794
1400000US36081162100,"Census Tract 1621, Queens County, New York",Queens,121101,26042
1400000US36081990100,"Census Tract 9901, Queens County, New York",Queens,-666666666,-222222222
1400000US36085000300,"Census Tract 3, Richmond County, New York",Staten Island,77981,32480
1400000US36085000600,"Census Tract 6, Richmond County, New York",Staten Island,34492,23326
1400000US36085000700,"Census Tract 7, Richmond County, New York",Staten Island,52813,22503
1400000US36085000800,"Census Tract 8, Richmond County, New York",Staten Island,91438,11924
1400000US36085000900,"Census Tract 9, Richmond County, New York",Staten Island,66208,30761
1400000US36085001100,"Census Tract 11, Richmond County, New York",Staten Island,57368,44053
1400000US36085001700,"Census Tract 17, Richmond County, New York",Staten Island,64006,22393
1400000US36085001800,"Census Tract 18, Richmond County, New York",Staten Island,67273,37320
1400000US36085002001,"Census Tract 20.01, Richmond County, New York",Staten Island,69620,39353
1400000US36085002002,"Census Tract 20.02, Richmond County, New York",Staten Island,66641,16755
1400000US36085002100,"Census Tract 21, Richmond County, New York",Staten Island,46667,12423
1400000US36085002700,"Census Tract 27, Richmond County, New York",Staten Island,45848,38238
1400000US36085002900,"Census Tract 29, Richmond County, New York",Staten Island,50189,37531
1400000US36085003300,"Census Tract 33, Richmond County, New York",Staten Island,95317,26503
1400000US36085003600,"Census Tract 36, Richmond County, New York",Staten Island,88929,13731
1400000US36085003900,"Census Tract 39, Richmond County, New York",Staten Island,103702,24675
1400000US36085004001,"Census Tract 40.01, Richmond County, New York",Staten Island,59962,20909
1400000US36085004002,"Census Tract 40.02, Richmond County, New York",Staten Island,74759,27924
1400000US36085004003,"Census Tract 40.03, Richmond County, New York",Staten Island,24896,21104
1400000US36085004004,"Census Tract 40.04, Richmond County, New York",Staten Island,120497,50878
1400000US36085004700,"Census Tract 47, Richmond County, New York",Staten Island,108750,49308
1400000US36085005000,"Census Tract 50, Richmond County, New York",Staten Island,74890,17337
1400000US36085005901,"Census Tract 59.01, Richmond County, New York",Staten Island,95863,20686
1400000US36085005902,"Census Tract 59.02, Richmond County, New York",Staten Island,-666666666,-222222222
1400000US36085006400,"Census Tract 64, Richmond County, New York",Staten Island,67946,19444
1400000US36085006700,"Census Tract 67, Richmond County, New York",Staten Island,97432,23813
1400000US36085007001,"Census Tract 70.01, Richmond County, New York",Staten Island,78558,17914
1400000US36085007002,"Census Tract 70.02, Richmond County, New York",Staten Island,98574,26528
1400000US36085007400,"Census Tract 74, Richmond County, New York",Staten Island,78701,4940
1400000US36085007500,"Census Tract 75, Richmond County, New York",Staten Island,81200,30977
1400000US36085007700,"Census Tract 77, Richmond County, New York",Staten Island,89961,15807
1400000US36085008100,"Census Tract 81, Richmond County, New York",Staten Island,91274,10102
1400000US36085009601,"Census Tract 96.01, Richmond County, New York",Staten Island,105670,15459
1400000US36085009602,"Census Tract 96.02, Richmond County, New York",Staten Island,89392,13172
1400000US36085009701,"Census Tract 97.01, Richmond County, New York",Staten Island,100996,6871
1400000US36085009702,"Census Tract 97.02, Richmond County, New York",Staten Island,-666666666,-222222222
1400000US36085010500,"Census Tract 105, Richmond County, New York",Staten Island,96607,26001
1400000US36085011201,"Census Tract 112.01, Richmond County, New York",Staten Island,92387,10874
1400000US36085011203,"Census Tract 112.03, Richmond County, New York",Staten Island,72935,18292
1400000US36085011204,"Census Tract 112.04, Richmond County, New York",Staten Island,-666666666,-222222222
1400000US36085011401,"Census Tract 114.01, Richmond County, New York",Staten Island,50878,11562
1400000US36085011402,"Census Tract 114.02, Richmond County, New York",Staten Island,111058,29858
1400000US36085012100,"Census Tract 121, Richmond County, New York",Staten Island,202699,26759
1400000US36085012200,"Census Tract 122, Richmond County, New York",Staten Island,127824,15165
1400000US36085012500,"Census Tract 125, Richmond County, New York",Staten Island,138000,28233
1400000US36085012804,"Census Tract 128.04, Richmond County, New York",Staten Island,97624,12007
1400000US36085012805,"Census Tract 128.05, Richmond County, New York",Staten Island,134512,57059
1400000US36085012806,"Census Tract 128.06, Richmond County, New York",Staten Island,67857,22436
1400000US36085013201,"Census Tract 132.01, Richmond County, New York",Staten Island,117083,31262
1400000US36085013203,"Census Tract 132.03, Richmond County, New York",Staten Island,102750,54898
1400000US36085013204,"Census Tract 132.04, Richmond County, New York",Staten Island,108447,29630
1400000US36085013301,"Census Tract 133.01, Richmond County, New York",Staten Island,33705,23895
1400000US36085013302,"Census Tract 133.02, Richmond County, New York",Staten Island,92070,86360
1400000US36085013400,"Census Tract 134, Richmond County, New York",Staten Island,93145,29092
1400000US36085013800,"Census Tract 138, Richmond County, New York",Staten Island,146975,19736
1400000US36085014100,"Census Tract 141, Richmond County, New York",Staten Island,92500,40173
1400000US36085014604,"Census Tract 146.04, Richmond County, New York",Staten Island,126950,19671
1400000US36085014605,"Census Tract 146.05, Richmond County, New York",Staten Island,148065,47025
1400000US36085014606,"Census Tract 146.06, Richmond County, New York",Staten Island,97247,39196
1400000US36085014607,"Census Tract 146.07, Richmond County, New York",Staten Island,130294,24588
1400000US36085014608,"Census Tract 146.08, Richmond County, New York",Staten Island,105625,33277
1400000US36085014700,"Census Tract 147, Richmond County, New York",Staten Island,123015,26495
1400000US36085015100,"Census Tract 151, Richmond County, New York",Staten Island,115769,41034
1400000US36085015400,"Census Tract 154, Richmond County, New York",Staten Island,-666666666,-222222222
1400000US36085015601,"Census Tract 156.01, Richmond County, New York",Staten Island,112076,32201
1400000US36085015602,"Census Tract 156.02, Richmond County, New York",Staten Island,145682,32512
1400000US36085015603,"Census Tract 156.03, Richmond County, New York",Staten Island,102792,23706
1400000US36085016901,"Census Tract 169.01, Richmond County, New York",Staten Island,129583,42282
1400000US36085017005,"Census Tract 170.05, Richmond County, New York",Staten Island,100965,11984
1400000US36085017007,"Census Tract 170.07, Richmond County, New York",Staten Island,107003,8578
1400000US36085017009,"Census Tract 170.09, Richmond County, New York",Staten Island,124196,21619
1400000US36085017011,"Census Tract 170.11, Richmond County, New York",Staten Island,128933,26160
1400000US36085017012,"Census Tract 170.12, Richmond County, New York",Staten Island,126250,35656
1400000US36085017013,"Census Tract 170.13, Richmond County, New York",Staten Island,99914,36727
1400000US36085017014,"Census Tract 170.14, Richmond County, New York",Staten Island,112567,19148
1400000US36085017015,"Census Tract 170.15, Richmond County, New York",Staten Island,116923,11742
1400000US36085017016,"Census Tract 170.16, Richmond County, New York",Staten Island,104313,20256
1400000US36085017300,"Census Tract 173, Richmond County, New York",Staten Island,55114,12535
1400000US36085017600,"Census Tract 176, Richmond County, New York",Staten Island,111786,14199
1400000US36085017701,"Census Tract 177.01, Richmond County, New York",Staten Island,131719,39294
1400000US36085017702,"Census Tract 177.02, Richmond County, New York",Staten Island,118743,3495
1400000US36085018100,"Census Tract 181, Richmond County, New York",Staten Island,98807,67581
1400000US36085018701,"Census Tract 187.01, Richmond County, New York",Staten Island,100903,19559
1400000US36085018703,"Census Tract 187.03, Richmond County, New York",Staten Island,96642,25480
1400000US36085018704,"Census Tract 187.04, Richmond County, New York",Staten Island,145432,33571
1400000US36085018901,"Census Tract 189.01, Richmond County, New York",Staten Island,136370,25487
1400000US36085018902,"Census Tract 189.02, Richmond County, New York",Staten Island,101700,20080
1400000US36085019700,"Census Tract 197, Richmond County, New York",Staten Island,111250,40926
1400000US36085019800,"Census Tract 198, Richmond County, New York",Staten Island,131496,31489
1400000US36085020100,"Census Tract 201, Richmond County, New York",Staten Island,116591,42601
1400000US36085020701,"Census Tract 207.01, Richmond County, New York",Staten Island,58495,27293
1400000US36085020702,"Census Tract 207.02, Richmond County, New York",Staten Island,46638,14228
1400000US36085020803,"Census Tract 208.03, Richmond County, New York",Staten Island,108076,28053
1400000US36085020804,"Census Tract 208.04, Richmond County, New York",Staten Island,104049,13981
1400000US36085020805,"Census Tract 208.05, Richmond County, New York",Staten Island,129939,19120
1400000US36085020806,"Census Tract 208.06, Richmond County, New York",Staten Island,98683,21952
1400000US36085021300,"Census Tract 213, Richmond County, New York",Staten Island,103992,18245
1400000US36085022300,"Census Tract 223, Richmond County, New York",Staten Island,64964,39822
1400000US36085022601,"Census Tract 226.01, Richmond County, New York",Staten Island,104385,7053
1400000US36085022602,"Census Tract 226.02, Richmond County, New York",Staten Island,-666666666,-222222222
1400000US36085022801,"Census Tract 228.01, Richmond County, New York",Staten Island,-666666666,-222222222
1400000US36085022802,"Census Tract 228.02, Richmond County, New York",Staten Island,-666666666,-222222222
1400000US36085023100,"Census Tract 231, Richmond County, New York",Staten Island,86589,18294
1400000US36085023900,"Census Tract 239, Richmond County, New York",Staten Island,66833,19140
1400000US36085024401,"Census Tract 244.01, Richmond County, New York",Staten Island,176363,13586
1400000US36085024402,"Census Tract 244.02, Richmond County, New York",Staten Island,131042,46184
1400000US36085024700,"Census Tract 247, Richmond County, New York",Staten Island,79833,16535
1400000US36085024800,"Census Tract 248, Richmond County, New York",Staten Island,131745,28182
1400000US36085025100,"Census Tract 251, Richmond County, New York",Staten Island,109494,19551
1400000US36085027301,"Census Tract 273.01, Richmond County, New York",Staten Island,116181,19463
1400000US36085027302,"Census Tract 273.02, Richmond County, New York",Staten Island,106979,37713
1400000US36085027702,"Census Tract 277.02, Richmond County, New York",Staten Island,88295,33006
1400000US36085027704,"Census Tract 277.04, Richmond County, New York",Staten Island,82315,30564
1400000US36085027705,"Census Tract 277.05, Richmond County, New York",Staten Island,99803,33759
1400000US36085027706,"Census Tract 277.06, Richmond County, New York",Staten Island,60781,34128
1400000US36085027900,"Census Tract 279, Richmond County, New York",Staten Island,167934,46201
1400000US36085029102,"Census Tract 291.02, Richmond County, New York",Staten Island,123393,12331
1400000US36085029104,"Census Tract 291.04, Richmond County, New York",Staten Island,97412,30186
1400000US36085029105,"Census Tract 291.05, Richmond County, New York",Staten Island,118597,19156
1400000US36085029106,"Census Tract 291.06, Richmond County, New York",Staten Island,75347,13117
1400000US36085030301,"Census Tract 303.01, Richmond County, New York",Staten Island,118913,24870
1400000US36085030302,"Census Tract 303.02, Richmond County, New York",Staten Island,89917,21258
1400000US36085031901,"Census Tract 319.01, Richmond County, New York",Staten Island,51743,34921
1400000US36085031902,"Census Tract 319.02, Richmond County, New York",Staten Island,92083,44990
1400000US36085032300,"Census Tract 323, Richmond County, New York",Staten Island,79688,20481
1400000US36085990100,"Census Tract 9901, Richmond County, New York",Staten Island,-666666666,-222222222
