geoid,tract_name,borough,B25077_E001,B25077_M001
1400000US36005000100,"Census Tract 1, Bronx County, New York",Bronx,-666666666,-222222222
1400000US36005000200,"Census Tract 2, Bronx County, New York",Bronx,626400,61172
1400000US36005000400,"Census Tract 4, Bronx County, New York",Bronx,558000,118779
1400000US36005001600,"Census Tract 16, Bronx County, New York",Bronx,709300,138431
1400000US36005001901,"Census Tract 19.01, Bronx County, New York",Bronx,-666666666,-222222222
1400000US36005001902,"Census Tract 19.02, Bronx County, New York",Bronx,595000,210978
1400000US36005001903,"Census Tract 19.03, Bronx County, New York",Bronx,-666666666,-222222222
1400000US36005001904,"Census Tract 19.04, Bronx County, New York",Bronx,-666666666,-222222222
1400000US36005002001,"Census Tract 20.01, Bronx County, New York",Bronx,-666666666,-222222222
1400000US36005002002,"Census Tract 20.02, Bronx County, New York",Bronx,635400,33242
1400000US36005002300,"Census Tract 23, Bronx County, New York",Bronx,-666666666,-222222222
1400000US36005002400,"Census Tract 24, Bronx County, New York",Bronx,-666666666,-222222222
1400000US36005002500,"Census Tract 25, Bronx County, New York",Bronx,-666666666,-222222222
1400000US36005002701,"Census Tract 27.01, Bronx County, New York",Bronx,-666666666,-222222222
1400000US36005002702,"Census Tract 27.02, Bronx County, New York",Bronx,-666666666,-222222222
1400000US36005002800,"Census Tract 28, Bronx County, New York",Bronx,320500,72340
1400000US36005003100,"Census Tract 31, Bronx County, New York",Bronx,54600,51543
1400000US36005003300,"Census Tract 33, Bronx County, New York",Bronx,746400,125354
1400000US36005003500,"Census Tract 35, Bronx County, New York",Bronx,-666666666,-222222222
1400000US36005003700,"Census Tract 37, Bronx County, New York",Bronx,-666666666,-222222222
1400000US36005003800,"Census Tract 38, Bronx County, New York",Bronx,665000,46627
1400000US36005003900,"Census Tract 39, Bronx County, New York",Bronx,1285900,724043
1400000US36005004001,"Census Tract 40.01, Bronx County, New York",Bronx,603800,39870
1400000US36005004100,"Census Tract 41, Bronx County, New York",Bronx,-666666666,-222222222
1400000US36005004200,"Census Tract 42, Bronx County, New York",Bronx,362500,27621
1400000US36005004300,"Census Tract 43, Bronx County, New York",Bronx,744800,150934
1400000US36005004400,"Census Tract 44, Bronx County, New York",Bronx,-666666666,-222222222
1400000US36005004600,"Census Tract 46, Bronx County, New York",Bronx,129500,113053
1400000US36005004800,"Census Tract 48, Bronx County, New York",Bronx,-666666666,-222222222
1400000US36005005001,"Census Tract 50.01, Bronx County, New York",Bronx,865000,459006
1400000US36005005002,"Census Tract 50.02, Bronx County, New York",Bronx,523400,274082
1400000US36005005100,"Census Tract 51, Bronx County, New York",Bronx,-666666666,-222222222
1400000US36005005200,"Census Tract 52, Bronx County, New York",Bronx,616200,22656
1400000US36005005300,"Census Tract 53, Bronx County, New York",Bronx,-666666666,-222222222
1400000US36005005400,"Census Tract 54, Bronx County, New York",Bronx,647400,47935
1400000US36005005600,"Census Tract 56, Bronx County, New York",Bronx,-666666666,-222222222
1400000US36005005902,"Census Tract 59.02, Bronx County, New York",Bronx,317700,48102
1400000US36005006000,"Census Tract 60, Bronx County, New York",Bronx,683300,208127
1400000US36005006100,"Census Tract 61, Bronx County, New York",Bronx,31300,6245
1400000US36005006200,"Census Tract 62, Bronx County, New York",Bronx,-666666666,-222222222
1400000US36005006301,"Census Tract 63.01, Bronx County, New York",Bronx,334100,75734
1400000US36005006302,"Census Tract 63.02, Bronx County, New York",Bronx,-666666666,-222222222
1400000US36005006400,"Census Tract 64, Bronx County, New York",Bronx,552200,538865
1400000US36005006500,"Census Tract 65, Bronx County, New York",Bronx,-666666666,-222222222
1400000US36005006700,"Census Tract 67, Bronx County, New York",Bronx,-666666666,-222222222
1400000US36005006800,"Census Tract 68, Bronx County, New York",Bronx,747800,246727
1400000US36005006900,"Census Tract 69, Bronx County, New York",Bronx,-666666666,-222222222
1400000US36005007000,"Census Tract 70, Bronx County, New York",Bronx,625000,330394
1400000US36005007100,"Census Tract 71, Bronx County, New York",Bronx,294500,26755
1400000US36005007200,"Census Tract 72, Bronx County, New York",Bronx,707300,88688
1400000US36005007300,"Census Tract 73, Bronx County, New York",Bronx,-666666666,-222222222
1400000US36005007400,"Census Tract 74, Bronx County, New York",Bronx,526300,153717
1400000US36005007500,"Census Tract 75, Bronx County, New York",Bronx,563600,101558
1400000US36005007600,"Census Tract 76, Bronx County, New York",Bronx,805800,88629
1400000US36005007700,"Census Tract 77, Bronx County, New York",Bronx,711500,531607
1400000US36005007800,"Census Tract 78, Bronx County, New York",Bronx,471600,213984
1400000US36005007900,"Census Tract 79, Bronx County, New York",Bronx,-666666666,-222222222
1400000US36005008300,"Census Tract 83, Bronx County, New York",Bronx,320800,167486
1400000US36005008400,"Census Tract 84, Bronx County, New York",Bronx,626900,25682
1400000US36005008500,"Census Tract 85, Bronx County, New York",Bronx,570300,399951
1400000US36005008600,"Census Tract 86, Bronx County, New York",Bronx,621000,70835
1400000US36005008700,"Census Tract 87, Bronx County, New York",Bronx,-666666666,-222222222
1400000US36005008900,"Census Tract 89, Bronx County, New York",Bronx,-666666666,-222222222
1400000US36005009000,"Census Tract 90, Bronx County, New York",Bronx,489600,135461
1400000US36005009200,"Census Tract 92, Bronx County, New York",Bronx,637900,84462
1400000US36005009301,"Census Tract 93.01, Bronx County, New York",Bronx,-666666666,-222222222
1400000US36005009302,"Census Tract 93.02, Bronx County, New York",Bronx,-666666666,-222222222
1400000US36005009600,"Census Tract 96, Bronx County, New York",Bronx,592300,50064
1400000US36005009800,"Census Tract 98, Bronx County, New York",Bronx,569300,40898
1400000US36005011000,"Census Tract 110, Bronx County, New York",Bronx,-666666666,-222222222
1400000US36005011502,"Census Tract 115.02, Bronx County, New York",Bronx,635400,349448
1400000US36005011701,"Census Tract 117.01, Bronx County, New York",Bronx,-666666666,-222222222
1400000US36005011702,"Census Tract 117.02, Bronx County, New York",Bronx,-666666666,-222222222
1400000US36005011800,"Census Tract 118, Bronx County, New York",Bronx,518700,56964
1400000US36005011900,"Census Tract 119, Bronx County, New York",Bronx,597700,83812
1400000US36005012101,"Census Tract 121.01, Bronx County, New York",Bronx,664800,316189
1400000US36005012102,"Census Tract 121.02, Bronx County, New York",Bronx,-666666666,-222222222
1400000US36005012300,"Census Tract 123, Bronx County, New York",Bronx,-666666666,-222222222
1400000US36005012500,"Census Tract 125, Bronx County, New York",Bronx,637000,92076
1400000US36005012701,"Census Tract 127.01, Bronx County, New York",Bronx,104200,60212
1400000US36005012901,"Census Tract 129.01, Bronx County, New York",Bronx,-666666666,-222222222
1400000US36005013000,"Census Tract 130, Bronx County, New York",Bronx,705700,100525
1400000US36005013100,"Census Tract 131, Bronx County, New York",Bronx,683800,262871
1400000US36005013200,"Census Tract 132, Bronx County, New York",Bronx,607000,50994
1400000US36005013300,"Census Tract 133, Bronx County, New York",Bronx,-666666666,-222222222
1400000US36005013500,"Census Tract 135, Bronx County, New York",Bronx,625000,325122
1400000US36005013800,"Census Tract 138, Bronx County, New York",Bronx,423500,34651
1400000US36005014100,"Census Tract 141, Bronx County, New York",Bronx,-666666666,-222222222
1400000US36005014300,"Census Tract 143, Bronx County, New York",Bronx,-666666666,-222222222
1400000US36005014400,"Census Tract 144, Bronx County, New York",Bronx,599900,41998
1400000US36005014500,"Census Tract 145, Bronx County, New York",Bronx,-666666666,-222222222
1400000US36005014701,"Census Tract 147.01, Bronx County, New York",Bronx,-666666666,-222222222
1400000US36005014702,"Census Tract 147.02, Bronx County, New York",Bronx,-666666666,-222222222
1400000US36005014900,"Census Tract 149, Bronx County, New York",Bronx,-666666666,-222222222
1400000US36005015100,"Census Tract 151, Bronx County, New York",Bronx,752300,185644
1400000US36005015200,"Census Tract 152, Bronx County, New York",Bronx,669200,57351
1400000US36005015300,"Census Tract 153, Bronx County, New York",Bronx,-666666666,-222222222
1400000US36005015500,"Census Tract 155, Bronx County, New York",Bronx,-666666666,-222222222
1400000US36005015700,"Census Tract 157, Bronx County, New York",Bronx,622400,207813
1400000US36005015800,"Census Tract 158, Bronx County, New York",Bronx,746700,89013
1400000US36005015900,"Census Tract 159, Bronx County, New York",Bronx,-666666666,-222222222
1400000US36005016000,"Census Tract 160, Bronx County, New York",Bronx,602500,23653
1400000US36005016100,"Census Tract 161, Bronx County, New York",Bronx,-666666666,-222222222
1400000US36005016200,"Census Tract 162, Bronx County, New York",Bronx,704900,65052
1400000US36005016300,"Census Tract 163, Bronx County, New York",Bronx,-666666666,-222222222
1400000US36005016400,"Census Tract 164, Bronx County, New York",Bronx,686400,68160
1400000US36005016500,"Census Tract 165, Bronx County, New York",Bronx,-666666666,-222222222
1400000US36005016600,"Census Tract 166, Bronx County, New York",Bronx,652000,37885
1400000US36005016700,"Census Tract 167, Bronx County, New York",Bronx,-666666666,-222222222
1400000US36005016900,"Census Tract 169, Bronx County, New York",Bronx,716200,137061
1400000US36005017100,"Census Tract 171, Bronx County, New York",Bronx,-666666666,-222222222
1400000US36005017300,"Census Tract 173, Bronx County, New York",Bronx,-666666666,-222222222
1400000US36005017500,"Census Tract 175, Bronx County, New York",Bronx,-666666666,-222222222
1400000US36005017701,"Census Tract 177.01, Bronx County, New York",Bronx,-666666666,-222222222
1400000US36005017702,"Census Tract 177.02, Bronx County, New York",Bronx,904300,366346
1400000US36005017901,"Census Tract 179.01, Bronx County, New York",Bronx,230000,9553
1400000US36005017902,"Census Tract 179.02, Bronx County, New York",Bronx,-666666666,-222222222
1400000US36005018101,"Census Tract 181.01, Bronx County, New York",Bronx,1020400,191947
1400000US36005018102,"Census Tract 181.02, Bronx County, New York",Bronx,331700,318399
1400000US36005018301,"Census Tract 183.01, Bronx County, New York",Bronx,324400,50246
1400000US36005018302,"Census Tract 183.02, Bronx County, New York",Bronx,252600,182014
1400000US36005018400,"Census Tract 184, Bronx County, New York",Bronx,649200,45375
1400000US36005018501,"Census Tract 185.01, Bronx County, New York",Bronx,-666666666,-222222222
1400000US36005018502,"Census Tract 185.02, Bronx County, New York",Bronx,574500,528410
1400000US36005018900,"Census Tract 189, Bronx County, New York",Bronx,182900,102537
1400000US36005019300,"Census Tract 193, Bronx County, New York",Bronx,-666666666,-222222222
1400000US36005019400,"Census Tract 194, Bronx County, New York",Bronx,645200,21498
1400000US36005019500,"Census Tract 195, Bronx County, New York",Bronx,-666666666,-222222222
1400000US36005019700,"Census Tract 197, Bronx County, New York",Bronx,-666666666,-222222222
1400000US36005019900,"Census Tract 199, Bronx County, New York",Bronx,-666666666,-222222222
1400000US36005020000,"Census Tract 200, Bronx County, New York",Bronx,664600,286511
1400000US36005020100,"Census Tract 201, Bronx County, New York",Bronx,-666666666,-222222222
1400000US36005020200,"Census Tract 202, Bronx County, New York",Bronx,753000,359198
1400000US36005020400,"Census Tract 204, Bronx County, New York",Bronx,727800,146582
1400000US36005020501,"Census Tract 205.01, Bronx County, New York",Bronx,-666666666,-222222222
1400000US36005020502,"Census Tract 205.02, Bronx County, New York",Bronx,467900,415337
1400000US36005020601,"Census Tract 206.01, Bronx County, New York",Bronx,812100,119347
1400000US36005020900,"Census Tract 209, Bronx County, New York",Bronx,-666666666,-222222222
1400000US36005021001,"Census Tract 210.01, Bronx County, New York",Bronx,238100,45206
1400000US36005021002,"Census Tract 210.02, Bronx County, New York",Bronx,261500,28326
1400000US36005021100,"Census Tract 211, Bronx County, New York",Bronx,799200,148446
1400000US36005021200,"Census Tract 212, Bronx County, New York",Bronx,319000,69701
1400000US36005021301,"Census Tract 213.01, Bronx County, New York",Bronx,-666666666,-222222222
1400000US36005021302,"Census Tract 213.02, Bronx County, New York",Bronx,-666666666,-222222222
1400000US36005021501,"Census Tract 215.01, Bronx County, New York",Bronx,-666666666,-222222222
1400000US36005021502,"Census Tract 215.02, Bronx County, New York",Bronx,-666666666,-222222222
1400000US36005021601,"Census Tract 216.01, Bronx County, New York",Bronx,-666666666,-222222222
1400000US36005021602,"Census Tract 216.02, Bronx County, New York",Bronx,224300,88703
1400000US36005021700,"Census Tract 217, Bronx County, New York",Bronx,-666666666,-222222222
1400000US36005021800,"Census Tract 218, Bronx County, New York",Bronx,754100,129912
1400000US36005021900,"Census Tract 219, Bronx County, New York",Bronx,-666666666,-222222222
1400000US36005022000,"Census Tract 220, Bronx County, New York",Bronx,659100,73583
1400000US36005022101,"Census Tract 221.01, Bronx County, New York",Bronx,-666666666,-222222222
1400000US36005022102,"Census Tract 221.02, Bronx County, New York",Bronx,-666666666,-222222222
1400000US36005022200,"Census Tract 222, Bronx County, New York",Bronx,408300,264860
1400000US36005022300,"Census Tract 223, Bronx County, New York",Bronx,-666666666,-222222222
1400000US36005022401,"Census Tract 224.01, Bronx County, New York",Bronx,181700,16482
1400000US36005022403,"Census Tract 224.03, Bronx County, New York",Bronx,193800,119017
1400000US36005022404,"Census Tract 224.04, Bronx County, New York",Bronx,181800,53544
1400000US36005022500,"Census Tract 225, Bronx County, New York",Bronx,94700,62979
1400000US36005022701,"Census Tract 227.01, Bronx County, New York",Bronx,-666666666,-222222222
1400000US36005022702,"Census Tract 227.02, Bronx County, New York",Bronx,-666666666,-222222222
1400000US36005022703,"Census Tract 227.03, Bronx County, New York",Bronx,-666666666,-222222222
1400000US36005022800,"Census Tract 228, Bronx County, New York",Bronx,694800,280141
1400000US36005022901,"Census Tract 229.01, Bronx County, New York",Bronx,-666666666,-222222222
1400000US36005022902,"Census Tract 229.02, Bronx County, New York",Bronx,-666666666,-222222222
1400000US36005023000,"Census Tract 230, Bronx County, New York",Bronx,607100,185415
1400000US36005023100,"Census Tract 231, Bronx County, New York",Bronx,-666666666,-222222222
1400000US36005023200,"Census Tract 232, Bronx County, New York",Bronx,715300,267024
1400000US36005023301,"Census Tract 233.01, Bronx County, New York",Bronx,518600,418794
1400000US36005023302,"Census Tract 233.02, Bronx County, New York",Bronx,-666666666,-222222222
1400000US36005023501,"Census Tract 235.01, Bronx County, New York",Bronx,-666666666,-222222222
1400000US36005023502,"Census Tract 235.02, Bronx County, New York",Bronx,-666666666,-222222222
1400000US36005023600,"Census Tract 236, Bronx County, New York",Bronx,678600,119965
1400000US36005023702,"Census Tract 237.02, Bronx County, New York",Bronx,-666666666,-222222222
1400000US36005023703,"Census Tract 237.03, Bronx County, New York",Bronx,-666666666,-222222222
1400000US36005023704,"Census Tract 237.04, Bronx County, New York",Bronx,-666666666,-222222222
1400000US36005023800,"Census Tract 238, Bronx County, New York",Bronx,674800,60187
1400000US36005023900,"Census Tract 239, Bronx County, New York",Bronx,-666666666,-222222222
1400000US36005024000,"Census Tract 240, Bronx County, New York",Bronx,675500,98114
1400000US36005024100,"Census Tract 241, Bronx County, New York",Bronx,-666666666,-222222222
1400000US36005024300,"Census Tract 243, Bronx County, New York",Bronx,-666666666,-222222222
1400000US36005024400,"Census Tract 244, Bronx County, New York",Bronx,693000,61913
1400000US36005024501,"Census Tract 245.01, Bronx County, New York",Bronx,-666666666,-222222222
1400000US36005024502,"Census Tract 245.02, Bronx County, New York",Bronx,562500,503086
1400000US36005024600,"Census Tract 246, Bronx County, New York",Bronx,767900,88768
1400000US36005024700,"Census Tract 247, Bronx County, New York",Bronx,-666666666,-222222222
1400000US36005024800,"Census Tract 248, Bronx County, New York",Bronx,880300,41895
1400000US36005024900,"Census Tract 249, Bronx County, New York",Bronx,-666666666,-222222222
1400000US36005025000,"Census Tract 250, Bronx County, New York",Bronx,681200,63852
1400000US36005025100,"Census Tract 251, Bronx County, New York",Bronx,-666666666,-222222222
1400000US36005025200,"Census Tract 252, Bronx County, New York",Bronx,640600,104578
1400000US36005025300,"Census Tract 253, Bronx County, New York",Bronx,-666666666,-222222222
1400000US36005025400,"Census Tract 254, Bronx County, New York",Bronx,655900,39516
1400000US36005025500,"Census Tract 255, Bronx County, New York",Bronx,-666666666,-222222222
1400000US36005025600,"Census Tract 256, Bronx County, New York",Bronx,836000,63190
1400000US36005025700,"Census Tract 257, Bronx County, New York",Bronx,645800,68573
1400000US36005026100,"Census Tract 261, Bronx County, New York",Bronx,226200,26716
1400000US36005026300,"Census Tract 263, Bronx County, New York",Bronx,-666666666,-222222222
1400000US36005026400,"Census Tract 264, Bronx County, New York",Bronx,880800,233069
1400000US36005026500,"Census Tract 265, Bronx County, New York",Bronx,-666666666,-222222222
1400000US36005026601,"Census Tract 266.01, Bronx County, New York",Bronx,-666666666,-222222222
1400000US36005026602,"Census Tract 266.02, Bronx County, New York",Bronx,530800,302316
1400000US36005026701,"Census Tract 267.01, Bronx County, New York",Bronx,-666666666,-222222222
1400000US36005026702,"Census Tract 267.02, Bronx County, New York",Bronx,859000,57493
1400000US36005026900,"Census Tract 269, Bronx County, New York",Bronx,231000,114925
1400000US36005027300,"Census Tract 273, Bronx County, New York",Bronx,-666666666,-222222222
1400000US36005027401,"Census Tract 274.01, Bronx County, New York",Bronx,729600,65564
1400000US36005027402,"Census Tract 274.02, Bronx County, New York",Bronx,823200,49074
1400000US36005027600,"Census Tract 276, Bronx County, New York",Bronx,-666666666,-222222222
1400000US36005027700,"Census Tract 277, Bronx County, New York",Bronx,356300,308370
1400000US36005027900,"Census Tract 279, Bronx County, New York",Bronx,231600,147178
1400000US36005028100,"Census Tract 281, Bronx County, New York",Bronx,37400,7480
1400000US36005028300,"Census Tract 283, Bronx County, New York",Bronx,358600,54620
1400000US36005028400,"Census Tract 284, Bronx County, New York",Bronx,-666666666,-222222222
1400000US36005028500,"Census Tract 285, Bronx County, New York",Bronx,-666666666,-222222222
1400000US36005028600,"Census Tract 286, Bronx County, New York",Bronx,669000,94755
1400000US36005028700,"Census Tract 287, Bronx County, New York",Bronx,778000,150942
1400000US36005028800,"Census Tract 288, Bronx County, New York",Bronx,760500,103843
1400000US36005028900,"Census Tract 289, Bronx County, New York",Bronx,366800,16394
1400000US36005029301,"Census Tract 293.01, Bronx County, New York",Bronx,570200,49165
1400000US36005029302,"Census Tract 293.02, Bronx County, New York",Bronx,374300,48772
1400000US36005029500,"Census Tract 295, Bronx County, New York",Bronx,415600,129314
1400000US36005029600,"Census Tract 296, Bronx County, New York",Bronx,611500,24427
1400000US36005029700,"Census Tract 297, Bronx County, New York",Bronx,422500,34082
1400000US36005030000,"Census Tract 300, Bronx County, New York",Bronx,484000,283417
1400000US36005030100,"Census Tract 301, Bronx County, New York",Bronx,332700,81778
1400000US36005030201,"Census Tract 302.01, Bronx County, New York",Bronx,31100,3768
1400000US36005030202,"Census Tract 302.02, Bronx County, New York",Bronx,30400,4287
1400000US36005030701,"Census Tract 307.01, Bronx County, New York",Bronx,523100,75481
1400000US36005030900,"Census Tract 309, Bronx County, New York",Bronx,456300,120976
1400000US36005031000,"Census Tract 310, Bronx County, New York",Bronx,798000,47420
1400000US36005031200,"Census Tract 312, Bronx County, New York",Bronx,655600,31437
1400000US36005031400,"Census Tract 314, Bronx County, New York",Bronx,800400,55909
1400000US36005031600,"Census Tract 316, Bronx County, New York",Bronx,716300,87136
1400000US36005031800,"Census Tract 318, Bronx County, New York",Bronx,663100,87879
1400000US36005031900,"Census Tract 319, Bronx County, New York",Bronx,-666666666,-222222222
1400000US36005032300,"Census Tract 323, Bronx County, New York",Bronx,280800,79120
1400000US36005032400,"Census Tract 324, Bronx County, New York",Bronx,667500,208600
1400000US36005032600,"Census Tract 326, Bronx County, New York",Bronx,672800,45291
1400000US36005032800,"Census Tract 328, Bronx County, New York",Bronx,759500,115136
1400000US36005033000,"Census Tract 330, Bronx County, New York",Bronx,649300,50392
1400000US36005033201,"Census Tract 332.01, Bronx County, New York",Bronx,283600,22638
1400000US36005033202,"Census Tract 332.02, Bronx County, New York",Bronx,398800,331597
1400000US36005033400,"Census Tract 334, Bronx County, New York",Bronx,-666666666,-222222222
1400000US36005033500,"Census Tract 335, Bronx County, New York",Bronx,418700,64051
1400000US36005033601,"Census Tract 336.01, Bronx County, New York",Bronx,242900,108988
1400000US36005033602,"Census Tract 336.02, Bronx County, New York",Bronx,-666666666,-222222222
1400000US36005033700,"Census Tract 337, Bronx County, New York",Bronx,939000,146764
1400000US36005033801,"Census Tract 338.01, Bronx County, New York",Bronx,770500,151508
1400000US36005033802,"Census Tract 338.02, Bronx County, New York",Bronx,512100,180424
1400000US36005034000,"Census Tract 340, Bronx County, New York",Bronx,786700,245352
1400000US36005034200,"Census Tract 342, Bronx County, New York",Bronx,671900,99976
1400000US36005034300,"Census Tract 343, Bronx County, New York",Bronx,607100,553456
1400000US36005034400,"Census Tract 344, Bronx County, New York",Bronx,648800,38909
1400000US36005034500,"Census Tract 345, Bronx County, New York",Bronx,319500,211445
1400000US36005034800,"Census Tract 348, Bronx County, New York",Bronx,705200,80686
1400000US36005035000,"Census Tract 350, Bronx County, New York",Bronx,649600,93782
1400000US36005035100,"Census Tract 351, Bronx County, New York",Bronx,382200,41468
1400000US36005035600,"Census Tract 356, Bronx County, New York",Bronx,682700,71489
1400000US36005035800,"Census Tract 358, Bronx County, New York",Bronx,695700,65605
1400000US36005035900,"Census Tract 359, Bronx County, New York",Bronx,-666666666,-222222222
1400000US36005036000,"Census Tract 360, Bronx County, New York",Bronx,661300,53280
1400000US36005036100,"Census Tract 361, Bronx County, New York",Bronx,523400,334074
1400000US36005036300,"Census Tract 363, Bronx County, New York",Bronx,-666666666,-222222222
1400000US36005036400,"Census Tract 364, Bronx County, New York",Bronx,597700,23896
1400000US36005036501,"Census Tract 365.01, Bronx County, New York",Bronx,845400,315870
1400000US36005036502,"Census Tract 365.02, Bronx County, New York",Bronx,625000,546569
1400000US36005036700,"Census Tract 367, Bronx County, New York",Bronx,763900,301095
1400000US36005036800,"Census Tract 368, Bronx County, New York",Bronx,572600,185184
1400000US36005036901,"Census Tract 369.01, Bronx County, New York",Bronx,-666666666,-222222222
1400000US36005036902,"Census Tract 369.02, Bronx County, New York",Bronx,-666666666,-222222222
1400000US36005037000,"Census Tract 370, Bronx County, New York",Bronx,586900,46579
1400000US36005037100,"Census Tract 371, Bronx County, New York",Bronx,657000,207029
1400000US36005037200,"Census Tract 372, Bronx County, New York",Bronx,586500,85015
1400000US36005037300,"Census Tract 373, Bronx County, New York",Bronx,-666666666,-222222222
1400000US36005037400,"Census Tract 374, Bronx County, New York",Bronx,455300,58056
1400000US36005037504,"Census Tract 375.04, Bronx County, New York",Bronx,-666666666,-222222222
1400000US36005037600,"Census Tract 376, Bronx County, New York",Bronx,541700,53949
1400000US36005037800,"Census Tract 378, Bronx County, New York",Bronx,501400,358416
1400000US36005037900,"Census Tract 379, Bronx County, New York",Bronx,747100,334768
1400000US36005038000,"Census Tract 380, Bronx County, New York",Bronx,145700,83447
1400000US36005038100,"Census Tract 381, Bronx County, New York",Bronx,-666666666,-222222222
1400000US36005038200,"Census Tract 382, Bronx County, New York",Bronx,635100,44609
1400000US36005038301,"Census Tract 383.01, Bronx County, New York",Bronx,-666666666,-222222222
1400000US36005038303,"Census Tract 383.03, Bronx County, New York",Bronx,-666666666,-222222222
1400000US36005038304,"Census Tract 383.04, Bronx County, New York",Bronx,-666666666,-222222222
1400000US36005038500,"Census Tract 385, Bronx County, New York",Bronx,-666666666,-222222222
1400000US36005038600,"Census Tract 386, Bronx County, New York",Bronx,594700,43180
1400000US36005038700,"Census Tract 387, Bronx County, New York",Bronx,-666666666,-222222222
1400000US36005038800,"Census Tract 388, Bronx County, New York",Bronx,714300,89515
1400000US36005038900,"Census Tract 389, Bronx County, New York",Bronx,-666666666,-222222222
1400000US36005039000,"Census Tract 390, Bronx County, New York",Bronx,707800,183505
1400000US36005039100,"Census Tract 391, Bronx County, New York",Bronx,-666666666,-222222222
1400000US36005039200,"Census Tract 392, Bronx County, New York",Bronx,502200,388732
1400000US36005039300,"Census Tract 393, Bronx County, New York",Bronx,-666666666,-222222222
1400000US36005039400,"Census Tract 394, Bronx County, New York",Bronx,-666666666,-222222222
1400000US36005039500,"Census Tract 395, Bronx County, New York",Bronx,564500,233649
1400000US36005039600,"Census Tract 396, Bronx County, New York",Bronx,766200,481671
1400000US36005039700,"Census Tract 397, Bronx County, New York",Bronx,-666666666,-222222222
1400000US36005039800,"Census Tract 398, Bronx County, New York",Bronx,628600,37954
1400000US36005039901,"Census Tract 399.01, Bronx County, New York",Bronx,-666666666,-222222222
1400000US36005039902,"Census Tract 399.02, Bronx County, New York",Bronx,-666666666,-222222222
1400000US36005040100,"Census Tract 401, Bronx County, New York",Bronx,-666666666,-222222222
1400000US36005040302,"Census Tract 403.02, Bronx County, New York",Bronx,-666666666,-222222222
1400000US36005040303,"Census Tract 403.03, Bronx County, New York",Bronx,822000,145109
1400000US36005040304,"Census Tract 403.04, Bronx County, New York",Bronx,-666666666,-222222222
1400000US36005040400,"Census Tract 404, Bronx County, New York",Bronx,722900,381017
1400000US36005040501,"Census Tract 405.01, Bronx County, New York",Bronx,638400,493186
1400000US36005040502,"Census Tract 405.02, Bronx County, New York",Bronx,812500,256419
1400000US36005040600,"Census Tract 406, Bronx County, New York",Bronx,656900,170660
1400000US36005040701,"Census Tract 407.01, Bronx County, New York",Bronx,-666666666,-222222222
1400000US36005040702,"Census Tract 407.02, Bronx County, New York",Bronx,586800,121103
1400000US36005040800,"Census Tract 408, Bronx County, New York",Bronx,717900,205875
1400000US36005040900,"Census Tract 409, Bronx County, New York",Bronx,-666666666,-222222222
1400000US36005041100,"Census Tract 411, Bronx County, New York",Bronx,201000,143730
1400000US36005041300,"Census Tract 413, Bronx County, New York",Bronx,240900,127593
1400000US36005041400,"Census Tract 414, Bronx County, New York",Bronx,462900,67107
1400000US36005041500,"Census Tract 415, Bronx County, New York",Bronx,-666666666,-222222222
1400000US36005041800,"Census Tract 418, Bronx County, New York",Bronx,556000,479460
1400000US36005041900,"Census Tract 419, Bronx County, New York",Bronx,-666666666,-222222222
1400000US36005042000,"Census Tract 420, Bronx County, New York",Bronx,755400,182606
1400000US36005042100,"Census Tract 421, Bronx County, New York",Bronx,159000,92760
1400000US36005042200,"Census Tract 422, Bronx County, New York",Bronx,658000,360451
1400000US36005042300,"Census Tract 423, Bronx County, New York",Bronx,546900,374442
1400000US36005042400,"Census Tract 424, Bronx County, New York",Bronx,563900,70689
1400000US36005042500,"Census Tract 425, Bronx County, New York",Bronx,-666666666,-222222222
1400000US36005042600,"Census Tract 426, Bronx County, New York",Bronx,625700,67812
1400000US36005042800,"Census Tract 428, Bronx County, New York",Bronx,590300,32852
1400000US36005042901,"Census Tract 429.01, Bronx County, New York",Bronx,-666666666,-222222222
1400000US36005042902,"Census Tract 429.02, Bronx County, New York",Bronx,-666666666,-222222222
1400000US36005043000,"Census Tract 430, Bronx County, New York",Bronx,716200,102981
1400000US36005043101,"Census Tract 431.01, Bronx County, New York",Bronx,-666666666,-222222222
1400000US36005043102,"Census Tract 431.02, Bronx County, New York",Bronx,235100,98807
1400000US36005043400,"Census Tract 434, Bronx County, New York",Bronx,537300,137537
1400000US36005043501,"Census Tract 435.01, Bronx County, New York",Bronx,-666666666,-222222222
1400000US36005043502,"Census Tract 435.02, Bronx County, New York",Bronx,-666666666,-222222222
1400000US36005043503,"Census Tract 435.03, Bronx County, New York",Bronx,-666666666,-222222222
1400000US36005043600,"Census Tract 436, Bronx County, New York",Bronx,566800,49977
1400000US36005044200,"Census Tract 442, Bronx County, New York",Bronx,577600,140792
1400000US36005044400,"Census Tract 444, Bronx County, New York",Bronx,556700,78897
1400000US36005044800,"Census Tract 448, Bronx County, New York",Bronx,682900,91923
1400000US36005044901,"Census Tract 449.01, Bronx County, New York",Bronx,552000,181749
1400000US36005044902,"Census Tract 449.02, Bronx County, New York",Bronx,657400,210010
1400000US36005045101,"Census Tract 451.01, Bronx County, New York",Bronx,521700,345917
1400000US36005045102,"Census Tract 451.02, Bronx County, New York",Bronx,258600,44467
1400000US36005045600,"Census Tract 456, Bronx County, New York",Bronx,531600,134225
1400000US36005045800,"Census Tract 458, Bronx County, New York",Bronx,-666666666,-222222222
1400000US36005046000,"Census Tract 460, Bronx County, New York",Bronx,469800,89468
1400000US36005046203,"Census Tract 462.03, Bronx County, New York",Bronx,32100,6470
1400000US36005046204,"Census Tract 462.04, Bronx County, New York",Bronx,33300,30472
1400000US36005046205,"Census Tract 462.05, Bronx County, New York",Bronx,33000,4782
1400000US36005046206,"Census Tract 462.06, Bronx County, New York",Bronx,16700,4767
1400000US36005046207,"Census Tract 462.07, Bronx County, New York",Bronx,31200,9059
1400000US36005046208,"Census Tract 462.08, Bronx County, New York",Bronx,543600,121290
1400000US36005046209,"Census Tract 462.09, Bronx County, New York",Bronx,276900,216803
1400000US36005048401,"Census Tract 484.01, Bronx County, New York",Bronx,750000,106155
1400000US36005048402,"Census Tract 484.02, Bronx County, New York",Bronx,-666666666,-222222222
1400000US36005050400,"Census Tract 504, Bronx County, New York",Bronx,-666666666,-222222222
1400000US36005051601,"Census Tract 516.01, Bronx County, New York",Bronx,656400,38865
1400000US36005051602,"Census Tract 516.02, Bronx County, New York",Bronx,-666666666,-222222222
1400000US36047000100,"Census Tract 1, Kings County, New York",Brooklyn,781300,183949
1400000US36047000200,"Census Tract 2, Kings County, New York",Brooklyn,1074100,128067
1400000US36047000301,"Census Tract 3.01, Kings County, New York",Brooklyn,2000001,-333333333
1400000US36047000501,"Census Tract 5.01, Kings County, New York",Brooklyn,1195200,310957
1400000US36047000502,"Census Tract 5.02, Kings County, New York",Brooklyn,742400,153246
1400000US36047000700,"Census Tract 7, Kings County, New York",Brooklyn,1339700,824606
1400000US36047000900,"Census Tract 9, Kings County, New York",Brooklyn,946100,118930
1400000US36047001100,"Census Tract 11, Kings County, New York",Brooklyn,1240400,995362
1400000US36047001300,"Census Tract 13, Kings County, New York",Brooklyn,700800,72471
1400000US36047001501,"Census Tract 15.01, Kings County, New York",Brooklyn,1022300,142440
1400000US36047001502,"Census Tract 15.02, Kings County, New York",Brooklyn,1277400,423297
1400000US36047001801,"Census Tract 18.01, Kings County, New York",Brooklyn,-666666666,-222222222
1400000US36047001802,"Census Tract 18.02, Kings County, New York",Brooklyn,-666666666,-222222222
1400000US36047001803,"Census Tract 18.03, Kings County, New York",Brooklyn,-666666666,-222222222
1400000US36047001804,"Census Tract 18.04, Kings County, New York",Brooklyn,-666666666,-222222222
1400000US36047002000,"Census Tract 20, Kings County, New York",Brooklyn,1121300,466502
1400000US36047002100,"Census Tract 21, Kings County, New York",Brooklyn,1910000,363270
1400000US36047002200,"Census Tract 22, Kings County, New York",Brooklyn,860000,666915
1400000US36047002300,"Census Tract 23, Kings County, New York",Brooklyn,348200,36643
1400000US36047002901,"Census Tract 29.01, Kings County, New York",Brooklyn,-666666666,-222222222
1400000US36047003000,"Census Tract 30, Kings County, New York",Brooklyn,1150000,211294
1400000US36047003101,"Census Tract 31.01, Kings County, New York",Brooklyn,720400,64636
1400000US36047003102,"Census Tract 31.02, Kings County, New York",Brooklyn,-666666666,-222222222
1400000US36047003300,"Census Tract 33, Kings County, New York",Brooklyn,1130900,240161
1400000US36047003400,"Census Tract 34, Kings County, New York",Brooklyn,711400,84898
1400000US36047003500,"Census Tract 35, Kings County, New York",Brooklyn,1838000,379444
1400000US36047003600,"Census Tract 36, Kings County, New York",Brooklyn,478900,140091
1400000US36047003700,"Census Tract 37, Kings County, New York",Brooklyn,1543000,133705
1400000US36047003800,"Census Tract 38, Kings County, New York",Brooklyn,1006200,561533
1400000US36047003900,"Census Tract 39, Kings County, New York",Brooklyn,1767900,698795
1400000US36047004100,"Census Tract 41, Kings County, New York",Brooklyn,2000001,-333333333
1400000US36047004300,"Census Tract 43, Kings County, New York",Brooklyn,1088200,94627
1400000US36047004400,"Census Tract 44, Kings County, New York",Brooklyn,1421900,232146
1400000US36047004500,"Census Tract 45, Kings County, New York",Brooklyn,1576000,621679
1400000US36047004600,"Census Tract 46, Kings County, New York",Brooklyn,1876500,159113
1400000US36047004700,"Census Tract 47, Kings County, New York",Brooklyn,1532400,208306
1400000US36047004900,"Census Tract 49, Kings County, New York",Brooklyn,2000001,-333333333
1400000US36047005000,"Census Tract 50, Kings County, New York",Brooklyn,980900,235957
1400000US36047005100,"Census Tract 51, Kings County, New York",Brooklyn,1125000,97459
1400000US36047005201,"Census Tract 52.01, Kings County, New York",Brooklyn,1089900,711238
1400000US36047005202,"Census Tract 52.02, Kings County, New York",Brooklyn,490600,83669
1400000US36047005301,"Census Tract 53.01, Kings County, New York",Brooklyn,1395800,436582
1400000US36047005302,"Census Tract 53.02, Kings County, New York",Brooklyn,-666666666,-222222222
1400000US36047005303,"Census Tract 53.03, Kings County, New York",Brooklyn,2000001,-333333333
1400000US36047005400,"Census Tract 54, Kings County, New York",Brooklyn,669100,143776
1400000US36047005601,"Census Tract 56.01, Kings County, New York",Brooklyn,495200,136272
1400000US36047005602,"Census Tract 56.02, Kings County, New York",Brooklyn,592000,192004
1400000US36047005800,"Census Tract 58, Kings County, New York",Brooklyn,911600,97362
1400000US36047005900,"Census Tract 59, Kings County, New York",Brooklyn,1703100,409327
1400000US36047006000,"Census Tract 60, Kings County, New York",Brooklyn,1108200,96914
1400000US36047006200,"Census Tract 62, Kings County, New York",Brooklyn,1532500,261936
1400000US36047006300,"Census Tract 63, Kings County, New York",Brooklyn,1625000,764537
1400000US36047006400,"Census Tract 64, Kings County, New York",Brooklyn,767900,601375
1400000US36047006500,"Census Tract 65, Kings County, New York",Brooklyn,1577300,802597
1400000US36047006600,"Census Tract 66, Kings County, New York",Brooklyn,1016000,165405
1400000US36047006700,"Census Tract 67, Kings County, New York",Brooklyn,1663800,554234
1400000US36047006800,"Census Tract 68, Kings County, New York",Brooklyn,1107600,61641
1400000US36047006901,"Census Tract 69.01, Kings County, New York",Brooklyn,2000001,-333333333
1400000US36047006902,"Census Tract 69.02, Kings County, New York",Brooklyn,1937500,426537
1400000US36047007000,"Census Tract 70, Kings County, New York",Brooklyn,223100,192960
1400000US36047007100,"Census Tract 71, Kings County, New York",Brooklyn,2000001,-333333333
1400000US36047007200,"Census Tract 72, Kings County, New York",Brooklyn,1602900,649000
1400000US36047007400,"Census Tract 74, Kings County, New York",Brooklyn,1081600,337584
1400000US36047007500,"Census Tract 75, Kings County, New York",Brooklyn,1574200,385763
1400000US36047007600,"Census Tract 76, Kings County, New York",Brooklyn,-666666666,-222222222
1400000US36047007700,"Census Tract 77, Kings County, New York",Brooklyn,2000001,-333333333
1400000US36047007800,"Census Tract 78, Kings County, New York",Brooklyn,1230000,459381
1400000US36047008000,"Census Tract 80, Kings County, New York",Brooklyn,861500,348704
1400000US36047008200,"Census Tract 82, Kings County, New York",Brooklyn,1510400,678608
1400000US36047008400,"Census Tract 84, Kings County, New York",Brooklyn,1168500,889792
1400000US36047008500,"Census Tract 85, Kings County, New York",Brooklyn,-666666666,-222222222
1400000US36047008600,"Census Tract 86, Kings County, New York",Brooklyn,-666666666,-222222222
1400000US36047008800,"Census Tract 88, Kings County, New York",Brooklyn,503700,210220
1400000US36047009001,"Census Tract 90.01, Kings County, New York",Brooklyn,-666666666,-222222222
1400000US36047009002,"Census Tract 90.02, Kings County, New York",Brooklyn,1177100,536475
1400000US36047009201,"Census Tract 92.01, Kings County, New York",Brooklyn,859400,383682
1400000US36047009202,"Census Tract 92.02, Kings County, New York",Brooklyn,629300,114025
1400000US36047009401,"Census Tract 94.01, Kings County, New York",Brooklyn,828100,456475
1400000US36047009402,"Census Tract 94.02, Kings County, New York",Brooklyn,1556700,884164
1400000US36047009600,"Census Tract 96, Kings County, New York",Brooklyn,859200,95069
1400000US36047009800,"Census Tract 98, Kings County, New York",Brooklyn,925000,252814
1400000US36047010000,"Census Tract 100, Kings County, New York",Brooklyn,1066700,679968
1400000US36047010100,"Census Tract 101, Kings County, New York",Brooklyn,1336400,192989
1400000US36047010200,"Census Tract 102, Kings County, New York",Brooklyn,1238900,175252
1400000US36047010401,"Census Tract 104.01, Kings County, New York",Brooklyn,1250000,289392
1400000US36047010402,"Census Tract 104.02, Kings County, New York",Brooklyn,1343800,378881
1400000US36047010601,"Census Tract 106.01, Kings County, New York",Brooklyn,941200,315709
1400000US36047010602,"Census Tract 106.02, Kings County, New York",Brooklyn,-666666666,-222222222
1400000US36047010801,"Census Tract 108.01, Kings County, New York",Brooklyn,1235300,255848
1400000US36047010802,"Census Tract 108.02, Kings County, New York",Brooklyn,1108100,282692
1400000US36047011000,"Census Tract 110, Kings County, New York",Brooklyn,1059600,116380
1400000US36047011200,"Census Tract 112, Kings County, New York",Brooklyn,848200,400915
1400000US36047011400,"Census Tract 114, Kings County, New York",Brooklyn,1387200,347389
1400000US36047011600,"Census Tract 116, Kings County, New York",Brooklyn,1102100,54504
1400000US36047011700,"Census Tract 117, Kings County, New York",Brooklyn,1165100,316372
1400000US36047011800,"Census Tract 118, Kings County, New York",Brooklyn,1370500,116278
1400000US36047011901,"Census Tract 119.01, Kings County, New York",Brooklyn,1629900,475607
1400000US36047011902,"Census Tract 119.02, Kings County, New York",Brooklyn,-666666666,-222222222
1400000US36047012000,"Census Tract 120, Kings County, New York",Brooklyn,1190500,205524
1400000US36047012100,"Census Tract 121, Kings County, New York",Brooklyn,1392900,639479
1400000US36047012200,"Census Tract 122, Kings County, New York",Brooklyn,1573200,97344
1400000US36047012600,"Census Tract 126, Kings County, New York",Brooklyn,1202900,159497
1400000US36047012700,"Census Tract 127, Kings County, New York",Brooklyn,2000001,-333333333
1400000US36047012801,"Census Tract 128.01, Kings County, New York",Brooklyn,865400,366674
1400000US36047012901,"Census Tract 129.01, Kings County, New York",Brooklyn,1471800,584469
1400000US36047012902,"Census Tract 129.02, Kings County, New York",Brooklyn,2000001,-333333333
1400000US36047013000,"Census Tract 130, Kings County, New York",Brooklyn,1116300,114945
1400000US36047013100,"Census Tract 131, Kings County, New York",Brooklyn,972700,512749
1400000US36047013200,"Census Tract 132, Kings County, New York",Brooklyn,1320300,413995
1400000US36047013300,"Census Tract 133, Kings County, New York",Brooklyn,2000001,-333333333
1400000US36047013400,"Census Tract 134, Kings County, New York",Brooklyn,1130700,105571
1400000US36047013500,"Census Tract 135, Kings County, New York",Brooklyn,1662300,425720
1400000US36047013600,"Census Tract 136, Kings County, New York",Brooklyn,876400,227980
1400000US36047013700,"Census Tract 137, Kings County, New York",Brooklyn,1762500,991449
1400000US36047013800,"Census Tract 138, Kings County, New York",Brooklyn,1120400,170204
1400000US36047013900,"Census Tract 139, Kings County, New York",Brooklyn,1844400,352875
1400000US36047014000,"Census Tract 140, Kings County, New York",Brooklyn,1215900,141780
1400000US36047014101,"Census Tract 141.01, Kings County, New York",Brooklyn,1882800,268327
1400000US36047014102,"Census Tract 141.02, Kings County, New York",Brooklyn,1721800,982727
1400000US36047014200,"Census Tract 142, Kings County, New York",Brooklyn,1266200,313532
1400000US36047014300,"Census Tract 143, Kings County, New York",Brooklyn,1250000,569489
1400000US36047014500,"Census Tract 145, Kings County, New York",Brooklyn,1091900,245011
1400000US36047014700,"Census Tract 147, Kings County, New York",Brooklyn,1501500,355958
1400000US36047014800,"Census Tract 148, Kings County, New York",Brooklyn,1116400,51273
1400000US36047014901,"Census Tract 149.01, Kings County, New York",Brooklyn,1600400,309641
1400000US36047014902,"Census Tract 149.02, Kings County, New York",Brooklyn,1419400,355752
1400000US36047015000,"Census Tract 150, Kings County, New York",Brooklyn,1112100,40826
1400000US36047015100,"Census Tract 151, Kings County, New York",Brooklyn,1641800,458501
1400000US36047015200,"Census Tract 152, Kings County, New York",Brooklyn,935100,62887
1400000US36047015300,"Census Tract 153, Kings County, New York",Brooklyn,2000001,-333333333
1400000US36047015400,"Census Tract 154, Kings County, New York",Brooklyn,-666666666,-222222222
1400000US36047015500,"Census Tract 155, Kings County, New York",Brooklyn,1675000,132646
1400000US36047015700,"Census Tract 157, Kings County, New York",Brooklyn,1747800,980590
1400000US36047015900,"Census Tract 159, Kings County, New York",Brooklyn,1166000,302930
1400000US36047016000,"Census Tract 160, Kings County, New York",Brooklyn,-666666666,-222222222
1400000US36047016100,"Census Tract 161, Kings County, New York",Brooklyn,1743000,672506
1400000US36047016200,"Census Tract 162, Kings County, New York",Brooklyn,817400,108103
1400000US36047016300,"Census Tract 163, Kings County, New York",Brooklyn,1141900,210182
1400000US36047016400,"Census Tract 164, Kings County, New York",Brooklyn,-666666666,-222222222
1400000US36047016500,"Census Tract 165, Kings County, New York",Brooklyn,1895700,394096
1400000US36047016600,"Census Tract 166, Kings County, New York",Brooklyn,1101300,50955
1400000US36047016700,"Census Tract 167, Kings County, New York",Brooklyn,1411400,198199
1400000US36047016800,"Census Tract 168, Kings County, New York",Brooklyn,893600,212164
1400000US36047016900,"Census Tract 169, Kings County, New York",Brooklyn,1512000,909673
1400000US36047017000,"Census Tract 170, Kings County, New York",Brooklyn,1140600,155774
1400000US36047017100,"Census Tract 171, Kings County, New York",Brooklyn,1686000,455702
1400000US36047017200,"Census Tract 172, Kings County, New York",Brooklyn,1148300,55930
1400000US36047017400,"Census Tract 174, Kings County, New York",Brooklyn,1024200,56208
1400000US36047017500,"Census Tract 175, Kings County, New York",Brooklyn,-666666666,-222222222
1400000US36047017600,"Census Tract 176, Kings County, New York",Brooklyn,921700,105323
1400000US36047017700,"Census Tract 177, Kings County, New York",Brooklyn,-666666666,-222222222
1400000US36047017800,"Census Tract 178, Kings County, New York",Brooklyn,907200,72157
1400000US36047017900,"Census Tract 179, Kings County, New York",Brooklyn,1632800,1243679
1400000US36047018000,"Census Tract 180, Kings County, New York",Brooklyn,1250000,493530
1400000US36047018100,"Census Tract 181, Kings County, New York",Brooklyn,944800,218904
1400000US36047018200,"Census Tract 182, Kings County, New York",Brooklyn,960000,215976
1400000US36047018300,"Census Tract 183, Kings County, New York",Brooklyn,1618200,139773
1400000US36047018400,"Census Tract 184, Kings County, New York",Brooklyn,1154600,42433
1400000US36047018501,"Census Tract 185.01, Kings County, New York",Brooklyn,872800,46729
1400000US36047018600,"Census Tract 186, Kings County, New York",Brooklyn,1338300,70299
1400000US36047018700,"Census Tract 187, Kings County, New York",Brooklyn,1385400,331015
1400000US36047018800,"Census Tract 188, Kings County, New York",Brooklyn,1189900,266867
1400000US36047019000,"Census Tract 190, Kings County, New York",Brooklyn,1041700,169295
1400000US36047019100,"Census Tract 191, Kings County, New York",Brooklyn,1050000,189323
1400000US36047019200,"Census Tract 192, Kings County, New York",Brooklyn,1143200,362010
1400000US36047019300,"Census Tract 193, Kings County, New York",Brooklyn,617300,61001
1400000US36047019400,"Census Tract 194, Kings County, New York",Brooklyn,677600,74685
1400000US36047019500,"Census Tract 195, Kings County, New York",Brooklyn,708800,85905
1400000US36047019600,"Census Tract 196, Kings County, New York",Brooklyn,1223900,419000
1400000US36047019700,"Census Tract 197, Kings County, New York",Brooklyn,896500,54270
1400000US36047019800,"Census Tract 198, Kings County, New York",Brooklyn,1431800,425909
1400000US36047019900,"Census Tract 199, Kings County, New York",Brooklyn,-666666666,-222222222
1400000US36047020000,"Census Tract 200, Kings County, New York",Brooklyn,1091100,55770
1400000US36047020100,"Census Tract 201, Kings County, New York",Brooklyn,1201000,693388
1400000US36047020200,"Census Tract 202, Kings County, New York",Brooklyn,1134700,49399
1400000US36047020300,"Census Tract 203, Kings County, New York",Brooklyn,1548600,138324
1400000US36047020400,"Census Tract 204, Kings County, New York",Brooklyn,1148000,62191
1400000US36047020500,"Census Tract 205, Kings County, New York",Brooklyn,1511000,876104
1400000US36047020600,"Census Tract 206, Kings County, New York",Brooklyn,1077300,68329
1400000US36047020700,"Census Tract 207, Kings County, New York",Brooklyn,1146600,73597
1400000US36047020800,"Census Tract 208, Kings County, New York",Brooklyn,1378700,36366
1400000US36047021000,"Census Tract 210, Kings County, New York",Brooklyn,1176800,118692
1400000US36047021100,"Census Tract 211, Kings County, New York",Brooklyn,991100,499804
1400000US36047021200,"Census Tract 212, Kings County, New York",Brooklyn,1046400,217277
1400000US36047021300,"Census Tract 213, Kings County, New York",Brooklyn,661300,80994
1400000US36047021400,"Census Tract 214, Kings County, New York",Brooklyn,1037500,296290
1400000US36047021500,"Census Tract 215, Kings County, New York",Brooklyn,990000,162163
1400000US36047021600,"Census Tract 216, Kings County, New York",Brooklyn,1482100,416554
1400000US36047021700,"Census Tract 217, Kings County, New York",Brooklyn,1282900,503057
1400000US36047021800,"Census Tract 218, Kings County, New York",Brooklyn,883500,210988
1400000US36047021900,"Census Tract 219, Kings County, New York",Brooklyn,1187500,187779
1400000US36047022000,"Census Tract 220, Kings County, New York",Brooklyn,1532500,596421
1400000US36047022100,"Census Tract 221, Kings County, New York",Brooklyn,913800,188824
1400000US36047022200,"Census Tract 222, Kings County, New York",Brooklyn,1271700,550883
1400000US36047022400,"Census Tract 224, Kings County, New York",Brooklyn,1120800,94892
1400000US36047022600,"Census Tract 226, Kings County, New York",Brooklyn,1027800,405644
1400000US36047022700,"Census Tract 227, Kings County, New York",Brooklyn,900400,131023
1400000US36047022800,"Census Tract 228, Kings County, New York",Brooklyn,1002000,143436
1400000US36047022900,"Census Tract 229, Kings County, New York",Brooklyn,944400,212159
1400000US36047023000,"Census Tract 230, Kings County, New York",Brooklyn,1253700,758082
1400000US36047023100,"Census Tract 231, Kings County, New York",Brooklyn,1583000,203883
1400000US36047023200,"Census Tract 232, Kings County, New York",Brooklyn,1539300,409672
1400000US36047023300,"Census Tract 233, Kings County, New York",Brooklyn,1362800,206864
1400000US36047023400,"Census Tract 234, Kings County, New York",Brooklyn,1767900,661745
1400000US36047023500,"Census Tract 235, Kings County, New York",Brooklyn,1126700,53180
1400000US36047023600,"Census Tract 236, Kings County, New York",Brooklyn,1110100,52589
1400000US36047023800,"Census Tract 238, Kings County, New York",Brooklyn,1747100,959071
1400000US36047024000,"Census Tract 240, Kings County, New York",Brooklyn,-666666666,-222222222
1400000US36047024100,"Census Tract 241, Kings County, New York",Brooklyn,917900,370473
1400000US36047024200,"Census Tract 242, Kings County, New York",Brooklyn,1650000,248363
1400000US36047024300,"Census Tract 243, Kings County, New York",Brooklyn,2000001,-333333333
1400000US36047024400,"Census Tract 244, Kings County, New York",Brooklyn,1061300,402168
1400000US36047024500,"Census Tract 245, Kings County, New York",Brooklyn,1698900,732752
1400000US36047024600,"Census Tract 246, Kings County, New York",Brooklyn,1150400,125910
1400000US36047024700,"Census Tract 247, Kings County, New York",Brooklyn,1586900,291601
1400000US36047024800,"Census Tract 248, Kings County, New York",Brooklyn,1190200,94451
1400000US36047024900,"Census Tract 249, Kings County, New York",Brooklyn,1076400,396456
1400000US36047025000,"Census Tract 250, Kings County, New York",Brooklyn,1134300,127247
1400000US36047025100,"Census Tract 251, Kings County, New York",Brooklyn,1317900,290825
1400000US36047025200,"Census Tract 252, Kings County, New York",Brooklyn,1019100,151775
1400000US36047025300,"Census Tract 253, Kings County, New York",Brooklyn,1657600,143041
1400000US36047025400,"Census Tract 254, Kings County, New York",Brooklyn,1098600,98665
1400000US36047025500,"Census Tract 255, Kings County, New York",Brooklyn,-666666666,-222222222
1400000US36047025600,"Census Tract 256, Kings County, New York",Brooklyn,1107500,50756
1400000US36047025700,"Census Tract 257, Kings County, New York",Brooklyn,707700,129027
1400000US36047025800,"Census Tract 258, Kings County, New York",Brooklyn,978200,152491
1400000US36047025901,"Census Tract 259.01, Kings County, New York",Brooklyn,704500,378301
1400000US36047025902,"Census Tract 259.02, Kings County, New York",Brooklyn,-666666666,-222222222
1400000US36047026000,"Census Tract 260, Kings County, New York",Brooklyn,1090800,165117
1400000US36047026100,"Census Tract 261, Kings County, New York",Brooklyn,-666666666,-222222222
1400000US36047026200,"Census Tract 262, Kings County, New York",Brooklyn,956900,81468
1400000US36047026300,"Census Tract 263, Kings County, New York",Brooklyn,1507700,699529
1400000US36047026400,"Census Tract 264, Kings County, New York",Brooklyn,1168000,730387
1400000US36047026500,"Census Tract 265, Kings County, New York",Brooklyn,1625000,838988
1400000US36047026600,"Census Tract 266, Kings County, New York",Brooklyn,1125000,83813
1400000US36047026700,"Census Tract 267, Kings County, New York",Brooklyn,1350000,527719
1400000US36047026800,"Census Tract 268, Kings County, New York",Brooklyn,1159400,123837
1400000US36047026900,"Census Tract 269, Kings County, New York",Brooklyn,2000001,-333333333
1400000US36047027000,"Census Tract 270, Kings County, New York",Brooklyn,1136400,186042
1400000US36047027100,"Census Tract 271, Kings County, New York",Brooklyn,1024500,233303
1400000US36047027200,"Census Tract 272, Kings County, New York",Brooklyn,1589300,188498
1400000US36047027300,"Census Tract 273, Kings County, New York",Brooklyn,1602300,120967
1400000US36047027400,"Census Tract 274, Kings County, New York",Brooklyn,1247300,475189
1400000US36047027500,"Census Tract 275, Kings County, New York",Brooklyn,1531300,401336
1400000US36047027600,"Census Tract 276, Kings County, New York",Brooklyn,1708600,119448
1400000US36047027700,"Census Tract 277, Kings County, New York",Brooklyn,1764000,741165
1400000US36047027800,"Census Tract 278, Kings County, New York",Brooklyn,1324300,645014
1400000US36047027900,"Census Tract 279, Kings County, New York",Brooklyn,1267900,944314
1400000US36047028000,"Census Tract 280, Kings County, New York",Brooklyn,803000,141965
1400000US36047028100,"Census Tract 281, Kings County, New York",Brooklyn,599000,455001
1400000US36047028200,"Census Tract 282, Kings County, New York",Brooklyn,1093100,58349
1400000US36047028300,"Census Tract 283, Kings County, New York",Brooklyn,924100,151705
1400000US36047028400,"Census Tract 284, Kings County, New York",Brooklyn,1250000,441437
1400000US36047028501,"Census Tract 285.01, Kings County, New York",Brooklyn,-666666666,-222222222
1400000US36047028502,"Census Tract 285.02, Kings County, New York",Brooklyn,-666666666,-222222222
1400000US36047028600,"Census Tract 286, Kings County, New York",Brooklyn,1173100,362325
1400000US36047028700,"Census Tract 287, Kings County, New York",Brooklyn,1116100,221697
1400000US36047028800,"Census Tract 288, Kings County, New York",Brooklyn,975000,401214
1400000US36047028900,"Census Tract 289, Kings County, New York",Brooklyn,1175700,401654
1400000US36047029000,"Census Tract 290, Kings County, New York",Brooklyn,542700,308944
1400000US36047029100,"Census Tract 291, Kings County, New York",Brooklyn,1458300,248945
1400000US36047029200,"Census Tract 292, Kings County, New York",Brooklyn,656500,75618
1400000US36047029300,"Census Tract 293, Kings County, New York",Brooklyn,1529200,531485
1400000US36047029400,"Census Tract 294, Kings County, New York",Brooklyn,1035700,285094
1400000US36047029500,"Census Tract 295, Kings County, New York",Brooklyn,1589400,461189
1400000US36047029600,"Census Tract 296, Kings County, New York",Brooklyn,949700,274497
1400000US36047029700,"Census Tract 297, Kings County, New York",Brooklyn,1998500,451988
1400000US36047029800,"Census Tract 298, Kings County, New York",Brooklyn,1046400,291296
1400000US36047029900,"Census Tract 299, Kings County, New York",Brooklyn,1167600,138227
1400000US36047030000,"Census Tract 300, Kings County, New York",Brooklyn,1137700,83780
1400000US36047030100,"Census Tract 301, Kings County, New York",Brooklyn,1027700,126049
1400000US36047030200,"Census Tract 302, Kings County, New York",Brooklyn,1152600,172265
1400000US36047030300,"Census Tract 303, Kings County, New York",Brooklyn,927100,151519
1400000US36047030400,"Census Tract 304, Kings County, New York",Brooklyn,627100,128304
1400000US36047030500,"Census Tract 305, Kings County, New York",Brooklyn,-666666666,-222222222
1400000US36047030600,"Census Tract 306, Kings County, New York",Brooklyn,957200,174986
1400000US36047030700,"Census Tract 307, Kings County, New York",Brooklyn,901700,81271
1400000US36047030800,"Census Tract 308, Kings County, New York",Brooklyn,591500,143120
1400000US36047030900,"Census Tract 309, Kings County, New York",Brooklyn,603300,91886
1400000US36047031100,"Census Tract 311, Kings County, New York",Brooklyn,1357800,1029083
1400000US36047031300,"Census Tract 313, Kings County, New York",Brooklyn,1173900,551031
1400000US36047031401,"Census Tract 314.01, Kings County, New York",Brooklyn,615300,95965
1400000US36047031402,"Census Tract 314.02, Kings County, New York",Brooklyn,-666666666,-222222222
1400000US36047031500,"Census Tract 315, Kings County, New York",Brooklyn,770800,223685
1400000US36047031701,"Census Tract 317.01, Kings County, New York",Brooklyn,1458300,608514
1400000US36047031702,"Census Tract 317.02, Kings County, New York",Brooklyn,1150000,494534
1400000US36047031900,"Census Tract 319, Kings County, New York",Brooklyn,1951900,996283
1400000US36047032100,"Census Tract 321, Kings County, New York",Brooklyn,1263900,826733
1400000US36047032300,"Census Tract 323, Kings County, New York",Brooklyn,1134400,545373
1400000US36047032500,"Census Tract 325, Kings County, New York",Brooklyn,-666666666,-222222222
1400000US36047032600,"Census Tract 326, Kings County, New York",Brooklyn,1305500,844277
1400000US36047032700,"Census Tract 327, Kings County, New York",Brooklyn,1805900,221678
1400000US36047032800,"Census Tract 328, Kings County, New York",Brooklyn,650100,28682
1400000US36047032900,"Census Tract 329, Kings County, New York",Brooklyn,1533300,821074
1400000US36047033000,"Census Tract 330, Kings County, New York",Brooklyn,730800,361617
1400000US36047033100,"Census Tract 331, Kings County, New York",Brooklyn,1007700,245846
1400000US36047033300,"Census Tract 333, Kings County, New York",Brooklyn,1440000,194634
1400000US36047033500,"Census Tract 335, Kings County, New York",Brooklyn,1524100,293576
1400000US36047033600,"Census Tract 336, Kings County, New York",Brooklyn,863500,152133
1400000US36047033701,"Census Tract 337.01, Kings County, New York",Brooklyn,1029600,273915
1400000US36047033702,"Census Tract 337.02, Kings County, New York",Brooklyn,1534600,286870
1400000US36047033900,"Census Tract 339, Kings County, New York",Brooklyn,1527700,586553
1400000US36047034000,"Census Tract 340, Kings County, New York",Brooklyn,-666666666,-222222222
1400000US36047034100,"Census Tract 341, Kings County, New York",Brooklyn,2000001,-333333333
1400000US36047034200,"Census Tract 342, Kings County, New York",Brooklyn,2000001,-333333333
1400000US36047034300,"Census Tract 343, Kings County, New York",Brooklyn,2000001,-333333333
1400000US36047034500,"Census Tract 345, Kings County, New York",Brooklyn,564900,118183
1400000US36047034700,"Census Tract 347, Kings County, New York",Brooklyn,491400,142665
1400000US36047034800,"Census Tract 348, Kings County, New York",Brooklyn,639800,65104
1400000US36047034901,"Census Tract 349.01, Kings County, New York",Brooklyn,-666666666,-222222222
1400000US36047034902,"Census Tract 349.02, Kings County, New York",Brooklyn,2000001,-333333333
1400000US36047035000,"Census Tract 350, Kings County, New York",Brooklyn,217300,186023
1400000US36047035101,"Census Tract 351.01, Kings County, New York",Brooklyn,-666666666,-222222222
1400000US36047035102,"Census Tract 351.02, Kings County, New York",Brooklyn,9999,-333333333
1400000US36047035200,"Census Tract 352, Kings County, New York",Brooklyn,-666666666,-222222222
1400000US36047035301,"Census Tract 353.01, Kings County, New York",Brooklyn,-666666666,-222222222
1400000US36047035302,"Census Tract 353.02, Kings County, New York",Brooklyn,1354200,329175
1400000US36047035400,"Census Tract 354, Kings County, New York",Brooklyn,434400,45062
1400000US36047035500,"Census Tract 355, Kings County, New York",Brooklyn,1014500,476501
1400000US36047035601,"Census Tract 356.01, Kings County, New York",Brooklyn,332700,67395
1400000US36047035602,"Census Tract 356.02, Kings County, New York",Brooklyn,398400,45579
1400000US36047035701,"Census Tract 357.01, Kings County, New York",Brooklyn,-666666666,-222222222
1400000US36047035702,"Census Tract 357.02, Kings County, New York",Brooklyn,-666666666,-222222222
1400000US36047035900,"Census Tract 359, Kings County, New York",Brooklyn,1063700,560521
1400000US36047036001,"Census Tract 360.01, Kings County, New York",Brooklyn,405000,107170
1400000US36047036002,"Census Tract 360.02, Kings County, New York",Brooklyn,354800,73517
1400000US36047036100,"Census Tract 361, Kings County, New York",Brooklyn,-666666666,-222222222
1400000US36047036200,"Census Tract 362, Kings County, New York",Brooklyn,818500,90101
1400000US36047036300,"Census Tract 363, Kings County, New York",Brooklyn,793600,167575
1400000US36047036400,"Census Tract 364, Kings County, New York",Brooklyn,733600,107362
1400000US36047036501,"Census Tract 365.01, Kings County, New York",Brooklyn,793000,557577
1400000US36047036502,"Census Tract 365.02, Kings County, New York",Brooklyn,1061300,353784
1400000US36047036600,"Census Tract 366, Kings County, New York",Brooklyn,380300,76244
1400000US36047036700,"Census Tract 367, Kings County, New York",Brooklyn,797600,315092
1400000US36047036900,"Census Tract 369, Kings County, New York",Brooklyn,487400,457686
1400000US36047037000,"Census Tract 370, Kings County, New York",Brooklyn,768900,237611
1400000US36047037100,"Census Tract 371, Kings County, New York",Brooklyn,885300,169542
1400000US36047037300,"Census Tract 373, Kings County, New York",Brooklyn,810800,422147
1400000US36047037401,"Census Tract 374.01, Kings County, New York",Brooklyn,1049300,112390
1400000US36047037402,"Census Tract 374.02, Kings County, New York",Brooklyn,-666666666,-222222222
1400000US36047037500,"Census Tract 375, Kings County, New York",Brooklyn,-666666666,-222222222
1400000US36047037700,"Census Tract 377, Kings County, New York",Brooklyn,1112100,460913
1400000US36047037900,"Census Tract 379, Kings County, New York",Brooklyn,630000,87559
1400000US36047038100,"Census Tract 381, Kings County, New York",Brooklyn,1740400,984505
1400000US36047038200,"Census Tract 382, Kings County, New York",Brooklyn,1239200,1228044
1400000US36047038300,"Census Tract 383, Kings County, New York",Brooklyn,1474500,433198
1400000US36047038500,"Census Tract 385, Kings County, New York",Brooklyn,1096400,716898
1400000US36047038600,"Census Tract 386, Kings County, New York",Brooklyn,1108300,120447
1400000US36047038700,"Census Tract 387, Kings County, New York",Brooklyn,941600,184664
1400000US36047038800,"Census Tract 388, Kings County, New York",Brooklyn,1008000,248339
1400000US36047038900,"Census Tract 389, Kings County, New York",Brooklyn,683100,90034
1400000US36047039000,"Census Tract 390, Kings County, New York",Brooklyn,893100,158944
1400000US36047039100,"Census Tract 391, Kings County, New York",Brooklyn,-666666666,-222222222
1400000US36047039200,"Census Tract 392, Kings County, New York",Brooklyn,1081500,405796
1400000US36047039300,"Census Tract 393, Kings County, New York",Brooklyn,1010200,670239
1400000US36047039400,"Census Tract 394, Kings County, New York",Brooklyn,747900,679549
1400000US36047039500,"Census Tract 395, Kings County, New York",Brooklyn,595000,550221
1400000US36047039600,"Census Tract 396, Kings County, New York",Brooklyn,1571800,326952
1400000US36047039700,"Census Tract 397, Kings County, New York",Brooklyn,-666666666,-222222222
1400000US36047039800,"Census Tract 398, Kings County, New York",Brooklyn,1035500,86410
1400000US36047039900,"Census Tract 399, Kings County, New York",Brooklyn,575500,505529
1400000US36047040000,"Census Tract 400, Kings County, New York",Brooklyn,947700,141859
1400000US36047040100,"Census Tract 401, Kings County, New York",Brooklyn,1011400,185835
1400000US36047040200,"Census Tract 402, Kings County, New York",Brooklyn,1068500,127018
1400000US36047040300,"Census Tract 403, Kings County, New York",Brooklyn,1095800,456191
1400000US36047040400,"Census Tract 404, Kings County, New York",Brooklyn,1127400,161944
1400000US36047040500,"Census Tract 405, Kings County, New York",Brooklyn,1145200,176477
1400000US36047040600,"Census Tract 406, Kings County, New York",Brooklyn,1170600,93214
1400000US36047040700,"Census Tract 407, Kings County, New York",Brooklyn,-666666666,-222222222
1400000US36047040800,"Census Tract 408, Kings County, New York",Brooklyn,1192100,167393
1400000US36047040900,"Census Tract 409, Kings County, New York",Brooklyn,1034400,267373
1400000US36047041000,"Census Tract 410, Kings County, New York",Brooklyn,1025100,100098
1400000US36047041100,"Census Tract 411, Kings County, New York",Brooklyn,1463200,238656
1400000US36047041200,"Census Tract 412, Kings County, New York",Brooklyn,1151400,185401
1400000US36047041300,"Census Tract 413, Kings County, New York",Brooklyn,616700,164050
1400000US36047041401,"Census Tract 414.01, Kings County, New York",Brooklyn,378300,148423
1400000US36047041402,"Census Tract 414.02, Kings County, New York",Brooklyn,1145300,474466
1400000US36047041500,"Census Tract 415, Kings County, New York",Brooklyn,1167900,182745
1400000US36047041600,"Census Tract 416, Kings County, New York",Brooklyn,1038200,142044
1400000US36047041700,"Census Tract 417, Kings County, New York",Brooklyn,1051700,298915
1400000US36047041800,"Census Tract 418, Kings County, New York",Brooklyn,-666666666,-222222222
1400000US36047041900,"Census Tract 419, Kings County, New York",Brooklyn,868100,498122
1400000US36047042000,"Census Tract 420, Kings County, New York",Brooklyn,994600,161179
1400000US36047042100,"Census Tract 421, Kings County, New York",Brooklyn,869900,159805
1400000US36047042200,"Census Tract 422, Kings County, New York",Brooklyn,2000001,-333333333
1400000US36047042300,"Census Tract 423, Kings County, New York",Brooklyn,980000,502306
1400000US36047042400,"Census Tract 424, Kings County, New York",Brooklyn,985500,160354
1400000US36047042500,"Census Tract 425, Kings County, New York",Brooklyn,886100,863174
1400000US36047042600,"Census Tract 426, Kings County, New York",Brooklyn,1033400,92681
1400000US36047042700,"Census Tract 427, Kings County, New York",Brooklyn,1227900,255442
1400000US36047042800,"Census Tract 428, Kings County, New York",Brooklyn,852000,181201
1400000US36047042900,"Census Tract 429, Kings County, New York",Brooklyn,612100,40836
1400000US36047043000,"Census Tract 430, Kings County, New York",Brooklyn,1084600,103409
1400000US36047043100,"Census Tract 431, Kings County, New York",Brooklyn,-666666666,-222222222
1400000US36047043200,"Census Tract 432, Kings County, New York",Brooklyn,958700,199803
1400000US36047043300,"Census Tract 433, Kings County, New York",Brooklyn,870200,564617
1400000US36047043400,"Census Tract 434, Kings County, New York",Brooklyn,959200,144867
1400000US36047043500,"Census Tract 435, Kings County, New York",Brooklyn,1094500,93029
1400000US36047043600,"Census Tract 436, Kings County, New York",Brooklyn,812500,150545
1400000US36047043700,"Census Tract 437, Kings County, New York",Brooklyn,1075000,607299
1400000US36047043800,"Census Tract 438, Kings County, New York",Brooklyn,1158500,60829
1400000US36047043900,"Census Tract 439, Kings County, New York",Brooklyn,1178100,83815
1400000US36047044000,"Census Tract 440, Kings County, New York",Brooklyn,1053000,233707
1400000US36047044100,"Census Tract 441, Kings County, New York",Brooklyn,1113400,78572
1400000US36047044200,"Census Tract 442, Kings County, New York",Brooklyn,1738600,794410
1400000US36047044300,"Census Tract 443, Kings County, New York",Brooklyn,1548100,154581
1400000US36047044400,"Census Tract 444, Kings County, New York",Brooklyn,730800,550986
1400000US36047044500,"Census Tract 445, Kings County, New York",Brooklyn,-666666666,-222222222
1400000US36047044600,"Census Tract 446, Kings County, New York",Brooklyn,915000,442340
1400000US36047044700,"Census Tract 447, Kings County, New York",Brooklyn,888500,117615
1400000US36047044800,"Census Tract 448, Kings County, New York",Brooklyn,473500,342027
1400000US36047044901,"Census Tract 449.01, Kings County, New York",Brooklyn,-666666666,-222222222
1400000US36047044902,"Census Tract 449.02, Kings County, New York",Brooklyn,-666666666,-222222222
1400000US36047045000,"Census Tract 450, Kings County, New York",Brooklyn,1202400,439415
1400000US36047045200,"Census Tract 452, Kings County, New York",Brooklyn,593100,372642
1400000US36047045300,"Census Tract 453, Kings County, New York",Brooklyn,-666666666,-222222222
1400000US36047045400,"Census Tract 454, Kings County, New York",Brooklyn,964100,322231
1400000US36047045600,"Census Tract 456, Kings County, New York",Brooklyn,1674100,189068
1400000US36047045800,"Census Tract 458, Kings County, New York",Brooklyn,-666666666,-222222222
1400000US36047046000,"Census Tract 460, Kings County, New York",Brooklyn,818500,538538
1400000US36047046201,"Census Tract 462.01, Kings County, New York",Brooklyn,494600,475438
1400000US36047046202,"Census Tract 462.02, Kings County, New York",Brooklyn,1041700,151205
1400000US36047046400,"Census Tract 464, Kings County, New York",Brooklyn,1571600,143425
1400000US36047046800,"Census Tract 468, Kings County, New York",Brooklyn,1389400,261932
1400000US36047047000,"Census Tract 470, Kings County, New York",Brooklyn,1397500,255573
1400000US36047047200,"Census Tract 472, Kings County, New York",Brooklyn,1085100,238299
1400000US36047047400,"Census Tract 474, Kings County, New York",Brooklyn,997900,353652
1400000US36047047600,"Census Tract 476, Kings County, New York",Brooklyn,1707400,276838
1400000US36047047700,"Census Tract 477, Kings County, New York",Brooklyn,902800,188657
1400000US36047047800,"Census Tract 478, Kings County, New York",Brooklyn,1136000,100329
1400000US36047048000,"Census Tract 480, Kings County, New York",Brooklyn,794300,574010
1400000US36047048100,"Census Tract 481, Kings County, New York",Brooklyn,1125000,131456
1400000US36047048200,"Census Tract 482, Kings County, New York",Brooklyn,774300,444341
1400000US36047048400,"Census Tract 484, Kings County, New York",Brooklyn,722500,458796
1400000US36047048500,"Census Tract 485, Kings County, New York",Brooklyn,666700,514194
1400000US36047048600,"Census Tract 486, Kings County, New York",Brooklyn,1160400,257559
1400000US36047048800,"Census Tract 488, Kings County, New York",Brooklyn,619500,151662
1400000US36047048900,"Census Tract 489, Kings County, New York",Brooklyn,-666666666,-222222222
1400000US36047049000,"Census Tract 490, Kings County, New York",Brooklyn,713600,372651
1400000US36047049100,"Census Tract 491, Kings County, New York",Brooklyn,625000,357235
1400000US36047049200,"Census Tract 492, Kings County, New York",Brooklyn,819100,364580
1400000US36047049301,"Census Tract 493.01, Kings County, New York",Brooklyn,-666666666,-222222222
1400000US36047049302,"Census Tract 493.02, Kings County, New York",Brooklyn,-666666666,-222222222
1400000US36047049400,"Census Tract 494, Kings County, New York",Brooklyn,487800,123816
1400000US36047049500,"Census Tract 495, Kings County, New York",Brooklyn,1576500,474133
1400000US36047049600,"Census Tract 496, Kings County, New York",Brooklyn,1512000,378952
1400000US36047049700,"Census Tract 497, Kings County, New York",Brooklyn,1126000,181152
1400000US36047049800,"Census Tract 498, Kings County, New York",Brooklyn,1067100,264245
1400000US36047049900,"Census Tract 499, Kings County, New York",Brooklyn,1614400,142265
1400000US36047050001,"Census Tract 500.01, Kings County, New York",Brooklyn,700600,73840
1400000US36047050002,"Census Tract 500.02, Kings County, New York",Brooklyn,1070200,207142
1400000US36047050100,"Census Tract 501, Kings County, New York",Brooklyn,1143900,687371
1400000US36047050202,"Census Tract 502.02, Kings County, New York",Brooklyn,842200,110112
1400000US36047050300,"Census Tract 503, Kings County, New York",Brooklyn,830500,154248
1400000US36047050401,"Census Tract 504.01, Kings County, New York",Brooklyn,943800,152016
1400000US36047050402,"Census Tract 504.02, Kings County, New York",Brooklyn,837700,67556
1400000US36047050500,"Census Tract 505, Kings County, New York",Brooklyn,-666666666,-222222222
1400000US36047050600,"Census Tract 506, Kings County, New York",Brooklyn,603300,316454
1400000US36047050700,"Census Tract 507, Kings County, New York",Brooklyn,1078100,378823
1400000US36047050801,"Census Tract 508.01, Kings County, New York",Brooklyn,-666666666,-222222222
1400000US36047050803,"Census Tract 508.03, Kings County, New York",Brooklyn,920500,903261
1400000US36047050804,"Census Tract 508.04, Kings County, New York",Brooklyn,1040200,217972
1400000US36047050900,"Census Tract 509, Kings County, New York",Brooklyn,1029800,354563
1400000US36047051001,"Census Tract 510.01, Kings County, New York",Brooklyn,-666666666,-222222222
1400000US36047051002,"Census Tract 510.02, Kings County, New York",Brooklyn,1212500,760780
1400000US36047051100,"Census Tract 511, Kings County, New York",Brooklyn,1190500,974849
1400000US36047051200,"Census Tract 512, Kings County, New York",Brooklyn,763200,315054
1400000US36047051300,"Census Tract 513, Kings County, New York",Brooklyn,1155100,468498
1400000US36047051400,"Census Tract 514, Kings County, New York",Brooklyn,736400,343367
1400000US36047051500,"Census Tract 515, Kings County, New York",Brooklyn,1673600,291008
1400000US36047051601,"Census Tract 516.01, Kings County, New York",Brooklyn,1066700,507015
1400000US36047051602,"Census Tract 516.02, Kings County, New York",Brooklyn,-666666666,-222222222
1400000US36047051700,"Census Tract 517, Kings County, New York",Brooklyn,1872100,287121
1400000US36047051800,"Census Tract 518, Kings County, New York",Brooklyn,702100,112048
1400000US36047051900,"Census Tract 519, Kings County, New York",Brooklyn,1595200,312884
1400000US36047052000,"Census Tract 520, Kings County, New York",Brooklyn,1491700,440515
1400000US36047052300,"Census Tract 523, Kings County, New York",Brooklyn,1237500,198403
1400000US36047052500,"Census Tract 525, Kings County, New York",Brooklyn,1179400,583226
1400000US36047052600,"Census Tract 526, Kings County, New York",Brooklyn,1173800,640134
1400000US36047052700,"Census Tract 527, Kings County, New York",Brooklyn,1024400,366230
1400000US36047052800,"Census Tract 528, Kings County, New York",Brooklyn,1209700,823470
1400000US36047052900,"Census Tract 529, Kings County, New York",Brooklyn,-666666666,-222222222
1400000US36047053000,"Census Tract 530, Kings County, New York",Brooklyn,901200,64129
1400000US36047053101,"Census Tract 531.01, Kings County, New York",Brooklyn,607500,33475
1400000US36047053102,"Census Tract 531.02, Kings County, New York",Brooklyn,987900,691290
1400000US36047053200,"Census Tract 532, Kings County, New York",Brooklyn,786200,63270
1400000US36047053300,"Census Tract 533, Kings County, New York",Brooklyn,1025400,216269
1400000US36047053400,"Census Tract 534, Kings County, New York",Brooklyn,995500,115292
1400000US36047053500,"Census Tract 535, Kings County, New York",Brooklyn,840400,339147
1400000US36047053700,"Census Tract 537, Kings County, New York",Brooklyn,1076800,164222
1400000US36047053800,"Census Tract 538, Kings County, New York",Brooklyn,1042600,119833
1400000US36047053900,"Census Tract 539, Kings County, New York",Brooklyn,1399000,272981
1400000US36047054200,"Census Tract 542, Kings County, New York",Brooklyn,767500,250075
1400000US36047054300,"Census Tract 543, Kings County, New York",Brooklyn,-666666666,-222222222
1400000US36047054400,"Census Tract 544, Kings County, New York",Brooklyn,695700,176383
1400000US36047054500,"Census Tract 545, Kings County, New York",Brooklyn,-666666666,-222222222
1400000US36047054600,"Census Tract 546, Kings County, New York",Brooklyn,705400,363568
1400000US36047054700,"Census Tract 547, Kings County, New York",Brooklyn,1206300,474665
1400000US36047054800,"Census Tract 548, Kings County, New York",Brooklyn,1107000,73713
1400000US36047054900,"Census Tract 549, Kings County, New York",Brooklyn,1191900,431495
1400000US36047055000,"Census Tract 550, Kings County, New York",Brooklyn,977900,126260
1400000US36047055100,"Census Tract 551, Kings County, New York",Brooklyn,1586500,297550
1400000US36047055200,"Census Tract 552, Kings County, New York",Brooklyn,595200,255486
1400000US36047055300,"Census Tract 553, Kings County, New York",Brooklyn,1339300,519841
1400000US36047055400,"Census Tract 554, Kings County, New York",Brooklyn,756900,159841
1400000US36047055500,"Census Tract 555, Kings County, New York",Brooklyn,1651800,108553
1400000US36047055600,"Census Tract 556, Kings County, New York",Brooklyn,816600,132492
1400000US36047055700,"Census Tract 557, Kings County, New York",Brooklyn,1212000,721452
1400000US36047055800,"Census Tract 558, Kings County, New York",Brooklyn,981200,203274
1400000US36047056000,"Census Tract 560, Kings County, New York",Brooklyn,871000,133925
1400000US36047056100,"Census Tract 561, Kings County, New York",Brooklyn,1651000,629518
1400000US36047056200,"Census Tract 562, Kings County, New York",Brooklyn,1110700,116730
1400000US36047056301,"Census Tract 563.01, Kings County, New York",Brooklyn,1324300,341048
1400000US36047056302,"Census Tract 563.02, Kings County, New York",Brooklyn,-666666666,-222222222
1400000US36047056400,"Census Tract 564, Kings County, New York",Brooklyn,771100,151584
1400000US36047056500,"Census Tract 565, Kings County, New York",Brooklyn,1542400,1041768
1400000US36047056600,"Census Tract 566, Kings County, New York",Brooklyn,891600,32567
1400000US36047056800,"Census Tract 568, Kings County, New York",Brooklyn,867800,29258
1400000US36047056900,"Census Tract 569, Kings County, New York",Brooklyn,-666666666,-222222222
1400000US36047057000,"Census Tract 570, Kings County, New York",Brooklyn,224400,51721
1400000US36047057100,"Census Tract 571, Kings County, New York",Brooklyn,1115900,362728
1400000US36047057200,"Census Tract 572, Kings County, New York",Brooklyn,-666666666,-222222222
1400000US36047057300,"Census Tract 573, Kings County, New York",Brooklyn,1715400,460722
1400000US36047057400,"Census Tract 574, Kings County, New York",Brooklyn,812500,53520
1400000US36047057500,"Census Tract 575, Kings County, New York",Brooklyn,-666666666,-222222222
1400000US36047057600,"Census Tract 576, Kings County, New York",Brooklyn,1042300,156245
1400000US36047057800,"Census Tract 578, Kings County, New York",Brooklyn,1085000,178661
1400000US36047057901,"Census Tract 579.01, Kings County, New York",Brooklyn,994600,253150
1400000US36047057902,"Census Tract 579.02, Kings County, New York",Brooklyn,-666666666,-222222222
1400000US36047058000,"Census Tract 580, Kings County, New York",Brooklyn,827000,108982
1400000US36047058200,"Census Tract 582, Kings County, New York",Brooklyn,719300,563087
1400000US36047058400,"Census Tract 584, Kings County, New York",Brooklyn,730900,467461
1400000US36047058600,"Census Tract 586, Kings County, New York",Brooklyn,977800,97588
1400000US36047058800,"Census Tract 588, Kings County, New York",Brooklyn,642200,114448
1400000US36047058901,"Census Tract 589.01, Kings County, New York",Brooklyn,1646600,477358
1400000US36047058902,"Census Tract 589.02, Kings County, New York",Brooklyn,-666666666,-222222222
1400000US36047059000,"Census Tract 590, Kings County, New York",Brooklyn,844700,82205
1400000US36047059100,"Census Tract 591, Kings County, New York",Brooklyn,1794600,790925
1400000US36047059200,"Census Tract 592, Kings County, New York",Brooklyn,845400,38487
1400000US36047059300,"Census Tract 593, Kings County, New York",Brooklyn,1250000,357539
1400000US36047059402,"Census Tract 594.02, Kings County, New York",Brooklyn,896200,55004
1400000US36047059403,"Census Tract 594.03, Kings County, New York",Brooklyn,1007600,135036
1400000US36047059404,"Census Tract 594.04, Kings County, New York",Brooklyn,910400,45261
1400000US36047059600,"Census Tract 596, Kings County, New York",Brooklyn,-666666666,-222222222
1400000US36047059800,"Census Tract 598, Kings County, New York",Brooklyn,785500,447072
1400000US36047060000,"Census Tract 600, Kings County, New York",Brooklyn,715700,169602
1400000US36047060600,"Census Tract 606, Kings County, New York",Brooklyn,453900,99229
1400000US36047060800,"Census Tract 608, Kings County, New York",Brooklyn,661900,89835
1400000US36047061002,"Census Tract 610.02, Kings County, New York",Brooklyn,667600,120085
1400000US36047061003,"Census Tract 610.03, Kings County, New York",Brooklyn,674700,65934
1400000US36047061004,"Census Tract 610.04, Kings County, New York",Brooklyn,853200,33822
1400000US36047061200,"Census Tract 612, Kings County, New York",Brooklyn,1241500,517274
1400000US36047061600,"Census Tract 616, Kings County, New York",Brooklyn,1173300,80147
1400000US36047062000,"Census Tract 620, Kings County, New York",Brooklyn,1236100,502576
1400000US36047062200,"Census Tract 622, Kings County, New York",Brooklyn,549200,157302
1400000US36047062600,"Census Tract 626, Kings County, New York",Brooklyn,405400,217531
1400000US36047062800,"Census Tract 628, Kings County, New York",Brooklyn,663300,23132
1400000US36047063200,"Census Tract 632, Kings County, New York",Brooklyn,393400,223244
1400000US36047063600,"Census Tract 636, Kings County, New York",Brooklyn,727300,79679
1400000US36047063800,"Census Tract 638, Kings County, New York",Brooklyn,833500,29159
1400000US36047064000,"Census Tract 640, Kings County, New York",Brooklyn,877100,29997
1400000US36047064200,"Census Tract 642, Kings County, New York",Brooklyn,1209400,116411
1400000US36047064400,"Census Tract 644, Kings County, New York",Brooklyn,964800,65402
1400000US36047064600,"Census Tract 646, Kings County, New York",Brooklyn,870800,26504
1400000US36047064800,"Census Tract 648, Kings County, New York",Brooklyn,877000,46509
1400000US36047065000,"Census Tract 650, Kings County, New York",Brooklyn,517700,372856
1400000US36047065200,"Census Tract 652, Kings County, New York",Brooklyn,903600,40352
1400000US36047065400,"Census Tract 654, Kings County, New York",Brooklyn,857300,35663
1400000US36047065600,"Census Tract 656, Kings County, New York",Brooklyn,710800,43422
1400000US36047065800,"Census Tract 658, Kings County, New York",Brooklyn,822300,42849
1400000US36047066000,"Census Tract 660, Kings County, New York",Brooklyn,822700,37220
1400000US36047066200,"Census Tract 662, Kings County, New York",Brooklyn,884800,212484
1400000US36047066600,"Census Tract 666, Kings County, New York",Brooklyn,-666666666,-222222222
1400000US36047067000,"Census Tract 670, Kings County, New York",Brooklyn,785900,107275
1400000US36047067200,"Census Tract 672, Kings County, New York",Brooklyn,880600,174094
1400000US36047067400,"Census Tract 674, Kings County, New York",Brooklyn,766200,70184
1400000US36047067600,"Census Tract 676, Kings County, New York",Brooklyn,658800,70492
1400000US36047067800,"Census Tract 678, Kings County, New York",Brooklyn,830700,49242
1400000US36047068000,"Census Tract 680, Kings County, New York",Brooklyn,641200,27110
1400000US36047068200,"Census Tract 682, Kings County, New York",Brooklyn,813600,75057
1400000US36047068600,"Census Tract 686, Kings County, New York",Brooklyn,632700,312993
1400000US36047068800,"Census Tract 688, Kings County, New York",Brooklyn,753700,77250
1400000US36047069000,"Census Tract 690, Kings County, New York",Brooklyn,676300,45181
1400000US36047069200,"Census Tract 692, Kings County, New York",Brooklyn,684900,42283
1400000US36047069601,"Census Tract 696.01, Kings County, New York",Brooklyn,628000,166967
1400000US36047069602,"Census Tract 696.02, Kings County, New York",Brooklyn,886000,74892
1400000US36047069800,"Census Tract 698, Kings County, New York",Brooklyn,791700,150571
1400000US36047070000,"Census Tract 700, Kings County, New York",Brooklyn,811100,87451
1400000US36047070201,"Census Tract 702.01, Kings County, New York",Brooklyn,1120400,122545
1400000US36047070202,"Census Tract 702.02, Kings County, New York",Brooklyn,-666666666,-222222222
1400000US36047070203,"Census Tract 702.03, Kings County, New York",Brooklyn,-666666666,-222222222
1400000US36047070601,"Census Tract 706.01, Kings County, New York",Brooklyn,886700,25918
1400000US36047070602,"Census Tract 706.02, Kings County, New York",Brooklyn,-666666666,-222222222
1400000US36047072000,"Census Tract 720, Kings County, New York",Brooklyn,639200,519894
1400000US36047072200,"Census Tract 722, Kings County, New York",Brooklyn,760900,117869
1400000US36047072400,"Census Tract 724, Kings County, New York",Brooklyn,670000,46392
1400000US36047072600,"Census Tract 726, Kings County, New York",Brooklyn,760400,104430
1400000US36047072800,"Census Tract 728, Kings County, New York",Brooklyn,325600,151415
1400000US36047073000,"Census Tract 730, Kings County, New York",Brooklyn,796500,63087
1400000US36047073200,"Census Tract 732, Kings County, New York",Brooklyn,680100,100811
1400000US36047073400,"Census Tract 734, Kings County, New York",Brooklyn,686300,67937
1400000US36047073600,"Census Tract 736, Kings County, New York",Brooklyn,661700,197016
1400000US36047073800,"Census Tract 738, Kings County, New York",Brooklyn,779100,109007
1400000US36047074000,"Census Tract 740, Kings County, New York",Brooklyn,732400,115359
1400000US36047074200,"Census Tract 742, Kings County, New York",Brooklyn,843600,57190
1400000US36047074400,"Census Tract 744, Kings County, New York",Brooklyn,918300,43932
1400000US36047074600,"Census Tract 746, Kings County, New York",Brooklyn,954800,67751
1400000US36047074800,"Census Tract 748, Kings County, New York",Brooklyn,912200,132021
1400000US36047075000,"Census Tract 750, Kings County, New York",Brooklyn,929300,70785
1400000US36047075200,"Census Tract 752, Kings County, New York",Brooklyn,1731900,260594
1400000US36047075400,"Census Tract 754, Kings County, New York",Brooklyn,1515900,214529
1400000US36047075600,"Census Tract 756, Kings County, New York",Brooklyn,958700,149834
1400000US36047075800,"Census Tract 758, Kings County, New York",Brooklyn,1050300,146421
1400000US36047076000,"Census Tract 760, Kings County, New York",Brooklyn,571800,371903
1400000US36047076200,"Census Tract 762, Kings County, New York",Brooklyn,1195700,331500
1400000US36047076400,"Census Tract 764, Kings County, New York",Brooklyn,717300,273913
1400000US36047076600,"Census Tract 766, Kings County, New York",Brooklyn,1047600,538876
1400000US36047076800,"Census Tract 768, Kings County, New York",Brooklyn,885100,210628
1400000US36047077000,"Census Tract 770, Kings County, New York",Brooklyn,635900,251164
1400000US36047077200,"Census Tract 772, Kings County, New York",Brooklyn,1039300,203844
1400000US36047077400,"Census Tract 774, Kings County, New York",Brooklyn,1012500,653163
1400000US36047077600,"Census Tract 776, Kings County, New York",Brooklyn,480100,66911
1400000US36047078000,"Census Tract 780, Kings County, New York",Brooklyn,727800,93090
1400000US36047078200,"Census Tract 782, Kings County, New York",Brooklyn,745600,120456
1400000US36047078400,"Census Tract 784, Kings County, New York",Brooklyn,860200,42989
1400000US36047078601,"Census Tract 786.01, Kings County, New York",Brooklyn,778000,762842
1400000US36047078602,"Census Tract 786.02, Kings County, New York",Brooklyn,413100,93739
1400000US36047078801,"Census Tract 788.01, Kings County, New York",Brooklyn,781800,270026
1400000US36047078802,"Census Tract 788.02, Kings County, New York",Brooklyn,847700,155833
1400000US36047079001,"Census Tract 790.01, Kings County, New York",Brooklyn,330000,247229
1400000US36047079002,"Census Tract 790.02, Kings County, New York",Brooklyn,863300,74015
1400000US36047079201,"Census Tract 792.01, Kings County, New York",Brooklyn,1099500,238780
1400000US36047079202,"Census Tract 792.02, Kings County, New York",Brooklyn,973500,195399
1400000US36047079400,"Census Tract 794, Kings County, New York",Brooklyn,835700,99936
1400000US36047079601,"Census Tract 796.01, Kings County, New York",Brooklyn,647200,281815
1400000US36047079602,"Census Tract 796.02, Kings County, New York",Brooklyn,730500,133961
1400000US36047079801,"Census Tract 798.01, Kings County, New York",Brooklyn,2000001,-333333333
1400000US36047079802,"Census Tract 798.02, Kings County, New York",Brooklyn,-666666666,-222222222
1400000US36047080000,"Census Tract 800, Kings County, New York",Brooklyn,1848900,236416
1400000US36047080200,"Census Tract 802, Kings County, New York",Brooklyn,697500,332003
1400000US36047080400,"Census Tract 804, Kings County, New York",Brooklyn,1346600,167336
1400000US36047080600,"Census Tract 806, Kings County, New York",Brooklyn,914700,170182
1400000US36047080800,"Census Tract 808, Kings County, New York",Brooklyn,-666666666,-222222222
1400000US36047081000,"Census Tract 810, Kings County, New York",Brooklyn,883000,131411
1400000US36047081400,"Census Tract 814, Kings County, New York",Brooklyn,811300,99599
1400000US36047081600,"Census Tract 816, Kings County, New York",Brooklyn,820100,93089
1400000US36047081800,"Census Tract 818, Kings County, New York",Brooklyn,495800,187525
1400000US36047082000,"Census Tract 820, Kings County, New York",Brooklyn,-666666666,-222222222
1400000US36047082200,"Census Tract 822, Kings County, New York",Brooklyn,963000,644308
1400000US36047082400,"Census Tract 824, Kings County, New York",Brooklyn,732400,201661
1400000US36047082600,"Census Tract 826, Kings County, New York",Brooklyn,1091400,102088
1400000US36047082800,"Census Tract 828, Kings County, New York",Brooklyn,944000,249541
1400000US36047083000,"Census Tract 830, Kings County, New York",Brooklyn,724100,350707
1400000US36047083200,"Census Tract 832, Kings County, New York",Brooklyn,688400,93549
1400000US36047083400,"Census Tract 834, Kings County, New York",Brooklyn,619700,45687
1400000US36047083600,"Census Tract 836, Kings County, New York",Brooklyn,669700,65759
1400000US36047083800,"Census Tract 838, Kings County, New York",Brooklyn,650200,20032
1400000US36047084000,"Census Tract 840, Kings County, New York",Brooklyn,712300,51839
1400000US36047084600,"Census Tract 846, Kings County, New York",Brooklyn,720000,80009
1400000US36047084800,"Census Tract 848, Kings County, New York",Brooklyn,742600,86816
1400000US36047085000,"Census Tract 850, Kings County, New York",Brooklyn,744300,87123
1400000US36047085200,"Census Tract 852, Kings County, New York",Brooklyn,-666666666,-222222222
1400000US36047085400,"Census Tract 854, Kings County, New York",Brooklyn,660600,48189
1400000US36047085600,"Census Tract 856, Kings County, New York",Brooklyn,598800,272164
1400000US36047085800,"Census Tract 858, Kings County, New York",Brooklyn,622100,87972
1400000US36047086000,"Census Tract 860, Kings County, New York",Brooklyn,638900,120130
1400000US36047086200,"Census Tract 862, Kings County, New York",Brooklyn,807700,159528
1400000US36047086400,"Census Tract 864, Kings County, New York",Brooklyn,704800,83786
1400000US36047086600,"Census Tract 866, Kings County, New York",Brooklyn,766900,118372
1400000US36047086800,"Census Tract 868, Kings County, New York",Brooklyn,846400,113544
1400000US36047087000,"Census Tract 870, Kings County, New York",Brooklyn,592300,171621
1400000US36047087200,"Census Tract 872, Kings County, New York",Brooklyn,778000,164763
1400000US36047087401,"Census Tract 874.01, Kings County, New York",Brooklyn,718800,693836
1400000US36047087600,"Census Tract 876, Kings County, New York",Brooklyn,687500,78215
1400000US36047087800,"Census Tract 878, Kings County, New York",Brooklyn,934700,141855
1400000US36047088001,"Census Tract 880.01, Kings County, New York",Brooklyn,818400,178955
1400000US36047088002,"Census Tract 880.02, Kings County, New York",Brooklyn,676800,84571
1400000US36047088200,"Census Tract 882, Kings County, New York",Brooklyn,777400,412250
1400000US36047088400,"Census Tract 884, Kings County, New York",Brooklyn,652100,167107
1400000US36047088600,"Census Tract 886, Kings County, New York",Brooklyn,500000,304149
1400000US36047088800,"Census Tract 888, Kings County, New York",Brooklyn,834800,110308
1400000US36047089000,"Census Tract 890, Kings County, New York",Brooklyn,-666666666,-222222222
1400000US36047089200,"Census Tract 892, Kings County, New York",Brooklyn,1125000,963773
1400000US36047089400,"Census Tract 894, Kings County, New York",Brooklyn,-666666666,-222222222
1400000US36047089600,"Census Tract 896, Kings County, New York",Brooklyn,9999,-333333333
1400000US36047089800,"Census Tract 898, Kings County, New York",Brooklyn,779100,136966
1400000US36047090000,"Census Tract 900, Kings County, New York",Brooklyn,534700,449432
1400000US36047090200,"Census Tract 902, Kings County, New York",Brooklyn,365600,136841
1400000US36047090600,"Census Tract 906, Kings County, New York",Brooklyn,-666666666,-222222222
1400000US36047090800,"Census Tract 908, Kings County, New York",Brooklyn,-666666666,-222222222
1400000US36047091000,"Census Tract 910, Kings County, New York",Brooklyn,-666666666,-222222222
1400000US36047091200,"Census Tract 912, Kings County, New York",Brooklyn,-666666666,-222222222
1400000US36047091600,"Census Tract 916, Kings County, New York",Brooklyn,533400,327712
1400000US36047091800,"Census Tract 918, Kings County, New York",Brooklyn,528700,198746
1400000US36047092000,"Census Tract 920, Kings County, New York",Brooklyn,530800,160882
1400000US36047092200,"Census Tract 922, Kings County, New York",Brooklyn,525500,209402
1400000US36047092400,"Census Tract 924, Kings County, New York",Brooklyn,809900,143079
1400000US36047092800,"Census Tract 928, Kings County, New York",Brooklyn,751700,120586
1400000US36047093000,"Census Tract 930, Kings County, New York",Brooklyn,774900,55849
1400000US36047093200,"Census Tract 932, Kings County, New York",Brooklyn,736700,66614
1400000US36047093400,"Census Tract 934, Kings County, New York",Brooklyn,702800,62914
1400000US36047093600,"Census Tract 936, Kings County, New York",Brooklyn,693400,58371
1400000US36047093800,"Census Tract 938, Kings County, New York",Brooklyn,709900,79784
1400000US36047094401,"Census Tract 944.01, Kings County, New York",Brooklyn,811300,48747
1400000US36047094402,"Census Tract 944.02, Kings County, New York",Brooklyn,-666666666,-222222222
1400000US36047094600,"Census Tract 946, Kings County, New York",Brooklyn,802400,47942
1400000US36047095000,"Census Tract 950, Kings County, New York",Brooklyn,749300,100592
1400000US36047095400,"Census Tract 954, Kings County, New York",Brooklyn,804600,67360
1400000US36047095600,"Census Tract 956, Kings County, New York",Brooklyn,717000,87257
1400000US36047095800,"Census Tract 958, Kings County, New York",Brooklyn,750000,156063
1400000US36047096000,"Census Tract 960, Kings County, New York",Brooklyn,-666666666,-222222222
1400000US36047096200,"Census Tract 962, Kings County, New York",Brooklyn,716800,88925
1400000US36047096400,"Census Tract 964, Kings County, New York",Brooklyn,706700,109292
1400000US36047096600,"Census Tract 966, Kings County, New York",Brooklyn,767900,76795
1400000US36047096800,"Census Tract 968, Kings County, New York",Brooklyn,645800,58318
1400000US36047097000,"Census Tract 970, Kings County, New York",Brooklyn,918400,165319
1400000US36047097400,"Census Tract 974, Kings County, New York",Brooklyn,774000,179012
1400000US36047098200,"Census Tract 982, Kings County, New York",Brooklyn,-666666666,-222222222
1400000US36047098400,"Census Tract 984, Kings County, New York",Brooklyn,725400,102168
1400000US36047098600,"Census Tract 986, Kings County, New York",Brooklyn,820200,61455
1400000US36047098800,"Census Tract 988, Kings County, New York",Brooklyn,649000,43481
1400000US36047099000,"Census Tract 990, Kings County, New York",Brooklyn,735500,98413
1400000US36047099200,"Census Tract 992, Kings County, New York",Brooklyn,734700,111779
1400000US36047099400,"Census Tract 994, Kings County, New York",Brooklyn,666200,33887
1400000US36047099600,"Census Tract 996, Kings County, New York",Brooklyn,781100,184236
1400000US36047099800,"Census Tract 998, Kings County, New York",Brooklyn,766100,112501
1400000US36047100400,"Census Tract 1004, Kings County, New York",Brooklyn,731300,102164
1400000US36047100600,"Census Tract 1006, Kings County, New York",Brooklyn,771700,54752
1400000US36047100800,"Census Tract 1008, Kings County, New York",Brooklyn,678900,60442
1400000US36047101000,"Census Tract 1010, Kings County, New York",Brooklyn,836700,73445
1400000US36047101200,"Census Tract 1012, Kings County, New York",Brooklyn,675600,65165
1400000US36047101400,"Census Tract 1014, Kings County, New York",Brooklyn,664400,51932
1400000US36047101600,"Census Tract 1016, Kings County, New York",Brooklyn,833500,57423
1400000US36047101800,"Census Tract 1018, Kings County, New York",Brooklyn,632500,330114
1400000US36047102000,"Census Tract 1020, Kings County, New York",Brooklyn,739900,81661
1400000US36047102200,"Census Tract 1022, Kings County, New York",Brooklyn,626200,44935
1400000US36047102400,"Census Tract 1024, Kings County, New York",Brooklyn,698600,56468
1400000US36047102600,"Census Tract 1026, Kings County, New York",Brooklyn,806800,74660
1400000US36047102801,"Census Tract 1028.01, Kings County, New York",Brooklyn,704500,113108
1400000US36047102802,"Census Tract 1028.02, Kings County, New York",Brooklyn,-666666666,-222222222
1400000US36047103401,"Census Tract 1034.01, Kings County, New York",Brooklyn,-666666666,-222222222
1400000US36047103402,"Census Tract 1034.02, Kings County, New York",Brooklyn,-666666666,-222222222
1400000US36047105801,"Census Tract 1058.01, Kings County, New York",Brooklyn,-666666666,-222222222
1400000US36047105804,"Census Tract 1058.04, Kings County, New York",Brooklyn,632400,586414
1400000US36047107001,"Census Tract 1070.01, Kings County, New York",Brooklyn,572700,169047
1400000US36047107002,"Census Tract 1070.02, Kings County, New York",Brooklyn,-666666666,-222222222
1400000US36047107003,"Census Tract 1070.03, Kings County, New York",Brooklyn,-666666666,-222222222
1400000US36047107800,"Census Tract 1078, Kings County, New York",Brooklyn,483300,65876
1400000US36047109800,"Census Tract 1098, Kings County, New York",Brooklyn,611400,137354
1400000US36047110400,"Census Tract 1104, Kings County, New York",Brooklyn,711200,141234
1400000US36047110600,"Census Tract 1106, Kings County, New York",Brooklyn,-666666666,-222222222
1400000US36047111000,"Census Tract 1110, Kings County, New York",Brooklyn,-666666666,-222222222
1400000US36047111600,"Census Tract 1116, Kings County, New York",Brooklyn,493900,293227
1400000US36047111800,"Census Tract 1118, Kings County, New York",Brooklyn,615400,271184
1400000US36047112000,"Census Tract 1120, Kings County, New York",Brooklyn,701400,132367
1400000US36047112200,"Census Tract 1122, Kings County, New York",Brooklyn,930600,90707
1400000US36047112400,"Census Tract 1124, Kings County, New York",Brooklyn,624300,52199
1400000US36047112600,"Census Tract 1126, Kings County, New York",Brooklyn,636300,214130
1400000US36047112800,"Census Tract 1128, Kings County, New York",Brooklyn,562500,188375
1400000US36047113000,"Census Tract 1130, Kings County, New York",Brooklyn,612700,62157
1400000US36047113200,"Census Tract 1132, Kings County, New York",Brooklyn,597200,92643
1400000US36047113400,"Census Tract 1134, Kings County, New York",Brooklyn,-666666666,-222222222
1400000US36047114201,"Census Tract 1142.01, Kings County, New York",Brooklyn,468800,332952
1400000US36047114202,"Census Tract 1142.02, Kings County, New York",Brooklyn,847200,187596
1400000US36047114400,"Census Tract 1144, Kings County, New York",Brooklyn,685700,164234
1400000US36047114600,"Census Tract 1146, Kings County, New York",Brooklyn,836700,57597
1400000US36047115000,"Census Tract 1150, Kings County, New York",Brooklyn,824900,50390
1400000US36047115200,"Census Tract 1152, Kings County, New York",Brooklyn,115400,6652
1400000US36047115600,"Census Tract 1156, Kings County, New York",Brooklyn,669100,119990
1400000US36047115800,"Census Tract 1158, Kings County, New York",Brooklyn,560700,93392
1400000US36047116000,"Census Tract 1160, Kings County, New York",Brooklyn,640500,153413
1400000US36047116200,"Census Tract 1162, Kings County, New York",Brooklyn,564100,64216
1400000US36047116400,"Census Tract 1164, Kings County, New York",Brooklyn,668600,153931
1400000US36047116600,"Census Tract 1166, Kings County, New York",Brooklyn,672800,258942
1400000US36047116800,"Census Tract 1168, Kings County, New York",Brooklyn,1059900,104415
1400000US36047117000,"Census Tract 1170, Kings County, New York",Brooklyn,502300,211705
1400000US36047117201,"Census Tract 1172.01, Kings County, New York",Brooklyn,688400,109110
1400000US36047117202,"Census Tract 1172.02, Kings County, New York",Brooklyn,672600,101949
1400000US36047117400,"Census Tract 1174, Kings County, New York",Brooklyn,815200,91952
1400000US36047117601,"Census Tract 1176.01, Kings County, New York",Brooklyn,729300,138638
1400000US36047117602,"Census Tract 1176.02, Kings County, New York",Brooklyn,472700,388511
1400000US36047117800,"Census Tract 1178, Kings County, New York",Brooklyn,770300,141949
1400000US36047118000,"Census Tract 1180, Kings County, New York",Brooklyn,-666666666,-222222222
1400000US36047118201,"Census Tract 1182.01, Kings County, New York",Brooklyn,742700,110387
1400000US36047118202,"Census Tract 1182.02, Kings County, New York",Brooklyn,790700,115565
1400000US36047118400,"Census Tract 1184, Kings County, New York",Brooklyn,650500,64699
1400000US36047118600,"Census Tract 1186, Kings County, New York",Brooklyn,752200,93855
1400000US36047118800,"Census Tract 1188, Kings County, New York",Brooklyn,836600,147390
1400000US36047119000,"Census Tract 1190, Kings County, New York",Brooklyn,820600,75085
1400000US36047119200,"Census Tract 1192, Kings County, New York",Brooklyn,778200,161334
1400000US36047119400,"Census Tract 1194, Kings County, New York",Brooklyn,480200,71898
1400000US36047119600,"Census Tract 1196, Kings County, New York",Brooklyn,631100,82640
1400000US36047119800,"Census Tract 1198, Kings County, New York",Brooklyn,665300,75723
1400000US36047120000,"Census Tract 1200, Kings County, New York",Brooklyn,668200,73110
1400000US36047120200,"Census Tract 1202, Kings County, New York",Brooklyn,645100,42459
1400000US36047120801,"Census Tract 1208.01, Kings County, New York",Brooklyn,651800,82340
1400000US36047120802,"Census Tract 1208.02, Kings County, New York",Brooklyn,-666666666,-222222222
1400000US36047120803,"Census Tract 1208.03, Kings County, New York",Brooklyn,655900,82121
1400000US36047121000,"Census Tract 1210, Kings County, New York",Brooklyn,-666666666,-222222222
1400000US36047121400,"Census Tract 1214, Kings County, New York",Brooklyn,-666666666,-222222222
1400000US36047122000,"Census Tract 1220, Kings County, New York",Brooklyn,662300,47136
1400000US36047123700,"Census Tract 1237, Kings County, New York",Brooklyn,972400,175896
1400000US36047150200,"Census Tract 1502, Kings County, New York",Brooklyn,1519600,234451
1400000US36047152200,"Census Tract 1522, Kings County, New York",Brooklyn,1189500,928198
1400000US36047990100,"Census Tract 9901, Kings County, New York",Brooklyn,-666666666,-222222222
1400000US36061000100,"Census Tract 1, New York County, New York",Manhattan,-666666666,-222222222
1400000US36061000201,"Census Tract 2.01, New York County, New York",Manhattan,-666666666,-222222222
1400000US36061000202,"Census Tract 2.02, New York County, New York",Manhattan,700800,95609
1400000US36061000500,"Census Tract 5, New York County, New York",Manhattan,-666666666,-222222222
1400000US36061000600,"Census Tract 6, New York County, New York",Manhattan,1571000,554447
1400000US36061000700,"Census Tract 7, New York County, New York",Manhattan,1062500,293963
1400000US36061000800,"Census Tract 8, New York County, New York",Manhattan,-666666666,-222222222
1400000US36061000900,"Census Tract 9, New York County, New York",Manhattan,1554200,331906
1400000US36061001001,"Census Tract 10.01, New York County, New York",Manhattan,896700,34302
1400000US36061001002,"Census Tract 10.02, New York County, New York",Manhattan,-666666666,-222222222
1400000US36061001200,"Census Tract 12, New York County, New York",Manhattan,820900,84396
1400000US36061001300,"Census Tract 13, New York County, New York",Manhattan,1045400,165236
1400000US36061001401,"Census Tract 14.01, New York County, New York",Manhattan,973600,97344
1400000US36061001402,"Census Tract 14.02, New York County, New York",Manhattan,-666666666,-222222222
1400000US36061001501,"Census Tract 15.01, New York County, New York",Manhattan,930400,57969
1400000US36061001502,"Census Tract 15.02, New York County, New York",Manhattan,1301700,236480
1400000US36061001600,"Census Tract 16, New York County, New York",Manhattan,670000,89620
1400000US36061001800,"Census Tract 18, New York County, New York",Manhattan,875000,410102
1400000US36061002000,"Census Tract 20, New York County, New York",Manhattan,-666666666,-222222222
1400000US36061002100,"Census Tract 21, New York County, New York",Manhattan,2000001,-333333333
1400000US36061002201,"Census Tract 22.01, New York County, New York",Manhattan,-666666666,-222222222
1400000US36061002202,"Census Tract 22.02, New York County, New York",Manhattan,1122100,388295
1400000US36061002400,"Census Tract 24, New York County, New York",Manhattan,-666666666,-222222222
1400000US36061002500,"Census Tract 25, New York County, New York",Manhattan,-666666666,-222222222
1400000US36061002601,"Census Tract 26.01, New York County, New York",Manhattan,603200,115316
1400000US36061002602,"Census Tract 26.02, New York County, New York",Manhattan,804900,116845
1400000US36061002700,"Census Tract 27, New York County, New York",Manhattan,683400,67858
1400000US36061002800,"Census Tract 28, New York County, New York",Manhattan,696800,401731
1400000US36061002901,"Census Tract 29.01, New York County, New York",Manhattan,-666666666,-222222222
1400000US36061002902,"Census Tract 29.02, New York County, New York",Manhattan,859600,416965
1400000US36061003001,"Census Tract 30.01, New York County, New York",Manhattan,1090400,537230
1400000US36061003002,"Census Tract 30.02, New York County, New York",Manhattan,745500,236035
1400000US36061003100,"Census Tract 31, New York County, New York",Manhattan,2000001,-333333333
1400000US36061003200,"Census Tract 32, New York County, New York",Manhattan,-666666666,-222222222
1400000US36061003300,"Census Tract 33, New York County, New York",Manhattan,2000001,-333333333
1400000US36061003400,"Census Tract 34, New York County, New York",Manhattan,1097900,943807
1400000US36061003601,"Census Tract 36.01, New York County, New York",Manhattan,735800,647924
1400000US36061003602,"Census Tract 36.02, New York County, New York",Manhattan,2000001,-333333333
1400000US36061003700,"Census Tract 37, New York County, New York",Manhattan,2000001,-333333333
1400000US36061003800,"Census Tract 38, New York County, New York",Manhattan,-666666666,-222222222
1400000US36061003900,"Census Tract 39, New York County, New York",Manhattan,2000001,-333333333
1400000US36061004001,"Census Tract 40.01, New York County, New York",Manhattan,-666666666,-222222222
1400000US36061004002,"Census Tract 40.02, New York County, New York",Manhattan,1000000,195567
1400000US36061004100,"Census Tract 41, New York County, New York",Manhattan,2000001,-333333333
1400000US36061004200,"Census Tract 42, New York County, New York",Manhattan,1512300,309630
1400000US36061004300,"Census Tract 43, New York County, New York",Manhattan,1363600,690985
1400000US36061004400,"Census Tract 44, New York County, New York",Manhattan,-666666666,-222222222
1400000US36061004500,"Census Tract 45, New York County, New York",Manhattan,2000001,-333333333
1400000US36061004700,"Census Tract 47, New York County, New York",Manhattan,2000001,-333333333
1400000US36061004800,"Census Tract 48, New York County, New York",Manhattan,861200,93182
1400000US36061004900,"Census Tract 49, New York County, New York",Manhattan,2000001,-333333333
1400000US36061005000,"Census Tract 50, New York County, New York",Manhattan,946300,71600
1400000US36061005200,"Census Tract 52, New York County, New York",Manhattan,1754200,321017
1400000US36061005400,"Census Tract 54, New York County, New York",Manhattan,1586200,276820
1400000US36061005501,"Census Tract 55.01, New York County, New York",Manhattan,1079800,176383
1400000US36061005502,"Census Tract 55.02, New York County, New York",Manhattan,1652800,681822
1400000US36061005600,"Census Tract 56, New York County, New York",Manhattan,1729000,270405
1400000US36061005700,"Census Tract 57, New York County, New York",Manhattan,2000001,-333333333
1400000US36061005800,"Census Tract 58, New York County, New York",Manhattan,2000001,-333333333
1400000US36061005900,"Census Tract 59, New York County, New York",Manhattan,1199100,374733
1400000US36061006000,"Census Tract 60, New York County, New York",Manhattan,-666666666,-222222222
1400000US36061006100,"Census Tract 61, New York County, New York",Manhattan,1119700,80366
1400000US36061006200,"Census Tract 62, New York County, New York",Manhattan,-666666666,-222222222
1400000US36061006300,"Census Tract 63, New York County, New York",Manhattan,1663700,344279
1400000US36061006400,"Census Tract 64, New York County, New York",Manhattan,883000,174851
1400000US36061006500,"Census Tract 65, New York County, New York",Manhattan,1153100,673409
1400000US36061006600,"Census Tract 66, New York County, New York",Manhattan,892700,203723
1400000US36061006700,"Census Tract 67, New York County, New York",Manhattan,1011600,161611
1400000US36061006800,"Census Tract 68, New York County, New York",Manhattan,1100600,646501
1400000US36061006900,"Census Tract 69, New York County, New York",Manhattan,1944600,319870
1400000US36061007001,"Census Tract 70.01, New York County, New York",Manhattan,-666666666,-222222222
1400000US36061007002,"Census Tract 70.02, New York County, New York",Manhattan,1623400,506192
1400000US36061007100,"Census Tract 71, New York County, New York",Manhattan,1380500,173495
1400000US36061007200,"Census Tract 72, New York County, New York",Manhattan,655600,90046
1400000US36061007300,"Census Tract 73, New York County, New York",Manhattan,1122200,513475
1400000US36061007400,"Census Tract 74, New York County, New York",Manhattan,1100700,305192
1400000US36061007500,"Census Tract 75, New York County, New York",Manhattan,1408800,457980
1400000US36061007600,"Census Tract 76, New York County, New York",Manhattan,-666666666,-222222222
1400000US36061007700,"Census Tract 77, New York County, New York",Manhattan,1897700,999852
1400000US36061007800,"Census Tract 78, New York County, New York",Manhattan,879800,235062
1400000US36061007900,"Census Tract 79, New York County, New York",Manhattan,1081100,227670
1400000US36061008000,"Census Tract 80, New York County, New York",Manhattan,947500,144262
1400000US36061008100,"Census Tract 81, New York County, New York",Manhattan,1048500,474506
1400000US36061008200,"Census Tract 82, New York County, New York",Manhattan,933900,102073
1400000US36061008300,"Census Tract 83, New York County, New York",Manhattan,885200,228516
1400000US36061008400,"Census Tract 84, New York County, New York",Manhattan,923500,162907
1400000US36061008601,"Census Tract 86.01, New York County, New York",Manhattan,1625000,347409
1400000US36061008602,"Census Tract 86.02, New York County, New York",Manhattan,-666666666,-222222222
1400000US36061008603,"Census Tract 86.03, New York County, New York",Manhattan,1165200,185329
1400000US36061008700,"Census Tract 87, New York County, New York",Manhattan,808700,182757
1400000US36061008800,"Census Tract 88, New York County, New York",Manhattan,651100,73972
1400000US36061008900,"Census Tract 89, New York County, New York",Manhattan,1109500,142016
1400000US36061009000,"Census Tract 90, New York County, New York",Manhattan,898500,202000
1400000US36061009100,"Census Tract 91, New York County, New York",Manhattan,1816000,877561
1400000US36061009200,"Census Tract 92, New York County, New York",Manhattan,571900,159229
1400000US36061009300,"Census Tract 93, New York County, New York",Manhattan,-666666666,-222222222
1400000US36061009400,"Census Tract 94, New York County, New York",Manhattan,-666666666,-222222222
1400000US36061009500,"Census Tract 95, New York County, New York",Manhattan,1482600,1189571
1400000US36061009600,"Census Tract 96, New York County, New York",Manhattan,-666666666,-222222222
1400000US36061009700,"Census Tract 97, New York County, New York",Manhattan,137900,19279
1400000US36061009800,"Census Tract 98, New York County, New York",Manhattan,984500,239893
1400000US36061009901,"Census Tract 99.01, New York County, New York",Manhattan,2000001,-333333333
1400000US36061009902,"Census Tract 99.02, New York County, New York",Manhattan,-666666666,-222222222
1400000US36061009903,"Census Tract 99.03, New York County, New York",Manhattan,2000001,-333333333
1400000US36061010000,"Census Tract 100, New York County, New York",Manhattan,859000,122615
1400000US36061010100,"Census Tract 101, New York County, New York",Manhattan,-666666666,-222222222
1400000US36061010200,"Census Tract 102, New York County, New York",Manhattan,2000001,-333333333
1400000US36061010300,"Census Tract 103, New York County, New York",Manhattan,-666666666,-222222222
1400000US36061010400,"Census Tract 104, New York County, New York",Manhattan,1112900,510484
1400000US36061010601,"Census Tract 106.01, New York County, New York",Manhattan,1431500,360976
1400000US36061010602,"Census Tract 106.02, New York County, New York",Manhattan,857000,154236
1400000US36061010801,"Census Tract 108.01, New York County, New York",Manhattan,732000,146431
1400000US36061010802,"Census Tract 108.02, New York County, New York",Manhattan,1293900,188952
1400000US36061010803,"Census Tract 108.03, New York County, New York",Manhattan,750000,273863
1400000US36061010900,"Census Tract 109, New York County, New York",Manhattan,1593800,1373754
1400000US36061011000,"Census Tract 110, New York County, New York",Manhattan,1415900,828594
1400000US36061011100,"Census Tract 111, New York County, New York",Manhattan,1283800,609945
1400000US36061011201,"Census Tract 112.01, New York County, New York",Manhattan,1945000,549527
1400000US36061011202,"Census Tract 112.02, New York County, New York",Manhattan,2000001,-333333333
1400000US36061011203,"Census Tract 112.03, New York County, New York",Manhattan,975000,576738
1400000US36061011300,"Census Tract 113, New York County, New York",Manhattan,-666666666,-222222222
1400000US36061011401,"Census Tract 114.01, New York County, New York",Manhattan,2000001,-333333333
1400000US36061011402,"Census Tract 114.02, New York County, New York",Manhattan,1262100,319040
1400000US36061011500,"Census Tract 115, New York County, New York",Manhattan,1413000,973478
1400000US36061011600,"Census Tract 116, New York County, New York",Manhattan,885000,178384
1400000US36061011700,"Census Tract 117, New York County, New York",Manhattan,-666666666,-222222222
1400000US36061011800,"Census Tract 118, New York County, New York",Manhattan,1165100,552475
1400000US36061011900,"Census Tract 119, New York County, New York",Manhattan,-666666666,-222222222
1400000US36061012000,"Census Tract 120, New York County, New York",Manhattan,1915600,556819
1400000US36061012101,"Census Tract 121.01, New York County, New York",Manhattan,460900,29611
1400000US36061012102,"Census Tract 121.02, New York County, New York",Manhattan,824500,542866
1400000US36061012200,"Census Tract 122, New York County, New York",Manhattan,2000001,-333333333
1400000US36061012400,"Census Tract 124, New York County, New York",Manhattan,1539100,302769
1400000US36061012500,"Census Tract 125, New York County, New York",Manhattan,1416700,78571
1400000US36061012601,"Census Tract 126.01, New York County, New York",Manhattan,973000,345638
1400000US36061012602,"Census Tract 126.02, New York County, New York",Manhattan,1049900,145768
1400000US36061012700,"Census Tract 127, New York County, New York",Manhattan,959800,155012
1400000US36061012800,"Census Tract 128, New York County, New York",Manhattan,2000001,-333333333
1400000US36061012901,"Census Tract 129.01, New York County, New York",Manhattan,1407500,255799
1400000US36061012902,"Census Tract 129.02, New York County, New York",Manhattan,863900,80661
1400000US36061013000,"Census Tract 130, New York County, New York",Manhattan,2000001,-333333333
1400000US36061013100,"Census Tract 131, New York County, New York",Manhattan,1663300,849973
1400000US36061013201,"Census Tract 132.01, New York County, New York",Manhattan,1114600,580752
1400000US36061013202,"Census Tract 132.02, New York County, New York",Manhattan,384500,127024
1400000US36061013203,"Census Tract 132.03, New York County, New York",Manhattan,847500,60712
1400000US36061013300,"Census Tract 133, New York County, New York",Manhattan,1099300,684659
1400000US36061013400,"Census Tract 134, New York County, New York",Manhattan,680800,53799
1400000US36061013501,"Census Tract 135.01, New York County, New York",Manhattan,-666666666,-222222222
1400000US36061013502,"Census Tract 135.02, New York County, New York",Manhattan,-666666666,-222222222
1400000US36061013601,"Census Tract 136.01, New York County, New York",Manhattan,1217800,165867
1400000US36061013602,"Census Tract 136.02, New York County, New York",Manhattan,1191300,226904
1400000US36061013603,"Census Tract 136.03, New York County, New York",Manhattan,1708300,1418909
1400000US36061013604,"Census Tract 136.04, New York County, New York",Manhattan,1826100,866198
1400000US36061013700,"Census Tract 137, New York County, New York",Manhattan,1938000,522016
1400000US36061013800,"Census Tract 138, New York County, New York",Manhattan,955600,164349
1400000US36061013900,"Census Tract 139, New York County, New York",Manhattan,778700,288306
1400000US36061014000,"Census Tract 140, New York County, New York",Manhattan,2000001,-333333333
1400000US36061014200,"Census Tract 142, New York County, New York",Manhattan,2000001,-333333333
1400000US36061014300,"Census Tract 143, New York County, New York",Manhattan,-666666666,-222222222
1400000US36061014401,"Census Tract 144.01, New York County, New York",Manhattan,944400,140382
1400000US36061014402,"Census Tract 144.02, New York County, New York",Manhattan,1600700,526910
1400000US36061014500,"Census Tract 145, New York County, New York",Manhattan,1314000,399150
1400000US36061014601,"Census Tract 146.01, New York County, New York",Manhattan,1627700,560327
1400000US36061014602,"Census Tract 146.02, New York County, New York",Manhattan,862700,166639
1400000US36061014700,"Census Tract 147, New York County, New York",Manhattan,2000001,-333333333
1400000US36061014801,"Census Tract 148.01, New York County, New York",Manhattan,1983700,632572
1400000US36061014802,"Census Tract 148.02, New York County, New York",Manhattan,2000001,-333333333
1400000US36061014900,"Census Tract 149, New York County, New York",Manhattan,2000001,-333333333
1400000US36061015001,"Census Tract 150.01, New York County, New York",Manhattan,2000001,-333333333
1400000US36061015002,"Census Tract 150.02, New York County, New York",Manhattan,2000001,-333333333
1400000US36061015101,"Census Tract 151.01, New York County, New York",Manhattan,99300,19643
1400000US36061015102,"Census Tract 151.02, New York County, New York",Manhattan,2000001,-333333333
1400000US36061015200,"Census Tract 152, New York County, New York",Manhattan,1310900,434402
1400000US36061015301,"Census Tract 153.01, New York County, New York",Manhattan,2000001,-333333333
1400000US36061015302,"Census Tract 153.02, New York County, New York",Manhattan,922800,222566
1400000US36061015401,"Census Tract 154.01, New York County, New York",Manhattan,1059500,248648
1400000US36061015402,"Census Tract 154.02, New York County, New York",Manhattan,918000,124805
1400000US36061015403,"Census Tract 154.03, New York County, New York",Manhattan,1174300,85999
1400000US36061015501,"Census Tract 155.01, New York County, New York",Manhattan,1043800,921176
1400000US36061015502,"Census Tract 155.02, New York County, New York",Manhattan,1158500,155182
1400000US36061015601,"Census Tract 156.01, New York County, New York",Manhattan,1500000,790729
1400000US36061015602,"Census Tract 156.02, New York County, New York",Manhattan,1095800,127313
1400000US36061015700,"Census Tract 157, New York County, New York",Manhattan,1511200,343962
1400000US36061015801,"Census Tract 158.01, New York County, New York",Manhattan,976600,282032
1400000US36061015802,"Census Tract 158.02, New York County, New York",Manhattan,492900,209388
1400000US36061015900,"Census Tract 159, New York County, New York",Manhattan,1153800,89307
1400000US36061016001,"Census Tract 160.01, New York County, New York",Manhattan,2000001,-333333333
1400000US36061016002,"Census Tract 160.02, New York County, New York",Manhattan,1572700,270922
1400000US36061016100,"Census Tract 161, New York County, New York",Manhattan,1719900,386291
1400000US36061016200,"Census Tract 162, New York County, New York",Manhattan,2000001,-333333333
1400000US36061016300,"Census Tract 163, New York County, New York",Manhattan,2000001,-333333333
1400000US36061016400,"Census Tract 164, New York County, New York",Manhattan,-666666666,-222222222
1400000US36061016500,"Census Tract 165, New York County, New York",Manhattan,1315900,496928
1400000US36061016600,"Census Tract 166, New York County, New York",Manhattan,884500,281234
1400000US36061016700,"Census Tract 167, New York County, New York",Manhattan,2000001,-333333333
1400000US36061016800,"Census Tract 168, New York County, New York",Manhattan,2000001,-333333333
1400000US36061016900,"Census Tract 169, New York County, New York",Manhattan,1081300,963821
1400000US36061017000,"Census Tract 170, New York County, New York",Manhattan,817300,239618
1400000US36061017100,"Census Tract 171, New York County, New York",Manhattan,2000001,-333333333
1400000US36061017200,"Census Tract 172, New York County, New York",Manhattan,-666666666,-222222222
1400000US36061017300,"Census Tract 173, New York County, New York",Manhattan,1364000,215997
1400000US36061017401,"Census Tract 174.01, New York County, New York",Manhattan,899300,80044
1400000US36061017402,"Census Tract 174.02, New York County, New York",Manhattan,748400,379437
1400000US36061017500,"Census Tract 175, New York County, New York",Manhattan,1796300,632339
1400000US36061017700,"Census Tract 177, New York County, New York",Manhattan,1008200,295098
1400000US36061017800,"Census Tract 178, New York County, New York",Manhattan,441900,400842
1400000US36061017900,"Census Tract 179, New York County, New York",Manhattan,1392200,646587
1400000US36061018000,"Census Tract 180, New York County, New York",Manhattan,699700,144051
1400000US36061018100,"Census Tract 181, New York County, New York",Manhattan,827000,371368
1400000US36061018200,"Census Tract 182, New York County, New York",Manhattan,694000,136298
1400000US36061018300,"Census Tract 183, New York County, New York",Manhattan,1054400,190455
1400000US36061018400,"Census Tract 184, New York County, New York",Manhattan,635000,97952
1400000US36061018500,"Census Tract 185, New York County, New York",Manhattan,1097100,58726
1400000US36061018600,"Census Tract 186, New York County, New York",Manhattan,759600,747097
1400000US36061018700,"Census Tract 187, New York County, New York",Manhattan,2000001,-333333333
1400000US36061018800,"Census Tract 188, New York County, New York",Manhattan,690000,243356
1400000US36061018900,"Census Tract 189, New York County, New York",Manhattan,1076700,187997
1400000US36061019000,"Census Tract 190, New York County, New York",Manhattan,825000,167786
1400000US36061019100,"Census Tract 191, New York County, New York",Manhattan,1063600,674269
1400000US36061019200,"Census Tract 192, New York County, New York",Manhattan,-666666666,-222222222
1400000US36061019300,"Census Tract 193, New York County, New York",Manhattan,546500,262867
1400000US36061019400,"Census Tract 194, New York County, New York",Manhattan,651600,239470
1400000US36061019500,"Census Tract 195, New York County, New York",Manhattan,1097800,203978
1400000US36061019600,"Census Tract 196, New York County, New York",Manhattan,-666666666,-222222222
1400000US36061019701,"Census Tract 197.01, New York County, New York",Manhattan,-666666666,-222222222
1400000US36061019702,"Census Tract 197.02, New York County, New York",Manhattan,798300,269815
1400000US36061019800,"Census Tract 198, New York County, New York",Manhattan,678400,211385
1400000US36061019900,"Census Tract 199, New York County, New York",Manhattan,1155600,108156
1400000US36061020000,"Census Tract 200, New York County, New York",Manhattan,1888900,1207054
1400000US36061020101,"Census Tract 201.01, New York County, New York",Manhattan,1195300,232503
1400000US36061020102,"Census Tract 201.02, New York County, New York",Manhattan,914300,168724
1400000US36061020300,"Census Tract 203, New York County, New York",Manhattan,-666666666,-222222222
1400000US36061020500,"Census Tract 205, New York County, New York",Manhattan,1528800,718887
1400000US36061020600,"Census Tract 206, New York County, New York",Manhattan,1067700,296995
1400000US36061020701,"Census Tract 207.01, New York County, New York",Manhattan,868100,62454
1400000US36061020800,"Census Tract 208, New York County, New York",Manhattan,934400,231657
1400000US36061020901,"Census Tract 209.01, New York County, New York",Manhattan,-666666666,-222222222
1400000US36061021000,"Census Tract 210, New York County, New York",Manhattan,32800,23480
1400000US36061021100,"Census Tract 211, New York County, New York",Manhattan,712900,80688
1400000US36061021200,"Census Tract 212, New York County, New York",Manhattan,670100,380859
1400000US36061021303,"Census Tract 213.03, New York County, New York",Manhattan,426500,284120
1400000US36061021400,"Census Tract 214, New York County, New York",Manhattan,-666666666,-222222222
1400000US36061021500,"Census Tract 215, New York County, New York",Manhattan,894400,40933
1400000US36061021600,"Census Tract 216, New York County, New York",Manhattan,1089900,111070
1400000US36061021703,"Census Tract 217.03, New York County, New York",Manhattan,-666666666,-222222222
1400000US36061021800,"Census Tract 218, New York County, New York",Manhattan,1085300,61202
1400000US36061021900,"Census Tract 219, New York County, New York",Manhattan,-666666666,-222222222
1400000US36061022000,"Census Tract 220, New York County, New York",Manhattan,2000001,-333333333
1400000US36061022102,"Census Tract 221.02, New York County, New York",Manhattan,1122300,561032
1400000US36061022200,"Census Tract 222, New York County, New York",Manhattan,1522100,390448
1400000US36061022301,"Census Tract 223.01, New York County, New York",Manhattan,859700,179023
1400000US36061022302,"Census Tract 223.02, New York County, New York",Manhattan,-666666666,-222222222
1400000US36061022400,"Census Tract 224, New York County, New York",Manhattan,-666666666,-222222222
1400000US36061022500,"Census Tract 225, New York County, New York",Manhattan,-666666666,-222222222
1400000US36061022600,"Census Tract 226, New York County, New York",Manhattan,903800,211567
1400000US36061022700,"Census Tract 227, New York County, New York",Manhattan,700300,537519
1400000US36061022800,"Census Tract 228, New York County, New York",Manhattan,801700,272416
1400000US36061022900,"Census Tract 229, New York County, New York",Manhattan,625000,352394
1400000US36061023000,"Census Tract 230, New York County, New York",Manhattan,479700,138413
1400000US36061023100,"Census Tract 231, New York County, New York",Manhattan,551300,206992
1400000US36061023200,"Census Tract 232, New York County, New York",Manhattan,-666666666,-222222222
1400000US36061023300,"Census Tract 233, New York County, New York",Manhattan,1017300,668232
1400000US36061023400,"Census Tract 234, New York County, New York",Manhattan,1057700,442769
1400000US36061023501,"Census Tract 235.01, New York County, New York",Manhattan,773400,554018
1400000US36061023502,"Census Tract 235.02, New York County, New York",Manhattan,475000,37192
1400000US36061023600,"Census Tract 236, New York County, New York",Manhattan,-666666666,-222222222
1400000US36061023700,"Census Tract 237, New York County, New York",Manhattan,392300,123209
1400000US36061023802,"Census Tract 238.02, New York County, New York",Manhattan,892900,120232
1400000US36061023803,"Census Tract 238.03, New York County, New York",Manhattan,1008400,175972
1400000US36061023804,"Census Tract 238.04, New York County, New York",Manhattan,1708300,643618
1400000US36061023900,"Census Tract 239, New York County, New York",Manhattan,518900,217996
1400000US36061024000,"Census Tract 240, New York County, New York",Manhattan,-666666666,-222222222
1400000US36061024100,"Census Tract 241, New York County, New York",Manhattan,-666666666,-222222222
1400000US36061024200,"Census Tract 242, New York County, New York",Manhattan,-666666666,-222222222
1400000US36061024301,"Census Tract 243.01, New York County, New York",Manhattan,1625000,1509599
1400000US36061024302,"Census Tract 243.02, New York County, New York",Manhattan,-666666666,-222222222
1400000US36061024500,"Census Tract 245, New York County, New York",Manhattan,-666666666,-222222222
1400000US36061024700,"Census Tract 247, New York County, New York",Manhattan,668800,223222
1400000US36061024900,"Census Tract 249, New York County, New York",Manhattan,606300,39797
1400000US36061025100,"Census Tract 251, New York County, New York",Manhattan,-666666666,-222222222
1400000US36061025300,"Census Tract 253, New York County, New York",Manhattan,717300,200198
1400000US36061025500,"Census Tract 255, New York County, New York",Manhattan,559100,264284
1400000US36061025700,"Census Tract 257, New York County, New York",Manhattan,1289100,724227
1400000US36061025900,"Census Tract 259, New York County, New York",Manhattan,670000,49939
1400000US36061026100,"Census Tract 261, New York County, New York",Manhattan,-666666666,-222222222
1400000US36061026300,"Census Tract 263, New York County, New York",Manhattan,-666666666,-222222222
1400000US36061026500,"Census Tract 265, New York County, New York",Manhattan,579800,110079
1400000US36061026700,"Census Tract 267, New York County, New York",Manhattan,-666666666,-222222222
1400000US36061026900,"Census Tract 269, New York County, New York",Manhattan,590200,64599
1400000US36061027100,"Census Tract 271, New York County, New York",Manhattan,704400,343289
1400000US36061027300,"Census Tract 273, New York County, New York",Manhattan,671600,49943
1400000US36061027500,"Census Tract 275, New York County, New York",Manhattan,1016300,504288
1400000US36061027700,"Census Tract 277, New York County, New York",Manhattan,-666666666,-222222222
1400000US36061027900,"Census Tract 279, New York County, New York",Manhattan,431900,55712
1400000US36061028100,"Census Tract 281, New York County, New York",Manhattan,850300,92935
1400000US36061028300,"Census Tract 283, New York County, New York",Manhattan,113900,82880
1400000US36061028500,"Census Tract 285, New York County, New York",Manhattan,-666666666,-222222222
1400000US36061028700,"Census Tract 287, New York County, New York",Manhattan,647400,184060
1400000US36061029100,"Census Tract 291, New York County, New York",Manhattan,-666666666,-222222222
1400000US36061029300,"Census Tract 293, New York County, New York",Manhattan,-666666666,-222222222
1400000US36061029500,"Census Tract 295, New York County, New York",Manhattan,683400,308155
1400000US36061029700,"Census Tract 297, New York County, New York",Manhattan,-666666666,-222222222
1400000US36061029900,"Census Tract 299, New York County, New York",Manhattan,-666666666,-222222222
1400000US36061030300,"Census Tract 303, New York County, New York",Manhattan,458600,99353
1400000US36061030700,"Census Tract 307, New York County, New York",Manhattan,477300,67333
1400000US36061030900,"Census Tract 309, New York County, New York",Manhattan,561800,235068
1400000US36061031100,"Census Tract 311, New York County, New York",Manhattan,-666666666,-222222222
1400000US36061031703,"Census Tract 317.03, New York County, New York",Manhattan,2000001,-333333333
1400000US36061031704,"Census Tract 317.04, New York County, New York",Manhattan,1547200,765795
1400000US36061031900,"Census Tract 319, New York County, New York",Manhattan,-666666666,-222222222
1400000US36081000101,"Census Tract 1.01, Queens County, New York",Queens,626600,319225
1400000US36081000102,"Census Tract 1.02, Queens County, New York",Queens,563400,218049
1400000US36081000103,"Census Tract 1.03, Queens County, New York",Queens,-666666666,-222222222
1400000US36081000104,"Census Tract 1.04, Queens County, New York",Queens,-666666666,-222222222
1400000US36081000200,"Census Tract 2, Queens County, New York",Queens,808700,57014
1400000US36081000400,"Census Tract 4, Queens County, New York",Queens,797900,87968
1400000US36081000600,"Census Tract 6, Queens County, New York",Queens,782600,74837
1400000US36081000701,"Census Tract 7.01, Queens County, New York",Queens,1263900,353859
1400000US36081000702,"Census Tract 7.02, Queens County, New York",Queens,1305600,394567
1400000US36081000800,"Census Tract 8, Queens County, New York",Queens,684900,46810
1400000US36081001000,"Census Tract 10, Queens County, New York",Queens,737400,97642
1400000US36081001200,"Census Tract 12, Queens County, New York",Queens,847500,66316
1400000US36081001400,"Census Tract 14, Queens County, New York",Queens,727100,95324
1400000US36081001600,"Census Tract 16, Queens County, New York",Queens,746200,70363
1400000US36081001800,"Census Tract 18, Queens County, New York",Queens,658700,29417
1400000US36081001901,"Census Tract 19.01, Queens County, New York",Queens,846800,680894
1400000US36081001902,"Census Tract 19.02, Queens County, New York",Queens,671900,416701
1400000US36081001903,"Census Tract 19.03, Queens County, New York",Queens,919800,172340
1400000US36081002000,"Census Tract 20, Queens County, New York",Queens,678600,113441
1400000US36081002200,"Census Tract 22, Queens County, New York",Queens,800900,87123
1400000US36081002400,"Census Tract 24, Queens County, New York",Queens,545900,110526
1400000US36081002500,"Census Tract 25, Queens County, New York",Queens,-666666666,-222222222
1400000US36081002600,"Census Tract 26, Queens County, New York",Queens,818900,56503
1400000US36081002800,"Census Tract 28, Queens County, New York",Queens,808200,126388
1400000US36081003000,"Census Tract 30, Queens County, New York",Queens,627100,28111
1400000US36081003100,"Census Tract 31, Queens County, New York",Queens,1050900,614760
1400000US36081003200,"Census Tract 32, Queens County, New York",Queens,614600,28924
1400000US36081003301,"Census Tract 33.01, Queens County, New York",Queens,1382800,901541
1400000US36081003302,"Census Tract 33.02, Queens County, New York",Queens,474200,414329
1400000US36081003400,"Census Tract 34, Queens County, New York",Queens,664700,123460
1400000US36081003600,"Census Tract 36, Queens County, New York",Queens,761600,108583
1400000US36081003700,"Census Tract 37, Queens County, New York",Queens,-666666666,-222222222
1400000US36081003800,"Census Tract 38, Queens County, New York",Queens,752100,108905
1400000US36081003900,"Census Tract 39, Queens County, New York",Queens,1162500,469328
1400000US36081004001,"Census Tract 40.01, Queens County, New York",Queens,908600,143371
1400000US36081004002,"Census Tract 40.02, Queens County, New York",Queens,835400,76955
1400000US36081004200,"Census Tract 42, Queens County, New York",Queens,663000,84347
1400000US36081004300,"Census Tract 43, Queens County, New York",Queens,-666666666,-222222222
1400000US36081004401,"Census Tract 44.01, Queens County, New York",Queens,783500,200955
1400000US36081004500,"Census Tract 45, Queens County, New York",Queens,503100,52148
1400000US36081004700,"Census Tract 47, Queens County, New York",Queens,937500,300411
1400000US36081005000,"Census Tract 50, Queens County, New York",Queens,-666666666,-222222222
1400000US36081005100,"Census Tract 51, Queens County, New York",Queens,-666666666,-222222222
1400000US36081005200,"Census Tract 52, Queens County, New York",Queens,992700,105552
1400000US36081005300,"Census Tract 53, Queens County, New York",Queens,1074700,384824
1400000US36081005400,"Census Tract 54, Queens County, New York",Queens,772700,59910
1400000US36081005500,"Census Tract 55, Queens County, New York",Queens,1087500,752153
1400000US36081005700,"Census Tract 57, Queens County, New York",Queens,1138000,281963
1400000US36081005800,"Census Tract 58, Queens County, New York",Queens,728000,67227
1400000US36081005900,"Census Tract 59, Queens County, New York",Queens,699500,176639
1400000US36081006100,"Census Tract 61, Queens County, New York",Queens,610300,40524
1400000US36081006201,"Census Tract 62.01, Queens County, New York",Queens,315400,39398
1400000US36081006202,"Census Tract 62.02, Queens County, New York",Queens,359900,75448
1400000US36081006300,"Census Tract 63, Queens County, New York",Queens,1650000,1075029
1400000US36081006501,"Census Tract 65.01, Queens County, New York",Queens,1074200,316451
1400000US36081006502,"Census Tract 65.02, Queens County, New York",Queens,959000,176022
1400000US36081006900,"Census Tract 69, Queens County, New York",Queens,650500,62321
1400000US36081007100,"Census Tract 71, Queens County, New York",Queens,-666666666,-222222222
1400000US36081007300,"Census Tract 73, Queens County, New York",Queens,496900,136547
1400000US36081007500,"Census Tract 75, Queens County, New York",Queens,634100,100778
1400000US36081007700,"Census Tract 77, Queens County, New York",Queens,640000,49697
1400000US36081007900,"Census Tract 79, Queens County, New York",Queens,562200,115154
1400000US36081008100,"Census Tract 81, Queens County, New York",Queens,834000,97228
1400000US36081008300,"Census Tract 83, Queens County, New York",Queens,-666666666,-222222222
1400000US36081008500,"Census Tract 85, Queens County, New York",Queens,-666666666,-222222222
1400000US36081008600,"Census Tract 86, Queens County, New York",Queens,739600,92737
1400000US36081008700,"Census Tract 87, Queens County, New York",Queens,-666666666,-222222222
1400000US36081008800,"Census Tract 88, Queens County, New York",Queens,787200,99466
1400000US36081009100,"Census Tract 91, Queens County, New York",Queens,781500,152067
1400000US36081009400,"Census Tract 94, Queens County, New York",Queens,806000,76730
1400000US36081009500,"Census Tract 95, Queens County, New York",Queens,1186500,254680
1400000US36081009600,"Census Tract 96, Queens County, New York",Queens,695400,107470
1400000US36081009700,"Census Tract 97, Queens County, New York",Queens,1223100,454694
1400000US36081009800,"Census Tract 98, Queens County, New York",Queens,680700,41117
1400000US36081009900,"Census Tract 99, Queens County, New York",Queens,-666666666,-222222222
1400000US36081010000,"Census Tract 100, Queens County, New York",Queens,665100,39903
1400000US36081010100,"Census Tract 101, Queens County, New York",Queens,999000,256589
1400000US36081010200,"Census Tract 102, Queens County, New York",Queens,822800,60612
1400000US36081010300,"Census Tract 103, Queens County, New York",Queens,1021300,317638
1400000US36081010400,"Census Tract 104, Queens County, New York",Queens,691600,71517
1400000US36081010500,"Census Tract 105, Queens County, New York",Queens,-666666666,-222222222
1400000US36081010600,"Census Tract 106, Queens County, New York",Queens,676600,74297
1400000US36081010701,"Census Tract 107.01, Queens County, New York",Queens,-666666666,-222222222
1400000US36081010800,"Census Tract 108, Queens County, New York",Queens,817200,45940
1400000US36081011000,"Census Tract 110, Queens County, New York",Queens,756200,81457
1400000US36081011100,"Census Tract 111, Queens County, New York",Queens,1032300,88887
1400000US36081011200,"Census Tract 112, Queens County, New York",Queens,865100,64066
1400000US36081011300,"Census Tract 113, Queens County, New York",Queens,841900,79181
1400000US36081011400,"Census Tract 114, Queens County, New York",Queens,579100,96320
1400000US36081011500,"Census Tract 115, Queens County, New York",Queens,1677100,371039
1400000US36081011600,"Census Tract 116, Queens County, New York",Queens,578900,94480
1400000US36081011700,"Census Tract 117, Queens County, New York",Queens,1438400,225943
1400000US36081011800,"Census Tract 118, Queens County, New York",Queens,858500,98212
1400000US36081011900,"Census Tract 119, Queens County, New York",Queens,700000,218808
1400000US36081012000,"Census Tract 120, Queens County, New York",Queens,746500,110003
1400000US36081012100,"Census Tract 121, Queens County, New York",Queens,1144900,43467
1400000US36081012200,"Census Tract 122, Queens County, New York",Queens,937500,106257
1400000US36081012301,"Census Tract 123.01, Queens County, New York",Queens,1122900,74964
1400000US36081012400,"Census Tract 124, Queens County, New York",Queens,866400,41989
1400000US36081012500,"Census Tract 125, Queens County, New York",Queens,1092700,49249
1400000US36081012601,"Census Tract 126.01, Queens County, New York",Queens,736800,96505
1400000US36081012602,"Census Tract 126.02, Queens County, New York",Queens,864500,65545
1400000US36081012800,"Census Tract 128, Queens County, New York",Queens,835800,60665
1400000US36081013000,"Census Tract 130, Queens County, New York",Queens,886300,60966
1400000US36081013200,"Census Tract 132, Queens County, New York",Queens,960200,120025
1400000US36081013400,"Census Tract 134, Queens County, New York",Queens,321500,79089
1400000US36081013500,"Census Tract 135, Queens County, New York",Queens,1061900,109648
1400000US36081013600,"Census Tract 136, Queens County, New York",Queens,385400,54741
1400000US36081013700,"Census Tract 137, Queens County, New York",Queens,942800,109521
1400000US36081013800,"Census Tract 138, Queens County, New York",Queens,390800,40069
1400000US36081014000,"Census Tract 140, Queens County, New York",Queens,846200,329417
1400000US36081014100,"Census Tract 141, Queens County, New York",Queens,474500,430984
1400000US36081014201,"Census Tract 142.01, Queens County, New York",Queens,1027000,189809
1400000US36081014202,"Census Tract 142.02, Queens County, New York",Queens,655600,73070
1400000US36081014300,"Census Tract 143, Queens County, New York",Queens,701700,87802
1400000US36081014400,"Census Tract 144, Queens County, New York",Queens,610000,98285
1400000US36081014500,"Census Tract 145, Queens County, New York",Queens,1081900,778296
1400000US36081014700,"Census Tract 147, Queens County, New York",Queens,947400,347522
1400000US36081014800,"Census Tract 148, Queens County, New York",Queens,849000,90193
1400000US36081014900,"Census Tract 149, Queens County, New York",Queens,1209800,512490
1400000US36081015000,"Census Tract 150, Queens County, New York",Queens,816700,71827
1400000US36081015100,"Census Tract 151, Queens County, New York",Queens,982400,205938
1400000US36081015200,"Census Tract 152, Queens County, New York",Queens,676500,38414
1400000US36081015300,"Census Tract 153, Queens County, New York",Queens,554100,502130
1400000US36081015400,"Census Tract 154, Queens County, New York",Queens,788500,100712
1400000US36081015500,"Census Tract 155, Queens County, New York",Queens,-666666666,-222222222
1400000US36081015600,"Census Tract 156, Queens County, New York",Queens,724400,65072
1400000US36081015700,"Census Tract 157, Queens County, New York",Queens,-666666666,-222222222
1400000US36081015801,"Census Tract 158.01, Queens County, New York",Queens,651800,31992
1400000US36081015802,"Census Tract 158.02, Queens County, New York",Queens,729300,79900
1400000US36081015900,"Census Tract 159, Queens County, New York",Queens,465900,33343
1400000US36081016100,"Census Tract 161, Queens County, New York",Queens,1331300,119243
1400000US36081016300,"Census Tract 163, Queens County, New York",Queens,933800,170544
1400000US36081016400,"Census Tract 164, Queens County, New York",Queens,629800,90871
1400000US36081016600,"Census Tract 166, Queens County, New York",Queens,657400,91987
1400000US36081016800,"Census Tract 168, Queens County, New York",Queens,754100,93105
1400000US36081016900,"Census Tract 169, Queens County, New York",Queens,626900,242379
1400000US36081017000,"Census Tract 170, Queens County, New York",Queens,647900,64311
1400000US36081017101,"Census Tract 171.01, Queens County, New York",Queens,-666666666,-222222222
1400000US36081017102,"Census Tract 171.02, Queens County, New York",Queens,-666666666,-222222222
1400000US36081017200,"Census Tract 172, Queens County, New York",Queens,683100,67262
1400000US36081017400,"Census Tract 174, Queens County, New York",Queens,685400,68216
1400000US36081017600,"Census Tract 176, Queens County, New York",Queens,652800,30257
1400000US36081017800,"Census Tract 178, Queens County, New York",Queens,728100,132978
1400000US36081017901,"Census Tract 179.01, Queens County, New York",Queens,280400,47059
1400000US36081017902,"Census Tract 179.02, Queens County, New York",Queens,-666666666,-222222222
1400000US36081018000,"Census Tract 180, Queens County, New York",Queens,553300,203969
1400000US36081018101,"Census Tract 181.01, Queens County, New York",Queens,443200,52970
1400000US36081018102,"Census Tract 181.02, Queens County, New York",Queens,454600,56041
1400000US36081018200,"Census Tract 182, Queens County, New York",Queens,633300,45073
1400000US36081018300,"Census Tract 183, Queens County, New York",Queens,881100,260145
1400000US36081018401,"Census Tract 184.01, Queens County, New York",Queens,627200,53546
1400000US36081018402,"Census Tract 184.02, Queens County, New York",Queens,649600,26165
1400000US36081018501,"Census Tract 185.01, Queens County, New York",Queens,472100,76539
1400000US36081018502,"Census Tract 185.02, Queens County, New York",Queens,426500,37214
1400000US36081018600,"Census Tract 186, Queens County, New York",Queens,682100,51393
1400000US36081018700,"Census Tract 187, Queens County, New York",Queens,865800,115498
1400000US36081018800,"Census Tract 188, Queens County, New York",Queens,593800,179479
1400000US36081018900,"Census Tract 189, Queens County, New York",Queens,911200,149505
1400000US36081019000,"Census Tract 190, Queens County, New York",Queens,570000,49629
1400000US36081019200,"Census Tract 192, Queens County, New York",Queens,600800,34707
1400000US36081019400,"Census Tract 194, Queens County, New York",Queens,621300,29699
1400000US36081019600,"Census Tract 196, Queens County, New York",Queens,640800,80582
1400000US36081019800,"Census Tract 198, Queens County, New York",Queens,566000,183201
1400000US36081019901,"Census Tract 199.01, Queens County, New York",Queens,820300,142013
1400000US36081019902,"Census Tract 199.02, Queens County, New York",Queens,-666666666,-222222222
1400000US36081019903,"Census Tract 199.03, Queens County, New York",Queens,-666666666,-222222222
1400000US36081020200,"Census Tract 202, Queens County, New York",Queens,691300,55745
1400000US36081020400,"Census Tract 204, Queens County, New York",Queens,689000,114159
1400000US36081020500,"Census Tract 205, Queens County, New York",Queens,769200,192586
1400000US36081020600,"Census Tract 206, Queens County, New York",Queens,695300,122647
1400000US36081020800,"Census Tract 208, Queens County, New York",Queens,920500,184980
1400000US36081021200,"Census Tract 212, Queens County, New York",Queens,853300,46853
1400000US36081021400,"Census Tract 214, Queens County, New York",Queens,668500,132479
1400000US36081021601,"Census Tract 216.01, Queens County, New York",Queens,318800,37399
1400000US36081021602,"Census Tract 216.02, Queens County, New York",Queens,601200,85319
1400000US36081021603,"Census Tract 216.03, Queens County, New York",Queens,-666666666,-222222222
1400000US36081021900,"Census Tract 219, Queens County, New York",Queens,-666666666,-222222222
1400000US36081022001,"Census Tract 220.01, Queens County, New York",Queens,305000,65630
1400000US36081022002,"Census Tract 220.02, Queens County, New York",Queens,370700,94110
1400000US36081022900,"Census Tract 229, Queens County, New York",Queens,-666666666,-222222222
1400000US36081023000,"Census Tract 230, Queens County, New York",Queens,915600,83956
1400000US36081023200,"Census Tract 232, Queens County, New York",Queens,699700,143930
1400000US36081023501,"Census Tract 235.01, Queens County, New York",Queens,921100,132519
1400000US36081023502,"Census Tract 235.02, Queens County, New York",Queens,-666666666,-222222222
1400000US36081023600,"Census Tract 236, Queens County, New York",Queens,1030800,132769
1400000US36081023800,"Census Tract 238, Queens County, New York",Queens,617600,103378
1400000US36081024000,"Census Tract 240, Queens County, New York",Queens,-666666666,-222222222
1400000US36081024300,"Census Tract 243, Queens County, New York",Queens,921100,44251
1400000US36081024500,"Census Tract 245, Queens County, New York",Queens,700500,260415
1400000US36081024600,"Census Tract 246, Queens County, New York",Queens,-666666666,-222222222
1400000US36081024700,"Census Tract 247, Queens County, New York",Queens,894200,83194
1400000US36081024900,"Census Tract 249, Queens County, New York",Queens,702200,452839
1400000US36081025100,"Census Tract 251, Queens County, New York",Queens,462100,90965
1400000US36081025301,"Census Tract 253.01, Queens County, New York",Queens,568100,121150
1400000US36081025302,"Census Tract 253.02, Queens County, New York",Queens,400000,169960
1400000US36081025401,"Census Tract 254.01, Queens County, New York",Queens,458400,230926
1400000US36081025402,"Census Tract 254.02, Queens County, New York",Queens,798000,143957
1400000US36081025500,"Census Tract 255, Queens County, New York",Queens,957200,111611
1400000US36081025700,"Census Tract 257, Queens County, New York",Queens,-666666666,-222222222
1400000US36081025800,"Census Tract 258, Queens County, New York",Queens,704600,63552
1400000US36081025900,"Census Tract 259, Queens County, New York",Queens,693200,357896
1400000US36081026000,"Census Tract 260, Queens County, New York",Queens,801700,128006
1400000US36081026100,"Census Tract 261, Queens County, New York",Queens,742200,485277
1400000US36081026200,"Census Tract 262, Queens County, New York",Queens,739100,114117
1400000US36081026300,"Census Tract 263, Queens County, New York",Queens,655900,354693
1400000US36081026400,"Census Tract 264, Queens County, New York",Queens,616900,19543
1400000US36081026501,"Census Tract 265.01, Queens County, New York",Queens,-666666666,-222222222
1400000US36081026502,"Census Tract 265.02, Queens County, New York",Queens,735300,184408
1400000US36081026600,"Census Tract 266, Queens County, New York",Queens,635600,46438
1400000US36081026700,"Census Tract 267, Queens County, New York",Queens,-666666666,-222222222
1400000US36081026901,"Census Tract 269.01, Queens County, New York",Queens,564800,352193
1400000US36081026902,"Census Tract 269.02, Queens County, New York",Queens,474100,76953
1400000US36081027000,"Census Tract 270, Queens County, New York",Queens,633500,50521
1400000US36081027101,"Census Tract 271.01, Queens County, New York",Queens,799300,303814
1400000US36081027102,"Census Tract 271.02, Queens County, New York",Queens,-666666666,-222222222
1400000US36081027200,"Census Tract 272, Queens County, New York",Queens,530100,97431
1400000US36081027301,"Census Tract 273.01, Queens County, New York",Queens,1072600,381163
1400000US36081027302,"Census Tract 273.02, Queens County, New York",Queens,382200,71091
1400000US36081027400,"Census Tract 274, Queens County, New York",Queens,613700,103602
1400000US36081027500,"Census Tract 275, Queens County, New York",Queens,300400,40996
1400000US36081027600,"Census Tract 276, Queens County, New York",Queens,686900,83857
1400000US36081027701,"Census Tract 277.01, Queens County, New York",Queens,407900,302779
1400000US36081027702,"Census Tract 277.02, Queens County, New York",Queens,339300,24594
1400000US36081027800,"Census Tract 278, Queens County, New York",Queens,605800,71584
1400000US36081027900,"Census Tract 279, Queens County, New York",Queens,490700,116734
1400000US36081028000,"Census Tract 280, Queens County, New York",Queens,594500,50455
1400000US36081028100,"Census Tract 281, Queens County, New York",Queens,489200,55190
1400000US36081028200,"Census Tract 282, Queens County, New York",Queens,656300,54986
1400000US36081028300,"Census Tract 283, Queens County, New York",Queens,385200,38644
1400000US36081028400,"Census Tract 284, Queens County, New York",Queens,609300,52963
1400000US36081028500,"Census Tract 285, Queens County, New York",Queens,733800,103820
1400000US36081028700,"Census Tract 287, Queens County, New York",Queens,614100,117252
1400000US36081028801,"Census Tract 288.01, Queens County, New York",Queens,554200,60841
1400000US36081028802,"Census Tract 288.02, Queens County, New York",Queens,658100,83308
1400000US36081028803,"Census Tract 288.03, Queens County, New York",Queens,-666666666,-222222222
1400000US36081028900,"Census Tract 289, Queens County, New York",Queens,628100,107874
1400000US36081029100,"Census Tract 291, Queens County, New York",Queens,562500,195989
1400000US36081029300,"Census Tract 293, Queens County, New York",Queens,876200,27205
1400000US36081029400,"Census Tract 294, Queens County, New York",Queens,631600,78589
1400000US36081029500,"Census Tract 295, Queens County, New York",Queens,374500,18034
1400000US36081029700,"Census Tract 297, Queens County, New York",Queens,908600,45015
1400000US36081029900,"Census Tract 299, Queens County, New York",Queens,-666666666,-222222222
1400000US36081030600,"Census Tract 306, Queens County, New York",Queens,660900,93574
1400000US36081030903,"Census Tract 309.03, Queens County, New York",Queens,878300,34147
1400000US36081030904,"Census Tract 309.04, Queens County, New York",Queens,889300,68296
1400000US36081030905,"Census Tract 309.05, Queens County, New York",Queens,933000,90718
1400000US36081030906,"Census Tract 309.06, Queens County, New York",Queens,783600,240294
1400000US36081031700,"Census Tract 317, Queens County, New York",Queens,640800,126064
1400000US36081032000,"Census Tract 320, Queens County, New York",Queens,680400,58193
1400000US36081032700,"Census Tract 327, Queens County, New York",Queens,895700,38543
1400000US36081032800,"Census Tract 328, Queens County, New York",Queens,759600,62015
1400000US36081032900,"Census Tract 329, Queens County, New York",Queens,845300,32744
1400000US36081033000,"Census Tract 330, Queens County, New York",Queens,674800,39141
1400000US36081033100,"Census Tract 331, Queens County, New York",Queens,-666666666,-222222222
1400000US36081033401,"Census Tract 334.01, Queens County, New York",Queens,669200,71687
1400000US36081033403,"Census Tract 334.03, Queens County, New York",Queens,-666666666,-222222222
1400000US36081033404,"Census Tract 334.04, Queens County, New York",Queens,9999,-333333333
1400000US36081033405,"Census Tract 334.05, Queens County, New York",Queens,-666666666,-222222222
1400000US36081033700,"Census Tract 337, Queens County, New York",Queens,681000,220686
1400000US36081033900,"Census Tract 339, Queens County, New York",Queens,346500,58060
1400000US36081034700,"Census Tract 347, Queens County, New York",Queens,806500,110598
1400000US36081035100,"Census Tract 351, Queens County, New York",Queens,315300,33393
1400000US36081035200,"Census Tract 352, Queens County, New York",Queens,617600,53655
1400000US36081035300,"Census Tract 353, Queens County, New York",Queens,1022800,191978
1400000US36081035700,"Census Tract 357, Queens County, New York",Queens,826200,81337
1400000US36081035800,"Census Tract 358, Queens County, New York",Queens,701800,55244
1400000US36081036100,"Census Tract 361, Queens County, New York",Queens,883400,66742
1400000US36081036300,"Census Tract 363, Queens County, New York",Queens,855600,120052
1400000US36081036500,"Census Tract 365, Queens County, New York",Queens,679400,111967
1400000US36081036600,"Census Tract 366, Queens County, New York",Queens,651700,31994
1400000US36081036700,"Census Tract 367, Queens County, New York",Queens,856100,208313
1400000US36081036800,"Census Tract 368, Queens County, New York",Queens,610700,26303
1400000US36081037100,"Census Tract 371, Queens County, New York",Queens,838400,108407
1400000US36081037300,"Census Tract 373, Queens County, New York",Queens,880000,108466
1400000US36081037501,"Census Tract 375.01, Queens County, New York",Queens,621200,105775
1400000US36081037502,"Census Tract 375.02, Queens County, New York",Queens,-666666666,-222222222
1400000US36081037600,"Census Tract 376, Queens County, New York",Queens,640000,24374
1400000US36081037700,"Census Tract 377, Queens County, New York",Queens,611400,100586
1400000US36081037900,"Census Tract 379, Queens County, New York",Queens,777600,238415
1400000US36081038100,"Census Tract 381, Queens County, New York",Queens,371900,290980
1400000US36081038301,"Census Tract 383.01, Queens County, New York",Queens,-666666666,-222222222
1400000US36081038302,"Census Tract 383.02, Queens County, New York",Queens,-666666666,-222222222
1400000US36081038400,"Census Tract 384, Queens County, New York",Queens,636100,39349
1400000US36081039400,"Census Tract 394, Queens County, New York",Queens,696400,54620
1400000US36081039800,"Census Tract 398, Queens County, New York",Queens,664700,48551
1400000US36081039901,"Census Tract 399.01, Queens County, New York",Queens,1004300,187701
1400000US36081039902,"Census Tract 399.02, Queens County, New York",Queens,489300,126955
1400000US36081040000,"Census Tract 400, Queens County, New York",Queens,711900,73399
1400000US36081040101,"Census Tract 401.01, Queens County, New York",Queens,-666666666,-222222222
1400000US36081040102,"Census Tract 401.02, Queens County, New York",Queens,-666666666,-222222222
1400000US36081040200,"Census Tract 402, Queens County, New York",Queens,707800,58850
1400000US36081040301,"Census Tract 403.01, Queens County, New York",Queens,804900,262742
1400000US36081040302,"Census Tract 403.02, Queens County, New York",Queens,446100,309292
1400000US36081040400,"Census Tract 404, Queens County, New York",Queens,638100,25052
1400000US36081040501,"Census Tract 405.01, Queens County, New York",Queens,569400,524678
1400000US36081040502,"Census Tract 405.02, Queens County, New York",Queens,1042700,198412
1400000US36081040701,"Census Tract 407.01, Queens County, New York",Queens,635900,550256
1400000US36081040702,"Census Tract 407.02, Queens County, New York",Queens,1104200,97456
1400000US36081040901,"Census Tract 409.01, Queens County, New York",Queens,716500,652205
1400000US36081040902,"Census Tract 409.02, Queens County, New York",Queens,734800,356973
1400000US36081041100,"Census Tract 411, Queens County, New York",Queens,871100,60894
1400000US36081041300,"Census Tract 413, Queens County, New York",Queens,841900,147297
1400000US36081041400,"Census Tract 414, Queens County, New York",Queens,628500,74448
1400000US36081041500,"Census Tract 415, Queens County, New York",Queens,650400,511640
1400000US36081042400,"Census Tract 424, Queens County, New York",Queens,697600,44598
1400000US36081042600,"Census Tract 426, Queens County, New York",Queens,-666666666,-222222222
1400000US36081042700,"Census Tract 427, Queens County, New York",Queens,1056400,342613
1400000US36081043200,"Census Tract 432, Queens County, New York",Queens,834500,68512
1400000US36081043400,"Census Tract 434, Queens County, New York",Queens,619000,33677
1400000US36081043701,"Census Tract 437.01, Queens County, New York",Queens,540400,268387
1400000US36081043702,"Census Tract 437.02, Queens County, New York",Queens,388000,110757
1400000US36081043900,"Census Tract 439, Queens County, New York",Queens,755700,470456
1400000US36081044000,"Census Tract 440, Queens County, New York",Queens,639000,37214
1400000US36081044301,"Census Tract 443.01, Queens County, New York",Queens,625000,542522
1400000US36081044302,"Census Tract 443.02, Queens County, New York",Queens,769600,116181
1400000US36081044400,"Census Tract 444, Queens County, New York",Queens,665700,107569
1400000US36081044601,"Census Tract 446.01, Queens County, New York",Queens,799100,234903
1400000US36081044602,"Census Tract 446.02, Queens County, New York",Queens,764500,521124
1400000US36081044800,"Census Tract 448, Queens County, New York",Queens,919600,86610
1400000US36081045000,"Census Tract 450, Queens County, New York",Queens,821300,51294
1400000US36081045200,"Census Tract 452, Queens County, New York",Queens,882400,80827
1400000US36081045400,"Census Tract 454, Queens County, New York",Queens,769700,767411
1400000US36081045500,"Census Tract 455, Queens County, New York",Queens,-666666666,-222222222
1400000US36081045600,"Census Tract 456, Queens County, New York",Queens,946100,108824
1400000US36081045700,"Census Tract 457, Queens County, New York",Queens,1017900,385803
1400000US36081045800,"Census Tract 458, Queens County, New York",Queens,1056500,126762
1400000US36081045900,"Census Tract 459, Queens County, New York",Queens,755200,180134
1400000US36081046000,"Census Tract 460, Queens County, New York",Queens,803600,644573
1400000US36081046100,"Census Tract 461, Queens County, New York",Queens,1162000,274754
1400000US36081046200,"Census Tract 462, Queens County, New York",Queens,623400,146962
1400000US36081046300,"Census Tract 463, Queens County, New York",Queens,892600,120699
1400000US36081046400,"Census Tract 464, Queens County, New York",Queens,1300000,225723
1400000US36081046500,"Census Tract 465, Queens County, New York",Queens,920700,656953
1400000US36081046600,"Census Tract 466, Queens County, New York",Queens,382400,195328
1400000US36081046700,"Census Tract 467, Queens County, New York",Queens,754200,513848
1400000US36081046800,"Census Tract 468, Queens County, New York",Queens,809900,57207
1400000US36081046901,"Census Tract 469.01, Queens County, New York",Queens,533100,220448
1400000US36081046902,"Census Tract 469.02, Queens County, New York",Queens,524000,150117
1400000US36081047000,"Census Tract 470, Queens County, New York",Queens,749300,65272
1400000US36081047100,"Census Tract 471, Queens County, New York",Queens,660700,422822
1400000US36081047200,"Census Tract 472, Queens County, New York",Queens,1044700,96273
1400000US36081047300,"Census Tract 473, Queens County, New York",Queens,450000,61378
1400000US36081047500,"Census Tract 475, Queens County, New York",Queens,941600,71431
1400000US36081047600,"Census Tract 476, Queens County, New York",Queens,1131000,66321
1400000US36081047801,"Census Tract 478.01, Queens County, New York",Queens,276900,55240
1400000US36081047802,"Census Tract 478.02, Queens County, New York",Queens,788600,65829
1400000US36081047900,"Census Tract 479, Queens County, New York",Queens,989900,124557
1400000US36081048000,"Census Tract 480, Queens County, New York",Queens,720700,109189
1400000US36081048100,"Census Tract 481, Queens County, New York",Queens,684500,211392
1400000US36081048200,"Census Tract 482, Queens County, New York",Queens,877200,60342
1400000US36081048301,"Census Tract 483.01, Queens County, New York",Queens,1083700,221493
1400000US36081048302,"Census Tract 483.02, Queens County, New York",Queens,941200,467585
1400000US36081048400,"Census Tract 484, Queens County, New York",Queens,715600,55083
1400000US36081048500,"Census Tract 485, Queens County, New York",Queens,552200,103861
1400000US36081048900,"Census Tract 489, Queens County, New York",Queens,864900,27638
1400000US36081049201,"Census Tract 492.01, Queens County, New York",Queens,806700,165553
1400000US36081049202,"Census Tract 492.02, Queens County, New York",Queens,748100,103668
1400000US36081049301,"Census Tract 493.01, Queens County, New York",Queens,892900,69981
1400000US36081049302,"Census Tract 493.02, Queens County, New York",Queens,687500,316171
1400000US36081049500,"Census Tract 495, Queens County, New York",Queens,838700,131225
1400000US36081049600,"Census Tract 496, Queens County, New York",Queens,634600,23014
1400000US36081049700,"Census Tract 497, Queens County, New York",Queens,901800,103392
1400000US36081049900,"Census Tract 499, Queens County, New York",Queens,917000,76770
1400000US36081050000,"Census Tract 500, Queens County, New York",Queens,970400,163778
1400000US36081050201,"Census Tract 502.01, Queens County, New York",Queens,741400,117317
1400000US36081050202,"Census Tract 502.02, Queens County, New York",Queens,675600,79020
1400000US36081050400,"Census Tract 504, Queens County, New York",Queens,660800,57041
1400000US36081050500,"Census Tract 505, Queens County, New York",Queens,951200,143417
1400000US36081050600,"Census Tract 506, Queens County, New York",Queens,635400,38875
1400000US36081050700,"Census Tract 507, Queens County, New York",Queens,897400,50058
1400000US36081050800,"Census Tract 508, Queens County, New York",Queens,631200,60860
1400000US36081051000,"Census Tract 510, Queens County, New York",Queens,653700,35894
1400000US36081051100,"Census Tract 511, Queens County, New York",Queens,872200,43081
1400000US36081051200,"Census Tract 512, Queens County, New York",Queens,645600,43854
1400000US36081051300,"Census Tract 513, Queens County, New York",Queens,880100,61018
1400000US36081051500,"Census Tract 515, Queens County, New York",Queens,632100,162102
1400000US36081051600,"Census Tract 516, Queens County, New York",Queens,645200,61707
1400000US36081051700,"Census Tract 517, Queens County, New York",Queens,760100,94628
1400000US36081051800,"Census Tract 518, Queens County, New York",Queens,615600,15257
1400000US36081052000,"Census Tract 520, Queens County, New York",Queens,638700,21214
1400000US36081052100,"Census Tract 521, Queens County, New York",Queens,868200,115607
1400000US36081052200,"Census Tract 522, Queens County, New York",Queens,613700,45479
1400000US36081052400,"Census Tract 524, Queens County, New York",Queens,637000,36383
1400000US36081052500,"Census Tract 525, Queens County, New York",Queens,852800,52964
1400000US36081052600,"Census Tract 526, Queens County, New York",Queens,660800,39177
1400000US36081052800,"Census Tract 528, Queens County, New York",Queens,708100,69435
1400000US36081053000,"Census Tract 530, Queens County, New York",Queens,599100,27979
1400000US36081053100,"Census Tract 531, Queens County, New York",Queens,805600,91561
1400000US36081053200,"Census Tract 532, Queens County, New York",Queens,632700,47638
1400000US36081053401,"Census Tract 534.01, Queens County, New York",Queens,615700,25913
1400000US36081053501,"Census Tract 535.01, Queens County, New York",Queens,654300,67801
1400000US36081053502,"Census Tract 535.02, Queens County, New York",Queens,-666666666,-222222222
1400000US36081053601,"Census Tract 536.01, Queens County, New York",Queens,637700,17598
1400000US36081053800,"Census Tract 538, Queens County, New York",Queens,669900,57567
1400000US36081053901,"Census Tract 539.01, Queens County, New York",Queens,954000,216858
1400000US36081053902,"Census Tract 539.02, Queens County, New York",Queens,-666666666,-222222222
1400000US36081054000,"Census Tract 540, Queens County, New York",Queens,738800,100645
1400000US36081054200,"Census Tract 542, Queens County, New York",Queens,716700,69845
1400000US36081054500,"Census Tract 545, Queens County, New York",Queens,853900,133892
1400000US36081054700,"Census Tract 547, Queens County, New York",Queens,1757200,1364072
1400000US36081054800,"Census Tract 548, Queens County, New York",Queens,669200,26999
1400000US36081054900,"Census Tract 549, Queens County, New York",Queens,1567100,128794
1400000US36081055100,"Census Tract 551, Queens County, New York",Queens,849300,226173
1400000US36081055200,"Census Tract 552, Queens County, New York",Queens,732700,98756
1400000US36081055300,"Census Tract 553, Queens County, New York",Queens,916700,550403
1400000US36081055400,"Census Tract 554, Queens County, New York",Queens,685600,48777
1400000US36081055500,"Census Tract 555, Queens County, New York",Queens,721500,150083
1400000US36081055600,"Census Tract 556, Queens County, New York",Queens,694200,60341
1400000US36081055700,"Census Tract 557, Queens County, New York",Queens,834700,84788
1400000US36081055800,"Census Tract 558, Queens County, New York",Queens,754500,99309
1400000US36081055900,"Census Tract 559, Queens County, New York",Queens,886400,402022
1400000US36081056000,"Census Tract 560, Queens County, New York",Queens,680400,38973
1400000US36081056100,"Census Tract 561, Queens County, New York",Queens,-666666666,-222222222
1400000US36081056200,"Census Tract 562, Queens County, New York",Queens,645700,23489
1400000US36081056400,"Census Tract 564, Queens County, New York",Queens,615600,67769
1400000US36081056500,"Census Tract 565, Queens County, New York",Queens,961400,95440
1400000US36081056600,"Census Tract 566, Queens County, New York",Queens,721600,60528
1400000US36081056700,"Census Tract 567, Queens County, New York",Queens,830500,64923
1400000US36081056800,"Census Tract 568, Queens County, New York",Queens,713100,64083
1400000US36081057700,"Census Tract 577, Queens County, New York",Queens,1021500,180909
1400000US36081057900,"Census Tract 579, Queens County, New York",Queens,841700,97035
1400000US36081058000,"Census Tract 580, Queens County, New York",Queens,627700,31300
1400000US36081058100,"Census Tract 581, Queens County, New York",Queens,911100,134821
1400000US36081058200,"Census Tract 582, Queens County, New York",Queens,659100,48863
1400000US36081058300,"Census Tract 583, Queens County, New York",Queens,1037500,129363
1400000US36081058500,"Census Tract 585, Queens County, New York",Queens,1105300,562441
1400000US36081058700,"Census Tract 587, Queens County, New York",Queens,1107000,31839
1400000US36081058900,"Census Tract 589, Queens County, New York",Queens,1229800,299396
1400000US36081059000,"Census Tract 590, Queens County, New York",Queens,663100,50803
1400000US36081059100,"Census Tract 591, Queens County, New York",Queens,1429200,394913
1400000US36081059200,"Census Tract 592, Queens County, New York",Queens,753300,90353
1400000US36081059300,"Census Tract 593, Queens County, New York",Queens,874100,146562
1400000US36081059400,"Census Tract 594, Queens County, New York",Queens,620600,33537
1400000US36081059501,"Census Tract 595.01, Queens County, New York",Queens,771600,309597
1400000US36081059502,"Census Tract 595.02, Queens County, New York",Queens,965700,117296
1400000US36081059600,"Census Tract 596, Queens County, New York",Queens,632600,30137
1400000US36081059800,"Census Tract 598, Queens County, New York",Queens,657300,55541
1400000US36081059900,"Census Tract 599, Queens County, New York",Queens,884200,33590
1400000US36081060000,"Census Tract 600, Queens County, New York",Queens,626300,16909
1400000US36081060100,"Census Tract 601, Queens County, New York",Queens,875500,36707
1400000US36081060300,"Census Tract 603, Queens County, New York",Queens,844500,33533
1400000US36081060600,"Census Tract 606, Queens County, New York",Queens,668400,90621
1400000US36081060701,"Census Tract 607.01, Queens County, New York",Queens,-666666666,-222222222
1400000US36081060800,"Census Tract 608, Queens County, New York",Queens,656100,31685
1400000US36081061000,"Census Tract 610, Queens County, New York",Queens,619700,31480
1400000US36081061200,"Census Tract 612, Queens County, New York",Queens,673300,29376
1400000US36081061301,"Census Tract 613.01, Queens County, New York",Queens,750000,181627
1400000US36081061302,"Census Tract 613.02, Queens County, New York",Queens,-666666666,-222222222
1400000US36081061400,"Census Tract 614, Queens County, New York",Queens,630200,25136
1400000US36081061601,"Census Tract 616.01, Queens County, New York",Queens,605900,26956
1400000US36081061602,"Census Tract 616.02, Queens County, New York",Queens,676300,46337
1400000US36081061800,"Census Tract 618, Queens County, New York",Queens,513100,239863
1400000US36081061900,"Census Tract 619, Queens County, New York",Queens,947200,126546
1400000US36081062000,"Census Tract 620, Queens County, New York",Queens,605600,39600
1400000US36081062100,"Census Tract 621, Queens County, New York",Queens,885800,106136
1400000US36081062200,"Census Tract 622, Queens County, New York",Queens,672500,35609
1400000US36081062300,"Census Tract 623, Queens County, New York",Queens,756100,149348
1400000US36081062400,"Census Tract 624, Queens County, New York",Queens,-666666666,-222222222
1400000US36081062500,"Census Tract 625, Queens County, New York",Queens,678300,88404
1400000US36081062600,"Census Tract 626, Queens County, New York",Queens,628600,27799
1400000US36081062700,"Census Tract 627, Queens County, New York",Queens,703100,97836
1400000US36081062900,"Census Tract 629, Queens County, New York",Queens,966300,92120
1400000US36081063000,"Census Tract 630, Queens County, New York",Queens,605800,60090
1400000US36081063200,"Census Tract 632, Queens County, New York",Queens,638600,27827
1400000US36081063301,"Census Tract 633.01, Queens County, New York",Queens,822600,48700
1400000US36081063302,"Census Tract 633.02, Queens County, New York",Queens,811100,63331
1400000US36081063500,"Census Tract 635, Queens County, New York",Queens,860900,41422
1400000US36081063700,"Census Tract 637, Queens County, New York",Queens,869700,44418
1400000US36081063800,"Census Tract 638, Queens County, New York",Queens,689900,59739
1400000US36081063900,"Census Tract 639, Queens County, New York",Queens,455900,51980
1400000US36081064101,"Census Tract 641.01, Queens County, New York",Queens,305300,24842
1400000US36081064102,"Census Tract 641.02, Queens County, New York",Queens,-666666666,-222222222
1400000US36081064500,"Census Tract 645, Queens County, New York",Queens,965900,72535
1400000US36081064600,"Census Tract 646, Queens County, New York",Queens,711500,47189
1400000US36081065000,"Census Tract 650, Queens County, New York",Queens,728600,65839
1400000US36081065401,"Census Tract 654.01, Queens County, New York",Queens,644200,43602
1400000US36081065402,"Census Tract 654.02, Queens County, New York",Queens,-666666666,-222222222
1400000US36081065501,"Census Tract 655.01, Queens County, New York",Queens,-666666666,-222222222
1400000US36081065600,"Census Tract 656, Queens County, New York",Queens,675200,70063
1400000US36081065702,"Census Tract 657.02, Queens County, New York",Queens,811300,73016
1400000US36081065703,"Census Tract 657.03, Queens County, New York",Queens,916300,42338
1400000US36081065900,"Census Tract 659, Queens County, New York",Queens,843600,44404
1400000US36081066000,"Census Tract 660, Queens County, New York",Queens,574000,40686
1400000US36081066100,"Census Tract 661, Queens County, New York",Queens,854400,36725
1400000US36081066301,"Census Tract 663.01, Queens County, New York",Queens,894600,35076
1400000US36081066302,"Census Tract 663.02, Queens County, New York",Queens,-666666666,-222222222
1400000US36081066401,"Census Tract 664.01, Queens County, New York",Queens,695600,92999
1400000US36081066402,"Census Tract 664.02, Queens County, New York",Queens,787200,77522
1400000US36081066403,"Census Tract 664.03, Queens County, New York",Queens,760200,66253
1400000US36081066404,"Census Tract 664.04, Queens County, New York",Queens,-666666666,-222222222
1400000US36081066501,"Census Tract 665.01, Queens County, New York",Queens,921100,111875
1400000US36081066701,"Census Tract 667.01, Queens County, New York",Queens,858300,42463
1400000US36081066900,"Census Tract 669, Queens County, New York",Queens,1001000,78166
1400000US36081067100,"Census Tract 671, Queens County, New York",Queens,879200,18543
1400000US36081067700,"Census Tract 677, Queens County, New York",Queens,920300,44989
1400000US36081067900,"Census Tract 679, Queens County, New York",Queens,920500,93111
1400000US36081068000,"Census Tract 680, Queens County, New York",Queens,644700,50031
1400000US36081068200,"Census Tract 682, Queens County, New York",Queens,693900,88897
1400000US36081068300,"Census Tract 683, Queens County, New York",Queens,472400,82531
1400000US36081068700,"Census Tract 687, Queens County, New York",Queens,785200,401292
1400000US36081069000,"Census Tract 690, Queens County, New York",Queens,718500,87031
1400000US36081069300,"Census Tract 693, Queens County, New York",Queens,487500,122039
1400000US36081069400,"Census Tract 694, Queens County, New York",Queens,660600,69036
1400000US36081069500,"Census Tract 695, Queens County, New York",Queens,837700,69740
1400000US36081069701,"Census Tract 697.01, Queens County, New York",Queens,387000,90828
1400000US36081069702,"Census Tract 697.02, Queens County, New York",Queens,978400,161880
1400000US36081070300,"Census Tract 703, Queens County, New York",Queens,829500,69129
1400000US36081070700,"Census Tract 707, Queens County, New York",Queens,978400,69053
1400000US36081070900,"Census Tract 709, Queens County, New York",Queens,937500,210762
1400000US36081071100,"Census Tract 711, Queens County, New York",Queens,518000,178827
1400000US36081071303,"Census Tract 713.03, Queens County, New York",Queens,366000,25966
1400000US36081071304,"Census Tract 713.04, Queens County, New York",Queens,430200,86667
1400000US36081071305,"Census Tract 713.05, Queens County, New York",Queens,483600,57370
1400000US36081071306,"Census Tract 713.06, Queens County, New York",Queens,398700,49921
1400000US36081071600,"Census Tract 716, Queens County, New York",Queens,-666666666,-222222222
1400000US36081071701,"Census Tract 717.01, Queens County, New York",Queens,386900,69410
1400000US36081071702,"Census Tract 717.02, Queens County, New York",Queens,383600,57310
1400000US36081071900,"Census Tract 719, Queens County, New York",Queens,869900,35546
1400000US36081072100,"Census Tract 721, Queens County, New York",Queens,399300,38553
1400000US36081072300,"Census Tract 723, Queens County, New York",Queens,1592500,333029
1400000US36081072900,"Census Tract 729, Queens County, New York",Queens,1100000,47530
1400000US36081073100,"Census Tract 731, Queens County, New York",Queens,1264900,93518
1400000US36081073700,"Census Tract 737, Queens County, New York",Queens,840000,553611
1400000US36081073900,"Census Tract 739, Queens County, New York",Queens,515800,150090
1400000US36081074100,"Census Tract 741, Queens County, New York",Queens,379300,31769
1400000US36081074300,"Census Tract 743, Queens County, New York",Queens,466300,50358
1400000US36081074500,"Census Tract 745, Queens County, New York",Queens,617600,136242
1400000US36081074700,"Census Tract 747, Queens County, New York",Queens,745800,436715
1400000US36081074900,"Census Tract 749, Queens County, New York",Queens,1796700,184677
1400000US36081075701,"Census Tract 757.01, Queens County, New York",Queens,457100,29969
1400000US36081075702,"Census Tract 757.02, Queens County, New York",Queens,500800,103802
1400000US36081076901,"Census Tract 769.01, Queens County, New York",Queens,459400,59629
1400000US36081076902,"Census Tract 769.02, Queens County, New York",Queens,1071400,959947
1400000US36081077300,"Census Tract 773, Queens County, New York",Queens,369600,24513
1400000US36081077500,"Census Tract 775, Queens County, New York",Queens,810200,387905
1400000US36081077902,"Census Tract 779.02, Queens County, New York",Queens,933900,52745
1400000US36081077903,"Census Tract 779.03, Queens County, New York",Queens,365900,95505
1400000US36081077904,"Census Tract 779.04, Queens County, New York",Queens,711900,270293
1400000US36081077905,"Census Tract 779.05, Queens County, New York",Queens,310800,39120
1400000US36081077906,"Census Tract 779.06, Queens County, New York",Queens,329000,43189
1400000US36081077907,"Census Tract 779.07, Queens County, New York",Queens,945600,161198
1400000US36081077908,"Census Tract 779.08, Queens County, New York",Queens,-666666666,-222222222
1400000US36081078800,"Census Tract 788, Queens County, New York",Queens,614000,83878
1400000US36081079000,"Census Tract 790, Queens County, New York",Queens,728300,69816
1400000US36081079200,"Census Tract 792, Queens County, New York",Queens,681200,123335
1400000US36081079300,"Census Tract 793, Queens County, New York",Queens,-666666666,-222222222
1400000US36081079701,"Census Tract 797.01, Queens County, New York",Queens,508300,100170
1400000US36081079702,"Census Tract 797.02, Queens County, New York",Queens,531300,178687
1400000US36081079900,"Census Tract 799, Queens County, New York",Queens,1017600,247573
1400000US36081080301,"Census Tract 803.01, Queens County, New York",Queens,954900,391696
1400000US36081080302,"Census Tract 803.02, Queens County, New York",Queens,916200,47925
1400000US36081080900,"Census Tract 809, Queens County, New York",Queens,330700,44612
1400000US36081081400,"Census Tract 814, Queens County, New York",Queens,624600,75319
1400000US36081081800,"Census Tract 818, Queens County, New York",Queens,635800,67497
1400000US36081083700,"Census Tract 837, Queens County, New York",Queens,925200,34466
1400000US36081083800,"Census Tract 838, Queens County, New York",Queens,709900,58489
1400000US36081084000,"Census Tract 840, Queens County, New York",Queens,734000,72986
1400000US36081084500,"Census Tract 845, Queens County, New York",Queens,625000,454504
1400000US36081084601,"Census Tract 846.01, Queens County, New York",Queens,846400,47378
1400000US36081084602,"Census Tract 846.02, Queens County, New York",Queens,729200,162589
1400000US36081084901,"Census Tract 849.01, Queens County, New York",Queens,803600,129173
1400000US36081084902,"Census Tract 849.02, Queens County, New York",Queens,501600,70248
1400000US36081085300,"Census Tract 853, Queens County, New York",Queens,595400,139154
1400000US36081085500,"Census Tract 855, Queens County, New York",Queens,321700,49656
1400000US36081085700,"Census Tract 857, Queens County, New York",Queens,599100,70121
1400000US36081085900,"Census Tract 859, Queens County, New York",Queens,437700,26991
1400000US36081086100,"Census Tract 861, Queens County, New York",Queens,479800,92621
1400000US36081086300,"Census Tract 863, Queens County, New York",Queens,400400,101710
1400000US36081086400,"Census Tract 864, Queens County, New York",Queens,677500,38017
1400000US36081086500,"Census Tract 865, Queens County, New York",Queens,535400,171928
1400000US36081086900,"Census Tract 869, Queens County, New York",Queens,920500,170553
1400000US36081087100,"Census Tract 871, Queens County, New York",Queens,866500,235512
1400000US36081088400,"Census Tract 884, Queens County, New York",Queens,804300,62283
1400000US36081088902,"Census Tract 889.02, Queens County, New York",Queens,372700,30013
1400000US36081088903,"Census Tract 889.03, Queens County, New York",Queens,368600,18991
1400000US36081089201,"Census Tract 892.01, Queens County, New York",Queens,884100,28185
1400000US36081089202,"Census Tract 892.02, Queens County, New York",Queens,-666666666,-222222222
1400000US36081090700,"Census Tract 907, Queens County, New York",Queens,974700,114817
1400000US36081091602,"Census Tract 916.02, Queens County, New York",Queens,-666666666,-222222222
1400000US36081091603,"Census Tract 916.03, Queens County, New York",Queens,720200,49449
1400000US36081091604,"Census Tract 916.04, Queens County, New York",Queens,-666666666,-222222222
1400000US36081091800,"Census Tract 918, Queens County, New York",Queens,-666666666,-222222222
1400000US36081091900,"Census Tract 919, Queens County, New York",Queens,935400,98965
1400000US36081092200,"Census Tract 922, Queens County, New York",Queens,1064100,88159
1400000US36081092500,"Census Tract 925, Queens County, New York",Queens,886200,56007
1400000US36081092800,"Census Tract 928, Queens County, New York",Queens,1182000,149563
1400000US36081092900,"Census Tract 929, Queens County, New York",Queens,880000,54175
1400000US36081093401,"Census Tract 934.01, Queens County, New York",Queens,829100,49092
1400000US36081093402,"Census Tract 934.02, Queens County, New York",Queens,805300,94593
1400000US36081093800,"Census Tract 938, Queens County, New York",Queens,-666666666,-222222222
1400000US36081093900,"Census Tract 939, Queens County, New York",Queens,871900,58508
1400000US36081094201,"Census Tract 942.01, Queens County, New York",Queens,509800,131613
1400000US36081094202,"Census Tract 942.02, Queens County, New York",Queens,482000,113147
1400000US36081094203,"Census Tract 942.03, Queens County, New York",Queens,171600,148137
1400000US36081094500,"Census Tract 945, Queens County, New York",Queens,1028200,90456
1400000US36081094700,"Census Tract 947, Queens County, New York",Queens,914600,60992
1400000US36081095400,"Census Tract 954, Queens County, New York",Queens,689800,128530
1400000US36081096400,"Census Tract 964, Queens County, New York",Queens,780900,111830
1400000US36081097202,"Census Tract 972.02, Queens County, New York",Queens,-666666666,-222222222
1400000US36081097204,"Census Tract 972.04, Queens County, New York",Queens,410200,66418
1400000US36081097205,"Census Tract 972.05, Queens County, New York",Queens,-666666666,-222222222
1400000US36081097206,"Census Tract 972.06, Queens County, New York",Queens,579200,114664
1400000US36081097207,"Census Tract 972.07, Queens County, New York",Queens,-666666666,-222222222
1400000US36081097300,"Census Tract 973, Queens County, New York",Queens,1081900,78855
1400000US36081098100,"Census Tract 981, Queens County, New York",Queens,1105000,68056
1400000US36081098700,"Census Tract 987, Queens County, New York",Queens,930700,56627
1400000US36081099100,"Census Tract 991, Queens County, New York",Queens,645800,186950
1400000US36081099200,"Census Tract 992, Queens County, New York",Queens,601900,112582
1400000US36081099701,"Census Tract 997.01, Queens County, New York",Queens,382500,59940
1400000US36081099703,"Census Tract 997.03, Queens County, New York",Queens,468100,33948
1400000US36081099704,"Census Tract 997.04, Queens County, New York",Queens,445900,51434
1400000US36081099705,"Census Tract 997.05, Queens County, New York",Queens,853500,33259
1400000US36081099801,"Census Tract 998.01, Queens County, New York",Queens,652200,50779
1400000US36081099802,"Census Tract 998.02, Queens County, New York",Queens,555000,135319
1400000US36081099900,"Census Tract 999, Queens County, New York",Queens,-666666666,-222222222
1400000US36081100801,"Census Tract 1008.01, Queens County, New York",Queens,729000,96876
1400000US36081100803,"Census Tract 1008.03, Queens County, New York",Queens,646600,71944
1400000US36081100804,"Census Tract 1008.04, Queens County, New York",Queens,786100,60492
1400000US36081101002,"Census Tract 1010.02, Queens County, New York",Queens,873900,308154
1400000US36081101003,"Census Tract 1010.03, Queens County, New York",Queens,857600,136699
1400000US36081101004,"Census Tract 1010.04, Queens County, New York",Queens,630400,94410
1400000US36081101700,"Census Tract 1017, Queens County, New York",Queens,799500,105182
1400000US36081102900,"Census Tract 1029, Queens County, New York",Queens,813600,116716
1400000US36081103201,"Census Tract 1032.01, Queens County, New York",Queens,368900,289317
1400000US36081103202,"Census Tract 1032.02, Queens County, New York",Queens,713300,121579
1400000US36081103300,"Census Tract 1033, Queens County, New York",Queens,1017000,78722
1400000US36081103900,"Census Tract 1039, Queens County, New York",Queens,993900,90332
1400000US36081104700,"Census Tract 1047, Queens County, New York",Queens,752800,637903
1400000US36081105900,"Census Tract 1059, Queens County, New York",Queens,991900,68680
1400000US36081107201,"Census Tract 1072.01, Queens County, New York",Queens,569100,32523
1400000US36081107202,"Census Tract 1072.02, Queens County, New York",Queens,-666666666,-222222222
1400000US36081108500,"Census Tract 1085, Queens County, New York",Queens,1046300,130635
1400000US36081109300,"Census Tract 1093, Queens County, New York",Queens,1221300,92354
1400000US36081109700,"Census Tract 1097, Queens County, New York",Queens,934400,50727
1400000US36081109900,"Census Tract 1099, Queens County, New York",Queens,853100,27470
1400000US36081111300,"Census Tract 1113, Queens County, New York",Queens,1201400,95161
1400000US36081112300,"Census Tract 1123, Queens County, New York",Queens,1167900,240628
1400000US36081112900,"Census Tract 1129, Queens County, New York",Queens,1003400,195957
1400000US36081113300,"Census Tract 1133, Queens County, New York",Queens,-666666666,-222222222
1400000US36081113900,"Census Tract 1139, Queens County, New York",Queens,869500,41321
1400000US36081114100,"Census Tract 1141, Queens County, New York",Queens,1012700,66820
1400000US36081114700,"Census Tract 1147, Queens County, New York",Queens,1055900,106305
1400000US36081115100,"Census Tract 1151, Queens County, New York",Queens,1102700,55319
1400000US36081115500,"Census Tract 1155, Queens County, New York",Queens,918300,64614
1400000US36081115700,"Census Tract 1157, Queens County, New York",Queens,781900,231255
1400000US36081115900,"Census Tract 1159, Queens County, New York",Queens,1138700,160837
1400000US36081116100,"Census Tract 1161, Queens County, New York",Queens,497200,168592
1400000US36081116301,"Census Tract 1163.01, Queens County, New York",Queens,621100,97456
1400000US36081116302,"Census Tract 1163.02, Queens County, New York",Queens,575700,75971
1400000US36081116700,"Census Tract 1167, Queens County, New York",Queens,945800,207442
1400000US36081117100,"Census Tract 1171, Queens County, New York",Queens,1255100,217970
1400000US36081117500,"Census Tract 1175, Queens County, New York",Queens,750000,344106
1400000US36081118100,"Census Tract 1181, Queens County, New York",Queens,1013400,190882
1400000US36081118500,"Census Tract 1185, Queens County, New York",Queens,1061300,163891
1400000US36081118700,"Census Tract 1187, Queens County, New York",Queens,985000,121960
1400000US36081118900,"Census Tract 1189, Queens County, New York",Queens,1056500,93070
1400000US36081119100,"Census Tract 1191, Queens County, New York",Queens,1060400,132360
1400000US36081119300,"Census Tract 1193, Queens County, New York",Queens,913200,65855
1400000US36081119500,"Census Tract 1195, Queens County, New York",Queens,917000,52757
1400000US36081119900,"Census Tract 1199, Queens County, New York",Queens,1004600,109292
1400000US36081120100,"Census Tract 1201, Queens County, New York",Queens,1015100,88659
1400000US36081120300,"Census Tract 1203, Queens County, New York",Queens,1217800,108085
1400000US36081120500,"Census Tract 1205, Queens County, New York",Queens,935700,111707
1400000US36081120701,"Census Tract 1207.01, Queens County, New York",Queens,966800,55195
1400000US36081120702,"Census Tract 1207.02, Queens County, New York",Queens,-666666666,-222222222
1400000US36081121100,"Census Tract 1211, Queens County, New York",Queens,-666666666,-222222222
1400000US36081121500,"Census Tract 1215, Queens County, New York",Queens,911600,51998
1400000US36081122300,"Census Tract 1223, Queens County, New York",Queens,1086300,211719
1400000US36081122702,"Census Tract 1227.02, Queens County, New York",Queens,-666666666,-222222222
1400000US36081122703,"Census Tract 1227.03, Queens County, New York",Queens,578100,517546
1400000US36081122704,"Census Tract 1227.04, Queens County, New York",Queens,641800,317358
1400000US36081124100,"Census Tract 1241, Queens County, New York",Queens,1017600,72735
1400000US36081124700,"Census Tract 1247, Queens County, New York",Queens,916100,29381
1400000US36081125700,"Census Tract 1257, Queens County, New York",Queens,901600,66828
1400000US36081126500,"Census Tract 1265, Queens County, New York",Queens,821300,54064
1400000US36081126700,"Census Tract 1267, Queens County, New York",Queens,767800,79528
1400000US36081127700,"Census Tract 1277, Queens County, New York",Queens,1195500,79030
1400000US36081128300,"Census Tract 1283, Queens County, New York",Queens,-666666666,-222222222
1400000US36081129102,"Census Tract 1291.02, Queens County, New York",Queens,1063200,57112
1400000US36081129103,"Census Tract 1291.03, Queens County, New York",Queens,299500,38980
1400000US36081129104,"Census Tract 1291.04, Queens County, New York",Queens,371800,13675
1400000US36081130100,"Census Tract 1301, Queens County, New York",Queens,349600,23860
1400000US36081133300,"Census Tract 1333, Queens County, New York",Queens,1055700,38035
1400000US36081133900,"Census Tract 1339, Queens County, New York",Queens,992800,78330
1400000US36081134100,"Census Tract 1341, Queens County, New York",Queens,1040400,63020
1400000US36081134701,"Census Tract 1347.01, Queens County, New York",Queens,1106800,205629
1400000US36081134702,"Census Tract 1347.02, Queens County, New York",Queens,764500,640642
1400000US36081136700,"Census Tract 1367, Queens County, New York",Queens,430400,55817
1400000US36081137700,"Census Tract 1377, Queens County, New York",Queens,892100,211245
1400000US36081138501,"Census Tract 1385.01, Queens County, New York",Queens,1183200,123606
1400000US36081138502,"Census Tract 1385.02, Queens County, New York",Queens,-666666666,-222222222
1400000US36081139900,"Census Tract 1399, Queens County, New York",Queens,1077100,46411
1400000US36081140300,"Census Tract 1403, Queens County, New York",Queens,911900,35326
1400000US36081140901,"Census Tract 1409.01, Queens County, New York",Queens,1037100,66647
1400000US36081140902,"Census Tract 1409.02, Queens County, New York",Queens,983500,57029
1400000US36081141700,"Census Tract 1417, Queens County, New York",Queens,967800,80649
1400000US36081142900,"Census Tract 1429, Queens County, New York",Queens,1039400,99227
1400000US36081143500,"Census Tract 1435, Queens County, New York",Queens,992600,72455
1400000US36081144100,"Census Tract 1441, Queens County, New York",Queens,1015700,109044
1400000US36081144700,"Census Tract 1447, Queens County, New York",Queens,989400,88343
1400000US36081145101,"Census Tract 1451.01, Queens County, New York",Queens,1171600,160127
1400000US36081145102,"Census Tract 1451.02, Queens County, New York",Queens,972000,82814
1400000US36081145900,"Census Tract 1459, Queens County, New York",Queens,973500,63443
1400000US36081146300,"Census Tract 1463, Queens County, New York",Queens,-666666666,-222222222
1400000US36081146700,"Census Tract 1467, Queens County, New York",Queens,917200,126565
1400000US36081147100,"Census Tract 1471, Queens County, New York",Queens,776700,280472
1400000US36081147900,"Census Tract 1479, Queens County, New York",Queens,864300,108429
1400000US36081148300,"Census Tract 1483, Queens County, New York",Queens,1331800,121096
1400000US36081150701,"Census Tract 1507.01, Queens County, New York",Queens,1109200,57403
1400000US36081150702,"Census Tract 1507.02, Queens County, New York",Queens,1041700,91542
1400000US36081152901,"Census Tract 1529.01, Queens County, New York",Queens,558600,223614
1400000US36081152902,"Census Tract 1529.02, Queens County, New York",Queens,355100,28290
1400000US36081155101,"Census Tract 1551.01, Queens County, New York",Queens,622400,45624
1400000US36081155103,"Census Tract 1551.03, Queens County, New York",Queens,348800,49320
1400000US36081155104,"Census Tract 1551.04, Queens County, New York",Queens,436800,58005
1400000US36081156700,"Census Tract 1567, Queens County, New York",Queens,861800,34981
1400000US36081157101,"Census Tract 1571.01, Queens County, New York",Queens,663400,46742
1400000US36081157102,"Census Tract 1571.02, Queens County, New York",Queens,872000,48847
1400000US36081157901,"Census Tract 1579.01, Queens County, New York",Queens,767700,75124
1400000US36081157902,"Census Tract 1579.02, Queens County, New York",Queens,818800,36742
1400000US36081157903,"Census Tract 1579.03, Queens County, New York",Queens,774600,60158
1400000US36081161700,"Census Tract 1617, Queens County, New York",Queens,716300,40480
1400000US36081162100,"Census Tract 1621, Queens County, New York",Queens,793500,64575
1400000US36081990100,"Census Tract 9901, Queens County, New York",Queens,-666666666,-222222222
1400000US36085000300,"Census Tract 3, Richmond County, New York",Staten Island,607600,144898
1400000US36085000600,"Census Tract 6, Richmond County, New York",Staten Island,510200,171124
1400000US36085000700,"Census Tract 7, Richmond County, New York",Staten Island,467600,166905
1400000US36085000800,"Census Tract 8, Richmond County, New York",Staten Island,612500,26257
1400000US36085000900,"Census Tract 9, Richmond County, New York",Staten Island,602400,57814
1400000US36085001100,"Census Tract 11, Richmond County, New York",Staten Island,607700,52448
1400000US36085001700,"Census Tract 17, Richmond County, New York",Staten Island,719100,82305
1400000US36085001800,"Census Tract 18, Richmond County, New York",Staten Island,-666666666,-222222222
1400000US36085002001,"Census Tract 20.01, Richmond County, New York",Staten Island,615200,39897
1400000US36085002002,"Census Tract 20.02, Richmond County, New York",Staten Island,691800,51434
1400000US36085002100,"Census Tract 21, Richmond County, New York",Staten Island,546000,102324
1400000US36085002700,"Census Tract 27, Richmond County, New York",Staten Island,750000,435661
1400000US36085002900,"Census Tract 29, Richmond County, New York",Staten Island,633600,83183
1400000US36085003300,"Census Tract 33, Richmond County, New York",Staten Island,650900,124012
1400000US36085003600,"Census Tract 36, Richmond County, New York",Staten Island,645400,35931
1400000US36085003900,"Census Tract 39, Richmond County, New York",Staten Island,608900,596348
1400000US36085004001,"Census Tract 40.01, Richmond County, New York",Staten Island,1025600,548129
1400000US36085004002,"Census Tract 40.02, Richmond County, New York",Staten Island,553100,63678
1400000US36085004003,"Census Tract 40.03, Richmond County, New York",Staten Island,567900,127348
1400000US36085004004,"Census Tract 40.04, Richmond County, New York",Staten Island,554100,79022
1400000US36085004700,"Census Tract 47, Richmond County, New York",Staten Island,576500,89137
1400000US36085005000,"Census Tract 50, Richmond County, New York",Staten Island,652500,34156
1400000US36085005901,"Census Tract 59.01, Richmond County, New York",Staten Island,824800,72867
1400000US36085005902,"Census Tract 59.02, Richmond County, New York",Staten Island,-666666666,-222222222
1400000US36085006400,"Census Tract 64, Richmond County, New York",Staten Island,758600,99726
1400000US36085006700,"Census Tract 67, Richmond County, New York",Staten Island,826400,38580
1400000US36085007001,"Census Tract 70.01, Richmond County, New York",Staten Island,618600,101735
1400000US36085007002,"Census Tract 70.02, Richmond County, New York",Staten Island,683200,55032
1400000US36085007400,"Census Tract 74, Richmond County, New York",Staten Island,644700,18276
1400000US36085007500,"Census Tract 75, Richmond County, New York",Staten Island,738600,114200
1400000US36085007700,"Census Tract 77, Richmond County, New York",Staten Island,476500,103779
1400000US36085008100,"Census Tract 81, Richmond County, New York",Staten Island,624700,44987
1400000US36085009601,"Census Tract 96.01, Richmond County, New York",Staten Island,824900,67751
1400000US36085009602,"Census Tract 96.02, Richmond County, New York",Staten Island,767600,94616
1400000US36085009701,"Census Tract 97.01, Richmond County, New York",Staten Island,590000,57693
1400000US36085009702,"Census Tract 97.02, Richmond County, New York",Staten Island,-666666666,-222222222
1400000US36085010500,"Census Tract 105, Richmond County, New York",Staten Island,612300,31669
1400000US36085011201,"Census Tract 112.01, Richmond County, New York",Staten Island,637900,49241
1400000US36085011203,"Census Tract 112.03, Richmond County, New York",Staten Island,638400,31296
1400000US36085011204,"Census Tract 112.04, Richmond County, New York",Staten Island,-666666666,-222222222
1400000US36085011401,"Census Tract 114.01, Richmond County, New York",Staten Island,515100,97148
1400000US36085011402,"Census Tract 114.02, Richmond County, New York",Staten Island,674100,69025
1400000US36085012100,"Census Tract 121, Richmond County, New York",Staten Island,768900,74182
1400000US36085012200,"Census Tract 122, Richmond County, New York",Staten Island,815700,39155
1400000US36085012500,"Census Tract 125, Richmond County, New York",Staten Island,645400,43785
1400000US36085012804,"Census Tract 128.04, Richmond County, New York",Staten Island,619500,39803
1400000US36085012805,"Census Tract 128.05, Richmond County, New York",Staten Island,662700,65681
1400000US36085012806,"Census Tract 128.06, Richmond County, New York",Staten Island,689200,101530
1400000US36085013201,"Census Tract 132.01, Richmond County, New York",Staten Island,798500,56190
1400000US36085013203,"Census Tract 132.03, Richmond County, New York",Staten Island,711500,52807
1400000US36085013204,"Census Tract 132.04, Richmond County, New York",Staten Island,667400,33767
1400000US36085013301,"Census Tract 133.01, Richmond County, New York",Staten Island,-666666666,-222222222
1400000US36085013302,"Census Tract 133.02, Richmond County, New York",Staten Island,527800,91656
1400000US36085013400,"Census Tract 134, Richmond County, New York",Staten Island,713500,49539
1400000US36085013800,"Census Tract 138, Richmond County, New York",Staten Island,736800,76383
1400000US36085014100,"Census Tract 141, Richmond County, New York",Staten Island,566600,39375
1400000US36085014604,"Census Tract 146.04, Richmond County, New York",Staten Island,695400,54168
1400000US36085014605,"Census Tract 146.05, Richmond County, New York",Staten Island,721800,55014
1400000US36085014606,"Census Tract 146.06, Richmond County, New York",Staten Island,582700,41545
1400000US36085014607,"Census Tract 146.07, Richmond County, New York",Staten Island,640700,14038
1400000US36085014608,"Census Tract 146.08, Richmond County, New York",Staten Island,663200,26797
1400000US36085014700,"Census Tract 147, Richmond County, New York",Staten Island,725400,79060
1400000US36085015100,"Census Tract 151, Richmond County, New York",Staten Island,645800,50352
1400000US36085015400,"Census Tract 154, Richmond County, New York",Staten Island,-666666666,-222222222
1400000US36085015601,"Census Tract 156.01, Richmond County, New York",Staten Island,692900,96180
1400000US36085015602,"Census Tract 156.02, Richmond County, New York",Staten Island,726100,53978
1400000US36085015603,"Census Tract 156.03, Richmond County, New York",Staten Island,611300,18691
1400000US36085016901,"Census Tract 169.01, Richmond County, New York",Staten Island,745700,60653
1400000US36085017005,"Census Tract 170.05, Richmond County, New York",Staten Island,809800,40978
1400000US36085017007,"Census Tract 170.07, Richmond County, New York",Staten Island,497200,43447
1400000US36085017009,"Census Tract 170.09, Richmond County, New York",Staten Island,845300,48924
1400000US36085017011,"Census Tract 170.11, Richmond County, New York",Staten Island,722100,47041
1400000US36085017012,"Census Tract 170.12, Richmond County, New York",Staten Island,719200,45429
1400000US36085017013,"Census Tract 170.13, Richmond County, New York",Staten Island,592900,29362
1400000US36085017014,"Census Tract 170.14, Richmond County, New York",Staten Island,587200,33785
1400000US36085017015,"Census Tract 170.15, Richmond County, New York",Staten Island,804300,66943
1400000US36085017016,"Census Tract 170.16, Richmond County, New York",Staten Island,682600,51825
1400000US36085017300,"Census Tract 173, Richmond County, New York",Staten Island,842600,33252
1400000US36085017600,"Census Tract 176, Richmond County, New York",Staten Island,1077000,66149
1400000US36085017701,"Census Tract 177.01, Richmond County, New York",Staten Island,980400,132098
1400000US36085017702,"Census Tract 177.02, Richmond County, New York",Staten Island,868300,19407
1400000US36085018100,"Census Tract 181, Richmond County, New York",Staten Island,1066400,112052
1400000US36085018701,"Census Tract 187.01, Richmond County, New York",Staten Island,647200,36777
1400000US36085018703,"Census Tract 187.03, Richmond County, New York",Staten Island,689800,60865
1400000US36085018704,"Census Tract 187.04, Richmond County, New York",Staten Island,764400,77441
1400000US36085018901,"Census Tract 189.01, Richmond County, New York",Staten Island,686000,53949
1400000US36085018902,"Census Tract 189.02, Richmond County, New York",Staten Island,761900,63630
1400000US36085019700,"Census Tract 197, Richmond County, New York",Staten Island,655500,29532
1400000US36085019800,"Census Tract 198, Richmond County, New York",Staten Island,880800,52775
1400000US36085020100,"Census Tract 201, Richmond County, New York",Staten Island,661000,31874
1400000US36085020701,"Census Tract 207.01, Richmond County, New York",Staten Island,533800,148240
1400000US36085020702,"Census Tract 207.02, Richmond County, New York",Staten Island,591100,54646
1400000US36085020803,"Census Tract 208.03, Richmond County, New York",Staten Island,835300,35143
1400000US36085020804,"Census Tract 208.04, Richmond County, New York",Staten Island,816700,51338
1400000US36085020805,"Census Tract 208.05, Richmond County, New York",Staten Island,559200,54333
1400000US36085020806,"Census Tract 208.06, Richmond County, New York",Staten Island,971100,83228
1400000US36085021300,"Census Tract 213, Richmond County, New York",Staten Island,631400,33285
1400000US36085022300,"Census Tract 223, Richmond County, New York",Staten Island,411600,54603
1400000US36085022601,"Census Tract 226.01, Richmond County, New York",Staten Island,707900,57268
1400000US36085022602,"Census Tract 226.02, Richmond County, New York",Staten Island,836500,37992
1400000US36085022801,"Census Tract 228.01, Richmond County, New York",Staten Island,-666666666,-222222222
1400000US36085022802,"Census Tract 228.02, Richmond County, New York",Staten Island,-666666666,-222222222
1400000US36085023100,"Census Tract 231, Richmond County, New York",Staten Island,495400,56433
1400000US36085023900,"Census Tract 239, Richmond County, New York",Staten Island,528300,72703
1400000US36085024401,"Census Tract 244.01, Richmond County, New York",Staten Island,1012400,134336
1400000US36085024402,"Census Tract 244.02, Richmond County, New York",Staten Island,877100,89470
1400000US36085024700,"Census Tract 247, Richmond County, New York",Staten Island,614900,22330
1400000US36085024800,"Census Tract 248, Richmond County, New York",Staten Island,669900,50086
1400000US36085025100,"Census Tract 251, Richmond County, New York",Staten Island,682600,35180
1400000US36085027301,"Census Tract 273.01, Richmond County, New York",Staten Island,654000,64256
1400000US36085027302,"Census Tract 273.02, Richmond County, New York",Staten Island,744800,73421
1400000US36085027702,"Census Tract 277.02, Richmond County, New York",Staten Island,424600,29290
1400000US36085027704,"Census Tract 277.04, Richmond County, New York",Staten Island,825300,39924
1400000US36085027705,"Census Tract 277.05, Richmond County, New York",Staten Island,733700,42434
1400000US36085027706,"Census Tract 277.06, Richmond County, New York",Staten Island,685900,73589
1400000US36085027900,"Census Tract 279, Richmond County, New York",Staten Island,1044000,153395
1400000US36085029102,"Census Tract 291.02, Richmond County, New York",Staten Island,597100,101959
1400000US36085029104,"Census Tract 291.04, Richmond County, New York",Staten Island,729400,86982
1400000US36085029105,"Census Tract 291.05, Richmond County, New York",Staten Island,736700,81543
1400000US36085029106,"Census Tract 291.06, Richmond County, New York",Staten Island,743500,70024
1400000US36085030301,"Census Tract 303.01, Richmond County, New York",Staten Island,491900,43573
1400000US36085030302,"Census Tract 303.02, Richmond County, New York",Staten Island,509700,50866
1400000US36085031901,"Census Tract 319.01, Richmond County, New York",Staten Island,576400,85451
1400000US36085031902,"Census Tract 319.02, Richmond County, New York",Staten Island,493700,56402
1400000US36085032300,"Census Tract 323, Richmond County, New York",Staten Island,290200,41359
1400000US36085990100,"Census Tract 9901, Richmond County, New York",Staten Island,-666666666,-222222222
