geoid,tract_name,borough,B25003_E001,B25003_M001,B25003_E002,B25003_M002,B25003_E003,B25003_M003
1400000US36005000100,"Census Tract 1, Bronx County, New York",Bronx,0,14,0,14,0,14
1400000US36005000200,"Census Tract 2, Bronx County, New York",Bronx,1416,197,850,140,566,241
1400000US36005000400,"Census Tract 4, Bronx County, New York",Bronx,2218,277,1336,219,882,331
1400000US36005001600,"Census Tract 16, Bronx County, New York",Bronx,2083,201,459,223,1624,248
1400000US36005001901,"Census Tract 19.01, Bronx County, New York",Bronx,1149,117,112,119,1037,150
1400000US36005001902,"Census Tract 19.02, Bronx County, New York",Bronx,624,78,51,37,573,87
1400000US36005001903,"Census Tract 19.03, Bronx County, New York",Bronx,0,14,0,14,0,14
1400000US36005001904,"Census Tract 19.04, Bronx County, New York",Bronx,0,14,0,14,0,14
1400000US36005002001,"Census Tract 20.01, Bronx County, New York",Bronx,1729,201,0,14,1729,201
1400000US36005002002,"Census Tract 20.02, Bronx County, New York",Bronx,1808,466,402,182,1406,473
1400000US36005002300,"Census Tract 23, Bronx County, New York",Bronx,1904,206,0,14,1904,206
1400000US36005002400,"Census Tract 24, Bronx County, New York",Bronx,0,14,0,14,0,14
1400000US36005002500,"Census Tract 25, Bronx County, New York",Bronx,1872,149,44,50,1828,149
1400000US36005002701,"Census Tract 27.01, Bronx County, New York",Bronx,1197,114,29,44,1168,118
1400000US36005002702,"Census Tract 27.02, Bronx County, New York",Bronx,1528,140,107,115,1421,172
1400000US36005002800,"Census Tract 28, Bronx County, New York",Bronx,2806,351,477,154,2329,364
1400000US36005003100,"Census Tract 31, Bronx County, New York",Bronx,1162,264,174,82,988,271
1400000US36005003300,"Census Tract 33, Bronx County, New York",Bronx,1243,175,259,107,984,195
1400000US36005003500,"Census Tract 35, Bronx County, New York",Bronx,1428,306,38,39,1390,308
1400000US36005003700,"Census Tract 37, Bronx County, New York",Bronx,149,74,0,14,149,74
1400000US36005003800,"Census Tract 38, Bronx County, New York",Bronx,392,27,202,67,190,73
1400000US36005003900,"Census Tract 39, Bronx County, New York",Bronx,2197,298,173,126,2024,314
1400000US36005004001,"Census Tract 40.01, Bronx County, New York",Bronx,489,70,297,65,192,78
1400000US36005004100,"Census Tract 41, Bronx County, New York",Bronx,2468,333,43,70,2425,329
1400000US36005004200,"Census Tract 42, Bronx County, New York",Bronx,2839,320,352,148,2487,367
1400000US36005004300,"Census Tract 43, Bronx County, New York",Bronx,2230,177,308,169,1922,224
1400000US36005004400,"Census Tract 44, Bronx County, New York",Bronx,1539,133,60,71,1479,157
1400000US36005004600,"Census Tract 46, Bronx County, New York",Bronx,664,86,148,70,516,89
1400000US36005004800,"Census Tract 48, Bronx County, New York",Bronx,1498,150,43,41,1455,154
1400000US36005005001,"Census Tract 50.01, Bronx County, New York",Bronx,1406,137,168,70,1238,155
1400000US36005005002,"Census Tract 50.02, Bronx County, New York",Bronx,1880,229,116,79,1764,231
1400000US36005005100,"Census Tract 51, Bronx County, New York",Bronx,2930,258,190,174,2740,346
1400000US36005005200,"Census Tract 52, Bronx County, New York",Bronx,813,105,121,79,692,127
1400000US36005005300,"Census Tract 53, Bronx County, New York",Bronx,1614,179,22,32,1592,185
1400000US36005005400,"Census Tract 54, Bronx County, New York",Bronx,1756,209,190,117,1566,241
1400000US36005005600,"Census Tract 56, Bronx County, New York",Bronx,1006,197,155,131,851,133
1400000US36005005902,"Census Tract 59.02, Bronx County, New York",Bronx,1288,202,459,155,829,199
1400000US36005006000,"Census Tract 60, Bronx County, New York",Bronx,386,56,36,28,350,54
1400000US36005006100,"Census Tract 61, Bronx County, New York",Bronx,1875,345,822,243,1053,385
1400000US36005006200,"Census Tract 62, Bronx County, New York",Bronx,2544,366,31,37,2513,369
1400000US36005006301,"Census Tract 63.01, Bronx County, New York",Bronx,3045,275,539,337,2506,289
1400000US36005006302,"Census Tract 63.02, Bronx County, New York",Bronx,0,14,0,14,0,14
1400000US36005006400,"Census Tract 64, Bronx County, New York",Bronx,1574,222,260,129,1314,245
1400000US36005006500,"Census Tract 65, Bronx County, New York",Bronx,2245,243,87,126,2158,266
1400000US36005006700,"Census Tract 67, Bronx County, New York",Bronx,2640,454,47,77,2593,466
1400000US36005006800,"Census Tract 68, Bronx County, New York",Bronx,893,177,259,150,634,161
1400000US36005006900,"Census Tract 69, Bronx County, New York",Bronx,2705,393,86,100,2619,394
1400000US36005007000,"Census Tract 70, Bronx County, New York",Bronx,1447,151,402,143,1045,169
1400000US36005007100,"Census Tract 71, Bronx County, New York",Bronx,1530,150,375,131,1155,213
1400000US36005007200,"Census Tract 72, Bronx County, New York",Bronx,1625,241,538,188,1087,234
1400000US36005007300,"Census Tract 73, Bronx County, New York",Bronx,1602,241,130,163,1472,295
1400000US36005007400,"Census Tract 74, Bronx County, New York",Bronx,1429,117,378,140,1051,158
1400000US36005007500,"Census Tract 75, Bronx County, New York",Bronx,2430,218,351,201,2079,258
1400000US36005007600,"Census Tract 76, Bronx County, New York",Bronx,1822,250,473,181,1349,222
1400000US36005007700,"Census Tract 77, Bronx County, New York",Bronx,601,71,120,64,481,88
1400000US36005007800,"Census Tract 78, Bronx County, New York",Bronx,1932,211,533,161,1399,261
1400000US36005007900,"Census Tract 79, Bronx County, New York",Bronx,2225,239,35,61,2190,245
1400000US36005008300,"Census Tract 83, Bronx County, New York",Bronx,2213,270,238,155,1975,332
1400000US36005008400,"Census Tract 84, Bronx County, New York",Bronx,1023,345,709,356,314,132
1400000US36005008500,"Census Tract 85, Bronx County, New York",Bronx,2189,256,386,167,1803,289
1400000US36005008600,"Census Tract 86, Bronx County, New York",Bronx,1550,276,152,96,1398,267
1400000US36005008700,"Census Tract 87, Bronx County, New York",Bronx,2091,218,124,93,1967,236
1400000US36005008900,"Census Tract 89, Bronx County, New York",Bronx,1346,189,68,55,1278,201
1400000US36005009000,"Census Tract 90, Bronx County, New York",Bronx,1281,179,199,163,1082,157
1400000US36005009200,"Census Tract 92, Bronx County, New York",Bronx,1872,168,494,176,1378,215
1400000US36005009301,"Census Tract 93.01, Bronx County, New York",Bronx,1912,273,282,203,1630,330
1400000US36005009302,"Census Tract 93.02, Bronx County, New York",Bronx,0,14,0,14,0,14
1400000US36005009600,"Census Tract 96, Bronx County, New York",Bronx,818,149,177,64,641,152
1400000US36005009800,"Census Tract 98, Bronx County, New York",Bronx,1669,174,878,208,791,225
1400000US36005011000,"Census Tract 110, Bronx County, New York",Bronx,0,14,0,14,0,14
1400000US36005011502,"Census Tract 115.02, Bronx County, New York",Bronx,1513,191,82,59,1431,200
1400000US36005011701,"Census Tract 117.01, Bronx County, New York",Bronx,474,38,34,35,440,46
1400000US36005011702,"Census Tract 117.02, Bronx County, New York",Bronx,0,14,0,14,0,14
1400000US36005011800,"Census Tract 118, Bronx County, New York",Bronx,1517,182,876,192,641,154
1400000US36005011900,"Census Tract 119, Bronx County, New York",Bronx,1875,187,92,60,1783,200
1400000US36005012101,"Census Tract 121.01, Bronx County, New York",Bronx,1057,105,107,74,950,115
1400000US36005012102,"Census Tract 121.02, Bronx County, New York",Bronx,572,135,14,21,558,133
1400000US36005012300,"Census Tract 123, Bronx County, New York",Bronx,1772,191,210,160,1562,201
1400000US36005012500,"Census Tract 125, Bronx County, New York",Bronx,1449,138,295,153,1154,138
1400000US36005012701,"Census Tract 127.01, Bronx County, New York",Bronx,745,112,174,60,571,133
1400000US36005012901,"Census Tract 129.01, Bronx County, New York",Bronx,1744,243,0,14,1744,243
1400000US36005013000,"Census Tract 130, Bronx County, New York",Bronx,472,105,269,52,203,110
1400000US36005013100,"Census Tract 131, Bronx County, New York",Bronx,2225,228,219,132,2006,251
1400000US36005013200,"Census Tract 132, Bronx County, New York",Bronx,2605,343,1834,360,771,294
1400000US36005013300,"Census Tract 133, Bronx County, New York",Bronx,2269,322,114,85,2155,347
1400000US36005013500,"Census Tract 135, Bronx County, New York",Bronx,1534,239,23,40,1511,242
1400000US36005013800,"Census Tract 138, Bronx County, New York",Bronx,1255,212,923,208,332,105
1400000US36005014100,"Census Tract 141, Bronx County, New York",Bronx,3034,257,229,144,2805,278
1400000US36005014300,"Census Tract 143, Bronx County, New York",Bronx,743,60,0,14,743,60
1400000US36005014400,"Census Tract 144, Bronx County, New York",Bronx,2428,294,383,163,2045,327
1400000US36005014500,"Census Tract 145, Bronx County, New York",Bronx,2433,417,36,61,2397,427
1400000US36005014701,"Census Tract 147.01, Bronx County, New York",Bronx,2009,432,20,40,1989,431
1400000US36005014702,"Census Tract 147.02, Bronx County, New York",Bronx,1924,472,30,44,1894,470
1400000US36005014900,"Census Tract 149, Bronx County, New York",Bronx,1546,179,343,121,1203,182
1400000US36005015100,"Census Tract 151, Bronx County, New York",Bronx,2117,401,401,258,1716,402
1400000US36005015200,"Census Tract 152, Bronx County, New York",Bronx,986,135,537,131,449,115
1400000US36005015300,"Census Tract 153, Bronx County, New York",Bronx,1781,331,152,97,1629,343
1400000US36005015500,"Census Tract 155, Bronx County, New York",Bronx,1064,191,50,48,1014,189
1400000US36005015700,"Census Tract 157, Bronx County, New York",Bronx,2321,111,200,131,2121,178
1400000US36005015800,"Census Tract 158, Bronx County, New York",Bronx,534,59,253,61,281,62
1400000US36005015900,"Census Tract 159, Bronx County, New York",Bronx,1023,165,101,81,922,192
1400000US36005016000,"Census Tract 160, Bronx County, New York",Bronx,1521,143,966,172,555,153
1400000US36005016100,"Census Tract 161, Bronx County, New York",Bronx,2224,264,27,47,2197,256
1400000US36005016200,"Census Tract 162, Bronx County, New York",Bronx,509,73,292,59,217,82
1400000US36005016300,"Census Tract 163, Bronx County, New York",Bronx,0,14,0,14,0,14
1400000US36005016400,"Census Tract 164, Bronx County, New York",Bronx,392,68,231,69,161,67
1400000US36005016500,"Census Tract 165, Bronx County, New York",Bronx,376,44,0,14,376,44
1400000US36005016600,"Census Tract 166, Bronx County, New York",Bronx,802,99,398,94,404,93
1400000US36005016700,"Census Tract 167, Bronx County, New York",Bronx,1154,128,41,36,1113,137
1400000US36005016900,"Census Tract 169, Bronx County, New York",Bronx,607,157,64,45,543,166
1400000US36005017100,"Census Tract 171, Bronx County, New York",Bronx,0,14,0,14,0,14
1400000US36005017300,"Census Tract 173, Bronx County, New York",Bronx,2276,247,199,204,2077,284
1400000US36005017500,"Census Tract 175, Bronx County, New York",Bronx,2975,431,0,19,2975,431
1400000US36005017701,"Census Tract 177.01, Bronx County, New York",Bronx,1462,199,34,57,1428,203
1400000US36005017702,"Census Tract 177.02, Bronx County, New York",Bronx,1675,192,391,176,1284,233
1400000US36005017901,"Census Tract 179.01, Bronx County, New York",Bronx,1688,297,214,114,1474,315
1400000US36005017902,"Census Tract 179.02, Bronx County, New York",Bronx,1216,219,0,14,1216,219
1400000US36005018101,"Census Tract 181.01, Bronx County, New York",Bronx,1084,126,90,87,994,156
1400000US36005018102,"Census Tract 181.02, Bronx County, New York",Bronx,2150,542,41,44,2109,547
1400000US36005018301,"Census Tract 183.01, Bronx County, New York",Bronx,1934,201,487,153,1447,253
1400000US36005018302,"Census Tract 183.02, Bronx County, New York",Bronx,1452,349,212,87,1240,360
1400000US36005018400,"Census Tract 184, Bronx County, New York",Bronx,1340,131,614,116,726,152
1400000US36005018501,"Census Tract 185.01, Bronx County, New York",Bronx,1466,228,15,27,1451,232
1400000US36005018502,"Census Tract 185.02, Bronx County, New York",Bronx,2106,232,66,66,2040,224
1400000US36005018900,"Census Tract 189, Bronx County, New York",Bronx,3050,189,281,190,2769,263
1400000US36005019300,"Census Tract 193, Bronx County, New York",Bronx,2519,363,58,97,2461,356
1400000US36005019400,"Census Tract 194, Bronx County, New York",Bronx,696,96,358,100,338,108
1400000US36005019500,"Census Tract 195, Bronx County, New York",Bronx,2703,246,19,32,2684,250
1400000US36005019700,"Census Tract 197, Bronx County, New York",Bronx,2528,397,0,19,2528,397
1400000US36005019900,"Census Tract 199, Bronx County, New York",Bronx,3185,401,156,147,3029,422
1400000US36005020000,"Census Tract 200, Bronx County, New York",Bronx,1430,117,284,105,1146,149
1400000US36005020100,"Census Tract 201, Bronx County, New York",Bronx,1406,213,0,14,1406,213
1400000US36005020200,"Census Tract 202, Bronx County, New York",Bronx,975,173,176,72,799,180
1400000US36005020400,"Census Tract 204, Bronx County, New York",Bronx,988,133,241,81,747,152
1400000US36005020501,"Census Tract 205.01, Bronx County, New York",Bronx,2681,164,214,191,2467,235
1400000US36005020502,"Census Tract 205.02, Bronx County, New York",Bronx,1040,135,127,91,913,122
1400000US36005020601,"Census Tract 206.01, Bronx County, New York",Bronx,937,164,282,146,655,115
1400000US36005020900,"Census Tract 209, Bronx County, New York",Bronx,1944,266,62,97,1882,292
1400000US36005021001,"Census Tract 210.01, Bronx County, New York",Bronx,3563,291,1013,319,2550,389
1400000US36005021002,"Census Tract 210.02, Bronx County, New York",Bronx,3158,494,643,244,2515,528
1400000US36005021100,"Census Tract 211, Bronx County, New York",Bronx,2002,231,143,96,1859,248
1400000US36005021200,"Census Tract 212, Bronx County, New York",Bronx,2325,360,816,314,1509,246
1400000US36005021301,"Census Tract 213.01, Bronx County, New York",Bronx,447,75,134,78,313,50
1400000US36005021302,"Census Tract 213.02, Bronx County, New York",Bronx,2324,372,27,44,2297,375
1400000US36005021501,"Census Tract 215.01, Bronx County, New York",Bronx,1348,170,54,66,1294,191
1400000US36005021502,"Census Tract 215.02, Bronx County, New York",Bronx,2322,254,77,86,2245,274
1400000US36005021601,"Census Tract 216.01, Bronx County, New York",Bronx,1582,220,170,103,1412,236
1400000US36005021602,"Census Tract 216.02, Bronx County, New York",Bronx,2345,294,499,308,1846,234
1400000US36005021700,"Census Tract 217, Bronx County, New York",Bronx,1939,197,41,43,1898,207
1400000US36005021800,"Census Tract 218, Bronx County, New York",Bronx,2329,339,460,157,1869,377
1400000US36005021900,"Census Tract 219, Bronx County, New York",Bronx,489,73,0,14,489,73
1400000US36005022000,"Census Tract 220, Bronx County, New York",Bronx,650,78,56,37,594,85
1400000US36005022101,"Census Tract 221.01, Bronx County, New York",Bronx,1339,161,0,14,1339,161
1400000US36005022102,"Census Tract 221.02, Bronx County, New York",Bronx,1681,178,0,19,1681,178
1400000US36005022200,"Census Tract 222, Bronx County, New York",Bronx,1089,132,176,66,913,150
1400000US36005022300,"Census Tract 223, Bronx County, New York",Bronx,2103,443,0,14,2103,443
1400000US36005022401,"Census Tract 224.01, Bronx County, New York",Bronx,965,111,199,103,766,128
1400000US36005022403,"Census Tract 224.03, Bronx County, New York",Bronx,1154,132,204,113,950,156
1400000US36005022404,"Census Tract 224.04, Bronx County, New York",Bronx,1875,212,507,193,1368,159
1400000US36005022500,"Census Tract 225, Bronx County, New York",Bronx,2225,242,99,87,2126,270
1400000US36005022701,"Census Tract 227.01, Bronx County, New York",Bronx,2025,305,33,38,1992,305
1400000US36005022702,"Census Tract 227.02, Bronx County, New York",Bronx,545,68,33,54,512,41
1400000US36005022703,"Census Tract 227.03, Bronx County, New York",Bronx,695,143,0,14,695,143
1400000US36005022800,"Census Tract 228, Bronx County, New York",Bronx,2381,265,310,184,2071,270
1400000US36005022901,"Census Tract 229.01, Bronx County, New York",Bronx,1970,215,30,46,1940,214
1400000US36005022902,"Census Tract 229.02, Bronx County, New York",Bronx,1186,179,129,164,1057,100
1400000US36005023000,"Census Tract 230, Bronx County, New York",Bronx,965,154,174,79,791,177
1400000US36005023100,"Census Tract 231, Bronx County, New York",Bronx,404,92,25,29,379,94
1400000US36005023200,"Census Tract 232, Bronx County, New York",Bronx,867,83,156,61,711,88
1400000US36005023301,"Census Tract 233.01, Bronx County, New York",Bronx,1622,200,87,91,1535,206
1400000US36005023302,"Census Tract 233.02, Bronx County, New York",Bronx,1082,135,69,64,1013,152
1400000US36005023501,"Census Tract 235.01, Bronx County, New York",Bronx,1211,185,11,17,1200,186
1400000US36005023502,"Census Tract 235.02, Bronx County, New York",Bronx,1703,164,76,69,1627,182
1400000US36005023600,"Census Tract 236, Bronx County, New York",Bronx,566,71,44,36,522,73
1400000US36005023702,"Census Tract 237.02, Bronx County, New York",Bronx,317,90,19,28,298,91
1400000US36005023703,"Census Tract 237.03, Bronx County, New York",Bronx,1835,399,34,38,1801,403
1400000US36005023704,"Census Tract 237.04, Bronx County, New York",Bronx,1392,204,0,14,1392,204
1400000US36005023800,"Census Tract 238, Bronx County, New York",Bronx,802,81,242,72,560,85
1400000US36005023900,"Census Tract 239, Bronx County, New York",Bronx,2583,313,28,50,2555,320
1400000US36005024000,"Census Tract 240, Bronx County, New York",Bronx,1319,216,596,170,723,223
1400000US36005024100,"Census Tract 241, Bronx County, New York",Bronx,2309,509,0,19,2309,509
1400000US36005024300,"Census Tract 243, Bronx County, New York",Bronx,2007,162,0,14,2007,162
1400000US36005024400,"Census Tract 244, Bronx County, New York",Bronx,830,153,266,83,564,146
1400000US36005024501,"Census Tract 245.01, Bronx County, New York",Bronx,1630,112,152,104,1478,155
1400000US36005024502,"Census Tract 245.02, Bronx County, New York",Bronx,1256,203,157,118,1099,220
1400000US36005024600,"Census Tract 246, Bronx County, New York",Bronx,774,141,293,91,481,128
1400000US36005024700,"Census Tract 247, Bronx County, New York",Bronx,735,78,11,17,724,77
1400000US36005024800,"Census Tract 248, Bronx County, New York",Bronx,1250,164,333,110,917,175
1400000US36005024900,"Census Tract 249, Bronx County, New York",Bronx,0,14,0,14,0,14
1400000US36005025000,"Census Tract 250, Bronx County, New York",Bronx,905,147,478,146,427,126
1400000US36005025100,"Census Tract 251, Bronx County, New York",Bronx,2314,276,366,223,1948,244
1400000US36005025200,"Census Tract 252, Bronx County, New York",Bronx,921,118,265,96,656,131
1400000US36005025300,"Census Tract 253, Bronx County, New York",Bronx,1862,193,27,35,1835,195
1400000US36005025400,"Census Tract 254, Bronx County, New York",Bronx,833,103,337,101,496,118
1400000US36005025500,"Census Tract 255, Bronx County, New York",Bronx,2311,404,8,12,2303,403
1400000US36005025600,"Census Tract 256, Bronx County, New York",Bronx,626,107,175,62,451,117
1400000US36005025700,"Census Tract 257, Bronx County, New York",Bronx,656,98,49,50,607,97
1400000US36005026100,"Census Tract 261, Bronx County, New York",Bronx,1126,230,995,243,131,67
1400000US36005026300,"Census Tract 263, Bronx County, New York",Bronx,2248,330,0,19,2248,330
1400000US36005026400,"Census Tract 264, Bronx County, New York",Bronx,2227,280,634,244,1593,308
1400000US36005026500,"Census Tract 265, Bronx County, New York",Bronx,2181,323,85,76,2096,334
1400000US36005026601,"Census Tract 266.01, Bronx County, New York",Bronx,1400,135,194,94,1206,127
1400000US36005026602,"Census Tract 266.02, Bronx County, New York",Bronx,2532,378,460,160,2072,397
1400000US36005026701,"Census Tract 267.01, Bronx County, New York",Bronx,1290,205,16,28,1274,205
1400000US36005026702,"Census Tract 267.02, Bronx County, New York",Bronx,2546,495,449,473,2097,170
1400000US36005026900,"Census Tract 269, Bronx County, New York",Bronx,1926,401,120,69,1806,406
1400000US36005027300,"Census Tract 273, Bronx County, New York",Bronx,2979,514,231,154,2748,544
1400000US36005027401,"Census Tract 274.01, Bronx County, New York",Bronx,1840,166,1331,175,509,156
1400000US36005027402,"Census Tract 274.02, Bronx County, New York",Bronx,1316,194,914,241,402,137
1400000US36005027600,"Census Tract 276, Bronx County, New York",Bronx,31,38,20,35,11,16
1400000US36005027700,"Census Tract 277, Bronx County, New York",Bronx,1790,174,186,107,1604,217
1400000US36005027900,"Census Tract 279, Bronx County, New York",Bronx,3017,323,635,193,2382,300
1400000US36005028100,"Census Tract 281, Bronx County, New York",Bronx,1673,221,755,232,918,187
1400000US36005028300,"Census Tract 283, Bronx County, New York",Bronx,1044,312,59,48,985,313
1400000US36005028400,"Census Tract 284, Bronx County, New York",Bronx,0,14,0,14,0,14
1400000US36005028500,"Census Tract 285, Bronx County, New York",Bronx,1799,244,448,229,1351,169
1400000US36005028600,"Census Tract 286, Bronx County, New York",Bronx,532,107,231,69,301,104
1400000US36005028700,"Census Tract 287, Bronx County, New York",Bronx,1244,129,484,128,760,148
1400000US36005028800,"Census Tract 288, Bronx County, New York",Bronx,1046,145,534,156,512,105
1400000US36005028900,"Census Tract 289, Bronx County, New York",Bronx,1861,242,412,151,1449,264
1400000US36005029301,"Census Tract 293.01, Bronx County, New York",Bronx,939,81,806,85,133,58
1400000US36005029302,"Census Tract 293.02, Bronx County, New York",Bronx,2652,272,1769,309,883,205
1400000US36005029500,"Census Tract 295, Bronx County, New York",Bronx,2014,240,1290,289,724,240
1400000US36005029600,"Census Tract 296, Bronx County, New York",Bronx,1098,134,123,59,975,150
1400000US36005029700,"Census Tract 297, Bronx County, New York",Bronx,1887,235,1080,155,807,267
1400000US36005030000,"Census Tract 300, Bronx County, New York",Bronx,2560,296,824,206,1736,310
1400000US36005030100,"Census Tract 301, Bronx County, New York",Bronx,692,95,266,69,426,96
1400000US36005030201,"Census Tract 302.01, Bronx County, New York",Bronx,1686,184,759,171,927,230
1400000US36005030202,"Census Tract 302.02, Bronx County, New York",Bronx,2683,269,1005,220,1678,305
1400000US36005030701,"Census Tract 307.01, Bronx County, New York",Bronx,2411,181,1426,190,985,243
1400000US36005030900,"Census Tract 309, Bronx County, New York",Bronx,1442,163,843,117,599,184
1400000US36005031000,"Census Tract 310, Bronx County, New York",Bronx,1291,201,932,174,359,175
1400000US36005031200,"Census Tract 312, Bronx County, New York",Bronx,532,77,288,76,244,65
1400000US36005031400,"Census Tract 314, Bronx County, New York",Bronx,596,127,389,83,207,115
1400000US36005031600,"Census Tract 316, Bronx County, New York",Bronx,711,125,459,118,252,131
1400000US36005031800,"Census Tract 318, Bronx County, New York",Bronx,542,84,365,81,177,72
1400000US36005031900,"Census Tract 319, Bronx County, New York",Bronx,6,10,0,14,6,10
1400000US36005032300,"Census Tract 323, Bronx County, New York",Bronx,2690,328,1885,351,805,214
1400000US36005032400,"Census Tract 324, Bronx County, New York",Bronx,1293,184,109,86,1184,195
1400000US36005032600,"Census Tract 326, Bronx County, New York",Bronx,1065,154,524,114,541,173
1400000US36005032800,"Census Tract 328, Bronx County, New York",Bronx,1407,192,174,74,1233,211
1400000US36005033000,"Census Tract 330, Bronx County, New York",Bronx,2087,232,203,139,1884,226
1400000US36005033201,"Census Tract 332.01, Bronx County, New York",Bronx,2258,424,579,169,1679,440
1400000US36005033202,"Census Tract 332.02, Bronx County, New York",Bronx,1478,226,313,139,1165,196
1400000US36005033400,"Census Tract 334, Bronx County, New York",Bronx,8,8,0,14,8,8
1400000US36005033500,"Census Tract 335, Bronx County, New York",Bronx,801,136,381,74,420,127
1400000US36005033601,"Census Tract 336.01, Bronx County, New York",Bronx,2188,248,131,73,2057,257
1400000US36005033602,"Census Tract 336.02, Bronx County, New York",Bronx,589,87,277,106,312,79
1400000US36005033700,"Census Tract 337, Bronx County, New York",Bronx,1049,149,758,160,291,111
1400000US36005033801,"Census Tract 338.01, Bronx County, New York",Bronx,913,292,152,62,761,301
1400000US36005033802,"Census Tract 338.02, Bronx County, New York",Bronx,528,98,73,40,455,106
1400000US36005034000,"Census Tract 340, Bronx County, New York",Bronx,1762,253,395,144,1367,265
1400000US36005034200,"Census Tract 342, Bronx County, New York",Bronx,625,174,245,71,380,175
1400000US36005034300,"Census Tract 343, Bronx County, New York",Bronx,575,78,264,80,311,88
1400000US36005034400,"Census Tract 344, Bronx County, New York",Bronx,586,144,341,80,245,144
1400000US36005034500,"Census Tract 345, Bronx County, New York",Bronx,1680,143,919,199,761,144
1400000US36005034800,"Census Tract 348, Bronx County, New York",Bronx,2106,309,858,299,1248,303
1400000US36005035000,"Census Tract 350, Bronx County, New York",Bronx,790,181,298,72,492,182
1400000US36005035100,"Census Tract 351, Bronx County, New York",Bronx,1258,207,574,118,684,218
1400000US36005035600,"Census Tract 356, Bronx County, New York",Bronx,678,76,398,96,280,93
1400000US36005035800,"Census Tract 358, Bronx County, New York",Bronx,2646,518,1923,459,723,243
1400000US36005035900,"Census Tract 359, Bronx County, New York",Bronx,1693,169,145,98,1548,189
1400000US36005036000,"Census Tract 360, Bronx County, New York",Bronx,962,128,639,128,323,84
1400000US36005036100,"Census Tract 361, Bronx County, New York",Bronx,1969,249,69,75,1900,256
1400000US36005036300,"Census Tract 363, Bronx County, New York",Bronx,2458,308,52,52,2406,307
1400000US36005036400,"Census Tract 364, Bronx County, New York",Bronx,857,150,433,84,424,147
1400000US36005036501,"Census Tract 365.01, Bronx County, New York",Bronx,1445,152,94,88,1351,172
1400000US36005036502,"Census Tract 365.02, Bronx County, New York",Bronx,768,94,34,41,734,106
1400000US36005036700,"Census Tract 367, Bronx County, New York",Bronx,777,174,77,53,700,177
1400000US36005036800,"Census Tract 368, Bronx County, New York",Bronx,624,139,360,147,264,64
1400000US36005036901,"Census Tract 369.01, Bronx County, New York",Bronx,763,104,83,97,680,66
1400000US36005036902,"Census Tract 369.02, Bronx County, New York",Bronx,850,63,29,30,821,76
1400000US36005037000,"Census Tract 370, Bronx County, New York",Bronx,735,100,389,98,346,94
1400000US36005037100,"Census Tract 371, Bronx County, New York",Bronx,1769,217,216,82,1553,225
1400000US36005037200,"Census Tract 372, Bronx County, New York",Bronx,852,101,300,92,552,98
1400000US36005037300,"Census Tract 373, Bronx County, New York",Bronx,2382,338,167,122,2215,383
1400000US36005037400,"Census Tract 374, Bronx County, New York",Bronx,1506,174,226,162,1280,124
1400000US36005037504,"Census Tract 375.04, Bronx County, New York",Bronx,1560,175,31,29,1529,178
1400000US36005037600,"Census Tract 376, Bronx County, New York",Bronx,767,94,263,75,504,112
1400000US36005037800,"Census Tract 378, Bronx County, New York",Bronx,1186,147,217,71,969,146
1400000US36005037900,"Census Tract 379, Bronx County, New York",Bronx,2212,267,157,128,2055,282
1400000US36005038000,"Census Tract 380, Bronx County, New York",Bronx,2114,200,634,203,1480,204
1400000US36005038100,"Census Tract 381, Bronx County, New York",Bronx,2726,367,77,84,2649,396
1400000US36005038200,"Census Tract 382, Bronx County, New York",Bronx,967,115,487,128,480,80
1400000US36005038301,"Census Tract 383.01, Bronx County, New York",Bronx,1601,203,66,43,1535,207
1400000US36005038303,"Census Tract 383.03, Bronx County, New York",Bronx,1237,121,20,32,1217,126
1400000US36005038304,"Census Tract 383.04, Bronx County, New York",Bronx,844,222,0,14,844,222
1400000US36005038500,"Census Tract 385, Bronx County, New York",Bronx,1884,204,25,43,1859,206
1400000US36005038600,"Census Tract 386, Bronx County, New York",Bronx,2869,366,1047,363,1822,212
1400000US36005038700,"Census Tract 387, Bronx County, New York",Bronx,1481,152,21,35,1460,145
1400000US36005038800,"Census Tract 388, Bronx County, New York",Bronx,990,140,574,126,416,129
1400000US36005038900,"Census Tract 389, Bronx County, New York",Bronx,1954,262,16,26,1938,260
1400000US36005039000,"Census Tract 390, Bronx County, New York",Bronx,1104,210,227,87,877,220
1400000US36005039100,"Census Tract 391, Bronx County, New York",Bronx,3026,462,148,195,2878,383
1400000US36005039200,"Census Tract 392, Bronx County, New York",Bronx,634,104,191,73,443,97
1400000US36005039300,"Census Tract 393, Bronx County, New York",Bronx,3092,248,49,55,3043,255
1400000US36005039400,"Census Tract 394, Bronx County, New York",Bronx,1701,189,169,123,1532,200
1400000US36005039500,"Census Tract 395, Bronx County, New York",Bronx,1821,375,112,80,1709,381
1400000US36005039600,"Census Tract 396, Bronx County, New York",Bronx,1436,182,333,128,1103,196
1400000US36005039700,"Census Tract 397, Bronx County, New York",Bronx,521,57,17,20,504,59
1400000US36005039800,"Census Tract 398, Bronx County, New York",Bronx,1251,268,524,142,727,284
1400000US36005039901,"Census Tract 399.01, Bronx County, New York",Bronx,1678,203,25,35,1653,205
1400000US36005039902,"Census Tract 399.02, Bronx County, New York",Bronx,1727,204,17,28,1710,206
1400000US36005040100,"Census Tract 401, Bronx County, New York",Bronx,2172,452,36,42,2136,451
1400000US36005040302,"Census Tract 403.02, Bronx County, New York",Bronx,1581,364,8,13,1573,366
1400000US36005040303,"Census Tract 403.03, Bronx County, New York",Bronx,1375,87,84,54,1291,105
1400000US36005040304,"Census Tract 403.04, Bronx County, New York",Bronx,1267,144,47,35,1220,144
1400000US36005040400,"Census Tract 404, Bronx County, New York",Bronx,1123,187,635,163,488,152
1400000US36005040501,"Census Tract 405.01, Bronx County, New York",Bronx,1325,144,99,69,1226,151
1400000US36005040502,"Census Tract 405.02, Bronx County, New York",Bronx,2461,329,202,166,2259,320
1400000US36005040600,"Census Tract 406, Bronx County, New York",Bronx,1413,235,464,181,949,218
1400000US36005040701,"Census Tract 407.01, Bronx County, New York",Bronx,1205,302,6,11,1199,302
1400000US36005040702,"Census Tract 407.02, Bronx County, New York",Bronx,2801,345,94,76,2707,340
1400000US36005040800,"Census Tract 408, Bronx County, New York",Bronx,1467,230,205,102,1262,252
1400000US36005040900,"Census Tract 409, Bronx County, New York",Bronx,1409,167,474,119,935,181
1400000US36005041100,"Census Tract 411, Bronx County, New York",Bronx,1571,268,171,95,1400,271
1400000US36005041300,"Census Tract 413, Bronx County, New York",Bronx,3199,306,132,85,3067,324
1400000US36005041400,"Census Tract 414, Bronx County, New York",Bronx,1779,303,1028,282,751,263
1400000US36005041500,"Census Tract 415, Bronx County, New York",Bronx,2293,347,398,158,1895,371
1400000US36005041800,"Census Tract 418, Bronx County, New York",Bronx,1289,188,194,99,1095,219
1400000US36005041900,"Census Tract 419, Bronx County, New York",Bronx,2592,258,104,109,2488,280
1400000US36005042000,"Census Tract 420, Bronx County, New York",Bronx,1711,384,90,93,1621,393
1400000US36005042100,"Census Tract 421, Bronx County, New York",Bronx,2290,166,166,118,2124,195
1400000US36005042200,"Census Tract 422, Bronx County, New York",Bronx,1292,262,625,221,667,214
1400000US36005042300,"Census Tract 423, Bronx County, New York",Bronx,1485,149,39,32,1446,150
1400000US36005042400,"Census Tract 424, Bronx County, New York",Bronx,760,114,360,109,400,121
1400000US36005042500,"Census Tract 425, Bronx County, New York",Bronx,2369,266,162,115,2207,282
1400000US36005042600,"Census Tract 426, Bronx County, New York",Bronx,2165,356,1442,322,723,386
1400000US36005042800,"Census Tract 428, Bronx County, New York",Bronx,809,234,685,237,124,53
1400000US36005042901,"Census Tract 429.01, Bronx County, New York",Bronx,1249,198,21,23,1228,196
1400000US36005042902,"Census Tract 429.02, Bronx County, New York",Bronx,1599,145,103,57,1496,148
1400000US36005043000,"Census Tract 430, Bronx County, New York",Bronx,1327,395,830,194,497,378
1400000US36005043101,"Census Tract 431.01, Bronx County, New York",Bronx,1833,275,0,19,1833,275
1400000US36005043102,"Census Tract 431.02, Bronx County, New York",Bronx,1692,238,265,124,1427,258
1400000US36005043400,"Census Tract 434, Bronx County, New York",Bronx,1597,229,625,221,972,196
1400000US36005043501,"Census Tract 435.01, Bronx County, New York",Bronx,446,40,0,14,446,40
1400000US36005043502,"Census Tract 435.02, Bronx County, New York",Bronx,0,14,0,14,0,14
1400000US36005043503,"Census Tract 435.03, Bronx County, New York",Bronx,0,14,0,14,0,14
1400000US36005043600,"Census Tract 436, Bronx County, New York",Bronx,753,94,429,104,324,105
1400000US36005044200,"Census Tract 442, Bronx County, New York",Bronx,1261,307,728,355,533,163
1400000US36005044400,"Census Tract 444, Bronx County, New York",Bronx,1424,247,864,271,560,253
1400000US36005044800,"Census Tract 448, Bronx County, New York",Bronx,713,142,491,128,222,143
1400000US36005044901,"Census Tract 449.01, Bronx County, New York",Bronx,910,105,434,108,476,130
1400000US36005044902,"Census Tract 449.02, Bronx County, New York",Bronx,973,118,300,69,673,135
1400000US36005045101,"Census Tract 451.01, Bronx County, New York",Bronx,1030,282,192,67,838,289
1400000US36005045102,"Census Tract 451.02, Bronx County, New York",Bronx,966,118,608,110,358,139
1400000US36005045600,"Census Tract 456, Bronx County, New York",Bronx,1217,173,816,180,401,181
1400000US36005045800,"Census Tract 458, Bronx County, New York",Bronx,2071,249,0,19,2071,249
1400000US36005046000,"Census Tract 460, Bronx County, New York",Bronx,939,160,162,78,777,168
1400000US36005046203,"Census Tract 462.03, Bronx County, New York",Bronx,3104,662,1472,393,1632,600
1400000US36005046204,"Census Tract 462.04, Bronx County, New York",Bronx,2450,288,1028,354,1422,309
1400000US36005046205,"Census Tract 462.05, Bronx County, New York",Bronx,1840,189,727,202,1113,249
1400000US36005046206,"Census Tract 462.06, Bronx County, New York",Bronx,2040,308,798,168,1242,355
1400000US36005046207,"Census Tract 462.07, Bronx County, New York",Bronx,2913,348,1444,399,1469,246
1400000US36005046208,"Census Tract 462.08, Bronx County, New York",Bronx,1403,295,737,148,666,312
1400000US36005046209,"Census Tract 462.09, Bronx County, New York",Bronx,1410,425,203,93,1207,427
1400000US36005048401,"Census Tract 484.01, Bronx County, New York",Bronx,1251,193,582,180,669,143
1400000US36005048402,"Census Tract 484.02, Bronx County, New York",Bronx,0,14,0,14,0,14
1400000US36005050400,"Census Tract 504, Bronx County, New York",Bronx,0,14,0,14,0,14
1400000US36005051601,"Census Tract 516.01, Bronx County, New York",Bronx,1949,295,1449,309,500,205
1400000US36005051602,"Census Tract 516.02, Bronx County, New York",Bronx,0,14,0,14,0,14
1400000US36047000100,"Census Tract 1, Kings County, New York",Brooklyn,2594,325,1751,277,843,318
1400000US36047000200,"Census Tract 2, Kings County, New York",Brooklyn,383,65,124,55,259,82
1400000US36047000301,"Census Tract 3.01, Kings County, New York",Brooklyn,2100,286,1030,166,1070,265
1400000US36047000501,"Census Tract 5.01, Kings County, New York",Brooklyn,1958,277,1127,288,831,126
1400000US36047000502,"Census Tract 5.02, Kings County, New York",Brooklyn,1498,126,618,126,880,169
1400000US36047000700,"Census Tract 7, Kings County, New York",Brooklyn,2043,254,848,210,1195,233
1400000US36047000900,"Census Tract 9, Kings County, New York",Brooklyn,2408,475,632,203,1776,542
1400000US36047001100,"Census Tract 11, Kings County, New York",Brooklyn,859,112,75,54,784,96
1400000US36047001300,"Census Tract 13, Kings County, New York",Brooklyn,1395,165,867,155,528,179
1400000US36047001501,"Census Tract 15.01, Kings County, New York",Brooklyn,2159,223,369,154,1790,242
1400000US36047001502,"Census Tract 15.02, Kings County, New York",Brooklyn,2990,306,435,164,2555,331
1400000US36047001801,"Census Tract 18.01, Kings County, New York",Brooklyn,0,14,0,14,0,14
1400000US36047001802,"Census Tract 18.02, Kings County, New York",Brooklyn,0,14,0,14,0,14
1400000US36047001803,"Census Tract 18.03, Kings County, New York",Brooklyn,0,14,0,14,0,14
1400000US36047001804,"Census Tract 18.04, Kings County, New York",Brooklyn,0,14,0,14,0,14
1400000US36047002000,"Census Tract 20, Kings County, New York",Brooklyn,407,83,129,51,278,98
1400000US36047002100,"Census Tract 21, Kings County, New York",Brooklyn,2800,272,1391,333,1409,259
1400000US36047002200,"Census Tract 22, Kings County, New York",Brooklyn,1592,183,580,166,1012,187
1400000US36047002300,"Census Tract 23, Kings County, New York",Brooklyn,1475,218,85,76,1390,232
1400000US36047002901,"Census Tract 29.01, Kings County, New York",Brooklyn,1337,171,0,14,1337,171
1400000US36047003000,"Census Tract 30, Kings County, New York",Brooklyn,771,164,368,80,403,181
1400000US36047003101,"Census Tract 31.01, Kings County, New York",Brooklyn,1748,202,672,133,1076,181
1400000US36047003102,"Census Tract 31.02, Kings County, New York",Brooklyn,0,14,0,14,0,14
1400000US36047003300,"Census Tract 33, Kings County, New York",Brooklyn,2507,329,301,98,2206,318
1400000US36047003400,"Census Tract 34, Kings County, New York",Brooklyn,1525,220,758,135,767,214
1400000US36047003500,"Census Tract 35, Kings County, New York",Brooklyn,1167,110,187,66,980,114
1400000US36047003600,"Census Tract 36, Kings County, New York",Brooklyn,1934,228,620,146,1314,262
1400000US36047003700,"Census Tract 37, Kings County, New York",Brooklyn,2727,271,413,161,2314,216
1400000US36047003800,"Census Tract 38, Kings County, New York",Brooklyn,596,61,382,71,214,64
1400000US36047003900,"Census Tract 39, Kings County, New York",Brooklyn,1320,108,406,123,914,129
1400000US36047004100,"Census Tract 41, Kings County, New York",Brooklyn,1387,162,415,106,972,158
1400000US36047004300,"Census Tract 43, Kings County, New York",Brooklyn,1964,176,527,145,1437,231
1400000US36047004400,"Census Tract 44, Kings County, New York",Brooklyn,922,84,698,88,224,67
1400000US36047004500,"Census Tract 45, Kings County, New York",Brooklyn,1692,128,779,140,913,135
1400000US36047004600,"Census Tract 46, Kings County, New York",Brooklyn,512,141,337,92,175,131
1400000US36047004700,"Census Tract 47, Kings County, New York",Brooklyn,849,96,270,65,579,99
1400000US36047004900,"Census Tract 49, Kings County, New York",Brooklyn,1056,143,397,117,659,110
1400000US36047005000,"Census Tract 50, Kings County, New York",Brooklyn,1069,132,583,106,486,118
1400000US36047005100,"Census Tract 51, Kings County, New York",Brooklyn,1008,184,506,123,502,138
1400000US36047005201,"Census Tract 52.01, Kings County, New York",Brooklyn,968,111,191,43,777,120
1400000US36047005202,"Census Tract 52.02, Kings County, New York",Brooklyn,1496,151,784,170,712,134
1400000US36047005301,"Census Tract 53.01, Kings County, New York",Brooklyn,920,131,348,114,572,99
1400000US36047005302,"Census Tract 53.02, Kings County, New York",Brooklyn,45,32,0,14,45,32
1400000US36047005303,"Census Tract 53.03, Kings County, New York",Brooklyn,67,45,44,34,23,33
1400000US36047005400,"Census Tract 54, Kings County, New York",Brooklyn,1751,206,529,119,1222,222
1400000US36047005601,"Census Tract 56.01, Kings County, New York",Brooklyn,1451,309,817,302,634,125
1400000US36047005602,"Census Tract 56.02, Kings County, New York",Brooklyn,965,123,604,146,361,76
1400000US36047005800,"Census Tract 58, Kings County, New York",Brooklyn,1459,145,336,93,1123,149
1400000US36047005900,"Census Tract 59, Kings County, New York",Brooklyn,633,74,55,36,578,81
1400000US36047006000,"Census Tract 60, Kings County, New York",Brooklyn,969,152,286,113,683,135
1400000US36047006200,"Census Tract 62, Kings County, New York",Brooklyn,1098,120,314,97,784,146
1400000US36047006300,"Census Tract 63, Kings County, New York",Brooklyn,874,155,253,77,621,138
1400000US36047006400,"Census Tract 64, Kings County, New York",Brooklyn,1460,136,403,116,1057,156
1400000US36047006500,"Census Tract 65, Kings County, New York",Brooklyn,2456,365,1056,365,1400,227
1400000US36047006600,"Census Tract 66, Kings County, New York",Brooklyn,1714,168,427,118,1287,190
1400000US36047006700,"Census Tract 67, Kings County, New York",Brooklyn,1587,273,658,128,929,244
1400000US36047006800,"Census Tract 68, Kings County, New York",Brooklyn,1637,190,312,118,1325,189
1400000US36047006901,"Census Tract 69.01, Kings County, New York",Brooklyn,807,132,260,69,547,131
1400000US36047006902,"Census Tract 69.02, Kings County, New York",Brooklyn,826,112,323,72,503,119
1400000US36047007000,"Census Tract 70, Kings County, New York",Brooklyn,1210,169,546,153,664,167
1400000US36047007100,"Census Tract 71, Kings County, New York",Brooklyn,1631,196,294,92,1337,209
1400000US36047007200,"Census Tract 72, Kings County, New York",Brooklyn,570,103,46,40,524,115
1400000US36047007400,"Census Tract 74, Kings County, New York",Brooklyn,1568,235,308,99,1260,260
1400000US36047007500,"Census Tract 75, Kings County, New York",Brooklyn,2101,296,968,173,1133,311
1400000US36047007600,"Census Tract 76, Kings County, New York",Brooklyn,1280,218,294,133,986,210
1400000US36047007700,"Census Tract 77, Kings County, New York",Brooklyn,2901,353,837,342,2064,224
1400000US36047007800,"Census Tract 78, Kings County, New York",Brooklyn,1387,206,366,100,1021,206
1400000US36047008000,"Census Tract 80, Kings County, New York",Brooklyn,1458,182,423,162,1035,211
1400000US36047008200,"Census Tract 82, Kings County, New York",Brooklyn,1476,262,276,138,1200,258
1400000US36047008400,"Census Tract 84, Kings County, New York",Brooklyn,1064,232,287,145,777,254
1400000US36047008500,"Census Tract 85, Kings County, New York",Brooklyn,2995,410,0,19,2995,410
1400000US36047008600,"Census Tract 86, Kings County, New York",Brooklyn,0,14,0,14,0,14
1400000US36047008800,"Census Tract 88, Kings County, New York",Brooklyn,1193,225,460,114,733,248
1400000US36047009001,"Census Tract 90.01, Kings County, New York",Brooklyn,472,65,147,65,325,84
1400000US36047009002,"Census Tract 90.02, Kings County, New York",Brooklyn,397,96,47,27,350,101
1400000US36047009201,"Census Tract 92.01, Kings County, New York",Brooklyn,586,72,243,92,343,77
1400000US36047009202,"Census Tract 92.02, Kings County, New York",Brooklyn,1019,204,120,52,899,206
1400000US36047009401,"Census Tract 94.01, Kings County, New York",Brooklyn,499,68,161,56,338,67
1400000US36047009402,"Census Tract 94.02, Kings County, New York",Brooklyn,937,217,252,136,685,190
1400000US36047009600,"Census Tract 96, Kings County, New York",Brooklyn,1932,237,699,168,1233,197
1400000US36047009800,"Census Tract 98, Kings County, New York",Brooklyn,1835,230,238,91,1597,232
1400000US36047010000,"Census Tract 100, Kings County, New York",Brooklyn,1840,272,470,210,1370,234
1400000US36047010100,"Census Tract 101, Kings County, New York",Brooklyn,1579,323,485,134,1094,336
1400000US36047010200,"Census Tract 102, Kings County, New York",Brooklyn,1297,145,351,121,946,153
1400000US36047010401,"Census Tract 104.01, Kings County, New York",Brooklyn,607,117,92,52,515,121
1400000US36047010402,"Census Tract 104.02, Kings County, New York",Brooklyn,704,165,104,48,600,162
1400000US36047010601,"Census Tract 106.01, Kings County, New York",Brooklyn,562,73,82,49,480,76
1400000US36047010602,"Census Tract 106.02, Kings County, New York",Brooklyn,610,201,183,99,427,186
1400000US36047010801,"Census Tract 108.01, Kings County, New York",Brooklyn,564,113,158,54,406,125
1400000US36047010802,"Census Tract 108.02, Kings County, New York",Brooklyn,679,143,126,51,553,139
1400000US36047011000,"Census Tract 110, Kings County, New York",Brooklyn,650,96,235,92,415,85
1400000US36047011200,"Census Tract 112, Kings County, New York",Brooklyn,2096,326,349,173,1747,312
1400000US36047011400,"Census Tract 114, Kings County, New York",Brooklyn,864,177,185,117,679,199
1400000US36047011600,"Census Tract 116, Kings County, New York",Brooklyn,1058,249,266,137,792,254
1400000US36047011700,"Census Tract 117, Kings County, New York",Brooklyn,1251,184,625,186,626,145
1400000US36047011800,"Census Tract 118, Kings County, New York",Brooklyn,644,102,73,40,571,103
1400000US36047011901,"Census Tract 119.01, Kings County, New York",Brooklyn,576,97,193,87,383,57
1400000US36047011902,"Census Tract 119.02, Kings County, New York",Brooklyn,0,14,0,14,0,14
1400000US36047012000,"Census Tract 120, Kings County, New York",Brooklyn,341,115,118,110,223,43
1400000US36047012100,"Census Tract 121, Kings County, New York",Brooklyn,950,145,308,100,642,115
1400000US36047012200,"Census Tract 122, Kings County, New York",Brooklyn,1466,280,401,129,1065,289
1400000US36047012600,"Census Tract 126, Kings County, New York",Brooklyn,892,91,279,80,613,94
1400000US36047012700,"Census Tract 127, Kings County, New York",Brooklyn,1788,215,213,145,1575,180
1400000US36047012801,"Census Tract 128.01, Kings County, New York",Brooklyn,754,148,212,70,542,142
1400000US36047012901,"Census Tract 129.01, Kings County, New York",Brooklyn,1030,124,567,106,463,148
1400000US36047012902,"Census Tract 129.02, Kings County, New York",Brooklyn,1902,203,273,148,1629,231
1400000US36047013000,"Census Tract 130, Kings County, New York",Brooklyn,1799,133,535,139,1264,172
1400000US36047013100,"Census Tract 131, Kings County, New York",Brooklyn,1787,306,521,252,1266,179
1400000US36047013200,"Census Tract 132, Kings County, New York",Brooklyn,722,114,332,120,390,83
1400000US36047013300,"Census Tract 133, Kings County, New York",Brooklyn,1807,186,724,145,1083,189
1400000US36047013400,"Census Tract 134, Kings County, New York",Brooklyn,1398,126,449,116,949,152
1400000US36047013500,"Census Tract 135, Kings County, New York",Brooklyn,1591,198,864,180,727,167
1400000US36047013600,"Census Tract 136, Kings County, New York",Brooklyn,1560,258,617,107,943,257
1400000US36047013700,"Census Tract 137, Kings County, New York",Brooklyn,1498,196,385,96,1113,198
1400000US36047013800,"Census Tract 138, Kings County, New York",Brooklyn,1253,147,280,109,973,148
1400000US36047013900,"Census Tract 139, Kings County, New York",Brooklyn,1430,182,481,136,949,157
1400000US36047014000,"Census Tract 140, Kings County, New York",Brooklyn,692,187,339,135,353,126
1400000US36047014101,"Census Tract 141.01, Kings County, New York",Brooklyn,535,45,242,52,293,58
1400000US36047014102,"Census Tract 141.02, Kings County, New York",Brooklyn,906,215,397,196,509,122
1400000US36047014200,"Census Tract 142, Kings County, New York",Brooklyn,1264,166,246,103,1018,186
1400000US36047014300,"Census Tract 143, Kings County, New York",Brooklyn,1423,158,436,139,987,181
1400000US36047014500,"Census Tract 145, Kings County, New York",Brooklyn,1878,256,482,114,1396,262
1400000US36047014700,"Census Tract 147, Kings County, New York",Brooklyn,857,138,393,90,464,103
1400000US36047014800,"Census Tract 148, Kings County, New York",Brooklyn,407,78,304,81,103,70
1400000US36047014901,"Census Tract 149.01, Kings County, New York",Brooklyn,635,87,277,80,358,98
1400000US36047014902,"Census Tract 149.02, Kings County, New York",Brooklyn,1872,439,603,114,1269,439
1400000US36047015000,"Census Tract 150, Kings County, New York",Brooklyn,543,96,351,77,192,77
1400000US36047015100,"Census Tract 151, Kings County, New York",Brooklyn,1763,174,915,139,848,159
1400000US36047015200,"Census Tract 152, Kings County, New York",Brooklyn,883,140,480,98,403,142
1400000US36047015300,"Census Tract 153, Kings County, New York",Brooklyn,1196,203,341,81,855,193
1400000US36047015400,"Census Tract 154, Kings County, New York",Brooklyn,0,14,0,14,0,14
1400000US36047015500,"Census Tract 155, Kings County, New York",Brooklyn,1436,225,874,238,562,154
1400000US36047015700,"Census Tract 157, Kings County, New York",Brooklyn,2109,428,915,178,1194,424
1400000US36047015900,"Census Tract 159, Kings County, New York",Brooklyn,2613,260,1486,260,1127,278
1400000US36047016000,"Census Tract 160, Kings County, New York",Brooklyn,1853,223,409,105,1444,237
1400000US36047016100,"Census Tract 161, Kings County, New York",Brooklyn,1592,174,571,155,1021,156
1400000US36047016200,"Census Tract 162, Kings County, New York",Brooklyn,1106,206,439,121,667,219
1400000US36047016300,"Census Tract 163, Kings County, New York",Brooklyn,1988,178,603,124,1385,212
1400000US36047016400,"Census Tract 164, Kings County, New York",Brooklyn,173,63,16,13,157,62
1400000US36047016500,"Census Tract 165, Kings County, New York",Brooklyn,2387,304,1160,274,1227,201
1400000US36047016600,"Census Tract 166, Kings County, New York",Brooklyn,709,89,645,85,64,37
1400000US36047016700,"Census Tract 167, Kings County, New York",Brooklyn,2191,486,1147,456,1044,268
1400000US36047016800,"Census Tract 168, Kings County, New York",Brooklyn,761,163,491,113,270,147
1400000US36047016900,"Census Tract 169, Kings County, New York",Brooklyn,2005,332,749,212,1256,353
1400000US36047017000,"Census Tract 170, Kings County, New York",Brooklyn,1152,177,605,177,547,110
1400000US36047017100,"Census Tract 171, Kings County, New York",Brooklyn,1627,254,770,115,857,262
1400000US36047017200,"Census Tract 172, Kings County, New York",Brooklyn,946,164,500,160,446,168
1400000US36047017400,"Census Tract 174, Kings County, New York",Brooklyn,721,76,477,85,244,80
1400000US36047017500,"Census Tract 175, Kings County, New York",Brooklyn,0,14,0,14,0,14
1400000US36047017600,"Census Tract 176, Kings County, New York",Brooklyn,838,100,392,74,446,90
1400000US36047017700,"Census Tract 177, Kings County, New York",Brooklyn,0,14,0,14,0,14
1400000US36047017800,"Census Tract 178, Kings County, New York",Brooklyn,844,123,297,93,547,122
1400000US36047017900,"Census Tract 179, Kings County, New York",Brooklyn,1414,123,399,136,1015,134
1400000US36047018000,"Census Tract 180, Kings County, New York",Brooklyn,971,198,380,121,591,206
1400000US36047018100,"Census Tract 181, Kings County, New York",Brooklyn,2158,278,420,143,1738,308
1400000US36047018200,"Census Tract 182, Kings County, New York",Brooklyn,1159,152,602,147,557,130
1400000US36047018300,"Census Tract 183, Kings County, New York",Brooklyn,1365,158,464,124,901,173
1400000US36047018400,"Census Tract 184, Kings County, New York",Brooklyn,723,104,555,112,168,55
1400000US36047018501,"Census Tract 185.01, Kings County, New York",Brooklyn,1719,248,226,246,1493,160
1400000US36047018600,"Census Tract 186, Kings County, New York",Brooklyn,618,119,334,100,284,88
1400000US36047018700,"Census Tract 187, Kings County, New York",Brooklyn,550,78,249,84,301,60
1400000US36047018800,"Census Tract 188, Kings County, New York",Brooklyn,1081,295,426,100,655,300
1400000US36047019000,"Census Tract 190, Kings County, New York",Brooklyn,1600,302,313,103,1287,334
1400000US36047019100,"Census Tract 191, Kings County, New York",Brooklyn,1282,179,392,121,890,161
1400000US36047019200,"Census Tract 192, Kings County, New York",Brooklyn,737,104,237,81,500,126
1400000US36047019300,"Census Tract 193, Kings County, New York",Brooklyn,2626,365,1322,403,1304,313
1400000US36047019400,"Census Tract 194, Kings County, New York",Brooklyn,1159,348,375,214,784,321
1400000US36047019500,"Census Tract 195, Kings County, New York",Brooklyn,1871,217,1179,222,692,152
1400000US36047019600,"Census Tract 196, Kings County, New York",Brooklyn,1397,287,562,273,835,211
1400000US36047019700,"Census Tract 197, Kings County, New York",Brooklyn,1797,226,963,213,834,206
1400000US36047019800,"Census Tract 198, Kings County, New York",Brooklyn,650,134,420,118,230,73
1400000US36047019900,"Census Tract 199, Kings County, New York",Brooklyn,2401,315,314,119,2087,315
1400000US36047020000,"Census Tract 200, Kings County, New York",Brooklyn,666,123,331,79,335,115
1400000US36047020100,"Census Tract 201, Kings County, New York",Brooklyn,1914,241,559,145,1355,214
1400000US36047020200,"Census Tract 202, Kings County, New York",Brooklyn,630,90,465,69,165,62
1400000US36047020300,"Census Tract 203, Kings County, New York",Brooklyn,963,69,304,80,659,101
1400000US36047020400,"Census Tract 204, Kings County, New York",Brooklyn,704,110,563,114,141,71
1400000US36047020500,"Census Tract 205, Kings County, New York",Brooklyn,1586,184,783,191,803,137
1400000US36047020600,"Census Tract 206, Kings County, New York",Brooklyn,799,132,527,119,272,104
1400000US36047020700,"Census Tract 207, Kings County, New York",Brooklyn,2343,260,934,201,1409,203
1400000US36047020800,"Census Tract 208, Kings County, New York",Brooklyn,1079,382,526,356,553,138
1400000US36047021000,"Census Tract 210, Kings County, New York",Brooklyn,1121,216,487,182,634,167
1400000US36047021100,"Census Tract 211, Kings County, New York",Brooklyn,1137,152,141,61,996,163
1400000US36047021200,"Census Tract 212, Kings County, New York",Brooklyn,1214,227,287,136,927,219
1400000US36047021300,"Census Tract 213, Kings County, New York",Brooklyn,2041,285,191,67,1850,289
1400000US36047021400,"Census Tract 214, Kings County, New York",Brooklyn,528,98,152,66,376,87
1400000US36047021500,"Census Tract 215, Kings County, New York",Brooklyn,2771,327,821,214,1950,324
1400000US36047021600,"Census Tract 216, Kings County, New York",Brooklyn,976,143,272,86,704,145
1400000US36047021700,"Census Tract 217, Kings County, New York",Brooklyn,1937,196,279,114,1658,190
1400000US36047021800,"Census Tract 218, Kings County, New York",Brooklyn,813,148,171,99,642,150
1400000US36047021900,"Census Tract 219, Kings County, New York",Brooklyn,1943,185,300,153,1643,172
1400000US36047022000,"Census Tract 220, Kings County, New York",Brooklyn,1295,241,266,110,1029,264
1400000US36047022100,"Census Tract 221, Kings County, New York",Brooklyn,1680,228,329,220,1351,146
1400000US36047022200,"Census Tract 222, Kings County, New York",Brooklyn,1099,191,241,129,858,199
1400000US36047022400,"Census Tract 224, Kings County, New York",Brooklyn,1201,234,475,218,726,146
1400000US36047022600,"Census Tract 226, Kings County, New York",Brooklyn,543,111,236,95,307,79
1400000US36047022700,"Census Tract 227, Kings County, New York",Brooklyn,2167,256,330,137,1837,278
1400000US36047022800,"Census Tract 228, Kings County, New York",Brooklyn,763,131,332,138,431,99
1400000US36047022900,"Census Tract 229, Kings County, New York",Brooklyn,1679,225,330,109,1349,236
1400000US36047023000,"Census Tract 230, Kings County, New York",Brooklyn,1024,189,235,142,789,193
1400000US36047023100,"Census Tract 231, Kings County, New York",Brooklyn,1773,211,521,127,1252,230
1400000US36047023200,"Census Tract 232, Kings County, New York",Brooklyn,1418,183,466,158,952,181
1400000US36047023300,"Census Tract 233, Kings County, New York",Brooklyn,2211,239,473,170,1738,289
1400000US36047023400,"Census Tract 234, Kings County, New York",Brooklyn,1431,195,268,117,1163,191
1400000US36047023500,"Census Tract 235, Kings County, New York",Brooklyn,1557,157,377,129,1180,192
1400000US36047023600,"Census Tract 236, Kings County, New York",Brooklyn,1491,128,173,82,1318,160
1400000US36047023800,"Census Tract 238, Kings County, New York",Brooklyn,1194,157,177,68,1017,165
1400000US36047024000,"Census Tract 240, Kings County, New York",Brooklyn,1420,214,210,80,1210,232
1400000US36047024100,"Census Tract 241, Kings County, New York",Brooklyn,1158,155,115,58,1043,172
1400000US36047024200,"Census Tract 242, Kings County, New York",Brooklyn,737,90,298,79,439,86
1400000US36047024300,"Census Tract 243, Kings County, New York",Brooklyn,1934,251,714,206,1220,239
1400000US36047024400,"Census Tract 244, Kings County, New York",Brooklyn,996,217,324,112,672,201
1400000US36047024500,"Census Tract 245, Kings County, New York",Brooklyn,1977,195,619,137,1358,203
1400000US36047024600,"Census Tract 246, Kings County, New York",Brooklyn,836,92,460,111,376,98
1400000US36047024700,"Census Tract 247, Kings County, New York",Brooklyn,1382,278,135,82,1247,287
1400000US36047024800,"Census Tract 248, Kings County, New York",Brooklyn,779,99,359,85,420,112
1400000US36047024900,"Census Tract 249, Kings County, New York",Brooklyn,1966,237,125,64,1841,239
1400000US36047025000,"Census Tract 250, Kings County, New York",Brooklyn,466,99,222,64,244,95
1400000US36047025100,"Census Tract 251, Kings County, New York",Brooklyn,1763,225,251,199,1512,235
1400000US36047025200,"Census Tract 252, Kings County, New York",Brooklyn,1654,300,423,144,1231,269
1400000US36047025300,"Census Tract 253, Kings County, New York",Brooklyn,1482,138,474,153,1008,162
1400000US36047025400,"Census Tract 254, Kings County, New York",Brooklyn,1175,332,432,213,743,275
1400000US36047025500,"Census Tract 255, Kings County, New York",Brooklyn,2092,390,31,41,2061,396
1400000US36047025600,"Census Tract 256, Kings County, New York",Brooklyn,1095,400,332,80,763,397
1400000US36047025700,"Census Tract 257, Kings County, New York",Brooklyn,946,122,132,84,814,131
1400000US36047025800,"Census Tract 258, Kings County, New York",Brooklyn,1312,162,161,71,1151,185
1400000US36047025901,"Census Tract 259.01, Kings County, New York",Brooklyn,832,136,108,60,724,137
1400000US36047025902,"Census Tract 259.02, Kings County, New York",Brooklyn,1448,373,132,83,1316,382
1400000US36047026000,"Census Tract 260, Kings County, New York",Brooklyn,1000,136,373,99,627,145
1400000US36047026100,"Census Tract 261, Kings County, New York",Brooklyn,2457,223,57,48,2400,224
1400000US36047026200,"Census Tract 262, Kings County, New York",Brooklyn,784,104,416,90,368,86
1400000US36047026300,"Census Tract 263, Kings County, New York",Brooklyn,939,149,288,88,651,157
1400000US36047026400,"Census Tract 264, Kings County, New York",Brooklyn,1534,289,415,259,1119,133
1400000US36047026500,"Census Tract 265, Kings County, New York",Brooklyn,1977,278,383,165,1594,322
1400000US36047026600,"Census Tract 266, Kings County, New York",Brooklyn,1148,130,280,104,868,149
1400000US36047026700,"Census Tract 267, Kings County, New York",Brooklyn,1765,212,500,164,1265,239
1400000US36047026800,"Census Tract 268, Kings County, New York",Brooklyn,1520,282,529,195,991,248
1400000US36047026900,"Census Tract 269, Kings County, New York",Brooklyn,1302,153,306,151,996,169
1400000US36047027000,"Census Tract 270, Kings County, New York",Brooklyn,876,109,246,64,630,115
1400000US36047027100,"Census Tract 271, Kings County, New York",Brooklyn,1610,169,198,102,1412,188
1400000US36047027200,"Census Tract 272, Kings County, New York",Brooklyn,1430,224,476,237,954,115
1400000US36047027300,"Census Tract 273, Kings County, New York",Brooklyn,1420,174,565,166,855,150
1400000US36047027400,"Census Tract 274, Kings County, New York",Brooklyn,988,115,389,150,599,144
1400000US36047027500,"Census Tract 275, Kings County, New York",Brooklyn,1791,194,760,181,1031,183
1400000US36047027600,"Census Tract 276, Kings County, New York",Brooklyn,1294,297,338,135,956,297
1400000US36047027700,"Census Tract 277, Kings County, New York",Brooklyn,1660,175,242,116,1418,195
1400000US36047027800,"Census Tract 278, Kings County, New York",Brooklyn,1130,158,308,138,822,117
1400000US36047027900,"Census Tract 279, Kings County, New York",Brooklyn,1692,189,634,156,1058,184
1400000US36047028000,"Census Tract 280, Kings County, New York",Brooklyn,595,107,299,70,296,92
1400000US36047028100,"Census Tract 281, Kings County, New York",Brooklyn,1879,165,106,50,1773,173
1400000US36047028200,"Census Tract 282, Kings County, New York",Brooklyn,1190,249,466,200,724,180
1400000US36047028300,"Census Tract 283, Kings County, New York",Brooklyn,1584,241,230,181,1354,145
1400000US36047028400,"Census Tract 284, Kings County, New York",Brooklyn,1445,230,190,66,1255,233
1400000US36047028501,"Census Tract 285.01, Kings County, New York",Brooklyn,321,97,6,9,315,96
1400000US36047028502,"Census Tract 285.02, Kings County, New York",Brooklyn,1187,167,0,14,1187,167
1400000US36047028600,"Census Tract 286, Kings County, New York",Brooklyn,1748,192,150,99,1598,213
1400000US36047028700,"Census Tract 287, Kings County, New York",Brooklyn,1304,194,199,112,1105,185
1400000US36047028800,"Census Tract 288, Kings County, New York",Brooklyn,1123,190,349,164,774,108
1400000US36047028900,"Census Tract 289, Kings County, New York",Brooklyn,1601,275,220,105,1381,286
1400000US36047029000,"Census Tract 290, Kings County, New York",Brooklyn,1531,190,322,90,1209,201
1400000US36047029100,"Census Tract 291, Kings County, New York",Brooklyn,1451,150,449,180,1002,205
1400000US36047029200,"Census Tract 292, Kings County, New York",Brooklyn,1014,111,311,93,703,144
1400000US36047029300,"Census Tract 293, Kings County, New York",Brooklyn,1326,162,292,113,1034,194
1400000US36047029400,"Census Tract 294, Kings County, New York",Brooklyn,603,155,184,102,419,129
1400000US36047029500,"Census Tract 295, Kings County, New York",Brooklyn,1886,273,754,188,1132,320
1400000US36047029600,"Census Tract 296, Kings County, New York",Brooklyn,1989,256,517,172,1472,331
1400000US36047029700,"Census Tract 297, Kings County, New York",Brooklyn,1705,187,615,143,1090,202
1400000US36047029800,"Census Tract 298, Kings County, New York",Brooklyn,1110,126,295,93,815,127
1400000US36047029900,"Census Tract 299, Kings County, New York",Brooklyn,1247,233,292,91,955,247
1400000US36047030000,"Census Tract 300, Kings County, New York",Brooklyn,1354,168,343,133,1011,191
1400000US36047030100,"Census Tract 301, Kings County, New York",Brooklyn,1106,233,347,128,759,231
1400000US36047030200,"Census Tract 302, Kings County, New York",Brooklyn,1323,176,577,113,746,182
1400000US36047030300,"Census Tract 303, Kings County, New York",Brooklyn,2198,218,403,130,1795,263
1400000US36047030400,"Census Tract 304, Kings County, New York",Brooklyn,1505,166,703,147,802,170
1400000US36047030500,"Census Tract 305, Kings County, New York",Brooklyn,3332,228,403,191,2929,282
1400000US36047030600,"Census Tract 306, Kings County, New York",Brooklyn,672,100,440,106,232,74
1400000US36047030700,"Census Tract 307, Kings County, New York",Brooklyn,2861,473,497,429,2364,375
1400000US36047030800,"Census Tract 308, Kings County, New York",Brooklyn,710,121,478,120,232,85
1400000US36047030900,"Census Tract 309, Kings County, New York",Brooklyn,933,142,136,61,797,151
1400000US36047031100,"Census Tract 311, Kings County, New York",Brooklyn,1325,176,370,135,955,201
1400000US36047031300,"Census Tract 313, Kings County, New York",Brooklyn,2277,456,328,158,1949,454
1400000US36047031401,"Census Tract 314.01, Kings County, New York",Brooklyn,1842,170,964,205,878,227
1400000US36047031402,"Census Tract 314.02, Kings County, New York",Brooklyn,0,14,0,14,0,14
1400000US36047031500,"Census Tract 315, Kings County, New York",Brooklyn,2481,245,173,100,2308,269
1400000US36047031701,"Census Tract 317.01, Kings County, New York",Brooklyn,1701,256,257,125,1444,288
1400000US36047031702,"Census Tract 317.02, Kings County, New York",Brooklyn,1553,210,428,180,1125,184
1400000US36047031900,"Census Tract 319, Kings County, New York",Brooklyn,1308,178,342,209,966,162
1400000US36047032100,"Census Tract 321, Kings County, New York",Brooklyn,2188,272,347,214,1841,361
1400000US36047032300,"Census Tract 323, Kings County, New York",Brooklyn,1695,222,355,172,1340,159
1400000US36047032500,"Census Tract 325, Kings County, New York",Brooklyn,2715,301,114,73,2601,300
1400000US36047032600,"Census Tract 326, Kings County, New York",Brooklyn,3091,599,673,470,2418,356
1400000US36047032700,"Census Tract 327, Kings County, New York",Brooklyn,1420,151,286,121,1134,181
1400000US36047032800,"Census Tract 328, Kings County, New York",Brooklyn,1122,193,417,98,705,194
1400000US36047032900,"Census Tract 329, Kings County, New York",Brooklyn,2121,298,583,310,1538,261
1400000US36047033000,"Census Tract 330, Kings County, New York",Brooklyn,1944,208,86,56,1858,217
1400000US36047033100,"Census Tract 331, Kings County, New York",Brooklyn,1743,276,312,121,1431,289
1400000US36047033300,"Census Tract 333, Kings County, New York",Brooklyn,1366,156,495,156,871,191
1400000US36047033500,"Census Tract 335, Kings County, New York",Brooklyn,954,149,501,97,453,141
1400000US36047033600,"Census Tract 336, Kings County, New York",Brooklyn,1592,184,838,176,754,185
1400000US36047033701,"Census Tract 337.01, Kings County, New York",Brooklyn,945,186,195,77,750,183
1400000US36047033702,"Census Tract 337.02, Kings County, New York",Brooklyn,575,68,204,60,371,84
1400000US36047033900,"Census Tract 339, Kings County, New York",Brooklyn,2041,226,629,231,1412,232
1400000US36047034000,"Census Tract 340, Kings County, New York",Brooklyn,679,104,0,14,679,104
1400000US36047034100,"Census Tract 341, Kings County, New York",Brooklyn,1174,214,103,68,1071,199
1400000US36047034200,"Census Tract 342, Kings County, New York",Brooklyn,2927,273,141,186,2786,214
1400000US36047034300,"Census Tract 343, Kings County, New York",Brooklyn,1892,252,211,115,1681,260
1400000US36047034500,"Census Tract 345, Kings County, New York",Brooklyn,1097,189,315,129,782,187
1400000US36047034700,"Census Tract 347, Kings County, New York",Brooklyn,1860,248,409,158,1451,302
1400000US36047034800,"Census Tract 348, Kings County, New York",Brooklyn,938,149,72,47,866,157
1400000US36047034901,"Census Tract 349.01, Kings County, New York",Brooklyn,817,197,21,31,796,203
1400000US36047034902,"Census Tract 349.02, Kings County, New York",Brooklyn,1669,337,74,74,1595,325
1400000US36047035000,"Census Tract 350, Kings County, New York",Brooklyn,1611,228,449,194,1162,171
1400000US36047035101,"Census Tract 351.01, Kings County, New York",Brooklyn,762,139,6,14,756,138
1400000US36047035102,"Census Tract 351.02, Kings County, New York",Brooklyn,1047,133,106,93,941,92
1400000US36047035200,"Census Tract 352, Kings County, New York",Brooklyn,821,183,4,6,817,183
1400000US36047035301,"Census Tract 353.01, Kings County, New York",Brooklyn,1116,177,0,14,1116,177
1400000US36047035302,"Census Tract 353.02, Kings County, New York",Brooklyn,1014,132,276,78,738,134
1400000US36047035400,"Census Tract 354, Kings County, New York",Brooklyn,2856,304,1404,367,1452,274
1400000US36047035500,"Census Tract 355, Kings County, New York",Brooklyn,2068,224,179,136,1889,260
1400000US36047035601,"Census Tract 356.01, Kings County, New York",Brooklyn,1397,175,408,126,989,197
1400000US36047035602,"Census Tract 356.02, Kings County, New York",Brooklyn,3207,282,1301,290,1906,235
1400000US36047035701,"Census Tract 357.01, Kings County, New York",Brooklyn,1105,176,29,32,1076,181
1400000US36047035702,"Census Tract 357.02, Kings County, New York",Brooklyn,0,14,0,14,0,14
1400000US36047035900,"Census Tract 359, Kings County, New York",Brooklyn,2462,267,319,222,2143,250
1400000US36047036001,"Census Tract 360.01, Kings County, New York",Brooklyn,1786,137,262,76,1524,156
1400000US36047036002,"Census Tract 360.02, Kings County, New York",Brooklyn,2203,249,149,104,2054,273
1400000US36047036100,"Census Tract 361, Kings County, New York",Brooklyn,1268,155,111,103,1157,128
1400000US36047036200,"Census Tract 362, Kings County, New York",Brooklyn,1353,271,281,118,1072,275
1400000US36047036300,"Census Tract 363, Kings County, New York",Brooklyn,2105,257,443,167,1662,275
1400000US36047036400,"Census Tract 364, Kings County, New York",Brooklyn,955,192,354,140,601,162
1400000US36047036501,"Census Tract 365.01, Kings County, New York",Brooklyn,1378,137,131,111,1247,114
1400000US36047036502,"Census Tract 365.02, Kings County, New York",Brooklyn,745,134,80,36,665,124
1400000US36047036600,"Census Tract 366, Kings County, New York",Brooklyn,1388,106,315,103,1073,124
1400000US36047036700,"Census Tract 367, Kings County, New York",Brooklyn,705,163,224,107,481,160
1400000US36047036900,"Census Tract 369, Kings County, New York",Brooklyn,2455,313,398,186,2057,337
1400000US36047037000,"Census Tract 370, Kings County, New York",Brooklyn,1479,181,860,185,619,138
1400000US36047037100,"Census Tract 371, Kings County, New York",Brooklyn,1728,186,533,150,1195,220
1400000US36047037300,"Census Tract 373, Kings County, New York",Brooklyn,2012,299,448,128,1564,320
1400000US36047037401,"Census Tract 374.01, Kings County, New York",Brooklyn,1819,214,609,184,1210,194
1400000US36047037402,"Census Tract 374.02, Kings County, New York",Brooklyn,2276,154,452,194,1824,218
1400000US36047037500,"Census Tract 375, Kings County, New York",Brooklyn,1560,184,242,136,1318,198
1400000US36047037700,"Census Tract 377, Kings County, New York",Brooklyn,1912,231,698,169,1214,279
1400000US36047037900,"Census Tract 379, Kings County, New York",Brooklyn,1584,168,443,151,1141,222
1400000US36047038100,"Census Tract 381, Kings County, New York",Brooklyn,2458,271,420,175,2038,323
1400000US36047038200,"Census Tract 382, Kings County, New York",Brooklyn,1985,254,163,124,1822,270
1400000US36047038300,"Census Tract 383, Kings County, New York",Brooklyn,2158,251,758,271,1400,210
1400000US36047038500,"Census Tract 385, Kings County, New York",Brooklyn,1571,273,481,226,1090,259
1400000US36047038600,"Census Tract 386, Kings County, New York",Brooklyn,1086,206,424,106,662,206
1400000US36047038700,"Census Tract 387, Kings County, New York",Brooklyn,2093,407,983,478,1110,231
1400000US36047038800,"Census Tract 388, Kings County, New York",Brooklyn,1530,286,627,256,903,203
1400000US36047038900,"Census Tract 389, Kings County, New York",Brooklyn,1472,233,376,187,1096,195
1400000US36047039000,"Census Tract 390, Kings County, New York",Brooklyn,770,111,469,113,301,87
1400000US36047039100,"Census Tract 391, Kings County, New York",Brooklyn,2539,294,51,50,2488,293
1400000US36047039200,"Census Tract 392, Kings County, New York",Brooklyn,1082,221,351,106,731,211
1400000US36047039300,"Census Tract 393, Kings County, New York",Brooklyn,1643,165,264,129,1379,167
1400000US36047039400,"Census Tract 394, Kings County, New York",Brooklyn,702,110,271,78,431,102
1400000US36047039500,"Census Tract 395, Kings County, New York",Brooklyn,1959,347,370,163,1589,332
1400000US36047039600,"Census Tract 396, Kings County, New York",Brooklyn,675,104,353,103,322,112
1400000US36047039700,"Census Tract 397, Kings County, New York",Brooklyn,1598,160,107,61,1491,166
1400000US36047039800,"Census Tract 398, Kings County, New York",Brooklyn,809,182,538,170,271,84
1400000US36047039900,"Census Tract 399, Kings County, New York",Brooklyn,1635,259,307,114,1328,265
1400000US36047040000,"Census Tract 400, Kings County, New York",Brooklyn,877,149,319,140,558,111
1400000US36047040100,"Census Tract 401, Kings County, New York",Brooklyn,1399,186,286,158,1113,170
1400000US36047040200,"Census Tract 402, Kings County, New York",Brooklyn,772,111,351,93,421,107
1400000US36047040300,"Census Tract 403, Kings County, New York",Brooklyn,1489,165,536,206,953,182
1400000US36047040400,"Census Tract 404, Kings County, New York",Brooklyn,847,138,398,142,449,84
1400000US36047040500,"Census Tract 405, Kings County, New York",Brooklyn,680,115,88,44,592,119
1400000US36047040600,"Census Tract 406, Kings County, New York",Brooklyn,1052,157,347,90,705,140
1400000US36047040700,"Census Tract 407, Kings County, New York",Brooklyn,0,14,0,14,0,14
1400000US36047040800,"Census Tract 408, Kings County, New York",Brooklyn,1068,183,533,208,535,132
1400000US36047040900,"Census Tract 409, Kings County, New York",Brooklyn,1308,260,173,76,1135,277
1400000US36047041000,"Census Tract 410, Kings County, New York",Brooklyn,690,86,395,110,295,84
1400000US36047041100,"Census Tract 411, Kings County, New York",Brooklyn,1030,212,237,99,793,195
1400000US36047041200,"Census Tract 412, Kings County, New York",Brooklyn,909,155,376,114,533,152
1400000US36047041300,"Census Tract 413, Kings County, New York",Brooklyn,1449,219,484,204,965,264
1400000US36047041401,"Census Tract 414.01, Kings County, New York",Brooklyn,468,60,272,64,196,58
1400000US36047041402,"Census Tract 414.02, Kings County, New York",Brooklyn,730,149,163,46,567,151
1400000US36047041500,"Census Tract 415, Kings County, New York",Brooklyn,1649,304,353,134,1296,317
1400000US36047041600,"Census Tract 416, Kings County, New York",Brooklyn,705,110,226,55,479,111
1400000US36047041700,"Census Tract 417, Kings County, New York",Brooklyn,1432,172,198,127,1234,191
1400000US36047041800,"Census Tract 418, Kings County, New York",Brooklyn,871,130,236,63,635,137
1400000US36047041900,"Census Tract 419, Kings County, New York",Brooklyn,1241,134,183,93,1058,163
1400000US36047042000,"Census Tract 420, Kings County, New York",Brooklyn,490,62,255,58,235,68
1400000US36047042100,"Census Tract 421, Kings County, New York",Brooklyn,1795,251,314,118,1481,272
1400000US36047042200,"Census Tract 422, Kings County, New York",Brooklyn,1022,233,406,236,616,130
1400000US36047042300,"Census Tract 423, Kings County, New York",Brooklyn,1528,222,170,102,1358,241
1400000US36047042400,"Census Tract 424, Kings County, New York",Brooklyn,1322,145,387,120,935,158
1400000US36047042500,"Census Tract 425, Kings County, New York",Brooklyn,1148,106,179,124,969,152
1400000US36047042600,"Census Tract 426, Kings County, New York",Brooklyn,1537,236,531,212,1006,168
1400000US36047042700,"Census Tract 427, Kings County, New York",Brooklyn,1871,156,178,82,1693,181
1400000US36047042800,"Census Tract 428, Kings County, New York",Brooklyn,1263,179,450,118,813,179
1400000US36047042900,"Census Tract 429, Kings County, New York",Brooklyn,2038,174,155,87,1883,189
1400000US36047043000,"Census Tract 430, Kings County, New York",Brooklyn,1381,188,239,72,1142,199
1400000US36047043100,"Census Tract 431, Kings County, New York",Brooklyn,1783,258,90,114,1693,269
1400000US36047043200,"Census Tract 432, Kings County, New York",Brooklyn,1432,188,488,124,944,214
1400000US36047043300,"Census Tract 433, Kings County, New York",Brooklyn,1442,148,158,141,1284,208
1400000US36047043400,"Census Tract 434, Kings County, New York",Brooklyn,1266,149,340,105,926,190
1400000US36047043500,"Census Tract 435, Kings County, New York",Brooklyn,1774,249,379,139,1395,276
1400000US36047043600,"Census Tract 436, Kings County, New York",Brooklyn,1794,520,548,256,1246,442
1400000US36047043700,"Census Tract 437, Kings County, New York",Brooklyn,1997,331,319,141,1678,342
1400000US36047043800,"Census Tract 438, Kings County, New York",Brooklyn,909,139,188,78,721,150
1400000US36047043900,"Census Tract 439, Kings County, New York",Brooklyn,1116,132,464,171,652,179
1400000US36047044000,"Census Tract 440, Kings County, New York",Brooklyn,733,95,228,60,505,111
1400000US36047044100,"Census Tract 441, Kings County, New York",Brooklyn,1918,265,166,96,1752,285
1400000US36047044200,"Census Tract 442, Kings County, New York",Brooklyn,860,202,420,177,440,119
1400000US36047044300,"Census Tract 443, Kings County, New York",Brooklyn,1952,212,256,154,1696,200
1400000US36047044400,"Census Tract 444, Kings County, New York",Brooklyn,941,240,230,108,711,233
1400000US36047044500,"Census Tract 445, Kings County, New York",Brooklyn,1648,157,232,105,1416,173
1400000US36047044600,"Census Tract 446, Kings County, New York",Brooklyn,637,103,299,100,338,100
1400000US36047044700,"Census Tract 447, Kings County, New York",Brooklyn,958,164,61,56,897,175
1400000US36047044800,"Census Tract 448, Kings County, New York",Brooklyn,759,100,395,96,364,76
1400000US36047044901,"Census Tract 449.01, Kings County, New York",Brooklyn,1045,167,8,13,1037,166
1400000US36047044902,"Census Tract 449.02, Kings County, New York",Brooklyn,0,14,0,14,0,14
1400000US36047045000,"Census Tract 450, Kings County, New York",Brooklyn,296,100,198,59,98,92
1400000US36047045200,"Census Tract 452, Kings County, New York",Brooklyn,892,129,410,106,482,119
1400000US36047045300,"Census Tract 453, Kings County, New York",Brooklyn,683,83,0,14,683,83
1400000US36047045400,"Census Tract 454, Kings County, New York",Brooklyn,531,95,219,57,312,105
1400000US36047045600,"Census Tract 456, Kings County, New York",Brooklyn,817,140,166,66,651,150
1400000US36047045800,"Census Tract 458, Kings County, New York",Brooklyn,459,86,312,71,147,68
1400000US36047046000,"Census Tract 460, Kings County, New York",Brooklyn,1231,145,519,128,712,180
1400000US36047046201,"Census Tract 462.01, Kings County, New York",Brooklyn,1047,160,378,126,669,143
1400000US36047046202,"Census Tract 462.02, Kings County, New York",Brooklyn,462,81,268,73,194,65
1400000US36047046400,"Census Tract 464, Kings County, New York",Brooklyn,628,98,313,95,315,93
1400000US36047046800,"Census Tract 468, Kings County, New York",Brooklyn,500,180,198,87,302,191
1400000US36047047000,"Census Tract 470, Kings County, New York",Brooklyn,655,89,392,101,263,78
1400000US36047047200,"Census Tract 472, Kings County, New York",Brooklyn,705,128,367,129,338,87
1400000US36047047400,"Census Tract 474, Kings County, New York",Brooklyn,729,100,305,98,424,111
1400000US36047047600,"Census Tract 476, Kings County, New York",Brooklyn,926,140,437,120,489,156
1400000US36047047700,"Census Tract 477, Kings County, New York",Brooklyn,1887,184,400,149,1487,223
1400000US36047047800,"Census Tract 478, Kings County, New York",Brooklyn,1205,143,391,104,814,141
1400000US36047048000,"Census Tract 480, Kings County, New York",Brooklyn,971,165,145,72,826,164
1400000US36047048100,"Census Tract 481, Kings County, New York",Brooklyn,1443,118,297,117,1146,148
1400000US36047048200,"Census Tract 482, Kings County, New York",Brooklyn,2169,421,746,343,1423,372
1400000US36047048400,"Census Tract 484, Kings County, New York",Brooklyn,1514,180,247,82,1267,181
1400000US36047048500,"Census Tract 485, Kings County, New York",Brooklyn,1046,105,116,80,930,96
1400000US36047048600,"Census Tract 486, Kings County, New York",Brooklyn,756,138,199,63,557,150
1400000US36047048800,"Census Tract 488, Kings County, New York",Brooklyn,1641,252,894,263,747,186
1400000US36047048900,"Census Tract 489, Kings County, New York",Brooklyn,1535,191,35,60,1500,198
1400000US36047049000,"Census Tract 490, Kings County, New York",Brooklyn,2110,268,505,186,1605,234
1400000US36047049100,"Census Tract 491, Kings County, New York",Brooklyn,2621,289,455,243,2166,318
1400000US36047049200,"Census Tract 492, Kings County, New York",Brooklyn,1258,232,479,176,779,250
1400000US36047049301,"Census Tract 493.01, Kings County, New York",Brooklyn,947,91,0,14,947,91
1400000US36047049302,"Census Tract 493.02, Kings County, New York",Brooklyn,2459,281,64,102,2395,290
1400000US36047049400,"Census Tract 494, Kings County, New York",Brooklyn,2253,290,738,284,1515,237
1400000US36047049500,"Census Tract 495, Kings County, New York",Brooklyn,1506,146,271,95,1235,162
1400000US36047049600,"Census Tract 496, Kings County, New York",Brooklyn,1298,194,438,107,860,199
1400000US36047049700,"Census Tract 497, Kings County, New York",Brooklyn,1750,178,490,178,1260,153
1400000US36047049800,"Census Tract 498, Kings County, New York",Brooklyn,1570,337,387,116,1183,348
1400000US36047049900,"Census Tract 499, Kings County, New York",Brooklyn,1077,121,382,112,695,136
1400000US36047050001,"Census Tract 500.01, Kings County, New York",Brooklyn,945,148,562,141,383,111
1400000US36047050002,"Census Tract 500.02, Kings County, New York",Brooklyn,659,104,209,65,450,113
1400000US36047050100,"Census Tract 501, Kings County, New York",Brooklyn,1511,208,368,140,1143,196
1400000US36047050202,"Census Tract 502.02, Kings County, New York",Brooklyn,1093,226,649,118,444,216
1400000US36047050300,"Census Tract 503, Kings County, New York",Brooklyn,1325,269,208,86,1117,264
1400000US36047050401,"Census Tract 504.01, Kings County, New York",Brooklyn,1182,105,442,113,740,113
1400000US36047050402,"Census Tract 504.02, Kings County, New York",Brooklyn,892,337,572,341,320,92
1400000US36047050500,"Census Tract 505, Kings County, New York",Brooklyn,2052,218,194,122,1858,241
1400000US36047050600,"Census Tract 506, Kings County, New York",Brooklyn,2003,359,400,144,1603,381
1400000US36047050700,"Census Tract 507, Kings County, New York",Brooklyn,845,121,224,97,621,111
1400000US36047050801,"Census Tract 508.01, Kings County, New York",Brooklyn,1424,153,11,16,1413,155
1400000US36047050803,"Census Tract 508.03, Kings County, New York",Brooklyn,1087,166,35,32,1052,166
1400000US36047050804,"Census Tract 508.04, Kings County, New York",Brooklyn,2715,325,305,130,2410,322
1400000US36047050900,"Census Tract 509, Kings County, New York",Brooklyn,1048,175,186,138,862,154
1400000US36047051001,"Census Tract 510.01, Kings County, New York",Brooklyn,1580,223,0,14,1580,223
1400000US36047051002,"Census Tract 510.02, Kings County, New York",Brooklyn,1679,173,166,61,1513,179
1400000US36047051100,"Census Tract 511, Kings County, New York",Brooklyn,1916,209,216,97,1700,217
1400000US36047051200,"Census Tract 512, Kings County, New York",Brooklyn,2178,288,250,121,1928,288
1400000US36047051300,"Census Tract 513, Kings County, New York",Brooklyn,2757,263,604,191,2153,307
1400000US36047051400,"Census Tract 514, Kings County, New York",Brooklyn,2530,246,322,148,2208,275
1400000US36047051500,"Census Tract 515, Kings County, New York",Brooklyn,1272,112,283,92,989,122
1400000US36047051601,"Census Tract 516.01, Kings County, New York",Brooklyn,1913,194,164,91,1749,197
1400000US36047051602,"Census Tract 516.02, Kings County, New York",Brooklyn,1423,211,47,48,1376,218
1400000US36047051700,"Census Tract 517, Kings County, New York",Brooklyn,1366,160,331,107,1035,162
1400000US36047051800,"Census Tract 518, Kings County, New York",Brooklyn,1558,271,496,111,1062,281
1400000US36047051900,"Census Tract 519, Kings County, New York",Brooklyn,3345,529,487,174,2858,521
1400000US36047052000,"Census Tract 520, Kings County, New York",Brooklyn,1335,246,472,108,863,240
1400000US36047052300,"Census Tract 523, Kings County, New York",Brooklyn,2403,200,428,164,1975,222
1400000US36047052500,"Census Tract 525, Kings County, New York",Brooklyn,1418,156,121,88,1297,167
1400000US36047052600,"Census Tract 526, Kings County, New York",Brooklyn,1820,197,321,123,1499,214
1400000US36047052700,"Census Tract 527, Kings County, New York",Brooklyn,2492,228,192,129,2300,265
1400000US36047052800,"Census Tract 528, Kings County, New York",Brooklyn,652,81,404,76,248,64
1400000US36047052900,"Census Tract 529, Kings County, New York",Brooklyn,1067,135,0,14,1067,135
1400000US36047053000,"Census Tract 530, Kings County, New York",Brooklyn,1184,273,360,102,824,282
1400000US36047053101,"Census Tract 531.01, Kings County, New York",Brooklyn,579,56,180,71,399,91
1400000US36047053102,"Census Tract 531.02, Kings County, New York",Brooklyn,1320,230,397,192,923,252
1400000US36047053200,"Census Tract 532, Kings County, New York",Brooklyn,908,165,443,77,465,168
1400000US36047053300,"Census Tract 533, Kings County, New York",Brooklyn,1683,242,456,193,1227,283
1400000US36047053400,"Census Tract 534, Kings County, New York",Brooklyn,1328,212,296,124,1032,221
1400000US36047053500,"Census Tract 535, Kings County, New York",Brooklyn,1164,126,364,145,800,147
1400000US36047053700,"Census Tract 537, Kings County, New York",Brooklyn,810,110,291,96,519,121
1400000US36047053800,"Census Tract 538, Kings County, New York",Brooklyn,2420,297,349,171,2071,267
1400000US36047053900,"Census Tract 539, Kings County, New York",Brooklyn,889,128,149,72,740,154
1400000US36047054200,"Census Tract 542, Kings County, New York",Brooklyn,1580,204,298,120,1282,212
1400000US36047054300,"Census Tract 543, Kings County, New York",Brooklyn,0,14,0,14,0,14
1400000US36047054400,"Census Tract 544, Kings County, New York",Brooklyn,1299,163,349,103,950,201
1400000US36047054500,"Census Tract 545, Kings County, New York",Brooklyn,2454,324,60,72,2394,321
1400000US36047054600,"Census Tract 546, Kings County, New York",Brooklyn,1895,257,344,156,1551,254
1400000US36047054700,"Census Tract 547, Kings County, New York",Brooklyn,2914,172,389,166,2525,281
1400000US36047054800,"Census Tract 548, Kings County, New York",Brooklyn,804,150,349,113,455,171
1400000US36047054900,"Census Tract 549, Kings County, New York",Brooklyn,2086,191,283,95,1803,218
1400000US36047055000,"Census Tract 550, Kings County, New York",Brooklyn,1495,135,409,116,1086,143
1400000US36047055100,"Census Tract 551, Kings County, New York",Brooklyn,3279,307,607,195,2672,329
1400000US36047055200,"Census Tract 552, Kings County, New York",Brooklyn,1324,214,220,69,1104,214
1400000US36047055300,"Census Tract 553, Kings County, New York",Brooklyn,1615,116,238,76,1377,139
1400000US36047055400,"Census Tract 554, Kings County, New York",Brooklyn,1694,181,225,91,1469,190
1400000US36047055500,"Census Tract 555, Kings County, New York",Brooklyn,4405,478,846,258,3559,539
1400000US36047055600,"Census Tract 556, Kings County, New York",Brooklyn,1286,193,527,135,759,165
1400000US36047055700,"Census Tract 557, Kings County, New York",Brooklyn,1000,199,95,53,905,207
1400000US36047055800,"Census Tract 558, Kings County, New York",Brooklyn,882,142,273,111,609,134
1400000US36047056000,"Census Tract 560, Kings County, New York",Brooklyn,1450,204,474,121,976,193
1400000US36047056100,"Census Tract 561, Kings County, New York",Brooklyn,1761,222,305,80,1456,226
1400000US36047056200,"Census Tract 562, Kings County, New York",Brooklyn,534,104,472,78,62,81
1400000US36047056301,"Census Tract 563.01, Kings County, New York",Brooklyn,2422,257,319,137,2103,255
1400000US36047056302,"Census Tract 563.02, Kings County, New York",Brooklyn,1434,225,18,31,1416,227
1400000US36047056400,"Census Tract 564, Kings County, New York",Brooklyn,1111,150,979,160,132,72
1400000US36047056500,"Census Tract 565, Kings County, New York",Brooklyn,1881,200,289,112,1592,222
1400000US36047056600,"Census Tract 566, Kings County, New York",Brooklyn,852,65,334,64,518,72
1400000US36047056800,"Census Tract 568, Kings County, New York",Brooklyn,545,88,416,81,129,72
1400000US36047056900,"Census Tract 569, Kings County, New York",Brooklyn,894,126,297,118,597,89
1400000US36047057000,"Census Tract 570, Kings County, New York",Brooklyn,1623,298,1544,296,79,49
1400000US36047057100,"Census Tract 571, Kings County, New York",Brooklyn,2079,278,371,119,1708,291
1400000US36047057200,"Census Tract 572, Kings County, New York",Brooklyn,2145,235,0,19,2145,235
1400000US36047057300,"Census Tract 573, Kings County, New York",Brooklyn,1405,253,498,218,907,216
1400000US36047057400,"Census Tract 574, Kings County, New York",Brooklyn,974,183,644,161,330,135
1400000US36047057500,"Census Tract 575, Kings County, New York",Brooklyn,2276,250,274,138,2002,296
1400000US36047057600,"Census Tract 576, Kings County, New York",Brooklyn,974,241,659,231,315,118
1400000US36047057800,"Census Tract 578, Kings County, New York",Brooklyn,1124,192,321,103,803,188
1400000US36047057901,"Census Tract 579.01, Kings County, New York",Brooklyn,606,107,113,55,493,121
1400000US36047057902,"Census Tract 579.02, Kings County, New York",Brooklyn,0,14,0,14,0,14
1400000US36047058000,"Census Tract 580, Kings County, New York",Brooklyn,1127,173,205,79,922,183
1400000US36047058200,"Census Tract 582, Kings County, New York",Brooklyn,782,121,100,43,682,122
1400000US36047058400,"Census Tract 584, Kings County, New York",Brooklyn,1427,169,543,175,884,163
1400000US36047058600,"Census Tract 586, Kings County, New York",Brooklyn,770,160,363,136,407,105
1400000US36047058800,"Census Tract 588, Kings County, New York",Brooklyn,1473,240,498,111,975,221
1400000US36047058901,"Census Tract 589.01, Kings County, New York",Brooklyn,919,94,180,65,739,99
1400000US36047058902,"Census Tract 589.02, Kings County, New York",Brooklyn,0,14,0,14,0,14
1400000US36047059000,"Census Tract 590, Kings County, New York",Brooklyn,656,125,266,62,390,121
1400000US36047059100,"Census Tract 591, Kings County, New York",Brooklyn,1983,208,323,113,1660,219
1400000US36047059200,"Census Tract 592, Kings County, New York",Brooklyn,1640,193,776,136,864,209
1400000US36047059300,"Census Tract 593, Kings County, New York",Brooklyn,1034,99,188,76,846,100
1400000US36047059402,"Census Tract 594.02, Kings County, New York",Brooklyn,2387,415,1586,391,801,292
1400000US36047059403,"Census Tract 594.03, Kings County, New York",Brooklyn,1111,163,568,130,543,131
1400000US36047059404,"Census Tract 594.04, Kings County, New York",Brooklyn,1539,202,438,147,1101,193
1400000US36047059600,"Census Tract 596, Kings County, New York",Brooklyn,1168,191,755,199,413,133
1400000US36047059800,"Census Tract 598, Kings County, New York",Brooklyn,1294,290,572,159,722,292
1400000US36047060000,"Census Tract 600, Kings County, New York",Brooklyn,2566,260,1167,269,1399,272
1400000US36047060600,"Census Tract 606, Kings County, New York",Brooklyn,1377,188,690,192,687,151
1400000US36047060800,"Census Tract 608, Kings County, New York",Brooklyn,1731,210,498,116,1233,207
1400000US36047061002,"Census Tract 610.02, Kings County, New York",Brooklyn,2526,326,1120,280,1406,286
1400000US36047061003,"Census Tract 610.03, Kings County, New York",Brooklyn,613,94,203,67,410,90
1400000US36047061004,"Census Tract 610.04, Kings County, New York",Brooklyn,2919,314,367,164,2552,362
1400000US36047061200,"Census Tract 612, Kings County, New York",Brooklyn,449,56,272,52,177,54
1400000US36047061600,"Census Tract 616, Kings County, New York",Brooklyn,532,82,433,76,99,57
1400000US36047062000,"Census Tract 620, Kings County, New York",Brooklyn,618,116,451,108,167,89
1400000US36047062200,"Census Tract 622, Kings County, New York",Brooklyn,1083,169,397,123,686,189
1400000US36047062600,"Census Tract 626, Kings County, New York",Brooklyn,1173,139,717,205,456,133
1400000US36047062800,"Census Tract 628, Kings County, New York",Brooklyn,1825,179,1547,168,278,134
1400000US36047063200,"Census Tract 632, Kings County, New York",Brooklyn,696,84,534,106,162,64
1400000US36047063600,"Census Tract 636, Kings County, New York",Brooklyn,348,78,330,73,18,15
1400000US36047063800,"Census Tract 638, Kings County, New York",Brooklyn,664,120,415,86,249,105
1400000US36047064000,"Census Tract 640, Kings County, New York",Brooklyn,406,110,377,106,29,22
1400000US36047064200,"Census Tract 642, Kings County, New York",Brooklyn,864,104,278,71,586,100
1400000US36047064400,"Census Tract 644, Kings County, New York",Brooklyn,774,145,452,106,322,128
1400000US36047064600,"Census Tract 646, Kings County, New York",Brooklyn,731,252,630,226,101,59
1400000US36047064800,"Census Tract 648, Kings County, New York",Brooklyn,605,90,490,94,115,63
1400000US36047065000,"Census Tract 650, Kings County, New York",Brooklyn,567,114,407,87,160,88
1400000US36047065200,"Census Tract 652, Kings County, New York",Brooklyn,506,79,438,76,68,41
1400000US36047065400,"Census Tract 654, Kings County, New York",Brooklyn,468,64,382,63,86,52
1400000US36047065600,"Census Tract 656, Kings County, New York",Brooklyn,610,120,577,124,33,28
1400000US36047065800,"Census Tract 658, Kings County, New York",Brooklyn,611,103,490,90,121,65
1400000US36047066000,"Census Tract 660, Kings County, New York",Brooklyn,648,114,542,77,106,82
1400000US36047066200,"Census Tract 662, Kings County, New York",Brooklyn,499,134,376,128,123,53
1400000US36047066600,"Census Tract 666, Kings County, New York",Brooklyn,0,14,0,14,0,14
1400000US36047067000,"Census Tract 670, Kings County, New York",Brooklyn,953,172,432,111,521,202
1400000US36047067200,"Census Tract 672, Kings County, New York",Brooklyn,447,185,385,183,62,51
1400000US36047067400,"Census Tract 674, Kings County, New York",Brooklyn,565,84,527,79,38,34
1400000US36047067600,"Census Tract 676, Kings County, New York",Brooklyn,478,102,284,100,194,75
1400000US36047067800,"Census Tract 678, Kings County, New York",Brooklyn,875,143,449,108,426,159
1400000US36047068000,"Census Tract 680, Kings County, New York",Brooklyn,561,149,491,146,70,50
1400000US36047068200,"Census Tract 682, Kings County, New York",Brooklyn,870,176,692,134,178,131
1400000US36047068600,"Census Tract 686, Kings County, New York",Brooklyn,695,116,472,84,223,112
1400000US36047068800,"Census Tract 688, Kings County, New York",Brooklyn,630,138,520,119,110,100
1400000US36047069000,"Census Tract 690, Kings County, New York",Brooklyn,539,151,329,58,210,150
1400000US36047069200,"Census Tract 692, Kings County, New York",Brooklyn,809,117,495,113,314,88
1400000US36047069601,"Census Tract 696.01, Kings County, New York",Brooklyn,1295,167,540,147,755,178
1400000US36047069602,"Census Tract 696.02, Kings County, New York",Brooklyn,1954,275,1593,271,361,197
1400000US36047069800,"Census Tract 698, Kings County, New York",Brooklyn,393,55,307,53,86,39
1400000US36047070000,"Census Tract 700, Kings County, New York",Brooklyn,600,156,267,75,333,152
1400000US36047070201,"Census Tract 702.01, Kings County, New York",Brooklyn,2151,268,1623,265,528,208
1400000US36047070202,"Census Tract 702.02, Kings County, New York",Brooklyn,9,12,0,14,9,12
1400000US36047070203,"Census Tract 702.03, Kings County, New York",Brooklyn,0,14,0,14,0,14
1400000US36047070601,"Census Tract 706.01, Kings County, New York",Brooklyn,880,158,754,178,126,91
1400000US36047070602,"Census Tract 706.02, Kings County, New York",Brooklyn,0,14,0,14,0,14
1400000US36047072000,"Census Tract 720, Kings County, New York",Brooklyn,592,136,227,111,365,106
1400000US36047072200,"Census Tract 722, Kings County, New York",Brooklyn,923,348,761,342,162,83
1400000US36047072400,"Census Tract 724, Kings County, New York",Brooklyn,631,131,333,108,298,106
1400000US36047072600,"Census Tract 726, Kings County, New York",Brooklyn,731,145,580,151,151,72
1400000US36047072800,"Census Tract 728, Kings County, New York",Brooklyn,1410,233,1228,217,182,119
1400000US36047073000,"Census Tract 730, Kings County, New York",Brooklyn,741,151,513,144,228,104
1400000US36047073200,"Census Tract 732, Kings County, New York",Brooklyn,683,150,448,126,235,101
1400000US36047073400,"Census Tract 734, Kings County, New York",Brooklyn,439,140,346,129,93,55
1400000US36047073600,"Census Tract 736, Kings County, New York",Brooklyn,1073,149,403,164,670,129
1400000US36047073800,"Census Tract 738, Kings County, New York",Brooklyn,1296,194,614,214,682,205
1400000US36047074000,"Census Tract 740, Kings County, New York",Brooklyn,1045,222,318,112,727,250
1400000US36047074200,"Census Tract 742, Kings County, New York",Brooklyn,934,126,398,105,536,123
1400000US36047074400,"Census Tract 744, Kings County, New York",Brooklyn,587,80,508,85,79,41
1400000US36047074600,"Census Tract 746, Kings County, New York",Brooklyn,654,136,342,74,312,150
1400000US36047074800,"Census Tract 748, Kings County, New York",Brooklyn,643,145,316,74,327,131
1400000US36047075000,"Census Tract 750, Kings County, New York",Brooklyn,982,135,562,97,420,131
1400000US36047075200,"Census Tract 752, Kings County, New York",Brooklyn,282,69,253,66,29,22
1400000US36047075400,"Census Tract 754, Kings County, New York",Brooklyn,428,150,351,130,77,79
1400000US36047075600,"Census Tract 756, Kings County, New York",Brooklyn,702,194,448,130,254,158
1400000US36047075800,"Census Tract 758, Kings County, New York",Brooklyn,678,114,381,80,297,124
1400000US36047076000,"Census Tract 760, Kings County, New York",Brooklyn,1182,189,324,194,858,119
1400000US36047076200,"Census Tract 762, Kings County, New York",Brooklyn,1551,225,252,99,1299,220
1400000US36047076400,"Census Tract 764, Kings County, New York",Brooklyn,1617,146,195,82,1422,178
1400000US36047076600,"Census Tract 766, Kings County, New York",Brooklyn,730,87,104,60,626,84
1400000US36047076800,"Census Tract 768, Kings County, New York",Brooklyn,1400,219,458,194,942,137
1400000US36047077000,"Census Tract 770, Kings County, New York",Brooklyn,1091,195,470,169,621,192
1400000US36047077200,"Census Tract 772, Kings County, New York",Brooklyn,1119,150,420,143,699,113
1400000US36047077400,"Census Tract 774, Kings County, New York",Brooklyn,1175,243,133,121,1042,228
1400000US36047077600,"Census Tract 776, Kings County, New York",Brooklyn,1662,229,1002,223,660,148
1400000US36047078000,"Census Tract 780, Kings County, New York",Brooklyn,602,111,454,119,148,69
1400000US36047078200,"Census Tract 782, Kings County, New York",Brooklyn,1613,181,426,110,1187,213
1400000US36047078400,"Census Tract 784, Kings County, New York",Brooklyn,896,110,419,80,477,114
1400000US36047078601,"Census Tract 786.01, Kings County, New York",Brooklyn,928,212,273,135,655,195
1400000US36047078602,"Census Tract 786.02, Kings County, New York",Brooklyn,844,105,351,115,493,108
1400000US36047078801,"Census Tract 788.01, Kings County, New York",Brooklyn,693,178,183,76,510,173
1400000US36047078802,"Census Tract 788.02, Kings County, New York",Brooklyn,601,134,61,44,540,128
1400000US36047079001,"Census Tract 790.01, Kings County, New York",Brooklyn,444,91,46,29,398,88
1400000US36047079002,"Census Tract 790.02, Kings County, New York",Brooklyn,1252,166,102,73,1150,155
1400000US36047079201,"Census Tract 792.01, Kings County, New York",Brooklyn,532,125,145,99,387,79
1400000US36047079202,"Census Tract 792.02, Kings County, New York",Brooklyn,670,133,154,88,516,98
1400000US36047079400,"Census Tract 794, Kings County, New York",Brooklyn,691,119,323,105,368,91
1400000US36047079601,"Census Tract 796.01, Kings County, New York",Brooklyn,1581,127,225,85,1356,140
1400000US36047079602,"Census Tract 796.02, Kings County, New York",Brooklyn,2034,271,295,121,1739,271
1400000US36047079801,"Census Tract 798.01, Kings County, New York",Brooklyn,1523,297,491,246,1032,200
1400000US36047079802,"Census Tract 798.02, Kings County, New York",Brooklyn,2661,257,45,51,2616,263
1400000US36047080000,"Census Tract 800, Kings County, New York",Brooklyn,1398,240,574,171,824,246
1400000US36047080200,"Census Tract 802, Kings County, New York",Brooklyn,1907,264,630,244,1277,177
1400000US36047080400,"Census Tract 804, Kings County, New York",Brooklyn,1390,322,310,98,1080,323
1400000US36047080600,"Census Tract 806, Kings County, New York",Brooklyn,1311,213,262,113,1049,200
1400000US36047080800,"Census Tract 808, Kings County, New York",Brooklyn,743,127,0,14,743,127
1400000US36047081000,"Census Tract 810, Kings County, New York",Brooklyn,1027,191,278,121,749,201
1400000US36047081400,"Census Tract 814, Kings County, New York",Brooklyn,925,126,355,97,570,134
1400000US36047081600,"Census Tract 816, Kings County, New York",Brooklyn,937,130,334,103,603,122
1400000US36047081800,"Census Tract 818, Kings County, New York",Brooklyn,1894,286,510,257,1384,252
1400000US36047082000,"Census Tract 820, Kings County, New York",Brooklyn,2302,465,46,51,2256,470
1400000US36047082200,"Census Tract 822, Kings County, New York",Brooklyn,3158,366,146,104,3012,366
1400000US36047082400,"Census Tract 824, Kings County, New York",Brooklyn,2067,297,338,166,1729,320
1400000US36047082600,"Census Tract 826, Kings County, New York",Brooklyn,1806,281,359,145,1447,332
1400000US36047082800,"Census Tract 828, Kings County, New York",Brooklyn,1414,216,292,123,1122,218
1400000US36047083000,"Census Tract 830, Kings County, New York",Brooklyn,2168,343,479,280,1689,290
1400000US36047083200,"Census Tract 832, Kings County, New York",Brooklyn,830,128,494,116,336,91
1400000US36047083400,"Census Tract 834, Kings County, New York",Brooklyn,558,89,427,75,131,85
1400000US36047083600,"Census Tract 836, Kings County, New York",Brooklyn,631,95,460,94,171,64
1400000US36047083800,"Census Tract 838, Kings County, New York",Brooklyn,737,117,570,109,167,87
1400000US36047084000,"Census Tract 840, Kings County, New York",Brooklyn,809,120,479,110,330,119
1400000US36047084600,"Census Tract 846, Kings County, New York",Brooklyn,649,72,397,89,252,76
1400000US36047084800,"Census Tract 848, Kings County, New York",Brooklyn,555,97,286,85,269,126
1400000US36047085000,"Census Tract 850, Kings County, New York",Brooklyn,473,79,434,68,39,36
1400000US36047085200,"Census Tract 852, Kings County, New York",Brooklyn,0,14,0,14,0,14
1400000US36047085400,"Census Tract 854, Kings County, New York",Brooklyn,792,153,542,82,250,152
1400000US36047085600,"Census Tract 856, Kings County, New York",Brooklyn,1365,235,534,154,831,247
1400000US36047085800,"Census Tract 858, Kings County, New York",Brooklyn,789,101,329,99,460,105
1400000US36047086000,"Census Tract 860, Kings County, New York",Brooklyn,1048,199,308,130,740,166
1400000US36047086200,"Census Tract 862, Kings County, New York",Brooklyn,1257,216,374,198,883,159
1400000US36047086400,"Census Tract 864, Kings County, New York",Brooklyn,826,105,417,94,409,118
1400000US36047086600,"Census Tract 866, Kings County, New York",Brooklyn,1249,202,317,93,932,213
1400000US36047086800,"Census Tract 868, Kings County, New York",Brooklyn,1299,258,220,88,1079,267
1400000US36047087000,"Census Tract 870, Kings County, New York",Brooklyn,1046,172,389,142,657,167
1400000US36047087200,"Census Tract 872, Kings County, New York",Brooklyn,1089,121,555,135,534,158
1400000US36047087401,"Census Tract 874.01, Kings County, New York",Brooklyn,1542,255,220,107,1322,269
1400000US36047087600,"Census Tract 876, Kings County, New York",Brooklyn,715,137,314,100,401,100
1400000US36047087800,"Census Tract 878, Kings County, New York",Brooklyn,896,129,75,49,821,146
1400000US36047088001,"Census Tract 880.01, Kings County, New York",Brooklyn,777,163,407,168,370,99
1400000US36047088002,"Census Tract 880.02, Kings County, New York",Brooklyn,454,80,160,66,294,88
1400000US36047088200,"Census Tract 882, Kings County, New York",Brooklyn,2548,322,321,228,2227,329
1400000US36047088400,"Census Tract 884, Kings County, New York",Brooklyn,1874,501,453,184,1421,542
1400000US36047088600,"Census Tract 886, Kings County, New York",Brooklyn,1868,350,78,41,1790,348
1400000US36047088800,"Census Tract 888, Kings County, New York",Brooklyn,1480,198,382,170,1098,252
1400000US36047089000,"Census Tract 890, Kings County, New York",Brooklyn,2331,399,144,170,2187,430
1400000US36047089200,"Census Tract 892, Kings County, New York",Brooklyn,1455,301,60,56,1395,308
1400000US36047089400,"Census Tract 894, Kings County, New York",Brooklyn,1163,184,391,183,772,180
1400000US36047089600,"Census Tract 896, Kings County, New York",Brooklyn,1778,373,151,129,1627,369
1400000US36047089800,"Census Tract 898, Kings County, New York",Brooklyn,743,101,262,96,481,109
1400000US36047090000,"Census Tract 900, Kings County, New York",Brooklyn,1864,181,287,125,1577,234
1400000US36047090200,"Census Tract 902, Kings County, New York",Brooklyn,975,101,280,80,695,115
1400000US36047090600,"Census Tract 906, Kings County, New York",Brooklyn,1845,198,9,17,1836,199
1400000US36047090800,"Census Tract 908, Kings County, New York",Brooklyn,1622,273,120,148,1502,291
1400000US36047091000,"Census Tract 910, Kings County, New York",Brooklyn,2597,246,0,19,2597,246
1400000US36047091200,"Census Tract 912, Kings County, New York",Brooklyn,2604,428,0,19,2604,428
1400000US36047091600,"Census Tract 916, Kings County, New York",Brooklyn,1888,234,293,136,1595,265
1400000US36047091800,"Census Tract 918, Kings County, New York",Brooklyn,1105,176,374,164,731,103
1400000US36047092000,"Census Tract 920, Kings County, New York",Brooklyn,1345,210,434,230,911,176
1400000US36047092200,"Census Tract 922, Kings County, New York",Brooklyn,1307,205,192,110,1115,222
1400000US36047092400,"Census Tract 924, Kings County, New York",Brooklyn,1061,149,219,115,842,184
1400000US36047092800,"Census Tract 928, Kings County, New York",Brooklyn,1102,147,521,180,581,135
1400000US36047093000,"Census Tract 930, Kings County, New York",Brooklyn,929,136,570,133,359,112
1400000US36047093200,"Census Tract 932, Kings County, New York",Brooklyn,668,248,427,83,241,235
1400000US36047093400,"Census Tract 934, Kings County, New York",Brooklyn,923,123,473,107,450,117
1400000US36047093600,"Census Tract 936, Kings County, New York",Brooklyn,692,127,424,134,268,81
1400000US36047093800,"Census Tract 938, Kings County, New York",Brooklyn,888,125,326,92,562,140
1400000US36047094401,"Census Tract 944.01, Kings County, New York",Brooklyn,1080,145,588,127,492,162
1400000US36047094402,"Census Tract 944.02, Kings County, New York",Brooklyn,1062,188,30,40,1032,183
1400000US36047094600,"Census Tract 946, Kings County, New York",Brooklyn,638,115,457,111,181,67
1400000US36047095000,"Census Tract 950, Kings County, New York",Brooklyn,772,164,515,167,257,110
1400000US36047095400,"Census Tract 954, Kings County, New York",Brooklyn,1485,189,750,171,735,182
1400000US36047095600,"Census Tract 956, Kings County, New York",Brooklyn,1229,258,528,179,701,221
1400000US36047095800,"Census Tract 958, Kings County, New York",Brooklyn,980,200,500,176,480,184
1400000US36047096000,"Census Tract 960, Kings County, New York",Brooklyn,0,14,0,14,0,14
1400000US36047096200,"Census Tract 962, Kings County, New York",Brooklyn,356,80,210,92,146,51
1400000US36047096400,"Census Tract 964, Kings County, New York",Brooklyn,659,139,306,89,353,118
1400000US36047096600,"Census Tract 966, Kings County, New York",Brooklyn,628,107,408,84,220,102
1400000US36047096800,"Census Tract 968, Kings County, New York",Brooklyn,348,100,261,103,87,57
1400000US36047097000,"Census Tract 970, Kings County, New York",Brooklyn,732,241,486,237,246,87
1400000US36047097400,"Census Tract 974, Kings County, New York",Brooklyn,616,109,304,93,312,90
1400000US36047098200,"Census Tract 982, Kings County, New York",Brooklyn,1608,169,0,14,1608,169
1400000US36047098400,"Census Tract 984, Kings County, New York",Brooklyn,548,90,383,86,165,84
1400000US36047098600,"Census Tract 986, Kings County, New York",Brooklyn,975,192,429,128,546,201
1400000US36047098800,"Census Tract 988, Kings County, New York",Brooklyn,914,143,458,159,456,136
1400000US36047099000,"Census Tract 990, Kings County, New York",Brooklyn,454,85,257,75,197,98
1400000US36047099200,"Census Tract 992, Kings County, New York",Brooklyn,663,165,474,166,189,78
1400000US36047099400,"Census Tract 994, Kings County, New York",Brooklyn,534,114,359,109,175,72
1400000US36047099600,"Census Tract 996, Kings County, New York",Brooklyn,1011,232,624,183,387,182
1400000US36047099800,"Census Tract 998, Kings County, New York",Brooklyn,1347,186,564,176,783,175
1400000US36047100400,"Census Tract 1004, Kings County, New York",Brooklyn,821,125,498,123,323,106
1400000US36047100600,"Census Tract 1006, Kings County, New York",Brooklyn,885,126,594,108,291,111
1400000US36047100800,"Census Tract 1008, Kings County, New York",Brooklyn,676,96,395,92,281,99
1400000US36047101000,"Census Tract 1010, Kings County, New York",Brooklyn,804,222,416,104,388,222
1400000US36047101200,"Census Tract 1012, Kings County, New York",Brooklyn,783,136,530,97,253,128
1400000US36047101400,"Census Tract 1014, Kings County, New York",Brooklyn,799,123,484,107,315,110
1400000US36047101600,"Census Tract 1016, Kings County, New York",Brooklyn,527,71,451,64,76,62
1400000US36047101800,"Census Tract 1018, Kings County, New York",Brooklyn,709,130,643,135,66,41
1400000US36047102000,"Census Tract 1020, Kings County, New York",Brooklyn,597,106,427,93,170,101
1400000US36047102200,"Census Tract 1022, Kings County, New York",Brooklyn,708,98,383,85,325,111
1400000US36047102400,"Census Tract 1024, Kings County, New York",Brooklyn,568,93,401,80,167,70
1400000US36047102600,"Census Tract 1026, Kings County, New York",Brooklyn,888,115,499,117,389,107
1400000US36047102801,"Census Tract 1028.01, Kings County, New York",Brooklyn,495,125,335,127,160,57
1400000US36047102802,"Census Tract 1028.02, Kings County, New York",Brooklyn,0,14,0,14,0,14
1400000US36047103401,"Census Tract 1034.01, Kings County, New York",Brooklyn,1641,173,0,14,1641,173
1400000US36047103402,"Census Tract 1034.02, Kings County, New York",Brooklyn,0,14,0,14,0,14
1400000US36047105801,"Census Tract 1058.01, Kings County, New York",Brooklyn,3188,433,7,16,3181,435
1400000US36047105804,"Census Tract 1058.04, Kings County, New York",Brooklyn,2953,321,60,57,2893,318
1400000US36047107001,"Census Tract 1070.01, Kings County, New York",Brooklyn,2103,262,690,223,1413,255
1400000US36047107002,"Census Tract 1070.02, Kings County, New York",Brooklyn,0,14,0,14,0,14
1400000US36047107003,"Census Tract 1070.03, Kings County, New York",Brooklyn,0,14,0,14,0,14
1400000US36047107800,"Census Tract 1078, Kings County, New York",Brooklyn,1621,178,974,187,647,175
1400000US36047109800,"Census Tract 1098, Kings County, New York",Brooklyn,675,119,149,70,526,124
1400000US36047110400,"Census Tract 1104, Kings County, New York",Brooklyn,1692,192,603,214,1089,252
1400000US36047110600,"Census Tract 1106, Kings County, New York",Brooklyn,1922,201,0,14,1922,201
1400000US36047111000,"Census Tract 1110, Kings County, New York",Brooklyn,1416,157,0,14,1416,157
1400000US36047111600,"Census Tract 1116, Kings County, New York",Brooklyn,1120,215,390,262,730,135
1400000US36047111800,"Census Tract 1118, Kings County, New York",Brooklyn,1231,402,358,116,873,406
1400000US36047112000,"Census Tract 1120, Kings County, New York",Brooklyn,1172,190,389,204,783,217
1400000US36047112200,"Census Tract 1122, Kings County, New York",Brooklyn,1520,427,332,174,1188,432
1400000US36047112400,"Census Tract 1124, Kings County, New York",Brooklyn,1253,196,218,91,1035,214
1400000US36047112600,"Census Tract 1126, Kings County, New York",Brooklyn,1709,307,407,171,1302,317
1400000US36047112800,"Census Tract 1128, Kings County, New York",Brooklyn,1540,160,409,157,1131,211
1400000US36047113000,"Census Tract 1130, Kings County, New York",Brooklyn,1723,155,436,144,1287,192
1400000US36047113200,"Census Tract 1132, Kings County, New York",Brooklyn,1058,80,281,103,777,123
1400000US36047113400,"Census Tract 1134, Kings County, New York",Brooklyn,1073,147,57,54,1016,152
1400000US36047114201,"Census Tract 1142.01, Kings County, New York",Brooklyn,688,199,404,219,284,92
1400000US36047114202,"Census Tract 1142.02, Kings County, New York",Brooklyn,954,139,167,85,787,166
1400000US36047114400,"Census Tract 1144, Kings County, New York",Brooklyn,797,189,191,167,606,94
1400000US36047114600,"Census Tract 1146, Kings County, New York",Brooklyn,839,108,267,88,572,120
1400000US36047115000,"Census Tract 1150, Kings County, New York",Brooklyn,963,124,347,91,616,147
1400000US36047115200,"Census Tract 1152, Kings County, New York",Brooklyn,964,199,295,128,669,229
1400000US36047115600,"Census Tract 1156, Kings County, New York",Brooklyn,1788,168,197,115,1591,196
1400000US36047115800,"Census Tract 1158, Kings County, New York",Brooklyn,938,175,442,155,496,127
1400000US36047116000,"Census Tract 1160, Kings County, New York",Brooklyn,956,131,340,126,616,94
1400000US36047116200,"Census Tract 1162, Kings County, New York",Brooklyn,925,122,474,134,451,120
1400000US36047116400,"Census Tract 1164, Kings County, New York",Brooklyn,1271,251,582,230,689,137
1400000US36047116600,"Census Tract 1166, Kings County, New York",Brooklyn,1150,172,211,137,939,201
1400000US36047116800,"Census Tract 1168, Kings County, New York",Brooklyn,754,114,132,68,622,119
1400000US36047117000,"Census Tract 1170, Kings County, New York",Brooklyn,793,310,169,85,624,318
1400000US36047117201,"Census Tract 1172.01, Kings County, New York",Brooklyn,718,88,402,108,316,71
1400000US36047117202,"Census Tract 1172.02, Kings County, New York",Brooklyn,1470,338,653,341,817,263
1400000US36047117400,"Census Tract 1174, Kings County, New York",Brooklyn,1309,308,259,128,1050,359
1400000US36047117601,"Census Tract 1176.01, Kings County, New York",Brooklyn,918,183,288,154,630,127
1400000US36047117602,"Census Tract 1176.02, Kings County, New York",Brooklyn,1068,165,472,216,596,148
1400000US36047117800,"Census Tract 1178, Kings County, New York",Brooklyn,609,149,173,102,436,139
1400000US36047118000,"Census Tract 1180, Kings County, New York",Brooklyn,0,14,0,14,0,14
1400000US36047118201,"Census Tract 1182.01, Kings County, New York",Brooklyn,984,157,217,90,767,183
1400000US36047118202,"Census Tract 1182.02, Kings County, New York",Brooklyn,1050,180,397,113,653,167
1400000US36047118400,"Census Tract 1184, Kings County, New York",Brooklyn,1621,211,429,174,1192,241
1400000US36047118600,"Census Tract 1186, Kings County, New York",Brooklyn,816,77,343,122,473,121
1400000US36047118800,"Census Tract 1188, Kings County, New York",Brooklyn,1123,140,280,126,843,160
1400000US36047119000,"Census Tract 1190, Kings County, New York",Brooklyn,717,181,169,104,548,208
1400000US36047119200,"Census Tract 1192, Kings County, New York",Brooklyn,1166,141,442,192,724,144
1400000US36047119400,"Census Tract 1194, Kings County, New York",Brooklyn,1483,173,294,137,1189,244
1400000US36047119600,"Census Tract 1196, Kings County, New York",Brooklyn,2068,294,338,171,1730,346
1400000US36047119800,"Census Tract 1198, Kings County, New York",Brooklyn,1048,196,288,132,760,213
1400000US36047120000,"Census Tract 1200, Kings County, New York",Brooklyn,1039,361,277,86,762,386
1400000US36047120200,"Census Tract 1202, Kings County, New York",Brooklyn,495,87,212,82,283,81
1400000US36047120801,"Census Tract 1208.01, Kings County, New York",Brooklyn,1474,289,645,243,829,264
1400000US36047120802,"Census Tract 1208.02, Kings County, New York",Brooklyn,1723,289,0,19,1723,289
1400000US36047120803,"Census Tract 1208.03, Kings County, New York",Brooklyn,561,106,161,69,400,112
1400000US36047121000,"Census Tract 1210, Kings County, New York",Brooklyn,1625,268,0,14,1625,268
1400000US36047121400,"Census Tract 1214, Kings County, New York",Brooklyn,1574,114,0,14,1574,114
1400000US36047122000,"Census Tract 1220, Kings County, New York",Brooklyn,2540,245,544,261,1996,316
1400000US36047123700,"Census Tract 1237, Kings County, New York",Brooklyn,1546,222,392,166,1154,225
1400000US36047150200,"Census Tract 1502, Kings County, New York",Brooklyn,1082,135,629,127,453,121
1400000US36047152200,"Census Tract 1522, Kings County, New York",Brooklyn,1417,538,1015,524,402,131
1400000US36047990100,"Census Tract 9901, Kings County, New York",Brooklyn,0,14,0,14,0,14
1400000US36061000100,"Census Tract 1, New York County, New York",Manhattan,0,14,0,14,0,14
1400000US36061000201,"Census Tract 2.01, New York County, New York",Manhattan,852,186,0,14,852,186
1400000US36061000202,"Census Tract 2.02, New York County, New York",Manhattan,3163,313,1005,325,2158,290
1400000US36061000500,"Census Tract 5, New York County, New York",Manhattan,0,14,0,14,0,14
1400000US36061000600,"Census Tract 6, New York County, New York",Manhattan,5393,693,278,184,5115,676
1400000US36061000700,"Census Tract 7, New York County, New York",Manhattan,5224,508,974,303,4250,515
1400000US36061000800,"Census Tract 8, New York County, New York",Manhattan,4355,811,69,81,4286,815
1400000US36061000900,"Census Tract 9, New York County, New York",Manhattan,893,191,267,63,626,187
1400000US36061001001,"Census Tract 10.01, New York County, New York",Manhattan,812,58,668,72,144,53
1400000US36061001002,"Census Tract 10.02, New York County, New York",Manhattan,2510,400,24,44,2486,406
1400000US36061001200,"Census Tract 12, New York County, New York",Manhattan,1934,207,1225,248,709,142
1400000US36061001300,"Census Tract 13, New York County, New York",Manhattan,2780,285,407,141,2373,296
1400000US36061001401,"Census Tract 14.01, New York County, New York",Manhattan,1799,246,1367,264,432,181
1400000US36061001402,"Census Tract 14.02, New York County, New York",Manhattan,1751,325,145,105,1606,318
1400000US36061001501,"Census Tract 15.01, New York County, New York",Manhattan,3259,564,1960,509,1299,316
1400000US36061001502,"Census Tract 15.02, New York County, New York",Manhattan,3952,423,628,170,3324,445
1400000US36061001600,"Census Tract 16, New York County, New York",Manhattan,3499,800,922,708,2577,327
1400000US36061001800,"Census Tract 18, New York County, New York",Manhattan,3170,316,359,161,2811,363
1400000US36061002000,"Census Tract 20, New York County, New York",Manhattan,1962,184,0,19,1962,184
1400000US36061002100,"Census Tract 21, New York County, New York",Manhattan,3387,410,1238,355,2149,369
1400000US36061002201,"Census Tract 22.01, New York County, New York",Manhattan,3079,299,302,118,2777,318
1400000US36061002202,"Census Tract 22.02, New York County, New York",Manhattan,1052,144,176,74,876,142
1400000US36061002400,"Census Tract 24, New York County, New York",Manhattan,1797,154,0,14,1797,154
1400000US36061002500,"Census Tract 25, New York County, New York",Manhattan,1786,200,0,14,1786,200
1400000US36061002601,"Census Tract 26.01, New York County, New York",Manhattan,1942,446,150,75,1792,449
1400000US36061002602,"Census Tract 26.02, New York County, New York",Manhattan,1913,265,600,203,1313,289
1400000US36061002700,"Census Tract 27, New York County, New York",Manhattan,620,258,499,254,121,37
1400000US36061002800,"Census Tract 28, New York County, New York",Manhattan,3205,324,527,156,2678,346
1400000US36061002901,"Census Tract 29.01, New York County, New York",Manhattan,69,58,0,14,69,58
1400000US36061002902,"Census Tract 29.02, New York County, New York",Manhattan,1741,607,221,117,1520,616
1400000US36061003001,"Census Tract 30.01, New York County, New York",Manhattan,2294,232,136,76,2158,230
1400000US36061003002,"Census Tract 30.02, New York County, New York",Manhattan,1727,162,97,64,1630,165
1400000US36061003100,"Census Tract 31, New York County, New York",Manhattan,823,133,214,77,609,113
1400000US36061003200,"Census Tract 32, New York County, New York",Manhattan,4746,525,1079,517,3667,418
1400000US36061003300,"Census Tract 33, New York County, New York",Manhattan,2660,375,1167,240,1493,388
1400000US36061003400,"Census Tract 34, New York County, New York",Manhattan,3944,570,499,325,3445,515
1400000US36061003601,"Census Tract 36.01, New York County, New York",Manhattan,1550,233,324,109,1226,226
1400000US36061003602,"Census Tract 36.02, New York County, New York",Manhattan,1514,223,231,121,1283,231
1400000US36061003700,"Census Tract 37, New York County, New York",Manhattan,1934,546,825,193,1109,510
1400000US36061003800,"Census Tract 38, New York County, New York",Manhattan,4511,715,605,388,3906,658
1400000US36061003900,"Census Tract 39, New York County, New York",Manhattan,2699,721,1246,685,1453,254
1400000US36061004001,"Census Tract 40.01, New York County, New York",Manhattan,1866,312,204,126,1662,312
1400000US36061004002,"Census Tract 40.02, New York County, New York",Manhattan,1920,337,350,166,1570,404
1400000US36061004100,"Census Tract 41, New York County, New York",Manhattan,3095,484,218,121,2877,499
1400000US36061004200,"Census Tract 42, New York County, New York",Manhattan,1461,268,597,146,864,232
1400000US36061004300,"Census Tract 43, New York County, New York",Manhattan,2591,395,260,127,2331,386
1400000US36061004400,"Census Tract 44, New York County, New York",Manhattan,8189,884,0,21,8189,884
1400000US36061004500,"Census Tract 45, New York County, New York",Manhattan,414,85,193,68,221,65
1400000US36061004700,"Census Tract 47, New York County, New York",Manhattan,1486,380,344,117,1142,367
1400000US36061004800,"Census Tract 48, New York County, New York",Manhattan,3101,347,1641,318,1460,232
1400000US36061004900,"Census Tract 49, New York County, New York",Manhattan,2320,418,847,191,1473,391
1400000US36061005000,"Census Tract 50, New York County, New York",Manhattan,2760,324,1394,301,1366,235
1400000US36061005200,"Census Tract 52, New York County, New York",Manhattan,1382,173,868,166,514,118
1400000US36061005400,"Census Tract 54, New York County, New York",Manhattan,2747,452,1417,235,1330,423
1400000US36061005501,"Census Tract 55.01, New York County, New York",Manhattan,2001,204,630,147,1371,192
1400000US36061005502,"Census Tract 55.02, New York County, New York",Manhattan,1099,198,294,99,805,215
1400000US36061005600,"Census Tract 56, New York County, New York",Manhattan,2363,366,700,220,1663,318
1400000US36061005700,"Census Tract 57, New York County, New York",Manhattan,1355,246,510,83,845,225
1400000US36061005800,"Census Tract 58, New York County, New York",Manhattan,2193,275,143,87,2050,297
1400000US36061005900,"Census Tract 59, New York County, New York",Manhattan,2381,343,1518,292,863,273
1400000US36061006000,"Census Tract 60, New York County, New York",Manhattan,2338,312,0,19,2338,312
1400000US36061006100,"Census Tract 61, New York County, New York",Manhattan,2214,476,1277,490,937,170
1400000US36061006200,"Census Tract 62, New York County, New York",Manhattan,1253,168,0,14,1253,168
1400000US36061006300,"Census Tract 63, New York County, New York",Manhattan,3445,394,1599,245,1846,373
1400000US36061006400,"Census Tract 64, New York County, New York",Manhattan,4322,686,1374,419,2948,609
1400000US36061006500,"Census Tract 65, New York County, New York",Manhattan,3042,523,483,153,2559,476
1400000US36061006600,"Census Tract 66, New York County, New York",Manhattan,6431,1011,1873,793,4558,768
1400000US36061006700,"Census Tract 67, New York County, New York",Manhattan,3118,354,603,211,2515,359
1400000US36061006800,"Census Tract 68, New York County, New York",Manhattan,3276,521,1136,267,2140,463
1400000US36061006900,"Census Tract 69, New York County, New York",Manhattan,1219,156,515,115,704,151
1400000US36061007001,"Census Tract 70.01, New York County, New York",Manhattan,2140,358,430,330,1710,212
1400000US36061007002,"Census Tract 70.02, New York County, New York",Manhattan,2055,266,276,140,1779,255
1400000US36061007100,"Census Tract 71, New York County, New York",Manhattan,2510,348,865,218,1645,282
1400000US36061007200,"Census Tract 72, New York County, New York",Manhattan,4078,556,778,285,3300,526
1400000US36061007300,"Census Tract 73, New York County, New York",Manhattan,3552,562,624,303,2928,547
1400000US36061007400,"Census Tract 74, New York County, New York",Manhattan,2825,381,721,194,2104,360
1400000US36061007500,"Census Tract 75, New York County, New York",Manhattan,2294,360,1083,244,1211,334
1400000US36061007600,"Census Tract 76, New York County, New York",Manhattan,1441,192,427,184,1014,145
1400000US36061007700,"Census Tract 77, New York County, New York",Manhattan,3274,329,889,237,2385,336
1400000US36061007800,"Census Tract 78, New York County, New York",Manhattan,4885,658,1371,398,3514,655
1400000US36061007900,"Census Tract 79, New York County, New York",Manhattan,2437,330,954,279,1483,320
1400000US36061008000,"Census Tract 80, New York County, New York",Manhattan,2830,254,1244,233,1586,254
1400000US36061008100,"Census Tract 81, New York County, New York",Manhattan,3824,636,1532,456,2292,466
1400000US36061008200,"Census Tract 82, New York County, New York",Manhattan,2006,261,855,292,1151,232
1400000US36061008300,"Census Tract 83, New York County, New York",Manhattan,2014,277,223,154,1791,271
1400000US36061008400,"Census Tract 84, New York County, New York",Manhattan,1005,230,304,195,701,167
1400000US36061008601,"Census Tract 86.01, New York County, New York",Manhattan,1817,231,380,121,1437,241
1400000US36061008602,"Census Tract 86.02, New York County, New York",Manhattan,0,14,0,14,0,14
1400000US36061008603,"Census Tract 86.03, New York County, New York",Manhattan,2710,352,1879,289,831,289
1400000US36061008700,"Census Tract 87, New York County, New York",Manhattan,3223,421,956,303,2267,367
1400000US36061008800,"Census Tract 88, New York County, New York",Manhattan,5152,660,1720,402,3432,685
1400000US36061008900,"Census Tract 89, New York County, New York",Manhattan,2991,429,740,265,2251,406
1400000US36061009000,"Census Tract 90, New York County, New York",Manhattan,4272,636,1130,321,3142,554
1400000US36061009100,"Census Tract 91, New York County, New York",Manhattan,3801,369,1015,268,2786,386
1400000US36061009200,"Census Tract 92, New York County, New York",Manhattan,922,147,137,54,785,143
1400000US36061009300,"Census Tract 93, New York County, New York",Manhattan,5508,671,2475,647,3033,446
1400000US36061009400,"Census Tract 94, New York County, New York",Manhattan,34,22,8,13,26,18
1400000US36061009500,"Census Tract 95, New York County, New York",Manhattan,1499,184,344,90,1155,178
1400000US36061009600,"Census Tract 96, New York County, New York",Manhattan,95,50,24,19,71,47
1400000US36061009700,"Census Tract 97, New York County, New York",Manhattan,2631,365,1474,368,1157,308
1400000US36061009800,"Census Tract 98, New York County, New York",Manhattan,4705,647,2083,490,2622,649
1400000US36061009901,"Census Tract 99.01, New York County, New York",Manhattan,1034,241,304,99,730,241
1400000US36061009902,"Census Tract 99.02, New York County, New York",Manhattan,2314,306,13,19,2301,306
1400000US36061009903,"Census Tract 99.03, New York County, New York",Manhattan,891,108,79,51,812,124
1400000US36061010000,"Census Tract 100, New York County, New York",Manhattan,1137,325,250,67,887,326
1400000US36061010100,"Census Tract 101, New York County, New York",Manhattan,1169,214,0,14,1169,214
1400000US36061010200,"Census Tract 102, New York County, New York",Manhattan,157,127,67,50,90,120
1400000US36061010300,"Census Tract 103, New York County, New York",Manhattan,1594,254,99,85,1495,247
1400000US36061010400,"Census Tract 104, New York County, New York",Manhattan,596,131,286,80,310,125
1400000US36061010601,"Census Tract 106.01, New York County, New York",Manhattan,4152,720,2821,664,1331,355
1400000US36061010602,"Census Tract 106.02, New York County, New York",Manhattan,2146,193,625,157,1521,211
1400000US36061010801,"Census Tract 108.01, New York County, New York",Manhattan,1891,217,814,192,1077,236
1400000US36061010802,"Census Tract 108.02, New York County, New York",Manhattan,2217,459,1164,382,1053,351
1400000US36061010803,"Census Tract 108.03, New York County, New York",Manhattan,1053,200,576,167,477,131
1400000US36061010900,"Census Tract 109, New York County, New York",Manhattan,113,32,13,10,100,32
1400000US36061011000,"Census Tract 110, New York County, New York",Manhattan,3675,577,532,226,3143,585
1400000US36061011100,"Census Tract 111, New York County, New York",Manhattan,2704,294,296,119,2408,292
1400000US36061011201,"Census Tract 112.01, New York County, New York",Manhattan,516,100,97,50,419,94
1400000US36061011202,"Census Tract 112.02, New York County, New York",Manhattan,313,71,224,58,89,54
1400000US36061011203,"Census Tract 112.03, New York County, New York",Manhattan,528,99,247,66,281,71
1400000US36061011300,"Census Tract 113, New York County, New York",Manhattan,49,23,14,11,35,21
1400000US36061011401,"Census Tract 114.01, New York County, New York",Manhattan,667,191,246,95,421,167
1400000US36061011402,"Census Tract 114.02, New York County, New York",Manhattan,1164,222,728,143,436,186
1400000US36061011500,"Census Tract 115, New York County, New York",Manhattan,1840,261,174,89,1666,281
1400000US36061011600,"Census Tract 116, New York County, New York",Manhattan,1889,452,294,140,1595,445
1400000US36061011700,"Census Tract 117, New York County, New York",Manhattan,3465,605,19,32,3446,605
1400000US36061011800,"Census Tract 118, New York County, New York",Manhattan,5148,615,2249,577,2899,583
1400000US36061011900,"Census Tract 119, New York County, New York",Manhattan,1102,164,6,9,1096,164
1400000US36061012000,"Census Tract 120, New York County, New York",Manhattan,1925,302,1253,287,672,246
1400000US36061012101,"Census Tract 121.01, New York County, New York",Manhattan,1822,303,112,77,1710,295
1400000US36061012102,"Census Tract 121.02, New York County, New York",Manhattan,3336,494,195,92,3141,492
1400000US36061012200,"Census Tract 122, New York County, New York",Manhattan,1469,231,870,189,599,180
1400000US36061012400,"Census Tract 124, New York County, New York",Manhattan,4870,583,1194,395,3676,517
1400000US36061012500,"Census Tract 125, New York County, New York",Manhattan,1452,219,114,97,1338,254
1400000US36061012601,"Census Tract 126.01, New York County, New York",Manhattan,3582,652,2099,619,1483,253
1400000US36061012602,"Census Tract 126.02, New York County, New York",Manhattan,2632,427,1117,303,1515,339
1400000US36061012700,"Census Tract 127, New York County, New York",Manhattan,4117,519,1100,412,3017,572
1400000US36061012800,"Census Tract 128, New York County, New York",Manhattan,2623,312,1850,289,773,253
1400000US36061012901,"Census Tract 129.01, New York County, New York",Manhattan,4252,542,782,386,3470,440
1400000US36061012902,"Census Tract 129.02, New York County, New York",Manhattan,1250,190,342,150,908,168
1400000US36061013000,"Census Tract 130, New York County, New York",Manhattan,1528,273,1069,233,459,161
1400000US36061013100,"Census Tract 131, New York County, New York",Manhattan,2250,314,253,166,1997,294
1400000US36061013201,"Census Tract 132.01, New York County, New York",Manhattan,1243,246,412,118,831,213
1400000US36061013202,"Census Tract 132.02, New York County, New York",Manhattan,2173,378,120,126,2053,359
1400000US36061013203,"Census Tract 132.03, New York County, New York",Manhattan,2410,381,947,315,1463,426
1400000US36061013300,"Census Tract 133, New York County, New York",Manhattan,3787,521,603,239,3184,566
1400000US36061013400,"Census Tract 134, New York County, New York",Manhattan,5643,611,1731,470,3912,608
1400000US36061013501,"Census Tract 135.01, New York County, New York",Manhattan,2622,263,24,45,2598,269
1400000US36061013502,"Census Tract 135.02, New York County, New York",Manhattan,3655,586,61,88,3594,599
1400000US36061013601,"Census Tract 136.01, New York County, New York",Manhattan,972,215,837,220,135,60
1400000US36061013602,"Census Tract 136.02, New York County, New York",Manhattan,2695,619,1141,269,1554,651
1400000US36061013603,"Census Tract 136.03, New York County, New York",Manhattan,2688,453,129,110,2559,441
1400000US36061013604,"Census Tract 136.04, New York County, New York",Manhattan,2435,276,690,226,1745,257
1400000US36061013700,"Census Tract 137, New York County, New York",Manhattan,3696,529,1399,460,2297,376
1400000US36061013800,"Census Tract 138, New York County, New York",Manhattan,6641,1065,3076,825,3565,751
1400000US36061013900,"Census Tract 139, New York County, New York",Manhattan,6055,1277,1788,637,4267,1067
1400000US36061014000,"Census Tract 140, New York County, New York",Manhattan,3967,632,2106,491,1861,470
1400000US36061014200,"Census Tract 142, New York County, New York",Manhattan,1876,402,1327,337,549,182
1400000US36061014300,"Census Tract 143, New York County, New York",Manhattan,0,14,0,14,0,14
1400000US36061014401,"Census Tract 144.01, New York County, New York",Manhattan,2637,411,1307,412,1330,211
1400000US36061014402,"Census Tract 144.02, New York County, New York",Manhattan,3764,467,1195,328,2569,450
1400000US36061014500,"Census Tract 145, New York County, New York",Manhattan,3412,439,925,285,2487,329
1400000US36061014601,"Census Tract 146.01, New York County, New York",Manhattan,2362,392,463,205,1899,427
1400000US36061014602,"Census Tract 146.02, New York County, New York",Manhattan,4997,740,1220,293,3777,771
1400000US36061014700,"Census Tract 147, New York County, New York",Manhattan,1372,277,209,76,1163,269
1400000US36061014801,"Census Tract 148.01, New York County, New York",Manhattan,1350,106,551,117,799,135
1400000US36061014802,"Census Tract 148.02, New York County, New York",Manhattan,3428,453,1420,329,2008,396
1400000US36061014900,"Census Tract 149, New York County, New York",Manhattan,3003,431,989,222,2014,426
1400000US36061015001,"Census Tract 150.01, New York County, New York",Manhattan,1049,97,427,101,622,109
1400000US36061015002,"Census Tract 150.02, New York County, New York",Manhattan,2260,215,1842,196,418,129
1400000US36061015101,"Census Tract 151.01, New York County, New York",Manhattan,1554,154,91,56,1463,149
1400000US36061015102,"Census Tract 151.02, New York County, New York",Manhattan,4895,519,738,292,4157,561
1400000US36061015200,"Census Tract 152, New York County, New York",Manhattan,3559,314,721,188,2838,352
1400000US36061015301,"Census Tract 153.01, New York County, New York",Manhattan,2464,465,1168,337,1296,378
1400000US36061015302,"Census Tract 153.02, New York County, New York",Manhattan,3079,364,1119,294,1960,326
1400000US36061015401,"Census Tract 154.01, New York County, New York",Manhattan,3290,750,338,161,2952,759
1400000US36061015402,"Census Tract 154.02, New York County, New York",Manhattan,1676,331,664,244,1012,229
1400000US36061015403,"Census Tract 154.03, New York County, New York",Manhattan,2503,389,1097,256,1406,415
1400000US36061015501,"Census Tract 155.01, New York County, New York",Manhattan,2956,593,1884,518,1072,309
1400000US36061015502,"Census Tract 155.02, New York County, New York",Manhattan,2796,389,1561,335,1235,273
1400000US36061015601,"Census Tract 156.01, New York County, New York",Manhattan,2794,280,170,67,2624,284
1400000US36061015602,"Census Tract 156.02, New York County, New York",Manhattan,1180,196,112,68,1068,208
1400000US36061015700,"Census Tract 157, New York County, New York",Manhattan,6442,880,2619,928,3823,801
1400000US36061015801,"Census Tract 158.01, New York County, New York",Manhattan,2526,329,922,175,1604,326
1400000US36061015802,"Census Tract 158.02, New York County, New York",Manhattan,2138,450,60,37,2078,452
1400000US36061015900,"Census Tract 159, New York County, New York",Manhattan,5169,627,2760,515,2409,409
1400000US36061016001,"Census Tract 160.01, New York County, New York",Manhattan,1534,183,1261,207,273,103
1400000US36061016002,"Census Tract 160.02, New York County, New York",Manhattan,1214,211,440,92,774,202
1400000US36061016100,"Census Tract 161, New York County, New York",Manhattan,3627,675,822,201,2805,662
1400000US36061016200,"Census Tract 162, New York County, New York",Manhattan,4596,911,197,223,4399,954
1400000US36061016300,"Census Tract 163, New York County, New York",Manhattan,3288,453,1545,402,1743,290
1400000US36061016400,"Census Tract 164, New York County, New York",Manhattan,3425,470,35,54,3390,467
1400000US36061016500,"Census Tract 165, New York County, New York",Manhattan,3327,309,1565,324,1762,265
1400000US36061016600,"Census Tract 166, New York County, New York",Manhattan,2953,315,283,130,2670,352
1400000US36061016700,"Census Tract 167, New York County, New York",Manhattan,3323,313,1560,214,1763,280
1400000US36061016800,"Census Tract 168, New York County, New York",Manhattan,1864,194,97,63,1767,212
1400000US36061016900,"Census Tract 169, New York County, New York",Manhattan,4585,518,1153,363,3432,527
1400000US36061017000,"Census Tract 170, New York County, New York",Manhattan,3452,295,327,175,3125,354
1400000US36061017100,"Census Tract 171, New York County, New York",Manhattan,4208,752,1784,411,2424,718
1400000US36061017200,"Census Tract 172, New York County, New York",Manhattan,2545,261,48,62,2497,253
1400000US36061017300,"Census Tract 173, New York County, New York",Manhattan,4590,570,1336,301,3254,632
1400000US36061017401,"Census Tract 174.01, New York County, New York",Manhattan,2341,205,244,128,2097,203
1400000US36061017402,"Census Tract 174.02, New York County, New York",Manhattan,1196,141,165,63,1031,151
1400000US36061017500,"Census Tract 175, New York County, New York",Manhattan,4600,555,1718,368,2882,537
1400000US36061017700,"Census Tract 177, New York County, New York",Manhattan,4794,701,1893,450,2901,735
1400000US36061017800,"Census Tract 178, New York County, New York",Manhattan,1865,333,233,113,1632,326
1400000US36061017900,"Census Tract 179, New York County, New York",Manhattan,4369,547,1616,517,2753,378
1400000US36061018000,"Census Tract 180, New York County, New York",Manhattan,2966,375,336,156,2630,370
1400000US36061018100,"Census Tract 181, New York County, New York",Manhattan,4210,611,1443,351,2767,627
1400000US36061018200,"Census Tract 182, New York County, New York",Manhattan,3074,338,116,64,2958,345
1400000US36061018300,"Census Tract 183, New York County, New York",Manhattan,3827,533,1325,397,2502,451
1400000US36061018400,"Census Tract 184, New York County, New York",Manhattan,3286,401,705,262,2581,429
1400000US36061018500,"Census Tract 185, New York County, New York",Manhattan,2832,355,920,345,1912,271
1400000US36061018600,"Census Tract 186, New York County, New York",Manhattan,1980,187,79,82,1901,201
1400000US36061018700,"Census Tract 187, New York County, New York",Manhattan,3668,393,948,365,2720,354
1400000US36061018800,"Census Tract 188, New York County, New York",Manhattan,2520,350,80,61,2440,342
1400000US36061018900,"Census Tract 189, New York County, New York",Manhattan,4625,471,891,368,3734,504
1400000US36061019000,"Census Tract 190, New York County, New York",Manhattan,1645,126,670,133,975,159
1400000US36061019100,"Census Tract 191, New York County, New York",Manhattan,4294,523,1862,490,2432,373
1400000US36061019200,"Census Tract 192, New York County, New York",Manhattan,1626,239,0,14,1626,239
1400000US36061019300,"Census Tract 193, New York County, New York",Manhattan,4112,434,755,327,3357,373
1400000US36061019400,"Census Tract 194, New York County, New York",Manhattan,2845,328,129,91,2716,345
1400000US36061019500,"Census Tract 195, New York County, New York",Manhattan,3246,332,1168,287,2078,302
1400000US36061019600,"Census Tract 196, New York County, New York",Manhattan,1841,271,6,11,1835,269
1400000US36061019701,"Census Tract 197.01, New York County, New York",Manhattan,515,67,0,14,515,67
1400000US36061019702,"Census Tract 197.02, New York County, New York",Manhattan,1173,136,243,110,930,136
1400000US36061019800,"Census Tract 198, New York County, New York",Manhattan,1029,143,461,140,568,116
1400000US36061019900,"Census Tract 199, New York County, New York",Manhattan,3196,499,1078,221,2118,477
1400000US36061020000,"Census Tract 200, New York County, New York",Manhattan,1651,264,270,100,1381,245
1400000US36061020101,"Census Tract 201.01, New York County, New York",Manhattan,337,49,57,21,280,49
1400000US36061020102,"Census Tract 201.02, New York County, New York",Manhattan,1609,190,396,109,1213,208
1400000US36061020300,"Census Tract 203, New York County, New York",Manhattan,466,141,23,26,443,141
1400000US36061020500,"Census Tract 205, New York County, New York",Manhattan,1197,144,230,77,967,141
1400000US36061020600,"Census Tract 206, New York County, New York",Manhattan,1786,206,153,81,1633,220
1400000US36061020701,"Census Tract 207.01, New York County, New York",Manhattan,1091,150,75,60,1016,142
1400000US36061020800,"Census Tract 208, New York County, New York",Manhattan,2235,302,522,230,1713,311
1400000US36061020901,"Census Tract 209.01, New York County, New York",Manhattan,1440,143,110,73,1330,149
1400000US36061021000,"Census Tract 210, New York County, New York",Manhattan,3322,499,483,191,2839,520
1400000US36061021100,"Census Tract 211, New York County, New York",Manhattan,4189,628,1242,316,2947,615
1400000US36061021200,"Census Tract 212, New York County, New York",Manhattan,2678,280,273,182,2405,323
1400000US36061021303,"Census Tract 213.03, New York County, New York",Manhattan,2390,295,305,197,2085,284
1400000US36061021400,"Census Tract 214, New York County, New York",Manhattan,2113,232,0,14,2113,232
1400000US36061021500,"Census Tract 215, New York County, New York",Manhattan,1821,187,119,57,1702,199
1400000US36061021600,"Census Tract 216, New York County, New York",Manhattan,3361,316,662,256,2699,322
1400000US36061021703,"Census Tract 217.03, New York County, New York",Manhattan,0,14,0,14,0,14
1400000US36061021800,"Census Tract 218, New York County, New York",Manhattan,2971,661,913,593,2058,317
1400000US36061021900,"Census Tract 219, New York County, New York",Manhattan,2052,198,13,26,2039,196
1400000US36061022000,"Census Tract 220, New York County, New York",Manhattan,3032,377,636,220,2396,411
1400000US36061022102,"Census Tract 221.02, New York County, New York",Manhattan,1138,182,333,125,805,153
1400000US36061022200,"Census Tract 222, New York County, New York",Manhattan,1571,195,475,149,1096,208
1400000US36061022301,"Census Tract 223.01, New York County, New York",Manhattan,2610,291,333,130,2277,324
1400000US36061022302,"Census Tract 223.02, New York County, New York",Manhattan,1294,156,43,31,1251,156
1400000US36061022400,"Census Tract 224, New York County, New York",Manhattan,2766,273,31,37,2735,277
1400000US36061022500,"Census Tract 225, New York County, New York",Manhattan,3968,397,678,250,3290,436
1400000US36061022600,"Census Tract 226, New York County, New York",Manhattan,2210,251,551,206,1659,228
1400000US36061022700,"Census Tract 227, New York County, New York",Manhattan,2389,199,579,189,1810,219
1400000US36061022800,"Census Tract 228, New York County, New York",Manhattan,2789,416,886,300,1903,429
1400000US36061022900,"Census Tract 229, New York County, New York",Manhattan,2976,228,319,184,2657,270
1400000US36061023000,"Census Tract 230, New York County, New York",Manhattan,3909,430,231,242,3678,411
1400000US36061023100,"Census Tract 231, New York County, New York",Manhattan,2724,271,482,195,2242,291
1400000US36061023200,"Census Tract 232, New York County, New York",Manhattan,3410,286,23,36,3387,288
1400000US36061023300,"Census Tract 233, New York County, New York",Manhattan,2751,287,317,125,2434,313
1400000US36061023400,"Census Tract 234, New York County, New York",Manhattan,2463,414,80,66,2383,416
1400000US36061023501,"Census Tract 235.01, New York County, New York",Manhattan,2817,281,425,185,2392,300
1400000US36061023502,"Census Tract 235.02, New York County, New York",Manhattan,867,101,92,36,775,100
1400000US36061023600,"Census Tract 236, New York County, New York",Manhattan,4594,440,893,384,3701,450
1400000US36061023700,"Census Tract 237, New York County, New York",Manhattan,2651,294,372,176,2279,334
1400000US36061023802,"Census Tract 238.02, New York County, New York",Manhattan,1990,270,86,62,1904,272
1400000US36061023803,"Census Tract 238.03, New York County, New York",Manhattan,1632,289,738,160,894,260
1400000US36061023804,"Census Tract 238.04, New York County, New York",Manhattan,1553,258,152,103,1401,238
1400000US36061023900,"Census Tract 239, New York County, New York",Manhattan,1271,138,61,64,1210,135
1400000US36061024000,"Census Tract 240, New York County, New York",Manhattan,0,14,0,14,0,14
1400000US36061024100,"Census Tract 241, New York County, New York",Manhattan,3228,277,581,180,2647,293
1400000US36061024200,"Census Tract 242, New York County, New York",Manhattan,2037,198,38,51,1999,205
1400000US36061024301,"Census Tract 243.01, New York County, New York",Manhattan,1583,218,158,90,1425,230
1400000US36061024302,"Census Tract 243.02, New York County, New York",Manhattan,2663,292,0,19,2663,292
1400000US36061024500,"Census Tract 245, New York County, New York",Manhattan,5442,697,113,116,5329,703
1400000US36061024700,"Census Tract 247, New York County, New York",Manhattan,2705,382,595,177,2110,390
1400000US36061024900,"Census Tract 249, New York County, New York",Manhattan,470,80,46,33,424,86
1400000US36061025100,"Census Tract 251, New York County, New York",Manhattan,839,114,0,14,839,114
1400000US36061025300,"Census Tract 253, New York County, New York",Manhattan,4028,371,73,48,3955,378
1400000US36061025500,"Census Tract 255, New York County, New York",Manhattan,1908,243,289,161,1619,233
1400000US36061025700,"Census Tract 257, New York County, New York",Manhattan,2260,228,551,170,1709,252
1400000US36061025900,"Census Tract 259, New York County, New York",Manhattan,1806,190,701,180,1105,168
1400000US36061026100,"Census Tract 261, New York County, New York",Manhattan,3719,337,87,61,3632,347
1400000US36061026300,"Census Tract 263, New York County, New York",Manhattan,2804,283,25,41,2779,288
1400000US36061026500,"Census Tract 265, New York County, New York",Manhattan,2942,359,673,273,2269,347
1400000US36061026700,"Census Tract 267, New York County, New York",Manhattan,591,50,0,14,591,50
1400000US36061026900,"Census Tract 269, New York County, New York",Manhattan,2470,321,234,146,2236,327
1400000US36061027100,"Census Tract 271, New York County, New York",Manhattan,3179,274,333,132,2846,302
1400000US36061027300,"Census Tract 273, New York County, New York",Manhattan,3116,303,962,211,2154,333
1400000US36061027500,"Census Tract 275, New York County, New York",Manhattan,1794,499,1254,532,540,102
1400000US36061027700,"Census Tract 277, New York County, New York",Manhattan,1997,267,0,19,1997,267
1400000US36061027900,"Census Tract 279, New York County, New York",Manhattan,4302,388,518,203,3784,382
1400000US36061028100,"Census Tract 281, New York County, New York",Manhattan,1459,231,510,134,949,205
1400000US36061028300,"Census Tract 283, New York County, New York",Manhattan,3239,313,927,244,2312,306
1400000US36061028500,"Census Tract 285, New York County, New York",Manhattan,2286,308,0,19,2286,308
1400000US36061028700,"Census Tract 287, New York County, New York",Manhattan,1634,199,116,50,1518,203
1400000US36061029100,"Census Tract 291, New York County, New York",Manhattan,3912,331,112,84,3800,332
1400000US36061029300,"Census Tract 293, New York County, New York",Manhattan,2921,305,16,23,2905,306
1400000US36061029500,"Census Tract 295, New York County, New York",Manhattan,3345,301,461,180,2884,350
1400000US36061029700,"Census Tract 297, New York County, New York",Manhattan,0,14,0,14,0,14
1400000US36061029900,"Census Tract 299, New York County, New York",Manhattan,1399,158,24,30,1375,160
1400000US36061030300,"Census Tract 303, New York County, New York",Manhattan,1629,178,147,61,1482,182
1400000US36061030700,"Census Tract 307, New York County, New York",Manhattan,1835,197,961,171,874,192
1400000US36061030900,"Census Tract 309, New York County, New York",Manhattan,3355,400,290,163,3065,396
1400000US36061031100,"Census Tract 311, New York County, New York",Manhattan,0,14,0,14,0,14
1400000US36061031703,"Census Tract 317.03, New York County, New York",Manhattan,2353,415,249,153,2104,373
1400000US36061031704,"Census Tract 317.04, New York County, New York",Manhattan,4683,718,1826,446,2857,622
1400000US36061031900,"Census Tract 319, New York County, New York",Manhattan,0,14,0,14,0,14
1400000US36081000101,"Census Tract 1.01, Queens County, New York",Queens,2381,374,763,396,1618,287
1400000US36081000102,"Census Tract 1.02, Queens County, New York",Queens,3371,316,140,133,3231,328
1400000US36081000103,"Census Tract 1.03, Queens County, New York",Queens,21,24,0,14,21,24
1400000US36081000104,"Census Tract 1.04, Queens County, New York",Queens,26,41,0,14,26,41
1400000US36081000200,"Census Tract 2, Queens County, New York",Queens,854,172,393,160,461,98
1400000US36081000400,"Census Tract 4, Queens County, New York",Queens,1113,188,587,159,526,195
1400000US36081000600,"Census Tract 6, Queens County, New York",Queens,986,153,482,157,504,127
1400000US36081000701,"Census Tract 7.01, Queens County, New York",Queens,1690,175,705,131,985,182
1400000US36081000702,"Census Tract 7.02, Queens County, New York",Queens,1944,233,272,120,1672,257
1400000US36081000800,"Census Tract 8, Queens County, New York",Queens,1071,121,696,169,375,145
1400000US36081001000,"Census Tract 10, Queens County, New York",Queens,1139,223,598,131,541,238
1400000US36081001200,"Census Tract 12, Queens County, New York",Queens,1250,190,519,104,731,229
1400000US36081001400,"Census Tract 14, Queens County, New York",Queens,1217,294,501,162,716,287
1400000US36081001600,"Census Tract 16, Queens County, New York",Queens,760,95,477,80,283,95
1400000US36081001800,"Census Tract 18, Queens County, New York",Queens,887,173,503,163,384,80
1400000US36081001901,"Census Tract 19.01, Queens County, New York",Queens,1031,202,348,133,683,210
1400000US36081001902,"Census Tract 19.02, Queens County, New York",Queens,4077,494,806,316,3271,434
1400000US36081001903,"Census Tract 19.03, Queens County, New York",Queens,1303,191,324,127,979,229
1400000US36081002000,"Census Tract 20, Queens County, New York",Queens,472,63,286,61,186,80
1400000US36081002200,"Census Tract 22, Queens County, New York",Queens,662,102,210,60,452,112
1400000US36081002400,"Census Tract 24, Queens County, New York",Queens,688,92,352,87,336,126
1400000US36081002500,"Census Tract 25, Queens County, New York",Queens,3363,530,41,47,3322,527
1400000US36081002600,"Census Tract 26, Queens County, New York",Queens,676,194,481,206,195,66
1400000US36081002800,"Census Tract 28, Queens County, New York",Queens,1108,251,514,129,594,243
1400000US36081003000,"Census Tract 30, Queens County, New York",Queens,439,97,255,110,184,75
1400000US36081003100,"Census Tract 31, Queens County, New York",Queens,885,110,139,60,746,120
1400000US36081003200,"Census Tract 32, Queens County, New York",Queens,565,106,350,123,215,59
1400000US36081003301,"Census Tract 33.01, Queens County, New York",Queens,2330,204,157,84,2173,211
1400000US36081003302,"Census Tract 33.02, Queens County, New York",Queens,416,99,72,42,344,96
1400000US36081003400,"Census Tract 34, Queens County, New York",Queens,728,104,342,62,386,119
1400000US36081003600,"Census Tract 36, Queens County, New York",Queens,1070,237,472,172,598,218
1400000US36081003700,"Census Tract 37, Queens County, New York",Queens,0,14,0,14,0,14
1400000US36081003800,"Census Tract 38, Queens County, New York",Queens,702,90,314,94,388,104
1400000US36081003900,"Census Tract 39, Queens County, New York",Queens,519,192,51,29,468,187
1400000US36081004001,"Census Tract 40.01, Queens County, New York",Queens,670,98,277,63,393,112
1400000US36081004002,"Census Tract 40.02, Queens County, New York",Queens,545,226,309,233,236,59
1400000US36081004200,"Census Tract 42, Queens County, New York",Queens,1155,138,519,164,636,141
1400000US36081004300,"Census Tract 43, Queens County, New York",Queens,1008,151,0,14,1008,151
1400000US36081004401,"Census Tract 44.01, Queens County, New York",Queens,1133,203,581,214,552,126
1400000US36081004500,"Census Tract 45, Queens County, New York",Queens,1506,207,1191,207,315,118
1400000US36081004700,"Census Tract 47, Queens County, New York",Queens,1818,143,105,61,1713,168
1400000US36081005000,"Census Tract 50, Queens County, New York",Queens,0,14,0,14,0,14
1400000US36081005100,"Census Tract 51, Queens County, New York",Queens,854,121,36,29,818,118
1400000US36081005200,"Census Tract 52, Queens County, New York",Queens,660,112,303,101,357,108
1400000US36081005300,"Census Tract 53, Queens County, New York",Queens,2392,369,375,121,2017,382
1400000US36081005400,"Census Tract 54, Queens County, New York",Queens,1738,271,1185,209,553,232
1400000US36081005500,"Census Tract 55, Queens County, New York",Queens,580,74,73,40,507,78
1400000US36081005700,"Census Tract 57, Queens County, New York",Queens,1825,163,169,88,1656,177
1400000US36081005800,"Census Tract 58, Queens County, New York",Queens,1899,171,1065,212,834,204
1400000US36081005900,"Census Tract 59, Queens County, New York",Queens,1847,161,115,70,1732,171
1400000US36081006100,"Census Tract 61, Queens County, New York",Queens,2856,270,122,99,2734,259
1400000US36081006201,"Census Tract 62.01, Queens County, New York",Queens,2936,419,2394,483,542,235
1400000US36081006202,"Census Tract 62.02, Queens County, New York",Queens,2395,168,1218,230,1177,238
1400000US36081006300,"Census Tract 63, Queens County, New York",Queens,2925,382,424,311,2501,273
1400000US36081006501,"Census Tract 65.01, Queens County, New York",Queens,1648,234,91,68,1557,246
1400000US36081006502,"Census Tract 65.02, Queens County, New York",Queens,1829,207,309,127,1520,230
1400000US36081006900,"Census Tract 69, Queens County, New York",Queens,2165,320,190,91,1975,302
1400000US36081007100,"Census Tract 71, Queens County, New York",Queens,1847,189,94,66,1753,185
1400000US36081007300,"Census Tract 73, Queens County, New York",Queens,2076,264,338,110,1738,291
1400000US36081007500,"Census Tract 75, Queens County, New York",Queens,2591,300,510,179,2081,353
1400000US36081007700,"Census Tract 77, Queens County, New York",Queens,899,128,141,78,758,139
1400000US36081007900,"Census Tract 79, Queens County, New York",Queens,1381,258,525,237,856,194
1400000US36081008100,"Census Tract 81, Queens County, New York",Queens,687,100,149,44,538,101
1400000US36081008300,"Census Tract 83, Queens County, New York",Queens,963,201,84,51,879,197
1400000US36081008500,"Census Tract 85, Queens County, New York",Queens,409,101,18,28,391,101
1400000US36081008600,"Census Tract 86, Queens County, New York",Queens,980,122,674,125,306,100
1400000US36081008700,"Census Tract 87, Queens County, New York",Queens,1695,327,9,18,1686,328
1400000US36081008800,"Census Tract 88, Queens County, New York",Queens,1223,182,761,182,462,117
1400000US36081009100,"Census Tract 91, Queens County, New York",Queens,1016,181,429,171,587,150
1400000US36081009400,"Census Tract 94, Queens County, New York",Queens,786,67,393,95,393,84
1400000US36081009500,"Census Tract 95, Queens County, New York",Queens,879,137,235,104,644,102
1400000US36081009600,"Census Tract 96, Queens County, New York",Queens,1002,271,800,266,202,80
1400000US36081009700,"Census Tract 97, Queens County, New York",Queens,1519,219,495,133,1024,219
1400000US36081009800,"Census Tract 98, Queens County, New York",Queens,729,91,391,106,338,90
1400000US36081009900,"Census Tract 99, Queens County, New York",Queens,0,14,0,14,0,14
1400000US36081010000,"Census Tract 100, Queens County, New York",Queens,927,241,736,248,191,86
1400000US36081010100,"Census Tract 101, Queens County, New York",Queens,1096,133,411,140,685,127
1400000US36081010200,"Census Tract 102, Queens County, New York",Queens,850,197,503,164,347,153
1400000US36081010300,"Census Tract 103, Queens County, New York",Queens,1699,238,383,130,1316,235
1400000US36081010400,"Census Tract 104, Queens County, New York",Queens,1102,261,686,111,416,253
1400000US36081010500,"Census Tract 105, Queens County, New York",Queens,1851,206,237,103,1614,222
1400000US36081010600,"Census Tract 106, Queens County, New York",Queens,911,264,660,283,251,87
1400000US36081010701,"Census Tract 107.01, Queens County, New York",Queens,0,14,0,14,0,14
1400000US36081010800,"Census Tract 108, Queens County, New York",Queens,792,170,580,181,212,97
1400000US36081011000,"Census Tract 110, Queens County, New York",Queens,736,126,325,86,411,116
1400000US36081011100,"Census Tract 111, Queens County, New York",Queens,1351,159,381,87,970,164
1400000US36081011200,"Census Tract 112, Queens County, New York",Queens,857,222,393,231,464,131
1400000US36081011300,"Census Tract 113, Queens County, New York",Queens,1977,166,422,143,1555,198
1400000US36081011400,"Census Tract 114, Queens County, New York",Queens,375,85,101,52,274,96
1400000US36081011500,"Census Tract 115, Queens County, New York",Queens,1098,147,78,45,1020,146
1400000US36081011600,"Census Tract 116, Queens County, New York",Queens,635,125,374,100,261,118
1400000US36081011700,"Census Tract 117, Queens County, New York",Queens,1712,203,383,143,1329,215
1400000US36081011800,"Census Tract 118, Queens County, New York",Queens,936,347,438,110,498,338
1400000US36081011900,"Census Tract 119, Queens County, New York",Queens,713,83,88,42,625,81
1400000US36081012000,"Census Tract 120, Queens County, New York",Queens,650,85,272,68,378,98
1400000US36081012100,"Census Tract 121, Queens County, New York",Queens,865,98,342,89,523,95
1400000US36081012200,"Census Tract 122, Queens County, New York",Queens,699,114,425,133,274,91
1400000US36081012301,"Census Tract 123.01, Queens County, New York",Queens,1361,142,540,116,821,170
1400000US36081012400,"Census Tract 124, Queens County, New York",Queens,897,259,357,91,540,252
1400000US36081012500,"Census Tract 125, Queens County, New York",Queens,637,93,79,39,558,96
1400000US36081012601,"Census Tract 126.01, Queens County, New York",Queens,772,133,428,122,344,105
1400000US36081012602,"Census Tract 126.02, Queens County, New York",Queens,766,102,395,113,371,133
1400000US36081012800,"Census Tract 128, Queens County, New York",Queens,678,90,324,99,354,101
1400000US36081013000,"Census Tract 130, Queens County, New York",Queens,700,198,265,62,435,200
1400000US36081013200,"Census Tract 132, Queens County, New York",Queens,692,69,240,66,452,70
1400000US36081013400,"Census Tract 134, Queens County, New York",Queens,2480,158,913,259,1567,259
1400000US36081013500,"Census Tract 135, Queens County, New York",Queens,579,95,333,104,246,81
1400000US36081013600,"Census Tract 136, Queens County, New York",Queens,871,145,395,83,476,142
1400000US36081013700,"Census Tract 137, Queens County, New York",Queens,846,113,177,57,669,120
1400000US36081013800,"Census Tract 138, Queens County, New York",Queens,1487,141,827,198,660,145
1400000US36081014000,"Census Tract 140, Queens County, New York",Queens,1495,143,533,167,962,131
1400000US36081014100,"Census Tract 141, Queens County, New York",Queens,807,168,190,168,617,83
1400000US36081014201,"Census Tract 142.01, Queens County, New York",Queens,1521,363,716,380,805,142
1400000US36081014202,"Census Tract 142.02, Queens County, New York",Queens,663,100,370,98,293,127
1400000US36081014300,"Census Tract 143, Queens County, New York",Queens,1765,139,326,98,1439,160
1400000US36081014400,"Census Tract 144, Queens County, New York",Queens,529,61,98,43,431,71
1400000US36081014500,"Census Tract 145, Queens County, New York",Queens,1062,245,193,95,869,257
1400000US36081014700,"Census Tract 147, Queens County, New York",Queens,1413,216,132,80,1281,218
1400000US36081014800,"Census Tract 148, Queens County, New York",Queens,655,256,427,266,228,80
1400000US36081014900,"Census Tract 149, Queens County, New York",Queens,982,168,61,45,921,176
1400000US36081015000,"Census Tract 150, Queens County, New York",Queens,589,77,379,74,210,80
1400000US36081015100,"Census Tract 151, Queens County, New York",Queens,1228,158,318,119,910,159
1400000US36081015200,"Census Tract 152, Queens County, New York",Queens,784,154,378,145,406,97
1400000US36081015300,"Census Tract 153, Queens County, New York",Queens,944,123,196,92,748,134
1400000US36081015400,"Census Tract 154, Queens County, New York",Queens,551,59,254,62,297,71
1400000US36081015500,"Census Tract 155, Queens County, New York",Queens,886,90,112,66,774,114
1400000US36081015600,"Census Tract 156, Queens County, New York",Queens,815,74,562,100,253,91
1400000US36081015700,"Census Tract 157, Queens County, New York",Queens,717,111,8,13,709,110
1400000US36081015801,"Census Tract 158.01, Queens County, New York",Queens,1063,282,682,279,381,123
1400000US36081015802,"Census Tract 158.02, Queens County, New York",Queens,1227,161,598,207,629,156
1400000US36081015900,"Census Tract 159, Queens County, New York",Queens,1823,165,211,77,1612,182
1400000US36081016100,"Census Tract 161, Queens County, New York",Queens,781,101,214,62,567,104
1400000US36081016300,"Census Tract 163, Queens County, New York",Queens,1720,173,148,65,1572,177
1400000US36081016400,"Census Tract 164, Queens County, New York",Queens,879,205,675,228,204,84
1400000US36081016600,"Census Tract 166, Queens County, New York",Queens,1212,221,845,138,367,218
1400000US36081016800,"Census Tract 168, Queens County, New York",Queens,851,142,589,130,262,106
1400000US36081016900,"Census Tract 169, Queens County, New York",Queens,2626,280,985,251,1641,306
1400000US36081017000,"Census Tract 170, Queens County, New York",Queens,678,88,526,103,152,57
1400000US36081017101,"Census Tract 171.01, Queens County, New York",Queens,0,14,0,14,0,14
1400000US36081017102,"Census Tract 171.02, Queens County, New York",Queens,175,156,0,14,175,156
1400000US36081017200,"Census Tract 172, Queens County, New York",Queens,627,61,428,85,199,75
1400000US36081017400,"Census Tract 174, Queens County, New York",Queens,728,111,452,94,276,123
1400000US36081017600,"Census Tract 176, Queens County, New York",Queens,643,104,444,80,199,103
1400000US36081017800,"Census Tract 178, Queens County, New York",Queens,581,142,396,128,185,62
1400000US36081017901,"Census Tract 179.01, Queens County, New York",Queens,451,54,23,24,428,57
1400000US36081017902,"Census Tract 179.02, Queens County, New York",Queens,0,14,0,14,0,14
1400000US36081018000,"Census Tract 180, Queens County, New York",Queens,392,82,250,94,142,51
1400000US36081018101,"Census Tract 181.01, Queens County, New York",Queens,1806,225,181,99,1625,230
1400000US36081018102,"Census Tract 181.02, Queens County, New York",Queens,1799,125,313,102,1486,140
1400000US36081018200,"Census Tract 182, Queens County, New York",Queens,748,96,498,109,250,80
1400000US36081018300,"Census Tract 183, Queens County, New York",Queens,2331,152,404,131,1927,181
1400000US36081018401,"Census Tract 184.01, Queens County, New York",Queens,723,82,456,83,267,97
1400000US36081018402,"Census Tract 184.02, Queens County, New York",Queens,682,115,467,119,215,87
1400000US36081018501,"Census Tract 185.01, Queens County, New York",Queens,1759,134,787,157,972,170
1400000US36081018502,"Census Tract 185.02, Queens County, New York",Queens,1577,184,262,137,1315,167
1400000US36081018600,"Census Tract 186, Queens County, New York",Queens,563,83,362,102,201,89
1400000US36081018700,"Census Tract 187, Queens County, New York",Queens,986,126,353,89,633,144
1400000US36081018800,"Census Tract 188, Queens County, New York",Queens,396,65,268,65,128,62
1400000US36081018900,"Census Tract 189, Queens County, New York",Queens,1374,265,422,243,952,126
1400000US36081019000,"Census Tract 190, Queens County, New York",Queens,846,156,633,140,213,92
1400000US36081019200,"Census Tract 192, Queens County, New York",Queens,683,85,510,100,173,90
1400000US36081019400,"Census Tract 194, Queens County, New York",Queens,887,94,733,89,154,67
1400000US36081019600,"Census Tract 196, Queens County, New York",Queens,906,143,432,100,474,143
1400000US36081019800,"Census Tract 198, Queens County, New York",Queens,1008,165,342,141,666,153
1400000US36081019901,"Census Tract 199.01, Queens County, New York",Queens,114,53,46,37,68,45
1400000US36081019902,"Census Tract 199.02, Queens County, New York",Queens,8,12,0,14,8,12
1400000US36081019903,"Census Tract 199.03, Queens County, New York",Queens,0,14,0,14,0,14
1400000US36081020200,"Census Tract 202, Queens County, New York",Queens,426,98,305,87,121,65
1400000US36081020400,"Census Tract 204, Queens County, New York",Queens,685,159,228,77,457,156
1400000US36081020500,"Census Tract 205, Queens County, New York",Queens,430,87,252,80,178,59
1400000US36081020600,"Census Tract 206, Queens County, New York",Queens,462,64,164,52,298,78
1400000US36081020800,"Census Tract 208, Queens County, New York",Queens,1388,209,221,87,1167,218
1400000US36081021200,"Census Tract 212, Queens County, New York",Queens,674,127,153,115,521,79
1400000US36081021400,"Census Tract 214, Queens County, New York",Queens,2280,282,814,185,1466,322
1400000US36081021601,"Census Tract 216.01, Queens County, New York",Queens,1412,228,887,221,525,123
1400000US36081021602,"Census Tract 216.02, Queens County, New York",Queens,535,139,213,112,322,112
1400000US36081021603,"Census Tract 216.03, Queens County, New York",Queens,0,14,0,14,0,14
1400000US36081021900,"Census Tract 219, Queens County, New York",Queens,0,14,0,14,0,14
1400000US36081022001,"Census Tract 220.01, Queens County, New York",Queens,2660,287,736,174,1924,335
1400000US36081022002,"Census Tract 220.02, Queens County, New York",Queens,2702,263,1505,271,1197,288
1400000US36081022900,"Census Tract 229, Queens County, New York",Queens,0,14,0,14,0,14
1400000US36081023000,"Census Tract 230, Queens County, New York",Queens,571,75,392,107,179,68
1400000US36081023200,"Census Tract 232, Queens County, New York",Queens,1903,349,716,196,1187,358
1400000US36081023501,"Census Tract 235.01, Queens County, New York",Queens,1575,382,78,51,1497,381
1400000US36081023502,"Census Tract 235.02, Queens County, New York",Queens,1181,163,12,20,1169,163
1400000US36081023600,"Census Tract 236, Queens County, New York",Queens,1184,123,215,77,969,133
1400000US36081023800,"Census Tract 238, Queens County, New York",Queens,1517,209,98,38,1419,204
1400000US36081024000,"Census Tract 240, Queens County, New York",Queens,2215,343,75,64,2140,344
1400000US36081024300,"Census Tract 243, Queens County, New York",Queens,2344,421,1394,469,950,198
1400000US36081024500,"Census Tract 245, Queens County, New York",Queens,2198,204,794,228,1404,269
1400000US36081024600,"Census Tract 246, Queens County, New York",Queens,0,14,0,14,0,14
1400000US36081024700,"Census Tract 247, Queens County, New York",Queens,480,35,100,46,380,54
1400000US36081024900,"Census Tract 249, Queens County, New York",Queens,2118,302,252,174,1866,353
1400000US36081025100,"Census Tract 251, Queens County, New York",Queens,2535,255,1071,230,1464,297
1400000US36081025301,"Census Tract 253.01, Queens County, New York",Queens,1771,167,223,108,1548,176
1400000US36081025302,"Census Tract 253.02, Queens County, New York",Queens,1267,155,128,93,1139,189
1400000US36081025401,"Census Tract 254.01, Queens County, New York",Queens,997,227,254,176,743,164
1400000US36081025402,"Census Tract 254.02, Queens County, New York",Queens,2154,232,498,166,1656,248
1400000US36081025500,"Census Tract 255, Queens County, New York",Queens,494,62,155,58,339,80
1400000US36081025700,"Census Tract 257, Queens County, New York",Queens,595,88,220,85,375,76
1400000US36081025800,"Census Tract 258, Queens County, New York",Queens,586,89,387,108,199,75
1400000US36081025900,"Census Tract 259, Queens County, New York",Queens,1377,200,335,128,1042,218
1400000US36081026000,"Census Tract 260, Queens County, New York",Queens,745,103,246,84,499,86
1400000US36081026100,"Census Tract 261, Queens County, New York",Queens,2488,306,297,118,2191,307
1400000US36081026200,"Census Tract 262, Queens County, New York",Queens,402,101,245,60,157,75
1400000US36081026300,"Census Tract 263, Queens County, New York",Queens,2113,557,506,176,1607,542
1400000US36081026400,"Census Tract 264, Queens County, New York",Queens,845,115,489,102,356,80
1400000US36081026501,"Census Tract 265.01, Queens County, New York",Queens,1151,192,106,67,1045,198
1400000US36081026502,"Census Tract 265.02, Queens County, New York",Queens,420,81,68,29,352,91
1400000US36081026600,"Census Tract 266, Queens County, New York",Queens,724,104,269,108,455,74
1400000US36081026700,"Census Tract 267, Queens County, New York",Queens,2474,430,287,180,2187,444
1400000US36081026901,"Census Tract 269.01, Queens County, New York",Queens,1522,104,206,75,1316,135
1400000US36081026902,"Census Tract 269.02, Queens County, New York",Queens,1483,280,380,216,1103,216
1400000US36081027000,"Census Tract 270, Queens County, New York",Queens,491,71,355,95,136,67
1400000US36081027101,"Census Tract 271.01, Queens County, New York",Queens,1813,459,558,453,1255,156
1400000US36081027102,"Census Tract 271.02, Queens County, New York",Queens,973,228,78,40,895,234
1400000US36081027200,"Census Tract 272, Queens County, New York",Queens,562,99,372,102,190,67
1400000US36081027301,"Census Tract 273.01, Queens County, New York",Queens,911,222,200,98,711,233
1400000US36081027302,"Census Tract 273.02, Queens County, New York",Queens,1350,152,381,104,969,168
1400000US36081027400,"Census Tract 274, Queens County, New York",Queens,663,171,551,179,112,55
1400000US36081027500,"Census Tract 275, Queens County, New York",Queens,2335,363,902,245,1433,318
1400000US36081027600,"Census Tract 276, Queens County, New York",Queens,385,78,261,79,124,51
1400000US36081027701,"Census Tract 277.01, Queens County, New York",Queens,1216,202,196,110,1020,228
1400000US36081027702,"Census Tract 277.02, Queens County, New York",Queens,1551,305,877,303,674,126
1400000US36081027800,"Census Tract 278, Queens County, New York",Queens,873,127,315,106,558,115
1400000US36081027900,"Census Tract 279, Queens County, New York",Queens,2404,305,678,189,1726,340
1400000US36081028000,"Census Tract 280, Queens County, New York",Queens,556,76,301,65,255,90
1400000US36081028100,"Census Tract 281, Queens County, New York",Queens,2495,274,1183,241,1312,238
1400000US36081028200,"Census Tract 282, Queens County, New York",Queens,562,113,340,61,222,124
1400000US36081028300,"Census Tract 283, Queens County, New York",Queens,3318,328,1161,236,2157,380
1400000US36081028400,"Census Tract 284, Queens County, New York",Queens,1127,202,631,123,496,221
1400000US36081028500,"Census Tract 285, Queens County, New York",Queens,2195,227,1417,200,778,240
1400000US36081028700,"Census Tract 287, Queens County, New York",Queens,3010,461,977,305,2033,450
1400000US36081028801,"Census Tract 288.01, Queens County, New York",Queens,829,114,485,104,344,137
1400000US36081028802,"Census Tract 288.02, Queens County, New York",Queens,617,120,404,117,213,96
1400000US36081028803,"Census Tract 288.03, Queens County, New York",Queens,0,14,0,14,0,14
1400000US36081028900,"Census Tract 289, Queens County, New York",Queens,2067,221,545,149,1522,249
1400000US36081029100,"Census Tract 291, Queens County, New York",Queens,2555,434,824,260,1731,413
1400000US36081029300,"Census Tract 293, Queens County, New York",Queens,414,82,139,48,275,92
1400000US36081029400,"Census Tract 294, Queens County, New York",Queens,2630,342,1368,253,1262,415
1400000US36081029500,"Census Tract 295, Queens County, New York",Queens,1871,380,1226,380,645,169
1400000US36081029700,"Census Tract 297, Queens County, New York",Queens,718,86,286,83,432,80
1400000US36081029900,"Census Tract 299, Queens County, New York",Queens,0,14,0,14,0,14
1400000US36081030600,"Census Tract 306, Queens County, New York",Queens,1451,180,930,195,521,136
1400000US36081030903,"Census Tract 309.03, Queens County, New York",Queens,1736,214,843,291,893,253
1400000US36081030904,"Census Tract 309.04, Queens County, New York",Queens,1200,243,549,135,651,228
1400000US36081030905,"Census Tract 309.05, Queens County, New York",Queens,1225,247,399,114,826,256
1400000US36081030906,"Census Tract 309.06, Queens County, New York",Queens,1385,152,402,136,983,174
1400000US36081031700,"Census Tract 317, Queens County, New York",Queens,2338,391,1287,350,1051,361
1400000US36081032000,"Census Tract 320, Queens County, New York",Queens,1323,169,875,158,448,181
1400000US36081032700,"Census Tract 327, Queens County, New York",Queens,1068,145,366,136,702,158
1400000US36081032800,"Census Tract 328, Queens County, New York",Queens,910,118,596,109,314,96
1400000US36081032900,"Census Tract 329, Queens County, New York",Queens,1174,207,687,180,487,229
1400000US36081033000,"Census Tract 330, Queens County, New York",Queens,2117,219,1534,230,583,190
1400000US36081033100,"Census Tract 331, Queens County, New York",Queens,0,14,0,14,0,14
1400000US36081033401,"Census Tract 334.01, Queens County, New York",Queens,1531,158,644,162,887,160
1400000US36081033403,"Census Tract 334.03, Queens County, New York",Queens,2276,161,302,156,1974,176
1400000US36081033404,"Census Tract 334.04, Queens County, New York",Queens,2749,490,219,148,2530,487
1400000US36081033405,"Census Tract 334.05, Queens County, New York",Queens,1645,192,692,185,953,217
1400000US36081033700,"Census Tract 337, Queens County, New York",Queens,870,201,532,212,338,130
1400000US36081033900,"Census Tract 339, Queens County, New York",Queens,1240,209,942,242,298,146
1400000US36081034700,"Census Tract 347, Queens County, New York",Queens,1025,151,395,116,630,168
1400000US36081035100,"Census Tract 351, Queens County, New York",Queens,1450,167,837,183,613,155
1400000US36081035200,"Census Tract 352, Queens County, New York",Queens,784,121,611,137,173,62
1400000US36081035300,"Census Tract 353, Queens County, New York",Queens,766,265,369,248,397,92
1400000US36081035700,"Census Tract 357, Queens County, New York",Queens,1209,225,601,106,608,243
1400000US36081035800,"Census Tract 358, Queens County, New York",Queens,1315,164,773,150,542,182
1400000US36081036100,"Census Tract 361, Queens County, New York",Queens,768,118,303,102,465,105
1400000US36081036300,"Census Tract 363, Queens County, New York",Queens,644,71,195,69,449,85
1400000US36081036500,"Census Tract 365, Queens County, New York",Queens,957,165,393,129,564,134
1400000US36081036600,"Census Tract 366, Queens County, New York",Queens,1078,113,664,148,414,126
1400000US36081036700,"Census Tract 367, Queens County, New York",Queens,810,116,266,93,544,107
1400000US36081036800,"Census Tract 368, Queens County, New York",Queens,804,75,641,102,163,85
1400000US36081037100,"Census Tract 371, Queens County, New York",Queens,607,196,415,198,192,84
1400000US36081037300,"Census Tract 373, Queens County, New York",Queens,687,82,295,67,392,97
1400000US36081037501,"Census Tract 375.01, Queens County, New York",Queens,346,39,56,38,290,52
1400000US36081037502,"Census Tract 375.02, Queens County, New York",Queens,694,90,91,45,603,91
1400000US36081037600,"Census Tract 376, Queens County, New York",Queens,1954,169,1347,186,607,196
1400000US36081037700,"Census Tract 377, Queens County, New York",Queens,857,121,95,67,762,136
1400000US36081037900,"Census Tract 379, Queens County, New York",Queens,1468,206,283,107,1185,212
1400000US36081038100,"Census Tract 381, Queens County, New York",Queens,1762,164,643,147,1119,152
1400000US36081038301,"Census Tract 383.01, Queens County, New York",Queens,0,14,0,14,0,14
1400000US36081038302,"Census Tract 383.02, Queens County, New York",Queens,0,14,0,14,0,14
1400000US36081038400,"Census Tract 384, Queens County, New York",Queens,879,120,741,128,138,66
1400000US36081039400,"Census Tract 394, Queens County, New York",Queens,950,84,498,115,452,121
1400000US36081039800,"Census Tract 398, Queens County, New York",Queens,515,71,403,60,112,48
1400000US36081039901,"Census Tract 399.01, Queens County, New York",Queens,523,72,175,83,348,91
1400000US36081039902,"Census Tract 399.02, Queens County, New York",Queens,407,93,51,27,356,97
1400000US36081040000,"Census Tract 400, Queens County, New York",Queens,467,104,356,103,111,56
1400000US36081040101,"Census Tract 401.01, Queens County, New York",Queens,658,102,205,97,453,107
1400000US36081040102,"Census Tract 401.02, Queens County, New York",Queens,1102,210,72,55,1030,216
1400000US36081040200,"Census Tract 402, Queens County, New York",Queens,502,94,392,101,110,50
1400000US36081040301,"Census Tract 403.01, Queens County, New York",Queens,881,304,144,76,737,310
1400000US36081040302,"Census Tract 403.02, Queens County, New York",Queens,1088,132,291,101,797,136
1400000US36081040400,"Census Tract 404, Queens County, New York",Queens,1357,203,892,173,465,176
1400000US36081040501,"Census Tract 405.01, Queens County, New York",Queens,250,102,26,29,224,94
1400000US36081040502,"Census Tract 405.02, Queens County, New York",Queens,506,111,80,38,426,117
1400000US36081040701,"Census Tract 407.01, Queens County, New York",Queens,777,147,73,56,704,151
1400000US36081040702,"Census Tract 407.02, Queens County, New York",Queens,1074,138,268,123,806,141
1400000US36081040901,"Census Tract 409.01, Queens County, New York",Queens,445,106,163,117,282,64
1400000US36081040902,"Census Tract 409.02, Queens County, New York",Queens,780,114,168,74,612,123
1400000US36081041100,"Census Tract 411, Queens County, New York",Queens,1225,430,680,345,545,288
1400000US36081041300,"Census Tract 413, Queens County, New York",Queens,1059,124,308,131,751,153
1400000US36081041400,"Census Tract 414, Queens County, New York",Queens,1390,213,720,157,670,236
1400000US36081041500,"Census Tract 415, Queens County, New York",Queens,1315,421,425,209,890,420
1400000US36081042400,"Census Tract 424, Queens County, New York",Queens,864,124,713,102,151,87
1400000US36081042600,"Census Tract 426, Queens County, New York",Queens,0,14,0,14,0,14
1400000US36081042700,"Census Tract 427, Queens County, New York",Queens,1498,348,425,132,1073,388
1400000US36081043200,"Census Tract 432, Queens County, New York",Queens,363,57,284,50,79,47
1400000US36081043400,"Census Tract 434, Queens County, New York",Queens,559,116,488,112,71,52
1400000US36081043701,"Census Tract 437.01, Queens County, New York",Queens,828,99,195,60,633,109
1400000US36081043702,"Census Tract 437.02, Queens County, New York",Queens,2170,174,1395,215,775,206
1400000US36081043900,"Census Tract 439, Queens County, New York",Queens,1114,140,177,80,937,158
1400000US36081044000,"Census Tract 440, Queens County, New York",Queens,1099,187,593,144,506,191
1400000US36081044301,"Census Tract 443.01, Queens County, New York",Queens,1377,163,77,54,1300,177
1400000US36081044302,"Census Tract 443.02, Queens County, New York",Queens,1473,131,492,122,981,157
1400000US36081044400,"Census Tract 444, Queens County, New York",Queens,1436,176,335,109,1101,166
1400000US36081044601,"Census Tract 446.01, Queens County, New York",Queens,1218,145,189,95,1029,158
1400000US36081044602,"Census Tract 446.02, Queens County, New York",Queens,1544,350,217,78,1327,352
1400000US36081044800,"Census Tract 448, Queens County, New York",Queens,933,210,319,92,614,224
1400000US36081045000,"Census Tract 450, Queens County, New York",Queens,803,353,329,70,474,353
1400000US36081045200,"Census Tract 452, Queens County, New York",Queens,174,75,82,53,92,51
1400000US36081045400,"Census Tract 454, Queens County, New York",Queens,1752,351,821,300,931,310
1400000US36081045500,"Census Tract 455, Queens County, New York",Queens,4493,358,0,21,4493,358
1400000US36081045600,"Census Tract 456, Queens County, New York",Queens,408,141,337,160,71,47
1400000US36081045700,"Census Tract 457, Queens County, New York",Queens,1173,205,376,161,797,218
1400000US36081045800,"Census Tract 458, Queens County, New York",Queens,685,96,293,81,392,81
1400000US36081045900,"Census Tract 459, Queens County, New York",Queens,1091,159,445,99,646,179
1400000US36081046000,"Census Tract 460, Queens County, New York",Queens,1871,198,363,180,1508,209
1400000US36081046100,"Census Tract 461, Queens County, New York",Queens,690,92,159,50,531,92
1400000US36081046200,"Census Tract 462, Queens County, New York",Queens,2043,350,493,187,1550,372
1400000US36081046300,"Census Tract 463, Queens County, New York",Queens,1071,122,197,83,874,130
1400000US36081046400,"Census Tract 464, Queens County, New York",Queens,525,79,316,85,209,62
1400000US36081046500,"Census Tract 465, Queens County, New York",Queens,989,102,188,88,801,107
1400000US36081046600,"Census Tract 466, Queens County, New York",Queens,1433,132,364,103,1069,164
1400000US36081046700,"Census Tract 467, Queens County, New York",Queens,1970,252,139,86,1831,251
1400000US36081046800,"Census Tract 468, Queens County, New York",Queens,997,129,403,121,594,151
1400000US36081046901,"Census Tract 469.01, Queens County, New York",Queens,1347,201,289,178,1058,154
1400000US36081046902,"Census Tract 469.02, Queens County, New York",Queens,1078,111,167,80,911,115
1400000US36081047000,"Census Tract 470, Queens County, New York",Queens,990,258,517,99,473,268
1400000US36081047100,"Census Tract 471, Queens County, New York",Queens,1484,316,227,96,1257,316
1400000US36081047200,"Census Tract 472, Queens County, New York",Queens,1295,237,685,187,610,209
1400000US36081047300,"Census Tract 473, Queens County, New York",Queens,1767,192,672,161,1095,216
1400000US36081047500,"Census Tract 475, Queens County, New York",Queens,1769,244,435,91,1334,257
1400000US36081047600,"Census Tract 476, Queens County, New York",Queens,525,123,448,91,77,86
1400000US36081047801,"Census Tract 478.01, Queens County, New York",Queens,2002,373,1431,341,571,287
1400000US36081047802,"Census Tract 478.02, Queens County, New York",Queens,369,88,213,44,156,97
1400000US36081047900,"Census Tract 479, Queens County, New York",Queens,1899,246,596,151,1303,249
1400000US36081048000,"Census Tract 480, Queens County, New York",Queens,745,139,485,136,260,77
1400000US36081048100,"Census Tract 481, Queens County, New York",Queens,1811,260,419,156,1392,288
1400000US36081048200,"Census Tract 482, Queens County, New York",Queens,413,91,236,44,177,91
1400000US36081048301,"Census Tract 483.01, Queens County, New York",Queens,769,169,359,171,410,93
1400000US36081048302,"Census Tract 483.02, Queens County, New York",Queens,654,155,120,55,534,154
1400000US36081048400,"Census Tract 484, Queens County, New York",Queens,1339,154,814,166,525,151
1400000US36081048500,"Census Tract 485, Queens County, New York",Queens,1685,194,877,207,808,146
1400000US36081048900,"Census Tract 489, Queens County, New York",Queens,582,214,258,223,324,73
1400000US36081049201,"Census Tract 492.01, Queens County, New York",Queens,1316,143,116,85,1200,171
1400000US36081049202,"Census Tract 492.02, Queens County, New York",Queens,577,129,431,140,146,69
1400000US36081049301,"Census Tract 493.01, Queens County, New York",Queens,772,114,424,98,348,93
1400000US36081049302,"Census Tract 493.02, Queens County, New York",Queens,1018,225,516,234,502,102
1400000US36081049500,"Census Tract 495, Queens County, New York",Queens,526,97,198,55,328,82
1400000US36081049600,"Census Tract 496, Queens County, New York",Queens,867,107,752,129,115,78
1400000US36081049700,"Census Tract 497, Queens County, New York",Queens,903,185,427,148,476,175
1400000US36081049900,"Census Tract 499, Queens County, New York",Queens,1459,176,674,163,785,197
1400000US36081050000,"Census Tract 500, Queens County, New York",Queens,1555,189,135,45,1420,190
1400000US36081050201,"Census Tract 502.01, Queens County, New York",Queens,439,107,264,88,175,90
1400000US36081050202,"Census Tract 502.02, Queens County, New York",Queens,448,52,269,66,179,47
1400000US36081050400,"Census Tract 504, Queens County, New York",Queens,545,97,350,66,195,91
1400000US36081050500,"Census Tract 505, Queens County, New York",Queens,612,93,282,110,330,93
1400000US36081050600,"Census Tract 506, Queens County, New York",Queens,446,70,333,65,113,68
1400000US36081050700,"Census Tract 507, Queens County, New York",Queens,1293,194,689,159,604,209
1400000US36081050800,"Census Tract 508, Queens County, New York",Queens,667,113,436,109,231,71
1400000US36081051000,"Census Tract 510, Queens County, New York",Queens,427,57,305,65,122,73
1400000US36081051100,"Census Tract 511, Queens County, New York",Queens,840,101,627,112,213,72
1400000US36081051200,"Census Tract 512, Queens County, New York",Queens,742,93,586,104,156,67
1400000US36081051300,"Census Tract 513, Queens County, New York",Queens,811,109,531,115,280,70
1400000US36081051500,"Census Tract 515, Queens County, New York",Queens,1192,154,970,188,222,107
1400000US36081051600,"Census Tract 516, Queens County, New York",Queens,606,104,427,101,179,71
1400000US36081051700,"Census Tract 517, Queens County, New York",Queens,819,132,407,126,412,135
1400000US36081051800,"Census Tract 518, Queens County, New York",Queens,612,87,529,89,83,69
1400000US36081052000,"Census Tract 520, Queens County, New York",Queens,511,63,437,41,74,55
1400000US36081052100,"Census Tract 521, Queens County, New York",Queens,669,99,367,91,302,104
1400000US36081052200,"Census Tract 522, Queens County, New York",Queens,550,43,427,74,123,62
1400000US36081052400,"Census Tract 524, Queens County, New York",Queens,554,80,410,56,144,73
1400000US36081052500,"Census Tract 525, Queens County, New York",Queens,826,74,453,83,373,95
1400000US36081052600,"Census Tract 526, Queens County, New York",Queens,754,193,504,186,250,106
1400000US36081052800,"Census Tract 528, Queens County, New York",Queens,537,105,308,89,229,88
1400000US36081053000,"Census Tract 530, Queens County, New York",Queens,658,56,508,79,150,74
1400000US36081053100,"Census Tract 531, Queens County, New York",Queens,1385,197,732,167,653,182
1400000US36081053200,"Census Tract 532, Queens County, New York",Queens,620,66,511,77,109,55
1400000US36081053401,"Census Tract 534.01, Queens County, New York",Queens,599,73,474,87,125,69
1400000US36081053501,"Census Tract 535.01, Queens County, New York",Queens,513,189,174,162,339,84
1400000US36081053502,"Census Tract 535.02, Queens County, New York",Queens,0,14,0,14,0,14
1400000US36081053601,"Census Tract 536.01, Queens County, New York",Queens,714,388,451,74,263,373
1400000US36081053800,"Census Tract 538, Queens County, New York",Queens,424,73,333,80,91,55
1400000US36081053901,"Census Tract 539.01, Queens County, New York",Queens,1625,186,570,140,1055,223
1400000US36081053902,"Census Tract 539.02, Queens County, New York",Queens,8,7,4,6,4,6
1400000US36081054000,"Census Tract 540, Queens County, New York",Queens,1444,214,902,218,542,132
1400000US36081054200,"Census Tract 542, Queens County, New York",Queens,1588,363,1345,341,243,138
1400000US36081054500,"Census Tract 545, Queens County, New York",Queens,1398,275,325,231,1073,140
1400000US36081054700,"Census Tract 547, Queens County, New York",Queens,1474,276,237,212,1237,145
1400000US36081054800,"Census Tract 548, Queens County, New York",Queens,686,105,541,113,145,61
1400000US36081054900,"Census Tract 549, Queens County, New York",Queens,1555,149,60,48,1495,154
1400000US36081055100,"Census Tract 551, Queens County, New York",Queens,1605,148,113,61,1492,154
1400000US36081055200,"Census Tract 552, Queens County, New York",Queens,983,90,497,123,486,106
1400000US36081055300,"Census Tract 553, Queens County, New York",Queens,1013,129,54,45,959,131
1400000US36081055400,"Census Tract 554, Queens County, New York",Queens,787,102,446,89,341,113
1400000US36081055500,"Census Tract 555, Queens County, New York",Queens,788,123,201,71,587,139
1400000US36081055600,"Census Tract 556, Queens County, New York",Queens,669,109,559,127,110,64
1400000US36081055700,"Census Tract 557, Queens County, New York",Queens,1355,172,281,110,1074,185
1400000US36081055800,"Census Tract 558, Queens County, New York",Queens,677,208,487,194,190,104
1400000US36081055900,"Census Tract 559, Queens County, New York",Queens,388,68,72,46,316,78
1400000US36081056000,"Census Tract 560, Queens County, New York",Queens,450,55,368,61,82,51
1400000US36081056100,"Census Tract 561, Queens County, New York",Queens,4,6,4,6,0,14
1400000US36081056200,"Census Tract 562, Queens County, New York",Queens,511,157,438,169,73,48
1400000US36081056400,"Census Tract 564, Queens County, New York",Queens,514,138,291,69,223,123
1400000US36081056500,"Census Tract 565, Queens County, New York",Queens,608,140,278,66,330,148
1400000US36081056600,"Census Tract 566, Queens County, New York",Queens,464,145,250,54,214,143
1400000US36081056700,"Census Tract 567, Queens County, New York",Queens,1640,194,1104,188,536,182
1400000US36081056800,"Census Tract 568, Queens County, New York",Queens,1573,213,979,233,594,145
1400000US36081057700,"Census Tract 577, Queens County, New York",Queens,1437,186,337,136,1100,205
1400000US36081057900,"Census Tract 579, Queens County, New York",Queens,665,113,170,77,495,108
1400000US36081058000,"Census Tract 580, Queens County, New York",Queens,1062,142,948,149,114,72
1400000US36081058100,"Census Tract 581, Queens County, New York",Queens,1219,259,383,134,836,294
1400000US36081058200,"Census Tract 582, Queens County, New York",Queens,1478,226,1146,230,332,130
1400000US36081058300,"Census Tract 583, Queens County, New York",Queens,1397,170,452,119,945,158
1400000US36081058500,"Census Tract 585, Queens County, New York",Queens,1623,186,426,149,1197,185
1400000US36081058700,"Census Tract 587, Queens County, New York",Queens,1410,191,234,127,1176,197
1400000US36081058900,"Census Tract 589, Queens County, New York",Queens,1905,262,215,111,1690,287
1400000US36081059000,"Census Tract 590, Queens County, New York",Queens,391,55,310,65,81,37
1400000US36081059100,"Census Tract 591, Queens County, New York",Queens,2133,299,279,164,1854,310
1400000US36081059200,"Census Tract 592, Queens County, New York",Queens,444,121,415,118,29,30
1400000US36081059300,"Census Tract 593, Queens County, New York",Queens,1646,202,569,179,1077,205
1400000US36081059400,"Census Tract 594, Queens County, New York",Queens,533,62,496,67,37,31
1400000US36081059501,"Census Tract 595.01, Queens County, New York",Queens,760,83,221,81,539,107
1400000US36081059502,"Census Tract 595.02, Queens County, New York",Queens,908,155,327,105,581,140
1400000US36081059600,"Census Tract 596, Queens County, New York",Queens,568,190,490,181,78,87
1400000US36081059800,"Census Tract 598, Queens County, New York",Queens,553,100,335,59,218,104
1400000US36081059900,"Census Tract 599, Queens County, New York",Queens,451,77,330,55,121,61
1400000US36081060000,"Census Tract 600, Queens County, New York",Queens,451,101,361,106,90,47
1400000US36081060100,"Census Tract 601, Queens County, New York",Queens,845,138,421,142,424,115
1400000US36081060300,"Census Tract 603, Queens County, New York",Queens,762,122,413,105,349,109
1400000US36081060600,"Census Tract 606, Queens County, New York",Queens,501,86,426,46,75,75
1400000US36081060701,"Census Tract 607.01, Queens County, New York",Queens,0,14,0,14,0,14
1400000US36081060800,"Census Tract 608, Queens County, New York",Queens,506,71,419,57,87,67
1400000US36081061000,"Census Tract 610, Queens County, New York",Queens,415,52,393,51,22,24
1400000US36081061200,"Census Tract 612, Queens County, New York",Queens,510,102,486,102,24,29
1400000US36081061301,"Census Tract 613.01, Queens County, New York",Queens,1810,203,486,171,1324,219
1400000US36081061302,"Census Tract 613.02, Queens County, New York",Queens,0,14,0,14,0,14
1400000US36081061400,"Census Tract 614, Queens County, New York",Queens,419,94,370,99,49,28
1400000US36081061601,"Census Tract 616.01, Queens County, New York",Queens,760,113,694,119,66,44
1400000US36081061602,"Census Tract 616.02, Queens County, New York",Queens,384,50,362,38,22,35
1400000US36081061800,"Census Tract 618, Queens County, New York",Queens,711,59,568,68,143,69
1400000US36081061900,"Census Tract 619, Queens County, New York",Queens,1196,185,438,121,758,198
1400000US36081062000,"Census Tract 620, Queens County, New York",Queens,524,68,514,69,10,8
1400000US36081062100,"Census Tract 621, Queens County, New York",Queens,986,149,533,121,453,153
1400000US36081062200,"Census Tract 622, Queens County, New York",Queens,677,80,633,81,44,31
1400000US36081062300,"Census Tract 623, Queens County, New York",Queens,883,132,343,127,540,84
1400000US36081062400,"Census Tract 624, Queens County, New York",Queens,0,14,0,14,0,14
1400000US36081062500,"Census Tract 625, Queens County, New York",Queens,959,122,563,129,396,85
1400000US36081062600,"Census Tract 626, Queens County, New York",Queens,937,95,819,109,118,75
1400000US36081062700,"Census Tract 627, Queens County, New York",Queens,1096,160,613,155,483,174
1400000US36081062900,"Census Tract 629, Queens County, New York",Queens,1226,277,382,116,844,295
1400000US36081063000,"Census Tract 630, Queens County, New York",Queens,587,96,506,95,81,44
1400000US36081063200,"Census Tract 632, Queens County, New York",Queens,720,109,612,119,108,57
1400000US36081063301,"Census Tract 633.01, Queens County, New York",Queens,529,79,331,63,198,78
1400000US36081063302,"Census Tract 633.02, Queens County, New York",Queens,601,104,378,76,223,100
1400000US36081063500,"Census Tract 635, Queens County, New York",Queens,933,169,579,171,354,109
1400000US36081063700,"Census Tract 637, Queens County, New York",Queens,1289,203,874,213,415,148
1400000US36081063800,"Census Tract 638, Queens County, New York",Queens,1079,179,984,188,95,69
1400000US36081063900,"Census Tract 639, Queens County, New York",Queens,1014,67,546,142,468,125
1400000US36081064101,"Census Tract 641.01, Queens County, New York",Queens,1033,95,974,98,59,44
1400000US36081064102,"Census Tract 641.02, Queens County, New York",Queens,0,14,0,14,0,14
1400000US36081064500,"Census Tract 645, Queens County, New York",Queens,821,144,470,82,351,150
1400000US36081064600,"Census Tract 646, Queens County, New York",Queens,1059,130,879,125,180,66
1400000US36081065000,"Census Tract 650, Queens County, New York",Queens,895,106,771,119,124,52
1400000US36081065401,"Census Tract 654.01, Queens County, New York",Queens,967,100,658,121,309,108
1400000US36081065402,"Census Tract 654.02, Queens County, New York",Queens,0,14,0,14,0,14
1400000US36081065501,"Census Tract 655.01, Queens County, New York",Queens,0,14,0,14,0,14
1400000US36081065600,"Census Tract 656, Queens County, New York",Queens,1668,223,1031,253,637,269
1400000US36081065702,"Census Tract 657.02, Queens County, New York",Queens,629,74,356,78,273,84
1400000US36081065703,"Census Tract 657.03, Queens County, New York",Queens,1060,226,806,250,254,114
1400000US36081065900,"Census Tract 659, Queens County, New York",Queens,669,70,546,76,123,57
1400000US36081066000,"Census Tract 660, Queens County, New York",Queens,1157,220,656,123,501,232
1400000US36081066100,"Census Tract 661, Queens County, New York",Queens,637,66,543,77,94,47
1400000US36081066301,"Census Tract 663.01, Queens County, New York",Queens,1005,147,848,149,157,51
1400000US36081066302,"Census Tract 663.02, Queens County, New York",Queens,0,14,0,14,0,14
1400000US36081066401,"Census Tract 664.01, Queens County, New York",Queens,460,63,235,93,225,95
1400000US36081066402,"Census Tract 664.02, Queens County, New York",Queens,1037,125,705,169,332,132
1400000US36081066403,"Census Tract 664.03, Queens County, New York",Queens,1658,279,995,170,663,281
1400000US36081066404,"Census Tract 664.04, Queens County, New York",Queens,0,14,0,14,0,14
1400000US36081066501,"Census Tract 665.01, Queens County, New York",Queens,1601,215,909,175,692,165
1400000US36081066701,"Census Tract 667.01, Queens County, New York",Queens,867,140,519,115,348,138
1400000US36081066900,"Census Tract 669, Queens County, New York",Queens,639,88,327,79,312,87
1400000US36081067100,"Census Tract 671, Queens County, New York",Queens,914,126,846,125,68,47
1400000US36081067700,"Census Tract 677, Queens County, New York",Queens,696,101,561,99,135,54
1400000US36081067900,"Census Tract 679, Queens County, New York",Queens,1678,210,340,127,1338,195
1400000US36081068000,"Census Tract 680, Queens County, New York",Queens,1706,221,1350,228,356,127
1400000US36081068200,"Census Tract 682, Queens County, New York",Queens,371,53,272,52,99,48
1400000US36081068300,"Census Tract 683, Queens County, New York",Queens,1571,186,721,165,850,150
1400000US36081068700,"Census Tract 687, Queens County, New York",Queens,1953,402,632,140,1321,415
1400000US36081069000,"Census Tract 690, Queens County, New York",Queens,1141,175,589,152,552,153
1400000US36081069300,"Census Tract 693, Queens County, New York",Queens,1248,212,296,129,952,192
1400000US36081069400,"Census Tract 694, Queens County, New York",Queens,1198,163,580,128,618,189
1400000US36081069500,"Census Tract 695, Queens County, New York",Queens,880,88,440,86,440,93
1400000US36081069701,"Census Tract 697.01, Queens County, New York",Queens,1768,143,345,106,1423,166
1400000US36081069702,"Census Tract 697.02, Queens County, New York",Queens,1529,295,1192,276,337,89
1400000US36081070300,"Census Tract 703, Queens County, New York",Queens,917,154,580,135,337,128
1400000US36081070700,"Census Tract 707, Queens County, New York",Queens,985,111,806,119,179,81
1400000US36081070900,"Census Tract 709, Queens County, New York",Queens,1146,175,585,110,561,164
1400000US36081071100,"Census Tract 711, Queens County, New York",Queens,2966,377,1999,403,967,179
1400000US36081071303,"Census Tract 713.03, Queens County, New York",Queens,2730,293,1069,205,1661,291
1400000US36081071304,"Census Tract 713.04, Queens County, New York",Queens,3100,199,1454,332,1646,294
1400000US36081071305,"Census Tract 713.05, Queens County, New York",Queens,2416,243,433,116,1983,247
1400000US36081071306,"Census Tract 713.06, Queens County, New York",Queens,3117,413,695,196,2422,419
1400000US36081071600,"Census Tract 716, Queens County, New York",Queens,0,14,0,14,0,14
1400000US36081071701,"Census Tract 717.01, Queens County, New York",Queens,2405,294,1164,261,1241,262
1400000US36081071702,"Census Tract 717.02, Queens County, New York",Queens,1937,169,1106,196,831,184
1400000US36081071900,"Census Tract 719, Queens County, New York",Queens,1081,138,279,109,802,144
1400000US36081072100,"Census Tract 721, Queens County, New York",Queens,2132,350,1526,355,606,220
1400000US36081072300,"Census Tract 723, Queens County, New York",Queens,878,154,770,167,108,43
1400000US36081072900,"Census Tract 729, Queens County, New York",Queens,480,79,372,74,108,43
1400000US36081073100,"Census Tract 731, Queens County, New York",Queens,577,74,425,83,152,56
1400000US36081073700,"Census Tract 737, Queens County, New York",Queens,1088,148,422,100,666,134
1400000US36081073900,"Census Tract 739, Queens County, New York",Queens,2626,320,1101,293,1525,294
1400000US36081074100,"Census Tract 741, Queens County, New York",Queens,1620,163,996,150,624,182
1400000US36081074300,"Census Tract 743, Queens County, New York",Queens,1673,232,739,150,934,227
1400000US36081074500,"Census Tract 745, Queens County, New York",Queens,1693,189,289,131,1404,214
1400000US36081074700,"Census Tract 747, Queens County, New York",Queens,1360,155,727,156,633,161
1400000US36081074900,"Census Tract 749, Queens County, New York",Queens,571,77,475,53,96,69
1400000US36081075701,"Census Tract 757.01, Queens County, New York",Queens,2522,163,1216,216,1306,241
1400000US36081075702,"Census Tract 757.02, Queens County, New York",Queens,2328,313,1460,332,868,182
1400000US36081076901,"Census Tract 769.01, Queens County, New York",Queens,2454,361,1366,383,1088,237
1400000US36081076902,"Census Tract 769.02, Queens County, New York",Queens,628,78,144,52,484,83
1400000US36081077300,"Census Tract 773, Queens County, New York",Queens,1167,117,773,138,394,102
1400000US36081077500,"Census Tract 775, Queens County, New York",Queens,1121,171,305,101,816,179
1400000US36081077902,"Census Tract 779.02, Queens County, New York",Queens,1829,391,1151,204,678,402
1400000US36081077903,"Census Tract 779.03, Queens County, New York",Queens,1160,155,689,167,471,128
1400000US36081077904,"Census Tract 779.04, Queens County, New York",Queens,2081,308,840,215,1241,313
1400000US36081077905,"Census Tract 779.05, Queens County, New York",Queens,1384,232,911,271,473,152
1400000US36081077906,"Census Tract 779.06, Queens County, New York",Queens,1446,169,848,137,598,181
1400000US36081077907,"Census Tract 779.07, Queens County, New York",Queens,1100,207,277,93,823,199
1400000US36081077908,"Census Tract 779.08, Queens County, New York",Queens,1194,120,81,64,1113,131
1400000US36081078800,"Census Tract 788, Queens County, New York",Queens,609,98,406,122,203,76
1400000US36081079000,"Census Tract 790, Queens County, New York",Queens,872,115,460,90,412,148
1400000US36081079200,"Census Tract 792, Queens County, New York",Queens,909,185,487,168,422,116
1400000US36081079300,"Census Tract 793, Queens County, New York",Queens,0,14,0,14,0,14
1400000US36081079701,"Census Tract 797.01, Queens County, New York",Queens,2999,508,822,191,2177,504
1400000US36081079702,"Census Tract 797.02, Queens County, New York",Queens,1683,325,326,123,1357,336
1400000US36081079900,"Census Tract 799, Queens County, New York",Queens,1170,272,478,118,692,282
1400000US36081080301,"Census Tract 803.01, Queens County, New York",Queens,1100,111,355,158,745,165
1400000US36081080302,"Census Tract 803.02, Queens County, New York",Queens,938,92,736,105,202,92
1400000US36081080900,"Census Tract 809, Queens County, New York",Queens,2640,286,2036,325,604,255
1400000US36081081400,"Census Tract 814, Queens County, New York",Queens,1021,121,861,157,160,94
1400000US36081081800,"Census Tract 818, Queens County, New York",Queens,1019,132,726,142,293,118
1400000US36081083700,"Census Tract 837, Queens County, New York",Queens,1635,230,1029,214,606,217
1400000US36081083800,"Census Tract 838, Queens County, New York",Queens,1645,249,1069,185,576,247
1400000US36081084000,"Census Tract 840, Queens County, New York",Queens,2107,224,1803,231,304,150
1400000US36081084500,"Census Tract 845, Queens County, New York",Queens,2169,212,260,138,1909,286
1400000US36081084601,"Census Tract 846.01, Queens County, New York",Queens,810,67,659,88,151,61
1400000US36081084602,"Census Tract 846.02, Queens County, New York",Queens,235,92,167,60,68,71
1400000US36081084901,"Census Tract 849.01, Queens County, New York",Queens,1095,206,161,99,934,222
1400000US36081084902,"Census Tract 849.02, Queens County, New York",Queens,1345,133,344,105,1001,147
1400000US36081085300,"Census Tract 853, Queens County, New York",Queens,2514,531,1311,453,1203,484
1400000US36081085500,"Census Tract 855, Queens County, New York",Queens,2498,268,292,183,2206,295
1400000US36081085700,"Census Tract 857, Queens County, New York",Queens,2060,256,534,188,1526,284
1400000US36081085900,"Census Tract 859, Queens County, New York",Queens,2389,423,1187,399,1202,276
1400000US36081086100,"Census Tract 861, Queens County, New York",Queens,764,69,379,64,385,76
1400000US36081086300,"Census Tract 863, Queens County, New York",Queens,2392,260,751,252,1641,308
1400000US36081086400,"Census Tract 864, Queens County, New York",Queens,823,73,492,91,331,71
1400000US36081086500,"Census Tract 865, Queens County, New York",Queens,2349,269,641,241,1708,252
1400000US36081086900,"Census Tract 869, Queens County, New York",Queens,908,262,215,92,693,268
1400000US36081087100,"Census Tract 871, Queens County, New York",Queens,2526,207,623,208,1903,247
1400000US36081088400,"Census Tract 884, Queens County, New York",Queens,3288,495,2289,512,999,249
1400000US36081088902,"Census Tract 889.02, Queens County, New York",Queens,2766,279,1129,246,1637,263
1400000US36081088903,"Census Tract 889.03, Queens County, New York",Queens,1568,143,1248,210,320,154
1400000US36081089201,"Census Tract 892.01, Queens County, New York",Queens,2727,302,2389,324,338,145
1400000US36081089202,"Census Tract 892.02, Queens County, New York",Queens,0,14,0,14,0,14
1400000US36081090700,"Census Tract 907, Queens County, New York",Queens,562,162,426,154,136,57
1400000US36081091602,"Census Tract 916.02, Queens County, New York",Queens,5,7,0,14,5,7
1400000US36081091603,"Census Tract 916.03, Queens County, New York",Queens,1865,241,1855,243,10,15
1400000US36081091604,"Census Tract 916.04, Queens County, New York",Queens,0,14,0,14,0,14
1400000US36081091800,"Census Tract 918, Queens County, New York",Queens,4,6,4,6,0,14
1400000US36081091900,"Census Tract 919, Queens County, New York",Queens,1823,340,1090,354,733,172
1400000US36081092200,"Census Tract 922, Queens County, New York",Queens,828,80,752,95,76,49
1400000US36081092500,"Census Tract 925, Queens County, New York",Queens,1186,167,462,139,724,172
1400000US36081092800,"Census Tract 928, Queens County, New York",Queens,1156,184,1051,170,105,82
1400000US36081092900,"Census Tract 929, Queens County, New York",Queens,2163,323,1108,265,1055,303
1400000US36081093401,"Census Tract 934.01, Queens County, New York",Queens,1476,117,950,142,526,140
1400000US36081093402,"Census Tract 934.02, Queens County, New York",Queens,1687,162,801,193,886,176
1400000US36081093800,"Census Tract 938, Queens County, New York",Queens,2032,237,333,157,1699,256
1400000US36081093900,"Census Tract 939, Queens County, New York",Queens,1768,232,678,186,1090,257
1400000US36081094201,"Census Tract 942.01, Queens County, New York",Queens,1339,176,448,136,891,215
1400000US36081094202,"Census Tract 942.02, Queens County, New York",Queens,2140,297,752,227,1388,271
1400000US36081094203,"Census Tract 942.03, Queens County, New York",Queens,2951,385,1386,353,1565,355
1400000US36081094500,"Census Tract 945, Queens County, New York",Queens,1375,122,1075,125,300,132
1400000US36081094700,"Census Tract 947, Queens County, New York",Queens,765,115,340,89,425,125
1400000US36081095400,"Census Tract 954, Queens County, New York",Queens,2063,201,1088,283,975,257
1400000US36081096400,"Census Tract 964, Queens County, New York",Queens,2245,265,1239,251,1006,267
1400000US36081097202,"Census Tract 972.02, Queens County, New York",Queens,1300,112,0,14,1300,112
1400000US36081097204,"Census Tract 972.04, Queens County, New York",Queens,1315,175,250,112,1065,201
1400000US36081097205,"Census Tract 972.05, Queens County, New York",Queens,1294,107,0,14,1294,107
1400000US36081097206,"Census Tract 972.06, Queens County, New York",Queens,1342,300,245,168,1097,346
1400000US36081097207,"Census Tract 972.07, Queens County, New York",Queens,0,14,0,14,0,14
1400000US36081097300,"Census Tract 973, Queens County, New York",Queens,803,88,676,90,127,71
1400000US36081098100,"Census Tract 981, Queens County, New York",Queens,891,82,662,100,229,85
1400000US36081098700,"Census Tract 987, Queens County, New York",Queens,1010,111,663,100,347,93
1400000US36081099100,"Census Tract 991, Queens County, New York",Queens,2868,254,2582,318,286,188
1400000US36081099200,"Census Tract 992, Queens County, New York",Queens,1579,221,271,135,1308,235
1400000US36081099701,"Census Tract 997.01, Queens County, New York",Queens,1138,125,1044,133,94,59
1400000US36081099703,"Census Tract 997.03, Queens County, New York",Queens,1837,160,1264,149,573,144
1400000US36081099704,"Census Tract 997.04, Queens County, New York",Queens,3701,426,2646,446,1055,312
1400000US36081099705,"Census Tract 997.05, Queens County, New York",Queens,1208,228,958,222,250,107
1400000US36081099801,"Census Tract 998.01, Queens County, New York",Queens,2612,313,717,192,1895,357
1400000US36081099802,"Census Tract 998.02, Queens County, New York",Queens,2822,204,259,170,2563,224
1400000US36081099900,"Census Tract 999, Queens County, New York",Queens,0,14,0,14,0,14
1400000US36081100801,"Census Tract 1008.01, Queens County, New York",Queens,706,104,494,114,212,101
1400000US36081100803,"Census Tract 1008.03, Queens County, New York",Queens,1357,150,643,170,714,158
1400000US36081100804,"Census Tract 1008.04, Queens County, New York",Queens,1457,238,765,138,692,252
1400000US36081101002,"Census Tract 1010.02, Queens County, New York",Queens,1874,296,917,305,957,160
1400000US36081101003,"Census Tract 1010.03, Queens County, New York",Queens,1430,354,290,139,1140,402
1400000US36081101004,"Census Tract 1010.04, Queens County, New York",Queens,2583,327,575,263,2008,338
1400000US36081101700,"Census Tract 1017, Queens County, New York",Queens,2519,258,2326,287,193,120
1400000US36081102900,"Census Tract 1029, Queens County, New York",Queens,1575,297,760,159,815,304
1400000US36081103201,"Census Tract 1032.01, Queens County, New York",Queens,1930,161,254,152,1676,199
1400000US36081103202,"Census Tract 1032.02, Queens County, New York",Queens,2392,420,760,220,1632,400
1400000US36081103300,"Census Tract 1033, Queens County, New York",Queens,1544,177,1096,155,448,171
1400000US36081103900,"Census Tract 1039, Queens County, New York",Queens,2316,370,1529,328,787,244
1400000US36081104700,"Census Tract 1047, Queens County, New York",Queens,2825,342,1762,295,1063,413
1400000US36081105900,"Census Tract 1059, Queens County, New York",Queens,1326,251,1253,261,73,45
1400000US36081107201,"Census Tract 1072.01, Queens County, New York",Queens,919,130,714,136,205,83
1400000US36081107202,"Census Tract 1072.02, Queens County, New York",Queens,0,14,0,14,0,14
1400000US36081108500,"Census Tract 1085, Queens County, New York",Queens,1062,190,814,183,248,80
1400000US36081109300,"Census Tract 1093, Queens County, New York",Queens,997,129,943,139,54,38
1400000US36081109700,"Census Tract 1097, Queens County, New York",Queens,665,118,418,109,247,88
1400000US36081109900,"Census Tract 1099, Queens County, New York",Queens,1238,203,912,239,326,113
1400000US36081111300,"Census Tract 1113, Queens County, New York",Queens,833,102,525,106,308,101
1400000US36081112300,"Census Tract 1123, Queens County, New York",Queens,813,77,237,62,576,79
1400000US36081112900,"Census Tract 1129, Queens County, New York",Queens,819,94,528,116,291,93
1400000US36081113300,"Census Tract 1133, Queens County, New York",Queens,655,144,524,153,131,64
1400000US36081113900,"Census Tract 1139, Queens County, New York",Queens,1541,210,705,190,836,219
1400000US36081114100,"Census Tract 1141, Queens County, New York",Queens,858,142,695,154,163,57
1400000US36081114700,"Census Tract 1147, Queens County, New York",Queens,617,108,409,103,208,82
1400000US36081115100,"Census Tract 1151, Queens County, New York",Queens,379,47,318,54,61,36
1400000US36081115500,"Census Tract 1155, Queens County, New York",Queens,733,128,334,93,399,110
1400000US36081115700,"Census Tract 1157, Queens County, New York",Queens,1185,169,590,111,595,181
1400000US36081115900,"Census Tract 1159, Queens County, New York",Queens,1635,275,684,241,951,191
1400000US36081116100,"Census Tract 1161, Queens County, New York",Queens,1373,164,594,136,779,168
1400000US36081116301,"Census Tract 1163.01, Queens County, New York",Queens,1699,366,344,133,1355,385
1400000US36081116302,"Census Tract 1163.02, Queens County, New York",Queens,1205,254,342,100,863,262
1400000US36081116700,"Census Tract 1167, Queens County, New York",Queens,644,74,111,49,533,82
1400000US36081117100,"Census Tract 1171, Queens County, New York",Queens,947,129,340,70,607,149
1400000US36081117500,"Census Tract 1175, Queens County, New York",Queens,1727,160,796,228,931,207
1400000US36081118100,"Census Tract 1181, Queens County, New York",Queens,689,85,245,52,444,96
1400000US36081118500,"Census Tract 1185, Queens County, New York",Queens,725,101,209,66,516,113
1400000US36081118700,"Census Tract 1187, Queens County, New York",Queens,904,172,373,98,531,166
1400000US36081118900,"Census Tract 1189, Queens County, New York",Queens,924,354,355,86,569,351
1400000US36081119100,"Census Tract 1191, Queens County, New York",Queens,1071,145,499,130,572,198
1400000US36081119300,"Census Tract 1193, Queens County, New York",Queens,742,124,415,124,327,98
1400000US36081119500,"Census Tract 1195, Queens County, New York",Queens,425,75,261,44,164,84
1400000US36081119900,"Census Tract 1199, Queens County, New York",Queens,514,85,483,84,31,31
1400000US36081120100,"Census Tract 1201, Queens County, New York",Queens,499,64,279,60,220,57
1400000US36081120300,"Census Tract 1203, Queens County, New York",Queens,568,126,307,90,261,130
1400000US36081120500,"Census Tract 1205, Queens County, New York",Queens,955,111,272,113,683,98
1400000US36081120701,"Census Tract 1207.01, Queens County, New York",Queens,872,93,774,93,98,36
1400000US36081120702,"Census Tract 1207.02, Queens County, New York",Queens,0,14,0,14,0,14
1400000US36081121100,"Census Tract 1211, Queens County, New York",Queens,0,14,0,14,0,14
1400000US36081121500,"Census Tract 1215, Queens County, New York",Queens,1373,215,699,113,674,221
1400000US36081122300,"Census Tract 1223, Queens County, New York",Queens,1294,394,1017,401,277,139
1400000US36081122702,"Census Tract 1227.02, Queens County, New York",Queens,2764,330,353,244,2411,272
1400000US36081122703,"Census Tract 1227.03, Queens County, New York",Queens,2663,212,1005,280,1658,272
1400000US36081122704,"Census Tract 1227.04, Queens County, New York",Queens,1929,470,825,307,1104,445
1400000US36081124100,"Census Tract 1241, Queens County, New York",Queens,1390,215,1034,237,356,119
1400000US36081124700,"Census Tract 1247, Queens County, New York",Queens,1320,384,1152,384,168,78
1400000US36081125700,"Census Tract 1257, Queens County, New York",Queens,1033,179,660,198,373,121
1400000US36081126500,"Census Tract 1265, Queens County, New York",Queens,675,118,413,102,262,114
1400000US36081126700,"Census Tract 1267, Queens County, New York",Queens,660,139,435,110,225,133
1400000US36081127700,"Census Tract 1277, Queens County, New York",Queens,1060,126,943,136,117,82
1400000US36081128300,"Census Tract 1283, Queens County, New York",Queens,0,14,0,14,0,14
1400000US36081129102,"Census Tract 1291.02, Queens County, New York",Queens,1208,158,1170,161,38,31
1400000US36081129103,"Census Tract 1291.03, Queens County, New York",Queens,1966,190,1310,208,656,178
1400000US36081129104,"Census Tract 1291.04, Queens County, New York",Queens,1763,112,1408,156,355,120
1400000US36081130100,"Census Tract 1301, Queens County, New York",Queens,1647,181,1412,163,235,137
1400000US36081133300,"Census Tract 1333, Queens County, New York",Queens,1462,326,973,138,489,317
1400000US36081133900,"Census Tract 1339, Queens County, New York",Queens,483,69,480,69,3,5
1400000US36081134100,"Census Tract 1341, Queens County, New York",Queens,1143,319,666,122,477,305
1400000US36081134701,"Census Tract 1347.01, Queens County, New York",Queens,1964,159,125,70,1839,168
1400000US36081134702,"Census Tract 1347.02, Queens County, New York",Queens,1606,93,439,115,1167,152
1400000US36081136700,"Census Tract 1367, Queens County, New York",Queens,2354,277,1607,221,747,272
1400000US36081137700,"Census Tract 1377, Queens County, New York",Queens,2543,278,1531,274,1012,244
1400000US36081138501,"Census Tract 1385.01, Queens County, New York",Queens,1461,257,732,138,729,268
1400000US36081138502,"Census Tract 1385.02, Queens County, New York",Queens,0,14,0,14,0,14
1400000US36081139900,"Census Tract 1399, Queens County, New York",Queens,532,80,485,79,47,30
1400000US36081140300,"Census Tract 1403, Queens County, New York",Queens,790,135,697,134,93,54
1400000US36081140901,"Census Tract 1409.01, Queens County, New York",Queens,322,170,219,56,103,163
1400000US36081140902,"Census Tract 1409.02, Queens County, New York",Queens,866,103,618,77,248,110
1400000US36081141700,"Census Tract 1417, Queens County, New York",Queens,1545,171,1246,194,299,128
1400000US36081142900,"Census Tract 1429, Queens County, New York",Queens,1380,300,1050,293,330,139
1400000US36081143500,"Census Tract 1435, Queens County, New York",Queens,759,129,667,133,92,38
1400000US36081144100,"Census Tract 1441, Queens County, New York",Queens,1177,262,916,280,261,101
1400000US36081144700,"Census Tract 1447, Queens County, New York",Queens,1037,169,619,166,418,122
1400000US36081145101,"Census Tract 1451.01, Queens County, New York",Queens,424,59,271,70,153,58
1400000US36081145102,"Census Tract 1451.02, Queens County, New York",Queens,915,169,694,189,221,81
1400000US36081145900,"Census Tract 1459, Queens County, New York",Queens,960,141,727,151,233,108
1400000US36081146300,"Census Tract 1463, Queens County, New York",Queens,1085,323,511,341,574,128
1400000US36081146700,"Census Tract 1467, Queens County, New York",Queens,1404,186,368,193,1036,116
1400000US36081147100,"Census Tract 1471, Queens County, New York",Queens,1401,162,978,207,423,135
1400000US36081147900,"Census Tract 1479, Queens County, New York",Queens,1788,228,1088,161,700,210
1400000US36081148300,"Census Tract 1483, Queens County, New York",Queens,1077,158,1008,159,69,44
1400000US36081150701,"Census Tract 1507.01, Queens County, New York",Queens,1139,174,785,82,354,167
1400000US36081150702,"Census Tract 1507.02, Queens County, New York",Queens,1289,169,981,162,308,168
1400000US36081152901,"Census Tract 1529.01, Queens County, New York",Queens,2300,232,1683,191,617,245
1400000US36081152902,"Census Tract 1529.02, Queens County, New York",Queens,2495,453,1974,347,521,331
1400000US36081155101,"Census Tract 1551.01, Queens County, New York",Queens,1533,256,1449,246,84,55
1400000US36081155103,"Census Tract 1551.03, Queens County, New York",Queens,2205,233,1234,278,971,279
1400000US36081155104,"Census Tract 1551.04, Queens County, New York",Queens,1203,236,601,131,602,273
1400000US36081156700,"Census Tract 1567, Queens County, New York",Queens,302,92,75,43,227,90
1400000US36081157101,"Census Tract 1571.01, Queens County, New York",Queens,2537,254,1788,232,749,287
1400000US36081157102,"Census Tract 1571.02, Queens County, New York",Queens,612,113,384,128,228,87
1400000US36081157901,"Census Tract 1579.01, Queens County, New York",Queens,1602,275,1423,272,179,89
1400000US36081157902,"Census Tract 1579.02, Queens County, New York",Queens,1274,266,1220,268,54,45
1400000US36081157903,"Census Tract 1579.03, Queens County, New York",Queens,1155,95,868,99,287,108
1400000US36081161700,"Census Tract 1617, Queens County, New York",Queens,1571,153,1259,182,312,118
1400000US36081162100,"Census Tract 1621, Queens County, New York",Queens,2057,171,1173,195,884,215
1400000US36081990100,"Census Tract 9901, Queens County, New York",Queens,0,14,0,14,0,14
1400000US36085000300,"Census Tract 3, Richmond County, New York",Staten Island,948,147,298,80,650,146
1400000US36085000600,"Census Tract 6, Richmond County, New York",Staten Island,1277,239,546,186,731,223
1400000US36085000700,"Census Tract 7, Richmond County, New York",Staten Island,1942,227,374,130,1568,253
1400000US36085000800,"Census Tract 8, Richmond County, New York",Staten Island,1858,282,1388,311,470,200
1400000US36085000900,"Census Tract 9, Richmond County, New York",Staten Island,864,142,279,100,585,167
1400000US36085001100,"Census Tract 11, Richmond County, New York",Staten Island,1270,159,576,135,694,145
1400000US36085001700,"Census Tract 17, Richmond County, New York",Staten Island,595,121,350,80,245,92
1400000US36085001800,"Census Tract 18, Richmond County, New York",Staten Island,146,58,0,14,146,58
1400000US36085002001,"Census Tract 20.01, Richmond County, New York",Staten Island,1519,307,1093,294,426,176
1400000US36085002002,"Census Tract 20.02, Richmond County, New York",Staten Island,1291,212,762,112,529,214
1400000US36085002100,"Census Tract 21, Richmond County, New York",Staten Island,2160,255,431,141,1729,267
1400000US36085002700,"Census Tract 27, Richmond County, New York",Staten Island,395,117,90,58,305,120
1400000US36085002900,"Census Tract 29, Richmond County, New York",Staten Island,1831,269,584,193,1247,275
1400000US36085003300,"Census Tract 33, Richmond County, New York",Staten Island,1429,154,812,146,617,155
1400000US36085003600,"Census Tract 36, Richmond County, New York",Staten Island,870,174,581,109,289,164
1400000US36085003900,"Census Tract 39, Richmond County, New York",Staten Island,1102,117,267,88,835,127
1400000US36085004001,"Census Tract 40.01, Richmond County, New York",Staten Island,1102,429,718,434,384,128
1400000US36085004002,"Census Tract 40.02, Richmond County, New York",Staten Island,776,85,637,97,139,92
1400000US36085004003,"Census Tract 40.03, Richmond County, New York",Staten Island,1409,149,102,98,1307,158
1400000US36085004004,"Census Tract 40.04, Richmond County, New York",Staten Island,1111,333,616,239,495,263
1400000US36085004700,"Census Tract 47, Richmond County, New York",Staten Island,928,140,542,136,386,145
1400000US36085005000,"Census Tract 50, Richmond County, New York",Staten Island,1500,165,1092,175,408,131
1400000US36085005901,"Census Tract 59.01, Richmond County, New York",Staten Island,1137,171,639,146,498,159
1400000US36085005902,"Census Tract 59.02, Richmond County, New York",Staten Island,0,14,0,14,0,14
1400000US36085006400,"Census Tract 64, Richmond County, New York",Staten Island,1221,127,647,124,574,120
1400000US36085006700,"Census Tract 67, Richmond County, New York",Staten Island,1192,150,749,160,443,101
1400000US36085007001,"Census Tract 70.01, Richmond County, New York",Staten Island,1044,308,812,300,232,75
1400000US36085007002,"Census Tract 70.02, Richmond County, New York",Staten Island,1777,317,1281,318,496,197
1400000US36085007400,"Census Tract 74, Richmond County, New York",Staten Island,1791,392,1245,385,546,205
1400000US36085007500,"Census Tract 75, Richmond County, New York",Staten Island,972,228,467,118,505,207
1400000US36085007700,"Census Tract 77, Richmond County, New York",Staten Island,523,85,226,53,297,94
1400000US36085008100,"Census Tract 81, Richmond County, New York",Staten Island,1795,236,994,194,801,230
1400000US36085009601,"Census Tract 96.01, Richmond County, New York",Staten Island,1562,208,844,141,718,220
1400000US36085009602,"Census Tract 96.02, Richmond County, New York",Staten Island,1444,191,757,145,687,177
1400000US36085009701,"Census Tract 97.01, Richmond County, New York",Staten Island,1639,159,870,166,769,176
1400000US36085009702,"Census Tract 97.02, Richmond County, New York",Staten Island,21,19,17,19,4,2
1400000US36085010500,"Census Tract 105, Richmond County, New York",Staten Island,1768,167,911,201,857,188
1400000US36085011201,"Census Tract 112.01, Richmond County, New York",Staten Island,1866,256,1102,253,764,239
1400000US36085011203,"Census Tract 112.03, Richmond County, New York",Staten Island,2244,436,1643,396,601,220
1400000US36085011204,"Census Tract 112.04, Richmond County, New York",Staten Island,27,26,0,14,27,26
1400000US36085011401,"Census Tract 114.01, Richmond County, New York",Staten Island,1408,240,573,183,835,234
1400000US36085011402,"Census Tract 114.02, Richmond County, New York",Staten Island,1201,137,830,156,371,159
1400000US36085012100,"Census Tract 121, Richmond County, New York",Staten Island,1091,262,1068,259,23,27
1400000US36085012200,"Census Tract 122, Richmond County, New York",Staten Island,1383,132,1014,165,369,137
1400000US36085012500,"Census Tract 125, Richmond County, New York",Staten Island,1148,148,859,165,289,101
1400000US36085012804,"Census Tract 128.04, Richmond County, New York",Staten Island,1525,171,1111,126,414,157
1400000US36085012805,"Census Tract 128.05, Richmond County, New York",Staten Island,771,124,604,134,167,91
1400000US36085012806,"Census Tract 128.06, Richmond County, New York",Staten Island,2350,275,846,191,1504,313
1400000US36085013201,"Census Tract 132.01, Richmond County, New York",Staten Island,547,57,527,58,20,17
1400000US36085013203,"Census Tract 132.03, Richmond County, New York",Staten Island,2309,245,1750,250,559,212
1400000US36085013204,"Census Tract 132.04, Richmond County, New York",Staten Island,1789,218,1127,176,662,251
1400000US36085013301,"Census Tract 133.01, Richmond County, New York",Staten Island,499,51,15,17,484,54
1400000US36085013302,"Census Tract 133.02, Richmond County, New York",Staten Island,965,284,386,118,579,263
1400000US36085013400,"Census Tract 134, Richmond County, New York",Staten Island,1372,138,874,160,498,149
1400000US36085013800,"Census Tract 138, Richmond County, New York",Staten Island,2477,294,2216,275,261,158
1400000US36085014100,"Census Tract 141, Richmond County, New York",Staten Island,1054,223,543,130,511,200
1400000US36085014604,"Census Tract 146.04, Richmond County, New York",Staten Island,2382,343,1845,332,537,195
1400000US36085014605,"Census Tract 146.05, Richmond County, New York",Staten Island,1336,217,1106,205,230,142
1400000US36085014606,"Census Tract 146.06, Richmond County, New York",Staten Island,2254,238,1933,308,321,184
1400000US36085014607,"Census Tract 146.07, Richmond County, New York",Staten Island,1676,173,1520,155,156,100
1400000US36085014608,"Census Tract 146.08, Richmond County, New York",Staten Island,1266,187,1161,190,105,91
1400000US36085014700,"Census Tract 147, Richmond County, New York",Staten Island,1544,249,1142,208,402,208
1400000US36085015100,"Census Tract 151, Richmond County, New York",Staten Island,1772,288,1372,269,400,141
1400000US36085015400,"Census Tract 154, Richmond County, New York",Staten Island,0,14,0,14,0,14
1400000US36085015601,"Census Tract 156.01, Richmond County, New York",Staten Island,2296,278,1617,185,679,306
1400000US36085015602,"Census Tract 156.02, Richmond County, New York",Staten Island,1266,151,1136,161,130,60
1400000US36085015603,"Census Tract 156.03, Richmond County, New York",Staten Island,1801,232,1520,236,281,102
1400000US36085016901,"Census Tract 169.01, Richmond County, New York",Staten Island,1047,112,694,119,353,107
1400000US36085017005,"Census Tract 170.05, Richmond County, New York",Staten Island,1828,211,1372,213,456,164
1400000US36085017007,"Census Tract 170.07, Richmond County, New York",Staten Island,1883,204,1681,190,202,93
1400000US36085017009,"Census Tract 170.09, Richmond County, New York",Staten Island,1593,223,1259,198,334,171
1400000US36085017011,"Census Tract 170.11, Richmond County, New York",Staten Island,1617,227,1384,213,233,103
1400000US36085017012,"Census Tract 170.12, Richmond County, New York",Staten Island,1679,164,1371,185,308,98
1400000US36085017013,"Census Tract 170.13, Richmond County, New York",Staten Island,1398,289,1163,99,235,275
1400000US36085017014,"Census Tract 170.14, Richmond County, New York",Staten Island,1610,233,1270,149,340,231
1400000US36085017015,"Census Tract 170.15, Richmond County, New York",Staten Island,1100,210,908,211,192,109
1400000US36085017016,"Census Tract 170.16, Richmond County, New York",Staten Island,1546,186,1247,225,299,143
1400000US36085017300,"Census Tract 173, Richmond County, New York",Staten Island,992,141,354,72,638,144
1400000US36085017600,"Census Tract 176, Richmond County, New York",Staten Island,1554,155,1450,164,104,63
1400000US36085017701,"Census Tract 177.01, Richmond County, New York",Staten Island,1454,206,1313,205,141,97
1400000US36085017702,"Census Tract 177.02, Richmond County, New York",Staten Island,911,269,714,269,197,73
1400000US36085018100,"Census Tract 181, Richmond County, New York",Staten Island,1412,322,867,227,545,247
1400000US36085018701,"Census Tract 187.01, Richmond County, New York",Staten Island,693,99,504,109,189,63
1400000US36085018703,"Census Tract 187.03, Richmond County, New York",Staten Island,1118,337,815,285,303,180
1400000US36085018704,"Census Tract 187.04, Richmond County, New York",Staten Island,1171,227,999,220,172,119
1400000US36085018901,"Census Tract 189.01, Richmond County, New York",Staten Island,1697,146,1323,237,374,181
1400000US36085018902,"Census Tract 189.02, Richmond County, New York",Staten Island,1602,236,1403,220,199,100
1400000US36085019700,"Census Tract 197, Richmond County, New York",Staten Island,703,84,624,82,79,42
1400000US36085019800,"Census Tract 198, Richmond County, New York",Staten Island,2506,390,1681,203,825,395
1400000US36085020100,"Census Tract 201, Richmond County, New York",Staten Island,1278,209,864,178,414,181
1400000US36085020701,"Census Tract 207.01, Richmond County, New York",Staten Island,1031,271,397,193,634,243
1400000US36085020702,"Census Tract 207.02, Richmond County, New York",Staten Island,945,213,486,157,459,223
1400000US36085020803,"Census Tract 208.03, Richmond County, New York",Staten Island,2505,290,1918,337,587,283
1400000US36085020804,"Census Tract 208.04, Richmond County, New York",Staten Island,1903,226,1542,167,361,194
1400000US36085020805,"Census Tract 208.05, Richmond County, New York",Staten Island,2365,332,2052,356,313,150
1400000US36085020806,"Census Tract 208.06, Richmond County, New York",Staten Island,874,143,752,153,122,73
1400000US36085021300,"Census Tract 213, Richmond County, New York",Staten Island,1558,161,955,160,603,184
1400000US36085022300,"Census Tract 223, Richmond County, New York",Staten Island,1065,239,877,234,188,82
1400000US36085022601,"Census Tract 226.01, Richmond County, New York",Staten Island,2558,318,1818,354,740,205
1400000US36085022602,"Census Tract 226.02, Richmond County, New York",Staten Island,717,414,341,88,376,406
1400000US36085022801,"Census Tract 228.01, Richmond County, New York",Staten Island,10,7,4,6,6,8
1400000US36085022802,"Census Tract 228.02, Richmond County, New York",Staten Island,0,14,0,14,0,14
1400000US36085023100,"Census Tract 231, Richmond County, New York",Staten Island,1529,218,1019,150,510,219
1400000US36085023900,"Census Tract 239, Richmond County, New York",Staten Island,1044,144,757,151,287,133
1400000US36085024401,"Census Tract 244.01, Richmond County, New York",Staten Island,1863,218,1653,236,210,129
1400000US36085024402,"Census Tract 244.02, Richmond County, New York",Staten Island,1784,180,1550,221,234,124
1400000US36085024700,"Census Tract 247, Richmond County, New York",Staten Island,878,102,586,112,292,91
1400000US36085024800,"Census Tract 248, Richmond County, New York",Staten Island,1774,187,1396,186,378,151
1400000US36085025100,"Census Tract 251, Richmond County, New York",Staten Island,2070,237,1513,264,557,191
1400000US36085027301,"Census Tract 273.01, Richmond County, New York",Staten Island,1533,174,1256,167,277,104
1400000US36085027302,"Census Tract 273.02, Richmond County, New York",Staten Island,1240,212,926,218,314,143
1400000US36085027702,"Census Tract 277.02, Richmond County, New York",Staten Island,2862,267,2005,290,857,202
1400000US36085027704,"Census Tract 277.04, Richmond County, New York",Staten Island,1535,217,1180,149,355,197
1400000US36085027705,"Census Tract 277.05, Richmond County, New York",Staten Island,1953,255,1546,260,407,166
1400000US36085027706,"Census Tract 277.06, Richmond County, New York",Staten Island,1128,240,804,238,324,97
1400000US36085027900,"Census Tract 279, Richmond County, New York",Staten Island,643,95,527,108,116,52
1400000US36085029102,"Census Tract 291.02, Richmond County, New York",Staten Island,1083,210,884,212,199,119
1400000US36085029104,"Census Tract 291.04, Richmond County, New York",Staten Island,2293,314,1579,275,714,311
1400000US36085029105,"Census Tract 291.05, Richmond County, New York",Staten Island,1585,241,1070,266,515,171
1400000US36085029106,"Census Tract 291.06, Richmond County, New York",Staten Island,1002,90,662,123,340,103
1400000US36085030301,"Census Tract 303.01, Richmond County, New York",Staten Island,1914,228,1191,235,723,251
1400000US36085030302,"Census Tract 303.02, Richmond County, New York",Staten Island,2091,209,1715,233,376,162
1400000US36085031901,"Census Tract 319.01, Richmond County, New York",Staten Island,1214,197,244,94,970,219
1400000US36085031902,"Census Tract 319.02, Richmond County, New York",Staten Island,1571,185,872,172,699,184
1400000US36085032300,"Census Tract 323, Richmond County, New York",Staten Island,437,99,314,106,123,62
1400000US36085990100,"Census Tract 9901, Richmond County, New York",Staten Island,0,14,0,14,0,14
